symbol,quote_date,expiration,strike,option_type,bid,ask,mid,implied_volatility,delta,gamma,theta,vega,dte,underlying_price,volume,open_interest,iv_rank
NVDA,2026-09-03,2026-09-11,50.0,C,174.85,182.4,178.625,402.7349,0.997798,5.1e-05,-0.063961,0.00234,8,228.45,4,2,10.81
NVDA,2026-09-03,2026-09-11,60.0,C,164.8,172.55,168.675,366.797,0.996882,7.6e-05,-0.079507,0.003204,8,228.45,1,1,10.81
NVDA,2026-09-03,2026-09-11,70.0,C,154.0,161.15,157.575,499.5121,0.9756,0.000339,-0.611053,0.019368,8,228.45,0,0,10.81
NVDA,2026-09-03,2026-09-11,85.0,C,139.8,147.55,143.675,275.3909,0.995741,0.000135,-0.081538,0.004238,8,228.45,10,28,10.81
NVDA,2026-09-03,2026-09-11,90.0,C,134.6,142.45,138.525,228.1254,0.998302,7.1e-05,-0.035516,0.001848,8,228.45,14,14,10.81
NVDA,2026-09-03,2026-09-11,100.0,C,124.7,131.85,128.275,382.4219,0.959397,0.000674,-0.714135,0.029501,8,228.45,2,2,10.81
NVDA,2026-09-03,2026-09-11,105.0,C,120.55,127.55,124.05,254.5902,0.987873,0.000366,-0.180059,0.010661,8,228.45,1,14,10.81
NVDA,2026-09-03,2026-09-11,110.0,C,114.65,122.35,118.5,174.2189,0.99849,8.3e-05,-0.029305,0.001661,8,228.45,2,4,10.81
NVDA,2026-09-03,2026-09-11,115.0,C,109.6,117.6,113.6,186.3282,0.99572,0.0002,-0.06124,0.004257,8,228.45,0,1,10.81
NVDA,2026-09-03,2026-09-11,120.0,C,104.65,112.45,108.55,167.1877,0.996816,0.000171,-0.046318,0.003265,8,228.45,1,41,10.81
NVDA,2026-09-03,2026-09-11,125.0,C,99.85,107.45,103.65,171.8751,0.993794,0.000301,-0.076286,0.005925,8,228.45,3,3,10.81
NVDA,2026-09-03,2026-09-11,135.0,C,89.9,97.45,93.675,154.2971,0.992254,0.000408,-0.083121,0.007206,8,228.45,1,2,10.81
NVDA,2026-09-03,2026-09-11,140.0,C,84.75,92.45,88.6,136.9144,0.994152,0.000359,-0.062288,0.005621,8,228.45,1,16,10.81
NVDA,2026-09-03,2026-09-11,145.0,C,79.75,87.5,83.625,130.6644,0.992875,0.000448,-0.069337,0.006694,8,228.45,5,6,10.81
NVDA,2026-09-03,2026-09-11,150.0,C,74.65,82.6,78.625,122.0707,0.992297,0.000514,-0.069875,0.007171,8,228.45,1,33,10.81
NVDA,2026-09-03,2026-09-11,155.0,C,69.95,77.5,73.725,121.2895,0.987918,0.000766,-0.096118,0.010626,8,228.45,77,10,10.81
NVDA,2026-09-03,2026-09-11,160.0,C,64.95,72.5,68.725,112.5004,0.98701,0.000879,-0.095611,0.011314,8,228.45,100,348,10.81
NVDA,2026-09-03,2026-09-11,165.0,C,61.5,66.2,63.85,110.645,0.980925,0.001243,-0.125199,0.01573,8,228.45,2,53,10.81
NVDA,2026-09-03,2026-09-11,170.0,C,55.0,62.5,58.75,97.0703,0.983575,0.001247,-0.100996,0.013845,8,228.45,3,183,10.81
NVDA,2026-09-03,2026-09-11,175.0,C,51.45,56.35,53.9,95.4102,0.975198,0.001799,-0.134395,0.019636,8,228.45,36,75,10.81
NVDA,2026-09-03,2026-09-11,180.0,C,47.9,48.95,48.425,88.6232,0.970525,0.002237,-0.143313,0.022678,8,228.45,32,614,10.81
NVDA,2026-09-03,2026-09-11,185.0,C,41.9,45.5,43.7,70.6058,0.98116,0.001927,-0.08717,0.015565,8,228.45,11,195,10.81
NVDA,2026-09-03,2026-09-11,187.5,C,38.8,44.8,41.8,85.1076,0.949215,0.003628,-0.205805,0.035318,8,228.45,2,1,10.81
NVDA,2026-09-03,2026-09-11,190.0,C,37.8,40.6,39.2,78.2717,0.95108,0.003829,-0.185943,0.034279,8,228.45,48,474,10.81
NVDA,2026-09-03,2026-09-11,192.5,C,32.55,40.1,36.325,63.7699,0.969223,0.003222,-0.112644,0.023505,8,228.45,1,20,10.81
NVDA,2026-09-03,2026-09-11,195.0,C,32.9,35.65,34.275,70.9964,0.941395,0.00487,-0.194033,0.039552,8,228.45,32,944,10.81
NVDA,2026-09-03,2026-09-11,197.5,C,27.6,31.75,29.675,66.016,0.939043,0.005402,-0.187034,0.040791,8,228.45,5,105,10.81
NVDA,2026-09-03,2026-09-11,200.0,C,28.1,29.15,28.625,59.6195,0.94065,0.005858,-0.167883,0.039947,8,228.45,751,1763,10.81
NVDA,2026-09-03,2026-09-11,202.5,C,24.05,28.75,26.4,84.3019,0.849686,0.008189,-0.43304,0.078967,8,228.45,17,655,10.81
NVDA,2026-09-03,2026-09-11,205.0,C,22.65,25.0,23.825,63.892,0.885121,0.008976,-0.280122,0.065599,8,228.45,159,1161,10.81
NVDA,2026-09-03,2026-09-11,207.5,C,21.15,21.5,21.325,43.775,0.936897,0.008369,-0.13438,0.041907,8,228.45,260,455,10.81
NVDA,2026-09-03,2026-09-11,210.0,C,18.8,19.0,18.9,39.5514,0.930753,0.009954,-0.13116,0.045035,8,228.45,2518,6983,10.81
NVDA,2026-09-03,2026-09-11,212.5,C,16.45,16.65,16.55,37.7203,0.909655,0.012765,-0.149435,0.055079,8,228.45,245,1450,10.81
NVDA,2026-09-03,2026-09-11,215.0,C,14.1,14.3,14.2,35.279,0.885627,0.016204,-0.163452,0.065393,8,228.45,697,5192,10.81
NVDA,2026-09-03,2026-09-11,217.5,C,11.9,12.1,12.0,33.985,0.845588,0.020679,-0.189309,0.08039,8,228.45,732,1840,10.81
NVDA,2026-09-03,2026-09-11,220.0,C,9.8,10.0,9.9,32.6789,0.79394,0.025786,-0.214435,0.096389,8,228.45,7229,11757,10.81
NVDA,2026-09-03,2026-09-11,222.5,C,7.85,8.05,7.95,31.5559,0.727675,0.031114,-0.237716,0.112308,8,228.45,1532,2587,10.81
NVDA,2026-09-03,2026-09-11,225.0,C,6.0,6.3,6.15,30.6892,0.646423,0.035817,-0.255665,0.125734,8,228.45,9140,14793,10.81
NVDA,2026-09-03,2026-09-11,227.5,C,4.65,4.8,4.725,30.1643,0.553298,0.038755,-0.264575,0.133721,8,228.45,12118,19313,10.81
NVDA,2026-09-03,2026-09-11,230.0,C,3.4,3.5,3.45,29.4563,0.454438,0.039783,-0.257077,0.134046,8,228.45,30220,27723,10.81
NVDA,2026-09-03,2026-09-11,232.5,C,2.4,2.53,2.465,29.4441,0.358478,0.037513,-0.240657,0.126346,8,228.45,24771,12371,10.81
NVDA,2026-09-03,2026-09-11,235.0,C,1.7,1.74,1.72,29.1633,0.269556,0.033495,-0.209809,0.111736,8,228.45,24780,22916,10.81
NVDA,2026-09-03,2026-09-11,237.5,C,1.16,1.19,1.175,29.2976,0.196243,0.027932,-0.175892,0.093609,8,228.45,10808,12783,10.81
NVDA,2026-09-03,2026-09-11,240.0,C,0.74,0.8,0.77,29.5173,0.138287,0.022109,-0.140883,0.07465,8,228.45,28736,20813,10.81
NVDA,2026-09-03,2026-09-11,242.5,C,0.5,0.54,0.52,29.9812,0.096117,0.016812,-0.110244,0.057658,8,228.45,10151,5306,10.81
NVDA,2026-09-03,2026-09-11,245.0,C,0.32,0.35,0.335,30.2253,0.063965,0.01225,-0.081475,0.042352,8,228.45,4257,6559,10.81
NVDA,2026-09-03,2026-09-11,247.5,C,0.22,0.25,0.235,31.2019,0.045225,0.009018,-0.063807,0.032187,8,228.45,7590,316,10.81
NVDA,2026-09-03,2026-09-11,250.0,C,0.15,0.17,0.16,31.8366,0.030633,0.006429,-0.047293,0.023414,8,228.45,17798,8268,10.81
NVDA,2026-09-03,2026-09-11,252.5,C,0.11,0.13,0.12,33.1061,0.022697,0.004813,-0.038231,0.018225,8,228.45,867,279,10.81
NVDA,2026-09-03,2026-09-11,255.0,C,0.08,0.1,0.09,34.3757,0.017052,0.003636,-0.031108,0.014297,8,228.45,2182,4406,10.81
NVDA,2026-09-03,2026-09-11,257.5,C,0.06,0.08,0.07,35.7428,0.013204,0.002807,-0.025938,0.011475,8,228.45,524,123,10.81
NVDA,2026-09-03,2026-09-11,260.0,C,0.04,0.06,0.05,36.7194,0.009708,0.002091,-0.020382,0.008784,8,228.45,455,5493,10.81
NVDA,2026-09-03,2026-09-11,265.0,C,0.03,0.04,0.035,39.2584,0.006031,0.001286,-0.014312,0.005776,8,228.45,505,4473,10.81
NVDA,2026-09-03,2026-09-11,270.0,C,0.02,0.03,0.025,42.1881,0.004255,0.000878,-0.011264,0.004235,8,228.45,118,6159,10.81
NVDA,2026-09-03,2026-09-11,275.0,C,0.01,0.02,0.015,44.1412,0.002614,0.000541,-0.007599,0.002733,8,228.45,592,1505,10.81
NVDA,2026-09-03,2026-09-11,280.0,C,0.01,0.02,0.015,48.0474,0.002451,0.000469,-0.007799,0.002578,8,228.45,1113,1149,10.81
NVDA,2026-09-03,2026-09-11,285.0,C,0.0,0.02,0.01,51.563,0.002197,0.000396,-0.007576,0.002335,8,228.45,175,468,10.81
NVDA,2026-09-03,2026-09-11,290.0,C,0.0,0.01,0.005,51.563,0.001048,0.000202,-0.003856,0.001189,8,228.45,262,199,10.81
NVDA,2026-09-03,2026-09-11,295.0,C,0.0,0.02,0.01,54.688,0.000945,0.000173,-0.003716,0.001081,8,228.45,13,670,10.81
NVDA,2026-09-03,2026-09-11,300.0,C,0.0,0.01,0.005,54.688,0.000459,8.9e-05,-0.001908,0.000555,8,228.45,1021,3950,10.81
NVDA,2026-09-03,2026-09-11,305.0,C,0.0,0.01,0.005,57.8129,0.000443,8.1e-05,-0.001954,0.000538,8,228.45,2,962,10.81
NVDA,2026-09-03,2026-09-11,310.0,C,0.0,0.01,0.005,60.9379,0.000435,7.6e-05,-0.002023,0.000529,8,228.45,1,403,10.81
NVDA,2026-09-03,2026-09-11,315.0,C,0.0,0.02,0.01,67.1878,0.000758,0.000115,-0.003723,0.000882,8,228.45,20,111,10.81
NVDA,2026-09-03,2026-09-11,320.0,C,0.0,0.02,0.01,70.3128,0.000743,0.000108,-0.003824,0.000866,8,228.45,1022,1037,10.81
NVDA,2026-09-03,2026-09-11,325.0,C,0.0,0.01,0.005,68.7503,0.000332,5.2e-05,-0.001772,0.000411,8,228.45,1,39,10.81
NVDA,2026-09-03,2026-09-11,330.0,C,0.0,0.02,0.01,76.5627,0.000735,9.8e-05,-0.00412,0.000857,8,228.45,19,36,10.81
NVDA,2026-09-03,2026-09-11,335.0,C,0.0,0.01,0.005,75.0003,0.000356,5.1e-05,-0.002065,0.000439,8,228.45,1,128,10.81
NVDA,2026-09-03,2026-09-11,340.0,C,0.0,0.01,0.005,78.1252,0.000372,5.1e-05,-0.002239,0.000457,8,228.45,49,92,10.81
NVDA,2026-09-03,2026-09-11,345.0,C,0.0,0.01,0.005,81.2502,0.00039,5.1e-05,-0.002431,0.000477,8,228.45,1,3,10.81
NVDA,2026-09-03,2026-09-11,350.0,C,0.0,0.01,0.005,82.8127,0.000323,4.2e-05,-0.00208,0.0004,8,228.45,3,222,10.81
NVDA,2026-09-03,2026-09-11,360.0,C,0.0,0.01,0.005,87.5001,0.000291,3.6e-05,-0.001997,0.000364,8,228.45,3,26,10.81
NVDA,2026-09-03,2026-09-11,370.0,C,0.0,0.01,0.005,93.7501,0.000338,3.9e-05,-0.002459,0.000418,8,228.45,2,47,10.81
NVDA,2026-09-03,2026-09-11,380.0,C,0.0,0.01,0.005,96.875,0.00026,3e-05,-0.001986,0.000327,8,228.45,1,22,10.81
NVDA,2026-09-03,2026-09-11,390.0,C,0.0,0.01,0.005,101.563,0.000254,2.8e-05,-0.00204,0.000321,8,228.45,1,144,10.81
NVDA,2026-09-03,2026-09-11,50.0,P,0.0,0.01,0.005,287.5003,-7.7e-05,3e-06,-0.001882,0.000105,8,228.45,1,2,10.81
NVDA,2026-09-03,2026-09-11,55.0,P,0.0,0.01,0.005,268.7503,-7.8e-05,3e-06,-0.001787,0.000107,8,228.45,0,8,10.81
NVDA,2026-09-03,2026-09-11,70.0,P,0.0,0.01,0.005,225.0004,-0.0001,5e-06,-0.001874,0.000133,8,228.45,2,2,10.81
NVDA,2026-09-03,2026-09-11,75.0,P,0.0,0.01,0.005,212.5005,-0.000108,6e-06,-0.001903,0.000143,8,228.45,3,13,10.81
NVDA,2026-09-03,2026-09-11,80.0,P,0.0,0.01,0.005,200.0005,-0.00011,6e-06,-0.001829,0.000147,8,228.45,30,33,10.81
NVDA,2026-09-03,2026-09-11,85.0,P,0.0,0.01,0.005,187.5001,-0.000106,7e-06,-0.00166,0.000142,8,228.45,21,25,10.81
NVDA,2026-09-03,2026-09-11,90.0,P,0.0,0.01,0.005,181.2501,-0.000154,1e-05,-0.002268,0.000201,8,228.45,75,20,10.81
NVDA,2026-09-03,2026-09-11,95.0,P,0.0,0.01,0.005,168.7502,-0.000136,9e-06,-0.001883,0.000179,8,228.45,137,23,10.81
NVDA,2026-09-03,2026-09-11,100.0,P,0.0,0.01,0.005,159.3752,-0.000146,1e-05,-0.001895,0.000191,8,228.45,1558,134,10.81
NVDA,2026-09-03,2026-09-11,105.0,P,0.0,0.01,0.005,150.0002,-0.00015,1.1e-05,-0.001833,0.000196,8,228.45,418,3275,10.81
NVDA,2026-09-03,2026-09-11,110.0,P,0.01,0.02,0.015,156.2502,-0.000522,3.5e-05,-0.006092,0.000625,8,228.45,8700,1313,10.81
NVDA,2026-09-03,2026-09-11,115.0,P,0.01,0.02,0.015,146.8753,-0.000539,3.8e-05,-0.005906,0.000645,8,228.45,6274,2334,10.81
NVDA,2026-09-03,2026-09-11,120.0,P,0.01,0.03,0.02,141.4065,-0.000726,5.2e-05,-0.007482,0.000849,8,228.45,365,1196,10.81
NVDA,2026-09-03,2026-09-11,125.0,P,0.01,0.03,0.02,132.8128,-0.000764,5.9e-05,-0.007363,0.000889,8,228.45,579,1770,10.81
NVDA,2026-09-03,2026-09-11,130.0,P,0.01,0.04,0.025,127.3441,-0.001004,7.8e-05,-0.009072,0.001143,8,228.45,239,7158,10.81
NVDA,2026-09-03,2026-09-11,135.0,P,0.02,0.04,0.03,121.8754,-0.001305,0.000104,-0.01104,0.001454,8,228.45,21,2442,10.81
NVDA,2026-09-03,2026-09-11,140.0,P,0.02,0.04,0.03,114.0629,-0.001399,0.000119,-0.011007,0.001549,8,228.45,1275,2449,10.81
NVDA,2026-09-03,2026-09-11,145.0,P,0.03,0.05,0.04,109.3755,-0.001906,0.000164,-0.013982,0.002052,8,228.45,6,556,10.81
NVDA,2026-09-03,2026-09-11,150.0,P,0.03,0.04,0.035,100.7817,-0.001868,0.000175,-0.01265,0.002016,8,228.45,359,3297,10.81
NVDA,2026-09-03,2026-09-11,155.0,P,0.04,0.06,0.05,97.2657,-0.002791,0.000261,-0.017555,0.002899,8,228.45,127,952,10.81
NVDA,2026-09-03,2026-09-11,160.0,P,0.04,0.06,0.05,89.8439,-0.002978,0.000299,-0.017187,0.003074,8,228.45,1083,795,10.81
NVDA,2026-09-03,2026-09-11,165.0,P,0.05,0.06,0.055,83.5939,-0.003492,0.000371,-0.018449,0.003547,8,228.45,1831,638,10.81
NVDA,2026-09-03,2026-09-11,170.0,P,0.06,0.08,0.07,78.9065,-0.004727,0.000515,-0.022828,0.004652,8,228.45,10042,1960,10.81
NVDA,2026-09-03,2026-09-11,175.0,P,0.07,0.09,0.08,73.2425,-0.005871,0.000673,-0.025679,0.005641,8,228.45,3119,2581,10.81
NVDA,2026-09-03,2026-09-11,180.0,P,0.08,0.1,0.09,67.3831,-0.007193,0.000876,-0.028257,0.006751,8,228.45,1380,4055,10.81
NVDA,2026-09-03,2026-09-11,185.0,P,0.1,0.11,0.105,61.8168,-0.009141,0.001179,-0.031976,0.008333,8,228.45,4695,4127,10.81
NVDA,2026-09-03,2026-09-11,187.5,P,0.1,0.12,0.11,58.7895,-0.010101,0.001352,-0.03317,0.009094,8,228.45,846,958,10.81
NVDA,2026-09-03,2026-09-11,190.0,P,0.11,0.13,0.12,56.0551,-0.01154,0.001593,-0.035497,0.010212,8,228.45,3348,4321,10.81
NVDA,2026-09-03,2026-09-11,192.5,P,0.12,0.14,0.13,53.2231,-0.013115,0.001874,-0.037633,0.011408,8,228.45,565,767,10.81
NVDA,2026-09-03,2026-09-11,195.0,P,0.13,0.15,0.14,50.2935,-0.014833,0.002205,-0.039519,0.012686,8,228.45,3103,5229,10.81
NVDA,2026-09-03,2026-09-11,197.5,P,0.14,0.17,0.155,48.3404,-0.018698,0.002797,-0.046275,0.015465,8,228.45,54,1838,10.81
NVDA,2026-09-03,2026-09-11,200.0,P,0.17,0.18,0.175,45.2154,-0.021048,0.003306,-0.047818,0.0171,8,228.45,3124,8466,10.81
NVDA,2026-09-03,2026-09-11,202.5,P,0.19,0.21,0.2,42.8228,-0.025794,0.004143,-0.053691,0.020292,8,228.45,615,2078,10.81
NVDA,2026-09-03,2026-09-11,205.0,P,0.22,0.25,0.235,40.5279,-0.032245,0.005269,-0.061104,0.024428,8,228.45,3203,8284,10.81
NVDA,2026-09-03,2026-09-11,207.5,P,0.27,0.29,0.28,37.8912,-0.039433,0.006647,-0.06728,0.028809,8,228.45,5413,2382,10.81
NVDA,2026-09-03,2026-09-11,210.0,P,0.35,0.37,0.36,35.987,-0.052336,0.008787,-0.080105,0.036172,8,228.45,9861,8987,10.81
NVDA,2026-09-03,2026-09-11,212.5,P,0.47,0.49,0.48,34.278,-0.071091,0.01172,-0.096749,0.045954,8,228.45,2085,3286,10.81
NVDA,2026-09-03,2026-09-11,215.0,P,0.65,0.68,0.665,32.9597,-0.099442,0.015679,-0.11939,0.059114,8,228.45,15026,10268,10.81
NVDA,2026-09-03,2026-09-11,217.5,P,0.94,0.96,0.95,31.8366,-0.139386,0.020609,-0.145998,0.075054,8,228.45,9504,6919,10.81
NVDA,2026-09-03,2026-09-11,220.0,P,1.33,1.38,1.355,31.0798,-0.194911,0.026222,-0.176402,0.093222,8,228.45,7443,6360,10.81
NVDA,2026-09-03,2026-09-11,222.5,P,1.92,1.99,1.955,30.6648,-0.26695,0.0317,-0.206678,0.111192,8,228.45,3381,1683,10.81
NVDA,2026-09-03,2026-09-11,225.0,P,2.7,2.75,2.725,29.9568,-0.350575,0.03658,-0.226232,0.125348,8,228.45,10596,5339,10.81
NVDA,2026-09-03,2026-09-11,227.5,P,3.7,3.8,3.75,29.8225,-0.446296,0.039194,-0.238407,0.133703,8,228.45,3901,4458,10.81
NVDA,2026-09-03,2026-09-11,230.0,P,4.95,5.05,5.0,29.4685,-0.545536,0.039767,-0.233634,0.134047,8,228.45,5490,1089,10.81
NVDA,2026-09-03,2026-09-11,232.5,P,6.45,6.6,6.525,29.6028,-0.640708,0.037341,-0.218307,0.126445,8,228.45,770,113,10.81
NVDA,2026-09-03,2026-09-11,235.0,P,8.15,8.35,8.25,29.6638,-0.726765,0.033153,-0.190729,0.112494,8,228.45,570,416,10.81
NVDA,2026-09-03,2026-09-11,237.5,P,10.1,10.3,10.2,29.8835,-0.798842,0.027796,-0.157741,0.095016,8,228.45,557,45,10.81
NVDA,2026-09-03,2026-09-11,240.0,P,12.2,12.45,12.325,30.7136,-0.851742,0.022271,-0.129017,0.078244,8,228.45,220,281,10.81
NVDA,2026-09-03,2026-09-11,242.5,P,14.45,14.65,14.55,30.8845,-0.896983,0.017169,-0.094613,0.060655,8,228.45,6,18,10.81
NVDA,2026-09-03,2026-09-11,245.0,P,16.8,17.0,16.9,32.1296,-0.923549,0.013218,-0.074222,0.04858,8,228.45,188,305,10.81
NVDA,2026-09-03,2026-09-11,247.5,P,19.2,19.4,19.3,33.5456,-0.941954,0.01023,-0.058294,0.039256,8,228.45,198,49,10.81
NVDA,2026-09-03,2026-09-11,250.0,P,21.6,21.95,21.775,37.8424,-0.941368,0.009141,-0.069326,0.039567,8,228.45,30,148,10.81
NVDA,2026-09-03,2026-09-11,252.5,P,24.1,24.3,24.2,37.2565,-0.961825,0.006584,-0.040356,0.028058,8,228.45,8,36,10.81
NVDA,2026-09-03,2026-09-11,255.0,P,24.65,28.6,26.625,68.262,-0.848329,0.010174,-0.31619,0.079441,8,228.45,1,60,10.81
NVDA,2026-09-03,2026-09-11,257.5,P,27.0,31.25,29.125,73.8528,-0.849114,0.009371,-0.342398,0.079167,8,228.45,0,0,10.81
NVDA,2026-09-03,2026-09-11,260.0,P,29.65,33.55,31.6,75.3176,-0.863692,0.00858,-0.324361,0.073919,8,228.45,52,27,10.81
NVDA,2026-09-03,2026-09-11,265.0,P,34.6,38.55,36.575,82.5685,-0.874161,0.007406,-0.336614,0.069948,8,228.45,2,2,10.81
NVDA,2026-09-03,2026-09-11,270.0,P,39.6,43.55,41.575,89.5265,-0.882647,0.006503,-0.347581,0.066598,8,228.45,1,20,10.81
NVDA,2026-09-03,2026-09-11,275.0,P,44.6,48.5,46.55,95.4834,-0.891668,0.005759,-0.349597,0.062902,8,228.45,2,2,10.81
NVDA,2026-09-03,2026-09-11,280.0,P,50.8,52.35,51.575,82.1779,-0.945739,0.00396,-0.163722,0.037223,8,228.45,1,0,10.81
NVDA,2026-09-03,2026-09-11,285.0,P,55.75,57.3,56.525,86.4747,-0.951259,0.003455,-0.156631,0.034179,8,228.45,2,0,10.81
NVDA,2026-09-03,2026-09-11,290.0,P,60.75,62.3,61.525,91.6993,-0.953847,0.003119,-0.158839,0.032717,8,228.45,6,0,10.81
NVDA,2026-09-03,2026-09-11,295.0,P,65.75,67.35,66.55,97.9981,-0.953905,0.002916,-0.170998,0.032684,8,228.45,0,0,10.81
NVDA,2026-09-03,2026-09-11,315.0,P,84.65,88.6,86.625,82.8127,-0.99465,0.000548,0.005246,0.005194,8,228.45,0,0,10.81
NVDA,2026-09-03,2026-09-11,320.0,P,89.55,93.5,91.525,146.2649,-0.925666,0.002842,-0.403513,0.047551,8,228.45,1,1,10.81
NVDA,2026-09-03,2026-09-11,390.0,P,160.7,162.35,161.525,175.0978,-0.973221,0.001045,-0.189767,0.020937,8,228.45,3,0,10.81
NVDA,2026-09-03,2026-09-18,15.0,C,209.3,217.75,213.525,496.8754,0.999333,1e-05,-0.019294,0.001074,15,228.45,1,53,10.81
NVDA,2026-09-03,2026-09-18,20.0,C,204.3,212.75,208.525,442.1879,0.99923,1.3e-05,-0.020101,0.001227,15,228.45,10,54,10.81
NVDA,2026-09-03,2026-09-18,25.0,C,201.65,205.25,203.45,50.0005,1.0,0.0,-0.002558,0.0,15,228.45,3,883,10.81
NVDA,2026-09-03,2026-09-18,30.0,C,194.3,202.75,198.525,366.4063,0.999054,1.9e-05,-0.021146,0.001482,15,228.45,1,59,10.81
NVDA,2026-09-03,2026-09-18,35.0,C,189.3,197.75,193.525,338.2814,0.998967,2.2e-05,-0.021659,0.001606,15,228.45,30,381,10.81
NVDA,2026-09-03,2026-09-18,40.0,C,184.3,192.75,188.525,314.0627,0.998884,2.6e-05,-0.022111,0.001724,15,228.45,1,266,10.81
NVDA,2026-09-03,2026-09-18,50.0,C,174.55,182.4,178.475,246.8754,0.999497,1.6e-05,-0.011908,0.000827,15,228.45,1,172,10.81
NVDA,2026-09-03,2026-09-18,55.0,C,153.55,161.8,157.675,0.001,1.0,0.0,-0.005627,0.0,15,228.45,40,80,10.81
NVDA,2026-09-03,2026-09-18,60.0,C,165.4,172.75,169.075,318.3596,0.991728,0.000153,-0.116836,0.010454,15,228.45,3,284,10.81
NVDA,2026-09-03,2026-09-18,65.0,C,159.75,166.95,163.35,421.8755,0.971225,0.000336,-0.433716,0.030439,15,228.45,1,269,10.81
NVDA,2026-09-03,2026-09-18,70.0,C,154.85,159.7,157.275,319.3361,0.984348,0.000266,-0.20032,0.018191,15,228.45,40,255,10.81
NVDA,2026-09-03,2026-09-18,75.0,C,149.55,157.55,153.55,209.3755,0.997745,7.3e-05,-0.030466,0.003275,15,228.45,45,78,10.81
NVDA,2026-09-03,2026-09-18,80.0,C,145.1,152.4,148.75,226.9536,0.994032,0.000161,-0.067308,0.007837,15,228.45,2,217,10.81
NVDA,2026-09-03,2026-09-18,85.0,C,139.9,147.4,143.65,203.3208,0.995453,0.000141,-0.050276,0.006153,15,228.45,2,452,10.81
NVDA,2026-09-03,2026-09-18,90.0,C,137.05,140.2,138.625,189.0626,0.995681,0.000145,-0.046126,0.005876,15,228.45,5,955,10.81
NVDA,2026-09-03,2026-09-18,95.0,C,129.9,137.45,133.675,184.7657,0.994361,0.000188,-0.055467,0.007452,15,228.45,15,726,10.81
NVDA,2026-09-03,2026-09-18,100.0,C,127.05,130.2,128.625,168.9455,0.995172,0.000179,-0.046657,0.006491,15,228.45,27,2311,10.81
NVDA,2026-09-03,2026-09-18,105.0,C,122.05,125.2,123.625,159.7658,0.994868,0.0002,-0.047106,0.006853,15,228.45,2,1296,10.81
NVDA,2026-09-03,2026-09-18,110.0,C,117.05,120.25,118.65,153.5159,0.993945,0.000241,-0.051718,0.007938,15,228.45,6,1510,10.81
NVDA,2026-09-03,2026-09-18,115.0,C,112.45,115.2,113.825,158.3986,0.989358,0.000384,-0.080292,0.013032,15,228.45,7,2542,10.81
NVDA,2026-09-03,2026-09-18,120.0,C,107.1,110.25,108.675,138.8675,0.992518,0.000321,-0.056388,0.009571,15,228.45,26,2803,10.81
NVDA,2026-09-03,2026-09-18,125.0,C,102.1,105.3,103.7,132.8128,0.991343,0.000382,-0.060731,0.01088,15,228.45,1,5149,10.81
NVDA,2026-09-03,2026-09-18,130.0,C,96.95,99.5,98.225,158.8381,0.972359,0.000864,-0.16842,0.029437,15,228.45,20,3856,10.81
NVDA,2026-09-03,2026-09-18,135.0,C,92.25,94.35,93.3,145.2151,0.973771,0.000905,-0.149511,0.028177,15,228.45,14,2588,10.81
NVDA,2026-09-03,2026-09-18,140.0,C,87.05,89.75,88.4,147.1194,0.963764,0.001167,-0.193915,0.036817,15,228.45,94,13593,10.81
NVDA,2026-09-03,2026-09-18,145.0,C,82.15,85.3,83.725,104.5903,0.988004,0.000645,-0.064947,0.014461,15,228.45,2,3228,10.81
NVDA,2026-09-03,2026-09-18,150.0,C,77.35,80.35,78.85,103.6138,0.982791,0.000888,-0.083053,0.01973,15,228.45,32,21980,10.81
NVDA,2026-09-03,2026-09-18,155.0,C,72.15,73.95,73.05,100.3423,0.978109,0.001125,-0.096265,0.024206,15,228.45,3,5710,10.81
NVDA,2026-09-03,2026-09-18,160.0,C,67.95,70.5,69.225,101.2212,0.967533,0.00155,-0.129047,0.03364,15,228.45,21,6450,10.81
NVDA,2026-09-03,2026-09-18,165.0,C,62.2,64.0,63.1,87.8419,0.972875,0.001538,-0.10105,0.028978,15,228.45,21,7923,10.81
NVDA,2026-09-03,2026-09-18,170.0,C,58.25,59.1,58.675,69.5316,0.985294,0.001156,-0.056993,0.017242,15,228.45,30,8466,10.81
NVDA,2026-09-03,2026-09-18,175.0,C,53.1,54.1,53.6,59.766,0.988491,0.001088,-0.045415,0.01395,15,228.45,437,8541,10.81
NVDA,2026-09-03,2026-09-18,180.0,C,47.9,49.0,48.45,67.7249,0.965314,0.002445,-0.097747,0.035521,15,228.45,427,14657,10.81
NVDA,2026-09-03,2026-09-18,185.0,C,43.45,44.0,43.725,53.8091,0.97739,0.002155,-0.062991,0.024875,15,228.45,79,10474,10.81
NVDA,2026-09-03,2026-09-18,187.5,C,37.65,45.2,41.425,56.3481,0.96406,0.003026,-0.086992,0.036571,15,228.45,11,74,10.81
NVDA,2026-09-03,2026-09-18,190.0,C,38.55,39.05,38.8,50.147,0.969865,0.002941,-0.071574,0.031629,15,228.45,419,27286,10.81
NVDA,2026-09-03,2026-09-18,192.5,C,32.3,40.45,36.375,95.1172,0.839488,0.005535,-0.373533,0.112917,15,228.45,2,60,10.81
NVDA,2026-09-03,2026-09-18,195.0,C,33.6,34.1,33.85,50.3423,0.947103,0.004626,-0.102479,0.049952,15,228.45,104,80440,10.81
NVDA,2026-09-03,2026-09-18,197.5,C,28.05,35.25,31.65,84.2775,0.828057,0.006531,-0.347409,0.118049,15,228.45,7,109,10.81
NVDA,2026-09-03,2026-09-18,200.0,C,28.65,29.2,28.925,45.4595,0.933961,0.006097,-0.108932,0.059447,15,228.45,1136,39107,10.81
NVDA,2026-09-03,2026-09-18,202.5,C,26.55,26.8,26.675,43.5308,0.923342,0.00714,-0.115571,0.066658,15,228.45,14,326,10.81
NVDA,2026-09-03,2026-09-18,205.0,C,24.15,24.4,24.275,41.4068,0.911583,0.008357,-0.12126,0.074219,15,228.45,336,19405,10.81
NVDA,2026-09-03,2026-09-18,207.5,C,21.8,22.05,21.925,39.6246,0.895573,0.00987,-0.129476,0.083878,15,228.45,23,438,10.81
NVDA,2026-09-03,2026-09-18,210.0,C,19.55,19.8,19.675,38.5016,0.872362,0.011714,-0.142521,0.096732,15,228.45,4504,63883,10.81
NVDA,2026-09-03,2026-09-18,212.5,C,17.35,17.6,17.475,37.3419,0.844765,0.013793,-0.155458,0.110466,15,228.45,51,1729,10.81
NVDA,2026-09-03,2026-09-18,215.0,C,15.2,15.45,15.325,36.0724,0.81256,0.016109,-0.16728,0.124628,15,228.45,2009,30790,10.81
NVDA,2026-09-03,2026-09-18,217.5,C,13.2,13.4,13.3,34.9738,0.773349,0.018593,-0.179314,0.13947,15,228.45,420,2314,10.81
NVDA,2026-09-03,2026-09-18,220.0,C,11.3,11.5,11.4,34.2292,0.725749,0.021021,-0.19188,0.154321,15,228.45,7847,46840,10.81
NVDA,2026-09-03,2026-09-18,222.5,C,9.55,9.8,9.675,33.9301,0.670179,0.023042,-0.204328,0.167681,15,228.45,432,3085,10.81
NVDA,2026-09-03,2026-09-18,225.0,C,8.0,8.15,8.075,33.1428,0.611394,0.024972,-0.209578,0.177507,15,228.45,9116,48005,10.81
NVDA,2026-09-03,2026-09-18,227.5,C,6.5,6.7,6.6,32.6301,0.547484,0.026213,-0.21166,0.183447,15,228.45,4778,12641,10.81
NVDA,2026-09-03,2026-09-18,230.0,C,5.3,5.4,5.35,32.093,0.480945,0.026811,-0.208129,0.184546,15,228.45,22709,59498,10.81
NVDA,2026-09-03,2026-09-18,232.5,C,4.2,4.3,4.25,31.7573,0.414144,0.026495,-0.200291,0.180462,15,228.45,3934,6881,10.81
NVDA,2026-09-03,2026-09-18,235.0,C,3.3,3.4,3.35,31.6535,0.350306,0.025275,-0.188908,0.171592,15,228.45,14460,37728,10.81
NVDA,2026-09-03,2026-09-18,237.5,C,2.5,2.63,2.565,31.4582,0.290058,0.023498,-0.172775,0.158542,15,228.45,3096,5387,10.81
NVDA,2026-09-03,2026-09-18,240.0,C,1.91,1.99,1.95,31.2141,0.23468,0.021242,-0.153261,0.142209,15,228.45,22166,71529,10.81
NVDA,2026-09-03,2026-09-18,245.0,C,1.1,1.14,1.12,31.3483,0.148102,0.015924,-0.115233,0.107065,15,228.45,9811,37464,10.81
NVDA,2026-09-03,2026-09-18,250.0,C,0.62,0.64,0.63,31.739,0.08932,0.010986,-0.081148,0.074783,15,228.45,15819,88339,10.81
NVDA,2026-09-03,2026-09-18,255.0,C,0.35,0.37,0.36,32.5446,0.053677,0.00724,-0.056044,0.050535,15,228.45,6903,18305,10.81
NVDA,2026-09-03,2026-09-18,260.0,C,0.21,0.23,0.22,33.8386,0.03369,0.004779,-0.039886,0.034681,15,228.45,2897,29685,10.81
NVDA,2026-09-03,2026-09-18,265.0,C,0.14,0.16,0.15,35.6452,0.022942,0.003294,-0.030443,0.025182,15,228.45,863,51195,10.81
NVDA,2026-09-03,2026-09-18,270.0,C,0.09,0.11,0.1,37.2077,0.01549,0.002259,-0.022714,0.018029,15,228.45,684,27039,10.81
NVDA,2026-09-03,2026-09-18,275.0,C,0.07,0.08,0.075,38.8678,0.010873,0.001593,-0.01745,0.013277,15,228.45,450,11546,10.81
NVDA,2026-09-03,2026-09-18,280.0,C,0.05,0.07,0.06,41.4068,0.009046,0.001273,-0.015812,0.011307,15,228.45,1291,26574,10.81
NVDA,2026-09-03,2026-09-18,285.0,C,0.04,0.06,0.05,43.7506,0.007507,0.001023,-0.014169,0.009599,15,228.45,37,3494,10.81
NVDA,2026-09-03,2026-09-18,290.0,C,0.04,0.05,0.045,45.7037,0.006003,0.000804,-0.012139,0.007878,15,228.45,27,7121,10.81
NVDA,2026-09-03,2026-09-18,295.0,C,0.02,0.04,0.03,47.2662,0.004604,0.000614,-0.009908,0.006222,15,228.45,47,2799,10.81
NVDA,2026-09-03,2026-09-18,300.0,C,0.02,0.03,0.025,48.438,0.003364,0.000452,-0.007661,0.004697,15,228.45,1235,36370,10.81
NVDA,2026-09-03,2026-09-18,310.0,C,0.01,0.03,0.02,51.563,0.002163,0.000285,-0.005468,0.003153,15,228.45,1074,6069,10.81
NVDA,2026-09-03,2026-09-18,320.0,C,0.01,0.02,0.015,54.688,0.001487,0.000191,-0.00412,0.002241,15,228.45,968,6989,10.81
NVDA,2026-09-03,2026-09-18,330.0,C,0.01,0.02,0.015,59.3754,0.001429,0.00017,-0.004313,0.002163,15,228.45,1191,4662,10.81
NVDA,2026-09-03,2026-09-18,340.0,C,0.0,0.02,0.01,61.7191,0.000957,0.000113,-0.003104,0.001498,15,228.45,4506,7102,10.81
NVDA,2026-09-03,2026-09-18,350.0,C,0.0,0.01,0.005,62.5004,0.000498,6.1e-05,-0.00172,0.00082,15,228.45,1055,26156,10.81
NVDA,2026-09-03,2026-09-18,360.0,C,0.0,0.01,0.005,65.6253,0.000418,5e-05,-0.001535,0.000698,15,228.45,1029,5655,10.81
NVDA,2026-09-03,2026-09-18,370.0,C,0.0,0.01,0.005,68.7503,0.000364,4.2e-05,-0.001412,0.000613,15,228.45,778,2881,10.81
NVDA,2026-09-03,2026-09-18,380.0,C,0.0,0.01,0.005,71.8753,0.000326,3.6e-05,-0.001334,0.000554,15,228.45,2284,3674,10.81
NVDA,2026-09-03,2026-09-18,390.0,C,0.0,0.01,0.005,76.5627,0.000392,4e-05,-0.001685,0.000657,15,228.45,2,7836,10.81
NVDA,2026-09-03,2026-09-18,400.0,C,0.0,0.01,0.005,79.6877,0.000366,3.6e-05,-0.001646,0.000617,15,228.45,22,18979,10.81
NVDA,2026-09-03,2026-09-18,410.0,C,0.0,0.01,0.005,82.8127,0.000349,3.3e-05,-0.001634,0.000589,15,228.45,1,5972,10.81
NVDA,2026-09-03,2026-09-18,420.0,C,0.0,0.01,0.005,85.9376,0.000338,3.1e-05,-0.001646,0.000572,15,228.45,2,7926,10.81
NVDA,2026-09-03,2026-09-18,430.0,C,0.0,0.01,0.005,87.5001,0.000262,2.4e-05,-0.001323,0.000451,15,228.45,478,1656,10.81
NVDA,2026-09-03,2026-09-18,440.0,C,0.0,0.01,0.005,90.6251,0.000263,2.3e-05,-0.001373,0.000453,15,228.45,10,846,10.81
NVDA,2026-09-03,2026-09-18,450.0,C,0.0,0.01,0.005,93.7501,0.000266,2.3e-05,-0.001438,0.000458,15,228.45,210,2941,10.81
NVDA,2026-09-03,2026-09-18,455.0,C,0.0,0.01,0.005,96.875,0.000334,2.7e-05,-0.001836,0.000566,15,228.45,1,3506,10.81
NVDA,2026-09-03,2026-09-18,460.0,C,0.0,0.01,0.005,96.875,0.000272,2.3e-05,-0.001517,0.000468,15,228.45,1,32685,10.81
NVDA,2026-09-03,2026-09-18,10.0,P,0.0,0.02,0.01,475.0004,-9.5e-05,2e-06,-0.00276,0.000175,15,228.45,1,970,10.81
NVDA,2026-09-03,2026-09-18,15.0,P,0.0,0.01,0.005,387.5,-5.6e-05,1e-06,-0.001378,0.000107,15,228.45,3,486,10.81
NVDA,2026-09-03,2026-09-18,25.0,P,0.0,0.01,0.005,312.5002,-6.9e-05,2e-06,-0.001346,0.000129,15,228.45,2,3427,10.81
NVDA,2026-09-03,2026-09-18,30.0,P,0.0,0.01,0.005,287.5003,-7.9e-05,2e-06,-0.00141,0.000147,15,228.45,1,690,10.81
NVDA,2026-09-03,2026-09-18,35.0,P,0.0,0.01,0.005,268.7503,-0.0001,3e-06,-0.001642,0.000184,15,228.45,14,6016,10.81
NVDA,2026-09-03,2026-09-18,40.0,P,0.0,0.01,0.005,250.0004,-0.00011,4e-06,-0.00167,0.000201,15,228.45,10,4693,10.81
NVDA,2026-09-03,2026-09-18,45.0,P,0.0,0.01,0.005,231.2504,-0.000106,4e-06,-0.001495,0.000194,15,228.45,1,1634,10.81
NVDA,2026-09-03,2026-09-18,50.0,P,0.0,0.01,0.005,218.7505,-0.00013,5e-06,-0.001713,0.000235,15,228.45,12,7773,10.81
NVDA,2026-09-03,2026-09-18,55.0,P,0.0,0.02,0.01,212.5005,-0.000212,8e-06,-0.002621,0.000371,15,228.45,39,947,10.81
NVDA,2026-09-03,2026-09-18,60.0,P,0.0,0.02,0.01,200.0005,-0.000229,9e-06,-0.00265,0.000398,15,228.45,16,2425,10.81
NVDA,2026-09-03,2026-09-18,65.0,P,0.0,0.02,0.01,190.625,-0.00028,1.2e-05,-0.00305,0.000481,15,228.45,2,1420,10.81
NVDA,2026-09-03,2026-09-18,70.0,P,0.0,0.02,0.01,178.1251,-0.00027,1.2e-05,-0.002747,0.000464,15,228.45,1,2388,10.81
NVDA,2026-09-03,2026-09-18,75.0,P,0.0,0.02,0.01,168.7502,-0.0003,1.4e-05,-0.002875,0.000513,15,228.45,1,1387,10.81
NVDA,2026-09-03,2026-09-18,80.0,P,0.01,0.02,0.015,164.0627,-0.000441,2.1e-05,-0.003994,0.000732,15,228.45,371,4741,10.81
NVDA,2026-09-03,2026-09-18,85.0,P,0.01,0.02,0.015,156.2502,-0.000511,2.5e-05,-0.00436,0.00084,15,228.45,290,5082,10.81
NVDA,2026-09-03,2026-09-18,90.0,P,0.01,0.02,0.015,146.8753,-0.000514,2.7e-05,-0.004123,0.000845,15,228.45,50,11032,10.81
NVDA,2026-09-03,2026-09-18,95.0,P,0.01,0.02,0.015,139.0628,-0.000559,3.1e-05,-0.004217,0.000913,15,228.45,20,16333,10.81
NVDA,2026-09-03,2026-09-18,100.0,P,0.01,0.03,0.02,134.3753,-0.00075,4.2e-05,-0.005343,0.001197,15,228.45,102,25855,10.81
NVDA,2026-09-03,2026-09-18,105.0,P,0.01,0.04,0.025,129.6879,-0.000987,5.5e-05,-0.006636,0.001541,15,228.45,153,9026,10.81
NVDA,2026-09-03,2026-09-18,110.0,P,0.02,0.03,0.025,121.8754,-0.001008,6e-05,-0.006357,0.001571,15,228.45,894,22600,10.81
NVDA,2026-09-03,2026-09-18,115.0,P,0.02,0.03,0.025,114.8442,-0.001066,6.7e-05,-0.006303,0.001653,15,228.45,54,9843,10.81
NVDA,2026-09-03,2026-09-18,120.0,P,0.02,0.04,0.03,110.1567,-0.001343,8.6e-05,-0.007466,0.002042,15,228.45,401,39527,10.81
NVDA,2026-09-03,2026-09-18,125.0,P,0.03,0.04,0.035,105.4692,-0.001671,0.00011,-0.008725,0.002494,15,228.45,1027,49632,10.81
NVDA,2026-09-03,2026-09-18,130.0,P,0.03,0.05,0.04,100.3911,-0.001991,0.000136,-0.009737,0.002925,15,228.45,22,34760,10.81
NVDA,2026-09-03,2026-09-18,135.0,P,0.04,0.05,0.045,95.3125,-0.002349,0.000166,-0.010734,0.003397,15,228.45,224,18661,10.81
NVDA,2026-09-03,2026-09-18,140.0,P,0.05,0.07,0.06,91.797,-0.003141,0.000224,-0.013436,0.004416,15,228.45,16,49702,10.81
NVDA,2026-09-03,2026-09-18,145.0,P,0.05,0.07,0.06,85.9376,-0.003412,0.000258,-0.013545,0.004758,15,228.45,4,27103,10.81
NVDA,2026-09-03,2026-09-18,150.0,P,0.07,0.08,0.075,82.0314,-0.004369,0.000337,-0.016127,0.005937,15,228.45,844,36238,10.81
NVDA,2026-09-03,2026-09-18,155.0,P,0.08,0.09,0.085,77.5393,-0.005293,0.000424,-0.018078,0.007045,15,228.45,4,22294,10.81
NVDA,2026-09-03,2026-09-18,160.0,P,0.09,0.11,0.1,73.2425,-0.00651,0.000539,-0.020505,0.008464,15,228.45,711,43515,10.81
NVDA,2026-09-03,2026-09-18,165.0,P,0.1,0.13,0.115,68.7503,-0.007862,0.000678,-0.022716,0.009997,15,228.45,372,31248,10.81
NVDA,2026-09-03,2026-09-18,170.0,P,0.13,0.14,0.135,64.5511,-0.009759,0.000873,-0.02576,0.012083,15,228.45,339,43865,10.81
NVDA,2026-09-03,2026-09-18,175.0,P,0.15,0.17,0.16,60.4496,-0.012263,0.001137,-0.029399,0.014739,15,228.45,647,35330,10.81
NVDA,2026-09-03,2026-09-18,180.0,P,0.18,0.19,0.185,56.0551,-0.015082,0.001466,-0.032557,0.017621,15,228.45,579,71648,10.81
NVDA,2026-09-03,2026-09-18,185.0,P,0.21,0.23,0.22,51.856,-0.01904,0.001934,-0.03671,0.021506,15,228.45,745,40162,10.81
NVDA,2026-09-03,2026-09-18,187.5,P,0.23,0.25,0.24,50.0982,-0.022165,0.002276,-0.040308,0.02446,15,228.45,170,422,10.81
NVDA,2026-09-03,2026-09-18,190.0,P,0.26,0.27,0.265,47.8521,-0.024756,0.002616,-0.042219,0.026845,15,228.45,1574,29021,10.81
NVDA,2026-09-03,2026-09-18,192.5,P,0.29,0.31,0.3,46.1431,-0.029137,0.003108,-0.046601,0.030757,15,228.45,181,1567,10.81
NVDA,2026-09-03,2026-09-18,195.0,P,0.33,0.35,0.34,44.2388,-0.033826,0.003667,-0.050491,0.034796,15,228.45,737,30564,10.81
NVDA,2026-09-03,2026-09-18,197.5,P,0.38,0.4,0.39,42.4322,-0.039777,0.004365,-0.055227,0.039728,15,228.45,156,3355,10.81
NVDA,2026-09-03,2026-09-18,200.0,P,0.44,0.46,0.45,40.6256,-0.04699,0.005216,-0.060409,0.04545,15,228.45,6629,47636,10.81
NVDA,2026-09-03,2026-09-18,202.5,P,0.53,0.55,0.54,39.1119,-0.057079,0.006324,-0.067777,0.053048,15,228.45,342,1412,10.81
NVDA,2026-09-03,2026-09-18,205.0,P,0.65,0.67,0.66,37.7692,-0.070387,0.007709,-0.076912,0.062446,15,228.45,1637,20107,10.81
NVDA,2026-09-03,2026-09-18,207.5,P,0.81,0.84,0.825,36.6706,-0.088231,0.009422,-0.088441,0.074103,15,228.45,895,2905,10.81
NVDA,2026-09-03,2026-09-18,210.0,P,1.01,1.05,1.03,35.5475,-0.110113,0.01143,-0.100591,0.087146,15,228.45,5865,47883,10.81
NVDA,2026-09-03,2026-09-18,212.5,P,1.29,1.35,1.32,34.7663,-0.139191,0.01377,-0.115607,0.102674,15,228.45,871,7745,10.81
NVDA,2026-09-03,2026-09-18,215.0,P,1.66,1.72,1.69,33.9484,-0.174008,0.016337,-0.130376,0.11895,15,228.45,5585,19802,10.81
NVDA,2026-09-03,2026-09-18,217.5,P,2.14,2.19,2.165,33.216,-0.215949,0.019043,-0.144952,0.135664,15,228.45,678,2904,10.81
NVDA,2026-09-03,2026-09-18,220.0,P,2.74,2.83,2.785,32.8742,-0.266993,0.021596,-0.160343,0.152268,15,228.45,5574,20981,10.81
NVDA,2026-09-03,2026-09-18,222.5,P,3.45,3.6,3.525,32.508,-0.323933,0.023874,-0.172452,0.166457,15,228.45,2242,1420,10.81
NVDA,2026-09-03,2026-09-18,225.0,P,4.35,4.5,4.425,32.0563,-0.385792,0.025764,-0.179817,0.177133,15,228.45,3188,11124,10.81
NVDA,2026-09-03,2026-09-18,227.5,P,5.4,5.55,5.475,31.5864,-0.451807,0.027073,-0.181997,0.183407,15,228.45,8901,1082,10.81
NVDA,2026-09-03,2026-09-18,230.0,P,6.65,6.8,6.725,31.3117,-0.520169,0.027476,-0.179755,0.184521,15,228.45,7887,7113,10.81
NVDA,2026-09-03,2026-09-18,232.5,P,8.05,8.25,8.15,31.2263,-0.587715,0.026917,-0.17308,0.180273,15,228.45,172,268,10.81
NVDA,2026-09-03,2026-09-18,235.0,P,9.65,9.8,9.725,30.8112,-0.654219,0.025842,-0.159116,0.170774,15,228.45,978,2649,10.81
NVDA,2026-09-03,2026-09-18,237.5,P,11.35,11.6,11.475,30.9699,-0.71326,0.023739,-0.144941,0.157684,15,228.45,274,77,10.81
NVDA,2026-09-03,2026-09-18,240.0,P,13.25,13.5,13.375,30.9455,-0.767411,0.02132,-0.126663,0.141505,15,228.45,188,2401,10.81
NVDA,2026-09-03,2026-09-18,245.0,P,17.4,17.65,17.525,31.0065,-0.854703,0.015894,-0.087475,0.1057,15,228.45,33,756,10.81
NVDA,2026-09-03,2026-09-18,250.0,P,21.95,22.2,22.075,31.8854,-0.90963,0.011031,-0.056653,0.075435,15,228.45,61,3450,10.81
NVDA,2026-09-03,2026-09-18,255.0,P,26.7,26.95,26.825,33.1061,-0.943148,0.007448,-0.033562,0.052881,15,228.45,5,346,10.81
NVDA,2026-09-03,2026-09-18,260.0,P,31.6,31.85,31.725,35.5475,-0.958878,0.005353,-0.022697,0.040815,15,228.45,4,1087,10.81
NVDA,2026-09-03,2026-09-18,265.0,P,34.4,38.75,36.575,63.7821,-0.857978,0.007609,-0.1973,0.104086,15,228.45,1,75,10.81
NVDA,2026-09-03,2026-09-18,270.0,P,39.4,43.65,41.525,68.1156,-0.870759,0.006679,-0.196747,0.097573,15,228.45,1,19,10.81
NVDA,2026-09-03,2026-09-18,275.0,P,44.4,48.65,46.525,73.1448,-0.878232,0.005966,-0.202733,0.093601,15,228.45,20,1,10.81
NVDA,2026-09-03,2026-09-18,280.0,P,50.8,53.65,52.225,59.5219,-0.94665,0.003939,-0.072321,0.050291,15,228.45,1,400,10.81
NVDA,2026-09-03,2026-09-18,285.0,P,54.35,58.6,56.475,82.1291,-0.891759,0.004887,-0.20884,0.086079,15,228.45,1,0,10.81
NVDA,2026-09-03,2026-09-18,290.0,P,59.4,63.6,61.5,86.6212,-0.896528,0.004485,-0.213143,0.083321,15,228.45,1,3,10.81
NVDA,2026-09-03,2026-09-18,295.0,P,84.4,86.65,85.525,206.5801,-0.654471,0.003853,-1.151703,0.170728,15,228.45,77,77,10.81
NVDA,2026-09-03,2026-09-18,300.0,P,67.85,73.65,70.75,95.8008,-0.902845,0.003873,-0.225508,0.079577,15,228.45,1,0,10.81
NVDA,2026-09-03,2026-09-18,310.0,P,79.25,83.6,81.425,103.3208,-0.91074,0.003373,-0.227613,0.074746,15,228.45,4,0,10.81
NVDA,2026-09-03,2026-09-18,330.0,P,99.4,103.6,101.5,118.311,-0.920298,0.002706,-0.238676,0.068656,15,228.45,1,0,10.81
NVDA,2026-09-03,2026-09-18,350.0,P,167.85,171.85,169.85,421.8572,-0.527688,0.002037,-2.562324,0.184312,15,228.45,8,0,10.81
NVDA,2026-09-03,2026-09-18,360.0,P,149.85,151.7,150.775,272.0584,-0.707487,0.002728,-1.411604,0.159166,15,228.45,25,0,10.81
NVDA,2026-09-03,2026-09-18,370.0,P,139.4,143.6,141.5,144.4095,-0.932605,0.00195,-0.254237,0.06039,15,228.45,10,0,10.81
NVDA,2026-09-03,2026-09-18,420.0,P,230.75,234.35,232.55,439.6977,-0.593187,0.001905,-2.5963,0.179693,15,228.45,0,0,10.81
NVDA,2026-09-03,2026-09-18,460.0,P,229.35,233.7,231.525,192.5293,-0.944552,0.001256,-0.286796,0.051849,15,228.45,1,0,10.81
NVDA,2026-09-03,2026-09-25,60.0,C,164.0,173.05,168.525,201.563,0.99843,4.5e-05,-0.019159,0.002853,22,228.45,0,6,10.81
NVDA,2026-09-03,2026-09-25,75.0,C,149.0,158.05,153.525,169.1408,0.998106,6.4e-05,-0.020625,0.003384,22,228.45,1,8,10.81
NVDA,2026-09-03,2026-09-25,80.0,C,144.0,153.05,148.525,159.7658,0.997993,7.1e-05,-0.021081,0.003568,22,228.45,0,5,10.81
NVDA,2026-09-03,2026-09-25,85.0,C,139.0,148.05,143.525,151.1721,0.997852,8e-05,-0.021671,0.003795,22,228.45,0,5,10.81
NVDA,2026-09-03,2026-09-25,90.0,C,134.0,143.1,138.55,147.2659,0.99714,0.000106,-0.025575,0.004915,22,228.45,0,6,10.81
NVDA,2026-09-03,2026-09-25,95.0,C,129.0,138.05,133.525,134.766,0.99763,9.8e-05,-0.022352,0.004147,22,228.45,1,1,10.81
NVDA,2026-09-03,2026-09-25,100.0,C,124.0,133.1,128.55,131.641,0.996783,0.000132,-0.026489,0.005464,22,228.45,1,4,10.81
NVDA,2026-09-03,2026-09-25,105.0,C,119.0,128.15,123.575,127.7347,0.995889,0.000169,-0.030396,0.006809,22,228.45,1,6,10.81
NVDA,2026-09-03,2026-09-25,110.0,C,114.0,123.15,118.575,120.7035,0.995629,0.000189,-0.030864,0.007193,22,228.45,5,10,10.81
NVDA,2026-09-03,2026-09-25,120.0,C,104.0,113.15,108.575,107.4223,0.995083,0.000236,-0.031648,0.007989,22,228.45,2,14,10.81
NVDA,2026-09-03,2026-09-25,125.0,C,99.95,107.9,103.925,122.0707,0.984975,0.000554,-0.071397,0.02127,22,228.45,6,17,10.81
NVDA,2026-09-03,2026-09-25,130.0,C,94.0,103.15,98.575,95.1172,0.994468,0.000297,-0.032331,0.008873,22,228.45,0,1,10.81
NVDA,2026-09-03,2026-09-25,135.0,C,89.0,94.65,91.825,128.223,0.966792,0.001029,-0.133867,0.041504,22,228.45,0,1,10.81
NVDA,2026-09-03,2026-09-25,140.0,C,84.0,93.25,88.625,87.4025,0.991798,0.000457,-0.039067,0.012566,22,228.45,15,23,10.81
NVDA,2026-09-03,2026-09-25,145.0,C,79.0,86.4,82.7,140.3567,0.93294,0.00165,-0.24538,0.072854,22,228.45,0,1,10.81
NVDA,2026-09-03,2026-09-25,150.0,C,74.5,83.3,78.9,88.1349,0.980435,0.000961,-0.068228,0.026654,22,228.45,1,4,10.81
NVDA,2026-09-03,2026-09-25,155.0,C,69.0,78.3,73.65,72.3636,0.98884,0.000723,-0.042619,0.016448,22,228.45,1,3,10.81
NVDA,2026-09-03,2026-09-25,160.0,C,64.3,73.35,68.825,74.0237,0.980442,0.001144,-0.060694,0.026645,22,228.45,1,28,10.81
NVDA,2026-09-03,2026-09-25,165.0,C,59.65,68.35,64.0,73.2913,0.971983,0.001564,-0.076221,0.036054,22,228.45,1,38,10.81
NVDA,2026-09-03,2026-09-25,170.0,C,54.5,63.25,58.875,64.4535,0.975056,0.001614,-0.064686,0.032718,22,228.45,5,43,10.81
NVDA,2026-09-03,2026-09-25,175.0,C,49.1,58.5,53.8,57.0317,0.976686,0.001723,-0.057383,0.030912,22,228.45,1,115,10.81
NVDA,2026-09-03,2026-09-25,180.0,C,45.7,52.55,49.125,58.8627,0.95883,0.002672,-0.083567,0.049476,22,228.45,158,392,10.81
NVDA,2026-09-03,2026-09-25,185.0,C,40.65,45.55,43.1,70.8011,0.9055,0.00424,-0.168453,0.094428,22,228.45,112,125,10.81
NVDA,2026-09-03,2026-09-25,190.0,C,38.7,39.8,39.25,56.5434,0.921207,0.004634,-0.123384,0.082428,22,228.45,152,247,10.81
NVDA,2026-09-03,2026-09-25,195.0,C,33.95,34.7,34.325,49.3902,0.916953,0.00552,-0.114151,0.085765,22,228.45,121,360,10.81
NVDA,2026-09-03,2026-09-25,200.0,C,29.35,29.85,29.6,44.8248,0.900441,0.006958,-0.117941,0.098113,22,228.45,109,547,10.81
NVDA,2026-09-03,2026-09-25,205.0,C,24.7,25.2,24.95,41.5777,0.871637,0.008992,-0.128928,0.11761,22,228.45,58,1083,10.81
NVDA,2026-09-03,2026-09-25,210.0,C,20.05,21.1,20.575,41.1749,0.817501,0.011461,-0.155866,0.148447,22,228.45,186,2239,10.81
NVDA,2026-09-03,2026-09-25,215.0,C,16.05,16.65,16.35,37.11,0.76923,0.014616,-0.160184,0.170623,22,228.45,444,2441,10.81
NVDA,2026-09-03,2026-09-25,220.0,C,12.55,12.9,12.725,35.517,0.692057,0.017659,-0.174117,0.197293,22,228.45,555,4811,10.81
NVDA,2026-09-03,2026-09-25,225.0,C,9.3,9.6,9.45,34.1559,0.598813,0.020183,-0.181358,0.216852,22,228.45,3557,10633,10.81
NVDA,2026-09-03,2026-09-25,230.0,C,6.65,6.75,6.7,32.6789,0.493589,0.021764,-0.177014,0.223723,22,228.45,4049,11690,10.81
NVDA,2026-09-03,2026-09-25,235.0,C,4.45,4.7,4.575,32.4409,0.387132,0.021043,-0.166901,0.214736,22,228.45,2603,5552,10.81
NVDA,2026-09-03,2026-09-25,240.0,C,3.0,3.1,3.05,31.9953,0.287767,0.019006,-0.145517,0.191288,22,228.45,3032,6569,10.81
NVDA,2026-09-03,2026-09-25,245.0,C,1.87,1.98,1.925,31.8,0.20385,0.015877,-0.119356,0.158823,22,228.45,2845,11071,10.81
NVDA,2026-09-03,2026-09-25,250.0,C,1.19,1.25,1.22,31.9221,0.139567,0.012406,-0.093519,0.124572,22,228.45,3355,8614,10.81
NVDA,2026-09-03,2026-09-25,255.0,C,0.73,0.79,0.76,32.3005,0.093688,0.009235,-0.070994,0.093829,22,228.45,781,2383,10.81
NVDA,2026-09-03,2026-09-25,260.0,C,0.47,0.51,0.49,32.9597,0.062961,0.006691,-0.05339,0.069373,22,228.45,612,16967,10.81
NVDA,2026-09-03,2026-09-25,265.0,C,0.3,0.34,0.32,33.8386,0.042918,0.004807,-0.040324,0.051169,22,228.45,556,1791,10.81
NVDA,2026-09-03,2026-09-25,270.0,C,0.2,0.23,0.215,34.7663,0.029466,0.003438,-0.030375,0.037598,22,228.45,301,18613,10.81
NVDA,2026-09-03,2026-09-25,275.0,C,0.15,0.17,0.16,36.0846,0.021504,0.002544,-0.024168,0.028875,22,228.45,168,4324,10.81
NVDA,2026-09-03,2026-09-25,280.0,C,0.11,0.13,0.12,37.5006,0.016196,0.001923,-0.019702,0.022686,22,228.45,288,3696,10.81
NVDA,2026-09-03,2026-09-25,285.0,C,0.08,0.11,0.095,39.3561,0.013298,0.001547,-0.017427,0.019146,22,228.45,237,3788,10.81
NVDA,2026-09-03,2026-09-25,290.0,C,0.06,0.09,0.075,40.9186,0.010665,0.001228,-0.014945,0.015811,22,228.45,356,1902,10.81
NVDA,2026-09-03,2026-09-25,295.0,C,0.05,0.07,0.06,42.0904,0.008184,0.000947,-0.012184,0.012543,22,228.45,326,303,10.81
NVDA,2026-09-03,2026-09-25,300.0,C,0.03,0.06,0.045,43.6529,0.006799,0.000776,-0.010722,0.010652,22,228.45,286,886,10.81
NVDA,2026-09-03,2026-09-25,305.0,C,0.03,0.05,0.04,45.1177,0.00565,0.000637,-0.009398,0.009041,22,228.45,11,96,10.81
NVDA,2026-09-03,2026-09-25,310.0,C,0.02,0.05,0.035,47.2662,0.005338,0.000578,-0.009355,0.008596,22,228.45,10,120,10.81
NVDA,2026-09-03,2026-09-25,315.0,C,0.02,0.04,0.03,48.2427,0.004217,0.000459,-0.007734,0.006967,22,228.45,1,13,10.81
NVDA,2026-09-03,2026-09-25,320.0,C,0.01,0.04,0.025,50.3911,0.004097,0.000428,-0.007867,0.006789,22,228.45,1,460,10.81
NVDA,2026-09-03,2026-09-25,325.0,C,0.01,0.02,0.015,48.8286,0.002106,0.000243,-0.004183,0.003727,22,228.45,4,909,10.81
NVDA,2026-09-03,2026-09-25,330.0,C,0.01,0.04,0.025,51.9536,0.00254,0.00027,-0.005271,0.004416,22,228.45,10,838,10.81
NVDA,2026-09-03,2026-09-25,335.0,C,0.01,0.02,0.015,51.563,0.001626,0.000182,-0.003488,0.002945,22,228.45,1,110,10.81
NVDA,2026-09-03,2026-09-25,340.0,C,0.01,0.02,0.015,53.1255,0.001508,0.000165,-0.003354,0.00275,22,228.45,32,324,10.81
NVDA,2026-09-03,2026-09-25,345.0,C,0.0,0.03,0.015,54.688,0.001412,0.000151,-0.00325,0.002589,22,228.45,1,28,10.81
NVDA,2026-09-03,2026-09-25,350.0,C,0.0,0.03,0.015,56.2504,0.001333,0.000139,-0.003171,0.002457,22,228.45,1,26,10.81
NVDA,2026-09-03,2026-09-25,360.0,C,0.0,0.03,0.015,60.1566,0.001394,0.000135,-0.00353,0.002559,22,228.45,4,11,10.81
NVDA,2026-09-03,2026-09-25,370.0,C,0.0,0.02,0.01,60.9379,0.000865,8.6e-05,-0.002308,0.001652,22,228.45,10,7,10.81
NVDA,2026-09-03,2026-09-25,380.0,C,0.0,0.01,0.005,60.9379,0.000464,4.9e-05,-0.001299,0.00093,22,228.45,10,22,10.81
NVDA,2026-09-03,2026-09-25,390.0,C,0.0,0.02,0.01,67.1878,0.000827,7.5e-05,-0.00244,0.001586,22,228.45,8,222,10.81
NVDA,2026-09-03,2026-09-25,50.0,P,0.0,0.02,0.01,190.625,-0.000246,9e-06,-0.002227,0.000515,22,228.45,2,2,10.81
NVDA,2026-09-03,2026-09-25,55.0,P,0.0,0.03,0.015,184.3751,-0.000366,1.3e-05,-0.003119,0.000747,22,228.45,1,5,10.81
NVDA,2026-09-03,2026-09-25,80.0,P,0.01,0.02,0.015,137.5003,-0.000512,2.4e-05,-0.003171,0.001019,22,228.45,0,10,10.81
NVDA,2026-09-03,2026-09-25,90.0,P,0.01,0.04,0.025,128.1254,-0.000887,4.2e-05,-0.004901,0.001691,22,228.45,1,0,10.81
NVDA,2026-09-03,2026-09-25,95.0,P,0.01,0.05,0.03,123.4379,-0.001128,5.4e-05,-0.005887,0.002109,22,228.45,10,11,10.81
NVDA,2026-09-03,2026-09-25,100.0,P,0.01,0.05,0.03,116.4067,-0.001177,6e-05,-0.00577,0.002192,22,228.45,10,364,10.81
NVDA,2026-09-03,2026-09-25,105.0,P,0.02,0.05,0.035,111.3286,-0.001399,7.3e-05,-0.006464,0.002569,22,228.45,30,44,10.81
NVDA,2026-09-03,2026-09-25,110.0,P,0.02,0.05,0.035,105.0786,-0.001486,8.2e-05,-0.006441,0.002713,22,228.45,1,31,10.81
NVDA,2026-09-03,2026-09-25,115.0,P,0.03,0.05,0.04,100.3911,-0.001766,0.000101,-0.0072,0.003175,22,228.45,3760,21,10.81
NVDA,2026-09-03,2026-09-25,120.0,P,0.03,0.05,0.04,94.5313,-0.001866,0.000112,-0.007128,0.00334,22,228.45,3080,60,10.81
NVDA,2026-09-03,2026-09-25,125.0,P,0.04,0.07,0.055,92.1876,-0.002656,0.000159,-0.009567,0.004598,22,228.45,4064,160,10.81
NVDA,2026-09-03,2026-09-25,130.0,P,0.04,0.08,0.06,87.3048,-0.002998,0.000187,-0.0101,0.005128,22,228.45,28,312,10.81
NVDA,2026-09-03,2026-09-25,135.0,P,0.06,0.08,0.07,83.2033,-0.00359,0.00023,-0.011314,0.00603,22,228.45,12,589,10.81
NVDA,2026-09-03,2026-09-25,140.0,P,0.06,0.09,0.075,78.7112,-0.004117,0.000275,-0.012096,0.006819,22,228.45,190,997,10.81
NVDA,2026-09-03,2026-09-25,145.0,P,0.07,0.11,0.09,75.1956,-0.005131,0.000351,-0.014054,0.008298,22,228.45,3,379,10.81
NVDA,2026-09-03,2026-09-25,150.0,P,0.08,0.1,0.09,70.0198,-0.005444,0.000397,-0.013786,0.008748,22,228.45,24,1403,10.81
NVDA,2026-09-03,2026-09-25,155.0,P,0.1,0.14,0.12,67.4808,-0.007389,0.00054,-0.017397,0.011463,22,228.45,24,250,10.81
NVDA,2026-09-03,2026-09-25,160.0,P,0.12,0.15,0.135,63.4769,-0.008711,0.000663,-0.018897,0.013248,22,228.45,68,1601,10.81
NVDA,2026-09-03,2026-09-25,165.0,P,0.14,0.17,0.155,59.766,-0.010549,0.000833,-0.021014,0.015662,22,228.45,210,1396,10.81
NVDA,2026-09-03,2026-09-25,170.0,P,0.17,0.2,0.185,56.3481,-0.013153,0.00107,-0.023965,0.018966,22,228.45,120,1124,10.81
NVDA,2026-09-03,2026-09-25,175.0,P,0.21,0.24,0.225,53.0278,-0.016598,0.001389,-0.027513,0.023167,22,228.45,117,1719,10.81
NVDA,2026-09-03,2026-09-25,180.0,P,0.25,0.28,0.265,49.9517,-0.021518,0.001839,-0.032272,0.028892,22,228.45,365,3075,10.81
NVDA,2026-09-03,2026-09-25,185.0,P,0.31,0.35,0.33,46.8267,-0.02793,0.002441,-0.037587,0.035961,22,228.45,203,7698,10.81
NVDA,2026-09-03,2026-09-25,190.0,P,0.39,0.44,0.415,43.7506,-0.036689,0.003273,-0.043892,0.045044,22,228.45,396,9845,10.81
NVDA,2026-09-03,2026-09-25,195.0,P,0.53,0.57,0.55,40.8209,-0.049234,0.00445,-0.051806,0.057136,22,228.45,299,2404,10.81
NVDA,2026-09-03,2026-09-25,200.0,P,0.74,0.78,0.76,38.2819,-0.068627,0.006159,-0.062851,0.074165,22,228.45,1098,9614,10.81
NVDA,2026-09-03,2026-09-25,205.0,P,1.09,1.15,1.12,36.4752,-0.100375,0.008602,-0.079367,0.0987,22,228.45,971,4752,10.81
NVDA,2026-09-03,2026-09-25,210.0,P,1.65,1.71,1.68,34.8395,-0.146023,0.01172,-0.098124,0.128439,22,228.45,1810,9247,10.81
NVDA,2026-09-03,2026-09-25,215.0,P,2.5,2.58,2.54,33.5822,-0.210541,0.015325,-0.118388,0.161885,22,228.45,2739,4277,10.81
NVDA,2026-09-03,2026-09-25,220.0,P,3.75,3.85,3.8,32.5751,-0.294789,0.018879,-0.135958,0.193453,22,228.45,2967,8422,10.81
NVDA,2026-09-03,2026-09-25,225.0,P,5.5,5.65,5.575,31.9221,-0.396617,0.02153,-0.147026,0.216196,22,228.45,1992,977,10.81
NVDA,2026-09-03,2026-09-25,230.0,P,7.8,8.0,7.9,31.3728,-0.507984,0.022668,-0.146841,0.223707,22,228.45,1048,2419,10.81
NVDA,2026-09-03,2026-09-25,235.0,P,10.65,10.95,10.8,31.0676,-0.619027,0.021869,-0.13534,0.213717,22,228.45,264,180,10.81
NVDA,2026-09-03,2026-09-25,240.0,P,13.9,14.45,14.175,30.9699,-0.719386,0.0194,-0.114764,0.189,22,228.45,49,84,10.81
NVDA,2026-09-03,2026-09-25,245.0,P,16.65,18.65,17.65,32.5446,-0.790224,0.015779,-0.099132,0.16154,22,228.45,6,23,10.81
NVDA,2026-09-03,2026-09-25,250.0,P,22.05,22.8,22.425,31.9343,-0.860334,0.012407,-0.06804,0.124632,22,228.45,5,85,10.81
NVDA,2026-09-03,2026-09-25,255.0,P,26.65,27.35,27.0,32.4226,-0.905428,0.009264,-0.045685,0.094481,22,228.45,50,93,10.81
NVDA,2026-09-03,2026-09-25,260.0,P,31.4,32.1,31.75,33.5212,-0.933629,0.006854,-0.02998,0.072274,22,228.45,6,96,10.81
NVDA,2026-09-03,2026-09-25,265.0,P,36.25,36.95,36.6,34.9372,-0.951655,0.005124,-0.018712,0.056311,22,228.45,34,50,10.81
NVDA,2026-09-03,2026-09-25,275.0,P,42.05,51.4,46.725,80.1516,-0.797466,0.006275,-0.264348,0.15821,22,228.45,0,0,10.81
NVDA,2026-09-03,2026-09-25,280.0,P,47.05,56.4,51.725,84.7536,-0.805931,0.005783,-0.272434,0.154185,22,228.45,0,0,10.81
NVDA,2026-09-03,2026-09-25,285.0,P,52.55,61.45,57.0,89.5143,-0.812263,0.005365,-0.282135,0.151079,22,228.45,0,0,10.81
NVDA,2026-09-03,2026-09-25,290.0,P,57.35,66.05,61.7,91.15,-0.82744,0.004997,-0.270792,0.143291,22,228.45,0,0,10.81
NVDA,2026-09-03,2026-09-25,300.0,P,67.35,75.55,71.45,95.6177,-0.849359,0.00436,-0.257456,0.131142,22,228.45,1,0,10.81
NVDA,2026-09-03,2026-09-25,325.0,P,92.0,101.0,96.5,116.9682,-0.859061,0.003408,-0.303011,0.125403,22,228.45,0,0,10.81
NVDA,2026-09-03,2026-10-02,60.0,C,164.0,173.05,168.525,176.5626,0.998365,4.6e-05,-0.01643,0.003398,29,228.45,0,1,10.81
NVDA,2026-09-03,2026-10-02,85.0,C,139.0,148.1,143.55,136.5238,0.997191,9.8e-05,-0.021679,0.005552,29,228.45,0,5,10.81
NVDA,2026-09-03,2026-10-02,90.0,C,134.0,143.15,138.575,132.4222,0.996429,0.000125,-0.024832,0.00689,29,228.45,1,1,10.81
NVDA,2026-09-03,2026-10-02,100.0,C,124.0,133.2,128.6,121.0941,0.995335,0.000174,-0.028368,0.008752,29,228.45,20,30,10.81
NVDA,2026-09-03,2026-10-02,110.0,C,114.0,123.2,118.6,108.0083,0.994804,0.000215,-0.029045,0.009635,29,228.45,1,2,10.81
NVDA,2026-09-03,2026-10-02,125.0,C,99.0,108.3,103.65,94.043,0.992208,0.000354,-0.034931,0.013791,29,228.45,0,1,10.81
NVDA,2026-09-03,2026-10-02,135.0,C,89.0,98.3,93.65,83.1056,0.991236,0.000444,-0.03548,0.015292,29,228.45,1,2,10.81
NVDA,2026-09-03,2026-10-02,140.0,C,85.0,90.35,87.675,116.8949,0.951533,0.001336,-0.143554,0.064782,29,228.45,11,11,10.81
NVDA,2026-09-03,2026-10-02,150.0,C,74.55,83.45,79.0,79.883,0.976928,0.001062,-0.063188,0.03518,29,228.45,3,97,10.81
NVDA,2026-09-03,2026-10-02,155.0,C,70.05,78.15,74.1,76.8069,0.972167,0.001293,-0.069641,0.041167,29,228.45,3,17,10.81
NVDA,2026-09-03,2026-10-02,160.0,C,65.1,73.4,69.25,74.3899,0.965429,0.001597,-0.078639,0.049256,29,228.45,5,38,10.81
NVDA,2026-09-03,2026-10-02,165.0,C,60.15,68.65,64.4,71.4847,0.95821,0.00194,-0.086657,0.057497,29,228.45,1,10,10.81
NVDA,2026-09-03,2026-10-02,170.0,C,55.0,63.65,59.325,64.8929,0.957584,0.002163,-0.081404,0.058193,29,228.45,8,43,10.81
NVDA,2026-09-03,2026-10-02,175.0,C,50.5,56.35,53.425,81.1281,0.901971,0.003311,-0.171099,0.111376,29,228.45,1,115,10.81
NVDA,2026-09-03,2026-10-02,180.0,C,48.75,49.7,49.225,53.0766,0.954284,0.002809,-0.073818,0.061816,29,228.45,25,149,10.81
NVDA,2026-09-03,2026-10-02,185.0,C,40.7,45.55,43.125,61.9877,0.905198,0.004228,-0.132626,0.10867,29,228.45,4,97,10.81
NVDA,2026-09-03,2026-10-02,190.0,C,39.15,39.95,39.55,50.9404,0.915587,0.004719,-0.104847,0.099683,29,228.45,18,243,10.81
NVDA,2026-09-03,2026-10-02,195.0,C,34.4,35.15,34.775,47.1807,0.899603,0.005793,-0.10961,0.113337,29,228.45,19,189,10.81
NVDA,2026-09-03,2026-10-02,200.0,C,29.7,31.5,30.6,50.8184,0.846339,0.00724,-0.150222,0.152564,29,228.45,138,423,10.81
NVDA,2026-09-03,2026-10-02,205.0,C,25.25,25.95,25.6,41.2848,0.844812,0.00897,-0.126386,0.153565,29,228.45,71,387,10.81
NVDA,2026-09-03,2026-10-02,210.0,C,21.05,21.65,21.35,39.0387,0.801584,0.011084,-0.137271,0.179416,29,228.45,165,1680,10.81
NVDA,2026-09-03,2026-10-02,215.0,C,17.1,17.7,17.4,37.4762,0.743886,0.013337,-0.149478,0.207246,29,228.45,283,1742,10.81
NVDA,2026-09-03,2026-10-02,220.0,C,13.6,14.0,13.8,35.7428,0.675073,0.015636,-0.157152,0.231741,29,228.45,366,2866,10.81
NVDA,2026-09-03,2026-10-02,225.0,C,10.5,10.75,10.625,34.4062,0.593298,0.017512,-0.16097,0.249836,29,228.45,1261,5095,10.81
NVDA,2026-09-03,2026-10-02,230.0,C,7.9,8.1,8.0,33.7775,0.503109,0.018341,-0.160533,0.256886,29,228.45,3291,8404,10.81
NVDA,2026-09-03,2026-10-02,235.0,C,5.75,5.95,5.85,33.3747,0.41221,0.018112,-0.153257,0.250648,29,228.45,2423,3600,10.81
NVDA,2026-09-03,2026-10-02,240.0,C,4.05,4.2,4.125,32.8498,0.324816,0.017011,-0.138399,0.231709,29,228.45,3097,4849,10.81
NVDA,2026-09-03,2026-10-02,245.0,C,2.77,2.9,2.835,32.569,0.247118,0.015059,-0.119681,0.203368,29,228.45,2350,4973,10.81
NVDA,2026-09-03,2026-10-02,250.0,C,1.91,1.99,1.95,32.6057,0.183386,0.012644,-0.10019,0.170951,29,228.45,22873,11081,10.81
NVDA,2026-09-03,2026-10-02,255.0,C,1.29,1.36,1.325,32.8376,0.133618,0.010196,-0.081586,0.138826,29,228.45,602,1927,10.81
NVDA,2026-09-03,2026-10-02,260.0,C,0.86,0.91,0.885,33.0207,0.094859,0.00794,-0.064023,0.108719,29,228.45,4147,1905,10.81
NVDA,2026-09-03,2026-10-02,265.0,C,0.58,0.63,0.605,33.57,0.068149,0.006084,-0.050551,0.084693,29,228.45,483,916,10.81
NVDA,2026-09-03,2026-10-02,270.0,C,0.4,0.44,0.42,34.1803,0.048919,0.004605,-0.039562,0.065264,29,228.45,242,1592,10.81
NVDA,2026-09-03,2026-10-02,275.0,C,0.28,0.32,0.3,35.0592,0.036155,0.003515,-0.031702,0.0511,29,228.45,313,1622,10.81
NVDA,2026-09-03,2026-10-02,280.0,C,0.2,0.24,0.22,36.0358,0.027232,0.002705,-0.02573,0.040425,29,228.45,326,1993,10.81
NVDA,2026-09-03,2026-10-02,285.0,C,0.14,0.18,0.16,36.9147,0.020428,0.002074,-0.020663,0.031742,29,228.45,317,335,10.81
NVDA,2026-09-03,2026-10-02,290.0,C,0.11,0.15,0.13,38.3307,0.016731,0.001685,-0.018075,0.02678,29,228.45,100,707,10.81
NVDA,2026-09-03,2026-10-02,295.0,C,0.07,0.12,0.095,39.4537,0.013326,0.001346,-0.015281,0.022023,29,228.45,34,270,10.81
NVDA,2026-09-03,2026-10-02,300.0,C,0.07,0.09,0.08,40.1373,0.010024,0.001033,-0.012127,0.017198,29,228.45,136,1658,10.81
NVDA,2026-09-03,2026-10-02,305.0,C,0.04,0.08,0.06,41.6021,0.008645,0.000876,-0.011032,0.015109,29,228.45,29,136,10.81
NVDA,2026-09-03,2026-10-02,310.0,C,0.03,0.07,0.05,42.9693,0.007442,0.000743,-0.009979,0.013244,29,228.45,2,49,10.81
NVDA,2026-09-03,2026-10-02,315.0,C,0.02,0.06,0.04,44.1412,0.006282,0.000623,-0.00882,0.011404,29,228.45,15,92,10.81
NVDA,2026-09-03,2026-10-02,320.0,C,0.02,0.05,0.035,45.1177,0.005189,0.000514,-0.007603,0.009624,29,228.45,41,79,10.81
NVDA,2026-09-03,2026-10-02,325.0,C,0.02,0.04,0.03,45.899,0.004182,0.000417,-0.006377,0.007939,29,228.45,29,508,10.81
NVDA,2026-09-03,2026-10-02,330.0,C,0.02,0.06,0.04,49.6099,0.005561,0.000498,-0.008878,0.010234,29,228.45,404,606,10.81
NVDA,2026-09-03,2026-10-02,335.0,C,0.01,0.06,0.035,51.3677,0.005371,0.000466,-0.008909,0.009924,29,228.45,7,456,10.81
NVDA,2026-09-03,2026-10-02,340.0,C,0.01,0.03,0.02,49.6099,0.002958,0.000283,-0.005043,0.005818,29,228.45,1,21,10.81
NVDA,2026-09-03,2026-10-02,345.0,C,0.01,0.04,0.025,50.3911,0.002475,0.000237,-0.004358,0.004952,29,228.45,2,20,10.81
NVDA,2026-09-03,2026-10-02,350.0,C,0.01,0.05,0.03,52.7348,0.002754,0.000249,-0.005021,0.005454,29,228.45,5,17,10.81
NVDA,2026-09-03,2026-10-02,360.0,C,0.0,0.05,0.025,54.688,0.002159,0.000193,-0.004175,0.004376,29,228.45,1,54,10.81
NVDA,2026-09-03,2026-10-02,370.0,C,0.0,0.05,0.025,57.8129,0.002123,0.00018,-0.004344,0.004311,29,228.45,1,45,10.81
NVDA,2026-09-03,2026-10-02,380.0,C,0.0,0.04,0.02,59.3754,0.001646,0.000139,-0.003539,0.003421,29,228.45,18,12,10.81
NVDA,2026-09-03,2026-10-02,390.0,C,0.0,0.04,0.02,62.1098,0.001587,0.000128,-0.003577,0.003307,29,228.45,4,5,10.81
NVDA,2026-09-03,2026-10-02,55.0,P,0.0,0.04,0.02,165.6252,-0.000501,1.7e-05,-0.003261,0.001146,29,228.45,2,2,10.81
NVDA,2026-09-03,2026-10-02,60.0,P,0.0,0.02,0.01,146.8753,-0.000287,1.1e-05,-0.001723,0.000684,29,228.45,365,2,10.81
NVDA,2026-09-03,2026-10-02,70.0,P,0.01,0.05,0.03,143.7503,-0.000877,3.2e-05,-0.004739,0.001921,29,228.45,0,10,10.81
NVDA,2026-09-03,2026-10-02,80.0,P,0.01,0.06,0.035,129.6879,-0.001102,4.4e-05,-0.00527,0.00237,29,228.45,11,22,10.81
NVDA,2026-09-03,2026-10-02,85.0,P,0.01,0.06,0.035,122.6566,-0.001179,5e-05,-0.005301,0.002521,29,228.45,1,3,10.81
NVDA,2026-09-03,2026-10-02,90.0,P,0.01,0.06,0.035,115.6254,-0.001222,5.4e-05,-0.005163,0.002605,29,228.45,1,6,10.81
NVDA,2026-09-03,2026-10-02,95.0,P,0.01,0.07,0.04,110.9379,-0.00148,6.7e-05,-0.005899,0.003104,29,228.45,1,1,10.81
NVDA,2026-09-03,2026-10-02,100.0,P,0.01,0.06,0.035,103.1255,-0.00136,6.7e-05,-0.005075,0.002874,29,228.45,1,34,10.81
NVDA,2026-09-03,2026-10-02,105.0,P,0.02,0.08,0.05,101.1724,-0.001995,9.7e-05,-0.007056,0.004074,29,228.45,3,3,10.81
NVDA,2026-09-03,2026-10-02,110.0,P,0.02,0.09,0.055,96.4844,-0.002297,0.000116,-0.007642,0.004629,29,228.45,20,48,10.81
NVDA,2026-09-03,2026-10-02,115.0,P,0.03,0.09,0.06,91.797,-0.002607,0.000136,-0.008148,0.00519,29,228.45,2,121,10.81
NVDA,2026-09-03,2026-10-02,120.0,P,0.06,0.09,0.075,88.672,-0.003336,0.000176,-0.009826,0.006483,29,228.45,2503,32,10.81
NVDA,2026-09-03,2026-10-02,125.0,P,0.05,0.11,0.08,83.9845,-0.003702,0.000204,-0.010211,0.007117,29,228.45,40,121,10.81
NVDA,2026-09-03,2026-10-02,130.0,P,0.06,0.13,0.095,80.4689,-0.004499,0.000254,-0.011645,0.008475,29,228.45,7,321,10.81
NVDA,2026-09-03,2026-10-02,135.0,P,0.07,0.14,0.105,76.5627,-0.005246,0.000306,-0.012695,0.009717,29,228.45,17,337,10.81
NVDA,2026-09-03,2026-10-02,140.0,P,0.1,0.12,0.11,72.0706,-0.005758,0.000353,-0.012973,0.010556,29,228.45,582,305,10.81
NVDA,2026-09-03,2026-10-02,145.0,P,0.12,0.16,0.14,69.5316,-0.007496,0.000462,-0.015792,0.013329,29,228.45,230,324,10.81
NVDA,2026-09-03,2026-10-02,150.0,P,0.11,0.17,0.14,64.8441,-0.007993,0.000525,-0.015569,0.014103,29,228.45,3,899,10.81
NVDA,2026-09-03,2026-10-02,155.0,P,0.15,0.21,0.18,62.4027,-0.010442,0.000689,-0.018915,0.017822,29,228.45,6,494,10.81
NVDA,2026-09-03,2026-10-02,160.0,P,0.16,0.23,0.195,58.5942,-0.012007,0.000828,-0.02003,0.020122,29,228.45,375,1006,10.81
NVDA,2026-09-03,2026-10-02,165.0,P,0.2,0.25,0.225,55.2739,-0.014432,0.001029,-0.022123,0.023589,29,228.45,220,289,10.81
NVDA,2026-09-03,2026-10-02,170.0,P,0.24,0.29,0.265,52.1489,-0.017683,0.001298,-0.024808,0.028078,29,228.45,56,491,10.81
NVDA,2026-09-03,2026-10-02,175.0,P,0.29,0.35,0.32,49.9517,-0.023601,0.001731,-0.030299,0.035858,29,228.45,551,647,10.81
NVDA,2026-09-03,2026-10-02,180.0,P,0.35,0.39,0.37,46.3384,-0.027876,0.002145,-0.032246,0.041221,29,228.45,293,1088,10.81
NVDA,2026-09-03,2026-10-02,185.0,P,0.44,0.49,0.465,43.7017,-0.036065,0.002814,-0.037536,0.050995,29,228.45,155,1488,10.81
NVDA,2026-09-03,2026-10-02,190.0,P,0.57,0.62,0.595,41.1139,-0.04708,0.003713,-0.043709,0.063293,29,228.45,720,8479,10.81
NVDA,2026-09-03,2026-10-02,195.0,P,0.78,0.83,0.805,38.941,-0.063717,0.004979,-0.052409,0.080392,29,228.45,835,2579,10.81
NVDA,2026-09-03,2026-10-02,200.0,P,1.12,1.15,1.135,37.1222,-0.088224,0.006693,-0.063773,0.10303,29,228.45,3457,62918,10.81
NVDA,2026-09-03,2026-10-02,205.0,P,1.58,1.64,1.61,35.6452,-0.123478,0.008892,-0.07773,0.131425,29,228.45,542,5003,10.81
NVDA,2026-09-03,2026-10-02,210.0,P,2.3,2.4,2.35,34.6442,-0.173199,0.011479,-0.094222,0.164903,29,228.45,1259,2722,10.81
NVDA,2026-09-03,2026-10-02,215.0,P,3.3,3.45,3.375,33.7165,-0.236606,0.014207,-0.109603,0.198627,29,228.45,743,1478,10.81
NVDA,2026-09-03,2026-10-02,220.0,P,4.7,4.85,4.775,32.801,-0.313478,0.016784,-0.1213,0.228277,29,228.45,5636,3093,10.81
NVDA,2026-09-03,2026-10-02,225.0,P,6.55,6.75,6.65,32.2639,-0.403046,0.018632,-0.12858,0.24927,29,228.45,1878,1314,10.81
NVDA,2026-09-03,2026-10-02,230.0,P,8.9,9.1,9.0,31.6779,-0.499124,0.019557,-0.127744,0.256893,29,228.45,747,966,10.81
NVDA,2026-09-03,2026-10-02,235.0,P,11.7,11.95,11.825,31.2019,-0.59625,0.019275,-0.119035,0.249381,29,228.45,132,79,10.81
NVDA,2026-09-03,2026-10-02,240.0,P,14.95,15.3,15.125,30.9089,-0.687381,0.01779,-0.103914,0.228007,29,228.45,178,218,10.81
NVDA,2026-09-03,2026-10-02,245.0,P,18.45,19.1,18.775,30.8357,-0.766398,0.015425,-0.08503,0.19723,29,228.45,24,117,10.81
NVDA,2026-09-03,2026-10-02,250.0,P,22.65,23.4,23.025,31.7878,-0.82332,0.01267,-0.06993,0.166999,29,228.45,30,39,10.81
NVDA,2026-09-03,2026-10-02,255.0,P,26.95,27.65,27.3,30.9089,-0.88185,0.009941,-0.044498,0.127408,29,228.45,1,29,10.81
NVDA,2026-09-03,2026-10-02,260.0,P,31.55,32.4,31.975,32.4836,-0.909,0.007827,-0.034529,0.105431,29,228.45,5,48,10.81
NVDA,2026-09-03,2026-10-02,265.0,P,35.05,38.65,36.85,45.9234,-0.855165,0.007702,-0.092223,0.146655,29,228.45,0,3,10.81
NVDA,2026-09-03,2026-10-02,275.0,P,42.8,50.4,46.6,64.6244,-0.818773,0.006332,-0.164832,0.169691,29,228.45,0,0,10.81
NVDA,2026-09-03,2026-10-02,300.0,P,67.0,76.35,71.675,88.672,-0.829769,0.004436,-0.222199,0.163092,29,228.45,0,0,10.81
NVDA,2026-09-03,2026-10-09,120.0,C,104.0,113.45,108.725,93.9454,0.990415,0.000381,-0.036046,0.018428,36,228.45,0,1,10.81
NVDA,2026-09-03,2026-10-09,145.0,C,80.1,88.1,84.1,79.2483,0.975337,0.001016,-0.059797,0.041457,36,228.45,1,2,10.81
NVDA,2026-09-03,2026-10-09,150.0,C,75.15,83.4,79.275,77.5393,0.96887,0.001261,-0.068717,0.050335,36,228.45,5,3,10.81
NVDA,2026-09-03,2026-10-09,170.0,C,55.3,63.65,59.475,60.474,0.952579,0.002279,-0.075725,0.070929,36,228.45,0,1,10.81
NVDA,2026-09-03,2026-10-09,175.0,C,50.9,56.8,53.85,76.3918,0.89367,0.003348,-0.154741,0.131652,36,228.45,1,4,10.81
NVDA,2026-09-03,2026-10-09,180.0,C,45.85,53.55,49.7,53.3208,0.93689,0.003239,-0.082625,0.088906,36,228.45,1,3,10.81
NVDA,2026-09-03,2026-10-09,185.0,C,44.35,46.65,45.5,55.4204,0.906631,0.004197,-0.108664,0.119724,36,228.45,2,5,10.81
NVDA,2026-09-03,2026-10-09,190.0,C,39.55,40.4,39.975,49.439,0.901188,0.004905,-0.102609,0.124818,36,228.45,7,16,10.81
NVDA,2026-09-03,2026-10-09,195.0,C,34.9,37.1,36.0,54.8466,0.847711,0.005985,-0.144715,0.168976,36,228.45,2,65,10.81
NVDA,2026-09-03,2026-10-09,200.0,C,30.35,31.1,30.725,43.4576,0.857638,0.00722,-0.114322,0.161511,36,228.45,4,85,10.81
NVDA,2026-09-03,2026-10-09,205.0,C,26.2,26.7,26.45,41.1627,0.82407,0.008758,-0.122593,0.185565,36,228.45,52,27,10.81
NVDA,2026-09-03,2026-10-09,210.0,C,21.95,22.6,22.275,39.5514,0.779276,0.010454,-0.132795,0.212835,36,228.45,47,167,10.81
NVDA,2026-09-03,2026-10-09,215.0,C,18.05,18.7,18.375,37.8485,0.726065,0.012264,-0.140641,0.238937,36,228.45,296,366,10.81
NVDA,2026-09-03,2026-10-09,220.0,C,14.65,15.05,14.85,36.1029,0.663355,0.014092,-0.145263,0.26188,36,228.45,207,813,10.81
NVDA,2026-09-03,2026-10-09,225.0,C,11.7,11.95,11.825,35.1935,0.589522,0.0154,-0.148912,0.278987,36,228.45,749,750,10.81
NVDA,2026-09-03,2026-10-09,230.0,C,9.05,9.25,9.15,34.3818,0.510183,0.016168,-0.147603,0.286131,36,228.45,1426,1870,10.81
NVDA,2026-09-03,2026-10-09,235.0,C,6.85,7.05,6.95,33.9423,0.429643,0.016127,-0.142143,0.281761,36,228.45,1522,3234,10.81
NVDA,2026-09-03,2026-10-09,240.0,C,5.0,5.25,5.125,33.5639,0.351896,0.015412,-0.131808,0.266266,36,228.45,748,1733,10.81
NVDA,2026-09-03,2026-10-09,245.0,C,3.7,3.8,3.75,33.1672,0.279623,0.014137,-0.117327,0.241355,36,228.45,736,1320,10.81
NVDA,2026-09-03,2026-10-09,250.0,C,2.66,2.74,2.7,33.0939,0.217735,0.012396,-0.101872,0.211173,36,228.45,1614,3178,10.81
NVDA,2026-09-03,2026-10-09,255.0,C,1.88,1.95,1.915,33.1061,0.166023,0.010493,-0.085899,0.17881,36,228.45,554,808,10.81
NVDA,2026-09-03,2026-10-09,260.0,C,1.32,1.38,1.35,33.2282,0.124633,0.008617,-0.070793,0.147388,36,228.45,1133,1232,10.81
NVDA,2026-09-03,2026-10-09,265.0,C,0.93,0.98,0.955,33.4968,0.092897,0.006918,-0.057563,0.119276,36,228.45,185,183,10.81
NVDA,2026-09-03,2026-10-09,270.0,C,0.65,0.7,0.675,33.863,0.068979,0.005464,-0.046339,0.095248,36,228.45,376,329,10.81
NVDA,2026-09-03,2026-10-09,275.0,C,0.47,0.52,0.495,34.5221,0.052369,0.00432,-0.037982,0.076772,36,228.45,100,459,10.81
NVDA,2026-09-03,2026-10-09,280.0,C,0.34,0.38,0.36,35.0592,0.039252,0.003374,-0.030527,0.060885,36,228.45,69,1512,10.81
NVDA,2026-09-03,2026-10-09,285.0,C,0.25,0.29,0.27,35.8405,0.030335,0.002671,-0.025205,0.049268,36,228.45,24,165,10.81
NVDA,2026-09-03,2026-10-09,290.0,C,0.19,0.23,0.21,36.7682,0.02406,0.002145,-0.021275,0.040605,36,228.45,113,68,10.81
NVDA,2026-09-03,2026-10-09,295.0,C,0.14,0.18,0.16,37.5495,0.018868,0.00171,-0.017665,0.03306,36,228.45,4,124,10.81
NVDA,2026-09-03,2026-10-09,300.0,C,0.1,0.15,0.125,38.6237,0.015575,0.001411,-0.015403,0.028062,36,228.45,26,22,10.81
NVDA,2026-09-03,2026-10-09,305.0,C,0.08,0.12,0.1,39.4049,0.01243,0.001139,-0.012923,0.023103,36,228.45,205,215,10.81
NVDA,2026-09-03,2026-10-09,335.0,C,0.01,0.06,0.035,46.2896,0.005619,0.000483,-0.007525,0.011508,36,228.45,0,1,10.81
NVDA,2026-09-03,2026-10-09,350.0,C,0.01,0.05,0.03,50.0005,0.004464,0.000364,-0.006611,0.009376,36,228.45,0,1,10.81
NVDA,2026-09-03,2026-10-09,105.0,P,0.04,0.09,0.065,93.5548,-0.002514,0.000116,-0.007208,0.005597,36,228.45,0,2,10.81
NVDA,2026-09-03,2026-10-09,110.0,P,0.05,0.1,0.075,89.8439,-0.003032,0.000143,-0.008192,0.006627,36,228.45,0,12,10.81
NVDA,2026-09-03,2026-10-09,115.0,P,0.07,0.11,0.09,86.3283,-0.003672,0.000177,-0.009345,0.007872,36,228.45,1,4,10.81
NVDA,2026-09-03,2026-10-09,120.0,P,0.08,0.12,0.1,82.4221,-0.004258,0.000212,-0.010181,0.008988,36,228.45,1001,3,10.81
NVDA,2026-09-03,2026-10-09,130.0,P,0.11,0.15,0.13,75.3909,-0.00595,0.000312,-0.012527,0.012108,36,228.45,0,100,10.81
NVDA,2026-09-03,2026-10-09,135.0,P,0.12,0.16,0.14,71.4847,-0.006721,0.000367,-0.013221,0.013487,36,228.45,31,182,10.81
NVDA,2026-09-03,2026-10-09,140.0,P,0.14,0.18,0.16,68.1644,-0.007939,0.000445,-0.01459,0.015622,36,228.45,20,261,10.81
NVDA,2026-09-03,2026-10-09,145.0,P,0.16,0.2,0.18,64.7464,-0.009251,0.000536,-0.015832,0.017864,36,228.45,1,498,10.81
NVDA,2026-09-03,2026-10-09,150.0,P,0.19,0.22,0.205,61.5238,-0.010926,0.000652,-0.017377,0.020656,36,228.45,14,166,10.81
NVDA,2026-09-03,2026-10-09,155.0,P,0.22,0.26,0.24,58.5942,-0.013211,0.000807,-0.019488,0.024353,36,228.45,24,152,10.81
NVDA,2026-09-03,2026-10-09,160.0,P,0.25,0.3,0.275,55.518,-0.01574,0.000991,-0.021443,0.028318,36,228.45,18,172,10.81
NVDA,2026-09-03,2026-10-09,165.0,P,0.29,0.34,0.315,52.4419,-0.018747,0.001218,-0.023482,0.03288,36,228.45,12,243,10.81
NVDA,2026-09-03,2026-10-09,170.0,P,0.34,0.38,0.36,49.854,-0.023333,0.001542,-0.026819,0.039571,36,228.45,19,863,10.81
NVDA,2026-09-03,2026-10-09,175.0,P,0.41,0.46,0.435,47.2662,-0.029072,0.001955,-0.030501,0.047561,36,228.45,16,270,10.81
NVDA,2026-09-03,2026-10-09,180.0,P,0.51,0.55,0.53,44.5318,-0.035879,0.002468,-0.034104,0.056577,36,228.45,83,169,10.81
NVDA,2026-09-03,2026-10-09,185.0,P,0.65,0.68,0.665,42.0904,-0.04552,0.003168,-0.038998,0.068637,36,228.45,49,320,10.81
NVDA,2026-09-03,2026-10-09,190.0,P,0.83,0.88,0.855,40.0641,-0.059743,0.00413,-0.04592,0.085179,36,228.45,205,2638,10.81
NVDA,2026-09-03,2026-10-09,195.0,P,1.12,1.17,1.145,38.2575,-0.079499,0.005391,-0.054439,0.106156,36,228.45,173,2530,10.81
NVDA,2026-09-03,2026-10-09,200.0,P,1.54,1.61,1.575,36.8659,-0.107767,0.007005,-0.065395,0.132933,36,228.45,213,1613,10.81
NVDA,2026-09-03,2026-10-09,205.0,P,2.14,2.21,2.175,35.5475,-0.144795,0.008928,-0.077064,0.163369,36,228.45,211,858,10.81
NVDA,2026-09-03,2026-10-09,210.0,P,2.99,3.1,3.045,34.6808,-0.194486,0.011063,-0.090285,0.197492,36,228.45,203,682,10.81
NVDA,2026-09-03,2026-10-09,215.0,P,4.1,4.25,4.175,33.7531,-0.254553,0.013248,-0.101544,0.230171,36,228.45,1534,938,10.81
NVDA,2026-09-03,2026-10-09,220.0,P,5.6,5.75,5.675,32.9413,-0.325743,0.015243,-0.110081,0.258465,36,228.45,361,771,10.81
NVDA,2026-09-03,2026-10-09,225.0,P,7.5,7.65,7.575,32.2211,-0.406163,0.016778,-0.114289,0.278269,36,228.45,547,610,10.81
NVDA,2026-09-03,2026-10-09,230.0,P,9.85,10.1,9.975,31.977,-0.492177,0.017386,-0.114598,0.286169,36,228.45,62,112,10.81
NVDA,2026-09-03,2026-10-09,235.0,P,12.6,12.9,12.75,31.4765,-0.578954,0.017318,-0.107865,0.2806,36,228.45,83,143,10.81
NVDA,2026-09-03,2026-10-09,240.0,P,15.85,16.15,16.0,31.1164,-0.662064,0.016374,-0.096268,0.262269,36,228.45,62,13,10.81
NVDA,2026-09-03,2026-10-09,245.0,P,19.1,20.0,19.55,31.7084,-0.730892,0.01451,-0.085222,0.236831,36,228.45,22,24,10.81
NVDA,2026-09-03,2026-10-09,250.0,P,23.05,24.2,23.625,32.6789,-0.785552,0.012444,-0.074224,0.209321,36,228.45,2,24,10.81
NVDA,2026-09-03,2026-10-16,5.0,C,219.0,228.1,223.55,451.5629,0.99941,6e-06,-0.009014,0.001624,43,228.45,1,3,10.81
NVDA,2026-09-03,2026-10-16,10.0,C,214.0,223.1,218.55,359.3751,0.999202,1e-05,-0.009954,0.002145,43,228.45,1,10,10.81
NVDA,2026-09-03,2026-10-16,15.0,C,209.0,218.05,213.525,299.219,0.999236,1.1e-05,-0.008675,0.002061,43,228.45,2,9,10.81
NVDA,2026-09-03,2026-10-16,20.0,C,184.45,192.45,188.45,0.001,1.0,0.0,-0.00204,0.0,43,228.45,20,30,10.81
NVDA,2026-09-03,2026-10-16,25.0,C,179.5,187.5,183.5,0.001,1.0,0.0,-0.00255,0.0,43,228.45,1,2,10.81
NVDA,2026-09-03,2026-10-16,30.0,C,174.5,182.5,178.5,0.001,1.0,0.0,-0.00306,0.0,43,228.45,19,33,10.81
NVDA,2026-09-03,2026-10-16,35.0,C,189.0,198.05,193.525,203.9067,0.998804,2.5e-05,-0.010912,0.003111,43,228.45,30,67,10.81
NVDA,2026-09-03,2026-10-16,40.0,C,184.0,193.1,188.55,195.3125,0.998364,3.4e-05,-0.013438,0.004141,43,228.45,1,25,10.81
NVDA,2026-09-03,2026-10-16,45.0,C,179.0,188.05,183.525,176.5626,0.99861,3.3e-05,-0.011878,0.003569,43,228.45,1,44,10.81
NVDA,2026-09-03,2026-10-16,50.0,C,174.0,183.15,178.575,175.0001,0.997723,5.2e-05,-0.016413,0.005591,43,228.45,1,24,10.81
NVDA,2026-09-03,2026-10-16,55.0,C,169.0,178.2,173.6,167.7736,0.997183,6.6e-05,-0.018753,0.006777,43,228.45,1,3,10.81
NVDA,2026-09-03,2026-10-16,60.0,C,164.0,173.25,168.625,160.7424,0.996607,8.1e-05,-0.021007,0.008015,43,228.45,1,5,10.81
NVDA,2026-09-03,2026-10-16,65.0,C,159.0,168.3,163.65,153.9065,0.995998,9.8e-05,-0.023153,0.009295,43,228.45,3,32,10.81
NVDA,2026-09-03,2026-10-16,70.0,C,154.0,163.3,158.65,145.3128,0.995727,0.00011,-0.023673,0.009854,43,228.45,10,16,10.81
NVDA,2026-09-03,2026-10-16,75.0,C,149.0,158.3,153.65,137.1097,0.995492,0.000123,-0.024008,0.010337,43,228.45,1,7,10.81
NVDA,2026-09-03,2026-10-16,80.0,C,144.0,153.35,148.675,131.641,0.994736,0.000147,-0.026187,0.01187,43,228.45,1,230,10.81
NVDA,2026-09-03,2026-10-16,85.0,C,139.0,148.3,143.65,122.559,0.994931,0.000152,-0.024892,0.011478,43,228.45,2,3,10.81
NVDA,2026-09-03,2026-10-16,90.0,C,115.1,122.8,118.95,0.001,1.0,0.0,-0.009181,0.0,43,228.45,10,112,10.81
NVDA,2026-09-03,2026-10-16,95.0,C,129.0,138.35,133.675,111.3286,0.99377,0.000201,-0.027368,0.013783,43,228.45,15,58,10.81
NVDA,2026-09-03,2026-10-16,100.0,C,124.0,131.2,127.6,164.1603,0.960436,0.000664,-0.136848,0.06697,43,228.45,7,182,10.81
NVDA,2026-09-03,2026-10-16,105.0,C,119.05,128.45,123.75,103.5161,0.991295,0.000291,-0.032761,0.01851,43,228.45,2,92,10.81
NVDA,2026-09-03,2026-10-16,110.0,C,114.55,123.45,119.0,107.3247,0.985375,0.00044,-0.047088,0.029055,43,228.45,8,389,10.81
NVDA,2026-09-03,2026-10-16,115.0,C,110.0,118.6,114.3,109.3266,0.978747,0.000595,-0.061967,0.03997,43,228.45,1,82,10.81
NVDA,2026-09-03,2026-10-16,120.0,C,105.05,111.15,108.1,131.9583,0.951309,0.000976,-0.132331,0.079175,43,228.45,18,274,10.81
NVDA,2026-09-03,2026-10-16,125.0,C,99.2,108.65,103.925,88.2325,0.984502,0.000563,-0.043679,0.03054,43,228.45,2,172,10.81
NVDA,2026-09-03,2026-10-16,130.0,C,96.15,103.1,99.625,97.9492,0.968427,0.000924,-0.075805,0.055658,43,228.45,2,249,10.81
NVDA,2026-09-03,2026-10-16,135.0,C,92.55,95.05,93.8,74.4631,0.986211,0.000603,-0.037331,0.027618,43,228.45,7,369,10.81
NVDA,2026-09-03,2026-10-16,140.0,C,87.4,90.55,88.975,74.6585,0.98012,0.000823,-0.04656,0.037772,43,228.45,1,435,10.81
NVDA,2026-09-03,2026-10-16,145.0,C,82.05,88.25,85.15,88.4523,0.951908,0.001442,-0.094138,0.078396,43,228.45,4,310,10.81
NVDA,2026-09-03,2026-10-16,150.0,C,75.35,82.35,78.85,62.4515,0.981704,0.000917,-0.040397,0.035197,43,228.45,23,915,10.81
NVDA,2026-09-03,2026-10-16,155.0,C,72.3,76.4,74.35,67.554,0.964685,0.00147,-0.062848,0.061036,43,228.45,1,4589,10.81
NVDA,2026-09-03,2026-10-16,160.0,C,67.95,70.2,69.075,58.5453,0.970936,0.001444,-0.050963,0.051967,43,228.45,22,4336,10.81
NVDA,2026-09-03,2026-10-16,165.0,C,60.85,68.4,64.625,61.8168,0.951579,0.002074,-0.072249,0.078824,43,228.45,40,634,10.81
NVDA,2026-09-03,2026-10-16,170.0,C,58.0,60.25,59.125,50.8062,0.964628,0.001957,-0.05256,0.061117,43,228.45,34,1732,10.81
NVDA,2026-09-03,2026-10-16,175.0,C,54.5,55.2,54.85,54.8955,0.937259,0.002866,-0.077995,0.096723,43,228.45,55,2340,10.81
NVDA,2026-09-03,2026-10-16,180.0,C,48.2,50.35,49.275,54.5171,0.917879,0.003547,-0.091634,0.118896,43,228.45,113,106579,10.81
NVDA,2026-09-03,2026-10-16,185.0,C,44.95,45.45,45.2,50.4644,0.90824,0.004163,-0.092338,0.129175,43,228.45,50,2112,10.81
NVDA,2026-09-03,2026-10-16,190.0,C,40.25,42.2,41.225,50.6231,0.87958,0.005052,-0.108862,0.157241,43,228.45,176,2894,10.81
NVDA,2026-09-03,2026-10-16,195.0,C,35.65,36.2,35.925,45.4229,0.869001,0.005971,-0.104645,0.166755,43,228.45,17,6334,10.81
NVDA,2026-09-03,2026-10-16,200.0,C,31.2,31.55,31.375,42.2125,0.846328,0.007158,-0.107707,0.185784,43,228.45,454,8241,10.81
NVDA,2026-09-03,2026-10-16,205.0,C,26.85,27.3,27.075,40.5035,0.810645,0.008527,-0.116123,0.212337,43,228.45,88,9304,10.81
NVDA,2026-09-03,2026-10-16,210.0,C,22.9,23.25,23.075,38.9105,0.767397,0.010015,-0.123928,0.239594,43,228.45,714,13833,10.81
NVDA,2026-09-03,2026-10-16,215.0,C,19.2,19.45,19.325,37.4579,0.715837,0.011543,-0.130497,0.265833,43,228.45,1013,17312,10.81
NVDA,2026-09-03,2026-10-16,220.0,C,15.8,16.05,15.925,36.4936,0.654944,0.012876,-0.136239,0.288915,43,228.45,10577,108993,10.81
NVDA,2026-09-03,2026-10-16,225.0,C,12.8,13.0,12.9,35.6513,0.587666,0.013925,-0.138918,0.305233,43,228.45,4837,20658,10.81
NVDA,2026-09-03,2026-10-16,230.0,C,10.2,10.3,10.25,34.8456,0.515994,0.014589,-0.137634,0.312565,43,228.45,11264,39359,10.81
NVDA,2026-09-03,2026-10-16,235.0,C,7.95,8.05,8.0,34.339,0.442937,0.014665,-0.13314,0.309611,43,228.45,11812,23636,10.81
NVDA,2026-09-03,2026-10-16,240.0,C,6.1,6.2,6.15,34.0094,0.372057,0.014184,-0.125339,0.296588,43,228.45,8277,43770,10.81
NVDA,2026-09-03,2026-10-16,245.0,C,4.6,4.7,4.65,33.7653,0.305892,0.013247,-0.114637,0.275014,43,228.45,5644,30155,10.81
NVDA,2026-09-03,2026-10-16,250.0,C,3.45,3.55,3.5,33.7531,0.247576,0.011945,-0.102707,0.247883,43,228.45,15381,65387,10.81
NVDA,2026-09-03,2026-10-16,255.0,C,2.56,2.6,2.58,33.5456,0.195153,0.010487,-0.088659,0.21629,43,228.45,9126,16326,10.81
NVDA,2026-09-03,2026-10-16,260.0,C,1.87,1.91,1.89,33.57,0.152239,0.008945,-0.075432,0.184634,43,228.45,4464,31214,10.81
NVDA,2026-09-03,2026-10-16,265.0,C,1.37,1.41,1.39,33.7653,0.118082,0.00747,-0.063502,0.15508,43,228.45,1636,9829,10.81
NVDA,2026-09-03,2026-10-16,270.0,C,1.0,1.04,1.02,34.0217,0.090955,0.006135,-0.052788,0.128334,43,228.45,4699,18071,10.81
NVDA,2026-09-03,2026-10-16,275.0,C,0.73,0.77,0.75,34.339,0.069816,0.004977,-0.043506,0.105069,43,228.45,918,7529,10.81
NVDA,2026-09-03,2026-10-16,280.0,C,0.55,0.56,0.555,34.5466,0.052666,0.003968,-0.03503,0.084282,43,228.45,672,17297,10.81
NVDA,2026-09-03,2026-10-16,285.0,C,0.41,0.44,0.425,35.279,0.041851,0.003232,-0.029688,0.070096,43,228.45,861,3340,10.81
NVDA,2026-09-03,2026-10-16,290.0,C,0.31,0.34,0.325,35.8893,0.032936,0.002612,-0.024787,0.057634,43,228.45,746,10275,10.81
NVDA,2026-09-03,2026-10-16,295.0,C,0.24,0.26,0.25,36.3776,0.025597,0.00209,-0.020344,0.046743,43,228.45,195,1276,10.81
NVDA,2026-09-03,2026-10-16,300.0,C,0.18,0.21,0.195,37.11,0.020634,0.001709,-0.017283,0.038983,43,228.45,2690,13768,10.81
NVDA,2026-09-03,2026-10-16,305.0,C,0.15,0.17,0.16,37.8424,0.016748,0.001403,-0.014736,0.032638,43,228.45,737,1193,10.81
NVDA,2026-09-03,2026-10-16,310.0,C,0.12,0.14,0.13,38.6237,0.013794,0.001163,-0.012716,0.027627,43,228.45,1453,3955,10.81
NVDA,2026-09-03,2026-10-16,315.0,C,0.09,0.11,0.1,39.1608,0.011008,0.000944,-0.010593,0.022723,43,228.45,1243,1187,10.81
NVDA,2026-09-03,2026-10-16,320.0,C,0.07,0.08,0.075,39.2584,0.008177,0.000726,-0.008181,0.017521,43,228.45,164,2429,10.81
NVDA,2026-09-03,2026-10-16,325.0,C,0.06,0.08,0.07,40.8209,0.00788,0.000676,-0.008227,0.01696,43,228.45,19,34,10.81
NVDA,2026-09-03,2026-10-16,330.0,C,0.05,0.06,0.055,41.0162,0.006024,0.000531,-0.006516,0.01338,43,228.45,49,4228,10.81
NVDA,2026-09-03,2026-10-16,335.0,C,0.03,0.06,0.045,42.3834,0.005728,0.000491,-0.006434,0.012795,43,228.45,1,129,10.81
NVDA,2026-09-03,2026-10-16,340.0,C,0.03,0.05,0.04,42.9693,0.004765,0.000411,-0.005533,0.010861,43,228.45,120,1566,10.81
NVDA,2026-09-03,2026-10-16,345.0,C,0.02,0.05,0.035,44.3365,0.00461,0.000387,-0.005539,0.010545,43,228.45,2,33,10.81
NVDA,2026-09-03,2026-10-16,350.0,C,0.02,0.03,0.025,43.5553,0.002984,0.000267,-0.003683,0.007141,43,228.45,731,11023,10.81
NVDA,2026-09-03,2026-10-16,355.0,C,0.02,0.04,0.03,46.0943,0.00369,0.000305,-0.004714,0.008641,43,228.45,1,64,10.81
NVDA,2026-09-03,2026-10-16,360.0,C,0.02,0.04,0.03,47.2662,0.003519,0.000285,-0.00463,0.008282,43,228.45,6,2765,10.81
NVDA,2026-09-03,2026-10-16,365.0,C,0.01,0.04,0.025,48.6333,0.003496,0.000275,-0.004733,0.008232,43,228.45,1,771,10.81
NVDA,2026-09-03,2026-10-16,370.0,C,0.01,0.02,0.015,46.8755,0.001932,0.000167,-0.002669,0.004817,43,228.45,1000,3474,10.81
NVDA,2026-09-03,2026-10-16,375.0,C,0.01,0.02,0.015,48.0474,0.001889,0.00016,-0.00268,0.004721,43,228.45,2,1076,10.81
NVDA,2026-09-03,2026-10-16,380.0,C,0.01,0.02,0.015,49.2193,0.001857,0.000154,-0.002701,0.004646,43,228.45,1,2595,10.81
NVDA,2026-09-03,2026-10-16,385.0,C,0.01,0.03,0.02,50.0005,0.001696,0.000139,-0.002526,0.00428,43,228.45,1,23,10.81
NVDA,2026-09-03,2026-10-16,390.0,C,0.01,0.02,0.015,50.0005,0.001328,0.000111,-0.00202,0.003424,43,228.45,2,2286,10.81
NVDA,2026-09-03,2026-10-16,395.0,C,0.01,0.03,0.02,52.3442,0.001676,0.000132,-0.002614,0.004234,43,228.45,1,21,10.81
NVDA,2026-09-03,2026-10-16,400.0,C,0.01,0.02,0.015,52.3442,0.001335,0.000107,-0.002123,0.00344,43,228.45,11,12863,10.81
NVDA,2026-09-03,2026-10-16,405.0,C,0.0,0.03,0.015,53.1255,0.001244,9.9e-05,-0.00202,0.003226,43,228.45,1,11,10.81
NVDA,2026-09-03,2026-10-16,410.0,C,0.0,0.01,0.005,50.0005,0.00049,4.4e-05,-0.000806,0.001367,43,228.45,2,1527,10.81
NVDA,2026-09-03,2026-10-16,415.0,C,0.0,0.03,0.015,55.4692,0.001276,9.7e-05,-0.002157,0.0033,43,228.45,1,11,10.81
NVDA,2026-09-03,2026-10-16,420.0,C,0.0,0.02,0.01,54.688,0.000884,7e-05,-0.001518,0.002357,43,228.45,1,493,10.81
NVDA,2026-09-03,2026-10-16,430.0,C,0.0,0.02,0.01,56.2504,0.000798,6.2e-05,-0.001422,0.002147,43,228.45,111,275,10.81
NVDA,2026-09-03,2026-10-16,440.0,C,0.01,0.02,0.015,60.1566,0.001145,8.1e-05,-0.002116,0.002988,43,228.45,7,637,10.81
NVDA,2026-09-03,2026-10-16,450.0,C,0.0,0.02,0.01,60.1566,0.000792,5.8e-05,-0.001508,0.002131,43,228.45,94,770,10.81
NVDA,2026-09-03,2026-10-16,455.0,C,0.0,0.02,0.01,60.9379,0.000766,5.5e-05,-0.001482,0.002067,43,228.45,14,712,10.81
NVDA,2026-09-03,2026-10-16,460.0,C,0.0,0.02,0.01,61.7191,0.000743,5.3e-05,-0.001459,0.00201,43,228.45,2,17229,10.81
NVDA,2026-09-03,2026-10-16,5.0,P,0.0,0.01,0.005,337.5002,-5.2e-05,1e-06,-0.000653,0.000167,43,228.45,1,4024,10.81
NVDA,2026-09-03,2026-10-16,10.0,P,0.0,0.01,0.005,275.0003,-7.5e-05,1e-06,-0.000754,0.000237,43,228.45,0,10,10.81
NVDA,2026-09-03,2026-10-16,20.0,P,0.0,0.02,0.01,221.8754,-0.000169,4e-06,-0.001303,0.000507,43,228.45,1,502,10.81
NVDA,2026-09-03,2026-10-16,25.0,P,0.0,0.02,0.01,200.0005,-0.000177,4e-06,-0.001226,0.000529,43,228.45,10,30,10.81
NVDA,2026-09-03,2026-10-16,35.0,P,0.0,0.02,0.01,168.7502,-0.000203,6e-06,-0.001177,0.000603,43,228.45,5,40,10.81
NVDA,2026-09-03,2026-10-16,40.0,P,0.0,0.02,0.01,157.8127,-0.000236,7e-06,-0.001268,0.000694,43,228.45,2,269,10.81
NVDA,2026-09-03,2026-10-16,45.0,P,0.0,0.02,0.01,146.8753,-0.000247,8e-06,-0.001231,0.000725,43,228.45,12,89,10.81
NVDA,2026-09-03,2026-10-16,50.0,P,0.01,0.03,0.02,145.3128,-0.000476,1.5e-05,-0.002237,0.001331,43,228.45,3,203,10.81
NVDA,2026-09-03,2026-10-16,55.0,P,0.01,0.03,0.02,136.7191,-0.000522,1.7e-05,-0.00229,0.00145,43,228.45,1,146,10.81
NVDA,2026-09-03,2026-10-16,60.0,P,0.01,0.03,0.02,128.1254,-0.000538,1.9e-05,-0.002206,0.00149,43,228.45,7,306,10.81
NVDA,2026-09-03,2026-10-16,65.0,P,0.01,0.04,0.025,123.4379,-0.000714,2.6e-05,-0.002761,0.001937,43,228.45,5,65,10.81
NVDA,2026-09-03,2026-10-16,70.0,P,0.01,0.04,0.025,116.4067,-0.000759,2.9e-05,-0.002753,0.002049,43,228.45,5,364,10.81
NVDA,2026-09-03,2026-10-16,75.0,P,0.01,0.05,0.03,111.7192,-0.000942,3.6e-05,-0.003222,0.002499,43,228.45,2,280,10.81
NVDA,2026-09-03,2026-10-16,80.0,P,0.02,0.05,0.035,107.0317,-0.001137,4.5e-05,-0.003666,0.00297,43,228.45,1,394,10.81
NVDA,2026-09-03,2026-10-16,85.0,P,0.03,0.05,0.04,102.3442,-0.001338,5.5e-05,-0.004068,0.003447,43,228.45,11,697,10.81
NVDA,2026-09-03,2026-10-16,90.0,P,0.04,0.06,0.05,98.8281,-0.001702,7.1e-05,-0.004889,0.004293,43,228.45,355,482,10.81
NVDA,2026-09-03,2026-10-16,95.0,P,0.05,0.08,0.065,96.0938,-0.002266,9.4e-05,-0.006161,0.005567,43,228.45,1,913,10.81
NVDA,2026-09-03,2026-10-16,100.0,P,0.06,0.09,0.075,92.1876,-0.002692,0.000115,-0.006905,0.006507,43,228.45,1,4604,10.81
NVDA,2026-09-03,2026-10-16,105.0,P,0.07,0.09,0.08,87.8907,-0.003051,0.000135,-0.007365,0.007283,43,228.45,2,1265,10.81
NVDA,2026-09-03,2026-10-16,110.0,P,0.08,0.1,0.09,83.9845,-0.003522,0.000161,-0.008003,0.008288,43,228.45,4,6747,10.81
NVDA,2026-09-03,2026-10-16,115.0,P,0.09,0.12,0.105,80.6643,-0.004226,0.000197,-0.009044,0.009757,43,228.45,508,3523,10.81
NVDA,2026-09-03,2026-10-16,120.0,P,0.11,0.14,0.125,77.6369,-0.005146,0.000244,-0.01037,0.011633,43,228.45,2500,10424,10.81
NVDA,2026-09-03,2026-10-16,125.0,P,0.12,0.16,0.14,74.219,-0.006006,0.000292,-0.011364,0.013345,43,228.45,5,4915,10.81
NVDA,2026-09-03,2026-10-16,130.0,P,0.14,0.17,0.155,70.7034,-0.006895,0.000347,-0.012221,0.015078,43,228.45,11,5040,10.81
NVDA,2026-09-03,2026-10-16,135.0,P,0.17,0.19,0.18,67.6761,-0.008203,0.000422,-0.013619,0.017571,43,228.45,84,4233,10.81
NVDA,2026-09-03,2026-10-16,140.0,P,0.2,0.21,0.205,64.6488,-0.009704,0.000512,-0.015058,0.020358,43,228.45,144,19343,10.81
NVDA,2026-09-03,2026-10-16,145.0,P,0.22,0.25,0.235,61.6215,-0.011427,0.00062,-0.01653,0.023472,43,228.45,6,8659,10.81
NVDA,2026-09-03,2026-10-16,150.0,P,0.26,0.28,0.27,58.7895,-0.013638,0.000757,-0.018358,0.027358,43,228.45,139,23423,10.81
NVDA,2026-09-03,2026-10-16,155.0,P,0.29,0.32,0.305,55.7622,-0.015961,0.000914,-0.019907,0.03132,43,228.45,20,13437,10.81
NVDA,2026-09-03,2026-10-16,160.0,P,0.34,0.37,0.355,53.0278,-0.019135,0.001122,-0.022067,0.036566,43,228.45,212,18029,10.81
NVDA,2026-09-03,2026-10-16,165.0,P,0.4,0.43,0.415,50.3911,-0.023122,0.001385,-0.024568,0.042917,43,228.45,141,22179,10.81
NVDA,2026-09-03,2026-10-16,170.0,P,0.47,0.5,0.485,47.9986,-0.028527,0.001734,-0.027845,0.051168,43,228.45,109,33295,10.81
NVDA,2026-09-03,2026-10-16,175.0,P,0.57,0.59,0.58,45.4351,-0.034736,0.002155,-0.030946,0.060214,43,228.45,160,19417,10.81
NVDA,2026-09-03,2026-10-16,180.0,P,0.7,0.73,0.715,43.2867,-0.043793,0.002732,-0.035508,0.072714,43,228.45,1144,63389,10.81
NVDA,2026-09-03,2026-10-16,185.0,P,0.89,0.92,0.905,41.297,-0.055886,0.003479,-0.041026,0.088334,43,228.45,806,20298,10.81
NVDA,2026-09-03,2026-10-16,190.0,P,1.15,1.18,1.165,39.4781,-0.072097,0.004437,-0.047642,0.107695,43,228.45,2997,22142,10.81
NVDA,2026-09-03,2026-10-16,195.0,P,1.51,1.54,1.525,37.8668,-0.093922,0.005645,-0.055526,0.131419,43,228.45,5778,38899,10.81
NVDA,2026-09-03,2026-10-16,200.0,P,2.02,2.07,2.045,36.6217,-0.123841,0.007122,-0.065199,0.160365,43,228.45,3231,41824,10.81
NVDA,2026-09-03,2026-10-16,205.0,P,2.73,2.79,2.76,35.5475,-0.16236,0.008813,-0.075556,0.192615,43,228.45,2486,27369,10.81
NVDA,2026-09-03,2026-10-16,210.0,P,3.65,3.8,3.725,34.8151,-0.211472,0.010601,-0.086553,0.22691,43,228.45,1842,18306,10.81
NVDA,2026-09-03,2026-10-16,215.0,P,4.9,5.0,4.95,33.7897,-0.267899,0.012431,-0.094724,0.258249,43,228.45,1301,8664,10.81
NVDA,2026-09-03,2026-10-16,220.0,P,6.5,6.65,6.575,33.2831,-0.335196,0.013963,-0.102103,0.285729,43,228.45,2079,55925,10.81
NVDA,2026-09-03,2026-10-16,225.0,P,8.45,8.55,8.5,32.447,-0.408314,0.015264,-0.104516,0.304518,43,228.45,5443,6407,10.81
NVDA,2026-09-03,2026-10-16,230.0,P,10.8,10.9,10.85,31.8488,-0.486795,0.015966,-0.103339,0.312645,43,228.45,2017,6049,10.81
NVDA,2026-09-03,2026-10-16,235.0,P,13.55,13.75,13.65,31.6169,-0.565775,0.015873,-0.09886,0.308555,43,228.45,603,1072,10.81
NVDA,2026-09-03,2026-10-16,240.0,P,16.7,16.9,16.8,31.1286,-0.643177,0.01528,-0.089152,0.292447,43,228.45,142,1028,10.81
NVDA,2026-09-03,2026-10-16,245.0,P,20.1,20.7,20.4,31.7451,-0.707805,0.0138,-0.080829,0.269352,43,228.45,14,263,10.81
NVDA,2026-09-03,2026-10-16,250.0,P,23.65,25.75,24.7,36.3532,-0.733931,0.011514,-0.089067,0.257356,43,228.45,98,998,10.81
NVDA,2026-09-03,2026-10-16,255.0,P,27.75,28.75,28.25,31.6352,-0.82061,0.010556,-0.053475,0.205313,43,228.45,20,859,10.81
NVDA,2026-09-03,2026-10-16,260.0,P,32.1,33.25,32.675,32.4103,-0.857166,0.008878,-0.04331,0.176912,43,228.45,72,249,10.81
NVDA,2026-09-03,2026-10-16,265.0,P,36.9,37.7,37.3,32.0075,-0.895422,0.007224,-0.028202,0.142165,43,228.45,2,215,10.81
NVDA,2026-09-03,2026-10-16,270.0,P,41.4,43.55,42.475,40.5035,-0.864509,0.006853,-0.055798,0.17067,43,228.45,182,875,10.81
NVDA,2026-09-03,2026-10-16,275.0,P,45.0,48.4,46.7,42.5787,-0.878145,0.006057,-0.053107,0.158557,43,228.45,6,34,10.81
NVDA,2026-09-03,2026-10-16,280.0,P,49.2,53.8,51.5,47.9619,-0.870114,0.005622,-0.066694,0.165775,43,228.45,1,17,10.81
NVDA,2026-09-03,2026-10-16,285.0,P,52.1,61.3,56.7,64.0262,-0.809622,0.005412,-0.133501,0.213042,43,228.45,2,0,10.81
NVDA,2026-09-03,2026-10-16,290.0,P,58.7,64.1,61.4,55.4326,-0.871933,0.004817,-0.078963,0.164161,43,228.45,2,0,10.81
NVDA,2026-09-03,2026-10-16,295.0,P,63.65,69.05,66.35,57.8373,-0.878272,0.004456,-0.079054,0.158441,43,228.45,5,0,10.81
NVDA,2026-09-03,2026-10-16,300.0,P,67.35,73.85,70.6,59.1435,-0.888577,0.004092,-0.074104,0.148806,43,228.45,1,1,10.81
NVDA,2026-09-03,2026-10-16,310.0,P,77.0,86.1,81.55,77.466,-0.840992,0.003989,-0.142788,0.190009,43,228.45,22,0,10.81
NVDA,2026-09-03,2026-10-16,370.0,P,136.9,146.0,141.45,104.4438,-0.875654,0.002504,-0.16003,0.160822,43,228.45,32,0,10.81
NVDA,2026-09-03,2026-10-16,390.0,P,157.1,166.0,161.55,112.1342,-0.882132,0.002246,-0.164475,0.154882,43,228.45,1,0,10.81
NVDA,2026-09-03,2026-10-16,400.0,P,167.15,175.55,171.35,112.7934,-0.892867,0.002086,-0.151039,0.144666,43,228.45,1,1,10.81
NVDA,2026-09-03,2026-10-16,410.0,P,178.3,184.25,181.275,106.4458,-0.920138,0.001779,-0.10387,0.116419,43,228.45,1,0,10.81
NVDA,2026-09-03,2026-10-16,440.0,P,229.7,231.95,230.825,198.645,-0.730384,0.002121,-0.557918,0.259079,43,228.45,0,0,10.81
NVDA,2026-09-03,2026-10-16,455.0,P,221.9,231.0,226.45,133.6673,-0.896658,0.001715,-0.174624,0.140944,43,228.45,2,0,10.81
NVDA,2026-09-03,2026-10-16,460.0,P,228.45,234.25,231.35,121.4115,-0.92794,0.001442,-0.106472,0.107653,43,228.45,4,0,10.81
NVDA,2026-09-03,2026-11-20,50.0,C,174.0,183.4,178.7,142.0901,0.996018,7.9e-05,-0.016316,0.012461,78,228.45,1,31,10.81
NVDA,2026-09-03,2026-11-20,60.0,C,145.05,153.0,149.025,0.001,1.0,0.0,-0.006099,0.0,78,228.45,1,48,10.81
NVDA,2026-09-03,2026-11-20,65.0,C,159.15,168.55,163.85,126.1722,0.99306,0.000145,-0.022927,0.020425,78,228.45,20,29,10.81
NVDA,2026-09-03,2026-11-20,70.0,C,154.2,163.7,158.95,123.0961,0.991277,0.000182,-0.026571,0.024975,78,228.45,5,31,10.81
NVDA,2026-09-03,2026-11-20,75.0,C,149.25,158.75,154.0,118.018,0.990071,0.000213,-0.028501,0.027971,78,228.45,3,16,10.81
NVDA,2026-09-03,2026-11-20,80.0,C,144.35,153.75,149.05,113.1352,0.988787,0.000246,-0.030366,0.031098,78,228.45,3,42,10.81
NVDA,2026-09-03,2026-11-20,85.0,C,139.35,148.85,144.1,108.4477,0.987412,0.000284,-0.032185,0.03438,78,228.45,1,45,10.81
NVDA,2026-09-03,2026-11-20,90.0,C,134.45,143.9,139.175,104.5415,0.985581,0.000332,-0.034649,0.038658,78,228.45,1,83,10.81
NVDA,2026-09-03,2026-11-20,95.0,C,130.4,138.4,134.4,103.7358,0.981519,0.000413,-0.040929,0.047814,78,228.45,10,38,10.81
NVDA,2026-09-03,2026-11-20,100.0,C,125.5,131.25,128.375,123.0228,0.960035,0.000663,-0.080677,0.090941,78,228.45,2,283,10.81
NVDA,2026-09-03,2026-11-20,105.0,C,120.35,128.75,124.55,95.5811,0.97716,0.000537,-0.045086,0.057207,78,228.45,1,241,10.81
NVDA,2026-09-03,2026-11-20,110.0,C,115.0,124.2,119.6,91.2599,0.975133,0.000604,-0.046437,0.061446,78,228.45,1,209,10.81
NVDA,2026-09-03,2026-11-20,115.0,C,110.0,116.9,113.45,110.5717,0.946741,0.000929,-0.091286,0.114526,78,228.45,1,324,10.81
NVDA,2026-09-03,2026-11-20,120.0,C,105.8,113.75,109.775,83.9845,0.969468,0.000778,-0.050612,0.072912,78,228.45,14,457,10.81
NVDA,2026-09-03,2026-11-20,125.0,C,101.9,109.0,105.45,86.7677,0.957631,0.000985,-0.06456,0.095352,78,228.45,30,302,10.81
NVDA,2026-09-03,2026-11-20,130.0,C,98.35,104.4,101.375,89.9537,0.943281,0.0012,-0.081014,0.120367,78,228.45,30,380,10.81
NVDA,2026-09-03,2026-11-20,135.0,C,91.1,99.05,95.075,73.7796,0.958746,0.001134,-0.056737,0.093314,78,228.45,42,387,10.81
NVDA,2026-09-03,2026-11-20,140.0,C,86.75,94.5,90.625,74.3899,0.94729,0.001369,-0.066958,0.113588,78,228.45,42,1476,10.81
NVDA,2026-09-03,2026-11-20,145.0,C,81.6,87.2,84.4,58.2524,0.968018,0.001166,-0.042195,0.075764,78,228.45,42,476,10.81
NVDA,2026-09-03,2026-11-20,150.0,C,77.65,81.5,79.575,56.4946,0.961803,0.001391,-0.045993,0.087652,78,228.45,47,1037,10.81
NVDA,2026-09-03,2026-11-20,155.0,C,71.95,79.1,75.525,60.8646,0.939154,0.001874,-0.063761,0.127188,78,228.45,32,1891,10.81
NVDA,2026-09-03,2026-11-20,160.0,C,70.25,71.55,70.9,59.3998,0.928321,0.00218,-0.069341,0.144402,78,228.45,33,1271,10.81
NVDA,2026-09-03,2026-11-20,165.0,C,64.25,66.75,65.5,52.7837,0.931653,0.002365,-0.062085,0.139209,78,228.45,35,1438,10.81
NVDA,2026-09-03,2026-11-20,170.0,C,61.05,62.0,61.525,54.9321,0.906947,0.002869,-0.076715,0.175788,78,228.45,60,1560,10.81
NVDA,2026-09-03,2026-11-20,175.0,C,56.5,57.25,56.875,52.6372,0.894326,0.003286,-0.08009,0.192922,78,228.45,66,1931,10.81
NVDA,2026-09-03,2026-11-20,180.0,C,51.75,52.95,52.35,50.739,0.878512,0.003766,-0.084398,0.213097,78,228.45,54,7081,10.81
NVDA,2026-09-03,2026-11-20,185.0,C,47.35,48.5,47.925,51.2822,0.851325,0.00428,-0.095315,0.244777,78,228.45,39,3553,10.81
NVDA,2026-09-03,2026-11-20,190.0,C,42.95,44.15,43.55,49.3413,0.830732,0.004843,-0.099106,0.266503,78,228.45,107,3643,10.81
NVDA,2026-09-03,2026-11-20,195.0,C,39.1,39.75,39.425,46.961,0.809114,0.005487,-0.101276,0.2874,78,228.45,38,3838,10.81
NVDA,2026-09-03,2026-11-20,200.0,C,34.9,35.95,35.425,46.2164,0.778386,0.006092,-0.107459,0.314006,78,228.45,210,24932,10.81
NVDA,2026-09-03,2026-11-20,205.0,C,31.2,31.85,31.525,44.1412,0.7492,0.006828,-0.109291,0.336163,78,228.45,140,5227,10.81
NVDA,2026-09-03,2026-11-20,210.0,C,27.65,28.25,27.95,43.0975,0.713081,0.007483,-0.113067,0.359681,78,228.45,734,11916,10.81
NVDA,2026-09-03,2026-11-20,215.0,C,24.5,25.05,24.775,42.6214,0.672581,0.00802,-0.117246,0.381245,78,228.45,506,7162,10.81
NVDA,2026-09-03,2026-11-20,220.0,C,21.4,21.65,21.525,41.1383,0.631301,0.008681,-0.117501,0.39828,78,228.45,2620,16612,10.81
NVDA,2026-09-03,2026-11-20,225.0,C,18.55,18.8,18.675,40.5005,0.586121,0.009109,-0.118534,0.411455,78,228.45,2246,11601,10.81
NVDA,2026-09-03,2026-11-20,230.0,C,16.05,16.25,16.15,40.0458,0.539513,0.009387,-0.11851,0.419242,78,228.45,2102,31458,10.81
NVDA,2026-09-03,2026-11-20,235.0,C,13.7,13.95,13.825,39.6399,0.49241,0.009528,-0.117066,0.421234,78,228.45,636,10627,10.81
NVDA,2026-09-03,2026-11-20,240.0,C,11.65,11.9,11.775,39.295,0.445636,0.009524,-0.114289,0.417393,78,228.45,1450,19880,10.81
NVDA,2026-09-03,2026-11-20,245.0,C,9.85,10.05,9.95,38.9014,0.399529,0.009401,-0.10998,0.407878,78,228.45,1273,10720,10.81
NVDA,2026-09-03,2026-11-20,250.0,C,8.3,8.5,8.4,38.7366,0.355977,0.009109,-0.105136,0.393548,78,228.45,3073,33133,10.81
NVDA,2026-09-03,2026-11-20,255.0,C,6.95,7.1,7.025,38.4589,0.31399,0.008734,-0.098941,0.37464,78,228.45,1663,6302,10.81
NVDA,2026-09-03,2026-11-20,260.0,C,5.8,5.9,5.85,38.233,0.274804,0.008261,-0.092124,0.352257,78,228.45,923,17476,10.81
NVDA,2026-09-03,2026-11-20,265.0,C,4.8,4.95,4.875,38.2697,0.240319,0.007698,-0.085684,0.328541,78,228.45,426,7459,10.81
NVDA,2026-09-03,2026-11-20,270.0,C,4.0,4.1,4.05,38.1781,0.208022,0.007108,-0.078495,0.302669,78,228.45,1688,11597,10.81
NVDA,2026-09-03,2026-11-20,275.0,C,3.3,3.4,3.35,38.1781,0.1795,0.006497,-0.07153,0.276629,78,228.45,3466,9470,10.81
NVDA,2026-09-03,2026-11-20,280.0,C,2.71,2.81,2.76,38.1842,0.15406,0.005885,-0.064648,0.250638,78,228.45,980,10516,10.81
NVDA,2026-09-03,2026-11-20,285.0,C,2.19,2.35,2.27,38.3612,0.132754,0.005298,-0.058588,0.226664,78,228.45,468,4265,10.81
NVDA,2026-09-03,2026-11-20,290.0,C,1.84,1.95,1.895,38.4711,0.113606,0.004736,-0.05256,0.203213,78,228.45,483,4087,10.81
NVDA,2026-09-03,2026-11-20,295.0,C,1.54,1.6,1.57,38.5016,0.09637,0.004201,-0.0466,0.180385,78,228.45,115,1443,10.81
NVDA,2026-09-03,2026-11-20,300.0,C,1.27,1.32,1.295,38.5992,0.081815,0.003709,-0.041281,0.159684,78,228.45,1148,11039,10.81
NVDA,2026-09-03,2026-11-20,310.0,C,0.64,1.0,0.82,39.6612,0.06305,0.002956,-0.034613,0.130769,78,228.45,145,3714,10.81
NVDA,2026-09-03,2026-11-20,320.0,C,0.59,0.85,0.72,41.4923,0.05268,0.002454,-0.031338,0.113537,78,228.45,76,2504,10.81
NVDA,2026-09-03,2026-11-20,330.0,C,0.39,0.45,0.42,39.8444,0.031356,0.001677,-0.019722,0.074537,78,228.45,98,1441,10.81
NVDA,2026-09-03,2026-11-20,340.0,C,0.24,0.52,0.38,43.4576,0.032953,0.001602,-0.022348,0.077656,78,228.45,22,1646,10.81
NVDA,2026-09-03,2026-11-20,350.0,C,0.15,0.25,0.2,41.3092,0.01801,0.001015,-0.01278,0.046773,78,228.45,82,1136,10.81
NVDA,2026-09-03,2026-11-20,360.0,C,0.06,0.18,0.12,41.7486,0.013258,0.000772,-0.009913,0.035957,78,228.45,9,2570,10.81
NVDA,2026-09-03,2026-11-20,370.0,C,0.09,0.11,0.1,41.4068,0.008618,0.000535,-0.006749,0.024713,78,228.45,802,3844,10.81
NVDA,2026-09-03,2026-11-20,380.0,C,0.01,0.1,0.055,42.8717,0.007588,0.000462,-0.006239,0.022097,78,228.45,4,1672,10.81
NVDA,2026-09-03,2026-11-20,390.0,C,0.02,0.11,0.065,45.2154,0.007846,0.000451,-0.006767,0.022756,78,228.45,25,737,10.81
NVDA,2026-09-03,2026-11-20,400.0,C,0.04,0.05,0.045,43.3599,0.003972,0.000257,-0.003543,0.012432,78,228.45,2030,6884,10.81
NVDA,2026-09-03,2026-11-20,410.0,C,0.0,0.14,0.07,50.1958,0.008896,0.000454,-0.008369,0.025409,78,228.45,1,1185,10.81
NVDA,2026-09-03,2026-11-20,420.0,C,0.0,0.34,0.17,53.1255,0.010058,0.000477,-0.009851,0.028288,78,228.45,17,622,10.81
NVDA,2026-09-03,2026-11-20,430.0,C,0.01,0.03,0.02,46.0943,0.00237,0.000152,-0.00236,0.007811,78,228.45,14,154,10.81
NVDA,2026-09-03,2026-11-20,440.0,C,0.0,0.03,0.015,47.4615,0.002246,0.000141,-0.002313,0.007439,78,228.45,53,671,10.81
NVDA,2026-09-03,2026-11-20,450.0,C,0.0,0.13,0.065,52.5395,0.004183,0.000222,-0.004477,0.013023,78,228.45,3,136,10.81
NVDA,2026-09-03,2026-11-20,455.0,C,0.0,0.02,0.01,48.0474,0.001564,0.0001,-0.001683,0.005353,78,228.45,63,2916,10.81
NVDA,2026-09-03,2026-11-20,460.0,C,0.0,0.02,0.01,48.8286,0.001576,9.9e-05,-0.001722,0.005391,78,228.45,3,4624,10.81
NVDA,2026-09-03,2026-11-20,50.0,P,0.01,0.04,0.025,110.9379,-0.000609,1.8e-05,-0.001586,0.002253,78,228.45,10,1178,10.81
NVDA,2026-09-03,2026-11-20,55.0,P,0.0,0.05,0.025,103.9067,-0.000638,2e-05,-0.001549,0.002351,78,228.45,12,368,10.81
NVDA,2026-09-03,2026-11-20,60.0,P,0.0,0.06,0.03,99.6094,-0.000813,2.6e-05,-0.001856,0.002941,78,228.45,1,300,10.81
NVDA,2026-09-03,2026-11-20,65.0,P,0.0,0.35,0.175,113.0864,-0.00367,9.2e-05,-0.008293,0.011581,78,228.45,2,133,10.81
NVDA,2026-09-03,2026-11-20,70.0,P,0.04,0.09,0.065,95.3125,-0.001734,5.5e-05,-0.003546,0.00588,78,228.45,11,332,10.81
NVDA,2026-09-03,2026-11-20,75.0,P,0.02,0.36,0.19,101.7583,-0.004396,0.00012,-0.00876,0.013615,78,228.45,16,326,10.81
NVDA,2026-09-03,2026-11-20,80.0,P,0.05,0.11,0.08,86.9142,-0.00231,7.9e-05,-0.00419,0.007631,78,228.45,10,1348,10.81
NVDA,2026-09-03,2026-11-20,85.0,P,0.0,0.38,0.19,90.9181,-0.004919,0.000148,-0.008638,0.015049,78,228.45,1,710,10.81
NVDA,2026-09-03,2026-11-20,90.0,P,0.04,0.12,0.08,77.7346,-0.002602,9.8e-05,-0.004166,0.008498,78,228.45,25,427,10.81
NVDA,2026-09-03,2026-11-20,95.0,P,0.02,0.2,0.11,76.0745,-0.003534,0.000132,-0.005367,0.011197,78,228.45,2,792,10.81
NVDA,2026-09-03,2026-11-20,100.0,P,0.12,0.14,0.13,73.3401,-0.004271,0.000162,-0.006126,0.013267,78,228.45,765,5585,10.81
NVDA,2026-09-03,2026-11-20,105.0,P,0.1,0.2,0.15,70.5081,-0.005049,0.000196,-0.006831,0.015404,78,228.45,1,426,10.81
NVDA,2026-09-03,2026-11-20,110.0,P,0.16,0.24,0.2,69.1409,-0.00673,0.000258,-0.008633,0.019876,78,228.45,8,2545,10.81
NVDA,2026-09-03,2026-11-20,115.0,P,0.21,0.26,0.235,66.6996,-0.00806,0.000313,-0.009753,0.023301,78,228.45,18,6683,10.81
NVDA,2026-09-03,2026-11-20,120.0,P,0.2,0.4,0.3,65.1371,-0.0103,0.000398,-0.011791,0.028881,78,228.45,61,4822,10.81
NVDA,2026-09-03,2026-11-20,125.0,P,0.29,0.33,0.31,61.6703,-0.011135,0.000449,-0.011931,0.03091,78,228.45,42,5237,10.81
NVDA,2026-09-03,2026-11-20,130.0,P,0.34,0.37,0.355,59.2778,-0.013088,0.000538,-0.013174,0.03556,78,228.45,101,5703,10.81
NVDA,2026-09-03,2026-11-20,135.0,P,0.4,0.44,0.42,57.227,-0.01574,0.000653,-0.014884,0.041682,78,228.45,4,8206,10.81
NVDA,2026-09-03,2026-11-20,140.0,P,0.47,0.51,0.49,55.0786,-0.018676,0.000785,-0.016551,0.048242,78,228.45,6,8909,10.81
NVDA,2026-09-03,2026-11-20,145.0,P,0.55,0.6,0.575,53.0766,-0.022323,0.000948,-0.018517,0.056114,78,228.45,3,6419,10.81
NVDA,2026-09-03,2026-11-20,150.0,P,0.65,0.7,0.675,51.1235,-0.026678,0.001143,-0.020671,0.065169,78,228.45,54,17953,10.81
NVDA,2026-09-03,2026-11-20,155.0,P,0.77,0.82,0.795,49.5122,-0.032586,0.001393,-0.023583,0.076942,78,228.45,567,7801,10.81
NVDA,2026-09-03,2026-11-20,160.0,P,0.93,0.99,0.96,47.9009,-0.039616,0.00169,-0.026708,0.090294,78,228.45,118,22002,10.81
NVDA,2026-09-03,2026-11-20,165.0,P,1.13,1.21,1.17,46.4605,-0.048504,0.002052,-0.030415,0.106307,78,228.45,142,10091,10.81
NVDA,2026-09-03,2026-11-20,170.0,P,1.4,1.45,1.425,44.8614,-0.058532,0.002466,-0.033979,0.123381,78,228.45,94,21879,10.81
NVDA,2026-09-03,2026-11-20,175.0,P,1.71,1.78,1.745,43.5675,-0.071629,0.00297,-0.038467,0.144324,78,228.45,191,19568,10.81
NVDA,2026-09-03,2026-11-20,180.0,P,2.12,2.17,2.145,42.2491,-0.087071,0.003551,-0.043078,0.16732,78,228.45,350,28304,10.81
NVDA,2026-09-03,2026-11-20,185.0,P,2.66,2.71,2.685,41.2848,-0.106992,0.004228,-0.048761,0.194657,78,228.45,233,11694,10.81
NVDA,2026-09-03,2026-11-20,190.0,P,3.3,3.35,3.325,40.296,-0.130213,0.004977,-0.054415,0.223659,78,228.45,1083,14570,10.81
NVDA,2026-09-03,2026-11-20,195.0,P,4.1,4.2,4.15,39.6246,-0.158772,0.005785,-0.060833,0.255661,78,228.45,249,16778,10.81
NVDA,2026-09-03,2026-11-20,200.0,P,5.1,5.2,5.15,38.9166,-0.191149,0.006627,-0.066798,0.287643,78,228.45,1276,44488,10.81
NVDA,2026-09-03,2026-11-20,205.0,P,6.25,6.4,6.325,38.2819,-0.227935,0.007473,-0.072361,0.319055,78,228.45,588,8144,10.81
NVDA,2026-09-03,2026-11-20,210.0,P,7.65,7.8,7.725,37.6441,-0.268667,0.008297,-0.07703,0.348319,78,228.45,638,14981,10.81
NVDA,2026-09-03,2026-11-20,215.0,P,9.3,9.45,9.375,37.0978,-0.31342,0.009048,-0.080794,0.374348,78,228.45,682,10664,10.81
NVDA,2026-09-03,2026-11-20,220.0,P,11.15,11.35,11.25,36.5851,-0.361418,0.009696,-0.083247,0.395628,78,228.45,1377,9266,10.81
NVDA,2026-09-03,2026-11-20,225.0,P,13.25,13.5,13.375,36.0816,-0.411945,0.010214,-0.084135,0.411005,78,228.45,541,6174,10.81
NVDA,2026-09-03,2026-11-20,230.0,P,15.65,15.9,15.775,35.5689,-0.464264,0.010578,-0.083289,0.419619,78,228.45,799,5991,10.81
NVDA,2026-09-03,2026-11-20,235.0,P,18.25,18.6,18.425,35.1569,-0.517347,0.010735,-0.080965,0.420912,78,228.45,97,873,10.81
NVDA,2026-09-03,2026-11-20,240.0,P,20.3,22.45,21.375,36.9025,-0.562368,0.010111,-0.083112,0.416151,78,228.45,98,1204,10.81
NVDA,2026-09-03,2026-11-20,245.0,P,24.2,24.85,24.525,34.5649,-0.620885,0.010423,-0.072097,0.401817,78,228.45,77,897,10.81
NVDA,2026-09-03,2026-11-20,250.0,P,26.75,29.25,28.0,36.6828,-0.655298,0.009508,-0.073285,0.388971,78,228.45,1112,869,10.81
NVDA,2026-09-03,2026-11-20,255.0,P,31.05,33.1,32.075,36.9757,-0.695325,0.008966,-0.068136,0.369743,78,228.45,2,245,10.81
NVDA,2026-09-03,2026-11-20,260.0,P,34.05,37.05,35.55,37.0825,-0.733132,0.008394,-0.061737,0.347142,78,228.45,40,875,10.81
NVDA,2026-09-03,2026-11-20,265.0,P,38.1,41.15,39.625,37.1832,-0.767604,0.007778,-0.054877,0.322533,78,228.45,38,569,10.81
NVDA,2026-09-03,2026-11-20,270.0,P,43.25,45.45,44.35,37.5189,-0.796919,0.007131,-0.048644,0.29838,78,228.45,20,486,10.81
NVDA,2026-09-03,2026-11-20,275.0,P,47.8,50.0,48.9,38.3856,-0.818946,0.006497,-0.044344,0.278129,78,228.45,42,26,10.81
NVDA,2026-09-03,2026-11-20,280.0,P,51.75,53.55,52.65,34.6442,-0.872964,0.00569,-0.023115,0.219858,78,228.45,19,52,10.81
NVDA,2026-09-03,2026-11-20,285.0,P,56.35,58.0,57.175,33.8508,-0.900441,0.004893,-0.013286,0.184741,78,228.45,3,182,10.81
NVDA,2026-09-03,2026-11-20,290.0,P,61.1,62.9,62.0,35.1813,-0.909292,0.004396,-0.011396,0.172496,78,228.45,198,123,10.81
NVDA,2026-09-03,2026-11-20,295.0,P,65.9,68.85,67.375,42.2186,-0.879284,0.004505,-0.030001,0.212143,78,228.45,8,1,10.81
NVDA,2026-09-03,2026-11-20,300.0,P,70.75,72.5,71.625,36.0114,-0.933897,0.003378,-0.002263,0.135662,78,228.45,8,7,10.81
NVDA,2026-09-03,2026-11-20,310.0,P,77.0,86.45,81.725,59.1618,-0.828989,0.004066,-0.073707,0.268259,78,228.45,1,4,10.81
NVDA,2026-09-03,2026-11-20,320.0,P,110.25,112.75,111.5,107.7947,-0.659501,0.00322,-0.24091,0.387171,78,228.45,1,0,10.81
NVDA,2026-09-03,2026-11-20,330.0,P,96.95,106.0,101.475,64.9418,-0.852757,0.003358,-0.070673,0.243196,78,228.45,25,0,10.81
NVDA,2026-09-03,2026-11-20,340.0,P,106.9,116.0,111.45,68.4207,-0.85853,0.003102,-0.072109,0.236728,78,228.45,1,1,10.81
NVDA,2026-09-03,2026-11-20,350.0,P,135.4,139.75,137.575,109.8942,-0.715672,0.002922,-0.221708,0.358132,78,228.45,1,0,10.81
NVDA,2026-09-03,2026-11-20,360.0,P,126.9,136.0,131.45,74.9148,-0.868001,0.002702,-0.074451,0.225774,78,228.45,1,0,10.81
NVDA,2026-09-03,2026-11-20,390.0,P,178.4,184.75,181.575,135.1993,-0.702101,0.002427,-0.282484,0.366017,78,228.45,0,0,10.81
NVDA,2026-09-03,2026-11-20,460.0,P,226.9,236.0,231.45,100.8855,-0.894431,0.001713,-0.079925,0.192784,78,228.45,2,0,10.81
