symbol,quote_date,expiration,strike,option_type,bid,ask,mid,implied_volatility,delta,gamma,theta,vega,dte,underlying_price,volume,open_interest,iv_rank
NVDA,2026-08-31,2026-09-09,110.0,C,106.6,115.45,111.025,191.9922,0.993143,0.000287,-0.081821,0.006634,9,220.78,0,6,9.17
NVDA,2026-08-31,2026-09-09,150.0,C,67.0,73.8,70.4,190.3809,0.925844,0.002126,-0.527986,0.048653,9,220.78,0,4,9.17
NVDA,2026-08-31,2026-09-09,155.0,C,62.25,68.9,65.575,179.4923,0.919132,0.002409,-0.531904,0.051962,9,220.78,0,4,9.17
NVDA,2026-08-31,2026-09-09,160.0,C,57.0,65.15,61.075,99.4141,0.984087,0.001156,-0.092249,0.013812,9,220.78,0,17,9.17
NVDA,2026-08-31,2026-09-09,165.0,C,51.7,58.9,55.3,155.0539,0.906851,0.003099,-0.511964,0.057751,9,220.78,1,17,9.17
NVDA,2026-08-31,2026-09-09,170.0,C,47.45,53.65,50.55,139.5267,0.904342,0.003512,-0.471485,0.058895,9,220.78,0,26,9.17
NVDA,2026-08-31,2026-09-09,175.0,C,41.75,48.95,45.35,132.2269,0.890172,0.004097,-0.493463,0.065116,9,220.78,0,25,9.17
NVDA,2026-08-31,2026-09-09,180.0,C,37.2,43.7,40.45,117.4321,0.885825,0.004743,-0.452332,0.066949,9,220.78,0,10,9.17
NVDA,2026-08-31,2026-09-09,185.0,C,31.85,39.0,35.425,109.8881,0.867849,0.005616,-0.468471,0.074176,9,220.78,4,16,9.17
NVDA,2026-08-31,2026-09-09,187.5,C,29.85,36.15,33.0,100.0005,0.869679,0.006112,-0.424102,0.073465,9,220.78,60,25,9.17
NVDA,2026-08-31,2026-09-09,190.0,C,29.45,33.2,31.325,59.1801,0.952742,0.004805,-0.130673,0.034179,9,220.78,7,32,9.17
NVDA,2026-08-31,2026-09-09,192.5,C,25.05,32.3,28.675,51.3188,0.96017,0.004827,-0.103616,0.029772,9,220.78,12,13,9.17
NVDA,2026-08-31,2026-09-09,195.0,C,21.9,29.15,25.525,88.6964,0.833417,0.008123,-0.442549,0.086592,9,220.78,8,47,9.17
NVDA,2026-08-31,2026-09-09,197.5,C,19.95,26.45,23.2,80.884,0.828453,0.009077,-0.412534,0.08824,9,220.78,11,52,9.17
NVDA,2026-08-31,2026-09-09,200.0,C,19.55,22.95,21.25,64.7587,0.848957,0.010433,-0.308989,0.081206,9,220.78,56,72,9.17
NVDA,2026-08-31,2026-09-09,202.5,C,17.2,19.45,18.325,47.8521,0.884933,0.011705,-0.196957,0.06732,9,220.78,1,18,9.17
NVDA,2026-08-31,2026-09-09,205.0,C,14.95,17.05,16.0,44.2877,0.867433,0.013965,-0.20074,0.074337,9,220.78,43,117,9.17
NVDA,2026-08-31,2026-09-09,207.5,C,12.55,14.7,13.625,40.9918,0.843809,0.016852,-0.206632,0.083029,9,220.78,32,90,9.17
NVDA,2026-08-31,2026-09-09,210.0,C,10.3,12.45,11.375,38.2819,0.81006,0.020443,-0.217062,0.09406,9,220.78,391,425,9.17
NVDA,2026-08-31,2026-09-09,212.5,C,8.3,11.2,9.75,43.3599,0.728728,0.022047,-0.292098,0.114899,9,220.78,120,194,9.17
NVDA,2026-08-31,2026-09-09,215.0,C,6.6,8.2,7.4,33.1061,0.710211,0.029814,-0.233392,0.118631,9,220.78,637,746,9.17
NVDA,2026-08-31,2026-09-09,217.5,C,4.85,6.2,5.525,30.1643,0.640245,0.035767,-0.231129,0.12967,9,220.78,3486,544,9.17
NVDA,2026-08-31,2026-09-09,220.0,C,4.2,4.6,4.4,28.8459,0.548193,0.039601,-0.231941,0.137297,9,220.78,10296,2695,9.17
NVDA,2026-08-31,2026-09-09,222.5,C,2.75,3.5,3.125,29.4197,0.450275,0.03881,-0.234114,0.137231,9,220.78,1402,869,9.17
NVDA,2026-08-31,2026-09-09,225.0,C,2.15,2.41,2.28,28.4431,0.351607,0.037625,-0.210954,0.128625,9,220.78,6560,1517,9.17
NVDA,2026-08-31,2026-09-09,227.5,C,1.31,1.98,1.645,30.9211,0.282885,0.031558,-0.207667,0.117281,9,220.78,3253,2536,9.17
NVDA,2026-08-31,2026-09-09,230.0,C,0.91,1.09,1.0,28.0769,0.188064,0.027703,-0.149968,0.093487,9,220.78,3778,10767,9.17
NVDA,2026-08-31,2026-09-09,232.5,C,0.49,0.75,0.62,28.6384,0.134098,0.021768,-0.122169,0.074926,9,220.78,2395,2510,9.17
NVDA,2026-08-31,2026-09-09,235.0,C,0.3,0.47,0.385,28.5652,0.088729,0.016225,-0.090365,0.055706,9,220.78,1069,4537,9.17
NVDA,2026-08-31,2026-09-09,237.5,C,0.22,0.35,0.285,29.8835,0.065189,0.012266,-0.074585,0.044057,9,220.78,467,395,9.17
NVDA,2026-08-31,2026-09-09,240.0,C,0.14,0.18,0.16,28.907,0.036251,0.007935,-0.04508,0.02757,9,220.78,31526,78167,9.17
NVDA,2026-08-31,2026-09-09,242.5,C,0.01,0.13,0.07,29.9812,0.025584,0.005733,-0.034975,0.020658,9,220.78,100,372,9.17
NVDA,2026-08-31,2026-09-09,245.0,C,0.0,0.11,0.055,31.739,0.020419,0.004478,-0.030575,0.017083,9,220.78,369,2327,9.17
NVDA,2026-08-31,2026-09-09,247.5,C,0.0,0.27,0.135,40.1373,0.038654,0.006023,-0.065639,0.029055,9,220.78,189,627,9.17
NVDA,2026-08-31,2026-09-09,250.0,C,0.04,0.07,0.055,34.4733,0.01216,0.002644,-0.021247,0.010953,9,220.78,530,14082,9.17
NVDA,2026-08-31,2026-09-09,252.5,C,0.01,0.04,0.025,34.1803,0.007001,0.001645,-0.012986,0.006757,9,220.78,18,8,9.17
NVDA,2026-08-31,2026-09-09,255.0,C,0.0,0.24,0.12,47.315,0.029384,0.004077,-0.061593,0.023186,9,220.78,19,134,9.17
NVDA,2026-08-31,2026-09-09,260.0,C,0.0,0.04,0.02,40.6256,0.00592,0.001193,-0.013278,0.005825,9,220.78,139,371,9.17
NVDA,2026-08-31,2026-09-09,265.0,C,0.01,0.23,0.12,51.563,0.013801,0.001972,-0.035308,0.01222,9,220.78,12,227,9.17
NVDA,2026-08-31,2026-09-09,270.0,C,0.0,0.13,0.065,51.563,0.007471,0.001155,-0.020662,0.007155,9,220.78,65,109,9.17
NVDA,2026-08-31,2026-09-09,275.0,C,0.0,0.07,0.035,51.9536,0.004148,0.000679,-0.012338,0.004243,9,220.78,435,31,9.17
NVDA,2026-08-31,2026-09-09,280.0,C,0.0,0.01,0.005,49.2193,0.001247,0.000242,-0.003936,0.001429,9,220.78,18,208,9.17
NVDA,2026-08-31,2026-09-09,285.0,C,0.0,0.23,0.115,68.1644,0.010083,0.001136,-0.035462,0.009306,9,220.78,1,94,9.17
NVDA,2026-08-31,2026-09-09,130.0,P,0.0,0.05,0.025,114.8442,-0.001214,0.000101,-0.008867,0.001394,9,220.78,0,12,9.17
NVDA,2026-08-31,2026-09-09,135.0,P,0.0,0.24,0.12,127.3441,-0.005167,0.000337,-0.036391,0.005161,9,220.78,0,20,9.17
NVDA,2026-08-31,2026-09-09,140.0,P,0.0,0.24,0.12,118.7504,-0.005526,0.000384,-0.036017,0.00548,9,220.78,0,60,9.17
NVDA,2026-08-31,2026-09-09,145.0,P,0.0,0.24,0.12,110.5473,-0.005967,0.000441,-0.035882,0.005866,9,220.78,8,507,9.17
NVDA,2026-08-31,2026-09-09,150.0,P,0.0,0.24,0.12,102.5395,-0.006445,0.00051,-0.035621,0.00628,9,220.78,0,85,9.17
NVDA,2026-08-31,2026-09-09,155.0,P,0.0,0.25,0.125,95.1172,-0.007158,0.000603,-0.036241,0.00689,9,220.78,1,59,9.17
NVDA,2026-08-31,2026-09-09,160.0,P,0.0,0.25,0.125,87.5001,-0.007784,0.000705,-0.035878,0.007418,9,220.78,88,29,9.17
NVDA,2026-08-31,2026-09-09,165.0,P,0.02,0.06,0.04,69.5316,-0.003164,0.000398,-0.01278,0.003328,9,220.78,0,13,9.17
NVDA,2026-08-31,2026-09-09,170.0,P,0.03,0.06,0.045,64.0629,-0.003934,0.000526,-0.014311,0.004047,9,220.78,0,87,9.17
NVDA,2026-08-31,2026-09-09,175.0,P,0.01,0.07,0.04,56.6411,-0.00382,0.000579,-0.012314,0.003942,9,220.78,10,316,9.17
NVDA,2026-08-31,2026-09-09,180.0,P,0.06,0.09,0.075,54.688,-0.007515,0.001094,-0.021678,0.007192,9,220.78,65,321,9.17
NVDA,2026-08-31,2026-09-09,182.5,P,0.07,0.31,0.19,58.9848,-0.017339,0.002097,-0.048307,0.014865,9,220.78,0,31,9.17
NVDA,2026-08-31,2026-09-09,185.0,P,0.0,0.32,0.16,53.9067,-0.016098,0.002153,-0.041402,0.01395,9,220.78,13,206,9.17
NVDA,2026-08-31,2026-09-09,187.5,P,0.11,0.15,0.13,49.8052,-0.016176,0.00234,-0.038384,0.014008,9,220.78,41,97,9.17
NVDA,2026-08-31,2026-09-09,190.0,P,0.0,0.13,0.065,45.313,-0.01544,0.002471,-0.033524,0.013459,9,220.78,175,1196,9.17
NVDA,2026-08-31,2026-09-09,192.5,P,0.13,0.16,0.145,43.3599,-0.019664,0.003175,-0.039403,0.016546,9,220.78,4,31,9.17
NVDA,2026-08-31,2026-09-09,195.0,P,0.15,0.3,0.225,44.8248,-0.034968,0.004969,-0.065848,0.026768,9,220.78,228,280,9.17
NVDA,2026-08-31,2026-09-09,197.5,P,0.17,0.41,0.29,43.8482,-0.047844,0.00655,-0.082975,0.034518,9,220.78,88,53,9.17
NVDA,2026-08-31,2026-09-09,200.0,P,0.21,0.24,0.225,35.6452,-0.035112,0.006269,-0.052378,0.026859,9,220.78,700,677,9.17
NVDA,2026-08-31,2026-09-09,202.5,P,0.11,0.48,0.295,37.3297,-0.064328,0.009719,-0.08894,0.043604,9,220.78,96,314,9.17
NVDA,2026-08-31,2026-09-09,205.0,P,0.36,0.42,0.39,32.1296,-0.065101,0.011397,-0.077055,0.04401,9,220.78,768,588,9.17
NVDA,2026-08-31,2026-09-09,207.5,P,0.36,0.76,0.56,33.1794,-0.108528,0.016189,-0.116492,0.064561,9,220.78,328,1422,9.17
NVDA,2026-08-31,2026-09-09,210.0,P,0.7,0.84,0.77,29.5661,-0.131086,0.020757,-0.11813,0.073763,9,220.78,1468,1472,9.17
NVDA,2026-08-31,2026-09-09,212.5,P,1.0,1.35,1.175,29.8835,-0.19554,0.026657,-0.154423,0.095745,9,220.78,1015,635,9.17
NVDA,2026-08-31,2026-09-09,215.0,P,1.63,1.94,1.785,29.2976,-0.267744,0.032417,-0.179574,0.114148,9,220.78,4870,1489,9.17
NVDA,2026-08-31,2026-09-09,217.5,P,2.02,2.95,2.485,30.3962,-0.360644,0.035524,-0.210745,0.129781,9,220.78,1898,489,9.17
NVDA,2026-08-31,2026-09-09,220.0,P,3.4,4.25,3.825,31.8122,-0.454521,0.035937,-0.232186,0.137407,9,220.78,3755,686,9.17
NVDA,2026-08-31,2026-09-09,222.5,P,4.65,5.7,5.175,32.7399,-0.542742,0.034946,-0.237322,0.137513,9,220.78,584,282,9.17
NVDA,2026-08-31,2026-09-09,225.0,P,5.15,7.5,6.325,34.7663,-0.618928,0.031617,-0.240475,0.132115,9,220.78,788,529,9.17
NVDA,2026-08-31,2026-09-09,227.5,P,7.55,9.35,8.45,36.0236,-0.68634,0.028393,-0.229612,0.122931,9,220.78,96,196,9.17
NVDA,2026-08-31,2026-09-09,230.0,P,9.5,11.35,10.425,37.4274,-0.742506,0.024873,-0.214771,0.11189,9,220.78,68,210,9.17
NVDA,2026-08-31,2026-09-09,232.5,P,10.4,13.55,11.975,39.6979,-0.783426,0.021321,-0.205322,0.101727,9,220.78,3,14,9.17
NVDA,2026-08-31,2026-09-09,235.0,P,12.8,16.35,14.575,47.0953,-0.786583,0.017819,-0.244515,0.100863,9,220.78,28,6,9.17
NVDA,2026-08-31,2026-09-09,237.5,P,16.05,18.3,17.175,46.1187,-0.831251,0.015752,-0.20312,0.087315,9,220.78,0,60,9.17
NVDA,2026-08-31,2026-09-09,240.0,P,16.65,22.0,19.325,62.0853,-0.787571,0.01348,-0.326981,0.100591,9,220.78,10,14,9.17
NVDA,2026-08-31,2026-09-09,242.5,P,18.1,25.7,21.9,77.2097,-0.759828,0.011618,-0.442758,0.107817,9,220.78,0,4,9.17
NVDA,2026-08-31,2026-09-09,245.0,P,22.4,26.7,24.55,67.7127,-0.820469,0.01116,-0.320455,0.090821,9,220.78,0,20,9.17
NVDA,2026-08-31,2026-09-09,247.5,P,22.15,30.7,26.425,86.0353,-0.779727,0.009934,-0.470323,0.102724,9,220.78,0,2,9.17
NVDA,2026-08-31,2026-09-09,250.0,P,25.65,33.2,29.425,90.2589,-0.788033,0.009261,-0.482644,0.100463,9,220.78,15,23,9.17
NVDA,2026-08-31,2026-09-09,255.0,P,29.65,38.45,34.05,100.7207,-0.795652,0.008121,-0.528317,0.098315,9,220.78,0,1,9.17
NVDA,2026-08-31,2026-09-09,260.0,P,34.65,43.5,39.075,109.0092,-0.806286,0.007266,-0.553966,0.0952,9,220.78,0,0,9.17
NVDA,2026-08-31,2026-09-09,270.0,P,46.3,51.5,48.9,101.1724,-0.881314,0.005659,-0.361686,0.068814,9,220.78,0,0,9.17
NVDA,2026-08-31,2026-09-09,310.0,P,84.6,93.5,89.05,172.754,-0.866961,0.003589,-0.686157,0.074519,9,220.78,0,0,9.17
NVDA,2026-08-31,2026-09-11,50.0,C,166.55,175.85,171.2,385.1563,0.994724,0.000103,-0.106742,0.005814,11,220.78,0,2,9.17
NVDA,2026-08-31,2026-09-11,60.0,C,156.55,163.75,160.15,488.2816,0.975126,0.000311,-0.500385,0.022306,11,220.78,0,1,9.17
NVDA,2026-08-31,2026-09-11,70.0,C,146.9,153.75,150.325,433.936,0.971478,0.000392,-0.499501,0.025007,11,220.78,0,0,9.17
NVDA,2026-08-31,2026-09-11,85.0,C,131.6,139.05,135.325,375.5372,0.963419,0.000557,-0.531745,0.030707,11,220.78,10,18,9.17
NVDA,2026-08-31,2026-09-11,90.0,C,126.6,135.85,131.225,241.016,0.990779,0.000269,-0.113205,0.009516,11,220.78,14,14,9.17
NVDA,2026-08-31,2026-09-11,100.0,C,116.9,123.7,120.3,310.01,0.959316,0.000735,-0.48091,0.033486,11,220.78,2,2,9.17
NVDA,2026-08-31,2026-09-11,105.0,C,111.95,118.65,115.3,292.2366,0.95736,0.00081,-0.471578,0.034785,11,220.78,1,14,9.17
NVDA,2026-08-31,2026-09-11,110.0,C,107.2,113.7,110.45,277.7835,0.95431,0.000901,-0.47432,0.036777,11,220.78,2,4,9.17
NVDA,2026-08-31,2026-09-11,115.0,C,101.6,109.85,105.725,286.9876,0.940681,0.001073,-0.600336,0.04525,11,220.78,0,1,9.17
NVDA,2026-08-31,2026-09-11,120.0,C,96.95,103.85,100.4,251.5629,0.947059,0.001119,-0.48382,0.041367,11,220.78,1,41,9.17
NVDA,2026-08-31,2026-09-11,125.0,C,91.6,100.5,96.05,147.8518,0.990588,0.000446,-0.077645,0.009688,11,220.78,1,0,9.17
NVDA,2026-08-31,2026-09-11,135.0,C,81.65,90.1,85.875,112.8911,0.995521,0.000303,-0.03946,0.005024,11,220.78,0,2,9.17
NVDA,2026-08-31,2026-09-11,140.0,C,76.65,85.95,81.3,134.8636,0.980658,0.00091,-0.124397,0.018038,11,220.78,2,16,9.17
NVDA,2026-08-31,2026-09-11,145.0,C,71.65,78.85,75.25,186.4258,0.928456,0.001911,-0.45638,0.052331,11,220.78,5,6,9.17
NVDA,2026-08-31,2026-09-11,150.0,C,67.35,73.9,70.625,175.4152,0.92296,0.002149,-0.454836,0.055375,11,220.78,20,33,9.17
NVDA,2026-08-31,2026-09-11,155.0,C,61.65,68.9,65.275,163.843,0.917713,0.002418,-0.447178,0.058205,11,220.78,208,10,9.17
NVDA,2026-08-31,2026-09-11,160.0,C,56.65,63.9,60.275,152.5637,0.91188,0.002734,-0.438968,0.06127,11,220.78,1,348,9.17
NVDA,2026-08-31,2026-09-11,165.0,C,51.8,58.9,55.35,141.553,0.905331,0.003107,-0.430182,0.064614,11,220.78,4,51,9.17
NVDA,2026-08-31,2026-09-11,170.0,C,47.85,55.8,51.825,97.3633,0.949239,0.002797,-0.19319,0.040008,11,220.78,6,193,9.17
NVDA,2026-08-31,2026-09-11,175.0,C,42.1,49.0,45.55,121.3139,0.887637,0.004106,-0.418555,0.073174,11,220.78,1,74,9.17
NVDA,2026-08-31,2026-09-11,180.0,C,38.9,44.0,41.45,72.3147,0.955284,0.003403,-0.136129,0.036145,11,220.78,23,689,9.17
NVDA,2026-08-31,2026-09-11,185.0,C,34.6,38.1,36.35,62.1586,0.955709,0.003928,-0.119189,0.035868,11,220.78,24,189,9.17
NVDA,2026-08-31,2026-09-11,187.5,C,29.35,38.6,33.975,61.0111,0.945885,0.004697,-0.134603,0.042092,11,220.78,2,1,9.17
NVDA,2026-08-31,2026-09-11,190.0,C,30.2,31.95,31.075,65.1371,0.918381,0.006046,-0.188739,0.057848,11,220.78,30,477,9.17
NVDA,2026-08-31,2026-09-11,192.5,C,24.4,33.7,29.05,54.5415,0.93408,0.006132,-0.139908,0.04913,11,220.78,39,20,9.17
NVDA,2026-08-31,2026-09-11,195.0,C,25.55,30.95,28.25,71.9729,0.856618,0.0082,-0.300093,0.086698,11,220.78,199,340,9.17
NVDA,2026-08-31,2026-09-11,197.5,C,21.8,24.35,23.075,50.9771,0.905927,0.008588,-0.16698,0.064314,11,220.78,166,56,9.17
NVDA,2026-08-31,2026-09-11,200.0,C,19.95,22.0,20.975,48.6333,0.889967,0.01009,-0.177188,0.072084,11,220.78,163,1681,9.17
NVDA,2026-08-31,2026-09-11,202.5,C,17.55,19.35,18.45,42.481,0.889535,0.011584,-0.15768,0.072288,11,220.78,64,537,9.17
NVDA,2026-08-31,2026-09-11,205.0,C,15.05,17.15,16.1,41.4801,0.86025,0.013983,-0.178312,0.085204,11,220.78,223,635,9.17
NVDA,2026-08-31,2026-09-11,207.5,C,12.6,14.8,13.7,38.3795,0.836773,0.016757,-0.182191,0.094477,11,220.78,58,288,9.17
NVDA,2026-08-31,2026-09-11,210.0,C,10.75,12.45,11.6,34.9616,0.80885,0.020326,-0.182882,0.104393,11,220.78,1591,6443,9.17
NVDA,2026-08-31,2026-09-11,212.5,C,8.65,11.7,10.175,43.2135,0.712955,0.020568,-0.271369,0.130565,11,220.78,489,1306,9.17
NVDA,2026-08-31,2026-09-11,215.0,C,7.65,8.55,8.1,32.6911,0.696949,0.027876,-0.213787,0.13387,11,220.78,4394,7043,9.17
NVDA,2026-08-31,2026-09-11,217.5,C,5.85,7.0,6.425,32.7766,0.622203,0.030255,-0.230368,0.145673,11,220.78,2388,674,9.17
NVDA,2026-08-31,2026-09-11,220.0,C,4.6,5.2,4.9,30.1154,0.545916,0.034334,-0.21972,0.15189,11,220.78,11599,10902,9.17
NVDA,2026-08-31,2026-09-11,222.5,C,3.05,4.1,3.575,30.6403,0.460905,0.033808,-0.221928,0.15217,11,220.78,2235,1315,9.17
NVDA,2026-08-31,2026-09-11,225.0,C,2.73,2.92,2.825,29.3586,0.372991,0.033642,-0.20175,0.145088,11,220.78,6239,7482,9.17
NVDA,2026-08-31,2026-09-11,227.5,C,1.83,2.25,2.04,30.1887,0.29998,0.030049,-0.189411,0.133258,11,220.78,2274,2240,9.17
NVDA,2026-08-31,2026-09-11,230.0,C,1.34,1.55,1.445,29.5783,0.226871,0.026579,-0.160243,0.115488,11,220.78,14838,15465,9.17
NVDA,2026-08-31,2026-09-11,232.5,C,0.96,1.1,1.03,29.737,0.169956,0.022199,-0.13481,0.096973,11,220.78,1475,3416,9.17
NVDA,2026-08-31,2026-09-11,235.0,C,0.68,0.76,0.72,29.8347,0.123525,0.017853,-0.108829,0.078246,11,220.78,7664,7054,9.17
NVDA,2026-08-31,2026-09-11,237.5,C,0.31,0.58,0.445,30.8845,0.09446,0.014219,-0.09264,0.064509,11,220.78,1194,894,9.17
NVDA,2026-08-31,2026-09-11,240.0,C,0.29,0.35,0.32,30.2253,0.061397,0.01047,-0.065222,0.046486,11,220.78,5381,13607,9.17
NVDA,2026-08-31,2026-09-11,242.5,C,0.09,0.24,0.165,30.6159,0.04292,0.007775,-0.049612,0.034969,11,220.78,6556,533,9.17
NVDA,2026-08-31,2026-09-11,245.0,C,0.15,0.17,0.16,31.2019,0.030476,0.005764,-0.038146,0.026421,11,220.78,2839,5606,9.17
NVDA,2026-08-31,2026-09-11,247.5,C,0.0,0.13,0.065,32.2272,0.023079,0.004424,-0.031192,0.020945,11,220.78,153,77,9.17
NVDA,2026-08-31,2026-09-11,250.0,C,0.08,0.1,0.09,33.2038,0.017516,0.003399,-0.025406,0.016577,11,220.78,2848,6992,9.17
NVDA,2026-08-31,2026-09-11,252.5,C,0.05,0.08,0.065,34.278,0.013646,0.002657,-0.021148,0.013379,11,220.78,73,49,9.17
NVDA,2026-08-31,2026-09-11,255.0,C,0.01,0.06,0.035,34.9616,0.010028,0.001994,-0.016495,0.01024,11,220.78,580,4844,9.17
NVDA,2026-08-31,2026-09-11,257.5,C,0.03,0.25,0.14,45.899,0.030265,0.003896,-0.055469,0.026269,11,220.78,12,32,9.17
NVDA,2026-08-31,2026-09-11,260.0,C,0.04,0.05,0.045,38.0866,0.007697,0.001451,-0.014228,0.00812,11,220.78,607,5285,9.17
NVDA,2026-08-31,2026-09-11,265.0,C,0.03,0.04,0.035,40.8209,0.005787,0.001052,-0.011837,0.006311,11,220.78,494,4292,9.17
NVDA,2026-08-31,2026-09-11,270.0,C,0.02,0.04,0.03,44.5318,0.005384,0.000905,-0.012101,0.00592,11,220.78,26,1492,9.17
NVDA,2026-08-31,2026-09-11,275.0,C,0.02,0.03,0.025,46.4849,0.003826,0.000639,-0.009304,0.004364,11,220.78,268,977,9.17
NVDA,2026-08-31,2026-09-11,280.0,C,0.01,0.03,0.02,50.0005,0.003668,0.000572,-0.009629,0.004201,11,220.78,1419,1808,9.17
NVDA,2026-08-31,2026-09-11,285.0,C,0.0,0.22,0.11,61.9144,0.010409,0.001163,-0.029999,0.010579,11,220.78,39,228,9.17
NVDA,2026-08-31,2026-09-11,290.0,C,0.0,0.02,0.01,50.7817,0.001196,0.000204,-0.003536,0.001521,11,220.78,2,132,9.17
NVDA,2026-08-31,2026-09-11,295.0,C,0.0,0.07,0.035,60.352,0.003436,0.000447,-0.010944,0.003962,11,220.78,45,618,9.17
NVDA,2026-08-31,2026-09-11,300.0,C,0.0,0.01,0.005,53.1255,0.000545,9.4e-05,-0.001793,0.000737,11,220.78,846,3372,9.17
NVDA,2026-08-31,2026-09-11,305.0,C,0.0,0.01,0.005,56.2504,0.000579,9.4e-05,-0.002009,0.000781,11,220.78,784,961,9.17
NVDA,2026-08-31,2026-09-11,310.0,C,0.0,0.01,0.005,57.8129,0.000449,7.3e-05,-0.001632,0.000617,11,220.78,394,403,9.17
NVDA,2026-08-31,2026-09-11,315.0,C,0.0,0.01,0.005,60.9379,0.00049,7.5e-05,-0.001863,0.000669,11,220.78,20,111,9.17
NVDA,2026-08-31,2026-09-11,320.0,C,0.0,0.22,0.11,85.1564,0.007568,0.00064,-0.03113,0.008,11,220.78,1022,1037,9.17
NVDA,2026-08-31,2026-09-11,325.0,C,0.0,0.02,0.01,69.5316,0.000863,0.00011,-0.003582,0.001128,11,220.78,1,39,9.17
NVDA,2026-08-31,2026-09-11,330.0,C,0.0,0.22,0.11,91.211,0.007102,0.000565,-0.031516,0.007565,11,220.78,19,36,9.17
NVDA,2026-08-31,2026-09-11,335.0,C,0.0,0.08,0.04,84.3752,0.00284,0.000269,-0.012861,0.003337,11,220.78,101,129,9.17
NVDA,2026-08-31,2026-09-11,340.0,C,0.0,0.01,0.005,71.8753,0.000351,4.6e-05,-0.001609,0.00049,11,220.78,49,92,9.17
NVDA,2026-08-31,2026-09-11,345.0,C,0.0,0.22,0.11,99.8047,0.00651,0.000478,-0.031919,0.007005,11,220.78,1,3,9.17
NVDA,2026-08-31,2026-09-11,350.0,C,0.0,0.02,0.01,81.2502,0.000716,8e-05,-0.00352,0.000949,11,220.78,1,222,9.17
NVDA,2026-08-31,2026-09-11,360.0,C,0.0,0.21,0.105,107.227,0.005744,0.000398,-0.030678,0.006269,11,220.78,10,26,9.17
NVDA,2026-08-31,2026-09-11,370.0,C,0.0,0.21,0.105,112.5004,0.005536,0.000367,-0.031147,0.006068,11,220.78,2,47,9.17
NVDA,2026-08-31,2026-09-11,380.0,C,0.0,0.21,0.105,117.3832,0.005275,0.000337,-0.031123,0.005812,11,220.78,1,21,9.17
NVDA,2026-08-31,2026-09-11,390.0,C,0.0,0.05,0.025,106.2505,0.001411,0.000113,-0.008575,0.001769,11,220.78,1,144,9.17
NVDA,2026-08-31,2026-09-11,50.0,P,0.0,0.01,0.005,243.7504,-9.8e-05,4e-06,-0.001648,0.000149,11,220.78,0,1,9.17
NVDA,2026-08-31,2026-09-11,55.0,P,0.0,0.01,0.005,231.2504,-0.000123,5e-06,-0.00194,0.000185,11,220.78,0,8,9.17
NVDA,2026-08-31,2026-09-11,70.0,P,0.0,0.01,0.005,190.625,-0.000136,7e-06,-0.001755,0.000203,11,220.78,2,2,9.17
NVDA,2026-08-31,2026-09-11,75.0,P,0.0,0.21,0.105,237.1098,-0.002316,8e-05,-0.029861,0.002776,11,220.78,3,13,9.17
NVDA,2026-08-31,2026-09-11,80.0,P,0.0,0.01,0.005,168.7502,-0.00015,9e-06,-0.001697,0.000222,11,220.78,2,3,9.17
NVDA,2026-08-31,2026-09-11,85.0,P,0.0,0.01,0.005,159.3752,-0.000164,1e-05,-0.001742,0.000241,11,220.78,2,25,9.17
NVDA,2026-08-31,2026-09-11,90.0,P,0.0,0.01,0.005,150.0002,-0.000171,1.1e-05,-0.00171,0.000251,11,220.78,0,20,9.17
NVDA,2026-08-31,2026-09-11,95.0,P,0.0,0.01,0.005,140.6253,-0.000171,1.2e-05,-0.001601,0.000251,11,220.78,3,23,9.17
NVDA,2026-08-31,2026-09-11,100.0,P,0.0,0.01,0.005,131.2503,-0.000162,1.2e-05,-0.001422,0.000239,11,220.78,32,44,9.17
NVDA,2026-08-31,2026-09-11,105.0,P,0.01,0.02,0.015,137.5003,-0.000603,4e-05,-0.005045,0.00081,11,220.78,313,233,9.17
NVDA,2026-08-31,2026-09-11,110.0,P,0.01,0.02,0.015,129.6879,-0.000659,4.6e-05,-0.005167,0.000879,11,220.78,413,742,9.17
NVDA,2026-08-31,2026-09-11,115.0,P,0.01,0.02,0.015,121.8754,-0.000702,5.2e-05,-0.005146,0.000932,11,220.78,5,2245,9.17
NVDA,2026-08-31,2026-09-11,120.0,P,0.01,0.03,0.02,117.1879,-0.000954,7.2e-05,-0.006562,0.001236,11,220.78,8,1150,9.17
NVDA,2026-08-31,2026-09-11,125.0,P,0.01,0.04,0.025,111.7192,-0.001199,9.3e-05,-0.007713,0.001524,11,220.78,8,1724,9.17
NVDA,2026-08-31,2026-09-11,130.0,P,0.02,0.04,0.03,106.2505,-0.00149,0.000119,-0.008944,0.001859,11,220.78,30,7015,9.17
NVDA,2026-08-31,2026-09-11,135.0,P,0.02,0.04,0.03,99.2188,-0.001597,0.000136,-0.008892,0.00198,11,220.78,151,2370,9.17
NVDA,2026-08-31,2026-09-11,140.0,P,0.01,0.12,0.065,100.7817,-0.003493,0.000272,-0.018335,0.004021,11,220.78,106,2337,9.17
NVDA,2026-08-31,2026-09-11,145.0,P,0.03,0.05,0.04,88.672,-0.002435,0.000223,-0.011649,0.002904,11,220.78,100,462,9.17
NVDA,2026-08-31,2026-09-11,150.0,P,0.01,0.05,0.03,79.6877,-0.002043,0.000212,-0.008926,0.002478,11,220.78,837,4011,9.17
NVDA,2026-08-31,2026-09-11,155.0,P,0.04,0.05,0.045,76.5627,-0.003106,0.000322,-0.012518,0.003618,11,220.78,7,971,9.17
NVDA,2026-08-31,2026-09-11,160.0,P,0.04,0.26,0.15,82.0314,-0.009637,0.000821,-0.036651,0.009891,11,220.78,47,418,9.17
NVDA,2026-08-31,2026-09-11,165.0,P,0.0,0.09,0.045,64.4535,-0.003807,0.000459,-0.012638,0.004344,11,220.78,211,512,9.17
NVDA,2026-08-31,2026-09-11,170.0,P,0.05,0.1,0.075,62.1098,-0.006416,0.000758,-0.019373,0.006915,11,220.78,309,777,9.17
NVDA,2026-08-31,2026-09-11,175.0,P,0.08,0.11,0.095,57.8129,-0.008732,0.001068,-0.023638,0.009073,11,220.78,79,2200,9.17
NVDA,2026-08-31,2026-09-11,180.0,P,0.1,0.12,0.11,52.6372,-0.010931,0.001428,-0.026156,0.011039,11,220.78,159,2729,9.17
NVDA,2026-08-31,2026-09-11,185.0,P,0.14,0.22,0.18,50.0982,-0.018335,0.002342,-0.038821,0.017236,11,220.78,678,3745,9.17
NVDA,2026-08-31,2026-09-11,187.5,P,0.17,0.18,0.175,46.8755,-0.019588,0.002648,-0.038393,0.018233,11,220.78,524,239,9.17
NVDA,2026-08-31,2026-09-11,190.0,P,0.14,0.23,0.185,45.5084,-0.025338,0.003389,-0.046271,0.022654,11,220.78,496,4199,9.17
NVDA,2026-08-31,2026-09-11,192.5,P,0.11,0.43,0.27,47.7056,-0.043624,0.005056,-0.075812,0.035432,11,220.78,160,516,9.17
NVDA,2026-08-31,2026-09-11,195.0,P,0.07,0.3,0.185,40.9186,-0.035983,0.00504,-0.055513,0.030296,11,220.78,381,5184,9.17
NVDA,2026-08-31,2026-09-11,197.5,P,0.1,0.52,0.31,42.2613,-0.058112,0.007172,-0.084179,0.044526,11,220.78,989,1547,9.17
NVDA,2026-08-31,2026-09-11,200.0,P,0.35,0.44,0.395,37.0123,-0.056136,0.007969,-0.071595,0.04333,11,220.78,1139,6283,9.17
NVDA,2026-08-31,2026-09-11,202.5,P,0.29,0.69,0.49,37.4274,-0.083797,0.010732,-0.098435,0.059007,11,220.78,872,915,9.17
NVDA,2026-08-31,2026-09-11,205.0,P,0.5,0.83,0.665,35.279,-0.103867,0.013343,-0.108469,0.069147,11,220.78,1633,5131,9.17
NVDA,2026-08-31,2026-09-11,207.5,P,0.8,1.06,0.93,33.7165,-0.133858,0.016704,-0.123679,0.082732,11,220.78,760,1471,9.17
NVDA,2026-08-31,2026-09-11,210.0,P,1.1,1.4,1.25,32.5324,-0.175016,0.020675,-0.142032,0.098804,11,220.78,6761,7906,9.17
NVDA,2026-08-31,2026-09-11,212.5,P,1.4,2.02,1.71,32.7643,-0.235685,0.02451,-0.170189,0.11797,11,220.78,1545,1120,9.17
NVDA,2026-08-31,2026-09-11,215.0,P,2.03,2.63,2.33,31.7146,-0.298125,0.028523,-0.184588,0.132883,11,220.78,1855,6332,9.17
NVDA,2026-08-31,2026-09-11,217.5,P,2.81,3.45,3.13,31.031,-0.372338,0.031811,-0.195805,0.145007,11,220.78,2631,4913,9.17
NVDA,2026-08-31,2026-09-11,220.0,P,3.2,4.9,4.05,33.1306,-0.456265,0.031229,-0.218113,0.151985,11,220.78,1736,3817,9.17
NVDA,2026-08-31,2026-09-11,222.5,P,5.2,5.75,5.475,30.2009,-0.539967,0.034292,-0.196106,0.152136,11,220.78,1499,494,9.17
NVDA,2026-08-31,2026-09-11,225.0,P,6.0,8.25,7.125,36.6095,-0.598103,0.027568,-0.232407,0.148258,11,220.78,475,4458,9.17
NVDA,2026-08-31,2026-09-11,227.5,P,8.3,11.5,9.9,47.3638,-0.621669,0.020946,-0.298596,0.145737,11,220.78,73,880,9.17
NVDA,2026-08-31,2026-09-11,230.0,P,10.3,11.75,11.025,37.1588,-0.720571,0.023613,-0.200276,0.128891,11,220.78,245,1012,9.17
NVDA,2026-08-31,2026-09-11,232.5,P,12.15,14.05,13.1,40.2838,-0.754453,0.020385,-0.202463,0.120632,11,220.78,1,43,9.17
NVDA,2026-08-31,2026-09-11,235.0,P,14.35,16.3,15.325,42.5787,-0.7859,0.017861,-0.196851,0.111716,11,220.78,112,378,9.17
NVDA,2026-08-31,2026-09-11,237.5,P,15.45,18.95,17.2,47.9619,-0.794354,0.015485,-0.218028,0.109102,11,220.78,20,15,9.17
NVDA,2026-08-31,2026-09-11,240.0,P,18.9,21.4,20.15,51.4897,-0.809638,0.013767,-0.223291,0.104129,11,220.78,21,218,9.17
NVDA,2026-08-31,2026-09-11,242.5,P,19.3,25.35,22.325,67.7005,-0.767326,0.011778,-0.340598,0.117133,11,220.78,53,1,9.17
NVDA,2026-08-31,2026-09-11,245.0,P,22.5,28.1,25.3,73.7796,-0.770312,0.01073,-0.369798,0.116292,11,220.78,3,294,9.17
NVDA,2026-08-31,2026-09-11,247.5,P,22.7,30.65,26.675,78.1374,-0.778192,0.009933,-0.384321,0.114018,11,220.78,106,53,9.17
NVDA,2026-08-31,2026-09-11,250.0,P,27.4,31.45,29.425,66.5775,-0.843246,0.009408,-0.256246,0.09201,11,220.78,11,116,9.17
NVDA,2026-08-31,2026-09-11,252.5,P,27.65,36.05,31.85,89.087,-0.783311,0.008596,-0.434252,0.112498,11,220.78,53,63,9.17
NVDA,2026-08-31,2026-09-11,255.0,P,32.9,36.75,34.825,51.856,-0.938606,0.006102,-0.084857,0.046484,11,220.78,3,91,9.17
NVDA,2026-08-31,2026-09-11,257.5,P,34.1,39.0,36.55,77.0998,-0.858624,0.007582,-0.277643,0.085876,11,220.78,0,11,9.17
NVDA,2026-08-31,2026-09-11,260.0,P,35.25,43.25,39.25,97.3023,-0.80973,0.007283,-0.437779,0.104098,11,220.78,52,153,9.17
NVDA,2026-08-31,2026-09-11,265.0,P,40.9,47.7,44.3,98.877,-0.834275,0.006569,-0.405179,0.095412,11,220.78,2,4,9.17
NVDA,2026-08-31,2026-09-11,270.0,P,45.4,52.9,49.15,107.1782,-0.837094,0.005993,-0.435447,0.094356,11,220.78,0,22,9.17
NVDA,2026-08-31,2026-09-11,275.0,P,51.3,57.7,54.5,62.5492,-0.974871,0.002448,-0.036422,0.022497,11,220.78,1,1,9.17
NVDA,2026-08-31,2026-09-11,280.0,P,56.3,62.9,59.6,70.2151,-0.969895,0.002536,-0.055526,0.026154,11,220.78,1,0,9.17
NVDA,2026-08-31,2026-09-11,285.0,P,60.35,68.1,64.225,127.0267,-0.851403,0.004759,-0.486654,0.088805,11,220.78,0,0,9.17
NVDA,2026-08-31,2026-09-11,290.0,P,65.75,72.7,69.225,128.3207,-0.866025,0.004392,-0.455943,0.082782,11,220.78,6,0,9.17
NVDA,2026-08-31,2026-09-11,295.0,P,71.3,77.55,74.425,75.0003,-0.984306,0.00137,-0.021651,0.015089,11,220.78,0,0,9.17
NVDA,2026-08-31,2026-09-11,315.0,P,90.5,97.95,94.225,62.5004,-0.999339,9.6e-05,0.029651,0.000882,11,220.78,0,0,9.17
NVDA,2026-08-31,2026-09-11,320.0,P,96.3,103.1,99.7,104.688,-0.974124,0.001499,-0.077578,0.023056,11,220.78,0,0,9.17
NVDA,2026-08-31,2026-09-11,390.0,P,166.3,173.5,169.9,156.1526,-0.974958,0.000978,-0.119902,0.022432,11,220.78,3,0,9.17
NVDA,2026-08-31,2026-09-18,15.0,C,201.5,210.3,205.9,476.5629,0.998936,1.5e-05,-0.024623,0.001747,18,220.78,1,53,9.17
NVDA,2026-08-31,2026-09-18,20.0,C,196.5,205.25,200.875,410.938,0.998999,1.7e-05,-0.02088,0.001653,18,220.78,10,54,9.17
NVDA,2026-08-31,2026-09-18,25.0,C,191.5,200.35,195.925,390.625,0.998395,2.7e-05,-0.030108,0.002544,18,220.78,3,883,9.17
NVDA,2026-08-31,2026-09-18,30.0,C,186.5,195.4,190.95,364.0626,0.997982,3.6e-05,-0.034696,0.003134,18,220.78,1,59,9.17
NVDA,2026-08-31,2026-09-18,35.0,C,181.5,190.35,185.925,329.2971,0.998054,3.8e-05,-0.03125,0.003032,18,220.78,30,381,9.17
NVDA,2026-08-31,2026-09-18,45.0,C,171.55,180.5,176.025,303.9065,0.9965,7.1e-05,-0.04799,0.005153,18,220.78,1,127,9.17
NVDA,2026-08-31,2026-09-18,50.0,C,166.55,175.4,170.975,275.7816,0.996874,7e-05,-0.04068,0.004655,18,220.78,2,172,9.17
NVDA,2026-08-31,2026-09-18,55.0,C,149.65,157.45,153.55,0.001,1.0,0.0,-0.005613,0.0,18,220.78,40,80,9.17
NVDA,2026-08-31,2026-09-18,60.0,C,156.55,165.35,160.95,238.6723,0.9968,8.3e-05,-0.037557,0.004754,18,220.78,3,284,9.17
NVDA,2026-08-31,2026-09-18,65.0,C,151.9,158.1,155.0,345.3126,0.97617,0.000332,-0.269901,0.027524,18,220.78,1,269,9.17
NVDA,2026-08-31,2026-09-18,70.0,C,146.55,153.8,150.175,346.2404,0.969998,0.000401,-0.32706,0.033362,18,220.78,10,307,9.17
NVDA,2026-08-31,2026-09-18,75.0,C,141.55,150.45,146.0,206.2505,0.995205,0.000138,-0.046654,0.006829,18,220.78,10,78,9.17
NVDA,2026-08-31,2026-09-18,80.0,C,136.55,145.4,140.975,191.4063,0.995408,0.000143,-0.042985,0.006572,18,220.78,9,217,9.17
NVDA,2026-08-31,2026-09-18,85.0,C,131.95,138.85,135.4,293.8479,0.963421,0.000556,-0.328185,0.039279,18,220.78,2,454,9.17
NVDA,2026-08-31,2026-09-18,90.0,C,126.95,133.8,130.375,277.0511,0.961565,0.000614,-0.322799,0.040899,18,220.78,4,971,9.17
NVDA,2026-08-31,2026-09-18,95.0,C,121.6,128.75,125.175,261.2796,0.959653,0.000677,-0.317315,0.042547,18,220.78,15,729,9.17
NVDA,2026-08-31,2026-09-18,100.0,C,117.15,122.75,119.95,224.8051,0.967098,0.000666,-0.234134,0.036007,18,220.78,606,2450,9.17
NVDA,2026-08-31,2026-09-18,105.0,C,112.15,118.8,115.475,235.2055,0.954254,0.000833,-0.317081,0.047092,18,220.78,574,1483,9.17
NVDA,2026-08-31,2026-09-18,110.0,C,106.6,113.85,110.225,223.5356,0.951076,0.000925,-0.31842,0.049696,18,220.78,24,1510,9.17
NVDA,2026-08-31,2026-09-18,115.0,C,102.2,107.45,104.825,183.1544,0.964968,0.000861,-0.203685,0.037913,18,220.78,1,2547,9.17
NVDA,2026-08-31,2026-09-18,120.0,C,97.65,103.55,100.6,194.7266,0.948487,0.001106,-0.29092,0.051781,18,220.78,8,2825,9.17
NVDA,2026-08-31,2026-09-18,125.0,C,94.05,97.6,95.825,94.1407,0.997704,0.000156,-0.021914,0.003523,18,220.78,9,5149,9.17
NVDA,2026-08-31,2026-09-18,130.0,C,87.45,92.75,90.1,159.3752,0.953387,0.001248,-0.223684,0.047807,18,220.78,13,3872,9.17
NVDA,2026-08-31,2026-09-18,135.0,C,83.4,87.5,85.45,145.2151,0.954705,0.001338,-0.20105,0.046718,18,220.78,5,2596,9.17
NVDA,2026-08-31,2026-09-18,140.0,C,79.0,82.85,80.925,88.2814,0.992471,0.00048,-0.039091,0.010188,18,220.78,10,13632,9.17
NVDA,2026-08-31,2026-09-18,145.0,C,73.8,76.65,75.225,110.059,0.967839,0.001336,-0.122026,0.035336,18,220.78,8,3251,9.17
NVDA,2026-08-31,2026-09-18,150.0,C,68.65,73.05,70.85,69.5316,0.995235,0.000406,-0.028314,0.006792,18,220.78,1048,23512,9.17
NVDA,2026-08-31,2026-09-18,155.0,C,64.0,67.9,65.95,72.0706,0.989326,0.000798,-0.043256,0.013832,18,220.78,5,5713,9.17
NVDA,2026-08-31,2026-09-18,160.0,C,60.6,63.3,61.95,93.9454,0.951194,0.002196,-0.144559,0.0496,18,220.78,9,6497,9.17
NVDA,2026-08-31,2026-09-18,165.0,C,54.4,56.9,55.65,85.7423,0.948905,0.002496,-0.138118,0.051446,18,220.78,7,7931,9.17
NVDA,2026-08-31,2026-09-18,170.0,C,49.55,52.9,51.225,64.8441,0.971273,0.002064,-0.074627,0.03218,18,220.78,121,8551,9.17
NVDA,2026-08-31,2026-09-18,175.0,C,45.75,46.75,46.25,59.3754,0.967283,0.002511,-0.076192,0.035839,18,220.78,207,8613,9.17
NVDA,2026-08-31,2026-09-18,180.0,C,39.3,42.0,40.65,66.138,0.930076,0.004137,-0.137523,0.065775,18,220.78,59,14849,9.17
NVDA,2026-08-31,2026-09-18,185.0,C,34.85,37.0,35.925,59.2289,0.92278,0.004984,-0.133777,0.070961,18,220.78,136,10496,9.17
NVDA,2026-08-31,2026-09-18,187.5,C,31.85,36.8,34.325,53.5649,0.926263,0.005321,-0.119313,0.068508,18,220.78,195,6,9.17
NVDA,2026-08-31,2026-09-18,190.0,C,29.85,31.95,30.9,51.7583,0.916169,0.006069,-0.125949,0.075504,18,220.78,72,27377,9.17
NVDA,2026-08-31,2026-09-18,192.5,C,27.1,29.5,28.3,48.9507,0.908607,0.006844,-0.126975,0.080531,18,220.78,237,50,9.17
NVDA,2026-08-31,2026-09-18,195.0,C,24.95,27.05,26.0,46.0699,0.900221,0.007757,-0.12747,0.085906,18,220.78,104,80489,9.17
NVDA,2026-08-31,2026-09-18,197.5,C,22.4,24.7,23.55,44.0924,0.886044,0.008921,-0.13326,0.09455,18,220.78,1,54,9.17
NVDA,2026-08-31,2026-09-18,200.0,C,21.2,22.35,21.775,41.9195,0.870377,0.010272,-0.137873,0.103509,18,220.78,1475,41703,9.17
NVDA,2026-08-31,2026-09-18,202.5,C,18.25,21.2,19.725,48.5967,0.808359,0.01145,-0.196621,0.133751,18,220.78,22,310,9.17
NVDA,2026-08-31,2026-09-18,205.0,C,16.0,17.85,16.925,38.4528,0.824506,0.013697,-0.152007,0.12661,18,220.78,345,19794,9.17
NVDA,2026-08-31,2026-09-18,207.5,C,14.0,15.8,14.9,37.5861,0.79017,0.015632,-0.163664,0.141234,18,220.78,36,464,9.17
NVDA,2026-08-31,2026-09-18,210.0,C,12.0,13.75,12.875,36.2067,0.753545,0.017765,-0.171099,0.15462,18,220.78,1571,67117,9.17
NVDA,2026-08-31,2026-09-18,212.5,C,9.95,12.65,11.3,39.6857,0.690998,0.018106,-0.204709,0.172727,18,220.78,1360,1620,9.17
NVDA,2026-08-31,2026-09-18,215.0,C,9.1,9.85,9.475,33.0817,0.663813,0.022493,-0.178335,0.178865,18,220.78,3893,31442,9.17
NVDA,2026-08-31,2026-09-18,217.5,C,7.35,8.05,7.7,31.4582,0.608546,0.024902,-0.17746,0.18831,18,220.78,1891,1954,9.17
NVDA,2026-08-31,2026-09-18,220.0,C,6.3,6.7,6.5,31.4216,0.544582,0.025734,-0.181258,0.194373,18,220.78,9634,48704,9.17
NVDA,2026-08-31,2026-09-18,222.5,C,4.55,5.75,5.15,32.5934,0.481815,0.024939,-0.187191,0.195393,18,220.78,1977,2642,9.17
NVDA,2026-08-31,2026-09-18,225.0,C,3.9,4.35,4.125,30.738,0.414383,0.02586,-0.172055,0.191074,18,220.78,17324,48567,9.17
NVDA,2026-08-31,2026-09-18,227.5,C,3.05,3.55,3.3,31.1408,0.354804,0.024379,-0.16551,0.182494,18,220.78,1620,5631,9.17
NVDA,2026-08-31,2026-09-18,230.0,C,2.34,2.72,2.53,30.6403,0.294528,0.022951,-0.150247,0.169041,18,220.78,13633,58322,9.17
NVDA,2026-08-31,2026-09-18,232.5,C,1.85,2.19,2.02,31.1286,0.246026,0.020644,-0.138906,0.154475,18,220.78,1129,4788,9.17
NVDA,2026-08-31,2026-09-18,235.0,C,1.38,1.6,1.49,30.4939,0.194698,0.018424,-0.118629,0.135049,18,220.78,6448,40456,9.17
NVDA,2026-08-31,2026-09-18,237.5,C,0.87,1.25,1.06,30.8479,0.157562,0.015926,-0.104629,0.118098,18,220.78,1024,2228,9.17
NVDA,2026-08-31,2026-09-18,240.0,C,0.8,0.88,0.84,30.3108,0.11918,0.013396,-0.084783,0.097604,18,220.78,17853,67576,9.17
NVDA,2026-08-31,2026-09-18,245.0,C,0.41,0.5,0.455,30.8112,0.072118,0.009094,-0.059226,0.067354,18,220.78,2346,36654,9.17
NVDA,2026-08-31,2026-09-18,250.0,C,0.25,0.29,0.27,31.5437,0.043348,0.005947,-0.040462,0.045092,18,220.78,6872,88146,9.17
NVDA,2026-08-31,2026-09-18,255.0,C,0.16,0.18,0.17,32.7155,0.027319,0.003924,-0.028646,0.030861,18,220.78,1593,17417,9.17
NVDA,2026-08-31,2026-09-18,260.0,C,0.11,0.12,0.115,34.0827,0.017942,0.002642,-0.020886,0.021644,18,220.78,2428,29534,9.17
NVDA,2026-08-31,2026-09-18,265.0,C,0.08,0.21,0.145,40.7232,0.0254,0.002966,-0.033402,0.029038,18,220.78,628,51641,9.17
NVDA,2026-08-31,2026-09-18,270.0,C,0.06,0.07,0.065,37.7936,0.009796,0.001413,-0.013689,0.012835,18,220.78,304,27456,9.17
NVDA,2026-08-31,2026-09-18,275.0,C,0.05,0.06,0.055,40.0397,0.008094,0.001128,-0.012254,0.010858,18,220.78,197,11287,9.17
NVDA,2026-08-31,2026-09-18,280.0,C,0.03,0.05,0.04,41.9928,0.006536,0.000891,-0.010633,0.008993,18,220.78,3782,27685,9.17
NVDA,2026-08-31,2026-09-18,285.0,C,0.02,0.04,0.03,43.5553,0.005051,0.000683,-0.008765,0.007153,18,220.78,36,3767,9.17
NVDA,2026-08-31,2026-09-18,290.0,C,0.01,0.04,0.025,46.0943,0.004729,0.000609,-0.00874,0.006745,18,220.78,607,7362,9.17
NVDA,2026-08-31,2026-09-18,295.0,C,0.01,0.04,0.025,48.6333,0.004496,0.000552,-0.008809,0.006448,18,220.78,26,2808,9.17
NVDA,2026-08-31,2026-09-18,300.0,C,0.02,0.03,0.025,49.6099,0.00335,0.000415,-0.006901,0.004955,18,220.78,483,36769,9.17
NVDA,2026-08-31,2026-09-18,310.0,C,0.01,0.02,0.015,50.7817,0.001657,0.000215,-0.003732,0.00262,18,220.78,47,6189,9.17
NVDA,2026-08-31,2026-09-18,320.0,C,0.0,0.23,0.115,67.9691,0.008863,0.00072,-0.022389,0.011758,18,220.78,38,6919,9.17
NVDA,2026-08-31,2026-09-18,330.0,C,0.0,0.02,0.01,57.0317,0.000982,0.000118,-0.002593,0.001623,18,220.78,50,4658,9.17
NVDA,2026-08-31,2026-09-18,340.0,C,0.0,0.02,0.01,60.9379,0.000937,0.000106,-0.002653,0.001555,18,220.78,282,6878,9.17
NVDA,2026-08-31,2026-09-18,350.0,C,0.0,0.02,0.01,64.8441,0.00092,9.8e-05,-0.002774,0.001529,18,220.78,22,26153,9.17
NVDA,2026-08-31,2026-09-18,360.0,C,0.0,0.16,0.08,82.8127,0.005283,0.000374,-0.01724,0.007446,18,220.78,28,5527,9.17
NVDA,2026-08-31,2026-09-18,370.0,C,0.0,0.22,0.11,89.8439,0.006588,0.000419,-0.02274,0.009056,18,220.78,9,5616,9.17
NVDA,2026-08-31,2026-09-18,380.0,C,0.0,0.04,0.02,79.2971,0.001417,0.000119,-0.005035,0.002272,18,220.78,7,4369,9.17
NVDA,2026-08-31,2026-09-18,390.0,C,0.01,0.02,0.015,80.4689,0.00102,8.7e-05,-0.003779,0.001681,18,220.78,74,8815,9.17
NVDA,2026-08-31,2026-09-18,400.0,C,0.0,0.01,0.005,78.1252,0.000437,4.1e-05,-0.001679,0.000769,18,220.78,7942,14753,9.17
NVDA,2026-08-31,2026-09-18,410.0,C,0.0,0.01,0.005,79.6877,0.000338,3.2e-05,-0.001349,0.000606,18,220.78,285,5735,9.17
NVDA,2026-08-31,2026-09-18,420.0,C,0.0,0.01,0.005,82.8127,0.000343,3.1e-05,-0.001421,0.000615,18,220.78,2,7926,9.17
NVDA,2026-08-31,2026-09-18,430.0,C,0.0,0.01,0.005,85.9376,0.000352,3e-05,-0.00151,0.000629,18,220.78,478,1656,9.17
NVDA,2026-08-31,2026-09-18,440.0,C,0.0,0.01,0.005,87.5001,0.000288,2.5e-05,-0.001277,0.000523,18,220.78,269,846,9.17
NVDA,2026-08-31,2026-09-18,450.0,C,0.0,0.03,0.015,98.4375,0.000845,6e-05,-0.003887,0.001415,18,220.78,210,2941,9.17
NVDA,2026-08-31,2026-09-18,455.0,C,0.0,0.01,0.005,92.1876,0.000312,2.5e-05,-0.001447,0.000563,18,220.78,501,3505,9.17
NVDA,2026-08-31,2026-09-18,460.0,C,0.0,0.01,0.005,93.7501,0.000321,2.6e-05,-0.001512,0.000578,18,220.78,1302,32685,9.17
NVDA,2026-08-31,2026-09-18,10.0,P,0.0,0.03,0.015,450.0004,-0.00016,3e-06,-0.00377,0.000302,18,220.78,1,970,9.17
NVDA,2026-08-31,2026-09-18,15.0,P,0.0,0.01,0.005,350.0001,-5.9e-05,1e-06,-0.001144,0.000118,18,220.78,3,486,9.17
NVDA,2026-08-31,2026-09-18,25.0,P,0.0,0.01,0.005,287.5003,-9.4e-05,3e-06,-0.001464,0.000184,18,220.78,2,3427,9.17
NVDA,2026-08-31,2026-09-18,30.0,P,0.0,0.01,0.005,262.5003,-0.0001,3e-06,-0.001415,0.000194,18,220.78,1,690,9.17
NVDA,2026-08-31,2026-09-18,35.0,P,0.0,0.01,0.005,237.5004,-8.5e-05,3e-06,-0.001099,0.000167,18,220.78,14,6016,9.17
NVDA,2026-08-31,2026-09-18,40.0,P,0.0,0.01,0.005,225.0004,-0.00012,4e-06,-0.001438,0.000231,18,220.78,10,4693,9.17
NVDA,2026-08-31,2026-09-18,45.0,P,0.0,0.01,0.005,206.2505,-0.000105,4e-06,-0.001166,0.000204,18,220.78,1,1634,9.17
NVDA,2026-08-31,2026-09-18,50.0,P,0.0,0.01,0.005,193.75,-0.000121,5e-06,-0.001244,0.000232,18,220.78,12,7773,9.17
NVDA,2026-08-31,2026-09-18,55.0,P,0.0,0.01,0.005,181.2501,-0.000127,6e-06,-0.001217,0.000242,18,220.78,39,947,9.17
NVDA,2026-08-31,2026-09-18,60.0,P,0.0,0.01,0.005,168.7502,-0.000122,6e-06,-0.001092,0.000234,18,220.78,16,2425,9.17
NVDA,2026-08-31,2026-09-18,65.0,P,0.0,0.01,0.005,162.5002,-0.000176,8e-06,-0.001482,0.000329,18,220.78,2,1420,9.17
NVDA,2026-08-31,2026-09-18,70.0,P,0.0,0.01,0.005,150.0002,-0.000147,8e-06,-0.001157,0.000279,18,220.78,1,2388,9.17
NVDA,2026-08-31,2026-09-18,75.0,P,0.0,0.02,0.01,150.0002,-0.000321,1.6e-05,-0.002398,0.000577,18,220.78,1,1388,9.17
NVDA,2026-08-31,2026-09-18,80.0,P,0.0,0.02,0.01,142.1878,-0.000364,1.9e-05,-0.002556,0.000649,18,220.78,1319,3745,9.17
NVDA,2026-08-31,2026-09-18,85.0,P,0.0,0.02,0.01,134.3753,-0.000398,2.2e-05,-0.002624,0.000705,18,220.78,1,4865,9.17
NVDA,2026-08-31,2026-09-18,90.0,P,0.01,0.02,0.015,129.6879,-0.000545,3e-05,-0.003386,0.000944,18,220.78,63,10643,9.17
NVDA,2026-08-31,2026-09-18,95.0,P,0.0,0.23,0.115,150.7815,-0.003558,0.000144,-0.021812,0.005229,18,220.78,39,14440,9.17
NVDA,2026-08-31,2026-09-18,100.0,P,0.0,0.05,0.025,121.0941,-0.001013,5.7e-05,-0.005593,0.00167,18,220.78,31,24600,9.17
NVDA,2026-08-31,2026-09-18,105.0,P,0.0,0.24,0.12,134.766,-0.004156,0.000186,-0.022397,0.00601,18,220.78,144,8876,9.17
NVDA,2026-08-31,2026-09-18,110.0,P,0.01,0.05,0.03,109.3755,-0.001362,8.3e-05,-0.006621,0.00219,18,220.78,4903,18197,9.17
NVDA,2026-08-31,2026-09-18,115.0,P,0.03,0.05,0.04,105.4692,-0.001809,0.000112,-0.008268,0.002837,18,220.78,222,9574,9.17
NVDA,2026-08-31,2026-09-18,120.0,P,0.03,0.04,0.035,98.0469,-0.001765,0.000118,-0.007513,0.002774,18,220.78,117,39353,9.17
NVDA,2026-08-31,2026-09-18,125.0,P,0.02,0.05,0.035,91.797,-0.001857,0.000132,-0.007366,0.002906,18,220.78,705,49486,9.17
NVDA,2026-08-31,2026-09-18,130.0,P,0.04,0.05,0.045,88.2814,-0.002485,0.000178,-0.009221,0.003784,18,220.78,93,32501,9.17
NVDA,2026-08-31,2026-09-18,135.0,P,0.02,0.06,0.04,81.2502,-0.002352,0.000184,-0.008071,0.003601,18,220.78,100,18617,9.17
NVDA,2026-08-31,2026-09-18,140.0,P,0.05,0.09,0.07,80.6643,-0.004111,0.000307,-0.01324,0.005953,18,220.78,4839,47714,9.17
NVDA,2026-08-31,2026-09-18,145.0,P,0.06,0.08,0.07,75.0003,-0.004414,0.000352,-0.01311,0.006343,18,220.78,262,27157,9.17
NVDA,2026-08-31,2026-09-18,150.0,P,0.08,0.09,0.085,71.094,-0.00556,0.000456,-0.015256,0.007792,18,220.78,591,36026,9.17
NVDA,2026-08-31,2026-09-18,155.0,P,0.09,0.11,0.1,66.9925,-0.00686,0.000583,-0.017302,0.009385,18,220.78,533,21322,9.17
NVDA,2026-08-31,2026-09-18,160.0,P,0.11,0.13,0.12,63.184,-0.008701,0.000762,-0.0201,0.01157,18,220.78,542,42420,9.17
NVDA,2026-08-31,2026-09-18,165.0,P,0.13,0.19,0.16,60.1566,-0.011894,0.001051,-0.025111,0.015196,18,220.78,1871,29946,9.17
NVDA,2026-08-31,2026-09-18,170.0,P,0.15,0.2,0.175,55.4692,-0.013962,0.001309,-0.026566,0.017455,18,220.78,977,43440,9.17
NVDA,2026-08-31,2026-09-18,175.0,P,0.2,0.26,0.23,52.3442,-0.019082,0.001813,-0.032716,0.02281,18,220.78,760,35297,9.17
NVDA,2026-08-31,2026-09-18,180.0,P,0.24,0.25,0.245,47.5591,-0.022547,0.002298,-0.034178,0.026272,18,220.78,1065,72144,9.17
NVDA,2026-08-31,2026-09-18,185.0,P,0.29,0.42,0.355,46.3873,-0.037067,0.003561,-0.050292,0.039708,18,220.78,1610,42749,9.17
NVDA,2026-08-31,2026-09-18,187.5,P,0.33,0.42,0.375,43.5064,-0.039332,0.003985,-0.049442,0.041676,18,220.78,55,226,9.17
NVDA,2026-08-31,2026-09-18,190.0,P,0.39,0.45,0.42,41.2115,-0.043963,0.004604,-0.051179,0.045608,18,220.78,1993,29581,9.17
NVDA,2026-08-31,2026-09-18,192.5,P,0.45,0.48,0.465,38.819,-0.049013,0.005333,-0.052517,0.049768,18,220.78,608,1424,9.17
NVDA,2026-08-31,2026-09-18,195.0,P,0.5,0.6,0.55,37.7936,-0.061374,0.006544,-0.060973,0.059448,18,220.78,2004,31335,9.17
NVDA,2026-08-31,2026-09-18,197.5,P,0.66,0.87,0.765,38.233,-0.084329,0.008252,-0.078565,0.075841,18,220.78,363,2065,9.17
NVDA,2026-08-31,2026-09-18,200.0,P,0.8,0.96,0.88,35.987,-0.096818,0.009714,-0.08173,0.084031,18,220.78,3723,47555,9.17
NVDA,2026-08-31,2026-09-18,202.5,P,0.84,1.31,1.075,36.0114,-0.126367,0.011748,-0.098758,0.101696,18,220.78,360,1408,9.17
NVDA,2026-08-31,2026-09-18,205.0,P,1.25,1.56,1.405,34.5466,-0.151747,0.013872,-0.106981,0.115199,18,220.78,6041,19141,9.17
NVDA,2026-08-31,2026-09-18,207.5,P,1.4,1.99,1.695,33.9606,-0.188164,0.016201,-0.120331,0.132253,18,220.78,1038,2140,9.17
NVDA,2026-08-31,2026-09-18,210.0,P,2.05,2.4,2.225,32.6423,-0.225961,0.018785,-0.128328,0.147398,18,220.78,2559,46825,9.17
NVDA,2026-08-31,2026-09-18,212.5,P,2.54,3.1,2.82,32.508,-0.277231,0.021019,-0.141765,0.164245,18,220.78,1074,7135,9.17
NVDA,2026-08-31,2026-09-18,215.0,P,3.2,3.9,3.55,32.1662,-0.332556,0.023034,-0.151261,0.178103,18,220.78,2928,19510,9.17
NVDA,2026-08-31,2026-09-18,217.5,P,4.3,4.7,4.5,31.1042,-0.390553,0.025169,-0.153333,0.188188,18,220.78,2074,1565,9.17
NVDA,2026-08-31,2026-09-18,220.0,P,5.3,5.95,5.625,31.5803,-0.455501,0.025605,-0.15966,0.194378,18,220.78,4984,21146,9.17
NVDA,2026-08-31,2026-09-18,222.5,P,6.2,7.55,6.875,32.9963,-0.517609,0.024636,-0.166686,0.195405,18,220.78,4497,1182,9.17
NVDA,2026-08-31,2026-09-18,225.0,P,7.75,8.8,8.275,31.9099,-0.581521,0.024965,-0.155757,0.191498,18,220.78,5485,12743,9.17
NVDA,2026-08-31,2026-09-18,227.5,P,9.65,11.3,10.475,36.5973,-0.620064,0.021219,-0.174661,0.18667,18,220.78,106,700,9.17
NVDA,2026-08-31,2026-09-18,230.0,P,10.05,12.8,11.425,35.5109,-0.675819,0.020651,-0.157367,0.176278,18,220.78,611,7656,9.17
NVDA,2026-08-31,2026-09-18,232.5,P,13.0,14.65,13.825,35.6574,-0.722528,0.01917,-0.144992,0.164315,18,220.78,132,93,9.17
NVDA,2026-08-31,2026-09-18,235.0,P,15.0,16.4,15.7,34.4977,-0.774107,0.017772,-0.122121,0.147373,18,220.78,95,2629,9.17
NVDA,2026-08-31,2026-09-18,237.5,P,17.0,19.05,18.025,38.7946,-0.783163,0.015438,-0.135565,0.143965,18,220.78,3,14,9.17
NVDA,2026-08-31,2026-09-18,240.0,P,19.25,20.5,19.875,33.985,-0.851735,0.013885,-0.085808,0.11343,18,220.78,24,2424,9.17
NVDA,2026-08-31,2026-09-18,245.0,P,22.9,26.05,24.475,44.1656,-0.839768,0.011247,-0.124923,0.119406,18,220.78,21,763,9.17
NVDA,2026-08-31,2026-09-18,250.0,P,28.0,31.05,29.525,49.6221,-0.854548,0.009388,-0.131946,0.111982,18,220.78,3,3404,9.17
NVDA,2026-08-31,2026-09-18,255.0,P,30.0,38.6,34.3,74.0847,-0.783015,0.008087,-0.27483,0.144022,18,220.78,4,358,9.17
NVDA,2026-08-31,2026-09-18,260.0,P,35.5,41.3,38.4,62.0365,-0.86535,0.007126,-0.159418,0.106261,18,220.78,5,1106,9.17
NVDA,2026-08-31,2026-09-18,265.0,P,40.05,48.15,44.1,81.9582,-0.81646,0.00661,-0.273199,0.130228,18,220.78,59,96,9.17
NVDA,2026-08-31,2026-09-18,270.0,P,47.5,51.4,49.45,72.4734,-0.876686,0.005739,-0.176281,0.099973,18,220.78,1,353,9.17
NVDA,2026-08-31,2026-09-18,275.0,P,49.65,58.5,54.075,94.69,-0.823934,0.005574,-0.309204,0.126871,18,220.78,20,1,9.17
NVDA,2026-08-31,2026-09-18,280.0,P,57.15,61.05,59.1,77.6614,-0.899889,0.004613,-0.159282,0.086114,18,220.78,1,410,9.17
NVDA,2026-08-31,2026-09-18,285.0,P,60.7,68.0,64.35,50.2935,-0.986577,0.001396,0.005222,0.016873,18,220.78,1,0,9.17
NVDA,2026-08-31,2026-09-18,290.0,P,64.7,73.5,69.1,108.643,-0.841852,0.004533,-0.330839,0.118386,18,220.78,1,3,9.17
NVDA,2026-08-31,2026-09-18,295.0,P,84.4,86.65,85.525,160.5837,-0.735396,0.004157,-0.690566,0.160468,18,220.78,77,77,9.17
NVDA,2026-08-31,2026-09-18,300.0,P,74.7,83.5,79.1,117.2367,-0.85094,0.004039,-0.343057,0.113836,18,220.78,1,0,9.17
NVDA,2026-08-31,2026-09-18,310.0,P,87.2,91.2,89.2,102.3687,-0.914851,0.003104,-0.18733,0.076393,18,220.78,4,0,9.17
NVDA,2026-08-31,2026-09-18,330.0,P,104.7,113.5,109.1,140.2957,-0.87042,0.003069,-0.372137,0.103485,18,220.78,1,0,9.17
NVDA,2026-08-31,2026-09-18,350.0,P,167.85,171.85,169.85,367.0045,-0.561822,0.00219,-1.940229,0.193243,18,220.78,8,0,9.17
NVDA,2026-08-31,2026-09-18,360.0,P,149.85,151.7,150.775,216.1992,-0.780679,0.002788,-0.83739,0.144913,18,220.78,25,0,9.17
NVDA,2026-08-31,2026-09-18,370.0,P,145.7,153.0,149.35,91.797,-0.992281,0.000472,0.011043,0.010414,18,220.78,10,0,9.17
NVDA,2026-08-31,2026-09-18,420.0,P,230.75,234.35,232.55,380.2491,-0.632011,0.002022,-1.91403,0.184787,18,220.78,0,0,9.17
NVDA,2026-08-31,2026-09-18,460.0,P,235.1,243.2,239.15,208.9604,-0.910834,0.001574,-0.413653,0.079069,18,220.78,1,0,9.17
NVDA,2026-08-31,2026-09-25,60.0,C,156.55,165.4,160.975,207.6177,0.996253,9.3e-05,-0.032823,0.006455,25,220.78,0,6,9.17
NVDA,2026-08-31,2026-09-25,75.0,C,141.55,150.45,146.0,176.172,0.995028,0.000141,-0.036808,0.008313,25,220.78,1,9,9.17
NVDA,2026-08-31,2026-09-25,80.0,C,136.6,145.45,141.025,168.6525,0.994238,0.000168,-0.039978,0.009478,25,220.78,0,5,9.17
NVDA,2026-08-31,2026-09-25,85.0,C,131.6,140.45,136.025,159.1799,0.993889,0.000188,-0.040298,0.009985,25,220.78,0,5,9.17
NVDA,2026-08-31,2026-09-25,90.0,C,126.6,135.45,131.025,150.2932,0.993515,0.00021,-0.040648,0.010525,25,220.78,0,6,9.17
NVDA,2026-08-31,2026-09-25,95.0,C,121.6,130.45,126.025,141.7972,0.993146,0.000233,-0.040855,0.011052,25,220.78,1,1,9.17
NVDA,2026-08-31,2026-09-25,100.0,C,116.6,123.85,120.225,213.2329,0.955699,0.00076,-0.239556,0.054083,25,220.78,1,4,9.17
NVDA,2026-08-31,2026-09-25,105.0,C,111.6,118.85,115.225,201.9048,0.953086,0.00084,-0.238051,0.056633,25,220.78,1,6,9.17
NVDA,2026-08-31,2026-09-25,110.0,C,106.65,115.5,111.075,122.1684,0.990534,0.00036,-0.046847,0.01468,25,220.78,5,10,9.17
NVDA,2026-08-31,2026-09-25,120.0,C,96.65,105.55,101.1,109.5708,0.988648,0.00047,-0.049643,0.017198,25,220.78,11,2,9.17
NVDA,2026-08-31,2026-09-25,125.0,C,91.7,100.55,96.125,104.1997,0.987183,0.000549,-0.052247,0.019107,25,220.78,6,19,9.17
NVDA,2026-08-31,2026-09-25,130.0,C,86.7,95.6,91.15,98.8281,0.985626,0.000639,-0.054595,0.021094,25,220.78,0,1,9.17
NVDA,2026-08-31,2026-09-25,135.0,C,81.75,90.6,86.175,93.5548,0.983898,0.000745,-0.056882,0.023255,25,220.78,0,1,9.17
NVDA,2026-08-31,2026-09-25,140.0,C,76.75,85.65,81.2,88.3302,0.98201,0.000867,-0.059001,0.025566,25,220.78,2,24,9.17
NVDA,2026-08-31,2026-09-25,145.0,C,71.8,80.65,76.225,83.2033,0.979886,0.001012,-0.061075,0.028112,25,220.78,0,1,9.17
NVDA,2026-08-31,2026-09-25,150.0,C,66.8,74.05,70.425,120.7768,0.917583,0.002179,-0.22534,0.087852,25,220.78,2,3,9.17
NVDA,2026-08-31,2026-09-25,155.0,C,61.85,70.75,66.3,73.6819,0.974059,0.001416,-0.066506,0.034832,25,220.78,1,3,9.17
NVDA,2026-08-31,2026-09-25,160.0,C,56.9,66.0,61.45,71.387,0.966417,0.001811,-0.077115,0.043156,25,220.78,1,28,9.17
NVDA,2026-08-31,2026-09-25,165.0,C,51.95,60.8,56.375,64.1361,0.966684,0.002002,-0.071018,0.042874,25,220.78,47,19,9.17
NVDA,2026-08-31,2026-09-25,170.0,C,47.0,55.9,51.45,60.059,0.9606,0.002453,-0.075466,0.049183,25,220.78,13,21,9.17
NVDA,2026-08-31,2026-09-25,175.0,C,42.05,49.15,45.6,83.6672,0.88148,0.004102,-0.206582,0.114577,25,220.78,51,114,9.17
NVDA,2026-08-31,2026-09-25,180.0,C,37.6,42.25,39.925,59.351,0.920555,0.004312,-0.117859,0.085449,25,220.78,51,394,9.17
NVDA,2026-08-31,2026-09-25,185.0,C,35.1,37.2,36.15,52.7348,0.914444,0.005132,-0.1121,0.090352,25,220.78,3,225,9.17
NVDA,2026-08-31,2026-09-25,190.0,C,30.35,33.5,31.925,57.4711,0.862238,0.00663,-0.162223,0.127203,25,220.78,48,254,9.17
NVDA,2026-08-31,2026-09-25,195.0,C,25.5,27.65,26.575,44.4097,0.874605,0.00804,-0.122762,0.119206,25,220.78,1,372,9.17
NVDA,2026-08-31,2026-09-25,200.0,C,21.15,23.05,22.1,40.8331,0.841911,0.010232,-0.13053,0.139485,25,220.78,70,567,9.17
NVDA,2026-08-31,2026-09-25,205.0,C,16.75,19.7,18.225,43.5675,0.767245,0.012143,-0.169179,0.176619,25,220.78,126,1095,9.17
NVDA,2026-08-31,2026-09-25,210.0,C,12.85,14.65,13.75,35.5597,0.729698,0.016101,-0.1509,0.191156,25,220.78,947,2134,9.17
NVDA,2026-08-31,2026-09-25,215.0,C,10.3,11.0,10.65,33.5029,0.646375,0.019205,-0.157386,0.214816,25,220.78,1924,3296,9.17
NVDA,2026-08-31,2026-09-25,220.0,C,6.85,8.15,7.5,33.0512,0.545269,0.020755,-0.162854,0.229026,25,220.78,2890,3616,9.17
NVDA,2026-08-31,2026-09-25,225.0,C,5.05,5.6,5.325,31.7023,0.438052,0.021516,-0.153697,0.227727,25,220.78,2833,5814,9.17
NVDA,2026-08-31,2026-09-25,230.0,C,3.35,3.75,3.55,31.153,0.333712,0.020209,-0.138103,0.210185,25,220.78,4552,10381,9.17
NVDA,2026-08-31,2026-09-25,235.0,C,2.15,2.42,2.285,30.8234,0.241419,0.017511,-0.116289,0.180202,25,220.78,2695,5281,9.17
NVDA,2026-08-31,2026-09-25,240.0,C,1.37,1.53,1.45,30.799,0.167633,0.014092,-0.092886,0.144905,25,220.78,2371,5312,9.17
NVDA,2026-08-31,2026-09-25,245.0,C,0.87,0.94,0.905,30.8479,0.111743,0.010669,-0.070218,0.109879,25,220.78,1711,6003,9.17
NVDA,2026-08-31,2026-09-25,250.0,C,0.51,0.62,0.565,31.6413,0.076545,0.007864,-0.054236,0.083072,25,220.78,1839,7566,9.17
NVDA,2026-08-31,2026-09-25,255.0,C,0.32,0.38,0.35,31.9587,0.049426,0.005534,-0.038819,0.059046,25,220.78,521,2298,9.17
NVDA,2026-08-31,2026-09-25,260.0,C,0.2,0.25,0.225,32.7643,0.03331,0.003919,-0.028817,0.042867,25,220.78,1250,17123,9.17
NVDA,2026-08-31,2026-09-25,265.0,C,0.14,0.18,0.16,33.985,0.023887,0.002865,-0.022614,0.032503,25,220.78,359,1935,9.17
NVDA,2026-08-31,2026-09-25,270.0,C,0.11,0.14,0.125,35.4987,0.018206,0.002179,-0.018735,0.025828,25,220.78,188,19093,9.17
NVDA,2026-08-31,2026-09-25,275.0,C,0.07,0.11,0.09,36.9147,0.013963,0.001669,-0.015494,0.020573,25,220.78,29,1479,9.17
NVDA,2026-08-31,2026-09-25,280.0,C,0.05,0.1,0.075,39.0631,0.012281,0.001412,-0.014653,0.018413,25,220.78,237,923,9.17
NVDA,2026-08-31,2026-09-25,285.0,C,0.04,0.25,0.145,47.2173,0.023645,0.002044,-0.030943,0.032227,25,220.78,21,1200,9.17
NVDA,2026-08-31,2026-09-25,290.0,C,0.04,0.07,0.055,41.9928,0.008125,0.000916,-0.01096,0.012839,25,220.78,77,1812,9.17
NVDA,2026-08-31,2026-09-25,295.0,C,0.02,0.07,0.045,44.3365,0.007812,0.000838,-0.011168,0.012403,25,220.78,5,218,9.17
NVDA,2026-08-31,2026-09-25,300.0,C,0.02,0.05,0.035,44.7271,0.005558,0.000615,-0.008332,0.00918,25,220.78,202,973,9.17
NVDA,2026-08-31,2026-09-25,305.0,C,0.01,0.04,0.025,45.7037,0.004391,0.000488,-0.006897,0.007441,25,220.78,11,95,9.17
NVDA,2026-08-31,2026-09-25,310.0,C,0.01,0.25,0.13,54.688,0.011245,0.000934,-0.018899,0.017058,25,220.78,94,122,9.17
NVDA,2026-08-31,2026-09-25,315.0,C,0.0,0.2,0.1,55.0786,0.008756,0.000746,-0.015292,0.013711,25,220.78,1,3,9.17
NVDA,2026-08-31,2026-09-25,320.0,C,0.0,0.25,0.125,58.7895,0.010204,0.000799,-0.018648,0.015674,25,220.78,1,460,9.17
NVDA,2026-08-31,2026-09-25,325.0,C,0.0,0.03,0.015,51.9536,0.002917,0.000297,-0.005419,0.005155,25,220.78,10,909,9.17
NVDA,2026-08-31,2026-09-25,330.0,C,0.0,0.24,0.12,62.598,0.00924,0.000688,-0.018191,0.014372,25,220.78,403,838,9.17
NVDA,2026-08-31,2026-09-25,335.0,C,0.0,0.02,0.01,50.7817,0.001138,0.000129,-0.002249,0.00219,25,220.78,2,111,9.17
NVDA,2026-08-31,2026-09-25,340.0,C,0.0,0.02,0.01,52.3442,0.001089,0.00012,-0.002227,0.002104,25,220.78,291,222,9.17
NVDA,2026-08-31,2026-09-25,345.0,C,0.0,0.24,0.12,68.4573,0.008478,0.000583,-0.018429,0.013328,25,220.78,1,28,9.17
NVDA,2026-08-31,2026-09-25,350.0,C,0.0,0.24,0.12,70.3128,0.008242,0.000554,-0.018458,0.013001,25,220.78,1,27,9.17
NVDA,2026-08-31,2026-09-25,360.0,C,0.0,0.24,0.12,74.0237,0.007894,0.000507,-0.0187,0.012518,25,220.78,4,11,9.17
NVDA,2026-08-31,2026-09-25,370.0,C,0.0,0.24,0.12,77.5393,0.007542,0.000465,-0.018808,0.012025,25,220.78,10,7,9.17
NVDA,2026-08-31,2026-09-25,380.0,C,0.0,0.24,0.12,80.9572,0.007246,0.000429,-0.018947,0.011607,25,220.78,10,22,9.17
NVDA,2026-08-31,2026-09-25,390.0,C,0.0,0.02,0.01,67.1878,0.000864,7.6e-05,-0.002305,0.001701,25,220.78,8,222,9.17
NVDA,2026-08-31,2026-09-25,50.0,P,0.0,0.23,0.115,221.4848,-0.002143,5.3e-05,-0.017216,0.0039,25,220.78,2,2,9.17
NVDA,2026-08-31,2026-09-25,55.0,P,0.0,0.24,0.12,208.5942,-0.002375,6.1e-05,-0.017796,0.004281,25,220.78,1,5,9.17
NVDA,2026-08-31,2026-09-25,80.0,P,0.0,0.05,0.025,131.2503,-0.000861,3.9e-05,-0.004428,0.001695,25,220.78,0,10,9.17
NVDA,2026-08-31,2026-09-25,90.0,P,0.0,0.04,0.02,114.0629,-0.000778,4.1e-05,-0.003506,0.001545,25,220.78,1,0,9.17
NVDA,2026-08-31,2026-09-25,95.0,P,0.0,0.26,0.13,130.8597,-0.004133,0.000161,-0.018342,0.007048,25,220.78,1,2,9.17
NVDA,2026-08-31,2026-09-25,100.0,P,0.01,0.05,0.03,105.4692,-0.001278,6.9e-05,-0.005108,0.002436,25,220.78,306,58,9.17
NVDA,2026-08-31,2026-09-25,105.0,P,0.0,0.26,0.13,116.4067,-0.004658,0.000202,-0.018144,0.007843,25,220.78,10,38,9.17
NVDA,2026-08-31,2026-09-25,110.0,P,0.0,0.09,0.045,97.2657,-0.002025,0.000114,-0.007159,0.003706,25,220.78,1,31,9.17
NVDA,2026-08-31,2026-09-25,115.0,P,0.02,0.19,0.105,100.5864,-0.00441,0.000222,-0.014917,0.007469,25,220.78,15,22,9.17
NVDA,2026-08-31,2026-09-25,120.0,P,0.0,0.28,0.14,97.8516,-0.005889,0.000296,-0.018766,0.009663,25,220.78,8,60,9.17
NVDA,2026-08-31,2026-09-25,125.0,P,0.04,0.28,0.16,93.5548,-0.007021,0.000361,-0.020951,0.011289,25,220.78,60,100,9.17
NVDA,2026-08-31,2026-09-25,130.0,P,0.04,0.06,0.05,76.1721,-0.002809,0.000196,-0.007523,0.004982,25,220.78,3,301,9.17
NVDA,2026-08-31,2026-09-25,135.0,P,0.0,0.07,0.035,68.7503,-0.00227,0.000179,-0.005596,0.004109,25,220.78,1,594,9.17
NVDA,2026-08-31,2026-09-25,140.0,P,0.06,0.31,0.185,78.0276,-0.009506,0.000566,-0.02276,0.014732,25,220.78,604,398,9.17
NVDA,2026-08-31,2026-09-25,145.0,P,0.08,0.1,0.09,66.016,-0.005628,0.000421,-0.012121,0.009282,25,220.78,128,456,9.17
NVDA,2026-08-31,2026-09-25,150.0,P,0.09,0.14,0.115,63.184,-0.007432,0.000563,-0.014824,0.011871,25,220.78,321,1029,9.17
NVDA,2026-08-31,2026-09-25,155.0,P,0.11,0.16,0.135,59.6684,-0.009145,0.000715,-0.016778,0.014242,25,220.78,51,139,9.17
NVDA,2026-08-31,2026-09-25,160.0,P,0.1,0.18,0.14,55.1762,-0.010178,0.000849,-0.017016,0.015638,25,220.78,1489,1125,9.17
NVDA,2026-08-31,2026-09-25,165.0,P,0.17,0.22,0.195,53.0278,-0.014399,0.001193,-0.022063,0.021125,25,220.78,143,1247,9.17
NVDA,2026-08-31,2026-09-25,170.0,P,0.21,0.25,0.23,50.1958,-0.019006,0.001599,-0.026445,0.026791,25,220.78,194,962,9.17
NVDA,2026-08-31,2026-09-25,175.0,P,0.28,0.32,0.3,47.315,-0.025046,0.002141,-0.031412,0.033822,25,220.78,177,1017,9.17
NVDA,2026-08-31,2026-09-25,180.0,P,0.35,0.51,0.43,46.3873,-0.038877,0.003141,-0.044214,0.048652,25,220.78,392,2797,9.17
NVDA,2026-08-31,2026-09-25,185.0,P,0.45,0.5,0.475,41.0895,-0.042558,0.003817,-0.042023,0.052358,25,220.78,198,7568,9.17
NVDA,2026-08-31,2026-09-25,190.0,P,0.6,0.82,0.71,40.3815,-0.067104,0.00557,-0.059059,0.075093,25,220.78,744,9549,9.17
NVDA,2026-08-31,2026-09-25,195.0,P,0.85,0.94,0.895,36.1823,-0.082935,0.007307,-0.061918,0.088267,25,220.78,541,2246,9.17
NVDA,2026-08-31,2026-09-25,200.0,P,1.25,1.35,1.3,34.1193,-0.118945,0.010084,-0.075576,0.114867,25,220.78,4414,4066,9.17
NVDA,2026-08-31,2026-09-25,205.0,P,1.52,2.44,1.98,35.1691,-0.189571,0.013335,-0.105629,0.156579,25,220.78,974,3997,9.17
NVDA,2026-08-31,2026-09-25,210.0,P,2.69,3.3,2.995,32.6667,-0.25521,0.01702,-0.115201,0.18562,25,220.78,1145,8963,9.17
NVDA,2026-08-31,2026-09-25,215.0,P,4.0,5.05,4.525,32.7399,-0.351125,0.019603,-0.131897,0.214269,25,220.78,1177,2458,9.17
NVDA,2026-08-31,2026-09-25,220.0,P,6.5,6.95,6.725,31.2629,-0.454061,0.021938,-0.132255,0.228982,25,220.78,2587,4937,9.17
NVDA,2026-08-31,2026-09-25,225.0,P,8.55,9.95,9.25,32.2761,-0.560268,0.021147,-0.133484,0.227876,25,220.78,2455,719,9.17
NVDA,2026-08-31,2026-09-25,230.0,P,11.9,13.5,12.7,33.631,-0.652389,0.019013,-0.127541,0.213483,25,220.78,34,2299,9.17
NVDA,2026-08-31,2026-09-25,235.0,P,15.5,17.35,16.425,34.6198,-0.730856,0.016503,-0.113859,0.190746,25,220.78,31,181,9.17
NVDA,2026-08-31,2026-09-25,240.0,P,19.65,21.85,20.75,37.6471,-0.779941,0.013614,-0.10906,0.171111,25,220.78,32,105,9.17
NVDA,2026-08-31,2026-09-25,245.0,P,24.05,26.75,25.4,42.3101,-0.805544,0.011259,-0.113724,0.159036,25,220.78,6,23,9.17
NVDA,2026-08-31,2026-09-25,250.0,P,27.6,31.25,29.425,43.8604,-0.842106,0.009518,-0.100122,0.139372,25,220.78,23,62,9.17
NVDA,2026-08-31,2026-09-25,255.0,P,33.6,36.45,35.025,49.8174,-0.846237,0.008234,-0.113699,0.136957,25,220.78,2,93,9.17
NVDA,2026-08-31,2026-09-25,260.0,P,36.6,42.25,39.425,59.7904,-0.829043,0.007351,-0.152518,0.146743,25,220.78,21,96,9.17
NVDA,2026-08-31,2026-09-25,265.0,P,39.7,48.55,44.125,72.5467,-0.803213,0.006614,-0.209413,0.160191,25,220.78,34,50,9.17
NVDA,2026-08-31,2026-09-25,275.0,P,49.65,58.5,54.075,80.945,-0.820861,0.005593,-0.22029,0.151161,25,220.78,0,4,9.17
NVDA,2026-08-31,2026-09-25,280.0,P,56.2,63.2,59.7,83.069,-0.834613,0.00518,-0.213441,0.143649,25,220.78,0,0,9.17
NVDA,2026-08-31,2026-09-25,285.0,P,59.65,68.5,64.075,89.0382,-0.833531,0.004853,-0.231157,0.144255,25,220.78,0,0,9.17
NVDA,2026-08-31,2026-09-25,290.0,P,64.65,73.5,69.075,92.8834,-0.838869,0.004554,-0.236011,0.141236,25,220.78,0,0,9.17
NVDA,2026-08-31,2026-09-25,300.0,P,74.65,83.5,79.075,100.2202,-0.848052,0.004061,-0.244781,0.135883,25,220.78,1,0,9.17
NVDA,2026-08-31,2026-09-25,325.0,P,99.65,108.5,104.075,116.8583,-0.864988,0.003216,-0.262709,0.12546,25,220.78,0,0,9.17
NVDA,2026-08-31,2026-10-02,60.0,C,156.55,163.75,160.15,294.4339,0.973447,0.000319,-0.190096,0.040183,32,220.78,0,1,9.17
NVDA,2026-08-31,2026-10-02,85.0,C,131.85,138.85,135.35,222.9497,0.96254,0.00056,-0.193553,0.053401,32,220.78,0,5,9.17
NVDA,2026-08-31,2026-10-02,90.0,C,126.65,133.85,130.25,211.06,0.960253,0.000621,-0.192806,0.056044,32,220.78,1,1,9.17
NVDA,2026-08-31,2026-10-02,100.0,C,116.8,123.9,120.35,190.0391,0.954931,0.000764,-0.193097,0.06204,32,220.78,0,30,9.17
NVDA,2026-08-31,2026-10-02,110.0,C,106.75,115.55,111.15,112.1098,0.988535,0.00041,-0.045297,0.019625,32,220.78,1,2,9.17
NVDA,2026-08-31,2026-10-02,125.0,C,91.85,99.05,95.45,145.7034,0.938446,0.001276,-0.191906,0.079445,32,220.78,0,1,9.17
NVDA,2026-08-31,2026-10-02,135.0,C,81.9,90.75,86.325,87.5978,0.979264,0.000872,-0.057911,0.032636,32,220.78,1,1,9.17
NVDA,2026-08-31,2026-10-02,140.0,C,76.95,84.15,80.55,122.9008,0.925451,0.001754,-0.189151,0.092112,32,220.78,1,1,9.17
NVDA,2026-08-31,2026-10-02,150.0,C,67.35,74.25,70.8,109.0825,0.914401,0.002194,-0.187319,0.10226,32,220.78,52,49,9.17
NVDA,2026-08-31,2026-10-02,155.0,C,62.05,70.95,66.5,69.5316,0.966898,0.001624,-0.067403,0.048249,32,220.78,134,8,9.17
NVDA,2026-08-31,2026-10-02,160.0,C,57.15,64.35,60.75,95.8619,0.901103,0.002778,-0.184188,0.113799,32,220.78,134,3,9.17
NVDA,2026-08-31,2026-10-02,165.0,C,52.2,59.65,55.925,91.3697,0.889488,0.003159,-0.190028,0.123332,32,220.78,126,7,9.17
NVDA,2026-08-31,2026-10-02,170.0,C,47.3,56.05,51.675,56.6899,0.951596,0.002712,-0.074344,0.065697,32,220.78,126,40,9.17
NVDA,2026-08-31,2026-10-02,175.0,C,43.15,49.5,46.325,76.7825,0.87497,0.004102,-0.176133,0.134592,32,220.78,37,109,9.17
NVDA,2026-08-31,2026-10-02,180.0,C,40.15,42.45,41.3,54.5659,0.91387,0.004406,-0.103837,0.102735,32,220.78,5,153,9.17
NVDA,2026-08-31,2026-10-02,185.0,C,35.1,38.75,36.925,58.7895,0.868977,0.005534,-0.143339,0.139042,32,220.78,20,71,9.17
NVDA,2026-08-31,2026-10-02,190.0,C,30.85,32.85,31.85,46.5215,0.881519,0.006519,-0.110702,0.129599,32,220.78,10,148,9.17
NVDA,2026-08-31,2026-10-02,195.0,C,25.8,28.2,27.0,43.0792,0.85608,0.008053,-0.116186,0.148248,32,220.78,31,182,9.17
NVDA,2026-08-31,2026-10-02,200.0,C,21.45,24.65,23.05,45.0933,0.797185,0.009577,-0.145473,0.184555,32,220.78,16,293,9.17
NVDA,2026-08-31,2026-10-02,205.0,C,17.6,19.35,18.475,36.9757,0.776959,0.012346,-0.128232,0.195085,32,220.78,64,367,9.17
NVDA,2026-08-31,2026-10-02,210.0,C,14.25,16.0,15.125,37.4457,0.704174,0.014113,-0.146367,0.225845,32,220.78,233,1463,9.17
NVDA,2026-08-31,2026-10-02,215.0,C,11.35,12.1,11.725,34.1132,0.635155,0.016853,-0.144025,0.245681,32,220.78,701,1171,9.17
NVDA,2026-08-31,2026-10-02,220.0,C,8.0,9.15,8.575,33.1244,0.547158,0.018295,-0.145428,0.25897,32,220.78,2827,1781,9.17
NVDA,2026-08-31,2026-10-02,225.0,C,6.1,6.8,6.45,32.7338,0.454964,0.018524,-0.142094,0.259131,32,220.78,4396,1649,9.17
NVDA,2026-08-31,2026-10-02,230.0,C,4.0,4.75,4.375,31.7634,0.36197,0.018051,-0.129279,0.245024,32,220.78,1304,3701,9.17
NVDA,2026-08-31,2026-10-02,235.0,C,2.72,3.3,3.01,31.4948,0.278391,0.016304,-0.113927,0.21944,32,220.78,1288,2380,9.17
NVDA,2026-08-31,2026-10-02,240.0,C,1.82,2.23,2.025,31.3117,0.206481,0.01394,-0.095688,0.186532,32,220.78,1466,3073,9.17
NVDA,2026-08-31,2026-10-02,245.0,C,1.35,1.46,1.405,31.1408,0.147477,0.011324,-0.076504,0.150701,32,220.78,606,3648,9.17
NVDA,2026-08-31,2026-10-02,250.0,C,0.72,1.0,0.86,31.6169,0.106391,0.008882,-0.061582,0.120005,32,220.78,2578,2773,9.17
NVDA,2026-08-31,2026-10-02,255.0,C,0.58,0.66,0.62,31.861,0.074145,0.006737,-0.047272,0.091731,32,220.78,559,1053,9.17
NVDA,2026-08-31,2026-10-02,260.0,C,0.3,0.55,0.425,33.7409,0.060091,0.005407,-0.042404,0.077965,32,220.78,520,1174,9.17
NVDA,2026-08-31,2026-10-02,265.0,C,0.28,0.34,0.31,33.5456,0.039595,0.003897,-0.030143,0.055868,32,220.78,74,908,9.17
NVDA,2026-08-31,2026-10-02,270.0,C,0.01,0.24,0.125,34.2292,0.028535,0.002917,-0.02344,0.042668,32,220.78,666,660,9.17
NVDA,2026-08-31,2026-10-02,275.0,C,0.13,0.17,0.15,34.8639,0.020476,0.002167,-0.018034,0.032289,32,220.78,49,1631,9.17
NVDA,2026-08-31,2026-10-02,280.0,C,0.08,0.16,0.12,36.9147,0.018335,0.001863,-0.017354,0.029397,32,220.78,1476,580,9.17
NVDA,2026-08-31,2026-10-02,285.0,C,0.07,0.14,0.105,38.526,0.015678,0.001562,-0.015819,0.025715,32,220.78,43,324,9.17
NVDA,2026-08-31,2026-10-02,290.0,C,0.05,0.29,0.17,45.2642,0.025985,0.00204,-0.028468,0.039463,32,220.78,111,628,9.17
NVDA,2026-08-31,2026-10-02,295.0,C,0.05,0.19,0.12,44.7271,0.017979,0.001513,-0.020591,0.02891,32,220.78,13,269,9.17
NVDA,2026-08-31,2026-10-02,300.0,C,0.0,0.07,0.035,41.2115,0.007656,0.000783,-0.009043,0.013786,32,220.78,64,1560,9.17
NVDA,2026-08-31,2026-10-02,305.0,C,0.02,0.09,0.055,44.5318,0.009137,0.000846,-0.011401,0.016102,32,220.78,3,109,9.17
NVDA,2026-08-31,2026-10-02,310.0,C,0.01,0.07,0.04,45.1177,0.007156,0.000674,-0.009311,0.012989,32,220.78,6,37,9.17
NVDA,2026-08-31,2026-10-02,315.0,C,0.0,0.27,0.135,50.7817,0.011703,0.000921,-0.016104,0.019979,32,220.78,4,116,9.17
NVDA,2026-08-31,2026-10-02,320.0,C,0.0,0.28,0.14,52.9302,0.011635,0.000879,-0.016688,0.019877,32,220.78,41,79,9.17
NVDA,2026-08-31,2026-10-02,325.0,C,0.0,0.04,0.02,47.6568,0.004068,0.000386,-0.005942,0.007862,32,220.78,510,455,9.17
NVDA,2026-08-31,2026-10-02,330.0,C,0.01,0.07,0.04,52.1489,0.00613,0.000508,-0.009362,0.011328,32,220.78,76,532,9.17
NVDA,2026-08-31,2026-10-02,335.0,C,0.0,0.07,0.035,50.1958,0.003373,0.00031,-0.005286,0.006646,32,220.78,7,456,9.17
NVDA,2026-08-31,2026-10-02,340.0,C,0.01,0.04,0.025,50.0005,0.002399,0.000229,-0.00387,0.004887,32,220.78,6,21,9.17
NVDA,2026-08-31,2026-10-02,345.0,C,0.0,0.26,0.13,61.3285,0.009403,0.00063,-0.016021,0.016511,32,220.78,2,20,9.17
NVDA,2026-08-31,2026-10-02,350.0,C,0.0,0.26,0.13,63.0863,0.009242,0.000603,-0.016226,0.016262,32,220.78,5,17,9.17
NVDA,2026-08-31,2026-10-02,360.0,C,0.0,0.04,0.02,54.688,0.00176,0.000158,-0.00319,0.003689,32,220.78,1,54,9.17
NVDA,2026-08-31,2026-10-02,370.0,C,0.0,0.06,0.03,59.766,0.002471,0.000197,-0.004741,0.00502,32,220.78,1,45,9.17
NVDA,2026-08-31,2026-10-02,380.0,C,0.0,0.26,0.13,72.5589,0.00809,0.000467,-0.016577,0.014471,32,220.78,18,12,9.17
NVDA,2026-08-31,2026-10-02,390.0,C,0.0,0.06,0.03,65.2347,0.002312,0.00017,-0.004867,0.004726,32,220.78,1,6,9.17
NVDA,2026-08-31,2026-10-02,55.0,P,0.0,0.25,0.125,185.9376,-0.002511,6.4e-05,-0.014729,0.005093,32,220.78,2,2,9.17
NVDA,2026-08-31,2026-10-02,60.0,P,0.0,0.3,0.15,178.5157,-0.003116,8.1e-05,-0.017181,0.00619,32,220.78,1,2,9.17
NVDA,2026-08-31,2026-10-02,80.0,P,0.0,0.27,0.135,138.8675,-0.003655,0.00012,-0.015404,0.007143,32,220.78,1,12,9.17
NVDA,2026-08-31,2026-10-02,85.0,P,0.0,0.37,0.185,136.3284,-0.005018,0.000163,-0.02007,0.009483,32,220.78,1,3,9.17
NVDA,2026-08-31,2026-10-02,90.0,P,0.0,0.27,0.135,123.6332,-0.004105,0.00015,-0.015208,0.007926,32,220.78,1,6,9.17
NVDA,2026-08-31,2026-10-02,95.0,P,0.0,0.28,0.14,117.1879,-0.004484,0.000171,-0.015593,0.008578,32,220.78,1,1,9.17
NVDA,2026-08-31,2026-10-02,100.0,P,0.0,0.28,0.14,110.5473,-0.004753,0.000191,-0.015488,0.009036,32,220.78,1,34,9.17
NVDA,2026-08-31,2026-10-02,105.0,P,0.01,0.25,0.13,103.3208,-0.004757,0.000205,-0.014478,0.009042,32,220.78,3,3,9.17
NVDA,2026-08-31,2026-10-02,110.0,P,0.0,0.07,0.035,84.3752,-0.001713,0.0001,-0.004705,0.0036,32,220.78,41,42,9.17
NVDA,2026-08-31,2026-10-02,115.0,P,0.0,0.29,0.145,92.7735,-0.005807,0.000272,-0.015509,0.010798,32,220.78,2,121,9.17
NVDA,2026-08-31,2026-10-02,120.0,P,0.0,0.3,0.15,87.6954,-0.00638,0.000313,-0.015924,0.011736,32,220.78,4,29,9.17
NVDA,2026-08-31,2026-10-02,125.0,P,0.03,0.11,0.07,75.0003,-0.003601,0.00022,-0.008173,0.007048,32,220.78,1,121,9.17
NVDA,2026-08-31,2026-10-02,130.0,P,0.05,0.12,0.085,71.8753,-0.004521,0.000281,-0.009595,0.008641,32,220.78,1,320,9.17
NVDA,2026-08-31,2026-10-02,135.0,P,0.0,0.11,0.055,63.8675,-0.003334,0.000241,-0.006484,0.006577,32,220.78,58,120,9.17
NVDA,2026-08-31,2026-10-02,140.0,P,0.08,0.19,0.135,66.4066,-0.007515,0.000478,-0.01389,0.013562,32,220.78,10,104,9.17
NVDA,2026-08-31,2026-10-02,145.0,P,0.12,0.18,0.15,62.6957,-0.008769,0.00058,-0.015003,0.015531,32,220.78,30,99,9.17
NVDA,2026-08-31,2026-10-02,150.0,P,0.0,0.21,0.105,55.4692,-0.007035,0.00054,-0.010921,0.012795,32,220.78,2,443,9.17
NVDA,2026-08-31,2026-10-02,155.0,P,0.16,0.21,0.185,55.3715,-0.011925,0.000858,-0.017284,0.020307,32,220.78,7,401,9.17
NVDA,2026-08-31,2026-10-02,160.0,P,0.2,0.29,0.245,53.1743,-0.015992,0.001151,-0.021349,0.026155,32,220.78,14,940,9.17
NVDA,2026-08-31,2026-10-02,165.0,P,0.08,0.5,0.29,50.0982,-0.019725,0.001461,-0.024016,0.031282,32,220.78,149,225,9.17
NVDA,2026-08-31,2026-10-02,170.0,P,0.34,0.38,0.36,47.8521,-0.026273,0.001948,-0.029153,0.039829,32,220.78,30,355,9.17
NVDA,2026-08-31,2026-10-02,175.0,P,0.4,0.5,0.45,45.6304,-0.035014,0.002591,-0.035191,0.050529,32,220.78,41,530,9.17
NVDA,2026-08-31,2026-10-02,180.0,P,0.51,0.7,0.605,44.0191,-0.048755,0.003513,-0.044285,0.066078,32,220.78,125,984,9.17
NVDA,2026-08-31,2026-10-02,185.0,P,0.5,0.82,0.66,40.6988,-0.060016,0.004478,-0.048103,0.077889,32,220.78,208,951,9.17
NVDA,2026-08-31,2026-10-02,190.0,P,0.85,1.14,0.995,39.0143,-0.082903,0.005988,-0.058883,0.099833,32,220.78,815,6655,9.17
NVDA,2026-08-31,2026-10-02,195.0,P,1.2,1.44,1.32,36.3043,-0.10762,0.007799,-0.066079,0.121003,32,220.78,243,2065,9.17
NVDA,2026-08-31,2026-10-02,200.0,P,1.6,2.0,1.8,34.6076,-0.14736,0.010184,-0.077936,0.150621,32,220.78,1230,61970,9.17
NVDA,2026-08-31,2026-10-02,205.0,P,2.3,2.92,2.61,33.7287,-0.204617,0.012872,-0.092886,0.185531,32,220.78,477,4027,9.17
NVDA,2026-08-31,2026-10-02,210.0,P,3.2,4.0,3.6,32.1479,-0.271638,0.015781,-0.102394,0.216801,32,220.78,837,1636,9.17
NVDA,2026-08-31,2026-10-02,215.0,P,5.25,6.15,5.7,33.4479,-0.363011,0.017159,-0.1194,0.245264,32,220.78,970,731,9.17
NVDA,2026-08-31,2026-10-02,220.0,P,6.7,7.8,7.25,30.9699,-0.452192,0.019564,-0.114336,0.25892,32,220.78,556,1690,9.17
NVDA,2026-08-31,2026-10-02,225.0,P,8.5,11.75,10.125,35.5231,-0.538363,0.0171,-0.130788,0.259588,32,220.78,157,1007,9.17
NVDA,2026-08-31,2026-10-02,230.0,P,12.9,13.55,13.225,30.0544,-0.647465,0.018902,-0.098067,0.242768,32,220.78,40,359,9.17
NVDA,2026-08-31,2026-10-02,235.0,P,16.3,18.0,17.15,33.6616,-0.70664,0.015639,-0.100606,0.224974,32,220.78,4,50,9.17
NVDA,2026-08-31,2026-10-02,240.0,P,20.0,22.45,21.225,36.4081,-0.754921,0.013211,-0.097665,0.20554,32,220.78,3,98,9.17
NVDA,2026-08-31,2026-10-02,245.0,P,24.3,25.7,25.0,31.2873,-0.851289,0.011334,-0.052318,0.151543,32,220.78,14,15,9.17
NVDA,2026-08-31,2026-10-02,250.0,P,28.9,30.3,29.6,32.2883,-0.888403,0.009001,-0.039587,0.124198,32,220.78,5,12,9.17
NVDA,2026-08-31,2026-10-02,255.0,P,32.9,36.55,34.725,44.8492,-0.839905,0.008302,-0.088893,0.159118,32,220.78,25,4,9.17
NVDA,2026-08-31,2026-10-02,260.0,P,37.8,41.4,39.6,47.7544,-0.856014,0.007267,-0.087183,0.148294,32,220.78,3,48,9.17
NVDA,2026-08-31,2026-10-02,265.0,P,39.75,48.6,44.175,64.661,-0.79975,0.006628,-0.162115,0.183153,32,220.78,0,3,9.17
NVDA,2026-08-31,2026-10-02,275.0,P,49.35,58.5,53.925,71.8509,-0.818717,0.005611,-0.169073,0.1723,32,220.78,0,2,9.17
NVDA,2026-08-31,2026-10-02,300.0,P,76.3,83.5,79.9,57.5932,-0.954826,0.002525,-0.026312,0.062156,32,220.78,0,0,9.17
NVDA,2026-08-31,2026-10-09,120.0,C,97.0,106.0,101.5,100.8794,0.97861,0.000704,-0.05951,0.036988,39,220.78,0,1,9.17
NVDA,2026-08-31,2026-10-09,145.0,C,72.2,81.0,76.6,74.9514,0.96819,0.00132,-0.063504,0.051545,39,220.78,0,1,9.17
NVDA,2026-08-31,2026-10-09,150.0,C,67.25,76.0,71.625,70.2396,0.96529,0.001514,-0.064289,0.055384,39,220.78,5,3,9.17
NVDA,2026-08-31,2026-10-09,170.0,C,47.55,54.75,51.15,77.466,0.87991,0.00358,-0.157676,0.144442,39,220.78,0,1,9.17
NVDA,2026-08-31,2026-10-09,175.0,C,45.45,48.75,47.1,51.3921,0.932024,0.003539,-0.078582,0.094732,39,220.78,4,1,9.17
NVDA,2026-08-31,2026-10-09,180.0,C,40.75,42.9,41.825,53.0888,0.900867,0.004552,-0.101553,0.125851,39,220.78,0,1,9.17
NVDA,2026-08-31,2026-10-09,185.0,C,35.55,38.1,36.825,49.1948,0.885845,0.005439,-0.103934,0.139347,39,220.78,0,5,9.17
NVDA,2026-08-31,2026-10-09,190.0,C,29.4,35.75,32.575,58.5148,0.816326,0.006293,-0.158599,0.191778,39,220.78,2,3,9.17
NVDA,2026-08-31,2026-10-09,195.0,C,26.85,29.75,28.3,47.4065,0.817132,0.007746,-0.131594,0.191252,39,220.78,42,25,9.17
NVDA,2026-08-31,2026-10-09,200.0,C,22.4,24.55,23.475,40.4791,0.800486,0.009569,-0.120209,0.201748,39,220.78,106,11,9.17
NVDA,2026-08-31,2026-10-09,205.0,C,18.3,21.25,19.775,41.6876,0.739432,0.010794,-0.139726,0.234352,39,220.78,21,18,9.17
NVDA,2026-08-31,2026-10-09,210.0,C,14.95,16.7,15.825,36.7133,0.695102,0.013218,-0.132907,0.252752,39,220.78,55,129,9.17
NVDA,2026-08-31,2026-10-09,215.0,C,11.8,14.2,13.0,38.4955,0.619981,0.013706,-0.148125,0.274788,39,220.78,148,121,9.17
NVDA,2026-08-31,2026-10-09,220.0,C,9.25,10.95,10.1,36.2799,0.548853,0.015123,-0.144149,0.285748,39,220.78,445,260,9.17
NVDA,2026-08-31,2026-10-09,225.0,C,6.8,8.0,7.4,33.8813,0.468287,0.016264,-0.134393,0.286999,39,220.78,511,222,9.17
NVDA,2026-08-31,2026-10-09,230.0,C,5.0,6.0,5.5,33.3991,0.388346,0.015899,-0.126554,0.276558,39,220.78,738,519,9.17
NVDA,2026-08-31,2026-10-09,235.0,C,3.6,4.15,3.875,32.0441,0.306615,0.015182,-0.110577,0.253382,39,220.78,333,251,9.17
NVDA,2026-08-31,2026-10-09,240.0,C,2.53,3.2,2.865,32.923,0.246744,0.013281,-0.101358,0.227737,39,220.78,607,653,9.17
NVDA,2026-08-31,2026-10-09,245.0,C,1.75,2.2,1.975,32.4226,0.186319,0.011458,-0.084402,0.193489,39,220.78,329,661,9.17
NVDA,2026-08-31,2026-10-09,250.0,C,1.29,1.51,1.4,32.2394,0.138096,0.009478,-0.068734,0.159139,39,220.78,623,1384,9.17
NVDA,2026-08-31,2026-10-09,255.0,C,0.96,1.33,1.145,34.4489,0.117428,0.007924,-0.065302,0.142173,39,220.78,274,471,9.17
NVDA,2026-08-31,2026-10-09,260.0,C,0.61,0.72,0.665,32.4958,0.073707,0.005956,-0.043587,0.100811,39,220.78,212,429,9.17
NVDA,2026-08-31,2026-10-09,265.0,C,0.45,0.51,0.48,32.9108,0.054118,0.004624,-0.034611,0.079262,39,220.78,50,108,9.17
NVDA,2026-08-31,2026-10-09,270.0,C,0.13,0.38,0.255,33.6188,0.040916,0.003618,-0.028186,0.063344,39,220.78,46,152,9.17
NVDA,2026-08-31,2026-10-09,275.0,C,0.22,0.28,0.25,34.2292,0.030663,0.002805,-0.022606,0.050002,39,220.78,24,213,9.17
NVDA,2026-08-31,2026-10-09,280.0,C,0.15,0.2,0.175,34.6686,0.022482,0.002136,-0.017633,0.038577,39,220.78,7,34,9.17
NVDA,2026-08-31,2026-10-09,285.0,C,0.11,0.18,0.145,36.2311,0.019557,0.001817,-0.016348,0.034285,39,220.78,8,155,9.17
NVDA,2026-08-31,2026-10-09,290.0,C,0.08,0.15,0.115,37.3541,0.016186,0.0015,-0.014322,0.029175,39,220.78,3,33,9.17
NVDA,2026-08-31,2026-10-09,295.0,C,0.06,0.13,0.095,38.5748,0.013772,0.001264,-0.012856,0.025393,39,220.78,1,121,9.17
NVDA,2026-08-31,2026-10-09,300.0,C,0.04,0.11,0.075,39.6002,0.011508,0.001054,-0.011284,0.021736,39,220.78,6,10,9.17
NVDA,2026-08-31,2026-10-09,305.0,C,0.03,0.1,0.065,40.9186,0.01019,0.000917,-0.010477,0.019553,39,220.78,13,120,9.17
NVDA,2026-08-31,2026-10-09,335.0,C,0.01,0.07,0.04,48.9263,0.00617,0.000494,-0.008022,0.012578,39,220.78,0,1,9.17
NVDA,2026-08-31,2026-10-09,350.0,C,0.0,0.06,0.03,52.5395,0.005029,0.000383,-0.007173,0.010489,39,220.78,0,1,9.17
NVDA,2026-08-31,2026-10-09,105.0,P,0.02,0.09,0.055,85.1564,-0.002375,0.000121,-0.00578,0.005348,39,220.78,0,2,9.17
NVDA,2026-08-31,2026-10-09,110.0,P,0.03,0.3,0.165,91.0157,-0.006142,0.000264,-0.014465,0.012528,39,220.78,0,12,9.17
NVDA,2026-08-31,2026-10-09,115.0,P,0.04,0.11,0.075,77.9299,-0.003431,0.000184,-0.00736,0.007451,39,220.78,3,1,9.17
NVDA,2026-08-31,2026-10-09,120.0,P,0.05,0.12,0.085,74.219,-0.004015,0.000222,-0.008066,0.008579,39,220.78,1,2,9.17
NVDA,2026-08-31,2026-10-09,130.0,P,0.0,0.35,0.175,71.4847,-0.008186,0.000434,-0.014594,0.016142,39,220.78,0,100,9.17
NVDA,2026-08-31,2026-10-09,135.0,P,0.1,0.17,0.135,64.6488,-0.007099,0.000423,-0.01163,0.014239,39,220.78,0,180,9.17
NVDA,2026-08-31,2026-10-09,140.0,P,0.13,0.2,0.165,61.9144,-0.008854,0.000536,-0.013511,0.017291,39,220.78,112,140,9.17
NVDA,2026-08-31,2026-10-09,145.0,P,0.16,0.23,0.195,58.9848,-0.010791,0.000669,-0.015282,0.020553,39,220.78,1,498,9.17
NVDA,2026-08-31,2026-10-09,150.0,P,0.19,0.26,0.225,55.9575,-0.012992,0.000828,-0.017009,0.024145,39,220.78,17,150,9.17
NVDA,2026-08-31,2026-10-09,155.0,P,0.23,0.3,0.265,53.0766,-0.015832,0.001036,-0.019099,0.028626,39,220.78,58,93,9.17
NVDA,2026-08-31,2026-10-09,160.0,P,0.28,0.55,0.415,52.686,-0.023912,0.001481,-0.026868,0.040632,39,220.78,4,160,9.17
NVDA,2026-08-31,2026-10-09,165.0,P,0.17,0.61,0.39,51.978,-0.034193,0.002021,-0.035629,0.054707,39,220.78,29,215,9.17
NVDA,2026-08-31,2026-10-09,170.0,P,0.42,0.49,0.455,45.5328,-0.031635,0.002164,-0.029195,0.05131,39,220.78,381,434,9.17
NVDA,2026-08-31,2026-10-09,175.0,P,0.32,0.79,0.555,45.5572,-0.048285,0.003051,-0.041116,0.072385,39,220.78,54,216,9.17
NVDA,2026-08-31,2026-10-09,180.0,P,0.67,0.74,0.705,40.4791,-0.050541,0.003561,-0.037752,0.075072,39,220.78,36,189,9.17
NVDA,2026-08-31,2026-10-09,185.0,P,0.68,0.98,0.83,38.5992,-0.067322,0.004677,-0.044922,0.094028,39,220.78,111,215,9.17
NVDA,2026-08-31,2026-10-09,190.0,P,1.16,1.25,1.205,36.341,-0.087408,0.006059,-0.05134,0.114671,39,220.78,446,1212,9.17
NVDA,2026-08-31,2026-10-09,195.0,P,1.6,1.77,1.685,35.1813,-0.120621,0.007907,-0.062467,0.144891,39,220.78,378,386,9.17
NVDA,2026-08-31,2026-10-09,200.0,P,2.04,2.61,2.325,34.7419,-0.167943,0.010014,-0.076676,0.181201,39,220.78,784,958,9.17
NVDA,2026-08-31,2026-10-09,205.0,P,3.2,3.7,3.45,34.1681,-0.224972,0.012162,-0.089381,0.216426,39,220.78,163,449,9.17
NVDA,2026-08-31,2026-10-09,210.0,P,4.05,4.85,4.45,32.5751,-0.287463,0.014501,-0.095797,0.246014,39,220.78,132,347,9.17
NVDA,2026-08-31,2026-10-09,215.0,P,6.15,6.5,6.325,31.6413,-0.364385,0.016451,-0.101135,0.27111,39,220.78,160,289,9.17
NVDA,2026-08-31,2026-10-09,220.0,P,8.3,8.65,8.475,31.0554,-0.4503,0.017662,-0.102746,0.285672,39,220.78,81,481,9.17
NVDA,2026-08-31,2026-10-09,225.0,P,10.0,12.1,11.05,33.4723,-0.532635,0.01646,-0.109942,0.286945,39,220.78,68,177,9.17
NVDA,2026-08-31,2026-10-09,230.0,P,13.85,15.15,14.5,33.155,-0.612761,0.016003,-0.10215,0.276331,39,220.78,10,53,9.17
NVDA,2026-08-31,2026-10-09,235.0,P,16.35,18.7,17.525,33.3503,-0.684914,0.014761,-0.092335,0.256398,39,220.78,4,134,9.17
NVDA,2026-08-31,2026-10-09,240.0,P,20.8,22.05,21.425,31.2751,-0.766197,0.013577,-0.069208,0.221148,39,220.78,3,3,9.17
NVDA,2026-08-31,2026-10-09,245.0,P,24.15,26.95,25.55,35.102,-0.792483,0.011297,-0.072393,0.206537,39,220.78,0,2,9.17
NVDA,2026-08-31,2026-10-09,250.0,P,29.4,30.75,30.075,32.3737,-0.860808,0.009489,-0.043927,0.159998,39,220.78,12,11,9.17
NVDA,2026-08-31,2026-10-16,20.0,C,184.45,192.45,188.45,0.001,1.0,0.0,-0.002035,0.0,46,220.78,20,30,9.17
NVDA,2026-08-31,2026-10-16,25.0,C,179.5,187.5,183.5,0.001,1.0,0.0,-0.002544,0.0,46,220.78,1,2,9.17
NVDA,2026-08-31,2026-10-16,30.0,C,174.5,182.5,178.5,0.001,1.0,0.0,-0.003053,0.0,46,220.78,19,33,9.17
NVDA,2026-08-31,2026-10-16,35.0,C,181.6,188.75,185.175,348.2423,0.982646,0.000157,-0.130181,0.03363,46,220.78,30,67,9.17
NVDA,2026-08-31,2026-10-16,40.0,C,176.55,185.45,181.0,204.4927,0.996762,6.1e-05,-0.021052,0.007682,46,220.78,1,26,9.17
NVDA,2026-08-31,2026-10-16,45.0,C,171.65,178.8,175.225,300.8792,0.978695,0.000217,-0.13474,0.040035,46,220.78,1,44,9.17
NVDA,2026-08-31,2026-10-16,50.0,C,166.6,175.6,171.1,187.1094,0.994989,9.9e-05,-0.028042,0.011356,46,220.78,1,24,9.17
NVDA,2026-08-31,2026-10-16,60.0,C,156.7,163.85,160.275,248.682,0.972727,0.000322,-0.138363,0.049266,46,220.78,2,5,9.17
NVDA,2026-08-31,2026-10-16,65.0,C,151.7,160.6,156.15,158.3986,0.993131,0.000154,-0.032287,0.015021,46,220.78,3,32,9.17
NVDA,2026-08-31,2026-10-16,70.0,C,146.75,153.95,150.35,222.7299,0.968132,0.00041,-0.141827,0.056063,46,220.78,10,6,9.17
NVDA,2026-08-31,2026-10-16,75.0,C,141.75,148.95,145.35,210.4009,0.966018,0.000457,-0.141745,0.059111,46,220.78,1,7,9.17
NVDA,2026-08-31,2026-10-16,80.0,C,136.85,144.0,140.425,199.7314,0.963501,0.000511,-0.143086,0.06268,46,220.78,1,230,9.17
NVDA,2026-08-31,2026-10-16,85.0,C,131.85,139.05,135.45,189.7461,0.960865,0.000569,-0.144299,0.066351,46,220.78,2,3,9.17
NVDA,2026-08-31,2026-10-16,90.0,C,115.1,122.8,118.95,0.001,1.0,0.0,-0.009159,0.0,46,220.78,10,112,9.17
NVDA,2026-08-31,2026-10-16,95.0,C,121.95,129.1,125.525,170.7765,0.955609,0.0007,-0.144748,0.073481,46,220.78,15,50,9.17
NVDA,2026-08-31,2026-10-16,100.0,C,117.0,124.15,120.575,162.3781,0.952571,0.000777,-0.14556,0.077495,46,220.78,1,182,9.17
NVDA,2026-08-31,2026-10-16,105.0,C,111.95,119.2,115.575,154.3703,0.949368,0.000861,-0.146215,0.081648,46,220.78,2,92,9.17
NVDA,2026-08-31,2026-10-16,110.0,C,107.0,114.2,110.6,146.1428,0.946445,0.000951,-0.14527,0.085371,46,220.78,3,386,9.17
NVDA,2026-08-31,2026-10-16,115.0,C,102.05,109.25,105.65,138.8431,0.942861,0.001053,-0.145681,0.089852,46,220.78,1,82,9.17
NVDA,2026-08-31,2026-10-16,120.0,C,97.1,106.0,101.55,94.1895,0.977496,0.000725,-0.054561,0.041931,46,220.78,7,267,9.17
NVDA,2026-08-31,2026-10-16,125.0,C,92.15,99.35,95.75,125.0248,0.935009,0.001294,-0.145948,0.099367,46,220.78,2,172,9.17
NVDA,2026-08-31,2026-10-16,130.0,C,87.2,94.4,90.8,51.563,0.998696,0.000106,-0.015085,0.003365,46,220.78,27,256,9.17
NVDA,2026-08-31,2026-10-16,135.0,C,84.3,89.45,86.875,83.716,0.965586,0.001161,-0.067211,0.059729,46,220.78,1,369,9.17
NVDA,2026-08-31,2026-10-16,140.0,C,79.15,84.55,81.85,78.0764,0.963992,0.001292,-0.065942,0.061989,46,220.78,1,438,9.17
NVDA,2026-08-31,2026-10-16,145.0,C,75.05,79.6,77.325,79.1262,0.950929,0.001638,-0.081995,0.079635,46,220.78,14,306,9.17
NVDA,2026-08-31,2026-10-16,150.0,C,67.5,74.65,71.075,53.7114,0.98411,0.000945,-0.033089,0.031188,46,220.78,10,915,9.17
NVDA,2026-08-31,2026-10-16,155.0,C,62.5,69.3,65.9,85.8156,0.908061,0.002453,-0.133977,0.129306,46,220.78,6,4604,9.17
NVDA,2026-08-31,2026-10-16,160.0,C,60.0,63.85,61.925,59.4242,0.950947,0.002181,-0.066491,0.07961,46,220.78,2,4339,9.17
NVDA,2026-08-31,2026-10-16,165.0,C,55.3,59.05,57.175,57.3979,0.939928,0.00265,-0.073611,0.093453,46,220.78,3,637,9.17
NVDA,2026-08-31,2026-10-16,170.0,C,48.95,52.85,50.9,58.4721,0.917062,0.003333,-0.091333,0.119734,46,220.78,26,1738,9.17
NVDA,2026-08-31,2026-10-16,175.0,C,45.4,48.1,46.75,55.3349,0.904074,0.003925,-0.095676,0.133422,46,220.78,44,2365,9.17
NVDA,2026-08-31,2026-10-16,180.0,C,42.05,44.3,43.175,50.8306,0.893977,0.004596,-0.094997,0.143522,46,220.78,389,106785,9.17
NVDA,2026-08-31,2026-10-16,185.0,C,36.25,39.55,37.9,53.6626,0.852695,0.005477,-0.120453,0.180543,46,220.78,6,2095,9.17
NVDA,2026-08-31,2026-10-16,190.0,C,32.45,34.8,33.625,49.4634,0.833883,0.006431,-0.120267,0.19541,46,220.78,33,2937,9.17
NVDA,2026-08-31,2026-10-16,195.0,C,27.1,30.45,28.775,46.8999,0.80435,0.007516,-0.125369,0.216532,46,220.78,116,6365,9.17
NVDA,2026-08-31,2026-10-16,200.0,C,23.6,25.0,24.3,39.2828,0.791684,0.009316,-0.111248,0.224817,46,220.78,1364,8446,9.17
NVDA,2026-08-31,2026-10-16,205.0,C,19.4,21.1,20.25,37.879,0.743341,0.010853,-0.11854,0.252532,46,220.78,95,9250,9.17
NVDA,2026-08-31,2026-10-16,210.0,C,16.55,17.4,16.975,36.3288,0.687616,0.012431,-0.123242,0.277431,46,220.78,360,13266,9.17
NVDA,2026-08-31,2026-10-16,215.0,C,13.45,14.25,13.85,35.6757,0.621692,0.013598,-0.128096,0.298019,46,220.78,1808,16721,9.17
NVDA,2026-08-31,2026-10-16,220.0,C,10.65,11.2,10.925,34.2658,0.551156,0.014732,-0.126757,0.310107,46,220.78,12735,106992,9.17
NVDA,2026-08-31,2026-10-16,225.0,C,8.3,8.7,8.5,33.4784,0.475955,0.015176,-0.123398,0.312113,46,220.78,5047,17993,9.17
NVDA,2026-08-31,2026-10-16,230.0,C,6.35,6.75,6.55,33.2953,0.402361,0.014827,-0.11812,0.303269,46,220.78,4555,40270,9.17
NVDA,2026-08-31,2026-10-16,235.0,C,4.65,5.05,4.85,32.7888,0.330827,0.014106,-0.108193,0.284128,46,220.78,5602,23883,9.17
NVDA,2026-08-31,2026-10-16,240.0,C,3.4,3.8,3.6,32.7704,0.267987,0.012825,-0.097608,0.258181,46,220.78,5280,38604,9.17
NVDA,2026-08-31,2026-10-16,245.0,C,2.56,2.79,2.675,32.6423,0.211933,0.011325,-0.085064,0.227102,46,220.78,3537,24088,9.17
NVDA,2026-08-31,2026-10-16,250.0,C,1.82,1.98,1.9,32.3493,0.162573,0.009697,-0.071215,0.192697,46,220.78,8973,64577,9.17
NVDA,2026-08-31,2026-10-16,255.0,C,1.32,1.45,1.385,32.5568,0.125429,0.008087,-0.059909,0.16173,46,220.78,9191,13341,9.17
NVDA,2026-08-31,2026-10-16,260.0,C,0.95,1.05,1.0,32.7399,0.095391,0.006607,-0.049327,0.132874,46,220.78,2627,27991,9.17
NVDA,2026-08-31,2026-10-16,265.0,C,0.68,0.79,0.735,33.2648,0.073938,0.005371,-0.041266,0.109746,46,220.78,1317,11176,9.17
NVDA,2026-08-31,2026-10-16,270.0,C,0.49,0.54,0.515,33.1306,0.053443,0.004188,-0.031842,0.08523,46,220.78,1278,23841,9.17
NVDA,2026-08-31,2026-10-16,275.0,C,0.35,0.42,0.385,33.8874,0.042155,0.003386,-0.026867,0.070477,46,220.78,659,5839,9.17
NVDA,2026-08-31,2026-10-16,280.0,C,0.25,0.3,0.275,34.0827,0.031123,0.002626,-0.021038,0.054978,46,220.78,2088,16929,9.17
NVDA,2026-08-31,2026-10-16,285.0,C,0.12,0.36,0.24,37.2565,0.033719,0.002566,-0.024509,0.058735,46,220.78,250,2939,9.17
NVDA,2026-08-31,2026-10-16,290.0,C,0.15,0.18,0.165,35.3522,0.019097,0.00168,-0.014433,0.036489,46,220.78,42,10331,9.17
NVDA,2026-08-31,2026-10-16,295.0,C,0.12,0.15,0.135,36.2311,0.015687,0.001386,-0.012486,0.030845,46,220.78,78,1298,9.17
NVDA,2026-08-31,2026-10-16,300.0,C,0.09,0.12,0.105,36.9147,0.012601,0.001126,-0.010519,0.025539,46,220.78,384,12263,9.17
NVDA,2026-08-31,2026-10-16,305.0,C,0.0,0.2,0.1,41.358,0.018064,0.00137,-0.016032,0.034802,46,220.78,27,345,9.17
NVDA,2026-08-31,2026-10-16,310.0,C,0.0,0.29,0.145,45.4595,0.023116,0.001536,-0.021685,0.042889,46,220.78,12,3302,9.17
NVDA,2026-08-31,2026-10-16,315.0,C,0.05,0.08,0.065,39.942,0.008144,0.000711,-0.007752,0.017451,46,220.78,4,123,9.17
NVDA,2026-08-31,2026-10-16,320.0,C,0.03,0.05,0.04,39.3561,0.00534,0.000497,-0.005256,0.012017,46,220.78,1025,1548,9.17
NVDA,2026-08-31,2026-10-16,325.0,C,0.03,0.05,0.04,40.8209,0.005185,0.000467,-0.005306,0.011706,46,220.78,2,36,9.17
NVDA,2026-08-31,2026-10-16,330.0,C,0.0,0.06,0.03,42.9693,0.00574,0.000485,-0.006108,0.012813,46,220.78,1423,1956,9.17
NVDA,2026-08-31,2026-10-16,335.0,C,0.02,0.05,0.035,43.5553,0.004814,0.000409,-0.005291,0.010956,46,220.78,1,130,9.17
NVDA,2026-08-31,2026-10-16,340.0,C,0.0,0.2,0.1,52.7348,0.014347,0.000882,-0.016679,0.028568,46,220.78,109,1502,9.17
NVDA,2026-08-31,2026-10-16,345.0,C,0.0,0.09,0.045,49.2193,0.007336,0.000526,-0.008672,0.015918,46,220.78,25,9,9.17
NVDA,2026-08-31,2026-10-16,350.0,C,0.01,0.04,0.025,46.4849,0.003669,0.000301,-0.004421,0.008593,46,220.78,38,10960,9.17
NVDA,2026-08-31,2026-10-16,355.0,C,0.01,0.04,0.025,47.6568,0.00352,0.000283,-0.004365,0.00828,46,220.78,22,64,9.17
NVDA,2026-08-31,2026-10-16,360.0,C,0.02,0.24,0.13,55.5669,0.009234,0.000571,-0.011963,0.019483,46,220.78,19,2983,9.17
NVDA,2026-08-31,2026-10-16,365.0,C,0.0,0.24,0.12,56.3481,0.008432,0.00052,-0.011199,0.017993,46,220.78,904,771,9.17
NVDA,2026-08-31,2026-10-16,370.0,C,0.01,0.03,0.02,50.0005,0.002606,0.000206,-0.003488,0.006315,46,220.78,11,3463,9.17
NVDA,2026-08-31,2026-10-16,375.0,C,0.01,0.02,0.015,49.2193,0.001764,0.000147,-0.002409,0.004433,46,220.78,22,1062,9.17
NVDA,2026-08-31,2026-10-16,380.0,C,0.0,0.02,0.01,50.3911,0.001752,0.000142,-0.002451,0.004406,46,220.78,33,2593,9.17
NVDA,2026-08-31,2026-10-16,385.0,C,0.01,0.04,0.025,52.5395,0.002099,0.000161,-0.00301,0.005192,46,220.78,1,23,9.17
NVDA,2026-08-31,2026-10-16,390.0,C,0.0,0.02,0.01,50.0005,0.001,8.6e-05,-0.001456,0.002639,46,220.78,1,2270,9.17
NVDA,2026-08-31,2026-10-16,395.0,C,0.0,0.23,0.115,63.5746,0.007267,0.000404,-0.011061,0.015785,46,220.78,12,21,9.17
NVDA,2026-08-31,2026-10-16,400.0,C,0.0,0.02,0.01,51.563,0.000876,7.4e-05,-0.001328,0.002336,46,220.78,1100,12756,9.17
NVDA,2026-08-31,2026-10-16,405.0,C,0.0,0.23,0.115,65.9183,0.007033,0.000379,-0.011136,0.015337,46,220.78,1,11,9.17
NVDA,2026-08-31,2026-10-16,410.0,C,0.0,0.02,0.01,53.9067,0.000922,7.4e-05,-0.001455,0.00245,46,220.78,25,1519,9.17
NVDA,2026-08-31,2026-10-16,420.0,C,0.0,0.04,0.02,58.5942,0.001513,0.000107,-0.002488,0.003856,46,220.78,219,493,9.17
NVDA,2026-08-31,2026-10-16,430.0,C,0.0,0.15,0.075,68.3597,0.004578,0.000249,-0.00788,0.010476,46,220.78,111,275,9.17
NVDA,2026-08-31,2026-10-16,440.0,C,0.01,0.12,0.065,69.3362,0.003914,0.000214,-0.006944,0.009105,46,220.78,20,558,9.17
NVDA,2026-08-31,2026-10-16,450.0,C,0.0,0.1,0.05,69.5316,0.00305,0.00017,-0.005566,0.007279,46,220.78,94,687,9.17
NVDA,2026-08-31,2026-10-16,455.0,C,0.0,0.05,0.025,66.4066,0.001697,0.000105,-0.003125,0.00428,46,220.78,10,712,9.17
NVDA,2026-08-31,2026-10-16,460.0,C,0.0,0.02,0.01,62.5004,0.000746,5.2e-05,-0.001385,0.002016,46,220.78,77,17201,9.17
NVDA,2026-08-31,2026-10-16,5.0,P,0.0,0.01,0.005,325.0002,-5.6e-05,1e-06,-0.000631,0.000179,46,220.78,1,4024,9.17
NVDA,2026-08-31,2026-10-16,10.0,P,0.0,0.01,0.005,262.5003,-7.5e-05,1e-06,-0.000671,0.000236,46,220.78,0,10,9.17
NVDA,2026-08-31,2026-10-16,20.0,P,0.0,0.01,0.005,200.0005,-9.1e-05,2e-06,-0.000612,0.000283,46,220.78,1,502,9.17
NVDA,2026-08-31,2026-10-16,25.0,P,0.0,0.01,0.005,181.2501,-0.000102,3e-06,-0.000619,0.000316,46,220.78,10,30,9.17
NVDA,2026-08-31,2026-10-16,35.0,P,0.0,0.01,0.005,153.1252,-0.000122,4e-06,-0.000619,0.000374,46,220.78,1,40,9.17
NVDA,2026-08-31,2026-10-16,40.0,P,0.0,0.02,0.01,150.0002,-0.000248,8e-06,-0.001177,0.000726,46,220.78,2,269,9.17
NVDA,2026-08-31,2026-10-16,45.0,P,0.0,0.02,0.01,140.6253,-0.000286,1e-05,-0.001258,0.000828,46,220.78,12,89,9.17
NVDA,2026-08-31,2026-10-16,50.0,P,0.0,0.03,0.015,134.3753,-0.000387,1.3e-05,-0.001596,0.001099,46,220.78,3,203,9.17
NVDA,2026-08-31,2026-10-16,55.0,P,0.0,0.03,0.015,126.5629,-0.000437,1.6e-05,-0.001679,0.001229,46,220.78,1,146,9.17
NVDA,2026-08-31,2026-10-16,60.0,P,0.0,0.24,0.12,145.7034,-0.002664,7.2e-05,-0.010133,0.006443,46,220.78,2,306,9.17
NVDA,2026-08-31,2026-10-16,65.0,P,0.01,0.24,0.125,137.6956,-0.00293,8.3e-05,-0.01043,0.00702,46,220.78,5,65,9.17
NVDA,2026-08-31,2026-10-16,70.0,P,0.0,0.21,0.105,127.1488,-0.00271,8.4e-05,-0.008973,0.006544,46,220.78,5,364,9.17
NVDA,2026-08-31,2026-10-16,75.0,P,0.0,0.25,0.125,122.266,-0.003311,0.000104,-0.010328,0.007836,46,220.78,2,280,9.17
NVDA,2026-08-31,2026-10-16,80.0,P,0.01,0.21,0.11,113.6723,-0.003176,0.000108,-0.009246,0.007549,46,220.78,1,394,9.17
NVDA,2026-08-31,2026-10-16,85.0,P,0.01,0.26,0.135,109.7661,-0.003949,0.000136,-0.01085,0.009179,46,220.78,11,691,9.17
NVDA,2026-08-31,2026-10-16,90.0,P,0.0,0.1,0.05,92.9688,-0.001877,8.2e-05,-0.004693,0.00469,46,220.78,4,462,9.17
NVDA,2026-08-31,2026-10-16,95.0,P,0.01,0.1,0.055,88.2814,-0.002102,9.6e-05,-0.004936,0.005198,46,220.78,14,917,9.17
NVDA,2026-08-31,2026-10-16,100.0,P,0.05,0.08,0.065,84.7658,-0.002571,0.00012,-0.005685,0.006239,46,220.78,20,4376,9.17
NVDA,2026-08-31,2026-10-16,105.0,P,0.01,0.29,0.15,88.0861,-0.005416,0.000225,-0.011515,0.012169,46,220.78,18,1261,9.17
NVDA,2026-08-31,2026-10-16,110.0,P,0.01,0.11,0.06,74.6096,-0.002714,0.000143,-0.005246,0.006551,46,220.78,2075,2490,9.17
NVDA,2026-08-31,2026-10-16,115.0,P,0.01,0.17,0.09,73.4378,-0.004022,0.000207,-0.00735,0.009332,46,220.78,7,1201,9.17
NVDA,2026-08-31,2026-10-16,120.0,P,0.1,0.13,0.115,71.094,-0.005227,0.00027,-0.008982,0.011789,46,220.78,25,10440,9.17
NVDA,2026-08-31,2026-10-16,125.0,P,0.12,0.35,0.235,73.2425,-0.009749,0.000454,-0.016024,0.02043,46,220.78,1203,4158,9.17
NVDA,2026-08-31,2026-10-16,130.0,P,0.15,0.17,0.16,65.1371,-0.007625,0.000412,-0.011475,0.01647,46,220.78,20,5032,9.17
NVDA,2026-08-31,2026-10-16,135.0,P,0.18,0.21,0.195,62.598,-0.009494,0.000519,-0.013352,0.019963,46,220.78,272,4739,9.17
NVDA,2026-08-31,2026-10-16,140.0,P,0.21,0.24,0.225,59.6684,-0.011346,0.000636,-0.014847,0.023317,46,220.78,259,17020,9.17
NVDA,2026-08-31,2026-10-16,145.0,P,0.25,0.28,0.265,56.934,-0.013746,0.000787,-0.016704,0.027532,46,220.78,18,8391,9.17
NVDA,2026-08-31,2026-10-16,150.0,P,0.3,0.42,0.36,55.518,-0.018599,0.001046,-0.021077,0.035677,46,220.78,151,23487,9.17
NVDA,2026-08-31,2026-10-16,155.0,P,0.32,0.39,0.355,51.3188,-0.019767,0.001192,-0.020481,0.037574,46,220.78,26,13088,9.17
NVDA,2026-08-31,2026-10-16,160.0,P,0.41,0.44,0.425,49.1216,-0.024961,0.001516,-0.023823,0.045748,46,220.78,353,18075,9.17
NVDA,2026-08-31,2026-10-16,165.0,P,0.48,0.54,0.51,46.8267,-0.031213,0.001916,-0.027297,0.055109,46,220.78,159,20822,9.17
NVDA,2026-08-31,2026-10-16,170.0,P,0.59,0.63,0.61,44.1168,-0.037769,0.002378,-0.03,0.064456,46,220.78,520,32117,9.17
NVDA,2026-08-31,2026-10-16,175.0,P,0.7,0.79,0.745,42.0416,-0.048142,0.003037,-0.034681,0.078427,46,220.78,477,19113,9.17
NVDA,2026-08-31,2026-10-16,180.0,P,0.91,0.98,0.945,39.8444,-0.06085,0.003857,-0.039421,0.094399,46,220.78,7178,66749,9.17
NVDA,2026-08-31,2026-10-16,185.0,P,1.13,1.25,1.19,37.9157,-0.078413,0.004927,-0.045415,0.114767,46,220.78,1874,18357,9.17
NVDA,2026-08-31,2026-10-16,190.0,P,1.5,1.65,1.575,36.3288,-0.102911,0.006294,-0.052989,0.140457,46,220.78,2031,16848,9.17
NVDA,2026-08-31,2026-10-16,195.0,P,2.06,2.3,2.18,35.4621,-0.138605,0.007954,-0.063446,0.173266,46,220.78,2435,37423,9.17
NVDA,2026-08-31,2026-10-16,200.0,P,2.88,2.99,2.935,33.8508,-0.178318,0.009832,-0.070924,0.204452,46,220.78,8193,37566,9.17
NVDA,2026-08-31,2026-10-16,205.0,P,3.85,4.15,4.0,33.3381,-0.234073,0.011735,-0.081416,0.24033,46,220.78,4153,22512,9.17
NVDA,2026-08-31,2026-10-16,210.0,P,5.15,5.5,5.325,32.3859,-0.29674,0.01363,-0.088238,0.271161,46,220.78,5045,14954,9.17
NVDA,2026-08-31,2026-10-16,215.0,P,6.9,7.5,7.2,32.4958,-0.3713,0.014841,-0.095551,0.296266,46,220.78,3030,7152,9.17
NVDA,2026-08-31,2026-10-16,220.0,P,9.1,9.6,9.35,31.6718,-0.448471,0.015937,-0.095703,0.31007,46,220.78,3977,53641,9.17
NVDA,2026-08-31,2026-10-16,225.0,P,11.6,12.2,11.9,31.2019,-0.529131,0.01627,-0.092644,0.311848,46,220.78,545,5470,9.17
NVDA,2026-08-31,2026-10-16,230.0,P,14.1,15.75,14.925,32.5812,-0.600724,0.015122,-0.092097,0.302662,46,220.78,209,5192,9.17
NVDA,2026-08-31,2026-10-16,235.0,P,16.95,19.5,18.225,33.6127,-0.664222,0.013841,-0.087521,0.2858,46,220.78,17,999,9.17
NVDA,2026-08-31,2026-10-16,240.0,P,20.6,23.5,22.05,34.632,-0.718777,0.012428,-0.080996,0.264394,46,220.78,35,971,9.17
NVDA,2026-08-31,2026-10-16,245.0,P,25.15,27.55,26.35,34.9982,-0.769687,0.011078,-0.070517,0.238174,46,220.78,25,257,9.17
NVDA,2026-08-31,2026-10-16,250.0,P,29.4,31.75,30.575,35.1386,-0.81496,0.009693,-0.058384,0.209241,46,220.78,41,735,9.17
NVDA,2026-08-31,2026-10-16,255.0,P,33.25,36.6,34.925,37.8424,-0.834084,0.008399,-0.057858,0.195257,46,220.78,1,850,9.17
NVDA,2026-08-31,2026-10-16,260.0,P,38.6,41.3,39.95,39.4537,-0.856298,0.007326,-0.052711,0.177561,46,220.78,11,233,9.17
NVDA,2026-08-31,2026-10-16,265.0,P,42.7,46.35,44.525,42.8228,-0.863011,0.006534,-0.055908,0.171885,46,220.78,76,165,9.17
NVDA,2026-08-31,2026-10-16,270.0,P,47.5,51.25,49.375,45.1788,-0.873957,0.005847,-0.054848,0.162281,46,220.78,240,875,9.17
NVDA,2026-08-31,2026-10-16,275.0,P,49.85,58.6,54.225,60.6876,-0.813203,0.005646,-0.114616,0.210471,46,220.78,20,34,9.17
NVDA,2026-08-31,2026-10-16,280.0,P,56.35,63.55,59.95,63.5135,-0.821286,0.005247,-0.116438,0.204738,46,220.78,1,416,9.17
NVDA,2026-08-31,2026-10-16,285.0,P,59.3,68.45,63.875,65.9793,-0.82967,0.0049,-0.116825,0.198584,46,220.78,2,8,9.17
NVDA,2026-08-31,2026-10-16,290.0,P,79.1,84.05,81.575,102.8264,-0.709417,0.004251,-0.275933,0.268542,46,220.78,20,0,9.17
NVDA,2026-08-31,2026-10-16,295.0,P,71.3,78.45,74.875,71.6067,-0.839998,0.004335,-0.121589,0.190704,46,220.78,5,2,9.17
NVDA,2026-08-31,2026-10-16,300.0,P,74.65,83.5,79.075,74.5486,-0.843386,0.004106,-0.124942,0.188044,46,220.78,4,2,9.17
NVDA,2026-08-31,2026-10-16,310.0,P,86.3,93.5,89.9,52.2954,-0.956371,0.002256,-0.010557,0.072463,46,220.78,22,0,9.17
NVDA,2026-08-31,2026-10-16,370.0,P,146.3,153.45,149.875,72.6077,-0.968276,0.001252,-0.007077,0.055854,46,220.78,32,0,9.17
NVDA,2026-08-31,2026-10-16,390.0,P,164.65,173.5,169.075,113.0986,-0.885832,0.002178,-0.148517,0.151349,46,220.78,1,0,9.17
NVDA,2026-08-31,2026-10-16,400.0,P,176.3,183.5,179.9,81.7629,-0.970361,0.001051,-0.006816,0.052797,46,220.78,1,1,9.17
NVDA,2026-08-31,2026-10-16,410.0,P,186.3,193.5,189.9,84.4728,-0.971184,0.000994,-0.006214,0.051576,46,220.78,1,0,9.17
NVDA,2026-08-31,2026-10-16,440.0,P,229.7,231.95,230.825,168.6647,-0.800799,0.002113,-0.359869,0.2189,46,220.78,0,0,9.17
NVDA,2026-08-31,2026-10-16,455.0,P,229.2,238.5,233.85,133.6429,-0.899209,0.001685,-0.15651,0.138345,46,220.78,2,0,9.17
NVDA,2026-08-31,2026-10-16,460.0,P,234.65,243.5,239.075,135.0589,-0.899984,0.001658,-0.156972,0.137568,46,220.78,4,0,9.17
NVDA,2026-08-31,2026-11-20,50.0,C,166.9,175.9,171.4,156.3479,0.991711,0.000139,-0.027524,0.02352,81,220.78,1,30,9.17
NVDA,2026-08-31,2026-11-20,55.0,C,150.35,157.65,154.0,0.001,1.0,0.0,-0.005577,0.0,81,220.78,1,10,9.17
NVDA,2026-08-31,2026-11-20,60.0,C,145.05,153.0,149.025,0.001,1.0,0.0,-0.006084,0.0,81,220.78,1,48,9.17
NVDA,2026-08-31,2026-11-20,65.0,C,152.05,159.25,155.65,182.7393,0.968591,0.000372,-0.088464,0.073509,81,220.78,20,29,9.17
NVDA,2026-08-31,2026-11-20,70.0,C,147.1,156.0,151.55,126.6605,0.987368,0.000248,-0.033294,0.033962,81,220.78,5,31,9.17
NVDA,2026-08-31,2026-11-20,75.0,C,142.2,149.4,145.8,76.5627,0.999305,3e-05,-0.008772,0.002505,81,220.78,3,16,9.17
NVDA,2026-08-31,2026-11-20,80.0,C,137.25,146.0,141.625,114.6489,0.984804,0.000321,-0.035876,0.039828,81,220.78,3,42,9.17
NVDA,2026-08-31,2026-11-20,85.0,C,132.3,141.0,136.65,108.8872,0.983557,0.000362,-0.036811,0.042617,81,220.78,1,45,9.17
NVDA,2026-08-31,2026-11-20,90.0,C,127.4,134.55,130.975,82.0314,0.994406,0.000187,-0.017397,0.016617,81,220.78,1,83,9.17
NVDA,2026-08-31,2026-11-20,95.0,C,122.45,131.45,126.95,102.7593,0.977314,0.000504,-0.044545,0.056019,81,220.78,10,38,9.17
NVDA,2026-08-31,2026-11-20,100.0,C,117.5,126.5,122.0,97.9492,0.975298,0.000568,-0.045853,0.060178,81,220.78,22,283,9.17
NVDA,2026-08-31,2026-11-20,105.0,C,112.55,119.8,116.175,76.1721,0.988507,0.00038,-0.025064,0.03129,81,220.78,18,240,9.17
NVDA,2026-08-31,2026-11-20,110.0,C,107.65,114.85,111.25,73.7796,0.986171,0.00046,-0.027525,0.036725,81,220.78,2,208,9.17
NVDA,2026-08-31,2026-11-20,115.0,C,102.75,111.75,107.25,85.7667,0.966883,0.000828,-0.051432,0.076793,81,220.78,1,325,9.17
NVDA,2026-08-31,2026-11-20,120.0,C,97.85,106.85,102.35,82.0803,0.963394,0.000939,-0.053438,0.083375,81,220.78,14,457,9.17
NVDA,2026-08-31,2026-11-20,125.0,C,92.95,101.95,97.45,78.4182,0.959682,0.001063,-0.055273,0.090204,81,220.78,3,283,9.17
NVDA,2026-08-31,2026-11-20,130.0,C,88.05,96.85,92.45,73.8406,0.957313,0.001183,-0.055125,0.094475,81,220.78,1,373,9.17
NVDA,2026-08-31,2026-11-20,135.0,C,83.15,92.0,87.575,70.5813,0.952595,0.001346,-0.057237,0.102793,81,220.78,11,387,9.17
NVDA,2026-08-31,2026-11-20,140.0,C,79.8,83.0,81.4,53.1743,0.975969,0.001022,-0.0329,0.058803,81,220.78,24,1480,9.17
NVDA,2026-08-31,2026-11-20,145.0,C,74.0,80.6,77.3,59.6684,0.952118,0.001605,-0.051648,0.10362,81,220.78,24,484,9.17
NVDA,2026-08-31,2026-11-20,150.0,C,70.05,73.85,71.95,52.4907,0.957311,0.001664,-0.044753,0.094479,81,220.78,124,1027,9.17
NVDA,2026-08-31,2026-11-20,155.0,C,63.75,71.0,67.375,52.4297,0.943999,0.002069,-0.052288,0.117357,81,220.78,123,1888,9.17
NVDA,2026-08-31,2026-11-20,160.0,C,61.7,64.95,63.325,55.0053,0.919865,0.002602,-0.066746,0.154818,81,220.78,38,1274,9.17
NVDA,2026-08-31,2026-11-20,165.0,C,56.7,59.9,58.3,50.8062,0.91482,0.00295,-0.065412,0.162098,81,220.78,39,1437,9.17
NVDA,2026-08-31,2026-11-20,170.0,C,52.55,55.2,53.875,56.1406,0.875304,0.00352,-0.088076,0.213734,81,220.78,10,1537,9.17
NVDA,2026-08-31,2026-11-20,175.0,C,45.85,52.45,49.15,60.706,0.837575,0.003892,-0.109207,0.255553,81,220.78,38,1941,9.17
NVDA,2026-08-31,2026-11-20,180.0,C,43.9,46.15,45.025,51.1602,0.841874,0.004538,-0.093479,0.251111,81,220.78,47,7060,9.17
NVDA,2026-08-31,2026-11-20,185.0,C,39.3,42.15,40.725,50.2324,0.816074,0.005091,-0.099779,0.276618,81,220.78,1,3552,9.17
NVDA,2026-08-31,2026-11-20,190.0,C,35.15,38.0,36.575,48.3892,0.790733,0.005715,-0.10321,0.299129,81,220.78,56,3568,9.17
NVDA,2026-08-31,2026-11-20,195.0,C,31.35,33.55,32.45,45.3253,0.76641,0.006497,-0.102892,0.318547,81,220.78,160,3947,9.17
NVDA,2026-08-31,2026-11-20,200.0,C,27.65,29.75,28.7,43.9031,0.732833,0.007203,-0.106105,0.342071,81,220.78,260,24901,9.17
NVDA,2026-08-31,2026-11-20,205.0,C,24.75,25.75,25.25,41.5289,0.698192,0.008072,-0.105984,0.3626,81,220.78,405,5298,9.17
NVDA,2026-08-31,2026-11-20,210.0,C,21.7,22.35,22.025,40.3265,0.656192,0.008773,-0.107701,0.3827,81,220.78,643,12119,9.17
NVDA,2026-08-31,2026-11-20,215.0,C,18.7,19.4,19.05,39.7345,0.610094,0.009284,-0.109573,0.39902,81,220.78,550,7134,9.17
NVDA,2026-08-31,2026-11-20,220.0,C,15.9,16.7,16.3,39.1791,0.562114,0.009671,-0.110032,0.409882,81,220.78,2530,17033,9.17
NVDA,2026-08-31,2026-11-20,225.0,C,13.7,14.45,14.075,39.1394,0.513728,0.009795,-0.110234,0.414676,81,220.78,1007,11669,9.17
NVDA,2026-08-31,2026-11-20,230.0,C,11.55,12.0,11.775,38.0499,0.463182,0.010038,-0.106204,0.413153,81,220.78,1405,28586,9.17
NVDA,2026-08-31,2026-11-20,235.0,C,9.7,10.15,9.925,37.8424,0.41506,0.009906,-0.102993,0.405481,81,220.78,540,10377,9.17
NVDA,2026-08-31,2026-11-20,240.0,C,8.05,8.6,8.325,37.8424,0.369701,0.009591,-0.099122,0.392589,81,220.78,1368,17094,9.17
NVDA,2026-08-31,2026-11-20,245.0,C,6.5,7.1,6.8,37.4365,0.324521,0.009238,-0.093007,0.374104,81,220.78,448,8744,9.17
NVDA,2026-08-31,2026-11-20,250.0,C,5.5,5.85,5.675,37.1771,0.282696,0.008746,-0.086463,0.35173,81,220.78,1573,31368,9.17
NVDA,2026-08-31,2026-11-20,255.0,C,4.55,5.0,4.775,37.6105,0.248897,0.008105,-0.081625,0.329729,81,220.78,2523,5866,9.17
NVDA,2026-08-31,2026-11-20,260.0,C,3.7,4.0,3.85,37.1161,0.21174,0.007502,-0.073351,0.301199,81,220.78,1266,15202,9.17
NVDA,2026-08-31,2026-11-20,265.0,C,2.98,3.25,3.115,36.9635,0.180407,0.006835,-0.066075,0.273298,81,220.78,546,6886,9.17
NVDA,2026-08-31,2026-11-20,270.0,C,2.49,2.66,2.575,36.9757,0.153683,0.006161,-0.059426,0.246437,81,220.78,1817,10434,9.17
NVDA,2026-08-31,2026-11-20,275.0,C,2.03,2.21,2.12,37.1832,0.131602,0.005517,-0.053657,0.221889,81,220.78,370,8492,9.17
NVDA,2026-08-31,2026-11-20,280.0,C,1.65,1.83,1.74,37.3663,0.112208,0.004908,-0.048087,0.198371,81,220.78,368,9851,9.17
NVDA,2026-08-31,2026-11-20,285.0,C,1.29,1.5,1.395,37.4762,0.094921,0.004334,-0.042619,0.175681,81,220.78,148,4230,9.17
NVDA,2026-08-31,2026-11-20,290.0,C,0.99,1.4,1.195,38.7091,0.087081,0.003936,-0.04119,0.164798,81,220.78,503,3561,9.17
NVDA,2026-08-31,2026-11-20,295.0,C,0.84,1.11,0.975,38.5016,0.071939,0.003424,-0.035394,0.142607,81,220.78,156,1239,9.17
NVDA,2026-08-31,2026-11-20,300.0,C,0.78,0.84,0.81,37.9889,0.057332,0.002909,-0.029236,0.119548,81,220.78,1088,10803,9.17
NVDA,2026-08-31,2026-11-20,310.0,C,0.48,0.72,0.6,39.9664,0.047997,0.002401,-0.026617,0.10382,81,220.78,91,3723,9.17
NVDA,2026-08-31,2026-11-20,320.0,C,0.22,0.43,0.325,39.3317,0.031033,0.001711,-0.018323,0.07278,81,220.78,31,2393,9.17
NVDA,2026-08-31,2026-11-20,330.0,C,0.2,0.44,0.32,42.1148,0.029719,0.001541,-0.018877,0.070217,81,220.78,46,1300,9.17
NVDA,2026-08-31,2026-11-20,340.0,C,0.1,0.47,0.285,45.1177,0.029629,0.001435,-0.020125,0.070041,81,220.78,136,1576,9.17
NVDA,2026-08-31,2026-11-20,350.0,C,0.01,0.31,0.16,44.7271,0.020567,0.001066,-0.014668,0.051566,81,220.78,10,1113,9.17
NVDA,2026-08-31,2026-11-20,360.0,C,0.0,0.42,0.21,49.0728,0.024787,0.001137,-0.018796,0.060352,81,220.78,10,2559,9.17
NVDA,2026-08-31,2026-11-20,370.0,C,0.02,0.41,0.215,51.1479,0.023401,0.001039,-0.01864,0.057504,81,220.78,1,308,9.17
NVDA,2026-08-31,2026-11-20,380.0,C,0.02,0.2,0.11,48.438,0.012897,0.00066,-0.010608,0.034577,81,220.78,1,1672,9.17
NVDA,2026-08-31,2026-11-20,390.0,C,0.0,0.39,0.195,50.2446,0.012208,0.000607,-0.010481,0.032971,81,220.78,1,708,9.17
NVDA,2026-08-31,2026-11-20,400.0,C,0.02,0.05,0.035,44.9224,0.003868,0.000246,-0.003398,0.011957,81,220.78,1056,5740,9.17
NVDA,2026-08-31,2026-11-20,410.0,C,0.01,0.18,0.095,53.4184,0.010694,0.000509,-0.009914,0.029391,81,220.78,1,1185,9.17
NVDA,2026-08-31,2026-11-20,420.0,C,0.0,0.37,0.185,55.3715,0.010633,0.000488,-0.010216,0.029244,81,220.78,1,620,9.17
NVDA,2026-08-31,2026-11-20,430.0,C,0.01,0.29,0.15,55.7133,0.008724,0.000408,-0.00864,0.024598,81,220.78,1,154,9.17
NVDA,2026-08-31,2026-11-20,440.0,C,0.01,0.05,0.03,51.1724,0.003407,0.000193,-0.003442,0.01067,81,220.78,1,670,9.17
NVDA,2026-08-31,2026-11-20,450.0,C,0.0,0.35,0.175,59.9613,0.009377,0.000404,-0.009892,0.026205,81,220.78,1,133,9.17
NVDA,2026-08-31,2026-11-20,455.0,C,0.01,0.02,0.015,49.2193,0.001503,9.5e-05,-0.001577,0.005084,81,220.78,106,2810,9.17
NVDA,2026-08-31,2026-11-20,460.0,C,0.01,0.07,0.04,53.1255,0.002761,0.000154,-0.002953,0.008829,81,220.78,470,4568,9.17
NVDA,2026-08-31,2026-11-20,50.0,P,0.01,0.05,0.03,108.5942,-0.000749,2.3e-05,-0.00178,0.002684,81,220.78,10,1178,9.17
NVDA,2026-08-31,2026-11-20,55.0,P,0.0,0.07,0.035,103.1255,-0.000902,2.9e-05,-0.002004,0.003184,81,220.78,15,368,9.17
NVDA,2026-08-31,2026-11-20,60.0,P,0.0,0.21,0.105,108.5942,-0.002411,6.6e-05,-0.005172,0.007811,81,220.78,4,300,9.17
NVDA,2026-08-31,2026-11-20,65.0,P,0.0,1.74,0.87,137.2073,-0.012947,0.000234,-0.029009,0.034694,81,220.78,4,129,9.17
NVDA,2026-08-31,2026-11-20,70.0,P,0.02,0.1,0.06,90.6251,-0.001731,5.9e-05,-0.00319,0.005782,81,220.78,5,286,9.17
NVDA,2026-08-31,2026-11-20,75.0,P,0.02,0.2,0.11,91.211,-0.003008,9.7e-05,-0.005293,0.009539,81,220.78,8,323,9.17
NVDA,2026-08-31,2026-11-20,80.0,P,0.07,0.3,0.185,91.6016,-0.004835,0.000147,-0.008127,0.014595,81,220.78,55,1354,9.17
NVDA,2026-08-31,2026-11-20,85.0,P,0.01,0.29,0.15,84.1798,-0.004317,0.000145,-0.006744,0.013193,81,220.78,6,710,9.17
NVDA,2026-08-31,2026-11-20,90.0,P,0.04,0.3,0.17,80.6643,-0.005037,0.000173,-0.007408,0.015137,81,220.78,1,427,9.17
NVDA,2026-08-31,2026-11-20,95.0,P,0.02,0.21,0.115,72.6565,-0.003917,0.000154,-0.005325,0.012092,81,220.78,38,791,9.17
NVDA,2026-08-31,2026-11-20,100.0,P,0.12,0.17,0.145,70.4105,-0.00496,0.000196,-0.006365,0.014933,81,220.78,263,5651,9.17
NVDA,2026-08-31,2026-11-20,105.0,P,0.02,0.41,0.215,69.9222,-0.00722,0.000275,-0.008807,0.020827,81,220.78,1,426,9.17
NVDA,2026-08-31,2026-11-20,110.0,P,0.15,0.21,0.18,64.3558,-0.006626,0.000277,-0.007505,0.019308,81,220.78,2,2543,9.17
NVDA,2026-08-31,2026-11-20,115.0,P,0.21,0.27,0.24,62.9887,-0.00879,0.000363,-0.009408,0.024761,81,220.78,51,6676,9.17
NVDA,2026-08-31,2026-11-20,120.0,P,0.19,0.34,0.265,60.059,-0.010019,0.000427,-0.010044,0.027767,81,220.78,2,4811,9.17
NVDA,2026-08-31,2026-11-20,125.0,P,0.3,0.36,0.33,58.3012,-0.012588,0.000537,-0.011871,0.033859,81,220.78,2,5193,9.17
NVDA,2026-08-31,2026-11-20,130.0,P,0.37,0.41,0.39,56.1528,-0.015164,0.000655,-0.013404,0.039758,81,220.78,112,5362,9.17
NVDA,2026-08-31,2026-11-20,135.0,P,0.42,0.48,0.45,53.8335,-0.017904,0.000787,-0.014786,0.045832,81,220.78,1,7972,9.17
NVDA,2026-08-31,2026-11-20,140.0,P,0.46,0.62,0.54,51.9292,-0.021781,0.000964,-0.016811,0.054129,81,220.78,48,8922,9.17
NVDA,2026-08-31,2026-11-20,145.0,P,0.56,0.63,0.595,49.8296,-0.025964,0.001164,-0.018656,0.062744,81,220.78,43,6502,9.17
NVDA,2026-08-31,2026-11-20,150.0,P,0.68,0.79,0.735,48.4136,-0.032507,0.001444,-0.021795,0.075625,81,220.78,34,18337,9.17
NVDA,2026-08-31,2026-11-20,155.0,P,0.85,0.92,0.885,46.3628,-0.038633,0.001737,-0.023979,0.087126,81,220.78,87,7655,9.17
NVDA,2026-08-31,2026-11-20,160.0,P,1.01,1.13,1.07,44.8736,-0.04765,0.002126,-0.027413,0.103218,81,220.78,958,21247,9.17
NVDA,2026-08-31,2026-11-20,165.0,P,1.24,1.47,1.355,44.0313,-0.060855,0.00263,-0.032542,0.125274,81,220.78,725,8969,9.17
NVDA,2026-08-31,2026-11-20,170.0,P,1.55,1.75,1.65,42.3101,-0.073176,0.003157,-0.035924,0.144482,81,220.78,3730,20513,9.17
NVDA,2026-08-31,2026-11-20,175.0,P,1.96,2.07,2.015,40.5279,-0.087549,0.003774,-0.039228,0.165458,81,220.78,10283,11148,9.17
NVDA,2026-08-31,2026-11-20,180.0,P,2.5,2.65,2.575,39.7406,-0.109602,0.004538,-0.045134,0.195059,81,220.78,421,28428,9.17
NVDA,2026-08-31,2026-11-20,185.0,P,3.15,3.35,3.25,38.9166,-0.135386,0.005375,-0.050989,0.226258,81,220.78,417,11503,9.17
NVDA,2026-08-31,2026-11-20,190.0,P,3.9,4.1,4.0,37.757,-0.163635,0.006287,-0.055777,0.256788,81,220.78,862,13815,9.17
NVDA,2026-08-31,2026-11-20,195.0,P,5.0,5.25,5.125,37.4396,-0.200691,0.007205,-0.062416,0.29178,81,220.78,759,15385,9.17
NVDA,2026-08-31,2026-11-20,200.0,P,6.1,6.45,6.275,36.6217,-0.239707,0.008156,-0.067031,0.32311,81,220.78,3939,41209,9.17
NVDA,2026-08-31,2026-11-20,205.0,P,7.6,8.0,7.8,36.2067,-0.284809,0.009013,-0.071714,0.352986,81,220.78,408,7624,9.17
NVDA,2026-08-31,2026-11-20,210.0,P,9.4,9.75,9.575,35.6757,-0.333172,0.009797,-0.074826,0.378091,81,220.78,1292,14834,9.17
NVDA,2026-08-31,2026-11-20,215.0,P,11.35,11.7,11.525,35.0104,-0.384558,0.010494,-0.076104,0.397426,81,220.78,1000,9972,9.17
NVDA,2026-08-31,2026-11-20,220.0,P,13.5,14.05,13.775,34.6869,-0.438787,0.010928,-0.076556,0.410028,81,220.78,1304,8195,9.17
NVDA,2026-08-31,2026-11-20,225.0,P,16.05,16.7,16.375,34.4306,-0.493846,0.011139,-0.075436,0.414872,81,220.78,1104,5414,9.17
NVDA,2026-08-31,2026-11-20,230.0,P,18.85,19.6,19.225,34.1346,-0.548758,0.011153,-0.07251,0.411819,81,220.78,69,5752,9.17
NVDA,2026-08-31,2026-11-20,235.0,P,19.4,26.05,22.725,41.9928,-0.569365,0.008996,-0.090547,0.408634,81,220.78,10,975,9.17
NVDA,2026-08-31,2026-11-20,240.0,P,25.15,26.65,25.9,34.8212,-0.646674,0.010262,-0.065917,0.386552,81,220.78,34,1178,9.17
NVDA,2026-08-31,2026-11-20,245.0,P,25.25,33.25,29.25,42.5787,-0.647051,0.00839,-0.083713,0.386404,81,220.78,2,872,9.17
NVDA,2026-08-31,2026-11-20,250.0,P,31.7,34.6,33.15,35.8222,-0.726778,0.008927,-0.056722,0.345926,81,220.78,204,655,9.17
NVDA,2026-08-31,2026-11-20,255.0,P,35.7,38.8,37.25,36.3105,-0.760674,0.008219,-0.051402,0.322829,81,220.78,10,244,9.17
NVDA,2026-08-31,2026-11-20,260.0,P,39.8,43.05,41.425,36.5485,-0.792613,0.007526,-0.045025,0.297541,81,220.78,3,889,9.17
NVDA,2026-08-31,2026-11-20,265.0,P,44.3,46.95,45.625,34.9616,-0.835428,0.006815,-0.032165,0.257742,81,220.78,20,569,9.17
NVDA,2026-08-31,2026-11-20,270.0,P,46.7,54.75,50.725,47.4187,-0.77403,0.006096,-0.068654,0.312686,81,220.78,5,487,9.17
NVDA,2026-08-31,2026-11-20,275.0,P,53.25,56.8,55.025,38.8861,-0.855884,0.005612,-0.031752,0.236078,81,220.78,42,26,9.17
NVDA,2026-08-31,2026-11-20,280.0,P,57.5,61.15,59.325,37.9218,-0.883854,0.004956,-0.021607,0.203304,81,220.78,19,52,9.17
NVDA,2026-08-31,2026-11-20,285.0,P,62.5,66.2,64.35,40.1739,-0.887,0.004588,-0.022875,0.19937,81,220.78,40,181,9.17
NVDA,2026-08-31,2026-11-20,290.0,P,67.4,71.15,69.275,41.8341,-0.893115,0.004233,-0.022264,0.191567,81,220.78,198,123,9.17
NVDA,2026-08-31,2026-11-20,295.0,P,72.5,76.3,74.4,44.5257,-0.892014,0.004007,-0.02534,0.192987,81,220.78,1,1,9.17
NVDA,2026-08-31,2026-11-20,300.0,P,77.45,81.25,79.35,46.0821,-0.897196,0.003736,-0.024658,0.186242,81,220.78,16,17,9.17
NVDA,2026-08-31,2026-11-20,310.0,P,84.55,93.5,89.025,60.352,-0.846732,0.003768,-0.063216,0.245997,81,220.78,3,3,9.17
NVDA,2026-08-31,2026-11-20,320.0,P,110.25,112.75,111.5,91.2537,-0.735386,0.003449,-0.164,0.34041,81,220.78,1,0,9.17
NVDA,2026-08-31,2026-11-20,330.0,P,116.15,118.9,117.525,82.7577,-0.792403,0.003326,-0.122447,0.297719,81,220.78,25,0,9.17
NVDA,2026-08-31,2026-11-20,340.0,P,116.3,123.5,119.9,70.8987,-0.86455,0.002951,-0.067184,0.22633,81,220.78,1,1,9.17
NVDA,2026-08-31,2026-11-20,350.0,P,135.4,139.75,137.575,90.088,-0.803451,0.002957,-0.128308,0.288133,81,220.78,1,0,9.17
NVDA,2026-08-31,2026-11-20,360.0,P,134.5,143.5,139.0,77.1609,-0.872979,0.002594,-0.069037,0.216506,81,220.78,1,0,9.17
NVDA,2026-08-31,2026-11-20,390.0,P,178.4,184.75,181.575,116.2907,-0.773249,0.002491,-0.189196,0.313296,81,220.78,0,0,9.17
NVDA,2026-08-31,2026-11-20,460.0,P,236.3,243.45,239.875,73.0227,-0.973679,0.000803,0.017514,0.063464,81,220.78,2,0,9.17
