symbol,quote_date,expiration,strike,option_type,bid,ask,mid,implied_volatility,delta,gamma,theta,vega,dte,underlying_price,volume,open_interest,iv_rank
NVDA,2026-10-10,2026-10-23,75.0,C,152.35,157.05,154.7,269.9222,0.992881,0.000169,-0.096962,0.008559,13,229.28,4,2,5.72
NVDA,2026-10-10,2026-10-23,85.0,C,142.35,146.95,144.65,237.1098,0.992747,0.000196,-0.088563,0.008701,13,229.28,2,2,5.72
NVDA,2026-10-10,2026-10-23,90.0,C,137.35,141.95,139.65,224.2192,0.992344,0.000217,-0.088456,0.009125,13,229.28,3,5,5.72
NVDA,2026-10-10,2026-10-23,95.0,C,133.15,137.1,135.125,242.1879,0.984589,0.00037,-0.166305,0.016772,13,229.28,2,0,5.72
NVDA,2026-10-10,2026-10-23,100.0,C,126.9,132.85,129.875,216.1137,0.987518,0.000346,-0.12697,0.013985,13,229.28,10,11,5.72
NVDA,2026-10-10,2026-10-23,105.0,C,122.35,127.0,124.675,191.7969,0.990425,0.000309,-0.093283,0.011103,13,229.28,5,2,5.72
NVDA,2026-10-10,2026-10-23,110.0,C,117.4,122.0,119.7,183.1056,0.989343,0.000356,-0.097752,0.01219,13,229.28,2,8,5.72
NVDA,2026-10-10,2026-10-23,115.0,C,112.35,117.0,114.675,171.4845,0.98923,0.000383,-0.093602,0.012303,13,229.28,1,1,5.72
NVDA,2026-10-10,2026-10-23,120.0,C,107.35,112.05,109.7,163.4767,0.988012,0.000441,-0.097877,0.013503,13,229.28,9,89,5.72
NVDA,2026-10-10,2026-10-23,130.0,C,97.55,102.1,99.825,151.5627,0.983488,0.000627,-0.117688,0.017794,13,229.28,0,9,5.72
NVDA,2026-10-10,2026-10-23,135.0,C,93.65,97.25,95.45,164.3556,0.969076,0.000981,-0.204941,0.030191,13,229.28,2,4,5.72
NVDA,2026-10-10,2026-10-23,140.0,C,87.95,91.55,89.75,130.6644,0.983398,0.000731,-0.104914,0.017876,13,229.28,10,26,5.72
NVDA,2026-10-10,2026-10-23,145.0,C,83.1,86.45,84.775,123.6332,0.981542,0.000845,-0.108636,0.01957,13,229.28,12,1,5.72
NVDA,2026-10-10,2026-10-23,150.0,C,79.1,81.5,80.3,132.4222,0.966268,0.001308,-0.180899,0.032436,13,229.28,50,46,5.72
NVDA,2026-10-10,2026-10-23,155.0,C,73.15,76.5,74.825,109.7172,0.977322,0.001134,-0.114899,0.0233,13,229.28,3,11,5.72
NVDA,2026-10-10,2026-10-23,160.0,C,67.0,73.55,70.275,114.7465,0.962158,0.001659,-0.174,0.035641,13,229.28,2,12,5.72
NVDA,2026-10-10,2026-10-23,165.0,C,63.15,66.55,64.85,95.3614,0.972954,0.001513,-0.116638,0.02701,13,229.28,2,12,5.72
NVDA,2026-10-10,2026-10-23,170.0,C,58.2,61.6,59.9,89.4532,0.968906,0.001811,-0.122365,0.030328,13,229.28,5,19,5.72
NVDA,2026-10-10,2026-10-23,175.0,C,52.05,58.6,55.325,91.7481,0.951055,0.002554,-0.1729,0.043874,13,229.28,2,62,5.72
NVDA,2026-10-10,2026-10-23,180.0,C,48.25,51.65,49.95,76.2209,0.961153,0.002551,-0.125669,0.036411,13,229.28,40,110,5.72
NVDA,2026-10-10,2026-10-23,185.0,C,44.3,45.8,45.05,71.2161,0.952991,0.003186,-0.135619,0.042479,13,229.28,6,24,5.72
NVDA,2026-10-10,2026-10-23,190.0,C,38.75,40.2,39.475,66.7484,0.941354,0.004051,-0.14949,0.050631,13,229.28,77,224,5.72
NVDA,2026-10-10,2026-10-23,195.0,C,34.1,35.15,34.625,58.643,0.937197,0.004865,-0.140443,0.053417,13,229.28,57,153,5.72
NVDA,2026-10-10,2026-10-23,200.0,C,29.4,30.7,30.05,58.7895,0.903188,0.006737,-0.187279,0.074159,13,229.28,93,203,5.72
NVDA,2026-10-10,2026-10-23,205.0,C,24.8,25.5,25.15,48.6577,0.899832,0.008346,-0.162375,0.076032,13,229.28,119,286,5.72
NVDA,2026-10-10,2026-10-23,210.0,C,20.1,20.5,20.3,40.9674,0.88365,0.011041,-0.153667,0.084688,13,229.28,100,1385,5.72
NVDA,2026-10-10,2026-10-23,215.0,C,15.55,15.8,15.675,35.8405,0.842768,0.015511,-0.163187,0.104084,13,229.28,109,1585,5.72
NVDA,2026-10-10,2026-10-23,220.0,C,11.3,11.65,11.475,33.5212,0.760394,0.021413,-0.19135,0.134396,13,229.28,324,2562,5.72
NVDA,2026-10-10,2026-10-23,225.0,C,7.8,7.95,7.875,31.2751,0.645518,0.027496,-0.209242,0.161009,13,229.28,219,4820,5.72
NVDA,2026-10-10,2026-10-23,230.0,C,4.9,5.05,4.975,30.1154,0.499472,0.030615,-0.21212,0.172624,13,229.28,3511,4939,5.72
NVDA,2026-10-10,2026-10-23,235.0,C,2.84,2.93,2.885,29.261,0.347364,0.029173,-0.18841,0.15983,13,229.28,4089,13771,5.72
NVDA,2026-10-10,2026-10-23,240.0,C,1.5,1.55,1.525,28.7117,0.214897,0.023512,-0.144891,0.126397,13,229.28,7079,56034,5.72
NVDA,2026-10-10,2026-10-23,245.0,C,0.74,0.78,0.76,28.7117,0.120985,0.016195,-0.099141,0.087058,13,229.28,2332,13788,5.72
NVDA,2026-10-10,2026-10-23,250.0,C,0.37,0.38,0.375,29.0534,0.063738,0.009933,-0.061967,0.054035,13,229.28,2517,9867,5.72
NVDA,2026-10-10,2026-10-23,255.0,C,0.19,0.21,0.2,30.323,0.035615,0.005974,-0.040443,0.033916,13,229.28,902,5993,5.72
NVDA,2026-10-10,2026-10-23,260.0,C,0.11,0.12,0.115,31.6901,0.020263,0.00357,-0.026326,0.021184,13,229.28,1693,8302,5.72
NVDA,2026-10-10,2026-10-23,265.0,C,0.07,0.08,0.075,33.5944,0.012901,0.002288,-0.018914,0.014389,13,229.28,239,1660,5.72
NVDA,2026-10-10,2026-10-23,270.0,C,0.04,0.06,0.05,35.9381,0.009258,0.001602,-0.015133,0.010781,13,229.28,46,1683,5.72
NVDA,2026-10-10,2026-10-23,275.0,C,0.03,0.05,0.04,38.4772,0.007187,0.001198,-0.012951,0.008631,13,229.28,1482,2382,5.72
NVDA,2026-10-10,2026-10-23,280.0,C,0.02,0.04,0.03,40.8209,0.005593,0.000904,-0.010992,0.006913,13,229.28,1128,928,5.72
NVDA,2026-10-10,2026-10-23,285.0,C,0.01,0.03,0.02,42.5787,0.004035,0.000648,-0.008561,0.005167,13,229.28,4,350,5.72
NVDA,2026-10-10,2026-10-23,290.0,C,0.01,0.03,0.02,45.5084,0.003728,0.000565,-0.008517,0.004813,13,229.28,2,337,5.72
NVDA,2026-10-10,2026-10-23,295.0,C,0.01,0.03,0.02,48.438,0.003514,0.000503,-0.00859,0.004564,13,229.28,503,627,5.72
NVDA,2026-10-10,2026-10-23,300.0,C,0.0,0.02,0.01,49.2193,0.002311,0.000339,-0.005979,0.003128,13,229.28,852,668,5.72
NVDA,2026-10-10,2026-10-23,305.0,C,0.0,0.02,0.01,51.9536,0.002209,0.000309,-0.006053,0.003002,13,229.28,30,223,5.72
NVDA,2026-10-10,2026-10-23,310.0,C,0.0,0.02,0.01,51.563,0.001198,0.000178,-0.00344,0.00172,13,229.28,2,1083,5.72
NVDA,2026-10-10,2026-10-23,315.0,C,0.0,0.02,0.01,53.9067,0.001118,0.00016,-0.003373,0.001613,13,229.28,6,73,5.72
NVDA,2026-10-10,2026-10-23,320.0,C,0.0,0.02,0.01,56.2504,0.001057,0.000146,-0.003343,0.001533,13,229.28,6,258,5.72
NVDA,2026-10-10,2026-10-23,325.0,C,0.0,0.02,0.01,58.5942,0.001012,0.000134,-0.003345,0.001473,13,229.28,60,242,5.72
NVDA,2026-10-10,2026-10-23,330.0,C,0.0,0.02,0.01,60.9379,0.00098,0.000125,-0.003375,0.00143,13,229.28,3,25,5.72
NVDA,2026-10-10,2026-10-23,335.0,C,0.0,0.02,0.01,62.5004,0.000835,0.000105,-0.002987,0.001234,13,229.28,1,32,5.72
NVDA,2026-10-10,2026-10-23,340.0,C,0.0,0.01,0.005,62.5004,0.000539,7e-05,-0.001996,0.000825,13,229.28,3,127,5.72
NVDA,2026-10-10,2026-10-23,345.0,C,0.0,0.01,0.005,64.0629,0.000471,6.1e-05,-0.001805,0.000728,13,229.28,6,56,5.72
NVDA,2026-10-10,2026-10-23,350.0,C,0.0,0.01,0.005,65.6253,0.000416,5.3e-05,-0.001648,0.000649,13,229.28,4,12,5.72
NVDA,2026-10-10,2026-10-23,360.0,C,0.0,0.01,0.005,68.7503,0.000335,4.1e-05,-0.001412,0.000531,13,229.28,50,53,5.72
NVDA,2026-10-10,2026-10-23,370.0,C,0.0,0.01,0.005,73.4378,0.000371,4.2e-05,-0.001658,0.000584,13,229.28,10,38,5.72
NVDA,2026-10-10,2026-10-23,390.0,C,0.0,0.01,0.005,81.2502,0.000365,3.8e-05,-0.001803,0.000574,13,229.28,1,6,5.72
NVDA,2026-10-10,2026-10-23,50.0,P,0.0,0.01,0.005,231.2504,-0.000103,4e-06,-0.001566,0.000176,13,229.28,19,36,5.72
NVDA,2026-10-10,2026-10-23,65.0,P,0.0,0.01,0.005,193.75,-0.000139,6e-06,-0.00174,0.000234,13,229.28,5,0,5.72
NVDA,2026-10-10,2026-10-23,75.0,P,0.0,0.02,0.01,181.2501,-0.000289,1.4e-05,-0.00321,0.000462,13,229.28,20,24,5.72
NVDA,2026-10-10,2026-10-23,80.0,P,0.0,0.02,0.01,171.8751,-0.000322,1.6e-05,-0.003367,0.000511,13,229.28,110,1069,5.72
NVDA,2026-10-10,2026-10-23,85.0,P,0.0,0.02,0.01,162.5002,-0.000345,1.8e-05,-0.003395,0.000545,13,229.28,54,187,5.72
NVDA,2026-10-10,2026-10-23,90.0,P,0.0,0.02,0.01,153.1252,-0.000355,2e-05,-0.003289,0.00056,13,229.28,10,43,5.72
NVDA,2026-10-10,2026-10-23,95.0,P,0.0,0.02,0.01,143.7503,-0.000351,2.1e-05,-0.003054,0.000554,13,229.28,10,101,5.72
NVDA,2026-10-10,2026-10-23,100.0,P,0.0,0.01,0.005,128.1254,-0.000186,1.3e-05,-0.001509,0.000307,13,229.28,11,104,5.72
NVDA,2026-10-10,2026-10-23,105.0,P,0.01,0.02,0.015,132.8128,-0.000583,3.6e-05,-0.004514,0.000887,13,229.28,3,788,5.72
NVDA,2026-10-10,2026-10-23,110.0,P,0.01,0.03,0.02,128.1254,-0.000777,4.8e-05,-0.005673,0.001156,13,229.28,792,1026,5.72
NVDA,2026-10-10,2026-10-23,115.0,P,0.01,0.03,0.02,121.0941,-0.000845,5.5e-05,-0.00579,0.001248,13,229.28,1,5942,5.72
NVDA,2026-10-10,2026-10-23,120.0,P,0.01,0.03,0.02,114.0629,-0.000898,6.2e-05,-0.005766,0.00132,13,229.28,1750,7533,5.72
NVDA,2026-10-10,2026-10-23,125.0,P,0.01,0.04,0.025,109.3755,-0.001148,8.1e-05,-0.006924,0.001653,13,229.28,2,15321,5.72
NVDA,2026-10-10,2026-10-23,130.0,P,0.02,0.04,0.03,104.688,-0.001451,0.000104,-0.008206,0.002048,13,229.28,10,2726,5.72
NVDA,2026-10-10,2026-10-23,135.0,P,0.02,0.04,0.03,98.4375,-0.00158,0.00012,-0.008338,0.002213,13,229.28,1107,1174,5.72
NVDA,2026-10-10,2026-10-23,140.0,P,0.02,0.05,0.035,93.3594,-0.001889,0.000149,-0.009303,0.002605,13,229.28,542,1782,5.72
NVDA,2026-10-10,2026-10-23,145.0,P,0.03,0.05,0.04,88.2814,-0.00224,0.000184,-0.010264,0.00304,13,229.28,337,378,5.72
NVDA,2026-10-10,2026-10-23,150.0,P,0.03,0.06,0.045,83.5939,-0.002738,0.000233,-0.011649,0.003646,13,229.28,11,1400,5.72
NVDA,2026-10-10,2026-10-23,155.0,P,0.04,0.06,0.05,78.5158,-0.003205,0.000286,-0.012602,0.004201,13,229.28,40,1174,5.72
NVDA,2026-10-10,2026-10-23,160.0,P,0.05,0.07,0.06,74.219,-0.004038,0.000372,-0.01465,0.00517,13,229.28,10,262,5.72
NVDA,2026-10-10,2026-10-23,165.0,P,0.05,0.08,0.065,69.1409,-0.004693,0.000457,-0.0156,0.005913,13,229.28,45,961,5.72
NVDA,2026-10-10,2026-10-23,170.0,P,0.06,0.08,0.07,64.0629,-0.005437,0.000562,-0.016467,0.006742,13,229.28,43,1063,5.72
NVDA,2026-10-10,2026-10-23,175.0,P,0.08,0.1,0.09,60.352,-0.007312,0.000775,-0.020147,0.008763,13,229.28,314,664,5.72
NVDA,2026-10-10,2026-10-23,180.0,P,0.09,0.11,0.1,55.4692,-0.008709,0.000984,-0.021572,0.010219,13,229.28,193,1668,5.72
NVDA,2026-10-10,2026-10-23,185.0,P,0.11,0.13,0.12,51.27,-0.011272,0.001333,-0.024943,0.0128,13,229.28,31,2648,5.72
NVDA,2026-10-10,2026-10-23,190.0,P,0.14,0.15,0.145,47.1685,-0.014936,0.001849,-0.029227,0.016327,13,229.28,361,3052,5.72
NVDA,2026-10-10,2026-10-23,195.0,P,0.18,0.2,0.19,43.5553,-0.021238,0.002703,-0.03637,0.022044,13,229.28,2078,2293,5.72
NVDA,2026-10-10,2026-10-23,200.0,P,0.25,0.26,0.255,39.5514,-0.029574,0.003929,-0.043483,0.029095,13,229.28,332,5260,5.72
NVDA,2026-10-10,2026-10-23,205.0,P,0.36,0.39,0.375,36.4997,-0.04644,0.006155,-0.057836,0.042066,13,229.28,710,8037,5.72
NVDA,2026-10-10,2026-10-23,210.0,P,0.58,0.61,0.595,33.5944,-0.074946,0.009733,-0.077134,0.061218,13,229.28,810,6817,5.72
NVDA,2026-10-10,2026-10-23,215.0,P,1.01,1.05,1.03,31.4826,-0.127906,0.015355,-0.106239,0.090511,13,229.28,1442,5452,5.72
NVDA,2026-10-10,2026-10-23,220.0,P,1.81,1.86,1.835,29.8957,-0.215899,0.022642,-0.140044,0.126738,13,229.28,1423,5022,5.72
NVDA,2026-10-10,2026-10-23,225.0,P,3.15,3.25,3.2,28.7849,-0.344344,0.02956,-0.167272,0.159312,13,229.28,1774,7024,5.72
NVDA,2026-10-10,2026-10-23,230.0,P,5.25,5.35,5.3,27.7717,-0.502412,0.033198,-0.171025,0.172621,13,229.28,1415,3771,5.72
NVDA,2026-10-10,2026-10-23,235.0,P,8.15,8.35,8.25,27.4421,-0.663489,0.030735,-0.148884,0.157917,13,229.28,220,4386,5.72
NVDA,2026-10-10,2026-10-23,240.0,P,11.65,12.05,11.85,27.0027,-0.800342,0.023936,-0.103993,0.121016,13,229.28,96,2650,5.72
NVDA,2026-10-10,2026-10-23,245.0,P,15.9,16.35,16.125,27.0271,-0.89367,0.015691,-0.057989,0.0794,13,229.28,125,295,5.72
NVDA,2026-10-10,2026-10-23,250.0,P,20.7,21.0,20.85,27.2224,-0.948472,0.008968,-0.021397,0.04571,13,229.28,145,1139,5.72
NVDA,2026-10-10,2026-10-23,255.0,P,25.45,26.0,25.725,32.0319,-0.955868,0.006732,-0.022538,0.040376,13,229.28,24,122,5.72
NVDA,2026-10-10,2026-10-23,260.0,P,30.15,31.35,30.75,43.3111,-0.93053,0.007123,-0.069067,0.057759,13,229.28,10,4,5.72
NVDA,2026-10-10,2026-10-23,265.0,P,34.8,36.35,35.575,48.1939,-0.937055,0.00593,-0.071319,0.053511,13,229.28,4,0,5.72
NVDA,2026-10-10,2026-10-23,270.0,P,39.8,41.35,40.575,52.9057,-0.942131,0.005058,-0.073398,0.050103,13,229.28,3,0,5.72
NVDA,2026-10-10,2026-10-23,275.0,P,44.8,46.35,45.575,57.4223,-0.946337,0.004391,-0.075043,0.047207,13,229.28,4,0,5.72
NVDA,2026-10-10,2026-10-23,280.0,P,48.55,52.6,50.575,79.7854,-0.892946,0.005341,-0.216316,0.07979,13,229.28,15,10,5.72
NVDA,2026-10-10,2026-10-30,60.0,C,166.75,174.0,170.375,306.1526,0.987195,0.000201,-0.141948,0.017733,20,229.28,0,1,5.72
NVDA,2026-10-10,2026-10-30,70.0,C,156.75,164.0,160.375,272.6077,0.985438,0.000252,-0.142318,0.019813,20,229.28,0,10,5.72
NVDA,2026-10-10,2026-10-30,85.0,C,141.95,148.55,145.25,225.8793,0.984035,0.00033,-0.130016,0.021443,20,229.28,2,4,5.72
NVDA,2026-10-10,2026-10-30,90.0,C,136.8,144.2,140.5,223.145,0.980094,0.000403,-0.153745,0.025882,20,229.28,3,5,5.72
NVDA,2026-10-10,2026-10-30,100.0,C,127.0,134.7,130.85,210.5962,0.973457,0.000544,-0.183901,0.032981,20,229.28,2,104,5.72
NVDA,2026-10-10,2026-10-30,115.0,C,112.05,118.65,115.35,165.8205,0.976006,0.000634,-0.13767,0.030305,20,229.28,2,1,5.72
NVDA,2026-10-10,2026-10-30,120.0,C,106.9,114.4,110.65,164.6974,0.969804,0.000774,-0.163582,0.036716,20,229.28,1,10,5.72
NVDA,2026-10-10,2026-10-30,125.0,C,102.05,108.65,105.35,148.1448,0.973142,0.000781,-0.136431,0.033307,20,229.28,0,14,5.72
NVDA,2026-10-10,2026-10-30,130.0,C,97.1,103.7,100.4,141.1136,0.970597,0.000884,-0.140261,0.035915,20,229.28,0,1,5.72
NVDA,2026-10-10,2026-10-30,135.0,C,92.1,99.3,95.7,139.6976,0.963277,0.001072,-0.16455,0.043137,20,229.28,10,12,5.72
NVDA,2026-10-10,2026-10-30,140.0,C,87.1,93.7,90.4,125.1469,0.966968,0.001097,-0.138295,0.039544,20,229.28,6,10,5.72
NVDA,2026-10-10,2026-10-30,145.0,C,82.15,88.75,85.45,118.6528,0.963803,0.001247,-0.141502,0.042631,20,229.28,4,20,5.72
NVDA,2026-10-10,2026-10-30,150.0,C,77.15,81.75,79.45,80.0783,0.991086,0.000561,-0.04229,0.012936,20,229.28,6,56,5.72
NVDA,2026-10-10,2026-10-30,155.0,C,73.1,78.8,75.95,112.7202,0.947831,0.001763,-0.177044,0.057256,20,229.28,2,16,5.72
NVDA,2026-10-10,2026-10-30,160.0,C,67.2,73.8,70.5,97.9004,0.954885,0.001808,-0.141244,0.050977,20,229.28,7,42,5.72
NVDA,2026-10-10,2026-10-30,165.0,C,62.2,68.85,65.525,91.4307,0.950998,0.002068,-0.141435,0.05447,20,229.28,3,5,5.72
NVDA,2026-10-10,2026-10-30,170.0,C,57.25,63.85,60.55,85.0587,0.946644,0.002379,-0.141316,0.058287,20,229.28,4,22,5.72
NVDA,2026-10-10,2026-10-30,175.0,C,52.3,58.9,55.6,79.1262,0.940996,0.002768,-0.142598,0.063101,20,229.28,5,38,5.72
NVDA,2026-10-10,2026-10-30,180.0,C,48.15,53.45,50.8,75.1711,0.930006,0.003328,-0.153446,0.072057,20,229.28,14,50,5.72
NVDA,2026-10-10,2026-10-30,185.0,C,42.4,48.9,45.65,66.6751,0.928837,0.0038,-0.140219,0.07298,20,229.28,8,16,5.72
NVDA,2026-10-10,2026-10-30,190.0,C,39.7,42.1,40.9,63.0619,0.913384,0.004663,-0.152241,0.084701,20,229.28,20,213,5.72
NVDA,2026-10-10,2026-10-30,195.0,C,34.75,35.55,35.15,52.7471,0.917938,0.005353,-0.126669,0.081337,20,229.28,13,163,5.72
NVDA,2026-10-10,2026-10-30,200.0,C,30.1,30.6,30.35,46.9976,0.906102,0.006643,-0.125328,0.089936,20,229.28,31,940,5.72
NVDA,2026-10-10,2026-10-30,205.0,C,24.9,26.2,25.55,45.8502,0.868067,0.008685,-0.150659,0.114701,20,229.28,23,525,5.72
NVDA,2026-10-10,2026-10-30,210.0,C,20.8,21.4,21.1,40.4791,0.840819,0.011162,-0.15073,0.130149,20,229.28,106,891,5.72
NVDA,2026-10-10,2026-10-30,215.0,C,16.5,16.95,16.725,36.817,0.792478,0.014484,-0.159666,0.153601,20,229.28,54,956,5.72
NVDA,2026-10-10,2026-10-30,220.0,C,12.55,12.85,12.7,33.924,0.721731,0.018433,-0.169707,0.180123,20,229.28,216,1993,5.72
NVDA,2026-10-10,2026-10-30,225.0,C,9.15,9.35,9.25,32.2272,0.624369,0.021935,-0.178913,0.203623,20,229.28,414,5649,5.72
NVDA,2026-10-10,2026-10-30,230.0,C,6.4,6.5,6.45,31.1958,0.509581,0.023821,-0.179193,0.214052,20,229.28,6007,6935,5.72
NVDA,2026-10-10,2026-10-30,235.0,C,4.15,4.25,4.2,30.2863,0.389442,0.023594,-0.165301,0.205838,20,229.28,2820,7551,5.72
NVDA,2026-10-10,2026-10-30,240.0,C,2.57,2.63,2.6,29.6882,0.277329,0.021028,-0.140243,0.179826,20,229.28,19064,12516,5.72
NVDA,2026-10-10,2026-10-30,245.0,C,1.52,1.56,1.54,29.4197,0.185065,0.016909,-0.109935,0.143293,20,229.28,2529,11501,5.72
NVDA,2026-10-10,2026-10-30,250.0,C,0.87,0.9,0.885,29.4441,0.117309,0.012457,-0.080665,0.105656,20,229.28,5193,15724,5.72
NVDA,2026-10-10,2026-10-30,255.0,C,0.51,0.53,0.52,29.9079,0.073265,0.008662,-0.057609,0.074627,20,229.28,1071,12173,5.72
NVDA,2026-10-10,2026-10-30,260.0,C,0.31,0.32,0.315,30.6648,0.046011,0.005863,-0.040841,0.051789,20,229.28,1295,8770,5.72
NVDA,2026-10-10,2026-10-30,265.0,C,0.19,0.2,0.195,31.5925,0.029326,0.003938,-0.029031,0.035837,20,229.28,528,2597,5.72
NVDA,2026-10-10,2026-10-30,270.0,C,0.12,0.14,0.13,33.0085,0.020263,0.002763,-0.022185,0.026276,20,229.28,556,11064,5.72
NVDA,2026-10-10,2026-10-30,275.0,C,0.09,0.1,0.095,34.3757,0.014198,0.001958,-0.017012,0.019386,20,229.28,203,1797,5.72
NVDA,2026-10-10,2026-10-30,280.0,C,0.05,0.07,0.06,35.5475,0.009814,0.001374,-0.012749,0.014072,20,229.28,117,2315,5.72
NVDA,2026-10-10,2026-10-30,285.0,C,0.04,0.06,0.05,37.5006,0.007998,0.001089,-0.011225,0.011761,20,229.28,9,818,5.72
NVDA,2026-10-10,2026-10-30,290.0,C,0.04,0.05,0.045,39.2584,0.006452,0.000861,-0.009712,0.009732,20,229.28,1,1225,5.72
NVDA,2026-10-10,2026-10-30,295.0,C,0.02,0.04,0.03,40.8209,0.005136,0.000676,-0.008239,0.007948,20,229.28,4,128,5.72
NVDA,2026-10-10,2026-10-30,300.0,C,0.02,0.03,0.025,41.7975,0.003724,0.000495,-0.006324,0.005964,20,229.28,42,831,5.72
NVDA,2026-10-10,2026-10-30,305.0,C,0.01,0.03,0.02,44.1412,0.003587,0.000454,-0.006453,0.005767,20,229.28,90,326,5.72
NVDA,2026-10-10,2026-10-30,310.0,C,0.01,0.03,0.02,46.4849,0.003497,0.000421,-0.006636,0.005636,20,229.28,1,8,5.72
NVDA,2026-10-10,2026-10-30,315.0,C,0.01,0.03,0.02,48.438,0.003215,0.000375,-0.006407,0.005226,20,229.28,1,49,5.72
NVDA,2026-10-10,2026-10-30,320.0,C,0.0,0.03,0.015,50.7817,0.003202,0.000356,-0.006689,0.005206,20,229.28,7,32,5.72
NVDA,2026-10-10,2026-10-30,325.0,C,0.0,0.03,0.015,52.7348,0.003012,0.000324,-0.00657,0.004927,20,229.28,52,57,5.72
NVDA,2026-10-10,2026-10-30,330.0,C,0.0,0.03,0.015,51.563,0.001651,0.000192,-0.003724,0.002858,20,229.28,48,61,5.72
NVDA,2026-10-10,2026-10-30,335.0,C,0.0,0.03,0.015,53.1255,0.001493,0.00017,-0.003501,0.002608,20,229.28,3,5,5.72
NVDA,2026-10-10,2026-10-30,340.0,C,0.0,0.02,0.01,53.1255,0.001007,0.000119,-0.00244,0.001818,20,229.28,1,54,5.72
NVDA,2026-10-10,2026-10-30,345.0,C,0.0,0.02,0.01,54.688,0.000934,0.000108,-0.002344,0.001697,20,229.28,10,26,5.72
NVDA,2026-10-10,2026-10-30,350.0,C,0.0,0.02,0.01,57.0317,0.001018,0.000112,-0.002643,0.001836,20,229.28,40,71,5.72
NVDA,2026-10-10,2026-10-30,360.0,C,0.0,0.02,0.01,60.1566,0.000911,9.6e-05,-0.002518,0.001659,20,229.28,20,81,5.72
NVDA,2026-10-10,2026-10-30,390.0,C,0.0,0.02,0.01,69.5316,0.000766,7.1e-05,-0.002476,0.001414,20,229.28,61,132,5.72
NVDA,2026-10-10,2026-10-30,50.0,P,0.0,0.02,0.01,198.4375,-0.000219,8e-06,-0.002193,0.000443,20,229.28,4,6,5.72
NVDA,2026-10-10,2026-10-30,65.0,P,0.0,0.02,0.01,165.6252,-0.000279,1.2e-05,-0.002292,0.000555,20,229.28,10,10,5.72
NVDA,2026-10-10,2026-10-30,70.0,P,0.0,0.03,0.015,162.5002,-0.000458,1.9e-05,-0.00356,0.000879,20,229.28,3,4,5.72
NVDA,2026-10-10,2026-10-30,80.0,P,0.0,0.03,0.015,143.7503,-0.000477,2.2e-05,-0.003266,0.000913,20,229.28,2,3,5.72
NVDA,2026-10-10,2026-10-30,85.0,P,0.0,0.03,0.015,135.9378,-0.000511,2.5e-05,-0.003292,0.000973,20,229.28,6,21,5.72
NVDA,2026-10-10,2026-10-30,90.0,P,0.01,0.02,0.015,128.1254,-0.000528,2.7e-05,-0.003197,0.001003,20,229.28,50,12,5.72
NVDA,2026-10-10,2026-10-30,95.0,P,0.01,0.02,0.015,121.8754,-0.0006,3.2e-05,-0.003425,0.001129,20,229.28,10,23,5.72
NVDA,2026-10-10,2026-10-30,100.0,P,0.01,0.04,0.025,120.3129,-0.000984,5.1e-05,-0.005328,0.001781,20,229.28,2,71,5.72
NVDA,2026-10-10,2026-10-30,105.0,P,0.01,0.04,0.025,113.2817,-0.001014,5.6e-05,-0.005155,0.00183,20,229.28,20,73,5.72
NVDA,2026-10-10,2026-10-30,110.0,P,0.02,0.05,0.035,110.5473,-0.001459,8e-05,-0.007017,0.002554,20,229.28,10,27,5.72
NVDA,2026-10-10,2026-10-30,115.0,P,0.02,0.05,0.035,104.2974,-0.001551,9e-05,-0.006998,0.0027,20,229.28,200,201,5.72
NVDA,2026-10-10,2026-10-30,120.0,P,0.03,0.04,0.035,98.4375,-0.001669,0.000102,-0.00706,0.002887,20,229.28,2081,2443,5.72
NVDA,2026-10-10,2026-10-30,125.0,P,0.03,0.06,0.045,94.9219,-0.002177,0.000134,-0.008662,0.003675,20,229.28,357,1982,5.72
NVDA,2026-10-10,2026-10-30,130.0,P,0.04,0.06,0.05,90.2345,-0.002536,0.000162,-0.009449,0.004219,20,229.28,103,2733,5.72
NVDA,2026-10-10,2026-10-30,135.0,P,0.04,0.06,0.05,84.3752,-0.002621,0.000179,-0.009099,0.004347,20,229.28,217,2228,5.72
NVDA,2026-10-10,2026-10-30,140.0,P,0.05,0.07,0.06,80.8596,-0.003338,0.000232,-0.010836,0.005405,20,229.28,2,63,5.72
NVDA,2026-10-10,2026-10-30,145.0,P,0.05,0.07,0.06,75.3909,-0.003496,0.000259,-0.010525,0.005634,20,229.28,100,112,5.72
NVDA,2026-10-10,2026-10-30,150.0,P,0.06,0.09,0.075,72.2659,-0.00458,0.000345,-0.012842,0.007177,20,229.28,15,492,5.72
NVDA,2026-10-10,2026-10-30,155.0,P,0.07,0.1,0.085,68.1644,-0.005426,0.000425,-0.014077,0.008346,20,229.28,10,223,5.72
NVDA,2026-10-10,2026-10-30,160.0,P,0.08,0.11,0.095,64.0629,-0.006407,0.000524,-0.015318,0.009671,20,229.28,2,381,5.72
NVDA,2026-10-10,2026-10-30,165.0,P,0.09,0.12,0.105,59.8637,-0.007472,0.000642,-0.01638,0.011078,20,229.28,5,199,5.72
NVDA,2026-10-10,2026-10-30,170.0,P,0.11,0.13,0.12,56.0551,-0.00908,0.000814,-0.018181,0.013146,20,229.28,478,1100,5.72
NVDA,2026-10-10,2026-10-30,175.0,P,0.13,0.15,0.14,52.3442,-0.011178,0.001045,-0.020328,0.015762,20,229.28,50,991,5.72
NVDA,2026-10-10,2026-10-30,180.0,P,0.16,0.18,0.17,49.3169,-0.014884,0.001421,-0.024498,0.02019,20,229.28,88,936,5.72
NVDA,2026-10-10,2026-10-30,185.0,P,0.19,0.22,0.205,45.899,-0.019148,0.001894,-0.028229,0.025043,20,229.28,31,1145,5.72
NVDA,2026-10-10,2026-10-30,190.0,P,0.25,0.27,0.26,42.4322,-0.024766,0.002546,-0.032358,0.031121,20,229.28,82,2194,5.72
NVDA,2026-10-10,2026-10-30,195.0,P,0.33,0.35,0.34,39.3317,-0.03369,0.003547,-0.038629,0.040191,20,229.28,313,2476,5.72
NVDA,2026-10-10,2026-10-30,200.0,P,0.47,0.5,0.485,36.8659,-0.049254,0.00515,-0.049106,0.054693,20,229.28,463,9223,5.72
NVDA,2026-10-10,2026-10-30,205.0,P,0.7,0.74,0.72,34.632,-0.07371,0.007516,-0.062963,0.074973,20,229.28,653,3791,5.72
NVDA,2026-10-10,2026-10-30,210.0,P,1.11,1.15,1.13,32.8376,-0.113128,0.010885,-0.081533,0.102965,20,229.28,673,6704,5.72
NVDA,2026-10-10,2026-10-30,215.0,P,1.77,1.83,1.8,31.4338,-0.173365,0.015189,-0.103475,0.137526,20,229.28,1441,6364,5.72
NVDA,2026-10-10,2026-10-30,220.0,P,2.81,2.88,2.845,30.2131,-0.257526,0.019905,-0.123992,0.173229,20,229.28,1059,7254,5.72
NVDA,2026-10-10,2026-10-30,225.0,P,4.35,4.45,4.4,29.2854,-0.366332,0.023944,-0.138084,0.20198,20,229.28,1159,6753,5.72
NVDA,2026-10-10,2026-10-30,230.0,P,6.5,6.6,6.55,28.376,-0.492231,0.02619,-0.138632,0.214073,20,229.28,1000,6106,5.72
NVDA,2026-10-10,2026-10-30,235.0,P,9.25,9.4,9.325,27.5581,-0.623723,0.025665,-0.123475,0.203733,20,229.28,224,3266,5.72
NVDA,2026-10-10,2026-10-30,240.0,P,12.65,12.95,12.8,27.4665,-0.74021,0.021995,-0.099245,0.174016,20,229.28,220,2572,5.72
NVDA,2026-10-10,2026-10-30,245.0,P,16.1,17.1,16.6,28.1623,-0.826199,0.01698,-0.074087,0.137746,20,229.28,11,244,5.72
NVDA,2026-10-10,2026-10-30,250.0,P,20.7,21.35,21.025,26.7585,-0.90565,0.01171,-0.034987,0.090255,20,229.28,30,399,5.72
NVDA,2026-10-10,2026-10-30,255.0,P,25.4,26.1,25.75,27.8328,-0.94123,0.007846,-0.016946,0.062904,20,229.28,40,84,5.72
NVDA,2026-10-10,2026-10-30,260.0,P,30.1,31.2,30.65,33.3014,-0.938888,0.006761,-0.026669,0.064859,20,229.28,10,171,5.72
NVDA,2026-10-10,2026-10-30,265.0,P,35.05,36.55,35.8,41.9195,-0.919809,0.00662,-0.056336,0.079934,20,229.28,78,3,5.72
NVDA,2026-10-10,2026-10-30,270.0,P,40.05,41.55,40.8,45.9234,-0.925956,0.005687,-0.05823,0.075233,20,229.28,2,1,5.72
NVDA,2026-10-10,2026-10-30,280.0,P,48.0,53.3,50.65,71.2649,-0.864605,0.005688,-0.180152,0.116762,20,229.28,2,20,5.72
NVDA,2026-10-10,2026-10-30,300.0,P,68.0,73.3,70.65,87.3292,-0.885324,0.004133,-0.196367,0.103967,20,229.28,1,0,5.72
NVDA,2026-10-10,2026-11-06,115.0,C,112.05,118.75,115.4,144.8733,0.974757,0.000652,-0.110566,0.036743,27,229.28,7,7,5.72
NVDA,2026-10-10,2026-11-06,125.0,C,102.15,108.8,105.475,131.1527,0.970447,0.000822,-0.114758,0.041905,27,229.28,1,1,5.72
NVDA,2026-10-10,2026-11-06,135.0,C,92.15,98.85,95.5,117.1879,0.96642,0.001022,-0.115052,0.046572,27,229.28,0,1,5.72
NVDA,2026-10-10,2026-11-06,145.0,C,82.25,88.9,85.575,104.9809,0.960632,0.001299,-0.118063,0.053046,27,229.28,0,2,5.72
NVDA,2026-10-10,2026-11-06,150.0,C,77.2,83.95,80.575,98.4375,0.958177,0.001455,-0.116993,0.055715,27,229.28,1,11,5.72
NVDA,2026-10-10,2026-11-06,155.0,C,72.2,78.95,75.575,92.1143,0.955434,0.001637,-0.115957,0.058649,27,229.28,0,1,5.72
NVDA,2026-10-10,2026-11-06,165.0,C,62.25,69.05,65.65,80.9328,0.947204,0.002134,-0.117459,0.06716,27,229.28,2,9,5.72
NVDA,2026-10-10,2026-11-06,170.0,C,57.45,64.05,60.75,76.2454,0.940705,0.002482,-0.121101,0.0736,27,229.28,21,22,5.72
NVDA,2026-10-10,2026-11-06,175.0,C,52.35,59.1,55.725,70.0442,0.936882,0.002837,-0.117885,0.077282,27,229.28,5,6,5.72
NVDA,2026-10-10,2026-11-06,180.0,C,48.5,54.1,51.3,70.2396,0.915888,0.003525,-0.142829,0.096275,27,229.28,2,10,5.72
NVDA,2026-10-10,2026-11-06,185.0,C,42.6,49.2,45.9,60.352,0.920385,0.003936,-0.121546,0.09237,27,229.28,1,3,5.72
NVDA,2026-10-10,2026-11-06,190.0,C,39.35,42.9,41.125,56.6655,0.905889,0.00475,-0.12831,0.104671,27,229.28,2,10,5.72
NVDA,2026-10-10,2026-11-06,195.0,C,35.25,36.35,35.8,52.6494,0.889427,0.005749,-0.133335,0.117695,27,229.28,102,102,5.72
NVDA,2026-10-10,2026-11-06,200.0,C,30.55,31.2,30.875,45.5816,0.882636,0.006928,-0.122638,0.122802,27,229.28,93,122,5.72
NVDA,2026-10-10,2026-11-06,205.0,C,25.6,26.6,26.1,42.4322,0.853971,0.008655,-0.13098,0.142809,27,229.28,20,89,5.72
NVDA,2026-10-10,2026-11-06,210.0,C,21.45,21.9,21.675,38.0621,0.823617,0.010915,-0.132383,0.16155,27,229.28,52,167,5.72
NVDA,2026-10-10,2026-11-06,215.0,C,17.25,17.9,17.575,36.7682,0.765178,0.013397,-0.147899,0.191551,27,229.28,24,129,5.72
NVDA,2026-10-10,2026-11-06,220.0,C,13.55,13.9,13.725,34.1071,0.699904,0.01635,-0.153224,0.21685,27,229.28,96,373,5.72
NVDA,2026-10-10,2026-11-06,225.0,C,10.3,10.55,10.425,32.8132,0.61386,0.018697,-0.159415,0.238575,27,229.28,191,592,5.72
NVDA,2026-10-10,2026-11-06,230.0,C,7.5,7.65,7.575,31.5559,0.516491,0.020256,-0.157545,0.248565,27,229.28,3442,2637,5.72
NVDA,2026-10-10,2026-11-06,235.0,C,5.25,5.35,5.3,30.738,0.414083,0.020328,-0.148257,0.242986,27,229.28,1603,3955,5.72
NVDA,2026-10-10,2026-11-06,240.0,C,3.5,3.6,3.55,30.1704,0.315875,0.018904,-0.131555,0.221786,27,229.28,2086,4702,5.72
NVDA,2026-10-10,2026-11-06,245.0,C,2.25,2.34,2.295,29.8225,0.229644,0.016314,-0.11007,0.189189,27,229.28,1958,2617,5.72
NVDA,2026-10-10,2026-11-06,250.0,C,1.4,1.48,1.44,29.6638,0.159912,0.013149,-0.087227,0.151673,27,229.28,1303,11783,5.72
NVDA,2026-10-10,2026-11-06,255.0,C,0.88,0.91,0.895,29.615,0.107036,0.009984,-0.065682,0.114976,27,229.28,579,8597,5.72
NVDA,2026-10-10,2026-11-06,260.0,C,0.55,0.57,0.56,29.9323,0.071197,0.007288,-0.048771,0.084827,27,229.28,1231,6951,5.72
NVDA,2026-10-10,2026-11-06,265.0,C,0.35,0.39,0.37,30.8601,0.049749,0.005338,-0.037832,0.064057,27,229.28,475,4153,5.72
NVDA,2026-10-10,2026-11-06,270.0,C,0.23,0.26,0.245,31.5681,0.033913,0.003825,-0.028284,0.046953,27,229.28,291,1503,5.72
NVDA,2026-10-10,2026-11-06,275.0,C,0.17,0.18,0.175,32.4226,0.023638,0.002758,-0.02146,0.034771,27,229.28,219,740,5.72
NVDA,2026-10-10,2026-11-06,280.0,C,0.12,0.13,0.125,33.4968,0.017211,0.00204,-0.016905,0.026569,27,229.28,511,566,5.72
NVDA,2026-10-10,2026-11-06,285.0,C,0.09,0.1,0.095,34.6686,0.012934,0.001542,-0.013662,0.020783,27,229.28,122,1097,5.72
NVDA,2026-10-10,2026-11-06,290.0,C,0.06,0.09,0.075,36.5241,0.011152,0.001287,-0.012636,0.018276,27,229.28,6,1745,5.72
NVDA,2026-10-10,2026-11-06,295.0,C,0.04,0.07,0.055,37.6959,0.00871,0.001005,-0.010496,0.014729,27,229.28,40,334,5.72
NVDA,2026-10-10,2026-11-06,300.0,C,0.03,0.06,0.045,39.0631,0.007162,0.000816,-0.009146,0.0124,27,229.28,111,698,5.72
NVDA,2026-10-10,2026-11-06,305.0,C,0.02,0.04,0.03,39.4537,0.004972,0.000585,-0.006678,0.008972,27,229.28,22,41,5.72
NVDA,2026-10-10,2026-11-06,310.0,C,0.01,0.04,0.025,41.4068,0.004724,0.000532,-0.00669,0.008573,27,229.28,15,4,5.72
NVDA,2026-10-10,2026-11-06,340.0,C,0.0,0.03,0.015,50.7817,0.002873,0.000278,-0.005231,0.005488,27,229.28,1,3,5.72
NVDA,2026-10-10,2026-11-06,345.0,C,0.0,0.03,0.015,52.3442,0.002736,0.000258,-0.005157,0.005251,27,229.28,0,5,5.72
NVDA,2026-10-10,2026-11-06,360.0,C,0.0,0.03,0.015,53.9067,0.001425,0.000139,-0.002934,0.002904,27,229.28,90,100,5.72
NVDA,2026-10-10,2026-11-06,390.0,C,0.0,0.03,0.015,62.5004,0.001254,0.000106,-0.003022,0.002584,27,229.28,0,9,5.72
NVDA,2026-10-10,2026-11-06,50.0,P,0.0,0.03,0.015,178.1251,-0.000347,1.1e-05,-0.002595,0.00079,27,229.28,0,5,5.72
NVDA,2026-10-10,2026-11-06,70.0,P,0.0,0.04,0.02,143.7503,-0.000602,2.4e-05,-0.003487,0.001316,27,229.28,2,1,5.72
NVDA,2026-10-10,2026-11-06,75.0,P,0.0,0.04,0.02,135.9378,-0.000651,2.7e-05,-0.003544,0.001415,27,229.28,5,5,5.72
NVDA,2026-10-10,2026-11-06,90.0,P,0.01,0.05,0.03,118.7504,-0.001084,4.9e-05,-0.004942,0.002261,27,229.28,0,1,5.72
NVDA,2026-10-10,2026-11-06,95.0,P,0.01,0.04,0.025,110.1567,-0.000966,4.7e-05,-0.004121,0.002033,27,229.28,0,8,5.72
NVDA,2026-10-10,2026-11-06,100.0,P,0.02,0.06,0.04,108.5942,-0.001502,7.2e-05,-0.006086,0.003047,27,229.28,21,25,5.72
NVDA,2026-10-10,2026-11-06,105.0,P,0.02,0.06,0.04,102.7349,-0.001612,8.1e-05,-0.006138,0.00325,27,229.28,0,11,5.72
NVDA,2026-10-10,2026-11-06,120.0,P,0.04,0.08,0.06,89.8439,-0.002684,0.000148,-0.008512,0.00516,27,229.28,4318,45,5.72
NVDA,2026-10-10,2026-11-06,125.0,P,0.04,0.09,0.065,85.3517,-0.003051,0.000175,-0.009073,0.005793,27,229.28,1502,1556,5.72
NVDA,2026-10-10,2026-11-06,130.0,P,0.05,0.08,0.065,80.2736,-0.003246,0.000196,-0.009017,0.006125,27,229.28,2,20,5.72
NVDA,2026-10-10,2026-11-06,135.0,P,0.05,0.1,0.075,76.5627,-0.003882,0.000242,-0.010092,0.007193,27,229.28,64,65,5.72
NVDA,2026-10-10,2026-11-06,140.0,P,0.07,0.1,0.085,72.8518,-0.004609,0.000296,-0.011188,0.008386,27,229.28,1,8,5.72
NVDA,2026-10-10,2026-11-06,145.0,P,0.07,0.1,0.085,68.1644,-0.004934,0.000336,-0.011114,0.00891,27,229.28,2,6,5.72
NVDA,2026-10-10,2026-11-06,150.0,P,0.08,0.12,0.1,64.7464,-0.005958,0.000419,-0.012473,0.010537,27,229.28,16,55,5.72
NVDA,2026-10-10,2026-11-06,155.0,P,0.09,0.14,0.115,61.3285,-0.00717,0.00052,-0.013904,0.012412,27,229.28,253,101,5.72
NVDA,2026-10-10,2026-11-06,160.0,P,0.13,0.15,0.14,58.3989,-0.009054,0.000671,-0.016235,0.015237,27,229.28,14,82,5.72
NVDA,2026-10-10,2026-11-06,165.0,P,0.13,0.17,0.15,54.395,-0.010223,0.000801,-0.016792,0.016942,27,229.28,24,104,5.72
NVDA,2026-10-10,2026-11-06,170.0,P,0.16,0.18,0.17,50.9771,-0.01227,0.001002,-0.018416,0.019856,27,229.28,25,168,5.72
NVDA,2026-10-10,2026-11-06,175.0,P,0.19,0.22,0.205,48.438,-0.016205,0.00134,-0.022202,0.025234,27,229.28,44,851,5.72
NVDA,2026-10-10,2026-11-06,180.0,P,0.23,0.26,0.245,45.2642,-0.020106,0.001723,-0.024886,0.030329,27,229.28,322,293,5.72
NVDA,2026-10-10,2026-11-06,185.0,P,0.29,0.33,0.31,42.5787,-0.026383,0.002303,-0.029359,0.038126,27,229.28,12,284,5.72
NVDA,2026-10-10,2026-11-06,190.0,P,0.38,0.42,0.4,39.8932,-0.034849,0.003095,-0.034543,0.048014,27,229.28,58,505,5.72
NVDA,2026-10-10,2026-11-06,195.0,P,0.52,0.58,0.55,37.7692,-0.048752,0.004291,-0.042788,0.06303,27,229.28,106,2143,5.72
NVDA,2026-10-10,2026-11-06,200.0,P,0.74,0.78,0.76,35.401,-0.067026,0.005882,-0.051299,0.080971,27,229.28,266,3836,5.72
NVDA,2026-10-10,2026-11-06,205.0,P,1.08,1.13,1.105,33.6432,-0.096486,0.008149,-0.063851,0.106609,27,229.28,326,3655,5.72
NVDA,2026-10-10,2026-11-06,210.0,P,1.62,1.68,1.65,32.2272,-0.140032,0.011077,-0.079113,0.138819,27,229.28,389,2900,5.72
NVDA,2026-10-10,2026-11-06,215.0,P,2.44,2.51,2.475,31.0371,-0.200581,0.01449,-0.095155,0.174887,27,229.28,1069,2422,5.72
NVDA,2026-10-10,2026-11-06,220.0,P,3.6,3.75,3.675,30.207,-0.280787,0.017895,-0.110048,0.210202,27,229.28,1689,2197,5.72
NVDA,2026-10-10,2026-11-06,225.0,P,5.25,5.4,5.325,29.2671,-0.376673,0.020806,-0.118184,0.236794,27,229.28,2726,3155,5.72
NVDA,2026-10-10,2026-11-06,230.0,P,7.45,7.6,7.525,28.5224,-0.48522,0.022414,-0.118157,0.248607,27,229.28,535,3048,5.72
NVDA,2026-10-10,2026-11-06,235.0,P,10.15,10.35,10.25,27.8022,-0.59808,0.022312,-0.107865,0.241221,27,229.28,117,2716,5.72
NVDA,2026-10-10,2026-11-06,240.0,P,13.4,13.7,13.55,27.3567,-0.70423,0.02025,-0.089733,0.215419,27,229.28,42,3056,5.72
NVDA,2026-10-10,2026-11-06,245.0,P,16.85,17.55,17.2,27.0515,-0.794958,0.016845,-0.066636,0.177201,27,229.28,53,244,5.72
NVDA,2026-10-10,2026-11-06,250.0,P,20.85,21.9,21.375,27.6252,-0.858584,0.013009,-0.047258,0.139749,27,229.28,35,345,5.72
NVDA,2026-10-10,2026-11-06,255.0,P,25.8,26.3,26.05,26.4778,-0.919047,0.009085,-0.019604,0.09354,27,229.28,50,72,5.72
NVDA,2026-10-10,2026-11-06,260.0,P,30.1,31.15,30.625,28.1745,-0.941019,0.00669,-0.010883,0.073293,27,229.28,2,38,5.72
NVDA,2026-10-10,2026-11-06,265.0,P,34.9,36.15,35.525,31.4704,-0.946704,0.005529,-0.011377,0.067663,27,229.28,12,8,5.72
NVDA,2026-10-10,2026-11-06,270.0,P,39.95,41.65,40.8,40.8453,-0.917585,0.005969,-0.043792,0.094811,27,229.28,1,5,5.72
NVDA,2026-10-10,2026-11-06,280.0,P,47.55,53.35,50.45,62.0731,-0.860273,0.005742,-0.131583,0.138613,27,229.28,15,10,5.72
NVDA,2026-10-10,2026-11-13,125.0,C,102.25,108.95,105.6,119.6781,0.968114,0.000855,-0.101032,0.050078,34,229.28,5,5,5.72
NVDA,2026-10-10,2026-11-13,150.0,C,77.4,84.1,80.75,90.5519,0.954213,0.001517,-0.104863,0.067261,34,229.28,1,1,5.72
NVDA,2026-10-10,2026-11-13,165.0,C,62.6,69.7,66.15,78.0764,0.935196,0.002315,-0.118067,0.08852,34,229.28,4,4,5.72
NVDA,2026-10-10,2026-11-13,170.0,C,57.55,64.3,60.925,70.1175,0.93606,0.002551,-0.107358,0.087601,34,229.28,2,13,5.72
NVDA,2026-10-10,2026-11-13,180.0,C,47.7,53.8,50.75,57.7153,0.931,0.003288,-0.096894,0.092922,34,229.28,2,3,5.72
NVDA,2026-10-10,2026-11-13,185.0,C,42.8,49.55,46.175,56.3725,0.912326,0.004037,-0.110448,0.111443,34,229.28,5,3,5.72
NVDA,2026-10-10,2026-11-13,190.0,C,39.55,42.35,40.95,59.4486,0.874362,0.004966,-0.143908,0.144564,34,229.28,1,8,5.72
NVDA,2026-10-10,2026-11-13,200.0,C,30.95,32.05,31.5,46.1675,0.856992,0.006989,-0.125502,0.158014,34,229.28,12,38,5.72
NVDA,2026-10-10,2026-11-13,205.0,C,26.25,27.6,26.925,43.5003,0.825863,0.008442,-0.132957,0.17982,34,229.28,1,12,5.72
NVDA,2026-10-10,2026-11-13,210.0,C,21.75,23.05,22.4,39.7589,0.792654,0.010281,-0.134623,0.20017,34,229.28,10,47,5.72
NVDA,2026-10-10,2026-11-13,215.0,C,18.15,18.75,18.45,36.5973,0.747102,0.012484,-0.137317,0.223731,34,229.28,29,235,5.72
NVDA,2026-10-10,2026-11-13,220.0,C,14.5,14.75,14.625,33.8508,0.687276,0.01495,-0.139193,0.247814,34,229.28,42,311,5.72
NVDA,2026-10-10,2026-11-13,225.0,C,11.3,11.55,11.425,32.9841,0.608364,0.016642,-0.144569,0.268807,34,229.28,263,161,5.72
NVDA,2026-10-10,2026-11-13,230.0,C,8.5,8.65,8.575,31.7512,0.521969,0.017928,-0.142464,0.278747,34,229.28,1925,2043,5.72
NVDA,2026-10-10,2026-11-13,235.0,C,6.15,6.4,6.275,31.2934,0.432238,0.017954,-0.136896,0.275134,34,229.28,658,1783,5.72
NVDA,2026-10-10,2026-11-13,240.0,C,4.3,4.45,4.375,30.3352,0.342211,0.017303,-0.122875,0.257039,34,229.28,4128,3036,5.72
NVDA,2026-10-10,2026-11-13,245.0,C,2.94,3.05,2.995,29.9079,0.261267,0.015537,-0.106389,0.227552,34,229.28,1676,5770,5.72
NVDA,2026-10-10,2026-11-13,250.0,C,1.96,2.05,2.005,29.7004,0.192856,0.013177,-0.088381,0.191639,34,229.28,4414,4669,5.72
NVDA,2026-10-10,2026-11-13,255.0,C,1.26,1.3,1.28,29.2732,0.135005,0.010599,-0.068699,0.151938,34,229.28,762,2398,5.72
NVDA,2026-10-10,2026-11-13,260.0,C,0.8,0.86,0.83,29.4929,0.095119,0.008197,-0.053671,0.118384,34,229.28,2023,6756,5.72
NVDA,2026-10-10,2026-11-13,265.0,C,0.55,0.59,0.57,30.0422,0.067848,0.006235,-0.042185,0.091723,34,229.28,722,1726,5.72
NVDA,2026-10-10,2026-11-13,270.0,C,0.35,0.39,0.37,30.3718,0.046823,0.004604,-0.031736,0.068481,34,229.28,645,1416,5.72
NVDA,2026-10-10,2026-11-13,275.0,C,0.25,0.28,0.265,31.2019,0.034224,0.003474,-0.025198,0.053085,34,229.28,109,941,5.72
NVDA,2026-10-10,2026-11-13,280.0,C,0.18,0.2,0.19,31.9343,0.024828,0.0026,-0.019706,0.040662,34,229.28,89,773,5.72
NVDA,2026-10-10,2026-11-13,285.0,C,0.14,0.16,0.15,33.1061,0.019457,0.002042,-0.016593,0.033099,34,229.28,13,155,5.72
NVDA,2026-10-10,2026-11-13,290.0,C,0.11,0.13,0.12,34.3268,0.01562,0.001632,-0.014235,0.027439,34,229.28,36,312,5.72
NVDA,2026-10-10,2026-11-13,295.0,C,0.06,0.1,0.08,35.1569,0.011912,0.001261,-0.011521,0.021718,34,229.28,10,1434,5.72
NVDA,2026-10-10,2026-11-13,300.0,C,0.04,0.08,0.06,36.1335,0.009429,0.001001,-0.009646,0.017716,34,229.28,20,166,5.72
NVDA,2026-10-10,2026-11-13,305.0,C,0.03,0.07,0.05,37.5006,0.00813,0.000847,-0.008779,0.015557,34,229.28,2,15,5.72
NVDA,2026-10-10,2026-11-13,310.0,C,0.02,0.05,0.035,37.8912,0.005906,0.000632,-0.006683,0.011733,34,229.28,1,15,5.72
NVDA,2026-10-10,2026-11-13,315.0,C,0.01,0.04,0.025,38.6725,0.004661,0.000502,-0.00552,0.009504,34,229.28,1,13,5.72
NVDA,2026-10-10,2026-11-13,320.0,C,0.01,0.03,0.02,39.2584,0.003563,0.000389,-0.004402,0.007474,34,229.28,4,9,5.72
NVDA,2026-10-10,2026-11-13,325.0,C,0.01,0.03,0.02,40.8209,0.003388,0.000357,-0.004371,0.007143,34,229.28,1,9,5.72
NVDA,2026-10-10,2026-11-13,335.0,C,0.0,0.04,0.02,45.313,0.004081,0.00038,-0.005724,0.00844,34,229.28,1,1,5.72
NVDA,2026-10-10,2026-11-13,340.0,C,0.0,0.04,0.02,46.8755,0.003953,0.000357,-0.005752,0.008204,34,229.28,4,27,5.72
NVDA,2026-10-10,2026-11-13,345.0,C,0.0,0.02,0.01,45.313,0.002131,0.000212,-0.003185,0.004701,34,229.28,1,61,5.72
NVDA,2026-10-10,2026-11-13,350.0,C,0.0,0.03,0.015,48.438,0.002875,0.00026,-0.004459,0.006161,34,229.28,11,13,5.72
NVDA,2026-10-10,2026-11-13,360.0,C,0.0,0.03,0.015,51.1724,0.002665,0.00023,-0.004394,0.005753,34,229.28,2,2,5.72
NVDA,2026-10-10,2026-11-13,125.0,P,0.05,0.08,0.065,76.3674,-0.003115,0.000177,-0.007352,0.006623,34,229.28,10,6,5.72
NVDA,2026-10-10,2026-11-13,145.0,P,0.08,0.13,0.105,62.5004,-0.005913,0.000384,-0.010635,0.011746,34,229.28,2,4,5.72
NVDA,2026-10-10,2026-11-13,150.0,P,0.1,0.15,0.125,59.5707,-0.007234,0.000481,-0.012101,0.014037,34,229.28,3,7,5.72
NVDA,2026-10-10,2026-11-13,155.0,P,0.12,0.16,0.14,56.2504,-0.008462,0.000585,-0.013101,0.016114,34,229.28,3,8,5.72
NVDA,2026-10-10,2026-11-13,160.0,P,0.14,0.17,0.155,52.9302,-0.009871,0.000711,-0.014088,0.018441,34,229.28,1,62,5.72
NVDA,2026-10-10,2026-11-13,165.0,P,0.19,0.21,0.2,50.6841,-0.012921,0.000939,-0.01702,0.023302,34,229.28,52,144,5.72
NVDA,2026-10-10,2026-11-13,170.0,P,0.22,0.25,0.235,48.2915,-0.016628,0.001224,-0.020112,0.02895,34,229.28,144,824,5.72
NVDA,2026-10-10,2026-11-13,175.0,P,0.26,0.3,0.28,45.5572,-0.020691,0.001563,-0.022807,0.034872,34,229.28,12,534,5.72
NVDA,2026-10-10,2026-11-13,180.0,P,0.33,0.38,0.355,43.2135,-0.026843,0.002051,-0.026864,0.043406,34,229.28,7,98,5.72
NVDA,2026-10-10,2026-11-13,185.0,P,0.42,0.47,0.445,40.6744,-0.034296,0.00267,-0.030889,0.053177,34,229.28,43,224,5.72
NVDA,2026-10-10,2026-11-13,190.0,P,0.56,0.61,0.585,38.5016,-0.045504,0.00355,-0.036675,0.066926,34,229.28,78,493,5.72
NVDA,2026-10-10,2026-11-13,195.0,P,0.77,0.8,0.785,36.3532,-0.060676,0.004724,-0.043333,0.084093,34,229.28,73,281,5.72
NVDA,2026-10-10,2026-11-13,200.0,P,1.03,1.09,1.06,34.5221,-0.082986,0.006326,-0.052074,0.106948,34,229.28,420,691,5.72
NVDA,2026-10-10,2026-11-13,205.0,P,1.48,1.55,1.515,33.1183,-0.115982,0.008426,-0.063446,0.136651,34,229.28,560,1018,5.72
NVDA,2026-10-10,2026-11-13,210.0,P,2.12,2.22,2.17,31.9099,-0.161235,0.010951,-0.075971,0.171121,34,229.28,510,1384,5.72
NVDA,2026-10-10,2026-11-13,215.0,P,3.05,3.2,3.125,30.9943,-0.221529,0.013706,-0.088849,0.208023,34,229.28,526,942,5.72
NVDA,2026-10-10,2026-11-13,220.0,P,4.35,4.5,4.425,30.0361,-0.295372,0.016425,-0.098726,0.241587,34,229.28,453,1544,5.72
NVDA,2026-10-10,2026-11-13,225.0,P,6.1,6.2,6.15,29.1023,-0.382429,0.018733,-0.103869,0.266957,34,229.28,659,1314,5.72
NVDA,2026-10-10,2026-11-13,230.0,P,8.2,8.45,8.325,28.5102,-0.4797,0.01997,-0.103795,0.278809,34,229.28,500,1202,5.72
NVDA,2026-10-10,2026-11-13,235.0,P,10.95,11.2,11.075,27.9731,-0.579914,0.01997,-0.09658,0.27355,34,229.28,175,2678,5.72
NVDA,2026-10-10,2026-11-13,240.0,P,13.9,14.4,14.15,27.314,-0.677645,0.018767,-0.082038,0.251013,34,229.28,117,689,5.72
NVDA,2026-10-10,2026-11-13,245.0,P,17.3,18.15,17.725,27.1003,-0.762604,0.016295,-0.06482,0.216247,34,229.28,4,238,5.72
NVDA,2026-10-10,2026-11-13,250.0,P,21.65,22.2,21.925,26.551,-0.836578,0.013277,-0.043713,0.172628,34,229.28,21,90,5.72
NVDA,2026-10-10,2026-11-13,265.0,P,34.9,36.25,35.575,29.3952,-0.9366,0.006046,-0.009831,0.087025,34,229.28,4,0,5.72
NVDA,2026-10-10,2026-11-20,20.0,C,206.7,213.45,210.075,376.3672,0.994886,5.1e-05,-0.054034,0.011337,41,229.28,0,1,5.72
NVDA,2026-10-10,2026-11-20,50.0,C,176.95,183.6,180.275,240.8207,0.989164,0.000154,-0.069664,0.021966,41,229.28,1,31,5.72
NVDA,2026-10-10,2026-11-20,55.0,C,172.05,178.65,175.35,229.0532,0.987757,0.000181,-0.073884,0.024422,41,229.28,9,10,5.72
NVDA,2026-10-10,2026-11-20,60.0,C,145.05,153.0,149.025,0.001,1.0,0.0,-0.006639,0.0,41,229.28,1,48,5.72
NVDA,2026-10-10,2026-11-20,65.0,C,162.0,167.6,164.8,180.3712,0.99169,0.000164,-0.045237,0.017416,41,229.28,10,50,5.72
NVDA,2026-10-10,2026-11-20,70.0,C,157.05,163.65,160.35,191.9434,0.985111,0.000255,-0.074943,0.028916,41,229.28,1,33,5.72
NVDA,2026-10-10,2026-11-20,75.0,C,152.15,158.7,155.425,183.7403,0.98341,0.000292,-0.078852,0.031727,41,229.28,3,15,5.72
NVDA,2026-10-10,2026-11-20,80.0,C,147.1,153.75,150.425,173.8283,0.982416,0.000325,-0.078976,0.033346,41,229.28,1,43,5.72
NVDA,2026-10-10,2026-11-20,85.0,C,142.15,148.75,145.45,165.2834,0.981076,0.000364,-0.080358,0.0355,41,229.28,3,46,5.72
NVDA,2026-10-10,2026-11-20,90.0,C,137.15,143.75,140.45,156.5432,0.979982,0.000403,-0.080414,0.037235,41,229.28,11,80,5.72
NVDA,2026-10-10,2026-11-20,95.0,C,132.15,138.8,135.475,148.926,0.978509,0.00045,-0.081657,0.039542,41,229.28,1,52,5.72
NVDA,2026-10-10,2026-11-20,100.0,C,127.2,133.8,130.5,141.6507,0.976967,0.000501,-0.082774,0.041923,41,229.28,2,299,5.72
NVDA,2026-10-10,2026-11-20,105.0,C,122.3,128.85,125.575,135.7425,0.974657,0.000567,-0.08604,0.045427,41,229.28,3,241,5.72
NVDA,2026-10-10,2026-11-20,110.0,C,117.35,123.9,120.625,129.5414,0.972524,0.000635,-0.088114,0.048602,41,229.28,10,241,5.72
NVDA,2026-10-10,2026-11-20,115.0,C,113.75,117.9,115.825,126.1722,0.968126,0.000738,-0.096344,0.054975,41,229.28,16,340,5.72
NVDA,2026-10-10,2026-11-20,120.0,C,107.3,113.95,110.625,116.016,0.969345,0.000777,-0.087672,0.053231,41,229.28,1,373,5.72
NVDA,2026-10-10,2026-11-20,125.0,C,102.35,108.95,105.65,110.0835,0.967192,0.000866,-0.08844,0.056302,41,229.28,8,292,5.72
NVDA,2026-10-10,2026-11-20,130.0,C,97.65,104.0,100.825,106.6411,0.96238,0.001,-0.095189,0.062992,41,229.28,1,401,5.72
NVDA,2026-10-10,2026-11-20,135.0,C,93.2,99.05,96.125,104.6636,0.955278,0.001173,-0.106116,0.072476,41,229.28,1,438,5.72
NVDA,2026-10-10,2026-11-20,140.0,C,89.6,94.1,91.85,106.9096,0.94163,0.001419,-0.130534,0.089583,41,229.28,18,1555,5.72
NVDA,2026-10-10,2026-11-20,145.0,C,82.9,89.15,86.025,91.6016,0.951629,0.001427,-0.100857,0.077185,41,229.28,1,371,5.72
NVDA,2026-10-10,2026-11-20,150.0,C,79.0,81.0,80.0,71.387,0.97207,0.001169,-0.058708,0.049271,41,229.28,20,1002,5.72
NVDA,2026-10-10,2026-11-20,155.0,C,72.65,79.25,75.95,79.6999,0.946989,0.001764,-0.096328,0.083027,41,229.28,2,1923,5.72
NVDA,2026-10-10,2026-11-20,160.0,C,69.25,71.0,70.125,64.0629,0.964399,0.001592,-0.063753,0.060212,41,229.28,2,1246,5.72
NVDA,2026-10-10,2026-11-20,165.0,C,64.9,69.4,67.15,79.9929,0.915929,0.002511,-0.131512,0.118595,41,229.28,1,1733,5.72
NVDA,2026-10-10,2026-11-20,170.0,C,59.85,64.5,62.175,74.6096,0.909806,0.002837,-0.129938,0.124988,41,229.28,2,1966,5.72
NVDA,2026-10-10,2026-11-20,175.0,C,54.6,57.15,55.875,58.6186,0.932743,0.00289,-0.089007,0.100045,41,229.28,14,2326,5.72
NVDA,2026-10-10,2026-11-20,180.0,C,50.6,52.25,51.425,58.3256,0.91292,0.003535,-0.104086,0.121759,41,229.28,22,7178,5.72
NVDA,2026-10-10,2026-11-20,185.0,C,45.95,46.95,46.45,53.5039,0.905197,0.004105,-0.102451,0.129683,41,229.28,7,3476,5.72
NVDA,2026-10-10,2026-11-20,190.0,C,41.3,41.85,41.575,51.1846,0.886434,0.004891,-0.110144,0.14783,41,229.28,276,3636,5.72
NVDA,2026-10-10,2026-11-20,195.0,C,36.7,37.45,37.075,49.5611,0.861135,0.005812,-0.120519,0.170093,41,229.28,47,3933,5.72
NVDA,2026-10-10,2026-11-20,200.0,C,32.25,32.55,32.4,44.8004,0.845032,0.006921,-0.117876,0.183086,41,229.28,236,25166,5.72
NVDA,2026-10-10,2026-11-20,205.0,C,28.0,28.65,28.325,44.5867,0.80352,0.008084,-0.132958,0.212841,41,229.28,108,5827,5.72
NVDA,2026-10-10,2026-11-20,210.0,C,23.95,24.35,24.15,41.7608,0.767338,0.009523,-0.136385,0.234839,41,229.28,271,77202,5.72
NVDA,2026-10-10,2026-11-20,215.0,C,20.2,20.45,20.325,39.8932,0.719681,0.010987,-0.141925,0.258819,41,229.28,280,12053,5.72
NVDA,2026-10-10,2026-11-20,220.0,C,16.8,17.05,16.925,38.9594,0.661518,0.012218,-0.148457,0.281082,41,229.28,986,17896,5.72
NVDA,2026-10-10,2026-11-20,225.0,C,13.7,13.95,13.825,38.0377,0.597662,0.013237,-0.15156,0.297332,41,229.28,1421,15389,5.72
NVDA,2026-10-10,2026-11-20,230.0,C,11.0,11.15,11.075,37.049,0.52931,0.013975,-0.150347,0.305737,41,229.28,3928,58886,5.72
NVDA,2026-10-10,2026-11-20,235.0,C,8.65,8.75,8.7,36.2555,0.458374,0.014241,-0.145482,0.304894,41,229.28,2486,17741,5.72
NVDA,2026-10-10,2026-11-20,240.0,C,6.65,6.75,6.7,35.6452,0.387971,0.013986,-0.137084,0.294396,41,229.28,4282,35884,5.72
NVDA,2026-10-10,2026-11-20,245.0,C,5.0,5.15,5.075,35.2912,0.321687,0.013216,-0.126134,0.275407,41,229.28,8696,97445,5.72
NVDA,2026-10-10,2026-11-20,250.0,C,3.75,3.8,3.775,34.7419,0.259248,0.012132,-0.111616,0.248884,41,229.28,5693,43587,5.72
NVDA,2026-10-10,2026-11-20,255.0,C,2.74,2.8,2.77,34.5221,0.205634,0.01073,-0.097005,0.218735,41,229.28,1711,19270,5.72
NVDA,2026-10-10,2026-11-20,260.0,C,2.0,2.03,2.015,34.339,0.159775,0.009212,-0.082063,0.186799,41,229.28,6194,31230,5.72
NVDA,2026-10-10,2026-11-20,265.0,C,1.43,1.47,1.45,34.3268,0.12275,0.007705,-0.068342,0.156189,41,229.28,2157,19427,5.72
NVDA,2026-10-10,2026-11-20,270.0,C,1.05,1.07,1.06,34.4733,0.093801,0.006321,-0.056361,0.128671,41,229.28,2113,26644,5.72
NVDA,2026-10-10,2026-11-20,275.0,C,0.76,0.79,0.775,34.7907,0.071872,0.005125,-0.046413,0.10529,41,229.28,508,34934,5.72
NVDA,2026-10-10,2026-11-20,280.0,C,0.56,0.58,0.57,35.0837,0.054573,0.004101,-0.037674,0.084958,41,229.28,582,15973,5.72
NVDA,2026-10-10,2026-11-20,285.0,C,0.41,0.44,0.425,35.6208,0.042322,0.003296,-0.031141,0.06932,41,229.28,127,6384,5.72
NVDA,2026-10-10,2026-11-20,290.0,C,0.31,0.32,0.315,35.8893,0.031788,0.002588,-0.024781,0.054853,41,229.28,247,5271,5.72
NVDA,2026-10-10,2026-11-20,295.0,C,0.23,0.25,0.24,36.5241,0.024972,0.00208,-0.020594,0.04487,41,229.28,456,71622,5.72
NVDA,2026-10-10,2026-11-20,300.0,C,0.18,0.2,0.19,37.3053,0.020123,0.001698,-0.017505,0.0374,41,229.28,276,13750,5.72
NVDA,2026-10-10,2026-11-20,305.0,C,0.13,0.14,0.135,37.3053,0.014502,0.001283,-0.013215,0.028269,41,229.28,115,4404,5.72
NVDA,2026-10-10,2026-11-20,310.0,C,0.1,0.12,0.11,38.3795,0.012379,0.001088,-0.011842,0.024656,41,229.28,359,3831,5.72
NVDA,2026-10-10,2026-11-20,315.0,C,0.07,0.09,0.08,38.6725,0.009371,0.000847,-0.009355,0.01935,41,229.28,47,1180,5.72
NVDA,2026-10-10,2026-11-20,320.0,C,0.06,0.07,0.065,39.1608,0.00735,0.000676,-0.007646,0.015633,41,229.28,16,3356,5.72
NVDA,2026-10-10,2026-11-20,325.0,C,0.05,0.07,0.06,40.7232,0.007053,0.000627,-0.007659,0.015075,41,229.28,8,148,5.72
NVDA,2026-10-10,2026-11-20,330.0,C,0.03,0.05,0.04,40.8209,0.005235,0.00048,-0.00589,0.011574,41,229.28,156,2928,5.72
NVDA,2026-10-10,2026-11-20,335.0,C,0.02,0.05,0.035,42.1881,0.004957,0.000443,-0.005794,0.011026,41,229.28,11,72,5.72
NVDA,2026-10-10,2026-11-20,340.0,C,0.02,0.03,0.025,41.4068,0.003101,0.000296,-0.003734,0.007244,41,229.28,3,1709,5.72
NVDA,2026-10-10,2026-11-20,345.0,C,0.02,0.04,0.03,44.1412,0.00394,0.000345,-0.004931,0.008982,41,229.28,1,26,5.72
NVDA,2026-10-10,2026-11-20,350.0,C,0.01,0.03,0.02,44.1412,0.00294,0.000265,-0.003788,0.006904,41,229.28,72,3316,5.72
NVDA,2026-10-10,2026-11-20,355.0,C,0.02,0.03,0.025,45.5084,0.002889,0.000253,-0.003842,0.006796,41,229.28,14,19,5.72
NVDA,2026-10-10,2026-11-20,360.0,C,0.01,0.03,0.02,46.8755,0.002854,0.000243,-0.003911,0.006721,41,229.28,25,2538,5.72
NVDA,2026-10-10,2026-11-20,365.0,C,0.0,0.03,0.015,48.0474,0.002731,0.000228,-0.003851,0.006459,41,229.28,1,121,5.72
NVDA,2026-10-10,2026-11-20,370.0,C,0.0,0.03,0.015,49.2193,0.002628,0.000215,-0.003808,0.006239,41,229.28,3,2178,5.72
NVDA,2026-10-10,2026-11-20,375.0,C,0.0,0.03,0.015,50.3911,0.002542,0.000203,-0.003783,0.006055,41,229.28,2,147,5.72
NVDA,2026-10-10,2026-11-20,380.0,C,0.01,0.02,0.015,50.0005,0.001843,0.000153,-0.002803,0.004523,41,229.28,1,1666,5.72
NVDA,2026-10-10,2026-11-20,385.0,C,0.01,0.02,0.015,50.0005,0.001432,0.000122,-0.002227,0.003595,41,229.28,0,2,5.72
NVDA,2026-10-10,2026-11-20,390.0,C,0.01,0.02,0.015,50.7817,0.00131,0.00011,-0.002083,0.003313,41,229.28,100,532,5.72
NVDA,2026-10-10,2026-11-20,395.0,C,0.0,0.02,0.01,50.0005,0.00086,7.6e-05,-0.001394,0.002252,41,229.28,2,3,5.72
NVDA,2026-10-10,2026-11-20,400.0,C,0.0,0.01,0.005,51.563,0.000943,8.1e-05,-0.001565,0.002452,41,229.28,3,12158,5.72
NVDA,2026-10-10,2026-11-20,405.0,C,0.0,0.02,0.01,52.3442,0.000876,7.4e-05,-0.001484,0.002291,41,229.28,505,93,5.72
NVDA,2026-10-10,2026-11-20,410.0,C,0.0,0.02,0.01,53.1255,0.000817,6.9e-05,-0.001412,0.00215,41,229.28,1,1274,5.72
NVDA,2026-10-10,2026-11-20,415.0,C,0.0,0.02,0.01,54.688,0.000902,7.3e-05,-0.001592,0.002354,41,229.28,20,20,5.72
NVDA,2026-10-10,2026-11-20,420.0,C,0.0,0.02,0.01,55.4692,0.000849,6.8e-05,-0.001527,0.002226,41,229.28,2,607,5.72
NVDA,2026-10-10,2026-11-20,425.0,C,0.0,0.02,0.01,56.2504,0.000802,6.4e-05,-0.001469,0.002113,41,229.28,1,25,5.72
NVDA,2026-10-10,2026-11-20,430.0,C,0.0,0.02,0.01,57.0317,0.000761,6e-05,-0.001418,0.002013,41,229.28,28,398,5.72
NVDA,2026-10-10,2026-11-20,440.0,C,0.0,0.02,0.01,59.3754,0.000808,6.1e-05,-0.001559,0.002126,41,229.28,1,846,5.72
NVDA,2026-10-10,2026-11-20,450.0,C,0.0,0.02,0.01,60.9379,0.000744,5.5e-05,-0.001482,0.00197,41,229.28,3,533,5.72
NVDA,2026-10-10,2026-11-20,455.0,C,0.0,0.01,0.005,59.3754,0.000448,3.5e-05,-0.000903,0.001232,41,229.28,22,3350,5.72
NVDA,2026-10-10,2026-11-20,460.0,C,0.0,0.01,0.005,59.3754,0.000367,2.9e-05,-0.000751,0.001025,41,229.28,210,6893,5.72
NVDA,2026-10-10,2026-11-20,10.0,P,0.0,0.01,0.005,275.0003,-5.6e-05,1e-06,-0.000586,0.000175,41,229.28,0,10,5.72
NVDA,2026-10-10,2026-11-20,45.0,P,0.0,0.03,0.015,156.2502,-0.000363,1.1e-05,-0.001921,0.001014,41,229.28,1,11,5.72
NVDA,2026-10-10,2026-11-20,50.0,P,0.0,0.02,0.01,140.6253,-0.000254,9e-06,-0.001241,0.000728,41,229.28,211,4237,5.72
NVDA,2026-10-10,2026-11-20,55.0,P,0.0,0.03,0.015,137.5003,-0.000422,1.4e-05,-0.001943,0.001166,41,229.28,1,379,5.72
NVDA,2026-10-10,2026-11-20,60.0,P,0.0,0.03,0.015,128.1254,-0.000408,1.5e-05,-0.001756,0.001131,41,229.28,3,300,5.72
NVDA,2026-10-10,2026-11-20,65.0,P,0.0,0.03,0.015,121.8754,-0.000481,1.8e-05,-0.001944,0.001317,41,229.28,1,138,5.72
NVDA,2026-10-10,2026-11-20,70.0,P,0.01,0.03,0.02,117.1879,-0.000622,2.4e-05,-0.002369,0.00167,41,229.28,7,363,5.72
NVDA,2026-10-10,2026-11-20,75.0,P,0.01,0.03,0.02,110.9379,-0.000679,2.8e-05,-0.002431,0.001811,41,229.28,25,423,5.72
NVDA,2026-10-10,2026-11-20,80.0,P,0.01,0.04,0.025,106.2505,-0.000823,3.4e-05,-0.00278,0.002163,41,229.28,45,1311,5.72
NVDA,2026-10-10,2026-11-20,85.0,P,0.02,0.04,0.03,102.3442,-0.001043,4.5e-05,-0.003328,0.00269,41,229.28,10,709,5.72
NVDA,2026-10-10,2026-11-20,90.0,P,0.02,0.04,0.03,96.875,-0.00112,5e-05,-0.003359,0.00287,41,229.28,2,444,5.72
NVDA,2026-10-10,2026-11-20,95.0,P,0.02,0.04,0.03,91.4063,-0.001167,5.5e-05,-0.003291,0.002981,41,229.28,2,785,5.72
NVDA,2026-10-10,2026-11-20,100.0,P,0.03,0.04,0.035,87.5001,-0.001387,6.8e-05,-0.003688,0.003492,41,229.28,15,8791,5.72
NVDA,2026-10-10,2026-11-20,105.0,P,0.03,0.05,0.04,83.9845,-0.001687,8.4e-05,-0.004227,0.004173,41,229.28,5,481,5.72
NVDA,2026-10-10,2026-11-20,110.0,P,0.04,0.07,0.055,81.6408,-0.002272,0.000113,-0.005383,0.00547,41,229.28,25,3770,5.72
NVDA,2026-10-10,2026-11-20,115.0,P,0.04,0.06,0.05,76.3674,-0.002244,0.00012,-0.004975,0.005408,41,229.28,38,6808,5.72
NVDA,2026-10-10,2026-11-20,120.0,P,0.06,0.08,0.07,74.6096,-0.003143,0.000166,-0.006585,0.007332,41,229.28,33,5372,5.72
NVDA,2026-10-10,2026-11-20,125.0,P,0.07,0.08,0.075,70.8987,-0.003563,0.000196,-0.006997,0.008206,41,229.28,2,6750,5.72
NVDA,2026-10-10,2026-11-20,130.0,P,0.08,0.1,0.09,67.9691,-0.004336,0.000244,-0.007992,0.009785,41,229.28,1,6911,5.72
NVDA,2026-10-10,2026-11-20,135.0,P,0.1,0.12,0.11,65.43,-0.005452,0.000311,-0.009426,0.012,41,229.28,465,9811,5.72
NVDA,2026-10-10,2026-11-20,140.0,P,0.12,0.15,0.135,62.891,-0.006806,0.000393,-0.011017,0.014607,41,229.28,503,9488,5.72
NVDA,2026-10-10,2026-11-20,145.0,P,0.15,0.18,0.165,60.4496,-0.008529,0.000499,-0.012903,0.017819,41,229.28,159,11204,5.72
NVDA,2026-10-10,2026-11-20,150.0,P,0.19,0.2,0.195,57.7641,-0.010388,0.000621,-0.014631,0.021172,41,229.28,90,21373,5.72
NVDA,2026-10-10,2026-11-20,155.0,P,0.23,0.25,0.24,55.4204,-0.013032,0.000788,-0.017068,0.025779,41,229.28,42,9816,5.72
NVDA,2026-10-10,2026-11-20,160.0,P,0.28,0.3,0.29,52.979,-0.016152,0.000991,-0.019596,0.03101,41,229.28,42,21556,5.72
NVDA,2026-10-10,2026-11-20,165.0,P,0.34,0.36,0.35,50.5376,-0.019989,0.001246,-0.022377,0.037189,41,229.28,56,11279,5.72
NVDA,2026-10-10,2026-11-20,170.0,P,0.42,0.44,0.43,48.4868,-0.025581,0.001599,-0.026378,0.045784,41,229.28,645,24133,5.72
NVDA,2026-10-10,2026-11-20,175.0,P,0.53,0.56,0.545,46.5337,-0.032926,0.002055,-0.031152,0.056469,41,229.28,151,19058,5.72
NVDA,2026-10-10,2026-11-20,180.0,P,0.68,0.7,0.69,44.4341,-0.041817,0.002616,-0.036066,0.06865,41,229.28,3217,32401,5.72
NVDA,2026-10-10,2026-11-20,185.0,P,0.88,0.91,0.895,42.7008,-0.054487,0.003365,-0.042708,0.084852,41,229.28,176,13356,5.72
NVDA,2026-10-10,2026-11-20,190.0,P,1.16,1.19,1.175,41.065,-0.071146,0.004308,-0.050389,0.104473,41,229.28,3392,29192,5.72
NVDA,2026-10-10,2026-11-20,195.0,P,1.54,1.58,1.56,39.649,-0.093516,0.005483,-0.059536,0.128381,41,229.28,405,21051,5.72
NVDA,2026-10-10,2026-11-20,200.0,P,2.06,2.1,2.08,38.3307,-0.12237,0.006885,-0.069523,0.155849,41,229.28,3512,52101,5.72
NVDA,2026-10-10,2026-11-20,205.0,P,2.76,2.81,2.785,37.2016,-0.159469,0.008493,-0.080294,0.186565,41,229.28,8513,13181,5.72
NVDA,2026-10-10,2026-11-20,210.0,P,3.7,3.75,3.725,36.2189,-0.205587,0.010226,-0.090982,0.218706,41,229.28,1208,28426,5.72
NVDA,2026-10-10,2026-11-20,215.0,P,4.9,5.0,4.95,35.4682,-0.261498,0.011936,-0.100958,0.249994,41,229.28,2781,29329,5.72
NVDA,2026-10-10,2026-11-20,220.0,P,6.4,6.55,6.475,34.7236,-0.325502,0.013497,-0.108223,0.276749,41,229.28,1624,21215,5.72
NVDA,2026-10-10,2026-11-20,225.0,P,8.3,8.45,8.375,34.0217,-0.396569,0.014744,-0.111913,0.296203,41,229.28,1701,15980,5.72
NVDA,2026-10-10,2026-11-20,230.0,P,10.55,10.7,10.625,33.2831,-0.472685,0.015562,-0.110979,0.305846,41,229.28,2297,12996,5.72
NVDA,2026-10-10,2026-11-20,235.0,P,13.15,13.35,13.25,32.6118,-0.551363,0.015787,-0.10546,0.30402,41,229.28,681,7163,5.72
NVDA,2026-10-10,2026-11-20,240.0,P,16.15,16.35,16.25,31.8244,-0.63019,0.015437,-0.094802,0.290092,41,229.28,1095,7550,5.72
NVDA,2026-10-10,2026-11-20,245.0,P,19.55,19.8,19.675,31.33,-0.703895,0.014356,-0.081441,0.265595,41,229.28,43,2477,5.72
NVDA,2026-10-10,2026-11-20,250.0,P,23.2,23.6,23.4,30.9028,-0.770212,0.01278,-0.06575,0.233216,41,229.28,13,2416,5.72
NVDA,2026-10-10,2026-11-20,255.0,P,26.8,27.7,27.25,30.5427,-0.827141,0.010897,-0.049166,0.196541,41,229.28,14,387,5.72
NVDA,2026-10-10,2026-11-20,260.0,P,31.4,31.95,31.675,29.5905,-0.879463,0.008825,-0.029806,0.154204,41,229.28,56,1486,5.72
NVDA,2026-10-10,2026-11-20,265.0,P,35.6,36.65,36.125,30.4817,-0.906841,0.007112,-0.020533,0.12802,41,229.28,6,842,5.72
NVDA,2026-10-10,2026-11-20,270.0,P,40.35,41.3,40.825,30.0422,-0.936745,0.005377,-0.00662,0.095395,41,229.28,2,636,5.72
NVDA,2026-10-10,2026-11-20,275.0,P,45.15,46.05,45.6,29.3464,-0.960212,0.003805,0.005856,0.065934,41,229.28,4,138,5.72
NVDA,2026-10-10,2026-11-20,280.0,P,50.1,51.4,50.75,36.2799,-0.93886,0.004336,-0.011601,0.092897,41,229.28,6,47,5.72
NVDA,2026-10-10,2026-11-20,285.0,P,55.0,56.35,55.675,38.1598,-0.945355,0.003774,-0.009364,0.085046,41,229.28,4,95,5.72
NVDA,2026-10-10,2026-11-20,290.0,P,60.05,61.1,60.575,36.9879,-0.963786,0.002796,0.003665,0.061061,41,229.28,1,6,5.72
NVDA,2026-10-10,2026-11-20,295.0,P,63.05,67.95,65.5,56.7875,-0.885918,0.004423,-0.072726,0.148308,41,229.28,9,0,5.72
NVDA,2026-10-10,2026-11-20,300.0,P,68.3,72.7,70.5,57.6664,-0.898095,0.004015,-0.065337,0.136729,41,229.28,6,0,5.72
NVDA,2026-10-10,2026-11-20,310.0,P,78.3,82.7,80.5,62.6469,-0.904883,0.003514,-0.067222,0.129999,41,229.28,1,0,5.72
NVDA,2026-10-10,2026-11-20,320.0,P,110.25,112.75,111.5,149.75,-0.656971,0.003195,-0.486989,0.282516,41,229.28,1,0,5.72
NVDA,2026-10-10,2026-11-20,330.0,P,98.3,102.7,100.5,71.8753,-0.915014,0.002817,-0.070234,0.119562,41,229.28,25,0,5.72
NVDA,2026-10-10,2026-11-20,340.0,P,108.3,112.7,110.5,76.1599,-0.918957,0.002565,-0.071378,0.115365,41,229.28,1,1,5.72
NVDA,2026-10-10,2026-11-20,345.0,P,113.05,117.9,115.475,79.9196,-0.915359,0.002526,-0.079919,0.119197,41,229.28,1,0,5.72
NVDA,2026-10-10,2026-11-20,350.0,P,135.4,139.75,137.575,152.9543,-0.712234,0.002902,-0.45563,0.262086,41,229.28,1,0,5.72
NVDA,2026-10-10,2026-11-20,360.0,P,126.65,134.75,130.7,99.4507,-0.879648,0.002623,-0.149613,0.154037,41,229.28,1,0,5.72
NVDA,2026-10-10,2026-11-20,390.0,P,158.3,162.7,160.5,95.0684,-0.932353,0.00179,-0.074866,0.100492,41,229.28,2,0,5.72
NVDA,2026-10-10,2026-11-20,400.0,P,168.3,172.7,170.5,98.4375,-0.934232,0.001692,-0.07524,0.098326,41,229.28,4,0,5.72
NVDA,2026-10-10,2026-11-20,460.0,P,228.3,232.7,230.5,116.4921,-0.942544,0.001286,-0.076051,0.088479,41,229.28,1,0,5.72
NVDA,2026-10-10,2026-12-18,2.5,C,201.95,209.95,205.95,0.001,1.0,0.0,-0.000276,0.0,69,229.28,3,9,5.72
NVDA,2026-10-10,2026-12-18,6.0,C,203.2,209.9,206.55,0.001,1.0,0.0,-0.000662,0.0,69,229.28,1,1001,5.72
NVDA,2026-10-10,2026-12-18,7.0,C,202.25,208.9,205.575,0.001,1.0,0.0,-0.000772,0.0,69,229.28,1,256,5.72
NVDA,2026-10-10,2026-12-18,10.0,C,216.8,223.45,220.125,393.1641,0.996444,2.7e-05,-0.031198,0.010626,69,229.28,5,34,5.72
NVDA,2026-10-10,2026-12-18,12.0,C,215.8,221.4,218.6,400.3911,0.994907,3.7e-05,-0.043571,0.014654,69,229.28,1,143,5.72
NVDA,2026-10-10,2026-12-18,13.0,C,192.95,198.8,195.875,0.001,1.0,0.0,-0.001434,0.0,69,229.28,2,661,5.72
NVDA,2026-10-10,2026-12-18,14.0,C,212.4,221.0,216.7,381.25,0.994134,4.4e-05,-0.047141,0.016613,69,229.28,2,49,5.72
NVDA,2026-10-10,2026-12-18,15.0,C,211.8,218.45,215.125,333.7892,0.995471,4e-05,-0.03337,0.013196,69,229.28,1,362,5.72
NVDA,2026-10-10,2026-12-18,16.0,C,210.85,217.4,214.125,324.9025,0.99529,4.2e-05,-0.033734,0.013667,69,229.28,2,135,5.72
NVDA,2026-10-10,2026-12-18,17.0,C,209.8,216.45,213.125,316.6018,0.995115,4.5e-05,-0.034052,0.014118,69,229.28,9,216,5.72
NVDA,2026-10-10,2026-12-18,18.0,C,186.55,194.55,190.55,0.001,1.0,0.0,-0.001985,0.0,69,229.28,1,264,5.72
NVDA,2026-10-10,2026-12-18,19.0,C,207.8,214.5,211.15,303.1252,0.994683,5.1e-05,-0.035315,0.015226,69,229.28,1,172,5.72
NVDA,2026-10-10,2026-12-18,20.0,C,206.85,213.45,210.15,296.2893,0.994513,5.3e-05,-0.035592,0.015657,69,229.28,1,12978,5.72
NVDA,2026-10-10,2026-12-18,21.0,C,205.8,212.45,209.125,288.2815,0.994457,5.5e-05,-0.035093,0.0158,69,229.28,1,3788,5.72
NVDA,2026-10-10,2026-12-18,22.0,C,182.6,190.6,186.6,0.001,1.0,0.0,-0.002427,0.0,69,229.28,10,3697,5.72
NVDA,2026-10-10,2026-12-18,23.0,C,203.85,210.45,207.15,277.8323,0.99403,6.1e-05,-0.03627,0.016876,69,229.28,2,325,5.72
NVDA,2026-10-10,2026-12-18,24.0,C,202.85,209.5,206.175,273.7308,0.993752,6.5e-05,-0.037243,0.017569,69,229.28,1,653,5.72
NVDA,2026-10-10,2026-12-18,25.0,C,201.85,208.5,205.175,268.4574,0.993591,6.7e-05,-0.037459,0.01797,69,229.28,14,1251,5.72
NVDA,2026-10-10,2026-12-18,26.0,C,200.85,207.55,204.2,264.6488,0.993316,7.1e-05,-0.038366,0.018649,69,229.28,10,662,5.72
NVDA,2026-10-10,2026-12-18,27.0,C,199.85,206.55,203.2,259.766,0.993158,7.4e-05,-0.038544,0.019038,69,229.28,20,1017,5.72
NVDA,2026-10-10,2026-12-18,28.0,C,198.85,205.55,202.2,255.1761,0.992993,7.7e-05,-0.038767,0.019443,69,229.28,2,532,5.72
NVDA,2026-10-10,2026-12-18,29.0,C,197.85,204.55,201.2,250.684,0.992838,8e-05,-0.038929,0.019823,69,229.28,5,560,5.72
NVDA,2026-10-10,2026-12-18,30.0,C,196.85,203.5,200.175,245.2152,0.992814,8.2e-05,-0.038361,0.019882,69,229.28,3,1855,5.72
NVDA,2026-10-10,2026-12-18,31.0,C,173.75,181.7,177.725,0.001,1.0,0.0,-0.003419,0.0,69,229.28,2,979,5.72
NVDA,2026-10-10,2026-12-18,32.0,C,194.9,201.55,198.225,239.3559,0.992238,8.9e-05,-0.040139,0.021278,69,229.28,4,2460,5.72
NVDA,2026-10-10,2026-12-18,33.0,C,171.75,179.75,175.75,0.001,1.0,0.0,-0.00364,0.0,69,229.28,1,342,5.72
NVDA,2026-10-10,2026-12-18,34.0,C,192.9,199.55,196.225,231.8364,0.991915,9.6e-05,-0.040499,0.022056,69,229.28,1,360,5.72
NVDA,2026-10-10,2026-12-18,35.0,C,192.0,198.55,195.275,230.2739,0.991474,0.000101,-0.042098,0.023108,69,229.28,5,2221,5.72
NVDA,2026-10-10,2026-12-18,36.0,C,190.9,197.6,194.25,225.7329,0.991459,0.000103,-0.041509,0.023144,69,229.28,3,265,5.72
NVDA,2026-10-10,2026-12-18,37.0,C,189.95,196.6,193.275,223.3403,0.99115,0.000108,-0.042396,0.023877,69,229.28,20,336,5.72
NVDA,2026-10-10,2026-12-18,38.0,C,188.9,195.6,192.25,219.0434,0.991141,0.00011,-0.041795,0.023897,69,229.28,40,948,5.72
NVDA,2026-10-10,2026-12-18,39.0,C,187.95,194.6,191.275,216.7973,0.99083,0.000114,-0.042661,0.024632,69,229.28,5,1272,5.72
NVDA,2026-10-10,2026-12-18,40.0,C,186.95,193.65,190.3,214.6489,0.990506,0.000119,-0.043558,0.025391,69,229.28,2,1763,5.72
NVDA,2026-10-10,2026-12-18,41.0,C,185.95,192.6,189.275,210.645,0.990507,0.000121,-0.042929,0.025388,69,229.28,5,875,5.72
NVDA,2026-10-10,2026-12-18,42.0,C,184.6,193.7,189.15,234.3754,0.985468,0.000158,-0.06646,0.036738,69,229.28,2,1155,5.72
NVDA,2026-10-10,2026-12-18,43.0,C,183.95,190.65,187.3,205.7134,0.99002,0.00013,-0.043919,0.026522,69,229.28,2,796,5.72
NVDA,2026-10-10,2026-12-18,44.0,C,185.2,189.6,187.4,234.0824,0.983756,0.000174,-0.072784,0.040423,69,229.28,1,647,5.72
NVDA,2026-10-10,2026-12-18,45.0,C,181.95,188.6,185.275,199.2676,0.989868,0.000136,-0.043408,0.026875,69,229.28,1,591,5.72
NVDA,2026-10-10,2026-12-18,46.0,C,180.95,185.25,183.1,224.2192,0.983943,0.00018,-0.069487,0.040024,69,229.28,1,908,5.72
NVDA,2026-10-10,2026-12-18,47.0,C,179.95,186.65,183.3,194.8242,0.989375,0.000145,-0.044354,0.028012,69,229.28,4,303,5.72
NVDA,2026-10-10,2026-12-18,48.0,C,179.0,185.65,182.325,193.1153,0.989028,0.00015,-0.045216,0.028805,69,229.28,1,542,5.72
NVDA,2026-10-10,2026-12-18,49.0,C,178.0,184.6,181.3,189.795,0.989044,0.000153,-0.044588,0.02877,69,229.28,1,2619,5.72
NVDA,2026-10-10,2026-12-18,50.0,C,177.1,183.65,180.375,189.7461,0.988328,0.000161,-0.046897,0.030396,69,229.28,10,6110,5.72
NVDA,2026-10-10,2026-12-18,51.0,C,176.05,182.65,179.35,186.5235,0.988348,0.000164,-0.046242,0.030352,69,229.28,1,1792,5.72
NVDA,2026-10-10,2026-12-18,52.0,C,175.05,181.65,178.35,184.1798,0.988175,0.000168,-0.046353,0.030743,69,229.28,1,1048,5.72
NVDA,2026-10-10,2026-12-18,53.0,C,174.05,180.65,177.35,181.8849,0.988002,0.000172,-0.046462,0.031132,69,229.28,3,1035,5.72
NVDA,2026-10-10,2026-12-18,54.0,C,173.0,179.7,176.35,179.6388,0.987828,0.000177,-0.04657,0.031523,69,229.28,5,549,5.72
NVDA,2026-10-10,2026-12-18,55.0,C,172.05,178.7,175.375,178.1251,0.98747,0.000183,-0.047357,0.032324,69,229.28,13,2441,5.72
NVDA,2026-10-10,2026-12-18,56.0,C,171.05,177.7,174.375,175.9767,0.987288,0.000187,-0.047478,0.032731,69,229.28,4,933,5.72
NVDA,2026-10-10,2026-12-18,57.0,C,170.05,176.7,173.375,173.8283,0.987116,0.000192,-0.047556,0.033113,69,229.28,10,732,5.72
NVDA,2026-10-10,2026-12-18,58.0,C,169.05,175.7,172.375,171.7287,0.986942,0.000196,-0.047639,0.0335,69,229.28,5,701,5.72
NVDA,2026-10-10,2026-12-18,59.0,C,168.05,174.65,171.35,168.9943,0.986967,0.000199,-0.047021,0.033445,69,229.28,1,7248,5.72
NVDA,2026-10-10,2026-12-18,60.0,C,167.1,173.7,170.4,168.3595,0.986374,0.000208,-0.048556,0.034755,69,229.28,1,3416,5.72
NVDA,2026-10-10,2026-12-18,61.0,C,166.1,172.7,169.4,166.3576,0.986197,0.000213,-0.048626,0.035143,69,229.28,10,563,5.72
NVDA,2026-10-10,2026-12-18,62.0,C,165.65,171.7,168.675,171.2892,0.983771,0.000237,-0.056416,0.040392,69,229.28,1,972,5.72
NVDA,2026-10-10,2026-12-18,63.0,C,164.05,170.7,167.375,161.8166,0.986053,0.000221,-0.048059,0.035459,69,229.28,100,2169,5.72
NVDA,2026-10-10,2026-12-18,64.0,C,163.1,169.75,166.425,161.2307,0.985436,0.00023,-0.049572,0.036806,69,229.28,1,1053,5.72
NVDA,2026-10-10,2026-12-18,65.0,C,162.2,168.75,165.475,160.6447,0.984805,0.000239,-0.051097,0.038174,69,229.28,1,2137,5.72
NVDA,2026-10-10,2026-12-18,66.0,C,161.2,167.75,164.475,158.7893,0.984615,0.000245,-0.05116,0.038583,69,229.28,1,854,5.72
NVDA,2026-10-10,2026-12-18,68.0,C,159.15,165.75,162.45,154.5901,0.98445,0.000253,-0.050603,0.038938,69,229.28,1,1109,5.72
NVDA,2026-10-10,2026-12-18,69.0,C,158.15,164.75,161.45,152.8323,0.984259,0.000259,-0.050666,0.039348,69,229.28,1,4982,5.72
NVDA,2026-10-10,2026-12-18,70.0,C,158.25,163.75,161.0,162.7932,0.979373,0.000306,-0.065465,0.049546,69,229.28,1,4010,5.72
NVDA,2026-10-10,2026-12-18,71.0,C,156.2,162.8,159.5,150.5862,0.983395,0.000275,-0.052231,0.041192,69,229.28,1,1510,5.72
NVDA,2026-10-10,2026-12-18,72.0,C,155.15,161.8,158.475,148.3401,0.983424,0.000279,-0.051607,0.041129,69,229.28,2,625,5.72
NVDA,2026-10-10,2026-12-18,73.0,C,154.2,160.8,157.5,147.2171,0.982999,0.000287,-0.05233,0.04203,69,229.28,40,760,5.72
NVDA,2026-10-10,2026-12-18,74.0,C,153.2,159.8,156.5,145.6057,0.982784,0.000294,-0.052424,0.042484,69,229.28,16,4184,5.72
NVDA,2026-10-10,2026-12-18,75.0,C,153.15,156.55,154.85,126.3676,0.989897,0.000213,-0.032505,0.026807,69,229.28,2,7197,5.72
NVDA,2026-10-10,2026-12-18,76.0,C,151.2,157.8,154.5,142.3831,0.98238,0.000306,-0.052518,0.043334,69,229.28,5,344,5.72
NVDA,2026-10-10,2026-12-18,77.0,C,150.25,156.85,153.55,141.8948,0.98167,0.000318,-0.053979,0.044819,69,229.28,3,1650,5.72
NVDA,2026-10-10,2026-12-18,78.0,C,149.15,155.85,152.5,139.2825,0.981956,0.000319,-0.05265,0.044221,69,229.28,2,508,5.72
NVDA,2026-10-10,2026-12-18,79.0,C,148.2,154.85,151.525,138.2816,0.981491,0.000329,-0.053398,0.045192,69,229.28,95,1442,5.72
NVDA,2026-10-10,2026-12-18,80.0,C,147.25,153.8,150.525,136.7679,0.981277,0.000336,-0.053447,0.045635,69,229.28,2,14163,5.72
NVDA,2026-10-10,2026-12-18,81.0,C,146.3,152.85,149.575,136.2796,0.98055,0.000348,-0.054857,0.047139,69,229.28,18,1937,5.72
NVDA,2026-10-10,2026-12-18,82.0,C,145.25,151.85,148.55,134.3265,0.980572,0.000353,-0.054259,0.047094,69,229.28,13,1857,5.72
NVDA,2026-10-10,2026-12-18,83.0,C,144.25,150.85,147.55,132.8617,0.980353,0.00036,-0.054297,0.047544,69,229.28,13,2725,5.72
NVDA,2026-10-10,2026-12-18,84.0,C,143.25,149.9,146.575,131.9095,0.979863,0.00037,-0.055024,0.048548,69,229.28,2,1789,5.72
NVDA,2026-10-10,2026-12-18,85.0,C,142.3,147.2,144.75,109.7661,0.990199,0.000239,-0.029844,0.026107,69,229.28,35,7268,5.72
NVDA,2026-10-10,2026-12-18,86.0,C,141.3,147.9,144.6,129.5414,0.979137,0.000389,-0.055778,0.050025,69,229.28,29,1848,5.72
NVDA,2026-10-10,2026-12-18,87.0,C,140.3,144.9,142.6,101.4653,0.992544,0.000204,-0.024474,0.020537,69,229.28,54,1881,5.72
NVDA,2026-10-10,2026-12-18,88.0,C,139.35,145.9,142.625,127.2465,0.978379,0.000408,-0.05656,0.051561,69,229.28,86,3961,5.72
NVDA,2026-10-10,2026-12-18,89.0,C,138.35,144.9,141.625,125.8793,0.978136,0.000416,-0.056598,0.052049,69,229.28,40,1258,5.72
NVDA,2026-10-10,2026-12-18,90.0,C,137.6,141.9,139.75,103.9067,0.989633,0.000266,-0.030261,0.027419,69,229.28,1,13662,5.72
NVDA,2026-10-10,2026-12-18,91.0,C,136.3,141.4,138.85,105.9087,0.987892,0.000298,-0.033754,0.031379,69,229.28,36,2421,5.72
NVDA,2026-10-10,2026-12-18,92.0,C,136.95,140.25,138.6,121.4359,0.977679,0.000439,-0.056051,0.052965,69,229.28,40,1445,5.72
NVDA,2026-10-10,2026-12-18,93.0,C,134.35,140.9,137.625,120.557,0.977152,0.000451,-0.056727,0.054017,69,229.28,90,3540,5.72
NVDA,2026-10-10,2026-12-18,94.0,C,133.35,139.95,136.65,119.7025,0.976604,0.000463,-0.057431,0.055106,69,229.28,66,1345,5.72
NVDA,2026-10-10,2026-12-18,95.0,C,132.35,138.95,135.65,118.4086,0.976355,0.000472,-0.057441,0.055599,69,229.28,1,1878,5.72
NVDA,2026-10-10,2026-12-18,96.0,C,131.35,138.0,134.675,117.5785,0.975786,0.000485,-0.058156,0.056722,69,229.28,26,703,5.72
NVDA,2026-10-10,2026-12-18,97.0,C,132.6,136.95,134.775,131.6898,0.964234,0.000599,-0.084353,0.07841,69,229.28,1,4108,5.72
NVDA,2026-10-10,2026-12-18,98.0,C,129.4,135.95,132.675,115.0639,0.975262,0.000505,-0.058189,0.057751,69,229.28,34,703,5.72
NVDA,2026-10-10,2026-12-18,99.0,C,129.25,134.95,132.1,120.2152,0.970134,0.000566,-0.06884,0.067578,69,229.28,52,1448,5.72
NVDA,2026-10-10,2026-12-18,100.0,C,129.0,132.3,130.65,112.2075,0.97503,0.000522,-0.057579,0.058204,69,229.28,11,16089,5.72
NVDA,2026-10-10,2026-12-18,101.0,C,126.6,131.75,129.175,102.4663,0.981244,0.000449,-0.044507,0.045703,69,229.28,10,12471,5.72
NVDA,2026-10-10,2026-12-18,102.0,C,125.4,132.0,128.7,110.6206,0.973839,0.000551,-0.05895,0.060519,69,229.28,16,1336,5.72
NVDA,2026-10-10,2026-12-18,103.0,C,125.5,130.45,127.975,113.477,0.970226,0.000598,-0.065855,0.067406,69,229.28,12,12156,5.72
NVDA,2026-10-10,2026-12-18,104.0,C,123.45,130.0,126.725,108.643,0.972949,0.000576,-0.05963,0.062235,69,229.28,8,451,5.72
NVDA,2026-10-10,2026-12-18,105.0,C,122.8,127.55,125.175,98.0957,0.980412,0.000486,-0.0447,0.047421,69,229.28,10,12116,5.72
NVDA,2026-10-10,2026-12-18,106.0,C,121.45,128.0,124.725,106.2993,0.972379,0.000599,-0.05962,0.063327,69,229.28,1,895,5.72
NVDA,2026-10-10,2026-12-18,107.0,C,120.45,127.05,123.75,105.5425,0.971736,0.000615,-0.060301,0.064552,69,229.28,18,974,5.72
NVDA,2026-10-10,2026-12-18,108.0,C,120.5,126.05,123.275,111.3774,0.965049,0.000695,-0.072914,0.076941,69,229.28,40,1238,5.72
NVDA,2026-10-10,2026-12-18,109.0,C,118.5,125.05,121.775,103.6382,0.97079,0.000644,-0.06095,0.066344,69,229.28,35,416,5.72
NVDA,2026-10-10,2026-12-18,110.0,C,119.5,122.55,121.025,105.8843,0.967278,0.000693,-0.067039,0.07288,69,229.28,1,14774,5.72
NVDA,2026-10-10,2026-12-18,111.0,C,116.85,123.05,119.95,103.7847,0.967858,0.000696,-0.065261,0.071813,69,229.28,26,656,5.72
NVDA,2026-10-10,2026-12-18,112.0,C,115.5,121.35,118.425,95.1172,0.974868,0.000619,-0.051932,0.05852,69,229.28,20,1347,5.72
NVDA,2026-10-10,2026-12-18,113.0,C,115.6,120.1,117.85,100.2202,0.968504,0.000709,-0.062786,0.070618,69,229.28,12,2155,5.72
NVDA,2026-10-10,2026-12-18,114.0,C,113.6,119.1,116.35,91.8214,0.975527,0.000627,-0.049922,0.057231,69,229.28,6,676,5.72
NVDA,2026-10-10,2026-12-18,115.0,C,112.85,118.1,115.475,92.7735,0.973278,0.000668,-0.053295,0.061602,69,229.28,10,1724,5.72
NVDA,2026-10-10,2026-12-18,116.0,C,112.4,117.1,114.75,95.6543,0.968886,0.000735,-0.060309,0.069909,69,229.28,24,953,5.72
NVDA,2026-10-10,2026-12-18,117.0,C,110.65,116.15,113.4,89.5997,0.973897,0.000678,-0.051348,0.060408,69,229.28,12,1900,5.72
NVDA,2026-10-10,2026-12-18,118.0,C,109.65,115.15,112.4,88.5987,0.973621,0.000692,-0.051356,0.060942,69,229.28,16,1836,5.72
NVDA,2026-10-10,2026-12-18,119.0,C,108.65,114.15,111.4,87.6222,0.973324,0.000706,-0.051391,0.061514,69,229.28,2,905,5.72
NVDA,2026-10-10,2026-12-18,120.0,C,107.8,113.15,110.475,87.7443,0.971802,0.000739,-0.053361,0.064426,69,229.28,54,7630,5.72
NVDA,2026-10-10,2026-12-18,121.0,C,106.7,112.2,109.45,86.4015,0.971911,0.000748,-0.05272,0.064221,69,229.28,35,874,5.72
NVDA,2026-10-10,2026-12-18,122.0,C,105.85,111.2,108.525,86.4992,0.970354,0.000781,-0.054674,0.067164,69,229.28,2,2728,5.72
NVDA,2026-10-10,2026-12-18,123.0,C,104.7,110.2,107.45,84.4728,0.971292,0.000779,-0.052747,0.065395,69,229.28,32,910,5.72
NVDA,2026-10-10,2026-12-18,124.0,C,104.4,108.85,106.625,85.9132,0.968045,0.000837,-0.05722,0.071468,69,229.28,16,849,5.72
NVDA,2026-10-10,2026-12-18,125.0,C,102.8,107.0,104.9,73.4378,0.981399,0.000622,-0.037402,0.045381,69,229.28,5,12338,5.72
NVDA,2026-10-10,2026-12-18,126.0,C,103.05,107.25,105.15,90.1612,0.959309,0.000972,-0.069581,0.087108,69,229.28,69,4396,5.72
NVDA,2026-10-10,2026-12-18,127.0,C,100.75,106.25,103.5,81.3723,0.969142,0.000859,-0.05404,0.069432,69,229.28,1,1694,5.72
NVDA,2026-10-10,2026-12-18,128.0,C,100.15,105.25,102.7,83.008,0.965378,0.000925,-0.059014,0.076345,69,229.28,12,1305,5.72
NVDA,2026-10-10,2026-12-18,129.0,C,98.8,104.3,101.55,80.176,0.967565,0.000908,-0.05531,0.072353,69,229.28,8,1203,5.72
NVDA,2026-10-10,2026-12-18,130.0,C,99.85,101.15,100.5,78.6135,0.968087,0.000914,-0.054071,0.071391,69,229.28,7,30562,5.72
NVDA,2026-10-10,2026-12-18,132.0,C,96.9,101.35,99.125,83.9357,0.956959,0.001093,-0.06872,0.091159,69,229.28,2,2371,5.72
NVDA,2026-10-10,2026-12-18,134.0,C,95.55,97.65,96.6,76.2209,0.964818,0.001021,-0.056478,0.077358,69,229.28,44,2017,5.72
NVDA,2026-10-10,2026-12-18,135.0,C,92.85,97.2,95.025,67.3587,0.976214,0.000835,-0.041485,0.055877,69,229.28,46,3133,5.72
NVDA,2026-10-10,2026-12-18,136.0,C,91.9,97.4,94.65,75.0247,0.963092,0.001079,-0.057661,0.080453,69,229.28,10,2090,5.72
NVDA,2026-10-10,2026-12-18,138.0,C,89.95,95.4,92.675,73.5354,0.961782,0.001133,-0.058215,0.082776,69,229.28,2,2760,5.72
NVDA,2026-10-10,2026-12-18,140.0,C,87.95,92.05,90.0,62.9398,0.975437,0.000918,-0.040928,0.057408,69,229.28,34,13076,5.72
NVDA,2026-10-10,2026-12-18,142.0,C,86.0,91.5,88.75,70.8255,0.958607,0.001255,-0.05979,0.088325,69,229.28,8,1271,5.72
NVDA,2026-10-10,2026-12-18,144.0,C,84.05,89.55,86.8,69.6048,0.956699,0.001324,-0.06083,0.091604,69,229.28,2,1249,5.72
NVDA,2026-10-10,2026-12-18,145.0,C,83.65,87.05,85.35,63.7699,0.965537,0.0012,-0.050155,0.076057,69,229.28,47,3197,5.72
NVDA,2026-10-10,2026-12-18,146.0,C,82.05,87.55,84.8,67.8958,0.955668,0.001384,-0.060754,0.09336,69,229.28,4,1912,5.72
NVDA,2026-10-10,2026-12-18,148.0,C,80.4,85.4,82.9,67.1634,0.952665,0.001474,-0.06285,0.09841,69,229.28,4,9101,5.72
NVDA,2026-10-10,2026-12-18,150.0,C,78.8,82.1,80.45,60.9135,0.961091,0.001388,-0.052513,0.083995,69,229.28,165,15432,5.72
NVDA,2026-10-10,2026-12-18,152.0,C,76.55,81.7,79.125,65.7718,0.946,0.001672,-0.067295,0.109298,69,229.28,1,957,5.72
NVDA,2026-10-10,2026-12-18,154.0,C,75.95,78.05,77.0,62.9887,0.947186,0.001716,-0.064484,0.10739,69,229.28,52,3690,5.72
NVDA,2026-10-10,2026-12-18,155.0,C,74.15,77.95,76.05,62.5858,0.945537,0.001769,-0.065435,0.110039,69,229.28,81,1059,5.72
NVDA,2026-10-10,2026-12-18,156.0,C,72.45,77.7,75.075,61.9633,0.94437,0.001817,-0.065852,0.111898,69,229.28,10,2282,5.72
NVDA,2026-10-10,2026-12-18,158.0,C,72.2,74.3,73.25,61.7069,0.939497,0.001949,-0.069135,0.11953,69,229.28,84,1186,5.72
NVDA,2026-10-10,2026-12-18,160.0,C,70.3,72.1,71.2,59.6562,0.938985,0.00203,-0.067914,0.120321,69,229.28,200,14413,5.72
NVDA,2026-10-10,2026-12-18,162.0,C,68.3,70.35,69.325,58.9482,0.9349,0.00216,-0.070061,0.12655,69,229.28,160,1244,5.72
NVDA,2026-10-10,2026-12-18,164.0,C,66.35,69.55,67.95,61.5604,0.921373,0.002391,-0.081066,0.146273,69,229.28,1,29947,5.72
NVDA,2026-10-10,2026-12-18,165.0,C,64.4,67.25,65.825,52.6494,0.943537,0.002164,-0.059801,0.113216,69,229.28,41,1796,5.72
NVDA,2026-10-10,2026-12-18,166.0,C,64.55,66.2,65.375,56.0185,0.930462,0.002392,-0.070385,0.133169,69,229.28,179,857,5.72
NVDA,2026-10-10,2026-12-18,167.0,C,63.3,66.5,64.9,58.6674,0.919268,0.00256,-0.079538,0.149227,69,229.28,19,600,5.72
NVDA,2026-10-10,2026-12-18,168.0,C,61.4,65.45,63.425,54.7246,0.927606,0.002526,-0.070937,0.13735,69,229.28,4,1197,5.72
NVDA,2026-10-10,2026-12-18,169.0,C,60.55,64.45,62.5,54.4194,0.92506,0.002608,-0.072122,0.141028,69,229.28,11,1222,5.72
NVDA,2026-10-10,2026-12-18,170.0,C,60.7,62.4,61.55,53.9311,0.923022,0.002686,-0.072813,0.143939,69,229.28,44,6832,5.72
NVDA,2026-10-10,2026-12-18,171.0,C,58.8,62.35,60.575,53.272,0.921485,0.00276,-0.073035,0.146115,69,229.28,5,1244,5.72
NVDA,2026-10-10,2026-12-18,172.0,C,57.9,61.3,59.6,52.625,0.919873,0.002837,-0.07328,0.148381,69,229.28,1,1619,5.72
NVDA,2026-10-10,2026-12-18,173.0,C,57.05,59.65,58.35,50.208,0.924285,0.002849,-0.06866,0.142139,69,229.28,4,397,5.72
NVDA,2026-10-10,2026-12-18,174.0,C,57.3,58.55,57.925,52.9546,0.910961,0.003052,-0.078283,0.160598,69,229.28,15,2159,5.72
NVDA,2026-10-10,2026-12-18,175.0,C,56.05,57.8,56.925,52.1245,0.90975,0.003132,-0.078009,0.162219,69,229.28,3,5332,5.72
NVDA,2026-10-10,2026-12-18,176.0,C,55.05,56.8,55.925,51.3066,0.908477,0.003215,-0.077755,0.163913,69,229.28,3,14647,5.72
NVDA,2026-10-10,2026-12-18,177.0,C,54.4,55.75,55.075,51.3188,0.904186,0.003325,-0.079853,0.169553,69,229.28,1,1598,5.72
NVDA,2026-10-10,2026-12-18,178.0,C,52.95,54.7,53.825,53.7968,0.891039,0.003482,-0.089087,0.186176,69,229.28,108,2231,5.72
NVDA,2026-10-10,2026-12-18,179.0,C,52.55,53.95,53.25,50.6108,0.897937,0.003531,-0.081968,0.177574,69,229.28,21,3012,5.72
NVDA,2026-10-10,2026-12-18,180.0,C,51.8,52.5,52.15,51.0747,0.891636,0.003654,-0.085401,0.185443,69,229.28,112,22874,5.72
NVDA,2026-10-10,2026-12-18,181.0,C,50.85,51.95,51.4,52.4419,0.88192,0.003783,-0.091506,0.197159,69,229.28,1,3729,5.72
NVDA,2026-10-10,2026-12-18,182.0,C,49.5,51.05,50.275,52.0513,0.878491,0.003889,-0.092477,0.201178,69,229.28,119,1930,5.72
NVDA,2026-10-10,2026-12-18,183.0,C,48.6,50.1,49.35,51.4165,0.875874,0.003997,-0.092719,0.204208,69,229.28,5,2543,5.72
NVDA,2026-10-10,2026-12-18,184.0,C,47.7,49.2,48.45,51.0015,0.872359,0.004108,-0.0936,0.208224,69,229.28,7,2632,5.72
NVDA,2026-10-10,2026-12-18,185.0,C,47.15,47.9,47.525,48.7615,0.87582,0.004215,-0.089053,0.20427,69,229.28,80,4690,5.72
NVDA,2026-10-10,2026-12-18,186.0,C,45.85,47.4,46.625,50.147,0.865131,0.00434,-0.09526,0.216298,69,229.28,1,2260,5.72
NVDA,2026-10-10,2026-12-18,187.0,C,45.45,46.5,45.975,49.7075,0.861414,0.004461,-0.096038,0.220356,69,229.28,1,1782,5.72
NVDA,2026-10-10,2026-12-18,188.0,C,44.15,45.0,44.575,46.6558,0.86817,0.004593,-0.088991,0.212933,69,229.28,3,1980,5.72
NVDA,2026-10-10,2026-12-18,189.0,C,43.2,44.7,43.95,48.792,0.853811,0.004712,-0.097449,0.228463,69,229.28,15,5084,5.72
NVDA,2026-10-10,2026-12-18,190.0,C,42.4,43.8,43.1,48.3159,0.849921,0.004843,-0.09808,0.232514,69,229.28,11,11655,5.72
NVDA,2026-10-10,2026-12-18,191.0,C,41.75,42.95,42.35,48.0352,0.845135,0.004973,-0.099284,0.237408,69,229.28,1,1527,5.72
NVDA,2026-10-10,2026-12-18,192.0,C,40.55,42.05,41.3,47.5347,0.84111,0.005111,-0.099813,0.24145,69,229.28,1,968,5.72
NVDA,2026-10-10,2026-12-18,193.0,C,39.9,41.0,40.45,46.4483,0.839376,0.005268,-0.098563,0.243171,69,229.28,2,1551,5.72
NVDA,2026-10-10,2026-12-18,194.0,C,39.15,40.1,39.625,45.9417,0.835157,0.005417,-0.09904,0.247307,69,229.28,33,12748,5.72
NVDA,2026-10-10,2026-12-18,195.0,C,37.9,39.3,38.6,45.8013,0.829275,0.005557,-0.100602,0.252953,69,229.28,18,3910,5.72
NVDA,2026-10-10,2026-12-18,200.0,C,34.25,34.7,34.475,42.7008,0.807861,0.006419,-0.100897,0.272383,69,229.28,122,49001,5.72
NVDA,2026-10-10,2026-12-18,205.0,C,30.3,30.8,30.55,41.6815,0.773547,0.007244,-0.10681,0.300068,69,229.28,53,5812,5.72
NVDA,2026-10-10,2026-12-18,210.0,C,26.55,26.85,26.7,39.9908,0.737682,0.008174,-0.109839,0.324833,69,229.28,258,29310,5.72
NVDA,2026-10-10,2026-12-18,212.0,C,25.0,25.6,25.3,40.1373,0.719114,0.008426,-0.113126,0.336088,69,229.28,3,2280,5.72
NVDA,2026-10-10,2026-12-18,213.0,C,24.3,24.9,24.6,39.9512,0.710557,0.008587,-0.113936,0.340929,69,229.28,3,2650,5.72
NVDA,2026-10-10,2026-12-18,214.0,C,23.6,24.05,23.825,39.3195,0.703248,0.008827,-0.113414,0.344896,69,229.28,100,2365,5.72
NVDA,2026-10-10,2026-12-18,215.0,C,23.0,23.3,23.15,38.9532,0.694854,0.009022,-0.113602,0.349261,69,229.28,1259,13586,5.72
NVDA,2026-10-10,2026-12-18,216.0,C,22.2,22.85,22.525,39.3927,0.683951,0.009059,-0.116021,0.354632,69,229.28,4,2862,5.72
NVDA,2026-10-10,2026-12-18,217.0,C,21.65,22.2,21.925,39.2523,0.674658,0.009202,-0.116724,0.358947,69,229.28,16,3122,5.72
NVDA,2026-10-10,2026-12-18,218.0,C,21.0,21.5,21.25,38.9471,0.66563,0.009376,-0.116898,0.36291,69,229.28,4,2612,5.72
NVDA,2026-10-10,2026-12-18,219.0,C,20.25,20.9,20.575,38.8922,0.655856,0.009494,-0.117711,0.366949,69,229.28,12,1657,5.72
NVDA,2026-10-10,2026-12-18,220.0,C,19.75,19.95,19.85,37.8851,0.647934,0.009828,-0.115784,0.370032,69,229.28,443,59217,5.72
NVDA,2026-10-10,2026-12-18,221.0,C,19.0,19.5,19.25,38.172,0.637135,0.009858,-0.117418,0.373964,69,229.28,32,2343,5.72
NVDA,2026-10-10,2026-12-18,222.0,C,18.25,18.75,18.5,37.6502,0.627716,0.01008,-0.116715,0.377141,69,229.28,2,2835,5.72
NVDA,2026-10-10,2026-12-18,223.0,C,17.9,18.15,18.025,37.4945,0.617497,0.010207,-0.116961,0.380323,69,229.28,20,2079,5.72
NVDA,2026-10-10,2026-12-18,224.0,C,17.3,17.55,17.425,37.3145,0.607187,0.010335,-0.117064,0.383257,69,229.28,13,1656,5.72
NVDA,2026-10-10,2026-12-18,225.0,C,16.7,16.95,16.825,37.11,0.59677,0.010465,-0.117021,0.385941,69,229.28,91,20040,5.72
NVDA,2026-10-10,2026-12-18,226.0,C,16.1,16.55,16.325,37.3816,0.585937,0.010456,-0.118226,0.388436,69,229.28,47,3467,5.72
NVDA,2026-10-10,2026-12-18,227.0,C,15.65,16.15,15.9,37.6288,0.575254,0.010445,-0.119287,0.390602,69,229.28,13,1689,5.72
NVDA,2026-10-10,2026-12-18,228.0,C,15.1,15.35,15.225,36.8384,0.564709,0.01072,-0.117366,0.392456,69,229.28,135,17308,5.72
NVDA,2026-10-10,2026-12-18,230.0,C,14.1,14.3,14.2,36.5668,0.543007,0.01088,-0.116937,0.395386,69,229.28,2291,24832,5.72
NVDA,2026-10-10,2026-12-18,235.0,C,11.65,11.9,11.775,35.987,0.487939,0.011115,-0.114703,0.397517,69,229.28,913,14440,5.72
NVDA,2026-10-10,2026-12-18,240.0,C,9.65,9.8,9.725,35.4956,0.43281,0.011114,-0.110718,0.392045,69,229.28,2069,29579,5.72
NVDA,2026-10-10,2026-12-18,245.0,C,7.8,8.0,7.9,35.1081,0.379092,0.010871,-0.105211,0.379291,69,229.28,520,21117,5.72
NVDA,2026-10-10,2026-12-18,250.0,C,6.3,6.45,6.375,34.7297,0.327558,0.010429,-0.098168,0.359941,69,229.28,2302,51793,5.72
NVDA,2026-10-10,2026-12-18,255.0,C,5.0,5.15,5.075,34.4123,0.279434,0.009803,-0.090107,0.335245,69,229.28,528,13006,5.72
NVDA,2026-10-10,2026-12-18,260.0,C,4.0,4.15,4.075,34.394,0.237376,0.009012,-0.08233,0.308046,69,229.28,789,25800,5.72
NVDA,2026-10-10,2026-12-18,265.0,C,3.1,3.2,3.15,33.9362,0.196135,0.008179,-0.072444,0.27582,69,229.28,405,11157,5.72
NVDA,2026-10-10,2026-12-18,270.0,C,2.43,2.56,2.495,34.0461,0.163903,0.007282,-0.064658,0.246391,69,229.28,4093,30886,5.72
NVDA,2026-10-10,2026-12-18,275.0,C,1.93,2.02,1.975,34.0705,0.135317,0.006403,-0.056729,0.21679,69,229.28,1614,23492,5.72
NVDA,2026-10-10,2026-12-18,280.0,C,1.5,1.6,1.55,34.1803,0.111454,0.005571,-0.049515,0.189222,69,229.28,1056,36235,5.72
NVDA,2026-10-10,2026-12-18,285.0,C,1.2,1.28,1.24,34.4123,0.092104,0.004816,-0.043259,0.164683,69,229.28,511,7720,5.72
NVDA,2026-10-10,2026-12-18,290.0,C,0.94,0.99,0.965,34.4001,0.074269,0.004097,-0.036688,0.140064,69,229.28,952,15650,5.72
NVDA,2026-10-10,2026-12-18,295.0,C,0.75,0.81,0.78,34.8151,0.061948,0.003519,-0.032198,0.121755,69,229.28,214,5306,5.72
NVDA,2026-10-10,2026-12-18,300.0,C,0.61,0.64,0.625,34.9738,0.050348,0.002975,-0.027407,0.103385,69,229.28,1985,50576,5.72
NVDA,2026-10-10,2026-12-18,305.0,C,0.49,0.51,0.5,35.2057,0.041136,0.002512,-0.023406,0.087881,69,229.28,71,7156,5.72
NVDA,2026-10-10,2026-12-18,310.0,C,0.38,0.41,0.395,35.4743,0.033718,0.002119,-0.020013,0.074703,69,229.28,90,7465,5.72
NVDA,2026-10-10,2026-12-18,315.0,C,0.31,0.36,0.335,36.2311,0.029454,0.001855,-0.018247,0.066805,69,229.28,14,2168,5.72
NVDA,2026-10-10,2026-12-18,320.0,C,0.26,0.3,0.28,36.6706,0.024817,0.001589,-0.015983,0.057904,69,229.28,91,6266,5.72
NVDA,2026-10-10,2026-12-18,325.0,C,0.21,0.25,0.23,37.0612,0.020828,0.001356,-0.013917,0.049955,69,229.28,5,4120,5.72
NVDA,2026-10-10,2026-12-18,330.0,C,0.18,0.21,0.195,37.5006,0.017654,0.001165,-0.01222,0.043405,69,229.28,129,6153,5.72
NVDA,2026-10-10,2026-12-18,335.0,C,0.13,0.2,0.165,38.5748,0.016534,0.001071,-0.011869,0.041041,69,229.28,3,864,5.72
NVDA,2026-10-10,2026-12-18,340.0,C,0.11,0.16,0.135,38.6725,0.013429,0.000893,-0.009941,0.034321,69,229.28,43,3373,5.72
NVDA,2026-10-10,2026-12-18,345.0,C,0.08,0.16,0.12,39.8932,0.013048,0.000844,-0.009991,0.033478,69,229.28,45,2751,5.72
NVDA,2026-10-10,2026-12-18,350.0,C,0.08,0.11,0.095,39.2584,0.009442,0.000648,-0.007416,0.025269,69,229.28,19,4018,5.72
NVDA,2026-10-10,2026-12-18,355.0,C,0.09,0.12,0.105,40.8209,0.009871,0.000648,-0.008008,0.02627,69,229.28,3,2970,5.72
NVDA,2026-10-10,2026-12-18,360.0,C,0.07,0.11,0.09,41.5045,0.008957,0.000585,-0.007473,0.02413,69,229.28,1,3444,5.72
NVDA,2026-10-10,2026-12-18,365.0,C,0.04,0.1,0.07,42.0904,0.008036,0.000524,-0.006884,0.021939,69,229.28,2,488,5.72
NVDA,2026-10-10,2026-12-18,370.0,C,0.05,0.08,0.065,42.1881,0.006654,0.000443,-0.005838,0.018575,69,229.28,251,2745,5.72
NVDA,2026-10-10,2026-12-18,375.0,C,0.02,0.09,0.055,43.7506,0.007125,0.000454,-0.006426,0.019731,69,229.28,2,594,5.72
NVDA,2026-10-10,2026-12-18,380.0,C,0.03,0.08,0.055,44.1412,0.00627,0.000402,-0.005788,0.017625,69,229.28,13,1903,5.72
NVDA,2026-10-10,2026-12-18,385.0,C,0.01,0.08,0.045,45.1177,0.006123,0.000385,-0.005789,0.017258,69,229.28,17,1533,5.72
NVDA,2026-10-10,2026-12-18,390.0,C,0.01,0.08,0.045,46.0943,0.006001,0.00037,-0.005806,0.016953,69,229.28,1,4732,5.72
NVDA,2026-10-10,2026-12-18,400.0,C,0.01,0.06,0.035,46.6802,0.004624,0.00029,-0.004658,0.013444,69,229.28,140,6886,5.72
NVDA,2026-10-10,2026-12-18,410.0,C,0.03,0.04,0.035,46.4849,0.003103,0.000204,-0.003241,0.009402,69,229.28,67,3051,5.72
NVDA,2026-10-10,2026-12-18,420.0,C,0.01,0.06,0.035,50.1958,0.004278,0.000251,-0.004664,0.012543,69,229.28,2,4795,5.72
NVDA,2026-10-10,2026-12-18,430.0,C,0.01,0.06,0.035,51.856,0.004117,0.000235,-0.004652,0.012118,69,229.28,1,914,5.72
NVDA,2026-10-10,2026-12-18,440.0,C,0.0,0.06,0.03,50.1958,0.002239,0.00014,-0.0026,0.007001,69,229.28,2,579,5.72
NVDA,2026-10-10,2026-12-18,450.0,C,0.0,0.06,0.03,51.7583,0.002187,0.000133,-0.002624,0.006856,69,229.28,11,7754,5.72
NVDA,2026-10-10,2026-12-18,455.0,C,0.01,0.04,0.025,51.563,0.001803,0.000112,-0.002192,0.005752,69,229.28,85,3073,5.72
NVDA,2026-10-10,2026-12-18,460.0,C,0.01,0.03,0.02,51.563,0.001541,9.7e-05,-0.0019,0.004985,69,229.28,84,17513,5.72
NVDA,2026-10-10,2026-12-18,0.5,P,0.0,0.01,0.005,462.5004,-2.5e-05,0.0,-0.000355,0.000106,69,229.28,9,31542,5.72
NVDA,2026-10-10,2026-12-18,1.0,P,0.0,0.01,0.005,393.75,-2.7e-05,0.0,-0.000329,0.000116,69,229.28,1,5945,5.72
NVDA,2026-10-10,2026-12-18,2.5,P,0.0,0.01,0.005,325.0002,-4.6e-05,1e-06,-0.000447,0.000191,69,229.28,1,4768,5.72
NVDA,2026-10-10,2026-12-18,3.0,P,0.0,0.01,0.005,306.2502,-4.3e-05,1e-06,-0.000392,0.000177,69,229.28,1,1652,5.72
NVDA,2026-10-10,2026-12-18,3.5,P,0.0,0.03,0.015,325.0002,-0.000121,1e-06,-0.001103,0.00047,69,229.28,39,198,5.72
NVDA,2026-10-10,2026-12-18,4.5,P,0.0,0.03,0.015,303.1252,-0.000132,2e-06,-0.001124,0.000514,69,229.28,32,1079,5.72
NVDA,2026-10-10,2026-12-18,5.0,P,0.0,0.01,0.005,268.7503,-5.6e-05,1e-06,-0.00044,0.000227,69,229.28,1,2552,5.72
NVDA,2026-10-10,2026-12-18,6.0,P,0.0,0.11,0.055,315.6252,-0.000409,5e-06,-0.003349,0.001471,69,229.28,1,852,5.72
NVDA,2026-10-10,2026-12-18,7.0,P,0.0,0.04,0.02,271.8753,-0.000193,3e-06,-0.001435,0.000732,69,229.28,1,1077,5.72
NVDA,2026-10-10,2026-12-18,8.0,P,0.0,0.02,0.01,243.7504,-0.000106,2e-06,-0.000735,0.000418,69,229.28,20,891,5.72
NVDA,2026-10-10,2026-12-18,9.0,P,0.0,0.11,0.055,276.5628,-0.000483,6e-06,-0.003422,0.001716,69,229.28,1,1198,5.72
NVDA,2026-10-10,2026-12-18,10.0,P,0.0,0.01,0.005,218.7505,-7.9e-05,1e-06,-0.000501,0.000318,69,229.28,10,12618,5.72
NVDA,2026-10-10,2026-12-18,12.0,P,0.0,0.34,0.17,285.1565,-0.001326,1.5e-05,-0.008929,0.004346,69,229.28,3,215,5.72
NVDA,2026-10-10,2026-12-18,13.0,P,0.0,0.04,0.02,220.3129,-0.000248,4e-06,-0.001465,0.000923,69,229.28,2,13051,5.72
NVDA,2026-10-10,2026-12-18,15.0,P,0.0,2.16,1.08,349.8048,-0.005257,4.3e-05,-0.03796,0.015073,69,229.28,1,7670,5.72
NVDA,2026-10-10,2026-12-18,17.0,P,0.0,0.01,0.005,178.1251,-8.6e-05,2e-06,-0.00044,0.000343,69,229.28,4,2815,5.72
NVDA,2026-10-10,2026-12-18,21.0,P,0.0,0.13,0.065,203.9067,-0.000821,1.4e-05,-0.004112,0.002801,69,229.28,4,752,5.72
NVDA,2026-10-10,2026-12-18,22.0,P,0.0,0.12,0.06,198.4375,-0.000797,1.4e-05,-0.003892,0.002725,69,229.28,1,2262,5.72
NVDA,2026-10-10,2026-12-18,24.0,P,0.0,0.05,0.025,175.0001,-0.000394,8e-06,-0.001791,0.001422,69,229.28,11,804,5.72
NVDA,2026-10-10,2026-12-18,25.0,P,0.0,0.01,0.005,150.0002,-9.4e-05,2e-06,-0.0004,0.000371,69,229.28,1,30134,5.72
NVDA,2026-10-10,2026-12-18,26.0,P,0.0,0.01,0.005,150.0002,-0.000119,3e-06,-0.0005,0.000463,69,229.28,1,1235,5.72
NVDA,2026-10-10,2026-12-18,27.0,P,0.0,0.01,0.005,143.7503,-8.9e-05,2e-06,-0.000367,0.000355,69,229.28,10,1304,5.72
NVDA,2026-10-10,2026-12-18,29.0,P,0.0,0.01,0.005,140.6253,-0.000108,3e-06,-0.000428,0.000424,69,229.28,10,798,5.72
NVDA,2026-10-10,2026-12-18,30.0,P,0.0,0.01,0.005,137.5003,-0.000102,3e-06,-0.000398,0.000403,69,229.28,95,5493,5.72
NVDA,2026-10-10,2026-12-18,31.0,P,0.0,0.01,0.005,137.5003,-0.000127,4e-06,-0.000487,0.000493,69,229.28,250,1414,5.72
NVDA,2026-10-10,2026-12-18,32.0,P,0.0,0.01,0.005,134.3753,-0.000119,3e-06,-0.000447,0.000463,69,229.28,32,2313,5.72
NVDA,2026-10-10,2026-12-18,33.0,P,0.0,0.01,0.005,131.2503,-0.00011,3e-06,-0.000406,0.00043,69,229.28,10,2722,5.72
NVDA,2026-10-10,2026-12-18,34.0,P,0.0,0.01,0.005,131.2503,-0.000135,4e-06,-0.000492,0.000521,69,229.28,10,1923,5.72
NVDA,2026-10-10,2026-12-18,35.0,P,0.0,0.01,0.005,128.1254,-0.000123,4e-06,-0.000441,0.000479,69,229.28,10,7151,5.72
NVDA,2026-10-10,2026-12-18,36.0,P,0.0,0.02,0.01,132.8128,-0.000226,6e-06,-0.000807,0.000845,69,229.28,8,11213,5.72
NVDA,2026-10-10,2026-12-18,37.0,P,0.0,0.05,0.025,141.4065,-0.000507,1.3e-05,-0.001823,0.001794,69,229.28,6,1029,5.72
NVDA,2026-10-10,2026-12-18,38.0,P,0.0,0.02,0.01,128.1254,-0.000217,6e-06,-0.00075,0.000815,69,229.28,4,973,5.72
NVDA,2026-10-10,2026-12-18,39.0,P,0.0,0.05,0.025,137.5003,-0.000529,1.4e-05,-0.001843,0.001866,69,229.28,1,455,5.72
NVDA,2026-10-10,2026-12-18,40.0,P,0.0,0.01,0.005,118.7504,-0.000129,4e-06,-0.000427,0.0005,69,229.28,4,7279,5.72
NVDA,2026-10-10,2026-12-18,41.0,P,0.0,0.05,0.025,133.5941,-0.000543,1.4e-05,-0.001835,0.001913,69,229.28,14,1327,5.72
NVDA,2026-10-10,2026-12-18,42.0,P,0.0,0.05,0.025,131.2503,-0.000532,1.4e-05,-0.001769,0.001877,69,229.28,4,640,5.72
NVDA,2026-10-10,2026-12-18,43.0,P,0.0,0.05,0.025,129.6879,-0.00055,1.5e-05,-0.001801,0.001933,69,229.28,1,874,5.72
NVDA,2026-10-10,2026-12-18,44.0,P,0.0,0.05,0.025,128.1254,-0.000566,1.6e-05,-0.001827,0.001986,69,229.28,2,1576,5.72
NVDA,2026-10-10,2026-12-18,45.0,P,0.0,0.05,0.025,126.5629,-0.000581,1.6e-05,-0.001849,0.002035,69,229.28,1,12972,5.72
NVDA,2026-10-10,2026-12-18,46.0,P,0.0,0.05,0.025,124.2191,-0.00056,1.6e-05,-0.001755,0.001968,69,229.28,2,1885,5.72
NVDA,2026-10-10,2026-12-18,47.0,P,0.0,0.05,0.025,122.6566,-0.000572,1.6e-05,-0.001765,0.002005,69,229.28,12,2766,5.72
NVDA,2026-10-10,2026-12-18,48.0,P,0.0,0.05,0.025,121.0941,-0.000581,1.7e-05,-0.00177,0.002037,69,229.28,8,1603,5.72
NVDA,2026-10-10,2026-12-18,49.0,P,0.0,0.06,0.03,121.8754,-0.000708,2e-05,-0.002136,0.002442,69,229.28,13,1940,5.72
NVDA,2026-10-10,2026-12-18,50.0,P,0.0,0.03,0.015,112.5004,-0.000371,1.2e-05,-0.001084,0.001343,69,229.28,22,13315,5.72
NVDA,2026-10-10,2026-12-18,51.0,P,0.0,0.06,0.03,118.7504,-0.000726,2.1e-05,-0.002129,0.002499,69,229.28,4,2035,5.72
NVDA,2026-10-10,2026-12-18,52.0,P,0.0,0.06,0.03,117.1879,-0.000732,2.2e-05,-0.002117,0.002519,69,229.28,404,1121,5.72
NVDA,2026-10-10,2026-12-18,53.0,P,0.0,0.06,0.03,115.6254,-0.000736,2.2e-05,-0.002101,0.002533,69,229.28,1,745,5.72
NVDA,2026-10-10,2026-12-18,54.0,P,0.0,0.06,0.03,114.0629,-0.000739,2.2e-05,-0.002078,0.002541,69,229.28,32,1894,5.72
NVDA,2026-10-10,2026-12-18,55.0,P,0.0,0.06,0.03,112.5004,-0.000739,2.3e-05,-0.002051,0.002542,69,229.28,40,8430,5.72
NVDA,2026-10-10,2026-12-18,56.0,P,0.0,0.04,0.02,107.813,-0.000561,1.8e-05,-0.001524,0.001972,69,229.28,2,1934,5.72
NVDA,2026-10-10,2026-12-18,57.0,P,0.0,0.06,0.03,110.1567,-0.000784,2.5e-05,-0.00212,0.002685,69,229.28,7,5467,5.72
NVDA,2026-10-10,2026-12-18,58.0,P,0.0,0.06,0.03,108.5942,-0.00078,2.5e-05,-0.002078,0.00267,69,229.28,2,5132,5.72
NVDA,2026-10-10,2026-12-18,59.0,P,0.0,0.06,0.03,107.0317,-0.000773,2.5e-05,-0.002031,0.002648,69,229.28,1,419,5.72
NVDA,2026-10-10,2026-12-18,60.0,P,0.0,0.06,0.03,106.2505,-0.000818,2.6e-05,-0.002124,0.00279,69,229.28,31,13548,5.72
NVDA,2026-10-10,2026-12-18,61.0,P,0.0,0.06,0.03,104.688,-0.000807,2.6e-05,-0.002067,0.002756,69,229.28,3,1997,5.72
NVDA,2026-10-10,2026-12-18,62.0,P,0.0,0.06,0.03,103.5161,-0.000822,2.7e-05,-0.00208,0.002805,69,229.28,10,1230,5.72
NVDA,2026-10-10,2026-12-18,63.0,P,0.0,0.06,0.03,102.3442,-0.000837,2.8e-05,-0.002089,0.002849,69,229.28,2,686,5.72
NVDA,2026-10-10,2026-12-18,64.0,P,0.0,0.06,0.03,100.7817,-0.00082,2.8e-05,-0.002019,0.002797,69,229.28,110,1747,5.72
NVDA,2026-10-10,2026-12-18,65.0,P,0.0,0.07,0.035,101.1724,-0.000958,3.2e-05,-0.002338,0.003226,69,229.28,2,15687,5.72
NVDA,2026-10-10,2026-12-18,66.0,P,0.0,0.07,0.035,100.0005,-0.00097,3.3e-05,-0.002338,0.003265,69,229.28,8,474,5.72
NVDA,2026-10-10,2026-12-18,67.0,P,0.0,0.07,0.035,98.8281,-0.000981,3.4e-05,-0.002335,0.003299,69,229.28,6,1238,5.72
NVDA,2026-10-10,2026-12-18,68.0,P,0.0,0.07,0.035,97.6563,-0.000991,3.4e-05,-0.002327,0.003329,69,229.28,1,4391,5.72
NVDA,2026-10-10,2026-12-18,69.0,P,0.0,0.07,0.035,96.875,-0.001036,3.6e-05,-0.002404,0.003466,69,229.28,2,1547,5.72
NVDA,2026-10-10,2026-12-18,70.0,P,0.01,0.05,0.03,94.1407,-0.000898,3.3e-05,-0.002049,0.003041,69,229.28,4,9987,5.72
NVDA,2026-10-10,2026-12-18,71.0,P,0.0,0.07,0.035,94.5313,-0.001048,3.7e-05,-0.00237,0.003504,69,229.28,1,2706,5.72
NVDA,2026-10-10,2026-12-18,72.0,P,0.0,0.07,0.035,93.3594,-0.001051,3.8e-05,-0.002347,0.003514,69,229.28,3,14519,5.72
NVDA,2026-10-10,2026-12-18,73.0,P,0.0,0.07,0.035,92.1876,-0.001053,3.8e-05,-0.002321,0.003519,69,229.28,2,614,5.72
NVDA,2026-10-10,2026-12-18,74.0,P,0.0,0.07,0.035,91.4063,-0.001094,4e-05,-0.002382,0.003644,69,229.28,5,998,5.72
NVDA,2026-10-10,2026-12-18,75.0,P,0.02,0.07,0.045,92.1876,-0.001317,4.7e-05,-0.002848,0.00432,69,229.28,37,17849,5.72
NVDA,2026-10-10,2026-12-18,76.0,P,0.0,0.07,0.035,89.0626,-0.001089,4.1e-05,-0.00231,0.003628,69,229.28,9,2341,5.72
NVDA,2026-10-10,2026-12-18,77.0,P,0.0,0.07,0.035,88.2814,-0.001127,4.3e-05,-0.002363,0.003745,69,229.28,12,2007,5.72
NVDA,2026-10-10,2026-12-18,78.0,P,0.0,0.08,0.04,88.2814,-0.00126,4.7e-05,-0.002617,0.004147,69,229.28,2,2114,5.72
NVDA,2026-10-10,2026-12-18,79.0,P,0.02,0.08,0.05,89.0626,-0.001514,5.5e-05,-0.003122,0.004904,69,229.28,64,825,5.72
NVDA,2026-10-10,2026-12-18,80.0,P,0.03,0.07,0.05,88.2814,-0.001563,5.8e-05,-0.003186,0.005051,69,229.28,39,14372,5.72
NVDA,2026-10-10,2026-12-18,81.0,P,0.02,0.08,0.05,87.1095,-0.001554,5.8e-05,-0.003127,0.005024,69,229.28,1,1932,5.72
NVDA,2026-10-10,2026-12-18,82.0,P,0.01,0.08,0.045,85.1564,-0.001427,5.5e-05,-0.002828,0.004649,69,229.28,5,3429,5.72
NVDA,2026-10-10,2026-12-18,83.0,P,0.0,0.08,0.04,83.2033,-0.001303,5.2e-05,-0.002541,0.004276,69,229.28,1,1139,5.72
NVDA,2026-10-10,2026-12-18,84.0,P,0.0,0.08,0.04,82.4221,-0.001339,5.4e-05,-0.00258,0.004384,69,229.28,2,1192,5.72
NVDA,2026-10-10,2026-12-18,85.0,P,0.01,0.08,0.045,82.4221,-0.001491,5.9e-05,-0.002847,0.004838,69,229.28,6,8319,5.72
NVDA,2026-10-10,2026-12-18,86.0,P,0.01,0.08,0.045,81.6408,-0.00153,6.1e-05,-0.002887,0.004954,69,229.28,2,4125,5.72
NVDA,2026-10-10,2026-12-18,87.0,P,0.01,0.08,0.045,80.4689,-0.001506,6.1e-05,-0.002804,0.004882,69,229.28,12,772,5.72
NVDA,2026-10-10,2026-12-18,88.0,P,0.01,0.09,0.05,80.4689,-0.001674,6.7e-05,-0.003087,0.005375,69,229.28,4,1019,5.72
NVDA,2026-10-10,2026-12-18,89.0,P,0.01,0.09,0.05,79.6877,-0.001713,6.9e-05,-0.003122,0.005491,69,229.28,3,7726,5.72
NVDA,2026-10-10,2026-12-18,90.0,P,0.04,0.08,0.06,80.2736,-0.002015,8e-05,-0.003645,0.006364,69,229.28,30,19065,5.72
NVDA,2026-10-10,2026-12-18,91.0,P,0.01,0.09,0.05,77.7346,-0.001718,7.1e-05,-0.003052,0.005504,69,229.28,10,2089,5.72
NVDA,2026-10-10,2026-12-18,92.0,P,0.03,0.09,0.06,78.5158,-0.002065,8.3e-05,-0.003643,0.006506,69,229.28,2,2400,5.72
NVDA,2026-10-10,2026-12-18,93.0,P,0.01,0.09,0.05,76.1721,-0.001788,7.5e-05,-0.003101,0.005709,69,229.28,2,2467,5.72
NVDA,2026-10-10,2026-12-18,94.0,P,0.02,0.09,0.055,75.9768,-0.001941,8.1e-05,-0.003332,0.006151,69,229.28,9,1004,5.72
NVDA,2026-10-10,2026-12-18,95.0,P,0.01,0.07,0.04,72.6565,-0.001483,6.7e-05,-0.002493,0.004814,69,229.28,30,5831,5.72
NVDA,2026-10-10,2026-12-18,96.0,P,0.02,0.09,0.055,74.219,-0.00197,8.5e-05,-0.003297,0.006233,69,229.28,2,1993,5.72
NVDA,2026-10-10,2026-12-18,97.0,P,0.02,0.09,0.055,73.4378,-0.002002,8.7e-05,-0.003311,0.006327,69,229.28,26,1658,5.72
NVDA,2026-10-10,2026-12-18,98.0,P,0.02,0.1,0.06,73.4378,-0.002216,9.5e-05,-0.003629,0.006936,69,229.28,4,941,5.72
NVDA,2026-10-10,2026-12-18,99.0,P,0.02,0.1,0.06,72.4612,-0.002203,9.6e-05,-0.003561,0.0069,69,229.28,7,2663,5.72
NVDA,2026-10-10,2026-12-18,100.0,P,0.05,0.08,0.065,72.2659,-0.002383,0.000103,-0.003813,0.007409,69,229.28,11,30348,5.72
NVDA,2026-10-10,2026-12-18,101.0,P,0.03,0.1,0.065,71.4847,-0.002418,0.000106,-0.00382,0.007506,69,229.28,1,5314,5.72
NVDA,2026-10-10,2026-12-18,102.0,P,0.03,0.11,0.07,71.2893,-0.002612,0.000114,-0.004085,0.008049,69,229.28,3,927,5.72
NVDA,2026-10-10,2026-12-18,103.0,P,0.03,0.11,0.07,70.5081,-0.002647,0.000116,-0.004088,0.008146,69,229.28,2,1627,5.72
NVDA,2026-10-10,2026-12-18,104.0,P,0.05,0.11,0.08,70.7034,-0.002977,0.000129,-0.004557,0.009058,69,229.28,12,795,5.72
NVDA,2026-10-10,2026-12-18,105.0,P,0.05,0.1,0.075,69.3362,-0.002831,0.000126,-0.004269,0.008655,69,229.28,5,5735,5.72
NVDA,2026-10-10,2026-12-18,106.0,P,0.04,0.1,0.07,67.9691,-0.002682,0.000122,-0.003985,0.008243,69,229.28,5,895,5.72
NVDA,2026-10-10,2026-12-18,107.0,P,0.06,0.1,0.08,68.3597,-0.003085,0.000138,-0.004547,0.009354,69,229.28,2,1545,5.72
NVDA,2026-10-10,2026-12-18,108.0,P,0.04,0.12,0.08,67.5784,-0.003118,0.000141,-0.004537,0.009442,69,229.28,2,2556,5.72
NVDA,2026-10-10,2026-12-18,109.0,P,0.05,0.12,0.085,67.1878,-0.003286,0.000148,-0.004728,0.0099,69,229.28,4,632,5.72
NVDA,2026-10-10,2026-12-18,110.0,P,0.06,0.12,0.09,66.7972,-0.003461,0.000156,-0.004924,0.010374,69,229.28,2,18227,5.72
NVDA,2026-10-10,2026-12-18,111.0,P,0.05,0.13,0.09,66.016,-0.003493,0.000159,-0.004905,0.010457,69,229.28,2,818,5.72
NVDA,2026-10-10,2026-12-18,112.0,P,0.07,0.11,0.09,65.3324,-0.00356,0.000164,-0.004937,0.010638,69,229.28,6,3878,5.72
NVDA,2026-10-10,2026-12-18,113.0,P,0.06,0.13,0.095,65.0394,-0.003786,0.000174,-0.005192,0.011241,69,229.28,2,3272,5.72
NVDA,2026-10-10,2026-12-18,114.0,P,0.07,0.12,0.095,64.2582,-0.003814,0.000177,-0.005163,0.011316,69,229.28,2,2163,5.72
NVDA,2026-10-10,2026-12-18,115.0,P,0.08,0.12,0.1,63.8675,-0.004009,0.000186,-0.005365,0.011834,69,229.28,9,6494,5.72
NVDA,2026-10-10,2026-12-18,116.0,P,0.07,0.15,0.11,63.8675,-0.004395,0.000202,-0.005824,0.012848,69,229.28,1,4987,5.72
NVDA,2026-10-10,2026-12-18,117.0,P,0.08,0.13,0.105,62.6957,-0.004238,0.0002,-0.005533,0.012438,69,229.28,4,1810,5.72
NVDA,2026-10-10,2026-12-18,118.0,P,0.09,0.13,0.11,62.3051,-0.00445,0.00021,-0.005742,0.012992,69,229.28,4,1842,5.72
NVDA,2026-10-10,2026-12-18,119.0,P,0.09,0.16,0.125,62.598,-0.005028,0.000233,-0.006432,0.014488,69,229.28,3,1284,5.72
NVDA,2026-10-10,2026-12-18,120.0,P,0.09,0.16,0.125,61.9144,-0.005111,0.000239,-0.006453,0.0147,69,229.28,1,19446,5.72
NVDA,2026-10-10,2026-12-18,121.0,P,0.09,0.15,0.12,60.8402,-0.004976,0.000237,-0.00619,0.014354,69,229.28,3,892,5.72
NVDA,2026-10-10,2026-12-18,122.0,P,0.09,0.17,0.13,60.7426,-0.005386,0.000255,-0.006629,0.0154,69,229.28,2,1489,5.72
NVDA,2026-10-10,2026-12-18,123.0,P,0.1,0.17,0.135,60.2543,-0.005584,0.000266,-0.006788,0.015903,69,229.28,1,1440,5.72
NVDA,2026-10-10,2026-12-18,124.0,P,0.1,0.15,0.125,58.9848,-0.005312,0.000259,-0.006354,0.015211,69,229.28,8,7542,5.72
NVDA,2026-10-10,2026-12-18,125.0,P,0.12,0.18,0.15,59.5707,-0.006188,0.000294,-0.007347,0.017419,69,229.28,4,18849,5.72
NVDA,2026-10-10,2026-12-18,126.0,P,0.12,0.17,0.145,58.6918,-0.006146,0.000297,-0.007194,0.017315,69,229.28,5,2971,5.72
NVDA,2026-10-10,2026-12-18,127.0,P,0.12,0.2,0.16,58.6918,-0.006706,0.000321,-0.007768,0.018703,69,229.28,4,3370,5.72
NVDA,2026-10-10,2026-12-18,128.0,P,0.13,0.2,0.165,58.2035,-0.006941,0.000333,-0.00794,0.019283,69,229.28,4,1422,5.72
NVDA,2026-10-10,2026-12-18,129.0,P,0.13,0.21,0.17,57.7153,-0.007184,0.000347,-0.008113,0.019875,69,229.28,2,1632,5.72
NVDA,2026-10-10,2026-12-18,130.0,P,0.15,0.19,0.17,57.0317,-0.00728,0.000355,-0.008109,0.020109,69,229.28,48,14066,5.72
NVDA,2026-10-10,2026-12-18,132.0,P,0.15,0.23,0.19,56.4457,-0.008114,0.000394,-0.008825,0.022125,69,229.28,34,3173,5.72
NVDA,2026-10-10,2026-12-18,134.0,P,0.16,0.25,0.205,55.6645,-0.008848,0.000432,-0.009384,0.023871,69,229.28,2,3370,5.72
NVDA,2026-10-10,2026-12-18,135.0,P,0.19,0.22,0.205,54.9809,-0.008959,0.000442,-0.009367,0.024133,69,229.28,49,6920,5.72
NVDA,2026-10-10,2026-12-18,136.0,P,0.18,0.26,0.22,54.7856,-0.009541,0.000468,-0.009859,0.0255,69,229.28,2,1719,5.72
NVDA,2026-10-10,2026-12-18,138.0,P,0.2,0.28,0.24,54.102,-0.010486,0.000515,-0.010566,0.027691,69,229.28,36,3628,5.72
NVDA,2026-10-10,2026-12-18,140.0,P,0.23,0.28,0.255,53.1743,-0.011231,0.000556,-0.011016,0.029396,69,229.28,51,17986,5.72
NVDA,2026-10-10,2026-12-18,142.0,P,0.25,0.29,0.27,52.2466,-0.01202,0.000601,-0.011473,0.031182,69,229.28,10,2337,5.72
NVDA,2026-10-10,2026-12-18,144.0,P,0.25,0.33,0.29,51.4165,-0.012983,0.000652,-0.012061,0.033334,69,229.28,2,2293,5.72
NVDA,2026-10-10,2026-12-18,145.0,P,0.28,0.35,0.315,51.4165,-0.014055,0.000699,-0.012911,0.035696,69,229.28,12,7395,5.72
NVDA,2026-10-10,2026-12-18,146.0,P,0.28,0.36,0.32,50.8306,-0.014357,0.00072,-0.012994,0.036355,69,229.28,50,4655,5.72
NVDA,2026-10-10,2026-12-18,148.0,P,0.32,0.39,0.355,50.2935,-0.015929,0.000795,-0.014047,0.03975,69,229.28,2,4466,5.72
NVDA,2026-10-10,2026-12-18,150.0,P,0.36,0.38,0.37,49.4878,-0.017206,0.000863,-0.014752,0.042462,69,229.28,88,27344,5.72
NVDA,2026-10-10,2026-12-18,152.0,P,0.38,0.45,0.415,49.5122,-0.020048,0.000983,-0.016798,0.048366,69,229.28,3,2040,5.72
NVDA,2026-10-10,2026-12-18,154.0,P,0.41,0.45,0.43,48.145,-0.020547,0.001032,-0.016662,0.049385,69,229.28,3,1586,5.72
NVDA,2026-10-10,2026-12-18,155.0,P,0.43,0.46,0.445,47.6568,-0.021172,0.00107,-0.016908,0.050652,69,229.28,17,12683,5.72
NVDA,2026-10-10,2026-12-18,156.0,P,0.45,0.51,0.48,47.8033,-0.023098,0.001148,-0.018246,0.054515,69,229.28,9,1775,5.72
NVDA,2026-10-10,2026-12-18,158.0,P,0.49,0.52,0.505,46.6314,-0.024094,0.001219,-0.018422,0.056485,69,229.28,10,3728,5.72
NVDA,2026-10-10,2026-12-18,160.0,P,0.54,0.56,0.55,45.8746,-0.026073,0.001324,-0.019343,0.06035,69,229.28,27,43979,5.72
NVDA,2026-10-10,2026-12-18,162.0,P,0.58,0.65,0.615,45.7769,-0.029835,0.001484,-0.021574,0.06752,69,229.28,21,4089,5.72
NVDA,2026-10-10,2026-12-18,164.0,P,0.63,0.67,0.65,44.6783,-0.031334,0.001584,-0.021903,0.070319,69,229.28,3,9704,5.72
NVDA,2026-10-10,2026-12-18,165.0,P,0.66,0.73,0.695,44.7271,-0.033741,0.001682,-0.023295,0.074744,69,229.28,12,22082,5.72
NVDA,2026-10-10,2026-12-18,166.0,P,0.68,0.76,0.72,44.4097,-0.035238,0.001755,-0.023955,0.077458,69,229.28,2,2036,5.72
NVDA,2026-10-10,2026-12-18,167.0,P,0.69,0.79,0.74,44.0679,-0.036724,0.00183,-0.024574,0.080124,69,229.28,8,4218,5.72
NVDA,2026-10-10,2026-12-18,168.0,P,0.74,0.82,0.78,43.7017,-0.038196,0.001905,-0.025148,0.082737,69,229.28,4,2251,5.72
NVDA,2026-10-10,2026-12-18,169.0,P,0.76,0.87,0.815,43.543,-0.040368,0.002,-0.026194,0.086546,69,229.28,1,4133,5.72
NVDA,2026-10-10,2026-12-18,170.0,P,0.83,0.87,0.85,42.8473,-0.040923,0.002055,-0.026044,0.08751,69,229.28,47,18378,5.72
NVDA,2026-10-10,2026-12-18,171.0,P,0.87,0.91,0.89,42.5543,-0.0428,0.002146,-0.026804,0.090747,69,229.28,3,3448,5.72
NVDA,2026-10-10,2026-12-18,172.0,P,0.9,0.98,0.94,42.5543,-0.045747,0.002264,-0.028265,0.095752,69,229.28,5,2252,5.72
NVDA,2026-10-10,2026-12-18,173.0,P,0.92,1.03,0.975,42.3101,-0.047984,0.002366,-0.02918,0.099488,69,229.28,141,3175,5.72
NVDA,2026-10-10,2026-12-18,174.0,P,1.0,1.05,1.025,41.7975,-0.04935,0.00245,-0.029457,0.101747,69,229.28,8,3319,5.72
NVDA,2026-10-10,2026-12-18,175.0,P,1.02,1.09,1.055,41.4435,-0.051346,0.00255,-0.030122,0.105012,69,229.28,155,14303,5.72
NVDA,2026-10-10,2026-12-18,176.0,P,1.09,1.17,1.13,41.4068,-0.054625,0.00268,-0.031588,0.110297,69,229.28,3,2571,5.72
NVDA,2026-10-10,2026-12-18,177.0,P,1.15,1.23,1.19,41.1871,-0.057338,0.0028,-0.032621,0.114595,69,229.28,6,2117,5.72
NVDA,2026-10-10,2026-12-18,178.0,P,1.21,1.27,1.24,40.7965,-0.059479,0.002909,-0.033227,0.117943,69,229.28,69,4115,5.72
NVDA,2026-10-10,2026-12-18,179.0,P,1.27,1.35,1.31,40.6744,-0.062807,0.003045,-0.034541,0.12307,69,229.28,3,3278,5.72
NVDA,2026-10-10,2026-12-18,180.0,P,1.34,1.38,1.36,40.1861,-0.064732,0.003155,-0.034906,0.125994,69,229.28,320,26641,5.72
NVDA,2026-10-10,2026-12-18,181.0,P,1.4,1.45,1.425,39.9664,-0.067887,0.003291,-0.035987,0.130724,69,229.28,2,4168,5.72
NVDA,2026-10-10,2026-12-18,182.0,P,1.48,1.53,1.505,39.7833,-0.071334,0.003435,-0.037183,0.135805,69,229.28,6,3165,5.72
NVDA,2026-10-10,2026-12-18,183.0,P,1.55,1.61,1.58,39.588,-0.074866,0.003582,-0.038361,0.140923,69,229.28,3,2752,5.72
NVDA,2026-10-10,2026-12-18,184.0,P,1.63,1.73,1.68,39.6124,-0.079558,0.003749,-0.040166,0.147583,69,229.28,5,1794,5.72
NVDA,2026-10-10,2026-12-18,185.0,P,1.71,1.78,1.745,39.173,-0.082249,0.003887,-0.040688,0.151336,69,229.28,286,13918,5.72
NVDA,2026-10-10,2026-12-18,186.0,P,1.77,1.9,1.835,39.1486,-0.087043,0.004059,-0.04239,0.157905,69,229.28,517,5467,5.72
NVDA,2026-10-10,2026-12-18,187.0,P,1.89,1.96,1.925,38.7457,-0.090166,0.00421,-0.043023,0.162106,69,229.28,36,3521,5.72
NVDA,2026-10-10,2026-12-18,188.0,P,1.96,2.09,2.025,38.7091,-0.095241,0.004388,-0.044717,0.168806,69,229.28,8,3751,5.72
NVDA,2026-10-10,2026-12-18,189.0,P,2.09,2.17,2.13,38.3795,-0.099018,0.004554,-0.045569,0.173694,69,229.28,13,3447,5.72
NVDA,2026-10-10,2026-12-18,190.0,P,2.19,2.27,2.23,38.1354,-0.103382,0.00473,-0.046673,0.179239,69,229.28,1236,31539,5.72
NVDA,2026-10-10,2026-12-18,191.0,P,2.3,2.38,2.34,37.9279,-0.108102,0.004911,-0.047888,0.185119,69,229.28,13,2857,5.72
NVDA,2026-10-10,2026-12-18,192.0,P,2.42,2.48,2.45,37.6471,-0.112607,0.005095,-0.048887,0.190619,69,229.28,10,2347,5.72
NVDA,2026-10-10,2026-12-18,193.0,P,2.53,2.66,2.595,37.7203,-0.119185,0.005294,-0.050946,0.198461,69,229.28,17,2452,5.72
NVDA,2026-10-10,2026-12-18,194.0,P,2.64,2.79,2.715,37.525,-0.124521,0.005488,-0.052202,0.204662,69,229.28,22,2915,5.72
NVDA,2026-10-10,2026-12-18,195.0,P,2.8,2.9,2.85,37.2199,-0.129443,0.005685,-0.053123,0.21026,69,229.28,262,18948,5.72
NVDA,2026-10-10,2026-12-18,200.0,P,3.6,3.7,3.65,36.4081,-0.160917,0.006729,-0.059762,0.243461,69,229.28,958,63549,5.72
NVDA,2026-10-10,2026-12-18,205.0,P,4.55,4.7,4.625,35.6879,-0.198111,0.007824,-0.066244,0.277498,69,229.28,966,13772,5.72
NVDA,2026-10-10,2026-12-18,210.0,P,5.7,5.85,5.775,34.7968,-0.23981,0.008958,-0.071409,0.309771,69,229.28,676,29196,5.72
NVDA,2026-10-10,2026-12-18,212.0,P,6.25,6.45,6.35,34.6808,-0.259169,0.009367,-0.073873,0.32282,69,229.28,1427,3216,5.72
NVDA,2026-10-10,2026-12-18,213.0,P,6.55,6.75,6.65,34.5771,-0.268916,0.009573,-0.074887,0.328951,69,229.28,22,2561,5.72
NVDA,2026-10-10,2026-12-18,214.0,P,6.85,7.05,6.95,34.4489,-0.278751,0.009781,-0.075771,0.334846,69,229.28,20,3201,5.72
NVDA,2026-10-10,2026-12-18,215.0,P,7.15,7.35,7.25,34.2841,-0.288633,0.009993,-0.076488,0.34048,69,229.28,137,7818,5.72
NVDA,2026-10-10,2026-12-18,216.0,P,7.45,7.65,7.55,34.0949,-0.298629,0.010208,-0.077072,0.34589,69,229.28,35,1932,5.72
NVDA,2026-10-10,2026-12-18,217.0,P,7.8,7.95,7.875,33.8813,-0.308752,0.010427,-0.077521,0.351075,69,229.28,29,3538,5.72
NVDA,2026-10-10,2026-12-18,218.0,P,8.15,8.35,8.25,33.9087,-0.31992,0.010578,-0.078587,0.356459,69,229.28,21,1120,5.72
NVDA,2026-10-10,2026-12-18,219.0,P,8.5,8.75,8.625,33.9057,-0.33109,0.010729,-0.079491,0.361496,69,229.28,922,1559,5.72
NVDA,2026-10-10,2026-12-18,220.0,P,8.85,9.05,8.95,33.6066,-0.341524,0.010956,-0.079481,0.365892,69,229.28,1005,43940,5.72
NVDA,2026-10-10,2026-12-18,221.0,P,9.25,9.4,9.325,33.4113,-0.352484,0.011149,-0.079688,0.37019,69,229.28,32,5977,5.72
NVDA,2026-10-10,2026-12-18,222.0,P,9.6,9.8,9.7,33.3198,-0.363882,0.011304,-0.080107,0.374319,69,229.28,14,1416,5.72
NVDA,2026-10-10,2026-12-18,223.0,P,10.0,10.2,10.1,33.1977,-0.375351,0.011461,-0.080357,0.378125,69,229.28,16,929,5.72
NVDA,2026-10-10,2026-12-18,224.0,P,10.45,10.65,10.55,33.1733,-0.387125,0.011577,-0.080796,0.381672,69,229.28,20,2088,5.72
NVDA,2026-10-10,2026-12-18,225.0,P,10.8,11.15,10.975,33.2465,-0.399095,0.01165,-0.08142,0.384909,69,229.28,696,9104,5.72
NVDA,2026-10-10,2026-12-18,226.0,P,11.3,11.5,11.4,32.9108,-0.410663,0.011854,-0.080815,0.387685,69,229.28,32,1469,5.72
NVDA,2026-10-10,2026-12-18,227.0,P,11.75,11.95,11.85,32.7949,-0.42263,0.011973,-0.080733,0.390196,69,229.28,26,2161,5.72
NVDA,2026-10-10,2026-12-18,228.0,P,12.2,12.4,12.3,32.6545,-0.434693,0.012091,-0.080493,0.392358,69,229.28,32,3064,5.72
NVDA,2026-10-10,2026-12-18,230.0,P,13.15,13.35,13.25,32.4042,-0.45913,0.012285,-0.079823,0.39561,69,229.28,615,16307,5.72
NVDA,2026-10-10,2026-12-18,235.0,P,15.7,15.95,15.825,31.8122,-0.521352,0.012562,-0.076615,0.397129,69,229.28,854,4459,5.72
NVDA,2026-10-10,2026-12-18,240.0,P,18.65,18.95,18.8,31.4765,-0.582941,0.012438,-0.071922,0.389073,69,229.28,328,7965,5.72
NVDA,2026-10-10,2026-12-18,245.0,P,21.85,22.1,21.975,30.7563,-0.644937,0.012143,-0.063983,0.371155,69,229.28,5,1804,5.72
NVDA,2026-10-10,2026-12-18,250.0,P,25.1,25.7,25.4,30.5061,-0.7013,0.011411,-0.055909,0.345927,69,229.28,14,2715,5.72
NVDA,2026-10-10,2026-12-18,255.0,P,28.7,29.45,29.075,29.9384,-0.755776,0.010515,-0.045518,0.31285,69,229.28,104,1407,5.72
NVDA,2026-10-10,2026-12-18,260.0,P,32.7,33.4,33.05,29.2121,-0.806778,0.009415,-0.033777,0.27332,69,229.28,1,1220,5.72
NVDA,2026-10-10,2026-12-18,265.0,P,36.9,37.85,37.375,29.676,-0.840903,0.008194,-0.026532,0.241657,69,229.28,5,802,5.72
NVDA,2026-10-10,2026-12-18,270.0,P,41.05,42.25,41.65,29.3098,-0.876757,0.006976,-0.016327,0.203189,69,229.28,6,1554,5.72
NVDA,2026-10-10,2026-12-18,275.0,P,45.5,46.95,46.225,29.9079,-0.898718,0.005941,-0.010367,0.176584,69,229.28,6,1256,5.72
NVDA,2026-10-10,2026-12-18,280.0,P,50.1,51.4,50.75,28.1135,-0.934616,0.004545,0.003435,0.126978,69,229.28,1,342,5.72
NVDA,2026-10-10,2026-12-18,285.0,P,54.9,56.2,55.55,28.1013,-0.951205,0.003611,0.00972,0.100831,69,229.28,2,385,5.72
NVDA,2026-10-10,2026-12-18,290.0,P,59.8,61.35,60.575,31.4216,-0.944669,0.003568,0.005285,0.111422,69,229.28,1,345,5.72
NVDA,2026-10-10,2026-12-18,295.0,P,64.75,66.3,65.525,32.6911,-0.950337,0.003148,0.00712,0.102261,69,229.28,10,25,5.72
NVDA,2026-10-10,2026-12-18,300.0,P,69.8,71.2,70.5,33.277,-0.95843,0.00268,0.010718,0.088631,69,229.28,1,16,5.72
NVDA,2026-10-10,2026-12-18,305.0,P,71.85,78.3,75.075,49.8906,-0.879348,0.004037,-0.041502,0.200179,69,229.28,1,1,5.72
NVDA,2026-10-10,2026-12-18,310.0,P,76.85,83.3,80.075,51.8682,-0.883121,0.003797,-0.042055,0.195737,69,229.28,1,0,5.72
NVDA,2026-10-10,2026-12-18,325.0,P,92.7,97.45,95.075,52.3442,-0.917045,0.002928,-0.023838,0.152313,69,229.28,35,0,5.72
NVDA,2026-10-10,2026-12-18,330.0,P,96.9,104.75,100.825,66.5775,-0.861426,0.00333,-0.072975,0.220343,69,229.28,46,0,5.72
NVDA,2026-10-10,2026-12-18,340.0,P,106.8,113.3,110.05,62.7079,-0.899841,0.002811,-0.044345,0.175154,69,229.28,3,0,5.72
NVDA,2026-10-10,2026-12-18,345.0,P,111.9,119.35,115.625,70.032,-0.877885,0.002901,-0.067096,0.201883,69,229.28,35,0,5.72
NVDA,2026-10-10,2026-12-18,350.0,P,117.2,123.3,120.25,65.9916,-0.903888,0.002591,-0.044814,0.16994,69,229.28,1,0,5.72
NVDA,2026-10-10,2026-12-18,355.0,P,144.8,146.8,145.8,129.755,-0.684115,0.00275,-0.300024,0.354554,69,229.28,0,0,5.72
NVDA,2026-10-10,2026-12-18,370.0,P,136.8,143.3,140.05,72.156,-0.910541,0.002247,-0.045441,0.16116,69,229.28,1,0,5.72
NVDA,2026-10-10,2026-12-18,400.0,P,167.2,173.3,170.25,80.5544,-0.918031,0.001886,-0.04579,0.150949,69,229.28,1,0,5.72
NVDA,2026-10-10,2026-12-18,410.0,P,199.25,202.1,200.675,149.5242,-0.711292,0.002292,-0.328875,0.340522,69,229.28,1,0,5.72
NVDA,2026-10-10,2026-12-18,420.0,P,16.45,18.8,17.625,0.001,-1.0,0.0,0.046327,0.0,69,229.28,1,58,5.72
NVDA,2026-10-10,2026-12-18,430.0,P,17.65,20.1,18.875,0.001,-1.0,0.0,0.04743,0.0,69,229.28,1,92,5.72
NVDA,2026-10-10,2026-12-18,440.0,P,18.85,21.35,20.1,0.001,-1.0,0.0,0.048533,0.0,69,229.28,5,117,5.72
NVDA,2026-10-10,2026-12-18,450.0,P,20.55,22.2,21.375,0.001,-1.0,0.0,0.049636,0.0,69,229.28,15,1614,5.72
NVDA,2026-10-10,2026-12-18,460.0,P,21.4,24.05,22.725,0.001,-1.0,0.0,0.050739,0.0,69,229.28,1,100,5.72
NVDA,2026-10-10,2026-12-18,470.0,P,22.8,25.45,24.125,0.001,-1.0,0.0,0.051842,0.0,69,229.28,5,142,5.72
NVDA,2026-10-10,2026-12-18,480.0,P,24.2,26.95,25.575,0.001,-1.0,0.0,0.052945,0.0,69,229.28,2,110,5.72
NVDA,2026-10-10,2026-12-18,490.0,P,25.7,28.45,27.075,0.001,-1.0,0.0,0.054048,0.0,69,229.28,4,76,5.72
NVDA,2026-10-10,2026-12-18,500.0,P,28.8,29.65,29.225,0.001,-1.0,0.0,0.055151,0.0,69,229.28,11,1244,5.72
NVDA,2026-10-10,2026-12-18,510.0,P,29.6,31.35,30.475,0.001,-1.0,0.0,0.056254,0.0,69,229.28,2,177,5.72
NVDA,2026-10-10,2026-12-18,520.0,P,31.0,33.0,32.0,0.001,-1.0,0.0,0.057357,0.0,69,229.28,18,85,5.72
NVDA,2026-10-10,2026-12-18,530.0,P,32.95,34.8,33.875,0.001,-1.0,0.0,0.05846,0.0,69,229.28,2,79,5.72
NVDA,2026-10-10,2026-12-18,540.0,P,34.55,37.25,35.9,0.001,-1.0,0.0,0.059563,0.0,69,229.28,1,242,5.72
NVDA,2026-10-10,2026-12-18,550.0,P,36.85,38.5,37.675,0.001,-1.0,0.0,0.060666,0.0,69,229.28,3,292,5.72
NVDA,2026-10-10,2026-12-18,560.0,P,38.05,40.45,39.25,0.001,-1.0,0.0,0.061769,0.0,69,229.28,2,148,5.72
NVDA,2026-10-10,2026-12-18,570.0,P,41.0,42.45,41.725,0.001,-1.0,0.0,0.062872,0.0,69,229.28,2,532,5.72
NVDA,2026-10-10,2026-12-18,580.0,P,42.6,44.65,43.625,0.001,-1.0,0.0,0.063975,0.0,69,229.28,30,685,5.72
NVDA,2026-10-10,2026-12-18,590.0,P,44.0,47.3,45.65,0.001,-1.0,0.0,0.065078,0.0,69,229.28,1,46,5.72
NVDA,2026-10-10,2026-12-18,600.0,P,46.0,47.9,46.95,0.001,-1.0,0.0,0.066181,0.0,69,229.28,22,1771,5.72
NVDA,2026-10-10,2026-12-18,610.0,P,48.55,50.8,49.675,0.001,-1.0,0.0,0.067284,0.0,69,229.28,2,291,5.72
NVDA,2026-10-10,2026-12-18,620.0,P,50.5,53.05,51.775,0.001,-1.0,0.0,0.068387,0.0,69,229.28,2,207,5.72
NVDA,2026-10-10,2026-12-18,630.0,P,54.4,55.55,54.975,0.001,-1.0,0.0,0.06949,0.0,69,229.28,2,117,5.72
NVDA,2026-10-10,2026-12-18,640.0,P,55.25,58.75,57.0,0.001,-1.0,0.0,0.070593,0.0,69,229.28,3,50,5.72
NVDA,2026-10-10,2026-12-18,650.0,P,58.9,60.65,59.775,0.001,-1.0,0.0,0.071696,0.0,69,229.28,4,2038,5.72
NVDA,2026-10-10,2026-12-18,660.0,P,60.0,63.8,61.9,0.001,-1.0,0.0,0.072799,0.0,69,229.28,5,96,5.72
NVDA,2026-10-10,2026-12-18,670.0,P,62.5,66.4,64.45,0.001,-1.0,0.0,0.073902,0.0,69,229.28,1,110,5.72
NVDA,2026-10-10,2026-12-18,680.0,P,65.65,68.8,67.225,0.001,-1.0,0.0,0.075005,0.0,69,229.28,2,182,5.72
NVDA,2026-10-10,2026-12-18,690.0,P,68.4,71.5,69.95,0.001,-1.0,0.0,0.076108,0.0,69,229.28,1,279,5.72
NVDA,2026-10-10,2026-12-18,700.0,P,70.4,73.6,72.0,0.001,-1.0,0.0,0.077211,0.0,69,229.28,2,827,5.72
NVDA,2026-10-10,2026-12-18,710.0,P,73.85,76.65,75.25,0.001,-1.0,0.0,0.078314,0.0,69,229.28,12,77,5.72
NVDA,2026-10-10,2026-12-18,720.0,P,76.15,79.25,77.7,0.001,-1.0,0.0,0.079417,0.0,69,229.28,20,1667,5.72
NVDA,2026-10-10,2026-12-18,730.0,P,79.45,82.5,80.975,0.001,-1.0,0.0,0.08052,0.0,69,229.28,20,57,5.72
NVDA,2026-10-10,2026-12-18,740.0,P,82.3,85.5,83.9,0.001,-1.0,0.0,0.081623,0.0,69,229.28,6,124,5.72
NVDA,2026-10-10,2026-12-18,750.0,P,85.55,88.35,86.95,0.001,-1.0,0.0,0.082726,0.0,69,229.28,12,399,5.72
NVDA,2026-10-10,2026-12-18,760.0,P,88.35,91.65,90.0,0.001,-1.0,0.0,0.083829,0.0,69,229.28,2,188,5.72
NVDA,2026-10-10,2026-12-18,770.0,P,91.6,94.85,93.225,0.001,-1.0,0.0,0.084932,0.0,69,229.28,3,117,5.72
NVDA,2026-10-10,2026-12-18,780.0,P,94.9,98.05,96.475,0.001,-1.0,0.0,0.086035,0.0,69,229.28,8,154,5.72
NVDA,2026-10-10,2026-12-18,790.0,P,98.2,101.25,99.725,0.001,-1.0,0.0,0.087138,0.0,69,229.28,1,78,5.72
NVDA,2026-10-10,2026-12-18,800.0,P,101.45,104.5,102.975,0.001,-1.0,0.0,0.088241,0.0,69,229.28,20,405,5.72
NVDA,2026-10-10,2026-12-18,810.0,P,104.85,108.05,106.45,0.001,-1.0,0.0,0.089344,0.0,69,229.28,8,221,5.72
NVDA,2026-10-10,2026-12-18,820.0,P,108.25,111.55,109.9,0.001,-1.0,0.0,0.090447,0.0,69,229.28,12,121,5.72
NVDA,2026-10-10,2026-12-18,830.0,P,111.7,115.05,113.375,0.001,-1.0,0.0,0.09155,0.0,69,229.28,1,141,5.72
NVDA,2026-10-10,2026-12-18,840.0,P,115.25,118.55,116.9,0.001,-1.0,0.0,0.092653,0.0,69,229.28,5,57,5.72
NVDA,2026-10-10,2026-12-18,850.0,P,118.8,122.1,120.45,0.001,-1.0,0.0,0.093756,0.0,69,229.28,7,183,5.72
NVDA,2026-10-10,2026-12-18,860.0,P,122.4,125.95,124.175,0.001,-1.0,0.0,0.094859,0.0,69,229.28,2,61,5.72
NVDA,2026-10-10,2026-12-18,870.0,P,126.05,129.75,127.9,0.001,-1.0,0.0,0.095962,0.0,69,229.28,1,55,5.72
NVDA,2026-10-10,2026-12-18,880.0,P,129.9,133.55,131.725,0.001,-1.0,0.0,0.097065,0.0,69,229.28,1,78,5.72
NVDA,2026-10-10,2026-12-18,890.0,P,133.6,137.0,135.3,0.001,-1.0,0.0,0.098168,0.0,69,229.28,6,114,5.72
NVDA,2026-10-10,2026-12-18,900.0,P,137.7,141.1,139.4,0.001,-1.0,0.0,0.099271,0.0,69,229.28,11,317,5.72
NVDA,2026-10-10,2026-12-18,910.0,P,141.55,145.2,143.375,0.001,-1.0,0.0,0.100374,0.0,69,229.28,2,107,5.72
NVDA,2026-10-10,2026-12-18,920.0,P,145.5,149.0,147.25,0.001,-1.0,0.0,0.101477,0.0,69,229.28,1,111,5.72
NVDA,2026-10-10,2026-12-18,930.0,P,149.65,152.9,151.275,0.001,-1.0,0.0,0.10258,0.0,69,229.28,32,127,5.72
NVDA,2026-10-10,2026-12-18,940.0,P,153.45,157.5,155.475,0.001,-1.0,0.0,0.103683,0.0,69,229.28,1,59,5.72
NVDA,2026-10-10,2026-12-18,950.0,P,157.8,161.5,159.65,0.001,-1.0,0.0,0.104786,0.0,69,229.28,1,148,5.72
NVDA,2026-10-10,2026-12-18,960.0,P,161.95,165.95,163.95,0.001,-1.0,0.0,0.105889,0.0,69,229.28,1,44,5.72
NVDA,2026-10-10,2026-12-18,970.0,P,166.15,170.3,168.225,0.001,-1.0,0.0,0.106992,0.0,69,229.28,53,70,5.72
NVDA,2026-10-10,2026-12-18,980.0,P,170.4,174.65,172.525,0.001,-1.0,0.0,0.108095,0.0,69,229.28,2,30,5.72
NVDA,2026-10-10,2026-12-18,990.0,P,174.75,179.0,176.875,0.001,-1.0,0.0,0.109198,0.0,69,229.28,2,133,5.72
NVDA,2026-10-10,2026-12-18,1000.0,P,179.25,182.65,180.95,0.001,-1.0,0.0,0.110301,0.0,69,229.28,12,444,5.72
NVDA,2026-10-10,2026-12-18,1010.0,P,183.75,188.0,185.875,0.001,-1.0,0.0,0.111405,0.0,69,229.28,2,28,5.72
NVDA,2026-10-10,2026-12-18,1020.0,P,188.25,192.25,190.25,0.001,-1.0,0.0,0.112508,0.0,69,229.28,2,18,5.72
NVDA,2026-10-10,2026-12-18,1030.0,P,192.7,197.25,194.975,0.001,-1.0,0.0,0.113611,0.0,69,229.28,1,19,5.72
NVDA,2026-10-10,2026-12-18,1040.0,P,197.2,201.9,199.55,0.001,-1.0,0.0,0.114714,0.0,69,229.28,2,33,5.72
NVDA,2026-10-10,2026-12-18,1050.0,P,202.2,206.15,204.175,0.001,-1.0,0.0,0.115817,0.0,69,229.28,4,95,5.72
NVDA,2026-10-10,2026-12-18,1060.0,P,206.8,211.3,209.05,0.001,-1.0,0.0,0.11692,0.0,69,229.28,1,20,5.72
NVDA,2026-10-10,2026-12-18,1070.0,P,211.5,216.2,213.85,0.001,-1.0,0.0,0.118023,0.0,69,229.28,5,7,5.72
NVDA,2026-10-10,2026-12-18,1080.0,P,216.4,221.1,218.75,0.001,-1.0,0.0,0.119126,0.0,69,229.28,1,16,5.72
NVDA,2026-10-10,2026-12-18,1090.0,P,221.2,225.65,223.425,0.001,-1.0,0.0,0.120229,0.0,69,229.28,3,6,5.72
NVDA,2026-10-10,2026-12-18,1100.0,P,226.35,230.75,228.55,0.001,-1.0,0.0,0.121332,0.0,69,229.28,2,336,5.72
NVDA,2026-10-10,2026-12-18,1110.0,P,231.25,236.0,233.625,0.001,-1.0,0.0,0.122435,0.0,69,229.28,6,37,5.72
NVDA,2026-10-10,2026-12-18,1120.0,P,236.15,240.65,238.4,0.001,-1.0,0.0,0.123538,0.0,69,229.28,1,194,5.72
NVDA,2026-10-10,2026-12-18,1130.0,P,241.15,245.55,243.35,0.001,-1.0,0.0,0.124641,0.0,69,229.28,2,254,5.72
NVDA,2026-10-10,2026-12-18,1140.0,P,246.1,250.8,248.45,0.001,-1.0,0.0,0.125744,0.0,69,229.28,4,29,5.72
NVDA,2026-10-10,2026-12-18,1150.0,P,251.7,255.55,253.625,0.001,-1.0,0.0,0.126847,0.0,69,229.28,8,119,5.72
NVDA,2026-10-10,2026-12-18,1160.0,P,256.7,259.7,258.2,0.001,-1.0,0.0,0.12795,0.0,69,229.28,3,5,5.72
NVDA,2026-10-10,2026-12-18,1170.0,P,262.05,266.5,264.275,0.001,-1.0,0.0,0.129053,0.0,69,229.28,1,4,5.72
NVDA,2026-10-10,2026-12-18,1180.0,P,267.25,271.95,269.6,0.001,-1.0,0.0,0.130156,0.0,69,229.28,1,240,5.72
NVDA,2026-10-10,2026-12-18,1190.0,P,272.4,277.25,274.825,0.001,-1.0,0.0,0.131259,0.0,69,229.28,14,8,5.72
NVDA,2026-10-10,2026-12-18,1200.0,P,274.65,287.8,281.225,0.001,-1.0,0.0,0.132362,0.0,69,229.28,26,238,5.72
NVDA,2026-10-10,2026-12-18,1210.0,P,278.0,288.8,283.4,0.001,-1.0,0.0,0.133465,0.0,69,229.28,1,41,5.72
NVDA,2026-10-10,2026-12-18,1220.0,P,282.8,295.4,289.1,0.001,-1.0,0.0,0.134568,0.0,69,229.28,1,104,5.72
NVDA,2026-10-10,2026-12-18,1230.0,P,288.7,301.05,294.875,0.001,-1.0,0.0,0.135671,0.0,69,229.28,1,8,5.72
NVDA,2026-10-10,2026-12-18,1240.0,P,294.8,309.3,302.05,0.001,-1.0,0.0,0.136774,0.0,69,229.28,1,30,5.72
NVDA,2026-10-10,2026-12-18,1250.0,P,300.7,315.85,308.275,0.001,-1.0,0.0,0.137877,0.0,69,229.28,2,32,5.72
NVDA,2026-10-10,2026-12-18,1260.0,P,306.7,318.2,312.45,0.001,-1.0,0.0,0.13898,0.0,69,229.28,1,68,5.72
NVDA,2026-10-10,2026-12-18,1270.0,P,312.45,324.55,318.5,0.001,-1.0,0.0,0.140083,0.0,69,229.28,1,66,5.72
NVDA,2026-10-10,2026-12-18,1280.0,P,318.5,329.1,323.8,0.001,-1.0,0.0,0.141186,0.0,69,229.28,38,4,5.72
NVDA,2026-10-10,2026-12-18,1290.0,P,324.65,336.2,330.425,0.001,-1.0,0.0,0.142289,0.0,69,229.28,2,7,5.72
NVDA,2026-10-10,2026-12-18,1300.0,P,328.85,343.2,336.025,0.001,-1.0,0.0,0.143392,0.0,69,229.28,8,69,5.72
NVDA,2026-10-10,2026-12-18,1320.0,P,340.7,354.15,347.425,0.001,-1.0,0.0,0.145598,0.0,69,229.28,1,25,5.72
NVDA,2026-10-10,2026-12-18,1340.0,P,354.1,366.6,360.35,0.001,-1.0,0.0,0.147804,0.0,69,229.28,40,51,5.72
NVDA,2026-10-10,2026-12-18,1360.0,P,366.55,379.85,373.2,0.001,-1.0,0.0,0.15001,0.0,69,229.28,1,41,5.72
NVDA,2026-10-10,2026-12-18,1380.0,P,378.7,395.2,386.95,0.001,-1.0,0.0,0.152216,0.0,69,229.28,1,219,5.72
NVDA,2026-10-10,2026-12-18,1400.0,P,390.65,407.15,398.9,0.001,-1.0,0.0,0.154422,0.0,69,229.28,38,80,5.72
NVDA,2026-10-10,2026-12-18,1420.0,P,404.55,420.85,412.7,0.001,-1.0,0.0,0.156628,0.0,69,229.28,18,37,5.72
NVDA,2026-10-10,2026-12-18,1440.0,P,416.55,433.1,424.825,0.001,-1.0,0.0,0.158834,0.0,69,229.28,2,3,5.72
NVDA,2026-10-10,2026-12-18,1460.0,P,430.4,446.9,438.65,0.001,-1.0,0.0,0.16104,0.0,69,229.28,2,104,5.72
NVDA,2026-10-10,2026-12-18,1480.0,P,442.7,459.25,450.975,0.001,-1.0,0.0,0.163246,0.0,69,229.28,1,206,5.72
NVDA,2026-10-10,2026-12-18,1500.0,P,456.4,473.4,464.9,0.001,-1.0,0.0,0.165452,0.0,69,229.28,26,70,5.72
NVDA,2026-10-10,2026-12-18,1520.0,P,470.35,487.05,478.7,0.001,-1.0,0.0,0.167658,0.0,69,229.28,14,16,5.72
NVDA,2026-10-10,2026-12-18,1540.0,P,684.0,702.0,693.0,0.001,-1.0,0.0,0.169864,0.0,69,229.28,2,0,5.72
NVDA,2026-10-10,2026-12-18,1560.0,P,496.25,515.2,505.725,0.001,-1.0,0.0,0.17207,0.0,69,229.28,100,7,5.72
NVDA,2026-10-10,2026-12-18,1580.0,P,512.05,528.8,520.425,0.001,-1.0,0.0,0.174276,0.0,69,229.28,100,12,5.72
NVDA,2026-10-10,2026-12-18,1600.0,P,526.0,543.15,534.575,0.001,-1.0,0.0,0.176482,0.0,69,229.28,6,101,5.72
NVDA,2026-10-10,2026-12-18,1620.0,P,540.1,557.1,548.6,0.001,-1.0,0.0,0.178688,0.0,69,229.28,6,3,5.72
NVDA,2026-10-10,2026-12-18,1640.0,P,554.05,571.4,562.725,0.001,-1.0,0.0,0.180894,0.0,69,229.28,2,25,5.72
NVDA,2026-10-10,2026-12-18,1650.0,P,562.05,579.2,570.625,0.001,-1.0,0.0,0.181997,0.0,69,229.28,2,2,5.72
NVDA,2026-10-10,2026-12-18,1660.0,P,568.1,587.1,577.6,0.001,-1.0,0.0,0.1831,0.0,69,229.28,6,3,5.72
NVDA,2026-10-10,2026-12-18,1670.0,P,576.0,593.7,584.85,0.001,-1.0,0.0,0.184203,0.0,69,229.28,1,0,5.72
NVDA,2026-10-10,2026-12-18,1700.0,P,598.0,618.0,608.0,0.001,-1.0,0.0,0.187513,0.0,69,229.28,1,30,5.72
NVDA,2026-10-10,2026-12-18,1710.0,P,606.0,623.7,614.85,0.001,-1.0,0.0,0.188616,0.0,69,229.28,10,59,5.72
NVDA,2026-10-10,2026-12-18,1720.0,P,614.0,632.0,623.0,0.001,-1.0,0.0,0.189719,0.0,69,229.28,4,2,5.72
NVDA,2026-10-10,2026-12-18,1740.0,P,628.0,647.3,637.65,0.001,-1.0,0.0,0.191925,0.0,69,229.28,5,73,5.72
NVDA,2026-10-10,2026-12-18,1750.0,P,636.0,655.8,645.9,0.001,-1.0,0.0,0.193028,0.0,69,229.28,10,59,5.72
NVDA,2026-10-10,2026-12-18,1760.0,P,644.0,661.85,652.925,0.001,-1.0,0.0,0.194131,0.0,69,229.28,4,2,5.72
NVDA,2026-10-10,2026-12-18,1770.0,P,852.35,870.0,861.175,0.001,-1.0,0.0,0.195234,0.0,69,229.28,0,0,5.72
NVDA,2026-10-10,2026-12-18,1780.0,P,660.0,674.9,667.45,0.001,-1.0,0.0,0.196337,0.0,69,229.28,5,72,5.72
NVDA,2026-10-10,2026-12-18,1790.0,P,884.0,904.0,894.0,0.001,-1.0,0.0,0.19744,0.0,69,229.28,2,1,5.72
NVDA,2026-10-10,2026-12-18,1800.0,P,675.0,694.0,684.5,0.001,-1.0,0.0,0.198543,0.0,69,229.28,1,3,5.72
NVDA,2026-10-10,2026-12-18,1840.0,P,706.0,724.0,715.0,0.001,-1.0,0.0,0.202955,0.0,69,229.28,10,1,5.72
NVDA,2026-10-10,2026-12-18,1850.0,P,714.0,732.0,723.0,0.001,-1.0,0.0,0.204058,0.0,69,229.28,3,5,5.72
NVDA,2026-10-10,2026-12-18,1860.0,P,970.1,983.9,977.0,0.001,-1.0,0.0,0.205161,0.0,69,229.28,1,3,5.72
NVDA,2026-10-10,2026-12-18,1870.0,P,730.0,748.0,739.0,0.001,-1.0,0.0,0.206264,0.0,69,229.28,1,1,5.72
NVDA,2026-10-10,2026-12-18,1880.0,P,1002.0,1021.95,1011.975,0.001,-1.0,0.0,0.207367,0.0,69,229.28,3,3,5.72
NVDA,2026-10-10,2026-12-18,1890.0,P,746.0,766.0,756.0,0.001,-1.0,0.0,0.20847,0.0,69,229.28,2,2,5.72
NVDA,2026-10-10,2026-12-18,1910.0,P,984.15,1002.0,993.075,0.001,-1.0,0.0,0.210676,0.0,69,229.28,2,0,5.72
NVDA,2026-10-10,2026-12-18,1920.0,P,1042.0,1059.8,1050.9,0.001,-1.0,0.0,0.211779,0.0,69,229.28,3,3,5.72
NVDA,2026-10-10,2026-12-18,1930.0,P,1025.3,1039.7,1032.5,0.001,-1.0,0.0,0.212882,0.0,69,229.28,2,0,5.72
NVDA,2026-10-10,2026-12-18,1940.0,P,788.0,806.0,797.0,0.001,-1.0,0.0,0.213985,0.0,69,229.28,1,0,5.72
NVDA,2026-10-10,2026-12-18,1950.0,P,796.0,813.95,804.975,0.001,-1.0,0.0,0.215088,0.0,69,229.28,2,0,5.72
NVDA,2026-10-10,2026-12-18,2000.0,P,836.0,856.0,846.0,0.001,-1.0,0.0,0.220603,0.0,69,229.28,1,16,5.72
NVDA,2026-10-10,2026-12-18,2160.0,P,974.0,994.0,984.0,0.001,-1.0,0.0,0.238251,0.0,69,229.28,0,1,5.72
NVDA,2026-10-10,2026-12-18,2260.0,P,1064.0,1084.0,1074.0,0.001,-1.0,0.0,0.249281,0.0,69,229.28,0,102,5.72
NVDA,2026-10-10,2026-12-18,2270.0,P,1072.0,1092.0,1082.0,0.001,-1.0,0.0,0.250384,0.0,69,229.28,0,2,5.72
NVDA,2026-10-10,2026-12-18,2280.0,P,1082.0,1100.0,1091.0,0.001,-1.0,0.0,0.251487,0.0,69,229.28,0,101,5.72
NVDA,2026-10-10,2026-12-18,2300.0,P,1100.0,1118.0,1109.0,0.001,-1.0,0.0,0.253693,0.0,69,229.28,0,1,5.72
NVDA,2026-10-10,2026-12-18,2400.0,P,1192.0,1212.0,1202.0,0.001,-1.0,0.0,0.264724,0.0,69,229.28,0,1,5.72
