symbol,quote_date,expiration,strike,option_type,bid,ask,mid,implied_volatility,delta,gamma,theta,vega,dte,underlying_price,volume,open_interest,iv_rank
META,2026-10-06,2026-10-14,682.5,C,58.6,64.8,61.7,54.7978,0.859948,0.003699,-0.900621,0.244531,8,741.9,0,2,64.87
META,2026-10-06,2026-10-14,685.0,C,55.6,62.45,59.025,53.7358,0.854032,0.003879,-0.90745,0.251463,8,741.9,0,2,64.87
META,2026-10-06,2026-10-14,690.0,C,51.45,57.8,54.625,51.6851,0.840753,0.004273,-0.922962,0.26642,8,741.9,2,1,64.87
META,2026-10-06,2026-10-14,695.0,C,46.55,52.05,49.3,45.9356,0.843081,0.004761,-0.82068,0.263857,8,741.9,1,1,64.87
META,2026-10-06,2026-10-14,697.5,C,44.4,51.3,47.85,49.8296,0.812018,0.004926,-0.982884,0.296102,8,741.9,0,2,64.87
META,2026-10-06,2026-10-14,700.0,C,42.4,49.05,45.725,48.8469,0.802955,0.005172,-0.990608,0.30475,8,741.9,0,3,64.87
META,2026-10-06,2026-10-14,702.5,C,40.25,46.9,43.575,48.1084,0.79222,0.00542,-1.005438,0.314572,8,741.9,0,5,64.87
META,2026-10-06,2026-10-14,705.0,C,38.8,43.35,41.075,43.3111,0.799947,0.005886,-0.893113,0.307548,8,741.9,7,29,64.87
META,2026-10-06,2026-10-14,707.5,C,36.05,41.6,38.825,43.6987,0.782252,0.006133,-0.94233,0.323297,8,741.9,0,5,64.87
META,2026-10-06,2026-10-14,710.0,C,33.7,39.35,36.525,42.5848,0.771138,0.006474,-0.943893,0.332588,8,741.9,0,26,64.87
META,2026-10-06,2026-10-14,712.5,C,31.35,37.4,34.375,42.2247,0.755585,0.00677,-0.967691,0.344841,8,741.9,0,6,64.87
META,2026-10-06,2026-10-14,715.0,C,30.65,35.35,33.0,41.5106,0.740866,0.007102,-0.979385,0.355656,8,741.9,21,15,64.87
META,2026-10-06,2026-10-14,717.5,C,29.15,33.25,31.2,40.5951,0.726126,0.007468,-0.983672,0.36575,8,741.9,2,6,64.87
META,2026-10-06,2026-10-14,720.0,C,26.15,31.65,28.9,40.8331,0.705556,0.007686,-1.020517,0.378642,8,741.9,11,10,64.87
META,2026-10-06,2026-10-14,722.5,C,25.95,28.65,27.3,37.5922,0.698383,0.008441,-0.953369,0.382818,8,741.9,2,20,64.87
META,2026-10-06,2026-10-14,725.0,C,23.45,28.25,25.85,40.4669,0.66614,0.008186,-1.062048,0.399611,8,741.9,4,12,64.87
META,2026-10-06,2026-10-14,727.5,C,22.2,26.6,24.4,40.235,0.645656,0.008419,-1.077474,0.408641,8,741.9,3,7,64.87
META,2026-10-06,2026-10-14,730.0,C,20.05,25.0,22.525,40.0091,0.624559,0.008632,-1.090179,0.416646,8,741.9,24,39,64.87
META,2026-10-06,2026-10-14,732.5,C,19.35,23.6,21.475,40.1129,0.602275,0.008756,-1.108908,0.423702,8,741.9,5,15,64.87
META,2026-10-06,2026-10-14,735.0,C,16.45,21.2,18.825,37.9096,0.583261,0.009372,-1.060881,0.428604,8,741.9,20,156,64.87
META,2026-10-06,2026-10-14,737.5,C,16.5,20.2,18.35,38.6633,0.558799,0.009292,-1.090813,0.433413,8,741.9,5,3,64.87
META,2026-10-06,2026-10-14,740.0,C,15.8,17.55,16.675,35.7276,0.536483,0.010124,-1.016304,0.436348,8,741.9,74,31,64.87
META,2026-10-06,2026-10-14,742.5,C,14.6,16.05,15.325,35.163,0.510937,0.010326,-1.002653,0.438017,8,741.9,31,3,64.87
META,2026-10-06,2026-10-14,745.0,C,13.3,15.55,14.425,36.6217,0.486616,0.009912,-1.040475,0.437935,8,741.9,137,11,64.87
META,2026-10-06,2026-10-14,747.5,C,11.3,15.75,13.525,39.4781,0.466381,0.009168,-1.113759,0.436625,8,741.9,50,3,64.87
META,2026-10-06,2026-10-14,750.0,C,10.8,13.1,11.95,36.0419,0.436315,0.009949,-1.008718,0.432586,8,741.9,48,41,64.87
META,2026-10-06,2026-10-14,755.0,C,9.35,11.5,10.425,36.8292,0.390659,0.009489,-1.00121,0.421619,8,741.9,44,54,64.87
META,2026-10-06,2026-10-14,760.0,C,7.9,9.8,8.85,36.93,0.345527,0.009088,-0.961793,0.404908,8,741.9,33,31,64.87
META,2026-10-06,2026-10-14,765.0,C,5.65,8.35,7.0,37.1527,0.30365,0.008567,-0.915555,0.383972,8,741.9,8,33,64.87
META,2026-10-06,2026-10-14,770.0,C,4.25,7.25,5.75,37.8058,0.267467,0.007925,-0.87518,0.361452,8,741.9,89,19,64.87
META,2026-10-06,2026-10-14,775.0,C,3.65,5.55,4.6,36.3959,0.221607,0.007438,-0.760427,0.326575,8,741.9,18,8,64.87
META,2026-10-06,2026-10-14,780.0,C,2.92,4.8,3.86,37.1344,0.192856,0.006714,-0.713396,0.300793,8,741.9,71,36,64.87
META,2026-10-06,2026-10-14,785.0,C,3.1,3.95,3.525,37.1832,0.16298,0.00603,-0.641511,0.270478,8,741.9,4,2,64.87
META,2026-10-06,2026-10-14,790.0,C,2.46,3.45,2.955,38.0438,0.141964,0.005377,-0.598072,0.24679,8,741.9,14,13,64.87
META,2026-10-06,2026-10-14,795.0,C,2.09,2.82,2.455,38.0927,0.11861,0.004742,-0.528239,0.217917,8,741.9,3,13,64.87
META,2026-10-06,2026-10-14,800.0,C,1.73,2.35,2.04,38.41,0.099924,0.004158,-0.470434,0.192653,8,741.9,15,34,64.87
META,2026-10-06,2026-10-14,805.0,C,1.44,1.9,1.67,38.4528,0.082273,0.003595,-0.407365,0.166778,8,741.9,2,7,64.87
META,2026-10-06,2026-10-14,810.0,C,1.14,1.77,1.455,39.881,0.074515,0.003216,-0.391556,0.154711,8,741.9,1,1,64.87
META,2026-10-06,2026-10-14,815.0,C,0.46,1.39,0.925,39.6612,0.059843,0.002729,-0.328433,0.130572,8,741.9,2,2,64.87
META,2026-10-06,2026-10-14,820.0,C,0.8,1.14,0.97,39.881,0.049392,0.002332,-0.283549,0.112179,8,741.9,7,3,64.87
META,2026-10-06,2026-10-14,825.0,C,0.51,1.2,0.855,42.2125,0.049112,0.002193,-0.298531,0.111672,8,741.9,2,3,64.87
META,2026-10-06,2026-10-14,830.0,C,0.49,1.0,0.745,42.481,0.04104,0.001886,-0.259859,0.096642,8,741.9,2,1,64.87
META,2026-10-06,2026-10-14,835.0,C,0.01,2.23,1.12,52.6372,0.071222,0.002353,-0.497283,0.149449,8,741.9,1,5,64.87
META,2026-10-06,2026-10-14,850.0,C,0.04,0.8,0.42,47.5347,0.029704,0.001293,-0.222576,0.074123,8,741.9,8,1,64.87
META,2026-10-06,2026-10-14,870.0,C,0.0,3.0,1.5,60.6938,0.042908,0.001368,-0.383434,0.100189,8,741.9,0,1,64.87
META,2026-10-06,2026-10-14,600.0,P,0.0,3.95,1.975,83.8136,-0.037541,0.000889,-0.467608,0.089882,8,741.9,0,1,64.87
META,2026-10-06,2026-10-14,645.0,P,0.01,3.9,1.955,59.8759,-0.051214,0.001598,-0.427753,0.115464,8,741.9,1,1,64.87
META,2026-10-06,2026-10-14,650.0,P,0.08,0.79,0.435,47.4859,-0.026881,0.001191,-0.200181,0.06821,8,741.9,1,15,64.87
META,2026-10-06,2026-10-14,660.0,P,0.36,0.79,0.575,42.9205,-0.029612,0.001428,-0.195846,0.073932,8,741.9,1,12,64.87
META,2026-10-06,2026-10-14,665.0,P,0.28,1.02,0.65,42.7496,-0.037985,0.00176,-0.239285,0.090749,8,741.9,3,9,64.87
META,2026-10-06,2026-10-14,670.0,P,0.36,1.03,0.695,40.4547,-0.040348,0.001953,-0.237626,0.095318,8,741.9,5,12,64.87
META,2026-10-06,2026-10-14,675.0,P,0.65,1.11,0.88,38.6969,-0.045174,0.002237,-0.2488,0.104433,8,741.9,2,13,64.87
META,2026-10-06,2026-10-14,680.0,P,0.89,1.57,1.23,39.3317,-0.061728,0.002819,-0.323685,0.133778,8,741.9,4,15,64.87
META,2026-10-06,2026-10-14,685.0,P,1.01,1.82,1.415,38.1781,-0.072749,0.003298,-0.356358,0.1519,8,741.9,1,4,64.87
META,2026-10-06,2026-10-14,690.0,P,1.41,2.09,1.75,36.9025,-0.085204,0.003846,-0.387769,0.171221,8,741.9,8,12,64.87
META,2026-10-06,2026-10-14,695.0,P,1.75,3.35,2.55,39.4965,-0.122802,0.004687,-0.540922,0.223311,8,741.9,12,20,64.87
META,2026-10-06,2026-10-14,697.5,P,1.95,2.94,2.445,36.4142,-0.117414,0.004925,-0.482564,0.216361,8,741.9,2,3,64.87
META,2026-10-06,2026-10-14,700.0,P,2.17,3.0,2.585,35.1874,-0.123248,0.005274,-0.482026,0.223879,8,741.9,63,28,64.87
META,2026-10-06,2026-10-14,702.5,P,2.42,3.55,2.985,35.7184,-0.141179,0.005706,-0.537019,0.245864,8,741.9,7,6,64.87
META,2026-10-06,2026-10-14,705.0,P,2.35,3.9,3.125,35.3766,-0.154556,0.006121,-0.564613,0.261229,8,741.9,13,32,64.87
META,2026-10-06,2026-10-14,710.0,P,3.7,4.85,4.275,35.163,-0.187487,0.006969,-0.633922,0.295621,8,741.9,10,12,64.87
META,2026-10-06,2026-10-14,712.5,P,2.95,8.25,5.6,42.8869,-0.247476,0.00671,-0.909516,0.347151,8,741.9,13,2,64.87
META,2026-10-06,2026-10-14,715.0,P,4.6,5.7,5.15,34.1864,-0.219934,0.007884,-0.67626,0.325161,8,741.9,20,6,64.87
META,2026-10-06,2026-10-14,717.5,P,5.1,6.25,5.675,33.8874,-0.239096,0.008335,-0.701571,0.340747,8,741.9,37,29,64.87
META,2026-10-06,2026-10-14,720.0,P,5.8,7.15,6.475,34.3696,-0.263819,0.008657,-0.748815,0.358943,8,741.9,4,6,64.87
META,2026-10-06,2026-10-14,722.5,P,6.3,8.7,7.5,36.2677,-0.295724,0.008671,-0.835002,0.379399,8,741.9,0,2,64.87
META,2026-10-06,2026-10-14,725.0,P,7.1,8.6,7.85,33.9972,-0.308368,0.009426,-0.795441,0.386601,8,741.9,9,54,64.87
META,2026-10-06,2026-10-14,727.5,P,7.95,11.85,9.9,39.4415,-0.351991,0.008568,-0.975023,0.407668,8,741.9,12,50,64.87
META,2026-10-06,2026-10-14,730.0,P,8.6,11.25,9.925,35.8466,-0.363987,0.009538,-0.893245,0.412462,8,741.9,11,202,64.87
META,2026-10-06,2026-10-14,732.5,P,9.7,12.75,11.225,36.9025,-0.390954,0.009473,-0.939432,0.421709,8,741.9,62,41,64.87
META,2026-10-06,2026-10-14,735.0,P,10.5,12.75,11.625,34.516,-0.41074,0.010259,-0.886689,0.427167,8,741.9,799,131,64.87
META,2026-10-06,2026-10-14,737.5,P,11.6,13.35,12.475,33.3503,-0.435259,0.010747,-0.864401,0.432399,8,741.9,17,1,64.87
META,2026-10-06,2026-10-14,740.0,P,12.65,15.25,13.95,34.87,-0.463133,0.010372,-0.911516,0.436309,8,741.9,133,4,64.87
META,2026-10-06,2026-10-14,745.0,P,15.5,17.3,16.4,33.7195,-0.516322,0.010763,-0.878747,0.437815,8,741.9,246,1,64.87
META,2026-10-06,2026-10-14,750.0,P,17.9,20.8,19.35,35.1752,-0.565752,0.010185,-0.901856,0.432217,8,741.9,6,2,64.87
META,2026-10-06,2026-10-14,755.0,P,21.1,24.3,22.7,36.1609,-0.611692,0.009648,-0.898761,0.420894,8,741.9,2,20,64.87
META,2026-10-06,2026-10-14,760.0,P,23.4,28.0,25.7,37.1649,-0.653418,0.009041,-0.885292,0.405367,8,741.9,1,20,64.87
META,2026-10-06,2026-10-14,765.0,P,27.05,32.0,29.525,38.4894,-0.689396,0.008352,-0.873266,0.387822,8,741.9,8,2,64.87
META,2026-10-06,2026-10-14,770.0,P,31.3,36.3,33.8,40.2258,-0.718937,0.007633,-0.8687,0.370412,8,741.9,8,1,64.87
META,2026-10-06,2026-10-14,780.0,P,39.15,44.65,41.9,42.2186,-0.775142,0.006465,-0.800827,0.329294,8,741.9,4,2,64.87
META,2026-10-06,2026-10-14,795.0,P,51.35,58.25,54.8,46.4605,-0.830921,0.004942,-0.730157,0.276976,8,741.9,0,1,64.87
META,2026-10-06,2026-10-14,800.0,P,56.0,63.4,59.7,49.5794,-0.836087,0.004539,-0.766141,0.271483,8,741.9,6,5,64.87
META,2026-10-06,2026-10-14,900.0,P,154.65,161.45,158.05,83.6183,-0.932083,0.001428,-0.659255,0.14408,8,741.9,4,3,64.87
META,2026-10-06,2026-10-16,270.0,C,470.45,474.15,472.3,235.9379,0.997335,2.8e-05,-0.148565,0.010098,10,741.9,73,1403,64.87
META,2026-10-06,2026-10-16,280.0,C,459.7,465.7,462.7,248.6332,0.995005,4.7e-05,-0.250857,0.01774,10,741.9,1,2,64.87
META,2026-10-06,2026-10-16,300.0,C,439.5,445.0,442.25,209.3755,0.997357,3.2e-05,-0.13766,0.010021,10,741.9,3,306,64.87
META,2026-10-06,2026-10-16,310.0,C,247.8,255.0,251.4,0.001,1.0,0.0,-0.034088,0.0,10,741.9,1,2,64.87
META,2026-10-06,2026-10-16,320.0,C,419.5,425.75,422.625,213.8677,0.994699,5.8e-05,-0.234725,0.018705,10,741.9,1,7,64.87
META,2026-10-06,2026-10-16,340.0,C,399.3,405.8,402.55,196.7285,0.994802,6.2e-05,-0.217708,0.01838,10,741.9,0,1,64.87
META,2026-10-06,2026-10-16,350.0,C,390.1,395.8,392.95,202.979,0.991967,8.8e-05,-0.311931,0.027016,10,741.9,1,11,64.87
META,2026-10-06,2026-10-16,360.0,C,254.15,261.55,257.85,0.001,1.0,0.0,-0.039586,0.0,10,741.9,1,0,64.87
META,2026-10-06,2026-10-16,380.0,C,359.4,365.85,362.625,173.34,0.993415,8.7e-05,-0.237687,0.022672,10,741.9,1,16,64.87
META,2026-10-06,2026-10-16,390.0,C,349.3,355.85,352.575,165.5763,0.993567,8.9e-05,-0.226167,0.022208,10,741.9,2,4,64.87
META,2026-10-06,2026-10-16,400.0,C,339.65,345.85,342.75,164.8439,0.991903,0.000109,-0.267479,0.027204,10,741.9,1,18,64.87
META,2026-10-06,2026-10-16,410.0,C,329.7,335.9,332.8,160.1564,0.991199,0.000121,-0.278689,0.029271,10,741.9,6,15,64.87
META,2026-10-06,2026-10-16,415.0,C,324.7,330.9,327.8,157.2268,0.991025,0.000126,-0.278919,0.029777,10,741.9,1,8,64.87
META,2026-10-06,2026-10-16,425.0,C,314.45,320.9,317.675,148.1936,0.991767,0.000124,-0.250551,0.027606,10,741.9,1,1,64.87
META,2026-10-06,2026-10-16,430.0,C,309.35,315.9,312.625,144.0432,0.992056,0.000123,-0.239242,0.026751,10,741.9,1,19,64.87
META,2026-10-06,2026-10-16,435.0,C,304.45,310.9,307.675,142.6272,0.99144,0.000133,-0.25079,0.028566,10,741.9,1,24,64.87
META,2026-10-06,2026-10-16,440.0,C,299.5,305.95,302.725,141.1624,0.990801,0.000143,-0.262321,0.030426,10,741.9,1,29,64.87
META,2026-10-06,2026-10-16,445.0,C,294.75,300.95,297.85,141.3089,0.989472,0.000161,-0.289852,0.03423,10,741.9,3,25,64.87
META,2026-10-06,2026-10-16,450.0,C,289.8,295.9,292.85,138.5745,0.989254,0.000167,-0.289982,0.034848,10,741.9,1,602,64.87
META,2026-10-06,2026-10-16,455.0,C,284.3,290.95,287.625,130.5668,0.991236,0.000148,-0.239634,0.029161,10,741.9,5,34,64.87
META,2026-10-06,2026-10-16,460.0,C,279.75,285.95,282.85,133.1546,0.988812,0.00018,-0.289875,0.036091,10,741.9,1,19,64.87
META,2026-10-06,2026-10-16,465.0,C,274.5,280.95,277.725,127.7347,0.989844,0.000172,-0.262106,0.033173,10,741.9,10,15,64.87
META,2026-10-06,2026-10-16,470.0,C,270.45,276.0,273.225,134.6683,0.984778,0.000232,-0.367444,0.047095,10,741.9,1,23,64.87
META,2026-10-06,2026-10-16,480.0,C,259.6,266.0,262.8,121.5824,0.988389,0.000203,-0.278352,0.037273,10,741.9,1,160,64.87
META,2026-10-06,2026-10-16,485.0,C,254.4,261.0,257.7,116.9438,0.989231,0.000198,-0.256521,0.034911,10,741.9,2,28,64.87
META,2026-10-06,2026-10-16,490.0,C,250.4,256.0,253.2,123.4867,0.983702,0.000268,-0.360781,0.049938,10,741.9,1,65,64.87
META,2026-10-06,2026-10-16,495.0,C,244.7,251.05,247.875,115.4057,0.986779,0.00024,-0.293955,0.04171,10,741.9,13,41,64.87
META,2026-10-06,2026-10-16,500.0,C,239.9,246.05,242.975,114.6489,0.985375,0.000263,-0.314547,0.045504,10,741.9,1,468,64.87
META,2026-10-06,2026-10-16,505.0,C,234.4,241.05,237.725,107.5688,0.987952,0.000237,-0.261486,0.038488,10,741.9,1,30,64.87
META,2026-10-06,2026-10-16,510.0,C,229.8,236.05,232.925,108.7895,0.985282,0.000279,-0.303671,0.045753,10,741.9,2,48,64.87
META,2026-10-06,2026-10-16,515.0,C,224.95,231.05,228.0,107.52,0.984078,0.000302,-0.318389,0.048948,10,741.9,1,121,64.87
META,2026-10-06,2026-10-16,520.0,C,220.35,226.1,223.225,108.3501,0.981118,0.000347,-0.362275,0.056621,10,741.9,1,388,64.87
META,2026-10-06,2026-10-16,525.0,C,214.9,221.1,218.0,102.5884,0.983329,0.000329,-0.317446,0.050915,10,741.9,1,163,64.87
META,2026-10-06,2026-10-16,530.0,C,210.0,216.1,213.05,100.9038,0.982306,0.000352,-0.327024,0.053572,10,741.9,3,262,64.87
META,2026-10-06,2026-10-16,535.0,C,204.7,211.05,207.875,95.8252,0.984126,0.000338,-0.291377,0.048822,10,741.9,1,535,64.87
META,2026-10-06,2026-10-16,540.0,C,200.05,206.1,203.075,96.3868,0.98113,0.000389,-0.330473,0.056591,10,741.9,3,375,64.87
META,2026-10-06,2026-10-16,545.0,C,195.7,201.15,198.425,98.3887,0.976265,0.000463,-0.395874,0.068709,10,741.9,1,222,64.87
META,2026-10-06,2026-10-16,550.0,C,189.85,195.2,192.525,82.8127,0.988091,0.000305,-0.217226,0.038102,10,741.9,14,2611,64.87
META,2026-10-06,2026-10-16,555.0,C,184.95,191.15,188.05,88.8917,0.979998,0.000444,-0.323589,0.059463,10,741.9,6,340,64.87
META,2026-10-06,2026-10-16,560.0,C,180.1,185.2,182.65,80.6643,0.985434,0.000373,-0.243218,0.045346,10,741.9,4,1125,64.87
META,2026-10-06,2026-10-16,565.0,C,174.9,181.2,178.05,84.2043,0.97892,0.00049,-0.322051,0.062167,10,741.9,2,609,64.87
META,2026-10-06,2026-10-16,570.0,C,170.1,176.2,173.15,83.1056,0.976865,0.000537,-0.340111,0.067246,10,741.9,1,2168,64.87
META,2026-10-06,2026-10-16,575.0,C,164.95,171.2,168.075,79.883,0.977348,0.000548,-0.325138,0.06606,10,741.9,2,1834,64.87
META,2026-10-06,2026-10-16,580.0,C,160.05,166.25,163.15,78.4426,0.975551,0.000595,-0.337955,0.07044,10,741.9,5,1618,64.87
META,2026-10-06,2026-10-16,585.0,C,155.05,161.55,158.3,77.7346,0.972542,0.000662,-0.36368,0.077626,10,741.9,1,3979,64.87
META,2026-10-06,2026-10-16,590.0,C,150.1,156.35,153.225,74.634,0.972894,0.000682,-0.349122,0.076793,10,741.9,6,1774,64.87
META,2026-10-06,2026-10-16,595.0,C,145.1,150.2,147.65,65.4789,0.982146,0.000547,-0.240651,0.053984,10,741.9,8,687,64.87
META,2026-10-06,2026-10-16,600.0,C,140.1,145.2,142.65,63.3549,0.981569,0.000581,-0.240126,0.05547,10,741.9,22,7541,64.87
META,2026-10-06,2026-10-16,605.0,C,135.1,140.8,137.95,64.8929,0.97518,0.000729,-0.295874,0.071336,10,741.9,13,792,64.87
META,2026-10-06,2026-10-16,610.0,C,130.3,134.4,132.35,54.4926,0.987047,0.000499,-0.177637,0.040979,10,741.9,23,1407,64.87
META,2026-10-06,2026-10-16,615.0,C,125.15,131.4,128.275,63.6722,0.967343,0.000933,-0.350191,0.08963,10,741.9,2,1081,64.87
META,2026-10-06,2026-10-16,620.0,C,121.4,124.35,122.875,57.5444,0.974033,0.000854,-0.279144,0.074088,10,741.9,34,3750,64.87
META,2026-10-06,2026-10-16,625.0,C,115.15,120.7,117.925,55.8842,0.972049,0.000935,-0.2865,0.078785,10,741.9,6,1073,64.87
META,2026-10-06,2026-10-16,630.0,C,110.8,115.95,113.375,57.7031,0.961726,0.001173,-0.360571,0.10209,10,741.9,51,3124,64.87
META,2026-10-06,2026-10-16,635.0,C,105.45,110.7,108.075,52.9424,0.966516,0.001146,-0.309195,0.091496,10,741.9,32,730,64.87
META,2026-10-06,2026-10-16,640.0,C,100.75,104.6,102.675,60.9867,0.93637,0.001665,-0.531938,0.153147,10,741.9,44,4128,64.87
META,2026-10-06,2026-10-16,645.0,C,96.0,99.45,97.725,57.6664,0.936447,0.001759,-0.506665,0.153002,10,741.9,155,1039,64.87
META,2026-10-06,2026-10-16,650.0,C,91.9,96.95,94.425,55.0664,0.93429,0.001891,-0.498216,0.157021,10,741.9,172,7298,64.87
META,2026-10-06,2026-10-16,655.0,C,85.65,90.6,88.125,58.2463,0.911781,0.002237,-0.636671,0.196471,10,741.9,33,1557,64.87
META,2026-10-06,2026-10-16,657.5,C,84.0,88.85,86.425,60.0834,0.898874,0.002398,-0.71638,0.21728,10,741.9,8,60,64.87
META,2026-10-06,2026-10-16,660.0,C,81.9,84.65,83.275,51.27,0.924186,0.002267,-0.515436,0.175267,10,741.9,49,2337,64.87
META,2026-10-06,2026-10-16,662.5,C,78.2,83.95,81.075,57.7519,0.893149,0.002597,-0.716682,0.226132,10,741.9,3,11,64.87
META,2026-10-06,2026-10-16,665.0,C,76.95,79.75,78.35,49.2315,0.91881,0.002487,-0.520671,0.18461,10,741.9,19,1192,64.87
META,2026-10-06,2026-10-16,667.5,C,73.35,79.75,76.55,57.9472,0.877218,0.002857,-0.786172,0.24964,10,741.9,2,44,64.87
META,2026-10-06,2026-10-16,670.0,C,71.25,75.4,73.325,49.5183,0.902874,0.002825,-0.587747,0.210961,10,741.9,44,3202,64.87
META,2026-10-06,2026-10-16,672.5,C,68.4,72.75,70.575,47.5896,0.903229,0.002932,-0.566372,0.210394,10,741.9,10,30,64.87
META,2026-10-06,2026-10-16,675.0,C,67.65,70.75,69.2,48.2671,0.89188,0.003133,-0.615443,0.228064,10,741.9,10,2847,64.87
META,2026-10-06,2026-10-16,677.5,C,64.7,70.05,67.375,53.2658,0.861371,0.00338,-0.785736,0.271501,10,741.9,1,32,64.87
META,2026-10-06,2026-10-16,680.0,C,62.95,66.0,64.475,46.5093,0.881891,0.003463,-0.62963,0.24291,10,741.9,54,3966,64.87
META,2026-10-06,2026-10-16,682.5,C,59.35,64.75,62.05,49.4024,0.85879,0.00369,-0.742114,0.274925,10,741.9,8,102,64.87
META,2026-10-06,2026-10-16,685.0,C,58.65,61.5,60.075,45.4962,0.866908,0.003848,-0.664638,0.264027,10,741.9,11,1171,64.87
META,2026-10-06,2026-10-16,687.5,C,55.0,60.55,57.775,48.9934,0.83969,0.004049,-0.794784,0.299166,10,741.9,1,82,64.87
META,2026-10-06,2026-10-16,690.0,C,53.15,56.85,55.0,43.8177,0.853457,0.004266,-0.681026,0.281887,10,741.9,72,1838,64.87
META,2026-10-06,2026-10-16,692.5,C,50.45,55.9,53.175,47.019,0.825991,0.004448,-0.802828,0.315408,10,741.9,3,74,64.87
META,2026-10-06,2026-10-16,695.0,C,48.95,52.05,50.5,41.5472,0.84134,0.004743,-0.680262,0.297146,10,741.9,11,1017,64.87
META,2026-10-06,2026-10-16,697.5,C,46.8,50.35,48.575,42.4139,0.823768,0.004971,-0.736036,0.317959,10,741.9,2,161,64.87
META,2026-10-06,2026-10-16,700.0,C,45.6,48.15,46.875,41.7364,0.813802,0.005229,-0.747957,0.329106,10,741.9,6211,21373,64.87
META,2026-10-06,2026-10-16,702.5,C,43.3,46.45,44.875,42.3376,0.796573,0.00544,-0.795173,0.34731,10,741.9,6,189,64.87
META,2026-10-06,2026-10-16,705.0,C,42.3,43.05,42.675,38.3795,0.802941,0.005887,-0.714706,0.340735,10,741.9,21,1425,64.87
META,2026-10-06,2026-10-16,710.0,C,38.15,39.45,38.8,38.7671,0.768573,0.0064,-0.783718,0.374171,10,741.9,268,6143,64.87
META,2026-10-06,2026-10-16,715.0,C,34.5,35.55,35.025,38.0103,0.737601,0.006982,-0.816943,0.400205,10,741.9,72,1452,64.87
META,2026-10-06,2026-10-16,720.0,C,31.1,31.8,31.45,37.2656,0.703486,0.007557,-0.845317,0.424701,10,741.9,372,5166,64.87
META,2026-10-06,2026-10-16,725.0,C,27.85,28.4,28.125,36.9208,0.664811,0.008037,-0.877262,0.447477,10,741.9,303,3423,64.87
META,2026-10-06,2026-10-16,730.0,C,24.75,25.15,24.95,36.4936,0.624045,0.008468,-0.898581,0.466025,10,741.9,938,4946,64.87
META,2026-10-06,2026-10-16,735.0,C,21.8,22.2,22.0,36.2677,0.580826,0.008773,-0.915123,0.479813,10,741.9,363,2625,64.87
META,2026-10-06,2026-10-16,740.0,C,19.15,19.4,19.275,35.9259,0.5364,0.009005,-0.918064,0.487861,10,741.9,2517,4258,64.87
META,2026-10-06,2026-10-16,745.0,C,16.7,16.95,16.825,35.8527,0.491207,0.009059,-0.916305,0.489783,10,741.9,1255,897,64.87
META,2026-10-06,2026-10-16,750.0,C,14.5,14.7,14.6,35.752,0.446186,0.009004,-0.902645,0.485438,10,741.9,2531,16440,64.87
META,2026-10-06,2026-10-16,755.0,C,12.5,12.75,12.625,35.8283,0.40248,0.008795,-0.882788,0.475191,10,741.9,540,1786,64.87
META,2026-10-06,2026-10-16,760.0,C,10.7,10.95,10.825,35.8039,0.359976,0.008509,-0.850678,0.459407,10,741.9,596,5281,64.87
META,2026-10-06,2026-10-16,765.0,C,9.15,9.35,9.25,35.7856,0.319377,0.008131,-0.810226,0.438788,10,741.9,517,9192,64.87
META,2026-10-06,2026-10-16,770.0,C,7.85,8.0,7.925,35.9259,0.281993,0.007656,-0.767298,0.414794,10,741.9,1014,3850,64.87
META,2026-10-06,2026-10-16,775.0,C,6.7,6.85,6.775,36.1518,0.247898,0.007126,-0.721759,0.388481,10,741.9,771,9442,64.87
META,2026-10-06,2026-10-16,780.0,C,5.65,5.85,5.75,36.3898,0.216802,0.00657,-0.673131,0.36055,10,741.9,3919,3030,64.87
META,2026-10-06,2026-10-16,785.0,C,4.85,4.95,4.9,36.5424,0.188036,0.006009,-0.619839,0.33111,10,741.9,212,1203,64.87
META,2026-10-06,2026-10-16,790.0,C,4.1,4.2,4.15,36.7865,0.162765,0.005447,-0.56862,0.302145,10,741.9,611,2209,64.87
META,2026-10-06,2026-10-16,795.0,C,3.5,3.6,3.55,37.1771,0.141252,0.004905,-0.522334,0.274981,10,741.9,193,1080,64.87
META,2026-10-06,2026-10-16,800.0,C,2.99,3.05,3.02,37.4518,0.121501,0.004388,-0.473673,0.247809,10,741.9,6426,20749,64.87
META,2026-10-06,2026-10-16,805.0,C,2.52,2.6,2.56,37.8119,0.104675,0.003907,-0.429514,0.222794,10,741.9,938,1567,64.87
META,2026-10-06,2026-10-16,810.0,C,2.16,2.21,2.185,38.1476,0.089828,0.003462,-0.386948,0.199132,10,741.9,376,1565,64.87
META,2026-10-06,2026-10-16,815.0,C,1.84,1.9,1.87,38.5992,0.077558,0.003064,-0.350314,0.178324,10,741.9,366,2699,64.87
META,2026-10-06,2026-10-16,820.0,C,1.57,1.62,1.595,38.9716,0.066508,0.002697,-0.314125,0.158496,10,741.9,254,8956,64.87
META,2026-10-06,2026-10-16,825.0,C,1.35,1.38,1.365,39.3317,0.0569,0.002366,-0.28046,0.140314,10,741.9,447,20754,64.87
META,2026-10-06,2026-10-16,830.0,C,1.16,1.2,1.18,39.8688,0.049398,0.002086,-0.253968,0.125433,10,741.9,200,3041,64.87
META,2026-10-06,2026-10-16,835.0,C,0.95,1.09,1.02,40.7355,0.04426,0.00187,-0.23745,0.114855,10,741.9,71,2027,64.87
META,2026-10-06,2026-10-16,840.0,C,0.82,0.9,0.86,40.8209,0.036896,0.00161,-0.205155,0.099077,10,741.9,431,1233,64.87
META,2026-10-06,2026-10-16,845.0,C,0.7,0.79,0.745,41.3946,0.032243,0.001421,-0.186134,0.088692,10,741.9,15,222,64.87
META,2026-10-06,2026-10-16,850.0,C,0.62,0.69,0.655,41.8951,0.028004,0.001249,-0.167524,0.07891,10,741.9,550,3884,64.87
META,2026-10-06,2026-10-16,855.0,C,0.52,0.63,0.575,42.713,0.025233,0.001123,-0.156479,0.07233,10,741.9,56,412,64.87
META,2026-10-06,2026-10-16,860.0,C,0.46,0.54,0.5,43.067,0.021633,0.000978,-0.138552,0.063543,10,741.9,214,3549,64.87
META,2026-10-06,2026-10-16,865.0,C,0.41,0.5,0.455,43.9215,0.019692,0.000886,-0.130431,0.05868,10,741.9,106,460,64.87
META,2026-10-06,2026-10-16,870.0,C,0.35,0.42,0.385,44.0924,0.01655,0.000761,-0.112868,0.050599,10,741.9,87,679,64.87
META,2026-10-06,2026-10-16,875.0,C,0.3,0.38,0.34,44.7759,0.014833,0.000682,-0.104297,0.046059,10,741.9,14,645,64.87
META,2026-10-06,2026-10-16,880.0,C,0.25,0.34,0.295,45.3619,0.013163,0.000607,-0.095294,0.041553,10,741.9,32,684,64.87
META,2026-10-06,2026-10-16,885.0,C,0.22,0.32,0.27,46.2408,0.01217,0.000557,-0.090733,0.038825,10,741.9,2,370,64.87
META,2026-10-06,2026-10-16,890.0,C,0.19,0.28,0.235,46.6314,0.010577,0.000489,-0.080979,0.034371,10,741.9,15,384,64.87
META,2026-10-06,2026-10-16,895.0,C,0.16,0.25,0.205,47.1685,0.009391,0.000436,-0.073811,0.03098,10,741.9,2,200,64.87
META,2026-10-06,2026-10-16,900.0,C,0.18,0.22,0.2,47.5591,0.008183,0.000383,-0.065943,0.027457,10,741.9,386,14852,64.87
META,2026-10-06,2026-10-16,905.0,C,0.14,0.23,0.185,49.0239,0.008314,0.000377,-0.068913,0.027844,10,741.9,5,436,64.87
META,2026-10-06,2026-10-16,910.0,C,0.1,0.21,0.155,49.6099,0.007494,0.00034,-0.063634,0.025413,10,741.9,19,3989,64.87
META,2026-10-06,2026-10-16,915.0,C,0.11,0.19,0.15,50.147,0.006723,0.000305,-0.058433,0.023091,10,741.9,5,530,64.87
META,2026-10-06,2026-10-16,920.0,C,0.08,0.2,0.14,51.6118,0.006889,0.000303,-0.061437,0.023595,10,741.9,107,420,64.87
META,2026-10-06,2026-10-16,925.0,C,0.07,0.15,0.11,50.9771,0.005249,0.000241,-0.047681,0.018543,10,741.9,52,236,64.87
META,2026-10-06,2026-10-16,930.0,C,0.06,0.14,0.1,51.6606,0.004841,0.000221,-0.044946,0.017251,10,741.9,106,506,64.87
META,2026-10-06,2026-10-16,935.0,C,0.04,0.18,0.11,51.3677,0.003846,0.000181,-0.036379,0.014045,10,741.9,3,122,64.87
META,2026-10-06,2026-10-16,940.0,C,0.05,0.13,0.09,51.27,0.003134,0.000151,-0.030209,0.011687,10,741.9,3,306,64.87
META,2026-10-06,2026-10-16,945.0,C,0.03,0.19,0.11,53.4184,0.003681,0.000168,-0.036363,0.013505,10,741.9,8,72,64.87
META,2026-10-06,2026-10-16,950.0,C,0.03,0.15,0.09,53.3208,0.003027,0.000141,-0.030437,0.011326,10,741.9,7,1145,64.87
META,2026-10-06,2026-10-16,955.0,C,0.02,0.1,0.06,52.1489,0.002057,0.000102,-0.020989,0.007987,10,741.9,6,160,64.87
META,2026-10-06,2026-10-16,960.0,C,0.04,0.15,0.095,55.5669,0.003034,0.000135,-0.031774,0.011349,10,741.9,8,167,64.87
META,2026-10-06,2026-10-16,965.0,C,0.02,0.14,0.08,55.6645,0.002591,0.000117,-0.027602,0.009843,10,741.9,6,243,64.87
META,2026-10-06,2026-10-16,970.0,C,0.01,0.12,0.065,55.4692,0.002105,9.8e-05,-0.022789,0.008156,10,741.9,5,395,64.87
META,2026-10-06,2026-10-16,975.0,C,0.01,0.1,0.055,55.4692,0.001762,8.3e-05,-0.019381,0.006938,10,741.9,8,215,64.87
META,2026-10-06,2026-10-16,980.0,C,0.02,0.1,0.06,56.8364,0.001866,8.5e-05,-0.020927,0.007312,10,741.9,2,388,64.87
META,2026-10-06,2026-10-16,990.0,C,0.02,0.07,0.045,57.227,0.00141,6.6e-05,-0.01632,0.005664,10,741.9,3,136,64.87
META,2026-10-06,2026-10-16,1000.0,C,0.03,0.04,0.035,57.6176,0.001066,5e-05,-0.012718,0.004385,10,741.9,128,2670,64.87
META,2026-10-06,2026-10-16,1010.0,C,0.01,0.08,0.045,60.7426,0.001319,5.8e-05,-0.016287,0.005328,10,741.9,5,121,64.87
META,2026-10-06,2026-10-16,1020.0,C,0.0,0.6,0.3,75.9768,0.006951,0.000208,-0.090893,0.023783,10,741.9,4,147,64.87
META,2026-10-06,2026-10-16,1030.0,C,0.01,0.07,0.04,63.4769,0.001108,4.7e-05,-0.014501,0.004541,10,741.9,11,128,64.87
META,2026-10-06,2026-10-16,1040.0,C,0.0,0.08,0.04,65.2347,0.001092,4.6e-05,-0.014712,0.004484,10,741.9,1,367,64.87
META,2026-10-06,2026-10-16,1050.0,C,0.0,0.06,0.03,65.2347,0.000809,3.5e-05,-0.011168,0.003404,10,741.9,5,421,64.87
META,2026-10-06,2026-10-16,1060.0,C,0.0,0.06,0.03,66.7972,0.000784,3.3e-05,-0.011098,0.003304,10,741.9,51,753,64.87
META,2026-10-06,2026-10-16,1070.0,C,0.0,0.05,0.025,67.5784,0.000668,2.8e-05,-0.009693,0.002853,10,741.9,8,986,64.87
META,2026-10-06,2026-10-16,1080.0,C,0.0,0.02,0.01,64.0629,0.000253,1.2e-05,-0.003729,0.001158,10,741.9,1344,1766,64.87
META,2026-10-06,2026-10-16,1090.0,C,0.01,0.04,0.025,70.3128,0.000602,2.4e-05,-0.009156,0.002591,10,741.9,523,687,64.87
META,2026-10-06,2026-10-16,1100.0,C,0.0,0.05,0.025,71.8753,0.000594,2.4e-05,-0.009243,0.002559,10,741.9,12,1160,64.87
META,2026-10-06,2026-10-16,1110.0,C,0.01,0.49,0.25,91.211,0.004856,0.000126,-0.079279,0.017301,10,741.9,46,874,64.87
META,2026-10-06,2026-10-16,1120.0,C,0.0,0.04,0.02,73.4378,0.000453,1.8e-05,-0.007342,0.00199,10,741.9,115,936,64.87
META,2026-10-06,2026-10-16,1130.0,C,0.01,0.04,0.025,76.5627,0.000581,2.2e-05,-0.009642,0.002507,10,741.9,425,639,64.87
META,2026-10-06,2026-10-16,1140.0,C,0.0,0.06,0.03,78.9065,0.000652,2.3e-05,-0.011049,0.002788,10,741.9,75,863,64.87
META,2026-10-06,2026-10-16,1150.0,C,0.0,0.05,0.025,79.2971,0.000547,2e-05,-0.00944,0.00237,10,741.9,1,217,64.87
META,2026-10-06,2026-10-16,1160.0,C,0.0,0.03,0.015,77.344,0.000315,1.2e-05,-0.005515,0.00142,10,741.9,46,2949,64.87
META,2026-10-06,2026-10-16,1170.0,C,0.0,0.03,0.015,78.9065,0.00032,1.2e-05,-0.005714,0.001442,10,741.9,6,2361,64.87
META,2026-10-06,2026-10-16,1180.0,C,0.0,0.05,0.025,83.5939,0.000525,1.8e-05,-0.009587,0.002284,10,741.9,13,1463,64.87
META,2026-10-06,2026-10-16,1190.0,C,0.0,0.03,0.015,82.0314,0.000332,1.2e-05,-0.006151,0.001493,10,741.9,5,227,64.87
META,2026-10-06,2026-10-16,1200.0,C,0.0,0.07,0.035,88.672,0.000698,2.2e-05,-0.013228,0.002971,10,741.9,240,2506,64.87
META,2026-10-06,2026-10-16,1210.0,C,0.0,0.02,0.01,82.0314,0.00021,8e-06,-0.00402,0.000976,10,741.9,152,2552,64.87
META,2026-10-06,2026-10-16,1220.0,C,0.0,0.06,0.03,90.2345,0.000581,1.8e-05,-0.011354,0.002507,10,741.9,28,4000,64.87
META,2026-10-06,2026-10-16,1230.0,C,0.0,0.05,0.025,90.2345,0.000479,1.5e-05,-0.009493,0.002096,10,741.9,3,1597,64.87
META,2026-10-06,2026-10-16,1240.0,C,0.0,0.01,0.005,81.2502,9.1e-05,4e-06,-0.001807,0.000443,10,741.9,1447,1846,64.87
META,2026-10-06,2026-10-16,1250.0,C,0.0,0.01,0.005,82.8127,9.6e-05,4e-06,-0.001944,0.000468,10,741.9,61,539,64.87
META,2026-10-06,2026-10-16,1260.0,C,0.0,0.55,0.275,116.7973,0.004178,8.6e-05,-0.088653,0.015126,10,741.9,2,2,64.87
META,2026-10-06,2026-10-16,1300.0,C,0.0,0.01,0.005,89.0626,9.8e-05,4e-06,-0.002135,0.000478,10,741.9,10,10,64.87
META,2026-10-06,2026-10-16,1390.0,C,0.0,0.03,0.015,106.2505,0.000255,7e-06,-0.006214,0.001166,10,741.9,105,12,64.87
META,2026-10-06,2026-10-16,1400.0,C,0.0,0.01,0.005,98.4375,7e-05,2e-06,-0.00171,0.000346,10,741.9,3,150,64.87
META,2026-10-06,2026-10-16,1480.0,C,0.0,0.12,0.06,128.1254,0.00083,1.8e-05,-0.022388,0.003485,10,741.9,256,20,64.87
META,2026-10-06,2026-10-16,1490.0,C,0.0,0.01,0.005,109.3755,8.7e-05,3e-06,-0.002329,0.000425,10,741.9,1,57,64.87
META,2026-10-06,2026-10-16,270.0,P,0.0,0.02,0.01,168.7502,-8.4e-05,2e-06,-0.00348,0.000413,10,741.9,3,428,64.87
META,2026-10-06,2026-10-16,280.0,P,0.0,0.04,0.02,171.8751,-0.000178,3e-06,-0.007142,0.000833,10,741.9,68,671,64.87
META,2026-10-06,2026-10-16,290.0,P,0.0,0.01,0.005,150.0002,-4.6e-05,1e-06,-0.001743,0.000233,10,741.9,3,1547,64.87
META,2026-10-06,2026-10-16,300.0,P,0.0,0.03,0.015,157.8127,-0.000158,3e-06,-0.005892,0.000749,10,741.9,2,1716,64.87
META,2026-10-06,2026-10-16,310.0,P,0.0,0.02,0.01,146.8753,-0.000101,2e-06,-0.003607,0.000492,10,741.9,1,966,64.87
META,2026-10-06,2026-10-16,320.0,P,0.0,1.02,0.51,204.4927,-0.003944,4.7e-05,-0.146525,0.014366,10,741.9,1,271,64.87
META,2026-10-06,2026-10-16,330.0,P,0.0,0.02,0.01,137.5003,-0.000117,3e-06,-0.003877,0.000565,10,741.9,4,831,64.87
META,2026-10-06,2026-10-16,340.0,P,0.0,0.04,0.02,139.0628,-0.000224,5e-06,-0.007182,0.001036,10,741.9,97,434,64.87
META,2026-10-06,2026-10-16,350.0,P,0.0,0.04,0.02,134.3753,-0.000238,5e-06,-0.007334,0.001095,10,741.9,1,540,64.87
META,2026-10-06,2026-10-16,360.0,P,0.0,0.02,0.01,123.4379,-0.000133,3e-06,-0.003904,0.000634,10,741.9,4,317,64.87
META,2026-10-06,2026-10-16,370.0,P,0.0,0.06,0.03,128.9066,-0.000372,9e-06,-0.010674,0.001661,10,741.9,13,268,64.87
META,2026-10-06,2026-10-16,380.0,P,0.0,0.03,0.015,117.1879,-0.000191,5e-06,-0.005214,0.000893,10,741.9,41,291,64.87
META,2026-10-06,2026-10-16,390.0,P,0.0,1.01,0.505,159.4729,-0.00505,7.4e-05,-0.142401,0.017915,10,741.9,1,447,64.87
META,2026-10-06,2026-10-16,400.0,P,0.0,0.03,0.015,109.3755,-0.000225,6e-06,-0.005663,0.001039,10,741.9,85,1456,64.87
META,2026-10-06,2026-10-16,405.0,P,0.0,0.01,0.005,98.4375,-7.1e-05,2e-06,-0.001736,0.000354,10,741.9,3,144,64.87
META,2026-10-06,2026-10-16,410.0,P,0.0,0.27,0.135,127.1488,-0.001704,3.5e-05,-0.042633,0.006729,10,741.9,1,1181,64.87
META,2026-10-06,2026-10-16,415.0,P,0.0,0.27,0.135,124.8051,-0.001746,3.7e-05,-0.042784,0.00688,10,741.9,5,234,64.87
META,2026-10-06,2026-10-16,420.0,P,0.0,0.03,0.015,100.7817,-0.000232,7e-06,-0.005367,0.001069,10,741.9,3,362,64.87
META,2026-10-06,2026-10-16,425.0,P,0.0,0.3,0.15,121.4848,-0.00201,4.3e-05,-0.047326,0.00782,10,741.9,390,590,64.87
META,2026-10-06,2026-10-16,430.0,P,0.01,0.03,0.02,99.2188,-0.000325,1e-05,-0.007228,0.001463,10,741.9,8,1344,64.87
META,2026-10-06,2026-10-16,435.0,P,0.01,0.03,0.02,96.875,-0.000317,1e-05,-0.006903,0.001431,10,741.9,715,1517,64.87
META,2026-10-06,2026-10-16,440.0,P,0.01,0.03,0.02,95.3125,-0.00034,1.1e-05,-0.007246,0.001527,10,741.9,11,1545,64.87
META,2026-10-06,2026-10-16,445.0,P,0.0,0.03,0.015,91.4063,-0.000269,9e-06,-0.005581,0.001226,10,741.9,34,128,64.87
META,2026-10-06,2026-10-16,450.0,P,0.02,0.03,0.025,92.9688,-0.000429,1.4e-05,-0.008774,0.001895,10,741.9,5,3184,64.87
META,2026-10-06,2026-10-16,455.0,P,0.01,0.03,0.02,89.0626,-0.00034,1.1e-05,-0.006762,0.001525,10,741.9,13,653,64.87
META,2026-10-06,2026-10-16,460.0,P,0.0,0.94,0.47,120.6547,-0.006231,0.000119,-0.129703,0.02159,10,741.9,1,1116,64.87
META,2026-10-06,2026-10-16,465.0,P,0.0,0.03,0.015,83.5939,-0.000277,1e-05,-0.005241,0.00126,10,741.9,1,729,64.87
META,2026-10-06,2026-10-16,470.0,P,0.0,0.14,0.07,93.5548,-0.001213,3.5e-05,-0.022986,0.004936,10,741.9,1,1862,64.87
META,2026-10-06,2026-10-16,475.0,P,0.01,0.04,0.025,83.5939,-0.000484,1.7e-05,-0.008807,0.002117,10,741.9,244,687,64.87
META,2026-10-06,2026-10-16,480.0,P,0.01,0.03,0.02,80.4689,-0.000413,1.5e-05,-0.007318,0.001828,10,741.9,74,2661,64.87
META,2026-10-06,2026-10-16,485.0,P,0.0,0.04,0.02,78.1252,-0.000389,1.5e-05,-0.006728,0.001731,10,741.9,141,2000,64.87
META,2026-10-06,2026-10-16,490.0,P,0.0,0.1,0.05,82.8127,-0.000959,3.2e-05,-0.016387,0.003977,10,741.9,265,1474,64.87
META,2026-10-06,2026-10-16,495.0,P,0.0,0.09,0.045,80.2736,-0.000904,3.1e-05,-0.015043,0.003767,10,741.9,1,600,64.87
META,2026-10-06,2026-10-16,500.0,P,0.01,0.03,0.02,73.0471,-0.000429,1.7e-05,-0.006883,0.001895,10,741.9,387,5272,64.87
META,2026-10-06,2026-10-16,505.0,P,0.0,0.1,0.05,77.344,-0.001045,3.7e-05,-0.016555,0.004304,10,741.9,54,890,64.87
META,2026-10-06,2026-10-16,510.0,P,0.02,0.1,0.06,76.758,-0.001255,4.4e-05,-0.019429,0.00509,10,741.9,3,2644,64.87
META,2026-10-06,2026-10-16,515.0,P,0.0,0.1,0.05,73.6331,-0.001088,4e-05,-0.016353,0.004467,10,741.9,2,1687,64.87
META,2026-10-06,2026-10-16,520.0,P,0.02,0.1,0.06,73.0471,-0.001311,4.8e-05,-0.019245,0.005299,10,741.9,8,2108,64.87
META,2026-10-06,2026-10-16,525.0,P,0.01,0.1,0.055,70.7034,-0.001252,4.8e-05,-0.017853,0.00508,10,741.9,13,1725,64.87
META,2026-10-06,2026-10-16,530.0,P,0.02,0.07,0.045,67.5784,-0.001061,4.3e-05,-0.01466,0.004365,10,741.9,252,1911,64.87
META,2026-10-06,2026-10-16,535.0,P,0.01,0.07,0.04,65.2347,-0.000994,4.2e-05,-0.013325,0.004111,10,741.9,13,657,64.87
META,2026-10-06,2026-10-16,540.0,P,0.02,0.07,0.045,64.0629,-0.00111,4.7e-05,-0.014486,0.004552,10,741.9,455,4249,64.87
META,2026-10-06,2026-10-16,545.0,P,0.03,0.15,0.09,66.8949,-0.00218,8.3e-05,-0.027977,0.00842,10,741.9,40,701,64.87
META,2026-10-06,2026-10-16,550.0,P,0.05,0.08,0.065,62.891,-0.001653,6.9e-05,-0.020448,0.006547,10,741.9,727,5764,64.87
META,2026-10-06,2026-10-16,555.0,P,0.05,0.13,0.09,63.2816,-0.002299,9.3e-05,-0.027762,0.008835,10,741.9,17,550,64.87
META,2026-10-06,2026-10-16,560.0,P,0.05,0.11,0.08,60.7426,-0.002126,9e-05,-0.024815,0.00823,10,741.9,46,2375,64.87
META,2026-10-06,2026-10-16,565.0,P,0.06,0.12,0.09,59.766,-0.002446,0.000104,-0.027717,0.009344,10,741.9,9,655,64.87
META,2026-10-06,2026-10-16,570.0,P,0.06,0.13,0.095,58.3012,-0.002627,0.000113,-0.028835,0.009967,10,741.9,175,2364,64.87
META,2026-10-06,2026-10-16,575.0,P,0.08,0.12,0.1,56.8364,-0.002823,0.000124,-0.029989,0.010636,10,741.9,6,701,64.87
META,2026-10-06,2026-10-16,580.0,P,0.07,0.13,0.1,55.0786,-0.002907,0.000131,-0.029834,0.010922,10,741.9,749,6976,64.87
META,2026-10-06,2026-10-16,585.0,P,0.1,0.16,0.13,54.9809,-0.00381,0.000168,-0.037966,0.013927,10,741.9,23,3089,64.87
META,2026-10-06,2026-10-16,590.0,P,0.09,0.16,0.125,52.9302,-0.003778,0.000173,-0.036268,0.013824,10,741.9,76,1934,64.87
META,2026-10-06,2026-10-16,595.0,P,0.09,0.17,0.13,51.4653,-0.004075,0.000191,-0.037725,0.014793,10,741.9,24,592,64.87
META,2026-10-06,2026-10-16,600.0,P,0.11,0.18,0.145,50.3423,-0.004628,0.000218,-0.041327,0.016573,10,741.9,301,6971,64.87
META,2026-10-06,2026-10-16,605.0,P,0.11,0.21,0.16,50.8794,-0.006618,0.000297,-0.057378,0.022773,10,741.9,10,737,64.87
META,2026-10-06,2026-10-16,610.0,P,0.17,0.22,0.195,49.3169,-0.007096,0.000326,-0.059123,0.024218,10,741.9,57,3286,64.87
META,2026-10-06,2026-10-16,615.0,P,0.16,0.24,0.2,48.0474,-0.007924,0.000368,-0.063459,0.026692,10,741.9,259,1911,64.87
META,2026-10-06,2026-10-16,620.0,P,0.19,0.27,0.23,46.9732,-0.009097,0.000425,-0.070004,0.030131,10,741.9,733,2475,64.87
META,2026-10-06,2026-10-16,625.0,P,0.22,0.3,0.26,45.8013,-0.01033,0.000487,-0.076238,0.033669,10,741.9,712,2278,64.87
META,2026-10-06,2026-10-16,630.0,P,0.23,0.34,0.285,44.7759,-0.011976,0.000567,-0.084715,0.038288,10,741.9,345,1684,64.87
META,2026-10-06,2026-10-16,635.0,P,0.31,0.39,0.35,43.7994,-0.01399,0.000663,-0.094739,0.043796,10,741.9,44,881,64.87
META,2026-10-06,2026-10-16,640.0,P,0.34,0.44,0.39,42.6764,-0.016077,0.000767,-0.103971,0.049357,10,741.9,671,3083,64.87
META,2026-10-06,2026-10-16,645.0,P,0.42,0.52,0.47,41.8707,-0.019222,0.00091,-0.118744,0.057489,10,741.9,317,1886,64.87
META,2026-10-06,2026-10-16,650.0,P,0.5,0.6,0.55,40.8941,-0.022546,0.001067,-0.132651,0.065799,10,741.9,569,2946,64.87
META,2026-10-06,2026-10-16,655.0,P,0.6,0.72,0.66,40.1861,-0.027258,0.001273,-0.15274,0.077153,10,741.9,902,1003,64.87
META,2026-10-06,2026-10-16,657.5,P,0.66,0.78,0.72,39.7589,-0.02973,0.001383,-0.162372,0.082931,10,741.9,36,227,64.87
META,2026-10-06,2026-10-16,660.0,P,0.75,0.85,0.8,39.3683,-0.032549,0.001506,-0.173219,0.089385,10,741.9,373,2178,64.87
META,2026-10-06,2026-10-16,662.5,P,0.81,0.92,0.865,38.9288,-0.035459,0.001634,-0.183706,0.095907,10,741.9,42,274,64.87
META,2026-10-06,2026-10-16,665.0,P,0.87,0.99,0.93,38.4284,-0.038407,0.001767,-0.193494,0.102379,10,741.9,272,1656,64.87
META,2026-10-06,2026-10-16,667.5,P,0.95,1.05,1.0,37.818,-0.041187,0.0019,-0.201455,0.108364,10,741.9,52,276,64.87
META,2026-10-06,2026-10-16,670.0,P,1.07,1.12,1.095,37.2565,-0.044406,0.00205,-0.210802,0.11516,10,741.9,583,3565,64.87
META,2026-10-06,2026-10-16,672.5,P,1.19,1.23,1.21,36.9147,-0.048868,0.002234,-0.225435,0.124357,10,741.9,70,182,64.87
META,2026-10-06,2026-10-16,675.0,P,1.31,1.36,1.335,36.6217,-0.053975,0.002437,-0.241918,0.134588,10,741.9,933,2061,64.87
META,2026-10-06,2026-10-16,677.5,P,1.46,1.5,1.48,36.3288,-0.059561,0.002655,-0.259196,0.145444,10,741.9,120,312,64.87
META,2026-10-06,2026-10-16,680.0,P,1.6,1.66,1.63,36.0602,-0.065787,0.00289,-0.277852,0.157164,10,741.9,1139,1981,64.87
META,2026-10-06,2026-10-16,682.5,P,1.78,1.84,1.81,35.8161,-0.072711,0.003143,-0.29791,0.169761,10,741.9,226,254,64.87
META,2026-10-06,2026-10-16,685.0,P,1.98,2.03,2.005,35.5353,-0.080045,0.003408,-0.317793,0.18264,10,741.9,303,1719,64.87
META,2026-10-06,2026-10-16,687.5,P,2.2,2.26,2.23,35.3583,-0.088627,0.003697,-0.341102,0.197148,10,741.9,116,371,64.87
META,2026-10-06,2026-10-16,690.0,P,2.45,2.5,2.475,35.1203,-0.097562,0.003996,-0.363477,0.211655,10,741.9,1000,1563,64.87
META,2026-10-06,2026-10-16,692.5,P,2.73,2.78,2.755,34.9555,-0.107692,0.004314,-0.388423,0.227415,10,741.9,67,349,64.87
META,2026-10-06,2026-10-16,695.0,P,2.99,3.1,3.045,34.8395,-0.118933,0.004646,-0.415234,0.244107,10,741.9,229,890,64.87
META,2026-10-06,2026-10-16,697.5,P,3.35,3.45,3.4,34.7174,-0.130974,0.004988,-0.442262,0.261122,10,741.9,220,510,64.87
META,2026-10-06,2026-10-16,700.0,P,3.7,3.8,3.75,34.4977,-0.143229,0.005336,-0.466746,0.27758,10,741.9,1583,6314,64.87
META,2026-10-06,2026-10-16,702.5,P,4.1,4.25,4.175,34.4916,-0.157772,0.005692,-0.497289,0.296054,10,741.9,108,412,64.87
META,2026-10-06,2026-10-16,705.0,P,4.55,4.7,4.625,34.3696,-0.172439,0.006051,-0.524378,0.313593,10,741.9,250,672,64.87
META,2026-10-06,2026-10-16,710.0,P,5.6,5.7,5.65,34.0796,-0.204163,0.006773,-0.575869,0.348059,10,741.9,331,1293,64.87
META,2026-10-06,2026-10-16,715.0,P,6.8,6.95,6.875,33.9972,-0.240716,0.007458,-0.62965,0.382372,10,741.9,255,1139,64.87
META,2026-10-06,2026-10-16,720.0,P,8.2,8.45,8.325,34.0461,-0.281155,0.008068,-0.681303,0.414198,10,741.9,660,2415,64.87
META,2026-10-06,2026-10-16,725.0,P,9.85,10.05,9.95,33.8569,-0.323172,0.008637,-0.719073,0.440951,10,741.9,457,2120,64.87
META,2026-10-06,2026-10-16,730.0,P,11.7,11.9,11.8,33.7531,-0.368033,0.009093,-0.749879,0.462848,10,741.9,560,1440,64.87
META,2026-10-06,2026-10-16,735.0,P,13.7,14.0,13.85,33.6982,-0.414826,0.00942,-0.771261,0.478694,10,741.9,1253,719,64.87
META,2026-10-06,2026-10-16,740.0,P,16.05,16.3,16.175,33.5883,-0.462665,0.00963,-0.779695,0.487755,10,741.9,929,1796,64.87
META,2026-10-06,2026-10-16,745.0,P,18.55,18.85,18.7,33.5212,-0.510997,0.009688,-0.77712,0.489716,10,741.9,519,1046,64.87
META,2026-10-06,2026-10-16,750.0,P,21.3,21.7,21.5,33.5914,-0.55871,0.009566,-0.766019,0.484587,10,741.9,257,2940,64.87
META,2026-10-06,2026-10-16,755.0,P,24.35,24.65,24.5,33.4174,-0.60599,0.009376,-0.737438,0.472509,10,741.9,127,384,64.87
META,2026-10-06,2026-10-16,760.0,P,27.5,28.1,27.8,33.8263,-0.649085,0.008925,-0.714067,0.455282,10,741.9,112,2495,64.87
META,2026-10-06,2026-10-16,765.0,P,30.9,31.5,31.2,33.7195,-0.692071,0.008495,-0.668434,0.431963,10,741.9,55,2001,64.87
META,2026-10-06,2026-10-16,770.0,P,34.45,35.3,34.875,34.0888,-0.729448,0.007907,-0.62945,0.406448,10,741.9,36,485,64.87
META,2026-10-06,2026-10-16,775.0,P,38.25,39.2,38.725,34.3146,-0.764455,0.007302,-0.581683,0.377849,10,741.9,30,456,64.87
META,2026-10-06,2026-10-16,780.0,P,42.3,43.2,42.75,34.4123,-0.797127,0.006682,-0.526898,0.346745,10,741.9,21,494,64.87
META,2026-10-06,2026-10-16,785.0,P,44.8,48.9,46.85,38.8861,-0.796178,0.00593,-0.605802,0.347712,10,741.9,11,137,64.87
META,2026-10-06,2026-10-16,790.0,P,49.0,54.0,51.5,41.7059,-0.804975,0.005384,-0.634544,0.338598,10,741.9,3,426,64.87
META,2026-10-06,2026-10-16,795.0,P,53.7,58.4,56.05,42.4688,-0.824483,0.004952,-0.59982,0.317141,10,741.9,5,172,64.87
META,2026-10-06,2026-10-16,800.0,P,58.8,63.0,60.9,43.6285,-0.839578,0.004549,-0.577556,0.299302,10,741.9,106,724,64.87
META,2026-10-06,2026-10-16,805.0,P,61.85,67.8,64.825,45.2886,-0.850074,0.004191,-0.571402,0.286225,10,741.9,2,90,64.87
META,2026-10-06,2026-10-16,810.0,P,67.05,72.25,69.65,45.6732,-0.866349,0.003845,-0.526134,0.26479,10,741.9,13,86,64.87
META,2026-10-06,2026-10-16,815.0,P,71.0,77.55,74.275,48.8592,-0.866059,0.003599,-0.568724,0.265184,10,741.9,1,70,64.87
META,2026-10-06,2026-10-16,820.0,P,75.7,82.85,79.275,52.0268,-0.865731,0.003386,-0.611335,0.265631,10,741.9,2,78,64.87
META,2026-10-06,2026-10-16,825.0,P,80.45,85.95,83.2,46.8084,-0.906142,0.002914,-0.398131,0.205712,10,741.9,70,138,64.87
META,2026-10-06,2026-10-16,830.0,P,85.2,91.65,88.425,51.6728,-0.895501,0.002856,-0.49185,0.222523,10,741.9,10,53,64.87
META,2026-10-06,2026-10-16,835.0,P,90.05,95.95,93.0,50.6047,-0.912503,0.002559,-0.409143,0.195271,10,741.9,34,104,64.87
META,2026-10-06,2026-10-16,840.0,P,94.95,100.2,97.575,48.731,-0.931316,0.002211,-0.308961,0.162489,10,741.9,50,171,64.87
META,2026-10-06,2026-10-16,845.0,P,99.85,106.75,103.3,57.8617,-0.903073,0.002414,-0.524062,0.210642,10,741.9,2,2,64.87
META,2026-10-06,2026-10-16,850.0,P,104.8,111.05,107.925,56.5678,-0.918365,0.002173,-0.437231,0.185372,10,741.9,1,6,64.87
META,2026-10-06,2026-10-16,855.0,P,109.75,116.3,113.025,59.5463,-0.916072,0.002108,-0.476078,0.189277,10,741.9,2,0,64.87
META,2026-10-06,2026-10-16,860.0,P,114.7,121.25,117.975,61.0905,-0.919154,0.001998,-0.473834,0.184019,10,741.9,1,0,64.87
META,2026-10-06,2026-10-16,865.0,P,119.7,126.15,122.925,62.36,-0.922921,0.001887,-0.464299,0.177486,10,741.9,0,0,64.87
META,2026-10-06,2026-10-16,875.0,P,129.65,135.75,132.7,63.6844,-0.933482,0.001651,-0.41372,0.158514,10,741.9,21,0,64.87
META,2026-10-06,2026-10-16,880.0,P,134.65,141.15,137.9,67.4808,-0.928216,0.001652,-0.475994,0.1681,10,741.9,1,0,64.87
META,2026-10-06,2026-10-16,890.0,P,326.85,333.55,330.2,453.6168,-0.446514,0.00071,-10.939813,0.485492,10,741.9,1,0,64.87
META,2026-10-06,2026-10-16,900.0,P,154.75,161.15,157.95,74.0359,-0.933985,0.001411,-0.489499,0.157585,10,741.9,1,1,64.87
META,2026-10-06,2026-10-16,910.0,P,164.75,171.4,168.075,78.5891,-0.93274,0.001349,-0.533375,0.159881,10,741.9,1,0,64.87
META,2026-10-06,2026-10-16,915.0,P,169.75,176.15,172.95,78.7722,-0.937578,0.00127,-0.498456,0.150877,10,741.9,10,0,64.87
META,2026-10-06,2026-10-16,920.0,P,174.75,180.5,177.625,76.343,-0.948534,0.001126,-0.397526,0.129599,10,741.9,5,0,64.87
META,2026-10-06,2026-10-16,930.0,P,366.85,373.85,370.35,474.0605,-0.457887,0.000681,-11.470555,0.48717,10,741.9,1,0,64.87
META,2026-10-06,2026-10-16,950.0,P,204.75,210.4,207.575,84.3141,-0.954866,0.000918,-0.390901,0.116678,10,741.9,2,0,64.87
META,2026-10-06,2026-10-16,960.0,P,396.85,403.85,400.35,488.1748,-0.465561,0.000663,-11.832576,0.488075,10,741.9,1,0,64.87
META,2026-10-06,2026-10-16,970.0,P,406.85,414.05,410.45,492.902,-0.467845,0.000657,-11.952427,0.48831,10,741.9,1,0,64.87
META,2026-10-06,2026-10-16,975.0,P,229.75,236.15,232.95,96.399,-0.94799,0.000899,-0.526675,0.130688,10,741.9,0,0,64.87
META,2026-10-06,2026-10-16,980.0,P,416.85,423.95,420.4,497.2599,-0.470226,0.000652,-12.0632,0.488537,10,741.9,1,0,64.87
META,2026-10-06,2026-10-16,990.0,P,244.75,251.15,247.95,100.5132,-0.949935,0.000836,-0.532126,0.126783,10,741.9,3,0,64.87
META,2026-10-06,2026-10-16,1000.0,P,254.75,261.6,258.175,62.1098,-0.997757,9.2e-05,0.082959,0.008638,10,741.9,3,3,64.87
META,2026-10-06,2026-10-16,1030.0,P,284.75,290.35,287.55,104.8833,-0.963815,0.000617,-0.400876,0.097513,10,741.9,3,0,64.87
META,2026-10-06,2026-10-16,1040.0,P,294.75,301.15,297.95,113.5502,-0.955176,0.000678,-0.547814,0.116033,10,741.9,3,0,64.87
META,2026-10-06,2026-10-16,1050.0,P,304.75,311.1,307.925,115.6742,-0.956605,0.000648,-0.541611,0.113039,10,741.9,0,0,64.87
META,2026-10-06,2026-10-16,1160.0,P,414.75,420.85,417.8,138.7454,-0.966122,0.000442,-0.515857,0.092382,10,741.9,0,0,64.87
META,2026-10-06,2026-10-16,1170.0,P,424.75,430.25,427.5,135.1322,-0.972565,0.000381,-0.397525,0.077571,10,741.9,0,0,64.87
META,2026-10-06,2026-10-23,400.0,C,339.8,347.4,343.6,143.2132,0.984587,0.000169,-0.303972,0.062067,17,741.9,1,2,64.87
META,2026-10-06,2026-10-23,425.0,C,315.0,321.9,318.45,128.7113,0.984273,0.000191,-0.284332,0.063149,17,741.9,0,1,64.87
META,2026-10-06,2026-10-23,435.0,C,304.8,312.2,308.5,124.6098,0.983274,0.000208,-0.290266,0.06657,17,741.9,0,1,64.87
META,2026-10-06,2026-10-23,475.0,C,265.35,272.75,269.05,112.1342,0.975655,0.000318,-0.351835,0.091517,17,741.9,1,0,64.87
META,2026-10-06,2026-10-23,480.0,C,260.1,267.2,263.65,105.8843,0.978717,0.000301,-0.305327,0.081716,17,741.9,1,0,64.87
META,2026-10-06,2026-10-23,500.0,C,240.15,247.65,243.9,99.6582,0.97447,0.000373,-0.331822,0.095237,17,741.9,1,3,64.87
META,2026-10-06,2026-10-23,505.0,C,235.15,242.3,238.725,95.8863,0.975657,0.000372,-0.311406,0.091509,17,741.9,1,1,64.87
META,2026-10-06,2026-10-23,510.0,C,230.2,237.85,234.025,96.46,0.972159,0.000414,-0.344042,0.102386,17,741.9,0,1,64.87
META,2026-10-06,2026-10-23,525.0,C,215.2,222.35,218.775,88.0006,0.972929,0.000443,-0.31418,0.10002,17,741.9,2,2,64.87
META,2026-10-06,2026-10-23,535.0,C,205.3,212.5,208.9,84.9489,0.970302,0.000496,-0.326095,0.108033,17,741.9,0,2,64.87
META,2026-10-06,2026-10-23,540.0,C,200.3,206.75,203.525,79.7609,0.973948,0.000474,-0.284293,0.096865,17,741.9,1,2,64.87
META,2026-10-06,2026-10-23,545.0,C,195.3,202.95,199.125,82.5929,0.966373,0.000565,-0.347745,0.119716,17,741.9,2,3,64.87
META,2026-10-06,2026-10-23,550.0,C,190.4,197.45,193.925,79.0652,0.967866,0.000569,-0.325784,0.115316,17,741.9,1,19,64.87
META,2026-10-06,2026-10-23,555.0,C,185.35,192.05,188.7,75.342,0.9698,0.000567,-0.301096,0.109545,17,741.9,1,6,64.87
META,2026-10-06,2026-10-23,560.0,C,180.45,186.9,183.675,73.1814,0.969382,0.000591,-0.297353,0.1108,17,741.9,1,5,64.87
META,2026-10-06,2026-10-23,565.0,C,175.4,182.1,178.75,71.8142,0.967633,0.00063,-0.304295,0.116007,17,741.9,12,27,64.87
META,2026-10-06,2026-10-23,570.0,C,170.45,176.95,173.7,69.5071,0.967452,0.000654,-0.298055,0.116541,17,741.9,5,8,64.87
META,2026-10-06,2026-10-23,575.0,C,165.45,172.0,168.725,67.7616,0.966269,0.000691,-0.299457,0.120021,17,741.9,1,12,64.87
META,2026-10-06,2026-10-23,580.0,C,160.5,167.05,163.775,66.1991,0.964675,0.000735,-0.303386,0.124659,17,741.9,1,20,64.87
META,2026-10-06,2026-10-23,585.0,C,155.35,162.05,158.7,63.7699,0.964765,0.000761,-0.294559,0.124401,17,741.9,15,18,64.87
META,2026-10-06,2026-10-23,590.0,C,150.55,157.25,153.9,63.2084,0.960909,0.000836,-0.313202,0.135418,17,741.9,2,11,64.87
META,2026-10-06,2026-10-23,595.0,C,145.5,152.3,148.9,61.3041,0.959776,0.000882,-0.311816,0.138602,17,741.9,2,12,64.87
META,2026-10-06,2026-10-23,600.0,C,140.9,147.25,144.075,60.4557,0.956055,0.000961,-0.326879,0.14889,17,741.9,4,113,64.87
META,2026-10-06,2026-10-23,605.0,C,135.7,142.25,138.975,57.9472,0.95624,0.000999,-0.315607,0.148385,17,741.9,12,13,64.87
META,2026-10-06,2026-10-23,610.0,C,130.95,137.35,134.15,57.0439,0.952229,0.001089,-0.330051,0.159222,17,741.9,4,32,64.87
META,2026-10-06,2026-10-23,615.0,C,125.85,132.4,129.125,54.9931,0.951112,0.00115,-0.325715,0.162194,17,741.9,1,58,64.87
META,2026-10-06,2026-10-23,620.0,C,120.85,127.55,124.2,53.4795,0.948357,0.001236,-0.330207,0.169439,17,741.9,3,62,64.87
META,2026-10-06,2026-10-23,625.0,C,116.45,122.5,119.475,52.9302,0.942317,0.001363,-0.351608,0.184926,17,741.9,1,72,64.87
META,2026-10-06,2026-10-23,630.0,C,111.45,117.6,114.525,51.2212,0.939576,0.001461,-0.352965,0.191783,17,741.9,34,467,64.87
META,2026-10-06,2026-10-23,635.0,C,106.2,111.85,109.025,58.2524,0.905807,0.001801,-0.522348,0.268922,17,741.9,1,94,64.87
META,2026-10-06,2026-10-23,640.0,C,101.7,107.2,104.45,57.2331,0.898504,0.001936,-0.539672,0.284052,17,741.9,1,211,64.87
META,2026-10-06,2026-10-23,645.0,C,96.7,102.35,99.525,55.5119,0.893217,0.002071,-0.542789,0.294706,17,741.9,1,145,64.87
META,2026-10-06,2026-10-23,650.0,C,91.95,97.45,94.7,53.6137,0.888188,0.002216,-0.542085,0.304612,17,741.9,24,185,64.87
META,2026-10-06,2026-10-23,655.0,C,87.4,92.55,89.975,51.6912,0.882838,0.002376,-0.54063,0.314918,17,741.9,4,162,64.87
META,2026-10-06,2026-10-23,660.0,C,82.5,87.6,85.05,49.6099,0.877701,0.002552,-0.535593,0.324592,17,741.9,11,459,64.87
META,2026-10-06,2026-10-23,665.0,C,77.3,83.8,80.55,50.5864,0.858603,0.002767,-0.59465,0.35878,17,741.9,1,117,64.87
META,2026-10-06,2026-10-23,670.0,C,73.5,79.1,76.3,49.0117,0.849503,0.002978,-0.599948,0.374139,17,741.9,2,278,64.87
META,2026-10-06,2026-10-23,675.0,C,68.5,74.05,71.275,46.5398,0.84369,0.003216,-0.585847,0.383651,17,741.9,5,187,64.87
META,2026-10-06,2026-10-23,680.0,C,64.65,69.25,66.95,44.6478,0.834417,0.00348,-0.583583,0.398359,17,741.9,1,499,64.87
META,2026-10-06,2026-10-23,685.0,C,60.05,65.1,62.575,44.1595,0.817156,0.003748,-0.610576,0.424277,17,741.9,2,104,64.87
META,2026-10-06,2026-10-23,690.0,C,56.2,60.4,58.3,42.3407,0.805061,0.004066,-0.608682,0.441359,17,741.9,8,211,64.87
META,2026-10-06,2026-10-23,695.0,C,53.6,56.45,55.025,41.9745,0.784312,0.004356,-0.636426,0.468699,17,741.9,1,211,64.87
META,2026-10-06,2026-10-23,700.0,C,48.95,51.8,50.375,40.058,0.769539,0.00474,-0.630547,0.486721,17,741.9,50,1175,64.87
META,2026-10-06,2026-10-23,705.0,C,44.95,47.9,46.425,39.4598,0.746535,0.005066,-0.650469,0.512509,17,741.9,4,182,64.87
META,2026-10-06,2026-10-23,710.0,C,41.45,44.4,42.925,39.3805,0.719595,0.005342,-0.678554,0.539352,17,741.9,23,264,64.87
META,2026-10-06,2026-10-23,715.0,C,38.1,40.35,39.225,38.1232,0.695943,0.005731,-0.680352,0.560065,17,741.9,13,458,64.87
META,2026-10-06,2026-10-23,720.0,C,35.1,37.25,36.175,38.2697,0.665218,0.005944,-0.7066,0.583161,17,741.9,106,517,64.87
META,2026-10-06,2026-10-23,725.0,C,32.15,34.05,33.1,37.9981,0.634884,0.006179,-0.72075,0.601887,17,741.9,93,680,64.87
META,2026-10-06,2026-10-23,730.0,C,29.4,30.6,30.0,37.1039,0.604627,0.006483,-0.718954,0.616659,17,741.9,185,400,64.87
META,2026-10-06,2026-10-23,735.0,C,26.75,27.65,27.2,36.7591,0.571832,0.006668,-0.723014,0.628371,17,741.9,55,245,64.87
META,2026-10-06,2026-10-23,740.0,C,24.15,24.85,24.5,36.399,0.538138,0.006814,-0.721907,0.635833,17,741.9,180,1179,64.87
META,2026-10-06,2026-10-23,745.0,C,21.75,22.5,22.125,36.4722,0.504052,0.006831,-0.723855,0.638721,17,741.9,192,315,64.87
META,2026-10-06,2026-10-23,750.0,C,19.5,20.25,19.875,36.4508,0.470142,0.006816,-0.719053,0.636964,17,741.9,219,927,64.87
META,2026-10-06,2026-10-23,755.0,C,17.35,18.0,17.675,36.1762,0.435974,0.006799,-0.704501,0.63051,17,741.9,632,244,64.87
META,2026-10-06,2026-10-23,760.0,C,15.45,16.1,15.775,36.1975,0.40302,0.006679,-0.691001,0.619786,17,741.9,293,2472,64.87
META,2026-10-06,2026-10-23,765.0,C,13.75,14.4,14.075,36.2921,0.371298,0.006505,-0.674776,0.605219,17,741.9,51,335,64.87
META,2026-10-06,2026-10-23,770.0,C,12.15,12.7,12.425,36.1457,0.339591,0.006328,-0.649757,0.586396,17,741.9,185,558,64.87
META,2026-10-06,2026-10-23,775.0,C,10.75,11.3,11.025,36.2616,0.310401,0.00608,-0.626904,0.565182,17,741.9,44,524,64.87
META,2026-10-06,2026-10-23,780.0,C,9.45,9.85,9.65,36.0541,0.280735,0.005839,-0.594126,0.539658,17,741.9,324,803,64.87
META,2026-10-06,2026-10-23,785.0,C,8.35,8.85,8.6,36.4325,0.256207,0.005518,-0.572252,0.515404,17,741.9,44,846,64.87
META,2026-10-06,2026-10-23,790.0,C,7.3,7.7,7.5,36.3196,0.230145,0.005223,-0.5375,0.486348,17,741.9,79,372,64.87
META,2026-10-06,2026-10-23,795.0,C,6.4,6.9,6.65,36.695,0.209063,0.004892,-0.513049,0.460232,17,741.9,201,119,64.87
META,2026-10-06,2026-10-23,800.0,C,5.65,5.8,5.725,36.2067,0.183556,0.004582,-0.467286,0.425307,17,741.9,839,1465,64.87
META,2026-10-06,2026-10-23,805.0,C,4.9,5.25,5.075,36.7499,0.167033,0.004252,-0.446094,0.400607,17,741.9,47,147,64.87
META,2026-10-06,2026-10-23,810.0,C,4.3,4.6,4.45,36.8842,0.149184,0.003934,-0.41521,0.371958,17,741.9,58,741,64.87
META,2026-10-06,2026-10-23,815.0,C,3.7,4.05,3.875,37.0917,0.133381,0.003626,-0.386581,0.344763,17,741.9,73,79,64.87
META,2026-10-06,2026-10-23,820.0,C,3.25,3.55,3.4,37.2687,0.118813,0.003329,-0.35796,0.31805,17,741.9,49,571,64.87
META,2026-10-06,2026-10-23,825.0,C,2.85,3.15,3.0,37.5739,0.106445,0.003053,-0.333304,0.294031,17,741.9,16,232,64.87
META,2026-10-06,2026-10-23,830.0,C,2.49,2.74,2.615,37.6898,0.09411,0.002781,-0.305316,0.268748,17,741.9,24,270,64.87
META,2026-10-06,2026-10-23,835.0,C,2.18,2.42,2.3,37.9645,0.083939,0.002536,-0.282196,0.24681,17,741.9,14,146,64.87
META,2026-10-06,2026-10-23,840.0,C,1.93,2.13,2.03,38.2086,0.074634,0.002305,-0.259631,0.225803,17,741.9,636,239,64.87
META,2026-10-06,2026-10-23,845.0,C,1.68,1.9,1.79,38.5626,0.066881,0.002099,-0.24067,0.207549,17,741.9,126,69,64.87
META,2026-10-06,2026-10-23,850.0,C,1.51,1.65,1.58,38.6969,0.05884,0.001893,-0.21842,0.187833,17,741.9,260,657,64.87
META,2026-10-06,2026-10-23,855.0,C,1.3,1.5,1.4,39.1974,0.053387,0.001731,-0.204766,0.173964,17,741.9,39,93,64.87
META,2026-10-06,2026-10-23,860.0,C,1.14,1.35,1.245,39.6124,0.048128,0.001577,-0.190409,0.160174,17,741.9,122,236,64.87
META,2026-10-06,2026-10-23,865.0,C,1.04,1.19,1.115,39.8444,0.042669,0.001423,-0.173748,0.14539,17,741.9,40,175,64.87
META,2026-10-06,2026-10-23,870.0,C,0.93,1.05,0.99,40.1007,0.037902,0.001285,-0.158737,0.132052,17,741.9,21,158,64.87
META,2026-10-06,2026-10-23,875.0,C,0.79,0.99,0.89,40.8209,0.035322,0.001191,-0.152447,0.124653,17,741.9,6,165,64.87
META,2026-10-06,2026-10-23,880.0,C,0.7,0.9,0.8,41.2604,0.032046,0.001088,-0.142152,0.115055,17,741.9,2,170,64.87
META,2026-10-06,2026-10-23,885.0,C,0.62,0.8,0.71,41.5289,0.028572,0.000983,-0.13004,0.104618,17,741.9,4,62,64.87
META,2026-10-06,2026-10-23,890.0,C,0.55,0.74,0.645,42.0782,0.026297,0.000905,-0.122896,0.097625,17,741.9,3,237,64.87
META,2026-10-06,2026-10-23,895.0,C,0.51,0.65,0.58,42.2613,0.023247,0.000813,-0.111261,0.088035,17,741.9,1,86,64.87
META,2026-10-06,2026-10-23,900.0,C,0.46,0.58,0.52,42.5299,0.020754,0.000734,-0.101701,0.079993,17,741.9,15,414,64.87
META,2026-10-06,2026-10-23,905.0,C,0.39,0.56,0.475,43.3111,0.019735,0.00069,-0.0992,0.076651,17,741.9,2,33,64.87
META,2026-10-06,2026-10-23,910.0,C,0.36,0.49,0.425,43.4576,0.017397,0.000618,-0.089373,0.068848,17,741.9,4,224,64.87
META,2026-10-06,2026-10-23,915.0,C,0.31,0.47,0.39,44.1656,0.016467,0.00058,-0.08663,0.065689,17,741.9,11,26,64.87
META,2026-10-06,2026-10-23,920.0,C,0.28,0.42,0.35,44.4341,0.014769,0.000525,-0.079358,0.05983,17,741.9,12,80,64.87
META,2026-10-06,2026-10-23,925.0,C,0.26,0.39,0.325,44.9224,0.013642,0.000485,-0.074902,0.055875,17,741.9,75,35,64.87
META,2026-10-06,2026-10-23,930.0,C,0.22,0.37,0.295,45.5084,0.012786,0.000453,-0.071726,0.052834,17,741.9,10,66,64.87
META,2026-10-06,2026-10-23,935.0,C,0.19,0.31,0.25,45.3619,0.010868,0.000395,-0.062076,0.045884,17,741.9,64,33,64.87
META,2026-10-06,2026-10-23,940.0,C,0.15,0.33,0.24,46.6314,0.011222,0.000395,-0.065596,0.047182,17,741.9,5,53,64.87
META,2026-10-06,2026-10-23,945.0,C,0.13,0.31,0.22,47.1441,0.010472,0.000368,-0.062427,0.044426,17,741.9,7,26,64.87
META,2026-10-06,2026-10-23,950.0,C,0.14,0.27,0.205,47.1685,0.009148,0.000326,-0.055489,0.039477,17,741.9,12,211,64.87
META,2026-10-06,2026-10-23,955.0,C,0.1,0.27,0.185,48.0474,0.009011,0.000316,-0.055768,0.03896,17,741.9,4,35,64.87
META,2026-10-06,2026-10-23,960.0,C,0.09,0.26,0.175,48.6822,0.008594,0.000299,-0.054192,0.037374,17,741.9,2,20,64.87
META,2026-10-06,2026-10-23,965.0,C,0.1,0.24,0.17,49.0239,0.00788,0.000276,-0.050559,0.034634,17,741.9,1,39,64.87
META,2026-10-06,2026-10-23,970.0,C,0.07,0.23,0.15,49.6099,0.007489,0.00026,-0.04891,0.033115,17,741.9,2,31,64.87
META,2026-10-06,2026-10-23,975.0,C,0.06,0.22,0.14,50.1958,0.007129,0.000246,-0.047372,0.031706,17,741.9,2,10,64.87
META,2026-10-06,2026-10-23,980.0,C,0.07,0.21,0.14,50.7329,0.006749,0.000232,-0.045613,0.030212,17,741.9,7,27,64.87
META,2026-10-06,2026-10-23,985.0,C,0.04,0.2,0.12,51.2212,0.006355,0.000218,-0.043658,0.028647,17,741.9,4,14,64.87
META,2026-10-06,2026-10-23,990.0,C,0.05,0.19,0.12,51.7095,0.005993,0.000205,-0.041832,0.027195,17,741.9,1,16,64.87
META,2026-10-06,2026-10-23,995.0,C,0.03,0.18,0.105,52.1977,0.005659,0.000193,-0.040125,0.025846,17,741.9,5,17,64.87
META,2026-10-06,2026-10-23,1000.0,C,0.1,0.15,0.125,50.8794,0.004062,0.000147,-0.029098,0.01923,17,741.9,28,489,64.87
META,2026-10-06,2026-10-23,1010.0,C,0.02,0.22,0.12,52.1489,0.003813,0.000136,-0.028175,0.018174,17,741.9,3,34,64.87
META,2026-10-06,2026-10-23,1020.0,C,0.07,0.17,0.12,53.6137,0.003711,0.000129,-0.028259,0.017735,17,741.9,8,163,64.87
META,2026-10-06,2026-10-23,1030.0,C,0.01,0.16,0.085,53.2231,0.002695,9.7e-05,-0.021032,0.013299,17,741.9,1,21,64.87
META,2026-10-06,2026-10-23,1040.0,C,0.0,0.44,0.22,60.3031,0.005937,0.000174,-0.048299,0.026969,17,741.9,1,8,64.87
META,2026-10-06,2026-10-23,1050.0,C,0.0,0.2,0.1,56.8364,0.002934,9.9e-05,-0.024234,0.014358,17,741.9,71,293,64.87
META,2026-10-06,2026-10-23,1060.0,C,0.0,0.54,0.27,64.7464,0.00675,0.000182,-0.058068,0.030216,17,741.9,2,10,64.87
META,2026-10-06,2026-10-23,1070.0,C,0.0,0.14,0.07,57.6176,0.002067,7.1e-05,-0.017887,0.010459,17,741.9,1,125,64.87
META,2026-10-06,2026-10-23,1080.0,C,0.0,0.62,0.31,68.7503,0.007263,0.000183,-0.065739,0.032231,17,741.9,2,6,64.87
META,2026-10-06,2026-10-23,1090.0,C,0.0,0.65,0.325,70.6058,0.007419,0.000181,-0.068777,0.032842,17,741.9,2,28,64.87
META,2026-10-06,2026-10-23,1100.0,C,0.0,0.68,0.34,72.4124,0.007547,0.00018,-0.071594,0.03334,17,741.9,6,3,64.87
META,2026-10-06,2026-10-23,1140.0,C,0.0,0.78,0.39,79.2971,0.007897,0.000171,-0.081537,0.034699,17,741.9,0,1,64.87
META,2026-10-06,2026-10-23,1150.0,C,0.0,0.8,0.4,80.9084,0.00793,0.000168,-0.083481,0.034824,17,741.9,0,8,64.87
META,2026-10-06,2026-10-23,1160.0,C,0.0,0.82,0.41,82.5197,0.007972,0.000165,-0.085527,0.034986,17,741.9,1,1,64.87
META,2026-10-06,2026-10-23,1190.0,C,0.0,0.86,0.43,87.0607,0.007958,0.000157,-0.090059,0.034932,17,741.9,1,25,64.87
META,2026-10-06,2026-10-23,1240.0,C,0.0,0.92,0.46,94.2383,0.007874,0.000143,-0.09653,0.034609,17,741.9,10,10,64.87
META,2026-10-06,2026-10-23,1250.0,C,0.0,0.34,0.17,85.7423,0.003298,7.3e-05,-0.04048,0.015951,17,741.9,48,15,64.87
META,2026-10-06,2026-10-23,1320.0,C,0.0,0.01,0.005,71.8753,0.000145,5e-06,-0.001905,0.000896,17,741.9,14,2,64.87
META,2026-10-06,2026-10-23,1400.0,C,0.0,0.01,0.005,78.1252,0.000121,4e-06,-0.001749,0.000757,17,741.9,0,200,64.87
META,2026-10-06,2026-10-23,1490.0,C,0.0,0.01,0.005,84.3752,9.6e-05,3e-06,-0.001528,0.000613,17,741.9,0,2,64.87
META,2026-10-06,2026-10-23,100.0,P,0.01,0.07,0.04,288.2815,-0.000204,2e-06,-0.010446,0.001234,17,741.9,4,4,64.87
META,2026-10-06,2026-10-23,180.0,P,0.0,1.02,0.51,262.4027,-0.002657,2e-05,-0.101068,0.013129,17,741.9,1,18,64.87
META,2026-10-06,2026-10-23,320.0,P,0.01,0.06,0.035,121.8754,-0.000425,8e-06,-0.008746,0.00245,17,741.9,26,1,64.87
META,2026-10-06,2026-10-23,330.0,P,0.0,1.0,0.5,154.0041,-0.004537,5.4e-05,-0.095741,0.021228,17,741.9,8,7,64.87
META,2026-10-06,2026-10-23,350.0,P,0.0,0.99,0.495,143.4573,-0.004834,6.1e-05,-0.094357,0.022467,17,741.9,0,1,64.87
META,2026-10-06,2026-10-23,360.0,P,0.0,0.98,0.49,138.2816,-0.004961,6.5e-05,-0.093059,0.022991,17,741.9,0,2,64.87
META,2026-10-06,2026-10-23,370.0,P,0.0,0.97,0.485,133.3011,-0.005104,6.9e-05,-0.091994,0.023581,17,741.9,0,2,64.87
META,2026-10-06,2026-10-23,400.0,P,0.0,0.92,0.46,118.7504,-0.00545,8.2e-05,-0.086818,0.024996,17,741.9,2,3,64.87
META,2026-10-06,2026-10-23,405.0,P,0.0,0.91,0.455,116.4067,-0.005502,8.4e-05,-0.085812,0.025207,17,741.9,0,2,64.87
META,2026-10-06,2026-10-23,410.0,P,0.0,0.9,0.45,114.0629,-0.005544,8.7e-05,-0.084656,0.025381,17,741.9,1,4,64.87
META,2026-10-06,2026-10-23,415.0,P,0.0,0.89,0.445,111.768,-0.005594,8.9e-05,-0.0836,0.025582,17,741.9,0,4,64.87
META,2026-10-06,2026-10-23,420.0,P,0.0,0.88,0.44,109.5219,-0.005651,9.2e-05,-0.082649,0.025812,17,741.9,14,5,64.87
META,2026-10-06,2026-10-23,425.0,P,0.0,0.86,0.43,107.1294,-0.005648,9.4e-05,-0.080799,0.025801,17,741.9,6,3,64.87
META,2026-10-06,2026-10-23,430.0,P,0.0,0.85,0.425,104.9321,-0.005703,9.7e-05,-0.079814,0.026024,17,741.9,13,5,64.87
META,2026-10-06,2026-10-23,435.0,P,0.0,0.83,0.415,102.5884,-0.005695,9.9e-05,-0.077929,0.025993,17,741.9,4,16,64.87
META,2026-10-06,2026-10-23,440.0,P,0.0,0.81,0.405,100.2935,-0.005694,0.000101,-0.076157,0.025987,17,741.9,3,27,64.87
META,2026-10-06,2026-10-23,445.0,P,0.0,0.79,0.395,97.9981,-0.00568,0.000103,-0.074247,0.025932,17,741.9,2,43,64.87
META,2026-10-06,2026-10-23,450.0,P,0.0,0.77,0.385,95.752,-0.005674,0.000106,-0.07246,0.025906,17,741.9,4,20,64.87
META,2026-10-06,2026-10-23,455.0,P,0.0,0.75,0.375,93.5548,-0.005675,0.000108,-0.070798,0.02591,17,741.9,7,8,64.87
META,2026-10-06,2026-10-23,460.0,P,0.0,0.73,0.365,91.3087,-0.005644,0.00011,-0.068754,0.025785,17,741.9,1,32,64.87
META,2026-10-06,2026-10-23,465.0,P,0.0,0.71,0.355,89.1603,-0.005641,0.000113,-0.067096,0.025773,17,741.9,3,14,64.87
META,2026-10-06,2026-10-23,470.0,P,0.0,0.69,0.345,86.963,-0.005605,0.000115,-0.065063,0.025628,17,741.9,2,17,64.87
META,2026-10-06,2026-10-23,475.0,P,0.0,0.67,0.335,84.8634,-0.005599,0.000118,-0.06342,0.025603,17,741.9,6,8,64.87
META,2026-10-06,2026-10-23,480.0,P,0.0,0.64,0.32,82.5685,-0.005493,0.000119,-0.060651,0.025171,17,741.9,5,27,64.87
META,2026-10-06,2026-10-23,485.0,P,0.0,0.61,0.305,80.3225,-0.005393,0.00012,-0.058033,0.024762,17,741.9,3,9,64.87
META,2026-10-06,2026-10-23,490.0,P,0.0,0.13,0.065,66.4066,-0.001445,4.4e-05,-0.014629,0.007553,17,741.9,8,22,64.87
META,2026-10-06,2026-10-23,495.0,P,0.0,0.56,0.28,76.0256,-0.005237,0.000124,-0.053498,0.024127,17,741.9,81,89,64.87
META,2026-10-06,2026-10-23,500.0,P,0.0,0.52,0.26,73.6331,-0.00502,0.000123,-0.049887,0.023235,17,741.9,3,167,64.87
META,2026-10-06,2026-10-23,505.0,P,0.0,0.11,0.055,60.9379,-0.001329,4.5e-05,-0.012421,0.006993,17,741.9,11,27,64.87
META,2026-10-06,2026-10-23,510.0,P,0.01,0.1,0.055,59.5707,-0.001376,4.7e-05,-0.012534,0.00722,17,741.9,13,25,64.87
META,2026-10-06,2026-10-23,515.0,P,0.01,0.12,0.065,58.9848,-0.001609,5.5e-05,-0.014316,0.008331,17,741.9,14,19,64.87
META,2026-10-06,2026-10-23,520.0,P,0.03,0.14,0.085,59.1801,-0.002111,7e-05,-0.018378,0.010661,17,741.9,2,66,64.87
META,2026-10-06,2026-10-23,525.0,P,0.02,0.13,0.075,57.0317,-0.001948,6.8e-05,-0.016464,0.009914,17,741.9,6,47,64.87
META,2026-10-06,2026-10-23,530.0,P,0.03,0.11,0.07,55.1762,-0.001867,6.7e-05,-0.015319,0.009537,17,741.9,8,178,64.87
META,2026-10-06,2026-10-23,535.0,P,0.03,0.2,0.115,56.5434,-0.002929,9.9e-05,-0.023593,0.014336,17,741.9,9,75,64.87
META,2026-10-06,2026-10-23,540.0,P,0.04,0.16,0.1,54.2973,-0.002674,9.5e-05,-0.020862,0.013205,17,741.9,1,262,64.87
META,2026-10-06,2026-10-23,545.0,P,0.04,0.17,0.105,53.1255,-0.002857,0.000103,-0.02166,0.014017,17,741.9,5,184,64.87
META,2026-10-06,2026-10-23,550.0,P,0.07,0.17,0.12,52.4419,-0.003288,0.000118,-0.024257,0.015907,17,741.9,26,284,64.87
META,2026-10-06,2026-10-23,555.0,P,0.06,0.19,0.125,51.27,-0.003515,0.000129,-0.025177,0.016893,17,741.9,2,93,64.87
META,2026-10-06,2026-10-23,560.0,P,0.07,0.21,0.14,50.4888,-0.003988,0.000146,-0.027754,0.018917,17,741.9,1,212,64.87
META,2026-10-06,2026-10-23,565.0,P,0.08,0.15,0.115,49.4146,-0.004331,0.000161,-0.029237,0.020369,17,741.9,41,131,64.87
META,2026-10-06,2026-10-23,570.0,P,0.09,0.24,0.165,50.7817,-0.006626,0.000228,-0.043834,0.029724,17,741.9,22,129,64.87
META,2026-10-06,2026-10-23,575.0,P,0.1,0.26,0.18,49.8052,-0.007301,0.000254,-0.046816,0.032381,17,741.9,23,196,64.87
META,2026-10-06,2026-10-23,580.0,P,0.12,0.28,0.2,48.731,-0.007949,0.000279,-0.049345,0.034897,17,741.9,2,195,64.87
META,2026-10-06,2026-10-23,585.0,P,0.14,0.31,0.225,47.9009,-0.008937,0.000315,-0.053737,0.038679,17,741.9,5,85,64.87
META,2026-10-06,2026-10-23,590.0,P,0.17,0.32,0.245,46.5826,-0.009445,0.00034,-0.054822,0.040597,17,741.9,14,140,64.87
META,2026-10-06,2026-10-23,595.0,P,0.22,0.36,0.29,45.8013,-0.010705,0.000386,-0.0601,0.045286,17,741.9,13,335,64.87
META,2026-10-06,2026-10-23,600.0,P,0.3,0.4,0.35,44.9713,-0.012064,0.000436,-0.065431,0.050239,17,741.9,137,519,64.87
META,2026-10-06,2026-10-23,605.0,P,0.29,0.46,0.375,44.3365,-0.013929,0.000501,-0.073008,0.05689,17,741.9,118,200,64.87
META,2026-10-06,2026-10-23,610.0,P,0.36,0.5,0.43,43.3111,-0.015346,0.000557,-0.077472,0.061834,17,741.9,83,297,64.87
META,2026-10-06,2026-10-23,615.0,P,0.43,0.58,0.505,42.7496,-0.017876,0.000643,-0.087086,0.070463,17,741.9,91,497,64.87
META,2026-10-06,2026-10-23,620.0,P,0.5,0.66,0.58,42.0416,-0.020462,0.000733,-0.096003,0.079038,17,741.9,73,532,64.87
META,2026-10-06,2026-10-23,625.0,P,0.6,0.76,0.68,41.4312,-0.023669,0.000841,-0.106911,0.089376,17,741.9,157,205,64.87
META,2026-10-06,2026-10-23,630.0,P,0.7,0.87,0.785,40.7721,-0.027219,0.000961,-0.118187,0.100475,17,741.9,137,321,64.87
META,2026-10-06,2026-10-23,635.0,P,0.81,0.98,0.895,39.9908,-0.030908,0.001089,-0.128733,0.111668,17,741.9,95,229,64.87
META,2026-10-06,2026-10-23,640.0,P,0.94,1.12,1.03,39.3072,-0.035448,0.001241,-0.141534,0.125015,17,741.9,71,337,64.87
META,2026-10-06,2026-10-23,645.0,P,1.09,1.28,1.185,38.6359,-0.04069,0.001413,-0.15554,0.139903,17,741.9,92,384,64.87
META,2026-10-06,2026-10-23,650.0,P,1.31,1.46,1.385,37.9401,-0.046588,0.001604,-0.170202,0.156055,17,741.9,233,905,64.87
META,2026-10-06,2026-10-23,655.0,P,1.54,1.71,1.625,37.4762,-0.054368,0.001837,-0.189938,0.176491,17,741.9,67,365,64.87
META,2026-10-06,2026-10-23,660.0,P,1.8,1.98,1.89,36.9147,-0.062808,0.002089,-0.2093,0.197667,17,741.9,158,433,64.87
META,2026-10-06,2026-10-23,665.0,P,2.12,2.32,2.22,36.4752,-0.073078,0.002376,-0.232187,0.222196,17,741.9,93,350,64.87
META,2026-10-06,2026-10-23,670.0,P,2.49,2.71,2.6,36.0236,-0.0847,0.002691,-0.256106,0.248489,17,741.9,135,515,64.87
META,2026-10-06,2026-10-23,675.0,P,2.95,3.2,3.075,35.7062,-0.098669,0.00304,-0.283856,0.278253,17,741.9,87,517,64.87
META,2026-10-06,2026-10-23,680.0,P,3.5,3.75,3.625,35.3522,-0.114182,0.003412,-0.31182,0.309205,17,741.9,140,513,64.87
META,2026-10-06,2026-10-23,685.0,P,4.1,4.45,4.275,35.1752,-0.132692,0.00381,-0.344145,0.343536,17,741.9,62,319,64.87
META,2026-10-06,2026-10-23,690.0,P,4.9,5.2,5.05,34.8761,-0.152438,0.00422,-0.374109,0.37734,17,741.9,182,283,64.87
META,2026-10-06,2026-10-23,695.0,P,5.7,6.1,5.9,34.6778,-0.174895,0.004641,-0.405916,0.412571,17,741.9,54,458,64.87
META,2026-10-06,2026-10-23,700.0,P,6.7,7.1,6.9,34.4397,-0.199196,0.005065,-0.435983,0.447167,17,741.9,1768,2485,64.87
META,2026-10-06,2026-10-23,705.0,P,7.9,8.25,8.075,34.2475,-0.225868,0.005481,-0.465482,0.481243,17,741.9,50,508,64.87
META,2026-10-06,2026-10-23,710.0,P,9.15,9.6,9.375,34.1651,-0.255169,0.005872,-0.495012,0.514313,17,741.9,50,270,64.87
META,2026-10-06,2026-10-23,715.0,P,10.6,11.05,10.825,33.9881,-0.285804,0.006247,-0.519668,0.54431,17,741.9,104,290,64.87
META,2026-10-06,2026-10-23,720.0,P,12.2,12.75,12.475,33.9667,-0.318845,0.006566,-0.543821,0.571709,17,741.9,48,257,64.87
META,2026-10-06,2026-10-23,725.0,P,14.0,14.6,14.3,33.9087,-0.353071,0.006844,-0.56301,0.594927,17,741.9,57,498,64.87
META,2026-10-06,2026-10-23,730.0,P,16.0,16.6,16.3,33.8172,-0.388322,0.007077,-0.576849,0.61356,17,741.9,292,216,64.87
META,2026-10-06,2026-10-23,735.0,P,18.2,18.8,18.5,33.7592,-0.424511,0.007248,-0.586239,0.627284,17,741.9,141,168,64.87
META,2026-10-06,2026-10-23,740.0,P,20.7,21.15,20.925,33.6585,-0.461211,0.007368,-0.589495,0.635732,17,741.9,195,178,64.87
META,2026-10-06,2026-10-23,745.0,P,22.95,23.75,23.35,33.6646,-0.498128,0.007401,-0.589299,0.638747,17,741.9,58,379,64.87
META,2026-10-06,2026-10-23,750.0,P,25.9,26.55,26.225,33.7043,-0.534739,0.007365,-0.584357,0.636331,17,741.9,21,274,64.87
META,2026-10-06,2026-10-23,755.0,P,28.4,29.5,28.95,33.7073,-0.57084,0.007275,-0.573538,0.628657,17,741.9,5,66,64.87
META,2026-10-06,2026-10-23,760.0,P,31.65,32.7,32.175,33.8355,-0.605633,0.007104,-0.560352,0.616229,17,741.9,113,175,64.87
META,2026-10-06,2026-10-23,765.0,P,34.7,36.15,35.425,34.1102,-0.638437,0.00686,-0.545891,0.599898,17,741.9,42,68,64.87
META,2026-10-06,2026-10-23,770.0,P,37.85,40.05,38.95,34.8975,-0.666807,0.006506,-0.538742,0.58207,17,741.9,11,86,64.87
META,2026-10-06,2026-10-23,775.0,P,41.55,43.5,42.525,34.7052,-0.698585,0.00627,-0.507788,0.557881,17,741.9,1,81,64.87
META,2026-10-06,2026-10-23,780.0,P,44.85,47.85,46.35,35.8771,-0.720359,0.005856,-0.504459,0.538639,17,741.9,7,140,64.87
META,2026-10-06,2026-10-23,785.0,P,48.35,52.0,50.175,36.5363,-0.743122,0.00551,-0.488376,0.516107,17,741.9,3,9,64.87
META,2026-10-06,2026-10-23,790.0,P,52.6,55.3,53.95,35.3186,-0.776816,0.005279,-0.427181,0.47799,17,741.9,5,33,64.87
META,2026-10-06,2026-10-23,795.0,P,56.7,60.45,58.575,37.641,-0.78445,0.004855,-0.448166,0.468525,17,741.9,7,11,64.87
META,2026-10-06,2026-10-23,800.0,P,60.15,64.9,62.525,38.4345,-0.800931,0.004537,-0.432929,0.446996,17,741.9,22,45,64.87
META,2026-10-06,2026-10-23,805.0,P,64.3,69.4,66.85,39.2096,-0.815998,0.004238,-0.417125,0.42595,17,741.9,0,1,64.87
META,2026-10-06,2026-10-23,810.0,P,68.85,74.0,71.425,40.1068,-0.828869,0.003957,-0.404329,0.406893,17,741.9,4,4,64.87
META,2026-10-06,2026-10-23,815.0,P,73.35,78.6,75.975,40.9002,-0.841176,0.003698,-0.389219,0.387694,17,741.9,0,3,64.87
META,2026-10-06,2026-10-23,825.0,P,82.3,87.8,85.05,42.1881,-0.864335,0.003225,-0.352747,0.348805,17,741.9,8,24,64.87
META,2026-10-06,2026-10-23,835.0,P,91.05,97.8,94.425,45.3985,-0.872545,0.002871,-0.364273,0.334094,17,741.9,1,6,64.87
META,2026-10-06,2026-10-23,845.0,P,100.5,107.3,103.9,46.9976,-0.887578,0.002538,-0.338602,0.305798,17,741.9,3,3,64.87
META,2026-10-06,2026-10-23,850.0,P,105.35,113.1,109.225,50.9221,-0.878142,0.00248,-0.400956,0.32377,17,741.9,1,3,64.87
META,2026-10-06,2026-10-23,855.0,P,110.1,118.0,114.05,52.1367,-0.882608,0.002359,-0.398714,0.315355,17,741.9,0,2,64.87
META,2026-10-06,2026-10-23,860.0,P,115.0,122.15,118.575,50.9221,-0.898345,0.002178,-0.339309,0.284378,17,741.9,0,1,64.87
META,2026-10-06,2026-10-23,890.0,P,144.7,152.85,148.775,61.6703,-0.900938,0.001765,-0.415996,0.279065,17,741.9,0,0,64.87
META,2026-10-06,2026-10-23,895.0,P,149.65,157.85,153.75,63.0253,-0.902778,0.001704,-0.419363,0.275259,17,741.9,1,0,64.87
META,2026-10-06,2026-10-23,900.0,P,154.65,162.85,158.75,64.368,-0.904514,0.001646,-0.422686,0.271637,17,741.9,15,0,64.87
META,2026-10-06,2026-10-23,1000.0,P,254.75,263.0,258.875,63.892,-0.981356,0.000446,-0.028817,0.073034,17,741.9,0,0,64.87
META,2026-10-06,2026-10-23,1050.0,P,304.75,313.0,308.875,72.4856,-0.98342,0.000356,-0.026779,0.066075,17,741.9,1,0,64.87
META,2026-10-06,2026-10-23,1060.0,P,314.75,323.0,318.875,74.1214,-0.983778,0.000341,-0.026163,0.064852,17,741.9,1,0,64.87
META,2026-10-06,2026-10-23,1070.0,P,324.75,333.0,328.875,75.7571,-0.984089,0.000328,-0.025777,0.063783,17,741.9,0,0,64.87
META,2026-10-06,2026-10-30,100.0,C,638.45,646.6,642.525,322.2658,0.997755,1.1e-05,-0.100669,0.013395,24,741.9,1,2,64.87
META,2026-10-06,2026-10-30,110.0,C,629.3,636.8,633.05,332.6174,0.996179,1.8e-05,-0.161572,0.021634,24,741.9,0,0,64.87
META,2026-10-06,2026-10-30,310.0,C,429.85,437.4,433.625,166.4064,0.988232,9.7e-05,-0.235452,0.058423,24,741.9,5,5,64.87
META,2026-10-06,2026-10-30,400.0,C,340.55,346.85,343.7,122.6811,0.983389,0.000177,-0.243361,0.078632,24,741.9,0,1,64.87
META,2026-10-06,2026-10-30,460.0,C,280.85,287.6,284.225,102.4663,0.975038,0.000299,-0.285293,0.111045,24,741.9,1,1,64.87
META,2026-10-06,2026-10-30,480.0,C,260.35,268.05,264.2,94.3848,0.97326,0.000344,-0.281589,0.117625,24,741.9,0,1,64.87
META,2026-10-06,2026-10-30,500.0,C,240.3,247.15,243.725,83.1545,0.97556,0.000362,-0.24172,0.109094,24,741.9,1,22,64.87
META,2026-10-06,2026-10-30,510.0,C,230.9,237.35,234.125,82.5441,0.970559,0.000427,-0.272532,0.12744,24,741.9,0,12,64.87
META,2026-10-06,2026-10-30,520.0,C,220.4,227.4,223.9,77.344,0.97157,0.000442,-0.254048,0.123791,24,741.9,1,11,64.87
META,2026-10-06,2026-10-30,530.0,C,211.35,217.5,214.425,77.2463,0.964882,0.000527,-0.292302,0.147408,24,741.9,1,2,64.87
META,2026-10-06,2026-10-30,535.0,C,206.3,212.5,209.4,75.2932,0.964356,0.000548,-0.289649,0.149216,24,741.9,0,0,64.87
META,2026-10-06,2026-10-30,540.0,C,200.75,207.55,204.15,71.9729,0.966205,0.000548,-0.270476,0.142829,24,741.9,1,2,64.87
META,2026-10-06,2026-10-30,545.0,C,196.0,202.6,199.3,71.1307,0.963806,0.000587,-0.280564,0.151099,24,741.9,0,1,64.87
META,2026-10-06,2026-10-30,550.0,C,191.6,197.7,194.65,71.3565,0.959215,0.000645,-0.304377,0.166547,24,741.9,1,13,64.87
META,2026-10-06,2026-10-30,555.0,C,185.75,192.75,189.25,67.3465,0.962654,0.000636,-0.27516,0.155019,24,741.9,1,2,64.87
META,2026-10-06,2026-10-30,560.0,C,181.65,187.8,184.725,68.201,0.956452,0.000711,-0.307185,0.17562,24,741.9,1,9,64.87
META,2026-10-06,2026-10-30,565.0,C,176.25,182.9,179.575,65.662,0.957069,0.000731,-0.295755,0.173606,24,741.9,1,3,64.87
META,2026-10-06,2026-10-30,570.0,C,171.75,178.0,174.875,65.4178,0.95263,0.000794,-0.314527,0.187913,24,741.9,4,4,64.87
META,2026-10-06,2026-10-30,575.0,C,166.3,173.05,169.675,62.6896,0.95373,0.000813,-0.299924,0.184405,24,741.9,3,4,64.87
META,2026-10-06,2026-10-30,580.0,C,161.75,168.15,164.95,62.2501,0.949357,0.00088,-0.316311,0.198216,24,741.9,4,7,64.87
META,2026-10-06,2026-10-30,585.0,C,156.9,163.25,160.075,61.06,0.946593,0.000936,-0.322577,0.206761,24,741.9,3,10,64.87
META,2026-10-06,2026-10-30,590.0,C,150.6,158.4,154.5,56.7021,0.952192,0.000922,-0.284245,0.189302,24,741.9,28,24,64.87
META,2026-10-06,2026-10-30,595.0,C,147.5,152.85,150.175,57.9838,0.942504,0.001044,-0.325064,0.219164,24,741.9,1,11,64.87
META,2026-10-06,2026-10-30,600.0,C,142.4,148.7,145.55,57.7214,0.936508,0.001134,-0.345161,0.236855,24,741.9,4,34,64.87
META,2026-10-06,2026-10-30,605.0,C,136.25,143.85,140.05,53.9922,0.940817,0.001147,-0.313473,0.224198,24,741.9,10,18,64.87
META,2026-10-06,2026-10-30,610.0,C,132.85,139.05,135.95,55.634,0.928135,0.001294,-0.362808,0.260645,24,741.9,1,34,64.87
META,2026-10-06,2026-10-30,615.0,C,128.55,134.25,131.4,55.3593,0.92089,0.0014,-0.384059,0.280441,24,741.9,1,22,64.87
META,2026-10-06,2026-10-30,620.0,C,123.35,129.5,126.425,53.6198,0.918256,0.001481,-0.382077,0.287467,24,741.9,2,123,64.87
META,2026-10-06,2026-10-30,625.0,C,118.8,124.8,121.8,52.9607,0.911481,0.001592,-0.397589,0.305143,24,741.9,2,34,64.87
META,2026-10-06,2026-10-30,630.0,C,114.35,120.1,117.225,52.3564,0.903986,0.00171,-0.414282,0.324066,24,741.9,6,54,64.87
META,2026-10-06,2026-10-30,635.0,C,110.7,114.65,112.675,51.7339,0.896004,0.001835,-0.430906,0.343528,24,741.9,2,68,64.87
META,2026-10-06,2026-10-30,640.0,C,104.85,110.3,107.575,56.2901,0.867374,0.002003,-0.537112,0.408042,24,741.9,1,111,64.87
META,2026-10-06,2026-10-30,645.0,C,100.85,105.7,103.275,55.1518,0.859724,0.002124,-0.545653,0.424,24,741.9,3,35,64.87
META,2026-10-06,2026-10-30,650.0,C,96.9,101.4,99.15,54.6025,0.849284,0.002252,-0.564283,0.444973,24,741.9,4,742,64.87
META,2026-10-06,2026-10-30,655.0,C,92.6,96.85,94.725,53.4459,0.840574,0.002387,-0.572079,0.461792,24,741.9,3,75,64.87
META,2026-10-06,2026-10-30,660.0,C,88.9,92.5,90.7,52.625,0.829931,0.002528,-0.585441,0.481537,24,741.9,1,287,64.87
META,2026-10-06,2026-10-30,665.0,C,84.4,88.25,86.325,51.9139,0.818174,0.002674,-0.60034,0.502361,24,741.9,9,89,64.87
META,2026-10-06,2026-10-30,670.0,C,79.9,84.35,82.125,51.743,0.803595,0.002813,-0.624142,0.526802,24,741.9,3,274,64.87
META,2026-10-06,2026-10-30,675.0,C,76.05,80.3,78.175,51.1754,0.789847,0.002962,-0.640385,0.548512,24,741.9,2,166,64.87
META,2026-10-06,2026-10-30,680.0,C,72.4,75.9,74.15,49.9089,0.777979,0.003135,-0.643871,0.566248,24,741.9,6,308,64.87
META,2026-10-06,2026-10-30,685.0,C,69.3,72.4,70.85,50.0463,0.760077,0.003265,-0.670546,0.591306,24,741.9,4,213,64.87
META,2026-10-06,2026-10-30,690.0,C,65.1,68.55,66.825,49.4756,0.744056,0.003418,-0.684031,0.612063,24,741.9,4,255,64.87
META,2026-10-06,2026-10-30,695.0,C,61.85,64.8,63.325,48.9416,0.727128,0.00357,-0.696939,0.632349,24,741.9,2,73,64.87
META,2026-10-06,2026-10-30,700.0,C,58.95,60.75,59.85,47.846,0.711138,0.003754,-0.699244,0.650001,24,741.9,56,486,64.87
META,2026-10-06,2026-10-30,705.0,C,55.2,57.4,56.3,47.672,0.691488,0.003882,-0.71527,0.669749,24,741.9,5,73,64.87
META,2026-10-06,2026-10-30,710.0,C,52.2,54.25,53.225,47.6354,0.670939,0.003992,-0.731712,0.688168,24,741.9,13,206,64.87
META,2026-10-06,2026-10-30,715.0,C,49.4,51.0,50.2,47.3119,0.650569,0.004113,-0.741609,0.704234,24,741.9,45,112,64.87
META,2026-10-06,2026-10-30,720.0,C,46.55,48.1,47.325,47.3302,0.629049,0.004197,-0.754896,0.71889,24,741.9,49,457,64.87
META,2026-10-06,2026-10-30,725.0,C,43.8,45.0,44.4,46.9335,0.607802,0.004304,-0.759476,0.731072,24,741.9,153,518,64.87
META,2026-10-06,2026-10-30,730.0,C,41.2,42.05,41.625,46.5978,0.585967,0.004395,-0.762802,0.741263,24,741.9,271,971,64.87
META,2026-10-06,2026-10-30,735.0,C,38.55,39.35,38.95,46.4513,0.563632,0.004457,-0.766774,0.749278,24,741.9,31,281,64.87
META,2026-10-06,2026-10-30,740.0,C,36.05,36.9,36.475,46.4849,0.541128,0.004487,-0.771194,0.754916,24,741.9,328,1030,64.87
META,2026-10-06,2026-10-30,745.0,C,33.65,34.3,33.975,46.1828,0.518469,0.004536,-0.767983,0.758139,24,741.9,55,186,64.87
META,2026-10-06,2026-10-30,750.0,C,31.4,32.15,31.775,46.3201,0.496094,0.004527,-0.769316,0.758916,24,741.9,268,1676,64.87
META,2026-10-06,2026-10-30,755.0,C,29.2,30.1,29.65,46.4468,0.473996,0.004505,-0.768218,0.75734,24,741.9,92,220,64.87
META,2026-10-06,2026-10-30,760.0,C,27.15,27.9,27.525,46.2408,0.451562,0.004502,-0.759539,0.753351,24,741.9,52,612,64.87
META,2026-10-06,2026-10-30,765.0,C,25.2,25.8,25.5,46.0241,0.429201,0.004484,-0.748427,0.746969,24,741.9,32,253,64.87
META,2026-10-06,2026-10-30,770.0,C,23.35,24.3,23.825,46.4651,0.408942,0.004395,-0.746182,0.739096,24,741.9,42,536,64.87
META,2026-10-06,2026-10-30,775.0,C,21.65,22.35,22.0,46.1767,0.387014,0.004358,-0.729789,0.728307,24,741.9,56,228,64.87
META,2026-10-06,2026-10-30,780.0,C,20.05,20.55,20.3,45.9478,0.365532,0.004302,-0.712427,0.715421,24,741.9,181,289,64.87
META,2026-10-06,2026-10-30,785.0,C,18.5,19.15,18.825,46.1416,0.346135,0.004202,-0.700775,0.70178,24,741.9,34,291,64.87
META,2026-10-06,2026-10-30,790.0,C,17.05,17.6,17.325,45.9966,0.325913,0.004118,-0.681568,0.685491,24,741.9,66,310,64.87
META,2026-10-06,2026-10-30,795.0,C,15.7,16.35,16.025,46.1553,0.30763,0.004004,-0.666535,0.668908,24,741.9,12,279,64.87
META,2026-10-06,2026-10-30,800.0,C,14.6,15.0,14.8,46.0424,0.288694,0.0039,-0.645258,0.649824,24,741.9,331,1762,64.87
META,2026-10-06,2026-10-30,805.0,C,13.4,14.05,13.725,46.4178,0.272893,0.003764,-0.632281,0.632373,24,741.9,401,389,64.87
META,2026-10-06,2026-10-30,810.0,C,12.35,12.8,12.575,46.2103,0.254759,0.003651,-0.607225,0.610581,24,741.9,62,437,64.87
META,2026-10-06,2026-10-30,815.0,C,11.3,11.75,11.525,46.198,0.238313,0.003524,-0.5852,0.589133,24,741.9,11,203,64.87
META,2026-10-06,2026-10-30,820.0,C,10.4,10.8,10.6,46.2347,0.22283,0.003391,-0.563579,0.567423,24,741.9,53,342,64.87
META,2026-10-06,2026-10-30,825.0,C,9.55,9.95,9.75,46.3293,0.208384,0.003255,-0.542731,0.545789,24,741.9,63,193,64.87
META,2026-10-06,2026-10-30,830.0,C,8.75,9.2,8.975,46.5002,0.195089,0.003118,-0.5232,0.524657,24,741.9,25,543,64.87
META,2026-10-06,2026-10-30,835.0,C,8.0,8.4,8.2,46.4697,0.181321,0.002982,-0.499399,0.501488,24,741.9,19,137,64.87
META,2026-10-06,2026-10-30,840.0,C,7.35,7.75,7.55,46.6253,0.169324,0.002846,-0.479424,0.480184,24,741.9,19,262,64.87
META,2026-10-06,2026-10-30,845.0,C,6.75,7.15,6.95,46.784,0.158013,0.002711,-0.459609,0.459105,24,741.9,46,210,64.87
META,2026-10-06,2026-10-30,850.0,C,6.15,6.5,6.325,46.7352,0.146157,0.002577,-0.435676,0.435926,24,741.9,86,793,64.87
META,2026-10-06,2026-10-30,860.0,C,5.15,5.45,5.3,46.8877,0.12579,0.002318,-0.393918,0.393343,24,741.9,104,188,64.87
META,2026-10-06,2026-10-30,870.0,C,4.3,4.65,4.475,47.2967,0.109182,0.002079,-0.359017,0.35581,24,741.9,34,148,64.87
META,2026-10-06,2026-10-30,880.0,C,3.6,3.85,3.725,47.3455,0.092813,0.001845,-0.318924,0.316063,24,741.9,24,303,64.87
META,2026-10-06,2026-10-30,890.0,C,3.0,3.25,3.125,47.6446,0.079707,0.001636,-0.286118,0.28204,24,741.9,123,157,64.87
META,2026-10-06,2026-10-30,900.0,C,2.58,2.71,2.645,47.8277,0.067811,0.00144,-0.253611,0.249252,24,741.9,106,2593,64.87
META,2026-10-06,2026-10-30,910.0,C,2.14,2.34,2.24,48.3709,0.058998,0.001278,-0.229951,0.22365,24,741.9,13,111,64.87
META,2026-10-06,2026-10-30,920.0,C,1.8,1.99,1.895,48.7554,0.050779,0.001126,-0.205705,0.198639,24,741.9,17,59,64.87
META,2026-10-06,2026-10-30,930.0,C,1.54,1.69,1.615,49.1094,0.043588,0.000989,-0.183195,0.175748,24,741.9,19,67,64.87
META,2026-10-06,2026-10-30,940.0,C,1.29,1.47,1.38,49.6709,0.038057,0.000876,-0.165861,0.157425,24,741.9,7,100,64.87
META,2026-10-06,2026-10-30,950.0,C,1.12,1.25,1.185,50.0249,0.032684,0.000767,-0.147352,0.13895,24,741.9,54,225,64.87
META,2026-10-06,2026-10-30,960.0,C,0.93,1.11,1.02,50.0371,0.027186,0.000659,-0.126439,0.119262,24,741.9,2,140,64.87
META,2026-10-06,2026-10-30,970.0,C,0.8,0.95,0.875,50.4522,0.023457,0.000577,-0.112605,0.105394,24,741.9,20,612,64.87
META,2026-10-06,2026-10-30,980.0,C,0.68,0.83,0.755,50.9038,0.020336,0.000507,-0.100656,0.09342,24,741.9,9,102,64.87
META,2026-10-06,2026-10-30,990.0,C,0.58,0.72,0.65,51.3188,0.017585,0.000444,-0.089634,0.082556,24,741.9,61,17,64.87
META,2026-10-06,2026-10-30,1000.0,C,0.53,0.62,0.575,51.9048,0.015517,0.000395,-0.081416,0.074172,24,741.9,7497,7685,64.87
META,2026-10-06,2026-10-30,1010.0,C,0.43,0.58,0.505,52.4419,0.013651,0.00035,-0.07364,0.066428,24,741.9,3,24,64.87
META,2026-10-06,2026-10-30,1020.0,C,0.37,0.51,0.44,52.8813,0.011899,0.000308,-0.065913,0.058986,24,741.9,1,20,64.87
META,2026-10-06,2026-10-30,1030.0,C,0.32,0.46,0.39,53.4428,0.010545,0.000275,-0.059948,0.053103,24,741.9,1,20,64.87
META,2026-10-06,2026-10-30,1040.0,C,0.26,0.43,0.345,53.9555,0.009312,0.000244,-0.054276,0.047639,24,741.9,3,38,64.87
META,2026-10-06,2026-10-30,1050.0,C,0.22,0.39,0.305,54.4438,0.008216,0.000217,-0.049058,0.042687,24,741.9,5,33,64.87
META,2026-10-06,2026-10-30,1060.0,C,0.19,0.36,0.275,55.0786,0.007404,0.000195,-0.045276,0.038954,24,741.9,8,26,64.87
META,2026-10-06,2026-10-30,1070.0,C,0.16,0.32,0.24,55.4204,0.006438,0.000172,-0.040252,0.034427,24,741.9,6,51,64.87
META,2026-10-06,2026-10-30,1080.0,C,0.15,0.3,0.225,56.2504,0.005988,0.000159,-0.038304,0.032287,24,741.9,1,12,64.87
META,2026-10-06,2026-10-30,1090.0,C,0.12,0.27,0.195,56.5434,0.005193,0.000139,-0.033924,0.028454,24,741.9,5,35,64.87
META,2026-10-06,2026-10-30,1100.0,C,0.11,0.24,0.175,57.0805,0.004667,0.000125,-0.031126,0.025868,24,741.9,3,39,64.87
META,2026-10-06,2026-10-30,1110.0,C,0.09,0.23,0.16,57.6664,0.004233,0.000114,-0.028816,0.02371,24,741.9,1,11,64.87
META,2026-10-06,2026-10-30,1120.0,C,0.07,0.22,0.145,58.2035,0.003823,0.000103,-0.026542,0.021643,24,741.9,2,3,64.87
META,2026-10-06,2026-10-30,1130.0,C,0.06,0.2,0.13,58.6918,0.003437,9.3e-05,-0.024318,0.019669,24,741.9,1,6,64.87
META,2026-10-06,2026-10-30,1140.0,C,0.05,0.19,0.12,59.2778,0.003141,8.5e-05,-0.022648,0.018141,24,741.9,2,3,64.87
META,2026-10-06,2026-10-30,1150.0,C,0.05,0.18,0.115,60.059,0.002963,7.9e-05,-0.021767,0.017212,24,741.9,1,29,64.87
META,2026-10-06,2026-10-30,1160.0,C,0.04,0.17,0.105,60.5473,0.002683,7.2e-05,-0.020062,0.015738,24,741.9,1,12,64.87
META,2026-10-06,2026-10-30,1170.0,C,0.03,0.16,0.095,61.0355,0.002435,6.5e-05,-0.018522,0.014417,24,741.9,1,34,64.87
META,2026-10-06,2026-10-30,1180.0,C,0.03,0.2,0.115,63.184,0.00283,7.2e-05,-0.021956,0.016512,24,741.9,2,10,64.87
META,2026-10-06,2026-10-30,1190.0,C,0.02,0.14,0.08,62.1098,0.002049,5.5e-05,-0.016114,0.01233,24,741.9,2,13,64.87
META,2026-10-06,2026-10-30,1200.0,C,0.03,0.14,0.085,63.3793,0.00211,5.5e-05,-0.016881,0.012661,24,741.9,8,75,64.87
META,2026-10-06,2026-10-30,1210.0,C,0.02,0.16,0.09,64.6488,0.002173,5.6e-05,-0.017683,0.013003,24,741.9,2,22,64.87
META,2026-10-06,2026-10-30,1220.0,C,0.01,0.15,0.08,65.0394,0.001969,5.1e-05,-0.016264,0.01189,24,741.9,8,6,64.87
META,2026-10-06,2026-10-30,1230.0,C,0.01,0.12,0.065,64.6488,0.001585,4.2e-05,-0.013269,0.00976,24,741.9,11,14,64.87
META,2026-10-06,2026-10-30,1240.0,C,0.01,0.12,0.065,65.6253,0.001576,4.1e-05,-0.013399,0.00971,24,741.9,8,20,64.87
META,2026-10-06,2026-10-30,1250.0,C,0.0,0.48,0.24,75.3909,0.004824,9.8e-05,-0.042217,0.026642,24,741.9,3,4,64.87
META,2026-10-06,2026-10-30,1260.0,C,0.0,0.51,0.255,76.8557,0.005003,9.9e-05,-0.044456,0.027525,24,741.9,6,3,64.87
META,2026-10-06,2026-10-30,1270.0,C,0.0,0.54,0.27,78.3205,0.005188,0.0001,-0.046779,0.028425,24,741.9,4,13,64.87
META,2026-10-06,2026-10-30,1280.0,C,0.0,0.45,0.225,77.8323,0.0044,8.7e-05,-0.040138,0.024545,24,741.9,2,3,64.87
META,2026-10-06,2026-10-30,1290.0,C,0.0,0.58,0.29,80.9084,0.005388,0.0001,-0.04997,0.0294,24,741.9,6,6,64.87
META,2026-10-06,2026-10-30,1300.0,C,0.0,0.6,0.3,82.1779,0.005481,0.0001,-0.051526,0.029851,24,741.9,1,99,64.87
META,2026-10-06,2026-10-30,1310.0,C,0.0,0.62,0.31,83.4474,0.005578,0.0001,-0.053136,0.030319,24,741.9,4,4,64.87
META,2026-10-06,2026-10-30,1320.0,C,0.0,0.64,0.32,84.6681,0.005653,0.0001,-0.054549,0.03068,24,741.9,1,1,64.87
META,2026-10-06,2026-10-30,1330.0,C,0.0,0.66,0.33,85.9376,0.005757,0.0001,-0.056265,0.031181,24,741.9,2,2,64.87
META,2026-10-06,2026-10-30,1340.0,C,0.0,0.68,0.34,87.1583,0.005839,0.0001,-0.05778,0.031576,24,741.9,3,3,64.87
META,2026-10-06,2026-10-30,1350.0,C,0.0,0.69,0.345,88.2325,0.005849,9.9e-05,-0.058572,0.031622,24,741.9,1,1,64.87
META,2026-10-06,2026-10-30,1360.0,C,0.0,0.71,0.355,89.4532,0.005938,9.9e-05,-0.06018,0.03205,24,741.9,1,1,64.87
META,2026-10-06,2026-10-30,1370.0,C,0.0,0.11,0.055,75.7815,0.001161,2.7e-05,-0.011687,0.007345,24,741.9,2,2,64.87
META,2026-10-06,2026-10-30,1380.0,C,0.01,0.11,0.06,77.1487,0.001243,2.8e-05,-0.012667,0.007821,24,741.9,2,1,64.87
META,2026-10-06,2026-10-30,1390.0,C,0.01,0.08,0.045,76.1721,0.000957,2.2e-05,-0.00984,0.006154,24,741.9,2,2,64.87
META,2026-10-06,2026-10-30,1400.0,C,0.0,0.76,0.38,93.7989,0.006056,9.6e-05,-0.064188,0.032612,24,741.9,2,0,64.87
META,2026-10-06,2026-10-30,1420.0,C,0.0,0.07,0.035,76.9534,0.000742,1.7e-05,-0.00786,0.004867,24,741.9,1,1,64.87
META,2026-10-06,2026-10-30,1480.0,C,0.0,0.87,0.435,102.2954,0.006361,9.2e-05,-0.073074,0.034064,24,741.9,0,1,64.87
META,2026-10-06,2026-10-30,1490.0,C,0.0,0.01,0.005,71.8753,0.000118,3e-06,-0.001326,0.00088,24,741.9,0,1,64.87
META,2026-10-06,2026-10-30,100.0,P,0.0,0.6,0.3,295.7034,-0.001241,7e-06,-0.04796,0.007806,24,741.9,0,1,64.87
META,2026-10-06,2026-10-30,300.0,P,0.0,0.91,0.455,143.3597,-0.003977,4.3e-05,-0.0666,0.022422,24,741.9,0,126,64.87
META,2026-10-06,2026-10-30,330.0,P,0.0,0.83,0.415,127.7347,-0.004083,5e-05,-0.060712,0.022954,24,741.9,0,1,64.87
META,2026-10-06,2026-10-30,350.0,P,0.01,0.11,0.06,97.461,-0.00084,1.5e-05,-0.011006,0.005457,24,741.9,153,23,64.87
META,2026-10-06,2026-10-30,360.0,P,0.01,0.05,0.03,88.672,-0.000474,1e-05,-0.005903,0.003218,24,741.9,12,34,64.87
META,2026-10-06,2026-10-30,370.0,P,0.0,0.69,0.345,108.4966,-0.004033,5.8e-05,-0.050964,0.022707,24,741.9,8,6,64.87
META,2026-10-06,2026-10-30,380.0,P,0.0,0.65,0.325,103.9067,-0.003975,6e-05,-0.048165,0.022413,24,741.9,10,14,64.87
META,2026-10-06,2026-10-30,390.0,P,0.0,0.05,0.025,78.1252,-0.000445,1.1e-05,-0.004898,0.003033,24,741.9,2,58,64.87
META,2026-10-06,2026-10-30,400.0,P,0.02,0.07,0.045,78.9065,-0.000769,1.8e-05,-0.008207,0.005033,24,741.9,9,95,64.87
META,2026-10-06,2026-10-30,410.0,P,0.0,0.1,0.05,76.758,-0.000889,2.1e-05,-0.009119,0.005751,24,741.9,2,5,64.87
META,2026-10-06,2026-10-30,420.0,P,0.03,0.1,0.065,75.5862,-0.001159,2.7e-05,-0.011452,0.007336,24,741.9,12,43,64.87
META,2026-10-06,2026-10-30,430.0,P,0.03,0.1,0.065,72.6565,-0.001203,2.9e-05,-0.011383,0.007589,24,741.9,1,36,64.87
META,2026-10-06,2026-10-30,440.0,P,0.03,0.12,0.075,70.7034,-0.001409,3.4e-05,-0.012797,0.00877,24,741.9,6,9,64.87
META,2026-10-06,2026-10-30,450.0,P,0.03,0.21,0.12,71.1917,-0.002224,5.2e-05,-0.019506,0.013281,24,741.9,3,62,64.87
META,2026-10-06,2026-10-30,455.0,P,0.04,0.17,0.105,68.7503,-0.002011,4.9e-05,-0.017188,0.012121,24,741.9,54,33,64.87
META,2026-10-06,2026-10-30,460.0,P,0.04,0.16,0.1,66.9925,-0.001965,4.9e-05,-0.016396,0.011869,24,741.9,8,33,64.87
META,2026-10-06,2026-10-30,465.0,P,0.05,0.15,0.1,65.6253,-0.002013,5.1e-05,-0.016419,0.012136,24,741.9,16,17,64.87
META,2026-10-06,2026-10-30,470.0,P,0.08,0.17,0.125,65.723,-0.002488,6.2e-05,-0.019916,0.014702,24,741.9,32,254,64.87
META,2026-10-06,2026-10-30,475.0,P,0.06,0.18,0.12,64.0629,-0.002457,6.3e-05,-0.019188,0.014535,24,741.9,1,16,64.87
META,2026-10-06,2026-10-30,480.0,P,0.06,0.19,0.125,62.9887,-0.002611,6.7e-05,-0.019929,0.015358,24,741.9,5,52,64.87
META,2026-10-06,2026-10-30,485.0,P,0.07,0.2,0.135,62.1098,-0.002845,7.4e-05,-0.021225,0.016592,24,741.9,1,4,64.87
META,2026-10-06,2026-10-30,490.0,P,0.08,0.21,0.145,61.1332,-0.003059,8e-05,-0.022299,0.017715,24,741.9,3,25,64.87
META,2026-10-06,2026-10-30,495.0,P,0.1,0.22,0.16,60.4496,-0.003414,8.9e-05,-0.024332,0.019553,24,741.9,1,23,64.87
META,2026-10-06,2026-10-30,500.0,P,0.11,0.18,0.145,58.4477,-0.00321,8.7e-05,-0.022253,0.018501,24,741.9,7,168,64.87
META,2026-10-06,2026-10-30,505.0,P,0.11,0.25,0.18,58.4965,-0.003942,0.000105,-0.026772,0.022245,24,741.9,3,23,64.87
META,2026-10-06,2026-10-30,510.0,P,0.13,0.27,0.2,57.8129,-0.004394,0.000117,-0.029149,0.024514,24,741.9,5,20,64.87
META,2026-10-06,2026-10-30,515.0,P,0.15,0.3,0.225,57.227,-0.004954,0.000132,-0.032103,0.027283,24,741.9,7,57,64.87
META,2026-10-06,2026-10-30,520.0,P,0.17,0.32,0.245,56.4457,-0.005449,0.000145,-0.034454,0.029696,24,741.9,5,117,64.87
META,2026-10-06,2026-10-30,525.0,P,0.24,0.35,0.295,56.3481,-0.006498,0.00017,-0.040193,0.034712,24,741.9,4,347,64.87
META,2026-10-06,2026-10-30,530.0,P,0.22,0.38,0.3,55.0786,-0.006742,0.00018,-0.040574,0.035862,24,741.9,1,65,64.87
META,2026-10-06,2026-10-30,535.0,P,0.25,0.42,0.335,54.4926,-0.007579,0.000202,-0.044492,0.039762,24,741.9,39,382,64.87
META,2026-10-06,2026-10-30,540.0,P,0.28,0.47,0.375,53.9067,-0.008512,0.000226,-0.048727,0.044036,24,741.9,50,155,64.87
META,2026-10-06,2026-10-30,545.0,P,0.39,0.48,0.435,53.5649,-0.009813,0.000257,-0.054816,0.049874,24,741.9,10,95,64.87
META,2026-10-06,2026-10-30,550.0,P,0.41,0.5,0.455,52.4907,-0.010429,0.000277,-0.056624,0.052596,24,741.9,21,325,64.87
META,2026-10-06,2026-10-30,555.0,P,0.46,0.61,0.535,52.2954,-0.012187,0.000318,-0.064567,0.060221,24,741.9,7,66,64.87
META,2026-10-06,2026-10-30,560.0,P,0.51,0.68,0.595,51.6851,-0.013604,0.000354,-0.070151,0.066231,24,741.9,15,327,64.87
META,2026-10-06,2026-10-30,565.0,P,0.6,0.75,0.675,51.2212,-0.0154,0.000398,-0.077318,0.073692,24,741.9,48,65,64.87
META,2026-10-06,2026-10-30,570.0,P,0.68,0.85,0.765,50.7817,-0.017449,0.000446,-0.085268,0.08201,24,741.9,45,147,64.87
META,2026-10-06,2026-10-30,575.0,P,0.76,0.95,0.855,50.2202,-0.019515,0.000496,-0.092713,0.090213,24,741.9,10,92,64.87
META,2026-10-06,2026-10-30,580.0,P,0.87,1.07,0.97,50.6353,-0.023777,0.000582,-0.110415,0.106603,24,741.9,4,244,64.87
META,2026-10-06,2026-10-30,585.0,P,1.0,1.19,1.095,50.0737,-0.02648,0.000644,-0.119437,0.11667,24,741.9,57,228,64.87
META,2026-10-06,2026-10-30,590.0,P,1.13,1.26,1.195,49.0606,-0.028394,0.000696,-0.123958,0.123661,24,741.9,103,302,64.87
META,2026-10-06,2026-10-30,595.0,P,1.27,1.42,1.345,48.6211,-0.031917,0.000774,-0.135277,0.136253,24,741.9,13,141,64.87
META,2026-10-06,2026-10-30,600.0,P,1.48,1.59,1.535,48.1328,-0.035688,0.000857,-0.146715,0.149365,24,741.9,316,1034,64.87
META,2026-10-06,2026-10-30,605.0,P,1.68,1.83,1.755,47.9131,-0.040646,0.000958,-0.162293,0.166086,24,741.9,36,225,64.87
META,2026-10-06,2026-10-30,610.0,P,1.88,2.04,1.96,47.4004,-0.045223,0.001055,-0.174893,0.181041,24,741.9,35,275,64.87
META,2026-10-06,2026-10-30,615.0,P,2.12,2.31,2.215,47.0647,-0.050855,0.001168,-0.190626,0.198874,24,741.9,96,177,64.87
META,2026-10-06,2026-10-30,620.0,P,2.41,2.62,2.515,46.7657,-0.057191,0.001289,-0.207715,0.218249,24,741.9,30,532,64.87
META,2026-10-06,2026-10-30,625.0,P,2.72,2.95,2.835,46.4056,-0.063927,0.001418,-0.2247,0.238114,24,741.9,55,628,64.87
META,2026-10-06,2026-10-30,630.0,P,3.1,3.3,3.2,45.9905,-0.071089,0.001553,-0.241537,0.258482,24,741.9,39,574,64.87
META,2026-10-06,2026-10-30,635.0,P,3.5,3.75,3.625,45.783,-0.079786,0.001703,-0.262336,0.282253,24,741.9,39,349,64.87
META,2026-10-06,2026-10-30,640.0,P,3.95,4.2,4.075,45.4229,-0.088605,0.001858,-0.281324,0.305364,24,741.9,126,426,64.87
META,2026-10-06,2026-10-30,645.0,P,4.5,4.75,4.625,45.2154,-0.098884,0.002024,-0.303392,0.331143,24,741.9,53,343,64.87
META,2026-10-06,2026-10-30,650.0,P,5.0,5.35,5.175,44.9835,-0.109905,0.002196,-0.32553,0.357498,24,741.9,269,996,64.87
META,2026-10-06,2026-10-30,655.0,P,5.7,6.0,5.85,44.7302,-0.121701,0.002374,-0.347635,0.384349,24,741.9,301,661,64.87
META,2026-10-06,2026-10-30,660.0,P,6.45,6.75,6.6,44.5562,-0.134781,0.002559,-0.371312,0.412589,24,741.9,79,790,64.87
META,2026-10-06,2026-10-30,665.0,P,7.2,7.6,7.4,44.4403,-0.149071,0.002746,-0.396039,0.441729,24,741.9,105,980,64.87
META,2026-10-06,2026-10-30,670.0,P,8.0,8.5,8.25,44.2663,-0.164018,0.002936,-0.419583,0.470419,24,741.9,337,1874,64.87
META,2026-10-06,2026-10-30,675.0,P,9.15,9.45,9.3,44.0313,-0.179613,0.003128,-0.441684,0.498518,24,741.9,57,318,64.87
META,2026-10-06,2026-10-30,680.0,P,10.1,10.55,10.325,43.9184,-0.196725,0.003318,-0.465355,0.527324,24,741.9,247,6672,64.87
META,2026-10-06,2026-10-30,685.0,P,11.4,11.75,11.575,43.8177,-0.2148,0.003503,-0.488429,0.555566,24,741.9,34,180,64.87
META,2026-10-06,2026-10-30,690.0,P,12.65,13.05,12.85,43.717,-0.233748,0.003684,-0.510464,0.582887,24,741.9,58,544,64.87
META,2026-10-06,2026-10-30,695.0,P,14.05,14.45,14.25,43.6163,-0.25353,0.003858,-0.531237,0.609034,24,741.9,18,268,64.87
META,2026-10-06,2026-10-30,700.0,P,15.55,15.95,15.75,43.5064,-0.274067,0.004025,-0.55038,0.633718,24,741.9,105,858,64.87
META,2026-10-06,2026-10-30,705.0,P,17.05,17.65,17.35,43.5339,-0.295809,0.004171,-0.570108,0.657225,24,741.9,28,1166,64.87
META,2026-10-06,2026-10-30,710.0,P,18.85,19.35,19.1,43.3966,-0.317633,0.004318,-0.58523,0.678202,24,741.9,30,221,64.87
META,2026-10-06,2026-10-30,715.0,P,20.75,21.25,21.0,43.3783,-0.340392,0.004442,-0.600234,0.697371,24,741.9,18,472,64.87
META,2026-10-06,2026-10-30,720.0,P,22.7,23.25,22.975,43.3386,-0.363559,0.004553,-0.612676,0.714121,24,741.9,60,322,64.87
META,2026-10-06,2026-10-30,725.0,P,24.75,25.35,25.05,43.273,-0.387074,0.004651,-0.622374,0.72834,24,741.9,38,218,64.87
META,2026-10-06,2026-10-30,730.0,P,26.9,27.55,27.225,43.1829,-0.410891,0.004735,-0.629263,0.73994,24,741.9,89,350,64.87
META,2026-10-06,2026-10-30,735.0,P,29.25,29.95,29.6,43.1982,-0.435027,0.00479,-0.635301,0.748865,24,741.9,16,149,64.87
META,2026-10-06,2026-10-30,740.0,P,31.7,32.4,32.05,43.125,-0.459231,0.004837,-0.637418,0.754986,24,741.9,92,130,64.87
META,2026-10-06,2026-10-30,745.0,P,34.3,35.05,34.675,43.1555,-0.483439,0.004855,-0.638614,0.758299,24,741.9,30,137,64.87
META,2026-10-06,2026-10-30,750.0,P,36.9,37.7,37.3,43.0334,-0.507694,0.004872,-0.634878,0.758811,24,741.9,28,196,64.87
META,2026-10-06,2026-10-30,755.0,P,40.0,40.6,40.3,43.0822,-0.531598,0.004852,-0.631373,0.756571,24,741.9,18,36,64.87
META,2026-10-06,2026-10-30,760.0,P,42.9,43.55,43.225,43.0487,-0.555366,0.004824,-0.624154,0.751632,24,741.9,8,90,64.87
META,2026-10-06,2026-10-30,765.0,P,45.95,46.6,46.275,42.9998,-0.578863,0.004781,-0.61437,0.744075,24,741.9,15,64,64.87
META,2026-10-06,2026-10-30,770.0,P,48.95,49.8,49.375,42.9998,-0.601823,0.004717,-0.603208,0.734096,24,741.9,3,168,64.87
META,2026-10-06,2026-10-30,775.0,P,51.9,53.2,52.55,43.1311,-0.623798,0.004626,-0.592281,0.722111,24,741.9,2,18,64.87
META,2026-10-06,2026-10-30,780.0,P,55.35,56.75,56.05,43.3294,-0.64483,0.004517,-0.58076,0.708373,24,741.9,11,25,64.87
META,2026-10-06,2026-10-30,785.0,P,58.65,60.45,59.55,43.6087,-0.664745,0.004393,-0.569141,0.693281,24,741.9,5,1,64.87
META,2026-10-06,2026-10-30,790.0,P,62.05,64.2,63.125,43.836,-0.684082,0.004265,-0.555244,0.676647,24,741.9,10,16,64.87
META,2026-10-06,2026-10-30,795.0,P,65.55,68.0,66.775,44.013,-0.702868,0.004134,-0.539216,0.658571,24,741.9,6,5,64.87
META,2026-10-06,2026-10-30,800.0,P,69.2,71.95,70.575,44.2938,-0.720314,0.003993,-0.52412,0.640048,24,741.9,8,440,64.87
META,2026-10-06,2026-10-30,805.0,P,72.95,75.95,74.45,44.541,-0.737108,0.00385,-0.507553,0.620592,24,741.9,10,10,64.87
META,2026-10-06,2026-10-30,810.0,P,76.75,80.05,78.4,44.84,-0.752795,0.003703,-0.491325,0.600933,24,741.9,5,7,64.87
META,2026-10-06,2026-10-30,815.0,P,80.75,84.2,82.475,45.1147,-0.767807,0.003557,-0.474096,0.580732,24,741.9,0,6,64.87
META,2026-10-06,2026-10-30,820.0,P,84.7,88.3,86.5,45.1971,-0.783149,0.003415,-0.452585,0.558635,24,741.9,7,9,64.87
META,2026-10-06,2026-10-30,825.0,P,88.55,92.45,90.5,45.252,-0.797907,0.003272,-0.430168,0.535939,24,741.9,0,1,64.87
META,2026-10-06,2026-10-30,830.0,P,92.65,96.65,94.65,45.2825,-0.812074,0.003129,-0.407033,0.512769,24,741.9,1,2,64.87
META,2026-10-06,2026-10-30,835.0,P,96.85,101.55,99.2,46.5795,-0.818038,0.002981,-0.409993,0.502596,24,741.9,5,6,64.87
META,2026-10-06,2026-10-30,840.0,P,101.05,106.0,103.525,46.9427,-0.828832,0.002846,-0.393778,0.483528,24,741.9,3,2,64.87
META,2026-10-06,2026-10-30,845.0,P,105.4,110.55,107.975,47.4309,-0.83826,0.002716,-0.380264,0.466158,24,741.9,0,3,64.87
META,2026-10-06,2026-10-30,850.0,P,109.75,115.1,112.425,47.8521,-0.847472,0.00259,-0.365522,0.448523,24,741.9,3,5,64.87
META,2026-10-06,2026-10-30,860.0,P,118.65,123.25,120.95,46.1492,-0.87835,0.002301,-0.284382,0.384235,24,741.9,3,4,64.87
META,2026-10-06,2026-10-30,870.0,P,127.7,134.05,130.875,50.6719,-0.872968,0.00216,-0.332312,0.396046,24,741.9,33,16,64.87
META,2026-10-06,2026-10-30,880.0,P,137.0,144.0,140.5,53.0339,-0.878567,0.001999,-0.33667,0.383753,24,741.9,17,14,64.87
META,2026-10-06,2026-10-30,900.0,P,155.9,162.2,159.05,52.6555,-0.910471,0.001615,-0.245645,0.307732,24,741.9,1,22,64.87
META,2026-10-06,2026-10-30,1000.0,P,254.75,263.0,258.875,54.2241,-0.980233,0.000465,0.005229,0.091201,24,741.9,0,1,64.87
META,2026-10-06,2026-10-30,1060.0,P,314.75,323.0,318.875,62.9154,-0.982769,0.000356,0.008703,0.081135,24,741.9,0,0,64.87
META,2026-10-06,2026-10-30,1070.0,P,324.75,333.0,328.875,64.307,-0.983093,0.000343,0.009223,0.07983,24,741.9,2,0,64.87
META,2026-10-06,2026-10-30,1150.0,P,404.75,413.0,408.875,74.7317,-0.985283,0.000262,0.014791,0.070874,24,741.9,3,0,64.87
META,2026-10-06,2026-10-30,1210.0,P,464.75,473.0,468.875,81.9582,-0.986444,0.000223,0.019075,0.066029,24,741.9,18,0,64.87
META,2026-10-06,2026-10-30,1220.0,P,474.75,483.0,478.875,83.1056,-0.986623,0.000217,0.019913,0.065276,24,741.9,9,0,64.87
META,2026-10-06,2026-10-30,1480.0,P,734.75,743.0,738.875,109.4731,-0.989565,0.000133,0.041695,0.052624,24,741.9,0,0,64.87
META,2026-10-06,2026-11-06,360.0,C,380.05,387.5,383.775,125.6596,0.984883,0.00014,-0.205145,0.08243,31,741.9,1,1,64.87
META,2026-10-06,2026-11-06,540.0,C,201.7,208.05,204.875,67.3404,0.958549,0.000609,-0.263871,0.191785,31,741.9,2,1,64.87
META,2026-10-06,2026-11-06,545.0,C,196.8,203.1,199.95,66.077,0.956888,0.000641,-0.266968,0.197978,31,741.9,2,1,64.87
META,2026-10-06,2026-11-06,550.0,C,192.2,198.2,195.2,65.5826,0.95346,0.000687,-0.278941,0.210559,31,741.9,2,2,64.87
META,2026-10-06,2026-11-06,585.0,C,157.95,164.1,161.025,57.4223,0.936233,0.001006,-0.308719,0.270096,31,741.9,0,6,64.87
META,2026-10-06,2026-11-06,590.0,C,153.15,159.25,156.2,56.3908,0.932797,0.001067,-0.314681,0.281316,31,741.9,3,3,64.87
META,2026-10-06,2026-11-06,595.0,C,148.55,154.45,151.5,55.7194,0.927999,0.001139,-0.325547,0.296656,31,741.9,2,7,64.87
META,2026-10-06,2026-11-06,600.0,C,143.85,149.65,146.75,54.8405,0.923573,0.001211,-0.333737,0.310486,31,741.9,2,24,64.87
META,2026-10-06,2026-11-06,605.0,C,139.2,144.9,142.05,54.0654,0.918503,0.00129,-0.343457,0.325966,31,741.9,7,5,64.87
META,2026-10-06,2026-11-06,610.0,C,134.55,140.2,137.375,53.3086,0.913034,0.001373,-0.353549,0.34225,31,741.9,2,3,64.87
META,2026-10-06,2026-11-06,615.0,C,129.75,135.5,132.625,52.2985,0.908143,0.001458,-0.360089,0.356467,31,741.9,3,4,64.87
META,2026-10-06,2026-11-06,620.0,C,125.35,130.25,127.8,51.0656,0.903791,0.001545,-0.363379,0.368855,31,741.9,1,4,64.87
META,2026-10-06,2026-11-06,625.0,C,120.75,126.25,123.5,51.0747,0.89422,0.001655,-0.384881,0.39526,31,741.9,0,9,64.87
META,2026-10-06,2026-11-06,630.0,C,116.15,121.65,118.9,50.2782,0.887313,0.00176,-0.394652,0.41364,31,741.9,1,2,64.87
META,2026-10-06,2026-11-06,635.0,C,112.3,117.1,114.7,50.2843,0.876627,0.001876,-0.416492,0.441021,31,741.9,1,7,64.87
META,2026-10-06,2026-11-06,640.0,C,107.5,112.65,110.075,54.3401,0.849359,0.00199,-0.499915,0.505551,31,741.9,4,18,64.87
META,2026-10-06,2026-11-06,645.0,C,103.05,108.2,105.625,53.4581,0.840909,0.002097,-0.508528,0.524112,31,741.9,2,6,64.87
META,2026-10-06,2026-11-06,650.0,C,99.1,103.35,101.225,51.8132,0.834942,0.002216,-0.5053,0.536832,31,741.9,6,8,64.87
META,2026-10-06,2026-11-06,655.0,C,94.85,99.35,97.1,51.6149,0.822803,0.002328,-0.523788,0.56176,31,741.9,0,7,64.87
META,2026-10-06,2026-11-06,660.0,C,91.05,94.9,92.975,50.5681,0.813424,0.002454,-0.529051,0.580178,31,741.9,1,4,64.87
META,2026-10-06,2026-11-06,665.0,C,86.9,91.25,89.075,50.7421,0.798704,0.002562,-0.552378,0.607663,31,741.9,8,10,64.87
META,2026-10-06,2026-11-06,670.0,C,83.45,86.75,85.1,49.4848,0.788902,0.002702,-0.553617,0.625036,31,741.9,9,6,64.87
META,2026-10-06,2026-11-06,675.0,C,79.35,83.15,81.25,49.5214,0.773557,0.002811,-0.57371,0.650796,31,741.9,2,12,64.87
META,2026-10-06,2026-11-06,680.0,C,75.7,79.25,77.475,49.0026,0.759707,0.002936,-0.584793,0.672592,31,741.9,1,6,64.87
META,2026-10-06,2026-11-06,685.0,C,72.2,75.5,73.85,48.6028,0.744818,0.003057,-0.59686,0.694537,31,741.9,3,3,64.87
META,2026-10-06,2026-11-06,690.0,C,68.75,71.8,70.275,48.1725,0.729429,0.003178,-0.607599,0.715651,31,741.9,3,27,64.87
META,2026-10-06,2026-11-06,695.0,C,65.45,68.15,66.8,47.7117,0.713525,0.003299,-0.616928,0.735845,31,741.9,1,38,64.87
META,2026-10-06,2026-11-06,700.0,C,62.45,64.6,63.525,47.2814,0.696919,0.003417,-0.625633,0.755217,31,741.9,10,80,64.87
META,2026-10-06,2026-11-06,705.0,C,59.1,61.2,60.15,46.9396,0.679494,0.003526,-0.634425,0.773709,31,741.9,21,22,64.87
META,2026-10-06,2026-11-06,710.0,C,56.1,57.9,57.0,46.6161,0.661497,0.003629,-0.642198,0.790881,31,741.9,47,72,64.87
META,2026-10-06,2026-11-06,715.0,C,53.45,55.3,54.375,47.0296,0.641656,0.003673,-0.658824,0.807596,31,741.9,12,39,64.87
META,2026-10-06,2026-11-06,720.0,C,50.7,51.9,51.3,46.3628,0.623458,0.003788,-0.658994,0.820921,31,741.9,33,108,64.87
META,2026-10-06,2026-11-06,725.0,C,47.85,48.95,48.4,46.1248,0.604118,0.003863,-0.663591,0.833016,31,741.9,20,81,64.87
META,2026-10-06,2026-11-06,730.0,C,45.25,46.2,45.725,46.0088,0.584371,0.00392,-0.668284,0.843199,31,741.9,54,617,64.87
META,2026-10-06,2026-11-06,735.0,C,42.6,43.5,43.05,45.8379,0.56446,0.003973,-0.670608,0.851277,31,741.9,82,128,64.87
META,2026-10-06,2026-11-06,740.0,C,40.0,40.95,40.475,45.725,0.544382,0.00401,-0.672085,0.857218,31,741.9,45,100,64.87
META,2026-10-06,2026-11-06,745.0,C,37.7,38.5,38.1,45.6152,0.52423,0.004038,-0.671955,0.86097,31,741.9,57,31,64.87
META,2026-10-06,2026-11-06,750.0,C,35.45,36.2,35.825,45.5633,0.504115,0.004049,-0.670985,0.862515,31,741.9,32,499,64.87
META,2026-10-06,2026-11-06,755.0,C,33.25,34.0,33.625,45.5145,0.484083,0.004051,-0.668446,0.861874,31,741.9,15,40,64.87
META,2026-10-06,2026-11-06,760.0,C,31.2,32.0,31.6,45.5847,0.46441,0.004032,-0.66602,0.859126,31,741.9,72,34,64.87
META,2026-10-06,2026-11-06,765.0,C,29.15,29.85,29.5,45.3741,0.44435,0.004027,-0.658066,0.854155,31,741.9,6,40,64.87
META,2026-10-06,2026-11-06,770.0,C,27.3,28.0,27.65,45.4015,0.425038,0.003992,-0.652047,0.847289,31,741.9,17,29,64.87
META,2026-10-06,2026-11-06,775.0,C,25.45,26.15,25.8,45.3222,0.405713,0.003957,-0.643063,0.838357,31,741.9,12,72,64.87
META,2026-10-06,2026-11-06,780.0,C,23.7,24.45,24.075,45.313,0.386919,0.003907,-0.633786,0.827673,31,741.9,34,90,64.87
META,2026-10-06,2026-11-06,785.0,C,22.15,22.9,22.525,45.3817,0.368798,0.003844,-0.624474,0.815483,31,741.9,4,72,64.87
META,2026-10-06,2026-11-06,790.0,C,20.75,21.35,21.05,45.3497,0.350708,0.00378,-0.612474,0.801435,31,741.9,371,38,64.87
META,2026-10-06,2026-11-06,795.0,C,19.25,19.95,19.6,45.4015,0.333415,0.003704,-0.600749,0.786222,31,741.9,26,99,64.87
META,2026-10-06,2026-11-06,800.0,C,18.0,18.55,18.275,45.3542,0.316138,0.003628,-0.586478,0.769248,31,741.9,184,3526,64.87
META,2026-10-06,2026-11-06,805.0,C,16.75,17.35,17.05,45.4687,0.300137,0.003537,-0.57401,0.751908,31,741.9,7,25,64.87
META,2026-10-06,2026-11-06,810.0,C,15.55,16.15,15.85,45.49,0.284201,0.003447,-0.559271,0.733058,31,741.9,43,41,64.87
META,2026-10-06,2026-11-06,815.0,C,14.4,14.95,14.675,45.4138,0.26826,0.003357,-0.542202,0.71258,31,741.9,9,32,64.87
META,2026-10-06,2026-11-06,820.0,C,13.4,14.0,13.7,45.5938,0.254258,0.003252,-0.528997,0.69322,31,741.9,20,186,64.87
META,2026-10-06,2026-11-06,825.0,C,12.45,12.9,12.675,45.4656,0.23908,0.003156,-0.50996,0.670737,31,741.9,10,34,64.87
META,2026-10-06,2026-11-06,830.0,C,11.45,12.0,11.725,45.5419,0.22561,0.00305,-0.494145,0.649442,31,741.9,23,122,64.87
META,2026-10-06,2026-11-06,835.0,C,10.7,11.15,10.925,45.6091,0.212649,0.002944,-0.477904,0.627719,31,741.9,19,76,64.87
META,2026-10-06,2026-11-06,840.0,C,9.9,10.35,10.125,45.667,0.200191,0.002837,-0.461314,0.605658,31,741.9,93,54,64.87
META,2026-10-06,2026-11-06,845.0,C,9.15,9.65,9.4,45.8105,0.188796,0.002729,-0.44618,0.584432,31,741.9,22,23,64.87
META,2026-10-06,2026-11-06,850.0,C,8.5,8.75,8.625,45.5206,0.175337,0.002622,-0.423057,0.558022,31,741.9,95,70,64.87
META,2026-10-06,2026-11-06,860.0,C,7.25,7.7,7.475,46.0272,0.15655,0.00241,-0.396933,0.518599,31,741.9,52,100,64.87
META,2026-10-06,2026-11-06,870.0,C,6.2,6.5,6.35,45.9478,0.136311,0.0022,-0.360626,0.472553,31,741.9,13,59,64.87
META,2026-10-06,2026-11-06,880.0,C,5.3,5.6,5.45,46.1828,0.119858,0.002002,-0.331079,0.432151,31,741.9,4,13,64.87
META,2026-10-06,2026-11-06,890.0,C,4.5,4.8,4.65,46.3659,0.104895,0.001813,-0.301843,0.392866,31,741.9,11,17,64.87
META,2026-10-06,2026-11-06,900.0,C,3.9,4.15,4.025,46.6619,0.092173,0.001638,-0.276041,0.357376,31,741.9,14,61,64.87
META,2026-10-06,2026-11-06,910.0,C,3.3,3.55,3.425,46.845,0.080352,0.001473,-0.249848,0.322502,31,741.9,1,167,64.87
META,2026-10-06,2026-11-06,920.0,C,2.88,3.1,2.99,47.2478,0.070923,0.001328,-0.228924,0.293241,31,741.9,107,8,64.87
META,2026-10-06,2026-11-06,930.0,C,2.45,2.66,2.555,47.4676,0.061821,0.001188,-0.206614,0.26365,31,741.9,7,114,64.87
META,2026-10-06,2026-11-06,940.0,C,2.11,2.31,2.21,47.8033,0.054285,0.001065,-0.187722,0.238044,31,741.9,3,14,64.87
META,2026-10-06,2026-11-06,950.0,C,1.82,2.02,1.92,48.2,0.047894,0.000956,-0.171194,0.215455,31,741.9,4,36,64.87
META,2026-10-06,2026-11-06,960.0,C,1.58,1.77,1.675,48.5967,0.042281,0.000858,-0.156019,0.194886,31,741.9,3,3,64.87
META,2026-10-06,2026-11-06,970.0,C,1.37,1.55,1.46,48.9751,0.037294,0.000769,-0.141892,0.175981,31,741.9,1,15,64.87
META,2026-10-06,2026-11-06,980.0,C,1.18,1.37,1.275,49.4268,0.033135,0.000691,-0.129884,0.159712,31,741.9,1,2,64.87
META,2026-10-06,2026-11-06,990.0,C,1.03,1.21,1.12,49.854,0.029413,0.000621,-0.118645,0.144723,31,741.9,2,5,64.87
META,2026-10-06,2026-11-06,1000.0,C,0.93,1.06,0.995,50.1958,0.025928,0.000555,-0.107482,0.13028,31,741.9,20,199,64.87
META,2026-10-06,2026-11-06,1010.0,C,0.78,0.95,0.865,50.0005,0.021651,0.000479,-0.091966,0.111957,31,741.9,4,5,64.87
META,2026-10-06,2026-11-06,1020.0,C,0.68,0.84,0.76,50.3667,0.019126,0.000428,-0.083357,0.100786,31,741.9,1,2,64.87
META,2026-10-06,2026-11-06,1040.0,C,0.52,0.67,0.595,51.1479,0.01506,0.000344,-0.068948,0.082161,31,741.9,0,1,64.87
META,2026-10-06,2026-11-06,1050.0,C,0.47,0.59,0.53,51.563,0.01343,0.000309,-0.062954,0.074443,31,741.9,2,14,64.87
META,2026-10-06,2026-11-06,1060.0,C,0.4,0.54,0.47,51.9536,0.011962,0.000277,-0.05736,0.067344,31,741.9,0,11,64.87
META,2026-10-06,2026-11-06,1090.0,C,0.25,0.43,0.34,53.2231,0.008638,0.000204,-0.044191,0.050698,31,741.9,2,13,64.87
META,2026-10-06,2026-11-06,1100.0,C,0.23,0.38,0.305,53.6137,0.007745,0.000184,-0.04043,0.046059,31,741.9,1,12,64.87
META,2026-10-06,2026-11-06,1130.0,C,0.15,0.3,0.225,54.8833,0.005714,0.000137,-0.031608,0.035205,31,741.9,0,1,64.87
META,2026-10-06,2026-11-06,1160.0,C,0.1,0.24,0.17,56.1528,0.004287,0.000104,-0.025016,0.027253,31,741.9,1,25,64.87
META,2026-10-06,2026-11-06,1170.0,C,0.08,0.23,0.155,56.5922,0.003919,9.5e-05,-0.023262,0.025151,31,741.9,0,2,64.87
META,2026-10-06,2026-11-06,1180.0,C,0.07,0.21,0.14,56.934,0.003538,8.6e-05,-0.021343,0.022943,31,741.9,5,5,64.87
META,2026-10-06,2026-11-06,1190.0,C,0.06,0.2,0.13,57.4223,0.00327,8e-05,-0.020054,0.021378,31,741.9,5,6,64.87
META,2026-10-06,2026-11-06,1200.0,C,0.06,0.18,0.12,57.9106,0.003029,7.4e-05,-0.018873,0.019954,31,741.9,4,5,64.87
META,2026-10-06,2026-11-06,1210.0,C,0.05,0.18,0.115,58.4965,0.002854,6.9e-05,-0.018064,0.018911,31,741.9,0,2,64.87
META,2026-10-06,2026-11-06,1220.0,C,0.05,0.17,0.11,59.0824,0.002695,6.5e-05,-0.01732,0.017955,31,741.9,9,14,64.87
META,2026-10-06,2026-11-06,1230.0,C,0.03,0.14,0.085,58.5942,0.00215,5.3e-05,-0.014003,0.01464,31,741.9,25,10,64.87
META,2026-10-06,2026-11-06,1240.0,C,0.03,0.18,0.105,60.5473,0.002528,6e-05,-0.01675,0.016951,31,741.9,1,20,64.87
META,2026-10-06,2026-11-06,1250.0,C,0.03,0.23,0.13,62.6957,0.003024,6.8e-05,-0.020382,0.019925,31,741.9,4,9,64.87
META,2026-10-06,2026-11-06,1260.0,C,0.02,0.14,0.08,60.7426,0.001962,4.7e-05,-0.01335,0.013471,31,741.9,2,9,64.87
META,2026-10-06,2026-11-06,1270.0,C,0.02,0.14,0.08,61.5238,0.00193,4.6e-05,-0.013318,0.01327,31,741.9,12,7,64.87
META,2026-10-06,2026-11-06,1280.0,C,0.02,0.15,0.085,62.6957,0.00202,4.7e-05,-0.014147,0.013835,31,741.9,1,24,64.87
META,2026-10-06,2026-11-06,1290.0,C,0.01,0.15,0.08,63.0863,0.001876,4.4e-05,-0.013304,0.012932,31,741.9,1,11,64.87
META,2026-10-06,2026-11-06,1300.0,C,0.01,0.15,0.08,63.8675,0.001853,4.3e-05,-0.01332,0.012791,31,741.9,2,13,64.87
META,2026-10-06,2026-11-06,1310.0,C,0.01,0.12,0.065,63.4769,0.001526,3.6e-05,-0.011088,0.010714,31,741.9,7,12,64.87
META,2026-10-06,2026-11-06,1320.0,C,0.01,0.11,0.06,63.8675,0.001422,3.4e-05,-0.01046,0.010048,31,741.9,2,20,64.87
META,2026-10-06,2026-11-06,1330.0,C,0.01,0.11,0.06,64.6488,0.001414,3.3e-05,-0.010532,0.009996,31,741.9,7,17,64.87
META,2026-10-06,2026-11-06,1340.0,C,0.0,0.15,0.075,66.6019,0.001688,3.8e-05,-0.01275,0.011747,31,741.9,0,2,64.87
META,2026-10-06,2026-11-06,1350.0,C,0.0,0.15,0.075,67.3831,0.001679,3.7e-05,-0.012837,0.011692,31,741.9,0,1,64.87
META,2026-10-06,2026-11-06,1360.0,C,0.0,0.57,0.285,77.2463,0.005169,8.9e-05,-0.040517,0.032204,31,741.9,0,4,64.87
META,2026-10-06,2026-11-06,1370.0,C,0.0,0.59,0.295,78.3205,0.005262,8.9e-05,-0.041731,0.032718,31,741.9,0,6,64.87
META,2026-10-06,2026-11-06,1380.0,C,0.0,0.15,0.075,69.5316,0.001617,3.5e-05,-0.012795,0.011297,31,741.9,0,10,64.87
META,2026-10-06,2026-11-06,320.0,P,0.0,0.79,0.395,116.2114,-0.00388,4.6e-05,-0.04637,0.024927,31,741.9,0,5,64.87
META,2026-10-06,2026-11-06,330.0,P,0.0,0.75,0.375,111.5727,-0.003854,4.8e-05,-0.044241,0.024778,31,741.9,0,7,64.87
META,2026-10-06,2026-11-06,340.0,P,0.0,0.71,0.355,107.0317,-0.003811,4.9e-05,-0.041997,0.024527,31,741.9,0,6,64.87
META,2026-10-06,2026-11-06,350.0,P,0.0,0.67,0.335,102.6372,-0.003763,5.1e-05,-0.039805,0.02425,31,741.9,0,5,64.87
META,2026-10-06,2026-11-06,360.0,P,0.0,0.63,0.315,98.3399,-0.003699,5.2e-05,-0.03755,0.023883,31,741.9,1,4,64.87
META,2026-10-06,2026-11-06,370.0,P,0.0,0.58,0.29,93.9942,-0.003581,5.3e-05,-0.034849,0.023197,31,741.9,0,4,64.87
META,2026-10-06,2026-11-06,380.0,P,0.01,0.44,0.225,88.0861,-0.002999,4.8e-05,-0.027832,0.019776,31,741.9,13,5,64.87
META,2026-10-06,2026-11-06,390.0,P,0.01,0.12,0.065,75.0003,-0.001081,2.2e-05,-0.009365,0.007819,31,741.9,14,9,64.87
META,2026-10-06,2026-11-06,400.0,P,0.05,0.12,0.085,74.0237,-0.001407,2.9e-05,-0.011763,0.009955,31,741.9,11,31,64.87
META,2026-10-06,2026-11-06,410.0,P,0.03,0.3,0.165,76.1721,-0.002572,4.8e-05,-0.020923,0.017213,31,741.9,36,14,64.87
META,2026-10-06,2026-11-06,420.0,P,0.03,0.29,0.16,73.0471,-0.002594,5.1e-05,-0.020214,0.017349,31,741.9,48,50,64.87
META,2026-10-06,2026-11-06,430.0,P,0.04,0.21,0.125,68.4573,-0.002181,4.6e-05,-0.016182,0.014827,31,741.9,0,1,64.87
META,2026-10-06,2026-11-06,440.0,P,0.04,0.16,0.1,64.3558,-0.001881,4.3e-05,-0.013292,0.012962,31,741.9,2,2,64.87
META,2026-10-06,2026-11-06,450.0,P,0.05,0.17,0.11,62.4027,-0.002126,5e-05,-0.014399,0.014488,31,741.9,1,2,64.87
META,2026-10-06,2026-11-06,460.0,P,0.07,0.19,0.13,60.8402,-0.002526,6e-05,-0.016402,0.016936,31,741.9,0,1,64.87
META,2026-10-06,2026-11-06,475.0,P,0.09,0.23,0.16,58.3989,-0.003214,7.7e-05,-0.019547,0.021047,31,741.9,1,25,64.87
META,2026-10-06,2026-11-06,480.0,P,0.11,0.24,0.175,57.7153,-0.003539,8.5e-05,-0.021061,0.022952,31,741.9,1,16,64.87
META,2026-10-06,2026-11-06,485.0,P,0.12,0.26,0.19,56.9829,-0.00387,9.3e-05,-0.022522,0.024867,31,741.9,1,1,64.87
META,2026-10-06,2026-11-06,490.0,P,0.14,0.28,0.21,56.3481,-0.004283,0.000103,-0.02438,0.027231,31,741.9,0,1,64.87
META,2026-10-06,2026-11-06,500.0,P,0.24,0.32,0.28,55.7133,-0.005662,0.000134,-0.030889,0.034917,31,741.9,2,4,64.87
META,2026-10-06,2026-11-06,505.0,P,0.2,0.36,0.28,54.4438,-0.005782,0.00014,-0.030743,0.035577,31,741.9,16,7,64.87
META,2026-10-06,2026-11-06,510.0,P,0.23,0.39,0.31,53.9067,-0.006459,0.000156,-0.033563,0.039241,31,741.9,1,6,64.87
META,2026-10-06,2026-11-06,515.0,P,0.26,0.43,0.345,53.3452,-0.007187,0.000173,-0.036485,0.043122,31,741.9,15,15,64.87
META,2026-10-06,2026-11-06,520.0,P,0.31,0.46,0.385,52.8325,-0.008035,0.000193,-0.039851,0.047577,31,741.9,71,19,64.87
META,2026-10-06,2026-11-06,525.0,P,0.34,0.52,0.43,52.3198,-0.008975,0.000214,-0.04347,0.052428,31,741.9,15,147,64.87
META,2026-10-06,2026-11-06,530.0,P,0.4,0.56,0.48,51.8315,-0.010043,0.000239,-0.04749,0.057841,31,741.9,63,21,64.87
META,2026-10-06,2026-11-06,535.0,P,0.45,0.62,0.535,51.3188,-0.011195,0.000265,-0.051663,0.06358,31,741.9,59,19,64.87
META,2026-10-06,2026-11-06,540.0,P,0.53,0.67,0.6,50.855,-0.012533,0.000295,-0.056438,0.070122,31,741.9,139,26,64.87
META,2026-10-06,2026-11-06,545.0,P,0.61,0.74,0.675,50.4399,-0.014085,0.000329,-0.061889,0.077563,31,741.9,102,25,64.87
META,2026-10-06,2026-11-06,550.0,P,0.71,0.83,0.77,50.147,-0.016001,0.000369,-0.068624,0.086549,31,741.9,99,35,64.87
META,2026-10-06,2026-11-06,555.0,P,0.77,0.92,0.845,50.2324,-0.018801,0.000423,-0.078855,0.099329,31,741.9,144,2,64.87
META,2026-10-06,2026-11-06,560.0,P,0.88,1.03,0.955,49.8174,-0.021001,0.000469,-0.085858,0.109109,31,741.9,92,12,64.87
META,2026-10-06,2026-11-06,565.0,P,0.97,1.16,1.065,49.4634,-0.023553,0.00052,-0.093856,0.120192,31,741.9,16,19,64.87
META,2026-10-06,2026-11-06,570.0,P,1.09,1.29,1.19,49.0117,-0.026151,0.000573,-0.101472,0.131218,31,741.9,11,18,64.87
META,2026-10-06,2026-11-06,575.0,P,1.23,1.43,1.33,48.5357,-0.028944,0.000629,-0.109293,0.142805,31,741.9,3,20,64.87
META,2026-10-06,2026-11-06,580.0,P,1.38,1.59,1.485,48.0962,-0.032098,0.000692,-0.117917,0.155579,31,741.9,1,31,64.87
META,2026-10-06,2026-11-06,585.0,P,1.56,1.77,1.665,47.6812,-0.035621,0.00076,-0.127272,0.169494,31,741.9,5,19,64.87
META,2026-10-06,2026-11-06,590.0,P,1.75,1.97,1.86,47.2784,-0.039514,0.000835,-0.137256,0.184475,31,741.9,1,2068,64.87
META,2026-10-06,2026-11-06,595.0,P,1.97,2.19,2.08,46.8694,-0.043753,0.000914,-0.147674,0.200352,31,741.9,6,1928,64.87
META,2026-10-06,2026-11-06,600.0,P,2.24,2.42,2.33,46.4117,-0.048222,0.000998,-0.157996,0.216634,31,741.9,23,147,64.87
META,2026-10-06,2026-11-06,605.0,P,2.49,2.72,2.605,46.1431,-0.053751,0.001095,-0.171128,0.236187,31,741.9,26,59,64.87
META,2026-10-06,2026-11-06,610.0,P,2.8,3.05,2.925,45.8624,-0.059738,0.001197,-0.184694,0.256678,31,741.9,24,76,64.87
META,2026-10-06,2026-11-06,615.0,P,3.15,3.4,3.275,45.545,-0.066111,0.001305,-0.19832,0.277772,31,741.9,14,28,64.87
META,2026-10-06,2026-11-06,620.0,P,3.55,3.8,3.675,45.2703,-0.073202,0.00142,-0.213021,0.300439,31,741.9,27,125,64.87
META,2026-10-06,2026-11-06,625.0,P,3.95,4.25,4.1,45.0262,-0.081012,0.001542,-0.228629,0.3245,31,741.9,35,51,64.87
META,2026-10-06,2026-11-06,630.0,P,4.45,4.75,4.6,44.8004,-0.089529,0.00167,-0.24494,0.349742,31,741.9,50,91,64.87
META,2026-10-06,2026-11-06,635.0,P,5.0,5.15,5.075,44.2083,-0.097048,0.001796,-0.256257,0.371214,31,741.9,12,51,64.87
META,2026-10-06,2026-11-06,640.0,P,5.55,5.85,5.7,44.2388,-0.108059,0.001941,-0.276998,0.401387,31,741.9,47,294,64.87
META,2026-10-06,2026-11-06,645.0,P,6.25,6.55,6.4,44.1198,-0.119123,0.002086,-0.295813,0.43028,31,741.9,68,93,64.87
META,2026-10-06,2026-11-06,650.0,P,6.95,7.25,7.1,43.8726,-0.130314,0.002234,-0.312833,0.45815,31,741.9,140,353,64.87
META,2026-10-06,2026-11-06,655.0,P,7.75,8.1,7.925,43.7933,-0.14306,0.002385,-0.332442,0.488339,31,741.9,17,153,64.87
META,2026-10-06,2026-11-06,660.0,P,8.6,9.0,8.8,43.6743,-0.156371,0.002538,-0.351365,0.518207,31,741.9,27,109,64.87
META,2026-10-06,2026-11-06,665.0,P,9.55,9.95,9.75,43.5125,-0.170232,0.002692,-0.369418,0.54761,31,741.9,47,46,64.87
META,2026-10-06,2026-11-06,670.0,P,10.6,11.0,10.8,43.3905,-0.185036,0.002846,-0.387733,0.577204,31,741.9,45,82,64.87
META,2026-10-06,2026-11-06,675.0,P,11.7,12.1,11.9,43.2165,-0.200341,0.002999,-0.404773,0.605931,31,741.9,21,49,64.87
META,2026-10-06,2026-11-06,680.0,P,12.85,13.3,13.075,43.0731,-0.216522,0.00315,-0.421661,0.63434,31,741.9,52,271,64.87
META,2026-10-06,2026-11-06,685.0,P,14.25,14.65,14.45,43.0181,-0.233798,0.003295,-0.439113,0.662539,31,741.9,4,46,64.87
META,2026-10-06,2026-11-06,690.0,P,15.55,16.05,15.8,42.9022,-0.251476,0.003436,-0.454742,0.689216,31,741.9,64,259,64.87
META,2026-10-06,2026-11-06,695.0,P,17.05,17.55,17.3,42.7954,-0.269832,0.003572,-0.46947,0.714673,31,741.9,44,69,64.87
META,2026-10-06,2026-11-06,700.0,P,18.65,19.15,18.9,42.6916,-0.288801,0.003701,-0.483075,0.738663,31,741.9,77,131,64.87
META,2026-10-06,2026-11-06,705.0,P,20.25,20.95,20.6,42.716,-0.308724,0.003813,-0.49722,0.761409,31,741.9,16,19,64.87
META,2026-10-06,2026-11-06,710.0,P,22.15,22.85,22.5,42.7313,-0.329032,0.003915,-0.509798,0.782086,31,741.9,47,53,64.87
META,2026-10-06,2026-11-06,715.0,P,24.0,24.75,24.375,42.6168,-0.349401,0.004017,-0.519041,0.800347,31,741.9,17,100,64.87
META,2026-10-06,2026-11-06,720.0,P,26.05,26.7,26.375,42.4383,-0.370058,0.004115,-0.525824,0.816391,31,741.9,44,25,64.87
META,2026-10-06,2026-11-06,725.0,P,28.1,28.85,28.475,42.3727,-0.391282,0.004192,-0.532524,0.83033,31,741.9,31,35,64.87
META,2026-10-06,2026-11-06,730.0,P,30.4,31.15,30.775,42.3559,-0.412795,0.004252,-0.538181,0.841871,31,741.9,55,90,64.87
META,2026-10-06,2026-11-06,735.0,P,32.8,33.6,33.2,42.3895,-0.43446,0.004294,-0.542775,0.850895,31,741.9,10,80,64.87
META,2026-10-06,2026-11-06,740.0,P,35.15,36.1,35.625,42.3529,-0.45615,0.00433,-0.54464,0.857345,31,741.9,29,50,64.87
META,2026-10-06,2026-11-06,745.0,P,37.85,38.6,38.225,42.1972,-0.477938,0.004366,-0.543092,0.861242,31,741.9,47,18,64.87
META,2026-10-06,2026-11-06,750.0,P,40.6,41.3,40.95,42.1469,-0.499684,0.004378,-0.541223,0.862561,31,741.9,5,86,64.87
META,2026-10-06,2026-11-06,755.0,P,43.3,44.1,43.7,42.0904,-0.521349,0.004377,-0.537528,0.861326,31,741.9,4,7,64.87
META,2026-10-06,2026-11-06,760.0,P,46.15,47.1,46.625,42.1454,-0.542626,0.004353,-0.533719,0.857633,31,741.9,10,80,64.87
META,2026-10-06,2026-11-06,765.0,P,49.05,50.15,49.6,42.1393,-0.563749,0.004323,-0.52743,0.851525,31,741.9,8,20,64.87
META,2026-10-06,2026-11-06,770.0,P,52.2,53.25,52.725,42.0752,-0.584743,0.004286,-0.518733,0.843027,31,741.9,2,32,64.87
META,2026-10-06,2026-11-06,775.0,P,55.4,56.5,55.95,42.0721,-0.60521,0.004232,-0.509449,0.832389,31,741.9,2,9,64.87
META,2026-10-06,2026-11-06,780.0,P,58.65,59.9,59.275,42.1362,-0.624997,0.004162,-0.499815,0.819868,31,741.9,1,10,64.87
META,2026-10-06,2026-11-06,785.0,P,62.2,63.45,62.825,42.2735,-0.64396,0.004077,-0.490087,0.805773,31,741.9,6,6,64.87
META,2026-10-06,2026-11-06,790.0,P,65.1,67.05,66.075,42.3681,-0.662533,0.003988,-0.478593,0.789945,31,741.9,5,15,64.87
META,2026-10-06,2026-11-06,795.0,P,68.95,70.85,69.9,42.6123,-0.679778,0.003883,-0.468526,0.773422,31,741.9,7,6,64.87
META,2026-10-06,2026-11-06,800.0,P,72.55,74.65,73.6,42.7603,-0.696843,0.003779,-0.456068,0.755302,31,741.9,4,2,64.87
META,2026-10-06,2026-11-06,805.0,P,76.1,78.55,77.325,42.9449,-0.713069,0.003668,-0.443475,0.736401,31,741.9,8,10,64.87
META,2026-10-06,2026-11-06,810.0,P,79.8,82.5,81.15,43.1021,-0.728791,0.003556,-0.429788,0.716493,31,741.9,1,2,64.87
META,2026-10-06,2026-11-06,815.0,P,83.55,86.55,85.05,43.3081,-0.74358,0.003439,-0.41641,0.696294,31,741.9,5,5,64.87
META,2026-10-06,2026-11-06,820.0,P,87.85,90.65,89.25,43.5003,-0.757791,0.003322,-0.402372,0.675501,31,741.9,8,5,64.87
META,2026-10-06,2026-11-06,825.0,P,91.45,94.5,92.975,43.2226,-0.774209,0.003216,-0.379624,0.649737,31,741.9,15,37,64.87
META,2026-10-06,2026-11-06,835.0,P,99.35,103.35,101.35,44.1778,-0.795975,0.002966,-0.360409,0.612573,31,741.9,0,2,64.87
META,2026-10-06,2026-11-06,870.0,P,129.45,134.8,132.125,46.3812,-0.861159,0.002207,-0.273135,0.478525,31,741.9,1,1,64.87
META,2026-10-06,2026-11-06,880.0,P,138.75,144.15,141.45,47.2112,-0.874334,0.002024,-0.253234,0.446734,31,741.9,2,0,64.87
META,2026-10-06,2026-11-06,890.0,P,147.6,153.45,150.525,47.7361,-0.887666,0.001849,-0.228714,0.412714,31,741.9,0,1,64.87
META,2026-10-06,2026-11-06,910.0,P,166.4,173.25,169.825,51.3066,-0.897653,0.001609,-0.227322,0.385917,31,741.9,0,4,64.87
META,2026-10-06,2026-11-06,920.0,P,175.95,182.4,179.175,50.9587,-0.911742,0.001453,-0.190225,0.346038,31,741.9,0,8,64.87
META,2026-10-06,2026-11-06,1020.0,P,274.75,283.0,278.875,50.5864,-0.98042,0.000435,0.026497,0.102815,31,741.9,0,0,64.87
META,2026-10-06,2026-11-06,1300.0,P,554.75,563.0,558.875,81.2746,-0.9873,0.000187,0.04868,0.070931,31,741.9,0,0,64.87
META,2026-10-06,2026-11-13,560.0,C,182.9,189.4,186.15,59.8698,0.942292,0.000806,-0.274129,0.276573,38,741.9,1,1,64.87
META,2026-10-06,2026-11-13,625.0,C,121.9,127.3,124.6,53.7236,0.864323,0.001694,-0.425045,0.521528,38,741.9,2,2,64.87
META,2026-10-06,2026-11-13,650.0,C,100.65,105.95,103.3,50.9862,0.818991,0.002157,-0.477921,0.630343,38,741.9,1,4,64.87
META,2026-10-06,2026-11-13,660.0,C,92.25,97.75,95.0,49.9486,0.797394,0.00236,-0.498072,0.675399,38,741.9,1,1,64.87
META,2026-10-06,2026-11-13,665.0,C,88.65,93.8,91.225,49.5336,0.785457,0.002461,-0.508959,0.698586,38,741.9,3,1,64.87
META,2026-10-06,2026-11-13,675.0,C,80.6,86.2,83.4,48.8683,0.759502,0.00266,-0.531423,0.745015,38,741.9,0,1,64.87
META,2026-10-06,2026-11-13,680.0,C,77.15,83.85,80.5,50.2294,0.740342,0.002696,-0.563909,0.775943,38,741.9,2,3,64.87
META,2026-10-06,2026-11-13,685.0,C,73.5,80.2,76.85,49.8327,0.72664,0.002789,-0.572554,0.796392,38,741.9,2,4,64.87
META,2026-10-06,2026-11-13,720.0,C,52.05,55.2,53.625,45.5435,0.620137,0.003492,-0.590583,0.911358,38,741.9,2,15,64.87
META,2026-10-06,2026-11-13,725.0,C,47.8,53.35,50.575,46.4513,0.601253,0.003472,-0.607907,0.924068,38,741.9,43,7,64.87
META,2026-10-06,2026-11-13,730.0,C,46.25,49.75,48.0,45.4077,0.584014,0.003589,-0.599987,0.933739,38,741.9,3,5,64.87
META,2026-10-06,2026-11-13,735.0,C,44.0,47.2,45.6,45.3802,0.565762,0.003622,-0.603372,0.94199,38,741.9,4,3,64.87
META,2026-10-06,2026-11-13,740.0,C,40.9,45.2,43.05,45.8288,0.547587,0.003611,-0.611414,0.948192,38,741.9,5,10,64.87
META,2026-10-06,2026-11-13,745.0,C,39.0,42.1,40.55,45.0414,0.529,0.00369,-0.602954,0.95247,38,741.9,4,7,64.87
META,2026-10-06,2026-11-13,750.0,C,36.1,39.7,37.9,44.8889,0.510503,0.003711,-0.601096,0.954663,38,741.9,5,4,64.87
META,2026-10-06,2026-11-13,765.0,C,29.1,32.9,31.0,44.2877,0.454681,0.003739,-0.586346,0.948826,38,741.9,8,2,64.87
META,2026-10-06,2026-11-13,775.0,C,25.4,30.5,27.95,45.6777,0.423056,0.00358,-0.594391,0.937177,38,741.9,2,2,64.87
META,2026-10-06,2026-11-13,780.0,C,23.8,30.3,27.05,47.3257,0.411296,0.003434,-0.610113,0.931289,38,741.9,8,5,64.87
META,2026-10-06,2026-11-13,785.0,C,22.35,26.15,24.25,44.6585,0.385598,0.003577,-0.566485,0.915454,38,741.9,2,4,64.87
META,2026-10-06,2026-11-13,790.0,C,21.45,24.65,23.05,44.7408,0.369193,0.003523,-0.559086,0.903188,38,741.9,2,11,64.87
META,2026-10-06,2026-11-13,800.0,C,18.85,21.3,20.075,44.2587,0.334588,0.003437,-0.532557,0.87168,38,741.9,44,12,64.87
META,2026-10-06,2026-11-13,805.0,C,17.65,20.15,18.9,44.4876,0.319982,0.003358,-0.524962,0.856035,38,741.9,1,9,64.87
META,2026-10-06,2026-11-13,810.0,C,15.1,19.25,17.175,44.9407,0.307033,0.003266,-0.520203,0.840971,38,741.9,1,3,64.87
META,2026-10-06,2026-11-13,815.0,C,15.85,17.6,16.725,44.4189,0.289504,0.003217,-0.500198,0.818755,38,741.9,1,1,64.87
META,2026-10-06,2026-11-13,820.0,C,14.85,16.4,15.625,44.3533,0.274719,0.003141,-0.486508,0.798346,38,741.9,30,5,64.87
META,2026-10-06,2026-11-13,830.0,C,11.85,14.6,13.225,44.7576,0.249574,0.002963,-0.466329,0.76001,38,741.9,21,3,64.87
META,2026-10-06,2026-11-13,840.0,C,10.15,12.45,11.3,44.3945,0.221795,0.002799,-0.432684,0.712099,38,741.9,1,1,64.87
META,2026-10-06,2026-11-13,845.0,C,9.35,13.65,11.5,47.3089,0.227016,0.002662,-0.466179,0.721564,38,741.9,1,2,64.87
META,2026-10-06,2026-11-13,850.0,C,8.6,10.8,9.7,44.4158,0.19814,0.002618,-0.404439,0.666415,38,741.9,12,4,64.87
META,2026-10-06,2026-11-13,880.0,C,6.25,7.25,6.75,45.0659,0.141747,0.002081,-0.329378,0.537309,38,741.9,15,13,64.87
META,2026-10-06,2026-11-13,890.0,C,5.4,6.2,5.8,45.0048,0.124667,0.001907,-0.300754,0.491857,38,741.9,22,1,64.87
META,2026-10-06,2026-11-13,900.0,C,4.45,5.4,4.925,45.2001,0.11067,0.001745,-0.277311,0.452086,38,741.9,9,5,64.87
META,2026-10-06,2026-11-13,910.0,C,4.05,4.7,4.375,45.3924,0.098071,0.001592,-0.254858,0.414168,38,741.9,2,1,64.87
META,2026-10-06,2026-11-13,960.0,C,1.91,2.56,2.235,47.2234,0.056172,0.001001,-0.172546,0.27076,38,741.9,2,1,64.87
META,2026-10-06,2026-11-13,990.0,C,1.16,1.85,1.505,48.5418,0.041203,0.00076,-0.138124,0.211304,38,741.9,2,1,64.87
META,2026-10-06,2026-11-13,430.0,P,0.01,0.5,0.255,67.0413,-0.004037,7.4e-05,-0.024871,0.028595,38,741.9,2,2,64.87
META,2026-10-06,2026-11-13,525.0,P,0.01,1.31,0.66,50.3423,-0.012678,0.000272,-0.050845,0.078415,38,741.9,4,2,64.87
META,2026-10-06,2026-11-13,550.0,P,0.88,1.35,1.115,49.854,-0.024589,0.000483,-0.088371,0.137975,38,741.9,4,4,64.87
META,2026-10-06,2026-11-13,565.0,P,1.02,1.7,1.36,48.023,-0.031275,0.000613,-0.103813,0.168593,38,741.9,2,3,64.87
META,2026-10-06,2026-11-13,575.0,P,1.54,1.94,1.74,46.607,-0.036116,0.000711,-0.113254,0.189792,38,741.9,2,3,64.87
META,2026-10-06,2026-11-13,580.0,P,1.55,2.1,1.825,46.0272,-0.039194,0.000769,-0.119475,0.202897,38,741.9,1,1,64.87
META,2026-10-06,2026-11-13,595.0,P,2.37,2.91,2.64,45.1849,-0.05315,0.001001,-0.149467,0.259177,38,741.9,6,3,64.87
META,2026-10-06,2026-11-13,605.0,P,2.68,3.5,3.09,44.3548,-0.063491,0.001173,-0.168408,0.29803,38,741.9,7,5,64.87
META,2026-10-06,2026-11-13,610.0,P,3.3,3.9,3.6,44.129,-0.070054,0.001272,-0.180634,0.321604,38,741.9,10,20,64.87
META,2026-10-06,2026-11-13,615.0,P,3.7,4.6,4.15,44.5928,-0.080041,0.001393,-0.201904,0.356018,38,741.9,11,35,64.87
META,2026-10-06,2026-11-13,620.0,P,4.15,5.4,4.775,45.0994,-0.090939,0.001516,-0.224503,0.39174,38,741.9,2,4,64.87
META,2026-10-06,2026-11-13,625.0,P,4.65,5.95,5.3,44.8553,-0.099226,0.001625,-0.237852,0.417732,38,741.9,4,33,64.87
META,2026-10-06,2026-11-13,630.0,P,4.95,5.7,5.325,42.7771,-0.099597,0.001709,-0.227068,0.418872,38,741.9,19,2,64.87
META,2026-10-06,2026-11-13,635.0,P,5.5,6.8,6.15,43.5797,-0.113802,0.001847,-0.254486,0.461194,38,741.9,2,3,64.87
META,2026-10-06,2026-11-13,640.0,P,6.35,8.0,7.175,44.3334,-0.128476,0.001977,-0.281705,0.502279,38,741.9,39,11,64.87
META,2026-10-06,2026-11-13,645.0,P,6.95,8.9,7.925,44.3426,-0.140288,0.0021,-0.298955,0.533552,38,741.9,13,4,64.87
META,2026-10-06,2026-11-13,650.0,P,8.0,9.6,8.8,43.897,-0.150565,0.002224,-0.309925,0.559539,38,741.9,10,17,64.87
META,2026-10-06,2026-11-13,655.0,P,8.6,9.75,9.175,42.4688,-0.156684,0.002361,-0.307254,0.574495,38,741.9,5,6,64.87
META,2026-10-06,2026-11-13,660.0,P,9.7,11.8,10.75,44.0039,-0.17766,0.002471,-0.345007,0.622986,38,741.9,29,6,64.87
META,2026-10-06,2026-11-13,665.0,P,10.4,12.9,11.65,43.8787,-0.191266,0.002594,-0.359652,0.652251,38,741.9,53,37,64.87
META,2026-10-06,2026-11-13,670.0,P,11.55,13.5,12.525,42.9388,-0.201795,0.002738,-0.362828,0.673781,38,741.9,8,23,64.87
META,2026-10-06,2026-11-13,675.0,P,12.65,14.7,13.675,42.771,-0.216495,0.002865,-0.376044,0.702265,38,741.9,13,3,64.87
META,2026-10-06,2026-11-13,680.0,P,13.65,15.4,14.525,41.8402,-0.228491,0.003021,-0.378468,0.7242,38,741.9,4,7,64.87
META,2026-10-06,2026-11-13,685.0,P,15.25,16.9,16.075,41.8799,-0.245401,0.003138,-0.393285,0.753193,38,741.9,2,1,64.87
META,2026-10-06,2026-11-13,690.0,P,16.6,19.2,17.9,42.7862,-0.2661,0.003205,-0.418651,0.785729,38,741.9,31,8,64.87
META,2026-10-06,2026-11-13,695.0,P,18.15,19.95,19.05,41.6723,-0.279608,0.003372,-0.416667,0.805267,38,741.9,10,5,64.87
META,2026-10-06,2026-11-13,700.0,P,20.3,22.55,21.425,42.6611,-0.300993,0.00341,-0.441002,0.833555,38,741.9,15,15,64.87
META,2026-10-06,2026-11-13,705.0,P,19.85,23.4,21.625,41.5014,-0.315907,0.00358,-0.43673,0.851416,38,741.9,1,12,64.87
META,2026-10-06,2026-11-13,710.0,P,23.2,25.9,24.55,42.1209,-0.336472,0.003619,-0.454017,0.873595,38,741.9,2,4,64.87
META,2026-10-06,2026-11-13,715.0,P,24.05,27.7,25.875,41.8417,-0.35493,0.003717,-0.458767,0.891136,38,741.9,6,4,64.87
META,2026-10-06,2026-11-13,720.0,P,26.25,29.75,28.0,41.7334,-0.37414,0.003793,-0.464457,0.907065,38,741.9,1,1,64.87
META,2026-10-06,2026-11-13,725.0,P,28.5,32.9,30.7,42.6916,-0.394918,0.003767,-0.482065,0.921671,38,741.9,10,3,64.87
META,2026-10-06,2026-11-13,730.0,P,30.7,34.35,32.525,41.7364,-0.413531,0.003899,-0.47474,0.932474,38,741.9,1,7,64.87
META,2026-10-06,2026-11-13,735.0,P,33.85,36.15,35.0,41.0589,-0.433155,0.004002,-0.469542,0.941557,38,741.9,41,3,64.87
META,2026-10-06,2026-11-13,740.0,P,33.0,38.55,35.775,40.9064,-0.453384,0.004046,-0.469463,0.948467,38,741.9,16,1,64.87
META,2026-10-06,2026-11-13,745.0,P,38.75,42.05,40.4,41.7914,-0.473083,0.003979,-0.480916,0.95282,38,741.9,83,0,64.87
META,2026-10-06,2026-11-13,750.0,P,41.0,44.2,42.6,41.1764,-0.493544,0.004047,-0.472417,0.954869,38,741.9,19,1,64.87
META,2026-10-06,2026-11-13,760.0,P,45.9,50.75,48.325,41.976,-0.531628,0.003958,-0.477058,0.951992,38,741.9,4,3,64.87
META,2026-10-06,2026-11-20,25.0,C,557.25,564.4,560.825,0.001,1.0,0.0,-0.002738,0.0,45,741.9,1,14,64.87
META,2026-10-06,2026-11-20,35.0,C,702.65,710.55,706.6,498.3402,0.995642,1e-05,-0.1876,0.033321,45,741.9,3,7,64.87
META,2026-10-06,2026-11-20,45.0,C,692.7,700.5,696.6,448.145,0.994929,1.3e-05,-0.194067,0.038142,45,741.9,3,12,64.87
META,2026-10-06,2026-11-20,50.0,C,688.05,695.65,691.85,432.0805,0.994452,1.4e-05,-0.203007,0.041319,45,741.9,1,11,64.87
META,2026-10-06,2026-11-20,250.0,C,490.35,496.85,493.6,150.1223,0.990269,6.7e-05,-0.139506,0.067796,45,741.9,164,249,64.87
META,2026-10-06,2026-11-20,260.0,C,479.25,486.85,483.05,136.8656,0.992502,5.8e-05,-0.109778,0.053937,45,741.9,4,4,64.87
META,2026-10-06,2026-11-20,270.0,C,469.0,476.9,472.95,130.5423,0.992761,5.9e-05,-0.104721,0.052286,45,741.9,1,1,64.87
META,2026-10-06,2026-11-20,280.0,C,459.05,466.95,463.0,126.9779,0.992231,6.5e-05,-0.108441,0.055648,45,741.9,0,1,64.87
META,2026-10-06,2026-11-20,290.0,C,317.65,325.2,321.425,0.001,1.0,0.0,-0.031766,0.0,45,741.9,1,2,64.87
META,2026-10-06,2026-11-20,300.0,C,439.45,447.1,443.275,122.5346,0.990125,8.3e-05,-0.12541,0.068667,45,741.9,2,17,64.87
META,2026-10-06,2026-11-20,310.0,C,429.25,437.25,433.25,118.1156,0.989922,8.7e-05,-0.12474,0.069902,45,741.9,3,3,64.87
META,2026-10-06,2026-11-20,320.0,C,420.65,427.2,423.925,121.6679,0.985867,0.000114,-0.160403,0.093727,45,741.9,1,5,64.87
META,2026-10-06,2026-11-20,330.0,C,411.05,417.3,414.175,119.9223,0.984073,0.000128,-0.173015,0.103863,45,741.9,4,22,64.87
META,2026-10-06,2026-11-20,340.0,C,401.15,407.35,404.25,116.5654,0.983129,0.000138,-0.176947,0.10911,45,741.9,6,6,64.87
META,2026-10-06,2026-11-20,350.0,C,390.8,397.4,394.1,111.4018,0.983369,0.000143,-0.170176,0.107784,45,741.9,2,17,64.87
META,2026-10-06,2026-11-20,360.0,C,381.25,387.5,384.375,109.8515,0.981257,0.00016,-0.183345,0.119361,45,741.9,12,15,64.87
META,2026-10-06,2026-11-20,370.0,C,246.6,253.6,250.1,0.001,1.0,0.0,-0.040529,0.0,45,741.9,1,3,64.87
META,2026-10-06,2026-11-20,380.0,C,361.35,367.6,364.475,103.2353,0.979356,0.000185,-0.188298,0.129562,45,741.9,1,16,64.87
META,2026-10-06,2026-11-20,390.0,C,351.25,357.7,354.475,99.6826,0.97864,0.000197,-0.188419,0.133353,45,741.9,1,38,64.87
META,2026-10-06,2026-11-20,400.0,C,341.4,347.75,344.575,96.875,0.97729,0.000214,-0.192859,0.140436,45,741.9,3,50,64.87
META,2026-10-06,2026-11-20,415.0,C,326.4,332.9,329.65,92.273,0.9756,0.000238,-0.196135,0.149175,45,741.9,1,16,64.87
META,2026-10-06,2026-11-20,425.0,C,316.5,322.95,319.725,89.4166,0.974248,0.000257,-0.199234,0.156076,45,741.9,1,41,64.87
META,2026-10-06,2026-11-20,430.0,C,311.55,318.0,314.775,88.0738,0.973466,0.000268,-0.201252,0.160028,45,741.9,1,9,64.87
META,2026-10-06,2026-11-20,435.0,C,306.55,313.05,309.8,86.5968,0.97283,0.000278,-0.202197,0.163227,45,741.9,5,6,64.87
META,2026-10-06,2026-11-20,440.0,C,301.4,308.1,304.75,84.7169,0.972679,0.000285,-0.200038,0.163981,45,741.9,2,34,64.87
META,2026-10-06,2026-11-20,445.0,C,296.75,303.15,299.95,84.2287,0.970816,0.000303,-0.208185,0.173236,45,741.9,3,33,64.87
META,2026-10-06,2026-11-20,450.0,C,291.75,297.2,294.475,80.0173,0.973665,0.000293,-0.188275,0.159028,45,741.9,2,755,64.87
META,2026-10-06,2026-11-20,455.0,C,286.7,293.2,289.95,81.0793,0.969749,0.000324,-0.207852,0.178476,45,741.9,5,31,64.87
META,2026-10-06,2026-11-20,460.0,C,281.75,288.2,284.975,79.6511,0.969024,0.000337,-0.208635,0.182011,45,741.9,1,108,64.87
META,2026-10-06,2026-11-20,465.0,C,276.85,283.25,280.05,78.4914,0.967907,0.000352,-0.211454,0.187419,45,741.9,40,49,64.87
META,2026-10-06,2026-11-20,470.0,C,271.9,278.35,275.125,77.3196,0.966777,0.000368,-0.214125,0.192846,45,741.9,2,54,64.87
META,2026-10-06,2026-11-20,475.0,C,267.15,273.4,270.275,76.5017,0.965064,0.000387,-0.219683,0.200984,45,741.9,1,38,64.87
META,2026-10-06,2026-11-20,480.0,C,261.95,268.45,265.2,74.6401,0.964959,0.000398,-0.216484,0.201481,45,741.9,1,65,64.87
META,2026-10-06,2026-11-20,485.0,C,256.9,263.45,260.175,73.0227,0.964489,0.000411,-0.21517,0.203693,45,741.9,1,36,64.87
META,2026-10-06,2026-11-20,490.0,C,251.6,258.55,255.075,71.0879,0.96458,0.000421,-0.21102,0.203267,45,741.9,1,16,64.87
META,2026-10-06,2026-11-20,495.0,C,247.85,253.6,250.725,72.3941,0.95894,0.000467,-0.234931,0.229299,45,741.9,1,53,64.87
META,2026-10-06,2026-11-20,500.0,C,242.3,248.65,245.475,69.8795,0.960038,0.000473,-0.225313,0.224309,45,741.9,31,335,64.87
META,2026-10-06,2026-11-20,505.0,C,237.4,243.75,240.575,68.8113,0.958483,0.000495,-0.228458,0.231366,45,741.9,1,69,64.87
META,2026-10-06,2026-11-20,510.0,C,232.7,238.85,235.775,68.1278,0.956102,0.000524,-0.235109,0.242035,45,741.9,1,678,64.87
META,2026-10-06,2026-11-20,515.0,C,227.3,233.2,230.25,64.6061,0.959463,0.000518,-0.21567,0.226928,45,741.9,45,69,64.87
META,2026-10-06,2026-11-20,520.0,C,222.25,229.0,225.625,64.6488,0.955521,0.000558,-0.22867,0.244615,45,741.9,3,246,64.87
META,2026-10-06,2026-11-20,525.0,C,218.05,224.1,221.075,64.8441,0.950982,0.000601,-0.243621,0.264447,45,741.9,2,44,64.87
META,2026-10-06,2026-11-20,530.0,C,212.85,219.2,216.025,63.2206,0.950371,0.000623,-0.2412,0.267075,45,741.9,1,962,64.87
META,2026-10-06,2026-11-20,535.0,C,208.2,214.3,211.25,62.5431,0.947509,0.000658,-0.24795,0.279262,45,741.9,9,193,64.87
META,2026-10-06,2026-11-20,540.0,C,203.45,209.4,206.425,61.6703,0.944986,0.000693,-0.252815,0.289842,45,741.9,4,799,64.87
META,2026-10-06,2026-11-20,545.0,C,199.1,204.15,201.625,60.8585,0.942185,0.00073,-0.258323,0.301412,45,741.9,11,240,64.87
META,2026-10-06,2026-11-20,550.0,C,193.75,197.85,195.8,56.7875,0.947979,0.00072,-0.230565,0.277275,45,741.9,3,1390,64.87
META,2026-10-06,2026-11-20,555.0,C,189.1,194.15,191.625,57.9808,0.939646,0.000792,-0.256232,0.311746,45,741.9,1,942,64.87
META,2026-10-06,2026-11-20,560.0,C,183.65,190.0,186.825,57.1354,0.936628,0.000835,-0.261267,0.323847,45,741.9,5,1448,64.87
META,2026-10-06,2026-11-20,565.0,C,178.85,185.15,182.0,56.2016,0.933721,0.000879,-0.265366,0.335323,45,741.9,2,582,64.87
META,2026-10-06,2026-11-20,570.0,C,175.2,180.35,177.775,56.8242,0.92586,0.000948,-0.286577,0.365519,45,741.9,610,983,64.87
META,2026-10-06,2026-11-20,575.0,C,169.75,175.55,172.65,55.0542,0.925153,0.000985,-0.281517,0.368176,45,741.9,2,763,64.87
META,2026-10-06,2026-11-20,580.0,C,165.65,170.75,168.2,54.9535,0.918948,0.001049,-0.295096,0.391115,45,741.9,3,773,64.87
META,2026-10-06,2026-11-20,585.0,C,160.05,166.0,163.025,53.0766,0.918447,0.001091,-0.288541,0.392938,45,741.9,1,6533,64.87
META,2026-10-06,2026-11-20,590.0,C,155.25,160.7,157.975,51.5142,0.916879,0.00114,-0.285393,0.398613,45,741.9,1,2628,64.87
META,2026-10-06,2026-11-20,595.0,C,151.25,156.6,153.925,52.1977,0.907014,0.001224,-0.308231,0.433383,45,741.9,1,797,64.87
META,2026-10-06,2026-11-20,600.0,C,146.45,150.5,148.475,53.9433,0.892815,0.001313,-0.34427,0.480779,45,741.9,6,4781,64.87
META,2026-10-06,2026-11-20,605.0,C,141.4,147.25,144.325,50.0829,0.899036,0.001355,-0.313475,0.460382,45,741.9,5,1213,64.87
META,2026-10-06,2026-11-20,610.0,C,138.05,140.95,139.5,51.74,0.884079,0.001448,-0.348776,0.508507,45,741.9,9,1612,64.87
META,2026-10-06,2026-11-20,615.0,C,132.7,137.1,134.9,52.2618,0.873071,0.001528,-0.370705,0.542003,45,741.9,1,1024,64.87
META,2026-10-06,2026-11-20,620.0,C,128.55,132.25,130.4,50.9526,0.868735,0.001604,-0.37023,0.554774,45,741.9,9,782,64.87
META,2026-10-06,2026-11-20,625.0,C,123.85,129.0,126.425,52.2466,0.853918,0.001683,-0.401707,0.596711,45,741.9,4,891,64.87
META,2026-10-06,2026-11-20,630.0,C,120.1,124.4,122.25,51.2517,0.847561,0.001765,-0.404903,0.613928,45,741.9,8,1381,64.87
META,2026-10-06,2026-11-20,635.0,C,115.45,119.65,117.55,50.0066,0.841859,0.001854,-0.404835,0.62899,45,741.9,2,2361,64.87
META,2026-10-06,2026-11-20,640.0,C,111.25,115.75,113.5,49.9913,0.830892,0.001937,-0.419813,0.65698,45,741.9,2,1843,64.87
META,2026-10-06,2026-11-20,645.0,C,106.95,111.3,109.125,49.1109,0.822937,0.00203,-0.42388,0.676502,45,741.9,1,489,64.87
META,2026-10-06,2026-11-20,650.0,C,103.1,106.9,105.0,48.2641,0.814422,0.002127,-0.428135,0.696696,45,741.9,49,4909,64.87
META,2026-10-06,2026-11-20,655.0,C,99.0,103.15,101.075,48.2397,0.80218,0.002213,-0.442263,0.724494,45,741.9,14,492,64.87
META,2026-10-06,2026-11-20,660.0,C,95.45,98.6,97.025,47.0968,0.793892,0.002323,-0.442319,0.742515,45,741.9,9,2929,64.87
META,2026-10-06,2026-11-20,665.0,C,91.65,95.1,93.375,47.2448,0.780077,0.002405,-0.457841,0.771164,45,741.9,5,472,64.87
META,2026-10-06,2026-11-20,670.0,C,87.9,90.85,89.375,46.3812,0.769676,0.002515,-0.460604,0.791621,45,741.9,7,1405,64.87
META,2026-10-06,2026-11-20,675.0,C,84.2,87.05,85.625,46.0043,0.756932,0.002612,-0.468838,0.815425,45,741.9,9,934,64.87
META,2026-10-06,2026-11-20,680.0,C,80.8,82.95,81.875,45.2108,0.745178,0.002726,-0.47157,0.836181,45,741.9,31,1056,64.87
META,2026-10-06,2026-11-20,685.0,C,77.1,79.65,78.375,45.2673,0.729954,0.002804,-0.483905,0.8614,45,741.9,14,891,64.87
META,2026-10-06,2026-11-20,690.0,C,73.7,76.35,75.025,45.2291,0.714732,0.002883,-0.49442,0.88479,45,741.9,5,1486,64.87
META,2026-10-06,2026-11-20,695.0,C,70.75,73.2,71.975,45.2642,0.698996,0.002953,-0.505054,0.907101,45,741.9,5,716,64.87
META,2026-10-06,2026-11-20,700.0,C,67.55,69.4,68.475,44.5242,0.684994,0.003063,-0.505924,0.925395,45,741.9,194,17682,64.87
META,2026-10-06,2026-11-20,705.0,C,64.25,66.1,65.175,44.2404,0.6693,0.003145,-0.511332,0.944192,45,741.9,6,722,64.87
META,2026-10-06,2026-11-20,710.0,C,61.3,62.85,62.075,43.9291,0.653273,0.003226,-0.515598,0.961561,45,741.9,21,1127,64.87
META,2026-10-06,2026-11-20,715.0,C,58.6,59.9,59.25,43.8391,0.636483,0.003287,-0.521512,0.977812,45,741.9,34,831,64.87
META,2026-10-06,2026-11-20,720.0,C,55.85,57.1,56.475,43.8116,0.619397,0.003338,-0.527205,0.992341,45,741.9,52,2116,64.87
META,2026-10-06,2026-11-20,725.0,C,53.1,54.25,53.675,43.6499,0.602298,0.003393,-0.530427,1.004882,45,741.9,111,3177,64.87
META,2026-10-06,2026-11-20,730.0,C,50.4,51.45,50.925,43.4545,0.585012,0.003444,-0.532301,1.015553,45,741.9,103,1401,64.87
META,2026-10-06,2026-11-20,735.0,C,47.9,48.7,48.3,43.2257,0.567531,0.003492,-0.532806,1.024314,45,741.9,86,882,64.87
META,2026-10-06,2026-11-20,740.0,C,45.4,46.05,45.725,43.009,0.549853,0.003533,-0.532444,1.031114,45,741.9,409,2063,64.87
META,2026-10-06,2026-11-20,745.0,C,42.95,43.9,43.425,43.1875,0.532275,0.003534,-0.535562,1.035836,45,741.9,202,813,64.87
META,2026-10-06,2026-11-20,750.0,C,40.65,41.4,41.025,42.951,0.514459,0.003563,-0.532964,1.038556,45,741.9,691,7217,64.87
META,2026-10-06,2026-11-20,755.0,C,38.45,39.25,38.85,42.9632,0.496903,0.003564,-0.532225,1.039207,45,741.9,52,4270,64.87
META,2026-10-06,2026-11-20,760.0,C,36.35,37.2,36.775,42.9907,0.479508,0.003558,-0.530713,1.037867,45,741.9,124,4857,64.87
META,2026-10-06,2026-11-20,765.0,C,34.25,35.15,34.7,42.9388,0.462107,0.003551,-0.52734,1.034547,45,741.9,73,4214,64.87
META,2026-10-06,2026-11-20,770.0,C,32.3,33.15,32.725,42.8549,0.444764,0.003539,-0.522668,1.029261,45,741.9,104,5389,64.87
META,2026-10-06,2026-11-20,775.0,C,30.45,31.4,30.925,42.9342,0.428065,0.003509,-0.519088,1.022298,45,741.9,111,4998,64.87
META,2026-10-06,2026-11-20,780.0,C,28.7,29.5,29.1,42.7908,0.410905,0.003489,-0.511952,1.013214,45,741.9,128,6971,64.87
META,2026-10-06,2026-11-20,785.0,C,26.95,27.85,27.4,42.8137,0.394534,0.003451,-0.506062,1.002708,45,741.9,21,307,64.87
META,2026-10-06,2026-11-20,790.0,C,25.45,26.15,25.8,42.713,0.377961,0.003416,-0.497854,0.990225,45,741.9,39,1331,64.87
META,2026-10-06,2026-11-20,795.0,C,23.95,24.65,24.3,42.7374,0.362186,0.003367,-0.490532,0.976596,45,741.9,42,1145,64.87
META,2026-10-06,2026-11-20,800.0,C,22.5,23.0,22.75,42.5314,0.34567,0.003328,-0.479515,0.960471,45,741.9,560,22875,64.87
META,2026-10-06,2026-11-20,805.0,C,21.15,21.65,21.4,42.5619,0.330571,0.003269,-0.470992,0.944045,45,741.9,71,4244,64.87
META,2026-10-06,2026-11-20,810.0,C,19.8,20.5,20.15,42.7374,0.316615,0.003198,-0.463922,0.927405,45,741.9,61,5504,64.87
META,2026-10-06,2026-11-20,815.0,C,18.6,19.25,18.925,42.7359,0.302153,0.003133,-0.453965,0.908658,45,741.9,31,4230,64.87
META,2026-10-06,2026-11-20,820.0,C,17.45,18.1,17.775,42.7771,0.288321,0.003063,-0.444165,0.889266,45,741.9,184,4935,64.87
META,2026-10-06,2026-11-20,825.0,C,16.35,17.0,16.675,42.8061,0.274833,0.002991,-0.433812,0.86895,45,741.9,35,5032,64.87
META,2026-10-06,2026-11-20,830.0,C,15.35,15.9,15.625,42.7679,0.261358,0.002919,-0.422148,0.847234,45,741.9,142,5633,64.87
META,2026-10-06,2026-11-20,835.0,C,14.3,14.85,14.575,42.7191,0.248218,0.002845,-0.410019,0.824659,45,741.9,42,390,64.87
META,2026-10-06,2026-11-20,840.0,C,13.45,14.0,13.725,42.8488,0.236602,0.002763,-0.400291,0.803519,45,741.9,73,1253,64.87
META,2026-10-06,2026-11-20,845.0,C,12.55,13.05,12.8,42.7893,0.22423,0.002685,-0.387556,0.77975,45,741.9,36,410,64.87
META,2026-10-06,2026-11-20,850.0,C,11.8,12.3,12.05,42.9266,0.213534,0.002603,-0.377644,0.758127,45,741.9,254,2836,64.87
META,2026-10-06,2026-11-20,855.0,C,11.0,11.65,11.325,43.1433,0.203782,0.002519,-0.368869,0.737521,45,741.9,6,296,64.87
META,2026-10-06,2026-11-20,860.0,C,10.35,10.75,10.55,42.9541,0.191832,0.00244,-0.353824,0.711076,45,741.9,35,1018,64.87
META,2026-10-06,2026-11-20,865.0,C,9.6,10.05,9.825,42.9815,0.181695,0.002357,-0.342069,0.687576,45,741.9,16,262,64.87
META,2026-10-06,2026-11-20,870.0,C,9.05,9.5,9.275,43.1738,0.173039,0.002276,-0.332883,0.666707,45,741.9,67,1353,64.87
META,2026-10-06,2026-11-20,875.0,C,8.45,8.9,8.675,43.2409,0.163971,0.002195,-0.32181,0.644025,45,741.9,25,1005,64.87
META,2026-10-06,2026-11-20,880.0,C,7.9,8.3,8.1,43.247,0.154902,0.002114,-0.309865,0.620477,45,741.9,19,444,64.87
META,2026-10-06,2026-11-20,885.0,C,7.35,7.75,7.55,43.2806,0.146397,0.002035,-0.298452,0.597575,45,741.9,59,199,64.87
META,2026-10-06,2026-11-20,890.0,C,6.9,7.25,7.075,43.3416,0.138444,0.001956,-0.287593,0.575417,45,741.9,16,198,64.87
META,2026-10-06,2026-11-20,895.0,C,6.45,6.8,6.625,43.4393,0.131085,0.00188,-0.27745,0.554248,45,741.9,75,79,64.87
META,2026-10-06,2026-11-20,900.0,C,6.05,6.35,6.2,43.482,0.123735,0.001804,-0.266631,0.532445,45,741.9,289,14801,64.87
META,2026-10-06,2026-11-20,905.0,C,5.55,5.95,5.75,43.5736,0.117028,0.001731,-0.256746,0.511948,45,741.9,11,254,64.87
META,2026-10-06,2026-11-20,910.0,C,5.2,5.6,5.4,43.7139,0.110937,0.001661,-0.247796,0.492819,45,741.9,109,454,64.87
META,2026-10-06,2026-11-20,915.0,C,4.95,5.25,5.1,43.8116,0.104901,0.001592,-0.238402,0.473355,45,741.9,7,98,64.87
META,2026-10-06,2026-11-20,920.0,C,4.6,4.9,4.75,43.8604,0.098885,0.001523,-0.228502,0.453439,45,741.9,88,330,64.87
META,2026-10-06,2026-11-20,925.0,C,4.3,4.6,4.45,43.9764,0.093546,0.001459,-0.219826,0.435311,45,741.9,71,878,64.87
META,2026-10-06,2026-11-20,930.0,C,4.0,4.35,4.175,44.1656,0.088881,0.001398,-0.212437,0.419107,45,741.9,51,178,64.87
META,2026-10-06,2026-11-20,935.0,C,3.75,4.05,3.9,44.1961,0.08361,0.001335,-0.202983,0.400373,45,741.9,22,163,64.87
META,2026-10-06,2026-11-20,940.0,C,3.5,3.8,3.65,44.306,0.079024,0.001276,-0.194915,0.383694,45,741.9,10,197,64.87
META,2026-10-06,2026-11-20,945.0,C,3.25,3.6,3.425,44.5074,0.075144,0.001223,-0.188355,0.369288,45,741.9,1,128,64.87
META,2026-10-06,2026-11-20,950.0,C,3.1,3.4,3.25,44.6783,0.071317,0.00117,-0.18158,0.354811,45,741.9,32,2516,64.87
META,2026-10-06,2026-11-20,955.0,C,2.9,3.15,3.025,44.66,0.066782,0.001113,-0.172472,0.337292,45,741.9,1,71,64.87
META,2026-10-06,2026-11-20,960.0,C,2.69,2.96,2.825,44.782,0.063146,0.001063,-0.165517,0.322949,45,741.9,1,296,64.87
META,2026-10-06,2026-11-20,965.0,C,2.52,2.79,2.655,44.9285,0.059816,0.001015,-0.159111,0.309568,45,741.9,4,137,64.87
META,2026-10-06,2026-11-20,970.0,C,2.36,2.63,2.495,45.075,0.056665,0.00097,-0.152922,0.296683,45,741.9,69,97,64.87
META,2026-10-06,2026-11-20,975.0,C,2.21,2.47,2.34,45.1849,0.053527,0.000925,-0.146491,0.283627,45,741.9,1,57,64.87
META,2026-10-06,2026-11-20,980.0,C,2.1,2.3,2.2,45.2276,0.050284,0.000879,-0.139472,0.269881,45,741.9,57,172,64.87
META,2026-10-06,2026-11-20,985.0,C,1.95,2.2,2.075,45.49,0.048098,0.000844,-0.135337,0.260472,45,741.9,1,78,64.87
META,2026-10-06,2026-11-20,990.0,C,1.83,2.08,1.955,45.6548,0.04565,0.000806,-0.130204,0.249782,45,741.9,5,225,64.87
META,2026-10-06,2026-11-20,995.0,C,1.71,1.96,1.835,45.7891,0.043219,0.000769,-0.124911,0.239008,45,741.9,23,49,64.87
META,2026-10-06,2026-11-20,1000.0,C,1.7,1.84,1.77,45.8868,0.040788,0.000732,-0.119406,0.228066,45,741.9,104,1613,64.87
META,2026-10-06,2026-11-20,1010.0,C,1.42,1.64,1.53,46.1797,0.036654,0.000667,-0.110076,0.20905,45,741.9,3,162,64.87
META,2026-10-06,2026-11-20,1020.0,C,1.27,1.49,1.38,46.607,0.033387,0.000612,-0.102832,0.193627,45,741.9,2,177,64.87
META,2026-10-06,2026-11-20,1030.0,C,1.12,1.34,1.23,46.9366,0.030165,0.000559,-0.095175,0.178057,45,741.9,1,167,64.87
META,2026-10-06,2026-11-20,1040.0,C,0.97,1.2,1.085,47.2295,0.02718,0.000509,-0.087769,0.163276,45,741.9,1,67,64.87
META,2026-10-06,2026-11-20,1050.0,C,0.86,1.08,0.97,47.5469,0.024573,0.000465,-0.081166,0.150064,45,741.9,7,297,64.87
META,2026-10-06,2026-11-20,1060.0,C,0.79,0.98,0.885,47.9253,0.022386,0.000427,-0.075602,0.138744,45,741.9,9,258,64.87
META,2026-10-06,2026-11-20,1070.0,C,0.69,0.88,0.785,48.2061,0.020202,0.000389,-0.069688,0.127207,45,741.9,1,125,64.87
META,2026-10-06,2026-11-20,1080.0,C,0.62,0.78,0.7,48.3892,0.018043,0.000352,-0.063516,0.115554,45,741.9,60,306,64.87
META,2026-10-06,2026-11-20,1090.0,C,0.53,0.73,0.63,48.9263,0.016805,0.000328,-0.06041,0.108748,45,741.9,53,489,64.87
META,2026-10-06,2026-11-20,1100.0,C,0.51,0.63,0.57,48.9263,0.014708,0.000292,-0.053862,0.096996,45,741.9,5,1402,64.87
META,2026-10-06,2026-11-20,1110.0,C,0.42,0.6,0.51,49.5611,0.013912,0.000275,-0.051984,0.092457,45,741.9,2,123,64.87
META,2026-10-06,2026-11-20,1120.0,C,0.37,0.55,0.46,49.9273,0.012757,0.000253,-0.048575,0.085794,45,741.9,1,151,64.87
META,2026-10-06,2026-11-20,1130.0,C,0.33,0.5,0.415,50.2446,0.011644,0.000232,-0.045147,0.079264,45,741.9,4,89,64.87
META,2026-10-06,2026-11-20,1140.0,C,0.26,0.49,0.375,51.0015,0.011257,0.000222,-0.044485,0.076972,45,741.9,4,135,64.87
META,2026-10-06,2026-11-20,1150.0,C,0.23,0.41,0.32,50.7817,0.009611,0.000195,-0.03858,0.067062,45,741.9,3,281,64.87
META,2026-10-06,2026-11-20,1160.0,C,0.2,0.42,0.31,51.7827,0.00964,0.000191,-0.039428,0.067238,45,741.9,1,128,64.87
META,2026-10-06,2026-11-20,1170.0,C,0.17,0.39,0.28,50.2446,0.006834,0.000146,-0.028274,0.0497,45,741.9,2,127,64.87
META,2026-10-06,2026-11-20,1180.0,C,0.15,0.36,0.255,50.5376,0.006236,0.000134,-0.026218,0.045832,45,741.9,3,37,64.87
META,2026-10-06,2026-11-20,1190.0,C,0.13,0.33,0.23,50.7329,0.005613,0.000121,-0.023968,0.041749,45,741.9,1,66,64.87
META,2026-10-06,2026-11-20,1200.0,C,0.22,0.29,0.255,52.1001,0.006036,0.000126,-0.026242,0.044527,45,741.9,13,1462,64.87
META,2026-10-06,2026-11-20,1210.0,C,0.18,0.29,0.235,52.4419,0.005582,0.000117,-0.024635,0.04154,45,741.9,2,428,64.87
META,2026-10-06,2026-11-20,1220.0,C,0.08,0.28,0.18,51.7583,0.004412,9.6e-05,-0.019717,0.033692,45,741.9,1,41,64.87
META,2026-10-06,2026-11-20,1230.0,C,0.07,0.26,0.165,52.0513,0.004052,8.8e-05,-0.018371,0.031223,45,741.9,6,42,64.87
META,2026-10-06,2026-11-20,1240.0,C,0.06,0.25,0.155,52.4419,0.003786,8.3e-05,-0.017412,0.02938,45,741.9,1,107,64.87
META,2026-10-06,2026-11-20,1250.0,C,0.05,0.2,0.125,52.0513,0.00311,7e-05,-0.01448,0.024621,45,741.9,6,375,64.87
META,2026-10-06,2026-11-20,1260.0,C,0.04,0.2,0.12,52.5395,0.002962,6.6e-05,-0.013982,0.02356,45,741.9,3,105,64.87
META,2026-10-06,2026-11-20,1270.0,C,0.03,0.22,0.125,53.4184,0.003018,6.6e-05,-0.014457,0.023964,45,741.9,5,64,64.87
META,2026-10-06,2026-11-20,1280.0,C,0.02,0.2,0.11,53.5161,0.0027,6e-05,-0.013095,0.021671,45,741.9,1,40,64.87
META,2026-10-06,2026-11-20,1290.0,C,0.02,0.2,0.11,54.1997,0.002671,5.8e-05,-0.013134,0.021466,45,741.9,1,67,64.87
META,2026-10-06,2026-11-20,1300.0,C,0.02,0.18,0.1,54.395,0.002436,5.4e-05,-0.012125,0.01975,45,741.9,1,191,64.87
META,2026-10-06,2026-11-20,1310.0,C,0.01,0.18,0.095,54.7856,0.0023,5e-05,-0.011592,0.01875,45,741.9,1,6,64.87
META,2026-10-06,2026-11-20,1320.0,C,0.0,0.22,0.11,56.1528,0.002566,5.4e-05,-0.013115,0.020702,45,741.9,1,12,64.87
META,2026-10-06,2026-11-20,1330.0,C,0.0,0.27,0.135,57.9106,0.003029,6.1e-05,-0.015701,0.024039,45,741.9,3,22,64.87
META,2026-10-06,2026-11-20,1340.0,C,0.0,0.31,0.155,59.3266,0.003362,6.6e-05,-0.017666,0.026408,45,741.9,1,17,64.87
META,2026-10-06,2026-11-20,1350.0,C,0.0,0.33,0.165,60.352,0.003512,6.7e-05,-0.018687,0.027465,45,741.9,19,67,64.87
META,2026-10-06,2026-11-20,1360.0,C,0.0,0.38,0.19,61.8168,0.003899,7.2e-05,-0.021015,0.030161,45,741.9,4,35,64.87
META,2026-10-06,2026-11-20,1370.0,C,0.0,0.15,0.075,57.4223,0.001769,3.8e-05,-0.009561,0.014772,45,741.9,1,89,64.87
META,2026-10-06,2026-11-20,1380.0,C,0.0,0.15,0.075,58.0082,0.001745,3.7e-05,-0.009539,0.014592,45,741.9,45,56,64.87
META,2026-10-06,2026-11-20,1390.0,C,0.01,0.13,0.07,58.2035,0.001611,3.4e-05,-0.008898,0.013566,45,741.9,2,22,64.87
META,2026-10-06,2026-11-20,1400.0,C,0.01,0.09,0.05,57.227,0.001202,2.7e-05,-0.006695,0.010384,45,741.9,1,115,64.87
META,2026-10-06,2026-11-20,1410.0,C,0.0,0.53,0.265,67.2367,0.004927,8.1e-05,-0.028149,0.037178,45,741.9,1,39,64.87
META,2026-10-06,2026-11-20,1420.0,C,0.0,0.15,0.075,60.352,0.001672,3.4e-05,-0.009539,0.014033,45,741.9,1,70,64.87
META,2026-10-06,2026-11-20,1430.0,C,0.0,0.1,0.05,58.9848,0.001179,2.5e-05,-0.006777,0.010201,45,741.9,1,55,64.87
META,2026-10-06,2026-11-20,1440.0,C,0.0,0.62,0.31,70.264,0.00547,8.6e-05,-0.032266,0.040799,45,741.9,8,142,64.87
META,2026-10-06,2026-11-20,1450.0,C,0.01,0.1,0.055,60.5473,0.001254,2.6e-05,-0.007356,0.010791,45,741.9,1,245,64.87
META,2026-10-06,2026-11-20,1460.0,C,0.01,0.1,0.055,61.1332,0.00125,2.6e-05,-0.007404,0.010759,45,741.9,1,94,64.87
META,2026-10-06,2026-11-20,1470.0,C,0.0,0.69,0.345,72.9495,0.005831,8.7e-05,-0.035443,0.043184,45,741.9,3,324,64.87
META,2026-10-06,2026-11-20,1480.0,C,0.01,0.04,0.025,58.5942,0.00062,1.4e-05,-0.003723,0.005646,45,741.9,56,6206,64.87
META,2026-10-06,2026-11-20,1490.0,C,0.0,0.71,0.355,74.4143,0.005881,8.6e-05,-0.036422,0.043515,45,741.9,1,140,64.87
META,2026-10-06,2026-11-20,20.0,P,0.0,0.01,0.005,287.5003,-2.2e-05,0.0,-0.000774,0.000243,45,741.9,20,20,64.87
META,2026-10-06,2026-11-20,25.0,P,0.0,0.25,0.125,346.0939,-0.000335,1e-06,-0.012238,0.003193,45,741.9,0,0,64.87
META,2026-10-06,2026-11-20,30.0,P,0.0,0.01,0.005,250.0004,-2.1e-05,0.0,-0.000646,0.000233,45,741.9,9,10,64.87
META,2026-10-06,2026-11-20,35.0,P,0.0,0.35,0.175,319.9221,-0.000511,2e-06,-0.016718,0.004719,45,741.9,4,0,64.87
META,2026-10-06,2026-11-20,40.0,P,0.0,0.01,0.005,228.1254,-2.5e-05,0.0,-0.000713,0.000282,45,741.9,2,33,64.87
META,2026-10-06,2026-11-20,45.0,P,0.0,0.45,0.225,299.6096,-0.0007,3e-06,-0.020947,0.006316,45,741.9,2,0,64.87
META,2026-10-06,2026-11-20,50.0,P,0.0,1.02,0.51,316.0158,-0.001395,6e-06,-0.041601,0.011895,45,741.9,1,43,64.87
META,2026-10-06,2026-11-20,250.0,P,0.01,0.09,0.05,100.7817,-0.000548,7e-06,-0.00559,0.005036,45,741.9,20,2554,64.87
META,2026-10-06,2026-11-20,260.0,P,0.02,0.1,0.06,98.8281,-0.000665,9e-06,-0.006557,0.006026,45,741.9,2,219,64.87
META,2026-10-06,2026-11-20,270.0,P,0.0,0.11,0.055,94.5313,-0.000627,9e-06,-0.005941,0.00571,45,741.9,12,121,64.87
META,2026-10-06,2026-11-20,280.0,P,0.0,0.78,0.39,111.1333,-0.003416,3.6e-05,-0.032759,0.026786,45,741.9,4,46,64.87
META,2026-10-06,2026-11-20,290.0,P,0.0,0.1,0.05,87.5001,-0.000625,1e-05,-0.005478,0.005692,45,741.9,15,175,64.87
META,2026-10-06,2026-11-20,300.0,P,0.01,0.11,0.06,85.9376,-0.000768,1.2e-05,-0.0065,0.006878,45,741.9,33,497,64.87
META,2026-10-06,2026-11-20,310.0,P,0.01,0.13,0.07,83.9845,-0.000894,1.4e-05,-0.007303,0.007911,45,741.9,6,124,64.87
META,2026-10-06,2026-11-20,320.0,P,0.0,0.54,0.27,92.7735,-0.002895,3.7e-05,-0.023526,0.023077,45,741.9,1,63,64.87
META,2026-10-06,2026-11-20,330.0,P,0.0,0.13,0.065,77.7346,-0.000896,1.5e-05,-0.00677,0.00793,45,741.9,1,116,64.87
META,2026-10-06,2026-11-20,340.0,P,0.01,0.13,0.07,75.5862,-0.000996,1.7e-05,-0.007254,0.008742,45,741.9,1,250,64.87
META,2026-10-06,2026-11-20,350.0,P,0.05,0.14,0.095,75.0003,-0.001335,2.2e-05,-0.009407,0.01143,45,741.9,13,430,64.87
META,2026-10-06,2026-11-20,360.0,P,0.0,0.11,0.055,68.7503,-0.000854,1.6e-05,-0.005723,0.007589,45,741.9,10,280,64.87
META,2026-10-06,2026-11-20,370.0,P,0.04,0.28,0.16,73.4378,-0.002212,3.6e-05,-0.014573,0.018099,45,741.9,7,212,64.87
META,2026-10-06,2026-11-20,380.0,P,0.02,0.18,0.1,67.5784,-0.001543,2.8e-05,-0.009657,0.013041,45,741.9,7,138,64.87
META,2026-10-06,2026-11-20,390.0,P,0.09,0.17,0.13,66.7972,-0.001987,3.6e-05,-0.012012,0.016419,45,741.9,17,255,64.87
META,2026-10-06,2026-11-20,400.0,P,0.08,0.18,0.13,64.3558,-0.002061,3.9e-05,-0.011956,0.016972,45,741.9,1,824,64.87
META,2026-10-06,2026-11-20,405.0,P,0.04,0.19,0.115,62.4027,-0.001897,3.7e-05,-0.010749,0.015741,45,741.9,8,196,64.87
META,2026-10-06,2026-11-20,410.0,P,0.05,0.2,0.125,61.7191,-0.002066,4.1e-05,-0.011487,0.017013,45,741.9,3,173,64.87
META,2026-10-06,2026-11-20,415.0,P,0.05,0.18,0.115,60.059,-0.001965,4e-05,-0.010675,0.016253,45,741.9,4,182,64.87
META,2026-10-06,2026-11-20,420.0,P,0.14,0.21,0.175,61.5238,-0.002849,5.4e-05,-0.015301,0.022747,45,741.9,17,1007,64.87
META,2026-10-06,2026-11-20,425.0,P,0.06,0.23,0.145,59.1801,-0.002486,5e-05,-0.013009,0.020113,45,741.9,2,625,64.87
META,2026-10-06,2026-11-20,430.0,P,0.07,0.24,0.155,58.3989,-0.002663,5.4e-05,-0.013657,0.021404,45,741.9,3,232,64.87
META,2026-10-06,2026-11-20,435.0,P,0.08,0.25,0.165,57.6664,-0.002869,5.9e-05,-0.014421,0.022896,45,741.9,1,741,64.87
META,2026-10-06,2026-11-20,440.0,P,0.09,0.26,0.175,56.8852,-0.003069,6.3e-05,-0.01511,0.024328,45,741.9,4,596,64.87
META,2026-10-06,2026-11-20,445.0,P,0.1,0.27,0.185,56.0551,-0.003259,6.8e-05,-0.015709,0.025677,45,741.9,7,360,64.87
META,2026-10-06,2026-11-20,450.0,P,0.11,0.29,0.2,55.4204,-0.003551,7.4e-05,-0.016771,0.027735,45,741.9,7,1650,64.87
META,2026-10-06,2026-11-20,455.0,P,0.12,0.31,0.215,54.7368,-0.003841,8e-05,-0.017766,0.029759,45,741.9,1,383,64.87
META,2026-10-06,2026-11-20,460.0,P,0.24,0.32,0.28,55.3227,-0.004893,9.8e-05,-0.022287,0.036949,45,741.9,9,586,64.87
META,2026-10-06,2026-11-20,465.0,P,0.18,0.35,0.265,53.8091,-0.004752,9.9e-05,-0.02111,0.035999,45,741.9,1,401,64.87
META,2026-10-06,2026-11-20,470.0,P,0.25,0.37,0.31,53.7114,-0.005526,0.000113,-0.024093,0.041176,45,741.9,7,1457,64.87
META,2026-10-06,2026-11-20,475.0,P,0.22,0.4,0.31,52.5884,-0.005639,0.000117,-0.024004,0.041917,45,741.9,1,640,64.87
META,2026-10-06,2026-11-20,480.0,P,0.27,0.43,0.35,52.2466,-0.006346,0.000131,-0.026472,0.046549,45,741.9,6,2743,64.87
META,2026-10-06,2026-11-20,485.0,P,0.24,0.46,0.35,51.1235,-0.006472,0.000137,-0.026343,0.047363,45,741.9,4,467,64.87
META,2026-10-06,2026-11-20,490.0,P,0.3,0.5,0.4,50.855,-0.007343,0.000153,-0.029282,0.052948,45,741.9,3,872,64.87
META,2026-10-06,2026-11-20,495.0,P,0.38,0.54,0.46,50.6597,-0.008385,0.000173,-0.032769,0.059509,45,741.9,6,747,64.87
META,2026-10-06,2026-11-20,500.0,P,0.46,0.57,0.515,50.2935,-0.009364,0.000192,-0.035819,0.065553,45,741.9,28,3764,64.87
META,2026-10-06,2026-11-20,505.0,P,0.43,0.65,0.54,50.8062,-0.011507,0.000228,-0.043288,0.078455,45,741.9,1,705,64.87
META,2026-10-06,2026-11-20,510.0,P,0.44,0.68,0.56,49.9761,-0.012165,0.000243,-0.044661,0.082333,45,741.9,1,1243,64.87
META,2026-10-06,2026-11-20,515.0,P,0.54,0.75,0.645,49.5366,-0.013407,0.000266,-0.048128,0.089558,45,741.9,2,1249,64.87
META,2026-10-06,2026-11-20,520.0,P,0.62,0.8,0.71,48.8653,-0.01441,0.000287,-0.050492,0.095303,45,741.9,8,1083,64.87
META,2026-10-06,2026-11-20,525.0,P,0.69,0.89,0.79,48.5113,-0.015998,0.000317,-0.054806,0.104258,45,741.9,12,820,64.87
META,2026-10-06,2026-11-20,530.0,P,0.8,0.98,0.89,48.0718,-0.017586,0.000347,-0.058856,0.113053,45,741.9,311,2319,64.87
META,2026-10-06,2026-11-20,535.0,P,0.87,1.07,0.97,47.5835,-0.019223,0.000378,-0.062808,0.121958,45,741.9,1,1159,64.87
META,2026-10-06,2026-11-20,540.0,P,0.97,1.17,1.07,47.1197,-0.021048,0.000412,-0.067124,0.131705,45,741.9,53,2297,64.87
META,2026-10-06,2026-11-20,545.0,P,1.18,1.3,1.24,46.7779,-0.02329,0.000452,-0.072533,0.143449,45,741.9,14,839,64.87
META,2026-10-06,2026-11-20,550.0,P,1.23,1.35,1.29,45.899,-0.024509,0.000481,-0.074234,0.149737,45,741.9,84,4894,64.87
META,2026-10-06,2026-11-20,555.0,P,1.32,1.57,1.445,45.9478,-0.02804,0.000537,-0.083109,0.167569,45,741.9,51,1459,64.87
META,2026-10-06,2026-11-20,560.0,P,1.48,1.67,1.575,45.2703,-0.030041,0.000578,-0.086645,0.17745,45,741.9,65,1992,64.87
META,2026-10-06,2026-11-20,565.0,P,1.64,1.91,1.775,45.2154,-0.033903,0.000639,-0.095562,0.196091,45,741.9,2,981,64.87
META,2026-10-06,2026-11-20,570.0,P,1.85,2.08,1.965,44.7515,-0.036927,0.000693,-0.101365,0.210323,45,741.9,54,1552,64.87
META,2026-10-06,2026-11-20,575.0,P,2.03,2.29,2.16,44.3853,-0.040499,0.000753,-0.108299,0.226752,45,741.9,20,949,64.87
META,2026-10-06,2026-11-20,580.0,P,2.28,2.54,2.41,44.0985,-0.044626,0.00082,-0.116286,0.245266,45,741.9,40,1675,64.87
META,2026-10-06,2026-11-20,585.0,P,2.53,2.79,2.66,43.7384,-0.048843,0.000888,-0.123889,0.26369,45,741.9,52,7308,64.87
META,2026-10-06,2026-11-20,590.0,P,2.85,3.1,2.975,43.4942,-0.05382,0.000965,-0.132965,0.284855,45,741.9,127,2762,64.87
META,2026-10-06,2026-11-20,595.0,P,3.1,3.4,3.25,43.1402,-0.058776,0.001043,-0.141229,0.305339,45,741.9,114,838,64.87
META,2026-10-06,2026-11-20,600.0,P,3.45,3.7,3.575,42.7069,-0.063794,0.001123,-0.148898,0.325526,45,741.9,387,4328,64.87
META,2026-10-06,2026-11-20,605.0,P,3.8,4.15,3.975,42.6153,-0.070623,0.001218,-0.160573,0.352156,45,741.9,33,897,64.87
META,2026-10-06,2026-11-20,610.0,P,4.3,4.55,4.425,42.2888,-0.076942,0.00131,-0.169941,0.375996,45,741.9,122,1203,64.87
META,2026-10-06,2026-11-20,615.0,P,4.75,5.05,4.9,42.1209,-0.084435,0.001411,-0.181373,0.403336,45,741.9,84,917,64.87
META,2026-10-06,2026-11-20,620.0,P,5.25,5.55,5.4,41.8554,-0.092,0.001514,-0.191905,0.429978,45,741.9,143,1332,64.87
META,2026-10-06,2026-11-20,625.0,P,5.8,6.15,5.975,41.712,-0.100667,0.001623,-0.204084,0.459393,45,741.9,136,1450,64.87
META,2026-10-06,2026-11-20,630.0,P,6.45,6.75,6.6,41.4679,-0.109405,0.001734,-0.21521,0.487925,45,741.9,159,2135,64.87
META,2026-10-06,2026-11-20,635.0,P,7.1,7.45,7.275,41.3214,-0.119187,0.00185,-0.227634,0.518611,45,741.9,89,521,64.87
META,2026-10-06,2026-11-20,640.0,P,7.8,8.15,7.975,41.0803,-0.129079,0.001967,-0.238947,0.548365,45,741.9,68,1626,64.87
META,2026-10-06,2026-11-20,645.0,P,8.6,9.0,8.8,40.9949,-0.14035,0.002088,-0.25219,0.580794,45,741.9,62,1043,64.87
META,2026-10-06,2026-11-20,650.0,P,9.45,9.85,9.65,40.8087,-0.151711,0.00221,-0.264114,0.611979,45,741.9,274,3737,64.87
META,2026-10-06,2026-11-20,655.0,P,10.35,10.8,10.575,40.6759,-0.163948,0.002333,-0.276573,0.643968,45,741.9,70,523,64.87
META,2026-10-06,2026-11-20,660.0,P,11.45,11.8,11.625,40.5188,-0.176665,0.002457,-0.28852,0.67554,45,741.9,139,1612,64.87
META,2026-10-06,2026-11-20,665.0,P,12.45,12.95,12.7,40.47,-0.190519,0.002578,-0.301539,0.708087,45,741.9,62,748,64.87
META,2026-10-06,2026-11-20,670.0,P,13.55,14.1,13.825,40.3174,-0.204444,0.002701,-0.312907,0.738949,45,741.9,221,1830,64.87
META,2026-10-06,2026-11-20,675.0,P,14.9,15.35,15.125,40.1984,-0.21911,0.002821,-0.32426,0.769526,45,741.9,163,1038,64.87
META,2026-10-06,2026-11-20,680.0,P,16.25,16.7,16.475,40.1007,-0.234431,0.002938,-0.335364,0.799443,45,741.9,484,1723,64.87
META,2026-10-06,2026-11-20,685.0,P,17.5,18.15,17.825,40.0244,-0.250373,0.00305,-0.346136,0.828459,45,741.9,86,772,64.87
META,2026-10-06,2026-11-20,690.0,P,19.1,19.65,19.375,39.9054,-0.266642,0.003161,-0.355733,0.855922,45,741.9,47,525,64.87
META,2026-10-06,2026-11-20,695.0,P,20.75,21.25,21.0,39.8016,-0.283459,0.003266,-0.364785,0.882105,45,741.9,76,563,64.87
META,2026-10-06,2026-11-20,700.0,P,22.35,22.95,22.65,39.7101,-0.300772,0.003365,-0.373185,0.906787,45,741.9,187,1724,64.87
META,2026-10-06,2026-11-20,705.0,P,24.15,24.75,24.45,39.6277,-0.318526,0.003458,-0.380835,0.929767,45,741.9,42,742,64.87
META,2026-10-06,2026-11-20,710.0,P,26.05,26.7,26.375,39.6048,-0.336806,0.003539,-0.388254,0.951025,45,741.9,90,390,64.87
META,2026-10-06,2026-11-20,715.0,P,28.05,28.65,28.35,39.4842,-0.355155,0.00362,-0.393586,0.969965,45,741.9,61,371,64.87
META,2026-10-06,2026-11-20,720.0,P,30.05,30.75,30.4,39.4202,-0.373926,0.003689,-0.398559,0.986903,45,741.9,173,888,64.87
META,2026-10-06,2026-11-20,725.0,P,32.15,33.0,32.575,39.408,-0.392997,0.003746,-0.403078,1.001629,45,741.9,124,1919,64.87
META,2026-10-06,2026-11-20,730.0,P,34.6,35.3,34.95,39.35,-0.412169,0.003797,-0.40601,1.01395,45,741.9,85,640,64.87
META,2026-10-06,2026-11-20,735.0,P,36.85,37.7,37.275,39.295,-0.431478,0.00384,-0.407891,1.023871,45,741.9,393,1277,64.87
META,2026-10-06,2026-11-20,740.0,P,39.4,40.2,39.8,39.2432,-0.450873,0.003873,-0.408712,1.031349,45,741.9,213,963,64.87
META,2026-10-06,2026-11-20,745.0,P,42.0,42.8,42.4,39.1959,-0.470303,0.003896,-0.408487,1.036358,45,741.9,112,617,64.87
META,2026-10-06,2026-11-20,750.0,P,44.65,45.5,45.075,39.1516,-0.489716,0.00391,-0.407207,1.038893,45,741.9,153,2591,64.87
META,2026-10-06,2026-11-20,755.0,P,47.3,48.4,47.85,39.2096,-0.508902,0.003905,-0.406037,1.03898,45,741.9,113,137,64.87
META,2026-10-06,2026-11-20,760.0,P,50.2,51.2,50.7,39.0814,-0.528278,0.003909,-0.401654,1.036627,45,741.9,100,408,64.87
META,2026-10-06,2026-11-20,765.0,P,53.15,54.3,53.725,39.1531,-0.547069,0.003884,-0.398599,1.031997,45,741.9,9,581,64.87
META,2026-10-06,2026-11-20,770.0,P,56.15,57.35,56.75,39.0906,-0.565974,0.003864,-0.39297,1.024996,45,741.9,33,1172,64.87
META,2026-10-06,2026-11-20,775.0,P,59.3,60.5,59.9,39.0372,-0.584636,0.003834,-0.386495,1.015763,45,741.9,6,84,64.87
META,2026-10-06,2026-11-20,780.0,P,62.55,63.75,63.15,38.9975,-0.602988,0.003795,-0.379281,1.004414,45,741.9,223,301,64.87
META,2026-10-06,2026-11-20,785.0,P,66.15,67.1,66.625,38.9716,-0.620978,0.003748,-0.371389,0.991081,45,741.9,1,58,64.87
META,2026-10-06,2026-11-20,790.0,P,69.0,70.55,69.775,38.9639,-0.638535,0.003691,-0.36294,0.975931,45,741.9,1,106,64.87
META,2026-10-06,2026-11-20,795.0,P,72.9,74.15,73.525,39.0295,-0.655333,0.003623,-0.354736,0.959431,45,741.9,4,24,64.87
META,2026-10-06,2026-11-20,800.0,P,76.3,77.85,77.075,39.1211,-0.671531,0.003547,-0.346252,0.941629,45,741.9,22,314,64.87
META,2026-10-06,2026-11-20,805.0,P,79.8,81.7,80.75,39.3011,-0.68674,0.003462,-0.338427,0.923194,45,741.9,6,34,64.87
META,2026-10-06,2026-11-20,810.0,P,83.6,85.3,84.45,39.1287,-0.703485,0.003393,-0.325221,0.900928,45,741.9,11,9,64.87
META,2026-10-06,2026-11-20,815.0,P,87.05,89.45,88.25,39.498,-0.71652,0.003291,-0.319155,0.882135,45,741.9,15,11,64.87
META,2026-10-06,2026-11-20,820.0,P,90.8,93.45,92.125,39.6338,-0.730408,0.0032,-0.309468,0.860675,45,741.9,1,15,64.87
META,2026-10-06,2026-11-20,825.0,P,94.6,97.5,96.05,39.7589,-0.743837,0.003108,-0.299322,0.838476,45,741.9,5,5,64.87
META,2026-10-06,2026-11-20,830.0,P,98.95,101.4,100.175,39.6307,-0.758415,0.003022,-0.285175,0.812726,45,741.9,26,22,64.87
META,2026-10-06,2026-11-20,835.0,P,102.45,105.75,104.1,39.9939,-0.76924,0.00292,-0.278092,0.792459,45,741.9,6,15,64.87
META,2026-10-06,2026-11-20,840.0,P,106.6,109.95,108.275,40.1099,-0.781185,0.002825,-0.267195,0.768929,45,741.9,20,16,64.87
META,2026-10-06,2026-11-20,845.0,P,110.9,114.0,112.45,39.9573,-0.794462,0.002734,-0.252098,0.741295,45,741.9,8,0,64.87
META,2026-10-06,2026-11-20,850.0,P,114.8,118.55,116.675,40.4242,-0.803016,0.002634,-0.246371,0.722642,45,741.9,10,16,64.87
META,2026-10-06,2026-11-20,860.0,P,123.05,127.35,125.2,40.7934,-0.822541,0.002447,-0.226303,0.677456,45,741.9,1,1,64.87
META,2026-10-06,2026-11-20,865.0,P,127.9,131.75,129.825,40.8941,-0.832185,0.002356,-0.21502,0.653746,45,741.9,40,15,64.87
META,2026-10-06,2026-11-20,870.0,P,131.65,136.3,133.975,41.1749,-0.840169,0.002267,-0.206597,0.633385,45,741.9,35,21,64.87
META,2026-10-06,2026-11-20,875.0,P,311.85,318.55,315.2,217.9189,-0.431167,0.000692,-2.409485,1.023731,45,741.9,1,0,64.87
META,2026-10-06,2026-11-20,880.0,P,140.5,145.4,142.95,41.6021,-0.855809,0.002095,-0.187972,0.5915,45,741.9,1,11,64.87
META,2026-10-06,2026-11-20,885.0,P,297.6,302.75,300.175,196.5103,-0.461538,0.000776,-2.188427,1.034405,45,741.9,5,5,64.87
META,2026-10-06,2026-11-20,890.0,P,150.2,154.6,152.4,42.0172,-0.869988,0.001933,-0.169681,0.551108,45,741.9,33,33,64.87
META,2026-10-06,2026-11-20,895.0,P,153.95,159.0,156.475,41.77,-0.879415,0.001845,-0.153822,0.522891,45,741.9,10,10,64.87
META,2026-10-06,2026-11-20,900.0,P,159.0,163.6,161.3,41.8432,-0.886414,0.001765,-0.143088,0.501198,45,741.9,56,98,64.87
META,2026-10-06,2026-11-20,905.0,P,222.45,229.5,225.975,111.0692,-0.618619,0.001317,-1.150515,0.992955,45,741.9,0,0,64.87
META,2026-10-06,2026-11-20,910.0,P,322.1,328.35,325.225,202.9271,-0.469476,0.000752,-2.262834,1.036195,45,741.9,1,0,64.87
META,2026-10-06,2026-11-20,915.0,P,231.3,238.3,234.8,112.2746,-0.62638,0.001295,-1.154347,0.986646,45,741.9,2,0,64.87
META,2026-10-06,2026-11-20,920.0,P,300.1,307.3,303.7,175.3602,-0.513373,0.000873,-1.948997,1.038655,45,741.9,120,0,64.87
META,2026-10-06,2026-11-20,925.0,P,181.7,187.35,184.525,43.1768,-0.910928,0.001433,-0.106856,0.419777,45,741.9,5,5,64.87
META,2026-10-06,2026-11-20,930.0,P,186.45,192.2,189.325,43.5858,-0.91429,0.001379,-0.102203,0.407892,45,741.9,1,1,64.87
META,2026-10-06,2026-11-20,935.0,P,191.2,196.9,194.05,43.5858,-0.919646,0.001314,-0.091894,0.388569,45,741.9,14,14,64.87
META,2026-10-06,2026-11-20,940.0,P,196.0,202.35,199.175,45.4839,-0.914816,0.001315,-0.108704,0.406016,45,741.9,26,27,64.87
META,2026-10-06,2026-11-20,950.0,P,205.65,212.65,209.15,47.73,-0.913393,0.001269,-0.120512,0.411083,45,741.9,3,16,64.87
META,2026-10-06,2026-11-20,960.0,P,215.35,221.9,218.625,47.2662,-0.925072,0.001149,-0.094053,0.368478,45,741.9,3,2,64.87
META,2026-10-06,2026-11-20,970.0,P,225.15,232.1,228.625,49.2376,-0.924434,0.00111,-0.102369,0.37087,45,741.9,0,1,64.87
META,2026-10-06,2026-11-20,975.0,P,230.05,236.95,233.5,49.5305,-0.927247,0.001072,-0.096986,0.360277,45,741.9,9,12,64.87
META,2026-10-06,2026-11-20,980.0,P,234.95,242.1,238.525,50.6475,-0.926244,0.001059,-0.103111,0.364072,45,741.9,110,101,64.87
META,2026-10-06,2026-11-20,1000.0,P,254.8,261.15,257.975,50.4949,-0.94147,0.000888,-0.065651,0.304336,45,741.9,1,0,64.87
META,2026-10-06,2026-11-20,1020.0,P,274.75,282.6,278.675,57.4772,-0.926741,0.000929,-0.125065,0.362193,45,741.9,0,0,64.87
META,2026-10-06,2026-11-20,1040.0,P,294.75,301.15,297.95,55.5607,-0.946127,0.000756,-0.066133,0.285078,45,741.9,0,0,64.87
META,2026-10-06,2026-11-20,1050.0,P,304.75,311.6,308.175,58.3134,-0.941767,0.000766,-0.085756,0.303123,45,741.9,1,0,64.87
META,2026-10-06,2026-11-20,1070.0,P,324.75,331.6,328.175,60.7426,-0.943756,0.000716,-0.086064,0.294943,45,741.9,10,0,64.87
META,2026-10-06,2026-11-20,1100.0,P,354.75,361.6,358.175,64.2521,-0.94641,0.000651,-0.086171,0.283888,45,741.9,10,0,64.87
META,2026-10-06,2026-11-20,1450.0,P,704.75,711.25,708.0,95.6177,-0.965107,0.000309,-0.056994,0.20078,45,741.9,0,0,64.87
META,2026-10-06,2026-11-20,1480.0,P,734.75,741.6,738.175,64.9418,-0.998091,3.6e-05,0.150545,0.015833,45,741.9,2,0,64.87
META,2026-10-06,2026-11-20,1490.0,P,744.75,751.2,747.975,98.4253,-0.96642,0.000291,-0.051962,0.194551,45,741.9,0,0,64.87
META,2026-10-06,2026-12-18,15.0,C,541.35,548.35,544.85,0.001,1.0,0.0,-0.001638,0.0,73,741.9,1,1,64.87
META,2026-10-06,2026-12-18,20.0,C,592.75,600.2,596.475,0.001,1.0,0.0,-0.002184,0.0,73,741.9,1,6,64.87
META,2026-10-06,2026-12-18,30.0,C,526.7,533.55,530.125,0.001,1.0,0.0,-0.003276,0.0,73,741.9,1,1,64.87
META,2026-10-06,2026-12-18,45.0,C,511.9,518.75,515.325,0.001,1.0,0.0,-0.004914,0.0,73,741.9,1,1,64.87
META,2026-10-06,2026-12-18,50.0,C,506.95,513.8,510.375,0.001,1.0,0.0,-0.00546,0.0,73,741.9,1,6,64.87
META,2026-10-06,2026-12-18,55.0,C,557.45,564.5,560.975,0.001,1.0,0.0,-0.006006,0.0,73,741.9,1,1,64.87
META,2026-10-06,2026-12-18,70.0,C,567.35,571.25,569.3,0.001,1.0,0.0,-0.007644,0.0,73,741.9,1,1,64.87
META,2026-10-06,2026-12-18,80.0,C,658.45,666.05,662.25,194.7266,0.99866,7e-06,-0.028077,0.01461,73,741.9,0,3,64.87
META,2026-10-06,2026-12-18,90.0,C,648.55,656.1,652.325,188.2813,0.998336,9e-06,-0.032598,0.017795,73,741.9,0,0,64.87
META,2026-10-06,2026-12-18,95.0,C,622.0,632.0,627.0,0.001,1.0,0.0,-0.010374,0.0,73,741.9,2,2,64.87
META,2026-10-06,2026-12-18,100.0,C,638.6,646.2,642.4,182.2267,0.997989,1.1e-05,-0.037091,0.021139,73,741.9,1,111,64.87
META,2026-10-06,2026-12-18,110.0,C,569.6,576.95,573.275,0.001,1.0,0.0,-0.012012,0.0,73,741.9,1,26,64.87
META,2026-10-06,2026-12-18,120.0,C,595.2,602.8,599.0,0.001,1.0,0.0,-0.013104,0.0,73,741.9,1,0,64.87
META,2026-10-06,2026-12-18,130.0,C,608.4,617.0,612.7,167.7736,0.996607,1.8e-05,-0.052809,0.033913,73,741.9,1,17,64.87
META,2026-10-06,2026-12-18,140.0,C,599.65,606.45,603.05,168.7502,0.995307,2.4e-05,-0.067198,0.045343,73,741.9,1,114,64.87
META,2026-10-06,2026-12-18,150.0,C,589.05,596.65,592.85,157.6418,0.995748,2.4e-05,-0.060761,0.041513,73,741.9,2,126,64.87
META,2026-10-06,2026-12-18,160.0,C,579.75,586.75,583.25,159.009,0.9942,3.1e-05,-0.076479,0.05474,73,741.9,8,62,64.87
META,2026-10-06,2026-12-18,170.0,C,569.25,576.8,573.025,148.926,0.994726,3.1e-05,-0.069334,0.050306,73,741.9,10,83,64.87
META,2026-10-06,2026-12-18,180.0,C,560.05,567.45,563.75,154.2239,0.992022,4.3e-05,-0.095455,0.072551,73,741.9,36,187,64.87
META,2026-10-06,2026-12-18,190.0,C,491.15,499.05,495.1,0.001,1.0,0.0,-0.020748,0.0,73,741.9,1,225,64.87
META,2026-10-06,2026-12-18,200.0,C,539.5,547.1,543.3,137.2318,0.992974,4.3e-05,-0.082095,0.064865,73,741.9,62,337,64.87
META,2026-10-06,2026-12-18,210.0,C,529.9,537.15,533.525,135.3031,0.991839,5e-05,-0.090691,0.074012,73,741.9,4,264,64.87
META,2026-10-06,2026-12-18,220.0,C,519.7,527.25,523.475,129.932,0.99172,5.2e-05,-0.089899,0.074958,73,741.9,34,288,64.87
META,2026-10-06,2026-12-18,230.0,C,510.75,517.35,514.05,131.6654,0.98919,6.5e-05,-0.109362,0.094637,73,741.9,2,157,64.87
META,2026-10-06,2026-12-18,240.0,C,499.1,507.35,503.225,118.018,0.992184,5.5e-05,-0.083032,0.07125,73,741.9,2,43,64.87
META,2026-10-06,2026-12-18,250.0,C,491.1,498.95,495.025,130.8841,0.984797,8.8e-05,-0.139693,0.127113,73,741.9,50,298,64.87
META,2026-10-06,2026-12-18,260.0,C,481.05,487.75,484.4,121.7045,0.986564,8.5e-05,-0.122305,0.11428,73,741.9,2,824,64.87
META,2026-10-06,2026-12-18,270.0,C,470.25,477.7,473.975,114.0507,0.987856,8.3e-05,-0.11008,0.10471,73,741.9,1,49,64.87
META,2026-10-06,2026-12-18,280.0,C,460.25,467.8,464.025,110.6694,0.98721,9e-05,-0.112332,0.109516,73,741.9,2,79,64.87
META,2026-10-06,2026-12-18,290.0,C,451.6,457.8,454.7,112.1098,0.983833,0.000109,-0.132958,0.133997,73,741.9,6,66,64.87
META,2026-10-06,2026-12-18,300.0,C,441.95,448.1,445.025,110.5351,0.981917,0.000121,-0.142602,0.147451,73,741.9,1,195,64.87
META,2026-10-06,2026-12-18,310.0,C,432.05,437.95,435.0,106.7387,0.981402,0.000129,-0.142432,0.151023,73,741.9,1,94,64.87
META,2026-10-06,2026-12-18,320.0,C,422.15,428.05,425.1,103.8213,0.980327,0.000139,-0.145664,0.158414,73,741.9,1,139,64.87
META,2026-10-06,2026-12-18,330.0,C,412.05,418.15,415.1,100.3911,0.979662,0.000147,-0.146097,0.162947,73,741.9,4,61,64.87
META,2026-10-06,2026-12-18,340.0,C,402.15,408.25,405.2,97.6197,0.978513,0.000159,-0.149177,0.170702,73,741.9,1,122,64.87
META,2026-10-06,2026-12-18,350.0,C,392.5,398.35,395.425,95.5567,0.976732,0.000174,-0.155451,0.182561,73,741.9,1,250,64.87
META,2026-10-06,2026-12-18,360.0,C,382.6,388.45,385.525,92.8712,0.975469,0.000187,-0.158349,0.190857,73,741.9,1,139,64.87
META,2026-10-06,2026-12-18,370.0,C,372.7,378.6,375.65,90.3443,0.974042,0.000201,-0.16174,0.200119,73,741.9,51,152,64.87
META,2026-10-06,2026-12-18,380.0,C,362.75,368.7,365.725,87.6344,0.972797,0.000216,-0.163804,0.208108,73,741.9,1,57,64.87
META,2026-10-06,2026-12-18,390.0,C,352.65,358.8,355.725,84.6559,0.971875,0.00023,-0.163973,0.213966,73,741.9,17,493,64.87
META,2026-10-06,2026-12-18,400.0,C,342.65,348.9,345.775,81.9582,0.970661,0.000246,-0.165304,0.221619,73,741.9,1,1593,64.87
META,2026-10-06,2026-12-18,410.0,C,332.85,339.0,335.925,79.7243,0.968852,0.000265,-0.168994,0.232886,73,741.9,2,2614,64.87
META,2026-10-06,2026-12-18,420.0,C,323.25,329.2,326.225,78.0764,0.966155,0.00029,-0.176037,0.249398,73,741.9,1,891,64.87
META,2026-10-06,2026-12-18,430.0,C,312.95,319.3,316.125,74.9392,0.965546,0.000307,-0.173624,0.253084,73,741.9,1,98,64.87
META,2026-10-06,2026-12-18,440.0,C,303.55,309.45,306.5,73.5598,0.962218,0.000337,-0.182017,0.272936,73,741.9,2,173,64.87
META,2026-10-06,2026-12-18,450.0,C,293.4,299.6,296.5,70.8743,0.960899,0.00036,-0.181739,0.280676,73,741.9,1,902,64.87
META,2026-10-06,2026-12-18,460.0,C,283.75,289.15,286.45,68.085,0.959807,0.000383,-0.18035,0.287032,73,741.9,1,173,64.87
META,2026-10-06,2026-12-18,470.0,C,273.85,279.25,276.55,65.8268,0.957746,0.000412,-0.182179,0.298908,73,741.9,8,2147,64.87
META,2026-10-06,2026-12-18,480.0,C,263.95,269.25,266.6,63.4403,0.955896,0.000443,-0.182805,0.309437,73,741.9,12,213,64.87
META,2026-10-06,2026-12-18,490.0,C,254.75,259.35,257.05,62.2318,0.951391,0.000488,-0.191635,0.33457,73,741.9,1,830,64.87
META,2026-10-06,2026-12-18,500.0,C,244.55,249.75,247.15,60.0102,0.948922,0.000527,-0.192968,0.348055,73,741.9,77,1836,64.87
META,2026-10-06,2026-12-18,505.0,C,239.6,245.75,242.675,60.1261,0.944627,0.000561,-0.202861,0.37106,73,741.9,4,4,64.87
META,2026-10-06,2026-12-18,510.0,C,234.95,240.4,237.675,58.881,0.943578,0.000581,-0.202391,0.376599,73,741.9,1,164,64.87
META,2026-10-06,2026-12-18,515.0,C,229.9,235.1,232.5,57.2148,0.943633,0.000597,-0.198548,0.376309,73,741.9,48,2,64.87
META,2026-10-06,2026-12-18,520.0,C,225.05,231.2,228.125,57.4803,0.938499,0.000637,-0.209783,0.402948,73,741.9,30,802,64.87
META,2026-10-06,2026-12-18,525.0,C,220.2,226.35,223.275,56.5861,0.936348,0.000664,-0.211913,0.413892,73,741.9,2,17,64.87
META,2026-10-06,2026-12-18,530.0,C,215.5,220.9,218.2,55.1884,0.935581,0.000688,-0.209906,0.417763,73,741.9,10,877,64.87
META,2026-10-06,2026-12-18,540.0,C,206.0,211.1,208.55,53.5039,0.930663,0.000751,-0.214709,0.442233,73,741.9,10,581,64.87
META,2026-10-06,2026-12-18,545.0,C,201.9,207.2,204.55,54.3034,0.922855,0.000803,-0.23093,0.479854,73,741.9,17,8,64.87
META,2026-10-06,2026-12-18,550.0,C,196.9,201.4,199.15,52.2832,0.923831,0.000826,-0.223303,0.475233,73,741.9,13,1325,64.87
META,2026-10-06,2026-12-18,555.0,C,192.25,197.7,194.975,52.625,0.916988,0.000876,-0.23584,0.507198,73,741.9,46,22,64.87
META,2026-10-06,2026-12-18,560.0,C,187.05,192.6,189.825,51.1113,0.916208,0.000908,-0.232334,0.510777,73,741.9,2,890,64.87
META,2026-10-06,2026-12-18,565.0,C,182.4,188.15,185.275,50.6902,0.911551,0.000953,-0.238303,0.531867,73,741.9,70,722,64.87
META,2026-10-06,2026-12-18,570.0,C,178.05,182.8,180.425,53.6076,0.894864,0.001023,-0.274292,0.603872,73,741.9,2,1234,64.87
META,2026-10-06,2026-12-18,575.0,C,173.2,178.95,176.075,54.0532,0.886543,0.001072,-0.288459,0.637841,73,741.9,4,744,64.87
META,2026-10-06,2026-12-18,580.0,C,168.7,174.35,171.525,53.3208,0.882058,0.001117,-0.291903,0.65565,73,741.9,3,1080,64.87
META,2026-10-06,2026-12-18,585.0,C,164.2,169.8,167.0,52.6402,0.877207,0.001164,-0.295759,0.674533,73,741.9,1,349,64.87
META,2026-10-06,2026-12-18,590.0,C,159.85,165.25,162.55,51.9353,0.872248,0.001213,-0.299323,0.693439,73,741.9,1,661,64.87
META,2026-10-06,2026-12-18,595.0,C,155.35,160.7,158.025,51.2136,0.867148,0.001264,-0.302657,0.712475,73,741.9,8,394,64.87
META,2026-10-06,2026-12-18,600.0,C,151.6,154.45,153.025,48.2152,0.870675,0.001318,-0.284658,0.699353,73,741.9,14,3423,64.87
META,2026-10-06,2026-12-18,605.0,C,146.7,151.45,149.075,49.5168,0.857277,0.001373,-0.306699,0.748186,73,741.9,5,464,64.87
META,2026-10-06,2026-12-18,610.0,C,142.5,147.1,144.8,48.9873,0.850775,0.00143,-0.311564,0.770923,73,741.9,14,923,64.87
META,2026-10-06,2026-12-18,615.0,C,138.3,142.75,140.525,48.4243,0.844141,0.001489,-0.316016,0.793497,73,741.9,13,307,64.87
META,2026-10-06,2026-12-18,620.0,C,134.1,138.35,136.225,47.7727,0.837587,0.00155,-0.319527,0.815202,73,741.9,26,1654,64.87
META,2026-10-06,2026-12-18,625.0,C,130.05,134.25,132.15,47.437,0.829499,0.001611,-0.325888,0.841186,73,741.9,2,416,64.87
META,2026-10-06,2026-12-18,630.0,C,126.1,129.75,127.925,46.6146,0.823051,0.001678,-0.327537,0.861287,73,741.9,107,1219,64.87
META,2026-10-06,2026-12-18,635.0,C,121.95,125.6,123.775,46.1507,0.814869,0.001744,-0.332412,0.886027,73,741.9,2,213,64.87
META,2026-10-06,2026-12-18,640.0,C,118.3,121.4,119.85,45.5969,0.806731,0.001813,-0.336279,0.909813,73,741.9,19,1719,64.87
META,2026-10-06,2026-12-18,645.0,C,114.2,118.0,116.1,45.8257,0.795211,0.001868,-0.347284,0.942117,73,741.9,1,556,64.87
META,2026-10-06,2026-12-18,650.0,C,110.75,113.45,112.1,44.837,0.788098,0.001948,-0.346711,0.961284,73,741.9,60,5170,64.87
META,2026-10-06,2026-12-18,655.0,C,106.7,109.75,108.225,44.66,0.777522,0.002011,-0.353485,0.988717,73,741.9,1,508,64.87
META,2026-10-06,2026-12-18,660.0,C,103.15,105.7,104.425,44.0985,0.768065,0.002085,-0.356449,1.01219,73,741.9,30,2296,64.87
META,2026-10-06,2026-12-18,665.0,C,99.6,102.5,101.05,44.2892,0.755557,0.002137,-0.366074,1.041746,73,741.9,19,680,64.87
META,2026-10-06,2026-12-18,670.0,C,95.9,98.7,97.3,43.8665,0.744945,0.002207,-0.369758,1.065522,73,741.9,42,1325,64.87
META,2026-10-06,2026-12-18,675.0,C,92.75,95.1,93.925,43.5766,0.733554,0.002272,-0.374345,1.089752,73,741.9,14,391,64.87
META,2026-10-06,2026-12-18,680.0,C,89.35,91.55,90.45,43.2821,0.721865,0.002336,-0.378554,1.113251,73,741.9,73,1853,64.87
META,2026-10-06,2026-12-18,685.0,C,86.15,88.05,87.1,42.9815,0.709884,0.002401,-0.382353,1.135937,73,741.9,4,248,64.87
META,2026-10-06,2026-12-18,690.0,C,82.65,84.65,83.65,42.716,0.697499,0.002462,-0.386089,1.157924,73,741.9,17,758,64.87
META,2026-10-06,2026-12-18,695.0,C,79.55,81.3,80.425,42.4414,0.684846,0.002523,-0.389343,1.17888,73,741.9,6,304,64.87
META,2026-10-06,2026-12-18,700.0,C,76.75,78.35,77.55,42.4414,0.671307,0.002568,-0.394607,1.199649,73,741.9,133,7663,64.87
META,2026-10-06,2026-12-18,705.0,C,73.65,75.45,74.55,42.4231,0.657673,0.00261,-0.399252,1.218865,73,741.9,1,500,64.87
META,2026-10-06,2026-12-18,710.0,C,70.75,72.3,71.525,42.1499,0.644322,0.002664,-0.401197,1.236054,73,741.9,21,686,64.87
META,2026-10-06,2026-12-18,715.0,C,67.95,69.3,68.625,41.9424,0.63063,0.002712,-0.403249,1.252032,73,741.9,17,377,64.87
META,2026-10-06,2026-12-18,720.0,C,65.25,66.45,65.85,41.799,0.61667,0.002753,-0.405378,1.266628,73,741.9,61,3247,64.87
META,2026-10-06,2026-12-18,725.0,C,62.55,63.65,63.1,41.6403,0.602569,0.002792,-0.406879,1.279649,73,741.9,13,903,64.87
META,2026-10-06,2026-12-18,730.0,C,59.9,61.05,60.475,41.5808,0.58829,0.002821,-0.408744,1.291093,73,741.9,492,2284,64.87
META,2026-10-06,2026-12-18,735.0,C,57.35,58.45,57.9,41.4663,0.573951,0.00285,-0.409621,1.300835,73,741.9,61,1001,64.87
META,2026-10-06,2026-12-18,740.0,C,54.85,55.85,55.35,41.2985,0.559515,0.002879,-0.409518,1.308885,73,741.9,98,986,64.87
META,2026-10-06,2026-12-18,745.0,C,52.4,53.5,52.95,41.2649,0.545073,0.002895,-0.410084,1.315185,73,741.9,89,508,64.87
META,2026-10-06,2026-12-18,750.0,C,50.15,51.1,50.625,41.1413,0.53055,0.002914,-0.409345,1.319759,73,741.9,498,6253,64.87
META,2026-10-06,2026-12-18,755.0,C,47.9,48.9,48.4,41.1154,0.516132,0.002922,-0.408971,1.322559,73,741.9,6,2247,64.87
META,2026-10-06,2026-12-18,760.0,C,45.75,46.75,46.25,41.0727,0.501741,0.002927,-0.407954,1.323629,73,741.9,79,3107,64.87
META,2026-10-06,2026-12-18,765.0,C,43.7,44.55,44.125,40.9414,0.487227,0.002935,-0.405642,1.322963,73,741.9,13,2216,64.87
META,2026-10-06,2026-12-18,770.0,C,41.65,42.45,42.05,40.8331,0.472786,0.002938,-0.403047,1.320561,73,741.9,144,3224,64.87
META,2026-10-06,2026-12-18,775.0,C,39.7,40.65,40.175,40.9002,0.458885,0.002924,-0.401617,1.316606,73,741.9,32,2911,64.87
META,2026-10-06,2026-12-18,780.0,C,37.9,38.9,38.4,40.9552,0.445132,0.002908,-0.399645,1.311103,73,741.9,578,3979,64.87
META,2026-10-06,2026-12-18,785.0,C,35.95,36.9,36.425,40.769,0.430744,0.002905,-0.394943,1.303646,73,741.9,23,720,64.87
META,2026-10-06,2026-12-18,790.0,C,34.35,35.25,34.8,40.8026,0.417231,0.002883,-0.391926,1.295051,73,741.9,18,1690,64.87
META,2026-10-06,2026-12-18,795.0,C,32.65,33.6,33.125,40.7858,0.403719,0.002862,-0.388028,1.284904,73,741.9,17,660,64.87
META,2026-10-06,2026-12-18,800.0,C,31.2,31.9,31.55,40.6821,0.390015,0.002843,-0.382877,1.273015,73,741.9,1093,12069,64.87
META,2026-10-06,2026-12-18,805.0,C,29.65,30.45,30.05,40.7294,0.377159,0.002811,-0.378882,1.260386,73,741.9,2,2053,64.87
META,2026-10-06,2026-12-18,810.0,C,28.15,28.9,28.525,40.647,0.363914,0.002784,-0.373223,1.245864,73,741.9,25,1982,64.87
META,2026-10-06,2026-12-18,815.0,C,26.8,27.55,27.175,40.6821,0.351459,0.002748,-0.368462,1.230795,73,741.9,8,2228,64.87
META,2026-10-06,2026-12-18,820.0,C,25.45,26.2,25.825,40.6698,0.339005,0.002712,-0.362913,1.214338,73,741.9,44,3404,64.87
META,2026-10-06,2026-12-18,825.0,C,24.2,24.95,24.575,40.6973,0.327012,0.002672,-0.357518,1.197163,73,741.9,12,2388,64.87
META,2026-10-06,2026-12-18,830.0,C,23.0,23.7,23.35,40.679,0.315018,0.002632,-0.351377,1.178663,73,741.9,20,3245,64.87
META,2026-10-06,2026-12-18,835.0,C,21.85,22.5,22.175,40.6592,0.303266,0.00259,-0.344984,1.159234,73,741.9,12,273,64.87
META,2026-10-06,2026-12-18,840.0,C,20.7,21.3,21.0,40.5951,0.291498,0.002548,-0.337877,1.138462,73,741.9,13,1218,64.87
META,2026-10-06,2026-12-18,845.0,C,19.7,20.35,20.025,40.7126,0.281126,0.002497,-0.332641,1.119045,73,741.9,4,2429,64.87
META,2026-10-06,2026-12-18,850.0,C,18.7,19.3,19.0,40.6973,0.270202,0.00245,-0.325734,1.097452,73,741.9,55,3741,64.87
META,2026-10-06,2026-12-18,855.0,C,17.65,18.3,17.975,40.6866,0.259579,0.002401,-0.31873,1.075304,73,741.9,2,30,64.87
META,2026-10-06,2026-12-18,860.0,C,16.75,17.4,17.075,40.7294,0.249587,0.002349,-0.312227,1.053419,73,741.9,14,1792,64.87
META,2026-10-06,2026-12-18,865.0,C,15.9,16.5,16.2,40.7339,0.239623,0.002298,-0.305171,1.030555,73,741.9,4,544,64.87
META,2026-10-06,2026-12-18,870.0,C,15.05,15.7,15.375,40.7965,0.230336,0.002245,-0.298725,1.008289,73,741.9,1,930,64.87
META,2026-10-06,2026-12-18,875.0,C,14.25,14.9,14.575,40.8224,0.221081,0.002192,-0.291775,0.985165,73,741.9,4,48,64.87
META,2026-10-06,2026-12-18,880.0,C,13.5,14.15,13.825,40.8621,0.212202,0.002139,-0.284944,0.96208,73,741.9,3,948,64.87
META,2026-10-06,2026-12-18,885.0,C,12.9,13.5,13.2,40.9735,0.204103,0.002085,-0.278962,0.940237,73,741.9,9,17,64.87
META,2026-10-06,2026-12-18,890.0,C,12.2,12.65,12.425,40.827,0.194472,0.002032,-0.269786,0.91326,73,741.9,712,2826,64.87
META,2026-10-06,2026-12-18,895.0,C,11.5,12.1,11.8,40.9765,0.187191,0.001978,-0.26426,0.892127,73,741.9,2,56,64.87
META,2026-10-06,2026-12-18,900.0,C,11.05,11.45,11.25,40.9796,0.179149,0.001924,-0.256931,0.868021,73,741.9,80,5073,64.87
META,2026-10-06,2026-12-18,905.0,C,10.3,10.9,10.6,41.0681,0.171971,0.001871,-0.250689,0.845816,73,741.9,2,21,64.87
META,2026-10-06,2026-12-18,910.0,C,9.8,10.35,10.075,41.12,0.164795,0.001818,-0.244026,0.822945,73,741.9,3,806,64.87
META,2026-10-06,2026-12-18,915.0,C,9.35,9.8,9.575,41.1413,0.157661,0.001765,-0.237027,0.799523,73,741.9,12,20,64.87
META,2026-10-06,2026-12-18,920.0,C,8.85,9.25,9.05,41.1261,0.150524,0.001713,-0.229627,0.775391,73,741.9,22,562,64.87
META,2026-10-06,2026-12-18,925.0,C,8.35,8.85,8.6,41.2771,0.144779,0.001663,-0.224368,0.755443,73,741.9,1,35,64.87
META,2026-10-06,2026-12-18,930.0,C,7.95,8.4,8.175,41.3321,0.138606,0.001612,-0.21798,0.733471,73,741.9,3,245,64.87
META,2026-10-06,2026-12-18,935.0,C,7.55,8.05,7.8,41.4984,0.133414,0.001564,-0.213054,0.714548,73,741.9,3,15,64.87
META,2026-10-06,2026-12-18,940.0,C,7.1,7.6,7.35,41.4953,0.127303,0.001514,-0.206111,0.691744,73,741.9,2,464,64.87
META,2026-10-06,2026-12-18,945.0,C,6.75,7.2,6.975,41.5289,0.12166,0.001466,-0.199716,0.67016,73,741.9,1,16,64.87
META,2026-10-06,2026-12-18,950.0,C,6.45,6.8,6.625,41.535,0.116056,0.001418,-0.193087,0.648203,73,741.9,57,1574,64.87
META,2026-10-06,2026-12-18,955.0,C,6.05,6.5,6.275,41.6693,0.111487,0.001373,-0.188125,0.629912,73,741.9,5,11,64.87
META,2026-10-06,2026-12-18,960.0,C,5.75,6.2,5.975,41.7791,0.106951,0.001329,-0.182962,0.611387,73,741.9,3,271,64.87
META,2026-10-06,2026-12-18,965.0,C,5.45,5.85,5.65,41.7791,0.101915,0.001284,-0.176584,0.590392,73,741.9,5,100,64.87
META,2026-10-06,2026-12-18,970.0,C,5.15,5.6,5.375,41.9256,0.097974,0.001243,-0.17207,0.573628,73,741.9,2,1673,64.87
META,2026-10-06,2026-12-18,975.0,C,4.9,5.3,5.1,41.9561,0.0935,0.0012,-0.166287,0.554237,73,741.9,2,7,64.87
META,2026-10-06,2026-12-18,980.0,C,4.65,5.05,4.85,42.0538,0.089603,0.00116,-0.16141,0.537024,73,741.9,1,209,64.87
META,2026-10-06,2026-12-18,985.0,C,4.4,4.8,4.6,42.127,0.085726,0.00112,-0.156362,0.51959,73,741.9,2,24,64.87
META,2026-10-06,2026-12-18,990.0,C,4.2,4.55,4.375,42.1728,0.081854,0.001081,-0.151116,0.501859,73,741.9,4,918,64.87
META,2026-10-06,2026-12-18,995.0,C,3.95,4.3,4.125,42.1942,0.078007,0.001042,-0.14572,0.483919,73,741.9,1,30,64.87
META,2026-10-06,2026-12-18,1000.0,C,3.8,4.1,3.95,42.2918,0.074736,0.001006,-0.141305,0.468402,73,741.9,153,4854,64.87
META,2026-10-06,2026-12-18,1020.0,C,3.05,3.35,3.2,42.5909,0.062526,0.000871,-0.123787,0.408177,73,741.9,3,628,64.87
META,2026-10-06,2026-12-18,1030.0,C,2.8,3.05,2.925,42.7923,0.057424,0.000811,-0.116253,0.381853,73,741.9,73,1566,64.87
META,2026-10-06,2026-12-18,1040.0,C,2.47,2.76,2.615,42.9449,0.052531,0.000753,-0.108652,0.355901,73,741.9,2,187,64.87
META,2026-10-06,2026-12-18,1050.0,C,2.22,2.52,2.37,43.1585,0.048316,0.000701,-0.102075,0.332958,73,741.9,40,281,64.87
META,2026-10-06,2026-12-18,1060.0,C,2.0,2.3,2.15,43.3721,0.044459,0.000652,-0.095882,0.311443,73,741.9,2,244,64.87
META,2026-10-06,2026-12-18,1070.0,C,1.84,2.07,1.955,43.4637,0.040453,0.000603,-0.08896,0.288544,73,741.9,11,266,64.87
META,2026-10-06,2026-12-18,1080.0,C,1.62,1.91,1.765,43.7445,0.037493,0.000563,-0.084105,0.271231,73,741.9,4,210,64.87
META,2026-10-06,2026-12-18,1090.0,C,1.46,1.74,1.6,43.9215,0.034417,0.000523,-0.078677,0.252863,73,741.9,3,90,64.87
META,2026-10-06,2026-12-18,1100.0,C,1.38,1.53,1.455,43.8482,0.030781,0.000478,-0.071595,0.230612,73,741.9,68,1356,64.87
META,2026-10-06,2026-12-18,1110.0,C,1.22,1.46,1.34,44.3365,0.029224,0.000453,-0.069297,0.220898,73,741.9,1,177,64.87
META,2026-10-06,2026-12-18,1120.0,C,1.07,1.34,1.205,44.5562,0.026989,0.000421,-0.065139,0.206735,73,741.9,1,427,64.87
META,2026-10-06,2026-12-18,1130.0,C,0.97,1.23,1.1,44.7637,0.024907,0.000392,-0.061158,0.193306,73,741.9,1,93,64.87
META,2026-10-06,2026-12-18,1140.0,C,0.89,1.12,1.005,44.9102,0.022838,0.000364,-0.057016,0.179717,73,741.9,1,204,64.87
META,2026-10-06,2026-12-18,1150.0,C,0.83,1.0,0.915,44.9346,0.020643,0.000334,-0.052355,0.165013,73,741.9,3,1726,64.87
META,2026-10-06,2026-12-18,1160.0,C,0.74,0.95,0.845,45.3375,0.019536,0.000316,-0.050386,0.157478,73,741.9,16,33,64.87
META,2026-10-06,2026-12-18,1170.0,C,0.66,0.87,0.765,45.5084,0.017993,0.000293,-0.047134,0.146827,73,741.9,1,51,64.87
META,2026-10-06,2026-12-18,1180.0,C,0.59,0.77,0.68,45.4717,0.016145,0.000267,-0.042913,0.13384,73,741.9,1,263,64.87
META,2026-10-06,2026-12-18,1190.0,C,0.55,0.73,0.64,45.8379,0.015262,0.000253,-0.041201,0.127533,73,741.9,3,101,64.87
META,2026-10-06,2026-12-18,1200.0,C,0.5,0.65,0.575,45.8257,0.013738,0.000231,-0.03761,0.116491,73,741.9,82,1966,64.87
META,2026-10-06,2026-12-18,1210.0,C,0.42,0.61,0.515,46.1309,0.012908,0.000217,-0.035862,0.110387,73,741.9,1,124,64.87
META,2026-10-06,2026-12-18,1220.0,C,0.39,0.56,0.475,46.2896,0.011899,0.000202,-0.033523,0.102872,73,741.9,17,166,64.87
META,2026-10-06,2026-12-18,1230.0,C,0.34,0.54,0.44,46.729,0.011416,0.000193,-0.032632,0.09924,73,741.9,4,373,64.87
META,2026-10-06,2026-12-18,1240.0,C,0.31,0.49,0.4,46.8267,0.010452,0.000178,-0.030274,0.091906,73,741.9,4,1846,64.87
META,2026-10-06,2026-12-18,1250.0,C,0.24,0.5,0.37,47.5591,0.010481,0.000176,-0.030809,0.09213,73,741.9,3,2026,64.87
META,2026-10-06,2026-12-18,1260.0,C,0.21,0.47,0.34,47.8277,0.009857,0.000166,-0.029356,0.087324,73,741.9,2,124,64.87
META,2026-10-06,2026-12-18,1270.0,C,0.19,0.44,0.315,48.0474,0.009214,0.000156,-0.027794,0.082325,73,741.9,11,196,64.87
META,2026-10-06,2026-12-18,1280.0,C,0.16,0.42,0.29,48.3892,0.008775,0.000148,-0.026811,0.078879,73,741.9,3,311,64.87
META,2026-10-06,2026-12-18,1290.0,C,0.14,0.39,0.265,48.5845,0.008189,0.000139,-0.025328,0.074238,73,741.9,1,8592,64.87
META,2026-10-06,2026-12-18,1300.0,C,0.16,0.31,0.235,47.9497,0.006737,0.000118,-0.021041,0.062502,73,741.9,10,8941,64.87
META,2026-10-06,2026-12-18,1310.0,C,0.11,0.35,0.23,49.146,0.007335,0.000125,-0.023238,0.067375,73,741.9,15,113,64.87
META,2026-10-06,2026-12-18,1320.0,C,0.09,0.33,0.21,49.3902,0.006914,0.000118,-0.02216,0.063951,73,741.9,15,90,64.87
META,2026-10-06,2026-12-18,1330.0,C,0.08,0.25,0.165,48.4868,0.005441,9.7e-05,-0.017593,0.051723,73,741.9,1,82,64.87
META,2026-10-06,2026-12-18,1340.0,C,0.07,0.3,0.185,50.0005,0.006277,0.000107,-0.020585,0.058711,73,741.9,7,270,64.87
META,2026-10-06,2026-12-18,1350.0,C,0.05,0.25,0.15,49.5611,0.005327,9.3e-05,-0.017636,0.050757,73,741.9,3,427,64.87
META,2026-10-06,2026-12-18,1360.0,C,0.04,0.27,0.155,50.4888,0.005614,9.6e-05,-0.018819,0.053184,73,741.9,3,97,64.87
META,2026-10-06,2026-12-18,1370.0,C,0.03,0.22,0.125,50.0005,0.004726,8.3e-05,-0.015987,0.045629,73,741.9,2,148,64.87
META,2026-10-06,2026-12-18,1380.0,C,0.03,0.25,0.14,51.1479,0.005178,8.8e-05,-0.017733,0.049492,73,741.9,3,68,64.87
META,2026-10-06,2026-12-18,1390.0,C,0.02,0.24,0.13,51.4653,0.004971,8.4e-05,-0.017201,0.047724,73,741.9,5,114,64.87
META,2026-10-06,2026-12-18,1400.0,C,0.05,0.14,0.095,49.3169,0.003143,5.8e-05,-0.010933,0.031655,73,741.9,5,2595,64.87
META,2026-10-06,2026-12-18,1410.0,C,0.0,0.18,0.09,50.9771,0.003822,6.7e-05,-0.013467,0.037735,73,741.9,3,490,64.87
META,2026-10-06,2026-12-18,1420.0,C,0.0,0.21,0.105,52.2466,0.004304,7.3e-05,-0.015347,0.04197,73,741.9,1,791,64.87
META,2026-10-06,2026-12-18,1430.0,C,0.1,0.16,0.13,50.3911,0.002859,5.2e-05,-0.01025,0.029064,73,741.9,6,1008,64.87
META,2026-10-06,2026-12-18,1440.0,C,0.0,0.15,0.075,51.563,0.003207,5.7e-05,-0.01163,0.032238,73,741.9,1,43,64.87
META,2026-10-06,2026-12-18,1450.0,C,0.0,0.23,0.115,50.7817,0.002541,4.7e-05,-0.009285,0.026136,73,741.9,15,62,64.87
META,2026-10-06,2026-12-18,1460.0,C,0.0,0.28,0.14,52.1489,0.002964,5.2e-05,-0.010952,0.03003,73,741.9,1,271,64.87
META,2026-10-06,2026-12-18,1470.0,C,0.0,0.32,0.16,53.272,0.00329,5.6e-05,-0.012286,0.032985,73,741.9,1,138,64.87
META,2026-10-06,2026-12-18,1480.0,C,0.04,0.09,0.065,51.0747,0.002027,3.8e-05,-0.007603,0.021289,73,741.9,1,2067,64.87
META,2026-10-06,2026-12-18,1490.0,C,0.0,0.1,0.05,51.9536,0.002183,4e-05,-0.00827,0.022772,73,741.9,2,140,64.87
META,2026-10-06,2026-12-18,5.0,P,0.0,0.01,0.005,325.0002,-1.5e-05,0.0,-0.000487,0.00022,73,741.9,3,474,64.87
META,2026-10-06,2026-12-18,10.0,P,0.0,0.01,0.005,275.0003,-1.9e-05,0.0,-0.000505,0.000269,73,741.9,13,118,64.87
META,2026-10-06,2026-12-18,15.0,P,0.0,0.2,0.1,312.5002,-0.000236,1e-06,-0.006256,0.002937,73,741.9,5,25,64.87
META,2026-10-06,2026-12-18,20.0,P,0.0,0.2,0.1,286.719,-0.000265,1e-06,-0.006381,0.003265,73,741.9,2,325,64.87
META,2026-10-06,2026-12-18,25.0,P,0.0,0.25,0.125,273.0472,-0.000345,1e-06,-0.007774,0.004178,73,741.9,1,10,64.87
META,2026-10-06,2026-12-18,30.0,P,0.0,0.01,0.005,196.875,-2.1e-05,0.0,-0.000409,0.000305,73,741.9,5,63,64.87
META,2026-10-06,2026-12-18,35.0,P,0.0,0.35,0.175,252.1488,-0.000521,2e-06,-0.010512,0.006121,73,741.9,2,14,64.87
META,2026-10-06,2026-12-18,40.0,P,0.0,0.4,0.2,243.7504,-0.000616,3e-06,-0.011867,0.00715,73,741.9,2,17,64.87
META,2026-10-06,2026-12-18,45.0,P,0.0,1.02,0.51,259.6683,-0.001346,5e-06,-0.02592,0.014665,73,741.9,1,2,64.87
META,2026-10-06,2026-12-18,50.0,P,0.0,1.17,0.585,253.516,-0.001574,6e-06,-0.029183,0.016915,73,741.9,2,427,64.87
META,2026-10-06,2026-12-18,55.0,P,0.0,0.87,0.435,235.1567,-0.001317,6e-06,-0.023001,0.014374,73,741.9,2,41,64.87
META,2026-10-06,2026-12-18,60.0,P,0.0,0.87,0.435,226.7582,-0.001373,6e-06,-0.023034,0.014931,73,741.9,4,22,64.87
META,2026-10-06,2026-12-18,65.0,P,0.0,1.17,0.585,227.3442,-0.001801,8e-06,-0.029574,0.019125,73,741.9,2,34,64.87
META,2026-10-06,2026-12-18,70.0,P,0.0,0.3,0.15,189.0626,-0.000631,4e-06,-0.009407,0.007316,73,741.9,1,28,64.87
META,2026-10-06,2026-12-18,75.0,P,0.0,0.89,0.445,206.3481,-0.001571,7e-06,-0.023693,0.016886,73,741.9,1,16,64.87
META,2026-10-06,2026-12-18,80.0,P,0.0,0.15,0.075,166.797,-0.000377,2e-06,-0.005141,0.004533,73,741.9,4,45,64.87
META,2026-10-06,2026-12-18,90.0,P,0.0,1.02,0.51,192.5782,-0.001931,1e-05,-0.026667,0.020375,73,741.9,2,347,64.87
META,2026-10-06,2026-12-18,95.0,P,0.0,1.02,0.51,187.5001,-0.001989,1e-05,-0.026661,0.020926,73,741.9,2,203,64.87
META,2026-10-06,2026-12-18,100.0,P,0.0,1.02,0.51,182.7149,-0.002046,1.1e-05,-0.026659,0.021477,73,741.9,1,446,64.87
META,2026-10-06,2026-12-18,110.0,P,0.0,1.02,0.51,173.9259,-0.002164,1.2e-05,-0.02669,0.022596,73,741.9,1,139,64.87
META,2026-10-06,2026-12-18,120.0,P,0.0,0.02,0.01,117.1879,-8.7e-05,1e-06,-0.000919,0.001155,73,741.9,5,204,64.87
META,2026-10-06,2026-12-18,130.0,P,0.0,1.02,0.51,158.6428,-0.002394,1.4e-05,-0.026658,0.02476,73,741.9,2,321,64.87
META,2026-10-06,2026-12-18,140.0,P,0.0,0.03,0.015,109.3755,-0.000121,1e-06,-0.001167,0.001573,73,741.9,2,263,64.87
META,2026-10-06,2026-12-18,150.0,P,0.0,1.02,0.51,145.7034,-0.002624,1.7e-05,-0.02658,0.026899,73,741.9,7,357,64.87
META,2026-10-06,2026-12-18,160.0,P,0.01,0.04,0.025,105.0786,-0.000219,2e-06,-0.001947,0.002733,73,741.9,1,421,64.87
META,2026-10-06,2026-12-18,170.0,P,0.0,0.04,0.02,99.2188,-0.000185,2e-06,-0.001572,0.002338,73,741.9,2,590,64.87
META,2026-10-06,2026-12-18,180.0,P,0.0,1.0,0.5,129.1019,-0.002929,2.1e-05,-0.025984,0.029711,73,741.9,4,320,64.87
META,2026-10-06,2026-12-18,190.0,P,0.0,0.05,0.025,93.3594,-0.000241,3e-06,-0.001891,0.002992,73,741.9,1,220,64.87
META,2026-10-06,2026-12-18,200.0,P,0.0,0.05,0.025,89.8439,-0.000247,3e-06,-0.001865,0.003067,73,741.9,3,1033,64.87
META,2026-10-06,2026-12-18,210.0,P,0.0,0.9,0.45,114.0629,-0.003025,2.4e-05,-0.023605,0.030587,73,741.9,63,475,64.87
META,2026-10-06,2026-12-18,220.0,P,0.01,0.09,0.05,88.2814,-0.000489,6e-06,-0.003449,0.005778,73,741.9,1,485,64.87
META,2026-10-06,2026-12-18,230.0,P,0.0,0.77,0.385,104.1997,-0.00286,2.5e-05,-0.020479,0.029074,73,741.9,1,133,64.87
META,2026-10-06,2026-12-18,240.0,P,0.02,0.11,0.065,84.1798,-0.00067,8e-06,-0.004393,0.007725,73,741.9,66,289,64.87
META,2026-10-06,2026-12-18,250.0,P,0.02,0.12,0.07,81.8361,-0.000744,9e-06,-0.004702,0.008509,73,741.9,325,685,64.87
META,2026-10-06,2026-12-18,260.0,P,0.0,0.1,0.05,76.5627,-0.000563,8e-06,-0.0034,0.006581,73,741.9,3,643,64.87
META,2026-10-06,2026-12-18,270.0,P,0.0,0.12,0.06,75.1956,-0.000692,1e-05,-0.004041,0.007966,73,741.9,13,310,64.87
META,2026-10-06,2026-12-18,280.0,P,0.01,0.1,0.055,72.0706,-0.000665,1e-05,-0.00373,0.007677,73,741.9,6,373,64.87
META,2026-10-06,2026-12-18,290.0,P,0.01,0.15,0.08,71.8753,-0.000942,1.3e-05,-0.00512,0.010572,73,741.9,2,362,64.87
META,2026-10-06,2026-12-18,300.0,P,0.05,0.11,0.08,69.4339,-0.000977,1.4e-05,-0.005115,0.01094,73,741.9,1,1376,64.87
META,2026-10-06,2026-12-18,310.0,P,0.01,0.12,0.065,65.8207,-0.000848,1.3e-05,-0.004251,0.009596,73,741.9,15,426,64.87
META,2026-10-06,2026-12-18,320.0,P,0.01,0.22,0.115,66.9925,-0.001426,2.1e-05,-0.006965,0.015455,73,741.9,5,579,64.87
META,2026-10-06,2026-12-18,330.0,P,0.03,0.17,0.1,63.7699,-0.0013,2e-05,-0.00609,0.014208,73,741.9,17,179,64.87
META,2026-10-06,2026-12-18,340.0,P,0.04,0.18,0.11,62.1098,-0.001456,2.3e-05,-0.006573,0.015754,73,741.9,43,302,64.87
META,2026-10-06,2026-12-18,350.0,P,0.09,0.2,0.145,61.6215,-0.001907,3e-05,-0.008334,0.020146,73,741.9,138,1792,64.87
META,2026-10-06,2026-12-18,360.0,P,0.05,0.19,0.12,58.3012,-0.00167,2.8e-05,-0.006982,0.017854,73,741.9,8,2613,64.87
META,2026-10-06,2026-12-18,370.0,P,0.1,0.24,0.17,58.3012,-0.002331,3.8e-05,-0.009445,0.02417,73,741.9,10,345,64.87
META,2026-10-06,2026-12-18,380.0,P,0.07,0.26,0.165,56.0551,-0.002355,4e-05,-0.009158,0.024393,73,741.9,23,674,64.87
META,2026-10-06,2026-12-18,390.0,P,0.15,0.28,0.215,55.5669,-0.003031,5e-05,-0.011395,0.030642,73,741.9,3,489,64.87
META,2026-10-06,2026-12-18,400.0,P,0.22,0.3,0.26,54.688,-0.00367,6e-05,-0.013307,0.03639,73,741.9,10,1851,64.87
META,2026-10-06,2026-12-18,410.0,P,0.2,0.35,0.275,53.0278,-0.003986,6.7e-05,-0.013881,0.039184,73,741.9,1,690,64.87
META,2026-10-06,2026-12-18,420.0,P,0.16,0.39,0.275,51.0259,-0.004113,7.2e-05,-0.013724,0.040303,73,741.9,3,1854,64.87
META,2026-10-06,2026-12-18,430.0,P,0.22,0.44,0.33,50.147,-0.004939,8.6e-05,-0.015866,0.047457,73,741.9,1,536,64.87
META,2026-10-06,2026-12-18,440.0,P,0.38,0.48,0.43,50.5376,-0.006944,0.000115,-0.021611,0.064201,73,741.9,5,817,64.87
META,2026-10-06,2026-12-18,450.0,P,0.45,0.56,0.505,49.5855,-0.008159,0.000136,-0.024412,0.073995,73,741.9,10,4588,64.87
META,2026-10-06,2026-12-18,460.0,P,0.42,0.65,0.535,48.6089,-0.009527,0.000158,-0.027383,0.084766,73,741.9,6,1801,64.87
META,2026-10-06,2026-12-18,470.0,P,0.59,0.76,0.675,47.6934,-0.011171,0.000185,-0.030828,0.097385,73,741.9,4,1475,64.87
META,2026-10-06,2026-12-18,480.0,P,0.7,0.93,0.815,47.1319,-0.013577,0.000222,-0.036028,0.115309,73,741.9,12,2023,64.87
META,2026-10-06,2026-12-18,490.0,P,0.93,1.0,0.965,45.667,-0.014907,0.000249,-0.03778,0.124978,73,741.9,89,2010,64.87
META,2026-10-06,2026-12-18,500.0,P,1.04,1.21,1.125,45.0689,-0.017932,0.000295,-0.043614,0.146403,73,741.9,104,6786,64.87
META,2026-10-06,2026-12-18,505.0,P,1.08,1.34,1.21,44.8248,-0.019739,0.000322,-0.047036,0.158867,73,741.9,7,39,64.87
META,2026-10-06,2026-12-18,510.0,P,1.26,1.4,1.33,44.1595,-0.02081,0.000342,-0.04842,0.166143,73,741.9,81,3392,64.87
META,2026-10-06,2026-12-18,515.0,P,1.32,1.56,1.44,43.9825,-0.023016,0.000374,-0.052467,0.180896,73,741.9,77,59,64.87
META,2026-10-06,2026-12-18,520.0,P,1.55,1.75,1.65,43.8787,-0.025581,0.000409,-0.057155,0.197682,73,741.9,333,1832,64.87
META,2026-10-06,2026-12-18,525.0,P,1.63,1.86,1.745,43.3477,-0.027287,0.000437,-0.05954,0.20864,73,741.9,20,25,64.87
META,2026-10-06,2026-12-18,530.0,P,1.78,2.05,1.915,43.1219,-0.029907,0.000474,-0.063869,0.225176,73,741.9,236,3011,64.87
META,2026-10-06,2026-12-18,535.0,P,1.95,2.25,2.1,42.8717,-0.032661,0.000513,-0.068235,0.242192,73,741.9,1,8,64.87
META,2026-10-06,2026-12-18,540.0,P,2.18,2.4,2.29,42.3895,-0.034933,0.000549,-0.071236,0.255973,73,741.9,187,1727,64.87
META,2026-10-06,2026-12-18,545.0,P,2.36,2.64,2.5,42.1698,-0.038167,0.000593,-0.076118,0.275204,73,741.9,10,26,64.87
META,2026-10-06,2026-12-18,550.0,P,2.62,2.85,2.735,41.8036,-0.041159,0.000636,-0.08015,0.29262,73,741.9,64,5452,64.87
META,2026-10-06,2026-12-18,555.0,P,2.83,3.15,2.99,41.651,-0.045086,0.000687,-0.085872,0.314976,73,741.9,6,41,64.87
META,2026-10-06,2026-12-18,560.0,P,3.1,3.4,3.25,41.297,-0.048572,0.000735,-0.090283,0.334364,73,741.9,20,1877,64.87
META,2026-10-06,2026-12-18,565.0,P,3.35,3.75,3.55,41.1505,-0.053068,0.000792,-0.096429,0.358784,73,741.9,5,638,64.87
META,2026-10-06,2026-12-18,570.0,P,3.75,4.05,3.9,40.8179,-0.057143,0.000847,-0.101288,0.380383,73,741.9,18,2990,64.87
META,2026-10-06,2026-12-18,575.0,P,4.15,4.35,4.25,40.4364,-0.061281,0.000903,-0.105864,0.401823,73,741.9,31,1018,64.87
META,2026-10-06,2026-12-18,580.0,P,4.5,4.85,4.675,40.4425,-0.067323,0.000971,-0.113777,0.432287,73,741.9,38,2170,64.87
META,2026-10-06,2026-12-18,585.0,P,4.95,5.25,5.1,40.1617,-0.072498,0.001035,-0.119458,0.457639,73,741.9,67,677,64.87
META,2026-10-06,2026-12-18,590.0,P,5.4,5.7,5.55,39.9267,-0.078198,0.001103,-0.125644,0.48482,73,741.9,56,2150,64.87
META,2026-10-06,2026-12-18,595.0,P,5.9,6.2,6.05,39.7223,-0.084384,0.001174,-0.132209,0.513484,73,741.9,7,718,64.87
META,2026-10-06,2026-12-18,600.0,P,6.4,6.7,6.55,39.4568,-0.090641,0.001247,-0.138324,0.541642,73,741.9,145,4314,64.87
META,2026-10-06,2026-12-18,605.0,P,6.95,7.4,7.175,39.4598,-0.098578,0.001327,-0.146961,0.576215,73,741.9,27,433,64.87
META,2026-10-06,2026-12-18,610.0,P,7.6,7.95,7.775,39.1547,-0.105398,0.001404,-0.152855,0.604964,73,741.9,56,1259,64.87
META,2026-10-06,2026-12-18,615.0,P,8.3,8.65,8.475,39.0143,-0.113434,0.001485,-0.160309,0.637752,73,741.9,32,781,64.87
META,2026-10-06,2026-12-18,620.0,P,9.0,9.4,9.2,38.88,-0.121915,0.001568,-0.167847,0.671145,73,741.9,43,1697,64.87
META,2026-10-06,2026-12-18,625.0,P,9.8,10.15,9.975,38.6816,-0.13048,0.001653,-0.174778,0.703675,73,741.9,9,524,64.87
META,2026-10-06,2026-12-18,630.0,P,10.6,11.0,10.8,38.5474,-0.139801,0.001739,-0.182286,0.737768,73,741.9,51,1562,64.87
META,2026-10-06,2026-12-18,635.0,P,11.55,11.9,11.725,38.41,-0.149531,0.001826,-0.189707,0.77198,73,741.9,4,368,64.87
META,2026-10-06,2026-12-18,640.0,P,12.5,12.9,12.7,38.3246,-0.159961,0.001913,-0.197534,0.807151,73,741.9,36,1470,64.87
META,2026-10-06,2026-12-18,645.0,P,13.45,14.0,13.725,38.2834,-0.171044,0.002,-0.205663,0.842898,73,741.9,27,341,64.87
META,2026-10-06,2026-12-18,650.0,P,14.6,15.05,14.825,38.1171,-0.1819,0.002089,-0.212445,0.876359,73,741.9,190,3080,64.87
META,2026-10-06,2026-12-18,655.0,P,15.7,16.2,15.95,37.992,-0.193388,0.002176,-0.219434,0.910156,73,741.9,71,274,64.87
META,2026-10-06,2026-12-18,660.0,P,16.85,17.35,17.1,37.8027,-0.204976,0.002265,-0.225599,0.942627,73,741.9,77,5101,64.87
META,2026-10-06,2026-12-18,665.0,P,18.2,18.7,18.45,37.7493,-0.217636,0.002349,-0.232792,0.976315,73,741.9,146,739,64.87
META,2026-10-06,2026-12-18,670.0,P,19.55,20.05,19.8,37.6273,-0.230357,0.002434,-0.239053,1.008343,73,741.9,478,1515,64.87
META,2026-10-06,2026-12-18,675.0,P,20.8,21.5,21.15,37.5342,-0.243594,0.002517,-0.245265,1.039792,73,741.9,33,249,64.87
META,2026-10-06,2026-12-18,680.0,P,22.45,23.0,22.725,37.4198,-0.257104,0.002597,-0.250929,1.069979,73,741.9,311,1932,64.87
META,2026-10-06,2026-12-18,685.0,P,24.0,24.75,24.375,37.461,-0.271581,0.002668,-0.257634,1.100244,73,741.9,18,171,64.87
META,2026-10-06,2026-12-18,690.0,P,25.65,26.4,26.025,37.3465,-0.28575,0.002743,-0.262501,1.127832,73,741.9,41,628,64.87
META,2026-10-06,2026-12-18,695.0,P,27.45,28.1,27.775,37.2122,-0.300175,0.002817,-0.266756,1.153905,73,741.9,17,157,64.87
META,2026-10-06,2026-12-18,700.0,P,29.4,29.9,29.65,37.0963,-0.314972,0.002886,-0.270716,1.178589,73,741.9,240,2898,64.87
META,2026-10-06,2026-12-18,705.0,P,31.25,31.95,31.6,37.1222,-0.330435,0.002942,-0.275452,1.202199,73,741.9,21,461,64.87
META,2026-10-06,2026-12-18,710.0,P,33.25,33.9,33.575,37.0001,-0.345719,0.003004,-0.278365,1.223383,73,741.9,53,429,64.87
META,2026-10-06,2026-12-18,715.0,P,35.1,36.0,35.55,36.9345,-0.361358,0.003057,-0.281253,1.242884,73,741.9,18,359,64.87
META,2026-10-06,2026-12-18,720.0,P,37.55,38.15,37.85,36.846,-0.377142,0.003107,-0.283399,1.260368,73,741.9,366,10727,64.87
META,2026-10-06,2026-12-18,725.0,P,39.7,40.45,40.075,36.8094,-0.393156,0.003149,-0.285446,1.275883,73,741.9,14,426,64.87
META,2026-10-06,2026-12-18,730.0,P,42.05,42.8,42.425,36.7484,-0.409256,0.003187,-0.286717,1.28925,73,741.9,38,1968,64.87
META,2026-10-06,2026-12-18,735.0,P,44.5,45.3,44.9,36.7407,-0.425465,0.003215,-0.287887,1.300473,73,741.9,18,259,64.87
META,2026-10-06,2026-12-18,740.0,P,46.95,47.75,47.35,36.6324,-0.441717,0.003247,-0.287601,1.309491,73,741.9,19,316,64.87
META,2026-10-06,2026-12-18,745.0,P,49.55,50.45,50.0,36.6522,-0.457972,0.003262,-0.287874,1.31629,73,741.9,41,157,64.87
META,2026-10-06,2026-12-18,750.0,P,51.95,53.05,52.5,36.5363,-0.474317,0.003284,-0.286374,1.320898,73,741.9,287,2042,64.87
META,2026-10-06,2026-12-18,755.0,P,54.7,55.8,55.25,36.4737,-0.490619,0.003296,-0.284781,1.323276,73,741.9,2,288,64.87
META,2026-10-06,2026-12-18,760.0,P,57.75,58.75,58.25,36.5012,-0.506707,0.003294,-0.283449,1.323455,73,741.9,7,389,64.87
META,2026-10-06,2026-12-18,765.0,P,60.4,61.7,61.05,36.4707,-0.522794,0.003292,-0.281053,1.321481,73,741.9,3,295,64.87
META,2026-10-06,2026-12-18,770.0,P,63.65,64.75,64.2,36.4569,-0.53872,0.003283,-0.278287,1.317403,73,741.9,8,115,64.87
META,2026-10-06,2026-12-18,775.0,P,66.45,67.75,67.1,36.3486,-0.554801,0.003277,-0.274118,1.311134,73,741.9,1,64,64.87
META,2026-10-06,2026-12-18,780.0,P,69.85,70.95,70.4,36.3349,-0.570438,0.003258,-0.270343,1.302956,73,741.9,1,105,64.87
META,2026-10-06,2026-12-18,785.0,P,72.85,74.1,73.475,36.225,-0.586271,0.003241,-0.265158,1.29257,73,741.9,100,45,64.87
META,2026-10-06,2026-12-18,790.0,P,76.35,77.55,76.95,36.2937,-0.601164,0.003206,-0.26127,1.280853,73,741.9,1,180,64.87
META,2026-10-06,2026-12-18,795.0,P,79.25,80.85,80.05,36.1884,-0.6166,0.00318,-0.255225,1.266696,73,741.9,1,51,64.87
META,2026-10-06,2026-12-18,800.0,P,82.7,84.25,83.475,36.1075,-0.631721,0.003147,-0.249,1.250819,73,741.9,10,317,64.87
META,2026-10-06,2026-12-18,805.0,P,86.15,87.8,86.975,36.0923,-0.646254,0.003105,-0.243063,1.233664,73,741.9,18,88,64.87
META,2026-10-06,2026-12-18,810.0,P,89.7,91.4,90.55,36.0663,-0.660564,0.00306,-0.236663,1.214931,73,741.9,1,25,64.87
META,2026-10-06,2026-12-18,815.0,P,93.7,95.1,94.4,36.0694,-0.674403,0.00301,-0.230251,1.19505,73,741.9,2,9,64.87
META,2026-10-06,2026-12-18,820.0,P,96.75,98.8,97.775,36.0205,-0.688253,0.002959,-0.222979,1.173386,73,741.9,12,88,64.87
META,2026-10-06,2026-12-18,825.0,P,100.95,102.85,101.9,36.2265,-0.70011,0.002892,-0.218275,1.15341,73,741.9,1,15,64.87
META,2026-10-06,2026-12-18,830.0,P,104.65,106.75,105.7,36.2555,-0.712749,0.002833,-0.211399,1.130639,73,741.9,1,13,64.87
META,2026-10-06,2026-12-18,835.0,P,108.4,110.75,109.575,36.3272,-0.724738,0.00277,-0.204814,1.107603,73,741.9,2,21,64.87
META,2026-10-06,2026-12-18,840.0,P,112.25,114.75,113.5,36.3532,-0.736683,0.002707,-0.197535,1.083227,73,741.9,6,33,64.87
META,2026-10-06,2026-12-18,845.0,P,116.15,118.85,117.5,36.4264,-0.747928,0.002641,-0.190664,1.058958,73,741.9,1,5,64.87
META,2026-10-06,2026-12-18,850.0,P,120.1,122.95,121.525,36.4569,-0.75912,0.002575,-0.183173,1.033497,73,741.9,1,46,64.87
META,2026-10-06,2026-12-18,855.0,P,124.45,127.15,125.8,36.5409,-0.769553,0.002507,-0.176221,1.008562,73,741.9,2,1,64.87
META,2026-10-06,2026-12-18,860.0,P,128.2,131.35,129.775,36.5821,-0.779943,0.00244,-0.168686,0.982548,73,741.9,3,2,64.87
META,2026-10-06,2026-12-18,865.0,P,132.35,135.6,133.975,36.6339,-0.789896,0.002372,-0.161227,0.956494,73,741.9,2,2,64.87
META,2026-10-06,2026-12-18,870.0,P,136.5,139.9,138.2,36.698,-0.799402,0.002303,-0.153884,0.930548,73,741.9,2,6,64.87
META,2026-10-06,2026-12-18,875.0,P,140.7,144.25,142.475,36.7758,-0.808452,0.002235,-0.146699,0.904851,73,741.9,6,16,64.87
META,2026-10-06,2026-12-18,880.0,P,144.95,148.65,146.8,36.872,-0.817018,0.002167,-0.139745,0.879613,73,741.9,10,12,64.87
META,2026-10-06,2026-12-18,890.0,P,153.3,157.5,155.4,37.0123,-0.833545,0.002033,-0.125275,0.828296,73,741.9,1,2,64.87
META,2026-10-06,2026-12-18,900.0,P,162.05,166.45,164.25,37.1237,-0.849003,0.001901,-0.110636,0.777015,73,741.9,2,112,64.87
META,2026-10-06,2026-12-18,910.0,P,228.45,235.55,232.0,89.3266,-0.614621,0.00129,-0.701135,1.268627,73,741.9,15,0,64.87
META,2026-10-06,2026-12-18,915.0,P,175.45,180.2,177.825,37.4671,-0.868606,0.001714,-0.091423,0.707074,73,741.9,1,1,64.87
META,2026-10-06,2026-12-18,920.0,P,180.0,184.85,182.425,37.6166,-0.87433,0.001656,-0.085629,0.685549,73,741.9,1,1,64.87
META,2026-10-06,2026-12-18,930.0,P,189.25,194.2,191.725,37.9065,-0.885088,0.001542,-0.07422,0.643659,73,741.9,1,2,64.87
META,2026-10-06,2026-12-18,940.0,P,198.15,203.7,200.925,38.3368,-0.893948,0.00144,-0.064912,0.607674,73,741.9,5,5,64.87
META,2026-10-06,2026-12-18,945.0,P,202.8,208.8,205.8,39.1272,-0.894243,0.001408,-0.067294,0.606452,73,741.9,0,1,64.87
META,2026-10-06,2026-12-18,950.0,P,207.5,213.2,210.35,38.6755,-0.902606,0.001341,-0.054903,0.571136,73,741.9,1,1,64.87
META,2026-10-06,2026-12-18,960.0,P,344.55,347.35,345.95,147.3269,-0.51975,0.000815,-1.254293,1.322019,73,741.9,1,1,64.87
META,2026-10-06,2026-12-18,970.0,P,226.4,232.5,229.45,39.6674,-0.915773,0.001174,-0.039748,0.512764,73,741.9,1,1,64.87
META,2026-10-06,2026-12-18,975.0,P,231.2,237.75,234.475,40.7385,-0.913791,0.001163,-0.045614,0.521782,73,741.9,1,1,64.87
META,2026-10-06,2026-12-18,980.0,P,236.0,242.15,239.075,40.058,-0.922091,0.001096,-0.031513,0.483461,73,741.9,1,1,64.87
META,2026-10-06,2026-12-18,990.0,P,330.3,334.5,332.4,119.3043,-0.602133,0.000975,-0.961009,1.280025,73,741.9,1,4,64.87
META,2026-10-06,2026-12-18,1000.0,P,255.45,261.95,258.7,41.7761,-0.928063,0.000989,-0.026391,0.454924,73,741.9,1,3,64.87
META,2026-10-06,2026-12-18,1020.0,P,275.05,281.4,278.225,42.5146,-0.937854,0.000868,-0.011597,0.406242,73,741.9,1,1,64.87
META,2026-10-06,2026-12-18,1030.0,P,367.45,375.3,371.375,124.8096,-0.61575,0.000923,-0.993238,1.267529,73,741.9,2,0,64.87
META,2026-10-06,2026-12-18,1040.0,P,377.1,384.95,381.025,126.0425,-0.619098,0.000911,-0.999753,1.264211,73,741.9,10,0,64.87
META,2026-10-06,2026-12-18,1050.0,P,486.85,493.8,490.325,202.9042,-0.468201,0.000591,-1.742414,1.319435,73,741.9,25,0,64.87
META,2026-10-06,2026-12-18,1060.0,P,409.55,416.9,413.225,138.5349,-0.599934,0.000841,-1.122751,1.281893,73,741.9,3,0,64.87
META,2026-10-06,2026-12-18,1070.0,P,419.55,426.9,423.225,139.986,-0.602219,0.000831,-1.132354,1.279951,73,741.9,0,0,64.87
META,2026-10-06,2026-12-18,1080.0,P,429.55,436.9,433.225,141.4142,-0.604431,0.000821,-1.141743,1.278029,73,741.9,8,0,64.87
META,2026-10-06,2026-12-18,1090.0,P,477.0,484.65,480.825,171.5837,-0.542692,0.000697,-1.450363,1.316056,73,741.9,1,0,64.87
META,2026-10-06,2026-12-18,1100.0,P,427.35,434.25,430.8,126.3462,-0.65553,0.000878,-0.95723,1.221731,73,741.9,10,0,64.87
META,2026-10-06,2026-12-18,1120.0,P,376.1,379.2,377.65,43.3966,-0.976359,0.000387,0.065511,0.185021,73,741.9,2,13,64.87
META,2026-10-06,2026-12-18,1130.0,P,385.75,388.75,387.25,41.1383,-0.984276,0.000289,0.085326,0.130839,73,741.9,10,0,64.87
META,2026-10-06,2026-12-18,1140.0,P,395.2,398.45,396.825,38.9166,-0.990229,0.000202,0.100637,0.086659,73,741.9,10,0,64.87
META,2026-10-06,2026-12-18,1150.0,P,486.95,494.85,490.9,141.0251,-0.643146,0.000797,-1.08974,1.237491,73,741.9,4,0,64.87
META,2026-10-06,2026-12-18,1160.0,P,414.75,418.15,416.45,34.0827,-0.997472,6.9e-05,0.120404,0.02601,73,741.9,2,0,64.87
META,2026-10-06,2026-12-18,1170.0,P,424.8,428.15,426.475,34.6686,-0.997514,6.7e-05,0.121488,0.02562,73,741.9,1,0,64.87
META,2026-10-06,2026-12-18,1180.0,P,434.8,438.15,436.475,35.2546,-0.99755,6.5e-05,0.122561,0.025284,73,741.9,16,0,64.87
META,2026-10-06,2026-12-18,1200.0,P,586.65,594.6,590.625,185.8948,-0.56083,0.000639,-1.555947,1.308225,73,741.9,1,0,64.87
META,2026-10-06,2026-12-18,1220.0,P,474.75,478.15,476.45,37.5006,-0.997702,5.8e-05,0.126918,0.02386,73,741.9,2,0,64.87
META,2026-10-06,2026-12-18,1230.0,P,566.0,573.75,569.875,149.75,-0.658379,0.000739,-1.133757,1.217911,73,741.9,1,0,64.87
META,2026-10-06,2026-12-18,1240.0,P,521.0,530.0,525.5,100.6307,-0.815538,0.000798,-0.485932,0.884038,73,741.9,2,0,64.87
META,2026-10-06,2026-12-18,1270.0,P,677.25,681.25,679.25,208.1731,-0.541134,0.000575,-1.759452,1.3166,73,741.9,0,0,64.87
META,2026-10-06,2026-12-18,1280.0,P,534.75,538.1,536.425,37.3053,-0.999148,2.3e-05,0.137247,0.009642,73,741.9,0,0,64.87
META,2026-10-06,2026-12-18,1300.0,P,627.3,634.85,631.075,149.985,-0.687535,0.000711,-1.082126,1.174553,73,741.9,1,0,64.87
META,2026-10-06,2026-12-18,1400.0,P,654.75,658.1,656.425,43.1646,-0.999188,1.9e-05,0.15009,0.009229,73,741.9,0,0,64.87
META,2026-10-06,2026-12-18,1410.0,P,664.7,668.1,666.4,43.5553,-0.999206,1.9e-05,0.151215,0.009041,73,741.9,2,0,64.87
META,2026-10-06,2026-12-18,1420.0,P,735.05,742.7,738.875,150.751,-0.730371,0.000661,-0.992223,1.096286,73,741.9,1,0,64.87
