symbol,quote_date,expiration,strike,option_type,bid,ask,mid,implied_volatility,delta,gamma,theta,vega,dte,underlying_price,volume,open_interest,iv_rank
META,2026-09-01,2026-09-09,485.0,C,85.25,91.45,88.35,62.9154,0.966604,0.001395,-0.295234,0.062996,8,572.34,0,2,51.06
META,2026-09-01,2026-09-09,490.0,C,80.5,86.65,83.575,62.2562,0.95909,0.001664,-0.336922,0.074363,8,572.34,0,2,51.06
META,2026-09-01,2026-09-09,495.0,C,75.15,81.65,78.4,57.1049,0.961565,0.001724,-0.300516,0.070683,8,572.34,0,1,51.06
META,2026-09-01,2026-09-09,500.0,C,70.0,76.5,73.25,52.2222,0.963832,0.001794,-0.268423,0.067259,8,572.34,20,10,51.06
META,2026-09-01,2026-09-09,505.0,C,65.1,71.55,68.325,72.5528,0.890031,0.003058,-0.767143,0.159296,8,572.34,30,8,51.06
META,2026-09-01,2026-09-09,510.0,C,60.15,66.6,63.375,68.7625,0.883323,0.003366,-0.759055,0.166168,8,572.34,56,1,51.06
META,2026-09-01,2026-09-09,512.5,C,58.0,64.1,61.05,66.7362,0.880085,0.003536,-0.751621,0.169416,8,572.34,46,2,51.06
META,2026-09-01,2026-09-09,515.0,C,55.2,61.65,58.425,64.9418,0.875869,0.003723,-0.749514,0.173577,8,572.34,68,1,51.06
META,2026-09-01,2026-09-09,517.5,C,52.8,59.2,56.0,63.1473,0.871371,0.003925,-0.747238,0.177936,8,572.34,54,2,51.06
META,2026-09-01,2026-09-09,520.0,C,50.75,56.8,53.775,61.5726,0.865775,0.004145,-0.750075,0.183245,8,572.34,59,6,51.06
META,2026-09-01,2026-09-09,522.5,C,48.25,54.35,51.3,59.7294,0.860769,0.004381,-0.746264,0.187891,8,572.34,8,1,51.06
META,2026-09-01,2026-09-09,525.0,C,45.45,52.15,48.8,59.0092,0.851131,0.00464,-0.769467,0.196567,8,572.34,12,4,51.06
META,2026-09-01,2026-09-09,535.0,C,35.8,43.1,39.45,54.3095,0.813126,0.005837,-0.815758,0.227595,8,572.34,0,20,51.06
META,2026-09-01,2026-09-09,537.5,C,34.4,39.3,36.85,46.8633,0.829378,0.006388,-0.674043,0.214922,8,572.34,1,3,51.06
META,2026-09-01,2026-09-09,540.0,C,32.25,37.2,34.725,46.3079,0.814503,0.006814,-0.699597,0.226555,8,572.34,0,20,51.06
META,2026-09-01,2026-09-09,550.0,C,23.65,29.8,26.725,46.2225,0.734997,0.008363,-0.841797,0.277539,8,572.34,58,109,51.06
META,2026-09-01,2026-09-09,552.5,C,21.75,26.8,24.275,42.0538,0.729376,0.00929,-0.777212,0.280489,8,572.34,0,26,51.06
META,2026-09-01,2026-09-09,555.0,C,20.6,24.85,22.725,41.2604,0.70801,0.009822,-0.789288,0.290973,8,572.34,114,14,51.06
META,2026-09-01,2026-09-09,557.5,C,19.15,22.95,21.05,40.4791,0.685092,0.010356,-0.799218,0.300966,8,572.34,24,53,51.06
META,2026-09-01,2026-09-09,560.0,C,17.35,21.25,19.3,40.1495,0.659162,0.010781,-0.81626,0.310762,8,572.34,95,36,51.06
META,2026-09-01,2026-09-09,562.5,C,14.85,19.7,17.275,40.0702,0.631484,0.011106,-0.835158,0.319506,8,572.34,39,4,51.06
META,2026-09-01,2026-09-09,565.0,C,13.95,17.95,15.95,39.234,0.604628,0.011585,-0.833833,0.326343,8,572.34,28,16,51.06
META,2026-09-01,2026-09-09,567.5,C,12.35,16.4,14.375,38.7824,0.575685,0.011921,-0.836641,0.331934,8,572.34,3,64,51.06
META,2026-09-01,2026-09-09,570.0,C,12.2,13.0,12.6,32.9597,0.549786,0.014173,-0.721805,0.3354,8,572.34,230,102,51.06
META,2026-09-01,2026-09-09,572.5,C,10.45,12.9,11.675,36.2006,0.514696,0.012997,-0.793153,0.337806,8,572.34,88,200,51.06
META,2026-09-01,2026-09-09,575.0,C,8.75,12.55,10.65,38.5138,0.484658,0.012216,-0.840226,0.337786,8,572.34,143,62,51.06
META,2026-09-01,2026-09-09,577.5,C,7.45,11.6,9.525,38.9594,0.455179,0.012009,-0.843414,0.3359,8,572.34,111,23,51.06
META,2026-09-01,2026-09-09,580.0,C,7.1,8.75,7.925,33.8019,0.411261,0.013583,-0.719623,0.329638,8,572.34,159,685,51.06
META,2026-09-01,2026-09-09,582.5,C,6.0,8.95,7.475,37.11,0.390538,0.012207,-0.776327,0.32523,8,572.34,101,35,51.06
META,2026-09-01,2026-09-09,585.0,C,5.85,7.95,6.9,36.7926,0.359645,0.011996,-0.748997,0.316893,8,572.34,48,41,51.06
META,2026-09-01,2026-09-09,587.5,C,3.9,8.25,6.075,40.18,0.346055,0.010834,-0.804348,0.312544,8,572.34,8,36,51.06
META,2026-09-01,2026-09-09,590.0,C,4.1,6.05,5.075,35.7672,0.297371,0.011427,-0.672793,0.293434,8,572.34,92,241,51.06
META,2026-09-01,2026-09-09,592.5,C,3.45,5.6,4.525,36.5241,0.274906,0.01078,-0.660862,0.282683,8,572.34,84,30,51.06
META,2026-09-01,2026-09-09,595.0,C,2.96,5.7,4.33,39.0021,0.264539,0.009902,-0.690888,0.277292,8,572.34,20,20,51.06
META,2026-09-01,2026-09-09,597.5,C,2.89,4.0,3.445,35.0715,0.215684,0.009851,-0.555948,0.248038,8,572.34,35,88,51.06
META,2026-09-01,2026-09-09,600.0,C,2.54,3.15,2.845,33.6554,0.182495,0.009281,-0.482129,0.224264,8,572.34,306,473,51.06
META,2026-09-01,2026-09-09,602.5,C,2.08,2.8,2.44,33.9728,0.163632,0.008577,-0.453528,0.209203,8,572.34,12,71,51.06
META,2026-09-01,2026-09-09,605.0,C,1.98,2.46,2.22,34.1559,0.145483,0.007893,-0.421495,0.193558,8,572.34,58,39,51.06
META,2026-09-01,2026-09-09,607.5,C,0.78,3.6,2.19,40.8575,0.173132,0.007395,-0.563777,0.216935,8,572.34,7,17,51.06
META,2026-09-01,2026-09-09,610.0,C,1.37,1.85,1.61,34.3146,0.112584,0.006575,-0.353862,0.161999,8,572.34,40,88,51.06
META,2026-09-01,2026-09-09,612.5,C,0.99,2.01,1.5,36.7194,0.114052,0.006202,-0.381733,0.163502,8,572.34,2,3,51.06
META,2026-09-01,2026-09-09,615.0,C,1.1,1.46,1.28,35.0104,0.089269,0.005441,-0.304367,0.136766,8,572.34,23,40,51.06
META,2026-09-01,2026-09-09,617.5,C,0.85,1.63,1.24,37.5128,0.092586,0.005217,-0.334735,0.140519,8,572.34,5,2,51.06
META,2026-09-01,2026-09-09,620.0,C,0.68,1.18,0.93,35.8893,0.071674,0.004496,-0.263967,0.115854,8,572.34,55,63,51.06
META,2026-09-01,2026-09-09,622.5,C,0.53,1.27,0.9,37.9035,0.072906,0.004313,-0.282225,0.117377,8,572.34,0,7,51.06
META,2026-09-01,2026-09-09,625.0,C,0.58,0.9,0.74,36.2799,0.055172,0.003628,-0.217415,0.094491,8,572.34,12,52,51.06
META,2026-09-01,2026-09-09,630.0,C,0.33,0.93,0.63,39.0631,0.052972,0.003262,-0.226408,0.091496,8,572.34,22,54,51.06
META,2026-09-01,2026-09-09,635.0,C,0.2,1.06,0.63,42.7252,0.055031,0.003074,-0.254948,0.0943,8,572.34,0,10,51.06
META,2026-09-01,2026-09-09,637.5,C,0.16,0.73,0.445,40.7232,0.04052,0.002524,-0.190121,0.073788,8,572.34,13,10,51.06
META,2026-09-01,2026-09-09,640.0,C,0.13,0.61,0.37,40.4791,0.034313,0.002216,-0.16493,0.064416,8,572.34,9,11,51.06
META,2026-09-01,2026-09-09,645.0,C,0.01,0.44,0.225,40.3326,0.025113,0.001717,-0.126745,0.04971,8,572.34,8,15,51.06
META,2026-09-01,2026-09-09,650.0,C,0.01,0.25,0.13,38.8434,0.015017,0.001152,-0.078841,0.032121,8,572.34,14,72,51.06
META,2026-09-01,2026-09-09,655.0,C,0.01,0.46,0.235,44.8736,0.023567,0.001463,-0.13352,0.047128,8,572.34,11,5,51.06
META,2026-09-01,2026-09-09,660.0,C,0.01,0.42,0.215,46.2652,0.020957,0.001285,-0.124617,0.042683,8,572.34,11,3,51.06
META,2026-09-01,2026-09-09,670.0,C,0.01,0.48,0.245,51.3677,0.021544,0.001185,-0.141499,0.043692,8,572.34,0,14,51.06
META,2026-09-01,2026-09-09,680.0,C,0.02,0.3,0.16,51.5142,0.013513,0.000793,-0.095197,0.029328,8,572.34,21,6,51.06
META,2026-09-01,2026-09-09,695.0,C,0.0,0.3,0.15,52.0513,0.006743,0.000427,-0.052354,0.015975,8,572.34,0,1,51.06
META,2026-09-01,2026-09-09,705.0,C,0.0,0.96,0.48,64.7953,0.017144,0.000773,-0.146687,0.035982,8,572.34,0,1,51.06
META,2026-09-01,2026-09-09,800.0,C,0.01,0.12,0.065,76.5627,0.001923,9.4e-05,-0.024916,0.005184,8,572.34,57,1,51.06
META,2026-09-01,2026-09-09,465.0,P,0.0,0.81,0.405,64.9418,-0.013317,0.000621,-0.116745,0.028962,8,572.34,0,1,51.06
META,2026-09-01,2026-09-09,480.0,P,0.0,0.16,0.08,49.2681,-0.006949,0.000464,-0.050098,0.016405,8,572.34,6,1,51.06
META,2026-09-01,2026-09-09,485.0,P,0.0,0.35,0.175,52.2466,-0.014263,0.000819,-0.099478,0.030727,8,572.34,13,2,51.06
META,2026-09-01,2026-09-09,490.0,P,0.01,0.37,0.19,49.9028,-0.015759,0.000934,-0.103471,0.033479,8,572.34,3,1,51.06
META,2026-09-01,2026-09-09,500.0,P,0.08,0.2,0.14,40.3326,-0.01054,0.000816,-0.058971,0.023644,8,572.34,25,7,51.06
META,2026-09-01,2026-09-09,505.0,P,0.01,0.44,0.225,42.7984,-0.021684,0.00143,-0.116214,0.043932,8,572.34,1,47,51.06
META,2026-09-01,2026-09-09,510.0,P,0.09,0.51,0.3,41.0406,-0.026077,0.001741,-0.13003,0.051302,8,572.34,2,10,51.06
META,2026-09-01,2026-09-09,515.0,P,0.16,0.58,0.37,39.0875,-0.030927,0.002107,-0.142592,0.059126,8,572.34,0,25,51.06
META,2026-09-01,2026-09-09,520.0,P,0.18,0.52,0.35,35.3766,-0.030537,0.002304,-0.127541,0.058509,8,572.34,2,15,51.06
META,2026-09-01,2026-09-09,525.0,P,0.23,0.89,0.56,36.341,-0.0498,0.003339,-0.194875,0.087111,8,572.34,0,53,51.06
META,2026-09-01,2026-09-09,527.5,P,0.39,0.93,0.66,35.1203,-0.053608,0.003663,-0.199539,0.092367,8,572.34,3,69,51.06
META,2026-09-01,2026-09-09,530.0,P,0.52,1.0,0.76,34.1071,-0.058965,0.004066,-0.208724,0.099569,8,572.34,84,44,51.06
META,2026-09-01,2026-09-09,532.5,P,0.56,1.14,0.85,33.5456,-0.067575,0.004597,-0.228089,0.110718,8,572.34,2,1,51.06
META,2026-09-01,2026-09-09,535.0,P,0.68,1.41,1.045,33.7287,-0.081892,0.005294,-0.265373,0.128212,8,572.34,26,89,51.06
META,2026-09-01,2026-09-09,537.5,P,0.88,1.8,1.34,34.3268,-0.100742,0.006066,-0.314721,0.149509,8,572.34,29,19,51.06
META,2026-09-01,2026-09-09,540.0,P,1.04,2.14,1.59,34.3146,-0.117727,0.006788,-0.351579,0.167226,8,572.34,17,31,51.06
META,2026-09-01,2026-09-09,542.5,P,1.21,2.3,1.755,33.216,-0.12922,0.007485,-0.362819,0.178503,8,572.34,26,11,51.06
META,2026-09-01,2026-09-09,545.0,P,1.61,2.53,2.07,32.3432,-0.143833,0.008272,-0.379646,0.192077,8,572.34,19,58,51.06
META,2026-09-01,2026-09-09,547.5,P,1.96,3.0,2.48,32.3615,-0.166734,0.009114,-0.418296,0.211761,8,572.34,12,8,51.06
META,2026-09-01,2026-09-09,550.0,P,2.34,3.45,2.895,32.0624,-0.189497,0.009972,-0.448633,0.229561,8,572.34,63,156,51.06
META,2026-09-01,2026-09-09,552.5,P,2.48,4.5,3.49,33.7165,-0.227192,0.010556,-0.524765,0.255521,8,572.34,5,31,51.06
META,2026-09-01,2026-09-09,555.0,P,2.9,5.45,4.175,34.5893,-0.260319,0.011074,-0.578825,0.275018,8,572.34,7,70,51.06
META,2026-09-01,2026-09-09,557.5,P,3.5,6.2,4.85,34.516,-0.28922,0.011689,-0.607427,0.289678,8,572.34,10,73,51.06
META,2026-09-01,2026-09-09,560.0,P,4.35,6.9,5.625,34.0705,-0.317906,0.012353,-0.624234,0.30218,8,572.34,68,202,51.06
META,2026-09-01,2026-09-09,562.5,P,5.05,7.4,6.225,32.8254,-0.34532,0.013251,-0.619821,0.312297,8,572.34,4,98,51.06
META,2026-09-01,2026-09-09,565.0,P,4.95,8.3,6.625,32.5751,-0.378768,0.013781,-0.633266,0.322305,8,572.34,9,22,51.06
META,2026-09-01,2026-09-09,567.5,P,6.5,9.7,8.1,33.5151,-0.415877,0.013735,-0.667041,0.330492,8,572.34,7,194,51.06
META,2026-09-01,2026-09-09,570.0,P,8.85,10.6,9.725,32.7949,-0.450062,0.014244,-0.660099,0.335384,8,572.34,125,72,51.06
META,2026-09-01,2026-09-09,572.5,P,8.8,12.45,10.625,34.5038,-0.485608,0.013637,-0.698902,0.337816,8,572.34,23,133,51.06
META,2026-09-01,2026-09-09,575.0,P,11.3,13.15,12.225,32.7643,-0.521721,0.014349,-0.659413,0.337535,8,572.34,56,20,51.06
META,2026-09-01,2026-09-09,577.5,P,11.15,15.7,13.425,35.9809,-0.550332,0.012981,-0.72041,0.335342,8,572.34,1,42,51.06
META,2026-09-01,2026-09-09,580.0,P,12.6,16.15,14.375,33.0634,-0.591117,0.013867,-0.644093,0.32918,8,572.34,34,31,51.06
META,2026-09-01,2026-09-09,582.5,P,14.05,19.35,16.7,37.8119,-0.607084,0.012,-0.732509,0.325784,8,572.34,0,15,51.06
META,2026-09-01,2026-09-09,585.0,P,15.8,21.0,18.4,37.9462,-0.63563,0.011683,-0.715671,0.318307,8,572.34,0,160,51.06
META,2026-09-01,2026-09-09,587.5,P,17.5,21.75,19.625,35.1447,-0.6775,0.012048,-0.625974,0.303998,8,572.34,0,5,51.06
META,2026-09-01,2026-09-09,590.0,P,19.35,23.5,21.425,35.102,-0.706453,0.011574,-0.59629,0.291692,8,572.34,44,5,51.06
META,2026-09-01,2026-09-09,592.5,P,21.5,26.3,23.9,38.2941,-0.714928,0.010464,-0.644162,0.287704,8,572.34,0,6,51.06
META,2026-09-01,2026-09-09,595.0,P,23.2,27.75,25.475,36.9391,-0.747839,0.010199,-0.57798,0.270491,8,572.34,2,20,51.06
META,2026-09-01,2026-09-09,597.5,P,25.3,30.3,27.8,39.1669,-0.757671,0.009417,-0.600875,0.264799,8,572.34,0,4,51.06
META,2026-09-01,2026-09-09,600.0,P,27.35,32.6,29.975,40.4547,-0.77169,0.008822,-0.599464,0.256228,8,572.34,2,11,51.06
META,2026-09-01,2026-09-09,605.0,P,31.8,36.95,34.375,41.8402,-0.802818,0.00783,-0.564391,0.235198,8,572.34,1,31,51.06
META,2026-09-01,2026-09-09,610.0,P,36.1,42.35,39.225,47.0464,-0.807402,0.006864,-0.630286,0.231858,8,572.34,1,20,51.06
META,2026-09-01,2026-09-09,615.0,P,39.8,46.5,43.15,47.0464,-0.837827,0.006158,-0.55789,0.207988,8,572.34,0,1,51.06
META,2026-09-01,2026-09-09,620.0,P,44.55,50.95,47.75,47.8521,-0.860393,0.005479,-0.507509,0.188236,8,572.34,1,1,51.06
META,2026-09-01,2026-09-11,240.0,C,328.95,336.3,332.625,202.7349,0.997116,4.6e-05,-0.109105,0.008363,10,572.34,0,7,51.06
META,2026-09-01,2026-09-11,260.0,C,308.6,316.4,312.5,173.6329,0.998091,3.7e-05,-0.076431,0.005759,10,572.34,2,0,51.06
META,2026-09-01,2026-09-11,290.0,C,278.9,286.4,282.65,163.0861,0.996061,7.6e-05,-0.119633,0.011069,10,572.34,6,10,51.06
META,2026-09-01,2026-09-11,300.0,C,270.3,276.4,273.35,182.9102,0.988941,0.000168,-0.282005,0.027564,10,572.34,6,26,51.06
META,2026-09-01,2026-09-11,310.0,C,259.55,266.4,262.975,162.9885,0.992056,0.000141,-0.199331,0.020637,10,572.34,4,4,51.06
META,2026-09-01,2026-09-11,320.0,C,248.7,256.4,252.55,134.766,0.996761,7.7e-05,-0.095055,0.009286,10,572.34,12,12,51.06
META,2026-09-01,2026-09-11,330.0,C,238.7,246.45,242.575,129.8832,0.996247,9.1e-05,-0.102304,0.010599,10,572.34,4,15,51.06
META,2026-09-01,2026-09-11,340.0,C,228.7,236.5,232.6,125.0004,0.995673,0.000107,-0.109705,0.012039,10,572.34,4,14,51.06
META,2026-09-01,2026-09-11,350.0,C,219.5,226.5,223.0,134.473,0.989975,0.00021,-0.205248,0.025304,10,572.34,4,15,51.06
META,2026-09-01,2026-09-11,360.0,C,208.8,217.25,213.025,128.2718,0.989123,0.000236,-0.21033,0.027168,10,572.34,4,12,51.06
META,2026-09-01,2026-09-11,370.0,C,199.9,206.55,203.225,126.4652,0.985865,0.0003,-0.252452,0.034089,10,572.34,4,12,51.06
META,2026-09-01,2026-09-11,380.0,C,188.95,196.35,192.65,102.8325,0.993743,0.000181,-0.124376,0.016716,10,572.34,4,16,51.06
META,2026-09-01,2026-09-11,390.0,C,179.35,186.3,182.825,103.1255,0.990321,0.000265,-0.165772,0.02454,10,572.34,4,12,51.06
META,2026-09-01,2026-09-11,400.0,C,169.0,177.5,173.25,107.0073,0.982874,0.000419,-0.254837,0.040194,10,572.34,1,10,51.06
META,2026-09-01,2026-09-11,405.0,C,163.8,171.65,167.725,91.0645,0.991264,0.000275,-0.142978,0.022434,10,572.34,4,7,51.06
META,2026-09-01,2026-09-11,410.0,C,160.4,166.4,163.4,103.272,0.979469,0.000506,-0.282763,0.046899,10,572.34,1,7,51.06
META,2026-09-01,2026-09-11,415.0,C,155.55,161.45,158.5,101.6606,0.97728,0.00056,-0.300665,0.05109,10,572.34,2,10,51.06
META,2026-09-01,2026-09-11,420.0,C,150.0,156.6,153.3,95.1905,0.979791,0.000542,-0.261887,0.046274,10,572.34,0,2,51.06
META,2026-09-01,2026-09-11,425.0,C,144.5,151.45,147.975,85.9865,0.984983,0.000465,-0.196882,0.035912,10,572.34,1,11,51.06
META,2026-09-01,2026-09-11,430.0,C,139.8,146.65,143.225,87.7443,0.979745,0.000589,-0.246076,0.046363,10,572.34,0,8,51.06
META,2026-09-01,2026-09-11,435.0,C,135.45,141.65,138.55,89.5997,0.97327,0.000728,-0.305106,0.058556,10,572.34,1,9,51.06
META,2026-09-01,2026-09-11,450.0,C,119.6,126.5,123.05,72.9007,0.980386,0.00069,-0.209211,0.045116,10,572.34,2,4,51.06
META,2026-09-01,2026-09-11,455.0,C,115.45,121.7,118.575,77.466,0.968659,0.000961,-0.303421,0.066836,10,572.34,8,3,51.06
META,2026-09-01,2026-09-11,460.0,C,110.6,116.6,113.6,74.6829,0.966947,0.001042,-0.305729,0.069836,10,572.34,12,11,51.06
META,2026-09-01,2026-09-11,465.0,C,105.6,111.55,108.575,71.3382,0.966123,0.001113,-0.299614,0.071265,10,572.34,8,10,51.06
META,2026-09-01,2026-09-11,470.0,C,100.35,106.75,103.55,68.0179,0.965252,0.001192,-0.293356,0.072768,10,572.34,5,8,51.06
META,2026-09-01,2026-09-11,475.0,C,95.4,101.65,98.525,64.7464,0.964275,0.001281,-0.28733,0.074443,10,572.34,0,4,51.06
META,2026-09-01,2026-09-11,480.0,C,90.55,96.8,93.675,63.306,0.959183,0.001461,-0.309217,0.082988,10,572.34,4,9,51.06
META,2026-09-01,2026-09-11,485.0,C,85.55,91.65,88.6,59.5463,0.959041,0.001557,-0.294821,0.083222,10,572.34,16,8,51.06
META,2026-09-01,2026-09-11,490.0,C,80.65,86.7,83.675,57.2514,0.955179,0.001742,-0.303545,0.089508,10,572.34,10,8,51.06
META,2026-09-01,2026-09-11,495.0,C,76.25,81.75,79.0,56.9829,0.94489,0.002064,-0.347932,0.105551,10,572.34,14,14,51.06
META,2026-09-01,2026-09-11,500.0,C,69.8,76.8,73.3,70.5386,0.889611,0.002821,-0.674089,0.178586,10,572.34,20,42,51.06
META,2026-09-01,2026-09-11,505.0,C,66.0,71.9,68.95,50.3911,0.939993,0.002496,-0.332298,0.11286,10,572.34,28,27,51.06
META,2026-09-01,2026-09-11,510.0,C,61.0,66.65,63.825,62.4393,0.880484,0.003372,-0.634678,0.188968,10,572.34,54,11,51.06
META,2026-09-01,2026-09-11,512.5,C,58.4,64.6,61.5,62.6408,0.870085,0.003563,-0.671726,0.200315,10,572.34,0,2,51.06
META,2026-09-01,2026-09-11,515.0,C,56.0,61.85,58.925,59.644,0.870558,0.003733,-0.64051,0.19981,10,572.34,42,16,51.06
META,2026-09-01,2026-09-11,517.5,C,53.6,59.75,56.675,59.5158,0.860395,0.00394,-0.670523,0.210452,10,572.34,0,2,51.06
META,2026-09-01,2026-09-11,520.0,C,50.4,57.35,53.875,58.0326,0.854765,0.00415,-0.671383,0.216156,10,572.34,3,46,51.06
META,2026-09-01,2026-09-11,522.5,C,49.0,54.9,51.95,56.3176,0.849654,0.004377,-0.667059,0.221221,10,572.34,4,12,51.06
META,2026-09-01,2026-09-11,525.0,C,46.85,52.65,49.75,55.3837,0.841048,0.004617,-0.679414,0.229511,10,572.34,71,29,51.06
META,2026-09-01,2026-09-11,527.5,C,44.5,50.35,47.425,54.1997,0.832892,0.004874,-0.686148,0.237099,10,572.34,0,11,51.06
META,2026-09-01,2026-09-11,530.0,C,42.25,48.0,45.125,52.7837,0.825124,0.005153,-0.687604,0.244092,10,572.34,46,94,51.06
META,2026-09-01,2026-09-11,532.5,C,39.45,45.9,42.675,52.2283,0.813174,0.005428,-0.707311,0.254419,10,572.34,4,11,51.06
META,2026-09-01,2026-09-11,535.0,C,37.55,42.55,40.05,47.1319,0.820408,0.005868,-0.62865,0.248229,10,572.34,1,52,51.06
META,2026-09-01,2026-09-11,537.5,C,35.35,40.35,37.85,46.2103,0.808591,0.006227,-0.639887,0.258244,10,572.34,0,5,51.06
META,2026-09-01,2026-09-11,540.0,C,33.3,38.35,35.825,45.8868,0.793103,0.006572,-0.663449,0.270639,10,572.34,8,213,51.06
META,2026-09-01,2026-09-11,542.5,C,31.25,36.1,33.675,44.6295,0.781014,0.006985,-0.66631,0.279759,10,572.34,2,1,51.06
META,2026-09-01,2026-09-11,545.0,C,29.15,34.05,31.6,43.9398,0.765292,0.007377,-0.680475,0.29092,10,572.34,9,134,51.06
META,2026-09-01,2026-09-11,547.5,C,27.95,31.3,29.625,40.9796,0.759015,0.008026,-0.646017,0.295162,10,572.34,4,4,51.06
META,2026-09-01,2026-09-11,550.0,C,26.25,29.2,27.725,40.003,0.742109,0.008523,-0.652497,0.305994,10,572.34,18,372,51.06
META,2026-09-01,2026-09-11,552.5,C,24.25,26.5,25.375,37.1466,0.732754,0.009348,-0.618981,0.311625,10,572.34,3,48,51.06
META,2026-09-01,2026-09-11,555.0,C,23.0,25.4,24.2,38.8922,0.700548,0.009429,-0.678419,0.329112,10,572.34,4,194,51.06
META,2026-09-01,2026-09-11,557.5,C,21.1,23.0,22.05,36.756,0.684043,0.010215,-0.656982,0.336968,10,572.34,18,21,51.06
META,2026-09-01,2026-09-11,560.0,C,19.65,21.5,20.575,36.9879,0.656648,0.010496,-0.680609,0.348412,10,572.34,24,219,51.06
META,2026-09-01,2026-09-11,562.5,C,18.15,20.1,19.125,37.3053,0.628652,0.010696,-0.702734,0.358109,10,572.34,11,47,51.06
META,2026-09-01,2026-09-11,565.0,C,16.45,18.1,17.275,35.8771,0.604213,0.011335,-0.688236,0.364966,10,572.34,80,143,51.06
META,2026-09-01,2026-09-11,567.5,C,15.35,16.5,15.925,35.337,0.576098,0.0117,-0.687628,0.371039,10,572.34,12,103,51.06
META,2026-09-01,2026-09-11,570.0,C,14.0,15.05,14.525,35.0104,0.546695,0.011946,-0.687536,0.375344,10,572.34,259,453,51.06
META,2026-09-01,2026-09-11,572.5,C,12.5,13.8,13.15,35.0165,0.516671,0.012016,-0.689983,0.377606,10,572.34,318,290,51.06
META,2026-09-01,2026-09-11,575.0,C,11.65,12.35,12.0,34.3329,0.485966,0.012258,-0.675593,0.377702,10,572.34,811,539,51.06
META,2026-09-01,2026-09-11,577.5,C,10.55,11.45,11.0,34.8578,0.456606,0.012009,-0.680389,0.375698,10,572.34,74,71,51.06
META,2026-09-01,2026-09-11,580.0,C,9.6,10.25,9.925,34.4428,0.425924,0.012015,-0.663522,0.371402,10,572.34,747,656,51.06
META,2026-09-01,2026-09-11,582.5,C,8.55,9.45,9.0,34.8761,0.398113,0.011679,-0.659807,0.365542,10,572.34,32,109,51.06
META,2026-09-01,2026-09-11,585.0,C,7.85,8.55,8.2,34.8822,0.369811,0.011424,-0.644552,0.357628,10,572.34,737,1048,51.06
META,2026-09-01,2026-09-11,587.5,C,7.0,7.75,7.375,34.9829,0.342784,0.01109,-0.628352,0.348194,10,572.34,31,120,51.06
META,2026-09-01,2026-09-11,590.0,C,6.35,6.95,6.65,34.9128,0.315867,0.010753,-0.605967,0.336927,10,572.34,941,660,51.06
META,2026-09-01,2026-09-11,592.5,C,5.4,6.25,5.825,34.9555,0.290573,0.010346,-0.583697,0.32458,10,572.34,14,24,51.06
META,2026-09-01,2026-09-11,595.0,C,4.25,5.55,4.9,34.8212,0.265292,0.009935,-0.555543,0.31047,10,572.34,265,12467,51.06
META,2026-09-01,2026-09-11,597.5,C,4.3,5.0,4.65,34.9799,0.243081,0.009446,-0.532418,0.296551,10,572.34,47,14,51.06
META,2026-09-01,2026-09-11,600.0,C,4.05,4.45,4.25,34.9738,0.221041,0.008961,-0.504357,0.281262,10,572.34,2168,2020,51.06
META,2026-09-01,2026-09-11,602.5,C,3.4,4.0,3.7,35.1508,0.201581,0.008447,-0.479766,0.266477,10,572.34,87,9,51.06
META,2026-09-01,2026-09-11,605.0,C,3.2,3.6,3.4,35.3583,0.183664,0.007933,-0.455463,0.251736,10,572.34,81,525,51.06
META,2026-09-01,2026-09-11,607.5,C,2.83,3.25,3.04,35.6208,0.167434,0.007426,-0.432311,0.237397,10,572.34,12,7,51.06
META,2026-09-01,2026-09-11,610.0,C,2.41,2.83,2.62,35.4499,0.149338,0.006922,-0.398838,0.22023,10,572.34,139,450,51.06
META,2026-09-01,2026-09-11,612.5,C,2.24,2.54,2.39,35.6696,0.135277,0.006434,-0.375039,0.205975,10,572.34,55,3,51.06
META,2026-09-01,2026-09-11,615.0,C,1.89,2.26,2.075,35.8039,0.121774,0.005959,-0.349698,0.191474,10,572.34,75,888,51.06
META,2026-09-01,2026-09-11,617.5,C,1.77,2.01,1.89,35.9503,0.109471,0.005502,-0.32532,0.177519,10,572.34,17,1,51.06
META,2026-09-01,2026-09-11,620.0,C,1.4,1.77,1.585,36.0114,0.097669,0.005056,-0.299795,0.163413,10,572.34,336,1076,51.06
META,2026-09-01,2026-09-11,622.5,C,1.23,1.6,1.415,36.3288,0.088503,0.00466,-0.281012,0.151931,10,572.34,6,17,51.06
META,2026-09-01,2026-09-11,625.0,C,1.26,1.42,1.34,36.4752,0.079158,0.004268,-0.259316,0.139715,10,572.34,118,400,51.06
META,2026-09-01,2026-09-11,627.5,C,1.11,1.28,1.195,36.7804,0.07158,0.00392,-0.242045,0.129399,10,572.34,4,14,51.06
META,2026-09-01,2026-09-11,630.0,C,0.83,1.16,0.995,37.11,0.064847,0.0036,-0.226167,0.119899,10,572.34,83,763,51.06
META,2026-09-01,2026-09-11,632.5,C,0.87,1.05,0.96,37.4274,0.05869,0.003302,-0.210908,0.110915,10,572.34,6,18,51.06
META,2026-09-01,2026-09-11,635.0,C,0.79,0.92,0.855,37.5006,0.05195,0.002993,-0.191827,0.100726,10,572.34,41,821,51.06
META,2026-09-01,2026-09-11,637.5,C,0.69,0.87,0.78,38.1598,0.048531,0.002786,-0.184799,0.095405,10,572.34,24,9,51.06
META,2026-09-01,2026-09-11,640.0,C,0.56,0.88,0.72,39.3317,0.047654,0.002664,-0.187619,0.094023,10,572.34,143,527,51.06
META,2026-09-01,2026-09-11,642.5,C,0.48,0.87,0.675,40.3082,0.046046,0.002529,-0.186971,0.09147,10,572.34,13,9,51.06
META,2026-09-01,2026-09-11,645.0,C,0.45,0.75,0.6,40.1861,0.040217,0.002274,-0.167047,0.081996,10,572.34,86,258,51.06
META,2026-09-01,2026-09-11,647.5,C,0.43,0.75,0.59,41.2115,0.039229,0.002173,-0.167808,0.080353,10,572.34,100,3,51.06
META,2026-09-01,2026-09-11,650.0,C,0.38,0.62,0.5,40.7721,0.033141,0.001913,-0.144569,0.069989,10,572.34,458,770,51.06
META,2026-09-01,2026-09-11,652.5,C,0.35,0.57,0.46,41.1383,0.030332,0.001762,-0.135532,0.06505,10,572.34,133,1,51.06
META,2026-09-01,2026-09-11,655.0,C,0.3,0.56,0.43,41.9928,0.029287,0.001677,-0.134335,0.063185,10,572.34,71,288,51.06
META,2026-09-01,2026-09-11,657.5,C,0.29,0.52,0.405,42.4078,0.027024,0.001553,-0.12684,0.059093,10,572.34,48,2,51.06
META,2026-09-01,2026-09-11,660.0,C,0.26,0.44,0.35,42.1637,0.023164,0.001372,-0.1108,0.05193,10,572.34,83,228,51.06
META,2026-09-01,2026-09-11,662.5,C,0.2,0.4,0.3,42.4322,0.021018,0.001256,-0.102693,0.047838,10,572.34,18,6,51.06
META,2026-09-01,2026-09-11,665.0,C,0.22,0.38,0.3,42.9937,0.019765,0.001177,-0.098747,0.045411,10,572.34,41,2809,51.06
META,2026-09-01,2026-09-11,670.0,C,0.18,0.31,0.245,43.4088,0.016076,0.000977,-0.083556,0.038075,10,572.34,55,225,51.06
META,2026-09-01,2026-09-11,672.5,C,0.15,0.32,0.235,44.483,0.016194,0.00096,-0.086137,0.038313,10,572.34,0,1,51.06
META,2026-09-01,2026-09-11,675.0,C,0.15,0.28,0.215,44.483,0.014262,0.000861,-0.07722,0.034353,10,572.34,71,230,51.06
META,2026-09-01,2026-09-11,677.5,C,0.09,0.32,0.205,46.1919,0.015599,0.000895,-0.086581,0.037103,10,572.34,0,4,51.06
META,2026-09-01,2026-09-11,680.0,C,0.11,0.26,0.185,45.6548,0.012889,0.000768,-0.072594,0.031479,10,572.34,5,327,51.06
META,2026-09-01,2026-09-11,685.0,C,0.1,0.19,0.145,45.3619,0.009591,0.000598,-0.055762,0.024344,10,572.34,90,234,51.06
META,2026-09-01,2026-09-11,690.0,C,0.08,0.17,0.125,46.2896,0.00846,0.000525,-0.050962,0.02181,10,572.34,2,213,51.06
META,2026-09-01,2026-09-11,695.0,C,0.01,0.23,0.12,49.7075,0.010541,0.000593,-0.066304,0.026436,10,572.34,44,28,51.06
META,2026-09-01,2026-09-11,700.0,C,0.01,0.1,0.055,46.2896,0.004994,0.000329,-0.031956,0.013684,10,572.34,79,530,51.06
META,2026-09-01,2026-09-11,705.0,C,0.01,0.19,0.1,51.5142,0.008419,0.00047,-0.056418,0.021718,10,572.34,8,140,51.06
META,2026-09-01,2026-09-11,710.0,C,0.01,0.17,0.09,52.2954,0.007448,0.000415,-0.051412,0.0195,10,572.34,1,65,51.06
META,2026-09-01,2026-09-11,715.0,C,0.01,0.14,0.075,52.5395,0.006142,0.000349,-0.043553,0.016446,10,572.34,1,75,51.06
META,2026-09-01,2026-09-11,720.0,C,0.01,0.1,0.055,51.9536,0.004473,0.000266,-0.032474,0.012403,10,572.34,26,77,51.06
META,2026-09-01,2026-09-11,725.0,C,0.01,0.14,0.075,51.6606,0.003361,0.000207,-0.024988,0.0096,10,572.34,25,89,51.06
META,2026-09-01,2026-09-11,730.0,C,0.01,0.11,0.06,51.7583,0.002674,0.000168,-0.020372,0.007813,10,572.34,42,156,51.06
META,2026-09-01,2026-09-11,735.0,C,0.01,0.11,0.06,53.1255,0.002643,0.000162,-0.02069,0.007733,10,572.34,5,73,51.06
META,2026-09-01,2026-09-11,740.0,C,0.01,0.1,0.055,53.9067,0.002377,0.000145,-0.019066,0.007023,10,572.34,14,97,51.06
META,2026-09-01,2026-09-11,745.0,C,0.01,0.11,0.06,55.6645,0.002521,0.000148,-0.020761,0.007408,10,572.34,9,65,51.06
META,2026-09-01,2026-09-11,750.0,C,0.0,0.09,0.045,55.2739,0.001878,0.000114,-0.015785,0.005673,10,572.34,31,303,51.06
META,2026-09-01,2026-09-11,755.0,C,0.0,0.13,0.065,58.5942,0.00258,0.000144,-0.022307,0.007564,10,572.34,380,54,51.06
META,2026-09-01,2026-09-11,760.0,C,0.0,0.05,0.025,54.688,0.001048,6.8e-05,-0.009165,0.00333,10,572.34,11,25,51.06
META,2026-09-01,2026-09-11,765.0,C,0.0,0.11,0.055,59.9613,0.002095,0.000116,-0.018903,0.006265,10,572.34,326,16,51.06
META,2026-09-01,2026-09-11,770.0,C,0.0,0.08,0.04,59.3754,0.001543,8.9e-05,-0.014172,0.004744,10,572.34,13,42,51.06
META,2026-09-01,2026-09-11,775.0,C,0.0,0.46,0.23,72.8518,0.007242,0.000291,-0.069696,0.019022,10,572.34,123,57,51.06
META,2026-09-01,2026-09-11,780.0,C,0.0,0.6,0.3,76.6116,0.008901,0.000332,-0.087856,0.022805,10,572.34,91,60,51.06
META,2026-09-01,2026-09-11,785.0,C,0.0,0.01,0.005,53.1255,0.000202,1.5e-05,-0.001936,0.000725,10,572.34,9,40,51.06
META,2026-09-01,2026-09-11,790.0,C,0.0,0.01,0.005,54.688,0.000229,1.7e-05,-0.002242,0.000815,10,572.34,58,166,51.06
META,2026-09-01,2026-09-11,795.0,C,0.0,0.82,0.41,83.9845,0.011097,0.000367,-0.116712,0.027646,10,572.34,1,26,51.06
META,2026-09-01,2026-09-11,800.0,C,0.0,0.1,0.05,67.5784,0.001702,8.6e-05,-0.017619,0.005186,10,572.34,8,176,51.06
META,2026-09-01,2026-09-11,805.0,C,0.0,0.85,0.425,87.0607,0.01107,0.000353,-0.120705,0.027587,10,572.34,1,25,51.06
META,2026-09-01,2026-09-11,810.0,C,0.0,0.1,0.05,69.7269,0.001627,8e-05,-0.017449,0.004979,10,572.34,5,18,51.06
META,2026-09-01,2026-09-11,815.0,C,0.0,0.1,0.05,70.8987,0.001617,7.8e-05,-0.017643,0.004951,10,572.34,198,19,51.06
META,2026-09-01,2026-09-11,820.0,C,0.0,0.01,0.005,59.3754,0.00016,1.1e-05,-0.001735,0.000581,10,572.34,15,19,51.06
META,2026-09-01,2026-09-11,825.0,C,0.0,0.01,0.005,60.9379,0.000182,1.2e-05,-0.002016,0.000658,10,572.34,12,20,51.06
META,2026-09-01,2026-09-11,830.0,C,0.0,0.92,0.46,94.5801,0.011026,0.000324,-0.130623,0.027492,10,572.34,5,13,51.06
META,2026-09-01,2026-09-11,835.0,C,0.0,0.01,0.005,62.5004,0.000166,1.1e-05,-0.001892,0.000602,10,572.34,21,20,51.06
META,2026-09-01,2026-09-11,840.0,C,0.0,0.94,0.47,97.461,0.010972,0.000313,-0.134007,0.027375,10,572.34,8,17,51.06
META,2026-09-01,2026-09-11,845.0,C,0.0,0.95,0.475,98.8281,0.010905,0.000307,-0.135152,0.027229,10,572.34,2,7,51.06
META,2026-09-01,2026-09-11,850.0,C,0.0,0.01,0.005,65.6253,0.000174,1.1e-05,-0.002073,0.000629,10,572.34,53,24,51.06
META,2026-09-01,2026-09-11,855.0,C,0.0,0.96,0.48,101.5142,0.010764,0.000295,-0.137241,0.026922,10,572.34,3,12,51.06
META,2026-09-01,2026-09-11,860.0,C,0.0,1.26,0.63,106.5434,0.013379,0.00034,-0.173919,0.032509,10,572.34,2,13,51.06
META,2026-09-01,2026-09-11,865.0,C,0.0,1.17,0.585,106.7387,0.012433,0.000319,-0.163528,0.030512,10,572.34,109,125,51.06
META,2026-09-01,2026-09-11,870.0,C,0.0,0.78,0.39,102.4419,0.008684,0.000243,-0.114786,0.022316,10,572.34,188,191,51.06
META,2026-09-01,2026-09-11,875.0,C,0.0,0.97,0.485,106.5434,0.010359,0.000272,-0.139277,0.026037,10,572.34,7,52,51.06
META,2026-09-01,2026-09-11,880.0,C,0.0,0.78,0.39,104.8345,0.008505,0.000233,-0.11533,0.021913,10,572.34,16,200,51.06
META,2026-09-01,2026-09-11,885.0,C,0.0,0.78,0.39,106.0063,0.008413,0.000228,-0.11551,0.021705,10,572.34,149,777,51.06
META,2026-09-01,2026-09-11,890.0,C,0.0,0.78,0.39,107.1294,0.008303,0.000223,-0.115378,0.021454,10,572.34,17,104,51.06
META,2026-09-01,2026-09-11,895.0,C,0.0,0.78,0.39,108.3012,0.008226,0.000219,-0.115686,0.02128,10,572.34,92,121,51.06
META,2026-09-01,2026-09-11,900.0,C,0.0,0.53,0.265,104.5903,0.00583,0.000167,-0.082437,0.015702,10,572.34,283,244,51.06
META,2026-09-01,2026-09-11,905.0,C,0.0,0.79,0.395,110.7426,0.008142,0.000212,-0.117226,0.02109,10,572.34,7,555,51.06
META,2026-09-01,2026-09-11,910.0,C,0.0,0.99,0.495,115.0883,0.009808,0.00024,-0.143389,0.024824,10,572.34,58,79,51.06
META,2026-09-01,2026-09-11,915.0,C,0.0,0.79,0.395,113.0375,0.008005,0.000205,-0.117874,0.020778,10,572.34,25,144,51.06
META,2026-09-01,2026-09-11,920.0,C,0.0,0.02,0.01,81.2502,0.000276,1.3e-05,-0.003951,0.000969,10,572.34,5,117,51.06
META,2026-09-01,2026-09-11,925.0,C,0.0,1.0,0.5,118.6528,0.009617,0.000229,-0.1453,0.024403,10,572.34,4,635,51.06
META,2026-09-01,2026-09-11,930.0,C,0.0,0.8,0.4,116.5043,0.007853,0.000195,-0.119441,0.02043,10,572.34,13,329,51.06
META,2026-09-01,2026-09-11,935.0,C,0.0,0.81,0.405,117.7738,0.007867,0.000194,-0.12092,0.020461,10,572.34,2,249,51.06
META,2026-09-01,2026-09-11,940.0,C,0.0,1.01,0.505,122.1684,0.009452,0.000219,-0.147343,0.024037,10,572.34,16,149,51.06
META,2026-09-01,2026-09-11,945.0,C,0.0,0.81,0.405,119.9711,0.007744,0.000187,-0.121469,0.020179,10,572.34,23,201,51.06
META,2026-09-01,2026-09-11,950.0,C,0.0,1.42,0.71,129.9808,0.01245,0.000262,-0.19921,0.030548,10,572.34,1,126,51.06
META,2026-09-01,2026-09-11,955.0,C,0.0,0.82,0.41,122.266,0.007684,0.000183,-0.122943,0.020042,10,572.34,6,674,51.06
META,2026-09-01,2026-09-11,960.0,C,0.0,0.82,0.41,123.3402,0.007627,0.00018,-0.123209,0.019911,10,572.34,26,156,51.06
META,2026-09-01,2026-09-11,965.0,C,0.0,0.82,0.41,124.4144,0.007574,0.000177,-0.123524,0.01979,10,572.34,11,159,51.06
META,2026-09-01,2026-09-11,970.0,C,0.0,1.12,0.56,130.3714,0.009847,0.000213,-0.162918,0.024911,10,572.34,11,1080,51.06
META,2026-09-01,2026-09-11,975.0,C,0.0,1.02,0.51,129.8832,0.009,0.000198,-0.150026,0.023026,10,572.34,20,418,51.06
META,2026-09-01,2026-09-11,980.0,C,0.0,1.12,0.56,132.471,0.009681,0.000206,-0.163089,0.024543,10,572.34,19,192,51.06
META,2026-09-01,2026-09-11,985.0,C,0.0,1.12,0.56,133.5453,0.009618,0.000204,-0.163471,0.024403,10,572.34,21,568,51.06
META,2026-09-01,2026-09-11,990.0,C,0.0,1.17,0.585,135.3519,0.009921,0.000206,-0.170232,0.025074,10,572.34,20,332,51.06
META,2026-09-01,2026-09-11,995.0,C,0.0,1.02,0.51,134.0335,0.008724,0.000186,-0.150633,0.022406,10,572.34,3,895,51.06
META,2026-09-01,2026-09-11,1000.0,C,0.0,1.17,0.585,137.4027,0.009762,0.0002,-0.170378,0.024723,10,572.34,26,245,51.06
META,2026-09-01,2026-09-11,1010.0,C,0.0,1.12,0.56,138.6722,0.009255,0.00019,-0.164111,0.023596,10,572.34,27,173,51.06
META,2026-09-01,2026-09-11,1020.0,C,0.0,1.22,0.61,142.2366,0.009843,0.000195,-0.177642,0.024903,10,572.34,13,13,51.06
META,2026-09-01,2026-09-11,1030.0,C,0.0,1.32,0.66,145.7034,0.010401,0.0002,-0.190925,0.02613,10,572.34,22,22,51.06
META,2026-09-01,2026-09-11,1040.0,C,0.0,1.32,0.66,147.7053,0.010267,0.000195,-0.191357,0.025836,10,572.34,0,17,51.06
META,2026-09-01,2026-09-11,1050.0,C,0.0,1.02,0.51,144.971,0.008095,0.000161,-0.152533,0.020983,10,572.34,0,7,51.06
META,2026-09-01,2026-09-11,1060.0,C,0.0,1.32,0.66,151.6116,0.010002,0.000186,-0.191965,0.025252,10,572.34,0,14,51.06
META,2026-09-01,2026-09-11,1070.0,C,0.0,1.02,0.51,148.7796,0.007902,0.000154,-0.153227,0.02054,10,572.34,1,8,51.06
META,2026-09-01,2026-09-11,100.0,P,0.0,0.01,0.005,281.2503,-3.4e-05,1e-06,-0.00191,0.000136,10,572.34,1,53,51.06
META,2026-09-01,2026-09-11,110.0,P,0.0,1.32,0.66,416.0161,-0.003064,2.4e-05,-0.18351,0.008833,10,572.34,10,118,51.06
META,2026-09-01,2026-09-11,120.0,P,0.0,1.02,0.51,381.4454,-0.002622,2.2e-05,-0.146201,0.007676,10,572.34,10,34,51.06
META,2026-09-01,2026-09-11,190.0,P,0.0,1.02,0.51,272.5589,-0.003769,4.4e-05,-0.144754,0.010641,10,572.34,0,8,51.06
META,2026-09-01,2026-09-11,230.0,P,0.0,1.22,0.61,233.3012,-0.005286,6.9e-05,-0.167553,0.014394,10,572.34,0,11,51.06
META,2026-09-01,2026-09-11,240.0,P,0.0,1.32,0.66,225.5375,-0.00591,7.9e-05,-0.17884,0.015894,10,572.34,0,13,51.06
META,2026-09-01,2026-09-11,250.0,P,0.0,0.07,0.035,157.0315,-0.000449,1.1e-05,-0.011943,0.001525,10,572.34,4,183,51.06
META,2026-09-01,2026-09-11,260.0,P,0.0,1.32,0.66,206.2505,-0.006478,9.3e-05,-0.177344,0.017238,10,572.34,4,13,51.06
META,2026-09-01,2026-09-11,270.0,P,0.0,0.05,0.025,139.0628,-0.000358,1e-05,-0.00856,0.001234,10,572.34,0,26,51.06
META,2026-09-01,2026-09-11,280.0,P,0.0,0.05,0.025,132.8128,-0.00038,1.1e-05,-0.008651,0.001306,10,572.34,16,41,51.06
META,2026-09-01,2026-09-11,290.0,P,0.0,0.82,0.41,168.8478,-0.004998,9e-05,-0.115285,0.013693,10,572.34,139,242,51.06
META,2026-09-01,2026-09-11,300.0,P,0.0,0.05,0.025,121.0941,-0.000437,1.4e-05,-0.008977,0.001487,10,572.34,6,797,51.06
META,2026-09-01,2026-09-11,310.0,P,0.0,0.05,0.025,114.8442,-0.00044,1.5e-05,-0.008569,0.001497,10,572.34,4,14,51.06
META,2026-09-01,2026-09-11,320.0,P,0.0,0.05,0.025,109.3755,-0.00047,1.6e-05,-0.008672,0.001591,10,572.34,5,10,51.06
META,2026-09-01,2026-09-11,330.0,P,0.0,0.1,0.05,110.5473,-0.000947,3.1e-05,-0.016712,0.003034,10,572.34,1,12,51.06
META,2026-09-01,2026-09-11,340.0,P,0.0,0.1,0.05,105.0786,-0.001011,3.4e-05,-0.016858,0.003221,10,572.34,4,24,51.06
META,2026-09-01,2026-09-11,350.0,P,0.0,0.1,0.05,99.6094,-0.001065,3.8e-05,-0.016765,0.003379,10,572.34,4,25,51.06
META,2026-09-01,2026-09-11,360.0,P,0.0,0.28,0.14,104.688,-0.002819,8.7e-05,-0.042718,0.008194,10,572.34,60,27,51.06
META,2026-09-01,2026-09-11,370.0,P,0.0,0.76,0.38,111.8168,-0.007043,0.000185,-0.103338,0.018562,10,572.34,8,44,51.06
META,2026-09-01,2026-09-11,380.0,P,0.0,0.1,0.05,83.9845,-0.001251,5.2e-05,-0.01637,0.003916,10,572.34,6,27,51.06
META,2026-09-01,2026-09-11,390.0,P,0.0,0.14,0.07,81.6408,-0.001786,7.4e-05,-0.02201,0.005419,10,572.34,3,60,51.06
META,2026-09-01,2026-09-11,400.0,P,0.01,0.39,0.2,86.3283,-0.004857,0.000172,-0.057316,0.013348,10,572.34,54,95,51.06
META,2026-09-01,2026-09-11,405.0,P,0.0,0.65,0.325,89.0138,-0.007593,0.000248,-0.0878,0.019832,10,572.34,6,17,51.06
META,2026-09-01,2026-09-11,410.0,P,0.0,0.16,0.08,72.8518,-0.002291,0.000104,-0.024605,0.006793,10,572.34,3,61,51.06
META,2026-09-01,2026-09-11,415.0,P,0.0,0.75,0.375,85.0587,-0.009116,0.000305,-0.098475,0.023286,10,572.34,6,18,51.06
META,2026-09-01,2026-09-11,420.0,P,0.0,0.11,0.055,65.43,-0.001744,9e-05,-0.01724,0.005302,10,572.34,13,42,51.06
META,2026-09-01,2026-09-11,425.0,P,0.0,0.12,0.06,63.6722,-0.001947,0.000103,-0.018546,0.005862,10,572.34,209,23,51.06
META,2026-09-01,2026-09-11,430.0,P,0.0,0.63,0.315,74.9026,-0.008735,0.000334,-0.083478,0.022432,10,572.34,3,73,51.06
META,2026-09-01,2026-09-11,435.0,P,0.0,0.31,0.155,65.8207,-0.004906,0.000228,-0.044028,0.013468,10,572.34,67,102,51.06
META,2026-09-01,2026-09-11,440.0,P,0.0,0.1,0.05,55.8598,-0.001858,0.000112,-0.015578,0.005618,10,572.34,4,17,51.06
META,2026-09-01,2026-09-11,445.0,P,0.01,0.14,0.075,56.0551,-0.002805,0.000162,-0.022695,0.008158,10,572.34,8,18,51.06
META,2026-09-01,2026-09-11,450.0,P,0.01,0.1,0.055,51.9536,-0.002176,0.000139,-0.016714,0.006485,10,572.34,21,325,51.06
META,2026-09-01,2026-09-11,455.0,P,0.01,0.17,0.09,52.6372,-0.003587,0.000215,-0.026571,0.010178,10,572.34,1,79,51.06
META,2026-09-01,2026-09-11,460.0,P,0.01,0.14,0.075,53.0766,-0.005499,0.000313,-0.039234,0.014909,10,572.34,5,165,51.06
META,2026-09-01,2026-09-11,465.0,P,0.02,0.15,0.085,51.1724,-0.006096,0.000356,-0.041432,0.016336,10,572.34,3,267,51.06
META,2026-09-01,2026-09-11,470.0,P,0.04,0.18,0.11,50.0005,-0.007465,0.000435,-0.048396,0.019538,10,572.34,33,3800,51.06
META,2026-09-01,2026-09-11,475.0,P,0.02,0.2,0.11,48.3404,-0.008595,0.00051,-0.052937,0.022116,10,572.34,6,80,51.06
META,2026-09-01,2026-09-11,480.0,P,0.12,0.17,0.145,44.9224,-0.00782,0.000505,-0.045249,0.020354,10,572.34,15,236,51.06
META,2026-09-01,2026-09-11,485.0,P,0.04,0.2,0.12,43.5553,-0.009462,0.000615,-0.051823,0.024057,10,572.34,6,119,51.06
META,2026-09-01,2026-09-11,490.0,P,0.15,0.41,0.28,45.899,-0.018042,0.00102,-0.095351,0.042021,10,572.34,21,442,51.06
META,2026-09-01,2026-09-11,495.0,P,0.15,0.26,0.205,40.3326,-0.013097,0.000882,-0.063581,0.031918,10,572.34,21,704,51.06
META,2026-09-01,2026-09-11,500.0,P,0.22,0.3,0.26,38.7701,-0.015633,0.001068,-0.071124,0.037173,10,572.34,46,598,51.06
META,2026-09-01,2026-09-11,505.0,P,0.23,0.45,0.34,38.8678,-0.02309,0.001485,-0.099265,0.05179,10,572.34,130,620,51.06
META,2026-09-01,2026-09-11,510.0,P,0.32,0.55,0.435,37.6471,-0.028833,0.001846,-0.115673,0.062369,10,572.34,170,643,51.06
META,2026-09-01,2026-09-11,512.5,P,0.37,0.53,0.45,36.0602,-0.028903,0.001931,-0.110951,0.062497,10,572.34,18,10,51.06
META,2026-09-01,2026-09-11,515.0,P,0.48,0.63,0.555,35.9137,-0.034167,0.002227,-0.126825,0.071768,10,572.34,54,382,51.06
META,2026-09-01,2026-09-11,517.5,P,0.48,0.75,0.615,35.8161,-0.040413,0.002561,-0.144996,0.08232,10,572.34,4,12,51.06
META,2026-09-01,2026-09-11,520.0,P,0.67,0.81,0.74,34.9982,-0.044363,0.002826,-0.152682,0.088771,10,572.34,153,652,51.06
META,2026-09-01,2026-09-11,522.5,P,0.79,0.96,0.875,34.8883,-0.052158,0.003227,-0.17314,0.101047,10,572.34,92,4,51.06
META,2026-09-01,2026-09-11,525.0,P,0.93,1.09,1.01,34.4489,-0.059315,0.003617,-0.189078,0.111839,10,572.34,208,421,51.06
META,2026-09-01,2026-09-11,527.5,P,1.08,1.5,1.29,35.7184,-0.076819,0.00426,-0.239288,0.136571,10,572.34,30,96,51.06
META,2026-09-01,2026-09-11,530.0,P,1.26,1.48,1.37,34.0461,-0.079248,0.004577,-0.233284,0.139836,10,572.34,155,546,51.06
META,2026-09-01,2026-09-11,532.5,P,1.49,1.68,1.585,33.6432,-0.089822,0.005088,-0.253008,0.153613,10,572.34,49,24,51.06
META,2026-09-01,2026-09-11,535.0,P,1.74,2.08,1.91,34.1193,-0.107307,0.005715,-0.292068,0.174987,10,572.34,172,869,51.06
META,2026-09-01,2026-09-11,537.5,P,1.98,2.38,2.18,33.863,-0.121652,0.006296,-0.316645,0.19134,10,572.34,50,33,51.06
META,2026-09-01,2026-09-11,540.0,P,2.4,2.76,2.58,33.7897,-0.138694,0.006909,-0.345622,0.209516,10,572.34,234,1580,51.06
META,2026-09-01,2026-09-11,542.5,P,2.67,3.15,2.91,33.57,-0.156289,0.007534,-0.371563,0.226977,10,572.34,22,19,51.06
META,2026-09-01,2026-09-11,545.0,P,3.15,3.55,3.35,33.2282,-0.174624,0.008178,-0.394637,0.243869,10,572.34,110,847,51.06
META,2026-09-01,2026-09-11,547.5,P,3.6,4.15,3.875,33.4174,-0.19813,0.008793,-0.428686,0.263723,10,572.34,66,26,51.06
META,2026-09-01,2026-09-11,550.0,P,4.2,4.65,4.425,33.0634,-0.219593,0.009443,-0.449962,0.280205,10,572.34,171,652,51.06
META,2026-09-01,2026-09-11,552.5,P,4.75,5.45,5.1,33.4846,-0.247397,0.009962,-0.486246,0.29937,10,572.34,54,67,51.06
META,2026-09-01,2026-09-11,555.0,P,5.45,5.95,5.7,32.7827,-0.269956,0.010646,-0.497055,0.31321,10,572.34,64,304,51.06
META,2026-09-01,2026-09-11,557.5,P,6.15,6.8,6.475,32.9352,-0.298779,0.011123,-0.52331,0.328776,10,572.34,18,505,51.06
META,2026-09-01,2026-09-11,560.0,P,7.0,7.9,7.45,33.57,-0.33053,0.011395,-0.556157,0.3433,10,572.34,116,456,51.06
META,2026-09-01,2026-09-11,562.5,P,7.9,8.6,8.25,32.9047,-0.357773,0.011976,-0.560112,0.353656,10,572.34,19,118,51.06
META,2026-09-01,2026-09-11,565.0,P,8.9,9.8,9.35,33.3838,-0.389845,0.01213,-0.582913,0.363435,10,572.34,83,245,51.06
META,2026-09-01,2026-09-11,567.5,P,9.95,10.7,10.325,32.8834,-0.419947,0.012548,-0.583255,0.370301,10,572.34,38,184,51.06
META,2026-09-01,2026-09-11,570.0,P,11.1,12.05,11.575,33.3442,-0.452102,0.012538,-0.597952,0.375208,10,572.34,135,348,51.06
META,2026-09-01,2026-09-11,572.5,P,12.35,13.4,12.875,33.6066,-0.48358,0.01252,-0.604943,0.377615,10,572.34,149,131,51.06
META,2026-09-01,2026-09-11,575.0,P,13.7,14.55,14.125,33.1733,-0.515303,0.012685,-0.594859,0.377657,10,572.34,83,240,51.06
META,2026-09-01,2026-09-11,577.5,P,14.85,16.2,15.525,33.8202,-0.545411,0.012371,-0.601473,0.375485,10,572.34,2,22,51.06
META,2026-09-01,2026-09-11,580.0,P,16.2,17.75,16.975,34.0339,-0.575223,0.012153,-0.596286,0.371197,10,572.34,56,397,51.06
META,2026-09-01,2026-09-11,582.5,P,17.35,19.15,18.25,33.6799,-0.606198,0.012058,-0.576423,0.364465,10,572.34,7,107,51.06
META,2026-09-01,2026-09-11,585.0,P,18.95,21.0,19.975,34.3268,-0.632567,0.011584,-0.573451,0.356873,10,572.34,41,156,51.06
META,2026-09-01,2026-09-11,587.5,P,20.7,22.6,21.65,34.1376,-0.661412,0.011312,-0.550625,0.346562,10,572.34,1,35,51.06
META,2026-09-01,2026-09-11,590.0,P,22.2,24.55,23.375,34.748,-0.685038,0.010791,-0.542163,0.336515,10,572.34,3,186,51.06
META,2026-09-01,2026-09-11,592.5,P,23.5,27.0,25.25,36.6675,-0.699577,0.010016,-0.560675,0.329594,10,572.34,1,23,51.06
META,2026-09-01,2026-09-11,595.0,P,25.2,28.5,26.85,35.7062,-0.72911,0.009791,-0.514663,0.31375,10,572.34,6,93,51.06
META,2026-09-01,2026-09-11,600.0,P,29.1,33.0,31.05,37.879,-0.759627,0.008671,-0.510526,0.294753,10,572.34,12,146,51.06
META,2026-09-01,2026-09-11,605.0,P,32.7,38.0,35.35,41.419,-0.776456,0.007615,-0.53702,0.283075,10,572.34,7,49,51.06
META,2026-09-01,2026-09-11,610.0,P,37.15,42.05,39.6,41.4862,-0.810244,0.006899,-0.481226,0.256873,10,572.34,2,38,51.06
META,2026-09-01,2026-09-11,615.0,P,41.65,46.65,44.15,43.1402,-0.830651,0.006177,-0.462554,0.23914,10,572.34,1,32,51.06
META,2026-09-01,2026-09-11,620.0,P,45.25,51.15,48.2,44.129,-0.851882,0.00553,-0.428294,0.219026,10,572.34,1,54,51.06
META,2026-09-01,2026-09-11,625.0,P,49.95,56.05,53.0,46.5704,-0.862154,0.004992,-0.429751,0.208643,10,572.34,7,13,51.06
META,2026-09-01,2026-09-11,630.0,P,54.9,61.05,57.975,49.3657,-0.868929,0.004549,-0.440491,0.201546,10,572.34,1,48,51.06
META,2026-09-01,2026-09-11,635.0,P,59.55,66.05,62.8,52.094,-0.874907,0.004173,-0.450375,0.195115,10,572.34,20,21,51.06
META,2026-09-01,2026-09-11,640.0,P,64.9,70.55,67.725,52.2954,-0.891724,0.003753,-0.401235,0.176124,10,572.34,4,16,51.06
META,2026-09-01,2026-09-11,645.0,P,69.45,75.25,72.35,53.2353,-0.90332,0.003395,-0.37128,0.162197,10,572.34,15,17,51.06
META,2026-09-01,2026-09-11,650.0,P,74.15,80.3,77.225,55.9697,-0.905929,0.003165,-0.383737,0.158963,10,572.34,5,20,51.06
META,2026-09-01,2026-09-11,652.5,P,76.75,83.0,79.875,58.2951,-0.903132,0.003105,-0.41221,0.162428,10,572.34,0,2,51.06
META,2026-09-01,2026-09-11,655.0,P,79.2,85.3,82.25,58.3866,-0.909387,0.002951,-0.38955,0.154617,10,572.34,14,14,51.06
META,2026-09-01,2026-09-11,657.5,P,81.75,87.65,84.7,58.6918,-0.914461,0.002812,-0.37229,0.148115,10,572.34,0,4,51.06
META,2026-09-01,2026-09-11,660.0,P,84.2,90.15,87.175,59.8637,-0.91595,0.002721,-0.374827,0.146178,10,572.34,24,7,51.06
META,2026-09-01,2026-09-11,662.5,P,86.6,92.55,89.575,60.413,-0.919647,0.002606,-0.363667,0.141307,10,572.34,0,3,51.06
META,2026-09-01,2026-09-11,665.0,P,89.15,95.4,92.275,63.6722,-0.913304,0.002618,-0.413217,0.149611,10,572.34,10,2,51.06
META,2026-09-01,2026-09-11,667.5,P,91.7,98.15,94.925,66.2967,-0.909458,0.002597,-0.449091,0.154527,10,572.34,0,2,51.06
META,2026-09-01,2026-09-11,670.0,P,94.1,101.55,97.825,72.3391,-0.893866,0.002674,-0.565358,0.173605,10,572.34,1,0,51.06
META,2026-09-01,2026-09-11,680.0,P,104.2,110.05,107.125,68.2132,-0.927999,0.002123,-0.377877,0.129982,10,572.34,1,0,51.06
META,2026-09-01,2026-09-11,685.0,P,109.2,115.15,112.175,71.0452,-0.927925,0.00204,-0.396129,0.130083,10,572.34,1,0,51.06
META,2026-09-01,2026-09-11,690.0,P,114.1,121.2,117.65,79.7121,-0.910408,0.002143,-0.545539,0.153321,10,572.34,0,0,51.06
META,2026-09-01,2026-09-11,700.0,P,124.15,130.55,127.35,80.0783,-0.925782,0.001851,-0.465252,0.133033,10,572.34,2,0,51.06
META,2026-09-01,2026-09-11,710.0,P,134.1,140.85,137.475,86.194,-0.923958,0.001752,-0.515708,0.135519,10,572.34,1,0,51.06
META,2026-09-01,2026-09-11,790.0,P,214.1,220.3,217.2,112.0244,-0.949492,0.00098,-0.473741,0.098495,10,572.34,0,0,51.06
META,2026-09-01,2026-09-18,40.0,C,516.45,523.3,519.875,0.001,1.0,0.0,-0.004083,0.0,17,572.34,5,70,51.06
META,2026-09-01,2026-09-18,45.0,C,511.85,518.3,515.075,0.001,1.0,0.0,-0.004593,0.0,17,572.34,5,10,51.06
META,2026-09-01,2026-09-18,100.0,C,468.45,476.55,472.5,291.4065,0.999003,9e-06,-0.045672,0.004146,17,572.34,14,124,51.06
META,2026-09-01,2026-09-18,120.0,C,437.0,443.5,440.25,0.001,1.0,0.0,-0.012248,0.0,17,572.34,10,6,51.06
META,2026-09-01,2026-09-18,130.0,C,438.4,446.15,442.275,387.8907,0.985782,7.5e-05,-0.521718,0.04467,17,572.34,4,2,51.06
META,2026-09-01,2026-09-18,140.0,C,429.05,436.15,432.6,248.6332,0.998108,2e-05,-0.068598,0.007444,17,572.34,1,28,51.06
META,2026-09-01,2026-09-18,280.0,C,288.8,296.45,292.625,132.1292,0.996045,7.2e-05,-0.084617,0.014485,17,572.34,1,1,51.06
META,2026-09-01,2026-09-18,290.0,C,278.75,286.45,282.6,124.8051,0.996153,7.4e-05,-0.081225,0.014131,17,572.34,1,8,51.06
META,2026-09-01,2026-09-18,300.0,C,269.1,277.05,273.075,136.3773,0.990557,0.00015,-0.155601,0.031311,17,572.34,1,17,51.06
META,2026-09-01,2026-09-18,310.0,C,260.6,266.35,263.475,138.9896,0.986094,0.000207,-0.209884,0.043824,17,572.34,4,15,51.06
META,2026-09-01,2026-09-18,320.0,C,249.65,256.5,253.075,124.0238,0.989626,0.00018,-0.155991,0.033992,17,572.34,1,104,51.06
META,2026-09-01,2026-09-18,340.0,C,229.3,236.65,232.975,109.9614,0.989843,0.000199,-0.14198,0.03337,17,572.34,6,42,51.06
META,2026-09-01,2026-09-18,350.0,C,219.2,226.6,222.9,102.6372,0.990329,0.000204,-0.13163,0.031973,17,572.34,3,140,51.06
META,2026-09-01,2026-09-18,360.0,C,197.55,204.25,200.9,0.001,1.0,0.0,-0.036745,0.0,17,572.34,2,41,51.06
META,2026-09-01,2026-09-18,370.0,C,187.4,194.3,190.85,0.001,1.0,0.0,-0.037766,0.0,17,572.34,1,30,51.06
META,2026-09-01,2026-09-18,380.0,C,190.0,196.6,193.3,94.7754,0.982706,0.000365,-0.184998,0.052844,17,572.34,16,30,51.06
META,2026-09-01,2026-09-18,385.0,C,183.95,191.7,187.825,82.9592,0.989661,0.000268,-0.12135,0.033893,17,572.34,2,2,51.06
META,2026-09-01,2026-09-18,390.0,C,180.0,186.7,183.35,90.2833,0.981008,0.000416,-0.19059,0.057234,17,572.34,1,39,51.06
META,2026-09-01,2026-09-18,395.0,C,175.7,181.6,178.65,91.7237,0.976214,0.000495,-0.225593,0.069235,17,572.34,4,4,51.06
META,2026-09-01,2026-09-18,400.0,C,169.2,175.8,172.5,65.6253,0.995509,0.000162,-0.071879,0.01623,17,572.34,1,237,51.06
META,2026-09-01,2026-09-18,405.0,C,165.5,171.6,168.55,85.2052,0.97627,0.000532,-0.213009,0.069098,17,572.34,2,2,51.06
META,2026-09-01,2026-09-18,410.0,C,160.05,166.75,163.4,80.7131,0.977895,0.000529,-0.194985,0.065091,17,572.34,1,31,51.06
META,2026-09-01,2026-09-18,420.0,C,150.1,156.8,153.45,76.3186,0.975689,0.000606,-0.199642,0.070518,17,572.34,1,28,51.06
META,2026-09-01,2026-09-18,430.0,C,139.5,146.85,143.175,67.8958,0.979156,0.000598,-0.166287,0.061938,17,572.34,1,88,51.06
META,2026-09-01,2026-09-18,435.0,C,134.35,141.8,138.075,64.1605,0.980462,0.000599,-0.153834,0.058629,17,572.34,1,5,51.06
META,2026-09-01,2026-09-18,440.0,C,130.95,136.9,133.925,71.1917,0.964042,0.000898,-0.246991,0.09758,17,572.34,1,84,51.06
META,2026-09-01,2026-09-18,450.0,C,120.9,125.85,123.375,60.8891,0.97187,0.000858,-0.186871,0.079668,17,572.34,30,646,51.06
META,2026-09-01,2026-09-18,455.0,C,114.6,121.95,118.275,57.4711,0.972939,0.00088,-0.175163,0.077135,17,572.34,100,38,51.06
META,2026-09-01,2026-09-18,460.0,C,109.65,117.0,113.325,55.6889,0.970798,0.000967,-0.179771,0.082184,17,572.34,10,66,51.06
META,2026-09-01,2026-09-18,465.0,C,106.3,111.9,109.1,60.0102,0.953704,0.001308,-0.256016,0.119782,17,572.34,5,17,51.06
META,2026-09-01,2026-09-18,470.0,C,100.7,107.1,103.9,56.0307,0.955809,0.00135,-0.235396,0.115381,17,572.34,12,126,51.06
META,2026-09-01,2026-09-18,475.0,C,96.2,102.05,99.125,55.1884,0.949427,0.001527,-0.254037,0.128554,17,572.34,1,26,51.06
META,2026-09-01,2026-09-18,480.0,C,91.1,97.1,94.1,52.5395,0.947786,0.001645,-0.249546,0.13186,17,572.34,1,125,51.06
META,2026-09-01,2026-09-18,485.0,C,86.05,92.3,89.175,50.5498,0.943891,0.00181,-0.253592,0.139586,17,572.34,1,22,51.06
META,2026-09-01,2026-09-18,490.0,C,80.0,87.4,83.7,63.3304,0.888298,0.00243,-0.480422,0.234827,17,572.34,1,139,51.06
META,2026-09-01,2026-09-18,495.0,C,75.95,82.55,79.25,60.944,0.881548,0.002633,-0.481973,0.244832,17,572.34,1,44,51.06
META,2026-09-01,2026-09-18,500.0,C,71.75,76.65,74.2,54.5537,0.889022,0.002808,-0.419186,0.233737,17,572.34,7,606,51.06
META,2026-09-01,2026-09-18,505.0,C,66.95,71.85,69.4,52.4358,0.880619,0.003077,-0.423829,0.246188,17,572.34,2,238,51.06
META,2026-09-01,2026-09-18,510.0,C,62.25,67.1,64.675,50.4338,0.870746,0.003382,-0.430113,0.260258,17,572.34,6,255,51.06
META,2026-09-01,2026-09-18,515.0,C,57.5,62.45,59.975,48.6822,0.85856,0.003727,-0.440209,0.27684,17,572.34,3,278,51.06
META,2026-09-01,2026-09-18,520.0,C,52.9,58.8,55.85,49.8967,0.831622,0.004081,-0.498522,0.31065,17,572.34,17,486,51.06
META,2026-09-01,2026-09-18,525.0,C,48.45,53.55,51.0,46.0027,0.825559,0.004527,-0.472735,0.317754,17,572.34,34,855,51.06
META,2026-09-01,2026-09-18,527.5,C,46.2,52.25,49.225,47.8155,0.804843,0.00467,-0.520899,0.340718,17,572.34,0,5,51.06
META,2026-09-01,2026-09-18,530.0,C,45.2,49.1,47.15,44.3853,0.807409,0.004991,-0.483419,0.337981,17,572.34,3,842,51.06
META,2026-09-01,2026-09-18,532.5,C,41.95,46.95,44.45,43.7139,0.796839,0.005234,-0.490604,0.349069,17,572.34,3,22,51.06
META,2026-09-01,2026-09-18,535.0,C,40.0,44.9,42.45,43.2501,0.784681,0.005474,-0.500798,0.36122,17,572.34,4,726,51.06
META,2026-09-01,2026-09-18,537.5,C,37.95,43.1,40.525,43.3508,0.769334,0.00568,-0.519579,0.375668,17,572.34,5,17,51.06
META,2026-09-01,2026-09-18,540.0,C,37.0,40.25,38.625,40.7538,0.765791,0.006093,-0.4948,0.378867,17,572.34,36,1476,51.06
META,2026-09-01,2026-09-18,542.5,C,34.65,38.2,36.425,40.1251,0.752288,0.00638,-0.501058,0.390596,17,572.34,5,16,51.06
META,2026-09-01,2026-09-18,545.0,C,33.35,35.75,34.55,38.4802,0.742754,0.006787,-0.49074,0.398448,17,572.34,17,1746,51.06
META,2026-09-01,2026-09-18,547.5,C,31.0,34.35,32.675,39.2462,0.72131,0.006928,-0.517537,0.414846,17,572.34,8,18,51.06
META,2026-09-01,2026-09-18,550.0,C,29.9,31.5,30.7,36.5973,0.714168,0.007521,-0.49056,0.419929,17,572.34,133,2879,51.06
META,2026-09-01,2026-09-18,552.5,C,27.5,30.75,29.125,38.5931,0.686551,0.007436,-0.534028,0.437857,17,572.34,8,48,51.06
META,2026-09-01,2026-09-18,555.0,C,26.55,28.6,27.575,37.3816,0.671201,0.007832,-0.527432,0.446666,17,572.34,21,1080,51.06
META,2026-09-01,2026-09-18,557.5,C,24.8,26.7,25.75,36.64,0.653117,0.008157,-0.526899,0.456012,17,572.34,11,160,51.06
META,2026-09-01,2026-09-18,560.0,C,23.5,24.7,24.1,35.6055,0.634839,0.008548,-0.520888,0.464346,17,572.34,144,1604,51.06
META,2026-09-01,2026-09-18,562.5,C,21.8,23.2,22.5,35.517,0.61304,0.008726,-0.527444,0.472851,17,572.34,2,44,51.06
META,2026-09-01,2026-09-18,565.0,C,20.15,21.65,20.9,35.2179,0.591225,0.00893,-0.529395,0.479828,17,572.34,46,1477,51.06
META,2026-09-01,2026-09-18,567.5,C,19.15,20.05,19.6,34.7113,0.569078,0.009165,-0.526766,0.485362,17,572.34,66,299,51.06
META,2026-09-01,2026-09-18,570.0,C,18.0,18.7,18.35,34.6015,0.545967,0.009272,-0.528189,0.489493,17,572.34,1039,2851,51.06
META,2026-09-01,2026-09-18,572.5,C,16.65,17.65,17.15,34.9677,0.522752,0.009222,-0.534756,0.491966,17,572.34,326,233,51.06
META,2026-09-01,2026-09-18,575.0,C,15.65,16.45,16.05,34.928,0.499695,0.009247,-0.533781,0.492768,17,572.34,356,933,51.06
META,2026-09-01,2026-09-18,580.0,C,13.5,14.25,13.875,34.9158,0.453949,0.009189,-0.527781,0.489481,17,572.34,605,2857,51.06
META,2026-09-01,2026-09-18,585.0,C,11.55,12.1,11.825,34.5618,0.407988,0.009095,-0.510176,0.479602,17,572.34,309,2599,51.06
META,2026-09-01,2026-09-18,590.0,C,9.85,10.55,10.2,35.0074,0.36638,0.008704,-0.499011,0.464863,17,572.34,374,3971,51.06
META,2026-09-01,2026-09-18,595.0,C,8.45,9.0,8.725,35.0531,0.325468,0.008318,-0.476742,0.444823,17,572.34,233,2166,51.06
META,2026-09-01,2026-09-18,600.0,C,7.05,7.5,7.275,34.7907,0.285052,0.007901,-0.445066,0.419383,17,572.34,2372,10360,51.06
META,2026-09-01,2026-09-18,605.0,C,5.9,6.5,6.2,35.2973,0.252193,0.007322,-0.423487,0.394331,17,572.34,101,4731,51.06
META,2026-09-01,2026-09-18,610.0,C,4.95,5.5,5.225,35.459,0.220127,0.006763,-0.393888,0.365852,17,572.34,629,5336,51.06
META,2026-09-01,2026-09-18,615.0,C,4.15,4.5,4.325,35.2301,0.188175,0.006199,-0.355824,0.3332,17,572.34,185,2027,51.06
META,2026-09-01,2026-09-18,620.0,C,3.55,3.95,3.75,35.9626,0.166175,0.005614,-0.335142,0.308025,17,572.34,456,3638,51.06
META,2026-09-01,2026-09-18,625.0,C,3.0,3.3,3.15,36.0907,0.142581,0.005055,-0.303488,0.278349,17,572.34,254,6535,51.06
META,2026-09-01,2026-09-18,630.0,C,2.53,2.75,2.64,36.2372,0.121798,0.004516,-0.272977,0.249686,17,572.34,381,4550,51.06
META,2026-09-01,2026-09-18,635.0,C,2.13,2.32,2.225,36.5363,0.104537,0.004016,-0.246479,0.223883,17,572.34,267,1530,51.06
META,2026-09-01,2026-09-18,640.0,C,1.8,1.96,1.88,36.8598,0.089637,0.003556,-0.22186,0.199981,17,572.34,155,3484,51.06
META,2026-09-01,2026-09-18,645.0,C,1.4,1.64,1.52,37.1039,0.076241,0.003128,-0.197517,0.177048,17,572.34,130,1689,51.06
META,2026-09-01,2026-09-18,650.0,C,1.3,1.44,1.37,37.757,0.06688,0.002779,-0.181584,0.160113,17,572.34,6192,17191,51.06
META,2026-09-01,2026-09-18,655.0,C,0.98,1.23,1.105,38.172,0.057598,0.002447,-0.163236,0.142496,17,572.34,62,4262,51.06
META,2026-09-01,2026-09-18,660.0,C,0.92,1.07,0.995,38.7091,0.050162,0.002163,-0.148246,0.127721,17,572.34,331,2999,51.06
META,2026-09-01,2026-09-18,665.0,C,0.74,0.96,0.85,39.4781,0.044734,0.001935,-0.137824,0.116521,17,572.34,118,1848,51.06
META,2026-09-01,2026-09-18,670.0,C,0.65,0.85,0.75,40.1007,0.039453,0.00172,-0.126372,0.105255,17,572.34,6127,6273,51.06
META,2026-09-01,2026-09-18,675.0,C,0.56,0.7,0.63,40.1861,0.032967,0.001482,-0.109255,0.090858,17,572.34,183,3028,51.06
META,2026-09-01,2026-09-18,680.0,C,0.49,0.66,0.575,41.2359,0.030551,0.001356,-0.105208,0.085322,17,572.34,50,5956,51.06
META,2026-09-01,2026-09-18,685.0,C,0.42,0.59,0.505,41.8707,0.027172,0.001212,-0.096855,0.077401,17,572.34,15,1245,51.06
META,2026-09-01,2026-09-18,690.0,C,0.4,0.52,0.46,42.3834,0.023896,0.001075,-0.087994,0.069504,17,572.34,25,2234,51.06
META,2026-09-01,2026-09-18,695.0,C,0.32,0.48,0.4,43.189,0.021794,0.000976,-0.08293,0.064315,17,572.34,6,1405,51.06
META,2026-09-01,2026-09-18,700.0,C,0.33,0.38,0.355,42.9693,0.017596,0.000818,-0.068776,0.053632,17,572.34,633,11844,51.06
META,2026-09-01,2026-09-18,705.0,C,0.27,0.4,0.335,44.5806,0.017839,0.000798,-0.072157,0.054262,17,572.34,11,2064,51.06
META,2026-09-01,2026-09-18,710.0,C,0.25,0.34,0.295,44.7759,0.015227,0.000694,-0.063265,0.047386,17,572.34,18,2687,51.06
META,2026-09-01,2026-09-18,715.0,C,0.01,0.27,0.14,44.5806,0.012321,0.00058,-0.052454,0.039473,17,572.34,1,1114,51.06
META,2026-09-01,2026-09-18,720.0,C,0.2,0.31,0.255,46.6314,0.013446,0.000598,-0.059148,0.042572,17,572.34,51,3921,51.06
META,2026-09-01,2026-09-18,725.0,C,0.18,0.27,0.225,46.9732,0.011772,0.000529,-0.053085,0.037942,17,572.34,8,1870,51.06
META,2026-09-01,2026-09-18,730.0,C,0.11,0.27,0.19,48.0962,0.01144,0.000504,-0.053002,0.037011,17,572.34,6,4237,51.06
META,2026-09-01,2026-09-18,735.0,C,0.13,0.24,0.185,48.5357,0.010196,0.000452,-0.048373,0.033482,17,572.34,4,1437,51.06
META,2026-09-01,2026-09-18,740.0,C,0.0,0.27,0.135,50.3911,0.01095,0.000463,-0.053426,0.035631,17,572.34,39,1668,51.06
META,2026-09-01,2026-09-18,745.0,C,0.05,0.22,0.135,50.1958,0.00905,0.000394,-0.045049,0.030168,17,572.34,2,236,51.06
META,2026-09-01,2026-09-18,750.0,C,0.1,0.2,0.15,50.6841,0.008177,0.000357,-0.041606,0.027601,17,572.34,152,11289,51.06
META,2026-09-01,2026-09-18,755.0,C,0.03,0.18,0.105,51.1235,0.007353,0.000322,-0.038211,0.025136,17,572.34,6,563,51.06
META,2026-09-01,2026-09-18,760.0,C,0.06,0.23,0.145,50.8794,0.006004,0.000271,-0.031786,0.021014,17,572.34,38,3423,51.06
META,2026-09-01,2026-09-18,765.0,C,0.0,0.18,0.09,53.2231,0.007075,0.000299,-0.038434,0.024297,17,572.34,7,437,51.06
META,2026-09-01,2026-09-18,770.0,C,0.05,0.16,0.105,51.0747,0.00439,0.000204,-0.02414,0.015904,17,572.34,58,2437,51.06
META,2026-09-01,2026-09-18,775.0,C,0.0,0.16,0.08,50.5864,0.003404,0.000164,-0.01903,0.012661,17,572.34,2,215,51.06
META,2026-09-01,2026-09-18,780.0,C,0.05,0.16,0.105,53.0278,0.004237,0.00019,-0.024269,0.015407,17,572.34,8,3769,51.06
META,2026-09-01,2026-09-18,785.0,C,0.03,0.16,0.095,53.4184,0.003816,0.000172,-0.022258,0.01403,17,572.34,1,140,51.06
META,2026-09-01,2026-09-18,790.0,C,0.04,0.15,0.095,54.395,0.00377,0.000167,-0.022414,0.013877,17,572.34,5,1556,51.06
META,2026-09-01,2026-09-18,795.0,C,0.01,0.15,0.08,54.2973,0.003158,0.000143,-0.019082,0.011837,17,572.34,3,145,51.06
META,2026-09-01,2026-09-18,800.0,C,0.05,0.16,0.105,56.8364,0.00397,0.000168,-0.02452,0.014534,17,572.34,28,6930,51.06
META,2026-09-01,2026-09-18,805.0,C,0.01,0.15,0.08,56.1528,0.003073,0.000135,-0.019249,0.01155,17,572.34,4,192,51.06
META,2026-09-01,2026-09-18,810.0,C,0.06,0.36,0.21,63.2816,0.006908,0.000246,-0.044666,0.023791,17,572.34,18,822,51.06
META,2026-09-01,2026-09-18,815.0,C,0.01,0.13,0.07,57.227,0.002668,0.000116,-0.017259,0.010165,17,572.34,2,258,51.06
META,2026-09-01,2026-09-18,820.0,C,0.04,0.12,0.08,58.7895,0.002918,0.000123,-0.01922,0.011021,17,572.34,124,1055,51.06
META,2026-09-01,2026-09-18,825.0,C,0.03,0.13,0.08,59.766,0.002918,0.000121,-0.019537,0.011021,17,572.34,3,138,51.06
META,2026-09-01,2026-09-18,830.0,C,0.0,0.09,0.045,57.4223,0.001731,7.8e-05,-0.011699,0.006869,17,572.34,9,509,51.06
META,2026-09-01,2026-09-18,835.0,C,0.02,0.1,0.06,59.766,0.002184,9.3e-05,-0.015032,0.008482,17,572.34,29,571,51.06
META,2026-09-01,2026-09-18,840.0,C,0.0,0.11,0.055,60.1566,0.002008,8.6e-05,-0.014018,0.007859,17,572.34,5,449,51.06
META,2026-09-01,2026-09-18,845.0,C,0.0,0.11,0.055,60.9379,0.001966,8.3e-05,-0.013932,0.007711,17,572.34,5,33,51.06
META,2026-09-01,2026-09-18,850.0,C,0.01,0.12,0.065,62.6957,0.002238,9.1e-05,-0.016116,0.008671,17,572.34,15,11501,51.06
META,2026-09-01,2026-09-18,855.0,C,0.0,0.11,0.055,62.6957,0.001952,8e-05,-0.014233,0.007659,17,572.34,6,340,51.06
META,2026-09-01,2026-09-18,860.0,C,0.0,0.1,0.05,62.891,0.001753,7.2e-05,-0.01295,0.006948,17,572.34,4,524,51.06
META,2026-09-01,2026-09-18,865.0,C,0.0,0.12,0.06,64.6488,0.002002,7.9e-05,-0.015015,0.007837,17,572.34,1,96,51.06
META,2026-09-01,2026-09-18,870.0,C,0.0,0.31,0.155,71.9729,0.004565,0.00015,-0.035117,0.016469,17,572.34,3,391,51.06
META,2026-09-01,2026-09-18,875.0,C,0.0,0.56,0.28,77.8323,0.007491,0.000215,-0.058911,0.025553,17,572.34,8,211,51.06
META,2026-09-01,2026-09-18,880.0,C,0.0,0.52,0.26,78.0276,0.006944,0.000201,-0.055235,0.0239,17,572.34,4,445,51.06
META,2026-09-01,2026-09-18,885.0,C,0.0,0.08,0.04,65.6253,0.001375,5.6e-05,-0.010823,0.005567,17,572.34,2,46,51.06
META,2026-09-01,2026-09-18,890.0,C,0.0,0.31,0.155,75.3909,0.004378,0.000138,-0.035423,0.015865,17,572.34,1,510,51.06
META,2026-09-01,2026-09-18,895.0,C,0.0,0.31,0.155,76.2698,0.004353,0.000136,-0.035651,0.015785,17,572.34,2,115,51.06
META,2026-09-01,2026-09-18,900.0,C,0.02,0.04,0.03,66.016,0.000988,4.1e-05,-0.008043,0.004114,17,572.34,5,3916,51.06
META,2026-09-01,2026-09-18,905.0,C,0.0,0.09,0.045,69.1409,0.00142,5.4e-05,-0.011741,0.005734,17,572.34,6,56,51.06
META,2026-09-01,2026-09-18,910.0,C,0.0,0.09,0.045,69.9222,0.001413,5.4e-05,-0.01182,0.005709,17,572.34,2,378,51.06
META,2026-09-01,2026-09-18,915.0,C,0.0,0.09,0.045,70.7034,0.001408,5.3e-05,-0.011907,0.005688,17,572.34,1,66,51.06
META,2026-09-01,2026-09-18,920.0,C,0.01,0.09,0.05,72.0706,0.001525,5.6e-05,-0.013055,0.006119,17,572.34,4,433,51.06
META,2026-09-01,2026-09-18,925.0,C,0.0,0.09,0.045,72.2659,0.0014,5.1e-05,-0.012104,0.005658,17,572.34,1,27,51.06
META,2026-09-01,2026-09-18,930.0,C,0.0,0.08,0.04,72.2659,0.001249,4.6e-05,-0.010908,0.005099,17,572.34,12,506,51.06
META,2026-09-01,2026-09-18,935.0,C,0.0,0.04,0.02,68.7503,0.000636,2.6e-05,-0.005583,0.002743,17,572.34,45,68,51.06
META,2026-09-01,2026-09-18,940.0,C,0.0,0.07,0.035,72.6565,0.001054,3.9e-05,-0.009383,0.004363,17,572.34,4,396,51.06
META,2026-09-01,2026-09-18,945.0,C,0.0,0.07,0.035,73.4378,0.001057,3.9e-05,-0.00951,0.004376,17,572.34,4,32,51.06
META,2026-09-01,2026-09-18,950.0,C,0.0,0.05,0.025,72.2659,0.000789,3e-05,-0.007153,0.003344,17,572.34,2,1379,51.06
META,2026-09-01,2026-09-18,955.0,C,0.01,0.05,0.03,73.8284,0.000896,3.3e-05,-0.008214,0.00376,17,572.34,36,335,51.06
META,2026-09-01,2026-09-18,960.0,C,0.0,0.04,0.02,72.2659,0.000625,2.4e-05,-0.005772,0.002699,17,572.34,405,1016,51.06
META,2026-09-01,2026-09-18,965.0,C,0.0,0.05,0.025,74.219,0.000761,2.9e-05,-0.007105,0.003235,17,572.34,1,183,51.06
META,2026-09-01,2026-09-18,970.0,C,0.0,0.05,0.025,75.0003,0.000768,2.9e-05,-0.007243,0.003264,17,572.34,2,159,51.06
META,2026-09-01,2026-09-18,975.0,C,0.0,0.05,0.025,75.3909,0.000731,2.7e-05,-0.006956,0.003118,17,572.34,374,558,51.06
META,2026-09-01,2026-09-18,980.0,C,0.0,0.05,0.025,76.1721,0.000739,2.7e-05,-0.007099,0.00315,17,572.34,1,466,51.06
META,2026-09-01,2026-09-18,985.0,C,0.0,0.07,0.035,78.9065,0.000991,3.4e-05,-0.009632,0.004126,17,572.34,5,124,51.06
META,2026-09-01,2026-09-18,990.0,C,0.0,0.07,0.035,79.6877,0.001,3.4e-05,-0.009804,0.004159,17,572.34,34,1265,51.06
META,2026-09-01,2026-09-18,995.0,C,0.0,0.07,0.035,80.0783,0.000956,3.3e-05,-0.009456,0.003992,17,572.34,11,328,51.06
META,2026-09-01,2026-09-18,1000.0,C,0.0,0.03,0.015,75.7815,0.000451,1.7e-05,-0.00447,0.001994,17,572.34,317,5212,51.06
META,2026-09-01,2026-09-18,1010.0,C,0.0,0.01,0.005,71.8753,0.000177,8e-06,-0.001771,0.000833,17,572.34,9,3335,51.06
META,2026-09-01,2026-09-18,1020.0,C,0.0,0.01,0.005,71.8753,0.000138,6e-06,-0.001409,0.000663,17,572.34,3,1211,51.06
META,2026-09-01,2026-09-18,1030.0,C,0.0,0.01,0.005,73.4378,0.000149,6e-06,-0.001543,0.00071,17,572.34,17,835,51.06
META,2026-09-01,2026-09-18,1040.0,C,0.0,0.01,0.005,75.0003,0.00016,7e-06,-0.001687,0.000761,17,572.34,2,858,51.06
META,2026-09-01,2026-09-18,1050.0,C,0.0,0.01,0.005,75.0003,0.000127,5e-06,-0.001361,0.000614,17,572.34,11,583,51.06
META,2026-09-01,2026-09-18,1060.0,C,0.0,0.01,0.005,76.5627,0.000138,6e-06,-0.001498,0.000662,17,572.34,10,1017,51.06
META,2026-09-01,2026-09-18,1070.0,C,0.0,0.01,0.005,78.1252,0.000149,6e-06,-0.001646,0.000713,17,572.34,1,892,51.06
META,2026-09-01,2026-09-18,1080.0,C,0.0,0.01,0.005,78.1252,0.000121,5e-06,-0.001346,0.000583,17,572.34,4,517,51.06
META,2026-09-01,2026-09-18,1090.0,C,0.0,0.01,0.005,79.6877,0.000131,5e-06,-0.001486,0.000631,17,572.34,4,1880,51.06
META,2026-09-01,2026-09-18,1100.0,C,0.0,0.04,0.02,89.0626,0.000494,1.6e-05,-0.005714,0.002171,17,572.34,3,2900,51.06
META,2026-09-01,2026-09-18,1110.0,C,0.0,0.01,0.005,81.2502,0.000117,5e-06,-0.001357,0.000565,17,572.34,5,457,51.06
META,2026-09-01,2026-09-18,1120.0,C,0.0,0.03,0.015,89.8439,0.000395,1.3e-05,-0.00468,0.001763,17,572.34,5,432,51.06
META,2026-09-01,2026-09-18,1130.0,C,0.0,0.03,0.015,90.6251,0.000374,1.2e-05,-0.004491,0.001677,17,572.34,3,915,51.06
META,2026-09-01,2026-09-18,1140.0,C,0.0,0.03,0.015,91.4063,0.000355,1.1e-05,-0.004317,0.001599,17,572.34,24,872,51.06
META,2026-09-01,2026-09-18,1150.0,C,0.0,0.03,0.015,92.9688,0.000377,1.2e-05,-0.004646,0.001691,17,572.34,2,966,51.06
META,2026-09-01,2026-09-18,1160.0,C,0.0,0.03,0.015,93.7501,0.00036,1.1e-05,-0.004483,0.001619,17,572.34,331,2655,51.06
META,2026-09-01,2026-09-18,1170.0,C,0.0,0.01,0.005,87.5001,0.000115,4e-06,-0.001445,0.000559,17,572.34,71,1163,51.06
META,2026-09-01,2026-09-18,1180.0,C,0.0,0.03,0.015,96.0938,0.000367,1.1e-05,-0.004674,0.001646,17,572.34,1,1107,51.06
META,2026-09-01,2026-09-18,1190.0,C,0.0,0.04,0.02,98.8281,0.000455,1.3e-05,-0.005869,0.00201,17,572.34,11,1721,51.06
META,2026-09-01,2026-09-18,1200.0,C,0.0,0.01,0.005,90.6251,0.000117,4e-06,-0.00152,0.000568,17,572.34,3,889,51.06
META,2026-09-01,2026-09-18,1210.0,C,0.0,0.01,0.005,92.1876,0.000129,4e-06,-0.001688,0.00062,17,572.34,222,2438,51.06
META,2026-09-01,2026-09-18,1220.0,C,0.0,0.05,0.025,103.5161,0.000541,1.5e-05,-0.007215,0.00236,17,572.34,3,568,51.06
META,2026-09-01,2026-09-18,1230.0,C,0.0,0.03,0.015,100.7817,0.000336,1e-05,-0.00452,0.001519,17,572.34,2,60,51.06
META,2026-09-01,2026-09-18,1240.0,C,0.0,0.01,0.005,93.7501,0.000103,4e-06,-0.001392,0.000503,17,572.34,8,1422,51.06
META,2026-09-01,2026-09-18,1250.0,C,0.0,0.03,0.015,103.1255,0.000348,1e-05,-0.004781,0.00157,17,572.34,33,306,51.06
META,2026-09-01,2026-09-18,1260.0,C,0.0,0.09,0.045,112.5004,0.000899,2.2e-05,-0.012529,0.003772,17,572.34,157,1247,51.06
META,2026-09-01,2026-09-18,1270.0,C,0.0,0.03,0.015,104.688,0.000328,9e-06,-0.004592,0.001485,17,572.34,1,287,51.06
META,2026-09-01,2026-09-18,1280.0,C,0.0,0.05,0.025,109.3755,0.000511,1.3e-05,-0.007232,0.002239,17,572.34,10,724,51.06
META,2026-09-01,2026-09-18,1290.0,C,0.0,0.03,0.015,106.2505,0.000311,9e-06,-0.004432,0.001413,17,572.34,74,830,51.06
META,2026-09-01,2026-09-18,1300.0,C,0.0,0.01,0.005,99.2188,0.000101,3e-06,-0.001448,0.000494,17,572.34,17,2545,51.06
META,2026-09-01,2026-09-18,1310.0,C,0.0,0.03,0.015,107.813,0.000296,8e-06,-0.004298,0.00135,17,572.34,149,1715,51.06
META,2026-09-01,2026-09-18,1320.0,C,0.0,0.01,0.005,101.563,0.00011,3e-06,-0.001603,0.000534,17,572.34,28,1393,51.06
META,2026-09-01,2026-09-18,1330.0,C,0.0,0.01,0.005,103.1255,0.000121,4e-06,-0.001787,0.000587,17,572.34,129,1067,51.06
META,2026-09-01,2026-09-18,1340.0,C,0.0,0.01,0.005,103.1255,0.000106,3e-06,-0.001578,0.000518,17,572.34,10,2108,51.06
META,2026-09-01,2026-09-18,1350.0,C,0.0,0.01,0.005,103.1255,9.3e-05,3e-06,-0.001394,0.000458,17,572.34,6,785,51.06
META,2026-09-01,2026-09-18,1360.0,C,0.0,0.01,0.005,104.688,0.000104,3e-06,-0.001561,0.000505,17,572.34,1,279,51.06
META,2026-09-01,2026-09-18,1370.0,C,0.0,0.01,0.005,106.2505,0.000115,3e-06,-0.001744,0.000556,17,572.34,4,1221,51.06
META,2026-09-01,2026-09-18,1380.0,C,0.0,0.01,0.005,106.2505,0.000101,3e-06,-0.001551,0.000495,17,572.34,2,614,51.06
META,2026-09-01,2026-09-18,1390.0,C,0.0,0.01,0.005,106.2505,8.9e-05,3e-06,-0.001379,0.00044,17,572.34,1,887,51.06
META,2026-09-01,2026-09-18,1400.0,C,0.0,0.01,0.005,107.813,9.9e-05,3e-06,-0.001547,0.000486,17,572.34,7,851,51.06
META,2026-09-01,2026-09-18,1410.0,C,0.0,0.01,0.005,109.3755,0.00011,3e-06,-0.00173,0.000536,17,572.34,4,1901,51.06
META,2026-09-01,2026-09-18,1420.0,C,0.0,0.01,0.005,109.3755,9.8e-05,3e-06,-0.001548,0.00048,17,572.34,10,2014,51.06
META,2026-09-01,2026-09-18,1430.0,C,0.0,0.01,0.005,109.3755,8.7e-05,3e-06,-0.001385,0.000429,17,572.34,10,1671,51.06
META,2026-09-01,2026-09-18,1440.0,C,0.0,0.01,0.005,112.5004,0.00012,3e-06,-0.001934,0.000582,17,572.34,2,3080,51.06
META,2026-09-01,2026-09-18,1450.0,C,0.0,0.03,0.015,120.3129,0.000287,7e-06,-0.004655,0.001311,17,572.34,1,1834,51.06
META,2026-09-01,2026-09-18,1460.0,C,0.0,0.08,0.04,129.6879,0.000688,1.5e-05,-0.011279,0.002947,17,572.34,22,659,51.06
META,2026-09-01,2026-09-18,1470.0,C,0.0,0.04,0.02,124.2191,0.000365,9e-06,-0.006009,0.001639,17,572.34,13,1009,51.06
META,2026-09-01,2026-09-18,1480.0,C,0.0,0.03,0.015,122.6566,0.00028,7e-06,-0.004639,0.001282,17,572.34,28,11279,51.06
META,2026-09-01,2026-09-18,15.0,P,0.0,0.01,0.005,462.5004,-1.7e-05,0.0,-0.001223,9e-05,17,572.34,147,501,51.06
META,2026-09-01,2026-09-18,20.0,P,0.0,0.01,0.005,425.0005,-1.9e-05,0.0,-0.001282,0.000103,17,572.34,2,309,51.06
META,2026-09-01,2026-09-18,25.0,P,0.0,0.01,0.005,393.75,-2e-05,0.0,-0.001217,0.000105,17,572.34,26,32,51.06
META,2026-09-01,2026-09-18,30.0,P,0.0,0.01,0.005,375.0001,-2.6e-05,0.0,-0.001488,0.000135,17,572.34,4,37,51.06
META,2026-09-01,2026-09-18,35.0,P,0.0,0.01,0.005,350.0001,-2.3e-05,0.0,-0.001233,0.00012,17,572.34,8,49,51.06
META,2026-09-01,2026-09-18,40.0,P,0.0,0.01,0.005,337.5002,-2.9e-05,0.0,-0.001514,0.000153,17,572.34,1,978,51.06
META,2026-09-01,2026-09-18,45.0,P,0.0,0.01,0.005,325.0002,-3.5e-05,0.0,-0.001716,0.00018,17,572.34,1,845,51.06
META,2026-09-01,2026-09-18,50.0,P,0.0,0.01,0.005,306.2502,-2.9e-05,0.0,-0.001364,0.000152,17,572.34,3,224,51.06
META,2026-09-01,2026-09-18,55.0,P,0.0,0.05,0.025,331.2502,-0.000138,1e-06,-0.006443,0.000662,17,572.34,6,2681,51.06
META,2026-09-01,2026-09-18,60.0,P,0.0,0.25,0.125,368.7501,-0.00061,5e-06,-0.028569,0.002638,17,572.34,4,723,51.06
META,2026-09-01,2026-09-18,65.0,P,0.0,0.06,0.03,312.5002,-0.000182,2e-06,-0.007853,0.000856,17,572.34,68,3318,51.06
META,2026-09-01,2026-09-18,70.0,P,0.0,0.04,0.02,292.1878,-0.000131,1e-06,-0.005404,0.00063,17,572.34,23,4645,51.06
META,2026-09-01,2026-09-18,75.0,P,0.0,0.02,0.01,268.7503,-7.3e-05,1e-06,-0.002879,0.000365,17,572.34,36,3709,51.06
META,2026-09-01,2026-09-18,80.0,P,0.0,0.03,0.015,268.7503,-0.000114,1e-06,-0.004366,0.000553,17,572.34,10,5579,51.06
META,2026-09-01,2026-09-18,85.0,P,0.0,0.02,0.01,253.1254,-8.2e-05,1e-06,-0.003032,0.000408,17,572.34,9,3746,51.06
META,2026-09-01,2026-09-18,90.0,P,0.0,0.03,0.015,251.5629,-0.000116,1e-06,-0.004139,0.000561,17,572.34,5,5614,51.06
META,2026-09-01,2026-09-18,95.0,P,0.0,0.06,0.03,257.8129,-0.000225,3e-06,-0.007905,0.001044,17,572.34,65,6894,51.06
META,2026-09-01,2026-09-18,100.0,P,0.0,0.05,0.025,246.8754,-0.000197,2e-06,-0.006689,0.000923,17,572.34,3,4859,51.06
META,2026-09-01,2026-09-18,120.0,P,0.0,0.08,0.04,229.6879,-0.000333,4e-06,-0.010157,0.001507,17,572.34,5,5942,51.06
META,2026-09-01,2026-09-18,130.0,P,0.0,0.3,0.15,246.4848,-0.001123,1.2e-05,-0.033459,0.004626,17,572.34,2,1520,51.06
META,2026-09-01,2026-09-18,140.0,P,0.0,0.01,0.005,178.1251,-5.7e-05,1e-06,-0.0015,0.000287,17,572.34,105,30847,51.06
META,2026-09-01,2026-09-18,280.0,P,0.01,0.06,0.035,107.0317,-0.000645,1.7e-05,-0.008705,0.002778,17,572.34,11,1290,51.06
META,2026-09-01,2026-09-18,290.0,P,0.0,0.06,0.03,100.7817,-0.000592,1.7e-05,-0.007575,0.002568,17,572.34,2,258,51.06
META,2026-09-01,2026-09-18,300.0,P,0.01,0.06,0.035,97.2657,-0.00071,2e-05,-0.00864,0.003036,17,572.34,225,3052,51.06
META,2026-09-01,2026-09-18,310.0,P,0.01,0.13,0.07,98.6328,-0.001372,3.7e-05,-0.016028,0.005554,17,572.34,97,1520,51.06
META,2026-09-01,2026-09-18,320.0,P,0.01,0.06,0.035,87.8907,-0.000764,2.4e-05,-0.008349,0.003248,17,572.34,1,785,51.06
META,2026-09-01,2026-09-18,330.0,P,0.02,0.06,0.04,84.7658,-0.000932,3e-05,-0.009665,0.0039,17,572.34,1,607,51.06
META,2026-09-01,2026-09-18,340.0,P,0.02,0.06,0.04,80.4689,-0.000982,3.3e-05,-0.009618,0.004089,17,572.34,8,1254,51.06
META,2026-09-01,2026-09-18,350.0,P,0.02,0.05,0.035,75.3909,-0.000921,3.4e-05,-0.008491,0.003855,17,572.34,5,1996,51.06
META,2026-09-01,2026-09-18,360.0,P,0.0,0.06,0.03,70.3128,-0.000837,3.3e-05,-0.007253,0.003532,17,572.34,1,797,51.06
META,2026-09-01,2026-09-18,370.0,P,0.03,0.15,0.09,73.8284,-0.002339,8e-05,-0.019453,0.009025,17,572.34,4,219,51.06
META,2026-09-01,2026-09-18,375.0,P,0.0,0.65,0.325,83.2521,-0.007088,0.000192,-0.059152,0.024337,17,572.34,1,160,51.06
META,2026-09-01,2026-09-18,380.0,P,0.03,0.08,0.055,66.2113,-0.00159,6.3e-05,-0.012279,0.006355,17,572.34,20,567,51.06
META,2026-09-01,2026-09-18,385.0,P,0.0,0.47,0.235,75.3909,-0.005721,0.000175,-0.044287,0.020132,17,572.34,4,277,51.06
META,2026-09-01,2026-09-18,390.0,P,0.0,0.11,0.055,62.3051,-0.001679,7e-05,-0.012139,0.00668,17,572.34,1,1790,51.06
META,2026-09-01,2026-09-18,395.0,P,0.0,0.09,0.045,59.3754,-0.001481,6.6e-05,-0.010312,0.005957,17,572.34,1,144,51.06
META,2026-09-01,2026-09-18,400.0,P,0.06,0.1,0.08,60.8402,-0.002496,0.000103,-0.01698,0.009574,17,572.34,3,2624,51.06
META,2026-09-01,2026-09-18,405.0,P,0.01,0.1,0.055,56.6411,-0.001839,8.4e-05,-0.011974,0.007255,17,572.34,3,193,51.06
META,2026-09-01,2026-09-18,410.0,P,0.0,0.15,0.075,56.6411,-0.002522,0.000112,-0.015943,0.009662,17,572.34,5,1051,51.06
META,2026-09-01,2026-09-18,415.0,P,0.05,0.27,0.16,59.5707,-0.004966,0.000195,-0.0308,0.017752,17,572.34,4,92,51.06
META,2026-09-01,2026-09-18,420.0,P,0.05,0.15,0.1,54.4926,-0.003414,0.000153,-0.020138,0.012694,17,572.34,1,527,51.06
META,2026-09-01,2026-09-18,425.0,P,0.05,0.18,0.115,53.5161,-0.004026,0.00018,-0.02292,0.014717,17,572.34,1,197,51.06
META,2026-09-01,2026-09-18,430.0,P,0.05,0.15,0.1,50.7817,-0.003683,0.000175,-0.020074,0.01359,17,572.34,1,1755,51.06
META,2026-09-01,2026-09-18,435.0,P,0.05,0.16,0.105,51.6606,-0.005664,0.000253,-0.029976,0.019955,17,572.34,8,220,51.06
META,2026-09-01,2026-09-18,440.0,P,0.03,0.22,0.125,51.8071,-0.007689,0.000331,-0.039373,0.026146,17,572.34,45,2648,51.06
META,2026-09-01,2026-09-18,445.0,P,0.03,0.19,0.11,48.8775,-0.007045,0.000325,-0.03437,0.024206,17,572.34,20,281,51.06
META,2026-09-01,2026-09-18,450.0,P,0.13,0.22,0.175,47.8521,-0.008262,0.000381,-0.038698,0.027851,17,572.34,20,4852,51.06
META,2026-09-01,2026-09-18,455.0,P,0.14,0.23,0.185,46.1919,-0.008923,0.000423,-0.039941,0.029797,17,572.34,4,421,51.06
META,2026-09-01,2026-09-18,460.0,P,0.06,0.22,0.14,43.9947,-0.008963,0.000446,-0.038166,0.029914,17,572.34,22,6773,51.06
META,2026-09-01,2026-09-18,465.0,P,0.16,0.25,0.205,42.8228,-0.010378,0.00052,-0.042201,0.034004,17,572.34,16,1859,51.06
META,2026-09-01,2026-09-18,470.0,P,0.15,0.3,0.225,41.9439,-0.01252,0.000625,-0.048621,0.040025,17,572.34,25,3200,51.06
META,2026-09-01,2026-09-18,475.0,P,0.23,0.33,0.28,40.5768,-0.014174,0.00072,-0.052315,0.044553,17,572.34,40,817,51.06
META,2026-09-01,2026-09-18,480.0,P,0.27,0.39,0.33,39.6002,-0.016926,0.000859,-0.059404,0.051881,17,572.34,116,2877,51.06
META,2026-09-01,2026-09-18,485.0,P,0.33,0.47,0.4,38.7457,-0.020534,0.001035,-0.068454,0.061157,17,572.34,24,967,51.06
META,2026-09-01,2026-09-18,490.0,P,0.42,0.57,0.495,37.9401,-0.025045,0.001249,-0.079166,0.072299,17,572.34,90,4810,51.06
META,2026-09-01,2026-09-18,495.0,P,0.51,0.69,0.6,37.1222,-0.030475,0.001503,-0.091126,0.085147,17,572.34,79,1354,51.06
META,2026-09-01,2026-09-18,500.0,P,0.71,0.83,0.77,36.2555,-0.036863,0.0018,-0.103966,0.099586,17,572.34,759,9894,51.06
META,2026-09-01,2026-09-18,505.0,P,0.88,1.07,0.975,35.9137,-0.046849,0.002207,-0.124905,0.12093,17,572.34,259,1543,51.06
META,2026-09-01,2026-09-18,510.0,P,1.16,1.33,1.245,35.34,-0.057861,0.002652,-0.145143,0.143007,17,572.34,373,4725,51.06
META,2026-09-01,2026-09-18,515.0,P,1.49,1.64,1.565,34.7174,-0.070832,0.00316,-0.166603,0.167359,17,572.34,235,1482,51.06
META,2026-09-01,2026-09-18,520.0,P,1.9,2.1,2.0,34.4733,-0.088566,0.003768,-0.195593,0.1982,17,572.34,668,5966,51.06
META,2026-09-01,2026-09-18,525.0,P,2.45,2.67,2.56,34.2658,-0.109732,0.004435,-0.227007,0.231852,17,572.34,924,2326,51.06
META,2026-09-01,2026-09-18,527.5,P,2.63,3.05,2.84,34.3451,-0.122781,0.004792,-0.246191,0.251099,17,572.34,35,86,51.06
META,2026-09-01,2026-09-18,530.0,P,3.0,3.3,3.15,33.8386,-0.132911,0.005139,-0.255989,0.265323,17,572.34,347,5602,51.06
META,2026-09-01,2026-09-18,532.5,P,3.35,3.75,3.55,33.924,-0.147817,0.00551,-0.275562,0.285187,17,572.34,17,125,51.06
META,2026-09-01,2026-09-18,535.0,P,3.8,4.15,3.975,33.7165,-0.161709,0.005883,-0.290264,0.302627,17,572.34,135,2875,51.06
META,2026-09-01,2026-09-18,537.5,P,4.2,4.65,4.425,33.6982,-0.177782,0.006255,-0.307911,0.321593,17,572.34,37,147,51.06
META,2026-09-01,2026-09-18,540.0,P,4.7,5.15,4.925,33.5578,-0.193976,0.00663,-0.323224,0.339462,17,572.34,257,6544,51.06
META,2026-09-01,2026-09-18,542.5,P,5.25,6.2,5.725,34.7358,-0.219186,0.006886,-0.359452,0.364953,17,572.34,48,115,51.06
META,2026-09-01,2026-09-18,545.0,P,5.85,6.4,6.125,33.5822,-0.230989,0.007338,-0.357234,0.375963,17,572.34,177,2168,51.06
META,2026-09-01,2026-09-18,547.5,P,6.5,7.1,6.8,33.5944,-0.25072,0.00767,-0.373091,0.393112,17,572.34,34,187,51.06
META,2026-09-01,2026-09-18,550.0,P,7.2,7.8,7.5,33.4815,-0.270534,0.008003,-0.386019,0.408812,17,572.34,1279,12764,51.06
META,2026-09-01,2026-09-18,552.5,P,7.95,8.6,8.275,33.4815,-0.291696,0.0083,-0.399623,0.423963,17,572.34,37,551,51.06
META,2026-09-01,2026-09-18,555.0,P,8.75,9.35,9.05,33.2526,-0.31249,0.008619,-0.408502,0.43728,17,572.34,875,2479,51.06
META,2026-09-01,2026-09-18,557.5,P,9.65,10.25,9.95,33.2343,-0.334918,0.008874,-0.419253,0.449952,17,572.34,30,179,51.06
META,2026-09-01,2026-09-18,560.0,P,10.6,11.3,10.95,33.4083,-0.358501,0.009053,-0.431356,0.461437,17,572.34,1016,4117,51.06
META,2026-09-01,2026-09-18,562.5,P,11.55,12.3,11.925,33.3564,-0.38169,0.009254,-0.438516,0.470937,17,572.34,40,205,51.06
META,2026-09-01,2026-09-18,565.0,P,12.65,13.3,12.975,33.1855,-0.405047,0.009456,-0.442302,0.478743,17,572.34,1079,1177,51.06
META,2026-09-01,2026-09-18,567.5,P,13.75,14.45,14.1,33.2038,-0.429126,0.009573,-0.447118,0.484971,17,572.34,238,150,51.06
META,2026-09-01,2026-09-18,570.0,P,14.95,15.65,15.3,33.1977,-0.453324,0.009662,-0.449812,0.489391,17,572.34,1398,4490,51.06
META,2026-09-01,2026-09-18,572.5,P,16.15,16.95,16.55,33.277,-0.477583,0.009691,-0.451947,0.49199,17,572.34,67,180,51.06
META,2026-09-01,2026-09-18,575.0,P,17.45,18.25,17.85,33.2374,-0.501813,0.009717,-0.450581,0.492763,17,572.34,823,1586,51.06
META,2026-09-01,2026-09-18,580.0,P,20.25,21.4,20.825,33.9057,-0.548293,0.009456,-0.453631,0.489153,17,572.34,493,4919,51.06
META,2026-09-01,2026-09-18,585.0,P,23.1,24.45,23.775,33.9362,-0.594206,0.009251,-0.440906,0.478964,17,572.34,123,1249,51.06
META,2026-09-01,2026-09-18,590.0,P,25.8,27.8,26.8,34.1529,-0.63753,0.008889,-0.425237,0.463188,17,572.34,79,2844,51.06
META,2026-09-01,2026-09-18,595.0,P,29.35,31.4,30.375,34.4916,-0.677619,0.00842,-0.406743,0.443082,17,572.34,55,1357,51.06
META,2026-09-01,2026-09-18,600.0,P,32.55,34.95,33.75,34.3085,-0.718006,0.007971,-0.375537,0.417221,17,572.34,63,5308,51.06
META,2026-09-01,2026-09-18,605.0,P,35.85,39.75,37.8,36.7468,-0.738329,0.00717,-0.387303,0.401974,17,572.34,17,993,51.06
META,2026-09-01,2026-09-18,610.0,P,39.85,43.9,41.875,37.3969,-0.766601,0.006628,-0.366697,0.37814,17,572.34,20,3205,51.06
META,2026-09-01,2026-09-18,615.0,P,43.95,48.3,46.125,38.4345,-0.789377,0.006081,-0.352108,0.356602,17,572.34,4,1044,51.06
META,2026-09-01,2026-09-18,620.0,P,47.9,52.8,50.35,39.5331,-0.809071,0.005574,-0.338288,0.336191,17,572.34,11,3124,51.06
META,2026-09-01,2026-09-18,625.0,P,52.35,57.25,54.8,40.2838,-0.828681,0.005111,-0.317956,0.314118,17,572.34,6,544,51.06
META,2026-09-01,2026-09-18,630.0,P,56.9,61.75,59.325,40.9735,-0.846522,0.004678,-0.296671,0.292415,17,572.34,3,2333,51.06
META,2026-09-01,2026-09-18,635.0,P,60.55,67.0,63.775,44.0069,-0.848054,0.004326,-0.319626,0.290476,17,572.34,2,463,51.06
META,2026-09-01,2026-09-18,640.0,P,66.2,71.05,68.625,42.8106,-0.873763,0.00392,-0.264101,0.25602,17,572.34,29,1217,51.06
META,2026-09-01,2026-09-18,645.0,P,70.95,75.8,73.375,43.8848,-0.884196,0.003599,-0.251632,0.240942,17,572.34,57,726,51.06
META,2026-09-01,2026-09-18,650.0,P,75.75,80.6,78.175,45.0384,-0.892988,0.003314,-0.241264,0.227702,17,572.34,62,3922,51.06
META,2026-09-01,2026-09-18,655.0,P,79.65,85.6,82.625,46.9549,-0.896783,0.003097,-0.245258,0.22183,17,572.34,1,320,51.06
META,2026-09-01,2026-09-18,660.0,P,85.45,90.5,87.975,48.4014,-0.902408,0.002884,-0.241211,0.21294,17,572.34,3,914,51.06
META,2026-09-01,2026-09-18,665.0,P,89.4,95.3,92.35,49.3169,-0.909927,0.002667,-0.228267,0.200704,17,572.34,3,524,51.06
META,2026-09-01,2026-09-18,670.0,P,94.4,100.45,97.425,51.8193,-0.909436,0.002549,-0.24378,0.201516,17,572.34,17,3092,51.06
META,2026-09-01,2026-09-18,675.0,P,99.35,105.25,102.3,52.625,-0.916292,0.002367,-0.229854,0.190009,17,572.34,82,383,51.06
META,2026-09-01,2026-09-18,680.0,P,105.2,110.05,107.625,53.333,-0.922897,0.002195,-0.214986,0.178568,17,572.34,5,686,51.06
META,2026-09-01,2026-09-18,685.0,P,109.1,116.6,112.85,62.2807,-0.895571,0.002354,-0.345622,0.223716,17,572.34,1,38,51.06
META,2026-09-01,2026-09-18,690.0,P,115.0,119.85,117.425,55.5669,-0.93117,0.001931,-0.200945,0.163706,17,572.34,4,286,51.06
META,2026-09-01,2026-09-18,695.0,P,118.95,126.55,122.75,65.607,-0.901189,0.002147,-0.349127,0.214886,17,572.34,9,53,51.06
META,2026-09-01,2026-09-18,700.0,P,125.15,130.35,127.75,61.5604,-0.924502,0.001871,-0.2509,0.175732,17,572.34,36,715,51.06
META,2026-09-01,2026-09-18,705.0,P,129.1,136.55,132.825,69.0433,-0.905388,0.001976,-0.35588,0.20814,17,572.34,16,11,51.06
META,2026-09-01,2026-09-18,710.0,P,134.3,139.95,137.125,62.5126,-0.935398,0.001634,-0.21768,0.155868,17,572.34,280,187,51.06
META,2026-09-01,2026-09-18,715.0,P,139.25,145.05,142.15,64.6488,-0.934845,0.001591,-0.228956,0.156904,17,572.34,1,0,51.06
META,2026-09-01,2026-09-18,720.0,P,144.25,150.0,147.125,65.8817,-0.937109,0.001519,-0.225763,0.152649,17,572.34,431,174,51.06
META,2026-09-01,2026-09-18,725.0,P,149.25,156.85,153.05,77.0388,-0.907996,0.001735,-0.392968,0.203886,17,572.34,17,6,51.06
META,2026-09-01,2026-09-18,730.0,P,155.0,159.8,157.4,67.6029,-0.943271,0.001365,-0.20857,0.1408,17,572.34,2011,793,51.06
META,2026-09-01,2026-09-18,735.0,P,159.1,165.2,162.15,71.5823,-0.937076,0.001398,-0.249938,0.15271,17,572.34,10,0,51.06
META,2026-09-01,2026-09-18,740.0,P,164.25,170.4,167.325,74.2434,-0.934796,0.001386,-0.270855,0.156996,17,572.34,20,13,51.06
META,2026-09-01,2026-09-18,745.0,P,169.25,175.05,172.15,73.5598,-0.941845,0.001279,-0.23778,0.143579,17,572.34,1,1,51.06
META,2026-09-01,2026-09-18,750.0,P,174.25,179.95,177.1,74.3411,-0.944528,0.00122,-0.228957,0.138336,17,572.34,190,56,51.06
META,2026-09-01,2026-09-18,755.0,P,191.85,198.85,195.35,117.7128,-0.830579,0.001737,-1.011437,0.311884,17,572.34,2,0,51.06
META,2026-09-01,2026-09-18,760.0,P,184.25,190.35,187.3,79.7121,-0.939711,0.001214,-0.271974,0.147694,17,572.34,42,28,51.06
META,2026-09-01,2026-09-18,765.0,P,189.1,196.2,192.65,86.0597,-0.92785,0.001293,-0.355463,0.169743,17,572.34,10,0,51.06
META,2026-09-01,2026-09-18,770.0,P,194.25,200.15,197.2,81.2136,-0.944647,0.001115,-0.254293,0.138101,17,572.34,119,40,51.06
META,2026-09-01,2026-09-18,775.0,P,199.1,205.8,202.45,86.6334,-0.935559,0.001177,-0.320773,0.155567,17,572.34,15,0,51.06
META,2026-09-01,2026-09-18,780.0,P,204.25,210.35,207.3,85.2418,-0.943095,0.001085,-0.277336,0.141144,17,572.34,118,37,51.06
META,2026-09-01,2026-09-18,785.0,P,209.05,216.55,212.8,55.8598,-0.994554,0.000226,0.048156,0.019271,17,572.34,15,0,51.06
META,2026-09-01,2026-09-18,790.0,P,214.5,220.05,217.275,85.8644,-0.94921,0.000985,-0.247883,0.128993,17,572.34,1024,296,51.06
META,2026-09-01,2026-09-18,795.0,P,219.25,225.05,222.15,87.1705,-0.949855,0.00096,-0.24894,0.127686,17,572.34,3,0,51.06
META,2026-09-01,2026-09-18,800.0,P,224.25,230.05,227.15,88.4523,-0.950501,0.000936,-0.249787,0.126372,17,572.34,20,18,51.06
META,2026-09-01,2026-09-18,805.0,P,229.1,236.45,232.775,58.4965,-0.995669,0.000176,0.054889,0.015712,17,572.34,3,0,51.06
META,2026-09-01,2026-09-18,810.0,P,234.2,239.95,237.075,90.2467,-0.953217,0.000877,-0.240478,0.120793,17,572.34,6,6,51.06
META,2026-09-01,2026-09-18,815.0,P,239.1,245.05,242.075,92.2364,-0.95228,0.000872,-0.252333,0.122728,17,572.34,0,0,51.06
META,2026-09-01,2026-09-18,820.0,P,244.1,251.6,247.85,64.6488,-0.993702,0.000222,0.041656,0.021924,17,572.34,492,141,51.06
META,2026-09-01,2026-09-18,825.0,P,249.1,256.55,252.825,64.5511,-0.994498,0.000197,0.046979,0.019446,17,572.34,0,0,51.06
META,2026-09-01,2026-09-18,830.0,P,254.25,261.35,257.8,64.3558,-0.99526,0.000173,0.052216,0.017031,17,572.34,1,1,51.06
META,2026-09-01,2026-09-18,840.0,P,276.85,283.55,280.2,144.6963,-0.856997,0.001263,-1.108415,0.278905,17,572.34,1,0,51.06
META,2026-09-01,2026-09-18,850.0,P,274.25,280.7,277.475,105.396,-0.947106,0.000828,-0.329034,0.133221,17,572.34,42,0,51.06
META,2026-09-01,2026-09-18,870.0,P,282.15,286.95,284.55,0.001,-1.0,0.0,0.0888,0.0,17,572.34,6,0,51.06
META,2026-09-01,2026-09-18,900.0,P,336.85,343.95,340.4,162.1706,-0.867234,0.001072,-1.179286,0.265123,17,572.34,25,0,51.06
META,2026-09-01,2026-09-18,930.0,P,312.9,319.85,316.375,0.001,-1.0,0.0,0.094924,0.0,17,572.34,15,15,51.06
META,2026-09-01,2026-09-18,940.0,P,376.85,383.95,380.4,172.4367,-0.873373,0.000975,-1.21153,0.256571,17,572.34,2,0,51.06
META,2026-09-01,2026-09-18,950.0,P,386.85,394.0,390.425,174.994,-0.874583,0.000955,-1.220924,0.254859,17,572.34,1,0,51.06
META,2026-09-01,2026-09-18,980.0,P,330.1,336.7,333.4,0.001,-1.0,0.0,0.100028,0.0,17,572.34,6,0,51.06
META,2026-09-01,2026-09-18,1000.0,P,436.85,443.95,440.4,186.6822,-0.880862,0.000863,-1.253513,0.245833,17,572.34,41,0,51.06
META,2026-09-01,2026-09-18,1020.0,P,369.7,376.4,373.05,0.001,-1.0,0.0,0.10411,0.0,17,572.34,0,0,51.06
META,2026-09-01,2026-09-18,1040.0,P,389.5,396.8,393.15,0.001,-1.0,0.0,0.106152,0.0,17,572.34,8,0,51.06
META,2026-09-01,2026-09-18,1060.0,P,419.8,427.65,423.725,0.001,-1.0,0.0,0.108193,0.0,17,572.34,1,0,51.06
META,2026-09-01,2026-09-18,1080.0,P,368.65,371.8,370.225,0.001,-1.0,0.0,0.110235,0.0,17,572.34,10,10,51.06
META,2026-09-01,2026-09-18,1100.0,P,355.3,358.5,356.9,0.001,-1.0,0.0,0.112276,0.0,17,572.34,10,0,51.06
META,2026-09-01,2026-09-18,1120.0,P,507.0,514.6,510.8,0.001,-1.0,0.0,0.114317,0.0,17,572.34,0,0,51.06
META,2026-09-01,2026-09-18,1140.0,P,527.0,534.6,530.8,0.001,-1.0,0.0,0.116359,0.0,17,572.34,0,0,51.06
META,2026-09-01,2026-09-18,1160.0,P,414.75,418.15,416.45,0.001,-1.0,0.0,0.1184,0.0,17,572.34,2,0,51.06
META,2026-09-01,2026-09-25,130.0,C,438.5,447.0,442.75,233.7895,0.997251,2.5e-05,-0.073517,0.012412,24,572.34,4,4,51.06
META,2026-09-01,2026-09-25,260.0,C,309.1,316.85,312.975,136.0355,0.992726,0.000101,-0.109881,0.029584,24,572.34,2,2,51.06
META,2026-09-01,2026-09-25,400.0,C,169.6,177.35,173.475,73.6819,0.977448,0.000496,-0.160121,0.078657,24,572.34,1,2,51.06
META,2026-09-01,2026-09-25,435.0,C,134.45,142.55,138.5,58.9482,0.971743,0.000748,-0.159299,0.095015,24,572.34,0,1,51.06
META,2026-09-01,2026-09-25,440.0,C,129.4,137.5,133.45,56.4213,0.97173,0.000782,-0.154856,0.095053,24,572.34,10,31,51.06
META,2026-09-01,2026-09-25,450.0,C,119.95,127.6,123.775,55.0053,0.963508,0.000991,-0.178114,0.117351,24,572.34,1,8,51.06
META,2026-09-01,2026-09-25,460.0,C,109.85,117.7,113.775,50.8306,0.960831,0.001136,-0.176161,0.12433,24,572.34,0,1,51.06
META,2026-09-01,2026-09-25,470.0,C,101.8,107.4,104.6,51.6362,0.942091,0.001529,-0.227257,0.17003,24,572.34,20,11,51.06
META,2026-09-01,2026-09-25,475.0,C,96.6,102.45,99.525,61.475,0.899193,0.001957,-0.373888,0.25908,24,572.34,10,11,51.06
META,2026-09-01,2026-09-25,480.0,C,91.05,97.8,94.425,60.1566,0.891334,0.002111,-0.384933,0.273557,24,572.34,4,3,51.06
META,2026-09-01,2026-09-25,485.0,C,86.95,92.85,89.9,57.7702,0.886556,0.002267,-0.381862,0.282118,24,572.34,0,10,51.06
META,2026-09-01,2026-09-25,490.0,C,81.95,88.05,85.0,55.8537,0.879655,0.002445,-0.384716,0.294177,24,572.34,2,2,51.06
META,2026-09-01,2026-09-25,495.0,C,77.3,83.25,80.275,53.9006,0.872278,0.002642,-0.386849,0.306683,24,572.34,1,8,51.06
META,2026-09-01,2026-09-25,500.0,C,73.0,78.45,75.725,51.9048,0.864384,0.002859,-0.388141,0.319644,24,572.34,3,24,51.06
META,2026-09-01,2026-09-25,505.0,C,68.1,74.0,71.05,50.8489,0.851763,0.0031,-0.401859,0.339496,24,572.34,2,4,51.06
META,2026-09-01,2026-09-25,510.0,C,63.55,69.45,66.5,49.3963,0.839685,0.003361,-0.409921,0.357548,24,572.34,1,8,51.06
META,2026-09-01,2026-09-25,515.0,C,59.2,64.05,61.625,45.6548,0.836761,0.003679,-0.38646,0.361785,24,572.34,1,8,51.06
META,2026-09-01,2026-09-25,520.0,C,55.0,59.8,57.4,44.84,0.819359,0.003996,-0.402324,0.385964,24,572.34,1,54,51.06
META,2026-09-01,2026-09-25,525.0,C,50.65,55.6,53.125,43.9581,0.800682,0.004331,-0.416616,0.410034,24,572.34,2,27,51.06
META,2026-09-01,2026-09-25,530.0,C,46.45,52.2,49.325,44.6386,0.773407,0.004596,-0.450838,0.441917,24,572.34,3,50,51.06
META,2026-09-01,2026-09-25,535.0,C,42.55,47.1,44.825,41.4435,0.761483,0.005094,-0.432281,0.454701,24,572.34,12,24,51.06
META,2026-09-01,2026-09-25,540.0,C,39.7,43.25,41.475,40.7446,0.736448,0.005462,-0.445534,0.47937,24,572.34,3,144,51.06
META,2026-09-01,2026-09-25,545.0,C,35.7,39.55,37.625,40.1068,0.70926,0.005822,-0.457676,0.502972,24,572.34,102,231,51.06
META,2026-09-01,2026-09-25,550.0,C,32.25,35.65,33.95,38.8586,0.682259,0.006252,-0.459856,0.523276,24,572.34,10,414,51.06
META,2026-09-01,2026-09-25,555.0,C,29.7,32.0,30.85,37.8455,0.652038,0.006654,-0.462533,0.542444,24,572.34,128,145,51.06
META,2026-09-01,2026-09-25,560.0,C,26.65,29.4,28.025,38.4131,0.616173,0.006774,-0.481564,0.560491,24,572.34,23,177,51.06
META,2026-09-01,2026-09-25,565.0,C,23.95,25.8,24.875,36.9544,0.582967,0.007196,-0.472425,0.572788,24,572.34,44,272,51.06
META,2026-09-01,2026-09-25,570.0,C,21.4,22.7,22.05,36.0785,0.546596,0.007483,-0.466712,0.581497,24,572.34,122,290,51.06
META,2026-09-01,2026-09-25,575.0,C,19.35,20.25,19.8,35.9961,0.508976,0.00755,-0.466655,0.585347,24,572.34,184,282,51.06
META,2026-09-01,2026-09-25,580.0,C,16.8,18.0,17.4,35.9412,0.471481,0.007544,-0.463016,0.583999,24,572.34,166,580,51.06
META,2026-09-01,2026-09-25,585.0,C,14.8,16.0,15.4,36.0053,0.434776,0.007449,-0.457096,0.577653,24,572.34,101,475,51.06
META,2026-09-01,2026-09-25,590.0,C,13.0,14.15,13.575,36.0297,0.398909,0.007301,-0.447184,0.566596,24,572.34,186,913,51.06
META,2026-09-01,2026-09-25,595.0,C,11.45,12.4,11.925,35.9351,0.363668,0.007118,-0.432486,0.550966,24,572.34,61,532,51.06
META,2026-09-01,2026-09-25,600.0,C,10.2,10.85,10.525,35.9076,0.330007,0.006872,-0.415802,0.531501,24,572.34,736,1399,51.06
META,2026-09-01,2026-09-25,605.0,C,8.8,9.6,9.2,36.164,0.299579,0.006547,-0.400758,0.509956,24,572.34,33,517,51.06
META,2026-09-01,2026-09-25,610.0,C,7.7,8.4,8.05,36.2586,0.270097,0.006215,-0.381574,0.485349,24,572.34,85,479,51.06
META,2026-09-01,2026-09-25,615.0,C,6.7,7.3,7.0,36.2921,0.242093,0.005864,-0.360015,0.458402,24,572.34,264,361,51.06
META,2026-09-01,2026-09-25,620.0,C,6.0,6.4,6.2,36.5058,0.21727,0.005487,-0.34019,0.43144,24,572.34,638,496,51.06
META,2026-09-01,2026-09-25,625.0,C,5.05,5.65,5.35,36.8353,0.195267,0.005104,-0.321631,0.404972,24,572.34,97,494,51.06
META,2026-09-01,2026-09-25,630.0,C,4.35,4.95,4.65,37.0734,0.174547,0.00473,-0.301431,0.377694,24,572.34,46,368,51.06
META,2026-09-01,2026-09-25,635.0,C,3.75,4.35,4.05,37.3602,0.156022,0.004365,-0.282072,0.351236,24,572.34,68,893,51.06
META,2026-09-01,2026-09-25,640.0,C,3.25,3.8,3.525,37.583,0.138792,0.004012,-0.262003,0.324737,24,572.34,53,588,51.06
META,2026-09-01,2026-09-25,645.0,C,2.8,3.4,3.1,38.0805,0.12507,0.003685,-0.246753,0.302233,24,572.34,71,125,51.06
META,2026-09-01,2026-09-25,650.0,C,2.5,2.76,2.63,37.5617,0.106124,0.003324,-0.216381,0.268929,24,572.34,793,1721,51.06
META,2026-09-01,2026-09-25,655.0,C,2.07,2.55,2.31,38.3734,0.097344,0.003055,-0.207335,0.25254,24,572.34,33,518,51.06
META,2026-09-01,2026-09-25,660.0,C,1.75,2.26,2.005,38.7579,0.086993,0.002784,-0.192496,0.23237,24,572.34,28,277,51.06
META,2026-09-01,2026-09-25,665.0,C,1.43,2.04,1.735,39.3072,0.078683,0.002545,-0.180845,0.215461,24,572.34,18,74,51.06
META,2026-09-01,2026-09-25,670.0,C,1.28,1.75,1.515,39.3805,0.068726,0.002291,-0.163247,0.194286,24,572.34,55,316,51.06
META,2026-09-01,2026-09-25,675.0,C,1.04,1.62,1.33,40.1129,0.063176,0.002107,-0.155644,0.182013,24,572.34,7,93,51.06
META,2026-09-01,2026-09-25,680.0,C,1.04,1.4,1.22,40.2472,0.055388,0.001894,-0.140758,0.16417,24,572.34,16,299,51.06
META,2026-09-01,2026-09-25,685.0,C,0.86,1.1,0.98,39.6612,0.04534,0.001638,-0.118189,0.139956,24,572.34,16,66,51.06
META,2026-09-01,2026-09-25,690.0,C,0.7,1.19,0.945,41.5411,0.046593,0.001599,-0.126417,0.143055,24,572.34,11,141,51.06
META,2026-09-01,2026-09-25,695.0,C,0.59,1.08,0.835,42.0416,0.042305,0.001462,-0.118291,0.132349,24,572.34,5,50,51.06
META,2026-09-01,2026-09-25,700.0,C,0.6,0.9,0.75,41.8707,0.036026,0.001288,-0.103316,0.116123,24,572.34,563,1736,51.06
META,2026-09-01,2026-09-25,705.0,C,0.44,0.79,0.615,42.1148,0.031895,0.001158,-0.093964,0.105054,24,572.34,7,161,51.06
META,2026-09-01,2026-09-25,710.0,C,0.37,0.71,0.54,42.5055,0.028687,0.001051,-0.086814,0.096217,24,572.34,2,44,51.06
META,2026-09-01,2026-09-25,715.0,C,0.32,0.76,0.54,44.1168,0.029445,0.001035,-0.092021,0.098325,24,572.34,1,25,51.06
META,2026-09-01,2026-09-25,720.0,C,0.37,0.56,0.465,43.1158,0.022832,0.000856,-0.072673,0.079477,24,572.34,10,33,51.06
META,2026-09-01,2026-09-25,725.0,C,0.26,0.47,0.365,43.0426,0.019472,0.000749,-0.063384,0.069463,24,572.34,2,264,51.06
META,2026-09-01,2026-09-25,730.0,C,0.19,0.6,0.395,45.7281,0.022997,0.000812,-0.077466,0.079961,24,572.34,1,19,51.06
META,2026-09-01,2026-09-25,735.0,C,0.23,0.56,0.395,46.2896,0.021315,0.000752,-0.073519,0.074996,24,572.34,2,28,51.06
META,2026-09-01,2026-09-25,740.0,C,0.19,0.4,0.295,45.0933,0.016063,0.000607,-0.056276,0.058943,24,572.34,2,305,51.06
META,2026-09-01,2026-09-25,745.0,C,0.2,0.53,0.365,47.9742,0.019616,0.000676,-0.07096,0.0699,24,572.34,1,9,51.06
META,2026-09-01,2026-09-25,750.0,C,0.17,0.36,0.265,46.3873,0.014166,0.00053,-0.051928,0.052911,24,572.34,252,890,51.06
META,2026-09-01,2026-09-25,755.0,C,0.16,0.4,0.28,48.0474,0.015131,0.000541,-0.056901,0.055997,24,572.34,12,27,51.06
META,2026-09-01,2026-09-25,760.0,C,0.12,0.39,0.255,48.8286,0.014529,0.000514,-0.055822,0.054075,24,572.34,1,18,51.06
META,2026-09-01,2026-09-25,765.0,C,0.01,0.37,0.19,49.439,0.013695,0.000483,-0.053696,0.051388,24,572.34,1,80,51.06
META,2026-09-01,2026-09-25,770.0,C,0.01,0.33,0.17,49.6099,0.012253,0.000437,-0.048928,0.046676,24,572.34,2,198,51.06
META,2026-09-01,2026-09-25,775.0,C,0.01,0.29,0.15,49.7075,0.010861,0.000393,-0.044138,0.042033,24,572.34,1,406,51.06
META,2026-09-01,2026-09-25,780.0,C,0.0,0.56,0.28,50.3911,0.010386,0.000372,-0.043025,0.040429,24,572.34,1,4,51.06
META,2026-09-01,2026-09-25,785.0,C,0.04,0.29,0.165,51.5142,0.010521,0.000368,-0.04447,0.040887,24,572.34,4,8,51.06
META,2026-09-01,2026-09-25,790.0,C,0.07,0.27,0.17,51.9048,0.009731,0.000342,-0.041846,0.038195,24,572.34,2,7,51.06
META,2026-09-01,2026-09-25,795.0,C,0.06,0.26,0.16,52.5395,0.009298,0.000324,-0.040695,0.036703,24,572.34,15,9,51.06
META,2026-09-01,2026-09-25,800.0,C,0.06,0.22,0.14,52.3442,0.007986,0.000285,-0.035476,0.032121,24,572.34,20,155,51.06
META,2026-09-01,2026-09-25,805.0,C,0.05,0.26,0.155,51.0747,0.005863,0.000222,-0.026342,0.024447,24,572.34,6,7,51.06
META,2026-09-01,2026-09-25,810.0,C,0.0,0.42,0.21,53.7114,0.007447,0.000261,-0.034215,0.030204,24,572.34,12,12,51.06
META,2026-09-01,2026-09-25,815.0,C,0.0,0.25,0.125,51.4653,0.004747,0.000183,-0.021992,0.020262,24,572.34,10,26,51.06
META,2026-09-01,2026-09-25,820.0,C,0.0,0.43,0.215,55.518,0.007398,0.000251,-0.035145,0.030029,24,572.34,2,8,51.06
META,2026-09-01,2026-09-25,825.0,C,0.0,0.32,0.16,54.4926,0.005714,0.000204,-0.027446,0.023894,24,572.34,2,8,51.06
META,2026-09-01,2026-09-25,830.0,C,0.01,0.22,0.115,53.3208,0.004242,0.00016,-0.020594,0.018325,24,572.34,6,12,51.06
META,2026-09-01,2026-09-25,835.0,C,0.01,0.21,0.11,53.8091,0.004018,0.000151,-0.019794,0.017456,24,572.34,5,7,51.06
META,2026-09-01,2026-09-25,840.0,C,0.01,0.2,0.105,54.2973,0.003811,0.000142,-0.019047,0.016649,24,572.34,1,19,51.06
META,2026-09-01,2026-09-25,845.0,C,0.0,0.21,0.105,55.0786,0.003786,0.00014,-0.019205,0.016552,24,572.34,7,3,51.06
META,2026-09-01,2026-09-25,850.0,C,0.01,0.2,0.105,55.8598,0.003765,0.000137,-0.019379,0.016471,24,572.34,1,13,51.06
META,2026-09-01,2026-09-25,855.0,C,0.01,0.18,0.095,55.9575,0.003381,0.000124,-0.01762,0.014952,24,572.34,2,8,51.06
META,2026-09-01,2026-09-25,860.0,C,0.0,0.26,0.13,58.4965,0.004354,0.000149,-0.023102,0.018757,24,572.34,7,10,51.06
META,2026-09-01,2026-09-25,865.0,C,0.01,0.15,0.08,56.4457,0.002855,0.000106,-0.015259,0.01284,24,572.34,3,7,51.06
META,2026-09-01,2026-09-25,870.0,C,0.0,0.32,0.16,61.3285,0.005106,0.000164,-0.027908,0.02162,24,572.34,11,2,51.06
META,2026-09-01,2026-09-25,875.0,C,0.0,0.25,0.125,60.4496,0.004082,0.000136,-0.022528,0.017707,24,572.34,12,10,51.06
META,2026-09-01,2026-09-25,880.0,C,0.01,0.17,0.09,59.1801,0.003046,0.000107,-0.016955,0.013614,24,572.34,99,17,51.06
META,2026-09-01,2026-09-25,885.0,C,0.0,0.38,0.19,64.6488,0.005679,0.000171,-0.032323,0.023765,24,572.34,6,12,51.06
META,2026-09-01,2026-09-25,890.0,C,0.0,0.32,0.16,64.1605,0.004851,0.000149,-0.027882,0.020657,24,572.34,6,9,51.06
META,2026-09-01,2026-09-25,895.0,C,0.0,0.32,0.16,64.9418,0.004844,0.000147,-0.028179,0.020629,24,572.34,19,21,51.06
META,2026-09-01,2026-09-25,900.0,C,0.0,0.38,0.19,66.7972,0.005499,0.000161,-0.032443,0.023094,24,572.34,29,13,51.06
META,2026-09-01,2026-09-25,905.0,C,0.0,0.39,0.195,67.7249,0.005583,0.00016,-0.033335,0.023407,24,572.34,9,4,51.06
META,2026-09-01,2026-09-25,910.0,C,0.0,0.36,0.18,67.8714,0.005184,0.00015,-0.031276,0.021916,24,572.34,21,26,51.06
META,2026-09-01,2026-09-25,915.0,C,0.0,0.38,0.19,68.9456,0.005361,0.000152,-0.032731,0.02258,24,572.34,37,42,51.06
META,2026-09-01,2026-09-25,920.0,C,0.0,0.5,0.25,71.7776,0.006691,0.000178,-0.041465,0.027482,24,572.34,57,73,51.06
META,2026-09-01,2026-09-25,925.0,C,0.0,0.53,0.265,72.9495,0.006953,0.000181,-0.043589,0.028429,24,572.34,52,7,51.06
META,2026-09-01,2026-09-25,930.0,C,0.0,0.66,0.33,75.5374,0.008271,0.000204,-0.052583,0.033125,24,572.34,6,70,51.06
META,2026-09-01,2026-09-25,935.0,C,0.01,0.6,0.305,75.5374,0.007666,0.00019,-0.049185,0.030987,24,572.34,81,21,51.06
META,2026-09-01,2026-09-25,940.0,C,0.01,0.45,0.23,73.8772,0.006013,0.000157,-0.038814,0.025003,24,572.34,13,34,51.06
META,2026-09-01,2026-09-25,945.0,C,0.0,0.59,0.295,76.6604,0.00734,0.000181,-0.048033,0.029823,24,572.34,13,16,51.06
META,2026-09-01,2026-09-25,950.0,C,0.0,0.74,0.37,79.3947,0.008771,0.000204,-0.058167,0.034876,24,572.34,2,17,51.06
META,2026-09-01,2026-09-25,955.0,C,0.0,0.76,0.38,80.3713,0.008912,0.000204,-0.059703,0.035365,24,572.34,3,16,51.06
META,2026-09-01,2026-09-25,960.0,C,0.0,0.97,0.485,83.4963,0.010806,0.000233,-0.073385,0.041849,24,572.34,7,13,51.06
META,2026-09-01,2026-09-25,965.0,C,0.0,0.79,0.395,82.1291,0.00905,0.000203,-0.061828,0.035846,24,572.34,8,27,51.06
META,2026-09-01,2026-09-25,970.0,C,0.02,0.17,0.095,71.1917,0.002675,7.9e-05,-0.018105,0.012107,24,572.34,3,25,51.06
META,2026-09-01,2026-09-25,975.0,C,0.0,0.81,0.405,83.7892,0.009125,0.0002,-0.063525,0.036106,24,572.34,30,19,51.06
META,2026-09-01,2026-09-25,980.0,C,0.01,0.44,0.225,79.0041,0.005521,0.000136,-0.038452,0.023178,24,572.34,188,19,51.06
META,2026-09-01,2026-09-25,985.0,C,0.02,0.24,0.13,75.2932,0.003439,9.4e-05,-0.024004,0.015182,24,572.34,25,48,51.06
META,2026-09-01,2026-09-25,990.0,C,0.01,0.73,0.37,84.9123,0.008275,0.000181,-0.059076,0.03314,24,572.34,135,13,51.06
META,2026-09-01,2026-09-25,995.0,C,0.01,0.7,0.355,85.1564,0.00793,0.000174,-0.057065,0.031922,24,572.34,63,55,51.06
META,2026-09-01,2026-09-25,1000.0,C,0.01,0.68,0.345,85.547,0.007697,0.000169,-0.055841,0.031097,24,572.34,151,63,51.06
META,2026-09-01,2026-09-25,1010.0,C,0.01,0.2,0.105,76.758,0.002762,7.5e-05,-0.020083,0.012463,24,572.34,19,33,51.06
META,2026-09-01,2026-09-25,1020.0,C,0.01,0.78,0.395,89.5021,0.008373,0.000174,-0.062887,0.033482,24,572.34,25,91,51.06
META,2026-09-01,2026-09-25,1030.0,C,0.02,0.79,0.405,91.0645,0.008447,0.000172,-0.064474,0.033743,24,572.34,43,46,51.06
META,2026-09-01,2026-09-25,1040.0,C,0.01,0.8,0.405,92.3341,0.008339,0.000168,-0.06463,0.033363,24,572.34,10,78,51.06
META,2026-09-01,2026-09-25,1050.0,C,0.01,0.44,0.225,87.6954,0.00501,0.000113,-0.039115,0.02126,24,572.34,98,207,51.06
META,2026-09-01,2026-09-25,1060.0,C,0.01,0.54,0.275,90.8204,0.005879,0.000125,-0.046687,0.024506,24,572.34,37,70,51.06
META,2026-09-01,2026-09-25,1070.0,C,0.01,0.85,0.43,96.7285,0.008456,0.000162,-0.068516,0.033773,24,572.34,23,117,51.06
META,2026-09-01,2026-09-25,200.0,P,0.0,1.46,0.73,181.2013,-0.006202,6.6e-05,-0.096578,0.025696,24,572.34,10,119,51.06
META,2026-09-01,2026-09-25,210.0,P,0.0,1.22,0.61,169.1408,-0.005635,6.5e-05,-0.082786,0.023602,24,572.34,1,139,51.06
META,2026-09-01,2026-09-25,220.0,P,0.0,1.3,0.65,163.1838,-0.00621,7.3e-05,-0.087037,0.025725,24,572.34,0,36,51.06
META,2026-09-01,2026-09-25,230.0,P,0.0,0.99,0.495,150.5862,-0.005228,6.8e-05,-0.068924,0.022081,24,572.34,37,36,51.06
META,2026-09-01,2026-09-25,240.0,P,0.0,1.28,0.64,148.9749,-0.006709,8.6e-05,-0.085043,0.027545,24,572.34,0,16,51.06
META,2026-09-01,2026-09-25,250.0,P,0.0,0.97,0.485,137.305,-0.005614,8e-05,-0.066925,0.023525,24,572.34,13,45,51.06
META,2026-09-01,2026-09-25,270.0,P,0.0,1.22,0.61,129.3949,-0.007392,0.000108,-0.080403,0.030006,24,572.34,20,4,51.06
META,2026-09-01,2026-09-25,300.0,P,0.0,1.02,0.51,110.0102,-0.007352,0.000126,-0.06797,0.029864,24,572.34,7,104,51.06
META,2026-09-01,2026-09-25,310.0,P,0.0,0.77,0.385,101.0747,-0.006126,0.000117,-0.053128,0.025416,24,572.34,4,38,51.06
META,2026-09-01,2026-09-25,320.0,P,0.0,0.72,0.36,95.5079,-0.006097,0.000123,-0.049973,0.02531,24,572.34,2,4,51.06
META,2026-09-01,2026-09-25,330.0,P,0.0,0.66,0.33,89.8927,-0.005956,0.000128,-0.046054,0.024792,24,572.34,3,8,51.06
META,2026-09-01,2026-09-25,340.0,P,0.0,0.79,0.395,87.4513,-0.007233,0.000156,-0.053179,0.029439,24,572.34,5,11,51.06
META,2026-09-01,2026-09-25,350.0,P,0.0,0.51,0.255,78.5158,-0.005301,0.000132,-0.036234,0.022354,24,572.34,5,8,51.06
META,2026-09-01,2026-09-25,360.0,P,0.0,0.43,0.215,72.9495,-0.004867,0.000132,-0.031183,0.020717,24,572.34,1,27,51.06
META,2026-09-01,2026-09-25,370.0,P,0.0,0.33,0.165,66.8949,-0.004107,0.000124,-0.024555,0.017801,24,572.34,6,9,51.06
META,2026-09-01,2026-09-25,380.0,P,0.0,0.28,0.14,62.0121,-0.003786,0.000124,-0.02115,0.016552,24,572.34,1,12,51.06
META,2026-09-01,2026-09-25,390.0,P,0.0,0.29,0.145,58.5942,-0.004091,0.000141,-0.021406,0.017741,24,572.34,1,8,51.06
META,2026-09-01,2026-09-25,400.0,P,0.03,0.2,0.115,53.7114,-0.003595,0.000137,-0.017459,0.015799,24,572.34,1,34,51.06
META,2026-09-01,2026-09-25,405.0,P,0.02,0.23,0.125,52.4419,-0.003938,0.000152,-0.018492,0.017146,24,572.34,5,21,51.06
META,2026-09-01,2026-09-25,410.0,P,0.02,0.24,0.13,50.9771,-0.004194,0.000165,-0.01901,0.018141,24,572.34,3,28,51.06
META,2026-09-01,2026-09-25,415.0,P,0.03,0.26,0.145,50.0005,-0.004793,0.00019,-0.020995,0.020436,24,572.34,1,41,51.06
META,2026-09-01,2026-09-25,420.0,P,0.03,0.33,0.18,53.6137,-0.009702,0.00033,-0.041954,0.038094,24,572.34,5,41,51.06
META,2026-09-01,2026-09-25,425.0,P,0.07,0.29,0.18,50.8794,-0.009005,0.000326,-0.03728,0.03569,24,572.34,2,30,51.06
META,2026-09-01,2026-09-25,430.0,P,0.06,0.32,0.19,49.7808,-0.010086,0.000368,-0.040253,0.039408,24,572.34,1,32,51.06
META,2026-09-01,2026-09-25,435.0,P,0.11,0.34,0.225,48.4136,-0.010951,0.000406,-0.042033,0.042337,24,572.34,1,11,51.06
META,2026-09-01,2026-09-25,440.0,P,0.07,0.37,0.22,47.2173,-0.012141,0.000455,-0.044809,0.046306,24,572.34,3,27,51.06
META,2026-09-01,2026-09-25,445.0,P,0.13,0.4,0.265,45.9478,-0.013357,0.000508,-0.047327,0.050292,24,572.34,2,42,51.06
META,2026-09-01,2026-09-25,450.0,P,0.21,0.36,0.285,43.5064,-0.012761,0.000516,-0.043043,0.048346,24,572.34,12,103,51.06
META,2026-09-01,2026-09-25,455.0,P,0.22,0.51,0.365,44.0191,-0.017394,0.000665,-0.056803,0.063097,24,572.34,1,81,51.06
META,2026-09-01,2026-09-25,460.0,P,0.15,0.64,0.395,43.8238,-0.021564,0.000802,-0.067831,0.075737,24,572.34,5,43,51.06
META,2026-09-01,2026-09-25,465.0,P,0.38,0.54,0.46,40.7965,-0.019644,0.000796,-0.058287,0.069985,24,572.34,5,53,51.06
META,2026-09-01,2026-09-25,470.0,P,0.49,0.8,0.645,41.7242,-0.027574,0.001036,-0.079243,0.093098,24,572.34,25,55,51.06
META,2026-09-01,2026-09-25,475.0,P,0.57,0.85,0.71,40.296,-0.030085,0.001153,-0.082196,0.100095,24,572.34,11,226,51.06
META,2026-09-01,2026-09-25,480.0,P,0.52,0.85,0.685,38.4039,-0.031383,0.001253,-0.081025,0.103658,24,572.34,6,205,51.06
META,2026-09-01,2026-09-25,485.0,P,0.64,1.03,0.835,37.9157,-0.037788,0.001478,-0.093076,0.120744,24,572.34,31,117,51.06
META,2026-09-01,2026-09-25,490.0,P,0.9,1.41,1.155,38.4406,-0.049474,0.001813,-0.117181,0.150091,24,572.34,66,409,51.06
META,2026-09-01,2026-09-25,495.0,P,1.2,1.39,1.295,36.3166,-0.051355,0.001977,-0.113859,0.154622,24,572.34,25,269,51.06
META,2026-09-01,2026-09-25,500.0,P,1.5,1.69,1.595,35.8893,-0.061662,0.00231,-0.129783,0.178603,24,572.34,83,746,51.06
META,2026-09-01,2026-09-25,505.0,P,1.74,2.18,1.96,36.0541,-0.07683,0.002725,-0.154248,0.211599,24,572.34,29,250,51.06
META,2026-09-01,2026-09-25,510.0,P,2.18,2.73,2.455,36.0541,-0.093392,0.003154,-0.178279,0.244951,24,572.34,73,535,51.06
META,2026-09-01,2026-09-25,515.0,P,2.68,3.2,2.94,35.4377,-0.108572,0.003582,-0.195194,0.273386,24,572.34,51,603,51.06
META,2026-09-01,2026-09-25,520.0,P,3.3,3.85,3.575,35.1508,-0.127916,0.004055,-0.216988,0.307007,24,572.34,135,2917,51.06
META,2026-09-01,2026-09-25,525.0,P,4.05,4.6,4.325,34.8395,-0.149511,0.00455,-0.238657,0.341443,24,572.34,59,579,51.06
META,2026-09-01,2026-09-25,530.0,P,5.0,5.7,5.35,35.1142,-0.177264,0.005043,-0.268117,0.381407,24,572.34,470,879,51.06
META,2026-09-01,2026-09-25,535.0,P,6.0,6.6,6.3,34.5466,-0.202256,0.005559,-0.285264,0.413651,24,572.34,415,434,51.06
META,2026-09-01,2026-09-25,540.0,P,7.2,7.85,7.525,34.4611,-0.232644,0.006042,-0.307641,0.44849,24,572.34,56,679,51.06
META,2026-09-01,2026-09-25,545.0,P,8.5,9.5,9.0,34.8395,-0.267618,0.006438,-0.334095,0.483107,24,572.34,62,340,51.06
META,2026-09-01,2026-09-25,550.0,P,10.05,10.95,10.5,34.4672,-0.300681,0.006881,-0.34816,0.510804,24,572.34,89,770,51.06
META,2026-09-01,2026-09-25,555.0,P,11.75,12.8,12.275,34.516,-0.337397,0.007212,-0.364583,0.536161,24,572.34,6,248,51.06
META,2026-09-01,2026-09-25,560.0,P,13.7,14.8,14.25,34.4886,-0.37508,0.007492,-0.376525,0.556551,24,572.34,88,730,51.06
META,2026-09-01,2026-09-25,565.0,P,15.8,16.8,16.3,34.1346,-0.413222,0.007774,-0.380684,0.571589,24,572.34,24,160,51.06
META,2026-09-01,2026-09-25,570.0,P,18.25,19.45,18.85,34.5557,-0.452941,0.007812,-0.390186,0.581417,24,572.34,78,319,51.06
META,2026-09-01,2026-09-25,575.0,P,20.6,21.85,21.225,34.2292,-0.492414,0.00794,-0.386514,0.585389,24,572.34,66,140,51.06
META,2026-09-01,2026-09-25,580.0,P,23.45,24.75,24.1,34.4184,-0.531366,0.007873,-0.38503,0.583685,24,572.34,12,107,51.06
META,2026-09-01,2026-09-25,585.0,P,25.75,28.25,27.0,35.3125,-0.567198,0.007588,-0.388662,0.57717,24,572.34,13,152,51.06
META,2026-09-01,2026-09-25,590.0,P,28.45,31.3,29.875,35.1508,-0.604441,0.007467,-0.375549,0.565315,24,572.34,6,505,51.06
META,2026-09-01,2026-09-25,595.0,P,31.25,34.6,32.925,35.1172,-0.64017,0.007258,-0.360774,0.548973,24,572.34,5,120,51.06
META,2026-09-01,2026-09-25,600.0,P,34.55,38.15,36.35,35.2454,-0.673599,0.00697,-0.345367,0.529147,24,572.34,4,143,51.06
META,2026-09-01,2026-09-25,605.0,P,38.15,42.65,40.4,36.9238,-0.695977,0.006455,-0.349948,0.513342,24,572.34,5,23,51.06
META,2026-09-01,2026-09-25,610.0,P,41.95,46.65,44.3,37.4579,-0.722365,0.006098,-0.337055,0.491999,24,572.34,3,24,51.06
META,2026-09-01,2026-09-25,615.0,P,45.8,50.05,47.925,36.4936,-0.756538,0.00585,-0.300347,0.459804,24,572.34,1,9,51.06
META,2026-09-01,2026-09-25,620.0,P,50.0,55.05,52.525,38.7335,-0.767596,0.005373,-0.311312,0.448232,24,572.34,2,79,51.06
META,2026-09-01,2026-09-25,625.0,P,54.1,59.25,56.675,39.0753,-0.789258,0.005036,-0.292958,0.423846,24,572.34,12,29,51.06
META,2026-09-01,2026-09-25,630.0,P,58.55,63.6,61.075,39.5819,-0.808062,0.004701,-0.27684,0.400748,24,572.34,2,12,51.06
META,2026-09-01,2026-09-25,635.0,P,62.95,68.05,65.5,40.1678,-0.824676,0.004378,-0.261907,0.37876,24,572.34,15,23,51.06
META,2026-09-01,2026-09-25,640.0,P,67.4,72.55,69.975,40.7294,-0.839921,0.004072,-0.246697,0.357205,24,572.34,1,41,51.06
META,2026-09-01,2026-09-25,645.0,P,72.0,77.15,74.575,41.4251,-0.852894,0.003785,-0.233866,0.33776,24,572.34,1,20,51.06
META,2026-09-01,2026-09-25,650.0,P,75.65,82.0,78.825,42.7496,-0.860713,0.003535,-0.231338,0.325525,24,572.34,5,22,51.06
META,2026-09-01,2026-09-25,655.0,P,80.3,86.7,83.5,43.5491,-0.870809,0.003296,-0.220814,0.309128,24,572.34,18,47,51.06
META,2026-09-01,2026-09-25,660.0,P,85.1,91.5,88.3,44.5806,-0.878593,0.003083,-0.214321,0.296002,24,572.34,2,10,51.06
META,2026-09-01,2026-09-25,665.0,P,89.85,96.05,92.95,44.66,-0.890952,0.002851,-0.193382,0.274247,24,572.34,0,53,51.06
META,2026-09-01,2026-09-25,670.0,P,94.75,101.0,97.875,46.0577,-0.895102,0.002688,-0.193357,0.266677,24,572.34,1,65,51.06
META,2026-09-01,2026-09-25,675.0,P,99.4,105.95,102.675,47.4248,-0.898962,0.002541,-0.193144,0.259513,24,572.34,10,12,51.06
META,2026-09-01,2026-09-25,680.0,P,104.5,110.65,107.575,47.7788,-0.907504,0.002363,-0.177852,0.243212,24,572.34,20,10,51.06
META,2026-09-01,2026-09-25,685.0,P,109.3,115.5,112.4,48.6333,-0.912899,0.00222,-0.170606,0.232586,24,572.34,0,2,51.06
META,2026-09-01,2026-09-25,690.0,P,114.2,121.05,117.625,52.3076,-0.904649,0.002208,-0.205921,0.248729,24,572.34,25,31,51.06
META,2026-09-01,2026-09-25,695.0,P,119.1,127.0,123.05,57.3002,-0.890911,0.002223,-0.262543,0.274321,24,572.34,3,10,51.06
META,2026-09-01,2026-09-25,700.0,P,124.05,131.6,127.825,57.3307,-0.899625,0.002092,-0.242566,0.258269,24,572.34,1,1,51.06
META,2026-09-01,2026-09-25,705.0,P,129.05,136.55,132.8,58.5942,-0.902512,0.002003,-0.242031,0.252814,24,572.34,0,0,51.06
META,2026-09-01,2026-09-25,715.0,P,138.65,146.85,142.75,62.5858,-0.901682,0.001887,-0.264109,0.25439,24,572.34,0,0,51.06
META,2026-09-01,2026-09-25,720.0,P,143.75,151.8,147.775,63.7943,-0.904269,0.001815,-0.263305,0.249459,24,572.34,0,0,51.06
META,2026-09-01,2026-09-25,725.0,P,149.05,156.45,152.75,63.7882,-0.911286,0.001716,-0.244223,0.23579,24,572.34,0,0,51.06
META,2026-09-01,2026-09-25,730.0,P,153.65,161.45,157.55,65.1371,-0.912849,0.001658,-0.246033,0.232684,24,572.34,0,0,51.06
META,2026-09-01,2026-09-25,735.0,P,159.05,166.55,162.8,66.8888,-0.912815,0.001616,-0.254101,0.232752,24,572.34,0,0,51.06
META,2026-09-01,2026-09-25,770.0,P,194.05,201.8,197.925,76.9289,-0.918157,0.00134,-0.2816,0.221969,24,572.34,0,0,51.06
META,2026-09-01,2026-10-02,260.0,C,309.1,316.95,313.025,121.5336,0.992107,0.000107,-0.096801,0.03613,31,572.34,6,4,51.06
META,2026-09-01,2026-10-02,400.0,C,169.95,177.85,173.9,68.97,0.971198,0.000572,-0.160992,0.109715,31,572.34,1,2,51.06
META,2026-09-01,2026-10-02,415.0,C,155.05,162.45,158.75,61.7435,0.970891,0.000644,-0.150699,0.110688,31,572.34,0,1,51.06
META,2026-09-01,2026-10-02,470.0,C,102.1,108.15,105.125,58.8017,0.895037,0.001853,-0.328797,0.303219,31,572.34,0,1,51.06
META,2026-09-01,2026-10-02,480.0,C,92.65,98.55,95.6,55.3837,0.883063,0.002126,-0.334158,0.32762,31,572.34,1,1,51.06
META,2026-09-01,2026-10-02,485.0,C,87.95,93.95,90.95,54.1753,0.874474,0.002285,-0.342374,0.344367,31,572.34,0,1,51.06
META,2026-09-01,2026-10-02,490.0,C,82.8,89.2,86.0,52.5029,0.867011,0.002454,-0.345045,0.358432,31,572.34,0,1,51.06
META,2026-09-01,2026-10-02,495.0,C,78.6,84.5,81.55,50.913,0.858585,0.002639,-0.348457,0.373795,31,572.34,2,3,51.06
META,2026-09-01,2026-10-02,500.0,C,73.95,80.0,76.975,49.7564,0.847608,0.002839,-0.35673,0.393017,31,572.34,1,57,51.06
META,2026-09-01,2026-10-02,505.0,C,69.75,75.5,72.625,48.5113,0.836089,0.003055,-0.36369,0.412273,31,572.34,24,12,51.06
META,2026-09-01,2026-10-02,510.0,C,65.3,70.4,67.85,45.8379,0.829909,0.003311,-0.353435,0.422231,31,572.34,1,11,51.06
META,2026-09-01,2026-10-02,515.0,C,61.1,66.25,63.675,45.2215,0.813528,0.003556,-0.367082,0.447426,31,572.34,0,1,51.06
META,2026-09-01,2026-10-02,520.0,C,56.8,62.0,59.4,44.2449,0.797529,0.003822,-0.375945,0.470419,31,572.34,44,39,51.06
META,2026-09-01,2026-10-02,525.0,C,52.7,57.75,55.225,43.1402,0.780765,0.004107,-0.382653,0.492889,31,572.34,1,11,51.06
META,2026-09-01,2026-10-02,530.0,C,48.75,53.75,51.25,42.3712,0.761091,0.004388,-0.392442,0.517239,31,572.34,14,74,51.06
META,2026-09-01,2026-10-02,535.0,C,44.8,50.05,47.425,41.9806,0.738435,0.004647,-0.405482,0.542705,31,572.34,1,15,51.06
META,2026-09-01,2026-10-02,540.0,C,41.2,46.3,43.75,41.3092,0.715547,0.004923,-0.414014,0.565758,31,572.34,68,55,51.06
META,2026-09-01,2026-10-02,545.0,C,37.7,42.8,40.25,40.8697,0.690448,0.005172,-0.423611,0.588079,31,572.34,2,40,51.06
META,2026-09-01,2026-10-02,550.0,C,35.7,39.35,37.525,40.3143,0.664439,0.005421,-0.430172,0.608063,31,572.34,28,176,51.06
META,2026-09-01,2026-10-02,555.0,C,31.9,35.3,33.6,38.6237,0.639738,0.005809,-0.422599,0.624174,31,572.34,7,150,51.06
META,2026-09-01,2026-10-02,560.0,C,29.55,32.6,31.075,38.8434,0.609166,0.005926,-0.43344,0.640353,31,572.34,10,97,51.06
META,2026-09-01,2026-10-02,565.0,C,26.75,28.9,27.825,37.3206,0.58012,0.006279,-0.42338,0.651959,31,572.34,31,280,51.06
META,2026-09-01,2026-10-02,570.0,C,24.4,25.9,25.15,36.6431,0.548329,0.006479,-0.419776,0.660536,31,572.34,169,286,51.06
META,2026-09-01,2026-10-02,575.0,C,22.5,23.45,22.975,36.5485,0.515747,0.006539,-0.419693,0.664906,31,572.34,151,351,51.06
META,2026-09-01,2026-10-02,580.0,C,20.0,21.05,20.525,36.2921,0.482911,0.006584,-0.415219,0.664814,31,572.34,66,359,51.06
META,2026-09-01,2026-10-02,585.0,C,17.6,19.0,18.3,36.3227,0.450732,0.006535,-0.411259,0.660343,31,572.34,21,86,51.06
META,2026-09-01,2026-10-02,590.0,C,16.2,17.1,16.65,36.3501,0.419185,0.006444,-0.40485,0.651724,31,572.34,74,218,51.06
META,2026-09-01,2026-10-02,595.0,C,14.15,15.45,14.8,36.5332,0.389092,0.006292,-0.398009,0.639541,31,572.34,44,134,51.06
META,2026-09-01,2026-10-02,600.0,C,12.75,13.7,13.225,36.341,0.358395,0.006162,-0.384747,0.623052,31,572.34,145,531,51.06
META,2026-09-01,2026-10-02,605.0,C,11.4,12.35,11.875,36.5668,0.330791,0.005943,-0.374679,0.604633,31,572.34,101,492,51.06
META,2026-09-01,2026-10-02,610.0,C,10.05,11.2,10.625,36.933,0.305448,0.00569,-0.364976,0.584636,31,572.34,50,107,51.06
META,2026-09-01,2026-10-02,615.0,C,9.0,9.9,9.45,36.8445,0.278837,0.005466,-0.348284,0.560344,31,572.34,245,546,51.06
META,2026-09-01,2026-10-02,620.0,C,7.75,8.8,8.275,36.9025,0.254466,0.005211,-0.332421,0.535014,31,572.34,83,239,51.06
META,2026-09-01,2026-10-02,625.0,C,6.65,8.05,7.35,37.4426,0.234834,0.004919,-0.322337,0.51237,31,572.34,36,139,51.06
META,2026-09-01,2026-10-02,630.0,C,6.2,7.0,6.6,37.2168,0.211412,0.004661,-0.301342,0.482605,31,572.34,62,314,51.06
META,2026-09-01,2026-10-02,635.0,C,5.25,6.45,5.85,37.8485,0.195447,0.004373,-0.291899,0.460515,31,572.34,16,87,51.06
META,2026-09-01,2026-10-02,640.0,C,4.75,5.55,5.15,37.5525,0.174304,0.004105,-0.269392,0.428875,31,572.34,358,291,51.06
META,2026-09-01,2026-10-02,645.0,C,4.05,5.1,4.575,38.1293,0.160725,0.003837,-0.259205,0.407038,31,572.34,331,131,51.06
META,2026-09-01,2026-10-02,650.0,C,3.75,4.25,4.0,37.5372,0.140194,0.003558,-0.23275,0.371602,31,572.34,111,310,51.06
META,2026-09-01,2026-10-02,655.0,C,3.1,4.05,3.575,38.5077,0.131841,0.003326,-0.228593,0.356296,31,572.34,20,31,51.06
META,2026-09-01,2026-10-02,660.0,C,2.84,3.55,3.195,38.5321,0.118073,0.003077,-0.211556,0.32987,31,572.34,38,188,51.06
META,2026-09-01,2026-10-02,665.0,C,2.41,3.2,2.805,38.8556,0.107391,0.002852,-0.199152,0.30827,31,572.34,10,79,51.06
META,2026-09-01,2026-10-02,670.0,C,2.1,2.89,2.495,39.1974,0.097783,0.002641,-0.187484,0.287964,31,572.34,12,43,51.06
META,2026-09-01,2026-10-02,675.0,C,1.9,2.56,2.23,39.3439,0.087886,0.002431,-0.173753,0.266113,31,572.34,12,58,51.06
META,2026-09-01,2026-10-02,680.0,C,1.76,2.05,1.905,38.5992,0.073836,0.002173,-0.149363,0.233308,31,572.34,35,81,51.06
META,2026-09-01,2026-10-02,685.0,C,1.48,2.02,1.75,39.7101,0.071132,0.002052,-0.149177,0.226733,31,572.34,18,53,51.06
META,2026-09-01,2026-10-02,690.0,C,1.24,1.63,1.435,39.0997,0.059861,0.001823,-0.128416,0.198334,31,572.34,19,43,51.06
META,2026-09-01,2026-10-02,695.0,C,1.19,1.76,1.475,40.9064,0.061459,0.001779,-0.137001,0.202464,31,572.34,12,52,51.06
META,2026-09-01,2026-10-02,700.0,C,1.09,1.5,1.295,40.7232,0.053643,0.001606,-0.122477,0.181918,31,572.34,25,221,51.06
META,2026-09-01,2026-10-02,705.0,C,0.9,1.25,1.075,40.4059,0.046039,0.001432,-0.107514,0.161032,31,572.34,13,21,51.06
META,2026-09-01,2026-10-02,710.0,C,0.73,1.25,0.99,41.4801,0.044917,0.001368,-0.108121,0.157866,31,572.34,6,26,51.06
META,2026-09-01,2026-10-02,715.0,C,0.76,1.27,1.015,42.6764,0.044404,0.001317,-0.110136,0.156414,31,572.34,1,18,51.06
META,2026-09-01,2026-10-02,720.0,C,0.71,1.18,0.945,43.1524,0.041196,0.001226,-0.104755,0.147213,31,572.34,2,36,51.06
META,2026-09-01,2026-10-02,725.0,C,0.52,1.09,0.805,43.5675,0.038054,0.001139,-0.099102,0.138015,31,572.34,1,31,51.06
META,2026-09-01,2026-10-02,730.0,C,0.5,0.89,0.695,43.0548,0.032075,0.001001,-0.085087,0.119951,31,572.34,1,4,51.06
META,2026-09-01,2026-10-02,735.0,C,0.41,0.78,0.595,43.0914,0.028468,0.000906,-0.077107,0.108656,31,572.34,12,9,51.06
META,2026-09-01,2026-10-02,740.0,C,0.32,0.71,0.515,43.3966,0.026,0.000834,-0.071963,0.100739,31,572.34,9,6,51.06
META,2026-09-01,2026-10-02,745.0,C,0.31,0.79,0.55,45.0933,0.027656,0.000845,-0.078687,0.106071,31,572.34,1,27,51.06
META,2026-09-01,2026-10-02,750.0,C,0.27,0.6,0.435,44.1168,0.022019,0.000714,-0.063567,0.087607,31,572.34,1,33,51.06
META,2026-09-01,2026-10-02,755.0,C,0.22,0.6,0.41,44.9957,0.02156,0.000688,-0.063663,0.086064,31,572.34,1,4,51.06
META,2026-09-01,2026-10-02,760.0,C,0.18,0.67,0.425,46.6558,0.023056,0.000702,-0.069819,0.091075,31,572.34,1,3,51.06
META,2026-09-01,2026-10-02,765.0,C,0.22,0.62,0.42,46.9976,0.021344,0.000653,-0.065874,0.085335,31,572.34,1,4,51.06
META,2026-09-01,2026-10-02,770.0,C,0.24,0.61,0.425,47.7544,0.020713,0.000626,-0.065231,0.083193,31,572.34,10,12,51.06
META,2026-09-01,2026-10-02,775.0,C,0.15,0.54,0.345,47.7788,0.018552,0.00057,-0.059418,0.075763,31,572.34,1,8,51.06
META,2026-09-01,2026-10-02,780.0,C,0.2,0.51,0.355,48.2427,0.017474,0.000536,-0.05699,0.071992,31,572.34,1,23,51.06
META,2026-09-01,2026-10-02,785.0,C,0.18,0.4,0.29,47.4615,0.014183,0.000456,-0.046872,0.060196,31,572.34,1,61,51.06
META,2026-09-01,2026-10-02,790.0,C,0.1,0.46,0.28,49.1704,0.015565,0.000477,-0.05258,0.065206,31,572.34,20,8,51.06
META,2026-09-01,2026-10-02,795.0,C,0.14,0.35,0.245,48.2183,0.012363,0.000399,-0.042266,0.05346,31,572.34,1,12,51.06
META,2026-09-01,2026-10-02,800.0,C,0.13,0.35,0.24,48.9995,0.012177,0.000387,-0.042378,0.052762,31,572.34,6,21,51.06
META,2026-09-01,2026-10-02,805.0,C,0.06,0.34,0.2,49.5855,0.011716,0.00037,-0.041462,0.051026,31,572.34,1,14,51.06
META,2026-09-01,2026-10-02,810.0,C,0.09,0.33,0.21,50.147,0.011254,0.000353,-0.040481,0.049274,31,572.34,1,8,51.06
META,2026-09-01,2026-10-02,815.0,C,0.0,0.56,0.28,54.6147,0.016952,0.000462,-0.062734,0.070153,31,572.34,1,7,51.06
META,2026-09-01,2026-10-02,820.0,C,0.0,0.37,0.185,52.4175,0.012014,0.000358,-0.044756,0.052148,31,572.34,1,5,51.06
META,2026-09-01,2026-10-02,825.0,C,0.0,0.55,0.275,51.27,0.009355,0.000294,-0.035201,0.041938,31,572.34,1,4,51.06
META,2026-09-01,2026-10-02,830.0,C,0.0,0.54,0.27,51.856,0.009064,0.000283,-0.034626,0.040796,31,572.34,4,26,51.06
META,2026-09-01,2026-10-02,835.0,C,0.0,0.32,0.16,53.6626,0.010261,0.000305,-0.039922,0.045466,31,572.34,4,17,51.06
META,2026-09-01,2026-10-02,840.0,C,0.01,0.31,0.16,50.1958,0.005737,0.000195,-0.022386,0.027255,31,572.34,10,14,51.06
META,2026-09-01,2026-10-02,845.0,C,0.0,0.51,0.255,53.6137,0.008308,0.000253,-0.033144,0.037794,31,572.34,13,5,51.06
META,2026-09-01,2026-10-02,850.0,C,0.0,0.47,0.235,53.8091,0.007687,0.000236,-0.031062,0.035298,31,572.34,4,8,51.06
META,2026-09-01,2026-10-02,855.0,C,0.0,0.48,0.24,54.6391,0.007737,0.000234,-0.031718,0.035503,31,572.34,6,5,51.06
META,2026-09-01,2026-10-02,860.0,C,0.0,0.47,0.235,55.1762,0.007503,0.000225,-0.03117,0.034556,31,572.34,4,3,51.06
META,2026-09-01,2026-10-02,865.0,C,0.0,0.4,0.2,54.8833,0.006527,0.0002,-0.02741,0.030555,31,572.34,2,6,51.06
META,2026-09-01,2026-10-02,870.0,C,0.01,0.39,0.2,55.518,0.006429,0.000195,-0.027353,0.030147,31,572.34,5,3,51.06
META,2026-09-01,2026-10-02,875.0,C,0.01,0.38,0.195,56.0063,0.006215,0.000188,-0.026775,0.029258,31,572.34,10,6,51.06
META,2026-09-01,2026-10-02,880.0,C,0.0,0.26,0.13,54.2973,0.004404,0.000143,-0.019105,0.021534,31,572.34,28,11,51.06
META,2026-09-01,2026-10-02,885.0,C,0.0,0.44,0.22,58.1059,0.006747,0.000195,-0.02986,0.031462,31,572.34,2,1,51.06
META,2026-09-01,2026-10-02,890.0,C,0.0,0.25,0.125,55.2739,0.004139,0.000132,-0.018395,0.020375,31,572.34,10,9,51.06
META,2026-09-01,2026-10-02,895.0,C,0.0,0.35,0.175,57.9106,0.005449,0.000162,-0.024621,0.026035,31,572.34,4,2,51.06
META,2026-09-01,2026-10-02,900.0,C,0.0,0.32,0.16,58.0082,0.005021,0.00015,-0.022931,0.024211,31,572.34,18,11,51.06
META,2026-09-01,2026-10-02,905.0,C,0.0,0.23,0.115,56.6411,0.003747,0.000118,-0.017233,0.018636,31,572.34,6,2,51.06
META,2026-09-01,2026-10-02,910.0,C,0.0,0.22,0.11,57.0317,0.003596,0.000113,-0.016724,0.017964,31,572.34,12,8,51.06
META,2026-09-01,2026-10-02,915.0,C,0.0,0.22,0.11,57.6176,0.003558,0.000111,-0.016731,0.01779,31,572.34,13,5,51.06
META,2026-09-01,2026-10-02,920.0,C,0.0,0.27,0.135,59.3754,0.004168,0.000124,-0.019865,0.020502,31,572.34,7,4,51.06
META,2026-09-01,2026-10-02,925.0,C,0.0,0.3,0.15,60.6449,0.004528,0.000131,-0.021846,0.022077,31,572.34,2,5,51.06
META,2026-09-01,2026-10-02,930.0,C,0.0,0.38,0.19,62.7445,0.005447,0.000149,-0.026643,0.026029,31,572.34,3,11,51.06
META,2026-09-01,2026-10-02,935.0,C,0.0,0.41,0.205,63.8675,0.005754,0.000154,-0.028469,0.027328,31,572.34,2,6,51.06
META,2026-09-01,2026-10-02,940.0,C,0.0,0.38,0.19,63.9652,0.005366,0.000144,-0.026793,0.025682,31,572.34,14,9,51.06
META,2026-09-01,2026-10-02,945.0,C,0.0,0.46,0.23,65.9183,0.006249,0.00016,-0.031605,0.029403,31,572.34,8,7,51.06
META,2026-09-01,2026-10-02,950.0,C,0.0,0.23,0.115,61.9144,0.003461,0.000101,-0.017524,0.017356,31,572.34,25,12,51.06
META,2026-09-01,2026-10-02,955.0,C,0.0,0.43,0.215,66.6019,0.005796,0.000148,-0.029862,0.027502,31,572.34,12,5,51.06
META,2026-09-01,2026-10-02,960.0,C,0.0,0.48,0.24,67.9691,0.00628,0.000156,-0.032719,0.029531,31,572.34,6,120,51.06
META,2026-09-01,2026-10-02,965.0,C,0.0,0.46,0.23,68.262,0.006027,0.00015,-0.031682,0.028475,31,572.34,8,76,51.06
META,2026-09-01,2026-10-02,970.0,C,0.0,0.2,0.1,63.2816,0.002969,8.6e-05,-0.015593,0.015116,31,572.34,4,27,51.06
META,2026-09-01,2026-10-02,975.0,C,0.0,0.6,0.3,71.4847,0.007391,0.000171,-0.039722,0.0341,31,572.34,5,24,51.06
META,2026-09-01,2026-10-02,980.0,C,0.0,0.62,0.31,72.3636,0.007554,0.000173,-0.040986,0.034762,31,572.34,10,11,51.06
META,2026-09-01,2026-10-02,985.0,C,0.0,0.63,0.315,73.096,0.007608,0.000172,-0.041657,0.034981,31,572.34,2,11,51.06
META,2026-09-01,2026-10-02,990.0,C,0.04,0.57,0.305,73.3889,0.007337,0.000166,-0.040505,0.03388,31,572.34,11,8,51.06
META,2026-09-01,2026-10-02,995.0,C,0.0,0.66,0.33,74.6096,0.007759,0.000171,-0.043255,0.035592,31,572.34,10,9,51.06
META,2026-09-01,2026-10-02,1000.0,C,0.0,0.87,0.435,77.6858,0.009705,0.0002,-0.054791,0.043307,31,572.34,6,12,51.06
META,2026-09-01,2026-10-02,1010.0,C,0.0,0.7,0.35,76.8557,0.007984,0.000171,-0.045674,0.036495,31,572.34,5,9,51.06
META,2026-09-01,2026-10-02,1020.0,C,0.03,0.65,0.34,77.7346,0.007689,0.000163,-0.044685,0.035307,31,572.34,36,18,51.06
META,2026-09-01,2026-10-02,1030.0,C,0.01,0.2,0.105,69.9222,0.002837,7.5e-05,-0.016522,0.014511,31,572.34,7,11,51.06
META,2026-09-01,2026-10-02,1040.0,C,0.0,0.76,0.38,81.006,0.008233,0.000166,-0.049437,0.037496,31,572.34,4,15,51.06
META,2026-09-01,2026-10-02,1050.0,C,0.0,0.18,0.09,70.8987,0.002415,6.4e-05,-0.014478,0.012545,31,572.34,9,8,51.06
META,2026-09-01,2026-10-02,1060.0,C,0.01,0.28,0.145,75.0979,0.003551,8.5e-05,-0.021706,0.017759,31,572.34,2,6,51.06
META,2026-09-01,2026-10-02,1070.0,C,0.0,0.13,0.065,70.7034,0.001761,4.8e-05,-0.010838,0.009419,31,572.34,3,9,51.06
META,2026-09-01,2026-10-02,300.0,P,0.0,0.65,0.325,91.7481,-0.005213,9.8e-05,-0.036707,0.02503,31,572.34,6,98,51.06
META,2026-09-01,2026-10-02,310.0,P,0.0,0.59,0.295,86.4259,-0.005042,0.000101,-0.033551,0.024298,31,572.34,6,5,51.06
META,2026-09-01,2026-10-02,320.0,P,0.0,0.51,0.255,80.8596,-0.004681,0.000101,-0.029363,0.022741,31,572.34,2,3,51.06
META,2026-09-01,2026-10-02,330.0,P,0.0,0.72,0.36,80.3225,-0.006516,0.000137,-0.039113,0.030509,31,572.34,7,11,51.06
META,2026-09-01,2026-10-02,340.0,P,0.0,0.55,0.275,73.8284,-0.005498,0.000128,-0.030908,0.026246,31,572.34,6,5,51.06
META,2026-09-01,2026-10-02,350.0,P,0.0,0.76,0.38,73.0471,-0.007517,0.00017,-0.040308,0.034613,31,572.34,4,154,51.06
META,2026-09-01,2026-10-02,360.0,P,0.05,0.1,0.075,57.4223,-0.002032,6.7e-05,-0.009813,0.01073,31,572.34,6,8,51.06
META,2026-09-01,2026-10-02,370.0,P,0.0,0.23,0.115,56.8364,-0.003113,0.0001,-0.014273,0.015779,31,572.34,5,2,51.06
META,2026-09-01,2026-10-02,380.0,P,0.01,0.19,0.1,52.8325,-0.002911,0.000101,-0.012479,0.014854,31,572.34,5,1,51.06
META,2026-09-01,2026-10-02,390.0,P,0.01,0.28,0.145,51.856,-0.00421,0.000143,-0.017043,0.020686,31,572.34,4,1,51.06
META,2026-09-01,2026-10-02,400.0,P,0.06,0.23,0.145,51.4653,-0.006481,0.000212,-0.024807,0.030364,31,572.34,4,187,51.06
META,2026-09-01,2026-10-02,405.0,P,0.02,0.33,0.175,52.2954,-0.008984,0.000278,-0.03359,0.040481,31,572.34,6,23,51.06
META,2026-09-01,2026-10-02,410.0,P,0.08,0.32,0.2,50.4399,-0.009031,0.00029,-0.032528,0.040666,31,572.34,13,25,51.06
META,2026-09-01,2026-10-02,415.0,P,0.04,0.36,0.2,49.6099,-0.010235,0.000329,-0.03567,0.045366,31,572.34,0,3,51.06
META,2026-09-01,2026-10-02,420.0,P,0.06,0.4,0.23,48.6822,-0.011464,0.00037,-0.038611,0.050071,31,572.34,2,14,51.06
META,2026-09-01,2026-10-02,425.0,P,0.14,0.38,0.26,46.6802,-0.011327,0.000382,-0.036611,0.04955,31,572.34,9,34,51.06
META,2026-09-01,2026-10-02,430.0,P,0.17,0.54,0.355,47.4859,-0.015449,0.00049,-0.048671,0.064789,31,572.34,3,15,51.06
META,2026-09-01,2026-10-02,435.0,P,0.12,0.5,0.31,45.2886,-0.015044,0.000503,-0.045333,0.063325,31,572.34,1,26,51.06
META,2026-09-01,2026-10-02,440.0,P,0.14,0.5,0.32,43.6285,-0.015516,0.000536,-0.04481,0.06503,31,572.34,11,45,51.06
META,2026-09-01,2026-10-02,445.0,P,0.19,0.72,0.455,44.5562,-0.02131,0.000687,-0.059934,0.08522,31,572.34,2,45,51.06
META,2026-09-01,2026-10-02,450.0,P,0.24,0.58,0.41,41.358,-0.01868,0.000662,-0.049693,0.076209,31,572.34,14,45,51.06
META,2026-09-01,2026-10-02,455.0,P,0.43,0.81,0.62,42.0294,-0.024982,0.000833,-0.064511,0.097425,31,572.34,9,27,51.06
META,2026-09-01,2026-10-02,460.0,P,0.56,0.9,0.73,41.1017,-0.028031,0.000938,-0.069392,0.107268,31,572.34,2,50,51.06
META,2026-09-01,2026-10-02,465.0,P,0.59,1.02,0.805,40.3204,-0.031922,0.001065,-0.075742,0.119478,31,572.34,89,34,51.06
META,2026-09-01,2026-10-02,470.0,P,0.75,1.01,0.88,38.5138,-0.032919,0.001144,-0.074111,0.122549,31,572.34,118,261,51.06
META,2026-09-01,2026-10-02,475.0,P,0.85,1.1,0.975,37.4152,-0.036468,0.001281,-0.07821,0.133297,31,572.34,23,226,51.06
META,2026-09-01,2026-10-02,480.0,P,1.17,1.4,1.285,37.5006,-0.045172,0.00152,-0.093154,0.158588,31,572.34,123,155,51.06
META,2026-09-01,2026-10-02,485.0,P,1.32,1.63,1.475,36.9147,-0.052357,0.001738,-0.10304,0.178449,31,572.34,39,323,51.06
META,2026-09-01,2026-10-02,490.0,P,1.53,2.09,1.81,37.2077,-0.064771,0.002037,-0.122595,0.210911,31,572.34,38,500,51.06
META,2026-09-01,2026-10-02,495.0,P,1.86,2.25,2.055,35.9626,-0.071075,0.002265,-0.127073,0.226594,31,572.34,51,251,51.06
META,2026-09-01,2026-10-02,500.0,P,2.28,2.79,2.535,36.048,-0.08551,0.0026,-0.14633,0.260717,31,572.34,46,531,51.06
META,2026-09-01,2026-10-02,505.0,P,2.7,3.35,3.025,35.8893,-0.10038,0.00294,-0.163739,0.293538,31,572.34,62,447,51.06
META,2026-09-01,2026-10-02,510.0,P,3.25,3.8,3.525,35.1691,-0.11365,0.003281,-0.175114,0.321047,31,572.34,83,501,51.06
META,2026-09-01,2026-10-02,515.0,P,4.05,4.75,4.4,35.6025,-0.135694,0.003669,-0.200312,0.363422,31,572.34,43,2700,51.06
META,2026-09-01,2026-10-02,520.0,P,4.75,5.4,5.075,34.9677,-0.153116,0.004053,-0.212899,0.394254,31,572.34,163,355,51.06
META,2026-09-01,2026-10-02,525.0,P,5.65,6.2,5.925,34.4855,-0.173395,0.004455,-0.227035,0.427451,31,572.34,161,298,51.06
META,2026-09-01,2026-10-02,530.0,P,6.7,7.35,7.025,34.516,-0.198816,0.004845,-0.246719,0.465302,31,572.34,167,349,51.06
META,2026-09-01,2026-10-02,535.0,P,7.85,8.7,8.275,34.6442,-0.226597,0.005211,-0.266571,0.50225,31,572.34,67,412,51.06
META,2026-09-01,2026-10-02,540.0,P,9.2,10.1,9.65,34.5771,-0.254933,0.005567,-0.282792,0.535528,31,572.34,92,258,51.06
META,2026-09-01,2026-10-02,545.0,P,10.7,11.5,11.1,34.2505,-0.283648,0.005929,-0.294432,0.564992,31,572.34,49,520,51.06
META,2026-09-01,2026-10-02,550.0,P,12.35,13.25,12.8,34.2536,-0.315432,0.006221,-0.307832,0.592872,31,572.34,273,249,51.06
META,2026-09-01,2026-10-02,555.0,P,14.2,15.15,14.675,34.2292,-0.348246,0.006476,-0.318636,0.61668,31,572.34,13,205,51.06
META,2026-09-01,2026-10-02,560.0,P,16.15,17.35,16.75,34.4031,-0.382416,0.006648,-0.329041,0.636307,31,572.34,39,148,51.06
META,2026-09-01,2026-10-02,565.0,P,18.35,19.45,18.9,34.159,-0.416337,0.006847,-0.332293,0.650738,31,572.34,49,134,51.06
META,2026-09-01,2026-10-02,570.0,P,20.75,22.4,21.575,34.9265,-0.451337,0.006797,-0.343489,0.660468,31,572.34,34,126,51.06
META,2026-09-01,2026-10-02,575.0,P,23.1,24.7,23.9,34.4703,-0.485791,0.006934,-0.338905,0.665002,31,572.34,5,98,51.06
META,2026-09-01,2026-10-02,580.0,P,25.95,27.2,26.575,34.0613,-0.520883,0.007012,-0.331947,0.664512,31,572.34,9,47,51.06
META,2026-09-01,2026-10-02,585.0,P,28.5,30.55,29.525,34.6686,-0.553558,0.006837,-0.333361,0.659419,31,572.34,1,29,51.06
META,2026-09-01,2026-10-02,590.0,P,30.8,34.0,32.4,35.2027,-0.584736,0.00664,-0.331725,0.650357,31,572.34,2,26,51.06
META,2026-09-01,2026-10-02,595.0,P,33.35,37.5,35.425,35.5933,-0.614818,0.006439,-0.326428,0.637671,31,572.34,4,17,51.06
META,2026-09-01,2026-10-02,600.0,P,36.65,40.4,38.525,34.8121,-0.649228,0.006384,-0.305217,0.61831,31,572.34,10,76,51.06
META,2026-09-01,2026-10-02,605.0,P,40.2,44.65,42.425,35.9839,-0.672393,0.006016,-0.305818,0.602284,31,572.34,2,6,51.06
META,2026-09-01,2026-10-02,610.0,P,43.9,49.05,46.475,37.2626,-0.692637,0.005655,-0.306975,0.586252,31,572.34,3,10,51.06
META,2026-09-01,2026-10-02,615.0,P,47.7,53.0,50.35,37.6288,-0.716277,0.005398,-0.295795,0.565063,31,572.34,11,26,51.06
META,2026-09-01,2026-10-02,620.0,P,51.65,57.0,54.325,37.9096,-0.738933,0.005141,-0.282628,0.542174,31,572.34,1,14,51.06
META,2026-09-01,2026-10-02,625.0,P,55.6,61.05,58.325,38.111,-0.760655,0.004883,-0.267698,0.517755,31,572.34,1,16,51.06
META,2026-09-01,2026-10-02,630.0,P,60.0,65.2,62.6,38.3307,-0.780842,0.004621,-0.252495,0.492789,31,572.34,2,5,51.06
META,2026-09-01,2026-10-02,635.0,P,64.25,69.0,66.625,37.6227,-0.806153,0.004378,-0.224023,0.458217,31,572.34,1,4,51.06
META,2026-09-01,2026-10-02,640.0,P,68.6,73.85,71.225,39.0234,-0.815343,0.004096,-0.224848,0.444718,31,572.34,1,1,51.06
META,2026-09-01,2026-10-02,645.0,P,73.05,78.5,75.775,39.9054,-0.826978,0.003845,-0.218531,0.426865,31,572.34,2,4,51.06
META,2026-09-01,2026-10-02,650.0,P,76.65,82.8,79.725,39.8444,-0.843852,0.003603,-0.199034,0.399397,31,572.34,1,41,51.06
META,2026-09-01,2026-10-02,660.0,P,85.95,92.0,88.975,40.8209,-0.866881,0.003158,-0.176229,0.358673,31,572.34,16,2,51.06
META,2026-09-01,2026-10-02,665.0,P,90.45,97.2,93.825,42.8534,-0.867293,0.003002,-0.186904,0.357908,31,572.34,0,1,51.06
META,2026-09-01,2026-10-02,685.0,P,109.75,115.8,112.775,44.0679,-0.904941,0.0023,-0.135899,0.282047,31,572.34,0,1,51.06
META,2026-09-01,2026-10-02,690.0,P,114.5,120.5,117.5,44.2694,-0.913094,0.002143,-0.122899,0.263895,31,572.34,11,22,51.06
META,2026-09-01,2026-10-02,695.0,P,119.5,125.45,122.475,45.3375,-0.916142,0.002037,-0.121669,0.256929,31,572.34,2,7,51.06
META,2026-09-01,2026-10-02,700.0,P,124.4,130.3,127.35,45.9844,-0.920994,0.00192,-0.115195,0.245635,31,572.34,2,48,51.06
META,2026-09-01,2026-10-02,710.0,P,134.1,141.65,137.875,53.394,-0.900942,0.001957,-0.183388,0.290709,31,572.34,2,2,51.06
META,2026-09-01,2026-10-02,730.0,P,153.75,161.55,157.65,57.9411,-0.909507,0.001687,-0.184664,0.271965,31,572.34,0,0,51.06
META,2026-09-01,2026-10-02,770.0,P,194.05,201.8,197.925,67.9996,-0.916498,0.001354,-0.20689,0.256111,31,572.34,0,0,51.06
META,2026-09-01,2026-10-09,525.0,C,54.75,60.05,57.4,43.0426,0.763949,0.003876,-0.360646,0.568896,38,572.34,2,3,51.06
META,2026-09-01,2026-10-09,530.0,C,50.9,56.1,53.5,42.2705,0.745433,0.00411,-0.367302,0.592471,38,572.34,0,0,51.06
META,2026-09-01,2026-10-09,535.0,C,47.2,52.45,49.825,41.8371,0.724433,0.004323,-0.376477,0.616822,38,572.34,0,2,51.06
META,2026-09-01,2026-10-09,550.0,C,37.6,42.35,39.975,40.8331,0.654524,0.004889,-0.399632,0.680751,38,572.34,0,8,51.06
META,2026-09-01,2026-10-09,555.0,C,34.35,39.05,36.7,40.2624,0.629935,0.005078,-0.402192,0.697302,38,572.34,124,43,51.06
META,2026-09-01,2026-10-09,560.0,C,31.15,36.15,33.65,40.0793,0.603822,0.005206,-0.406847,0.711641,38,572.34,20,2,51.06
META,2026-09-01,2026-10-09,565.0,C,29.35,33.2,31.275,39.649,0.577394,0.005346,-0.407413,0.722825,38,572.34,21,12,51.06
META,2026-09-01,2026-10-09,570.0,C,26.4,30.35,28.375,39.1791,0.550273,0.00547,-0.405802,0.730875,38,572.34,161,26,51.06
META,2026-09-01,2026-10-09,575.0,C,24.0,27.7,25.85,38.8007,0.522566,0.005559,-0.403206,0.735553,38,572.34,189,17,51.06
META,2026-09-01,2026-10-09,580.0,C,21.05,25.8,23.425,39.2493,0.49562,0.005504,-0.406757,0.736688,38,572.34,52,4,51.06
META,2026-09-01,2026-10-09,585.0,C,19.8,23.65,21.725,39.1821,0.468472,0.005496,-0.403578,0.73443,38,572.34,1,4,51.06
META,2026-09-01,2026-10-09,590.0,C,17.2,21.3,19.25,38.6694,0.440368,0.005524,-0.3942,0.728486,38,572.34,7,6,51.06
META,2026-09-01,2026-10-09,595.0,C,16.4,19.9,18.15,39.2767,0.415913,0.005378,-0.39451,0.720306,38,572.34,1,1,51.06
META,2026-09-01,2026-10-09,600.0,C,15.0,18.05,16.525,39.0997,0.389653,0.005312,-0.385347,0.708366,38,572.34,9,6,51.06
META,2026-09-01,2026-10-09,605.0,C,12.85,16.65,14.75,39.3927,0.365991,0.005172,-0.379791,0.694766,38,572.34,3,4,51.06
META,2026-09-01,2026-10-09,610.0,C,11.55,14.35,12.95,38.2056,0.33586,0.005169,-0.356703,0.673458,38,572.34,58,9,51.06
META,2026-09-01,2026-10-09,615.0,C,10.1,13.85,11.975,39.5148,0.319314,0.004896,-0.360295,0.659811,38,572.34,20,9,51.06
META,2026-09-01,2026-10-09,620.0,C,8.95,12.45,10.7,39.3378,0.295945,0.004757,-0.346309,0.638118,38,572.34,30,12,51.06
META,2026-09-01,2026-10-09,625.0,C,7.8,11.1,9.45,39.0631,0.272761,0.004607,-0.330242,0.613711,38,572.34,7,3,51.06
META,2026-09-01,2026-10-09,630.0,C,6.7,9.6,8.15,38.3521,0.247494,0.004463,-0.308035,0.583702,38,572.34,3,5,51.06
META,2026-09-01,2026-10-09,635.0,C,6.2,8.7,7.45,38.4863,0.228667,0.004258,-0.295513,0.558927,38,572.34,13,1,51.06
META,2026-09-01,2026-10-09,640.0,C,5.25,8.3,6.775,39.408,0.216343,0.004029,-0.292599,0.541543,38,572.34,4,5,51.06
META,2026-09-01,2026-10-09,645.0,C,5.5,7.95,6.725,40.354,0.205265,0.003816,-0.289999,0.525101,38,572.34,1,3,51.06
META,2026-09-01,2026-10-09,650.0,C,4.3,6.0,5.15,37.9614,0.172116,0.003638,-0.244722,0.471029,38,572.34,18,23,51.06
META,2026-09-01,2026-10-09,655.0,C,3.85,6.6,5.225,40.7019,0.175679,0.003438,-0.265164,0.477207,38,572.34,5,8,51.06
META,2026-09-01,2026-10-09,660.0,C,3.45,5.1,4.275,38.8068,0.148135,0.003226,-0.226167,0.426993,38,572.34,7,3,51.06
META,2026-09-01,2026-10-09,665.0,C,2.97,5.0,3.985,39.9359,0.142329,0.003052,-0.226227,0.415659,38,572.34,0,1,51.06
META,2026-09-01,2026-10-09,670.0,C,3.25,4.1,3.675,38.9777,0.123247,0.002832,-0.199836,0.376414,38,572.34,5,3,51.06
META,2026-09-01,2026-10-09,675.0,C,2.74,3.8,3.27,39.4293,0.114561,0.002658,-0.191771,0.357477,38,572.34,4,18,51.06
META,2026-09-01,2026-10-09,685.0,C,2.21,3.0,2.605,39.4476,0.093827,0.002299,-0.165713,0.309283,38,572.34,4,10,51.06
META,2026-09-01,2026-10-09,690.0,C,2.05,2.78,2.415,39.8749,0.087139,0.002153,-0.158413,0.292758,38,572.34,4,3,51.06
META,2026-09-01,2026-10-09,700.0,C,1.55,2.23,1.89,40.0763,0.071818,0.00185,-0.137325,0.252887,38,572.34,1,2,51.06
META,2026-09-01,2026-10-09,715.0,C,1.06,1.68,1.37,40.7965,0.055319,0.001483,-0.113844,0.206372,38,572.34,32,1,51.06
META,2026-09-01,2026-10-09,725.0,C,1.02,1.47,1.245,41.6876,0.048292,0.001303,-0.104288,0.185247,38,572.34,0,10,51.06
META,2026-09-01,2026-10-09,435.0,P,0.37,0.64,0.505,42.6275,-0.018221,0.000568,-0.045211,0.082607,38,572.34,14,11,51.06
META,2026-09-01,2026-10-09,460.0,P,0.07,1.53,0.8,41.2604,-0.04119,0.001158,-0.085929,0.162969,38,572.34,1,10,51.06
META,2026-09-01,2026-10-09,470.0,P,0.98,1.48,1.23,37.6593,-0.043266,0.00132,-0.081369,0.169586,38,572.34,2,11,51.06
META,2026-09-01,2026-10-09,475.0,P,1.37,1.83,1.6,37.7203,-0.052139,0.001531,-0.09452,0.196919,38,572.34,12,1,51.06
META,2026-09-01,2026-10-09,480.0,P,1.59,2.12,1.855,37.2748,-0.05993,0.001729,-0.104097,0.219784,38,572.34,16,221,51.06
META,2026-09-01,2026-10-09,490.0,P,2.18,2.97,2.575,36.8659,-0.081064,0.002206,-0.129498,0.277299,38,572.34,16,4,51.06
META,2026-09-01,2026-10-09,495.0,P,2.61,3.3,2.955,36.0846,-0.090372,0.002444,-0.137235,0.300809,38,572.34,6,15,51.06
META,2026-09-01,2026-10-09,500.0,P,3.1,4.1,3.6,36.4997,-0.107628,0.002746,-0.157502,0.341847,38,572.34,10,10,51.06
META,2026-09-01,2026-10-09,505.0,P,3.65,4.95,4.3,36.7316,-0.125441,0.003042,-0.176388,0.381089,38,572.34,12,1,51.06
META,2026-09-01,2026-10-09,510.0,P,4.2,5.05,4.625,34.9616,-0.132823,0.003325,-0.174162,0.396501,38,572.34,6,146,51.06
META,2026-09-01,2026-10-09,515.0,P,4.85,6.05,5.45,35.163,-0.153526,0.003646,-0.192772,0.437278,38,572.34,23,108,51.06
META,2026-09-01,2026-10-09,520.0,P,5.85,6.9,6.375,34.7968,-0.172347,0.003973,-0.205121,0.471432,38,572.34,132,155,51.06
META,2026-09-01,2026-10-09,525.0,P,6.8,8.15,7.475,34.9982,-0.196165,0.004281,-0.223077,0.510999,38,572.34,24,16,51.06
META,2026-09-01,2026-10-09,530.0,P,7.15,9.2,8.175,34.5954,-0.217949,0.00461,-0.233952,0.543862,38,572.34,9,31,51.06
META,2026-09-01,2026-10-09,535.0,P,7.85,10.5,9.175,34.4245,-0.242614,0.004919,-0.246389,0.577483,38,572.34,53,14,51.06
META,2026-09-01,2026-10-09,540.0,P,9.2,11.95,10.575,34.2841,-0.268872,0.005211,-0.258011,0.609327,38,572.34,15,22,51.06
META,2026-09-01,2026-10-09,545.0,P,10.7,15.05,12.875,36.4173,-0.305594,0.005213,-0.290915,0.647423,38,572.34,23,11,51.06
META,2026-09-01,2026-10-09,550.0,P,14.0,16.7,15.35,36.0755,-0.332279,0.005451,-0.297293,0.670623,38,572.34,23,7,51.06
META,2026-09-01,2026-10-09,555.0,P,15.05,18.7,16.875,36.0388,-0.360873,0.005626,-0.304983,0.691464,38,572.34,13,4,51.06
META,2026-09-01,2026-10-09,560.0,P,16.35,20.0,18.175,34.8334,-0.387938,0.005955,-0.299642,0.707472,38,572.34,26,5,51.06
META,2026-09-01,2026-10-09,565.0,P,18.55,22.0,20.275,34.4123,-0.4181,0.006145,-0.299954,0.721152,38,572.34,11,11,51.06
META,2026-09-01,2026-10-09,570.0,P,20.95,24.5,22.725,34.4642,-0.449319,0.006218,-0.302738,0.730779,38,572.34,42,9,51.06
META,2026-09-01,2026-10-09,575.0,P,23.5,27.9,25.7,35.514,-0.479767,0.006075,-0.313051,0.735784,38,572.34,4,7,51.06
META,2026-09-01,2026-10-09,580.0,P,26.45,30.0,28.225,34.6152,-0.511329,0.006238,-0.302592,0.736435,38,572.34,0,4,51.06
META,2026-09-01,2026-10-09,585.0,P,29.15,33.55,31.35,35.4682,-0.53983,0.00606,-0.307258,0.733057,38,572.34,2,8,51.06
META,2026-09-01,2026-10-09,590.0,P,32.15,36.35,34.25,35.1142,-0.570355,0.006056,-0.298169,0.725246,38,572.34,0,9,51.06
META,2026-09-01,2026-10-09,600.0,P,38.75,43.55,41.15,36.0602,-0.623264,0.005702,-0.292007,0.701279,38,572.34,1,12,51.06
META,2026-09-01,2026-10-09,610.0,P,45.85,51.0,48.425,36.7102,-0.672192,0.005328,-0.277831,0.666992,38,572.34,3,1,51.06
META,2026-09-01,2026-10-09,615.0,P,49.6,54.4,52.0,36.2921,-0.699227,0.005194,-0.260703,0.642835,38,572.34,0,2,51.06
META,2026-09-01,2026-10-09,620.0,P,53.6,58.6,56.1,36.9544,-0.718575,0.004945,-0.255188,0.623175,38,572.34,0,1,51.06
META,2026-09-01,2026-10-09,625.0,P,57.4,62.75,60.075,37.4121,-0.737809,0.004715,-0.246776,0.601599,38,572.34,1,8,51.06
META,2026-09-01,2026-10-09,630.0,P,61.5,66.8,64.15,37.5708,-0.757766,0.004503,-0.234291,0.576993,38,572.34,0,1,51.06
META,2026-09-01,2026-10-16,270.0,C,299.5,307.5,303.5,104.7124,0.987448,0.000154,-0.102571,0.065264,45,572.34,153,899,51.06
META,2026-09-01,2026-10-16,280.0,C,289.6,297.65,293.625,101.7583,0.985828,0.000176,-0.109493,0.072474,45,572.34,1,2,51.06
META,2026-09-01,2026-10-16,300.0,C,269.75,277.7,273.725,94.043,0.983629,0.000216,-0.115168,0.082035,45,572.34,300,305,51.06
META,2026-09-01,2026-10-16,310.0,C,247.8,255.0,251.4,0.001,1.0,0.0,-0.031551,0.0,45,572.34,1,2,51.06
META,2026-09-01,2026-10-16,320.0,C,249.9,257.5,253.7,85.3883,0.982331,0.000254,-0.114487,0.087564,45,572.34,12,8,51.06
META,2026-09-01,2026-10-16,330.0,C,240.15,247.5,243.825,82.6174,0.980257,0.000288,-0.120641,0.09624,45,572.34,0,1,51.06
META,2026-09-01,2026-10-16,350.0,C,257.15,264.75,260.95,187.5367,0.860617,0.000589,-0.95292,0.445953,45,572.34,2,10,51.06
META,2026-09-01,2026-10-16,360.0,C,210.35,217.75,214.05,72.9251,0.974805,0.000401,-0.130799,0.118218,45,572.34,1,0,51.06
META,2026-09-01,2026-10-16,370.0,C,199.75,207.85,203.8,67.2489,0.976427,0.000412,-0.11968,0.111795,45,572.34,1,3,51.06
META,2026-09-01,2026-10-16,390.0,C,180.45,188.0,184.225,63.1718,0.968627,0.000556,-0.137286,0.1419,45,572.34,1,2,51.06
META,2026-09-01,2026-10-16,400.0,C,170.55,178.1,174.325,60.2543,0.965692,0.000628,-0.140792,0.152758,45,572.34,1,30,51.06
META,2026-09-01,2026-10-16,410.0,C,160.7,168.6,164.65,58.5575,0.95973,0.000736,-0.152454,0.174126,45,572.34,1,16,51.06
META,2026-09-01,2026-10-16,415.0,C,156.45,163.25,159.85,57.8068,0.956171,0.000799,-0.159219,0.186481,45,572.34,7,7,51.06
META,2026-09-01,2026-10-16,420.0,C,150.85,158.8,154.825,55.9086,0.955254,0.00084,-0.157693,0.189619,45,572.34,1,6,51.06
META,2026-09-01,2026-10-16,425.0,C,145.8,153.9,149.85,54.279,0.953634,0.00089,-0.157988,0.195119,45,572.34,0,1,51.06
META,2026-09-01,2026-10-16,430.0,C,141.05,148.6,144.825,52.4175,0.952606,0.000938,-0.156421,0.198581,45,572.34,3,21,51.06
META,2026-09-01,2026-10-16,435.0,C,137.4,143.65,140.525,53.6748,0.94232,0.001071,-0.179024,0.232096,45,572.34,94,24,51.06
META,2026-09-01,2026-10-16,440.0,C,132.25,138.8,135.525,51.8926,0.940566,0.001134,-0.17802,0.237621,45,572.34,1,32,51.06
META,2026-09-01,2026-10-16,445.0,C,127.8,133.95,130.875,51.4226,0.934422,0.001235,-0.187719,0.256566,45,572.34,40,27,51.06
META,2026-09-01,2026-10-16,450.0,C,123.35,128.75,126.05,50.2385,0.930241,0.001326,-0.191596,0.269113,45,572.34,1,715,51.06
META,2026-09-01,2026-10-16,455.0,C,118.1,124.3,121.2,57.9228,0.894792,0.001564,-0.275014,0.365943,45,572.34,15,39,51.06
META,2026-09-01,2026-10-16,460.0,C,113.55,119.45,116.5,56.2932,0.890198,0.00166,-0.275774,0.377391,45,572.34,1,20,51.06
META,2026-09-01,2026-10-16,465.0,C,109.2,114.7,111.95,54.8955,0.884499,0.001765,-0.278536,0.39128,45,572.34,10,16,51.06
META,2026-09-01,2026-10-16,470.0,C,104.35,110.0,107.175,53.5832,0.878113,0.001878,-0.281966,0.406444,45,572.34,1,26,51.06
META,2026-09-01,2026-10-16,475.0,C,99.5,105.4,102.45,52.4663,0.870554,0.002,-0.287109,0.42387,45,572.34,1,9,51.06
META,2026-09-01,2026-10-16,480.0,C,94.75,100.25,97.5,50.0951,0.867446,0.00213,-0.280184,0.430876,45,572.34,21,179,51.06
META,2026-09-01,2026-10-16,485.0,C,90.4,96.05,93.225,49.7625,0.855739,0.002271,-0.292487,0.456465,45,572.34,12,12,51.06
META,2026-09-01,2026-10-16,490.0,C,85.75,91.7,88.725,49.0087,0.845048,0.002419,-0.300631,0.47877,45,572.34,7,60,51.06
META,2026-09-01,2026-10-16,495.0,C,81.35,86.6,83.975,46.7199,0.840143,0.00259,-0.293831,0.488678,45,572.34,2,40,51.06
META,2026-09-01,2026-10-16,500.0,C,77.15,82.25,79.7,45.8563,0.828513,0.002761,-0.300476,0.511384,45,572.34,17,585,51.06
META,2026-09-01,2026-10-16,505.0,C,72.9,77.85,75.375,44.8187,0.816829,0.002945,-0.305173,0.53312,45,572.34,1,31,51.06
META,2026-09-01,2026-10-16,510.0,C,68.65,73.75,71.2,44.2236,0.802323,0.003128,-0.313775,0.558668,45,572.34,1,70,51.06
META,2026-09-01,2026-10-16,515.0,C,64.65,69.65,67.15,43.5186,0.787383,0.003319,-0.320902,0.583392,45,572.34,16,68,51.06
META,2026-09-01,2026-10-16,520.0,C,60.75,65.75,63.25,43.0212,0.770615,0.003507,-0.329484,0.609302,45,572.34,19,411,51.06
META,2026-09-01,2026-10-16,525.0,C,56.9,61.9,59.4,42.481,0.753086,0.003698,-0.337044,0.634398,45,572.34,3,236,51.06
META,2026-09-01,2026-10-16,530.0,C,53.1,58.3,55.7,42.182,0.733696,0.003874,-0.346116,0.659878,45,572.34,7,440,51.06
META,2026-09-01,2026-10-16,535.0,C,50.7,53.5,52.1,40.0305,0.720056,0.004184,-0.337392,0.676419,45,572.34,7,549,51.06
META,2026-09-01,2026-10-16,540.0,C,46.2,51.15,48.675,41.2359,0.693533,0.004236,-0.358438,0.705425,45,572.34,5,515,51.06
META,2026-09-01,2026-10-16,545.0,C,44.15,45.8,44.975,38.1751,0.679576,0.004664,-0.33996,0.71906,45,572.34,48,255,51.06
META,2026-09-01,2026-10-16,550.0,C,41.3,42.7,42.0,38.0591,0.655122,0.004817,-0.346917,0.740323,45,572.34,129,2663,51.06
META,2026-09-01,2026-10-16,555.0,C,38.3,40.2,39.25,38.5535,0.6289,0.004878,-0.357927,0.759501,45,572.34,31,417,51.06
META,2026-09-01,2026-10-16,560.0,C,35.35,36.7,36.025,37.5983,0.604867,0.005096,-0.354822,0.773862,45,572.34,39,1329,51.06
META,2026-09-01,2026-10-16,565.0,C,32.8,34.0,33.4,37.5067,0.578789,0.005189,-0.357864,0.786036,45,572.34,28,440,51.06
META,2026-09-01,2026-10-16,570.0,C,30.1,31.2,30.65,37.1283,0.552469,0.0053,-0.356917,0.794778,45,572.34,317,2433,51.06
META,2026-09-01,2026-10-16,575.0,C,27.7,28.75,28.225,37.0215,0.525802,0.005351,-0.356837,0.800045,45,572.34,357,1884,51.06
META,2026-09-01,2026-10-16,580.0,C,25.65,26.45,26.05,36.9406,0.499133,0.005374,-0.355486,0.80172,45,572.34,404,1771,51.06
META,2026-09-01,2026-10-16,585.0,C,23.25,24.35,23.8,36.9467,0.472766,0.005361,-0.353452,0.799854,45,572.34,158,3940,51.06
META,2026-09-01,2026-10-16,590.0,C,21.5,22.3,21.9,36.8567,0.446478,0.005338,-0.349135,0.794496,45,572.34,96,1951,51.06
META,2026-09-01,2026-10-16,595.0,C,19.5,20.45,19.975,36.8613,0.420845,0.005279,-0.344344,0.785889,45,572.34,68,1079,51.06
META,2026-09-01,2026-10-16,600.0,C,18.0,18.7,18.35,36.8415,0.395659,0.005203,-0.338073,0.774142,45,572.34,960,12332,51.06
META,2026-09-01,2026-10-16,605.0,C,16.25,17.15,16.7,36.93,0.371586,0.005095,-0.331713,0.759821,45,572.34,362,606,51.06
META,2026-09-01,2026-10-16,610.0,C,14.8,15.6,15.2,36.872,0.347549,0.004986,-0.322862,0.742447,45,572.34,61,1664,51.06
META,2026-09-01,2026-10-16,615.0,C,13.55,14.3,13.925,37.0093,0.325335,0.004841,-0.315081,0.723597,45,572.34,277,1123,51.06
META,2026-09-01,2026-10-16,620.0,C,12.4,12.85,12.625,36.7957,0.30192,0.004716,-0.302802,0.700743,45,572.34,564,8056,51.06
META,2026-09-01,2026-10-16,625.0,C,11.1,11.85,11.475,37.0856,0.282477,0.004536,-0.29522,0.679368,45,572.34,71,1074,51.06
META,2026-09-01,2026-10-16,630.0,C,10.25,10.75,10.5,37.1039,0.262287,0.00437,-0.284161,0.654791,45,572.34,416,3306,51.06
META,2026-09-01,2026-10-16,635.0,C,9.2,9.8,9.5,37.2229,0.243733,0.004191,-0.273785,0.629991,45,572.34,37,984,51.06
META,2026-09-01,2026-10-16,640.0,C,8.4,8.9,8.65,37.2992,0.225862,0.00401,-0.262603,0.604017,45,572.34,133,4657,51.06
META,2026-09-01,2026-10-16,645.0,C,7.6,8.1,7.85,37.4182,0.209268,0.003825,-0.251694,0.577987,45,572.34,96,604,51.06
META,2026-09-01,2026-10-16,650.0,C,7.0,7.35,7.175,37.5098,0.193437,0.00364,-0.240338,0.551362,45,572.34,1009,5332,51.06
META,2026-09-01,2026-10-16,655.0,C,6.25,6.7,6.475,37.6685,0.179039,0.003455,-0.229734,0.525552,45,572.34,25,306,51.06
META,2026-09-01,2026-10-16,660.0,C,5.55,6.1,5.825,37.818,0.165489,0.003272,-0.219061,0.49981,45,572.34,179,2153,51.06
META,2026-09-01,2026-10-16,665.0,C,5.1,5.55,5.325,37.9645,0.1528,0.003094,-0.208454,0.474359,45,572.34,1044,551,51.06
META,2026-09-01,2026-10-16,670.0,C,4.6,5.05,4.825,38.1171,0.141001,0.00292,-0.198078,0.449464,45,572.34,104,2705,51.06
META,2026-09-01,2026-10-16,675.0,C,4.25,4.6,4.425,38.2849,0.130118,0.002751,-0.188087,0.425392,45,572.34,745,2278,51.06
META,2026-09-01,2026-10-16,680.0,C,3.85,4.2,4.025,38.4772,0.120165,0.00259,-0.178624,0.402395,45,572.34,57,2638,51.06
META,2026-09-01,2026-10-16,685.0,C,3.45,3.85,3.65,38.7091,0.111192,0.002436,-0.169889,0.380809,45,572.34,21,746,51.06
META,2026-09-01,2026-10-16,690.0,C,3.15,3.5,3.325,38.8586,0.102346,0.002286,-0.160492,0.358694,45,572.34,646,3012,51.06
META,2026-09-01,2026-10-16,695.0,C,2.89,3.2,3.045,39.0631,0.094493,0.002145,-0.152039,0.338326,45,572.34,9,2063,51.06
META,2026-09-01,2026-10-16,700.0,C,2.53,2.89,2.71,39.1486,0.086509,0.002004,-0.142589,0.316862,45,572.34,2145,7553,51.06
META,2026-09-01,2026-10-16,705.0,C,2.4,2.66,2.53,39.411,0.080158,0.00188,-0.135435,0.299208,45,572.34,13,1150,51.06
META,2026-09-01,2026-10-16,710.0,C,2.17,2.45,2.31,39.6735,0.074294,0.001763,-0.128589,0.282427,45,572.34,10,2583,51.06
META,2026-09-01,2026-10-16,715.0,C,1.97,2.26,2.115,39.942,0.068915,0.001653,-0.122114,0.2666,45,572.34,4,205,51.06
META,2026-09-01,2026-10-16,720.0,C,1.79,2.07,1.93,40.1373,0.063572,0.001545,-0.115195,0.250446,45,572.34,27,2080,51.06
META,2026-09-01,2026-10-16,725.0,C,1.58,1.91,1.745,40.3998,0.058977,0.001448,-0.109273,0.236186,45,572.34,33,601,51.06
META,2026-09-01,2026-10-16,730.0,C,1.43,1.78,1.605,40.7355,0.055087,0.001361,-0.104348,0.223832,45,572.34,52,2763,51.06
META,2026-09-01,2026-10-16,735.0,C,1.37,1.65,1.51,41.0162,0.051245,0.001276,-0.099154,0.211365,45,572.34,425,1945,51.06
META,2026-09-01,2026-10-16,740.0,C,1.26,1.54,1.4,41.3458,0.047914,0.0012,-0.094672,0.200325,45,572.34,3,2155,51.06
META,2026-09-01,2026-10-16,745.0,C,1.15,1.47,1.31,41.8341,0.045502,0.001138,-0.091845,0.192192,45,572.34,20,102,51.06
META,2026-09-01,2026-10-16,750.0,C,1.08,1.31,1.195,41.7975,0.041166,0.00105,-0.084597,0.177262,45,572.34,185,6482,51.06
META,2026-09-01,2026-10-16,755.0,C,0.99,1.25,1.12,42.2613,0.039085,0.000996,-0.08196,0.169948,45,572.34,8,2912,51.06
META,2026-09-01,2026-10-16,760.0,C,0.92,1.18,1.05,42.6397,0.036845,0.00094,-0.078765,0.161957,45,572.34,238,4932,51.06
META,2026-09-01,2026-10-16,765.0,C,0.85,1.06,0.955,42.6519,0.033493,0.000869,-0.072826,0.149766,45,572.34,73,4611,51.06
META,2026-09-01,2026-10-16,770.0,C,0.78,1.04,0.91,43.2867,0.032478,0.000835,-0.072022,0.146017,45,572.34,15,3572,51.06
META,2026-09-01,2026-10-16,775.0,C,0.7,0.97,0.835,43.5553,0.030358,0.000785,-0.068504,0.138089,45,572.34,2,5150,51.06
META,2026-09-01,2026-10-16,780.0,C,0.68,0.91,0.795,43.8604,0.028507,0.00074,-0.065446,0.131063,45,572.34,1,5808,51.06
META,2026-09-01,2026-10-16,785.0,C,0.6,0.85,0.725,44.129,0.026685,0.000696,-0.062294,0.124041,45,572.34,4,73,51.06
META,2026-09-01,2026-10-16,790.0,C,0.61,0.72,0.665,43.7261,0.023159,0.000624,-0.054793,0.11014,45,572.34,1290,2124,51.06
META,2026-09-01,2026-10-16,795.0,C,0.54,0.79,0.665,45.0689,0.024514,0.000635,-0.059209,0.115533,45,572.34,1,46,51.06
META,2026-09-01,2026-10-16,800.0,C,0.51,0.69,0.6,44.8614,0.021796,0.000578,-0.053369,0.10465,45,572.34,21,4398,51.06
META,2026-09-01,2026-10-16,805.0,C,0.45,0.67,0.56,45.3619,0.021022,0.000554,-0.052318,0.101497,45,572.34,2,2929,51.06
META,2026-09-01,2026-10-16,810.0,C,0.42,0.64,0.53,45.7281,0.019983,0.000527,-0.050507,0.097233,45,572.34,2,2721,51.06
META,2026-09-01,2026-10-16,815.0,C,0.39,0.57,0.48,45.6548,0.018039,0.000483,-0.04621,0.089128,45,572.34,2,4950,51.06
META,2026-09-01,2026-10-16,820.0,C,0.36,0.54,0.45,45.9722,0.017073,0.000458,-0.04438,0.085035,45,572.34,102,3014,51.06
META,2026-09-01,2026-10-16,825.0,C,0.36,0.51,0.435,46.2652,0.016124,0.000433,-0.042516,0.080973,45,572.34,8,4658,51.06
META,2026-09-01,2026-10-16,830.0,C,0.33,0.48,0.405,46.5337,0.015193,0.000409,-0.040625,0.076948,45,572.34,1,6109,51.06
META,2026-09-01,2026-10-16,835.0,C,0.04,0.78,0.41,50.4644,0.021847,0.000514,-0.059994,0.104857,45,572.34,1,43,51.06
META,2026-09-01,2026-10-16,840.0,C,0.28,0.47,0.375,47.6568,0.014567,0.000386,-0.040101,0.074212,45,572.34,1,852,51.06
META,2026-09-01,2026-10-16,845.0,C,0.26,0.42,0.34,47.5591,0.013141,0.000354,-0.036608,0.067901,45,572.34,1,12,51.06
META,2026-09-01,2026-10-16,850.0,C,0.25,0.38,0.315,47.5591,0.011993,0.000327,-0.033815,0.062736,45,572.34,1,1564,51.06
META,2026-09-01,2026-10-16,855.0,C,0.24,0.4,0.32,48.4868,0.012372,0.000329,-0.035405,0.064449,45,572.34,3,27,51.06
META,2026-09-01,2026-10-16,860.0,C,0.15,0.37,0.26,48.5845,0.011461,0.000307,-0.033194,0.060316,45,572.34,1,945,51.06
META,2026-09-01,2026-10-16,865.0,C,0.17,0.38,0.275,49.3657,0.011621,0.000306,-0.034124,0.061043,45,572.34,1,12,51.06
META,2026-09-01,2026-10-16,870.0,C,0.13,0.34,0.235,49.2681,0.010511,0.000281,-0.031203,0.055939,45,572.34,2,1008,51.06
META,2026-09-01,2026-10-16,875.0,C,0.17,0.33,0.25,49.6587,0.010145,0.00027,-0.030486,0.054237,45,572.34,1,214,51.06
META,2026-09-01,2026-10-16,880.0,C,0.1,0.31,0.205,49.854,0.009546,0.000255,-0.029017,0.051431,45,572.34,100,302,51.06
META,2026-09-01,2026-10-16,885.0,C,0.0,0.5,0.25,53.4917,0.013827,0.000328,-0.042929,0.070951,45,572.34,1,379,51.06
META,2026-09-01,2026-10-16,890.0,C,0.0,0.49,0.245,53.9311,0.013468,0.000318,-0.042302,0.069361,45,572.34,1,198,51.06
META,2026-09-01,2026-10-16,895.0,C,0.05,0.3,0.175,51.3188,0.009002,0.000236,-0.028354,0.048854,45,572.34,2,20,51.06
META,2026-09-01,2026-10-16,900.0,C,0.09,0.22,0.155,50.0493,0.006913,0.000192,-0.02192,0.03873,45,572.34,86,3001,51.06
META,2026-09-01,2026-10-16,905.0,C,0.03,0.28,0.155,52.0024,0.008357,0.000218,-0.026909,0.045774,45,572.34,2,17,51.06
META,2026-09-01,2026-10-16,910.0,C,0.08,0.27,0.175,52.2954,0.008009,0.000209,-0.026063,0.044094,45,572.34,6,177,51.06
META,2026-09-01,2026-10-16,915.0,C,0.02,0.27,0.145,52.8325,0.00794,0.000205,-0.026125,0.043758,45,572.34,6,52,51.06
META,2026-09-01,2026-10-16,920.0,C,0.07,0.26,0.165,50.5864,0.005271,0.000149,-0.017412,0.030459,45,572.34,4,98,51.06
META,2026-09-01,2026-10-16,925.0,C,0.02,0.24,0.13,53.1743,0.00708,0.000184,-0.02376,0.039555,45,572.34,3,9,51.06
META,2026-09-01,2026-10-16,930.0,C,0.03,0.22,0.125,50.0982,0.004077,0.00012,-0.013708,0.024219,45,572.34,1,287,51.06
META,2026-09-01,2026-10-16,935.0,C,0.08,0.24,0.16,51.9048,0.004987,0.000138,-0.016997,0.028993,45,572.34,2,6,51.06
META,2026-09-01,2026-10-16,940.0,C,0.02,0.22,0.12,50.8794,0.003882,0.000113,-0.01332,0.02318,45,572.34,32,96,51.06
META,2026-09-01,2026-10-16,945.0,C,0.04,0.23,0.135,51.9536,0.004239,0.00012,-0.01471,0.025076,45,572.34,1,4,51.06
META,2026-09-01,2026-10-16,950.0,C,0.0,0.4,0.2,54.6391,0.005845,0.000151,-0.020591,0.033386,45,572.34,3,662,51.06
META,2026-09-01,2026-10-16,955.0,C,0.0,0.22,0.11,51.856,0.003514,0.000101,-0.012407,0.021195,45,572.34,0,1,51.06
META,2026-09-01,2026-10-16,960.0,C,0.03,0.21,0.12,52.7348,0.003728,0.000105,-0.013303,0.022352,45,572.34,10,75,51.06
META,2026-09-01,2026-10-16,965.0,C,0.02,0.37,0.195,55.9575,0.005589,0.000142,-0.020255,0.032082,45,572.34,184,21,51.06
META,2026-09-01,2026-10-16,970.0,C,0.1,0.21,0.155,55.0786,0.004561,0.00012,-0.016637,0.026773,45,572.34,160,89,51.06
META,2026-09-01,2026-10-16,975.0,C,0.1,0.19,0.145,55.1762,0.004282,0.000114,-0.015749,0.025303,45,572.34,10,2,51.06
META,2026-09-01,2026-10-16,980.0,C,0.1,0.17,0.135,55.2739,0.00402,0.000107,-0.014909,0.023915,45,572.34,15,161,51.06
META,2026-09-01,2026-10-16,990.0,C,0.05,0.16,0.105,54.7856,0.003181,8.8e-05,-0.011975,0.019383,45,572.34,10,120,51.06
META,2026-09-01,2026-10-16,1000.0,C,0.09,0.18,0.135,57.0317,0.003867,0.0001,-0.014848,0.023096,45,572.34,80,686,51.06
META,2026-09-01,2026-10-16,1010.0,C,0.0,0.22,0.11,56.8364,0.003233,8.6e-05,-0.012597,0.019665,45,572.34,1,57,51.06
META,2026-09-01,2026-10-16,1020.0,C,0.0,0.2,0.1,57.1293,0.002914,7.8e-05,-0.011529,0.01791,45,572.34,2,27,51.06
META,2026-09-01,2026-10-16,1030.0,C,0.01,0.23,0.12,58.9848,0.003351,8.5e-05,-0.013497,0.020312,45,572.34,5,53,51.06
META,2026-09-01,2026-10-16,1040.0,C,0.02,0.21,0.115,59.6684,0.003225,8.1e-05,-0.013188,0.019625,45,572.34,154,138,51.06
META,2026-09-01,2026-10-16,1050.0,C,0.02,0.18,0.1,59.6684,0.002806,7.2e-05,-0.011631,0.017311,45,572.34,39,109,51.06
META,2026-09-01,2026-10-16,1060.0,C,0.07,0.28,0.175,63.8675,0.004454,0.000102,-0.018845,0.026213,45,572.34,125,87,51.06
META,2026-09-01,2026-10-16,1070.0,C,0.01,0.13,0.07,59.3754,0.002021,5.4e-05,-0.008598,0.012864,45,572.34,288,40,51.06
META,2026-09-01,2026-10-16,1080.0,C,0.01,0.32,0.165,65.1371,0.004122,9.3e-05,-0.017927,0.024459,45,572.34,43,413,51.06
META,2026-09-01,2026-10-16,1090.0,C,0.0,0.19,0.095,62.598,0.002555,6.3e-05,-0.011202,0.015904,45,572.34,14,60,51.06
META,2026-09-01,2026-10-16,1100.0,C,0.02,0.2,0.11,64.2582,0.002869,6.8e-05,-0.012765,0.017658,45,572.34,110,458,51.06
META,2026-09-01,2026-10-16,1110.0,C,0.01,0.2,0.105,64.7464,0.00272,6.4e-05,-0.012259,0.016833,45,572.34,128,96,51.06
META,2026-09-01,2026-10-16,1120.0,C,0.01,0.2,0.105,65.5277,0.002694,6.3e-05,-0.012298,0.016688,45,572.34,263,37,51.06
META,2026-09-01,2026-10-16,1130.0,C,0.01,0.19,0.1,66.016,0.002564,6e-05,-0.011845,0.015957,45,572.34,269,172,51.06
META,2026-09-01,2026-10-16,1140.0,C,0.01,0.2,0.105,66.9925,0.002618,6e-05,-0.012247,0.016261,45,572.34,93,24,51.06
META,2026-09-01,2026-10-16,1150.0,C,0.01,0.19,0.1,67.4808,0.0025,5.7e-05,-0.011829,0.015594,45,572.34,173,70,51.06
META,2026-09-01,2026-10-16,1160.0,C,0.01,0.07,0.04,63.0863,0.001115,2.9e-05,-0.005304,0.007479,45,572.34,282,1156,51.06
META,2026-09-01,2026-10-16,1170.0,C,0.01,0.2,0.105,69.2386,0.00255,5.7e-05,-0.012355,0.015878,45,572.34,558,50,51.06
META,2026-09-01,2026-10-16,1180.0,C,0.0,0.05,0.025,62.1098,0.000717,2e-05,-0.00348,0.004985,45,572.34,27,524,51.06
META,2026-09-01,2026-10-16,1190.0,C,0.0,0.08,0.04,65.2347,0.001103,2.8e-05,-0.005426,0.007403,45,572.34,2,195,51.06
META,2026-09-01,2026-10-16,1200.0,C,0.02,0.13,0.075,69.3362,0.001864,4.3e-05,-0.009308,0.01195,45,572.34,1166,754,51.06
META,2026-09-01,2026-10-16,1210.0,C,0.0,0.07,0.035,65.8207,0.000955,2.4e-05,-0.004797,0.006487,45,572.34,46,1192,51.06
META,2026-09-01,2026-10-16,1220.0,C,0.01,0.18,0.095,72.1682,0.002241,4.8e-05,-0.011452,0.014129,45,572.34,761,1851,51.06
META,2026-09-01,2026-10-16,1230.0,C,0.0,0.04,0.02,64.4535,0.000583,1.6e-05,-0.002981,0.004118,45,572.34,92,117,51.06
META,2026-09-01,2026-10-16,1240.0,C,0.01,0.12,0.065,71.094,0.001569,3.6e-05,-0.008156,0.010217,45,572.34,448,84,51.06
META,2026-09-01,2026-10-16,1250.0,C,0.0,0.06,0.03,67.5784,0.000805,2e-05,-0.004207,0.005544,45,572.34,1,410,51.06
META,2026-09-01,2026-10-16,270.0,P,0.01,0.06,0.035,70.3128,-0.000723,1.8e-05,-0.003878,0.005022,45,572.34,38,358,51.06
META,2026-09-01,2026-10-16,280.0,P,0.0,0.49,0.245,81.2502,-0.003852,7e-05,-0.020531,0.023015,45,572.34,11,192,51.06
META,2026-09-01,2026-10-16,290.0,P,0.01,0.35,0.18,74.9026,-0.003129,6.3e-05,-0.015693,0.019095,45,572.34,464,440,51.06
META,2026-09-01,2026-10-16,300.0,P,0.03,0.29,0.16,70.5081,-0.002966,6.4e-05,-0.014069,0.018198,45,572.34,499,346,51.06
META,2026-09-01,2026-10-16,310.0,P,0.0,0.1,0.05,59.766,-0.001149,3.2e-05,-0.005033,0.007686,45,572.34,248,351,51.06
META,2026-09-01,2026-10-16,320.0,P,0.05,0.43,0.24,66.9925,-0.004542,9.9e-05,-0.019567,0.026672,45,572.34,3,187,51.06
META,2026-09-01,2026-10-16,330.0,P,0.01,0.12,0.065,55.4692,-0.001598,4.6e-05,-0.006304,0.01039,45,572.34,42,309,51.06
META,2026-09-01,2026-10-16,340.0,P,0.02,0.19,0.105,55.1762,-0.002487,7e-05,-0.009362,0.015522,45,572.34,1,129,51.06
META,2026-09-01,2026-10-16,350.0,P,0.05,0.19,0.12,53.1255,-0.00294,8.4e-05,-0.010474,0.018053,45,572.34,4,564,51.06
META,2026-09-01,2026-10-16,360.0,P,0.05,0.17,0.11,52.2954,-0.004123,0.000116,-0.01396,0.024465,45,572.34,1,271,51.06
META,2026-09-01,2026-10-16,370.0,P,0.11,0.23,0.17,51.27,-0.005562,0.000154,-0.017853,0.031946,45,572.34,5,202,51.06
META,2026-09-01,2026-10-16,380.0,P,0.13,0.28,0.205,49.6587,-0.006899,0.000193,-0.020905,0.038663,45,572.34,10,266,51.06
META,2026-09-01,2026-10-16,390.0,P,0.18,0.31,0.245,47.437,-0.007892,0.000227,-0.022454,0.043528,45,572.34,1,574,51.06
META,2026-09-01,2026-10-16,400.0,P,0.25,0.4,0.325,46.1919,-0.010214,0.000292,-0.02737,0.054559,45,572.34,20,831,51.06
META,2026-09-01,2026-10-16,405.0,P,0.29,0.53,0.41,46.6314,-0.013134,0.00036,-0.034352,0.067873,45,572.34,25,65,51.06
META,2026-09-01,2026-10-16,410.0,P,0.36,0.45,0.405,44.1168,-0.011892,0.00035,-0.029793,0.06228,45,572.34,2,994,51.06
META,2026-09-01,2026-10-16,415.0,P,0.24,0.48,0.36,43.0914,-0.012853,0.000383,-0.031101,0.066614,45,572.34,41,197,51.06
META,2026-09-01,2026-10-16,420.0,P,0.39,0.57,0.48,42.774,-0.015144,0.000444,-0.035532,0.076731,45,572.34,2,393,51.06
META,2026-09-01,2026-10-16,425.0,P,0.49,0.55,0.52,41.1383,-0.015207,0.000463,-0.034261,0.077005,45,572.34,13,162,51.06
META,2026-09-01,2026-10-16,430.0,P,0.47,0.75,0.61,41.7364,-0.019895,0.000575,-0.043692,0.09687,45,572.34,6,437,51.06
META,2026-09-01,2026-10-16,435.0,P,0.52,0.87,0.695,41.3092,-0.022969,0.000656,-0.048783,0.109379,45,572.34,21,175,51.06
META,2026-09-01,2026-10-16,440.0,P,0.72,0.9,0.81,40.0763,-0.024319,0.000709,-0.0496,0.114761,45,572.34,7,797,51.06
META,2026-09-01,2026-10-16,445.0,P,0.73,1.1,0.915,40.0397,-0.029175,0.000826,-0.057636,0.13361,45,572.34,3,87,51.06
META,2026-09-01,2026-10-16,450.0,P,0.97,1.17,1.07,38.9899,-0.031536,0.000905,-0.05979,0.142511,45,572.34,136,3284,51.06
META,2026-09-01,2026-10-16,455.0,P,1.1,1.37,1.235,38.6603,-0.03657,0.001031,-0.066883,0.160967,45,572.34,55,668,51.06
META,2026-09-01,2026-10-16,460.0,P,1.28,1.53,1.405,37.9889,-0.040989,0.001151,-0.072027,0.176646,45,572.34,45,1168,51.06
META,2026-09-01,2026-10-16,465.0,P,1.5,1.78,1.64,37.641,-0.047226,0.001303,-0.079895,0.198017,45,572.34,54,725,51.06
META,2026-09-01,2026-10-16,470.0,P,1.85,1.99,1.92,36.9818,-0.052888,0.001451,-0.085783,0.216729,45,572.34,48,1257,51.06
META,2026-09-01,2026-10-16,475.0,P,2.14,2.38,2.26,36.9147,-0.061958,0.001647,-0.096846,0.245478,45,572.34,30,956,51.06
META,2026-09-01,2026-10-16,480.0,P,2.5,2.68,2.59,36.341,-0.069605,0.001831,-0.104165,0.268656,45,572.34,302,2526,51.06
META,2026-09-01,2026-10-16,485.0,P,2.93,3.15,3.04,36.1884,-0.080326,0.002051,-0.115514,0.299683,45,572.34,40,2382,51.06
META,2026-09-01,2026-10-16,490.0,P,3.4,3.8,3.6,36.3532,-0.093962,0.002295,-0.130246,0.336922,45,572.34,76,1673,51.06
META,2026-09-01,2026-10-16,495.0,P,3.95,4.2,4.075,35.6452,-0.103966,0.00252,-0.137226,0.362809,45,572.34,61,793,51.06
META,2026-09-01,2026-10-16,500.0,P,4.6,4.8,4.7,35.3156,-0.117257,0.002773,-0.147887,0.395489,45,572.34,1369,4126,51.06
META,2026-09-01,2026-10-16,505.0,P,5.2,5.6,5.4,35.2637,-0.133496,0.00304,-0.161323,0.43298,45,572.34,77,1226,51.06
META,2026-09-01,2026-10-16,510.0,P,6.05,6.55,6.3,35.3156,-0.151712,0.00331,-0.175772,0.472115,45,572.34,140,2358,51.06
META,2026-09-01,2026-10-16,515.0,P,7.0,7.4,7.2,34.9738,-0.1689,0.003585,-0.186227,0.506427,45,572.34,696,1369,51.06
META,2026-09-01,2026-10-16,520.0,P,8.0,8.45,8.225,34.8273,-0.188611,0.00386,-0.198256,0.542883,45,572.34,285,2795,51.06
META,2026-09-01,2026-10-16,525.0,P,9.1,9.55,9.325,34.5801,-0.209069,0.004136,-0.208826,0.577664,45,572.34,716,973,51.06
META,2026-09-01,2026-10-16,530.0,P,10.35,10.9,10.625,34.5557,-0.232078,0.004395,-0.220871,0.613289,45,572.34,508,2246,51.06
META,2026-09-01,2026-10-16,535.0,P,11.75,12.25,12.0,34.339,-0.25527,0.004656,-0.230261,0.645665,45,572.34,210,1117,51.06
META,2026-09-01,2026-10-16,540.0,P,13.4,13.85,13.625,34.3055,-0.28052,0.004887,-0.240367,0.677093,45,572.34,449,3853,51.06
META,2026-09-01,2026-10-16,545.0,P,15.0,15.75,15.375,34.4947,-0.307596,0.005072,-0.251318,0.706569,45,572.34,125,1006,51.06
META,2026-09-01,2026-10-16,550.0,P,16.85,17.6,17.225,34.4169,-0.334338,0.005263,-0.258521,0.731564,45,572.34,361,7057,51.06
META,2026-09-01,2026-10-16,555.0,P,18.75,19.65,19.2,34.4184,-0.362018,0.005419,-0.265016,0.753277,45,572.34,55,401,51.06
META,2026-09-01,2026-10-16,560.0,P,20.9,21.6,21.25,34.1071,-0.389622,0.005596,-0.26726,0.770837,45,572.34,149,2092,51.06
META,2026-09-01,2026-10-16,565.0,P,23.15,23.85,23.5,34.0003,-0.418258,0.005716,-0.269736,0.784834,45,572.34,72,402,51.06
META,2026-09-01,2026-10-16,570.0,P,25.6,26.3,25.95,33.9637,-0.447269,0.005794,-0.271204,0.794709,45,572.34,152,1588,51.06
META,2026-09-01,2026-10-16,575.0,P,28.15,29.25,28.7,34.3665,-0.476062,0.005766,-0.274911,0.800279,45,572.34,82,487,51.06
META,2026-09-01,2026-10-16,580.0,P,30.85,31.8,31.325,34.0979,-0.505087,0.005821,-0.271095,0.801657,45,572.34,29,1353,51.06
META,2026-09-01,2026-10-16,585.0,P,33.75,34.85,34.3,34.2749,-0.533229,0.005772,-0.269687,0.79894,45,572.34,8,3028,51.06
META,2026-09-01,2026-10-16,590.0,P,36.45,37.75,37.1,34.0949,-0.561808,0.005752,-0.26353,0.792081,45,572.34,61,1446,51.06
META,2026-09-01,2026-10-16,595.0,P,39.6,41.05,40.325,34.2521,-0.5888,0.005652,-0.259083,0.781779,45,572.34,4,250,51.06
META,2026-09-01,2026-10-16,600.0,P,42.5,44.65,43.575,34.6381,-0.613868,0.005496,-0.25563,0.768839,45,572.34,9,4757,51.06
META,2026-09-01,2026-10-16,605.0,P,44.4,47.85,46.125,34.3451,-0.641224,0.005414,-0.244379,0.750949,45,572.34,4,190,51.06
META,2026-09-01,2026-10-16,610.0,P,47.85,51.6,49.725,34.6289,-0.664751,0.005237,-0.237837,0.732345,45,572.34,8,704,51.06
META,2026-09-01,2026-10-16,615.0,P,51.45,55.0,53.225,34.2719,-0.691109,0.005114,-0.22373,0.707873,45,572.34,61,96,51.06
META,2026-09-01,2026-10-16,620.0,P,56.6,59.6,58.1,35.4926,-0.706296,0.004828,-0.225711,0.691981,45,572.34,9,776,51.06
META,2026-09-01,2026-10-16,625.0,P,59.1,64.2,61.65,36.637,-0.720433,0.004569,-0.226703,0.675977,45,572.34,9,84,51.06
META,2026-09-01,2026-10-16,630.0,P,63.15,68.25,65.7,36.8689,-0.739302,0.004384,-0.217419,0.652752,45,572.34,12,457,51.06
META,2026-09-01,2026-10-16,635.0,P,67.1,73.0,70.05,38.0927,-0.750312,0.004148,-0.219005,0.638187,45,572.34,5,30,51.06
META,2026-09-01,2026-10-16,640.0,P,71.25,76.6,73.925,37.3786,-0.773573,0.004007,-0.19838,0.604869,45,572.34,3,500,51.06
META,2026-09-01,2026-10-16,645.0,P,75.6,80.75,78.175,37.4152,-0.790754,0.003825,-0.186012,0.577951,45,572.34,4,59,51.06
META,2026-09-01,2026-10-16,650.0,P,79.8,83.4,81.6,34.455,-0.82976,0.003658,-0.138059,0.509001,45,572.34,2,648,51.06
META,2026-09-01,2026-10-16,655.0,P,84.15,89.5,86.825,37.9523,-0.818897,0.003454,-0.166434,0.529349,45,572.34,1,11,51.06
META,2026-09-01,2026-10-16,660.0,P,87.7,93.4,90.55,37.1008,-0.839762,0.003267,-0.14336,0.48944,45,572.34,34,578,51.06
META,2026-09-01,2026-10-16,665.0,P,93.1,98.45,95.775,38.4924,-0.843418,0.003101,-0.147055,0.482085,45,572.34,33,91,51.06
META,2026-09-01,2026-10-16,670.0,P,97.0,103.5,100.25,39.8627,-0.846781,0.002952,-0.150645,0.47522,45,572.34,7,365,51.06
META,2026-09-01,2026-10-16,675.0,P,102.7,107.5,105.1,38.8678,-0.865836,0.002768,-0.126274,0.43447,45,572.34,7,17,51.06
META,2026-09-01,2026-10-16,680.0,P,106.4,112.35,109.375,39.704,-0.871527,0.00263,-0.123832,0.421657,45,572.34,1,220,51.06
META,2026-09-01,2026-10-16,685.0,P,110.8,116.8,113.8,39.4904,-0.883636,0.002466,-0.109253,0.393353,45,572.34,5,20,51.06
META,2026-09-01,2026-10-16,690.0,P,115.45,121.9,118.675,40.8758,-0.884697,0.002367,-0.113569,0.390801,45,572.34,8,162,51.06
META,2026-09-01,2026-10-16,695.0,P,120.2,127.1,123.65,42.5085,-0.884056,0.002285,-0.120896,0.392345,45,572.34,12,48,51.06
META,2026-09-01,2026-10-16,700.0,P,125.95,131.1,128.525,40.8575,-0.903148,0.002088,-0.090465,0.34452,45,572.34,2,785,51.06
META,2026-09-01,2026-10-16,705.0,P,129.8,135.9,132.85,41.3031,-0.908767,0.001976,-0.084533,0.329656,45,572.34,1,3,51.06
META,2026-09-01,2026-10-16,710.0,P,134.7,140.85,137.775,42.1698,-0.911575,0.001891,-0.083492,0.322084,45,572.34,27,95,51.06
META,2026-09-01,2026-10-16,715.0,P,139.5,146.2,142.85,44.2633,-0.907351,0.001865,-0.096271,0.333437,45,572.34,13,10,51.06
META,2026-09-01,2026-10-16,720.0,P,144.45,151.0,147.725,44.6539,-0.912468,0.001773,-0.090093,0.319655,45,572.34,38,208,51.06
META,2026-09-01,2026-10-16,725.0,P,149.35,156.15,152.75,46.1187,-0.911607,0.001729,-0.096023,0.321999,45,572.34,2,2,51.06
META,2026-09-01,2026-10-16,730.0,P,154.35,160.45,157.4,44.7698,-0.925058,0.001572,-0.071224,0.284306,45,572.34,2,9,51.06
META,2026-09-01,2026-10-16,740.0,P,163.85,171.55,167.7,50.2996,-0.90993,0.001607,-0.112047,0.326532,45,572.34,6,0,51.06
META,2026-09-01,2026-10-16,745.0,P,169.15,177.05,173.1,52.7654,-0.904152,0.001604,-0.129776,0.341891,45,572.34,15,0,51.06
META,2026-09-01,2026-10-16,750.0,P,173.7,181.5,177.6,52.0574,-0.91347,0.001507,-0.111646,0.316919,45,572.34,122,129,51.06
META,2026-09-01,2026-10-16,760.0,P,184.1,191.6,187.85,54.2485,-0.914563,0.001433,-0.116461,0.313917,45,572.34,10,171,51.06
META,2026-09-01,2026-10-16,770.0,P,194.1,201.45,197.775,55.5913,-0.919039,0.001343,-0.112192,0.301469,45,572.34,9,0,51.06
META,2026-09-01,2026-10-16,780.0,P,204.05,211.85,207.95,58.6979,-0.915682,0.001311,-0.127842,0.31083,45,572.34,6,0,51.06
META,2026-09-01,2026-10-16,785.0,P,208.65,217.05,212.85,60.2238,-0.914133,0.001296,-0.135532,0.315102,45,572.34,0,0,51.06
META,2026-09-01,2026-10-16,790.0,P,213.9,222.4,218.15,62.2074,-0.910734,0.001291,-0.148533,0.324363,45,572.34,54,25,51.06
META,2026-09-01,2026-10-16,800.0,P,224.05,231.5,227.775,61.0233,-0.924256,0.001163,-0.116958,0.286622,45,572.34,7,0,51.06
META,2026-09-01,2026-10-16,810.0,P,234.05,241.85,237.95,63.9103,-0.921459,0.001142,-0.130949,0.294628,45,572.34,3,0,51.06
META,2026-09-01,2026-10-16,815.0,P,238.75,246.55,242.65,63.7089,-0.926142,0.001093,-0.120004,0.28116,45,572.34,0,0,51.06
META,2026-09-01,2026-10-16,820.0,P,243.75,251.55,247.65,64.5389,-0.926905,0.00107,-0.120449,0.278936,45,572.34,1,0,51.06
META,2026-09-01,2026-10-16,830.0,P,164.1,168.45,166.275,0.001,-1.0,0.0,0.084475,0.0,45,572.34,3,0,51.06
META,2026-09-01,2026-10-16,850.0,P,273.75,281.85,277.8,70.4105,-0.927515,0.000975,-0.134133,0.277153,45,572.34,2,0,51.06
META,2026-09-01,2026-10-16,860.0,P,272.55,277.35,274.95,0.001,-1.0,0.0,0.087528,0.0,45,572.34,15,5,51.06
META,2026-09-01,2026-10-16,890.0,P,326.85,333.55,330.2,99.3439,-0.859497,0.001118,-0.411312,0.448385,45,572.34,1,0,51.06
META,2026-09-01,2026-10-16,900.0,P,336.85,343.95,340.4,101.4562,-0.859849,0.001092,-0.419917,0.447621,45,572.34,1,0,51.06
META,2026-09-01,2026-10-16,910.0,P,346.85,353.85,350.35,102.9912,-0.86187,0.001066,-0.421385,0.44322,45,572.34,1,0,51.06
META,2026-09-01,2026-10-16,920.0,P,356.85,363.55,360.2,104.2729,-0.864498,0.001039,-0.419842,0.437438,45,572.34,1,0,51.06
META,2026-09-01,2026-10-16,930.0,P,366.85,373.85,370.35,106.2016,-0.864996,0.001017,-0.426854,0.436335,45,572.34,1,0,51.06
META,2026-09-01,2026-10-16,960.0,P,396.85,403.85,400.35,110.8281,-0.869213,0.000954,-0.434373,0.426904,45,572.34,1,0,51.06
META,2026-09-01,2026-10-16,970.0,P,406.85,414.05,410.45,112.5554,-0.869844,0.000936,-0.43972,0.425479,45,572.34,1,0,51.06
META,2026-09-01,2026-10-16,980.0,P,416.85,423.95,420.4,113.9134,-0.871421,0.000917,-0.440503,0.421899,45,572.34,1,0,51.06
META,2026-09-01,2026-10-16,990.0,P,426.85,433.9,430.375,115.308,-0.872781,0.000899,-0.441967,0.418792,45,572.34,1,0,51.06
META,2026-09-01,2026-11-20,5.0,C,563.55,571.65,567.6,436.7192,0.999588,1e-06,-0.011315,0.003978,80,572.34,10,1354,51.06
META,2026-09-01,2026-11-20,30.0,C,538.5,546.45,542.475,232.0317,0.999453,3e-06,-0.010506,0.005178,80,572.34,12,26,51.06
META,2026-09-01,2026-11-20,250.0,C,309.05,315.8,312.425,0.001,1.0,0.0,-0.025353,0.0,80,572.34,1,85,51.06
META,2026-09-01,2026-11-20,260.0,C,311.15,318.4,314.775,93.4815,0.979347,0.000199,-0.102822,0.133316,80,572.34,4,7,51.06
META,2026-09-01,2026-11-20,270.0,C,301.2,309.0,305.1,91.5894,0.976463,0.000226,-0.110963,0.148868,80,572.34,0,1,51.06
META,2026-09-01,2026-11-20,290.0,C,317.65,325.2,321.425,179.6327,0.892257,0.000385,-0.576544,0.496385,80,572.34,1,2,51.06
META,2026-09-01,2026-11-20,300.0,C,271.3,279.35,275.325,81.415,0.971724,0.000297,-0.116811,0.173572,80,572.34,1,16,51.06
META,2026-09-01,2026-11-20,310.0,C,249.8,256.7,253.25,0.001,1.0,0.0,-0.031438,0.0,80,572.34,2,3,51.06
META,2026-09-01,2026-11-20,320.0,C,251.7,259.6,255.65,75.8975,0.966893,0.000363,-0.124031,0.197793,80,572.34,1,5,51.06
META,2026-09-01,2026-11-20,330.0,C,242.1,249.95,246.025,74.1091,0.962799,0.000409,-0.131757,0.21765,80,572.34,14,18,51.06
META,2026-09-01,2026-11-20,340.0,C,231.95,239.9,235.925,70.2701,0.961835,0.00044,-0.129518,0.22224,80,572.34,7,8,51.06
META,2026-09-01,2026-11-20,350.0,C,222.5,229.7,226.1,67.6578,0.958793,0.000487,-0.132759,0.236543,80,572.34,8,15,51.06
META,2026-09-01,2026-11-20,360.0,C,212.5,220.35,216.425,65.6131,0.954442,0.000545,-0.138654,0.256512,80,572.34,8,17,51.06
META,2026-09-01,2026-11-20,370.0,C,202.9,210.65,206.775,63.599,0.949647,0.000609,-0.144629,0.277903,80,572.34,1,3,51.06
META,2026-09-01,2026-11-20,380.0,C,193.8,200.4,197.1,61.4384,0.944774,0.000678,-0.149691,0.299041,80,572.34,1,16,51.06
META,2026-09-01,2026-11-20,390.0,C,183.8,190.8,187.3,58.8688,0.940536,0.00075,-0.152227,0.316953,80,572.34,1,38,51.06
META,2026-09-01,2026-11-20,400.0,C,173.85,181.25,177.55,56.4488,0.935589,0.000832,-0.155332,0.337351,80,572.34,4,49,51.06
META,2026-09-01,2026-11-20,405.0,C,168.95,176.5,172.725,55.3654,0.932599,0.000879,-0.157541,0.349423,80,572.34,58,40,51.06
META,2026-09-01,2026-11-20,410.0,C,165.0,171.75,168.375,55.4875,0.925839,0.000944,-0.167093,0.376055,80,572.34,1,10,51.06
META,2026-09-01,2026-11-20,415.0,C,160.9,167.0,163.95,55.2983,0.91965,0.001007,-0.1749,0.399668,80,572.34,20,16,51.06
META,2026-09-01,2026-11-20,420.0,C,155.05,162.4,158.725,53.1926,0.919259,0.00105,-0.170635,0.401136,80,572.34,1,6,51.06
META,2026-09-01,2026-11-20,425.0,C,151.1,157.7,154.4,53.1499,0.912047,0.001121,-0.179385,0.427737,80,572.34,1,41,51.06
META,2026-09-01,2026-11-20,430.0,C,147.0,153.1,150.05,52.9515,0.904974,0.001191,-0.187239,0.452974,80,572.34,2,7,51.06
META,2026-09-01,2026-11-20,435.0,C,142.15,148.55,145.35,51.9658,0.900272,0.001258,-0.189958,0.469311,80,572.34,1,2,51.06
META,2026-09-01,2026-11-20,440.0,C,137.95,144.05,141.0,51.6332,0.892979,0.001333,-0.196964,0.493985,80,572.34,54,35,51.06
META,2026-09-01,2026-11-20,445.0,C,132.0,139.65,135.825,56.4488,0.867651,0.001416,-0.238693,0.573888,80,572.34,1,30,51.06
META,2026-09-01,2026-11-20,450.0,C,129.1,135.2,132.15,50.4888,0.87904,0.001487,-0.207732,0.539024,80,572.34,15,139,51.06
META,2026-09-01,2026-11-20,455.0,C,124.85,130.6,127.725,54.511,0.85513,0.00156,-0.244356,0.610348,80,572.34,2,28,51.06
META,2026-09-01,2026-11-20,460.0,C,120.7,125.75,123.225,53.0065,0.850262,0.00164,-0.243355,0.62402,80,572.34,60,107,51.06
META,2026-09-01,2026-11-20,465.0,C,116.45,121.5,118.975,52.3931,0.842007,0.001719,-0.248303,0.646582,80,572.34,40,49,51.06
META,2026-09-01,2026-11-20,470.0,C,112.1,117.45,114.775,52.0146,0.832562,0.001798,-0.254729,0.671471,80,572.34,34,56,51.06
META,2026-09-01,2026-11-20,475.0,C,107.0,113.3,110.15,51.4318,0.823445,0.001881,-0.259606,0.694589,80,572.34,4,38,51.06
META,2026-09-01,2026-11-20,480.0,C,103.9,109.2,106.55,50.8611,0.813892,0.001966,-0.264398,0.717891,80,572.34,1,66,51.06
META,2026-09-01,2026-11-20,485.0,C,100.05,105.2,102.625,50.3637,0.803684,0.002051,-0.2695,0.741784,80,572.34,10,31,51.06
META,2026-09-01,2026-11-20,490.0,C,96.0,101.15,98.575,49.7442,0.793475,0.002141,-0.273562,0.764667,80,572.34,2,16,51.06
META,2026-09-01,2026-11-20,495.0,C,92.15,97.4,94.775,49.439,0.781803,0.002225,-0.279522,0.789636,80,572.34,8,54,51.06
META,2026-09-01,2026-11-20,500.0,C,88.35,93.65,91.0,49.0606,0.769975,0.00231,-0.284719,0.813673,80,572.34,7,380,51.06
META,2026-09-01,2026-11-20,505.0,C,84.55,89.95,87.25,48.673,0.757773,0.002396,-0.289565,0.837176,80,572.34,14,67,51.06
META,2026-09-01,2026-11-20,510.0,C,80.95,86.9,83.925,48.9477,0.74329,0.002457,-0.2985,0.863418,80,572.34,11,668,51.06
META,2026-09-01,2026-11-20,515.0,C,77.3,83.65,80.475,48.9034,0.729497,0.002526,-0.304934,0.886787,80,572.34,8,57,51.06
META,2026-09-01,2026-11-20,520.0,C,74.2,79.3,76.75,47.5957,0.718544,0.002646,-0.302685,0.904245,80,572.34,108,157,51.06
META,2026-09-01,2026-11-20,525.0,C,70.75,76.1,73.425,47.4676,0.704166,0.002716,-0.307822,0.925719,80,572.34,1,46,51.06
META,2026-09-01,2026-11-20,530.0,C,67.55,72.85,70.2,47.2097,0.68979,0.00279,-0.311688,0.945587,80,572.34,11,989,51.06
META,2026-09-01,2026-11-20,535.0,C,64.15,70.6,67.375,47.8902,0.673465,0.00281,-0.321175,0.966247,80,572.34,3,206,51.06
META,2026-09-01,2026-11-20,540.0,C,62.0,66.65,64.325,46.7733,0.659999,0.002924,-0.318594,0.981795,80,572.34,11,841,51.06
META,2026-09-01,2026-11-20,545.0,C,58.45,63.35,60.9,46.2469,0.645094,0.003004,-0.319361,0.99746,80,572.34,2,235,51.06
META,2026-09-01,2026-11-20,550.0,C,57.05,59.2,58.125,44.8293,0.630667,0.003141,-0.313929,1.011099,80,572.34,27,1572,51.06
META,2026-09-01,2026-11-20,555.0,C,54.15,56.7,55.425,44.9468,0.614203,0.003176,-0.317835,1.024859,80,572.34,24,951,51.06
META,2026-09-01,2026-11-20,560.0,C,51.3,53.95,52.625,44.7439,0.597871,0.003227,-0.319158,1.036632,80,572.34,44,1428,51.06
META,2026-09-01,2026-11-20,565.0,C,49.1,51.0,50.05,44.277,0.58136,0.003292,-0.318248,1.046656,80,572.34,38,756,51.06
META,2026-09-01,2026-11-20,570.0,C,46.9,48.2,47.55,43.8772,0.564533,0.003349,-0.317214,1.054947,80,572.34,152,1306,51.06
META,2026-09-01,2026-11-20,575.0,C,44.7,45.7,45.2,43.6834,0.547592,0.003384,-0.316954,1.061348,80,572.34,95,1372,51.06
META,2026-09-01,2026-11-20,580.0,C,42.25,43.4,42.825,43.598,0.530686,0.003405,-0.316852,1.065799,80,572.34,38,905,51.06
META,2026-09-01,2026-11-20,585.0,C,39.85,41.2,40.525,43.5308,0.513832,0.003418,-0.316335,1.068321,80,572.34,32,6539,51.06
META,2026-09-01,2026-11-20,590.0,C,37.85,38.8,38.325,43.1997,0.496533,0.003446,-0.313526,1.068923,80,572.34,185,3115,51.06
META,2026-09-01,2026-11-20,595.0,C,35.95,37.1,36.525,43.4469,0.480469,0.003423,-0.314081,1.067682,80,572.34,21,996,51.06
META,2026-09-01,2026-11-20,600.0,C,34.05,35.0,34.525,43.247,0.463559,0.003428,-0.311118,1.0645,80,572.34,327,5131,51.06
META,2026-09-01,2026-11-20,605.0,C,32.15,33.3,32.725,43.3493,0.447623,0.003405,-0.309755,1.059737,80,572.34,7,1256,51.06
META,2026-09-01,2026-11-20,610.0,C,30.5,31.5,31.0,43.2867,0.431417,0.003389,-0.306794,1.053128,80,572.34,85,1620,51.06
META,2026-09-01,2026-11-20,615.0,C,28.8,29.85,29.325,43.2959,0.415678,0.003362,-0.303908,1.044996,80,572.34,69,1042,51.06
META,2026-09-01,2026-11-20,620.0,C,27.2,28.2,27.7,43.2363,0.399927,0.003335,-0.300112,1.035153,80,572.34,17,844,51.06
META,2026-09-01,2026-11-20,625.0,C,25.8,26.75,26.275,43.3035,0.384972,0.003294,-0.296864,1.024215,80,572.34,29,601,51.06
META,2026-09-01,2026-11-20,630.0,C,24.4,25.4,24.9,43.4027,0.370499,0.003248,-0.29352,1.012137,80,572.34,79,1159,51.06
META,2026-09-01,2026-11-20,635.0,C,22.85,23.9,23.375,43.2898,0.355346,0.003211,-0.288224,0.997898,80,572.34,3,2402,51.06
META,2026-09-01,2026-11-20,640.0,C,21.65,22.55,22.1,43.2592,0.340881,0.003164,-0.28324,0.982765,80,572.34,16,1521,51.06
META,2026-09-01,2026-11-20,645.0,C,20.55,21.3,20.925,43.2684,0.326951,0.003112,-0.278282,0.966747,80,572.34,9,372,51.06
META,2026-09-01,2026-11-20,650.0,C,19.4,20.1,19.75,43.2669,0.313309,0.003057,-0.272982,0.949663,80,572.34,63,5390,51.06
META,2026-09-01,2026-11-20,655.0,C,18.3,19.0,18.65,43.3111,0.300285,0.002997,-0.267829,0.932041,80,572.34,58,343,51.06
META,2026-09-01,2026-11-20,660.0,C,17.1,17.95,17.525,43.3508,0.287608,0.002935,-0.262443,0.913633,80,572.34,1027,1974,51.06
META,2026-09-01,2026-11-20,665.0,C,16.1,16.9,16.5,43.3325,0.27495,0.002874,-0.25639,0.893991,80,572.34,34,397,51.06
META,2026-09-01,2026-11-20,670.0,C,15.3,15.95,15.625,43.3676,0.262989,0.002808,-0.250637,0.874251,80,572.34,32,1521,51.06
META,2026-09-01,2026-11-20,675.0,C,14.45,15.15,14.8,43.5247,0.252188,0.002737,-0.245826,0.855415,80,572.34,13,878,51.06
META,2026-09-01,2026-11-20,680.0,C,13.65,14.3,13.975,43.5705,0.241064,0.002669,-0.239949,0.834991,80,572.34,124,934,51.06
META,2026-09-01,2026-11-20,685.0,C,12.85,13.5,13.175,43.6224,0.230355,0.0026,-0.234044,0.814325,80,572.34,4,668,51.06
META,2026-09-01,2026-11-20,690.0,C,12.1,12.75,12.425,43.6865,0.2201,0.00253,-0.228188,0.793588,80,572.34,18,726,51.06
META,2026-09-01,2026-11-20,695.0,C,11.45,12.05,11.75,43.7658,0.210316,0.00246,-0.22243,0.772917,80,572.34,1,556,51.06
META,2026-09-01,2026-11-20,700.0,C,10.9,11.25,11.075,43.656,0.199631,0.002391,-0.214922,0.749324,80,572.34,672,16075,51.06
META,2026-09-01,2026-11-20,705.0,C,10.15,10.7,10.425,43.8391,0.191266,0.00232,-0.210079,0.730091,80,572.34,54,605,51.06
META,2026-09-01,2026-11-20,710.0,C,9.55,10.15,9.85,43.9764,0.182945,0.00225,-0.204833,0.710278,80,572.34,83,1380,51.06
META,2026-09-01,2026-11-20,715.0,C,8.95,9.7,9.325,44.2205,0.175677,0.002181,-0.200599,0.692401,80,572.34,1,201,51.06
META,2026-09-01,2026-11-20,720.0,C,8.45,9.05,8.75,44.1229,0.166467,0.002112,-0.193242,0.668956,80,572.34,20,1056,51.06
META,2026-09-01,2026-11-20,725.0,C,8.0,8.55,8.275,44.2053,0.158783,0.002044,-0.187595,0.648702,80,572.34,3,527,51.06
META,2026-09-01,2026-11-20,730.0,C,7.55,8.1,7.825,44.3243,0.151657,0.001978,-0.182343,0.629335,80,572.34,4,382,51.06
META,2026-09-01,2026-11-20,735.0,C,7.15,7.65,7.4,44.4036,0.144578,0.001912,-0.17679,0.609519,80,572.34,9,470,51.06
META,2026-09-01,2026-11-20,740.0,C,6.7,7.25,6.975,44.5257,0.138072,0.001848,-0.171705,0.590789,80,572.34,3,698,51.06
META,2026-09-01,2026-11-20,745.0,C,6.3,6.85,6.575,44.6081,0.131598,0.001785,-0.166335,0.571639,80,572.34,3,302,51.06
META,2026-09-01,2026-11-20,750.0,C,5.95,6.4,6.175,44.5562,0.124561,0.00172,-0.159824,0.550229,80,572.34,151,5637,51.06
META,2026-09-01,2026-11-20,755.0,C,5.6,6.1,5.85,44.7454,0.11931,0.001662,-0.155613,0.53383,80,572.34,2,3994,51.06
META,2026-09-01,2026-11-20,760.0,C,5.3,5.8,5.55,44.9011,0.114095,0.001604,-0.151187,0.51718,80,572.34,5,4415,51.06
META,2026-09-01,2026-11-20,765.0,C,5.0,5.5,5.25,45.0262,0.108936,0.001548,-0.146582,0.500334,80,572.34,1,3981,51.06
META,2026-09-01,2026-11-20,770.0,C,4.7,5.2,4.95,45.1116,0.103777,0.001492,-0.141722,0.483108,80,572.34,2,4927,51.06
META,2026-09-01,2026-11-20,775.0,C,4.45,4.9,4.675,45.1635,0.098657,0.001436,-0.136676,0.465621,80,572.34,5,4478,51.06
META,2026-09-01,2026-11-20,780.0,C,4.2,4.5,4.35,44.9438,0.092231,0.001373,-0.129377,0.4431,80,572.34,1534,4996,51.06
META,2026-09-01,2026-11-20,785.0,C,3.95,4.5,4.225,45.6213,0.091069,0.00134,-0.130004,0.438956,80,572.34,2,194,51.06
META,2026-09-01,2026-11-20,790.0,C,3.7,4.2,3.95,45.5694,0.086013,0.001286,-0.12439,0.420668,80,572.34,18,871,51.06
META,2026-09-01,2026-11-20,795.0,C,3.5,4.0,3.75,45.722,0.082276,0.001239,-0.120651,0.406871,80,572.34,16,338,51.06
META,2026-09-01,2026-11-20,800.0,C,3.35,3.75,3.55,45.722,0.077918,0.001189,-0.115737,0.390472,80,572.34,747,20366,51.06
META,2026-09-01,2026-11-20,805.0,C,3.15,3.6,3.375,45.9509,0.074928,0.001149,-0.112847,0.379019,80,572.34,1,4039,51.06
META,2026-09-01,2026-11-20,810.0,C,2.97,3.4,3.185,46.021,0.071289,0.001104,-0.108747,0.364852,80,572.34,48,6429,51.06
META,2026-09-01,2026-11-20,815.0,C,2.8,3.25,3.025,46.198,0.068341,0.001065,-0.105625,0.353181,80,572.34,1,4025,51.06
META,2026-09-01,2026-11-20,820.0,C,2.66,3.1,2.88,46.3567,0.065444,0.001026,-0.10245,0.341543,80,572.34,2,4365,51.06
META,2026-09-01,2026-11-20,825.0,C,2.54,2.91,2.725,46.3628,0.061977,0.000984,-0.098177,0.327381,80,572.34,33,4684,51.06
META,2026-09-01,2026-11-20,830.0,C,2.4,2.79,2.595,46.5643,0.059556,0.000949,-0.095537,0.317338,80,572.34,2,4976,51.06
META,2026-09-01,2026-11-20,835.0,C,2.24,2.72,2.48,46.9122,0.057897,0.000922,-0.094097,0.310377,80,572.34,11,124,51.06
META,2026-09-01,2026-11-20,840.0,C,2.16,2.55,2.355,46.8999,0.054762,0.000882,-0.090003,0.297053,80,572.34,2,780,51.06
META,2026-09-01,2026-11-20,845.0,C,2.08,2.48,2.28,47.2112,0.053136,0.000856,-0.088426,0.290046,80,572.34,1,124,51.06
META,2026-09-01,2026-11-20,850.0,C,1.98,2.32,2.15,47.1807,0.050183,0.000818,-0.084415,0.277159,80,572.34,23,1266,51.06
META,2026-09-01,2026-11-20,855.0,C,1.78,2.27,2.025,47.5347,0.048907,0.000796,-0.083283,0.271518,80,572.34,2,220,51.06
META,2026-09-01,2026-11-20,860.0,C,1.77,2.12,1.945,47.492,0.046143,0.00076,-0.079395,0.259155,80,572.34,25,729,51.06
META,2026-09-01,2026-11-20,865.0,C,1.62,2.08,1.85,47.8582,0.045062,0.00074,-0.078466,0.254262,80,572.34,33,182,51.06
META,2026-09-01,2026-11-20,870.0,C,1.61,1.94,1.775,47.8033,0.042471,0.000706,-0.074698,0.2424,80,572.34,1,762,51.06
META,2026-09-01,2026-11-20,875.0,C,1.52,1.86,1.69,47.968,0.040795,0.000681,-0.072526,0.234622,80,572.34,10,1150,51.06
META,2026-09-01,2026-11-20,880.0,C,1.35,1.84,1.595,48.3892,0.040097,0.000666,-0.072118,0.231355,80,572.34,2,205,51.06
META,2026-09-01,2026-11-20,885.0,C,1.24,1.77,1.505,48.5723,0.038612,0.000643,-0.070179,0.224359,80,572.34,1,97,51.06
META,2026-09-01,2026-11-20,890.0,C,1.26,1.69,1.475,48.6944,0.03699,0.00062,-0.067914,0.216636,80,572.34,1,62,51.06
META,2026-09-01,2026-11-20,895.0,C,1.15,1.63,1.39,48.9019,0.035721,0.0006,-0.066262,0.210535,80,572.34,1,38,51.06
META,2026-09-01,2026-11-20,900.0,C,1.24,1.49,1.365,48.6699,0.03312,0.000566,-0.061963,0.197857,80,572.34,22,2334,51.06
META,2026-09-01,2026-11-20,905.0,C,1.18,1.5,1.34,49.2071,0.03301,0.000558,-0.062453,0.197313,80,572.34,2,75,51.06
META,2026-09-01,2026-11-20,910.0,C,1.05,1.45,1.25,49.4146,0.031911,0.000541,-0.060972,0.19188,80,572.34,1,164,51.06
META,2026-09-01,2026-11-20,915.0,C,1.0,1.39,1.195,49.5611,0.030682,0.000522,-0.059181,0.185744,80,572.34,41,34,51.06
META,2026-09-01,2026-11-20,920.0,C,1.07,1.3,1.185,49.5,0.028915,0.000498,-0.056259,0.176829,80,572.34,1,118,51.06
META,2026-09-01,2026-11-20,925.0,C,0.89,1.29,1.09,49.9028,0.028521,0.000488,-0.056056,0.174822,80,572.34,24,94,51.06
META,2026-09-01,2026-11-20,930.0,C,0.85,1.25,1.05,50.1226,0.027645,0.000473,-0.054844,0.170338,80,572.34,1,123,51.06
META,2026-09-01,2026-11-20,935.0,C,0.75,1.2,0.975,50.2568,0.026579,0.000457,-0.053204,0.164841,80,572.34,1,103,51.06
META,2026-09-01,2026-11-20,940.0,C,0.72,1.16,0.94,50.4522,0.025719,0.000443,-0.051948,0.160366,80,572.34,3,92,51.06
META,2026-09-01,2026-11-20,945.0,C,0.69,1.12,0.905,50.6231,0.024833,0.000428,-0.050604,0.155727,80,572.34,2,60,51.06
META,2026-09-01,2026-11-20,950.0,C,0.82,1.04,0.93,50.5132,0.0233,0.000407,-0.047852,0.147606,80,572.34,8,2095,51.06
META,2026-09-01,2026-11-20,955.0,C,0.66,1.04,0.85,50.9404,0.023117,0.000401,-0.047925,0.146631,80,572.34,1,57,51.06
META,2026-09-01,2026-11-20,960.0,C,0.76,1.01,0.885,50.208,0.02028,0.000364,-0.042286,0.131275,80,572.34,1,117,51.06
META,2026-09-01,2026-11-20,965.0,C,0.69,0.92,0.805,50.9038,0.020747,0.000366,-0.043693,0.133829,80,572.34,16,127,51.06
META,2026-09-01,2026-11-20,970.0,C,0.58,0.91,0.745,51.2334,0.020405,0.000359,-0.043351,0.131959,80,572.34,2,46,51.06
META,2026-09-01,2026-11-20,975.0,C,0.67,0.92,0.795,50.7085,0.018275,0.00033,-0.039065,0.120157,80,572.34,2,43,51.06
META,2026-09-01,2026-11-20,980.0,C,0.6,0.89,0.745,50.6597,0.017233,0.000314,-0.037115,0.11429,80,572.34,3,91,51.06
META,2026-09-01,2026-11-20,985.0,C,0.6,0.86,0.73,50.9282,0.016855,0.000307,-0.036604,0.112145,80,572.34,1,57,51.06
META,2026-09-01,2026-11-20,990.0,C,0.55,0.8,0.675,50.7939,0.015736,0.00029,-0.034415,0.105735,80,572.34,1,49,51.06
META,2026-09-01,2026-11-20,1000.0,C,0.52,0.71,0.615,50.9526,0.014417,0.000268,-0.03201,0.098073,80,572.34,350,1412,51.06
META,2026-09-01,2026-11-20,1010.0,C,0.33,0.67,0.5,50.3911,0.012069,0.000232,-0.027143,0.08411,80,572.34,2,113,51.06
META,2026-09-01,2026-11-20,1020.0,C,0.28,0.64,0.46,50.6353,0.011172,0.000216,-0.025496,0.078654,80,572.34,56,109,51.06
META,2026-09-01,2026-11-20,1030.0,C,0.38,0.58,0.48,51.6118,0.01139,0.000216,-0.026417,0.079988,80,572.34,1,154,51.06
META,2026-09-01,2026-11-20,1040.0,C,0.24,0.56,0.4,51.2212,0.00973,0.00019,-0.022849,0.06973,80,572.34,3,54,51.06
META,2026-09-01,2026-11-20,1050.0,C,0.21,0.49,0.35,51.1235,0.008621,0.000171,-0.020508,0.062722,80,572.34,3,152,51.06
META,2026-09-01,2026-11-20,1060.0,C,0.19,0.65,0.42,52.9057,0.009868,0.000186,-0.023874,0.070591,80,572.34,6,93,51.06
META,2026-09-01,2026-11-20,1070.0,C,0.16,0.62,0.39,53.1255,0.009177,0.000174,-0.022492,0.066247,80,572.34,4,67,51.06
META,2026-09-01,2026-11-20,1080.0,C,0.18,0.45,0.315,52.5395,0.007648,0.00015,-0.018952,0.056454,80,572.34,3,231,51.06
META,2026-09-01,2026-11-20,1090.0,C,0.0,0.66,0.33,53.4673,0.007852,0.000151,-0.019731,0.057777,80,572.34,2,34,51.06
META,2026-09-01,2026-11-20,1100.0,C,0.18,0.41,0.295,53.4428,0.007075,0.000137,-0.017988,0.052707,80,572.34,3,1210,51.06
META,2026-09-01,2026-11-20,1110.0,C,0.01,0.62,0.315,54.4438,0.00736,0.00014,-0.018968,0.054577,80,572.34,2,119,51.06
META,2026-09-01,2026-11-20,1120.0,C,0.09,0.41,0.25,53.7602,0.006053,0.000119,-0.015754,0.045912,80,572.34,1,90,51.06
META,2026-09-01,2026-11-20,1130.0,C,0.12,0.4,0.26,54.5903,0.006177,0.000119,-0.016285,0.046751,80,572.34,1,51,51.06
META,2026-09-01,2026-11-20,1140.0,C,0.09,0.39,0.24,54.7368,0.005722,0.000111,-0.015253,0.043682,80,572.34,40,101,51.06
META,2026-09-01,2026-11-20,1150.0,C,0.0,0.54,0.27,56.0063,0.006228,0.000117,-0.016819,0.04709,80,572.34,1,256,51.06
META,2026-09-01,2026-11-20,1160.0,C,0.0,0.36,0.18,54.3462,0.004433,8.9e-05,-0.01206,0.034798,80,572.34,1,112,51.06
META,2026-09-01,2026-11-20,1170.0,C,0.0,0.35,0.175,54.7368,0.004267,8.6e-05,-0.011737,0.033631,80,572.34,2,44,51.06
META,2026-09-01,2026-11-20,1180.0,C,0.07,0.33,0.2,56.0551,0.004734,9.2e-05,-0.013184,0.036902,80,572.34,1,33,51.06
META,2026-09-01,2026-11-20,1190.0,C,0.06,0.32,0.19,56.3481,0.004503,8.7e-05,-0.012672,0.035293,80,572.34,1,55,51.06
META,2026-09-01,2026-11-20,1200.0,C,0.1,0.26,0.18,56.5922,0.004257,8.3e-05,-0.012101,0.033562,80,572.34,1,1212,51.06
META,2026-09-01,2026-11-20,1210.0,C,0.0,0.3,0.15,56.1528,0.003624,7.2e-05,-0.010394,0.029057,80,572.34,18,74,51.06
META,2026-09-01,2026-11-20,1220.0,C,0.0,0.3,0.15,56.6899,0.003591,7.1e-05,-0.010405,0.028819,80,572.34,14,24,51.06
META,2026-09-01,2026-11-20,1230.0,C,0.0,0.48,0.24,59.9125,0.005262,9.4e-05,-0.015466,0.040549,80,572.34,1,28,51.06
META,2026-09-01,2026-11-20,1240.0,C,0.0,0.48,0.24,60.4496,0.005211,9.3e-05,-0.015467,0.0402,80,572.34,9,49,51.06
META,2026-09-01,2026-11-20,1250.0,C,0.0,0.3,0.15,58.2524,0.003488,6.7e-05,-0.010409,0.028072,80,572.34,6,331,51.06
META,2026-09-01,2026-11-20,1260.0,C,0.0,0.37,0.185,59.9613,0.004125,7.6e-05,-0.012452,0.032633,80,572.34,8,85,51.06
META,2026-09-01,2026-11-20,1270.0,C,0.0,0.36,0.18,60.352,0.004016,7.4e-05,-0.012234,0.031861,80,572.34,6,64,51.06
META,2026-09-01,2026-11-20,1280.0,C,0.0,0.55,0.275,63.4281,0.00563,9.5e-05,-0.017371,0.043061,80,572.34,2,33,51.06
META,2026-09-01,2026-11-20,1290.0,C,0.0,0.34,0.17,61.0355,0.003764,6.9e-05,-0.011671,0.030063,80,572.34,1,63,51.06
META,2026-09-01,2026-11-20,1300.0,C,0.0,0.52,0.26,64.1117,0.005295,8.9e-05,-0.01662,0.040773,80,572.34,1,170,51.06
META,2026-09-01,2026-11-20,1310.0,C,0.0,0.33,0.165,61.8168,0.003591,6.5e-05,-0.011328,0.028821,80,572.34,5,3,51.06
META,2026-09-01,2026-11-20,1320.0,C,0.0,0.52,0.26,65.1371,0.005218,8.6e-05,-0.016663,0.040248,80,572.34,2,17,51.06
META,2026-09-01,2026-11-20,1330.0,C,0.0,0.51,0.255,65.5277,0.005107,8.4e-05,-0.016441,0.03948,80,572.34,2,20,51.06
META,2026-09-01,2026-11-20,1340.0,C,0.0,0.51,0.255,66.016,0.005063,8.3e-05,-0.016436,0.03918,80,572.34,4,10,51.06
META,2026-09-01,2026-11-20,1350.0,C,0.0,0.5,0.25,66.4066,0.004962,8.1e-05,-0.016237,0.038484,80,572.34,4,30,51.06
META,2026-09-01,2026-11-20,1360.0,C,0.0,0.29,0.145,63.4769,0.003107,5.6e-05,-0.010203,0.025298,80,572.34,1,31,51.06
META,2026-09-01,2026-11-20,1370.0,C,0.0,0.49,0.245,67.2367,0.004806,7.7e-05,-0.015974,0.037403,80,572.34,3,55,51.06
META,2026-09-01,2026-11-20,1380.0,C,0.0,0.28,0.14,64.2582,0.002999,5.3e-05,-0.010002,0.024504,80,572.34,2,13,51.06
META,2026-09-01,2026-11-20,1390.0,C,0.0,0.48,0.24,68.0667,0.004668,7.5e-05,-0.015751,0.036441,80,572.34,4,16,51.06
META,2026-09-01,2026-11-20,1400.0,C,0.05,0.47,0.26,69.0921,0.004964,7.8e-05,-0.016887,0.038496,80,572.34,3,67,51.06
META,2026-09-01,2026-11-20,1410.0,C,0.0,0.47,0.235,68.848,0.004518,7.2e-05,-0.01547,0.035395,80,572.34,4,17,51.06
META,2026-09-01,2026-11-20,1420.0,C,0.0,0.26,0.13,65.6253,0.00274,4.8e-05,-0.009413,0.022591,80,572.34,4,10,51.06
META,2026-09-01,2026-11-20,1430.0,C,0.0,0.26,0.13,66.016,0.002703,4.7e-05,-0.009351,0.022314,80,572.34,6,19,51.06
META,2026-09-01,2026-11-20,1440.0,C,0.0,0.26,0.13,66.5042,0.002705,4.7e-05,-0.009428,0.022334,80,572.34,3,91,51.06
META,2026-09-01,2026-11-20,1450.0,C,0.0,0.12,0.06,62.6957,0.001384,2.7e-05,-0.004835,0.012148,80,572.34,1,104,51.06
META,2026-09-01,2026-11-20,1460.0,C,0.01,0.12,0.065,63.4769,0.001465,2.8e-05,-0.005154,0.012793,80,572.34,2,75,51.06
META,2026-09-01,2026-11-20,1470.0,C,0.0,0.26,0.13,67.7738,0.002648,4.5e-05,-0.009419,0.021903,80,572.34,8,91,51.06
META,2026-09-01,2026-11-20,1480.0,C,0.01,0.1,0.055,63.4769,0.00126,2.4e-05,-0.004493,0.011152,80,572.34,40,6359,51.06
META,2026-09-01,2026-11-20,5.0,P,0.0,0.01,0.005,293.7503,-1.7e-05,0.0,-0.00037,0.000202,80,572.34,800,3803,51.06
META,2026-09-01,2026-11-20,10.0,P,0.0,0.01,0.005,250.0004,-2.6e-05,0.0,-0.000456,0.000293,80,572.34,200,201,51.06
META,2026-09-01,2026-11-20,20.0,P,0.0,0.2,0.1,258.5941,-0.000359,2e-06,-0.005632,0.003504,80,572.34,2,0,51.06
META,2026-09-01,2026-11-20,25.0,P,0.0,0.25,0.125,245.7035,-0.000477,3e-06,-0.006954,0.004554,80,572.34,0,0,51.06
META,2026-09-01,2026-11-20,30.0,P,0.0,0.3,0.15,234.766,-0.000598,3e-06,-0.0082,0.005622,80,572.34,0,1,51.06
META,2026-09-01,2026-11-20,35.0,P,0.0,0.35,0.175,225.1957,-0.000723,4e-06,-0.009361,0.006693,80,572.34,4,0,51.06
META,2026-09-01,2026-11-20,40.0,P,0.0,0.4,0.2,216.7973,-0.000853,5e-06,-0.010494,0.007796,80,572.34,2,0,51.06
META,2026-09-01,2026-11-20,45.0,P,0.0,0.45,0.225,209.3755,-0.000991,6e-06,-0.011633,0.00895,80,572.34,2,0,51.06
META,2026-09-01,2026-11-20,50.0,P,0.0,0.55,0.275,204.8833,-0.001225,7e-06,-0.013813,0.010863,80,572.34,2,14,51.06
META,2026-09-01,2026-11-20,250.0,P,0.01,0.16,0.085,62.891,-0.001404,2.7e-05,-0.004747,0.012306,80,572.34,191,2369,51.06
META,2026-09-01,2026-11-20,260.0,P,0.09,0.32,0.205,65.7718,-0.003044,5.3e-05,-0.010013,0.024836,80,572.34,2,172,51.06
META,2026-09-01,2026-11-20,270.0,P,0.0,0.55,0.275,64.9906,-0.004045,6.9e-05,-0.012763,0.032063,80,572.34,4,114,51.06
META,2026-09-01,2026-11-20,280.0,P,0.09,0.29,0.19,59.4731,-0.003106,5.9e-05,-0.009204,0.025296,80,572.34,5,43,51.06
META,2026-09-01,2026-11-20,290.0,P,0.02,0.3,0.16,55.7133,-0.002818,5.8e-05,-0.007889,0.023168,80,572.34,16,120,51.06
META,2026-09-01,2026-11-20,300.0,P,0.15,0.34,0.245,55.7622,-0.004192,8.3e-05,-0.01127,0.033103,80,572.34,10,224,51.06
META,2026-09-01,2026-11-20,310.0,P,0.2,0.33,0.265,53.6137,-0.004648,9.4e-05,-0.01187,0.036305,80,572.34,1,102,51.06
META,2026-09-01,2026-11-20,320.0,P,0.17,0.35,0.26,50.9771,-0.004802,0.000102,-0.011603,0.037373,80,572.34,1,40,51.06
META,2026-09-01,2026-11-20,330.0,P,0.28,0.62,0.45,52.0024,-0.007823,0.000154,-0.018219,0.057587,80,572.34,2,59,51.06
META,2026-09-01,2026-11-20,340.0,P,0.21,0.71,0.46,52.7104,-0.011697,0.000216,-0.026219,0.081855,80,572.34,16,169,51.06
META,2026-09-01,2026-11-20,350.0,P,0.56,0.68,0.62,49.7808,-0.011853,0.000232,-0.025009,0.082803,80,572.34,6,427,51.06
META,2026-09-01,2026-11-20,360.0,P,0.6,0.95,0.775,49.7319,-0.016063,0.000301,-0.032424,0.107614,80,572.34,37,284,51.06
META,2026-09-01,2026-11-20,370.0,P,0.78,1.05,0.915,47.9253,-0.018179,0.000348,-0.034674,0.119623,80,572.34,26,227,51.06
META,2026-09-01,2026-11-20,380.0,P,0.85,1.31,1.08,47.1075,-0.022511,0.000424,-0.040782,0.143387,80,572.34,11,165,51.06
META,2026-09-01,2026-11-20,390.0,P,1.18,1.58,1.38,46.0699,-0.027162,0.000507,-0.0466,0.167854,80,572.34,2,264,51.06
META,2026-09-01,2026-11-20,400.0,P,1.52,1.76,1.64,44.3731,-0.030891,0.000586,-0.049839,0.186794,80,572.34,20,774,51.06
META,2026-09-01,2026-11-20,405.0,P,1.62,2.12,1.87,44.6905,-0.036192,0.000663,-0.057132,0.212808,80,572.34,1,225,51.06
META,2026-09-01,2026-11-20,410.0,P,1.84,2.37,2.105,44.3853,-0.040183,0.000727,-0.061727,0.23176,80,572.34,2,195,51.06
META,2026-09-01,2026-11-20,415.0,P,2.1,2.51,2.305,43.5797,-0.042928,0.000781,-0.063859,0.244507,80,572.34,7,144,51.06
META,2026-09-01,2026-11-20,420.0,P,2.45,2.85,2.65,43.4515,-0.04813,0.000859,-0.069724,0.268062,80,572.34,68,977,51.06
META,2026-09-01,2026-11-20,425.0,P,2.76,3.15,2.955,43.0792,-0.052916,0.000935,-0.074456,0.289096,80,572.34,70,563,51.06
META,2026-09-01,2026-11-20,430.0,P,3.1,3.55,3.325,42.9205,-0.058881,0.001021,-0.080601,0.314512,80,572.34,52,232,51.06
META,2026-09-01,2026-11-20,435.0,P,3.5,3.95,3.725,42.658,-0.064919,0.001108,-0.086334,0.339415,80,572.34,23,733,51.06
META,2026-09-01,2026-11-20,440.0,P,3.9,4.35,4.125,42.2979,-0.071021,0.001198,-0.091622,0.363796,80,572.34,1,721,51.06
META,2026-09-01,2026-11-20,445.0,P,4.5,4.85,4.675,42.1026,-0.078271,0.001296,-0.09808,0.391813,80,572.34,17,381,51.06
META,2026-09-01,2026-11-20,450.0,P,4.95,5.25,5.1,41.5838,-0.084622,0.001392,-0.102573,0.415561,80,572.34,30,1833,51.06
META,2026-09-01,2026-11-20,455.0,P,5.5,6.0,5.75,41.7364,-0.094461,0.001505,-0.111564,0.450989,80,572.34,11,387,51.06
META,2026-09-01,2026-11-20,460.0,P,6.15,6.7,6.425,41.6479,-0.103817,0.001616,-0.119098,0.483243,80,572.34,24,589,51.06
META,2026-09-01,2026-11-20,465.0,P,6.85,7.45,7.15,41.5442,-0.113682,0.001729,-0.126602,0.515846,80,572.34,10,336,51.06
META,2026-09-01,2026-11-20,470.0,P,7.6,8.0,7.8,40.9857,-0.121958,0.001842,-0.131003,0.542147,80,572.34,7,1472,51.06
META,2026-09-01,2026-11-20,475.0,P,8.45,9.0,8.725,41.1078,-0.134065,0.001962,-0.140082,0.579,80,572.34,10,596,51.06
META,2026-09-01,2026-11-20,480.0,P,9.35,9.8,9.575,40.7934,-0.144662,0.002082,-0.146092,0.609759,80,572.34,25,2288,51.06
META,2026-09-01,2026-11-20,485.0,P,10.3,10.85,10.575,40.7629,-0.157219,0.002202,-0.153992,0.644499,80,572.34,59,467,51.06
META,2026-09-01,2026-11-20,490.0,P,11.35,11.95,11.65,40.6958,-0.170177,0.002322,-0.161509,0.678509,80,572.34,27,864,51.06
META,2026-09-01,2026-11-20,495.0,P,12.45,13.05,12.75,40.5218,-0.183203,0.002444,-0.168109,0.710903,80,572.34,8,857,51.06
META,2026-09-01,2026-11-20,500.0,P,13.6,14.25,13.925,40.3845,-0.19697,0.002563,-0.17475,0.743278,80,572.34,606,3708,51.06
META,2026-09-01,2026-11-20,505.0,P,14.95,15.5,15.225,40.2121,-0.211136,0.002683,-0.180893,0.774681,80,572.34,6,637,51.06
META,2026-09-01,2026-11-20,510.0,P,16.3,16.9,16.6,40.1251,-0.226214,0.002798,-0.187326,0.806065,80,572.34,36,1275,51.06
META,2026-09-01,2026-11-20,515.0,P,17.75,18.4,18.075,40.0549,-0.24186,0.002909,-0.193529,0.836487,80,572.34,20,1221,51.06
META,2026-09-01,2026-11-20,520.0,P,19.2,19.9,19.55,39.8871,-0.257603,0.00302,-0.19869,0.864979,80,572.34,154,1030,51.06
META,2026-09-01,2026-11-20,525.0,P,20.85,21.6,21.225,39.8444,-0.27427,0.003121,-0.204273,0.8929,80,572.34,67,820,51.06
META,2026-09-01,2026-11-20,530.0,P,22.65,23.4,23.025,39.8108,-0.291352,0.003216,-0.209455,0.919198,80,572.34,116,2380,51.06
META,2026-09-01,2026-11-20,535.0,P,24.45,25.15,24.8,39.6277,-0.308359,0.003315,-0.213163,0.943117,80,572.34,5,1096,51.06
META,2026-09-01,2026-11-20,540.0,P,26.3,27.3,26.8,39.7589,-0.326538,0.003385,-0.218413,0.96625,80,572.34,71,2126,51.06
META,2026-09-01,2026-11-20,545.0,P,28.35,29.1,28.725,39.443,-0.343954,0.003482,-0.220207,0.986107,80,572.34,6,819,51.06
META,2026-09-01,2026-11-20,550.0,P,30.45,31.25,30.85,39.3851,-0.362237,0.003553,-0.223117,1.004576,80,572.34,97,2667,51.06
META,2026-09-01,2026-11-20,555.0,P,32.65,33.5,33.075,39.3317,-0.380729,0.003615,-0.225476,1.020826,80,572.34,8,1299,51.06
META,2026-09-01,2026-11-20,560.0,P,35.0,36.0,35.5,39.4247,-0.399479,0.003656,-0.228183,1.034848,80,572.34,13,1828,51.06
META,2026-09-01,2026-11-20,565.0,P,37.4,38.25,37.825,39.1913,-0.418134,0.003719,-0.228186,1.046376,80,572.34,30,606,51.06
META,2026-09-01,2026-11-20,570.0,P,39.9,40.95,40.425,39.292,-0.436947,0.003742,-0.22974,1.055584,80,572.34,27,1251,51.06
META,2026-09-01,2026-11-20,575.0,P,42.45,43.4,42.925,39.0707,-0.455877,0.003787,-0.228602,1.062418,80,572.34,80,835,51.06
META,2026-09-01,2026-11-20,580.0,P,45.15,46.1,45.625,38.996,-0.474778,0.00381,-0.227809,1.066826,80,572.34,9,1180,51.06
META,2026-09-01,2026-11-20,585.0,P,47.95,49.2,48.575,39.2096,-0.493156,0.003797,-0.228338,1.068806,80,572.34,4,7111,51.06
META,2026-09-01,2026-11-20,590.0,P,50.8,52.05,51.425,39.1043,-0.511878,0.003806,-0.226181,1.068489,80,572.34,72,2734,51.06
META,2026-09-01,2026-11-20,595.0,P,53.75,55.1,54.425,39.1043,-0.530241,0.003796,-0.224171,1.065891,80,572.34,4,658,51.06
META,2026-09-01,2026-11-20,600.0,P,56.85,58.0,57.425,38.88,-0.549081,0.0038,-0.220067,1.060863,80,572.34,3,3326,51.06
META,2026-09-01,2026-11-20,605.0,P,59.75,61.15,60.45,38.8083,-0.56733,0.003782,-0.216475,1.053703,80,572.34,22,275,51.06
META,2026-09-01,2026-11-20,610.0,P,62.6,64.8,63.7,39.1364,-0.583771,0.00372,-0.215258,1.045309,80,572.34,10,799,51.06
META,2026-09-01,2026-11-20,615.0,P,65.55,68.2,66.875,39.1501,-0.601005,0.00368,-0.211362,1.034516,80,572.34,13,278,51.06
META,2026-09-01,2026-11-20,620.0,P,68.6,72.3,70.45,39.7757,-0.615048,0.003586,-0.211611,1.024199,80,572.34,4,878,51.06
META,2026-09-01,2026-11-20,625.0,P,71.8,75.7,73.75,39.646,-0.63207,0.003548,-0.205889,1.009838,80,572.34,3,700,51.06
META,2026-09-01,2026-11-20,630.0,P,74.95,79.7,77.325,40.0458,-0.646026,0.003466,-0.203865,0.996528,80,572.34,3,793,51.06
META,2026-09-01,2026-11-20,635.0,P,78.35,82.6,80.475,39.2523,-0.666022,0.00346,-0.192187,0.975006,80,572.34,1,261,51.06
META,2026-09-01,2026-11-20,640.0,P,82.6,87.3,84.95,40.2533,-0.675546,0.003335,-0.194419,0.963724,80,572.34,5,1265,51.06
META,2026-09-01,2026-11-20,645.0,P,85.95,91.05,88.5,40.2014,-0.690567,0.003273,-0.188037,0.944553,80,572.34,14,341,51.06
META,2026-09-01,2026-11-20,650.0,P,90.95,94.45,92.7,39.6948,-0.708067,0.003228,-0.177606,0.920053,80,572.34,11,1779,51.06
META,2026-09-01,2026-11-20,655.0,P,93.35,99.85,96.6,41.3397,-0.711577,0.003082,-0.184971,0.914853,80,572.34,18,125,51.06
META,2026-09-01,2026-11-20,660.0,P,97.65,102.85,100.25,40.2472,-0.731939,0.003055,-0.169164,0.882763,80,572.34,12,487,51.06
META,2026-09-01,2026-11-20,665.0,P,101.55,107.85,104.7,41.3824,-0.737426,0.00294,-0.172218,0.873544,80,572.34,1,110,51.06
META,2026-09-01,2026-11-20,670.0,P,104.9,111.65,108.275,41.0681,-0.751979,0.002876,-0.162685,0.847887,80,572.34,1,150,51.06
META,2026-09-01,2026-11-20,675.0,P,108.9,116.0,112.45,41.3534,-0.76211,0.002792,-0.158278,0.82897,80,572.34,8,153,51.06
META,2026-09-01,2026-11-20,680.0,P,113.45,120.0,116.725,41.149,-0.775151,0.002719,-0.149456,0.803308,80,572.34,2,474,51.06
META,2026-09-01,2026-11-20,685.0,P,118.35,123.6,120.975,40.3387,-0.792099,0.002651,-0.135055,0.767678,80,572.34,5,150,51.06
META,2026-09-01,2026-11-20,690.0,P,122.15,128.4,125.275,41.0559,-0.797865,0.002561,-0.134407,0.754948,80,572.34,1,155,51.06
META,2026-09-01,2026-11-20,695.0,P,126.1,132.85,129.475,41.2634,-0.806819,0.002479,-0.129156,0.734555,80,572.34,1,93,51.06
META,2026-09-01,2026-11-20,700.0,P,130.65,137.0,133.825,40.9918,-0.818747,0.002399,-0.119521,0.706163,80,572.34,5,238,51.06
META,2026-09-01,2026-11-20,705.0,P,134.95,141.05,138.0,40.4852,-0.831959,0.002315,-0.107722,0.673027,80,572.34,4,37,51.06
META,2026-09-01,2026-11-20,710.0,P,139.35,146.2,142.775,41.6082,-0.833244,0.002242,-0.110985,0.669705,80,572.34,1,25,51.06
META,2026-09-01,2026-11-20,715.0,P,143.9,150.0,146.95,40.5737,-0.849332,0.002151,-0.094403,0.626601,80,572.34,1,36,51.06
META,2026-09-01,2026-11-20,720.0,P,148.45,154.5,151.475,40.5798,-0.857706,0.00207,-0.087499,0.603002,80,572.34,9,59,51.06
META,2026-09-01,2026-11-20,725.0,P,153.2,159.75,156.475,41.8371,-0.857114,0.002013,-0.092183,0.604696,80,572.34,5,12,51.06
META,2026-09-01,2026-11-20,730.0,P,158.35,163.65,161.0,40.6988,-0.872601,0.001913,-0.074946,0.558939,80,572.34,30,70,51.06
META,2026-09-01,2026-11-20,735.0,P,162.8,168.3,165.55,40.827,-0.879062,0.001839,-0.069446,0.538953,80,572.34,5,80,51.06
META,2026-09-01,2026-11-20,740.0,P,167.15,172.8,169.975,40.6134,-0.887459,0.001756,-0.060977,0.512144,80,572.34,37,90,51.06
META,2026-09-01,2026-11-20,745.0,P,171.5,177.8,174.65,41.3702,-0.889183,0.001705,-0.061339,0.506522,80,572.34,1,13,51.06
META,2026-09-01,2026-11-20,750.0,P,176.3,182.7,179.5,41.9073,-0.892165,0.001651,-0.059794,0.496692,80,572.34,1,33,51.06
META,2026-09-01,2026-11-20,755.0,P,181.0,187.7,184.35,42.6458,-0.893716,0.001605,-0.060114,0.491528,80,572.34,1,31,51.06
META,2026-09-01,2026-11-20,760.0,P,185.75,191.8,188.775,41.3702,-0.907434,0.001496,-0.042767,0.444291,80,572.34,1,31,51.06
META,2026-09-01,2026-11-20,765.0,P,190.55,197.2,193.875,42.9937,-0.903233,0.001487,-0.050942,0.459063,80,572.34,1,20,51.06
META,2026-09-01,2026-11-20,770.0,P,195.35,202.15,198.75,43.5797,-0.905227,0.001445,-0.050105,0.452086,80,572.34,1,24,51.06
META,2026-09-01,2026-11-20,775.0,P,200.15,206.95,203.55,43.8055,-0.909171,0.001393,-0.046197,0.438098,80,572.34,1,17,51.06
META,2026-09-01,2026-11-20,780.0,P,205.0,211.3,208.15,42.8778,-0.919392,0.001301,-0.032582,0.400637,80,572.34,1,64,51.06
META,2026-09-01,2026-11-20,785.0,P,222.7,229.25,225.975,61.2766,-0.823659,0.001578,-0.195111,0.694056,80,572.34,2,25,51.06
META,2026-09-01,2026-11-20,790.0,P,214.7,221.6,218.15,44.9651,-0.917267,0.001266,-0.039118,0.408571,80,572.34,15,103,51.06
META,2026-09-01,2026-11-20,795.0,P,219.6,226.2,222.9,44.5684,-0.923838,0.001199,-0.030346,0.383765,80,572.34,1,1,51.06
META,2026-09-01,2026-11-20,800.0,P,224.55,231.05,227.8,44.7912,-0.926904,0.001157,-0.026895,0.37192,80,572.34,10,55,51.06
META,2026-09-01,2026-11-20,805.0,P,242.1,248.85,245.475,63.602,-0.833783,0.001464,-0.192397,0.668307,80,572.34,10,4,51.06
META,2026-09-01,2026-11-20,810.0,P,217.25,221.4,219.325,0.001,-1.0,0.0,0.082145,0.0,80,572.34,1,1,51.06
META,2026-09-01,2026-11-20,815.0,P,239.05,246.7,242.875,48.4258,-0.920672,0.001138,-0.041352,0.395815,80,572.34,2,0,51.06
META,2026-09-01,2026-11-20,820.0,P,164.75,169.2,166.975,0.001,-1.0,0.0,0.083159,0.0,80,572.34,1,9,51.06
META,2026-09-01,2026-11-20,825.0,P,261.9,268.95,265.425,66.4615,-0.839717,0.001368,-0.195493,0.652705,80,572.34,1,0,51.06
META,2026-09-01,2026-11-20,830.0,P,226.85,231.85,229.35,0.001,-1.0,0.0,0.084173,0.0,80,572.34,1,0,51.06
META,2026-09-01,2026-11-20,835.0,P,271.85,278.9,275.375,67.8073,-0.842623,0.001325,-0.196508,0.644924,80,572.34,2,0,51.06
META,2026-09-01,2026-11-20,845.0,P,281.85,288.8,285.325,69.1226,-0.845389,0.001284,-0.197403,0.637431,80,572.34,1,0,51.06
META,2026-09-01,2026-11-20,850.0,P,273.8,282.4,278.1,54.511,-0.917754,0.001039,-0.056686,0.406763,80,572.34,0,0,51.06
META,2026-09-01,2026-11-20,870.0,P,283.05,288.4,285.725,0.001,-1.0,0.0,0.08823,0.0,80,572.34,0,5,51.06
META,2026-09-01,2026-11-20,875.0,P,311.85,318.55,315.2,72.9464,-0.852745,0.001178,-0.199903,0.617082,80,572.34,1,0,51.06
META,2026-09-01,2026-11-20,880.0,P,316.85,323.85,320.35,73.8406,-0.852659,0.001164,-0.202946,0.617322,80,572.34,1,0,51.06
META,2026-09-01,2026-11-20,885.0,P,297.6,302.75,300.175,0.001,-1.0,0.0,0.089751,0.0,80,572.34,5,5,51.06
META,2026-09-01,2026-11-20,890.0,P,209.4,216.55,212.975,0.001,-1.0,0.0,0.090258,0.0,80,572.34,0,0,51.06
META,2026-09-01,2026-11-20,895.0,P,307.4,312.85,310.125,0.001,-1.0,0.0,0.090765,0.0,80,572.34,0,1,51.06
META,2026-09-01,2026-11-20,900.0,P,336.85,343.85,340.35,76.3857,-0.856362,0.001107,-0.205521,0.606846,80,572.34,7,0,51.06
META,2026-09-01,2026-11-20,905.0,P,222.45,229.5,225.975,0.001,-1.0,0.0,0.091779,0.0,80,572.34,0,0,51.06
META,2026-09-01,2026-11-20,910.0,P,322.1,328.35,325.225,0.001,-1.0,0.0,0.092286,0.0,80,572.34,1,0,51.06
META,2026-09-01,2026-11-20,915.0,P,231.3,238.3,234.8,0.001,-1.0,0.0,0.092793,0.0,80,572.34,2,0,51.06
META,2026-09-01,2026-11-20,920.0,P,344.05,351.8,347.925,60.7304,-0.932994,0.000798,-0.042208,0.347838,80,572.34,120,0,51.06
META,2026-09-01,2026-11-20,925.0,P,348.75,356.8,352.775,61.2492,-0.933485,0.000787,-0.042045,0.345865,80,572.34,2,0,51.06
META,2026-09-01,2026-11-20,930.0,P,366.85,373.9,370.375,80.0905,-0.861127,0.001031,-0.209382,0.593122,80,572.34,1,0,51.06
META,2026-09-01,2026-11-20,935.0,P,248.55,256.55,252.55,0.001,-1.0,0.0,0.094822,0.0,80,572.34,0,0,51.06
META,2026-09-01,2026-11-20,940.0,P,253.75,260.85,257.3,0.001,-1.0,0.0,0.095329,0.0,80,572.34,0,0,51.06
META,2026-09-01,2026-11-20,1470.0,P,894.05,901.55,897.8,69.5316,-0.996635,5.4e-05,0.137084,0.027187,80,572.34,0,0,51.06
META,2026-09-01,2026-11-20,1480.0,P,903.75,911.4,907.575,101.4531,-0.959557,0.00032,0.000385,0.232978,80,572.34,0,0,51.06
