symbol,quote_date,expiration,strike,option_type,bid,ask,mid,implied_volatility,delta,gamma,theta,vega,dte,underlying_price,volume,open_interest,iv_rank
META,2026-09-29,2026-10-07,650.0,C,87.0,93.5,90.25,52.332,0.955707,0.001635,-0.403357,0.10236,8,738.79,2,1,62.3
META,2026-09-29,2026-10-07,660.0,C,77.4,83.95,80.675,50.1958,0.941407,0.00213,-0.46968,0.12789,8,738.79,17,1,62.3
META,2026-09-29,2026-10-07,665.0,C,72.55,78.9,75.725,63.0131,0.881826,0.002871,-0.916217,0.21644,8,738.79,6,1,62.3
META,2026-09-29,2026-10-07,680.0,C,58.4,64.1,61.25,54.3278,0.86043,0.003738,-0.888577,0.242935,8,738.79,69,6,62.3
META,2026-09-29,2026-10-07,690.0,C,49.2,54.8,52.0,50.2202,0.833501,0.004546,-0.919708,0.273098,8,738.79,1,21,62.3
META,2026-09-29,2026-10-07,700.0,C,41.05,46.4,43.725,48.2,0.789294,0.005478,-1.011304,0.315843,8,738.79,41,17,62.3
META,2026-09-29,2026-10-07,705.0,C,37.0,42.05,39.525,46.375,0.767057,0.006029,-1.027952,0.334479,8,738.79,6,4,62.3
META,2026-09-29,2026-10-07,710.0,C,33.55,38.45,36.0,46.2652,0.73486,0.006475,-1.092436,0.358348,8,738.79,16,6,62.3
META,2026-09-29,2026-10-07,715.0,C,30.05,34.6,32.325,45.1422,0.704195,0.006997,-1.120234,0.377856,8,738.79,9,21,62.3
META,2026-09-29,2026-10-07,720.0,C,27.55,30.45,29.0,42.9937,0.67385,0.007665,-1.111451,0.394226,8,738.79,162,61,62.3
META,2026-09-29,2026-10-07,725.0,C,24.15,27.0,25.575,42.1606,0.635837,0.008145,-1.131855,0.410799,8,738.79,334,26,62.3
META,2026-09-29,2026-10-07,730.0,C,20.95,23.6,22.275,41.0437,0.595619,0.00863,-1.133473,0.42375,8,738.79,162,13,62.3
META,2026-09-29,2026-10-07,732.5,C,20.1,22.05,21.075,40.6622,0.574144,0.008815,-1.134577,0.428787,8,738.79,94,14,62.3
META,2026-09-29,2026-10-07,735.0,C,18.8,20.5,19.65,40.1739,0.552189,0.009001,-1.129447,0.432606,8,738.79,111,23,62.3
META,2026-09-29,2026-10-07,740.0,C,17.0,17.9,17.45,39.942,0.506765,0.009131,-1.128909,0.436282,8,738.79,84,34,62.3
META,2026-09-29,2026-10-07,745.0,C,14.25,15.45,14.85,39.5697,0.460812,0.009173,-1.110195,0.434238,8,738.79,12,19,62.3
META,2026-09-29,2026-10-07,747.5,C,13.25,14.4,13.825,39.588,0.438224,0.009103,-1.101193,0.431103,8,738.79,39,8,62.3
META,2026-09-29,2026-10-07,750.0,C,12.3,13.35,12.825,39.4965,0.415635,0.009028,-1.08575,0.426551,8,738.79,180,101,62.3
META,2026-09-29,2026-10-07,755.0,C,10.45,11.75,11.1,40.0824,0.374079,0.008643,-1.06775,0.414424,8,738.79,75,88,62.3
META,2026-09-29,2026-10-07,760.0,C,8.95,10.0,9.475,39.8932,0.331914,0.008319,-1.016171,0.397017,8,738.79,45,43,62.3
META,2026-09-29,2026-10-07,765.0,C,7.5,8.6,8.05,40.0946,0.293694,0.007852,-0.967042,0.376611,8,738.79,23,51,62.3
META,2026-09-29,2026-10-07,770.0,C,6.45,7.35,6.9,40.2533,0.257985,0.007338,-0.909458,0.353351,8,738.79,69,56,62.3
META,2026-09-29,2026-10-07,775.0,C,5.4,6.3,5.85,40.5462,0.225945,0.006779,-0.851212,0.328809,8,738.79,58,34,62.3
META,2026-09-29,2026-10-07,780.0,C,4.4,5.25,4.825,40.4242,0.194295,0.006222,-0.775682,0.300894,8,738.79,57,65,62.3
META,2026-09-29,2026-10-07,785.0,C,3.7,4.6,4.15,41.1566,0.170896,0.00564,-0.72797,0.277712,8,738.79,119,25,62.3
META,2026-09-29,2026-10-07,790.0,C,3.2,4.0,3.6,41.7608,0.149476,0.005093,-0.675975,0.254424,8,738.79,33,17,62.3
META,2026-09-29,2026-10-07,795.0,C,2.57,3.35,2.96,41.8585,0.127576,0.004561,-0.607649,0.228376,8,738.79,18,2,62.3
META,2026-09-29,2026-10-07,800.0,C,2.39,2.75,2.57,41.7669,0.107128,0.004039,-0.535312,0.201787,8,738.79,639,226,62.3
META,2026-09-29,2026-10-07,805.0,C,1.89,2.4,2.145,42.4444,0.09337,0.003595,-0.491647,0.18252,8,738.79,21,13,62.3
META,2026-09-29,2026-10-07,810.0,C,1.56,2.06,1.81,42.9083,0.080338,0.003178,-0.443883,0.163123,8,738.79,11,8,62.3
META,2026-09-29,2026-10-07,820.0,C,1.01,1.59,1.3,44.3121,0.061373,0.002502,-0.372193,0.132617,8,738.79,2,9,62.3
META,2026-09-29,2026-10-07,825.0,C,0.82,1.39,1.105,44.9224,0.053384,0.002211,-0.337915,0.118833,8,738.79,9,3,62.3
META,2026-09-29,2026-10-07,830.0,C,0.67,1.0,0.835,43.775,0.040048,0.001802,-0.261334,0.094345,8,738.79,4,1,62.3
META,2026-09-29,2026-10-07,840.0,C,0.43,0.83,0.63,45.7037,0.032123,0.00144,-0.227529,0.078752,8,738.79,28,216,62.3
META,2026-09-29,2026-10-07,850.0,C,0.34,0.67,0.505,47.2906,0.025285,0.001141,-0.192772,0.064536,8,738.79,25,42,62.3
META,2026-09-29,2026-10-07,870.0,C,0.07,0.47,0.27,50.7329,0.016703,0.000748,-0.145365,0.045423,8,738.79,0,1,62.3
META,2026-09-29,2026-10-07,880.0,C,0.02,0.37,0.195,51.8315,0.012893,0.000586,-0.118801,0.036354,8,738.79,9,17,62.3
META,2026-09-29,2026-10-07,650.0,P,0.34,0.62,0.48,44.2877,-0.022792,0.001116,-0.161789,0.059145,8,738.79,42,42,62.3
META,2026-09-29,2026-10-07,655.0,P,0.33,0.82,0.575,44.2877,-0.029894,0.001401,-0.20287,0.074204,8,738.79,5,10,62.3
META,2026-09-29,2026-10-07,670.0,P,0.78,1.25,1.015,40.8331,-0.048285,0.002246,-0.275896,0.109704,8,738.79,35,19,62.3
META,2026-09-29,2026-10-07,680.0,P,1.47,1.95,1.71,40.0519,-0.074495,0.003215,-0.379279,0.15403,8,738.79,54,115,62.3
META,2026-09-29,2026-10-07,685.0,P,1.91,2.4,2.155,39.588,-0.091048,0.003783,-0.435558,0.179149,8,738.79,42,10,62.3
META,2026-09-29,2026-10-07,690.0,P,2.5,2.94,2.72,39.1364,-0.110564,0.004409,-0.495551,0.206421,8,738.79,25,14,62.3
META,2026-09-29,2026-10-07,695.0,P,3.15,3.75,3.45,39.2889,-0.136786,0.005098,-0.576807,0.239621,8,738.79,13,25,62.3
META,2026-09-29,2026-10-07,700.0,P,3.9,4.3,4.1,38.0743,-0.158461,0.005806,-0.61585,0.264444,8,738.79,97,448,62.3
META,2026-09-29,2026-10-07,705.0,P,4.6,5.45,5.025,38.3978,-0.192795,0.00652,-0.702324,0.299475,8,738.79,54,50,62.3
META,2026-09-29,2026-10-07,710.0,P,5.75,6.7,6.225,38.4528,-0.22894,0.007201,-0.776633,0.331258,8,738.79,81,19,62.3
META,2026-09-29,2026-10-07,715.0,P,7.05,8.05,7.55,38.2697,-0.267049,0.007856,-0.837483,0.359653,8,738.79,121,46,62.3
META,2026-09-29,2026-10-07,720.0,P,8.55,9.7,9.125,38.3429,-0.30927,0.008404,-0.897357,0.385473,8,738.79,49,31,62.3
META,2026-09-29,2026-10-07,725.0,P,10.3,11.4,10.85,38.0316,-0.352485,0.008927,-0.935301,0.406163,8,738.79,49,10,62.3
META,2026-09-29,2026-10-07,730.0,P,12.3,13.6,12.95,38.3673,-0.399437,0.009203,-0.978675,0.422407,8,738.79,35,14,62.3
META,2026-09-29,2026-10-07,735.0,P,14.55,15.85,15.2,38.3063,-0.446402,0.009436,-0.996881,0.432401,8,738.79,9,23,62.3
META,2026-09-29,2026-10-07,737.5,P,15.75,17.0,16.375,38.1506,-0.470125,0.009534,-0.997082,0.435121,8,738.79,2,21,62.3
META,2026-09-29,2026-10-07,740.0,P,16.85,18.45,17.65,38.5199,-0.49384,0.009468,-1.007836,0.436293,8,738.79,65,51,62.3
META,2026-09-29,2026-10-07,742.5,P,18.35,19.7,19.025,38.3368,-0.51762,0.009505,-0.999853,0.435919,8,738.79,3,19,62.3
META,2026-09-29,2026-10-07,745.0,P,19.7,21.1,20.4,38.3582,-0.541144,0.009458,-0.993797,0.434022,8,738.79,7,7,62.3
META,2026-09-29,2026-10-07,747.5,P,21.15,22.6,21.875,38.4772,-0.564202,0.009357,-0.986931,0.430682,8,738.79,2,1,62.3
META,2026-09-29,2026-10-07,750.0,P,22.75,24.15,23.45,38.5931,-0.586836,0.009226,-0.976645,0.425967,8,738.79,20,52,62.3
META,2026-09-29,2026-10-07,755.0,P,25.6,27.45,26.525,38.9258,-0.630186,0.008867,-0.949777,0.4129,8,738.79,3,14,62.3
META,2026-09-29,2026-10-07,760.0,P,28.4,31.05,29.725,39.5209,-0.669772,0.00838,-0.920255,0.396211,8,738.79,5,11,62.3
META,2026-09-29,2026-10-07,765.0,P,31.7,34.95,33.325,40.4486,-0.704488,0.007805,-0.893101,0.377684,8,738.79,5,26,62.3
META,2026-09-29,2026-10-07,770.0,P,35.2,39.05,37.125,41.535,-0.734885,0.007212,-0.865549,0.358331,8,738.79,9,16,62.3
META,2026-09-29,2026-10-07,775.0,P,39.1,42.65,40.875,40.9369,-0.771718,0.006753,-0.778079,0.330723,8,738.79,2,12,62.3
META,2026-09-29,2026-10-07,780.0,P,42.75,47.4,45.075,43.2135,-0.788877,0.006117,-0.784,0.316209,8,738.79,8,15,62.3
META,2026-09-29,2026-10-07,790.0,P,50.95,56.6,53.775,46.4117,-0.823311,0.005109,-0.748941,0.283663,8,738.79,2,2,62.3
META,2026-09-29,2026-10-07,800.0,P,59.65,66.75,63.2,52.1977,-0.836424,0.004324,-0.804695,0.269984,8,738.79,2,12,62.3
META,2026-09-29,2026-10-07,860.0,P,117.45,125.05,121.25,72.5406,-0.911908,0.002014,-0.703737,0.174804,8,738.79,1,1,62.3
META,2026-09-29,2026-10-09,240.0,C,495.25,502.95,499.1,253.7113,0.998074,2e-05,-0.121556,0.007492,10,738.79,7,7,62.3
META,2026-09-29,2026-10-09,260.0,C,475.55,482.95,479.25,247.559,0.997076,3e-05,-0.163954,0.010931,10,738.79,0,1,62.3
META,2026-09-29,2026-10-09,400.0,C,335.95,343.2,339.575,162.1096,0.992344,0.000106,-0.252838,0.025789,10,738.79,0,2,62.3
META,2026-09-29,2026-10-09,435.0,C,301.0,308.25,304.625,143.262,0.990787,0.000142,-0.264892,0.030339,10,738.79,1,0,62.3
META,2026-09-29,2026-10-09,490.0,C,246.1,253.35,249.725,116.2114,0.987344,0.00023,-0.285797,0.039996,10,738.79,0,2,62.3
META,2026-09-29,2026-10-09,500.0,C,236.1,243.35,239.725,111.1821,0.986773,0.00025,-0.285449,0.041551,10,738.79,1,3,62.3
META,2026-09-29,2026-10-09,510.0,C,226.65,233.4,230.025,111.1088,0.982706,0.000315,-0.345846,0.052315,10,738.79,1,1,62.3
META,2026-09-29,2026-10-09,520.0,C,216.8,223.4,220.1,107.1294,0.981027,0.000353,-0.35944,0.056616,10,738.79,1,1,62.3
META,2026-09-29,2026-10-09,525.0,C,211.7,218.4,215.05,103.9067,0.98118,0.000362,-0.348874,0.056228,10,738.79,1,5,62.3
META,2026-09-29,2026-10-09,530.0,C,206.5,213.45,209.975,100.3911,0.981627,0.000367,-0.333866,0.055087,10,738.79,1,1,62.3
META,2026-09-29,2026-10-09,535.0,C,201.7,208.45,205.075,99.292,0.979951,0.0004,-0.352318,0.059331,10,738.79,0,2,62.3
META,2026-09-29,2026-10-09,540.0,C,196.85,203.45,200.15,97.8028,0.978517,0.00043,-0.365805,0.062905,10,738.79,0,2,62.3
META,2026-09-29,2026-10-09,545.0,C,191.7,198.45,195.075,94.4092,0.978928,0.000438,-0.350916,0.061885,10,738.79,1,13,62.3
META,2026-09-29,2026-10-09,550.0,C,186.95,193.45,190.2,93.5059,0.976772,0.000481,-0.373287,0.067189,10,738.79,2,30,62.3
META,2026-09-29,2026-10-09,555.0,C,181.6,188.5,185.05,89.2579,0.97818,0.000478,-0.344295,0.063737,10,738.79,2,85,62.3
META,2026-09-29,2026-10-09,560.0,C,176.75,183.5,180.125,87.7809,0.976555,0.000516,-0.357469,0.067717,10,738.79,1,21,62.3
META,2026-09-29,2026-10-09,565.0,C,171.6,178.5,175.05,84.5216,0.976973,0.000528,-0.342735,0.0667,10,738.79,1,29,62.3
META,2026-09-29,2026-10-09,570.0,C,166.1,173.5,169.8,79.0529,0.980118,0.000498,-0.294548,0.058911,10,738.79,1,77,62.3
META,2026-09-29,2026-10-09,575.0,C,161.15,168.55,164.85,77.4172,0.978758,0.000538,-0.303319,0.062308,10,738.79,1,97,62.3
META,2026-09-29,2026-10-09,580.0,C,156.75,163.55,160.15,78.5769,0.973452,0.00064,-0.357496,0.075155,10,738.79,2,76,62.3
META,2026-09-29,2026-10-09,585.0,C,151.15,158.55,154.85,72.8762,0.97749,0.0006,-0.301571,0.065434,10,738.79,3,87,62.3
META,2026-09-29,2026-10-09,590.0,C,147.05,153.0,150.025,72.6077,0.973848,0.000684,-0.332816,0.074217,10,738.79,3,28,62.3
META,2026-09-29,2026-10-09,595.0,C,141.85,148.6,145.225,72.3147,0.969775,0.000774,-0.366301,0.083722,10,738.79,1,26,62.3
META,2026-09-29,2026-10-09,600.0,C,137.35,143.25,140.3,70.6912,0.967582,0.000839,-0.377525,0.088716,10,738.79,1,44,62.3
META,2026-09-29,2026-10-09,605.0,C,131.25,138.65,134.95,65.0028,0.972634,0.000793,-0.315486,0.077083,10,738.79,1,86,62.3
META,2026-09-29,2026-10-09,610.0,C,127.15,133.6,130.375,66.6751,0.964147,0.000967,-0.386067,0.096375,10,738.79,5,108,62.3
META,2026-09-29,2026-10-09,615.0,C,122.0,128.7,125.35,64.1361,0.963361,0.001023,-0.379862,0.098102,10,738.79,41,328,62.3
META,2026-09-29,2026-10-09,620.0,C,117.25,123.35,120.3,61.414,0.962968,0.001078,-0.369674,0.09896,10,738.79,3,120,62.3
META,2026-09-29,2026-10-09,625.0,C,111.6,118.85,115.225,58.4965,0.963063,0.001129,-0.3552,0.098752,10,738.79,27,53,62.3
META,2026-09-29,2026-10-09,630.0,C,107.6,112.85,110.225,56.226,0.961647,0.001211,-0.353091,0.101833,10,738.79,12,285,62.3
META,2026-09-29,2026-10-09,635.0,C,102.45,109.0,105.725,57.5444,0.950399,0.001456,-0.426957,0.125317,10,738.79,4,72,62.3
META,2026-09-29,2026-10-09,640.0,C,97.55,103.35,100.45,53.3208,0.953831,0.001484,-0.382715,0.118325,10,738.79,2,205,62.3
META,2026-09-29,2026-10-09,645.0,C,92.35,99.2,95.775,53.1011,0.94534,0.001705,-0.426493,0.135368,10,738.79,2,133,62.3
META,2026-09-29,2026-10-09,650.0,C,88.4,93.85,91.125,52.7471,0.936116,0.001939,-0.470303,0.152978,10,738.79,5,234,62.3
META,2026-09-29,2026-10-09,655.0,C,82.95,89.1,86.025,63.3793,0.886967,0.002474,-0.806062,0.234459,10,738.79,2,134,62.3
META,2026-09-29,2026-10-09,657.5,C,80.35,87.15,83.75,63.9774,0.877839,0.002589,-0.854939,0.247712,10,738.79,1,3,62.3
META,2026-09-29,2026-10-09,660.0,C,78.15,84.55,81.35,62.183,0.87656,0.002683,-0.83854,0.249527,10,738.79,2,346,62.3
META,2026-09-29,2026-10-09,662.5,C,75.8,82.3,79.05,61.6215,0.87087,0.002794,-0.855849,0.257488,10,738.79,1,8,62.3
META,2026-09-29,2026-10-09,665.0,C,73.2,80.05,76.625,61.0172,0.865075,0.002909,-0.871991,0.265402,10,738.79,1,741,62.3
META,2026-09-29,2026-10-09,670.0,C,68.65,74.85,71.75,57.4223,0.861601,0.003145,-0.837937,0.270056,10,738.79,7,427,62.3
META,2026-09-29,2026-10-09,672.5,C,66.2,73.0,69.6,58.051,0.850374,0.003279,-0.888058,0.284645,10,738.79,1,16,62.3
META,2026-09-29,2026-10-09,675.0,C,65.15,70.05,67.6,55.1274,0.852555,0.003419,-0.839284,0.281863,10,738.79,51,316,62.3
META,2026-09-29,2026-10-09,677.5,C,61.9,68.35,65.125,56.1192,0.839102,0.003558,-0.899385,0.298625,10,738.79,2,8,62.3
META,2026-09-29,2026-10-09,680.0,C,61.2,65.25,63.225,52.7776,0.842704,0.003728,-0.838519,0.294228,10,738.79,145,279,62.3
META,2026-09-29,2026-10-09,682.5,C,57.6,63.0,60.3,52.033,0.835511,0.003893,-0.8499,0.302943,10,738.79,1,25,62.3
META,2026-09-29,2026-10-09,685.0,C,55.45,61.0,58.225,51.9719,0.825033,0.004056,-0.880148,0.315184,10,738.79,7,415,62.3
META,2026-09-29,2026-10-09,687.5,C,53.35,58.75,56.05,51.1296,0.817443,0.004234,-0.888334,0.323724,10,738.79,133,15,62.3
META,2026-09-29,2026-10-09,690.0,C,51.35,56.4,53.875,49.9791,0.810762,0.004429,-0.887658,0.33102,10,738.79,17,204,62.3
META,2026-09-29,2026-10-09,692.5,C,49.35,54.45,51.9,49.8784,0.799129,0.004602,-0.915749,0.343247,10,738.79,10,17,62.3
META,2026-09-29,2026-10-09,695.0,C,47.35,52.3,49.825,49.1826,0.789576,0.004798,-0.926867,0.352846,10,738.79,11,186,62.3
META,2026-09-29,2026-10-09,697.5,C,46.15,49.95,48.05,47.9314,0.781894,0.005027,-0.922246,0.360283,10,738.79,13,18,62.3
META,2026-09-29,2026-10-09,700.0,C,44.2,47.9,46.05,47.4035,0.770593,0.005231,-0.936918,0.370781,10,738.79,170,732,62.3
META,2026-09-29,2026-10-09,702.5,C,42.4,45.6,44.0,46.2072,0.76157,0.005482,-0.932762,0.378792,10,738.79,16,57,62.3
META,2026-09-29,2026-10-09,705.0,C,39.95,43.55,41.75,45.5755,0.749551,0.005707,-0.94322,0.388964,10,738.79,46,162,62.3
META,2026-09-29,2026-10-09,710.0,C,37.0,38.4,37.7,41.7303,0.734383,0.006426,-0.892894,0.401011,10,738.79,25,203,62.3
META,2026-09-29,2026-10-09,715.0,C,33.75,35.5,34.625,42.8137,0.696033,0.00668,-0.968914,0.427694,10,738.79,404,448,62.3
META,2026-09-29,2026-10-09,720.0,C,30.15,31.5,30.825,41.1169,0.666014,0.007237,-0.966129,0.444972,10,738.79,891,790,62.3
META,2026-09-29,2026-10-09,725.0,C,27.5,28.4,27.95,41.004,0.62853,0.00754,-0.996419,0.462305,10,738.79,705,668,62.3
META,2026-09-29,2026-10-09,730.0,C,24.5,25.5,25.0,40.9216,0.589795,0.007769,-1.018527,0.475438,10,738.79,518,340,62.3
META,2026-09-29,2026-10-09,735.0,C,21.6,22.7,22.15,40.6653,0.550376,0.007958,-1.026821,0.483954,10,738.79,835,200,62.3
META,2026-09-29,2026-10-09,737.5,C,20.85,21.6,21.225,40.9857,0.530329,0.007937,-1.038142,0.486438,10,738.79,142,43,62.3
META,2026-09-29,2026-10-09,740.0,C,19.4,20.45,19.925,41.1139,0.510508,0.007932,-1.04231,0.487679,10,738.79,613,522,62.3
META,2026-09-29,2026-10-09,742.5,C,18.45,19.1,18.775,40.7568,0.490421,0.008002,-1.03216,0.487707,10,738.79,56,50,62.3
META,2026-09-29,2026-10-09,745.0,C,17.15,18.1,17.625,40.9949,0.470896,0.007937,-1.034098,0.486549,10,738.79,162,226,62.3
META,2026-09-29,2026-10-09,747.5,C,16.2,16.95,16.575,40.8453,0.45102,0.007927,-1.024087,0.484167,10,738.79,64,29,62.3
META,2026-09-29,2026-10-09,750.0,C,15.3,15.8,15.55,40.6042,0.430973,0.007914,-1.009341,0.480527,10,738.79,7292,6541,62.3
META,2026-09-29,2026-10-09,752.5,C,14.35,14.95,14.65,40.8667,0.412335,0.007789,-1.005003,0.476022,10,738.79,141,87,62.3
META,2026-09-29,2026-10-09,755.0,C,13.45,13.8,13.625,40.4364,0.391976,0.00777,-0.980741,0.469853,10,738.79,361,925,62.3
META,2026-09-29,2026-10-09,757.5,C,12.5,13.0,12.75,40.6256,0.373824,0.007625,-0.970349,0.46324,10,738.79,25,61,62.3
META,2026-09-29,2026-10-09,760.0,C,11.8,12.4,12.1,41.1444,0.357476,0.007418,-0.966965,0.456374,10,738.79,391,620,62.3
META,2026-09-29,2026-10-09,765.0,C,10.3,10.8,10.55,41.1078,0.32205,0.007133,-0.926594,0.438471,10,738.79,104,491,62.3
META,2026-09-29,2026-10-09,770.0,C,9.0,9.45,9.225,41.2726,0.289373,0.006775,-0.885757,0.418163,10,738.79,451,581,62.3
META,2026-09-29,2026-10-09,775.0,C,7.75,8.3,8.025,41.5716,0.25953,0.006375,-0.844199,0.396281,10,738.79,144,338,62.3
META,2026-09-29,2026-10-09,780.0,C,6.8,7.15,6.975,41.5533,0.230072,0.005977,-0.789806,0.371382,10,738.79,572,756,62.3
META,2026-09-29,2026-10-09,785.0,C,5.85,6.35,6.1,42.127,0.206323,0.005536,-0.750971,0.348774,10,738.79,125,399,62.3
META,2026-09-29,2026-10-09,790.0,C,5.05,5.4,5.225,42.005,0.180582,0.005119,-0.689604,0.321528,10,738.79,230,418,62.3
META,2026-09-29,2026-10-09,795.0,C,4.35,4.7,4.525,42.2979,0.159514,0.004695,-0.640662,0.296944,10,738.79,141,376,62.3
META,2026-09-29,2026-10-09,800.0,C,3.8,4.0,3.9,42.3101,0.138812,0.004277,-0.583495,0.270605,10,738.79,2608,2156,62.3
META,2026-09-29,2026-10-09,805.0,C,3.25,3.55,3.4,42.9083,0.123579,0.003892,-0.545581,0.249723,10,738.79,206,878,62.3
META,2026-09-29,2026-10-09,810.0,C,2.83,3.1,2.965,43.2867,0.108795,0.003524,-0.502397,0.228128,10,738.79,167,258,62.3
META,2026-09-29,2026-10-09,815.0,C,2.42,2.69,2.555,43.6041,0.095313,0.003177,-0.459293,0.207186,10,738.79,187,131,62.3
META,2026-09-29,2026-10-09,820.0,C,2.13,2.3,2.215,43.7628,0.082545,0.002844,-0.41388,0.186143,10,738.79,127,369,62.3
META,2026-09-29,2026-10-09,825.0,C,1.84,2.05,1.945,44.3731,0.073414,0.002567,-0.383682,0.170299,10,738.79,52,251,62.3
META,2026-09-29,2026-10-09,830.0,C,1.58,1.73,1.655,44.4219,0.062844,0.002274,-0.340476,0.151036,10,738.79,96,131,62.3
META,2026-09-29,2026-10-09,835.0,C,1.37,1.52,1.445,44.8736,0.055241,0.002034,-0.310673,0.136502,10,738.79,90,177,62.3
META,2026-09-29,2026-10-09,840.0,C,1.19,1.31,1.25,45.1422,0.047857,0.001804,-0.278694,0.121782,10,738.79,129,748,62.3
META,2026-09-29,2026-10-09,845.0,C,1.0,1.18,1.09,45.8135,0.042831,0.001626,-0.258559,0.111382,10,738.79,7,245,62.3
META,2026-09-29,2026-10-09,850.0,C,0.89,0.99,0.94,45.8502,0.036323,0.001421,-0.226209,0.097408,10,738.79,266,447,62.3
META,2026-09-29,2026-10-09,855.0,C,0.77,0.9,0.835,46.5582,0.032687,0.001283,-0.210543,0.089322,10,738.79,48,101,62.3
META,2026-09-29,2026-10-09,860.0,C,0.67,0.81,0.74,47.1685,0.02921,0.001154,-0.194268,0.081383,10,738.79,11,148,62.3
META,2026-09-29,2026-10-09,865.0,C,0.58,0.68,0.63,47.2173,0.024726,0.001003,-0.169156,0.070813,10,738.79,5,300,62.3
META,2026-09-29,2026-10-09,870.0,C,0.5,0.63,0.565,48.023,0.022594,0.000914,-0.15942,0.065641,10,738.79,43,95,62.3
META,2026-09-29,2026-10-09,875.0,C,0.41,0.52,0.465,47.9497,0.018842,0.000785,-0.136442,0.056282,10,738.79,1,56,62.3
META,2026-09-29,2026-10-09,880.0,C,0.41,0.46,0.435,48.3892,0.016593,0.000698,-0.123504,0.050498,10,738.79,123,668,62.3
META,2026-09-29,2026-10-09,885.0,C,0.3,0.4,0.35,48.7066,0.014419,0.000615,-0.110164,0.044762,10,738.79,14,55,62.3
META,2026-09-29,2026-10-09,890.0,C,0.26,0.36,0.31,49.2437,0.012871,0.000551,-0.100952,0.040583,10,738.79,2,69,62.3
META,2026-09-29,2026-10-09,895.0,C,0.22,0.31,0.265,49.4634,0.011061,0.000481,-0.088895,0.035586,10,738.79,9,105,62.3
META,2026-09-29,2026-10-09,900.0,C,0.21,0.3,0.255,50.4888,0.010534,0.000452,-0.086937,0.034104,10,738.79,292,2670,62.3
META,2026-09-29,2026-10-09,905.0,C,0.16,0.27,0.215,50.9771,0.009399,0.000405,-0.079442,0.030873,10,738.79,6,54,62.3
META,2026-09-29,2026-10-09,910.0,C,0.2,0.26,0.23,51.0747,0.007975,0.00035,-0.068904,0.026732,10,738.79,4,165,62.3
META,2026-09-29,2026-10-09,915.0,C,0.09,0.19,0.14,51.0747,0.006664,0.000299,-0.058804,0.022818,10,738.79,2,319,62.3
META,2026-09-29,2026-10-09,920.0,C,0.07,0.22,0.145,50.5864,0.005164,0.000241,-0.046442,0.018198,10,738.79,29,59,62.3
META,2026-09-29,2026-10-09,925.0,C,0.05,0.2,0.125,50.7817,0.00441,0.000208,-0.040494,0.015809,10,738.79,70,133,62.3
META,2026-09-29,2026-10-09,930.0,C,0.05,0.18,0.115,51.3677,0.004007,0.000189,-0.037586,0.014509,10,738.79,209,52,62.3
META,2026-09-29,2026-10-09,935.0,C,0.04,0.17,0.105,51.9536,0.003648,0.000172,-0.034946,0.01334,10,738.79,133,160,62.3
META,2026-09-29,2026-10-09,940.0,C,0.02,0.17,0.095,52.3442,0.003226,0.000153,-0.031519,0.011944,10,738.79,2,44,62.3
META,2026-09-29,2026-10-09,945.0,C,0.01,0.18,0.095,53.4184,0.003192,0.000148,-0.031858,0.011832,10,738.79,1,33,62.3
META,2026-09-29,2026-10-09,950.0,C,0.01,0.13,0.07,52.7348,0.002369,0.000115,-0.024027,0.00904,10,738.79,7,178,62.3
META,2026-09-29,2026-10-09,955.0,C,0.0,0.28,0.14,57.8129,0.004357,0.000181,-0.045558,0.01564,10,738.79,2,122,62.3
META,2026-09-29,2026-10-09,960.0,C,0.0,0.43,0.215,61.7191,0.006177,0.000231,-0.066328,0.021334,10,738.79,1,349,62.3
META,2026-09-29,2026-10-09,965.0,C,0.0,0.48,0.24,63.6234,0.006695,0.000241,-0.073414,0.02291,10,738.79,5,75,62.3
META,2026-09-29,2026-10-09,970.0,C,0.0,0.52,0.26,65.3324,0.007073,0.000246,-0.079122,0.024049,10,738.79,3,55,62.3
META,2026-09-29,2026-10-09,975.0,C,0.0,0.56,0.28,66.9925,0.007418,0.00025,-0.084594,0.025079,10,738.79,4,38,62.3
META,2026-09-29,2026-10-09,980.0,C,0.0,0.3,0.15,63.2816,0.004214,0.00016,-0.048365,0.01518,10,738.79,5,40,62.3
META,2026-09-29,2026-10-09,985.0,C,0.0,0.62,0.31,69.971,0.007847,0.000252,-0.092821,0.026353,10,738.79,2,41,62.3
META,2026-09-29,2026-10-09,990.0,C,0.01,0.07,0.04,57.4223,0.001263,5.9e-05,-0.014742,0.005099,10,738.79,342,53,62.3
META,2026-09-29,2026-10-09,995.0,C,0.01,0.09,0.05,59.3754,0.001494,6.7e-05,-0.017771,0.005946,10,738.79,8,30,62.3
META,2026-09-29,2026-10-09,1000.0,C,0.0,0.04,0.02,55.8598,0.00065,3.3e-05,-0.007787,0.002769,10,738.79,34,640,62.3
META,2026-09-29,2026-10-09,1010.0,C,0.0,0.09,0.045,61.5238,0.001312,5.7e-05,-0.016345,0.005279,10,738.79,13,139,62.3
META,2026-09-29,2026-10-09,1020.0,C,0.01,0.1,0.055,64.4535,0.00154,6.3e-05,-0.019824,0.006113,10,738.79,104,193,62.3
META,2026-09-29,2026-10-09,1030.0,C,0.01,0.05,0.03,62.6957,0.000846,3.8e-05,-0.011138,0.003532,10,738.79,481,258,62.3
META,2026-09-29,2026-10-09,1040.0,C,0.0,0.01,0.005,56.2504,0.000151,8e-06,-0.002011,0.000711,10,738.79,6,132,62.3
META,2026-09-29,2026-10-09,1050.0,C,0.0,0.01,0.005,57.8129,0.000151,8e-06,-0.002068,0.000711,10,738.79,6,119,62.3
META,2026-09-29,2026-10-09,1060.0,C,0.0,0.01,0.005,59.3754,0.000151,8e-06,-0.002133,0.000714,10,738.79,4,211,62.3
META,2026-09-29,2026-10-09,1070.0,C,0.0,0.02,0.01,63.2816,0.000257,1.2e-05,-0.003728,0.001172,10,738.79,11,211,62.3
META,2026-09-29,2026-10-09,100.0,P,0.0,0.01,0.005,318.7502,-2.5e-05,0.0,-0.002076,0.00013,10,738.79,0,1,62.3
META,2026-09-29,2026-10-09,260.0,P,0.0,1.02,0.51,250.7816,-0.003204,3.2e-05,-0.148561,0.011872,10,738.79,0,17,62.3
META,2026-09-29,2026-10-09,270.0,P,0.0,1.02,0.51,242.1879,-0.003322,3.4e-05,-0.148176,0.012262,10,738.79,0,3,62.3
META,2026-09-29,2026-10-09,280.0,P,0.0,1.02,0.51,233.8871,-0.00344,3.6e-05,-0.147652,0.012653,10,738.79,0,3,62.3
META,2026-09-29,2026-10-09,290.0,P,0.0,1.02,0.51,225.977,-0.003572,3.9e-05,-0.147552,0.013088,10,738.79,0,0,62.3
META,2026-09-29,2026-10-09,300.0,P,0.0,0.02,0.01,151.5627,-9.9e-05,2e-06,-0.003615,0.000478,10,738.79,24,15,62.3
META,2026-09-29,2026-10-09,310.0,P,0.0,1.02,0.51,210.8403,-0.003836,4.4e-05,-0.146755,0.013955,10,738.79,10,4,62.3
META,2026-09-29,2026-10-09,320.0,P,0.0,1.02,0.51,203.6138,-0.003972,4.7e-05,-0.146213,0.014398,10,738.79,0,1,62.3
META,2026-09-29,2026-10-09,330.0,P,0.0,1.02,0.51,196.6797,-0.004123,5.1e-05,-0.146021,0.014887,10,738.79,0,1,62.3
META,2026-09-29,2026-10-09,340.0,P,0.0,1.02,0.51,189.9415,-0.004279,5.4e-05,-0.145761,0.015389,10,738.79,1,7,62.3
META,2026-09-29,2026-10-09,350.0,P,0.0,0.03,0.015,131.2503,-0.000191,5e-06,-0.005801,0.000886,10,738.79,1,13,62.3
META,2026-09-29,2026-10-09,360.0,P,0.0,1.02,0.51,176.9532,-0.004597,6.2e-05,-0.14474,0.016406,10,738.79,1,9,62.3
META,2026-09-29,2026-10-09,370.0,P,0.0,1.02,0.51,170.7033,-0.004763,6.6e-05,-0.144086,0.016932,10,738.79,2,24,62.3
META,2026-09-29,2026-10-09,380.0,P,0.0,1.01,0.505,164.4533,-0.004903,7.1e-05,-0.142427,0.017375,10,738.79,2,7,62.3
META,2026-09-29,2026-10-09,390.0,P,0.0,1.01,0.505,158.594,-0.005096,7.6e-05,-0.142164,0.017986,10,738.79,1,6,62.3
META,2026-09-29,2026-10-09,400.0,P,0.0,0.04,0.02,110.9379,-0.000292,8e-06,-0.007285,0.001318,10,738.79,6,22,62.3
META,2026-09-29,2026-10-09,405.0,P,0.0,1.0,0.5,149.8049,-0.005343,8.4e-05,-0.140034,0.018759,10,738.79,7,12,62.3
META,2026-09-29,2026-10-09,410.0,P,0.0,0.99,0.495,146.8264,-0.0054,8.6e-05,-0.138536,0.018936,10,738.79,2,11,62.3
META,2026-09-29,2026-10-09,415.0,P,0.0,0.99,0.495,144.0432,-0.005498,8.9e-05,-0.138076,0.019239,10,738.79,6,13,62.3
META,2026-09-29,2026-10-09,420.0,P,0.0,0.98,0.49,141.1624,-0.005564,9.2e-05,-0.136749,0.019445,10,738.79,4,9,62.3
META,2026-09-29,2026-10-09,425.0,P,0.0,0.98,0.49,138.4769,-0.005674,9.6e-05,-0.1365,0.019787,10,738.79,10,15,62.3
META,2026-09-29,2026-10-09,430.0,P,0.0,0.97,0.485,135.6449,-0.005739,9.9e-05,-0.135048,0.019987,10,738.79,3,17,62.3
META,2026-09-29,2026-10-09,435.0,P,0.0,0.05,0.025,98.4375,-0.00042,1.3e-05,-0.00907,0.00185,10,738.79,30,128,62.3
META,2026-09-29,2026-10-09,440.0,P,0.0,0.1,0.05,101.9536,-0.000784,2.2e-05,-0.016707,0.003291,10,738.79,1,53,62.3
META,2026-09-29,2026-10-09,445.0,P,0.0,0.94,0.47,127.2953,-0.005925,0.000108,-0.130337,0.02056,10,738.79,18,34,62.3
META,2026-09-29,2026-10-09,450.0,P,0.0,0.05,0.025,92.1876,-0.00043,1.4e-05,-0.008678,0.001891,10,738.79,1,18,62.3
META,2026-09-29,2026-10-09,455.0,P,0.0,0.92,0.46,121.8754,-0.00605,0.000115,-0.127114,0.020947,10,738.79,2,7,62.3
META,2026-09-29,2026-10-09,460.0,P,0.0,0.05,0.025,88.2814,-0.000445,1.5e-05,-0.008577,0.001952,10,738.79,2,25,62.3
META,2026-09-29,2026-10-09,465.0,P,0.0,0.89,0.445,116.4555,-0.00614,0.000122,-0.123026,0.021221,10,738.79,202,110,62.3
META,2026-09-29,2026-10-09,470.0,P,0.0,0.05,0.025,84.3752,-0.000456,1.6e-05,-0.008382,0.001996,10,738.79,1,39,62.3
META,2026-09-29,2026-10-09,475.0,P,0.0,0.85,0.425,110.9379,-0.006152,0.000128,-0.117378,0.021258,10,738.79,10,19,62.3
META,2026-09-29,2026-10-09,480.0,P,0.0,0.83,0.415,108.2524,-0.006167,0.000132,-0.114764,0.021303,10,738.79,7,301,62.3
META,2026-09-29,2026-10-09,485.0,P,0.0,0.81,0.405,105.5669,-0.006169,0.000135,-0.111946,0.02131,10,738.79,1,265,62.3
META,2026-09-29,2026-10-09,490.0,P,0.0,0.79,0.395,102.9302,-0.006178,0.000139,-0.109279,0.021338,10,738.79,1,291,62.3
META,2026-09-29,2026-10-09,495.0,P,0.0,0.77,0.385,100.2935,-0.006175,0.000142,-0.106415,0.021328,10,738.79,4,47,62.3
META,2026-09-29,2026-10-09,500.0,P,0.0,0.29,0.145,87.3048,-0.002705,7.8e-05,-0.044249,0.01019,10,738.79,2,1432,62.3
META,2026-09-29,2026-10-09,505.0,P,0.0,0.23,0.115,83.2033,-0.002259,7e-05,-0.035831,0.008659,10,738.79,149,123,62.3
META,2026-09-29,2026-10-09,510.0,P,0.0,0.69,0.345,92.2852,-0.006039,0.000152,-0.095972,0.020912,10,738.79,21,155,62.3
META,2026-09-29,2026-10-09,515.0,P,0.0,0.1,0.05,73.0471,-0.001129,4.2e-05,-0.016706,0.0046,10,738.79,28,1158,62.3
META,2026-09-29,2026-10-09,520.0,P,0.0,0.12,0.06,72.2659,-0.001328,4.9e-05,-0.019173,0.005338,10,738.79,5,92,62.3
META,2026-09-29,2026-10-09,525.0,P,0.0,0.6,0.3,84.2775,-0.005758,0.000159,-0.083977,0.020046,10,738.79,6,103,62.3
META,2026-09-29,2026-10-09,530.0,P,0.0,0.06,0.03,64.4535,-0.000744,3.3e-05,-0.010046,0.003137,10,738.79,9,105,62.3
META,2026-09-29,2026-10-09,535.0,P,0.0,0.26,0.13,72.5589,-0.00292,0.000101,-0.039364,0.010919,10,738.79,1,71,62.3
META,2026-09-29,2026-10-09,540.0,P,0.0,0.5,0.25,76.2698,-0.005312,0.000164,-0.07071,0.018661,10,738.79,7,133,62.3
META,2026-09-29,2026-10-09,545.0,P,0.02,0.12,0.07,64.4535,-0.001776,7.2e-05,-0.022277,0.006959,10,738.79,4,215,62.3
META,2026-09-29,2026-10-09,550.0,P,0.05,0.12,0.085,63.8675,-0.002153,8.7e-05,-0.026288,0.008289,10,738.79,59,338,62.3
META,2026-09-29,2026-10-09,555.0,P,0.01,0.16,0.085,62.1098,-0.002223,9.2e-05,-0.026312,0.008533,10,738.79,33,57,62.3
META,2026-09-29,2026-10-09,560.0,P,0.01,0.12,0.065,58.5942,-0.001768,7.9e-05,-0.020156,0.006931,10,738.79,27,107,62.3
META,2026-09-29,2026-10-09,565.0,P,0.04,0.12,0.08,58.2035,-0.002231,9.8e-05,-0.024725,0.008561,10,738.79,34,3646,62.3
META,2026-09-29,2026-10-09,570.0,P,0.02,0.13,0.075,56.0551,-0.002159,9.9e-05,-0.023111,0.008311,10,738.79,16,212,62.3
META,2026-09-29,2026-10-09,575.0,P,0.05,0.14,0.095,55.7622,-0.00277,0.000125,-0.028797,0.010413,10,738.79,2,95,62.3
META,2026-09-29,2026-10-09,580.0,P,0.03,0.14,0.085,53.3208,-0.002566,0.000122,-0.025692,0.009718,10,738.79,4,236,62.3
META,2026-09-29,2026-10-09,585.0,P,0.04,0.18,0.11,53.1255,-0.003355,0.000156,-0.032581,0.012372,10,738.79,33,132,62.3
META,2026-09-29,2026-10-09,590.0,P,0.04,0.19,0.115,51.6606,-0.003618,0.000171,-0.033894,0.01324,10,738.79,23,196,62.3
META,2026-09-29,2026-10-09,595.0,P,0.05,0.2,0.125,50.3911,-0.004023,0.000193,-0.036347,0.014561,10,738.79,6,378,62.3
META,2026-09-29,2026-10-09,600.0,P,0.09,0.2,0.145,51.4653,-0.006238,0.00028,-0.054854,0.021522,10,738.79,208,512,62.3
META,2026-09-29,2026-10-09,605.0,P,0.09,0.25,0.17,51.1235,-0.007837,0.000344,-0.066622,0.026323,10,738.79,4,377,62.3
META,2026-09-29,2026-10-09,610.0,P,0.13,0.25,0.19,49.2681,-0.008122,0.000369,-0.066229,0.027164,10,738.79,135,213,62.3
META,2026-09-29,2026-10-09,615.0,P,0.17,0.32,0.245,49.0728,-0.010386,0.000459,-0.081772,0.033685,10,738.79,174,129,62.3
META,2026-09-29,2026-10-09,620.0,P,0.25,0.32,0.285,47.1685,-0.010766,0.000493,-0.081061,0.034757,10,738.79,64,213,62.3
META,2026-09-29,2026-10-09,625.0,P,0.25,0.4,0.325,46.8023,-0.013475,0.000603,-0.097673,0.042225,10,738.79,15,549,62.3
META,2026-09-29,2026-10-09,630.0,P,0.37,0.49,0.43,46.3384,-0.016598,0.000729,-0.115622,0.050509,10,738.79,178,291,62.3
META,2026-09-29,2026-10-09,635.0,P,0.38,0.56,0.47,45.3375,-0.019239,0.000845,-0.128243,0.057291,10,738.79,26,398,62.3
META,2026-09-29,2026-10-09,640.0,P,0.53,0.64,0.585,44.3365,-0.022327,0.00098,-0.142176,0.064987,10,738.79,78,342,62.3
META,2026-09-29,2026-10-09,645.0,P,0.64,0.77,0.705,43.7261,-0.026966,0.001164,-0.164189,0.076142,10,738.79,471,522,62.3
META,2026-09-29,2026-10-09,650.0,P,0.78,0.88,0.83,42.7252,-0.031325,0.00135,-0.181575,0.086237,10,738.79,226,467,62.3
META,2026-09-29,2026-10-09,655.0,P,0.95,1.06,1.005,42.1393,-0.037808,0.001597,-0.208866,0.10065,10,738.79,160,393,62.3
META,2026-09-29,2026-10-09,657.5,P,1.05,1.21,1.13,42.1881,-0.0427,0.001761,-0.230753,0.111106,10,738.79,10,23,62.3
META,2026-09-29,2026-10-09,660.0,P,1.16,1.28,1.22,41.5899,-0.045629,0.001885,-0.239879,0.117212,10,738.79,168,317,62.3
META,2026-09-29,2026-10-09,662.5,P,1.28,1.46,1.37,41.6754,-0.05148,0.002071,-0.26462,0.129084,10,738.79,11,26,62.3
META,2026-09-29,2026-10-09,665.0,P,1.42,1.6,1.51,41.3946,-0.056337,0.00224,-0.282164,0.138635,10,738.79,46,198,62.3
META,2026-09-29,2026-10-09,667.5,P,1.53,1.76,1.645,41.1627,-0.061808,0.002422,-0.301611,0.149091,10,738.79,50,12,62.3
META,2026-09-29,2026-10-09,670.0,P,1.73,1.91,1.82,40.8087,-0.067171,0.002606,-0.318833,0.159049,10,738.79,187,394,62.3
META,2026-09-29,2026-10-09,672.5,P,1.92,2.11,2.015,40.6378,-0.073831,0.002815,-0.341269,0.171039,10,738.79,10,62,62.3
META,2026-09-29,2026-10-09,675.0,P,2.11,2.32,2.215,40.4303,-0.080835,0.003031,-0.363542,0.183229,10,738.79,105,229,62.3
META,2026-09-29,2026-10-09,677.5,P,2.31,2.57,2.44,40.3143,-0.088844,0.003263,-0.388908,0.19668,10,738.79,66,251,62.3
META,2026-09-29,2026-10-09,680.0,P,2.6,2.81,2.705,40.0702,-0.096769,0.003496,-0.411536,0.209509,10,738.79,158,466,62.3
META,2026-09-29,2026-10-09,682.5,P,2.87,3.15,3.01,40.1373,-0.106956,0.003754,-0.443146,0.225344,10,738.79,18,57,62.3
META,2026-09-29,2026-10-09,685.0,P,3.15,3.45,3.3,39.942,-0.11637,0.004008,-0.468141,0.239364,10,738.79,168,139,62.3
META,2026-09-29,2026-10-09,687.5,P,3.5,3.8,3.65,39.8444,-0.126965,0.004271,-0.496183,0.254482,10,738.79,75,146,62.3
META,2026-09-29,2026-10-09,690.0,P,3.85,4.15,4.0,39.649,-0.137671,0.004538,-0.521737,0.269087,10,738.79,353,359,62.3
META,2026-09-29,2026-10-09,692.5,P,4.25,4.6,4.425,39.6796,-0.150338,0.004812,-0.553715,0.285547,10,738.79,25,48,62.3
META,2026-09-29,2026-10-09,695.0,P,4.65,4.95,4.8,39.3072,-0.161385,0.00509,-0.574315,0.299214,10,738.79,50,139,62.3
META,2026-09-29,2026-10-09,697.5,P,5.1,5.45,5.275,39.295,-0.175187,0.005368,-0.604817,0.315435,10,738.79,509,110,62.3
META,2026-09-29,2026-10-09,700.0,P,5.65,5.95,5.8,39.1791,-0.189087,0.005647,-0.632006,0.330858,10,738.79,757,1166,62.3
META,2026-09-29,2026-10-09,702.5,P,6.15,6.5,6.325,39.0997,-0.203881,0.005923,-0.659636,0.346314,10,738.79,115,343,62.3
META,2026-09-29,2026-10-09,705.0,P,6.7,7.1,6.9,39.0509,-0.219515,0.006193,-0.687328,0.361621,10,738.79,157,247,62.3
META,2026-09-29,2026-10-09,710.0,P,8.0,8.35,8.175,38.7824,-0.251859,0.006727,-0.734945,0.390121,10,738.79,402,500,62.3
META,2026-09-29,2026-10-09,715.0,P,9.45,9.95,9.7,38.9258,-0.28859,0.007175,-0.788094,0.41763,10,738.79,85,231,62.3
META,2026-09-29,2026-10-09,720.0,P,11.1,11.5,11.3,38.5535,-0.325249,0.007637,-0.820762,0.440261,10,738.79,658,485,62.3
META,2026-09-29,2026-10-09,725.0,P,12.95,13.45,13.2,38.6328,-0.365406,0.007959,-0.856763,0.459813,10,738.79,205,263,62.3
META,2026-09-29,2026-10-09,730.0,P,15.0,15.5,15.25,38.5107,-0.406284,0.008237,-0.878314,0.474325,10,738.79,607,712,62.3
META,2026-09-29,2026-10-09,735.0,P,17.25,17.9,17.575,38.6847,-0.448389,0.008363,-0.896964,0.48376,10,738.79,44,141,62.3
META,2026-09-29,2026-10-09,737.5,P,18.5,19.15,18.825,38.7183,-0.469435,0.008401,-0.901049,0.486416,10,738.79,7,24,62.3
META,2026-09-29,2026-10-09,740.0,P,19.75,20.4,20.075,38.6542,-0.490498,0.008438,-0.900121,0.48771,10,738.79,51,282,62.3
META,2026-09-29,2026-10-09,742.5,P,21.1,21.95,21.525,39.0784,-0.511122,0.008345,-0.908499,0.487659,10,738.79,4,11,62.3
META,2026-09-29,2026-10-09,745.0,P,22.35,23.45,22.9,39.3103,-0.531482,0.008273,-0.9097,0.486328,10,738.79,3,152,62.3
META,2026-09-29,2026-10-09,747.5,P,23.9,24.65,24.275,38.8586,-0.552805,0.008322,-0.891467,0.483568,10,738.79,4,65,62.3
META,2026-09-29,2026-10-09,750.0,P,25.35,26.2,25.775,38.999,-0.572901,0.008225,-0.885454,0.47968,10,738.79,13,2351,62.3
META,2026-09-29,2026-10-09,752.5,P,26.8,27.85,27.325,39.2462,-0.592285,0.008089,-0.879905,0.474736,10,738.79,2,65,62.3
META,2026-09-29,2026-10-09,755.0,P,28.4,29.35,28.875,39.0997,-0.612482,0.00801,-0.862067,0.468326,10,738.79,13,1296,62.3
META,2026-09-29,2026-10-09,757.5,P,29.75,31.55,30.65,40.3021,-0.627358,0.007679,-0.877566,0.462773,10,738.79,60,41,62.3
META,2026-09-29,2026-10-09,760.0,P,31.4,32.75,32.075,39.35,-0.649847,0.007699,-0.834353,0.453016,10,738.79,9,157,62.3
META,2026-09-29,2026-10-09,765.0,P,34.75,36.5,35.625,40.003,-0.683171,0.00728,-0.810903,0.435475,10,738.79,20,189,62.3
META,2026-09-29,2026-10-09,770.0,P,37.85,40.1,38.975,40.003,-0.717345,0.006913,-0.763776,0.41352,10,738.79,6,142,62.3
META,2026-09-29,2026-10-09,775.0,P,41.4,44.2,42.8,40.8362,-0.744614,0.006435,-0.736364,0.392981,10,738.79,17,132,62.3
META,2026-09-29,2026-10-09,780.0,P,45.4,48.45,46.925,41.7853,-0.768564,0.005963,-0.710009,0.37261,10,738.79,4,110,62.3
META,2026-09-29,2026-10-09,785.0,P,49.0,52.75,50.875,42.6397,-0.790613,0.005518,-0.679316,0.351823,10,738.79,6,10,62.3
META,2026-09-29,2026-10-09,790.0,P,53.0,57.1,55.05,43.4057,-0.810949,0.005097,-0.645049,0.330819,10,738.79,9,11,62.3
META,2026-09-29,2026-10-09,795.0,P,57.1,61.7,59.4,44.6966,-0.826165,0.004696,-0.626797,0.313887,10,738.79,7,15,62.3
META,2026-09-29,2026-10-09,800.0,P,61.9,65.7,63.8,43.9398,-0.85147,0.004311,-0.545076,0.28325,10,738.79,8,18,62.3
META,2026-09-29,2026-10-09,805.0,P,65.8,70.75,68.275,46.3445,-0.856788,0.003988,-0.562251,0.276394,10,738.79,16,32,62.3
META,2026-09-29,2026-10-09,810.0,P,70.1,75.6,72.85,48.0291,-0.865151,0.003694,-0.557663,0.265301,10,738.79,10,2,62.3
META,2026-09-29,2026-10-09,815.0,P,74.55,80.65,77.6,50.3484,-0.869282,0.003449,-0.573369,0.259676,10,738.79,0,1,62.3
META,2026-09-29,2026-10-09,820.0,P,79.5,85.55,82.525,52.1001,-0.875611,0.00322,-0.572105,0.250869,10,738.79,14,5,62.3
META,2026-09-29,2026-10-09,830.0,P,88.65,95.3,91.975,55.2495,-0.887829,0.002822,-0.560659,0.233182,10,738.79,1,2,62.3
META,2026-09-29,2026-10-09,850.0,P,108.4,114.2,111.3,58.1059,-0.918987,0.002112,-0.445046,0.183534,10,738.79,1,1,62.3
META,2026-09-29,2026-10-09,855.0,P,112.7,119.95,116.325,63.3549,-0.908248,0.002126,-0.550196,0.201442,10,738.79,1,1,62.3
META,2026-09-29,2026-10-09,870.0,P,128.4,134.35,131.375,65.8573,-0.924354,0.001769,-0.482885,0.174236,10,738.79,0,1,62.3
META,2026-09-29,2026-10-09,890.0,P,148.25,154.45,151.35,73.096,-0.92913,0.001516,-0.51233,0.165756,10,738.79,1,0,62.3
META,2026-09-29,2026-10-09,975.0,P,232.4,239.9,236.15,101.5752,-0.940547,0.000952,-0.630628,0.144628,10,738.79,0,0,62.3
META,2026-09-29,2026-10-09,990.0,P,248.45,254.1,251.275,60.1566,-0.998002,8.6e-05,0.086678,0.007745,10,738.79,0,0,62.3
META,2026-09-29,2026-10-16,270.0,C,466.0,472.1,469.05,175.0001,0.997876,2.4e-05,-0.084773,0.010677,17,738.79,53,1302,62.3
META,2026-09-29,2026-10-16,280.0,C,456.0,463.25,459.625,194.7754,0.994179,5.3e-05,-0.18176,0.026391,17,738.79,1,2,62.3
META,2026-09-29,2026-10-16,300.0,C,435.9,442.95,439.425,175.3419,0.995,5.2e-05,-0.151777,0.023055,17,738.79,1,305,62.3
META,2026-09-29,2026-10-16,310.0,C,247.8,255.0,251.4,0.001,1.0,0.0,-0.034459,0.0,17,738.79,1,2,62.3
META,2026-09-29,2026-10-16,320.0,C,415.95,423.3,419.625,169.7267,0.993292,6.9e-05,-0.184316,0.029922,17,738.79,1,7,62.3
META,2026-09-29,2026-10-16,340.0,C,396.55,403.35,399.95,165.9181,0.990655,9.5e-05,-0.232366,0.040051,17,738.79,0,1,62.3
META,2026-09-29,2026-10-16,350.0,C,386.45,393.4,389.925,159.7414,0.990485,0.0001,-0.229192,0.04069,17,738.79,1,11,62.3
META,2026-09-29,2026-10-16,360.0,C,254.15,261.55,257.85,0.001,1.0,0.0,-0.040017,0.0,17,738.79,1,0,62.3
META,2026-09-29,2026-10-16,380.0,C,356.25,363.45,359.85,142.2366,0.989978,0.000118,-0.219442,0.042578,17,738.79,1,16,62.3
META,2026-09-29,2026-10-16,390.0,C,346.65,353.5,350.075,141.2601,0.98791,0.00014,-0.250486,0.050123,17,738.79,2,4,62.3
META,2026-09-29,2026-10-16,400.0,C,336.55,343.5,340.025,135.4007,0.987847,0.000146,-0.243865,0.05035,17,738.79,1,18,62.3
META,2026-09-29,2026-10-16,410.0,C,326.6,333.55,330.075,131.3236,0.986997,0.00016,-0.250585,0.053385,17,738.79,6,15,62.3
META,2026-09-29,2026-10-16,415.0,C,321.65,328.55,325.1,129.2972,0.986557,0.000167,-0.253845,0.054943,17,738.79,1,8,62.3
META,2026-09-29,2026-10-16,425.0,C,311.75,318.55,315.15,125.2689,0.985644,0.000183,-0.260162,0.058144,17,738.79,1,1,62.3
META,2026-09-29,2026-10-16,430.0,C,306.75,313.6,310.175,123.2914,0.985157,0.000191,-0.263439,0.059839,17,738.79,1,20,62.3
META,2026-09-29,2026-10-16,435.0,C,301.7,308.6,305.15,120.6059,0.985087,0.000196,-0.260126,0.060081,17,738.79,1,24,62.3
META,2026-09-29,2026-10-16,440.0,C,296.4,303.6,300.0,116.1137,0.98613,0.000191,-0.240424,0.056445,17,738.79,1,29,62.3
META,2026-09-29,2026-10-16,445.0,C,291.85,297.85,294.85,111.5483,0.987259,0.000185,-0.220407,0.052452,17,738.79,3,25,62.3
META,2026-09-29,2026-10-16,450.0,C,287.25,292.45,289.85,109.3755,0.987004,0.000192,-0.220509,0.053359,17,738.79,1,601,62.3
META,2026-09-29,2026-10-16,455.0,C,281.9,288.05,284.975,109.0825,0.985546,0.000211,-0.236919,0.058485,17,738.79,5,34,62.3
META,2026-09-29,2026-10-16,460.0,C,276.9,283.0,279.95,106.5434,0.985509,0.000216,-0.233512,0.058614,17,738.79,1,20,62.3
META,2026-09-29,2026-10-16,465.0,C,271.95,277.95,274.95,104.4194,0.985205,0.000225,-0.233621,0.059669,17,738.79,10,15,62.3
META,2026-09-29,2026-10-16,470.0,C,267.0,273.7,270.35,107.3735,0.981045,0.00027,-0.283475,0.073758,17,738.79,1,23,62.3
META,2026-09-29,2026-10-16,480.0,C,257.2,263.6,260.4,103.5649,0.979798,0.000296,-0.288707,0.077859,17,738.79,1,160,62.3
META,2026-09-29,2026-10-16,485.0,C,251.8,258.75,255.275,100.0249,0.980602,0.000296,-0.27347,0.07522,17,738.79,2,27,62.3
META,2026-09-29,2026-10-16,490.0,C,246.85,253.75,250.3,98.1934,0.97994,0.00031,-0.2762,0.077395,17,738.79,1,65,62.3
META,2026-09-29,2026-10-16,495.0,C,241.95,248.2,245.075,93.5059,0.981902,0.000298,-0.248429,0.070909,17,738.79,13,41,62.3
META,2026-09-29,2026-10-16,500.0,C,237.35,242.9,240.125,92.0411,0.980973,0.000316,-0.254207,0.073996,17,738.79,36,500,62.3
META,2026-09-29,2026-10-16,505.0,C,231.9,238.2,235.05,89.1359,0.98141,0.00032,-0.244685,0.072547,17,738.79,1,30,62.3
META,2026-09-29,2026-10-16,510.0,C,227.05,233.25,230.15,88.257,0.979862,0.000346,-0.256475,0.077651,17,738.79,1,50,62.3
META,2026-09-29,2026-10-16,515.0,C,222.3,228.05,225.175,86.5236,0.979123,0.000364,-0.259134,0.080058,17,738.79,1,121,62.3
META,2026-09-29,2026-10-16,520.0,C,217.35,223.0,220.175,84.5338,0.978647,0.00038,-0.258796,0.081598,17,738.79,1,393,62.3
META,2026-09-29,2026-10-16,525.0,C,212.35,217.75,215.05,81.2258,0.979683,0.000379,-0.243476,0.078235,17,738.79,4,164,62.3
META,2026-09-29,2026-10-16,530.0,C,207.35,213.15,210.25,81.3356,0.976744,0.000424,-0.26665,0.087694,17,738.79,2,260,62.3
META,2026-09-29,2026-10-16,535.0,C,202.4,208.45,205.425,81.006,0.974076,0.000466,-0.286057,0.096062,17,738.79,1,536,62.3
META,2026-09-29,2026-10-16,540.0,C,197.4,202.85,200.125,76.1965,0.977241,0.000445,-0.251012,0.086111,17,738.79,2,375,62.3
META,2026-09-29,2026-10-16,545.0,C,192.05,198.3,195.175,74.7683,0.976025,0.000473,-0.256327,0.089967,17,738.79,2,223,62.3
META,2026-09-29,2026-10-16,550.0,C,187.4,192.9,190.15,72.6199,0.975772,0.000492,-0.252881,0.090764,17,738.79,4,2635,62.3
META,2026-09-29,2026-10-16,555.0,C,182.4,187.9,185.15,70.7278,0.97516,0.000515,-0.25233,0.092684,17,738.79,17,345,62.3
META,2026-09-29,2026-10-16,560.0,C,177.4,182.95,180.175,69.0677,0.974178,0.000545,-0.254493,0.095744,17,738.79,13,1116,62.3
META,2026-09-29,2026-10-16,565.0,C,172.45,178.15,175.3,68.262,0.971738,0.000595,-0.267614,0.103239,17,738.79,6,604,62.3
META,2026-09-29,2026-10-16,570.0,C,168.05,173.0,170.525,68.1522,0.967837,0.000663,-0.290909,0.11492,17,738.79,3,2171,62.3
META,2026-09-29,2026-10-16,575.0,C,163.05,168.6,165.825,68.3597,0.962913,0.000743,-0.320411,0.129185,17,738.79,1,1836,62.3
META,2026-09-29,2026-10-16,580.0,C,157.55,163.1,160.325,62.83,0.969006,0.000698,-0.267747,0.111457,17,738.79,1,1623,62.3
META,2026-09-29,2026-10-16,585.0,C,153.05,158.3,155.675,63.4769,0.962957,0.0008,-0.302754,0.129059,17,738.79,6,3954,62.3
META,2026-09-29,2026-10-16,590.0,C,148.05,153.5,150.775,62.2196,0.96046,0.000861,-0.311223,0.136109,17,738.79,1,1780,62.3
META,2026-09-29,2026-10-16,595.0,C,142.6,148.2,145.4,57.8007,0.965065,0.000837,-0.272239,0.123012,17,738.79,2,688,62.3
META,2026-09-29,2026-10-16,600.0,C,138.25,143.25,140.75,58.2402,0.958491,0.000956,-0.305627,0.141586,17,738.79,10,7545,62.3
META,2026-09-29,2026-10-16,605.0,C,133.3,138.6,135.95,57.5322,0.95414,0.001049,-0.322925,0.153446,17,738.79,3,798,62.3
META,2026-09-29,2026-10-16,610.0,C,128.45,133.6,131.025,56.0307,0.951567,0.001125,-0.3278,0.160312,17,738.79,10,1372,62.3
META,2026-09-29,2026-10-16,615.0,C,123.6,128.85,126.225,55.164,0.946939,0.001229,-0.343477,0.172397,17,738.79,7,1083,62.3
META,2026-09-29,2026-10-16,620.0,C,118.85,123.5,121.175,52.9668,0.945998,0.001298,-0.336587,0.174816,17,738.79,2,3846,62.3
META,2026-09-29,2026-10-16,625.0,C,114.0,118.35,116.175,51.0381,0.944172,0.001383,-0.33406,0.179468,17,738.79,21,1108,62.3
META,2026-09-29,2026-10-16,630.0,C,108.9,114.2,111.55,50.855,0.936187,0.001542,-0.3626,0.199288,17,738.79,22,3143,62.3
META,2026-09-29,2026-10-16,635.0,C,104.05,109.75,106.9,50.3728,0.928451,0.0017,-0.38695,0.217709,17,738.79,12,726,62.3
META,2026-09-29,2026-10-16,640.0,C,99.5,103.7,101.6,54.8588,0.901064,0.001991,-0.510486,0.277635,17,738.79,62,4194,62.3
META,2026-09-29,2026-10-16,645.0,C,95.05,99.85,97.45,56.226,0.883978,0.002179,-0.576567,0.311429,17,738.79,109,992,62.3
META,2026-09-29,2026-10-16,650.0,C,90.55,94.0,92.275,51.447,0.88986,0.002294,-0.516744,0.300078,17,738.79,187,7405,62.3
META,2026-09-29,2026-10-16,655.0,C,85.8,89.8,87.8,51.563,0.875836,0.002492,-0.557429,0.326679,17,738.79,25,1544,62.3
META,2026-09-29,2026-10-16,657.5,C,82.55,88.5,85.525,53.6717,0.86007,0.0026,-0.620871,0.354757,17,738.79,2,34,62.3
META,2026-09-29,2026-10-16,660.0,C,82.05,84.7,83.375,49.0239,0.87217,0.002675,-0.542951,0.333374,17,738.79,39,2419,62.3
META,2026-09-29,2026-10-16,662.5,C,78.8,83.5,81.15,51.3249,0.854623,0.00279,-0.610499,0.364036,17,738.79,10,15,62.3
META,2026-09-29,2026-10-16,665.0,C,77.15,80.0,78.575,47.5652,0.863209,0.002889,-0.550734,0.349313,17,738.79,23,1193,62.3
META,2026-09-29,2026-10-16,667.5,C,75.2,78.95,77.075,50.0737,0.843886,0.002999,-0.622781,0.381727,17,738.79,2,28,62.3
META,2026-09-29,2026-10-16,670.0,C,73.3,76.25,74.775,48.3953,0.842823,0.003117,-0.60658,0.383435,17,738.79,19,3223,62.3
META,2026-09-29,2026-10-16,672.5,C,70.35,75.0,72.675,50.1317,0.826529,0.003207,-0.662241,0.408713,17,738.79,10,21,62.3
META,2026-09-29,2026-10-16,675.0,C,68.05,70.9,69.475,45.1727,0.839995,0.003378,-0.576589,0.387946,17,738.79,33,3024,62.3
META,2026-09-29,2026-10-16,677.5,C,65.55,70.45,68.0,48.6577,0.814676,0.003444,-0.668877,0.426057,17,738.79,24,29,62.3
META,2026-09-29,2026-10-16,680.0,C,64.6,67.4,66.0,46.198,0.816081,0.003611,-0.635771,0.424045,17,738.79,95,4016,62.3
META,2026-09-29,2026-10-16,682.5,C,62.1,66.25,64.175,47.8429,0.798849,0.003683,-0.68859,0.447913,17,738.79,71,75,62.3
META,2026-09-29,2026-10-16,685.0,C,60.4,63.2,61.8,45.4077,0.799469,0.003873,-0.655787,0.447084,17,738.79,137,1104,62.3
META,2026-09-29,2026-10-16,687.5,C,58.5,61.8,60.15,46.3842,0.784576,0.003955,-0.69392,0.466403,17,738.79,59,48,62.3
META,2026-09-29,2026-10-16,690.0,C,56.55,58.45,57.5,43.3569,0.78733,0.0042,-0.648549,0.462924,17,738.79,206,1855,62.3
META,2026-09-29,2026-10-16,692.5,C,55.55,56.05,55.8,42.2613,0.781069,0.004382,-0.643143,0.470775,17,738.79,108,86,62.3
META,2026-09-29,2026-10-16,695.0,C,53.75,54.1,53.925,42.0355,0.770278,0.004528,-0.655465,0.48381,17,738.79,175,901,62.3
META,2026-09-29,2026-10-16,697.5,C,51.75,52.25,52.0,41.95,0.758481,0.004664,-0.670209,0.497363,17,738.79,215,253,62.3
META,2026-09-29,2026-10-16,700.0,C,49.8,50.35,50.075,41.712,0.747028,0.004808,-0.681304,0.509839,17,738.79,1043,21112,62.3
META,2026-09-29,2026-10-16,702.5,C,48.15,48.4,48.275,41.3366,0.735794,0.004962,-0.689077,0.521441,17,738.79,202,101,62.3
META,2026-09-29,2026-10-16,705.0,C,46.4,46.7,46.55,41.3611,0.72251,0.005082,-0.704275,0.534367,17,738.79,413,1388,62.3
META,2026-09-29,2026-10-16,710.0,C,42.85,43.1,42.975,40.888,0.697083,0.005357,-0.722112,0.556783,17,738.79,817,6147,62.3
META,2026-09-29,2026-10-16,715.0,C,39.45,39.85,39.65,40.7904,0.669066,0.005575,-0.744109,0.578065,17,738.79,610,1426,62.3
META,2026-09-29,2026-10-16,720.0,C,36.45,36.6,36.525,40.4608,0.640718,0.005795,-0.757983,0.596084,17,738.79,2001,4790,62.3
META,2026-09-29,2026-10-16,725.0,C,33.4,33.7,33.55,40.4639,0.610687,0.005944,-0.774162,0.611434,17,738.79,1678,3633,62.3
META,2026-09-29,2026-10-16,730.0,C,30.55,30.9,30.725,40.3906,0.580282,0.006069,-0.784582,0.623153,17,738.79,2324,4200,62.3
META,2026-09-29,2026-10-16,735.0,C,27.95,28.25,28.1,40.3143,0.549492,0.006159,-0.790463,0.631175,17,738.79,1254,2206,62.3
META,2026-09-29,2026-10-16,740.0,C,25.5,25.65,25.575,40.0854,0.518434,0.006235,-0.78893,0.635397,17,738.79,1114,4361,62.3
META,2026-09-29,2026-10-16,745.0,C,23.2,23.4,23.3,40.1617,0.487478,0.006227,-0.788496,0.635763,17,738.79,1526,1015,62.3
META,2026-09-29,2026-10-16,750.0,C,21.05,21.15,21.1,40.0091,0.456478,0.006217,-0.779256,0.632287,17,738.79,7604,15864,62.3
META,2026-09-29,2026-10-16,755.0,C,19.05,19.15,19.1,40.0152,0.426135,0.006145,-0.768689,0.625142,17,738.79,693,1727,62.3
META,2026-09-29,2026-10-16,760.0,C,17.2,17.4,17.3,40.1922,0.397,0.006017,-0.757468,0.614757,17,738.79,683,5133,62.3
META,2026-09-29,2026-10-16,765.0,C,15.5,15.65,15.575,40.1526,0.368007,0.005887,-0.73824,0.600936,17,738.79,506,9085,62.3
META,2026-09-29,2026-10-16,770.0,C,14.0,14.15,14.075,40.3052,0.340747,0.005707,-0.719613,0.584697,17,738.79,954,3773,62.3
META,2026-09-29,2026-10-16,775.0,C,12.55,12.75,12.65,40.4211,0.314478,0.005508,-0.697366,0.565992,17,738.79,553,9137,62.3
META,2026-09-29,2026-10-16,780.0,C,11.3,11.45,11.375,40.5096,0.289274,0.005294,-0.672055,0.54513,17,738.79,498,2687,62.3
META,2026-09-29,2026-10-16,785.0,C,10.15,10.3,10.225,40.6683,0.265722,0.005058,-0.646272,0.522959,17,738.79,431,980,62.3
META,2026-09-29,2026-10-16,790.0,C,9.05,9.25,9.15,40.824,0.243482,0.004814,-0.618843,0.499548,17,738.79,275,1777,62.3
META,2026-09-29,2026-10-16,795.0,C,8.1,8.25,8.175,40.888,0.222011,0.004566,-0.588078,0.474559,17,738.79,701,583,62.3
META,2026-09-29,2026-10-16,800.0,C,7.25,7.35,7.3,40.9704,0.201969,0.004311,-0.556885,0.449004,17,738.79,9707,16869,62.3
META,2026-09-29,2026-10-16,805.0,C,6.5,6.55,6.525,41.0834,0.183437,0.004054,-0.525945,0.423353,17,738.79,529,1225,62.3
META,2026-09-29,2026-10-16,810.0,C,5.8,5.95,5.875,41.4923,0.168095,0.003798,-0.502026,0.400561,17,738.79,401,1481,62.3
META,2026-09-29,2026-10-16,815.0,C,5.15,5.25,5.2,41.4984,0.15144,0.003546,-0.468534,0.374122,17,738.79,750,2568,62.3
META,2026-09-29,2026-10-16,820.0,C,4.6,4.7,4.65,41.7242,0.137386,0.003303,-0.440751,0.35035,17,738.79,399,9001,62.3
META,2026-09-29,2026-10-16,825.0,C,4.1,4.25,4.175,42.0782,0.125251,0.003073,-0.416623,0.328674,17,738.79,430,20768,62.3
META,2026-09-29,2026-10-16,830.0,C,3.7,3.75,3.725,42.1331,0.11238,0.002842,-0.386114,0.304436,17,738.79,249,3211,62.3
META,2026-09-29,2026-10-16,835.0,C,3.25,3.35,3.3,42.3529,0.101526,0.002628,-0.360433,0.282923,17,738.79,134,2019,62.3
META,2026-09-29,2026-10-16,840.0,C,2.93,2.99,2.96,42.5665,0.091587,0.002424,-0.335609,0.262297,17,738.79,211,1074,62.3
META,2026-09-29,2026-10-16,845.0,C,2.63,2.67,2.65,42.7923,0.082599,0.002232,-0.312135,0.242821,17,738.79,101,266,62.3
META,2026-09-29,2026-10-16,850.0,C,2.36,2.39,2.375,43.0426,0.074552,0.002053,-0.290308,0.224667,17,738.79,1137,3575,62.3
META,2026-09-29,2026-10-16,855.0,C,2.11,2.14,2.125,43.2928,0.067249,0.001886,-0.269602,0.207558,17,738.79,74,391,62.3
META,2026-09-29,2026-10-16,860.0,C,1.89,1.93,1.91,43.6163,0.060962,0.001734,-0.251518,0.192308,17,738.79,173,3563,62.3
META,2026-09-29,2026-10-16,865.0,C,1.69,1.72,1.705,43.8238,0.054769,0.001587,-0.232184,0.176775,17,738.79,54,448,62.3
META,2026-09-29,2026-10-16,870.0,C,1.52,1.54,1.53,44.0679,0.04932,0.001452,-0.214718,0.162652,17,738.79,258,895,62.3
META,2026-09-29,2026-10-16,875.0,C,1.33,1.43,1.38,44.6295,0.045609,0.001347,-0.204143,0.152773,17,738.79,78,677,62.3
META,2026-09-29,2026-10-16,880.0,C,1.19,1.31,1.25,45.0567,0.041755,0.001242,-0.191837,0.142268,17,738.79,26,664,62.3
META,2026-09-29,2026-10-16,885.0,C,1.07,1.2,1.135,45.4717,0.038221,0.001145,-0.180098,0.1324,17,738.79,6,613,62.3
META,2026-09-29,2026-10-16,890.0,C,0.96,1.07,1.015,45.667,0.034312,0.001044,-0.165518,0.121209,17,738.79,14,402,62.3
META,2026-09-29,2026-10-16,895.0,C,0.86,0.97,0.915,45.9844,0.031155,0.000958,-0.153858,0.111935,17,738.79,8,216,62.3
META,2026-09-29,2026-10-16,900.0,C,0.78,0.85,0.815,46.0455,0.027585,0.000864,-0.139203,0.101173,17,738.79,567,15131,62.3
META,2026-09-29,2026-10-16,905.0,C,0.7,0.8,0.75,46.6314,0.025753,0.000806,-0.133061,0.09553,17,738.79,10,435,62.3
META,2026-09-29,2026-10-16,910.0,C,0.63,0.74,0.685,47.083,0.02375,0.000746,-0.125485,0.089257,17,738.79,123,4120,62.3
META,2026-09-29,2026-10-16,915.0,C,0.56,0.66,0.61,47.2662,0.021308,0.000678,-0.114923,0.081452,17,738.79,32,508,62.3
META,2026-09-29,2026-10-16,920.0,C,0.5,0.6,0.55,47.5591,0.019347,0.000621,-0.106516,0.075051,17,738.79,6,414,62.3
META,2026-09-29,2026-10-16,925.0,C,0.45,0.55,0.5,47.9253,0.017722,0.000572,-0.099581,0.06965,17,738.79,45,177,62.3
META,2026-09-29,2026-10-16,930.0,C,0.4,0.49,0.445,48.0962,0.015883,0.000519,-0.090972,0.063419,17,738.79,17,513,62.3
META,2026-09-29,2026-10-16,935.0,C,0.36,0.46,0.41,48.5845,0.014783,0.000483,-0.08638,0.059629,17,738.79,1,122,62.3
META,2026-09-29,2026-10-16,940.0,C,0.34,0.42,0.38,48.9019,0.013498,0.000443,-0.080369,0.055133,17,738.79,29,317,62.3
META,2026-09-29,2026-10-16,945.0,C,0.29,0.39,0.34,49.3169,0.012483,0.000411,-0.075737,0.051531,17,738.79,15,72,62.3
META,2026-09-29,2026-10-16,950.0,C,0.27,0.34,0.305,49.3169,0.010967,0.000367,-0.067671,0.046054,17,738.79,204,1118,62.3
META,2026-09-29,2026-10-16,955.0,C,0.23,0.32,0.275,49.8052,0.010256,0.000343,-0.064452,0.043443,17,738.79,6,136,62.3
META,2026-09-29,2026-10-16,960.0,C,0.19,0.31,0.25,50.4888,0.009852,0.000327,-0.06307,0.041946,17,738.79,38,137,62.3
META,2026-09-29,2026-10-16,965.0,C,0.16,0.29,0.225,50.9282,0.009184,0.000305,-0.059815,0.039446,17,738.79,3,238,62.3
META,2026-09-29,2026-10-16,970.0,C,0.14,0.27,0.205,51.3188,0.008516,0.000283,-0.056406,0.036923,17,738.79,25,383,62.3
META,2026-09-29,2026-10-16,975.0,C,0.13,0.25,0.19,50.0005,0.00622,0.00022,-0.041652,0.027987,17,738.79,18,201,62.3
META,2026-09-29,2026-10-16,980.0,C,0.11,0.24,0.175,50.3423,0.005722,0.000203,-0.038943,0.025994,17,738.79,17,365,62.3
META,2026-09-29,2026-10-16,990.0,C,0.09,0.21,0.15,51.0747,0.004896,0.000174,-0.03438,0.022627,17,738.79,1,128,62.3
META,2026-09-29,2026-10-16,1000.0,C,0.09,0.15,0.12,51.3677,0.003926,0.000142,-0.028376,0.018575,17,738.79,314,2427,62.3
META,2026-09-29,2026-10-16,1010.0,C,0.06,0.14,0.1,51.856,0.003252,0.000119,-0.024184,0.015687,17,738.79,4,122,62.3
META,2026-09-29,2026-10-16,1020.0,C,0.04,0.14,0.09,52.7348,0.002885,0.000105,-0.022073,0.014083,17,738.79,4,147,62.3
META,2026-09-29,2026-10-16,1030.0,C,0.03,0.15,0.09,54.102,0.00279,9.9e-05,-0.021967,0.013666,17,738.79,56,124,62.3
META,2026-09-29,2026-10-16,1040.0,C,0.02,0.16,0.09,55.5669,0.002753,9.6e-05,-0.022283,0.0135,17,738.79,8,366,62.3
META,2026-09-29,2026-10-16,1050.0,C,0.03,0.13,0.08,56.2504,0.002405,8.4e-05,-0.01996,0.011949,17,738.79,97,433,62.3
META,2026-09-29,2026-10-16,1060.0,C,0.04,0.06,0.05,55.2739,0.001584,5.8e-05,-0.013422,0.008179,17,738.79,28,739,62.3
META,2026-09-29,2026-10-16,1070.0,C,0.05,0.12,0.085,59.2778,0.002427,8e-05,-0.021194,0.012046,17,738.79,12,1004,62.3
META,2026-09-29,2026-10-16,1080.0,C,0.02,0.04,0.03,55.2739,0.000943,3.6e-05,-0.008347,0.005088,17,738.79,364,1387,62.3
META,2026-09-29,2026-10-16,1090.0,C,0.01,0.1,0.055,59.5707,0.001609,5.5e-05,-0.014658,0.008293,17,738.79,73,538,62.3
META,2026-09-29,2026-10-16,1100.0,C,0.01,0.05,0.03,57.8129,0.000927,3.4e-05,-0.008586,0.005006,17,738.79,210,943,62.3
META,2026-09-29,2026-10-16,1110.0,C,0.02,0.1,0.06,62.5004,0.001659,5.4e-05,-0.015807,0.008527,17,738.79,271,468,62.3
META,2026-09-29,2026-10-16,1120.0,C,0.01,0.04,0.025,58.9848,0.000711,2.6e-05,-0.006866,0.003925,17,738.79,16,826,62.3
META,2026-09-29,2026-10-16,1130.0,C,0.0,0.75,0.375,78.2717,0.007759,0.000171,-0.078923,0.034021,17,738.79,1,565,62.3
META,2026-09-29,2026-10-16,1140.0,C,0.0,0.1,0.05,65.0394,0.001321,4.2e-05,-0.013354,0.006926,17,738.79,50,658,62.3
META,2026-09-29,2026-10-16,1150.0,C,0.0,0.8,0.4,81.6408,0.007919,0.000167,-0.083783,0.034636,17,738.79,40,217,62.3
META,2026-09-29,2026-10-16,1160.0,C,0.0,0.07,0.035,65.43,0.000932,3e-05,-0.00976,0.005033,17,738.79,50,2902,62.3
META,2026-09-29,2026-10-16,1170.0,C,0.01,0.03,0.02,63.6722,0.000551,1.9e-05,-0.005847,0.003099,17,738.79,12,2419,62.3
META,2026-09-29,2026-10-16,1180.0,C,0.0,0.05,0.025,66.016,0.000682,2.2e-05,-0.007384,0.003775,17,738.79,13,1463,62.3
META,2026-09-29,2026-10-16,1190.0,C,0.0,0.08,0.04,69.5316,0.001004,3e-05,-0.011097,0.005388,17,738.79,5,227,62.3
META,2026-09-29,2026-10-16,1200.0,C,0.01,0.04,0.025,67.9691,0.00064,2.1e-05,-0.007164,0.003558,17,738.79,14,2446,62.3
META,2026-09-29,2026-10-16,1210.0,C,0.0,0.02,0.01,64.8441,0.000289,1e-05,-0.003269,0.001702,17,738.79,43,2415,62.3
META,2026-09-29,2026-10-16,1220.0,C,0.01,0.13,0.07,76.1721,0.001551,4.1e-05,-0.018087,0.008019,17,738.79,180,3113,62.3
META,2026-09-29,2026-10-16,1230.0,C,0.0,0.03,0.015,68.7503,0.000406,1.3e-05,-0.004756,0.002336,17,738.79,395,1114,62.3
META,2026-09-29,2026-10-16,1240.0,C,0.0,0.01,0.005,64.0629,0.000125,5e-06,-0.001473,0.000777,17,738.79,26,1820,62.3
META,2026-09-29,2026-10-16,1250.0,C,0.0,0.01,0.005,65.6253,0.000142,5e-06,-0.001707,0.000879,17,738.79,61,539,62.3
META,2026-09-29,2026-10-16,1400.0,C,0.0,0.01,0.005,78.1252,0.00011,3e-06,-0.00159,0.000688,17,738.79,135,67,62.3
META,2026-09-29,2026-10-16,1490.0,C,0.0,0.01,0.005,84.3752,8.8e-05,3e-06,-0.001396,0.00056,17,738.79,16,57,62.3
META,2026-09-29,2026-10-16,270.0,P,0.0,0.02,0.01,131.2503,-0.000107,2e-06,-0.002586,0.000672,17,738.79,3,428,62.3
META,2026-09-29,2026-10-16,280.0,P,0.0,0.01,0.005,121.8754,-6.5e-05,1e-06,-0.001497,0.000419,17,738.79,11,650,62.3
META,2026-09-29,2026-10-16,290.0,P,0.0,0.54,0.27,164.0627,-0.002375,2.8e-05,-0.056789,0.011814,17,738.79,2,1525,62.3
META,2026-09-29,2026-10-16,300.0,P,0.0,0.03,0.015,121.8754,-0.000182,4e-06,-0.003946,0.001105,17,738.79,68,1713,62.3
META,2026-09-29,2026-10-16,310.0,P,0.0,1.01,0.505,164.6486,-0.004307,4.8e-05,-0.097328,0.020181,17,738.79,1,965,62.3
META,2026-09-29,2026-10-16,320.0,P,0.0,1.0,0.5,158.7893,-0.004417,5.1e-05,-0.095989,0.02064,17,738.79,1,270,62.3
META,2026-09-29,2026-10-16,330.0,P,0.0,0.02,0.01,106.2505,-0.000138,3e-06,-0.002649,0.000852,17,738.79,1,827,62.3
META,2026-09-29,2026-10-16,340.0,P,0.0,0.04,0.02,108.5942,-0.000294,6e-06,-0.00551,0.001733,17,738.79,97,434,62.3
META,2026-09-29,2026-10-16,350.0,P,0.0,0.04,0.02,104.688,-0.000304,7e-06,-0.005471,0.001785,17,738.79,1,541,62.3
META,2026-09-29,2026-10-16,360.0,P,0.0,0.02,0.01,95.3125,-0.000155,4e-06,-0.002653,0.000951,17,738.79,2,303,62.3
META,2026-09-29,2026-10-16,370.0,P,0.0,0.57,0.285,124.4144,-0.003296,5e-05,-0.05781,0.015879,17,738.79,1,268,62.3
META,2026-09-29,2026-10-16,380.0,P,0.0,0.03,0.015,91.4063,-0.000252,6e-06,-0.00401,0.0015,17,738.79,2,291,62.3
META,2026-09-29,2026-10-16,390.0,P,0.0,0.93,0.465,122.6566,-0.00534,7.8e-05,-0.087712,0.024446,17,738.79,2,446,62.3
META,2026-09-29,2026-10-16,400.0,P,0.01,0.03,0.02,86.7189,-0.00036,9e-06,-0.005294,0.002088,17,738.79,9,1453,62.3
META,2026-09-29,2026-10-16,405.0,P,0.01,0.02,0.015,82.8127,-0.000267,8e-06,-0.003826,0.00158,17,738.79,329,72,62.3
META,2026-09-29,2026-10-16,410.0,P,0.0,0.05,0.025,84.7658,-0.000449,1.2e-05,-0.006354,0.002564,17,738.79,2,1180,62.3
META,2026-09-29,2026-10-16,415.0,P,0.0,0.05,0.025,83.2033,-0.000463,1.2e-05,-0.006415,0.002638,17,738.79,5,234,62.3
META,2026-09-29,2026-10-16,420.0,P,0.0,0.05,0.025,81.6408,-0.000476,1.3e-05,-0.006463,0.002709,17,738.79,3,361,62.3
META,2026-09-29,2026-10-16,425.0,P,0.01,0.09,0.05,84.7658,-0.000891,2.2e-05,-0.011962,0.004829,17,738.79,20,190,62.3
META,2026-09-29,2026-10-16,430.0,P,0.01,0.06,0.035,80.4689,-0.000654,1.8e-05,-0.008537,0.003631,17,738.79,55,580,62.3
META,2026-09-29,2026-10-16,435.0,P,0.01,0.1,0.055,82.0314,-0.000997,2.6e-05,-0.012832,0.005354,17,738.79,9,300,62.3
META,2026-09-29,2026-10-16,440.0,P,0.01,0.05,0.03,76.1721,-0.000585,1.7e-05,-0.007287,0.003275,17,738.79,9,871,62.3
META,2026-09-29,2026-10-16,445.0,P,0.0,0.74,0.37,96.5332,-0.005439,0.000101,-0.070069,0.024848,17,738.79,34,128,62.3
META,2026-09-29,2026-10-16,450.0,P,0.0,0.67,0.335,93.4571,-0.005111,9.9e-05,-0.064168,0.023508,17,738.79,52,3135,62.3
META,2026-09-29,2026-10-16,455.0,P,0.0,0.08,0.04,73.4378,-0.000818,2.4e-05,-0.009566,0.004461,17,738.79,2,667,62.3
META,2026-09-29,2026-10-16,460.0,P,0.0,0.35,0.175,83.2033,-0.003083,7.1e-05,-0.036313,0.014948,17,738.79,35,1128,62.3
META,2026-09-29,2026-10-16,465.0,P,0.03,0.13,0.08,75.0003,-0.001574,4.3e-05,-0.017794,0.008128,17,738.79,6,728,62.3
META,2026-09-29,2026-10-16,470.0,P,0.01,0.11,0.06,71.4847,-0.001259,3.6e-05,-0.013834,0.006631,17,738.79,8,1826,62.3
META,2026-09-29,2026-10-16,475.0,P,0.02,0.1,0.06,69.9222,-0.001285,3.8e-05,-0.013778,0.006753,17,738.79,10,580,62.3
META,2026-09-29,2026-10-16,480.0,P,0.02,0.12,0.07,69.3362,-0.001492,4.4e-05,-0.015665,0.007744,17,738.79,1,2660,62.3
META,2026-09-29,2026-10-16,485.0,P,0.02,0.12,0.07,67.7738,-0.001521,4.6e-05,-0.015574,0.007879,17,738.79,15,2005,62.3
META,2026-09-29,2026-10-16,490.0,P,0.02,0.07,0.045,63.6722,-0.001068,3.5e-05,-0.010589,0.005703,17,738.79,34,1427,62.3
META,2026-09-29,2026-10-16,495.0,P,0.03,0.07,0.05,62.6957,-0.001178,3.9e-05,-0.011401,0.006238,17,738.79,48,593,62.3
META,2026-09-29,2026-10-16,500.0,P,0.06,0.08,0.07,63.2816,-0.001637,5.2e-05,-0.01554,0.008425,17,738.79,96,4997,62.3
META,2026-09-29,2026-10-16,505.0,P,0.04,0.12,0.08,62.6957,-0.001905,6.1e-05,-0.017672,0.009672,17,738.79,1,897,62.3
META,2026-09-29,2026-10-16,510.0,P,0.04,0.09,0.065,59.9613,-0.001624,5.5e-05,-0.014612,0.008364,17,738.79,25,2633,62.3
META,2026-09-29,2026-10-16,515.0,P,0.06,0.1,0.08,59.6684,-0.00198,6.6e-05,-0.017412,0.010018,17,738.79,13,1700,62.3
META,2026-09-29,2026-10-16,520.0,P,0.05,0.11,0.08,58.2035,-0.002029,6.9e-05,-0.017356,0.01024,17,738.79,32,2106,62.3
META,2026-09-29,2026-10-16,525.0,P,0.05,0.15,0.1,58.0082,-0.002504,8.4e-05,-0.020929,0.012392,17,738.79,40,1723,62.3
META,2026-09-29,2026-10-16,530.0,P,0.06,0.12,0.09,55.9575,-0.002354,8.2e-05,-0.019085,0.011718,17,738.79,22,1915,62.3
META,2026-09-29,2026-10-16,535.0,P,0.1,0.15,0.125,56.4457,-0.003206,0.000108,-0.02544,0.015489,17,738.79,46,648,62.3
META,2026-09-29,2026-10-16,540.0,P,0.12,0.16,0.14,55.6645,-0.003626,0.000122,-0.028013,0.0173,17,738.79,28,4238,62.3
META,2026-09-29,2026-10-16,545.0,P,0.08,0.18,0.13,53.7114,-0.003479,0.000122,-0.026033,0.016667,17,738.79,1,701,62.3
META,2026-09-29,2026-10-16,550.0,P,0.15,0.18,0.165,53.7114,-0.004396,0.000151,-0.032092,0.020552,17,738.79,64,5763,62.3
META,2026-09-29,2026-10-16,555.0,P,0.1,0.21,0.155,51.856,-0.004284,0.000152,-0.030265,0.020083,17,738.79,5,554,62.3
META,2026-09-29,2026-10-16,560.0,P,0.12,0.22,0.17,50.9282,-0.004755,0.00017,-0.032618,0.022047,17,738.79,19,2381,62.3
META,2026-09-29,2026-10-16,565.0,P,0.13,0.24,0.185,51.6118,-0.006561,0.000224,-0.043981,0.029342,17,738.79,7,647,62.3
META,2026-09-29,2026-10-16,570.0,P,0.16,0.27,0.215,50.8306,-0.007414,0.000253,-0.048232,0.032685,17,738.79,50,2408,62.3
META,2026-09-29,2026-10-16,575.0,P,0.17,0.29,0.23,49.8052,-0.008126,0.00028,-0.051207,0.03543,17,738.79,34,727,62.3
META,2026-09-29,2026-10-16,580.0,P,0.22,0.32,0.27,48.9019,-0.009049,0.000313,-0.055233,0.038939,17,738.79,75,3735,62.3
META,2026-09-29,2026-10-16,585.0,P,0.26,0.36,0.31,48.145,-0.010265,0.000355,-0.060688,0.043476,17,738.79,66,3222,62.3
META,2026-09-29,2026-10-16,590.0,P,0.28,0.42,0.35,47.6324,-0.011987,0.000411,-0.06868,0.049753,17,738.79,40,1907,62.3
META,2026-09-29,2026-10-16,595.0,P,0.34,0.46,0.4,46.7046,-0.013324,0.000459,-0.073757,0.054521,17,738.79,32,644,62.3
META,2026-09-29,2026-10-16,600.0,P,0.4,0.52,0.46,45.9722,-0.015155,0.000521,-0.081075,0.060917,17,738.79,220,6901,62.3
META,2026-09-29,2026-10-16,605.0,P,0.5,0.6,0.55,45.3863,-0.017516,0.000598,-0.090561,0.06896,17,738.79,69,722,62.3
META,2026-09-29,2026-10-16,610.0,P,0.57,0.68,0.625,44.6905,-0.01999,0.000679,-0.099725,0.077167,17,738.79,1521,2077,62.3
META,2026-09-29,2026-10-16,615.0,P,0.65,0.77,0.71,43.9703,-0.02275,0.00077,-0.109387,0.086084,17,738.79,112,1325,62.3
META,2026-09-29,2026-10-16,620.0,P,0.77,0.89,0.83,43.4332,-0.026362,0.000882,-0.122194,0.097416,17,738.79,90,2171,62.3
META,2026-09-29,2026-10-16,625.0,P,0.92,1.01,0.965,42.7374,-0.030046,0.001,-0.133976,0.108624,17,738.79,353,1562,62.3
META,2026-09-29,2026-10-16,630.0,P,1.06,1.23,1.145,42.6275,-0.03608,0.001166,-0.155277,0.126307,17,738.79,576,1503,62.3
META,2026-09-29,2026-10-16,635.0,P,1.27,1.39,1.33,41.9073,-0.040926,0.001314,-0.169031,0.139973,17,738.79,211,817,62.3
META,2026-09-29,2026-10-16,640.0,P,1.53,1.54,1.535,41.0223,-0.045796,0.00147,-0.181023,0.153276,17,738.79,620,3047,62.3
META,2026-09-29,2026-10-16,645.0,P,1.77,1.8,1.785,40.6073,-0.053199,0.001673,-0.201778,0.172752,17,738.79,722,1619,62.3
META,2026-09-29,2026-10-16,650.0,P,2.08,2.13,2.105,40.3326,-0.062235,0.001906,-0.226517,0.195437,17,738.79,928,2950,62.3
META,2026-09-29,2026-10-16,655.0,P,2.45,2.48,2.465,39.9298,-0.071873,0.002152,-0.250417,0.218464,17,738.79,1146,786,62.3
META,2026-09-29,2026-10-16,657.5,P,2.65,2.69,2.67,39.7955,-0.077474,0.002287,-0.264145,0.231341,17,738.79,73,156,62.3
META,2026-09-29,2026-10-16,660.0,P,2.86,2.9,2.88,39.6002,-0.083109,0.002423,-0.277016,0.243949,17,738.79,363,2188,62.3
META,2026-09-29,2026-10-16,662.5,P,3.1,3.15,3.125,39.4965,-0.089553,0.002569,-0.291992,0.25796,17,738.79,107,167,62.3
META,2026-09-29,2026-10-16,665.0,P,3.35,3.4,3.375,39.3378,-0.096078,0.002717,-0.30616,0.271732,17,738.79,165,1738,62.3
META,2026-09-29,2026-10-16,667.5,P,3.6,3.7,3.65,39.2767,-0.103501,0.002874,-0.32257,0.286914,17,738.79,94,191,62.3
META,2026-09-29,2026-10-16,670.0,P,3.9,4.0,3.95,39.1547,-0.11099,0.003031,-0.337963,0.301736,17,738.79,217,3456,62.3
META,2026-09-29,2026-10-16,672.5,P,4.2,4.3,4.25,38.9777,-0.118569,0.003192,-0.352384,0.316257,17,738.79,81,147,62.3
META,2026-09-29,2026-10-16,675.0,P,4.55,4.65,4.6,38.8861,-0.127031,0.003358,-0.368718,0.331923,17,738.79,274,3716,62.3
META,2026-09-29,2026-10-16,677.5,P,4.9,5.0,4.95,38.7335,-0.135562,0.003526,-0.383851,0.347162,17,738.79,130,198,62.3
META,2026-09-29,2026-10-16,680.0,P,5.3,5.4,5.35,38.6481,-0.144899,0.003697,-0.400434,0.36323,17,738.79,326,1780,62.3
META,2026-09-29,2026-10-16,682.5,P,5.7,5.8,5.75,38.5046,-0.15433,0.00387,-0.415764,0.378841,17,738.79,113,218,62.3
META,2026-09-29,2026-10-16,685.0,P,6.15,6.25,6.2,38.4222,-0.164545,0.004045,-0.432306,0.395077,17,738.79,249,1913,62.3
META,2026-09-29,2026-10-16,687.5,P,6.6,6.75,6.675,38.3917,-0.17549,0.004219,-0.449801,0.411728,17,738.79,80,340,62.3
META,2026-09-29,2026-10-16,690.0,P,7.1,7.25,7.175,38.2941,-0.186481,0.004394,-0.465657,0.427705,17,738.79,1349,1024,62.3
META,2026-09-29,2026-10-16,692.5,P,7.65,7.75,7.7,38.1354,-0.197563,0.00457,-0.479949,0.443086,17,738.79,150,324,62.3
META,2026-09-29,2026-10-16,695.0,P,8.2,8.4,8.3,38.23,-0.210473,0.004734,-0.499202,0.460118,17,738.79,325,883,62.3
META,2026-09-29,2026-10-16,697.5,P,8.8,8.95,8.875,38.0499,-0.222293,0.00491,-0.512281,0.474902,17,738.79,290,242,62.3
META,2026-09-29,2026-10-16,700.0,P,9.45,9.5,9.475,37.818,-0.234281,0.005088,-0.523826,0.489133,17,738.79,1098,6941,62.3
META,2026-09-29,2026-10-16,702.5,P,10.1,10.25,10.175,37.9065,-0.248334,0.005239,-0.541404,0.504866,17,738.79,313,369,62.3
META,2026-09-29,2026-10-16,705.0,P,10.75,11.0,10.875,37.9218,-0.262357,0.00539,-0.556802,0.519575,17,738.79,386,626,62.3
META,2026-09-29,2026-10-16,710.0,P,12.3,12.4,12.35,37.5861,-0.289816,0.00571,-0.578045,0.545609,17,738.79,607,1126,62.3
META,2026-09-29,2026-10-16,715.0,P,14.0,14.1,14.05,37.525,-0.319879,0.005976,-0.601425,0.570087,17,738.79,822,931,62.3
META,2026-09-29,2026-10-16,720.0,P,15.8,15.9,15.85,37.3725,-0.350779,0.006221,-0.619167,0.591044,17,738.79,537,1179,62.3
META,2026-09-29,2026-10-16,725.0,P,17.8,17.95,17.875,37.3725,-0.383075,0.006405,-0.635539,0.608557,17,738.79,1499,1078,62.3
META,2026-09-29,2026-10-16,730.0,P,20.0,20.15,20.075,37.3511,-0.415946,0.00655,-0.646878,0.621905,17,738.79,675,667,62.3
META,2026-09-29,2026-10-16,735.0,P,22.3,22.45,22.375,37.2321,-0.449175,0.006666,-0.651575,0.630907,17,738.79,604,608,62.3
META,2026-09-29,2026-10-16,740.0,P,24.85,25.05,24.95,37.3236,-0.482666,0.006698,-0.65525,0.635476,17,738.79,510,1971,62.3
META,2026-09-29,2026-10-16,745.0,P,27.5,27.85,27.675,37.4732,-0.515817,0.006672,-0.655122,0.635576,17,738.79,627,823,62.3
META,2026-09-29,2026-10-16,750.0,P,30.4,30.55,30.475,37.2229,-0.549236,0.006671,-0.642636,0.631226,17,738.79,428,3071,62.3
META,2026-09-29,2026-10-16,755.0,P,33.45,33.55,33.5,37.1924,-0.58187,0.006585,-0.629657,0.622635,17,738.79,96,378,62.3
META,2026-09-29,2026-10-16,760.0,P,36.55,36.8,36.675,37.3175,-0.613203,0.006433,-0.615466,0.610293,17,738.79,154,2497,62.3
META,2026-09-29,2026-10-16,765.0,P,39.8,40.15,39.975,37.3694,-0.64374,0.006256,-0.595968,0.594328,17,738.79,77,1974,62.3
META,2026-09-29,2026-10-16,770.0,P,43.2,43.65,43.425,37.4396,-0.673017,0.006044,-0.57342,0.575276,17,738.79,90,432,62.3
META,2026-09-29,2026-10-16,775.0,P,46.65,47.55,47.1,37.9797,-0.698362,0.005756,-0.558206,0.555727,17,738.79,28,444,62.3
META,2026-09-29,2026-10-16,780.0,P,50.45,51.2,50.825,37.876,-0.725752,0.005518,-0.526629,0.53129,17,738.79,50,499,62.3
META,2026-09-29,2026-10-16,785.0,P,54.1,55.2,54.65,38.2056,-0.74909,0.005227,-0.502842,0.507642,17,738.79,4,121,62.3
META,2026-09-29,2026-10-16,790.0,P,58.4,58.85,58.625,37.6288,-0.77678,0.004976,-0.456561,0.476031,17,738.79,6,423,62.3
META,2026-09-29,2026-10-16,795.0,P,61.8,63.6,62.7,39.115,-0.789309,0.00463,-0.457827,0.460397,17,738.79,10,167,62.3
META,2026-09-29,2026-10-16,800.0,P,66.45,68.05,67.25,39.8688,-0.805128,0.004336,-0.441637,0.439417,17,738.79,68,620,62.3
META,2026-09-29,2026-10-16,805.0,P,68.95,72.9,70.925,41.4099,-0.81448,0.00405,-0.444317,0.426337,17,738.79,2,89,62.3
META,2026-09-29,2026-10-16,810.0,P,73.1,77.45,75.275,42.1942,-0.827471,0.003797,-0.428949,0.407297,17,738.79,1,87,62.3
META,2026-09-29,2026-10-16,815.0,P,77.4,81.85,79.625,42.4994,-0.842281,0.003557,-0.402155,0.384303,17,738.79,26,69,62.3
META,2026-09-29,2026-10-16,820.0,P,81.7,86.35,84.025,42.9144,-0.855272,0.003327,-0.378314,0.362941,17,738.79,3,91,62.3
META,2026-09-29,2026-10-16,825.0,P,86.45,91.15,88.8,44.0313,-0.863031,0.003123,-0.371819,0.349624,17,738.79,15,54,62.3
META,2026-09-29,2026-10-16,830.0,P,90.55,95.9,93.225,44.9468,-0.871202,0.002933,-0.360866,0.335125,17,738.79,1,47,62.3
META,2026-09-29,2026-10-16,835.0,P,95.15,100.6,97.875,45.6487,-0.879831,0.002751,-0.345253,0.319261,17,738.79,34,104,62.3
META,2026-09-29,2026-10-16,840.0,P,99.95,106.3,103.125,49.2498,-0.872226,0.002662,-0.399359,0.333273,17,738.79,50,171,62.3
META,2026-09-29,2026-10-16,845.0,P,104.25,111.2,107.725,50.5132,-0.877034,0.002527,-0.397723,0.324468,17,738.79,2,2,62.3
META,2026-09-29,2026-10-16,850.0,P,109.95,115.05,112.5,48.4258,-0.898199,0.002303,-0.317252,0.283482,17,738.79,2,5,62.3
META,2026-09-29,2026-10-16,855.0,P,113.9,119.95,116.925,49.5305,-0.902428,0.002183,-0.312964,0.274828,17,738.79,2,3,62.3
META,2026-09-29,2026-10-16,860.0,P,118.8,124.8,121.8,50.4277,-0.907268,0.002065,-0.304287,0.26472,17,738.79,1,1,62.3
META,2026-09-29,2026-10-16,865.0,P,123.2,130.6,126.9,54.5781,-0.89689,0.002062,-0.371179,0.286127,17,738.79,0,1,62.3
META,2026-09-29,2026-10-16,875.0,P,132.85,140.3,136.575,56.3664,-0.905681,0.001871,-0.354475,0.26806,17,738.79,14,14,62.3
META,2026-09-29,2026-10-16,880.0,P,137.7,144.8,141.25,55.9025,-0.915242,0.001742,-0.315846,0.247574,17,738.79,1,1,62.3
META,2026-09-29,2026-10-16,890.0,P,326.85,333.55,330.2,352.5117,-0.445077,0.000703,-6.459695,0.630039,17,738.79,1,0,62.3
META,2026-09-29,2026-10-16,900.0,P,157.8,164.35,161.075,59.2778,-0.928421,0.001445,-0.285218,0.217779,17,738.79,2,0,62.3
META,2026-09-29,2026-10-16,910.0,P,167.45,174.35,170.9,61.7558,-0.930969,0.001349,-0.288894,0.211792,17,738.79,1,0,62.3
META,2026-09-29,2026-10-16,915.0,P,172.45,179.3,175.875,62.7567,-0.932895,0.001299,-0.285972,0.207214,17,738.79,10,0,62.3
META,2026-09-29,2026-10-16,920.0,P,177.45,184.45,180.95,64.6366,-0.931785,0.001277,-0.301976,0.209858,17,738.79,5,0,62.3
META,2026-09-29,2026-10-16,930.0,P,366.85,373.85,370.35,368.4541,-0.456004,0.000675,-6.773256,0.632204,17,738.79,1,0,62.3
META,2026-09-29,2026-10-16,950.0,P,207.45,215.25,211.35,75.2322,-0.927284,0.001153,-0.387712,0.220425,17,738.79,2,0,62.3
META,2026-09-29,2026-10-16,960.0,P,396.85,403.85,400.35,379.4587,-0.463374,0.000657,-6.987237,0.633394,17,738.79,1,0,62.3
META,2026-09-29,2026-10-16,970.0,P,406.85,414.05,410.45,383.1452,-0.465559,0.000651,-7.058121,0.633704,17,738.79,1,0,62.3
META,2026-09-29,2026-10-16,975.0,P,232.65,239.25,235.95,76.2698,-0.944267,0.000924,-0.297955,0.179229,17,738.79,0,0,62.3
META,2026-09-29,2026-10-16,980.0,P,416.85,423.95,420.4,386.5418,-0.467847,0.000645,-7.123608,0.634009,17,738.79,1,0,62.3
META,2026-09-29,2026-10-16,990.0,P,247.45,254.15,250.8,78.9553,-0.947534,0.000851,-0.290751,0.17086,17,738.79,1,0,62.3
META,2026-09-29,2026-10-16,1000.0,P,258.35,264.15,261.25,81.0427,-0.94873,0.000814,-0.292642,0.16776,17,738.79,1,1,62.3
META,2026-09-29,2026-10-16,1030.0,P,287.45,294.95,291.2,91.3575,-0.94263,0.00079,-0.382555,0.183365,17,738.79,3,0,62.3
META,2026-09-29,2026-10-16,1040.0,P,297.45,304.45,300.95,90.7594,-0.949316,0.00072,-0.331981,0.166231,17,738.79,3,0,62.3
META,2026-09-29,2026-10-16,1050.0,P,307.45,314.4,310.925,92.4439,-0.950811,0.000691,-0.328324,0.162309,17,738.79,0,0,62.3
META,2026-09-29,2026-10-16,1160.0,P,418.2,424.15,421.175,110.645,-0.960971,0.000479,-0.312254,0.134676,17,738.79,0,0,62.3
META,2026-09-29,2026-10-16,1170.0,P,427.4,434.0,430.7,111.2797,-0.962982,0.000456,-0.294887,0.128987,17,738.79,0,0,62.3
META,2026-09-29,2026-10-23,400.0,C,337.2,343.85,340.525,121.265,0.983709,0.000177,-0.237477,0.07701,24,738.79,1,2,62.3
META,2026-09-29,2026-10-23,425.0,C,311.85,318.9,315.375,108.9604,0.983341,0.000201,-0.223872,0.078497,24,738.79,0,1,62.3
META,2026-09-29,2026-10-23,435.0,C,301.8,308.95,305.375,104.9077,0.982717,0.000215,-0.223785,0.081005,24,738.79,0,1,62.3
META,2026-09-29,2026-10-23,475.0,C,261.7,269.1,265.4,89.7218,0.979647,0.000289,-0.224948,0.093096,24,738.79,1,0,62.3
META,2026-09-29,2026-10-23,480.0,C,257.0,264.15,260.575,89.4776,0.977563,0.000315,-0.239751,0.101095,24,738.79,1,0,62.3
META,2026-09-29,2026-10-23,500.0,C,237.05,244.2,240.625,82.5441,0.975173,0.000372,-0.242617,0.110079,24,738.79,2,2,62.3
META,2026-09-29,2026-10-23,505.0,C,232.1,239.25,235.675,81.1281,0.974154,0.000391,-0.246209,0.11385,24,738.79,1,1,62.3
META,2026-09-29,2026-10-23,525.0,C,212.2,219.35,215.775,74.7439,0.970766,0.00047,-0.252177,0.126165,24,738.79,2,2,62.3
META,2026-09-29,2026-10-23,535.0,C,202.2,209.4,205.8,71.4236,0.969146,0.000515,-0.253007,0.131933,24,738.79,0,2,62.3
META,2026-09-29,2026-10-23,540.0,C,197.3,204.45,200.875,70.1785,0.967599,0.000545,-0.257964,0.137376,24,738.79,1,2,62.3
META,2026-09-29,2026-10-23,545.0,C,192.85,199.45,196.15,70.1541,0.963751,0.000598,-0.27751,0.150653,24,738.79,2,3,62.3
META,2026-09-29,2026-10-23,550.0,C,187.45,194.5,190.975,67.3465,0.9649,0.000607,-0.263859,0.146728,24,738.79,3,19,62.3
META,2026-09-29,2026-10-23,555.0,C,182.55,189.55,186.05,66.077,0.963168,0.000644,-0.268507,0.152629,24,738.79,1,6,62.3
META,2026-09-29,2026-10-23,560.0,C,177.45,184.6,181.025,64.2093,0.962576,0.000671,-0.265757,0.154632,24,738.79,1,5,62.3
META,2026-09-29,2026-10-23,565.0,C,173.05,179.65,176.35,64.2948,0.957766,0.000739,-0.287554,0.170605,24,738.79,10,28,62.3
META,2026-09-29,2026-10-23,570.0,C,167.6,174.75,171.175,61.6337,0.958816,0.000756,-0.274335,0.167162,24,738.79,5,8,62.3
META,2026-09-29,2026-10-23,575.0,C,162.65,169.8,166.225,60.1933,0.957134,0.000799,-0.276634,0.172667,24,738.79,1,12,62.3
META,2026-09-29,2026-10-23,580.0,C,158.3,164.9,161.6,60.3398,0.951402,0.000882,-0.300249,0.190997,24,738.79,3,20,62.3
META,2026-09-29,2026-10-23,585.0,C,153.3,159.95,156.625,58.7284,0.9498,0.00093,-0.300386,0.196006,24,738.79,1,11,62.3
META,2026-09-29,2026-10-23,590.0,C,148.4,155.05,151.725,57.4467,0.94722,0.000989,-0.305025,0.203976,24,738.79,1,10,62.3
META,2026-09-29,2026-10-23,595.0,C,143.05,150.2,146.625,55.2861,0.947013,0.001031,-0.297123,0.204612,24,738.79,6,11,62.3
META,2026-09-29,2026-10-23,600.0,C,138.45,145.3,141.875,54.633,0.942309,0.001116,-0.310661,0.218826,24,738.79,1,111,62.3
META,2026-09-29,2026-10-23,605.0,C,133.6,140.45,137.025,53.51,0.938719,0.001195,-0.317607,0.22943,24,738.79,4,8,62.3
META,2026-09-29,2026-10-23,610.0,C,128.75,135.6,132.175,52.3503,0.934987,0.001279,-0.324089,0.240241,24,738.79,1,31,62.3
META,2026-09-29,2026-10-23,615.0,C,124.15,130.5,127.325,51.1602,0.931083,0.001369,-0.330166,0.251326,24,738.79,4,50,62.3
META,2026-09-29,2026-10-23,620.0,C,119.2,126.15,122.675,50.6292,0.924461,0.001484,-0.346675,0.269637,24,738.79,7,71,62.3
META,2026-09-29,2026-10-23,625.0,C,114.4,121.35,117.875,59.3266,0.883588,0.001742,-0.517521,0.370915,24,738.79,1,71,62.3
META,2026-09-29,2026-10-23,630.0,C,109.9,116.35,113.125,57.3246,0.880073,0.001841,-0.511735,0.3788,24,738.79,2,458,62.3
META,2026-09-29,2026-10-23,635.0,C,105.0,111.8,108.4,56.403,0.872339,0.001955,-0.524241,0.395742,24,738.79,1,93,62.3
META,2026-09-29,2026-10-23,640.0,C,100.55,107.1,103.825,55.0694,0.86565,0.002074,-0.529527,0.409956,24,738.79,17,212,62.3
META,2026-09-29,2026-10-23,645.0,C,96.05,102.45,99.25,53.8091,0.858207,0.002202,-0.535885,0.425313,24,738.79,4,149,62.3
META,2026-09-29,2026-10-23,650.0,C,92.4,97.1,94.75,50.9893,0.856587,0.002342,-0.514843,0.428594,24,738.79,9,184,62.3
META,2026-09-29,2026-10-23,655.0,C,87.2,92.9,90.05,50.6414,0.844356,0.002491,-0.536592,0.452659,24,738.79,1,170,62.3
META,2026-09-29,2026-10-23,660.0,C,83.45,88.55,86.0,49.8662,0.833174,0.002646,-0.550623,0.473618,24,738.79,7,453,62.3
META,2026-09-29,2026-10-23,665.0,C,79.1,83.85,81.475,48.3251,0.824512,0.002821,-0.550918,0.489203,24,738.79,13,122,62.3
META,2026-09-29,2026-10-23,670.0,C,74.6,79.55,77.075,47.495,0.812015,0.002996,-0.563202,0.51072,24,738.79,1,278,62.3
META,2026-09-29,2026-10-23,675.0,C,70.7,75.4,73.05,46.8389,0.797902,0.003175,-0.577951,0.533701,24,738.79,5,171,62.3
META,2026-09-29,2026-10-23,680.0,C,66.7,71.4,69.05,46.3323,0.782259,0.003353,-0.594559,0.55761,24,738.79,4,505,62.3
META,2026-09-29,2026-10-23,685.0,C,63.35,66.9,65.125,44.8766,0.769647,0.003575,-0.59406,0.575736,24,738.79,17,94,62.3
META,2026-09-29,2026-10-23,690.0,C,59.05,63.4,61.225,44.959,0.749672,0.003734,-0.6188,0.602426,24,738.79,1,202,62.3
META,2026-09-29,2026-10-23,695.0,C,55.9,59.0,57.45,43.482,0.734909,0.003977,-0.61602,0.620619,24,738.79,176,114,62.3
META,2026-09-29,2026-10-23,700.0,C,52.55,55.05,53.8,42.6092,0.716581,0.004195,-0.622166,0.641454,24,738.79,58,1182,62.3
META,2026-09-29,2026-10-23,705.0,C,49.0,51.85,50.425,42.7099,0.693794,0.004337,-0.642721,0.664742,24,738.79,29,172,62.3
META,2026-09-29,2026-10-23,710.0,C,45.6,48.4,47.0,42.2842,0.672006,0.00451,-0.652727,0.684386,24,738.79,18,273,62.3
META,2026-09-29,2026-10-23,715.0,C,42.95,44.85,43.9,41.5747,0.65003,0.004703,-0.656177,0.701676,24,738.79,100,458,62.3
META,2026-09-29,2026-10-23,720.0,C,40.0,41.6,40.8,41.1352,0.626394,0.00486,-0.661749,0.717515,24,738.79,497,614,62.3
META,2026-09-29,2026-10-23,725.0,C,36.95,38.3,37.625,40.4761,0.602255,0.005031,-0.66149,0.730807,24,738.79,314,529,62.3
META,2026-09-29,2026-10-23,730.0,C,34.55,35.5,35.025,40.3235,0.57664,0.005126,-0.666596,0.741782,24,738.79,168,210,62.3
META,2026-09-29,2026-10-23,735.0,C,31.75,32.85,32.3,40.2014,0.550674,0.005196,-0.669477,0.749666,24,738.79,88,220,62.3
META,2026-09-29,2026-10-23,740.0,C,29.5,30.3,29.9,40.0427,0.524493,0.005249,-0.669038,0.754346,24,738.79,109,1067,62.3
META,2026-09-29,2026-10-23,745.0,C,27.1,27.95,27.525,39.9786,0.498276,0.005267,-0.667321,0.755764,24,738.79,177,247,62.3
META,2026-09-29,2026-10-23,750.0,C,24.8,25.75,25.275,39.9451,0.47221,0.005259,-0.663377,0.753937,24,738.79,282,984,62.3
META,2026-09-29,2026-10-23,755.0,C,22.9,23.75,23.325,40.0091,0.44662,0.005216,-0.658387,0.748996,24,738.79,26,227,62.3
META,2026-09-29,2026-10-23,760.0,C,21.05,21.8,21.425,39.9786,0.42122,0.005164,-0.649372,0.740987,24,738.79,1673,2511,62.3
META,2026-09-29,2026-10-23,765.0,C,19.3,20.0,19.65,39.9908,0.396419,0.005087,-0.638696,0.730151,24,738.79,18,351,62.3
META,2026-09-29,2026-10-23,770.0,C,17.65,18.35,18.0,40.0488,0.372388,0.004987,-0.626622,0.716768,24,738.79,123,477,62.3
META,2026-09-29,2026-10-23,775.0,C,16.1,16.8,16.45,40.0946,0.349008,0.004871,-0.612362,0.700971,24,738.79,39,488,62.3
META,2026-09-29,2026-10-23,780.0,C,14.7,15.35,15.025,40.1312,0.326339,0.004742,-0.596156,0.682982,24,738.79,201,590,62.3
META,2026-09-29,2026-10-23,785.0,C,13.3,14.05,13.675,40.238,0.304848,0.004594,-0.579669,0.663434,24,738.79,29,737,62.3
META,2026-09-29,2026-10-23,790.0,C,12.15,12.8,12.475,40.2746,0.283855,0.004441,-0.560543,0.641926,24,738.79,176,353,62.3
META,2026-09-29,2026-10-23,795.0,C,11.05,11.7,11.375,40.4059,0.264305,0.004273,-0.542089,0.619682,24,738.79,11,91,62.3
META,2026-09-29,2026-10-23,800.0,C,10.15,10.6,10.375,40.3967,0.244839,0.004106,-0.520001,0.595334,24,738.79,182,1290,62.3
META,2026-09-29,2026-10-23,805.0,C,9.15,9.7,9.425,40.5829,0.227517,0.003926,-0.501046,0.571748,24,738.79,28,93,62.3
META,2026-09-29,2026-10-23,810.0,C,8.25,8.85,8.55,40.7355,0.210948,0.003744,-0.480953,0.547424,24,738.79,22,705,62.3
META,2026-09-29,2026-10-23,815.0,C,7.4,8.05,7.725,40.8514,0.195086,0.003564,-0.459808,0.522453,24,738.79,10,71,62.3
META,2026-09-29,2026-10-23,820.0,C,6.8,7.25,7.025,40.8362,0.17929,0.003383,-0.435814,0.495866,24,738.79,52,482,62.3
META,2026-09-29,2026-10-23,825.0,C,6.05,6.7,6.375,41.2024,0.166892,0.003204,-0.419646,0.47374,24,738.79,38,207,62.3
META,2026-09-29,2026-10-23,830.0,C,5.4,6.1,5.75,41.3641,0.154032,0.003028,-0.39941,0.449556,24,738.79,21,257,62.3
META,2026-09-29,2026-10-23,835.0,C,5.05,5.55,5.3,41.5197,0.141976,0.002857,-0.379289,0.425684,24,738.79,20,138,62.3
META,2026-09-29,2026-10-23,840.0,C,4.55,4.95,4.75,41.4374,0.129235,0.002684,-0.354648,0.399124,24,738.79,79,177,62.3
META,2026-09-29,2026-10-23,845.0,C,3.95,4.6,4.275,41.8646,0.120463,0.002529,-0.340833,0.379993,24,738.79,53,48,62.3
META,2026-09-29,2026-10-23,850.0,C,3.7,4.1,3.9,41.8036,0.109427,0.002365,-0.317633,0.354888,24,738.79,265,466,62.3
META,2026-09-29,2026-10-23,855.0,C,3.35,3.75,3.55,42.0477,0.10094,0.002218,-0.301135,0.334747,24,738.79,11,63,62.3
META,2026-09-29,2026-10-23,860.0,C,3.0,3.4,3.2,42.1942,0.092535,0.002074,-0.283303,0.314041,24,738.79,17,237,62.3
META,2026-09-29,2026-10-23,865.0,C,2.72,3.15,2.935,42.5665,0.08599,0.001946,-0.270433,0.297358,24,738.79,7,164,62.3
META,2026-09-29,2026-10-23,870.0,C,2.46,2.83,2.645,42.6214,0.078284,0.001811,-0.252145,0.277053,24,738.79,36,157,62.3
META,2026-09-29,2026-10-23,875.0,C,2.22,2.59,2.405,42.8595,0.072094,0.001692,-0.237975,0.260185,24,738.79,56,165,62.3
META,2026-09-29,2026-10-23,880.0,C,2.08,2.27,2.175,42.7008,0.064476,0.001558,-0.217408,0.238698,24,738.79,64,122,62.3
META,2026-09-29,2026-10-23,885.0,C,1.87,2.0,1.935,42.6092,0.05779,0.001433,-0.199055,0.219122,24,738.79,38,47,62.3
META,2026-09-29,2026-10-23,890.0,C,1.66,1.9,1.78,43.1829,0.054566,0.001351,-0.192694,0.209424,24,738.79,92,231,62.3
META,2026-09-29,2026-10-23,895.0,C,1.48,1.8,1.64,43.72,0.051442,0.001274,-0.186079,0.199858,24,738.79,80,69,62.3
META,2026-09-29,2026-10-23,900.0,C,1.39,1.62,1.505,43.8116,0.046773,0.001178,-0.172746,0.185232,24,738.79,56,361,62.3
META,2026-09-29,2026-10-23,905.0,C,1.26,1.46,1.36,43.9093,0.042516,0.001088,-0.160254,0.171528,24,738.79,20,15,62.3
META,2026-09-29,2026-10-23,910.0,C,1.09,1.37,1.23,44.3365,0.039803,0.001022,-0.153317,0.162596,24,738.79,19,228,62.3
META,2026-09-29,2026-10-23,915.0,C,0.99,1.31,1.15,44.9102,0.037808,0.000967,-0.148865,0.155929,24,738.79,5,25,62.3
META,2026-09-29,2026-10-23,920.0,C,0.89,1.13,1.01,44.6661,0.033281,0.000876,-0.13331,0.140445,24,738.79,14,92,62.3
META,2026-09-29,2026-10-23,925.0,C,0.82,1.09,0.955,45.2764,0.031797,0.000832,-0.130086,0.135258,24,738.79,82,31,62.3
META,2026-09-29,2026-10-23,930.0,C,0.74,0.95,0.845,45.1177,0.02816,0.000755,-0.117172,0.122297,24,738.79,72,52,62.3
META,2026-09-29,2026-10-23,935.0,C,0.66,0.87,0.765,45.3375,0.025896,0.000701,-0.109749,0.114034,24,738.79,32,24,62.3
META,2026-09-29,2026-10-23,940.0,C,0.59,0.82,0.705,45.7525,0.024327,0.000659,-0.105063,0.108213,24,738.79,33,47,62.3
META,2026-09-29,2026-10-23,945.0,C,0.57,0.77,0.67,46.1309,0.022787,0.000619,-0.100228,0.10242,24,738.79,3,28,62.3
META,2026-09-29,2026-10-23,950.0,C,0.5,0.68,0.59,46.0699,0.020339,0.000563,-0.090903,0.093041,24,738.79,64,114,62.3
META,2026-09-29,2026-10-23,955.0,C,0.48,0.7,0.59,47.0708,0.020466,0.000554,-0.093334,0.093532,24,738.79,6,29,62.3
META,2026-09-29,2026-10-23,960.0,C,0.39,0.65,0.52,47.3638,0.019048,0.000518,-0.088336,0.088002,24,738.79,1,21,62.3
META,2026-09-29,2026-10-23,965.0,C,0.35,0.6,0.475,47.5835,0.017591,0.000482,-0.082906,0.082233,24,738.79,6,40,62.3
META,2026-09-29,2026-10-23,970.0,C,0.31,0.56,0.435,47.9009,0.016439,0.000451,-0.078743,0.077608,24,738.79,3,26,62.3
META,2026-09-29,2026-10-23,975.0,C,0.28,0.52,0.4,48.145,0.015241,0.000421,-0.074152,0.072732,24,738.79,3,12,62.3
META,2026-09-29,2026-10-23,980.0,C,0.25,0.49,0.37,48.5113,0.014348,0.000397,-0.07092,0.069054,24,738.79,15,21,62.3
META,2026-09-29,2026-10-23,985.0,C,0.23,0.45,0.34,48.6822,0.0132,0.000368,-0.066213,0.064259,24,738.79,1,10,62.3
META,2026-09-29,2026-10-23,990.0,C,0.2,0.42,0.31,48.9751,0.012334,0.000345,-0.062798,0.060595,24,738.79,9,16,62.3
META,2026-09-29,2026-10-23,995.0,C,0.17,0.41,0.29,49.5366,0.011932,0.000331,-0.061703,0.058878,24,738.79,1,8,62.3
META,2026-09-29,2026-10-23,1000.0,C,0.13,0.39,0.26,49.9028,0.011275,0.000313,-0.059164,0.056053,24,738.79,7,213,62.3
META,2026-09-29,2026-10-23,1010.0,C,0.08,0.35,0.215,50.6353,0.010096,0.00028,-0.054504,0.050914,24,738.79,1,37,62.3
META,2026-09-29,2026-10-23,1020.0,C,0.15,0.3,0.225,51.0259,0.008673,0.000243,-0.048072,0.044579,24,738.79,24,37,62.3
META,2026-09-29,2026-10-23,1030.0,C,0.03,0.3,0.165,52.3442,0.008454,0.000232,-0.048199,0.043588,24,738.79,1,18,62.3
META,2026-09-29,2026-10-23,1040.0,C,0.01,0.27,0.14,52.979,0.007558,0.000208,-0.044192,0.0395,24,738.79,1,8,62.3
META,2026-09-29,2026-10-23,1050.0,C,0.01,0.22,0.115,53.0278,0.006252,0.000176,-0.037398,0.033406,24,738.79,5,320,62.3
META,2026-09-29,2026-10-23,1060.0,C,0.0,0.23,0.115,50.6841,0.003549,0.000111,-0.021571,0.020163,24,738.79,2,10,62.3
META,2026-09-29,2026-10-23,1070.0,C,0.1,0.21,0.155,53.4184,0.004447,0.000129,-0.027811,0.024675,24,738.79,8,112,62.3
META,2026-09-29,2026-10-23,1080.0,C,0.0,0.24,0.12,53.2231,0.003526,0.000105,-0.022505,0.020045,24,738.79,2,2,62.3
META,2026-09-29,2026-10-23,1090.0,C,0.0,0.33,0.165,56.1528,0.004521,0.000124,-0.029649,0.02504,24,738.79,2,27,62.3
META,2026-09-29,2026-10-23,1100.0,C,0.0,0.39,0.195,58.3012,0.005086,0.000133,-0.034178,0.02781,24,738.79,0,3,62.3
META,2026-09-29,2026-10-23,1140.0,C,0.0,0.58,0.29,65.6253,0.006612,0.000149,-0.048512,0.035105,24,738.79,0,1,62.3
META,2026-09-29,2026-10-23,1160.0,C,0.0,0.64,0.32,68.6038,0.006918,0.000148,-0.052758,0.036536,24,738.79,1,1,62.3
META,2026-09-29,2026-10-23,1190.0,C,0.01,0.31,0.16,66.8949,0.003707,8.7e-05,-0.029507,0.020965,24,738.79,24,12,62.3
META,2026-09-29,2026-10-23,100.0,P,0.0,0.55,0.275,292.5784,-0.001166,7e-06,-0.044645,0.007344,24,738.79,0,4,62.3
META,2026-09-29,2026-10-23,180.0,P,0.0,0.81,0.405,216.2114,-0.002335,1.8e-05,-0.062031,0.013822,24,738.79,1,18,62.3
META,2026-09-29,2026-10-23,320.0,P,0.0,0.93,0.465,133.5453,-0.004366,5.1e-05,-0.067134,0.024274,24,738.79,1,1,62.3
META,2026-09-29,2026-10-23,330.0,P,0.0,0.91,0.455,128.6136,-0.004439,5.3e-05,-0.065603,0.024636,24,738.79,2,3,62.3
META,2026-09-29,2026-10-23,350.0,P,0.0,0.86,0.43,119.0434,-0.004543,5.9e-05,-0.061963,0.025151,24,738.79,0,1,62.3
META,2026-09-29,2026-10-23,360.0,P,0.0,0.83,0.415,114.4047,-0.004575,6.2e-05,-0.059905,0.025308,24,738.79,0,2,62.3
META,2026-09-29,2026-10-23,370.0,P,0.0,0.8,0.4,109.8637,-0.004594,6.4e-05,-0.057725,0.025401,24,738.79,0,2,62.3
META,2026-09-29,2026-10-23,400.0,P,0.0,0.68,0.34,96.5332,-0.004485,7.2e-05,-0.049599,0.024861,24,738.79,2,3,62.3
META,2026-09-29,2026-10-23,405.0,P,0.0,0.66,0.33,94.3848,-0.004451,7.3e-05,-0.048161,0.024694,24,738.79,0,2,62.3
META,2026-09-29,2026-10-23,410.0,P,0.0,0.63,0.315,92.0899,-0.004357,7.3e-05,-0.046096,0.024229,24,738.79,2,4,62.3
META,2026-09-29,2026-10-23,415.0,P,0.0,0.61,0.305,90.0392,-0.004333,7.5e-05,-0.044835,0.024106,24,738.79,0,4,62.3
META,2026-09-29,2026-10-23,420.0,P,0.0,0.58,0.29,87.7931,-0.00423,7.5e-05,-0.042785,0.023597,24,738.79,14,5,62.3
META,2026-09-29,2026-10-23,425.0,P,0.0,0.55,0.275,85.547,-0.004115,7.5e-05,-0.040668,0.023022,24,738.79,6,3,62.3
META,2026-09-29,2026-10-23,430.0,P,0.0,0.52,0.26,83.3498,-0.004005,7.5e-05,-0.03866,0.022467,24,738.79,13,5,62.3
META,2026-09-29,2026-10-23,435.0,P,0.0,0.49,0.245,81.1525,-0.003881,7.5e-05,-0.036595,0.021847,24,738.79,4,16,62.3
META,2026-09-29,2026-10-23,440.0,P,0.0,0.46,0.23,79.0041,-0.003763,7.5e-05,-0.034644,0.021249,24,738.79,3,27,62.3
META,2026-09-29,2026-10-23,445.0,P,0.0,0.42,0.21,76.6116,-0.003548,7.3e-05,-0.031858,0.020155,24,738.79,2,43,62.3
META,2026-09-29,2026-10-23,450.0,P,0.01,0.15,0.08,67.8714,-0.001584,4e-05,-0.013599,0.009714,24,738.79,4,20,62.3
META,2026-09-29,2026-10-23,455.0,P,0.0,0.35,0.175,72.0706,-0.00317,7e-05,-0.027069,0.018213,24,738.79,7,8,62.3
META,2026-09-29,2026-10-23,460.0,P,0.0,0.31,0.155,69.6292,-0.002909,6.7e-05,-0.024204,0.01686,24,738.79,1,32,62.3
META,2026-09-29,2026-10-23,465.0,P,0.0,0.27,0.135,67.1878,-0.002644,6.4e-05,-0.021421,0.015467,24,738.79,3,14,62.3
META,2026-09-29,2026-10-23,470.0,P,0.0,0.23,0.115,64.6488,-0.002347,6e-05,-0.018501,0.013887,24,738.79,8,17,62.3
META,2026-09-29,2026-10-23,475.0,P,0.0,0.19,0.095,62.0121,-0.002026,5.5e-05,-0.015527,0.012154,24,738.79,6,8,62.3
META,2026-09-29,2026-10-23,480.0,P,0.0,0.19,0.095,60.7426,-0.002094,5.7e-05,-0.015668,0.012524,24,738.79,20,24,62.3
META,2026-09-29,2026-10-23,485.0,P,0.01,0.2,0.105,59.9613,-0.002317,6.4e-05,-0.016943,0.013723,24,738.79,3,6,62.3
META,2026-09-29,2026-10-23,490.0,P,0.01,0.11,0.06,55.4692,-0.001457,4.5e-05,-0.010277,0.009001,24,738.79,1,12,62.3
META,2026-09-29,2026-10-23,495.0,P,0.01,0.22,0.115,57.8129,-0.002608,7.4e-05,-0.018171,0.015273,24,738.79,15,18,62.3
META,2026-09-29,2026-10-23,500.0,P,0.03,0.22,0.125,57.0317,-0.002882,8.2e-05,-0.019612,0.016714,24,738.79,12,168,62.3
META,2026-09-29,2026-10-23,505.0,P,0.02,0.13,0.075,52.8325,-0.001891,6e-05,-0.012403,0.011416,24,738.79,1,16,62.3
META,2026-09-29,2026-10-23,510.0,P,0.03,0.25,0.14,54.9809,-0.003283,9.5e-05,-0.021247,0.018796,24,738.79,3,24,62.3
META,2026-09-29,2026-10-23,515.0,P,0.03,0.26,0.145,53.9067,-0.003478,0.000102,-0.021936,0.019799,24,738.79,4,16,62.3
META,2026-09-29,2026-10-23,520.0,P,0.05,0.18,0.115,51.27,-0.002914,9.2e-05,-0.017785,0.016884,24,738.79,3,67,62.3
META,2026-09-29,2026-10-23,525.0,P,0.05,0.23,0.14,51.0747,-0.003527,0.000109,-0.021031,0.020049,24,738.79,4,49,62.3
META,2026-09-29,2026-10-23,530.0,P,0.06,0.31,0.185,51.3677,-0.004558,0.000137,-0.0266,0.025221,24,738.79,3,159,62.3
META,2026-09-29,2026-10-23,535.0,P,0.07,0.32,0.195,50.3911,-0.004897,0.000149,-0.027808,0.026888,24,738.79,3,80,62.3
META,2026-09-29,2026-10-23,540.0,P,0.1,0.34,0.22,52.5884,-0.00794,0.000219,-0.044512,0.041252,24,738.79,3,219,62.3
META,2026-09-29,2026-10-23,545.0,P,0.1,0.37,0.235,51.8071,-0.008736,0.000241,-0.047667,0.044861,24,738.79,8,184,62.3
META,2026-09-29,2026-10-23,550.0,P,0.15,0.39,0.27,50.7817,-0.009341,0.000261,-0.049523,0.04757,24,738.79,12,274,62.3
META,2026-09-29,2026-10-23,555.0,P,0.14,0.44,0.29,50.2446,-0.010574,0.000294,-0.054577,0.053008,24,738.79,6,94,62.3
META,2026-09-29,2026-10-23,560.0,P,0.19,0.49,0.34,49.6099,-0.011827,0.000328,-0.059373,0.058431,24,738.79,19,211,62.3
META,2026-09-29,2026-10-23,565.0,P,0.23,0.54,0.385,48.9019,-0.013117,0.000364,-0.063981,0.063909,24,738.79,22,125,62.3
META,2026-09-29,2026-10-23,570.0,P,0.28,0.56,0.42,47.7544,-0.01386,0.000391,-0.06549,0.067025,24,738.79,107,130,62.3
META,2026-09-29,2026-10-23,575.0,P,0.42,0.63,0.525,47.1929,-0.015628,0.000439,-0.071724,0.074317,24,738.79,97,196,62.3
META,2026-09-29,2026-10-23,580.0,P,0.47,0.7,0.585,46.5337,-0.017428,0.000489,-0.077592,0.081582,24,738.79,14,199,62.3
META,2026-09-29,2026-10-23,585.0,P,0.5,0.79,0.645,45.9966,-0.019675,0.000548,-0.084991,0.090458,24,738.79,7,89,62.3
META,2026-09-29,2026-10-23,590.0,P,0.56,0.86,0.71,45.2032,-0.021629,0.000604,-0.090443,0.098013,24,738.79,21,137,62.3
META,2026-09-29,2026-10-23,595.0,P,0.65,0.96,0.805,44.5928,-0.02422,0.000674,-0.098078,0.107813,24,738.79,13,325,62.3
META,2026-09-29,2026-10-23,600.0,P,0.8,0.96,0.88,43.1402,-0.024968,0.000714,-0.097261,0.110602,24,738.79,92,613,62.3
META,2026-09-29,2026-10-23,605.0,P,0.88,1.22,1.05,43.5308,-0.030772,0.000843,-0.11674,0.131643,24,738.79,22,187,62.3
META,2026-09-29,2026-10-23,610.0,P,1.03,1.37,1.2,42.9815,-0.03458,0.00094,-0.126813,0.144941,24,738.79,16,294,62.3
META,2026-09-29,2026-10-23,615.0,P,1.2,1.53,1.365,42.3956,-0.038708,0.001045,-0.137059,0.158947,24,738.79,16,530,62.3
META,2026-09-29,2026-10-23,620.0,P,1.5,1.74,1.62,41.9561,-0.04382,0.001167,-0.149862,0.175763,24,738.79,138,502,62.3
META,2026-09-29,2026-10-23,625.0,P,1.61,1.97,1.79,41.4923,-0.049432,0.0013,-0.163107,0.193611,24,738.79,37,151,62.3
META,2026-09-29,2026-10-23,630.0,P,1.86,2.23,2.045,41.0406,-0.05573,0.001446,-0.177272,0.212945,24,738.79,23,265,62.3
META,2026-09-29,2026-10-23,635.0,P,2.17,2.53,2.35,40.6256,-0.062888,0.001606,-0.192726,0.234111,24,738.79,33,218,62.3
META,2026-09-29,2026-10-23,640.0,P,2.59,2.79,2.69,39.9359,-0.069565,0.001766,-0.204621,0.253143,24,738.79,50,363,62.3
META,2026-09-29,2026-10-23,645.0,P,2.95,3.25,3.1,39.8138,-0.079708,0.001966,-0.226088,0.280862,24,738.79,57,303,62.3
META,2026-09-29,2026-10-23,650.0,P,3.35,3.65,3.5,39.3317,-0.089074,0.002163,-0.242466,0.305283,24,738.79,213,675,62.3
META,2026-09-29,2026-10-23,655.0,P,3.8,4.25,4.025,39.2737,-0.101647,0.002387,-0.266506,0.336454,24,738.79,49,339,62.3
META,2026-09-29,2026-10-23,660.0,P,4.4,4.8,4.6,38.9044,-0.113693,0.002612,-0.285792,0.364734,24,738.79,28,377,62.3
META,2026-09-29,2026-10-23,665.0,P,5.05,5.5,5.275,38.7396,-0.128008,0.002852,-0.30892,0.396491,24,738.79,21,260,62.3
META,2026-09-29,2026-10-23,670.0,P,5.8,6.15,5.975,38.291,-0.141923,0.003097,-0.327207,0.425578,24,738.79,74,409,62.3
META,2026-09-29,2026-10-23,675.0,P,6.6,7.1,6.85,38.3185,-0.159783,0.003349,-0.353783,0.460529,24,738.79,22,471,62.3
META,2026-09-29,2026-10-23,680.0,P,7.6,8.0,7.8,38.0499,-0.177211,0.003605,-0.374813,0.492236,24,738.79,132,447,62.3
META,2026-09-29,2026-10-23,685.0,P,8.55,9.15,8.85,38.0713,-0.197513,0.003853,-0.400326,0.526384,24,738.79,72,246,62.3
META,2026-09-29,2026-10-23,690.0,P,9.7,10.35,10.025,37.9797,-0.21838,0.004098,-0.422933,0.558553,24,738.79,91,254,62.3
META,2026-09-29,2026-10-23,695.0,P,10.95,11.6,11.275,37.7875,-0.2399,0.004342,-0.442602,0.588796,24,738.79,216,303,62.3
META,2026-09-29,2026-10-23,700.0,P,12.45,13.0,12.725,37.6532,-0.26286,0.004573,-0.461788,0.617951,24,738.79,215,2485,62.3
META,2026-09-29,2026-10-23,705.0,P,13.85,14.55,14.2,37.5617,-0.287069,0.004787,-0.479914,0.645377,24,738.79,18,267,62.3
META,2026-09-29,2026-10-23,710.0,P,15.55,16.25,15.9,37.5067,-0.312361,0.004982,-0.496582,0.670548,24,738.79,54,155,62.3
META,2026-09-29,2026-10-23,715.0,P,17.35,18.1,17.725,37.4762,-0.338535,0.005152,-0.511327,0.692991,24,738.79,103,109,62.3
META,2026-09-29,2026-10-23,720.0,P,19.3,20.0,19.65,37.3267,-0.365069,0.005316,-0.521656,0.71212,24,738.79,118,205,62.3
META,2026-09-29,2026-10-23,725.0,P,21.4,22.2,21.8,37.403,-0.392704,0.005425,-0.532861,0.728269,24,738.79,16,443,62.3
META,2026-09-29,2026-10-23,730.0,P,23.65,24.45,24.05,37.3572,-0.420448,0.005525,-0.539311,0.740695,24,738.79,25,134,62.3
META,2026-09-29,2026-10-23,735.0,P,26.0,27.0,26.5,37.522,-0.448543,0.005566,-0.546131,0.749476,24,738.79,55,111,62.3
META,2026-09-29,2026-10-23,740.0,P,28.5,29.4,28.95,37.3129,-0.476607,0.005634,-0.54418,0.754471,24,738.79,16,159,62.3
META,2026-09-29,2026-10-23,745.0,P,31.2,32.15,31.675,37.3786,-0.504596,0.005634,-0.543583,0.755721,24,738.79,13,385,62.3
META,2026-09-29,2026-10-23,750.0,P,34.05,35.0,34.525,37.3999,-0.532362,0.005612,-0.539424,0.753283,24,738.79,19,286,62.3
META,2026-09-29,2026-10-23,755.0,P,36.8,37.95,37.375,37.3755,-0.559875,0.005571,-0.531752,0.747243,24,738.79,32,65,62.3
META,2026-09-29,2026-10-23,760.0,P,39.9,41.05,40.475,37.3786,-0.586869,0.0055,-0.521872,0.737782,24,738.79,10,173,62.3
META,2026-09-29,2026-10-23,765.0,P,43.1,44.2,43.65,37.2778,-0.61369,0.005418,-0.507744,0.72487,24,738.79,7,57,62.3
META,2026-09-29,2026-10-23,770.0,P,46.3,47.95,47.125,37.8333,-0.636998,0.005235,-0.502679,0.710758,24,738.79,2,84,62.3
META,2026-09-29,2026-10-23,775.0,P,49.6,51.2,50.4,37.5372,-0.663201,0.005134,-0.48081,0.691613,24,738.79,4,77,62.3
META,2026-09-29,2026-10-23,780.0,P,52.95,55.65,54.3,38.819,-0.680351,0.004861,-0.485688,0.67716,24,738.79,7,127,62.3
META,2026-09-29,2026-10-23,785.0,P,56.45,58.5,57.475,37.5983,-0.70999,0.004806,-0.443253,0.648484,24,738.79,11,5,62.3
META,2026-09-29,2026-10-23,790.0,P,60.05,63.55,61.8,39.5727,-0.720181,0.004489,-0.459487,0.637512,24,738.79,2,24,62.3
META,2026-09-29,2026-10-23,795.0,P,63.8,66.65,65.225,38.3826,-0.748147,0.004387,-0.41453,0.604365,24,738.79,0,0,62.3
META,2026-09-29,2026-10-23,800.0,P,67.7,71.0,69.35,39.0509,-0.763664,0.004167,-0.404608,0.583986,24,738.79,8,67,62.3
META,2026-09-29,2026-10-23,805.0,P,71.8,75.0,73.4,39.0051,-0.782714,0.003979,-0.38006,0.556936,24,738.79,0,1,62.3
META,2026-09-29,2026-10-23,810.0,P,75.85,79.3,77.575,39.3591,-0.798088,0.003776,-0.363132,0.533406,24,738.79,4,4,62.3
META,2026-09-29,2026-10-23,815.0,P,79.65,83.8,81.725,39.9878,-0.810599,0.003575,-0.351664,0.513088,24,738.79,0,3,62.3
META,2026-09-29,2026-10-23,835.0,P,96.75,101.8,99.275,41.6266,-0.857344,0.002859,-0.288738,0.427063,24,738.79,1,7,62.3
META,2026-09-29,2026-10-23,845.0,P,106.1,111.35,108.725,43.2379,-0.871175,0.002566,-0.274917,0.398244,24,738.79,3,3,62.3
META,2026-09-29,2026-10-23,850.0,P,110.25,116.65,113.45,45.2795,-0.870049,0.002466,-0.293636,0.400655,24,738.79,1,3,62.3
META,2026-09-29,2026-10-23,855.0,P,114.7,121.3,118.0,45.6976,-0.878051,0.002337,-0.279413,0.383284,24,738.79,0,2,62.3
META,2026-09-29,2026-10-23,860.0,P,119.35,126.1,122.725,46.4422,-0.883699,0.002224,-0.272152,0.370665,24,738.79,0,1,62.3
META,2026-09-29,2026-10-23,890.0,P,147.85,155.3,151.575,51.2822,-0.908233,0.001696,-0.241709,0.312109,24,738.79,0,1,62.3
META,2026-09-29,2026-10-23,895.0,P,152.7,159.8,156.25,50.7878,-0.917308,0.001584,-0.21254,0.288759,24,738.79,0,4,62.3
META,2026-09-29,2026-10-23,900.0,P,157.6,164.8,161.2,51.8743,-0.918833,0.001529,-0.21405,0.284738,24,738.79,2,8,62.3
META,2026-09-29,2026-10-23,1050.0,P,307.45,314.4,310.925,78.4426,-0.948848,0.000707,-0.2124,0.198962,24,738.79,1,0,62.3
META,2026-09-29,2026-10-23,1060.0,P,317.45,324.6,321.025,81.0244,-0.947473,0.000699,-0.229237,0.2032,24,738.79,1,0,62.3
META,2026-09-29,2026-10-23,1070.0,P,327.45,334.4,330.925,81.6896,-0.950606,0.00066,-0.214184,0.193492,24,738.79,0,0,62.3
META,2026-09-29,2026-10-30,100.0,C,636.4,642.95,639.675,297.5588,0.996963,1.4e-05,-0.106362,0.019919,31,738.79,1,2,62.3
META,2026-09-29,2026-10-30,310.0,C,426.7,433.8,430.25,142.7737,0.989375,9.1e-05,-0.172706,0.060499,31,738.79,5,5,62.3
META,2026-09-29,2026-10-30,460.0,C,277.35,284.5,280.925,88.5621,0.976042,0.000296,-0.222306,0.121416,31,738.79,1,1,62.3
META,2026-09-29,2026-10-30,480.0,C,258.05,264.65,261.35,84.4972,0.970509,0.000369,-0.247438,0.144435,31,738.79,0,1,62.3
META,2026-09-29,2026-10-30,500.0,C,237.55,244.8,241.175,76.5994,0.969669,0.000416,-0.235412,0.147838,31,738.79,1,22,62.3
META,2026-09-29,2026-10-30,510.0,C,228.3,234.9,231.6,75.7205,0.964495,0.00048,-0.258991,0.168335,31,738.79,0,12,62.3
META,2026-09-29,2026-10-30,520.0,C,218.25,225.05,221.65,72.6443,0.962542,0.000522,-0.260414,0.175872,31,738.79,1,11,62.3
META,2026-09-29,2026-10-30,530.0,C,208.2,215.2,211.7,69.6048,0.960439,0.00057,-0.261715,0.183881,31,738.79,1,2,62.3
META,2026-09-29,2026-10-30,535.0,C,203.2,210.3,206.75,68.2193,0.959084,0.000598,-0.263656,0.18898,31,738.79,0,0,62.3
META,2026-09-29,2026-10-30,540.0,C,198.3,205.4,201.85,67.0658,0.957202,0.00063,-0.268111,0.195989,31,738.79,1,1,62.3
META,2026-09-29,2026-10-30,545.0,C,193.35,200.5,196.925,65.784,0.955505,0.000663,-0.271096,0.202236,31,738.79,0,1,62.3
META,2026-09-29,2026-10-30,550.0,C,188.8,195.6,192.2,65.369,0.951783,0.000712,-0.284168,0.215709,31,738.79,1,13,62.3
META,2026-09-29,2026-10-30,555.0,C,183.6,190.75,187.175,63.6356,0.950911,0.000742,-0.281816,0.21882,31,738.79,1,2,62.3
META,2026-09-29,2026-10-30,560.0,C,179.1,185.9,182.5,63.3243,0.94656,0.000798,-0.296506,0.234118,31,738.79,1,9,62.3
META,2026-09-29,2026-10-30,565.0,C,173.8,181.05,177.425,61.3956,0.946043,0.000829,-0.291518,0.235911,31,738.79,1,1,62.3
META,2026-09-29,2026-10-30,570.0,C,170.1,175.85,172.975,61.8107,0.939326,0.000903,-0.315794,0.258731,31,738.79,4,4,62.3
META,2026-09-29,2026-10-30,575.0,C,164.75,171.35,168.05,60.4252,0.937113,0.00095,-0.317529,0.266069,31,738.79,3,4,62.3
META,2026-09-29,2026-10-30,580.0,C,159.5,166.55,163.025,58.6918,0.935801,0.000994,-0.31462,0.270378,31,738.79,4,7,62.3
META,2026-09-29,2026-10-30,585.0,C,155.15,161.75,158.45,58.4538,0.929969,0.001067,-0.331345,0.289186,31,738.79,3,10,62.3
META,2026-09-29,2026-10-30,590.0,C,150.5,157.0,153.75,57.7275,0.925265,0.001136,-0.341846,0.303955,31,738.79,28,24,62.3
META,2026-09-29,2026-10-30,595.0,C,145.4,152.25,148.825,56.281,0.922593,0.001197,-0.34256,0.312193,31,738.79,1,11,62.3
META,2026-09-29,2026-10-30,600.0,C,141.1,147.5,144.3,55.9758,0.915944,0.00128,-0.359079,0.332238,31,738.79,1,26,62.3
META,2026-09-29,2026-10-30,605.0,C,136.45,142.8,139.625,55.1701,0.910598,0.00136,-0.368788,0.347908,31,738.79,5,13,62.3
META,2026-09-29,2026-10-30,610.0,C,132.25,137.8,135.025,54.5079,0.904398,0.001447,-0.380631,0.365603,31,738.79,5,25,62.3
META,2026-09-29,2026-10-30,615.0,C,127.05,133.55,130.3,53.4734,0.899179,0.001533,-0.387149,0.38012,31,738.79,1,23,62.3
META,2026-09-29,2026-10-30,620.0,C,122.75,128.95,125.85,53.0553,0.891278,0.001632,-0.4027,0.401466,31,738.79,1,113,62.3
META,2026-09-29,2026-10-30,625.0,C,118.2,124.45,121.325,52.3808,0.883886,0.001733,-0.414552,0.420785,31,738.79,3,30,62.3
META,2026-09-29,2026-10-30,630.0,C,114.35,119.95,117.15,52.3808,0.873365,0.001842,-0.436515,0.44725,31,738.79,7,49,62.3
META,2026-09-29,2026-10-30,635.0,C,109.7,115.5,112.6,51.4989,0.865797,0.00195,-0.445256,0.465571,31,738.79,2,65,62.3
META,2026-09-29,2026-10-30,640.0,C,106.0,111.1,108.55,51.5325,0.854035,0.002063,-0.467731,0.492925,31,738.79,15,105,62.3
META,2026-09-29,2026-10-30,645.0,C,101.7,106.8,104.25,50.9771,0.84408,0.00218,-0.481173,0.515055,31,738.79,2,32,62.3
META,2026-09-29,2026-10-30,650.0,C,97.6,102.3,99.95,50.3362,0.833908,0.0023,-0.493104,0.536745,31,738.79,3,736,62.3
META,2026-09-29,2026-10-30,655.0,C,93.75,98.4,96.075,50.3453,0.82052,0.002416,-0.514598,0.563937,31,738.79,5,59,62.3
META,2026-09-29,2026-10-30,660.0,C,89.7,94.25,91.975,53.4917,0.79489,0.002468,-0.582735,0.611933,31,738.79,51,215,62.3
META,2026-09-29,2026-10-30,665.0,C,86.1,90.25,88.175,52.9515,0.782722,0.002579,-0.594804,0.632954,31,738.79,10,85,62.3
META,2026-09-29,2026-10-30,670.0,C,82.1,86.25,84.175,52.329,0.770281,0.002693,-0.605067,0.653325,31,738.79,6,265,62.3
META,2026-09-29,2026-10-30,675.0,C,77.35,82.35,79.85,51.7705,0.757047,0.002808,-0.615617,0.673787,31,738.79,4,169,62.3
META,2026-09-29,2026-10-30,680.0,C,73.8,78.55,76.175,51.267,0.743061,0.002921,-0.626222,0.694106,31,738.79,2,308,62.3
META,2026-09-29,2026-10-30,685.0,C,71.45,74.9,73.175,50.8763,0.728164,0.003029,-0.637613,0.71431,31,738.79,35,208,62.3
META,2026-09-29,2026-10-30,690.0,C,67.9,71.15,69.525,50.2568,0.713379,0.003146,-0.644781,0.732938,31,738.79,118,249,62.3
META,2026-09-29,2026-10-30,695.0,C,64.65,67.65,66.15,49.8754,0.697352,0.003251,-0.654334,0.75157,31,738.79,133,54,62.3
META,2026-09-29,2026-10-30,700.0,C,62.0,64.1,63.05,49.3322,0.681193,0.003362,-0.66049,0.768751,31,738.79,86,475,62.3
META,2026-09-29,2026-10-30,705.0,C,59.0,61.1,60.05,49.3749,0.663229,0.003434,-0.673621,0.786004,31,738.79,28,76,62.3
META,2026-09-29,2026-10-30,710.0,C,56.0,57.65,56.825,48.7569,0.6462,0.003542,-0.676252,0.8006,31,738.79,29,218,62.3
META,2026-09-29,2026-10-30,715.0,C,53.1,54.8,53.95,48.7615,0.627666,0.003604,-0.686104,0.81458,31,738.79,35,102,62.3
META,2026-09-29,2026-10-30,720.0,C,50.35,51.65,51.0,48.3007,0.609466,0.003691,-0.688118,0.826403,31,738.79,316,433,62.3
META,2026-09-29,2026-10-30,725.0,C,47.55,48.95,48.25,48.2641,0.5905,0.00374,-0.694428,0.836748,31,738.79,221,204,62.3
META,2026-09-29,2026-10-30,730.0,C,45.0,46.0,45.5,47.8246,0.571556,0.003812,-0.693707,0.845091,31,738.79,172,604,62.3
META,2026-09-29,2026-10-30,735.0,C,42.5,43.35,42.925,47.6293,0.552242,0.003857,-0.694732,0.85157,31,738.79,86,168,62.3
META,2026-09-29,2026-10-30,740.0,C,40.15,41.05,40.6,47.7254,0.532915,0.003869,-0.698149,0.85602,31,738.79,69,684,62.3
META,2026-09-29,2026-10-30,745.0,C,37.75,38.8,38.275,47.7697,0.513673,0.003877,-0.699298,0.858441,31,738.79,107,110,62.3
META,2026-09-29,2026-10-30,750.0,C,35.65,36.6,36.125,47.7636,0.4945,0.003879,-0.698211,0.858864,31,738.79,412,1496,62.3
META,2026-09-29,2026-10-30,755.0,C,33.4,34.4,33.9,47.6522,0.475285,0.003881,-0.694132,0.857296,31,738.79,105,188,62.3
META,2026-09-29,2026-10-30,760.0,C,31.55,32.45,32.0,47.7239,0.456543,0.00386,-0.691145,0.853844,31,738.79,170,577,62.3
META,2026-09-29,2026-10-30,765.0,C,29.6,30.5,30.05,47.6903,0.437818,0.003838,-0.685245,0.84849,31,738.79,111,229,62.3
META,2026-09-29,2026-10-30,770.0,C,27.8,28.65,28.225,47.6705,0.419365,0.003807,-0.678167,0.841339,31,738.79,85,537,62.3
META,2026-09-29,2026-10-30,775.0,C,26.0,27.0,26.5,47.7865,0.401617,0.003759,-0.671803,0.832692,31,738.79,23,286,62.3
META,2026-09-29,2026-10-30,780.0,C,24.5,25.3,24.9,47.7453,0.383723,0.003715,-0.661889,0.822198,31,738.79,95,237,62.3
META,2026-09-29,2026-10-30,785.0,C,22.95,23.7,23.325,47.7239,0.36623,0.003662,-0.651107,0.810193,31,738.79,9,253,62.3
META,2026-09-29,2026-10-30,790.0,C,21.45,22.25,21.85,47.791,0.349465,0.003598,-0.640635,0.797045,31,738.79,62,278,62.3
META,2026-09-29,2026-10-30,795.0,C,20.1,20.8,20.45,47.7621,0.332721,0.003533,-0.627676,0.782282,31,738.79,18,260,62.3
META,2026-09-29,2026-10-30,800.0,C,18.8,19.45,19.125,47.7651,0.316534,0.003461,-0.614323,0.76643,31,738.79,385,1479,62.3
META,2026-09-29,2026-10-30,805.0,C,17.5,18.2,17.85,47.8063,0.300973,0.003383,-0.600792,0.749698,31,738.79,9,321,62.3
META,2026-09-29,2026-10-30,810.0,C,16.4,17.1,16.75,47.9558,0.286429,0.003296,-0.588385,0.732705,31,738.79,48,277,62.3
META,2026-09-29,2026-10-30,815.0,C,15.25,16.0,15.625,48.023,0.271981,0.00321,-0.574012,0.714499,31,738.79,27,170,62.3
META,2026-09-29,2026-10-30,820.0,C,14.25,14.9,14.575,47.9986,0.257543,0.003123,-0.557536,0.694954,31,738.79,78,184,62.3
META,2026-09-29,2026-10-30,825.0,C,13.4,13.9,13.65,48.0321,0.2439,0.003032,-0.541604,0.675205,31,738.79,40,193,62.3
META,2026-09-29,2026-10-30,830.0,C,12.5,13.05,12.775,48.203,0.231514,0.002937,-0.527745,0.656172,31,738.79,31,125,62.3
META,2026-09-29,2026-10-30,835.0,C,11.65,12.15,11.9,48.2183,0.218776,0.002843,-0.510856,0.635466,31,738.79,34,79,62.3
META,2026-09-29,2026-10-30,840.0,C,10.8,11.35,11.075,48.3068,0.206947,0.002747,-0.495073,0.615178,31,738.79,139,356,62.3
META,2026-09-29,2026-10-30,845.0,C,10.05,10.6,10.325,48.4014,0.19565,0.002651,-0.479273,0.594819,31,738.79,9,226,62.3
META,2026-09-29,2026-10-30,850.0,C,9.35,9.85,9.6,48.4136,0.184373,0.002555,-0.461902,0.573503,31,738.79,94,722,62.3
META,2026-09-29,2026-10-30,860.0,C,8.1,8.55,8.325,48.5601,0.163955,0.002364,-0.429423,0.532263,31,738.79,50,188,62.3
META,2026-09-29,2026-10-30,870.0,C,7.0,7.45,7.225,48.789,0.145853,0.002178,-0.398867,0.49267,31,738.79,71,134,62.3
META,2026-09-29,2026-10-30,880.0,C,6.1,6.5,6.3,49.0484,0.129658,0.002,-0.369615,0.454638,31,738.79,64,294,62.3
META,2026-09-29,2026-10-30,890.0,C,5.25,5.65,5.45,49.265,0.114852,0.001828,-0.340596,0.417531,31,738.79,25,129,62.3
META,2026-09-29,2026-10-30,900.0,C,4.55,4.9,4.725,49.4634,0.101467,0.001666,-0.312482,0.381892,31,738.79,138,2497,62.3
META,2026-09-29,2026-10-30,910.0,C,3.95,4.25,4.1,49.6709,0.089531,0.001513,-0.285923,0.348281,31,738.79,41,111,62.3
META,2026-09-29,2026-10-30,920.0,C,3.4,3.7,3.55,49.9334,0.079133,0.001371,-0.26178,0.317458,31,738.79,21,49,62.3
META,2026-09-29,2026-10-30,930.0,C,3.0,3.25,3.125,50.2874,0.070276,0.001244,-0.240614,0.289964,31,738.79,10,55,62.3
META,2026-09-29,2026-10-30,940.0,C,2.6,2.83,2.715,50.1165,0.060273,0.001108,-0.212721,0.257391,31,738.79,6,97,62.3
META,2026-09-29,2026-10-30,950.0,C,2.25,2.46,2.355,50.3484,0.052963,0.000996,-0.192876,0.232459,31,738.79,17,151,62.3
META,2026-09-29,2026-10-30,960.0,C,1.92,2.19,2.055,50.6414,0.04672,0.000896,-0.175415,0.210325,31,738.79,11,130,62.3
META,2026-09-29,2026-10-30,970.0,C,1.69,1.93,1.81,51.0137,0.041467,0.000808,-0.160405,0.191041,31,738.79,12,630,62.3
META,2026-09-29,2026-10-30,980.0,C,1.47,1.7,1.585,51.3249,0.036642,0.000726,-0.145839,0.172735,31,738.79,2,101,62.3
META,2026-09-29,2026-10-30,990.0,C,1.28,1.51,1.395,51.6728,0.032489,0.000653,-0.132941,0.156482,31,738.79,10,16,62.3
META,2026-09-29,2026-10-30,1000.0,C,1.15,1.31,1.23,52.0268,0.028841,0.000588,-0.121218,0.141783,31,738.79,146,268,62.3
META,2026-09-29,2026-10-30,1010.0,C,0.99,1.19,1.09,52.4053,0.02568,0.00053,-0.110778,0.128698,31,738.79,3,12,62.3
META,2026-09-29,2026-10-30,1020.0,C,0.87,1.05,0.96,52.7226,0.022754,0.000476,-0.100636,0.116263,31,738.79,3,15,62.3
META,2026-09-29,2026-10-30,1030.0,C,0.76,0.93,0.845,53.0278,0.02015,0.000427,-0.091297,0.10491,31,738.79,3,17,62.3
META,2026-09-29,2026-10-30,1040.0,C,0.66,0.83,0.745,53.3452,0.017878,0.000383,-0.082926,0.094762,31,738.79,14,34,62.3
META,2026-09-29,2026-10-30,1050.0,C,0.58,0.74,0.66,53.687,0.015917,0.000345,-0.075535,0.085799,31,738.79,2,19,62.3
META,2026-09-29,2026-10-30,1060.0,C,0.5,0.66,0.58,53.9555,0.014071,0.000309,-0.068255,0.077171,31,738.79,9,20,62.3
META,2026-09-29,2026-10-30,1070.0,C,0.44,0.59,0.515,54.2729,0.012516,0.000277,-0.06203,0.069747,31,738.79,45,48,62.3
META,2026-09-29,2026-10-30,1080.0,C,0.38,0.53,0.455,54.5659,0.011112,0.000249,-0.056228,0.062904,31,738.79,12,4,62.3
META,2026-09-29,2026-10-30,1090.0,C,0.33,0.47,0.4,54.8344,0.009845,0.000223,-0.05083,0.056604,31,738.79,23,16,62.3
META,2026-09-29,2026-10-30,1100.0,C,0.28,0.44,0.36,55.2251,0.008862,0.000202,-0.04668,0.05163,31,738.79,19,25,62.3
META,2026-09-29,2026-10-30,1110.0,C,0.22,0.42,0.32,55.518,0.007891,0.000181,-0.042371,0.04663,31,738.79,1,11,62.3
META,2026-09-29,2026-10-30,1120.0,C,0.19,0.38,0.285,55.811,0.007034,0.000163,-0.03848,0.042137,31,738.79,1,3,62.3
META,2026-09-29,2026-10-30,1130.0,C,0.16,0.34,0.25,56.0551,0.006236,0.000146,-0.034734,0.037879,31,738.79,1,4,62.3
META,2026-09-29,2026-10-30,1140.0,C,0.13,0.31,0.22,56.2504,0.005495,0.00013,-0.031149,0.033859,31,738.79,0,3,62.3
META,2026-09-29,2026-10-30,1150.0,C,0.11,0.29,0.2,56.6411,0.004979,0.000118,-0.028726,0.031018,31,738.79,8,22,62.3
META,2026-09-29,2026-10-30,1160.0,C,0.09,0.24,0.165,56.4946,0.004183,0.000101,-0.024517,0.026547,31,738.79,7,1,62.3
META,2026-09-29,2026-10-30,1170.0,C,0.08,0.25,0.165,57.4223,0.004109,9.8e-05,-0.024521,0.026129,31,738.79,2,26,62.3
META,2026-09-29,2026-10-30,1180.0,C,0.06,0.23,0.145,57.6176,0.003636,8.8e-05,-0.022046,0.023416,31,738.79,3,1,62.3
META,2026-09-29,2026-10-30,1190.0,C,0.05,0.21,0.13,57.9106,0.003267,7.9e-05,-0.020123,0.02127,31,738.79,2,5,62.3
META,2026-09-29,2026-10-30,1200.0,C,0.05,0.19,0.12,58.3012,0.002983,7.3e-05,-0.018665,0.019601,31,738.79,6,62,62.3
META,2026-09-29,2026-10-30,1210.0,C,0.03,0.19,0.11,58.6918,0.002729,6.6e-05,-0.017335,0.018087,31,738.79,3,8,62.3
META,2026-09-29,2026-10-30,1220.0,C,0.02,0.18,0.1,59.0824,0.0025,6.1e-05,-0.016122,0.016712,31,738.79,2,1,62.3
META,2026-09-29,2026-10-30,1240.0,C,0.01,0.27,0.14,62.6957,0.003225,7.2e-05,-0.021512,0.021025,31,738.79,2,4,62.3
META,2026-09-29,2026-10-30,1250.0,C,0.0,0.33,0.165,64.6,0.003672,7.9e-05,-0.024898,0.023622,31,738.79,0,1,62.3
META,2026-09-29,2026-10-30,1270.0,C,0.0,0.41,0.205,67.7738,0.004311,8.7e-05,-0.030151,0.027277,31,738.79,1,12,62.3
META,2026-09-29,2026-10-30,1280.0,C,0.0,0.45,0.225,69.2874,0.00461,9e-05,-0.032721,0.02896,31,738.79,0,2,62.3
META,2026-09-29,2026-10-30,1300.0,C,0.01,0.13,0.07,63.6722,0.001673,3.9e-05,-0.012049,0.011605,31,738.79,4,88,62.3
META,2026-09-29,2026-10-30,1320.0,C,0.0,0.57,0.285,74.4143,0.005358,9.6e-05,-0.04015,0.033108,31,738.79,0,1,62.3
META,2026-09-29,2026-10-30,1490.0,C,0.0,0.84,0.42,91.3331,0.006396,9.1e-05,-0.057551,0.038739,31,738.79,0,1,62.3
META,2026-09-29,2026-10-30,300.0,P,0.0,0.72,0.36,122.7543,-0.003387,3.9e-05,-0.043191,0.021972,31,738.79,0,126,62.3
META,2026-09-29,2026-10-30,350.0,P,0.01,0.32,0.165,94.5313,-0.002104,3.3e-05,-0.021608,0.014296,31,738.79,8,19,62.3
META,2026-09-29,2026-10-30,360.0,P,0.01,0.39,0.2,93.0665,-0.002563,4e-05,-0.025427,0.017092,31,738.79,2,18,62.3
META,2026-09-29,2026-10-30,370.0,P,0.02,0.11,0.065,80.2736,-0.001009,2e-05,-0.009373,0.007308,31,738.79,8,4,62.3
META,2026-09-29,2026-10-30,380.0,P,0.02,0.13,0.075,78.3205,-0.001175,2.3e-05,-0.010513,0.008404,31,738.79,10,11,62.3
META,2026-09-29,2026-10-30,390.0,P,0.03,0.18,0.105,77.9299,-0.001632,3.1e-05,-0.014115,0.011344,31,738.79,3,7,62.3
META,2026-09-29,2026-10-30,400.0,P,0.07,0.17,0.12,76.1721,-0.001924,3.7e-05,-0.016019,0.013176,31,738.79,2,83,62.3
META,2026-09-29,2026-10-30,410.0,P,0.05,0.17,0.11,72.6565,-0.001847,3.8e-05,-0.014719,0.012699,31,738.79,10,4,62.3
META,2026-09-29,2026-10-30,420.0,P,0.06,0.18,0.12,70.5081,-0.002065,4.3e-05,-0.015803,0.014055,31,738.79,1,36,62.3
META,2026-09-29,2026-10-30,430.0,P,0.08,0.2,0.14,68.848,-0.002439,5.1e-05,-0.017932,0.01634,31,738.79,27,29,62.3
META,2026-09-29,2026-10-30,440.0,P,0.07,0.21,0.14,66.1136,-0.002524,5.5e-05,-0.017752,0.016854,31,738.79,5,7,62.3
META,2026-09-29,2026-10-30,450.0,P,0.09,0.23,0.16,64.3558,-0.00293,6.5e-05,-0.01976,0.019283,31,738.79,5,19,62.3
META,2026-09-29,2026-10-30,455.0,P,0.09,0.24,0.165,63.2816,-0.003079,6.9e-05,-0.020315,0.020166,31,738.79,2,2,62.3
META,2026-09-29,2026-10-30,460.0,P,0.1,0.25,0.175,62.4027,-0.003312,7.4e-05,-0.021387,0.021536,31,738.79,2,22,62.3
META,2026-09-29,2026-10-30,465.0,P,0.11,0.27,0.19,61.6215,-0.003604,8.1e-05,-0.022776,0.023232,31,738.79,16,17,62.3
META,2026-09-29,2026-10-30,470.0,P,0.12,0.28,0.2,60.6449,-0.003827,8.7e-05,-0.023648,0.024517,31,738.79,7,247,62.3
META,2026-09-29,2026-10-30,475.0,P,0.13,0.3,0.215,59.8637,-0.00416,9.5e-05,-0.025146,0.026418,31,738.79,14,15,62.3
META,2026-09-29,2026-10-30,480.0,P,0.15,0.32,0.235,59.1801,-0.004573,0.000105,-0.027043,0.028748,31,738.79,12,18,62.3
META,2026-09-29,2026-10-30,485.0,P,0.17,0.34,0.255,58.4477,-0.004994,0.000115,-0.028883,0.031099,31,738.79,1,4,62.3
META,2026-09-29,2026-10-30,490.0,P,0.18,0.36,0.27,57.5688,-0.005357,0.000124,-0.030273,0.033105,31,738.79,1,25,62.3
META,2026-09-29,2026-10-30,495.0,P,0.21,0.39,0.3,56.9829,-0.005947,0.000138,-0.032866,0.036323,31,738.79,1,24,62.3
META,2026-09-29,2026-10-30,500.0,P,0.25,0.41,0.33,56.3481,-0.006559,0.000152,-0.035433,0.039614,31,738.79,2,173,62.3
META,2026-09-29,2026-10-30,505.0,P,0.26,0.46,0.36,55.6889,-0.00721,0.000167,-0.038053,0.043063,31,738.79,1,24,62.3
META,2026-09-29,2026-10-30,510.0,P,0.3,0.51,0.405,55.2251,-0.008094,0.000186,-0.04177,0.047684,31,738.79,2,20,62.3
META,2026-09-29,2026-10-30,515.0,P,0.33,0.55,0.44,54.5415,-0.008861,0.000204,-0.044643,0.051624,31,738.79,3,46,62.3
META,2026-09-29,2026-10-30,520.0,P,0.38,0.61,0.495,54.102,-0.009954,0.000228,-0.049007,0.057153,31,738.79,10,120,62.3
META,2026-09-29,2026-10-30,525.0,P,0.42,0.67,0.545,53.5161,-0.010996,0.000251,-0.05285,0.062335,31,738.79,5,348,62.3
META,2026-09-29,2026-10-30,530.0,P,0.48,0.74,0.61,53.0522,-0.012293,0.000279,-0.057689,0.068668,31,738.79,8,36,62.3
META,2026-09-29,2026-10-30,535.0,P,0.54,0.82,0.68,52.5884,-0.013725,0.00031,-0.062874,0.075533,31,738.79,24,381,62.3
META,2026-09-29,2026-10-30,540.0,P,0.62,0.9,0.76,52.1245,-0.015306,0.000343,-0.068418,0.082963,31,738.79,6,156,62.3
META,2026-09-29,2026-10-30,545.0,P,0.75,0.95,0.85,51.6851,-0.017088,0.000381,-0.074518,0.091173,31,738.79,11,95,62.3
META,2026-09-29,2026-10-30,550.0,P,0.86,1.03,0.945,51.2212,-0.01901,0.000421,-0.080835,0.099848,31,738.79,12,304,62.3
META,2026-09-29,2026-10-30,555.0,P,0.96,1.17,1.065,50.855,-0.021309,0.000467,-0.088369,0.109996,31,738.79,33,56,62.3
META,2026-09-29,2026-10-30,560.0,P,1.08,1.29,1.185,50.4155,-0.023696,0.000515,-0.095759,0.120299,31,738.79,6,304,62.3
META,2026-09-29,2026-10-30,565.0,P,1.21,1.44,1.325,50.0127,-0.026398,0.000568,-0.103936,0.131698,31,738.79,2,73,62.3
META,2026-09-29,2026-10-30,570.0,P,1.37,1.59,1.48,50.2813,-0.030958,0.000645,-0.119241,0.150362,31,738.79,8,134,62.3
META,2026-09-29,2026-10-30,575.0,P,1.53,1.77,1.65,49.8845,-0.03434,0.000708,-0.128785,0.163788,31,738.79,6,89,62.3
META,2026-09-29,2026-10-30,580.0,P,1.74,1.96,1.85,49.4451,-0.037922,0.000775,-0.138367,0.177651,31,738.79,3,237,62.3
META,2026-09-29,2026-10-30,585.0,P,1.93,2.18,2.055,49.0606,-0.041987,0.000849,-0.149038,0.192979,31,738.79,11,209,62.3
META,2026-09-29,2026-10-30,590.0,P,2.17,2.44,2.305,48.7554,-0.046664,0.00093,-0.161158,0.210123,31,738.79,5,297,62.3
META,2026-09-29,2026-10-30,595.0,P,2.45,2.71,2.58,48.3831,-0.051543,0.001014,-0.173025,0.227495,31,738.79,3,138,62.3
META,2026-09-29,2026-10-30,600.0,P,2.78,2.98,2.88,47.9131,-0.05651,0.001102,-0.184149,0.244685,31,738.79,67,991,62.3
META,2026-09-29,2026-10-30,605.0,P,3.1,3.4,3.25,47.8826,-0.063479,0.001207,-0.201431,0.268016,31,738.79,11,184,62.3
META,2026-09-29,2026-10-30,610.0,P,3.4,3.75,3.575,47.4859,-0.06966,0.001308,-0.214482,0.288006,31,738.79,24,252,62.3
META,2026-09-29,2026-10-30,615.0,P,3.8,4.2,4.0,47.2845,-0.077108,0.00142,-0.230636,0.311277,31,738.79,13,144,62.3
META,2026-09-29,2026-10-30,620.0,P,4.3,4.6,4.45,46.8298,-0.084107,0.001531,-0.243683,0.33239,31,738.79,31,482,62.3
META,2026-09-29,2026-10-30,625.0,P,4.85,5.15,5.0,46.6741,-0.092908,0.001654,-0.261329,0.357975,31,738.79,183,288,62.3
META,2026-09-29,2026-10-30,630.0,P,5.4,5.7,5.55,46.3964,-0.101823,0.00178,-0.277562,0.382866,31,738.79,48,497,62.3
META,2026-09-29,2026-10-30,635.0,P,6.0,6.35,6.175,46.2347,-0.11189,0.001912,-0.295768,0.409821,31,738.79,44,285,62.3
META,2026-09-29,2026-10-30,640.0,P,6.7,7.05,6.875,46.0577,-0.122564,0.002047,-0.313949,0.437149,31,738.79,52,383,62.3
META,2026-09-29,2026-10-30,645.0,P,7.4,7.9,7.65,46.0638,-0.134762,0.002187,-0.335005,0.466903,31,738.79,67,237,62.3
META,2026-09-29,2026-10-30,650.0,P,8.25,8.65,8.45,45.7342,-0.146121,0.002327,-0.350967,0.493278,31,738.79,139,1131,62.3
META,2026-09-29,2026-10-30,655.0,P,9.15,9.55,9.35,45.5724,-0.15895,0.002469,-0.369355,0.52161,31,738.79,47,623,62.3
META,2026-09-29,2026-10-30,660.0,P,10.1,10.55,10.325,45.4626,-0.172718,0.002612,-0.388297,0.55039,31,738.79,69,769,62.3
META,2026-09-29,2026-10-30,665.0,P,11.15,11.6,11.375,45.3069,-0.186972,0.002754,-0.406178,0.578506,31,738.79,37,939,62.3
META,2026-09-29,2026-10-30,670.0,P,12.3,12.75,12.525,45.1849,-0.202065,0.002896,-0.424076,0.606499,31,738.79,115,1843,62.3
META,2026-09-29,2026-10-30,675.0,P,13.45,13.95,13.7,45.017,-0.217631,0.003036,-0.440667,0.633548,31,738.79,28,234,62.3
META,2026-09-29,2026-10-30,680.0,P,14.8,15.3,15.05,44.9438,-0.234247,0.00317,-0.45792,0.660464,31,738.79,118,6552,62.3
META,2026-09-29,2026-10-30,685.0,P,16.2,16.75,16.475,44.8858,-0.251527,0.003299,-0.474503,0.6864,31,738.79,38,134,62.3
META,2026-09-29,2026-10-30,690.0,P,17.7,18.3,18.0,44.8339,-0.269391,0.003421,-0.490151,0.711094,31,738.79,171,178,62.3
META,2026-09-29,2026-10-30,695.0,P,19.35,20.0,19.675,44.8553,-0.288016,0.003533,-0.505705,0.734624,31,738.79,62,206,62.3
META,2026-09-29,2026-10-30,700.0,P,21.05,21.65,21.35,44.6829,-0.3065,0.003649,-0.517234,0.75581,31,738.79,195,785,62.3
META,2026-09-29,2026-10-30,705.0,P,22.85,23.55,23.2,44.7058,-0.326004,0.003744,-0.530186,0.775894,31,738.79,1549,1658,62.3
META,2026-09-29,2026-10-30,710.0,P,24.8,25.45,25.125,44.5989,-0.345548,0.003839,-0.539873,0.793739,31,738.79,68,215,62.3
META,2026-09-29,2026-10-30,715.0,P,26.8,27.55,27.175,44.6142,-0.365685,0.003916,-0.549737,0.809791,31,738.79,403,125,62.3
META,2026-09-29,2026-10-30,720.0,P,29.0,29.7,29.35,44.5654,-0.385953,0.003987,-0.557128,0.823604,31,738.79,100,291,62.3
META,2026-09-29,2026-10-30,725.0,P,31.25,32.0,31.625,44.5715,-0.40649,0.004042,-0.563636,0.83524,31,738.79,84,144,62.3
META,2026-09-29,2026-10-30,730.0,P,33.6,34.5,34.05,44.6905,-0.427192,0.004077,-0.570012,0.844601,31,738.79,41,283,62.3
META,2026-09-29,2026-10-30,735.0,P,36.05,36.9,36.475,44.5715,-0.44784,0.004122,-0.571458,0.851593,31,738.79,6,130,62.3
META,2026-09-29,2026-10-30,740.0,P,38.6,39.5,39.05,44.5654,-0.468548,0.004145,-0.572753,0.856274,31,738.79,13,118,62.3
META,2026-09-29,2026-10-30,745.0,P,41.25,42.15,41.7,44.5013,-0.48926,0.004162,-0.571569,0.858634,31,738.79,3,137,62.3
META,2026-09-29,2026-10-30,750.0,P,44.05,44.9,44.475,44.4341,-0.509927,0.004169,-0.568672,0.858679,31,738.79,23,216,62.3
META,2026-09-29,2026-10-30,755.0,P,46.95,48.1,47.525,44.7729,-0.529749,0.004127,-0.56985,0.856556,31,738.79,1,38,62.3
META,2026-09-29,2026-10-30,760.0,P,49.9,51.1,50.5,44.7698,-0.549834,0.004106,-0.564707,0.852235,31,738.79,21,92,62.3
META,2026-09-29,2026-10-30,765.0,P,52.95,54.05,53.5,44.5959,-0.570125,0.004091,-0.555581,0.845641,31,738.79,13,74,62.3
META,2026-09-29,2026-10-30,770.0,P,56.15,57.15,56.65,44.486,-0.59006,0.004059,-0.545877,0.836964,31,738.79,1,66,62.3
META,2026-09-29,2026-10-30,775.0,P,59.4,60.5,59.95,44.5638,-0.609077,0.004001,-0.537572,0.826636,31,738.79,2,20,62.3
META,2026-09-29,2026-10-30,780.0,P,62.7,64.1,63.4,44.84,-0.626886,0.003921,-0.531069,0.815125,31,738.79,1,24,62.3
META,2026-09-29,2026-10-30,785.0,P,66.1,67.6,66.85,44.8934,-0.645022,0.003852,-0.520063,0.801548,31,738.79,1,1,62.3
META,2026-09-29,2026-10-30,790.0,P,69.45,71.1,70.275,44.8461,-0.663132,0.003781,-0.506397,0.786092,31,738.79,15,21,62.3
META,2026-09-29,2026-10-30,795.0,P,72.9,74.4,73.65,44.4311,-0.682571,0.003726,-0.485741,0.767348,31,738.79,5,5,62.3
META,2026-09-29,2026-10-30,800.0,P,76.7,78.3,77.5,44.689,-0.698311,0.003623,-0.475063,0.750499,31,738.79,33,397,62.3
META,2026-09-29,2026-10-30,810.0,P,83.8,86.1,84.95,44.9331,-0.729362,0.003422,-0.447238,0.712739,31,738.79,5,7,62.3
META,2026-09-29,2026-10-30,820.0,P,91.4,95.05,93.225,46.4849,-0.750675,0.003171,-0.440195,0.683208,31,738.79,1,2,62.3
META,2026-09-29,2026-10-30,830.0,P,99.3,103.45,101.375,46.9793,-0.775355,0.002962,-0.413847,0.645152,31,738.79,1,2,62.3
META,2026-09-29,2026-10-30,835.0,P,103.35,107.5,105.425,46.8725,-0.788897,0.002865,-0.393992,0.622424,31,738.79,5,6,62.3
META,2026-09-29,2026-10-30,840.0,P,107.45,111.25,109.35,46.1675,-0.805463,0.00277,-0.363047,0.592759,31,738.79,3,2,62.3
META,2026-09-29,2026-10-30,850.0,P,115.85,120.25,118.05,47.0098,-0.823767,0.002558,-0.341848,0.557479,31,738.79,3,1,62.3
META,2026-09-29,2026-10-30,860.0,P,124.45,129.9,127.175,48.8347,-0.834483,0.002366,-0.339029,0.535543,31,738.79,2,2,62.3
META,2026-09-29,2026-10-30,880.0,P,142.2,148.35,145.275,50.4277,-0.862845,0.002022,-0.297188,0.472564,31,738.79,0,1,62.3
META,2026-09-29,2026-10-30,900.0,P,160.45,167.1,163.775,51.9292,-0.886046,0.001725,-0.256602,0.415205,31,738.79,1,21,62.3
META,2026-09-29,2026-10-30,1070.0,P,327.45,334.9,331.175,74.2739,-0.943746,0.000708,-0.177555,0.24381,31,738.79,2,0,62.3
META,2026-09-29,2026-10-30,1150.0,P,407.45,414.4,410.925,82.9469,-0.955001,0.000531,-0.14876,0.204079,31,738.79,3,0,62.3
META,2026-09-29,2026-10-30,1210.0,P,467.4,474.95,471.175,92.92,-0.952909,0.000491,-0.18641,0.211664,31,738.79,18,0,62.3
META,2026-09-29,2026-10-30,1220.0,P,477.4,484.9,481.15,93.8904,-0.953881,0.000478,-0.18322,0.208152,31,738.79,9,0,62.3
META,2026-09-29,2026-10-30,1480.0,P,737.4,744.4,740.9,118.2499,-0.966657,0.000292,-0.143055,0.159864,31,738.79,0,0,62.3
META,2026-09-29,2026-11-06,360.0,C,377.3,384.5,380.9,115.5522,0.983247,0.000151,-0.189237,0.09925,38,738.79,1,1,62.3
META,2026-09-29,2026-11-06,550.0,C,189.7,196.6,193.15,62.653,0.943147,0.000765,-0.280276,0.272199,38,738.79,2,2,62.3
META,2026-09-29,2026-11-06,595.0,C,147.65,153.7,150.675,55.6279,0.906459,0.00126,-0.349149,0.398331,38,738.79,2,7,62.3
META,2026-09-29,2026-11-06,600.0,C,142.65,149.05,145.85,54.4316,0.902633,0.001326,-0.351643,0.410257,38,738.79,21,21,62.3
META,2026-09-29,2026-11-06,620.0,C,125.55,130.9,128.225,52.8142,0.872586,0.001657,-0.402896,0.497297,38,738.79,4,4,62.3
META,2026-09-29,2026-11-06,630.0,C,117.1,122.1,119.6,51.92,0.855403,0.001838,-0.427342,0.542301,38,738.79,1,1,62.3
META,2026-09-29,2026-11-06,635.0,C,111.6,117.75,114.675,50.327,0.850722,0.001937,-0.423893,0.554013,38,738.79,2,5,62.3
META,2026-09-29,2026-11-06,645.0,C,104.65,109.3,106.975,50.5651,0.826298,0.002128,-0.462787,0.61158,38,738.79,2,4,62.3
META,2026-09-29,2026-11-06,650.0,C,99.55,105.15,102.35,53.4978,0.803058,0.002175,-0.519615,0.661193,38,738.79,2,7,62.3
META,2026-09-29,2026-11-06,660.0,C,93.0,97.1,95.05,52.4236,0.781215,0.002362,-0.538612,0.70358,38,738.79,1,3,62.3
META,2026-09-29,2026-11-06,665.0,C,89.4,92.9,91.15,51.5508,0.770724,0.002467,-0.543009,0.722553,38,738.79,8,2,62.3
META,2026-09-29,2026-11-06,685.0,C,74.45,78.25,76.35,50.15,0.717094,0.00283,-0.582283,0.806443,38,738.79,3,1,62.3
META,2026-09-29,2026-11-06,700.0,C,65.75,67.75,66.75,48.8408,0.672883,0.0031,-0.600503,0.860232,38,738.79,37,49,62.3
META,2026-09-29,2026-11-06,705.0,C,62.9,64.8,63.85,48.8576,0.656393,0.003159,-0.610415,0.876946,38,738.79,6,15,62.3
META,2026-09-29,2026-11-06,710.0,C,59.65,61.4,60.525,48.287,0.640646,0.003248,-0.612012,0.891261,38,738.79,25,14,62.3
META,2026-09-29,2026-11-06,720.0,C,54.3,55.5,54.9,47.8704,0.606966,0.00337,-0.620983,0.916599,38,738.79,72,47,62.3
META,2026-09-29,2026-11-06,725.0,C,51.6,52.7,52.15,47.6888,0.589746,0.00342,-0.624109,0.926825,38,738.79,65,39,62.3
META,2026-09-29,2026-11-06,730.0,C,49.0,50.1,49.55,47.6278,0.572312,0.003456,-0.627553,0.935326,38,738.79,53,43,62.3
META,2026-09-29,2026-11-06,735.0,C,46.5,47.6,47.05,47.5805,0.554812,0.003484,-0.629993,0.942001,38,738.79,18,26,62.3
META,2026-09-29,2026-11-06,740.0,C,44.1,45.2,44.65,47.5469,0.537297,0.003504,-0.631431,0.946832,38,738.79,9,42,62.3
META,2026-09-29,2026-11-06,745.0,C,41.9,42.85,42.375,47.4752,0.51977,0.003521,-0.631231,0.949823,38,738.79,15,18,62.3
META,2026-09-29,2026-11-06,750.0,C,39.75,40.65,40.2,47.4706,0.502352,0.003525,-0.63071,0.950975,38,738.79,83,475,62.3
META,2026-09-29,2026-11-06,755.0,C,37.55,38.4,37.975,47.3272,0.484819,0.003534,-0.627309,0.950302,38,738.79,4,12,62.3
META,2026-09-29,2026-11-06,760.0,C,35.45,36.45,35.95,47.4081,0.467765,0.003519,-0.625631,0.947885,38,738.79,23,24,62.3
META,2026-09-29,2026-11-06,765.0,C,33.55,34.5,34.025,47.4035,0.450743,0.003504,-0.621806,0.943733,38,738.79,8,34,62.3
META,2026-09-29,2026-11-06,770.0,C,31.7,32.6,32.15,47.3684,0.433837,0.003484,-0.616548,0.937883,38,738.79,8,18,62.3
META,2026-09-29,2026-11-06,775.0,C,29.95,30.8,30.375,47.3547,0.417198,0.003458,-0.610573,0.930433,38,738.79,14,65,62.3
META,2026-09-29,2026-11-06,780.0,C,28.3,29.1,28.7,47.3638,0.400877,0.003424,-0.603958,0.921484,38,738.79,74,47,62.3
META,2026-09-29,2026-11-06,785.0,C,26.7,27.5,27.1,47.402,0.384941,0.003383,-0.596853,0.911159,38,738.79,4,55,62.3
META,2026-09-29,2026-11-06,790.0,C,25.15,25.95,25.55,47.4157,0.369227,0.003338,-0.588582,0.899429,38,738.79,2,10,62.3
META,2026-09-29,2026-11-06,795.0,C,23.75,24.45,24.1,47.4035,0.353728,0.00329,-0.579163,0.88633,38,738.79,7,28,62.3
META,2026-09-29,2026-11-06,800.0,C,22.3,22.95,22.625,47.3119,0.338205,0.003242,-0.56786,0.871666,38,738.79,90,235,62.3
META,2026-09-29,2026-11-06,805.0,C,21.0,21.8,21.4,47.5469,0.324497,0.003173,-0.560641,0.857412,38,738.79,23,11,62.3
META,2026-09-29,2026-11-06,810.0,C,19.75,20.5,20.125,47.5347,0.310057,0.003114,-0.549229,0.84105,38,738.79,16,17,62.3
META,2026-09-29,2026-11-06,815.0,C,18.6,19.3,18.95,47.5652,0.296197,0.003049,-0.537905,0.82402,38,738.79,5,16,62.3
META,2026-09-29,2026-11-06,820.0,C,17.45,18.15,17.8,47.5835,0.282666,0.002981,-0.525911,0.806115,38,738.79,87,78,62.3
META,2026-09-29,2026-11-06,825.0,C,16.4,17.1,16.75,47.6568,0.269821,0.00291,-0.514344,0.787925,38,738.79,10,8,62.3
META,2026-09-29,2026-11-06,830.0,C,15.5,16.1,15.8,47.7224,0.257349,0.002836,-0.502307,0.769124,38,738.79,37,40,62.3
META,2026-09-29,2026-11-06,840.0,C,13.6,14.2,13.9,47.7804,0.233232,0.002687,-0.476203,0.729482,38,738.79,1,5,62.3
META,2026-09-29,2026-11-06,850.0,C,12.05,12.55,12.3,47.9131,0.211175,0.002532,-0.450494,0.689262,38,738.79,60,26,62.3
META,2026-09-29,2026-11-06,870.0,C,9.25,9.8,9.525,48.2427,0.172274,0.002219,-0.399249,0.608372,38,738.79,13,17,62.3
META,2026-09-29,2026-11-06,880.0,C,8.2,8.65,8.425,48.4167,0.155192,0.002066,-0.373959,0.56849,38,738.79,8,9,62.3
META,2026-09-29,2026-11-06,900.0,C,6.35,6.7,6.525,48.7157,0.125031,0.001773,-0.324134,0.490795,38,738.79,16,13,62.3
META,2026-09-29,2026-11-06,940.0,C,3.8,4.05,3.925,49.5122,0.080556,0.001266,-0.238263,0.356247,38,738.79,6,2,62.3
META,2026-09-29,2026-11-06,950.0,C,3.35,3.6,3.475,49.8052,0.072419,0.001161,-0.220851,0.328525,38,738.79,42,17,62.3
META,2026-09-29,2026-11-06,960.0,C,2.9,3.2,3.05,50.0921,0.065074,0.001063,-0.204389,0.302516,38,738.79,2,1,62.3
META,2026-09-29,2026-11-06,990.0,C,1.99,2.23,2.11,50.324,0.045009,0.00079,-0.153108,0.225986,38,738.79,1,3,62.3
META,2026-09-29,2026-11-06,1000.0,C,1.81,1.97,1.89,50.6719,0.040578,0.000722,-0.141695,0.207826,38,738.79,124,9,62.3
META,2026-09-29,2026-11-06,400.0,P,0.08,0.19,0.135,69.7269,-0.002129,4e-05,-0.014487,0.015994,38,738.79,12,6,62.3
META,2026-09-29,2026-11-06,500.0,P,0.42,0.59,0.505,54.0044,-0.009339,0.000195,-0.041711,0.059847,38,738.79,1,3,62.3
META,2026-09-29,2026-11-06,505.0,P,0.45,0.66,0.555,53.4673,-0.010276,0.000214,-0.044874,0.065062,38,738.79,4,5,62.3
META,2026-09-29,2026-11-06,540.0,P,1.06,1.25,1.155,50.5132,-0.021148,0.000422,-0.078576,0.121006,38,738.79,2,17,62.3
META,2026-09-29,2026-11-06,545.0,P,1.18,1.37,1.275,50.0859,-0.023323,0.000462,-0.084571,0.131426,38,738.79,11,11,62.3
META,2026-09-29,2026-11-06,560.0,P,1.64,1.86,1.75,49.5977,-0.033043,0.000623,-0.111749,0.17568,38,738.79,8,11,62.3
META,2026-09-29,2026-11-06,565.0,P,1.82,2.05,1.935,49.1948,-0.03628,0.000679,-0.119607,0.189698,38,738.79,2,12,62.3
META,2026-09-29,2026-11-06,580.0,P,2.52,2.75,2.635,48.0962,-0.048039,0.000871,-0.146468,0.238117,38,738.79,1,14,62.3
META,2026-09-29,2026-11-06,585.0,P,2.8,3.05,2.925,47.8155,-0.052896,0.000946,-0.157109,0.257111,38,738.79,3,4,62.3
META,2026-09-29,2026-11-06,595.0,P,3.45,3.7,3.575,47.1441,-0.063402,0.001107,-0.178314,0.296457,38,738.79,21,1906,62.3
META,2026-09-29,2026-11-06,600.0,P,3.85,4.1,3.975,46.8999,-0.069612,0.001196,-0.190536,0.318698,38,738.79,31,45,62.3
META,2026-09-29,2026-11-06,605.0,P,4.25,4.6,4.425,46.8328,-0.076981,0.001293,-0.205314,0.344204,38,738.79,6,22,62.3
META,2026-09-29,2026-11-06,610.0,P,4.7,5.0,4.85,46.3934,-0.083368,0.001387,-0.215804,0.365578,38,738.79,20,36,62.3
META,2026-09-29,2026-11-06,615.0,P,5.25,5.55,5.4,46.2408,-0.091409,0.00149,-0.230181,0.391594,38,738.79,35,16,62.3
META,2026-09-29,2026-11-06,620.0,P,5.8,6.1,5.95,45.9783,-0.099519,0.001596,-0.243401,0.416877,38,738.79,5,83,62.3
META,2026-09-29,2026-11-06,630.0,P,7.1,7.5,7.3,45.7861,-0.118848,0.00182,-0.274795,0.473618,38,738.79,37,39,62.3
META,2026-09-29,2026-11-06,635.0,P,7.85,8.25,8.05,45.6182,-0.129057,0.001936,-0.289711,0.50174,38,738.79,38,16,62.3
META,2026-09-29,2026-11-06,640.0,P,8.65,9.0,8.825,45.3497,-0.139385,0.002053,-0.303269,0.528988,38,738.79,57,233,62.3
META,2026-09-29,2026-11-06,645.0,P,9.5,9.9,9.7,45.2429,-0.151038,0.002172,-0.318958,0.558359,38,738.79,10,37,62.3
META,2026-09-29,2026-11-06,650.0,P,10.45,10.8,10.625,45.0262,-0.162778,0.002292,-0.333008,0.586551,38,738.79,11,300,62.3
META,2026-09-29,2026-11-06,655.0,P,11.45,11.85,11.65,44.9438,-0.175721,0.002412,-0.348662,0.616083,38,738.79,31,16,62.3
META,2026-09-29,2026-11-06,660.0,P,12.5,12.95,12.725,44.8278,-0.189089,0.002532,-0.363542,0.644966,38,738.79,18,35,62.3
META,2026-09-29,2026-11-06,665.0,P,13.7,14.15,13.925,44.7485,-0.203187,0.00265,-0.378512,0.673718,38,738.79,15,13,62.3
META,2026-09-29,2026-11-06,670.0,P,14.95,15.4,15.175,44.6295,-0.217665,0.002766,-0.392449,0.701501,38,738.79,6,40,62.3
META,2026-09-29,2026-11-06,675.0,P,16.2,16.7,16.45,44.4708,-0.232524,0.002882,-0.405276,0.728251,38,738.79,29,33,62.3
META,2026-09-29,2026-11-06,680.0,P,17.65,18.15,17.9,44.4036,-0.248272,0.002991,-0.418649,0.754721,38,738.79,36,77,62.3
META,2026-09-29,2026-11-06,685.0,P,19.15,19.7,19.425,44.3548,-0.264564,0.003095,-0.431493,0.780139,38,738.79,10,16,62.3
META,2026-09-29,2026-11-06,690.0,P,20.75,21.35,21.05,44.3212,-0.281345,0.003194,-0.443682,0.804299,38,738.79,11,49,62.3
META,2026-09-29,2026-11-06,695.0,P,22.45,23.05,22.75,44.2373,-0.298371,0.003289,-0.454295,0.826777,38,738.79,8,45,62.3
META,2026-09-29,2026-11-06,700.0,P,24.15,24.85,24.5,44.1656,-0.315821,0.003378,-0.464074,0.847749,38,738.79,35,94,62.3
META,2026-09-29,2026-11-06,705.0,P,26.15,26.85,26.5,44.2175,-0.333913,0.003452,-0.474346,0.867336,38,738.79,2,16,62.3
META,2026-09-29,2026-11-06,710.0,P,28.1,28.75,28.425,44.0512,-0.351789,0.003534,-0.48077,0.884583,38,738.79,13,39,62.3
META,2026-09-29,2026-11-06,715.0,P,30.2,30.9,30.55,44.0588,-0.370288,0.003596,-0.4882,0.900269,38,738.79,35,53,62.3
META,2026-09-29,2026-11-06,720.0,P,32.4,33.25,32.825,44.1778,-0.389089,0.003641,-0.49579,0.913998,38,738.79,14,14,62.3
META,2026-09-29,2026-11-06,725.0,P,34.6,35.4,35.0,43.9794,-0.407665,0.003703,-0.498245,0.925404,38,738.79,28,6,62.3
META,2026-09-29,2026-11-06,730.0,P,37.0,37.75,37.375,43.897,-0.426535,0.003748,-0.500874,0.93482,38,738.79,39,43,62.3
META,2026-09-29,2026-11-06,735.0,P,39.45,40.4,39.925,44.0283,-0.445506,0.003766,-0.50486,0.942105,38,738.79,28,22,62.3
META,2026-09-29,2026-11-06,740.0,P,42.05,42.85,42.45,43.8513,-0.464505,0.003801,-0.503792,0.947225,38,738.79,1,24,62.3
META,2026-09-29,2026-11-06,745.0,P,44.7,45.65,45.175,43.9428,-0.483367,0.003805,-0.504777,0.950164,38,738.79,2,19,62.3
META,2026-09-29,2026-11-06,750.0,P,47.5,48.45,47.975,43.9382,-0.502189,0.003809,-0.503337,0.950977,38,738.79,24,64,62.3
META,2026-09-29,2026-11-06,755.0,P,50.4,51.5,50.95,44.0985,-0.520596,0.00379,-0.502768,0.949723,38,738.79,2,4,62.3
META,2026-09-29,2026-11-06,760.0,P,53.35,54.45,53.9,44.0634,-0.539125,0.00378,-0.498565,0.946414,38,738.79,8,77,62.3
META,2026-09-29,2026-11-06,765.0,P,56.35,57.55,56.95,44.0924,-0.557314,0.003756,-0.494043,0.94116,38,738.79,9,13,62.3
META,2026-09-29,2026-11-06,770.0,P,59.5,60.65,60.075,44.0283,-0.575517,0.003733,-0.487209,0.933902,38,738.79,30,32,62.3
META,2026-09-29,2026-11-06,775.0,P,62.7,63.9,63.3,44.0359,-0.593258,0.003696,-0.480265,0.924888,38,738.79,2,6,62.3
META,2026-09-29,2026-11-06,780.0,P,66.0,67.25,66.625,44.0618,-0.610624,0.003651,-0.472584,0.914191,38,738.79,8,8,62.3
META,2026-09-29,2026-11-06,785.0,P,69.35,70.65,70.0,44.0557,-0.627771,0.003602,-0.463539,0.90179,38,738.79,6,6,62.3
META,2026-09-29,2026-11-06,790.0,P,72.8,74.15,73.475,44.074,-0.644461,0.003545,-0.453968,0.88794,38,738.79,1,1,62.3
META,2026-09-29,2026-11-06,795.0,P,76.2,77.9,77.05,44.2907,-0.659847,0.003471,-0.446461,0.873592,38,738.79,6,6,62.3
META,2026-09-29,2026-11-06,800.0,P,79.7,81.15,80.425,43.8482,-0.677943,0.00343,-0.428656,0.854746,38,738.79,2,2,62.3
META,2026-09-29,2026-11-06,805.0,P,83.25,85.5,84.375,44.6111,-0.689664,0.003319,-0.427948,0.841379,38,738.79,9,10,62.3
META,2026-09-29,2026-11-06,810.0,P,86.85,88.7,87.775,43.9276,-0.708329,0.003278,-0.40508,0.818173,38,738.79,1,1,62.3
META,2026-09-29,2026-11-06,825.0,P,98.15,101.5,99.825,45.3466,-0.742878,0.002983,-0.386629,0.768771,38,738.79,16,16,62.3
META,2026-09-29,2026-11-06,870.0,P,135.25,140.45,137.85,47.3302,-0.833081,0.002217,-0.287485,0.596172,38,738.79,1,1,62.3
META,2026-09-29,2026-11-20,25.0,C,557.25,564.4,560.825,0.001,1.0,0.0,-0.002768,0.0,52,738.79,1,14,62.3
META,2026-09-29,2026-11-20,30.0,C,705.6,712.9,709.25,351.172,0.998979,4e-06,-0.035491,0.009566,52,738.79,12,0,62.3
META,2026-09-29,2026-11-20,35.0,C,701.05,707.95,704.5,351.9532,0.998483,5e-06,-0.050204,0.013748,52,738.79,3,7,62.3
META,2026-09-29,2026-11-20,45.0,C,690.7,698.0,694.35,310.1565,0.998562,5e-06,-0.043858,0.013094,52,738.79,3,12,62.3
META,2026-09-29,2026-11-20,50.0,C,686.25,693.05,689.65,314.9416,0.997913,8e-06,-0.060932,0.018379,52,738.79,6,10,62.3
META,2026-09-29,2026-11-20,250.0,C,309.05,315.8,312.425,0.001,1.0,0.0,-0.027682,0.0,52,738.79,1,85,62.3
META,2026-09-29,2026-11-20,260.0,C,477.25,484.4,480.825,138.5989,0.988364,7.9e-05,-0.140639,0.084802,52,738.79,4,4,62.3
META,2026-09-29,2026-11-20,270.0,C,467.25,474.5,470.875,134.4608,0.987729,8.5e-05,-0.143483,0.0888,52,738.79,1,1,62.3
META,2026-09-29,2026-11-20,280.0,C,457.75,464.55,461.15,132.6419,0.98609,9.6e-05,-0.155837,0.098963,52,738.79,0,1,62.3
META,2026-09-29,2026-11-20,290.0,C,317.65,325.2,321.425,0.001,1.0,0.0,-0.032111,0.0,52,738.79,1,2,62.3
META,2026-09-29,2026-11-20,300.0,C,437.05,444.7,440.875,121.4237,0.986385,0.000103,-0.14531,0.097147,52,738.79,2,17,62.3
META,2026-09-29,2026-11-20,310.0,C,427.5,434.75,431.125,119.6049,0.9847,0.000115,-0.15636,0.107413,52,738.79,3,3,62.3
META,2026-09-29,2026-11-20,320.0,C,417.8,424.85,421.325,117.2612,0.983198,0.000128,-0.165025,0.116391,52,738.79,1,5,62.3
META,2026-09-29,2026-11-20,330.0,C,407.65,414.9,411.275,112.9643,0.982867,0.000135,-0.163431,0.118351,52,738.79,4,22,62.3
META,2026-09-29,2026-11-20,340.0,C,397.8,405.0,401.4,110.1323,0.981633,0.000147,-0.16886,0.125583,52,738.79,6,6,62.3
META,2026-09-29,2026-11-20,350.0,C,387.8,395.05,391.425,106.6167,0.98087,0.000157,-0.170194,0.130009,52,738.79,1,17,62.3
META,2026-09-29,2026-11-20,360.0,C,378.2,385.15,381.675,104.7124,0.978884,0.000174,-0.180174,0.141374,52,738.79,12,15,62.3
META,2026-09-29,2026-11-20,370.0,C,246.6,253.6,250.1,0.001,1.0,0.0,-0.040969,0.0,52,738.79,1,3,62.3
META,2026-09-29,2026-11-20,380.0,C,358.5,365.3,361.9,99.0723,0.976169,0.000203,-0.188935,0.156552,52,738.79,1,16,62.3
META,2026-09-29,2026-11-20,390.0,C,348.2,355.35,351.775,94.9219,0.976061,0.000213,-0.184343,0.157148,52,738.79,1,38,62.3
META,2026-09-29,2026-11-20,400.0,C,338.35,345.45,341.9,92.3341,0.974493,0.000231,-0.189028,0.165743,52,738.79,1,50,62.3
META,2026-09-29,2026-11-20,415.0,C,323.65,330.55,327.1,88.5438,0.971941,0.000261,-0.196113,0.179478,52,738.79,1,16,62.3
META,2026-09-29,2026-11-20,425.0,C,313.4,320.65,317.025,84.9977,0.97141,0.000276,-0.193373,0.182302,52,738.79,1,41,62.3
META,2026-09-29,2026-11-20,430.0,C,308.8,315.7,312.25,84.5522,0.969508,0.000293,-0.201103,0.192311,52,738.79,1,9,62.3
META,2026-09-29,2026-11-20,435.0,C,303.55,310.75,307.15,82.5197,0.969595,0.000299,-0.197555,0.191856,52,738.79,5,6,62.3
META,2026-09-29,2026-11-20,440.0,C,298.45,305.8,302.125,80.8718,0.969214,0.000308,-0.196589,0.193848,52,738.79,1,34,62.3
META,2026-09-29,2026-11-20,445.0,C,293.75,300.85,297.3,80.176,0.967525,0.000325,-0.202431,0.202593,52,738.79,3,33,62.3
META,2026-09-29,2026-11-20,450.0,C,288.8,295.9,292.35,78.8882,0.966622,0.000338,-0.203912,0.207227,52,738.79,1,756,62.3
META,2026-09-29,2026-11-20,455.0,C,283.85,290.95,287.4,77.6125,0.965687,0.000351,-0.205398,0.211992,52,738.79,5,31,62.3
META,2026-09-29,2026-11-20,460.0,C,279.05,286.0,282.525,76.6604,0.964235,0.000368,-0.209283,0.219325,52,738.79,1,108,62.3
META,2026-09-29,2026-11-20,465.0,C,273.85,281.1,277.475,74.9697,0.963918,0.000379,-0.207399,0.220917,52,738.79,40,49,62.3
META,2026-09-29,2026-11-20,470.0,C,269.0,276.15,272.575,73.9199,0.962568,0.000396,-0.21039,0.227655,52,738.79,2,54,62.3
META,2026-09-29,2026-11-20,475.0,C,263.85,271.25,267.55,72.3636,0.962045,0.000409,-0.209301,0.230248,52,738.79,1,38,62.3
META,2026-09-29,2026-11-20,480.0,C,259.2,266.3,262.75,71.7044,0.959945,0.000431,-0.215316,0.240566,52,738.79,1,65,62.3
META,2026-09-29,2026-11-20,485.0,C,254.3,261.4,257.85,70.6424,0.958493,0.000451,-0.218076,0.247621,52,738.79,1,36,62.3
META,2026-09-29,2026-11-20,490.0,C,249.6,256.5,253.05,69.9405,0.956306,0.000475,-0.223817,0.258118,52,738.79,1,16,62.3
META,2026-09-29,2026-11-20,495.0,C,244.3,251.6,247.95,68.1522,0.956171,0.000488,-0.220352,0.258759,52,738.79,1,53,62.3
META,2026-09-29,2026-11-20,500.0,C,239.6,246.65,243.125,67.3465,0.954075,0.000513,-0.225133,0.268676,52,738.79,6,335,62.3
META,2026-09-29,2026-11-20,505.0,C,234.75,241.8,238.275,66.4432,0.952096,0.000538,-0.229082,0.277922,52,738.79,5,69,62.3
META,2026-09-29,2026-11-20,510.0,C,229.9,236.9,233.4,65.4422,0.950253,0.000563,-0.232154,0.286437,52,738.79,1,679,62.3
META,2026-09-29,2026-11-20,515.0,C,225.0,232.05,228.525,64.4291,0.948369,0.000589,-0.235081,0.295042,52,738.79,1,69,62.3
META,2026-09-29,2026-11-20,520.0,C,220.1,227.2,223.65,63.4159,0.946416,0.000616,-0.237968,0.303867,52,738.79,1,246,62.3
META,2026-09-29,2026-11-20,525.0,C,215.15,222.35,218.75,62.3173,0.944598,0.000644,-0.240021,0.311993,52,738.79,2,44,62.3
META,2026-09-29,2026-11-20,530.0,C,211.05,217.5,214.275,62.4332,0.93965,0.000687,-0.25349,0.333697,52,738.79,22,962,62.3
META,2026-09-29,2026-11-20,535.0,C,205.55,212.6,209.075,60.4679,0.93986,0.000708,-0.247247,0.332787,52,738.79,9,193,62.3
META,2026-09-29,2026-11-20,540.0,C,201.2,207.85,204.525,60.297,0.935301,0.000751,-0.258145,0.352298,52,738.79,2,799,62.3
META,2026-09-29,2026-11-20,545.0,C,196.7,202.1,199.4,58.5636,0.934864,0.000778,-0.253844,0.354144,52,738.79,11,240,62.3
META,2026-09-29,2026-11-20,550.0,C,192.85,197.2,195.025,58.762,0.928879,0.000829,-0.268566,0.37901,52,738.79,15,1388,62.3
META,2026-09-29,2026-11-20,555.0,C,186.7,193.15,189.925,57.111,0.928076,0.000861,-0.264848,0.382289,52,738.79,10,942,62.3
META,2026-09-29,2026-11-20,560.0,C,181.9,188.75,185.325,56.6685,0.923558,0.000909,-0.273285,0.4005,52,738.79,21,1448,62.3
META,2026-09-29,2026-11-20,565.0,C,177.0,183.65,180.325,55.2678,0.921858,0.000948,-0.271891,0.407248,52,738.79,2,582,62.3
META,2026-09-29,2026-11-20,570.0,C,173.2,179.0,176.1,55.5852,0.914467,0.001009,-0.288344,0.435957,52,738.79,6,1034,62.3
META,2026-09-29,2026-11-20,575.0,C,168.55,174.45,171.5,55.0053,0.909707,0.001061,-0.295539,0.453928,52,738.79,2,763,62.3
META,2026-09-29,2026-11-20,580.0,C,164.65,169.8,167.225,55.0359,0.902623,0.001122,-0.30934,0.479954,52,738.79,2,769,62.3
META,2026-09-29,2026-11-20,585.0,C,160.15,164.65,162.4,53.9281,0.899178,0.001174,-0.31089,0.492314,52,738.79,21,6533,62.3
META,2026-09-29,2026-11-20,590.0,C,154.35,160.7,157.525,52.7196,0.895943,0.001229,-0.311242,0.503751,52,738.79,1,3229,62.3
META,2026-09-29,2026-11-20,595.0,C,150.6,156.15,153.375,52.8172,0.887718,0.001296,-0.325906,0.53211,52,738.79,1,797,62.3
META,2026-09-29,2026-11-20,600.0,C,147.2,150.25,148.725,51.9628,0.882688,0.001359,-0.330057,0.548961,52,738.79,8,4786,62.3
META,2026-09-29,2026-11-20,605.0,C,142.7,146.65,144.675,52.0757,0.873722,0.001428,-0.34497,0.578119,52,738.79,2,1214,62.3
META,2026-09-29,2026-11-20,610.0,C,138.55,142.45,140.5,51.8987,0.865502,0.001496,-0.356641,0.603896,52,738.79,5,1614,62.3
META,2026-09-29,2026-11-20,615.0,C,133.95,137.75,135.85,50.9282,0.859991,0.001567,-0.359294,0.620691,52,738.79,25,1024,62.3
META,2026-09-29,2026-11-20,620.0,C,129.8,133.65,131.725,50.7131,0.851235,0.00164,-0.370383,0.646593,52,738.79,4,764,62.3
META,2026-09-29,2026-11-20,625.0,C,124.75,129.5,127.125,53.0797,0.832462,0.001694,-0.410592,0.699065,52,738.79,3,891,62.3
META,2026-09-29,2026-11-20,630.0,C,121.05,125.2,123.125,52.4144,0.824686,0.001766,-0.416328,0.719634,52,738.79,44,1178,62.3
META,2026-09-29,2026-11-20,635.0,C,116.65,121.2,118.925,52.1001,0.815304,0.001835,-0.425826,0.743582,52,738.79,8,2359,62.3
META,2026-09-29,2026-11-20,640.0,C,113.3,116.6,114.95,50.9709,0.808511,0.001918,-0.425923,0.760347,52,738.79,35,1453,62.3
META,2026-09-29,2026-11-20,645.0,C,109.1,113.0,111.05,51.0503,0.797007,0.001984,-0.439372,0.787664,52,738.79,3,492,62.3
META,2026-09-29,2026-11-20,650.0,C,105.6,108.4,107.0,49.854,0.78968,0.002075,-0.438235,0.80438,52,738.79,75,4907,62.3
META,2026-09-29,2026-11-20,655.0,C,101.2,104.35,102.775,49.2833,0.779728,0.002156,-0.443821,0.826253,52,738.79,5,483,62.3
META,2026-09-29,2026-11-20,660.0,C,97.0,100.75,98.875,49.175,0.767792,0.002226,-0.454209,0.851261,52,738.79,43,2966,62.3
META,2026-09-29,2026-11-20,665.0,C,94.3,97.2,95.75,49.0499,0.755601,0.002295,-0.463994,0.875459,52,738.79,119,418,62.3
META,2026-09-29,2026-11-20,670.0,C,90.85,93.25,92.05,48.4212,0.744678,0.00238,-0.467818,0.896018,52,738.79,14,2059,62.3
META,2026-09-29,2026-11-20,675.0,C,86.9,90.0,88.45,48.4838,0.731249,0.00244,-0.478743,0.919877,52,738.79,24,931,62.3
META,2026-09-29,2026-11-20,680.0,C,83.55,86.4,84.975,48.1054,0.718828,0.002515,-0.484357,0.940585,52,738.79,29,1070,62.3
META,2026-09-29,2026-11-20,685.0,C,80.45,82.95,81.7,47.8185,0.705803,0.002584,-0.490436,0.960933,52,738.79,20,902,62.3
META,2026-09-29,2026-11-20,690.0,C,77.2,79.5,78.35,47.4676,0.692603,0.002655,-0.495268,0.980151,52,738.79,12,894,62.3
META,2026-09-29,2026-11-20,695.0,C,73.9,76.2,75.05,47.2021,0.67887,0.002721,-0.500417,0.998679,52,738.79,2,717,62.3
META,2026-09-29,2026-11-20,700.0,C,71.0,72.3,71.65,46.2927,0.666102,0.002819,-0.498153,1.014588,52,738.79,479,17697,62.3
META,2026-09-29,2026-11-20,705.0,C,68.2,69.75,68.975,46.6161,0.650608,0.002848,-0.508226,1.032216,52,738.79,53,718,62.3
META,2026-09-29,2026-11-20,710.0,C,65.2,66.5,65.85,46.2026,0.636205,0.002914,-0.509863,1.04698,52,738.79,90,1156,62.3
META,2026-09-29,2026-11-20,715.0,C,62.45,63.55,63.0,46.0027,0.621216,0.002965,-0.513025,1.060709,52,738.79,93,808,62.3
META,2026-09-29,2026-11-20,720.0,C,59.3,60.7,60.0,45.8273,0.605999,0.003011,-0.515705,1.072962,52,738.79,309,1961,62.3
META,2026-09-29,2026-11-20,725.0,C,56.8,57.9,57.35,45.6274,0.590622,0.003054,-0.51738,1.083639,52,738.79,2269,1542,62.3
META,2026-09-29,2026-11-20,730.0,C,54.25,55.45,54.85,45.6762,0.575039,0.003077,-0.520877,1.092727,52,738.79,202,1232,62.3
META,2026-09-29,2026-11-20,735.0,C,51.9,52.85,52.375,45.519,0.559439,0.003108,-0.521462,1.100094,52,738.79,205,748,62.3
META,2026-09-29,2026-11-20,740.0,C,49.5,50.55,50.025,45.5602,0.543852,0.003121,-0.52335,1.105737,52,738.79,82,1846,62.3
META,2026-09-29,2026-11-20,745.0,C,47.35,48.1,47.725,45.4,0.528153,0.003143,-0.52236,1.109694,52,738.79,88,751,62.3
META,2026-09-29,2026-11-20,750.0,C,45.15,45.85,45.5,45.3497,0.51254,0.003153,-0.521764,1.111915,52,738.79,1084,7040,62.3
META,2026-09-29,2026-11-20,755.0,C,42.95,43.7,43.325,45.3222,0.497013,0.003157,-0.520664,1.112434,52,738.79,44,4287,62.3
META,2026-09-29,2026-11-20,760.0,C,40.85,41.65,41.25,45.3161,0.481614,0.003154,-0.519064,1.111283,52,738.79,129,4837,62.3
META,2026-09-29,2026-11-20,765.0,C,38.85,39.65,39.25,45.2886,0.466292,0.003148,-0.516523,1.108491,52,738.79,54,4177,62.3
META,2026-09-29,2026-11-20,770.0,C,37.05,37.75,37.4,45.2856,0.451162,0.003135,-0.513559,1.104119,52,738.79,64,5335,62.3
META,2026-09-29,2026-11-20,775.0,C,35.15,35.9,35.525,45.2642,0.436146,0.00312,-0.509725,1.098184,52,738.79,57,4958,62.3
META,2026-09-29,2026-11-20,780.0,C,33.4,34.1,33.75,45.223,0.421239,0.003102,-0.505021,1.090714,52,738.79,333,6894,62.3
META,2026-09-29,2026-11-20,785.0,C,31.75,32.45,32.1,45.2581,0.406777,0.003074,-0.500575,1.081952,52,738.79,25,297,62.3
META,2026-09-29,2026-11-20,790.0,C,30.05,30.8,30.425,45.2291,0.392312,0.003047,-0.494808,1.071685,52,738.79,41,1018,62.3
META,2026-09-29,2026-11-20,795.0,C,28.65,29.25,28.95,45.2337,0.378202,0.003014,-0.488879,1.060207,52,738.79,34,1131,62.3
META,2026-09-29,2026-11-20,800.0,C,27.1,27.75,27.425,45.2245,0.364284,0.002979,-0.482267,1.047454,52,738.79,1836,22906,62.3
META,2026-09-29,2026-11-20,805.0,C,25.8,26.35,26.075,45.252,0.350787,0.002938,-0.475616,1.033714,52,738.79,21,4233,62.3
META,2026-09-29,2026-11-20,810.0,C,24.4,25.0,24.7,45.2703,0.337531,0.002894,-0.468407,1.018886,52,738.79,148,6613,62.3
META,2026-09-29,2026-11-20,815.0,C,23.15,23.75,23.45,45.3298,0.32477,0.002847,-0.461309,1.003343,52,738.79,43,4212,62.3
META,2026-09-29,2026-11-20,820.0,C,21.95,22.5,22.225,45.3344,0.312038,0.002799,-0.453141,0.986578,52,738.79,91,4894,62.3
META,2026-09-29,2026-11-20,825.0,C,20.85,21.3,21.075,45.3314,0.299564,0.002749,-0.444525,0.968914,52,738.79,47,4984,62.3
META,2026-09-29,2026-11-20,830.0,C,19.75,20.25,20.0,45.4321,0.287962,0.002693,-0.436963,0.951366,52,738.79,33,5600,62.3
META,2026-09-29,2026-11-20,835.0,C,18.7,19.25,18.975,45.5328,0.276699,0.002636,-0.429153,0.933275,52,738.79,33,364,62.3
META,2026-09-29,2026-11-20,840.0,C,17.7,18.2,17.95,45.5282,0.265167,0.002581,-0.419696,0.913659,52,738.79,78,1227,62.3
META,2026-09-29,2026-11-20,845.0,C,16.7,17.25,16.975,45.5816,0.254289,0.002523,-0.410815,0.894117,52,738.79,73,373,62.3
META,2026-09-29,2026-11-20,850.0,C,15.8,16.35,16.075,45.6396,0.243765,0.002463,-0.401825,0.874232,52,738.79,184,2227,62.3
META,2026-09-29,2026-11-20,855.0,C,15.0,15.45,15.225,45.6487,0.233273,0.002404,-0.39201,0.853428,52,738.79,34,276,62.3
META,2026-09-29,2026-11-20,860.0,C,14.15,14.65,14.4,45.725,0.22351,0.002343,-0.383018,0.833168,52,738.79,62,948,62.3
META,2026-09-29,2026-11-20,865.0,C,13.4,13.9,13.65,45.8166,0.214166,0.002282,-0.374159,0.812943,52,738.79,41,228,62.3
META,2026-09-29,2026-11-20,870.0,C,12.6,13.15,12.875,45.8608,0.204852,0.002221,-0.364569,0.791953,52,738.79,27,1309,62.3
META,2026-09-29,2026-11-20,875.0,C,11.9,12.45,12.175,45.9234,0.195966,0.002159,-0.355202,0.771136,52,738.79,9,963,62.3
META,2026-09-29,2026-11-20,880.0,C,11.2,11.75,11.475,45.9356,0.18708,0.002098,-0.345095,0.749519,52,738.79,78,396,62.3
META,2026-09-29,2026-11-20,885.0,C,10.65,11.15,10.9,46.0424,0.179088,0.002037,-0.33636,0.72938,52,738.79,9,180,62.3
META,2026-09-29,2026-11-20,890.0,C,10.1,10.5,10.3,46.0302,0.170659,0.001976,-0.325928,0.707401,52,738.79,18,183,62.3
META,2026-09-29,2026-11-20,895.0,C,9.55,9.9,9.725,46.0455,0.162699,0.001916,-0.315939,0.685927,52,738.79,4,78,62.3
META,2026-09-29,2026-11-20,900.0,C,9.05,9.4,9.225,46.1645,0.15567,0.001856,-0.307521,0.666369,52,738.79,504,14523,62.3
META,2026-09-29,2026-11-20,905.0,C,8.45,8.95,8.7,46.3232,0.149162,0.001798,-0.29976,0.647747,52,738.79,28,232,62.3
META,2026-09-29,2026-11-20,910.0,C,8.05,8.45,8.25,46.3659,0.142221,0.00174,-0.290407,0.627322,52,738.79,25,451,62.3
META,2026-09-29,2026-11-20,915.0,C,7.6,8.05,7.825,46.5276,0.136262,0.001684,-0.282883,0.609316,52,738.79,7,84,62.3
META,2026-09-29,2026-11-20,920.0,C,7.1,7.6,7.35,46.5704,0.12985,0.001628,-0.273752,0.589429,52,738.79,36,335,62.3
META,2026-09-29,2026-11-20,925.0,C,6.7,7.2,6.95,46.6619,0.12398,0.001573,-0.265454,0.570751,52,738.79,20,862,62.3
META,2026-09-29,2026-11-20,930.0,C,6.4,6.85,6.625,46.8053,0.118652,0.00152,-0.25803,0.55339,52,738.79,6,176,62.3
META,2026-09-29,2026-11-20,935.0,C,6.05,6.45,6.25,46.8206,0.112823,0.001467,-0.248921,0.533941,52,738.79,6,135,62.3
META,2026-09-29,2026-11-20,940.0,C,5.65,6.1,5.875,46.8908,0.107542,0.001415,-0.24075,0.515892,52,738.79,2,186,62.3
META,2026-09-29,2026-11-20,945.0,C,5.4,5.8,5.6,47.0251,0.102837,0.001366,-0.233633,0.499459,52,738.79,9,123,62.3
META,2026-09-29,2026-11-20,950.0,C,5.05,5.45,5.25,47.022,0.097595,0.001315,-0.224766,0.480744,52,738.79,86,2550,62.3
META,2026-09-29,2026-11-20,955.0,C,4.85,5.2,5.025,47.196,0.093515,0.001269,-0.218513,0.46587,52,738.79,5,72,62.3
META,2026-09-29,2026-11-20,960.0,C,4.6,4.9,4.75,47.2295,0.088887,0.001222,-0.210501,0.448659,52,738.79,5,291,62.3
META,2026-09-29,2026-11-20,965.0,C,4.35,4.6,4.475,47.2204,0.084243,0.001174,-0.202105,0.431019,52,738.79,26,135,62.3
META,2026-09-29,2026-11-20,970.0,C,4.1,4.4,4.25,47.4187,0.080839,0.001133,-0.196662,0.417841,52,738.79,5,90,62.3
META,2026-09-29,2026-11-20,975.0,C,3.85,4.15,4.0,47.4615,0.076829,0.001089,-0.189322,0.402041,52,738.79,2,50,62.3
META,2026-09-29,2026-11-20,980.0,C,3.55,4.0,3.775,47.73,0.074077,0.001054,-0.185092,0.391018,52,738.79,5,135,62.3
META,2026-09-29,2026-11-20,985.0,C,3.45,3.75,3.6,47.7117,0.070111,0.00101,-0.177315,0.374866,52,738.79,6,73,62.3
META,2026-09-29,2026-11-20,990.0,C,3.25,3.55,3.4,47.7972,0.066798,0.000972,-0.171058,0.361124,52,738.79,3,224,62.3
META,2026-09-29,2026-11-20,995.0,C,3.1,3.35,3.225,47.846,0.063473,0.000933,-0.164524,0.347097,52,738.79,6,50,62.3
META,2026-09-29,2026-11-20,1000.0,C,2.94,3.1,3.02,47.7117,0.059511,0.00089,-0.15596,0.330055,52,738.79,164,1515,62.3
META,2026-09-29,2026-11-20,1010.0,C,2.61,2.88,2.745,48.2122,0.055299,0.000831,-0.148641,0.311534,52,738.79,1,175,62.3
META,2026-09-29,2026-11-20,1020.0,C,2.34,2.61,2.475,48.4746,0.05053,0.000769,-0.139042,0.290027,52,738.79,2,170,62.3
META,2026-09-29,2026-11-20,1030.0,C,2.09,2.29,2.19,48.438,0.045088,0.000703,-0.126747,0.264731,52,738.79,2,165,62.3
META,2026-09-29,2026-11-20,1040.0,C,1.83,2.09,1.96,48.7554,0.041392,0.000652,-0.118992,0.247065,52,738.79,7,69,62.3
META,2026-09-29,2026-11-20,1050.0,C,1.71,1.86,1.785,48.8408,0.037268,0.000597,-0.109384,0.226841,52,738.79,21,302,62.3
META,2026-09-29,2026-11-20,1060.0,C,1.49,1.75,1.62,49.3902,0.034973,0.000561,-0.104943,0.215336,52,738.79,2,257,62.3
META,2026-09-29,2026-11-20,1070.0,C,1.38,1.52,1.45,49.2803,0.030938,0.000508,-0.094601,0.194637,52,738.79,10,124,62.3
META,2026-09-29,2026-11-20,1080.0,C,1.19,1.44,1.315,49.854,0.02918,0.000478,-0.091123,0.185423,52,738.79,36,287,62.3
META,2026-09-29,2026-11-20,1090.0,C,1.07,1.22,1.145,49.5488,0.025287,0.000427,-0.080335,0.164542,52,738.79,1,489,62.3
META,2026-09-29,2026-11-20,1100.0,C,0.99,1.16,1.075,50.1226,0.023918,0.000403,-0.077519,0.157035,52,738.79,11,1406,62.3
META,2026-09-29,2026-11-20,1110.0,C,0.85,1.08,0.965,50.5254,0.022269,0.000376,-0.073548,0.147869,52,738.79,15,123,62.3
META,2026-09-29,2026-11-20,1120.0,C,0.76,0.98,0.87,50.7329,0.020338,0.000347,-0.068368,0.136947,52,738.79,4,154,62.3
META,2026-09-29,2026-11-20,1130.0,C,0.68,0.84,0.76,50.5376,0.017774,0.000311,-0.060709,0.122118,52,738.79,2,68,62.3
META,2026-09-29,2026-11-20,1140.0,C,0.61,0.77,0.69,50.0737,0.015007,0.000271,-0.052021,0.105643,52,738.79,6,133,62.3
META,2026-09-29,2026-11-20,1150.0,C,0.54,0.74,0.64,50.4155,0.01391,0.000252,-0.049046,0.098962,52,738.79,5,296,62.3
META,2026-09-29,2026-11-20,1160.0,C,0.48,0.67,0.575,50.562,0.012602,0.000231,-0.045151,0.09087,52,738.79,10,119,62.3
META,2026-09-29,2026-11-20,1170.0,C,0.43,0.59,0.51,50.6108,0.011279,0.00021,-0.041035,0.082533,52,738.79,10,117,62.3
META,2026-09-29,2026-11-20,1180.0,C,0.38,0.56,0.47,50.9038,0.010419,0.000195,-0.038506,0.077028,52,738.79,1,37,62.3
META,2026-09-29,2026-11-20,1190.0,C,0.33,0.51,0.42,51.0015,0.009388,0.000177,-0.035214,0.070328,52,738.79,1,65,62.3
META,2026-09-29,2026-11-20,1200.0,C,0.27,0.49,0.38,51.1724,0.008544,0.000163,-0.032526,0.064761,52,738.79,12,1317,62.3
META,2026-09-29,2026-11-20,1210.0,C,0.22,0.46,0.34,51.27,0.007701,0.000148,-0.029736,0.059112,52,738.79,1,428,62.3
META,2026-09-29,2026-11-20,1220.0,C,0.19,0.43,0.31,51.4653,0.00704,0.000136,-0.027571,0.054615,52,738.79,2,41,62.3
META,2026-09-29,2026-11-20,1230.0,C,0.16,0.4,0.28,51.6118,0.006394,0.000125,-0.02539,0.050164,52,738.79,1,37,62.3
META,2026-09-29,2026-11-20,1240.0,C,0.14,0.37,0.255,51.8071,0.005853,0.000115,-0.023558,0.046382,52,738.79,49,107,62.3
META,2026-09-29,2026-11-20,1250.0,C,0.11,0.34,0.225,51.8071,0.005204,0.000104,-0.021218,0.041785,52,738.79,62,369,62.3
META,2026-09-29,2026-11-20,1260.0,C,0.09,0.32,0.205,52.0024,0.004768,9.6e-05,-0.019696,0.038652,52,738.79,27,91,62.3
META,2026-09-29,2026-11-20,1270.0,C,0.08,0.3,0.19,52.2466,0.004406,8.9e-05,-0.018437,0.036021,52,738.79,5,64,62.3
META,2026-09-29,2026-11-20,1280.0,C,0.06,0.28,0.17,52.3442,0.003981,8.1e-05,-0.016865,0.032894,52,738.79,1,39,62.3
META,2026-09-29,2026-11-20,1290.0,C,0.05,0.26,0.155,52.4907,0.003626,7.4e-05,-0.015552,0.030256,52,738.79,1,67,62.3
META,2026-09-29,2026-11-20,1300.0,C,0.05,0.23,0.14,52.6372,0.003305,6.8e-05,-0.014346,0.027838,52,738.79,1,187,62.3
META,2026-09-29,2026-11-20,1310.0,C,0.02,0.23,0.125,52.686,0.002964,6.2e-05,-0.013017,0.02524,52,738.79,1,6,62.3
META,2026-09-29,2026-11-20,1320.0,C,0.01,0.22,0.115,52.8813,0.002727,5.7e-05,-0.012116,0.023411,52,738.79,1,12,62.3
META,2026-09-29,2026-11-20,1330.0,C,0.01,0.21,0.11,53.272,0.002598,5.4e-05,-0.011681,0.02241,52,738.79,3,22,62.3
META,2026-09-29,2026-11-20,1340.0,C,0.0,0.2,0.1,53.4184,0.002375,5e-05,-0.010796,0.02066,52,738.79,1,17,62.3
META,2026-09-29,2026-11-20,1350.0,C,0.02,0.21,0.115,54.688,0.002642,5.3e-05,-0.012165,0.022746,52,738.79,1,57,62.3
META,2026-09-29,2026-11-20,1360.0,C,0.02,0.27,0.145,56.4457,0.003162,6.1e-05,-0.014763,0.02675,52,738.79,4,35,62.3
META,2026-09-29,2026-11-20,1370.0,C,0.0,0.25,0.125,56.2504,0.002758,5.4e-05,-0.013005,0.023651,52,738.79,1,89,62.3
META,2026-09-29,2026-11-20,1380.0,C,0.0,0.25,0.125,56.8364,0.002732,5.3e-05,-0.013026,0.023449,52,738.79,45,56,62.3
META,2026-09-29,2026-11-20,1390.0,C,0.0,0.2,0.1,56.3481,0.002269,4.5e-05,-0.010914,0.01982,52,738.79,6,23,62.3
META,2026-09-29,2026-11-20,1400.0,C,0.01,0.36,0.185,60.2055,0.00375,6.7e-05,-0.018338,0.031179,52,738.79,27,80,62.3
META,2026-09-29,2026-11-20,1410.0,C,0.0,0.56,0.28,63.3793,0.005264,8.6e-05,-0.026127,0.042212,52,738.79,1,39,62.3
META,2026-09-29,2026-11-20,1420.0,C,0.0,0.15,0.075,56.5434,0.001707,3.5e-05,-0.008457,0.015312,52,738.79,1,70,62.3
META,2026-09-29,2026-11-20,1430.0,C,0.01,0.09,0.05,55.2739,0.001209,2.6e-05,-0.006032,0.011173,52,738.79,7,55,62.3
META,2026-09-29,2026-11-20,1440.0,C,0.01,0.35,0.18,62.3539,0.003536,6.1e-05,-0.018007,0.029581,52,738.79,8,142,62.3
META,2026-09-29,2026-11-20,1450.0,C,0.0,0.15,0.075,58.2035,0.001678,3.3e-05,-0.008562,0.015068,52,738.79,1,245,62.3
META,2026-09-29,2026-11-20,1460.0,C,0.0,0.15,0.075,58.6918,0.001652,3.3e-05,-0.008512,0.014857,52,738.79,1,93,62.3
META,2026-09-29,2026-11-20,1470.0,C,0.0,0.29,0.145,62.7445,0.00287,5e-05,-0.015012,0.024518,52,738.79,8,309,62.3
META,2026-09-29,2026-11-20,1480.0,C,0.01,0.05,0.03,55.4692,0.000721,1.6e-05,-0.003762,0.006948,52,738.79,14,6238,62.3
META,2026-09-29,2026-11-20,1490.0,C,0.0,0.8,0.4,70.6058,0.006618,9.4e-05,-0.035607,0.05171,52,738.79,1,52,62.3
META,2026-09-29,2026-11-20,20.0,P,0.0,0.01,0.005,262.5003,-1.7e-05,0.0,-0.000522,0.000208,52,738.79,20,20,62.3
META,2026-09-29,2026-11-20,25.0,P,0.0,0.25,0.125,322.2658,-0.000341,1e-06,-0.010726,0.003474,52,738.79,0,0,62.3
META,2026-09-29,2026-11-20,30.0,P,0.0,0.01,0.005,231.2504,-1.9e-05,0.0,-0.000521,0.000235,52,738.79,9,10,62.3
META,2026-09-29,2026-11-20,35.0,P,0.0,0.35,0.175,297.6565,-0.000517,2e-06,-0.014558,0.005107,52,738.79,4,0,62.3
META,2026-09-29,2026-11-20,40.0,P,0.0,0.01,0.005,212.5005,-2.6e-05,0.0,-0.000636,0.000313,52,738.79,2,33,62.3
META,2026-09-29,2026-11-20,45.0,P,0.0,0.45,0.225,278.7112,-0.000708,3e-06,-0.018223,0.00683,52,738.79,2,0,62.3
META,2026-09-29,2026-11-20,50.0,P,0.0,0.02,0.01,204.688,-5.2e-05,0.0,-0.001176,0.0006,52,738.79,1,43,62.3
META,2026-09-29,2026-11-20,250.0,P,0.01,0.07,0.04,91.797,-0.000455,6e-06,-0.003964,0.004537,52,738.79,98,2450,62.3
META,2026-09-29,2026-11-20,260.0,P,0.02,0.3,0.16,100.4888,-0.001547,1.8e-05,-0.013378,0.013993,52,738.79,2,230,62.3
META,2026-09-29,2026-11-20,270.0,P,0.02,0.34,0.18,98.1445,-0.001761,2.1e-05,-0.014698,0.015747,52,738.79,2,112,62.3
META,2026-09-29,2026-11-20,280.0,P,0.0,0.48,0.24,97.7539,-0.002329,2.7e-05,-0.018866,0.0203,52,738.79,4,46,62.3
META,2026-09-29,2026-11-20,290.0,P,0.03,0.08,0.055,81.8361,-0.000686,1e-05,-0.00516,0.006635,52,738.79,2,182,62.3
META,2026-09-29,2026-11-20,300.0,P,0.01,0.32,0.165,87.5978,-0.001815,2.4e-05,-0.013471,0.01619,52,738.79,14,498,62.3
META,2026-09-29,2026-11-20,310.0,P,0.01,0.23,0.12,81.9338,-0.001434,2e-05,-0.01016,0.013061,52,738.79,6,124,62.3
META,2026-09-29,2026-11-20,320.0,P,0.05,0.17,0.11,78.5158,-0.00139,2.1e-05,-0.00946,0.012696,52,738.79,24,44,62.3
META,2026-09-29,2026-11-20,330.0,P,0.03,0.18,0.105,75.3909,-0.001373,2.1e-05,-0.008977,0.012553,52,738.79,1,117,62.3
META,2026-09-29,2026-11-20,340.0,P,0.04,0.2,0.12,73.7307,-0.001596,2.5e-05,-0.010065,0.014399,52,738.79,2,250,62.3
META,2026-09-29,2026-11-20,350.0,P,0.05,0.21,0.13,71.68,-0.001761,2.8e-05,-0.0107,0.015753,52,738.79,9,416,62.3
META,2026-09-29,2026-11-20,360.0,P,0.06,0.22,0.14,69.6292,-0.001933,3.2e-05,-0.011304,0.017142,52,738.79,1,279,62.3
META,2026-09-29,2026-11-20,370.0,P,0.07,0.23,0.15,67.6761,-0.002135,3.6e-05,-0.012017,0.018758,52,738.79,8,213,62.3
META,2026-09-29,2026-11-20,380.0,P,0.08,0.24,0.16,65.6253,-0.002318,4e-05,-0.012548,0.020211,52,738.79,8,139,62.3
META,2026-09-29,2026-11-20,390.0,P,0.09,0.25,0.17,63.6722,-0.002535,4.4e-05,-0.013192,0.021914,52,738.79,3,254,62.3
META,2026-09-29,2026-11-20,400.0,P,0.12,0.26,0.19,62.0609,-0.00288,5.1e-05,-0.014422,0.024595,52,738.79,51,845,62.3
META,2026-09-29,2026-11-20,405.0,P,0.11,0.25,0.18,60.5473,-0.002803,5.1e-05,-0.013724,0.023998,52,738.79,2,183,62.3
META,2026-09-29,2026-11-20,410.0,P,0.12,0.31,0.215,60.5473,-0.003301,5.9e-05,-0.015896,0.027806,52,738.79,2,172,62.3
META,2026-09-29,2026-11-20,415.0,P,0.13,0.32,0.225,59.7172,-0.003497,6.3e-05,-0.016508,0.029287,52,738.79,1,180,62.3
META,2026-09-29,2026-11-20,420.0,P,0.14,0.34,0.24,58.9848,-0.003747,6.8e-05,-0.017342,0.03116,52,738.79,1,1007,62.3
META,2026-09-29,2026-11-20,425.0,P,0.16,0.35,0.255,58.2524,-0.004012,7.3e-05,-0.018201,0.033126,52,738.79,2,628,62.3
META,2026-09-29,2026-11-20,430.0,P,0.17,0.37,0.27,57.52,-0.004293,7.9e-05,-0.019084,0.03519,52,738.79,1,239,62.3
META,2026-09-29,2026-11-20,435.0,P,0.19,0.39,0.29,56.8364,-0.004617,8.5e-05,-0.020118,0.037556,52,738.79,1,742,62.3
META,2026-09-29,2026-11-20,440.0,P,0.24,0.42,0.33,56.5922,-0.005233,9.5e-05,-0.022386,0.041987,52,738.79,7,605,62.3
META,2026-09-29,2026-11-20,445.0,P,0.3,0.45,0.375,56.3481,-0.005916,0.000107,-0.024848,0.046825,52,738.79,3,356,62.3
META,2026-09-29,2026-11-20,450.0,P,0.28,0.46,0.37,55.1274,-0.00596,0.00011,-0.024459,0.047135,52,738.79,21,1655,62.3
META,2026-09-29,2026-11-20,455.0,P,0.28,0.51,0.395,54.4682,-0.006411,0.000119,-0.025768,0.05028,52,738.79,1,383,62.3
META,2026-09-29,2026-11-20,460.0,P,0.31,0.55,0.43,53.9311,-0.006991,0.000129,-0.027531,0.054279,52,738.79,7,603,62.3
META,2026-09-29,2026-11-20,465.0,P,0.4,0.59,0.495,53.8091,-0.007985,0.000146,-0.030868,0.061021,52,738.79,9,407,62.3
META,2026-09-29,2026-11-20,470.0,P,0.38,0.64,0.51,52.9057,-0.008338,0.000154,-0.031513,0.06339,52,738.79,7,1461,62.3
META,2026-09-29,2026-11-20,475.0,P,0.5,0.63,0.565,52.5151,-0.009219,0.00017,-0.034142,0.069223,52,738.79,31,645,62.3
META,2026-09-29,2026-11-20,480.0,P,0.53,0.73,0.63,52.1855,-0.010247,0.000187,-0.037193,0.075922,52,738.79,254,2517,62.3
META,2026-09-29,2026-11-20,485.0,P,0.62,0.75,0.685,51.6851,-0.011169,0.000204,-0.039684,0.081832,52,738.79,14,472,62.3
META,2026-09-29,2026-11-20,490.0,P,0.64,0.85,0.745,51.1846,-0.012163,0.000221,-0.042298,0.088122,52,738.79,21,871,62.3
META,2026-09-29,2026-11-20,495.0,P,0.74,0.92,0.83,50.8794,-0.013503,0.000244,-0.046,0.096461,52,738.79,38,749,62.3
META,2026-09-29,2026-11-20,500.0,P,0.82,0.99,0.905,50.4155,-0.014733,0.000265,-0.049109,0.103984,52,738.79,335,3520,62.3
META,2026-09-29,2026-11-20,505.0,P,0.93,1.16,1.045,50.4155,-0.016797,0.000297,-0.054926,0.116363,52,738.79,38,690,62.3
META,2026-09-29,2026-11-20,510.0,P,0.97,1.21,1.09,50.4644,-0.019165,0.000332,-0.06149,0.130213,52,738.79,27,1239,62.3
META,2026-09-29,2026-11-20,515.0,P,1.16,1.31,1.235,49.9639,-0.020754,0.000359,-0.065096,0.139315,52,738.79,31,1247,62.3
META,2026-09-29,2026-11-20,520.0,P,1.2,1.43,1.315,49.5488,-0.022628,0.000389,-0.069404,0.149875,52,738.79,25,1085,62.3
META,2026-09-29,2026-11-20,525.0,P,1.3,1.52,1.41,48.9141,-0.024191,0.000417,-0.072426,0.158536,52,738.79,133,818,62.3
META,2026-09-29,2026-11-20,530.0,P,1.52,1.69,1.605,48.6699,-0.026718,0.000455,-0.078268,0.172295,52,738.79,426,2338,62.3
META,2026-09-29,2026-11-20,535.0,P,1.61,1.88,1.745,48.4502,-0.029515,0.000497,-0.084594,0.187189,52,738.79,11,1196,62.3
META,2026-09-29,2026-11-20,540.0,P,1.8,1.92,1.86,47.4615,-0.030631,0.000523,-0.085388,0.193038,52,738.79,27,2296,62.3
META,2026-09-29,2026-11-20,545.0,P,1.96,2.24,2.1,47.6934,-0.03498,0.000581,-0.095668,0.215367,52,738.79,2,848,62.3
META,2026-09-29,2026-11-20,550.0,P,2.24,2.29,2.265,46.7107,-0.036347,0.000612,-0.096604,0.222242,52,738.79,1733,3292,62.3
META,2026-09-29,2026-11-20,555.0,P,2.42,2.68,2.55,47.022,-0.041543,0.000678,-0.108355,0.247795,52,738.79,16,1393,62.3
META,2026-09-29,2026-11-20,560.0,P,2.6,2.82,2.71,46.3079,-0.044027,0.000721,-0.111739,0.259705,52,738.79,30,1990,62.3
META,2026-09-29,2026-11-20,565.0,P,2.9,3.2,3.05,46.3628,-0.049151,0.000787,-0.122111,0.283695,52,738.79,23,986,62.3
META,2026-09-29,2026-11-20,570.0,P,3.2,3.4,3.3,45.7525,-0.052417,0.000839,-0.126718,0.298607,52,738.79,248,1549,62.3
META,2026-09-29,2026-11-20,575.0,P,3.5,3.8,3.65,45.6915,-0.057842,0.000908,-0.136671,0.322769,52,738.79,7,946,62.3
META,2026-09-29,2026-11-20,580.0,P,3.8,4.1,3.95,45.2581,-0.062284,0.000972,-0.143307,0.342018,52,738.79,124,1598,62.3
META,2026-09-29,2026-11-20,585.0,P,4.25,4.5,4.375,45.0323,-0.067819,0.001043,-0.152187,0.365387,52,738.79,24,7240,62.3
META,2026-09-29,2026-11-20,590.0,P,4.6,4.95,4.775,44.8431,-0.073874,0.001119,-0.161678,0.390202,52,738.79,140,3113,62.3
META,2026-09-29,2026-11-20,595.0,P,5.1,5.4,5.25,44.5776,-0.080012,0.001196,-0.170593,0.414609,52,738.79,143,782,62.3
META,2026-09-29,2026-11-20,600.0,P,5.65,5.85,5.75,44.2388,-0.086229,0.001275,-0.178894,0.43861,52,738.79,923,4591,62.3
META,2026-09-29,2026-11-20,605.0,P,6.15,6.4,6.275,44.0374,-0.093434,0.00136,-0.188812,0.465572,52,738.79,95,883,62.3
META,2026-09-29,2026-11-20,610.0,P,6.75,7.05,6.9,43.9459,-0.101565,0.001448,-0.200084,0.494957,52,738.79,158,1310,62.3
META,2026-09-29,2026-11-20,615.0,P,7.35,7.7,7.525,43.7658,-0.109757,0.001538,-0.210503,0.523512,52,738.79,34,819,62.3
META,2026-09-29,2026-11-20,620.0,P,8.0,8.4,8.2,43.5919,-0.118434,0.00163,-0.221064,0.552672,52,738.79,29,1188,62.3
META,2026-09-29,2026-11-20,625.0,P,8.9,9.15,9.025,43.4149,-0.127563,0.001725,-0.231624,0.582207,52,738.79,258,1557,62.3
META,2026-09-29,2026-11-20,630.0,P,9.55,9.95,9.75,43.2379,-0.137164,0.00182,-0.242175,0.612068,52,738.79,252,1974,62.3
META,2026-09-29,2026-11-20,635.0,P,10.4,10.8,10.6,43.0578,-0.147227,0.001918,-0.252638,0.642111,52,738.79,36,456,62.3
META,2026-09-29,2026-11-20,640.0,P,11.35,11.75,11.55,42.9358,-0.158045,0.002016,-0.263665,0.673041,52,738.79,101,1477,62.3
META,2026-09-29,2026-11-20,645.0,P,12.35,12.75,12.55,42.8015,-0.169286,0.002114,-0.274404,0.703747,52,738.79,18,982,62.3
META,2026-09-29,2026-11-20,650.0,P,13.4,13.8,13.6,42.6489,-0.180919,0.002213,-0.284733,0.734054,52,738.79,133,3499,62.3
META,2026-09-29,2026-11-20,655.0,P,14.55,15.0,14.775,42.6031,-0.193514,0.00231,-0.296028,0.765251,52,738.79,44,454,62.3
META,2026-09-29,2026-11-20,660.0,P,15.7,16.25,15.975,42.5299,-0.206433,0.002406,-0.306697,0.795577,52,738.79,92,1335,62.3
META,2026-09-29,2026-11-20,665.0,P,17.0,17.45,17.225,42.3132,-0.219176,0.002504,-0.315385,0.823891,52,738.79,27,695,62.3
META,2026-09-29,2026-11-20,670.0,P,18.35,18.8,18.575,42.1927,-0.232787,0.002598,-0.32475,0.852439,52,738.79,118,1595,62.3
META,2026-09-29,2026-11-20,675.0,P,19.75,20.2,19.975,42.0446,-0.246716,0.002691,-0.333349,0.879908,52,738.79,119,935,62.3
META,2026-09-29,2026-11-20,680.0,P,21.3,21.8,21.55,42.0309,-0.26157,0.002776,-0.342916,0.907311,52,738.79,304,1454,62.3
META,2026-09-29,2026-11-20,685.0,P,22.9,23.4,23.15,41.9317,-0.276471,0.002861,-0.350973,0.932898,52,738.79,716,1573,62.3
META,2026-09-29,2026-11-20,690.0,P,24.55,25.2,24.875,41.9546,-0.292123,0.002936,-0.359739,0.957784,52,738.79,93,510,62.3
META,2026-09-29,2026-11-20,695.0,P,26.35,26.85,26.6,41.7425,-0.307361,0.00302,-0.365314,0.9801,52,738.79,127,444,62.3
META,2026-09-29,2026-11-20,700.0,P,28.2,28.8,28.5,41.7486,-0.323547,0.003086,-0.372538,1.001788,52,738.79,631,1196,62.3
META,2026-09-29,2026-11-20,705.0,P,30.15,30.85,30.5,41.7669,-0.339978,0.003146,-0.37915,1.021723,52,738.79,63,705,62.3
META,2026-09-29,2026-11-20,710.0,P,32.2,32.8,32.5,41.6082,-0.356251,0.003213,-0.383133,1.039441,52,738.79,138,267,62.3
META,2026-09-29,2026-11-20,715.0,P,34.35,35.0,34.675,41.6052,-0.373035,0.003263,-0.387967,1.055639,52,738.79,59,271,62.3
META,2026-09-29,2026-11-20,720.0,P,36.55,37.2,36.875,41.5228,-0.389856,0.003313,-0.391162,1.069792,52,738.79,105,935,62.3
META,2026-09-29,2026-11-20,725.0,P,38.85,39.5,39.175,41.4526,-0.406844,0.003357,-0.393661,1.081996,52,738.79,1980,285,62.3
META,2026-09-29,2026-11-20,730.0,P,41.25,41.95,41.6,41.4404,-0.423967,0.003389,-0.395928,1.092199,52,738.79,62,594,62.3
META,2026-09-29,2026-11-20,735.0,P,43.75,44.45,44.1,41.3962,-0.44113,0.003418,-0.397019,1.10033,52,738.79,41,1104,62.3
META,2026-09-29,2026-11-20,740.0,P,46.25,47.0,46.625,41.3214,-0.458338,0.003443,-0.396947,1.106393,52,738.79,85,593,62.3
META,2026-09-29,2026-11-20,745.0,P,48.95,49.85,49.4,41.4374,-0.475397,0.003446,-0.398046,1.110349,52,738.79,35,624,62.3
META,2026-09-29,2026-11-20,750.0,P,51.75,52.65,52.2,41.4343,-0.492447,0.003452,-0.397072,1.112265,52,738.79,122,2531,62.3
META,2026-09-29,2026-11-20,755.0,P,54.55,55.4,54.975,41.3107,-0.50961,0.003462,-0.393992,1.112142,52,738.79,6,137,62.3
META,2026-09-29,2026-11-20,760.0,P,57.55,58.45,58.0,41.3839,-0.526323,0.003449,-0.392235,1.110042,52,738.79,132,319,62.3
META,2026-09-29,2026-11-20,765.0,P,60.45,61.4,60.925,41.2939,-0.543234,0.003444,-0.387929,1.105926,52,738.79,9,588,62.3
META,2026-09-29,2026-11-20,770.0,P,63.55,64.5,64.025,41.268,-0.559845,0.003428,-0.38357,1.099925,52,738.79,11,1157,62.3
META,2026-09-29,2026-11-20,775.0,P,66.7,67.65,67.175,41.2161,-0.576351,0.003407,-0.378192,1.092029,52,738.79,37,89,62.3
META,2026-09-29,2026-11-20,780.0,P,69.9,71.0,70.45,41.2771,-0.592247,0.003373,-0.373415,1.082591,52,738.79,11,209,62.3
META,2026-09-29,2026-11-20,785.0,P,73.25,74.35,73.8,41.2695,-0.608119,0.003339,-0.367208,1.071356,52,738.79,2,57,62.3
META,2026-09-29,2026-11-20,790.0,P,76.6,77.75,77.175,41.242,-0.623807,0.0033,-0.360148,1.058454,52,738.79,1,105,62.3
META,2026-09-29,2026-11-20,795.0,P,80.05,81.2,80.625,41.1932,-0.639316,0.003259,-0.352244,1.043923,52,738.79,2,27,62.3
META,2026-09-29,2026-11-20,800.0,P,83.6,84.95,84.275,41.3672,-0.653442,0.003199,-0.346534,1.029128,52,738.79,1,312,62.3
META,2026-09-29,2026-11-20,805.0,P,87.1,88.4,87.75,41.1841,-0.669002,0.003157,-0.335921,1.011085,52,738.79,6,28,62.3
META,2026-09-29,2026-11-20,810.0,P,90.65,92.0,91.325,41.0803,-0.683884,0.003106,-0.32579,0.992086,52,738.79,1,5,62.3
META,2026-09-29,2026-11-20,815.0,P,94.25,95.85,95.05,41.1657,-0.69738,0.003041,-0.317661,0.973358,52,738.79,15,11,62.3
META,2026-09-29,2026-11-20,820.0,P,97.95,99.65,98.8,41.1383,-0.71114,0.002978,-0.30771,0.952763,52,738.79,1,15,62.3
META,2026-09-29,2026-11-20,825.0,P,101.7,104.25,102.975,41.9073,-0.719736,0.002882,-0.308044,0.939115,52,738.79,5,5,62.3
META,2026-09-29,2026-11-20,830.0,P,105.5,107.7,106.6,41.3824,-0.735691,0.002835,-0.290887,0.912154,52,738.79,1,1,62.3
META,2026-09-29,2026-11-20,835.0,P,109.35,111.8,110.575,41.5045,-0.74734,0.002761,-0.282148,0.891103,52,738.79,10,1,62.3
META,2026-09-29,2026-11-20,840.0,P,113.3,116.7,115.0,42.4963,-0.753049,0.002664,-0.285246,0.880356,52,738.79,1,1,62.3
META,2026-09-29,2026-11-20,845.0,P,281.85,288.8,285.325,194.281,-0.424115,0.000723,-1.974408,1.092278,52,738.79,1,0,62.3
META,2026-09-29,2026-11-20,850.0,P,121.3,124.85,123.075,42.4536,-0.77602,0.002527,-0.263244,0.834163,52,738.79,10,16,62.3
META,2026-09-29,2026-11-20,860.0,P,129.5,132.65,131.075,41.709,-0.802198,0.002391,-0.230737,0.775502,52,738.79,1,1,62.3
META,2026-09-29,2026-11-20,865.0,P,133.65,137.05,135.35,41.886,-0.811087,0.002315,-0.2222,0.754044,52,738.79,1,15,62.3
META,2026-09-29,2026-11-20,870.0,P,138.15,141.95,140.05,42.7038,-0.815333,0.002239,-0.222914,0.74351,52,738.79,35,21,62.3
META,2026-09-29,2026-11-20,875.0,P,311.85,318.55,315.2,201.8056,-0.433956,0.000699,-2.058856,1.097186,52,738.79,1,0,62.3
META,2026-09-29,2026-11-20,880.0,P,146.4,150.25,148.325,42.1331,-0.837421,0.002093,-0.192643,0.685598,52,738.79,1,11,62.3
META,2026-09-29,2026-11-20,885.0,P,297.6,302.75,300.175,181.7872,-0.464801,0.000784,-1.865917,1.108132,52,738.79,5,5,62.3
META,2026-09-29,2026-11-20,890.0,P,155.1,159.55,157.325,42.8289,-0.849717,0.001955,-0.18094,0.650988,52,738.79,33,33,62.3
META,2026-09-29,2026-11-20,895.0,P,159.5,164.0,161.75,42.8106,-0.857781,0.001884,-0.169928,0.627316,52,738.79,2,10,62.3
META,2026-09-29,2026-11-20,900.0,P,164.2,167.8,166.0,41.6174,-0.873092,0.001793,-0.142171,0.580127,52,738.79,23,79,62.3
META,2026-09-29,2026-11-20,905.0,P,222.45,229.5,225.975,101.6606,-0.62623,0.001336,-0.956405,1.056301,52,738.79,0,0,62.3
META,2026-09-29,2026-11-20,910.0,P,322.1,328.35,325.225,187.7473,-0.472746,0.00076,-1.929139,1.109868,52,738.79,1,0,62.3
META,2026-09-29,2026-11-20,915.0,P,231.3,238.3,234.8,102.7471,-0.634102,0.001313,-0.958612,1.049007,52,738.79,2,0,62.3
META,2026-09-29,2026-11-20,920.0,P,300.1,307.3,303.7,161.9448,-0.517455,0.000883,-1.654862,1.1114,52,738.79,120,0,62.3
META,2026-09-29,2026-11-20,925.0,P,186.6,191.55,189.075,43.1646,-0.896644,0.001494,-0.11352,0.501287,52,738.79,5,0,62.3
META,2026-09-29,2026-11-20,930.0,P,191.25,196.3,193.775,43.3935,-0.901136,0.001438,-0.107064,0.485313,52,738.79,1,1,62.3
META,2026-09-29,2026-11-20,935.0,P,248.55,256.55,252.55,104.8345,-0.64905,0.001268,-0.961239,1.033888,52,738.79,0,0,62.3
META,2026-09-29,2026-11-20,940.0,P,200.45,206.7,203.575,45.6915,-0.899169,0.001386,-0.119888,0.492346,52,738.79,26,27,62.3
META,2026-09-29,2026-11-20,950.0,P,209.85,215.7,212.775,44.9346,-0.913655,0.001257,-0.091093,0.43905,52,738.79,5,3,62.3
META,2026-09-29,2026-11-20,960.0,P,219.35,225.15,222.25,44.9713,-0.922784,0.001154,-0.074114,0.403578,52,738.79,3,2,62.3
META,2026-09-29,2026-11-20,980.0,P,238.9,244.05,241.475,44.4891,-0.941104,0.000946,-0.036052,0.327379,52,738.79,110,1,62.3
META,2026-09-29,2026-11-20,1000.0,P,258.05,265.05,261.55,49.8906,-0.930931,0.000955,-0.072285,0.370568,52,738.79,15,0,62.3
META,2026-09-29,2026-11-20,1020.0,P,277.65,284.85,281.25,51.7827,-0.936107,0.000866,-0.065612,0.348882,52,738.79,0,0,62.3
META,2026-09-29,2026-11-20,1040.0,P,297.5,304.9,301.2,54.3034,-0.937932,0.000808,-0.067633,0.341094,52,738.79,0,0,62.3
META,2026-09-29,2026-11-20,1050.0,P,307.5,314.75,311.125,55.0053,-0.940795,0.000769,-0.062067,0.328724,52,738.79,1,0,62.3
META,2026-09-29,2026-11-20,1070.0,P,327.45,334.4,330.925,56.1345,-0.946835,0.000692,-0.048531,0.301982,52,738.79,10,0,62.3
META,2026-09-29,2026-11-20,1100.0,P,357.45,364.85,361.15,60.8646,-0.944376,0.000661,-0.065532,0.312978,52,738.79,10,0,62.3
META,2026-09-29,2026-11-20,1480.0,P,737.4,744.8,741.1,93.6829,-0.961777,0.000318,-0.047473,0.231571,52,738.79,2,0,62.3
META,2026-09-29,2026-11-20,1490.0,P,747.4,754.75,751.075,94.1773,-0.962419,0.000312,-0.044542,0.228393,52,738.79,0,0,62.3
META,2026-09-29,2026-12-18,5.0,C,730.7,737.85,734.275,496.4848,0.999542,1e-06,-0.018042,0.005665,80,738.79,3725,0,62.3
META,2026-09-29,2026-12-18,10.0,C,726.25,732.9,729.575,437.8911,0.99912,2e-06,-0.029285,0.010354,80,738.79,4,0,62.3
META,2026-09-29,2026-12-18,15.0,C,541.35,548.35,544.85,0.001,1.0,0.0,-0.001656,0.0,80,738.79,1,1,62.3
META,2026-09-29,2026-12-18,20.0,C,592.75,600.2,596.475,0.001,1.0,0.0,-0.002208,0.0,80,738.79,1,6,62.3
META,2026-09-29,2026-12-18,30.0,C,526.7,533.55,530.125,0.001,1.0,0.0,-0.003311,0.0,80,738.79,1,1,62.3
META,2026-09-29,2026-12-18,45.0,C,511.9,518.75,515.325,0.001,1.0,0.0,-0.004967,0.0,80,738.79,1,1,62.3
META,2026-09-29,2026-12-18,50.0,C,506.95,513.8,510.375,0.001,1.0,0.0,-0.005519,0.0,80,738.79,1,6,62.3
META,2026-09-29,2026-12-18,55.0,C,557.45,564.5,560.975,0.001,1.0,0.0,-0.006071,0.0,80,738.79,1,1,62.3
META,2026-09-29,2026-12-18,70.0,C,567.35,571.25,569.3,0.001,1.0,0.0,-0.007727,0.0,80,738.79,1,1,62.3
META,2026-09-29,2026-12-18,80.0,C,656.5,663.55,660.025,218.5063,0.996462,1.4e-05,-0.058537,0.036704,80,738.79,0,3,62.3
META,2026-09-29,2026-12-18,90.0,C,646.95,653.65,650.3,212.6958,0.995616,1.7e-05,-0.068541,0.044476,80,738.79,0,0,62.3
META,2026-09-29,2026-12-18,95.0,C,622.0,632.0,627.0,0.001,1.0,0.0,-0.010486,0.0,80,738.79,2,2,62.3
META,2026-09-29,2026-12-18,100.0,C,636.4,643.75,640.075,196.9727,0.995847,1.8e-05,-0.062728,0.042373,80,738.79,1,111,62.3
META,2026-09-29,2026-12-18,110.0,C,569.6,576.95,573.275,0.001,1.0,0.0,-0.012142,0.0,80,738.79,1,26,62.3
META,2026-09-29,2026-12-18,120.0,C,595.2,602.8,599.0,0.001,1.0,0.0,-0.013246,0.0,80,738.79,1,0,62.3
META,2026-09-29,2026-12-18,130.0,C,607.25,614.05,610.65,180.5665,0.993587,2.9e-05,-0.08403,0.062382,80,738.79,1,17,62.3
META,2026-09-29,2026-12-18,140.0,C,597.05,604.15,600.6,172.1437,0.993393,3.1e-05,-0.083628,0.064044,80,738.79,1,114,62.3
META,2026-09-29,2026-12-18,150.0,C,587.0,594.25,590.625,165.4054,0.993007,3.4e-05,-0.085408,0.06734,80,738.79,2,126,62.3
META,2026-09-29,2026-12-18,160.0,C,577.6,584.35,580.975,163.257,0.991699,4e-05,-0.096662,0.078315,80,738.79,8,62,62.3
META,2026-09-29,2026-12-18,170.0,C,567.35,574.45,570.9,156.0549,0.991541,4.3e-05,-0.095512,0.079623,80,738.79,10,83,62.3
META,2026-09-29,2026-12-18,180.0,C,557.35,564.55,560.95,150.7205,0.991024,4.7e-05,-0.097919,0.083876,80,738.79,36,187,62.3
META,2026-09-29,2026-12-18,190.0,C,491.15,499.05,495.1,0.001,1.0,0.0,-0.020973,0.0,80,738.79,1,225,62.3
META,2026-09-29,2026-12-18,200.0,C,537.9,544.75,541.325,143.5916,0.98908,5.8e-05,-0.110238,0.099528,80,738.79,62,337,62.3
META,2026-09-29,2026-12-18,210.0,C,527.65,534.85,531.25,137.7811,0.988886,6.1e-05,-0.109047,0.101069,80,738.79,4,264,62.3
META,2026-09-29,2026-12-18,220.0,C,518.15,524.95,521.55,135.5472,0.987464,6.9e-05,-0.118023,0.112202,80,738.79,34,288,62.3
META,2026-09-29,2026-12-18,230.0,C,507.85,515.05,511.45,130.0174,0.987327,7.3e-05,-0.116107,0.113258,80,738.79,2,157,62.3
META,2026-09-29,2026-12-18,240.0,C,498.0,505.15,501.575,126.5507,0.986415,7.9e-05,-0.120216,0.120271,80,738.79,2,43,62.3
META,2026-09-29,2026-12-18,250.0,C,488.3,495.25,491.775,123.7309,0.985207,8.7e-05,-0.126163,0.129431,80,738.79,50,298,62.3
META,2026-09-29,2026-12-18,260.0,C,478.0,485.35,481.675,118.8481,0.98504,9.2e-05,-0.124246,0.130685,80,738.79,5,824,62.3
META,2026-09-29,2026-12-18,270.0,C,468.3,475.45,471.875,116.2358,0.98375,0.000101,-0.13007,0.140293,80,738.79,12,48,62.3
META,2026-09-29,2026-12-18,280.0,C,458.25,465.6,461.925,112.6957,0.982981,0.000108,-0.131992,0.145959,80,738.79,2,79,62.3
META,2026-09-29,2026-12-18,290.0,C,448.35,455.7,452.025,109.5708,0.981996,0.000117,-0.135075,0.153145,80,738.79,6,66,62.3
META,2026-09-29,2026-12-18,300.0,C,438.6,445.8,442.2,106.9707,0.98067,0.000127,-0.139947,0.162694,80,738.79,3,195,62.3
META,2026-09-29,2026-12-18,310.0,C,428.55,435.9,432.225,103.5771,0.979903,0.000136,-0.141069,0.168153,80,738.79,1,94,62.3
META,2026-09-29,2026-12-18,320.0,C,418.75,426.0,422.375,100.9649,0.978581,0.000147,-0.145186,0.177475,80,738.79,1,139,62.3
META,2026-09-29,2026-12-18,330.0,C,408.85,416.1,412.475,98.1323,0.977428,0.000158,-0.147969,0.185507,80,738.79,4,61,62.3
META,2026-09-29,2026-12-18,340.0,C,399.4,406.25,402.825,96.5577,0.975149,0.000174,-0.156457,0.201139,80,738.79,4,122,62.3
META,2026-09-29,2026-12-18,350.0,C,389.5,396.35,392.925,93.805,0.973872,0.000187,-0.159038,0.209756,80,738.79,1,250,62.3
META,2026-09-29,2026-12-18,360.0,C,378.95,386.45,382.7,89.6852,0.974014,0.000195,-0.154244,0.208805,80,738.79,1,139,62.3
META,2026-09-29,2026-12-18,370.0,C,369.2,376.5,372.85,87.317,0.972432,0.00021,-0.157875,0.219366,80,738.79,51,152,62.3
META,2026-09-29,2026-12-18,380.0,C,359.5,366.7,363.1,85.3822,0.970311,0.000228,-0.16357,0.233314,80,738.79,1,57,62.3
META,2026-09-29,2026-12-18,390.0,C,349.6,356.8,353.2,82.8615,0.968825,0.000245,-0.165855,0.242948,80,738.79,17,493,62.3
META,2026-09-29,2026-12-18,400.0,C,339.7,346.75,343.225,80.1088,0.967643,0.000261,-0.166479,0.250535,80,738.79,1,1593,62.3
META,2026-09-29,2026-12-18,410.0,C,329.85,336.9,333.375,77.8689,0.965772,0.000282,-0.169684,0.262406,80,738.79,5,2614,62.3
META,2026-09-29,2026-12-18,420.0,C,319.95,327.05,323.5,75.5618,0.963954,0.000303,-0.172217,0.273788,80,738.79,1,891,62.3
META,2026-09-29,2026-12-18,430.0,C,310.2,317.25,313.725,73.6148,0.961519,0.000328,-0.176677,0.288807,80,738.79,7,98,62.3
META,2026-09-29,2026-12-18,440.0,C,300.35,307.4,303.875,71.4297,0.959382,0.000353,-0.17944,0.301785,80,738.79,2,173,62.3
META,2026-09-29,2026-12-18,450.0,C,290.35,297.6,293.975,69.1226,0.957405,0.000379,-0.181139,0.313635,80,738.79,1,902,62.3
META,2026-09-29,2026-12-18,460.0,C,280.9,287.85,284.375,67.6914,0.953677,0.000414,-0.18837,0.33557,80,738.79,1,173,62.3
META,2026-09-29,2026-12-18,470.0,C,271.0,278.1,274.55,65.6101,0.951041,0.000447,-0.191112,0.35078,80,738.79,2,2147,62.3
META,2026-09-29,2026-12-18,480.0,C,261.3,267.8,264.55,63.0924,0.949266,0.000478,-0.190537,0.360888,80,738.79,12,213,62.3
META,2026-09-29,2026-12-18,490.0,C,252.8,257.9,255.35,62.5645,0.9428,0.00053,-0.203896,0.396845,80,738.79,1,830,62.3
META,2026-09-29,2026-12-18,500.0,C,243.2,248.25,245.725,60.9196,0.938549,0.000576,-0.209269,0.41979,80,738.79,17,1824,62.3
META,2026-09-29,2026-12-18,505.0,C,237.8,244.0,240.9,60.059,0.936416,0.0006,-0.211618,0.431106,80,738.79,0,2,62.3
META,2026-09-29,2026-12-18,510.0,C,233.45,238.85,236.15,59.354,0.9338,0.000626,-0.215115,0.444813,80,738.79,1,164,62.3
META,2026-09-29,2026-12-18,520.0,C,223.0,229.85,226.425,57.4467,0.929677,0.000678,-0.218174,0.466049,80,738.79,1,802,62.3
META,2026-09-29,2026-12-18,525.0,C,219.35,225.1,222.225,57.7671,0.923832,0.000717,-0.229695,0.495406,80,738.79,0,15,62.3
META,2026-09-29,2026-12-18,530.0,C,214.65,219.95,217.3,56.6655,0.921936,0.000745,-0.229982,0.504747,80,738.79,5,882,62.3
META,2026-09-29,2026-12-18,540.0,C,205.3,210.65,207.975,55.399,0.915057,0.000812,-0.237949,0.537942,80,738.79,10,581,62.3
META,2026-09-29,2026-12-18,545.0,C,200.65,205.9,203.275,54.6727,0.911712,0.000847,-0.241138,0.553699,80,738.79,2,2,62.3
META,2026-09-29,2026-12-18,550.0,C,196.05,201.2,198.625,54.0166,0.908007,0.000883,-0.244875,0.570868,80,738.79,12,1313,62.3
META,2026-09-29,2026-12-18,560.0,C,186.8,192.0,189.4,52.7623,0.899952,0.000962,-0.252749,0.607217,80,738.79,2,892,62.3
META,2026-09-29,2026-12-18,565.0,C,182.4,187.15,184.775,52.0848,0.895858,0.001003,-0.256208,0.625197,80,738.79,1,754,62.3
META,2026-09-29,2026-12-18,570.0,C,177.8,183.2,180.5,51.9017,0.889829,0.001049,-0.263874,0.651093,80,738.79,2,1235,62.3
META,2026-09-29,2026-12-18,575.0,C,173.4,178.55,175.975,51.3158,0.885028,0.001093,-0.268059,0.671237,80,738.79,1,746,62.3
META,2026-09-29,2026-12-18,580.0,C,169.05,174.2,171.625,50.9465,0.879234,0.00114,-0.274084,0.694997,80,738.79,2,1081,62.3
META,2026-09-29,2026-12-18,585.0,C,164.65,169.4,167.025,50.208,0.874597,0.001188,-0.276843,0.713598,80,738.79,1,349,62.3
META,2026-09-29,2026-12-18,590.0,C,160.35,165.35,162.85,50.0005,0.867752,0.001238,-0.284196,0.740397,80,738.79,1,660,62.3
META,2026-09-29,2026-12-18,595.0,C,156.1,160.7,158.4,52.2023,0.851833,0.001281,-0.312723,0.799844,80,738.79,18,395,62.3
META,2026-09-29,2026-12-18,600.0,C,151.25,156.05,153.65,51.2761,0.847072,0.001332,-0.313675,0.816872,80,738.79,8,3430,62.3
META,2026-09-29,2026-12-18,605.0,C,147.65,152.3,149.975,51.3631,0.838452,0.001378,-0.323459,0.846862,80,738.79,4,471,62.3
META,2026-09-29,2026-12-18,610.0,C,143.6,148.0,145.8,50.7833,0.831988,0.00143,-0.327257,0.868663,80,738.79,3,924,62.3
META,2026-09-29,2026-12-18,615.0,C,138.25,143.8,141.025,50.2843,0.824996,0.001482,-0.331649,0.891595,80,738.79,1,317,62.3
META,2026-09-29,2026-12-18,620.0,C,135.55,139.7,137.625,49.8586,0.817495,0.001535,-0.336557,0.915466,80,738.79,12,1652,62.3
META,2026-09-29,2026-12-18,625.0,C,131.6,135.6,133.6,49.3993,0.809863,0.001589,-0.341026,0.939001,80,738.79,1,414,62.3
META,2026-09-29,2026-12-18,630.0,C,127.8,131.55,129.675,48.9553,0.801919,0.001644,-0.345475,0.96271,80,738.79,3,1219,62.3
META,2026-09-29,2026-12-18,635.0,C,123.85,127.55,125.7,48.5265,0.793658,0.001699,-0.349888,0.986533,80,738.79,2,211,62.3
META,2026-09-29,2026-12-18,640.0,C,120.05,123.7,121.875,48.2046,0.784764,0.001754,-0.355052,1.011257,80,738.79,1,1717,62.3
META,2026-09-29,2026-12-18,645.0,C,116.25,119.8,118.025,47.7956,0.775903,0.00181,-0.359257,1.03496,80,738.79,4,560,62.3
META,2026-09-29,2026-12-18,650.0,C,112.8,115.65,114.225,47.1212,0.767641,0.001874,-0.360946,1.056241,80,738.79,60,5124,62.3
META,2026-09-29,2026-12-18,655.0,C,108.9,112.25,110.575,47.0907,0.756996,0.001922,-0.367988,1.082522,80,738.79,9,601,62.3
META,2026-09-29,2026-12-18,660.0,C,104.8,108.2,106.5,46.4391,0.74806,0.001987,-0.369421,1.103616,80,738.79,18,2294,62.3
META,2026-09-29,2026-12-18,665.0,C,102.05,104.95,103.5,46.4437,0.736843,0.002032,-0.376228,1.128871,80,738.79,11,679,62.3
META,2026-09-29,2026-12-18,670.0,C,98.55,101.4,99.975,46.1431,0.726308,0.002086,-0.380131,1.151376,80,738.79,5,1316,62.3
META,2026-09-29,2026-12-18,675.0,C,95.25,97.9,96.575,45.841,0.715521,0.002139,-0.383724,1.173224,80,738.79,8,374,62.3
META,2026-09-29,2026-12-18,680.0,C,91.8,94.2,93.0,45.3344,0.704985,0.002201,-0.38528,1.193417,80,738.79,18,1844,62.3
META,2026-09-29,2026-12-18,685.0,C,88.05,91.2,89.625,45.3512,0.692928,0.00224,-0.390917,1.215162,80,738.79,6,231,62.3
META,2026-09-29,2026-12-18,690.0,C,85.0,87.9,86.45,45.0796,0.681347,0.00229,-0.39378,1.2347,80,738.79,2,759,62.3
META,2026-09-29,2026-12-18,695.0,C,82.65,84.7,83.675,44.84,0.669477,0.002337,-0.396551,1.253378,80,738.79,5,303,62.3
META,2026-09-29,2026-12-18,700.0,C,79.55,81.4,80.475,44.4799,0.657593,0.002388,-0.39795,1.27073,80,738.79,142,7571,62.3
META,2026-09-29,2026-12-18,705.0,C,76.6,78.55,77.575,44.4189,0.645034,0.002423,-0.401445,1.287622,80,738.79,4,503,62.3
META,2026-09-29,2026-12-18,710.0,C,73.85,75.6,74.725,44.2343,0.63251,0.002462,-0.403518,1.303009,80,738.79,5,632,62.3
META,2026-09-29,2026-12-18,715.0,C,71.2,72.6,71.9,43.9642,0.619902,0.002504,-0.404478,1.317043,80,738.79,19,288,62.3
META,2026-09-29,2026-12-18,720.0,C,68.65,69.8,69.225,43.7979,0.607042,0.002538,-0.405881,1.329871,80,738.79,150,3421,62.3
META,2026-09-29,2026-12-18,725.0,C,66.05,67.15,66.6,43.6956,0.594038,0.002566,-0.407393,1.341329,80,738.79,94,913,62.3
META,2026-09-29,2026-12-18,730.0,C,63.45,64.35,63.9,43.4362,0.58096,0.002601,-0.407176,1.351331,80,738.79,120,2195,62.3
META,2026-09-29,2026-12-18,735.0,C,61.15,62.0,61.575,43.4576,0.567809,0.002616,-0.408861,1.359863,80,738.79,441,532,62.3
META,2026-09-29,2026-12-18,740.0,C,58.8,59.7,59.25,43.4668,0.554678,0.002629,-0.410024,1.366863,80,738.79,37,957,62.3
META,2026-09-29,2026-12-18,745.0,C,56.45,57.3,56.875,43.3569,0.541473,0.002646,-0.409768,1.37238,80,738.79,29,539,62.3
META,2026-09-29,2026-12-18,750.0,C,54.25,55.15,54.7,43.3813,0.528407,0.002652,-0.410224,1.376343,80,738.79,632,6100,62.3
META,2026-09-29,2026-12-18,755.0,C,52.1,52.85,52.475,43.2516,0.515179,0.002665,-0.408959,1.378844,80,738.79,18,2255,62.3
META,2026-09-29,2026-12-18,760.0,C,49.95,50.75,50.35,43.2196,0.50212,0.002669,-0.408115,1.379823,80,738.79,115,3112,62.3
META,2026-09-29,2026-12-18,765.0,C,47.95,48.75,48.35,43.215,0.489183,0.002668,-0.407109,1.379336,80,738.79,32,2201,62.3
META,2026-09-29,2026-12-18,770.0,C,45.9,46.75,46.325,43.1646,0.476228,0.002667,-0.405315,1.377392,80,738.79,98,3206,62.3
META,2026-09-29,2026-12-18,775.0,C,44.05,44.85,44.45,43.1433,0.463429,0.002662,-0.403393,1.374041,80,738.79,35,2886,62.3
META,2026-09-29,2026-12-18,780.0,C,42.25,43.05,42.65,43.1509,0.450824,0.002653,-0.401363,1.369347,80,738.79,79,3767,62.3
META,2026-09-29,2026-12-18,785.0,C,40.55,41.3,40.925,43.1524,0.438333,0.002641,-0.398926,1.363325,80,738.79,13,703,62.3
META,2026-09-29,2026-12-18,790.0,C,38.8,39.55,39.175,43.1112,0.425832,0.002629,-0.395756,1.355928,80,738.79,15,1676,62.3
META,2026-09-29,2026-12-18,795.0,C,37.05,37.95,37.5,43.1387,0.413719,0.002611,-0.39289,1.347445,80,738.79,6,632,62.3
META,2026-09-29,2026-12-18,800.0,C,35.55,36.35,35.95,43.125,0.401612,0.002593,-0.389327,1.337665,80,738.79,494,11985,62.3
META,2026-09-29,2026-12-18,805.0,C,34.05,34.8,34.425,43.1082,0.389653,0.002573,-0.385432,1.326716,80,738.79,14,2009,62.3
META,2026-09-29,2026-12-18,810.0,C,32.5,33.3,32.9,43.0883,0.377847,0.00255,-0.381219,1.314643,80,738.79,7,1971,62.3
META,2026-09-29,2026-12-18,815.0,C,31.2,31.9,31.55,43.1051,0.366388,0.002524,-0.377093,1.301712,80,738.79,6,2224,62.3
META,2026-09-29,2026-12-18,820.0,C,29.8,30.55,30.175,43.1219,0.355125,0.002496,-0.372717,1.287827,80,738.79,13,3407,62.3
META,2026-09-29,2026-12-18,825.0,C,28.5,29.25,28.875,43.1402,0.344072,0.002467,-0.368122,1.273054,80,738.79,31,2525,62.3
META,2026-09-29,2026-12-18,830.0,C,27.25,28.0,27.625,43.1585,0.333225,0.002435,-0.36331,1.257441,80,738.79,15,3232,62.3
META,2026-09-29,2026-12-18,835.0,C,25.95,26.75,26.35,43.1402,0.322388,0.002404,-0.357912,1.240724,80,738.79,16,276,62.3
META,2026-09-29,2026-12-18,840.0,C,24.95,25.6,25.275,43.1662,0.312005,0.00237,-0.352785,1.223645,80,738.79,25,1215,62.3
META,2026-09-29,2026-12-18,845.0,C,23.85,24.5,24.175,43.1982,0.301878,0.002334,-0.347553,1.205972,80,738.79,8,2449,62.3
META,2026-09-29,2026-12-18,850.0,C,22.8,23.45,23.125,43.2348,0.292003,0.002296,-0.342218,1.187759,80,738.79,66,3753,62.3
META,2026-09-29,2026-12-18,855.0,C,21.55,22.5,22.025,43.3248,0.282679,0.002257,-0.33733,1.169662,80,738.79,2,22,62.3
META,2026-09-29,2026-12-18,860.0,C,20.85,21.45,21.15,43.2928,0.272841,0.00222,-0.33098,1.1496,80,738.79,50,1813,62.3
META,2026-09-29,2026-12-18,865.0,C,19.85,20.6,20.225,43.4027,0.264108,0.002178,-0.326092,1.130951,80,738.79,2,532,62.3
META,2026-09-29,2026-12-18,870.0,C,18.95,19.6,19.275,43.3447,0.254547,0.00214,-0.319229,1.109606,80,738.79,4,930,62.3
META,2026-09-29,2026-12-18,875.0,C,17.95,18.8,18.375,43.4378,0.246174,0.002098,-0.313985,1.090105,80,738.79,9,42,62.3
META,2026-09-29,2026-12-18,880.0,C,17.25,17.9,17.575,43.4027,0.237199,0.002058,-0.307211,1.068348,80,738.79,2,900,62.3
META,2026-09-29,2026-12-18,885.0,C,16.5,17.2,16.85,43.5278,0.229498,0.002014,-0.30222,1.048958,80,738.79,3,6,62.3
META,2026-09-29,2026-12-18,890.0,C,15.65,16.35,16.0,43.4759,0.220855,0.001973,-0.295137,1.026394,80,738.79,1006,1888,62.3
META,2026-09-29,2026-12-18,895.0,C,14.9,15.7,15.3,43.5919,0.213548,0.00193,-0.289973,1.006638,80,738.79,1,29,62.3
META,2026-09-29,2026-12-18,900.0,C,14.35,14.95,14.65,43.5736,0.205567,0.001888,-0.283215,0.984334,80,738.79,438,4624,62.3
META,2026-09-29,2026-12-18,905.0,C,13.7,14.3,14.0,43.6315,0.198314,0.001846,-0.277341,0.963394,80,738.79,1,20,62.3
META,2026-09-29,2026-12-18,910.0,C,13.15,13.65,13.4,43.659,0.191072,0.001803,-0.271104,0.941833,80,738.79,19,758,62.3
META,2026-09-29,2026-12-18,915.0,C,12.5,13.05,12.775,43.7109,0.184207,0.001761,-0.265163,0.92078,80,738.79,1,16,62.3
META,2026-09-29,2026-12-18,920.0,C,11.95,12.45,12.2,43.7323,0.177346,0.001719,-0.258874,0.899127,80,738.79,24,570,62.3
META,2026-09-29,2026-12-18,925.0,C,11.4,11.9,11.65,43.7841,0.170896,0.001677,-0.252973,0.878202,80,738.79,2,33,62.3
META,2026-09-29,2026-12-18,930.0,C,10.85,11.4,11.125,43.8696,0.164873,0.001635,-0.247507,0.858148,80,738.79,7,245,62.3
META,2026-09-29,2026-12-18,935.0,C,10.25,10.9,10.575,43.9276,0.158863,0.001594,-0.241751,0.837636,80,738.79,5,12,62.3
META,2026-09-29,2026-12-18,940.0,C,9.9,10.4,10.15,43.9581,0.152866,0.001553,-0.235711,0.816651,80,738.79,8,459,62.3
META,2026-09-29,2026-12-18,945.0,C,9.45,9.95,9.7,44.0252,0.1473,0.001513,-0.230161,0.796706,80,738.79,3,6,62.3
META,2026-09-29,2026-12-18,950.0,C,9.0,9.5,9.25,44.0649,0.14174,0.001473,-0.224338,0.776317,80,738.79,19,1567,62.3
META,2026-09-29,2026-12-18,955.0,C,8.5,9.1,8.8,44.1488,0.136649,0.001434,-0.219107,0.757228,80,738.79,2,6,62.3
META,2026-09-29,2026-12-18,960.0,C,8.1,8.7,8.4,44.2083,0.131575,0.001395,-0.213649,0.737798,80,738.79,3,265,62.3
META,2026-09-29,2026-12-18,965.0,C,7.7,8.3,8.0,44.2419,0.126509,0.001357,-0.207955,0.71798,80,738.79,4,52,62.3
META,2026-09-29,2026-12-18,970.0,C,7.5,7.9,7.7,44.248,0.121441,0.001318,-0.202012,0.697729,80,738.79,6,1664,62.3
META,2026-09-29,2026-12-18,975.0,C,7.05,7.55,7.3,44.306,0.116866,0.001281,-0.196762,0.679069,80,738.79,4,4,62.3
META,2026-09-29,2026-12-18,980.0,C,6.75,7.25,7.0,44.4158,0.112768,0.001246,-0.1922,0.662039,80,738.79,5,209,62.3
META,2026-09-29,2026-12-18,985.0,C,6.4,6.9,6.65,44.425,0.108208,0.001209,-0.186544,0.642735,80,738.79,16,8,62.3
META,2026-09-29,2026-12-18,990.0,C,6.15,6.6,6.375,44.4921,0.104152,0.001175,-0.18165,0.625239,80,738.79,3,967,62.3
META,2026-09-29,2026-12-18,995.0,C,5.8,6.3,6.05,44.5349,0.100097,0.00114,-0.176563,0.607434,80,738.79,1,26,62.3
META,2026-09-29,2026-12-18,1000.0,C,5.65,5.95,5.8,44.4677,0.095551,0.001104,-0.17032,0.587087,80,738.79,443,4869,62.3
META,2026-09-29,2026-12-18,1020.0,C,4.6,5.0,4.8,44.7759,0.082059,0.000979,-0.152842,0.524155,80,738.79,7,610,62.3
META,2026-09-29,2026-12-18,1030.0,C,4.25,4.65,4.45,45.0628,0.076732,0.000924,-0.146073,0.49819,80,738.79,4,1576,62.3
META,2026-09-29,2026-12-18,1040.0,C,3.9,4.2,4.05,45.0659,0.070363,0.000865,-0.136616,0.466253,80,738.79,6,191,62.3
META,2026-09-29,2026-12-18,1050.0,C,3.55,3.85,3.7,45.2093,0.065145,0.000812,-0.129033,0.439309,80,738.79,8,288,62.3
META,2026-09-29,2026-12-18,1060.0,C,3.25,3.5,3.375,45.2764,0.059959,0.00076,-0.121046,0.411796,80,738.79,2,241,62.3
META,2026-09-29,2026-12-18,1070.0,C,2.96,3.2,3.08,45.3924,0.05538,0.000712,-0.113928,0.386855,80,738.79,1,274,62.3
META,2026-09-29,2026-12-18,1080.0,C,2.69,2.94,2.815,45.545,0.051302,0.000668,-0.107515,0.364099,80,738.79,1,215,62.3
META,2026-09-29,2026-12-18,1090.0,C,2.46,2.67,2.565,45.606,0.047158,0.000624,-0.100594,0.340415,80,738.79,3,86,62.3
META,2026-09-29,2026-12-18,1100.0,C,2.29,2.47,2.38,45.8074,0.043879,0.000586,-0.095289,0.321248,80,738.79,70,1372,62.3
META,2026-09-29,2026-12-18,1110.0,C,2.0,2.35,2.175,46.2286,0.041669,0.000557,-0.092169,0.308103,80,738.79,2,175,62.3
META,2026-09-29,2026-12-18,1120.0,C,1.82,2.16,1.99,46.3689,0.038609,0.000522,-0.086846,0.289593,80,738.79,6,416,62.3
META,2026-09-29,2026-12-18,1130.0,C,1.7,1.99,1.845,46.5215,0.035823,0.000489,-0.081914,0.2724,80,738.79,3,93,62.3
META,2026-09-29,2026-12-18,1140.0,C,1.51,1.83,1.67,46.6558,0.033187,0.000458,-0.077111,0.255823,80,738.79,27,181,62.3
META,2026-09-29,2026-12-18,1150.0,C,1.37,1.69,1.53,46.8206,0.030846,0.00043,-0.07281,0.240828,80,738.79,30,1751,62.3
META,2026-09-29,2026-12-18,1160.0,C,1.27,1.48,1.375,46.6009,0.027554,0.000393,-0.065955,0.219272,80,738.79,16,33,62.3
META,2026-09-29,2026-12-18,1170.0,C,1.15,1.43,1.29,47.083,0.02649,0.000377,-0.064449,0.212185,80,738.79,1,51,62.3
META,2026-09-29,2026-12-18,1180.0,C,1.05,1.32,1.185,47.2295,0.024598,0.000353,-0.060733,0.19942,80,738.79,8,262,62.3
META,2026-09-29,2026-12-18,1190.0,C,0.95,1.15,1.05,46.9854,0.021868,0.000321,-0.054701,0.180614,80,738.79,4,94,62.3
META,2026-09-29,2026-12-18,1200.0,C,0.89,1.05,0.97,47.0586,0.020128,0.000299,-0.051053,0.168374,80,738.79,40,1955,62.3
META,2026-09-29,2026-12-18,1210.0,C,0.78,1.04,0.91,47.6568,0.01971,0.00029,-0.050764,0.1654,80,738.79,1,124,62.3
META,2026-09-29,2026-12-18,1220.0,C,0.71,0.96,0.835,47.791,0.018302,0.000272,-0.047779,0.155299,80,738.79,18,165,62.3
META,2026-09-29,2026-12-18,1230.0,C,0.65,0.89,0.77,47.9497,0.017051,0.000255,-0.04511,0.146195,80,738.79,6,373,62.3
META,2026-09-29,2026-12-18,1240.0,C,0.59,0.78,0.685,47.7544,0.015207,0.000232,-0.040716,0.132535,80,738.79,1,1846,62.3
META,2026-09-29,2026-12-18,1250.0,C,0.55,0.75,0.65,48.1328,0.014572,0.000222,-0.039546,0.127767,80,738.79,10,2024,62.3
META,2026-09-29,2026-12-18,1260.0,C,0.48,0.63,0.555,47.6812,0.012545,0.000197,-0.034415,0.11227,80,738.79,5,123,62.3
META,2026-09-29,2026-12-18,1270.0,C,0.44,0.63,0.535,48.2915,0.012422,0.000193,-0.034544,0.111314,80,738.79,7,189,62.3
META,2026-09-29,2026-12-18,1280.0,C,0.4,0.59,0.495,48.4868,0.011652,0.000182,-0.0328,0.105304,80,738.79,12,305,62.3
META,2026-09-29,2026-12-18,1290.0,C,0.36,0.55,0.455,48.6577,0.0109,0.000171,-0.031053,0.099377,80,738.79,11,8568,62.3
META,2026-09-29,2026-12-18,1300.0,C,0.3,0.5,0.4,48.6822,0.009998,0.000158,-0.028805,0.092164,80,738.79,40,8894,62.3
META,2026-09-29,2026-12-18,1310.0,C,0.25,0.54,0.395,49.6831,0.010503,0.000162,-0.030677,0.096215,80,738.79,10,110,62.3
META,2026-09-29,2026-12-18,1320.0,C,0.22,0.5,0.36,49.8052,0.009791,0.000152,-0.028917,0.0905,80,738.79,1,89,62.3
META,2026-09-29,2026-12-18,1330.0,C,0.19,0.46,0.325,49.854,0.009037,0.000141,-0.02698,0.084377,80,738.79,1,81,62.3
META,2026-09-29,2026-12-18,1340.0,C,0.17,0.43,0.3,50.0249,0.008489,0.000133,-0.025619,0.079869,80,738.79,1,269,62.3
META,2026-09-29,2026-12-18,1350.0,C,0.14,0.41,0.275,50.2935,0.008091,0.000127,-0.024688,0.076576,80,738.79,1,420,62.3
META,2026-09-29,2026-12-18,1360.0,C,0.12,0.39,0.255,50.5376,0.007692,0.000121,-0.023721,0.073242,80,738.79,1,96,62.3
META,2026-09-29,2026-12-18,1370.0,C,0.11,0.36,0.235,50.6108,0.007137,0.000113,-0.022234,0.068567,80,738.79,1,148,62.3
META,2026-09-29,2026-12-18,1380.0,C,0.09,0.34,0.215,50.8062,0.006746,0.000107,-0.02123,0.065236,80,738.79,1,65,62.3
META,2026-09-29,2026-12-18,1390.0,C,0.07,0.32,0.195,50.9771,0.006357,0.000101,-0.020206,0.061897,80,738.79,1,114,62.3
META,2026-09-29,2026-12-18,1400.0,C,0.08,0.27,0.175,50.5864,0.005495,9e-05,-0.017617,0.054392,80,738.79,30,2509,62.3
META,2026-09-29,2026-12-18,1410.0,C,0.04,0.29,0.165,51.4409,0.005762,9.2e-05,-0.018681,0.056738,80,738.79,3,490,62.3
META,2026-09-29,2026-12-18,1420.0,C,0.03,0.27,0.15,51.563,0.0054,8.7e-05,-0.017673,0.053558,80,738.79,1,791,62.3
META,2026-09-29,2026-12-18,1430.0,C,0.05,0.26,0.155,51.8071,0.005161,8.3e-05,-0.01705,0.05144,80,738.79,90,994,62.3
META,2026-09-29,2026-12-18,1440.0,C,0.01,0.15,0.08,49.5611,0.003245,5.7e-05,-0.01077,0.033965,80,738.79,1,43,62.3
META,2026-09-29,2026-12-18,1450.0,C,0.0,0.24,0.12,52.3442,0.004761,7.6e-05,-0.016026,0.047874,80,738.79,15,62,62.3
META,2026-09-29,2026-12-18,1460.0,C,0.0,0.23,0.115,52.5884,0.004561,7.3e-05,-0.015492,0.046074,80,738.79,1,271,62.3
META,2026-09-29,2026-12-18,1470.0,C,0.0,0.22,0.11,52.8325,0.004372,7e-05,-0.014985,0.044371,80,738.79,1,137,62.3
META,2026-09-29,2026-12-18,1480.0,C,0.01,0.12,0.065,50.2935,0.002593,4.6e-05,-0.008921,0.027745,80,738.79,2,2058,62.3
META,2026-09-29,2026-12-18,1490.0,C,0.0,0.2,0.1,53.2231,0.003965,6.4e-05,-0.013826,0.040653,80,738.79,6,128,62.3
META,2026-09-29,2026-12-18,5.0,P,0.0,0.01,0.005,306.2502,-1.3e-05,0.0,-0.000377,0.000198,80,738.79,3,474,62.3
META,2026-09-29,2026-12-18,10.0,P,0.0,0.01,0.005,262.5003,-1.9e-05,0.0,-0.000459,0.000281,80,738.79,13,118,62.3
META,2026-09-29,2026-12-18,15.0,P,0.0,0.2,0.1,298.4378,-0.000238,1e-06,-0.005717,0.003081,80,738.79,5,25,62.3
META,2026-09-29,2026-12-18,20.0,P,0.0,0.2,0.1,273.4378,-0.000264,1e-06,-0.005766,0.003392,80,738.79,2,325,62.3
META,2026-09-29,2026-12-18,25.0,P,0.0,0.25,0.125,260.9378,-0.00035,1e-06,-0.00715,0.00441,80,738.79,1,10,62.3
META,2026-09-29,2026-12-18,30.0,P,0.0,0.01,0.005,187.5001,-2.1e-05,0.0,-0.000361,0.00031,80,738.79,5,63,62.3
META,2026-09-29,2026-12-18,35.0,P,0.0,0.35,0.175,240.6254,-0.000522,2e-06,-0.009562,0.006398,80,738.79,2,14,62.3
META,2026-09-29,2026-12-18,40.0,P,0.0,0.4,0.2,232.6176,-0.000618,3e-06,-0.0108,0.007478,80,738.79,2,17,62.3
META,2026-09-29,2026-12-18,45.0,P,0.0,1.02,0.51,247.9496,-0.001355,5e-06,-0.023679,0.015386,80,738.79,1,2,62.3
META,2026-09-29,2026-12-18,50.0,P,0.0,1.17,0.585,241.9926,-0.001582,6e-06,-0.026605,0.017716,80,738.79,2,427,62.3
META,2026-09-29,2026-12-18,55.0,P,0.0,0.87,0.435,224.4145,-0.001322,6e-06,-0.020944,0.015042,80,738.79,2,41,62.3
META,2026-09-29,2026-12-18,60.0,P,0.0,0.87,0.435,216.5044,-0.001383,6e-06,-0.02105,0.015673,80,738.79,4,22,62.3
META,2026-09-29,2026-12-18,65.0,P,0.0,1.17,0.585,216.9926,-0.001811,8e-06,-0.026966,0.020037,80,738.79,2,34,62.3
META,2026-09-29,2026-12-18,70.0,P,0.0,0.1,0.05,163.2814,-0.000254,2e-06,-0.003316,0.003275,80,738.79,1,28,62.3
META,2026-09-29,2026-12-18,75.0,P,0.0,0.89,0.445,196.9727,-0.001582,8e-06,-0.021634,0.017716,80,738.79,1,16,62.3
META,2026-09-29,2026-12-18,80.0,P,0.0,0.15,0.075,159.3752,-0.000384,3e-06,-0.004751,0.004808,80,738.79,4,45,62.3
META,2026-09-29,2026-12-18,90.0,P,0.0,1.02,0.51,183.7891,-0.001943,1e-05,-0.024327,0.021362,80,738.79,20,345,62.3
META,2026-09-29,2026-12-18,95.0,P,0.0,1.0,0.5,178.5157,-0.001971,1e-05,-0.02393,0.021639,80,738.79,2,203,62.3
META,2026-09-29,2026-12-18,100.0,P,0.0,0.04,0.02,128.1254,-0.000132,1e-06,-0.001408,0.001774,80,738.79,2,446,62.3
META,2026-09-29,2026-12-18,110.0,P,0.0,1.02,0.51,165.9181,-0.002174,1.2e-05,-0.024299,0.023655,80,738.79,1,139,62.3
META,2026-09-29,2026-12-18,120.0,P,0.0,0.02,0.01,110.9379,-8e-05,1e-06,-0.000758,0.001105,80,738.79,5,204,62.3
META,2026-09-29,2026-12-18,130.0,P,0.0,1.02,0.51,151.3674,-0.002411,1.4e-05,-0.024324,0.025975,80,738.79,2,321,62.3
META,2026-09-29,2026-12-18,140.0,P,0.0,0.08,0.04,112.8911,-0.000304,3e-06,-0.002701,0.003869,80,738.79,2,263,62.3
META,2026-09-29,2026-12-18,150.0,P,0.0,0.06,0.03,105.8598,-0.000248,3e-06,-0.002097,0.003205,80,738.79,7,357,62.3
META,2026-09-29,2026-12-18,160.0,P,0.01,0.08,0.045,105.0786,-0.000371,4e-06,-0.003023,0.004656,80,738.79,20,417,62.3
META,2026-09-29,2026-12-18,170.0,P,0.0,0.08,0.04,99.8047,-0.000341,4e-06,-0.002653,0.004304,80,738.79,5,590,62.3
META,2026-09-29,2026-12-18,180.0,P,0.0,0.89,0.445,121.4359,-0.002687,2e-05,-0.021482,0.028654,80,738.79,3,323,62.3
META,2026-09-29,2026-12-18,190.0,P,0.0,0.06,0.03,90.2345,-0.000284,3e-06,-0.002021,0.00363,80,738.79,1,220,62.3
META,2026-09-29,2026-12-18,200.0,P,0.0,0.07,0.035,88.2814,-0.00035,4e-06,-0.002402,0.004412,80,738.79,3,1033,62.3
META,2026-09-29,2026-12-18,210.0,P,0.0,0.5,0.25,101.7583,-0.001882,1.7e-05,-0.013015,0.020746,80,738.79,63,475,62.3
META,2026-09-29,2026-12-18,220.0,P,0.01,0.15,0.08,87.6954,-0.000743,8e-06,-0.004786,0.008858,80,738.79,777,487,62.3
META,2026-09-29,2026-12-18,230.0,P,0.03,0.33,0.18,91.504,-0.001543,1.6e-05,-0.009761,0.017321,80,738.79,5,136,62.3
META,2026-09-29,2026-12-18,240.0,P,0.02,0.47,0.245,91.1622,-0.00206,2.1e-05,-0.012643,0.022529,80,738.79,8,284,62.3
META,2026-09-29,2026-12-18,250.0,P,0.02,0.35,0.185,85.4494,-0.00169,1.8e-05,-0.009892,0.018816,80,738.79,7,683,62.3
META,2026-09-29,2026-12-18,260.0,P,0.0,0.15,0.075,75.5862,-0.000807,1.1e-05,-0.004445,0.009565,80,738.79,3,644,62.3
META,2026-09-29,2026-12-18,270.0,P,0.01,0.19,0.1,75.0003,-0.001079,1.4e-05,-0.005753,0.012483,80,738.79,5,311,62.3
META,2026-09-29,2026-12-18,280.0,P,0.02,0.15,0.085,71.2893,-0.000966,1.3e-05,-0.004938,0.011278,80,738.79,3,375,62.3
META,2026-09-29,2026-12-18,290.0,P,0.03,0.13,0.08,68.4573,-0.000949,1.4e-05,-0.004662,0.011096,80,738.79,5,365,62.3
META,2026-09-29,2026-12-18,300.0,P,0.05,0.13,0.09,66.7972,-0.001082,1.6e-05,-0.005129,0.012519,80,738.79,16,1392,62.3
META,2026-09-29,2026-12-18,310.0,P,0.05,0.17,0.11,65.723,-0.001327,1.9e-05,-0.006079,0.015089,80,738.79,3,423,62.3
META,2026-09-29,2026-12-18,320.0,P,0.07,0.24,0.155,65.6253,-0.001831,2.6e-05,-0.008135,0.020238,80,738.79,59,581,62.3
META,2026-09-29,2026-12-18,330.0,P,0.08,0.25,0.165,63.7699,-0.001997,2.9e-05,-0.00855,0.021902,80,738.79,6,179,62.3
META,2026-09-29,2026-12-18,340.0,P,0.09,0.27,0.18,62.1098,-0.002221,3.2e-05,-0.009161,0.024113,80,738.79,7,293,62.3
META,2026-09-29,2026-12-18,350.0,P,0.15,0.29,0.22,61.2309,-0.002713,3.9e-05,-0.010817,0.028904,80,738.79,12,1772,62.3
META,2026-09-29,2026-12-18,360.0,P,0.12,0.31,0.215,58.936,-0.002754,4.2e-05,-0.010542,0.02929,80,738.79,16,2605,62.3
META,2026-09-29,2026-12-18,370.0,P,0.13,0.34,0.235,57.4223,-0.003073,4.7e-05,-0.011332,0.032341,80,738.79,2,337,62.3
META,2026-09-29,2026-12-18,380.0,P,0.16,0.37,0.265,56.104,-0.003504,5.4e-05,-0.012447,0.03639,80,738.79,2,678,62.3
META,2026-09-29,2026-12-18,390.0,P,0.18,0.4,0.29,54.6391,-0.003904,6.1e-05,-0.013344,0.040096,80,738.79,24,487,62.3
META,2026-09-29,2026-12-18,400.0,P,0.22,0.45,0.335,53.5161,-0.004531,7.2e-05,-0.014917,0.045807,80,738.79,15,1847,62.3
META,2026-09-29,2026-12-18,410.0,P,0.27,0.43,0.35,51.8071,-0.004857,7.9e-05,-0.015348,0.048735,80,738.79,4,691,62.3
META,2026-09-29,2026-12-18,420.0,P,0.4,0.57,0.485,51.9536,-0.006566,0.000102,-0.020096,0.063694,80,738.79,6,1855,62.3
META,2026-09-29,2026-12-18,430.0,P,0.41,0.54,0.475,50.6841,-0.007403,0.000117,-0.02177,0.070808,80,738.79,4,543,62.3
META,2026-09-29,2026-12-18,440.0,P,0.47,0.76,0.615,51.0747,-0.010059,0.000152,-0.028677,0.092655,80,738.79,22,829,62.3
META,2026-09-29,2026-12-18,450.0,P,0.63,0.86,0.745,49.9761,-0.011483,0.000174,-0.031451,0.103981,80,738.79,5,4610,62.3
META,2026-09-29,2026-12-18,460.0,P,0.73,0.97,0.85,48.8775,-0.013079,0.000199,-0.034387,0.116392,80,738.79,39,1799,62.3
META,2026-09-29,2026-12-18,470.0,P,0.87,1.09,0.98,47.7666,-0.014847,0.000227,-0.037436,0.129838,80,738.79,30,1484,62.3
META,2026-09-29,2026-12-18,480.0,P,1.14,1.33,1.235,47.2906,-0.017922,0.00027,-0.043485,0.152547,80,738.79,8,2012,62.3
META,2026-09-29,2026-12-18,490.0,P,1.35,1.6,1.475,46.7657,-0.021403,0.000317,-0.049926,0.177363,80,738.79,29,2017,62.3
META,2026-09-29,2026-12-18,500.0,P,1.65,1.82,1.735,45.8013,-0.02445,0.000362,-0.054609,0.198407,80,738.79,945,7110,62.3
META,2026-09-29,2026-12-18,505.0,P,1.74,2.06,1.9,45.8318,-0.027308,0.000397,-0.059896,0.217636,80,738.79,2,40,62.3
META,2026-09-29,2026-12-18,510.0,P,1.93,2.23,2.08,45.4962,-0.029495,0.000426,-0.06334,0.232046,80,738.79,1,3376,62.3
META,2026-09-29,2026-12-18,515.0,P,2.13,2.34,2.235,44.898,-0.031147,0.000452,-0.065335,0.242769,80,738.79,1,5,62.3
META,2026-09-29,2026-12-18,520.0,P,2.29,2.55,2.42,44.6295,-0.033782,0.000486,-0.069382,0.259588,80,738.79,34,1862,62.3
META,2026-09-29,2026-12-18,525.0,P,2.5,2.83,2.665,44.544,-0.03712,0.000526,-0.074747,0.280447,80,738.79,1,23,62.3
META,2026-09-29,2026-12-18,530.0,P,2.75,3.05,2.9,44.2022,-0.039928,0.000563,-0.07864,0.297619,80,738.79,11,3022,62.3
META,2026-09-29,2026-12-18,535.0,P,2.98,3.2,3.09,43.6102,-0.042127,0.000596,-0.080948,0.310845,80,738.79,3,4,62.3
META,2026-09-29,2026-12-18,540.0,P,3.25,3.6,3.425,43.6895,-0.046647,0.000646,-0.087956,0.337452,80,738.79,10,1718,62.3
META,2026-09-29,2026-12-18,545.0,P,3.55,3.9,3.725,43.421,-0.05029,0.00069,-0.092736,0.358366,80,738.79,2,19,62.3
META,2026-09-29,2026-12-18,550.0,P,4.0,4.15,4.075,42.9846,-0.053558,0.000733,-0.096405,0.376756,80,738.79,36,5599,62.3
META,2026-09-29,2026-12-18,555.0,P,4.2,4.6,4.4,42.9693,-0.05858,0.000787,-0.103322,0.404353,80,738.79,1,33,62.3
META,2026-09-29,2026-12-18,560.0,P,4.6,4.95,4.775,42.6641,-0.062801,0.000837,-0.108199,0.426969,80,738.79,6,1917,62.3
META,2026-09-29,2026-12-18,565.0,P,5.0,5.3,5.15,42.3163,-0.067097,0.000888,-0.112835,0.449474,80,738.79,9,615,62.3
META,2026-09-29,2026-12-18,570.0,P,5.5,5.8,5.65,42.2125,-0.072645,0.000946,-0.119512,0.477809,80,738.79,118,2705,62.3
META,2026-09-29,2026-12-18,575.0,P,5.95,6.35,6.15,42.1362,-0.078625,0.001007,-0.126555,0.507496,80,738.79,61,977,62.3
META,2026-09-29,2026-12-18,580.0,P,6.45,6.85,6.65,41.9073,-0.084271,0.001067,-0.132452,0.534748,80,738.79,42,2014,62.3
META,2026-09-29,2026-12-18,585.0,P,7.0,7.4,7.2,41.7059,-0.090343,0.001129,-0.138656,0.56326,80,738.79,6,632,62.3
META,2026-09-29,2026-12-18,590.0,P,7.6,8.0,7.8,41.5259,-0.09683,0.001193,-0.145109,0.592856,80,738.79,113,2150,62.3
META,2026-09-29,2026-12-18,595.0,P,8.2,8.65,8.425,41.3672,-0.103746,0.00126,-0.151802,0.623472,80,738.79,111,1107,62.3
META,2026-09-29,2026-12-18,600.0,P,8.9,9.25,9.075,41.0772,-0.110379,0.001327,-0.157384,0.651977,80,738.79,194,4284,62.3
META,2026-09-29,2026-12-18,605.0,P,9.6,10.0,9.8,40.946,-0.118102,0.001397,-0.16437,0.684144,80,738.79,6,421,62.3
META,2026-09-29,2026-12-18,610.0,P,10.35,10.85,10.6,40.885,-0.126517,0.001468,-0.171984,0.718011,80,738.79,77,1183,62.3
META,2026-09-29,2026-12-18,615.0,P,11.2,11.65,11.425,40.6958,-0.134668,0.00154,-0.178441,0.749692,80,738.79,11,796,62.3
META,2026-09-29,2026-12-18,620.0,P,12.0,12.6,12.3,40.6317,-0.143785,0.001613,-0.185973,0.78387,80,738.79,21,1679,62.3
META,2026-09-29,2026-12-18,625.0,P,12.95,13.55,13.25,40.5051,-0.152955,0.001686,-0.192879,0.816967,80,738.79,20,511,62.3
META,2026-09-29,2026-12-18,630.0,P,14.0,14.55,14.275,40.3754,-0.162467,0.00176,-0.199667,0.849998,80,738.79,18,1540,62.3
META,2026-09-29,2026-12-18,635.0,P,15.05,15.5,15.275,40.1312,-0.171785,0.001835,-0.205312,0.881119,80,738.79,14,331,62.3
META,2026-09-29,2026-12-18,640.0,P,16.2,16.75,16.475,40.1495,-0.182716,0.001907,-0.21317,0.916128,80,738.79,38,1300,62.3
META,2026-09-29,2026-12-18,645.0,P,17.35,17.8,17.575,39.8993,-0.192724,0.001984,-0.218457,0.94681,80,738.79,34,317,62.3
META,2026-09-29,2026-12-18,650.0,P,18.6,19.2,18.9,39.9405,-0.20443,0.002053,-0.226151,0.981094,80,738.79,221,3015,62.3
META,2026-09-29,2026-12-18,655.0,P,19.85,20.55,20.2,39.8672,-0.215928,0.002124,-0.232601,1.013142,80,738.79,10,236,62.3
META,2026-09-29,2026-12-18,660.0,P,21.25,21.85,21.55,39.6872,-0.227287,0.002197,-0.237865,1.043268,80,738.79,57,5079,62.3
META,2026-09-29,2026-12-18,665.0,P,22.7,23.25,22.975,39.5438,-0.239136,0.002268,-0.243187,1.073119,80,738.79,5,634,62.3
META,2026-09-29,2026-12-18,670.0,P,24.2,24.75,24.475,39.4308,-0.251426,0.002337,-0.248486,1.102427,80,738.79,235,1526,62.3
META,2026-09-29,2026-12-18,675.0,P,25.8,26.35,26.075,39.3469,-0.264124,0.002403,-0.253719,1.130986,80,738.79,4,237,62.3
META,2026-09-29,2026-12-18,680.0,P,27.45,28.15,27.8,39.3729,-0.277478,0.002461,-0.259554,1.15918,80,738.79,63,1833,62.3
META,2026-09-29,2026-12-18,685.0,P,29.1,29.9,29.5,39.295,-0.290703,0.002521,-0.264131,1.185288,80,738.79,21,146,62.3
META,2026-09-29,2026-12-18,690.0,P,31.0,31.65,31.325,39.1608,-0.304002,0.002582,-0.267849,1.209763,80,738.79,23,621,62.3
META,2026-09-29,2026-12-18,695.0,P,32.85,33.55,33.2,39.0906,-0.317727,0.002637,-0.271713,1.233187,80,738.79,10,178,62.3
META,2026-09-29,2026-12-18,700.0,P,34.9,35.65,35.275,39.118,-0.331884,0.002683,-0.275978,1.255433,80,738.79,627,2353,62.3
META,2026-09-29,2026-12-18,705.0,P,36.9,37.6,37.25,38.9731,-0.345815,0.002736,-0.278368,1.275459,80,738.79,50,411,62.3
META,2026-09-29,2026-12-18,710.0,P,39.05,39.7,39.375,38.8876,-0.360061,0.002782,-0.280813,1.294056,80,738.79,55,417,62.3
META,2026-09-29,2026-12-18,715.0,P,41.25,42.0,41.625,38.8953,-0.374589,0.002818,-0.283578,1.311089,80,738.79,60,323,62.3
META,2026-09-29,2026-12-18,720.0,P,43.5,44.2,43.85,38.7747,-0.389062,0.002859,-0.284815,1.326142,80,738.79,11210,714,62.3
META,2026-09-29,2026-12-18,725.0,P,45.85,46.65,46.25,38.7824,-0.403759,0.002887,-0.286646,1.339494,80,738.79,92,305,62.3
META,2026-09-29,2026-12-18,730.0,P,48.3,49.05,48.675,38.7,-0.418463,0.002918,-0.287257,1.350922,80,738.79,66,1890,62.3
META,2026-09-29,2026-12-18,735.0,P,50.8,51.6,51.2,38.6725,-0.433235,0.002941,-0.287848,1.360474,80,738.79,11,210,62.3
META,2026-09-29,2026-12-18,740.0,P,53.4,54.25,53.825,38.6633,-0.448012,0.002958,-0.288118,1.36811,80,738.79,49,215,62.3
META,2026-09-29,2026-12-18,745.0,P,56.05,56.95,56.5,38.6374,-0.462784,0.002972,-0.287776,1.373834,80,738.79,8,151,62.3
META,2026-09-29,2026-12-18,750.0,P,58.75,59.65,59.2,38.5596,-0.477594,0.002987,-0.286525,1.377666,80,738.79,31,2032,62.3
META,2026-09-29,2026-12-18,755.0,P,61.45,62.5,61.975,38.5382,-0.492302,0.002992,-0.285289,1.379586,80,738.79,11,290,62.3
META,2026-09-29,2026-12-18,760.0,P,64.35,65.4,64.875,38.5001,-0.506975,0.002995,-0.283455,1.379632,80,738.79,9,382,62.3
META,2026-09-29,2026-12-18,765.0,P,67.3,68.4,67.85,38.4848,-0.521515,0.002993,-0.281374,1.377836,80,738.79,3,295,62.3
META,2026-09-29,2026-12-18,770.0,P,70.3,71.5,70.9,38.4909,-0.535885,0.002984,-0.279051,1.374257,80,738.79,17,114,62.3
META,2026-09-29,2026-12-18,775.0,P,73.4,74.8,74.1,38.5947,-0.549804,0.002965,-0.277193,1.369076,80,738.79,4,64,62.3
META,2026-09-29,2026-12-18,780.0,P,76.6,77.8,77.2,38.4299,-0.564434,0.002962,-0.272512,1.361806,80,738.79,1,106,62.3
META,2026-09-29,2026-12-18,785.0,P,79.8,81.1,80.45,38.436,-0.578351,0.002943,-0.268984,1.353145,80,738.79,2,46,62.3
META,2026-09-29,2026-12-18,790.0,P,83.1,84.6,83.85,38.5443,-0.591653,0.002913,-0.266049,1.343266,80,738.79,1,179,62.3
META,2026-09-29,2026-12-18,795.0,P,86.5,87.75,87.125,38.3414,-0.606084,0.002901,-0.259825,1.330766,80,738.79,2,49,62.3
META,2026-09-29,2026-12-18,800.0,P,89.9,91.6,90.75,38.6237,-0.618108,0.002854,-0.257908,1.318922,80,738.79,8,289,62.3
META,2026-09-29,2026-12-18,805.0,P,93.35,94.85,94.1,38.4024,-0.632297,0.002837,-0.250808,1.303258,80,738.79,38,91,62.3
META,2026-09-29,2026-12-18,810.0,P,96.9,98.65,97.775,38.5611,-0.644349,0.002793,-0.247141,1.288501,80,738.79,13,24,62.3
META,2026-09-29,2026-12-18,815.0,P,100.5,102.3,101.4,38.5596,-0.656974,0.002757,-0.241622,1.271596,80,738.79,1,9,62.3
META,2026-09-29,2026-12-18,820.0,P,104.15,106.0,105.075,38.5535,-0.669379,0.002718,-0.235798,1.253526,80,738.79,1,88,62.3
META,2026-09-29,2026-12-18,825.0,P,107.85,109.7,108.775,38.5031,-0.681798,0.002679,-0.229274,1.233964,80,738.79,8,14,62.3
META,2026-09-29,2026-12-18,830.0,P,111.55,113.55,112.55,38.5321,-0.693479,0.002634,-0.22336,1.2142,80,738.79,1,13,62.3
META,2026-09-29,2026-12-18,835.0,P,115.25,117.3,116.275,38.4345,-0.705697,0.002593,-0.215896,1.192088,80,738.79,2,21,62.3
META,2026-09-29,2026-12-18,840.0,P,119.05,121.25,120.15,38.465,-0.716826,0.002544,-0.209624,1.170644,80,738.79,6,27,62.3
META,2026-09-29,2026-12-18,845.0,P,216.8,220.05,218.425,108.6751,-0.496852,0.001061,-0.872663,1.3798,80,738.79,1,13,62.3
META,2026-09-29,2026-12-18,850.0,P,126.75,129.35,128.05,38.5809,-0.737837,0.002441,-0.197264,1.126686,80,738.79,4,46,62.3
META,2026-09-29,2026-12-18,855.0,P,130.65,132.9,131.775,38.114,-0.751609,0.002402,-0.184994,1.095343,80,738.79,2,1,62.3
META,2026-09-29,2026-12-18,860.0,P,134.65,137.6,136.125,38.6816,-0.757771,0.002335,-0.184306,1.080652,80,738.79,2,1,62.3
META,2026-09-29,2026-12-18,865.0,P,138.65,142.05,140.35,38.9899,-0.76545,0.002276,-0.180665,1.061754,80,738.79,1,1,62.3
META,2026-09-29,2026-12-18,870.0,P,142.7,145.45,144.075,38.2254,-0.780607,0.002236,-0.164599,1.022492,80,738.79,1,6,62.3
META,2026-09-29,2026-12-18,875.0,P,146.8,149.7,148.25,38.2544,-0.78974,0.00218,-0.157604,0.997542,80,738.79,6,16,62.3
META,2026-09-29,2026-12-18,880.0,P,150.9,154.75,152.825,39.0845,-0.792666,0.002116,-0.159979,0.989338,80,738.79,10,12,62.3
META,2026-09-29,2026-12-18,890.0,P,159.3,163.25,161.275,38.9929,-0.810557,0.002008,-0.144233,0.936893,80,738.79,1,2,62.3
META,2026-09-29,2026-12-18,900.0,P,167.85,171.35,169.6,38.2636,-0.832112,0.001897,-0.120892,0.86825,80,738.79,2,112,62.3
META,2026-09-29,2026-12-18,910.0,P,228.45,235.55,232.0,83.9113,-0.622278,0.001309,-0.61311,1.314509,80,738.79,15,0,62.3
META,2026-09-29,2026-12-18,920.0,P,185.3,189.25,187.275,38.3032,-0.860801,0.001674,-0.092511,0.766838,80,738.79,1,1,62.3
META,2026-09-29,2026-12-18,930.0,P,194.2,198.4,196.3,38.3887,-0.873121,0.001567,-0.079533,0.719443,80,738.79,1,2,62.3
META,2026-09-29,2026-12-18,940.0,P,203.25,207.65,205.45,38.4955,-0.884337,0.001464,-0.067168,0.674103,80,738.79,5,5,62.3
META,2026-09-29,2026-12-18,945.0,P,207.8,212.25,210.025,38.4619,-0.890204,0.001412,-0.060126,0.649505,80,738.79,0,1,62.3
META,2026-09-29,2026-12-18,950.0,P,212.35,216.95,214.65,38.5596,-0.894948,0.001364,-0.054711,0.629152,80,738.79,1,1,62.3
META,2026-09-29,2026-12-18,960.0,P,344.55,347.35,345.95,139.6426,-0.523974,0.000824,-1.121321,1.377351,80,738.79,1,1,62.3
META,2026-09-29,2026-12-18,970.0,P,230.8,237.05,233.925,41.0193,-0.898924,0.001247,-0.057382,0.611763,80,738.79,1,1,62.3
META,2026-09-29,2026-12-18,980.0,P,360.1,367.3,363.7,141.3257,-0.532973,0.000813,-1.131154,1.375127,80,738.79,50,0,62.3
META,2026-09-29,2026-12-18,990.0,P,330.3,334.5,332.4,112.6179,-0.608198,0.000986,-0.849091,1.328779,80,738.79,1,4,62.3
META,2026-09-29,2026-12-18,1000.0,P,259.25,265.15,262.2,40.5951,-0.926615,0.000992,-0.017354,0.481531,80,738.79,1,3,62.3
META,2026-09-29,2026-12-18,1020.0,P,278.65,284.75,281.7,41.6693,-0.934501,0.000885,-0.007265,0.441161,80,738.79,1,0,62.3
META,2026-09-29,2026-12-18,1030.0,P,367.45,375.3,371.375,117.8364,-0.621861,0.000933,-0.876838,1.314958,80,738.79,2,0,62.3
META,2026-09-29,2026-12-18,1040.0,P,377.1,384.95,381.025,119.0022,-0.625228,0.000921,-0.882352,1.311291,80,738.79,10,0,62.3
META,2026-09-29,2026-12-18,1050.0,P,486.85,493.8,490.325,192.8849,-0.471265,0.000596,-1.566753,1.376262,80,738.79,25,0,62.3
META,2026-09-29,2026-12-18,1060.0,P,409.55,416.9,413.225,131.0123,-0.605413,0.000849,-0.995313,1.331389,80,738.79,3,0,62.3
META,2026-09-29,2026-12-18,1070.0,P,419.55,426.9,423.225,132.3917,-0.607697,0.000839,-1.003735,1.329253,80,738.79,0,0,62.3
META,2026-09-29,2026-12-18,1080.0,P,429.55,436.9,433.225,133.7482,-0.609911,0.000829,-1.011953,1.327138,80,738.79,8,0,62.3
META,2026-09-29,2026-12-18,1090.0,P,477.0,484.65,480.825,162.7733,-0.546826,0.000704,-1.296564,1.370327,80,738.79,1,0,62.3
META,2026-09-29,2026-12-18,1100.0,P,427.35,434.25,430.8,119.1502,-0.662284,0.000887,-0.839858,1.26404,80,738.79,10,0,62.3
META,2026-09-29,2026-12-18,1120.0,P,376.1,379.2,377.65,0.001,-1.0,0.0,0.123628,0.0,80,738.79,2,13,62.3
META,2026-09-29,2026-12-18,1130.0,P,385.75,388.75,387.25,0.001,-1.0,0.0,0.124732,0.0,80,738.79,10,0,62.3
META,2026-09-29,2026-12-18,1140.0,P,395.2,398.45,396.825,0.001,-1.0,0.0,0.125835,0.0,80,738.79,10,0,62.3
META,2026-09-29,2026-12-18,1150.0,P,486.95,494.85,490.9,133.2355,-0.649232,0.000804,-0.960652,1.28214,80,738.79,4,0,62.3
META,2026-09-29,2026-12-18,1160.0,P,414.75,418.15,416.45,0.001,-1.0,0.0,0.128043,0.0,80,738.79,2,0,62.3
META,2026-09-29,2026-12-18,1170.0,P,424.8,428.15,426.475,0.001,-1.0,0.0,0.129147,0.0,80,738.79,1,0,62.3
META,2026-09-29,2026-12-18,1180.0,P,434.8,438.15,436.475,0.001,-1.0,0.0,0.130251,0.0,80,738.79,16,0,62.3
META,2026-09-29,2026-12-18,1200.0,P,586.65,594.6,590.625,176.4039,-0.564986,0.000645,-1.389977,1.361495,80,738.79,1,0,62.3
META,2026-09-29,2026-12-18,1220.0,P,474.75,478.15,476.45,0.001,-1.0,0.0,0.134666,0.0,80,738.79,2,0,62.3
META,2026-09-29,2026-12-18,1230.0,P,566.0,573.75,569.875,141.5134,-0.664479,0.000745,-0.998188,1.260838,80,738.79,1,0,62.3
META,2026-09-29,2026-12-18,1240.0,P,521.0,530.0,525.5,93.3411,-0.827967,0.00079,-0.389032,0.881931,80,738.79,2,0,62.3
META,2026-09-29,2026-12-18,1270.0,P,677.25,681.25,679.25,197.7539,-0.544842,0.00058,-1.575425,1.371117,80,738.79,0,0,62.3
META,2026-09-29,2026-12-18,1280.0,P,534.75,538.1,536.425,0.001,-1.0,0.0,0.141289,0.0,80,738.79,0,0,62.3
META,2026-09-29,2026-12-18,1300.0,P,627.3,634.85,631.075,141.6019,-0.694109,0.000716,-0.947456,1.213095,80,738.79,1,0,62.3
META,2026-09-29,2026-12-18,1400.0,P,654.75,658.1,656.425,0.001,-1.0,0.0,0.154535,0.0,80,738.79,0,0,62.3
META,2026-09-29,2026-12-18,1410.0,P,664.7,668.1,666.4,0.001,-1.0,0.0,0.155639,0.0,80,738.79,2,0,62.3
META,2026-09-29,2026-12-18,1420.0,P,735.05,742.7,738.875,142.0886,-0.737693,0.000663,-0.859232,1.127005,80,738.79,1,0,62.3
