symbol,quote_date,expiration,strike,option_type,bid,ask,mid,implied_volatility,delta,gamma,theta,vega,dte,underlying_price,volume,open_interest,iv_rank
META,2026-08-20,2026-08-28,100.0,C,443.25,449.95,446.6,486.1332,0.996727,2.5e-05,-0.252869,0.007997,8,545.83,0,35,76.02
META,2026-08-20,2026-08-28,170.0,C,373.2,380.0,376.6,337.7931,0.995121,5.2e-05,-0.258292,0.011433,8,545.83,1,1,76.02
META,2026-08-20,2026-08-28,220.0,C,322.85,330.1,326.475,260.7425,0.9946,7.3e-05,-0.225888,0.012514,8,545.83,0,3,76.02
META,2026-08-20,2026-08-28,260.0,C,283.15,290.1,286.625,222.6567,0.992178,0.000119,-0.267534,0.017366,8,545.83,2,0,76.02
META,2026-08-20,2026-08-28,290.0,C,253.45,260.1,256.775,197.8516,0.989509,0.000174,-0.306434,0.022456,8,545.83,1,1,76.02
META,2026-08-20,2026-08-28,300.0,C,243.3,250.15,246.725,186.7188,0.989454,0.000185,-0.293026,0.022559,8,545.83,2,6,76.02
META,2026-08-20,2026-08-28,320.0,C,223.35,230.15,226.75,169.4337,0.98801,0.000228,-0.2988,0.025222,8,545.83,0,4,76.02
META,2026-08-20,2026-08-28,330.0,C,213.45,220.15,216.8,162.1096,0.986795,0.000259,-0.31046,0.027419,8,545.83,0,4,76.02
META,2026-08-20,2026-08-28,340.0,C,202.85,210.25,206.55,146.5823,0.989091,0.000243,-0.246661,0.023233,8,545.83,0,4,76.02
META,2026-08-20,2026-08-28,360.0,C,183.4,190.2,186.8,137.2562,0.984372,0.000354,-0.307489,0.031699,8,545.83,0,4,76.02
META,2026-08-20,2026-08-28,370.0,C,173.45,180.3,176.875,131.0062,0.98239,0.00041,-0.323935,0.03511,8,545.83,0,4,76.02
META,2026-08-20,2026-08-28,390.0,C,154.0,160.25,157.125,120.1176,0.976362,0.000574,-0.376395,0.045057,8,545.83,3,17,76.02
META,2026-08-20,2026-08-28,400.0,C,143.85,150.25,147.05,111.1821,0.975905,0.000631,-0.35731,0.045789,8,545.83,1,4,76.02
META,2026-08-20,2026-08-28,410.0,C,133.85,140.3,137.075,104.0776,0.973775,0.000723,-0.359787,0.049158,8,545.83,14,4,76.02
META,2026-08-20,2026-08-28,420.0,C,124.1,130.3,127.2,98.4863,0.969655,0.000863,-0.382466,0.055508,8,545.83,5,5,76.02
META,2026-08-20,2026-08-28,425.0,C,119.15,125.3,122.225,95.1172,0.968064,0.000932,-0.385445,0.057905,8,545.83,1,11,76.02
META,2026-08-20,2026-08-28,430.0,C,114.2,120.35,117.275,92.0899,0.965897,0.001016,-0.393397,0.061123,8,545.83,10,10,76.02
META,2026-08-20,2026-08-28,435.0,C,109.1,115.35,112.225,87.7687,0.96546,0.001078,-0.380899,0.061766,8,545.83,1,0,76.02
META,2026-08-20,2026-08-28,440.0,C,104.2,110.35,107.275,84.7414,0.963046,0.00118,-0.388204,0.065282,8,545.83,2,1,76.02
META,2026-08-20,2026-08-28,450.0,C,94.15,100.4,97.275,77.4905,0.959706,0.001384,-0.382544,0.070051,8,545.83,1,4,76.02
META,2026-08-20,2026-08-28,460.0,C,84.2,90.45,87.325,70.8255,0.954655,0.001666,-0.385154,0.077068,8,545.83,3,3,76.02
META,2026-08-20,2026-08-28,465.0,C,79.35,85.45,82.4,67.9691,0.950642,0.001859,-0.394695,0.082487,8,545.83,20,1,76.02
META,2026-08-20,2026-08-28,470.0,C,74.25,80.5,77.375,64.1361,0.948587,0.002035,-0.386255,0.085213,8,545.83,48,2,76.02
META,2026-08-20,2026-08-28,475.0,C,69.3,75.55,72.425,60.9867,0.944482,0.002274,-0.390139,0.09056,8,545.83,52,6,76.02
META,2026-08-20,2026-08-28,480.0,C,64.35,70.6,67.475,57.8129,0.939892,0.002553,-0.393512,0.096396,8,545.83,102,18,76.02
META,2026-08-20,2026-08-28,485.0,C,59.4,65.45,62.425,53.7724,0.937516,0.00283,-0.379513,0.099361,8,545.83,94,12,76.02
META,2026-08-20,2026-08-28,490.0,C,54.5,60.8,57.65,51.8804,0.927001,0.003307,-0.408807,0.112049,8,545.83,38,18,76.02
META,2026-08-20,2026-08-28,495.0,C,49.65,55.7,52.675,65.4117,0.856833,0.004275,-0.78838,0.182607,8,545.83,30,20,76.02
META,2026-08-20,2026-08-28,500.0,C,45.4,48.85,47.125,51.6728,0.884007,0.004677,-0.553676,0.157812,8,545.83,56,37,76.02
META,2026-08-20,2026-08-28,505.0,C,40.1,46.4,43.25,59.5097,0.8253,0.005355,-0.814953,0.208077,8,545.83,34,23,76.02
META,2026-08-20,2026-08-28,510.0,C,35.5,41.65,38.575,55.8598,0.808445,0.006042,-0.810006,0.220385,8,545.83,36,46,76.02
META,2026-08-20,2026-08-28,515.0,C,32.25,35.9,34.075,48.084,0.806132,0.007071,-0.708221,0.222008,8,545.83,8,38,76.02
META,2026-08-20,2026-08-28,520.0,C,28.0,30.5,29.25,41.773,0.796147,0.008389,-0.638456,0.228831,8,545.83,19,345,76.02
META,2026-08-20,2026-08-28,525.0,C,24.7,26.05,25.375,39.0082,0.763214,0.00979,-0.6476,0.249363,8,545.83,15,360,76.02
META,2026-08-20,2026-08-28,530.0,C,20.4,22.8,21.6,39.8505,0.706126,0.010696,-0.730039,0.278325,8,545.83,114,309,76.02
META,2026-08-20,2026-08-28,535.0,C,17.45,18.9,18.175,37.6959,0.655994,0.012082,-0.735142,0.297408,8,545.83,237,248,76.02
META,2026-08-20,2026-08-28,540.0,C,14.75,15.45,15.1,36.2128,0.595705,0.013239,-0.740006,0.313057,8,545.83,344,274,76.02
META,2026-08-20,2026-08-28,545.0,C,12.05,12.95,12.5,36.6767,0.527952,0.013428,-0.765143,0.321587,8,545.83,619,380,76.02
META,2026-08-20,2026-08-28,550.0,C,9.75,10.5,10.125,36.3471,0.460392,0.013516,-0.753213,0.320788,8,545.83,727,952,76.02
META,2026-08-20,2026-08-28,555.0,C,7.9,8.5,8.2,36.4203,0.394743,0.013081,-0.729178,0.311092,8,545.83,312,498,76.02
META,2026-08-20,2026-08-28,560.0,C,6.2,6.7,6.45,36.1823,0.33123,0.012405,-0.680486,0.293082,8,545.83,1207,719,76.02
META,2026-08-20,2026-08-28,565.0,C,4.9,5.3,5.1,36.3349,0.274351,0.011351,-0.626311,0.269321,8,545.83,303,611,76.02
META,2026-08-20,2026-08-28,567.5,C,4.3,4.8,4.55,36.7926,0.250593,0.010702,-0.604678,0.257113,8,545.83,66,136,76.02
META,2026-08-20,2026-08-28,570.0,C,3.9,4.15,4.025,36.4997,0.223686,0.010135,-0.563041,0.24155,8,545.83,1255,867,76.02
META,2026-08-20,2026-08-28,572.5,C,3.35,3.6,3.475,36.3532,0.199223,0.009508,-0.523524,0.225703,8,545.83,102,582,76.02
META,2026-08-20,2026-08-28,575.0,C,2.98,3.25,3.115,36.8231,0.180659,0.008839,-0.498836,0.212527,8,545.83,801,958,76.02
META,2026-08-20,2026-08-28,577.5,C,2.54,2.88,2.71,37.0368,0.161968,0.008195,-0.467489,0.198192,8,545.83,334,214,76.02
META,2026-08-20,2026-08-28,580.0,C,2.3,2.53,2.415,37.1588,0.144231,0.007563,-0.433983,0.183522,8,545.83,1082,975,76.02
META,2026-08-20,2026-08-28,582.5,C,2.02,2.27,2.145,37.5617,0.129899,0.006966,-0.408095,0.170854,8,545.83,29,102,76.02
META,2026-08-20,2026-08-28,585.0,C,1.8,1.96,1.88,37.525,0.11408,0.006365,-0.371918,0.155957,8,545.83,412,767,76.02
META,2026-08-20,2026-08-28,587.5,C,1.57,1.79,1.68,38.111,0.1036,0.005847,-0.352195,0.145515,8,545.83,48,177,76.02
META,2026-08-20,2026-08-28,590.0,C,1.36,1.56,1.46,38.2086,0.091265,0.005314,-0.321559,0.132592,8,545.83,457,884,76.02
META,2026-08-20,2026-08-28,592.5,C,1.21,1.41,1.31,38.6847,0.082306,0.004859,-0.301197,0.122738,8,545.83,55,147,76.02
META,2026-08-20,2026-08-28,595.0,C,1.1,1.21,1.155,38.6481,0.071503,0.00437,-0.270256,0.110285,8,545.83,139,920,76.02
META,2026-08-20,2026-08-28,597.5,C,0.88,1.11,0.995,39.2462,0.065057,0.004001,-0.255009,0.10253,8,545.83,31,180,76.02
META,2026-08-20,2026-08-28,600.0,C,0.86,0.95,0.905,39.2218,0.056309,0.003576,-0.227531,0.091577,8,545.83,3667,4366,76.02
META,2026-08-20,2026-08-28,602.5,C,0.78,0.89,0.835,39.9786,0.052013,0.003294,-0.2177,0.086002,8,545.83,62,197,76.02
META,2026-08-20,2026-08-28,605.0,C,0.68,0.78,0.73,40.1617,0.045744,0.002959,-0.197288,0.077612,8,545.83,206,618,76.02
META,2026-08-20,2026-08-28,607.5,C,0.59,0.77,0.68,41.3092,0.043959,0.002787,-0.196439,0.075165,8,545.83,37,86,76.02
META,2026-08-20,2026-08-28,610.0,C,0.58,0.64,0.61,41.0406,0.037079,0.002443,-0.169919,0.065463,8,545.83,252,940,76.02
META,2026-08-20,2026-08-28,612.5,C,0.47,0.63,0.55,42.1148,0.035606,0.002303,-0.168611,0.063327,8,545.83,6,281,76.02
META,2026-08-20,2026-08-28,615.0,C,0.42,0.55,0.485,42.2369,0.03117,0.002058,-0.151505,0.056754,8,545.83,113,582,76.02
META,2026-08-20,2026-08-28,617.5,C,0.39,0.55,0.47,43.4088,0.030399,0.001961,-0.152458,0.055589,8,545.83,3,171,76.02
META,2026-08-20,2026-08-28,620.0,C,0.36,0.45,0.405,43.0181,0.025232,0.001694,-0.129331,0.047596,8,545.83,257,1416,76.02
META,2026-08-20,2026-08-28,625.0,C,0.29,0.38,0.335,43.9947,0.020951,0.001417,-0.113038,0.040697,8,545.83,38,1316,76.02
META,2026-08-20,2026-08-28,630.0,C,0.24,0.34,0.29,45.313,0.018213,0.001221,-0.103314,0.036132,8,545.83,272,1631,76.02
META,2026-08-20,2026-08-28,635.0,C,0.19,0.31,0.25,46.729,0.016139,0.001068,-0.096042,0.032586,8,545.83,200,735,76.02
META,2026-08-20,2026-08-28,640.0,C,0.19,0.23,0.21,46.6802,0.012012,0.000829,-0.074348,0.025261,8,545.83,175,661,76.02
META,2026-08-20,2026-08-28,645.0,C,0.12,0.26,0.19,49.4634,0.012806,0.000827,-0.083239,0.026702,8,545.83,21,906,76.02
META,2026-08-20,2026-08-28,650.0,C,0.16,0.19,0.175,49.2193,0.009401,0.000635,-0.063278,0.020405,8,545.83,1027,2115,76.02
META,2026-08-20,2026-08-28,655.0,C,0.08,0.2,0.14,51.4653,0.009533,0.000615,-0.066957,0.020656,8,545.83,79,526,76.02
META,2026-08-20,2026-08-28,660.0,C,0.12,0.24,0.18,52.5395,0.008367,0.000537,-0.060954,0.018425,8,545.83,127,792,76.02
META,2026-08-20,2026-08-28,665.0,C,0.1,0.2,0.15,53.1255,0.006924,0.00045,-0.052155,0.015595,8,545.83,4,204,76.02
META,2026-08-20,2026-08-28,670.0,C,0.1,0.15,0.125,53.6137,0.005664,0.000373,-0.044048,0.013054,8,545.83,824,391,76.02
META,2026-08-20,2026-08-28,675.0,C,0.06,0.18,0.12,55.0786,0.005323,0.000343,-0.042813,0.012353,8,545.83,107,508,76.02
META,2026-08-20,2026-08-28,680.0,C,0.05,0.17,0.11,56.1528,0.004764,0.000305,-0.039539,0.011193,8,545.83,93,708,76.02
META,2026-08-20,2026-08-28,685.0,C,0.04,0.16,0.1,57.1293,0.004227,0.00027,-0.036145,0.010059,8,545.83,4,199,76.02
META,2026-08-20,2026-08-28,690.0,C,0.05,0.1,0.075,56.934,0.003177,0.000209,-0.027872,0.007785,8,545.83,57,241,76.02
META,2026-08-20,2026-08-28,695.0,C,0.03,0.24,0.135,62.4027,0.00523,0.000298,-0.047719,0.012163,8,545.83,2,178,76.02
META,2026-08-20,2026-08-28,700.0,C,0.05,0.2,0.125,63.4769,0.004777,0.000271,-0.044764,0.011219,8,545.83,220,1546,76.02
META,2026-08-20,2026-08-28,705.0,C,0.05,0.11,0.08,61.9144,0.0031,0.000188,-0.029637,0.007616,8,545.83,7,382,76.02
META,2026-08-20,2026-08-28,710.0,C,0.03,0.09,0.06,61.5238,0.002309,0.000145,-0.022567,0.005836,8,545.83,34,561,76.02
META,2026-08-20,2026-08-28,715.0,C,0.05,0.11,0.08,64.9418,0.002966,0.000173,-0.029862,0.007318,8,545.83,7,69,76.02
META,2026-08-20,2026-08-28,720.0,C,0.02,0.11,0.065,65.0394,0.002404,0.000143,-0.024737,0.006053,8,545.83,44,589,76.02
META,2026-08-20,2026-08-28,725.0,C,0.05,0.27,0.16,73.2425,0.005292,0.000257,-0.056539,0.012289,8,545.83,11,609,76.02
META,2026-08-20,2026-08-28,730.0,C,0.02,0.12,0.07,68.3597,0.002445,0.000138,-0.026395,0.006147,8,545.83,1,179,76.02
META,2026-08-20,2026-08-28,735.0,C,0.02,0.23,0.125,74.219,0.004075,0.000201,-0.045373,0.009734,8,545.83,157,152,76.02
META,2026-08-20,2026-08-28,740.0,C,0.03,0.06,0.045,68.1644,0.001552,9.1e-05,-0.017409,0.004067,8,545.83,93,285,76.02
META,2026-08-20,2026-08-28,745.0,C,0.03,0.04,0.035,67.9691,0.001211,7.3e-05,-0.013836,0.003242,8,545.83,84,141,76.02
META,2026-08-20,2026-08-28,750.0,C,0.01,0.04,0.025,67.1878,0.000854,5.4e-05,-0.009932,0.002354,8,545.83,114,413,76.02
META,2026-08-20,2026-08-28,755.0,C,0.02,0.08,0.05,73.0471,0.00165,9e-05,-0.01973,0.004302,8,545.83,1,85,76.02
META,2026-08-20,2026-08-28,760.0,C,0.01,0.27,0.14,82.4221,0.004084,0.000181,-0.050463,0.009754,8,545.83,10,327,76.02
META,2026-08-20,2026-08-28,765.0,C,0.02,0.64,0.33,92.8712,0.008644,0.000313,-0.110504,0.018959,8,545.83,35,49,76.02
META,2026-08-20,2026-08-28,770.0,C,0.0,0.12,0.06,78.1252,0.001807,9.2e-05,-0.022908,0.004672,8,545.83,3,1697,76.02
META,2026-08-20,2026-08-28,775.0,C,0.01,0.13,0.07,80.6643,0.002059,0.0001,-0.026632,0.005261,8,545.83,403,244,76.02
META,2026-08-20,2026-08-28,780.0,C,0.01,0.09,0.05,79.2971,0.001464,7.4e-05,-0.01919,0.003856,8,545.83,194,539,76.02
META,2026-08-20,2026-08-28,785.0,C,0.01,0.12,0.065,82.8127,0.00189,9e-05,-0.02529,0.004867,8,545.83,17,145,76.02
META,2026-08-20,2026-08-28,790.0,C,0.02,0.3,0.16,92.1876,0.004209,0.000166,-0.057958,0.01002,8,545.83,343,265,76.02
META,2026-08-20,2026-08-28,795.0,C,0.02,0.12,0.07,85.9376,0.001953,8.9e-05,-0.027038,0.005015,8,545.83,202,671,76.02
META,2026-08-20,2026-08-28,800.0,C,0.01,0.1,0.055,85.1564,0.001523,7.2e-05,-0.021367,0.003999,8,545.83,179,1699,76.02
META,2026-08-20,2026-08-28,805.0,C,0.0,0.1,0.05,85.547,0.001359,6.4e-05,-0.019332,0.003602,8,545.83,21,245,76.02
META,2026-08-20,2026-08-28,810.0,C,0.0,0.1,0.05,86.7189,0.001332,6.2e-05,-0.019247,0.003538,8,545.83,38,465,76.02
META,2026-08-20,2026-08-28,815.0,C,0.01,0.03,0.02,81.2502,0.000546,2.9e-05,-0.007938,0.001557,8,545.83,927,1562,76.02
META,2026-08-20,2026-08-28,820.0,C,0.0,0.1,0.05,89.2579,0.001316,6e-05,-0.019589,0.003499,8,545.83,219,1349,76.02
META,2026-08-20,2026-08-28,825.0,C,0.0,0.1,0.05,90.4298,0.001296,5.8e-05,-0.019566,0.00345,8,545.83,111,438,76.02
META,2026-08-20,2026-08-28,830.0,C,0.01,0.1,0.055,92.3829,0.001394,6.1e-05,-0.021376,0.003689,8,545.83,327,316,76.02
META,2026-08-20,2026-08-28,835.0,C,0.0,0.01,0.005,78.1252,0.000153,9e-06,-0.002331,0.000476,8,545.83,839,198,76.02
META,2026-08-20,2026-08-28,840.0,C,0.0,0.11,0.055,94.9219,0.001388,5.9e-05,-0.021861,0.003672,8,545.83,148,590,76.02
META,2026-08-20,2026-08-28,845.0,C,0.0,0.01,0.005,79.6877,0.000137,8e-06,-0.002149,0.00043,8,545.83,139,620,76.02
META,2026-08-20,2026-08-28,850.0,C,0.0,0.01,0.005,81.2502,0.00015,9e-06,-0.002384,0.000468,8,545.83,190,758,76.02
META,2026-08-20,2026-08-28,855.0,C,0.0,0.01,0.005,81.2502,0.000124,7e-06,-0.001996,0.000392,8,545.83,205,163,76.02
META,2026-08-20,2026-08-28,860.0,C,0.0,0.01,0.005,82.8127,0.000136,8e-06,-0.00222,0.000427,8,545.83,115,1177,76.02
META,2026-08-20,2026-08-28,865.0,C,0.0,0.01,0.005,84.3752,0.000149,8e-06,-0.002461,0.000465,8,545.83,71,128,76.02
META,2026-08-20,2026-08-28,870.0,C,0.0,0.01,0.005,84.3752,0.000125,7e-06,-0.00208,0.000393,8,545.83,100,42,76.02
META,2026-08-20,2026-08-28,875.0,C,0.0,0.88,0.44,128.0277,0.008407,0.000221,-0.148491,0.018503,8,545.83,110,122,76.02
META,2026-08-20,2026-08-28,880.0,C,0.0,0.38,0.19,117.2856,0.003917,0.000123,-0.069075,0.009395,8,545.83,17,45,76.02
META,2026-08-20,2026-08-28,885.0,C,0.0,0.01,0.005,87.5001,0.000126,7e-06,-0.002184,0.000398,8,545.83,13,59,76.02
META,2026-08-20,2026-08-28,890.0,C,0.0,0.01,0.005,87.5001,0.000106,6e-06,-0.001861,0.000339,8,545.83,1,99,76.02
META,2026-08-20,2026-08-28,895.0,C,0.0,0.01,0.005,89.0626,0.000117,6e-06,-0.002076,0.000372,8,545.83,20,32,76.02
META,2026-08-20,2026-08-28,900.0,C,0.0,0.01,0.005,90.6251,0.000129,7e-06,-0.002308,0.000406,8,545.83,262,182,76.02
META,2026-08-20,2026-08-28,905.0,C,0.0,0.98,0.49,137.5491,0.008723,0.000213,-0.164741,0.01911,8,545.83,10,61,76.02
META,2026-08-20,2026-08-28,910.0,C,0.0,0.01,0.005,90.6251,9.3e-05,5e-06,-0.001702,0.0003,8,545.83,9,102,76.02
META,2026-08-20,2026-08-28,915.0,C,0.0,0.01,0.005,93.7501,0.000133,7e-06,-0.002451,0.000417,8,545.83,25,320,76.02
META,2026-08-20,2026-08-28,920.0,C,0.0,0.01,0.005,93.7501,0.000114,6e-06,-0.002122,0.000361,8,545.83,59,65,76.02
META,2026-08-20,2026-08-28,925.0,C,0.0,0.01,0.005,93.7501,9.8e-05,5e-06,-0.001836,0.000313,8,545.83,1,167,76.02
META,2026-08-20,2026-08-28,930.0,C,0.0,0.91,0.455,142.4808,0.007826,0.000187,-0.155125,0.017374,8,545.83,94,231,76.02
META,2026-08-20,2026-08-28,935.0,C,0.0,0.01,0.005,96.875,0.000119,6e-06,-0.002281,0.000376,8,545.83,49,333,76.02
META,2026-08-20,2026-08-28,940.0,C,0.0,0.01,0.005,96.875,0.000103,5e-06,-0.001988,0.000327,8,545.83,16,215,76.02
META,2026-08-20,2026-08-28,945.0,C,0.0,0.01,0.005,96.875,8.9e-05,5e-06,-0.001732,0.000285,8,545.83,8,288,76.02
META,2026-08-20,2026-08-28,950.0,C,0.0,0.01,0.005,98.4375,9.8e-05,5e-06,-0.001936,0.000314,8,545.83,9,180,76.02
META,2026-08-20,2026-08-28,955.0,C,0.0,1.44,0.72,157.3244,0.01125,0.000232,-0.235225,0.023864,8,545.83,89,75,76.02
META,2026-08-20,2026-08-28,960.0,C,0.0,1.25,0.625,155.6643,0.009869,0.000209,-0.207644,0.021291,8,545.83,100,52,76.02
META,2026-08-20,2026-08-28,965.0,C,0.0,1.25,0.625,156.8362,0.009784,0.000206,-0.207635,0.021131,8,545.83,3,31,76.02
META,2026-08-20,2026-08-28,970.0,C,0.0,0.2,0.1,129.2972,0.001843,5.6e-05,-0.038536,0.004757,8,545.83,3,18,76.02
META,2026-08-20,2026-08-28,975.0,C,0.0,1.02,0.51,155.176,0.008046,0.000176,-0.173064,0.017802,8,545.83,2,21,76.02
META,2026-08-20,2026-08-28,980.0,C,0.0,0.35,0.175,138.6722,0.003034,8.2e-05,-0.06489,0.007469,8,545.83,7,127,76.02
META,2026-08-20,2026-08-28,985.0,C,0.0,1.22,0.61,161.0354,0.009298,0.000192,-0.203875,0.020209,8,545.83,1,99,76.02
META,2026-08-20,2026-08-28,990.0,C,0.0,0.82,0.41,154.5412,0.006489,0.000146,-0.14257,0.014726,8,545.83,1,225,76.02
META,2026-08-20,2026-08-28,995.0,C,0.0,0.17,0.085,132.2269,0.001512,4.6e-05,-0.032911,0.003973,8,545.83,1,527,76.02
META,2026-08-20,2026-08-28,1000.0,C,0.0,0.68,0.34,153.4182,0.005409,0.000125,-0.120446,0.012532,8,545.83,25,49,76.02
META,2026-08-20,2026-08-28,1010.0,C,0.0,1.22,0.61,166.797,0.009006,0.00018,-0.205343,0.019653,8,545.83,1,99,76.02
META,2026-08-20,2026-08-28,1020.0,C,0.0,1.22,0.61,168.9943,0.008876,0.000176,-0.205401,0.019404,8,545.83,1,64,76.02
META,2026-08-20,2026-08-28,1030.0,C,0.0,0.17,0.085,139.0628,0.001453,4.2e-05,-0.033367,0.00383,8,545.83,41,240,76.02
META,2026-08-20,2026-08-28,1040.0,C,0.0,1.46,0.73,177.3439,0.010143,0.000188,-0.242201,0.021805,8,545.83,62,18,76.02
META,2026-08-20,2026-08-28,1050.0,C,0.0,0.66,0.33,163.3791,0.004932,0.000108,-0.118128,0.011544,8,545.83,1,143,76.02
META,2026-08-20,2026-08-28,1060.0,C,0.0,1.17,0.585,176.7579,0.008144,0.000156,-0.199194,0.017993,8,545.83,95,242,76.02
META,2026-08-20,2026-08-28,1070.0,C,0.0,0.12,0.06,141.7972,0.000976,2.9e-05,-0.023623,0.00266,8,545.83,3,49,76.02
META,2026-08-20,2026-08-28,1080.0,C,0.0,1.22,0.61,181.836,0.008258,0.000153,-0.207412,0.018214,8,545.83,98,75,76.02
META,2026-08-20,2026-08-28,1090.0,C,0.0,0.01,0.005,121.8754,9.3e-05,4e-06,-0.002271,0.000298,8,545.83,2,23,76.02
META,2026-08-20,2026-08-28,1100.0,C,0.0,0.01,0.005,121.8754,7.6e-05,3e-06,-0.001877,0.000246,8,545.83,4,101,76.02
META,2026-08-20,2026-08-28,1110.0,C,0.0,0.01,0.005,125.0004,9.3e-05,4e-06,-0.002327,0.000297,8,545.83,27,324,76.02
META,2026-08-20,2026-08-28,100.0,P,0.0,0.01,0.005,300.0002,-2.6e-05,0.0,-0.00169,9e-05,8,545.83,9,41,76.02
META,2026-08-20,2026-08-28,110.0,P,0.0,1.02,0.51,434.7661,-0.002464,2.2e-05,-0.168014,0.006189,8,545.83,1,42,76.02
META,2026-08-20,2026-08-28,120.0,P,0.0,1.02,0.51,411.5239,-0.002617,2.4e-05,-0.167906,0.006535,8,545.83,19,70,76.02
META,2026-08-20,2026-08-28,130.0,P,0.0,0.1,0.05,306.2502,-0.000346,5e-06,-0.019495,0.00102,8,545.83,1,277,76.02
META,2026-08-20,2026-08-28,140.0,P,0.0,1.17,0.585,377.3438,-0.0033,3.3e-05,-0.189738,0.008055,8,545.83,11,311,76.02
META,2026-08-20,2026-08-28,150.0,P,0.0,1.17,0.585,358.8868,-0.003485,3.6e-05,-0.18955,0.008461,8,545.83,43,224,76.02
META,2026-08-20,2026-08-28,160.0,P,0.0,1.02,0.51,335.6447,-0.003268,3.6e-05,-0.167297,0.007985,8,545.83,0,7,76.02
META,2026-08-20,2026-08-28,170.0,P,0.0,1.02,0.51,319.7268,-0.003438,4e-05,-0.166793,0.008358,8,545.83,7,35,76.02
META,2026-08-20,2026-08-28,190.0,P,0.0,1.02,0.51,290.8206,-0.003813,4.8e-05,-0.16647,0.009172,8,545.83,4,43,76.02
META,2026-08-20,2026-08-28,200.0,P,0.0,1.02,0.51,277.4417,-0.004005,5.3e-05,-0.165925,0.009583,8,545.83,2,77,76.02
META,2026-08-20,2026-08-28,210.0,P,0.0,0.82,0.41,257.5199,-0.003486,5e-05,-0.135978,0.008462,8,545.83,3,252,76.02
META,2026-08-20,2026-08-28,220.0,P,0.0,0.82,0.41,245.7035,-0.003657,5.5e-05,-0.135449,0.008835,8,545.83,8,232,76.02
META,2026-08-20,2026-08-28,230.0,P,0.0,1.02,0.51,241.2113,-0.004649,7e-05,-0.164789,0.01095,8,545.83,2,141,76.02
META,2026-08-20,2026-08-28,240.0,P,0.0,0.23,0.115,193.75,-0.001303,2.7e-05,-0.041904,0.003467,8,545.83,2,296,76.02
META,2026-08-20,2026-08-28,250.0,P,0.0,1.46,0.73,230.6157,-0.006944,0.000104,-0.224932,0.015636,8,545.83,1,40,76.02
META,2026-08-20,2026-08-28,260.0,P,0.0,0.01,0.005,134.3753,-6.4e-05,2e-06,-0.001753,0.000209,8,545.83,1,302,76.02
META,2026-08-20,2026-08-28,270.0,P,0.0,0.05,0.025,145.3128,-0.000358,1.1e-05,-0.009551,0.001054,8,545.83,1,1,76.02
META,2026-08-20,2026-08-28,280.0,P,0.0,0.05,0.025,138.2816,-0.00038,1.2e-05,-0.009602,0.001114,8,545.83,2,2,76.02
META,2026-08-20,2026-08-28,290.0,P,0.0,0.05,0.025,131.2503,-0.000395,1.3e-05,-0.009453,0.001155,8,545.83,2,6,76.02
META,2026-08-20,2026-08-28,300.0,P,0.0,0.05,0.025,125.0004,-0.000432,1.5e-05,-0.009782,0.001255,8,545.83,25,175,76.02
META,2026-08-20,2026-08-28,310.0,P,0.0,0.05,0.025,118.7504,-0.000466,1.7e-05,-0.009953,0.001345,8,545.83,5,32,76.02
META,2026-08-20,2026-08-28,320.0,P,0.0,0.05,0.025,112.5004,-0.000493,1.9e-05,-0.009946,0.001419,8,545.83,1,20,76.02
META,2026-08-20,2026-08-28,330.0,P,0.0,0.05,0.025,106.2505,-0.000514,2.1e-05,-0.00975,0.001473,8,545.83,27,36,76.02
META,2026-08-20,2026-08-28,340.0,P,0.0,0.05,0.025,100.0005,-0.000525,2.3e-05,-0.009357,0.001502,8,545.83,1,63,76.02
META,2026-08-20,2026-08-28,350.0,P,0.01,0.05,0.03,96.0938,-0.000686,3.1e-05,-0.011515,0.001924,8,545.83,18,262,76.02
META,2026-08-20,2026-08-28,360.0,P,0.0,0.18,0.09,100.3911,-0.001988,7.8e-05,-0.031851,0.005095,8,545.83,2,184,76.02
META,2026-08-20,2026-08-28,370.0,P,0.0,0.93,0.465,115.4789,-0.009029,0.000261,-0.141629,0.019697,8,545.83,2,61,76.02
META,2026-08-20,2026-08-28,380.0,P,0.0,0.9,0.45,107.9594,-0.009368,0.000289,-0.136713,0.020343,8,545.83,12,40,76.02
META,2026-08-20,2026-08-28,390.0,P,0.0,0.3,0.15,87.5001,-0.003837,0.000161,-0.050223,0.009224,8,545.83,1,93,76.02
META,2026-08-20,2026-08-28,400.0,P,0.01,0.45,0.23,86.0353,-0.006028,0.000246,-0.073842,0.013797,8,545.83,110,324,76.02
META,2026-08-20,2026-08-28,405.0,P,0.01,0.5,0.255,84.0822,-0.00683,0.000281,-0.080582,0.015409,8,545.83,87,132,76.02
META,2026-08-20,2026-08-28,410.0,P,0.01,0.18,0.095,71.8753,-0.00298,0.000157,-0.032841,0.007349,8,545.83,9,903,76.02
META,2026-08-20,2026-08-28,415.0,P,0.05,0.11,0.08,67.7738,-0.002641,0.000149,-0.027762,0.00659,8,545.83,51,121,76.02
META,2026-08-20,2026-08-28,420.0,P,0.05,0.11,0.08,65.0394,-0.002734,0.00016,-0.027482,0.006799,8,545.83,4,349,76.02
META,2026-08-20,2026-08-28,425.0,P,0.01,0.29,0.15,67.1878,-0.005035,0.000268,-0.049083,0.011757,8,545.83,3,62,76.02
META,2026-08-20,2026-08-28,430.0,P,0.02,0.2,0.11,62.0121,-0.003991,0.000236,-0.036802,0.009554,8,545.83,5,380,76.02
META,2026-08-20,2026-08-28,435.0,P,0.02,0.14,0.08,57.227,-0.003159,0.000207,-0.027522,0.007745,8,545.83,4,872,76.02
META,2026-08-20,2026-08-28,440.0,P,0.01,0.28,0.145,58.5942,-0.005585,0.000337,-0.046896,0.012893,8,545.83,2,128,76.02
META,2026-08-20,2026-08-28,445.0,P,0.04,0.18,0.11,53.9067,-0.004538,0.000304,-0.035851,0.010717,8,545.83,6,86,76.02
META,2026-08-20,2026-08-28,450.0,P,0.07,0.11,0.09,50.0982,-0.004013,0.000293,-0.029832,0.0096,8,545.83,25,315,76.02
META,2026-08-20,2026-08-28,455.0,P,0.05,0.16,0.105,51.0747,-0.007032,0.000474,-0.050071,0.015811,8,545.83,2,103,76.02
META,2026-08-20,2026-08-28,460.0,P,0.06,0.19,0.125,49.5122,-0.008617,0.000585,-0.05802,0.018907,8,545.83,9,225,76.02
META,2026-08-20,2026-08-28,465.0,P,0.1,0.21,0.155,47.4615,-0.009966,0.000693,-0.063132,0.021474,8,545.83,1,254,76.02
META,2026-08-20,2026-08-28,470.0,P,0.11,0.22,0.165,44.9713,-0.010951,0.000794,-0.064899,0.023311,8,545.83,32,4275,76.02
META,2026-08-20,2026-08-28,475.0,P,0.12,0.28,0.2,43.7994,-0.014318,0.001028,-0.079676,0.029402,8,545.83,104,218,76.02
META,2026-08-20,2026-08-28,480.0,P,0.18,0.32,0.25,41.8463,-0.017062,0.001251,-0.088413,0.034174,8,545.83,54,401,76.02
META,2026-08-20,2026-08-28,485.0,P,0.24,0.37,0.305,39.8932,-0.020481,0.001533,-0.098381,0.039923,8,545.83,66,318,76.02
META,2026-08-20,2026-08-28,490.0,P,0.34,0.51,0.425,39.1852,-0.028521,0.00206,-0.127507,0.052723,8,545.83,148,862,76.02
META,2026-08-20,2026-08-28,495.0,P,0.48,0.66,0.57,38.0133,-0.03758,0.002666,-0.155113,0.066184,8,545.83,67,207,76.02
META,2026-08-20,2026-08-28,500.0,P,0.69,0.88,0.785,37.0856,-0.050548,0.003472,-0.191996,0.08407,8,545.83,426,1328,76.02
META,2026-08-20,2026-08-28,505.0,P,1.02,1.19,1.105,36.3288,-0.068431,0.004495,-0.238208,0.106621,8,545.83,59,414,76.02
META,2026-08-20,2026-08-28,510.0,P,1.38,1.57,1.475,35.3766,-0.090437,0.005701,-0.286056,0.131698,8,545.83,323,1213,76.02
META,2026-08-20,2026-08-28,515.0,P,1.88,2.16,2.02,34.9372,-0.121883,0.007164,-0.349936,0.16343,8,545.83,128,373,76.02
META,2026-08-20,2026-08-28,520.0,P,2.73,3.05,2.89,35.0592,-0.164632,0.008749,-0.429531,0.200303,8,545.83,496,1206,76.02
META,2026-08-20,2026-08-28,525.0,P,3.65,4.0,3.825,34.4367,-0.210524,0.010372,-0.489981,0.233232,8,545.83,304,968,76.02
META,2026-08-20,2026-08-28,530.0,P,4.9,5.25,5.075,34.0461,-0.265921,0.011926,-0.549015,0.265149,8,545.83,338,966,76.02
META,2026-08-20,2026-08-28,535.0,P,6.45,6.95,6.7,34.1742,-0.330892,0.013128,-0.606785,0.292962,8,545.83,237,713,76.02
META,2026-08-20,2026-08-28,540.0,P,8.2,8.95,8.575,34.2109,-0.399991,0.013975,-0.644556,0.312195,8,545.83,403,1582,76.02
META,2026-08-20,2026-08-28,545.0,P,10.65,11.3,10.975,34.278,-0.471558,0.014366,-0.661731,0.321559,8,545.83,294,771,76.02
META,2026-08-20,2026-08-28,550.0,P,13.1,14.0,13.55,34.3818,-0.543051,0.014275,-0.65731,0.3205,8,545.83,208,1421,76.02
META,2026-08-20,2026-08-28,555.0,P,16.35,17.25,16.8,35.1508,-0.609699,0.013511,-0.645877,0.310113,8,545.83,118,647,76.02
META,2026-08-20,2026-08-28,560.0,P,19.3,21.15,20.225,37.0795,-0.664452,0.012166,-0.643848,0.294584,8,545.83,46,724,76.02
META,2026-08-20,2026-08-28,565.0,P,22.45,24.35,23.4,35.9259,-0.728121,0.011429,-0.559321,0.268115,8,545.83,94,612,76.02
META,2026-08-20,2026-08-28,567.5,P,24.55,26.3,25.425,36.1823,-0.753291,0.010792,-0.532326,0.254982,8,545.83,13,106,76.02
META,2026-08-20,2026-08-28,570.0,P,25.5,28.25,26.875,36.2433,-0.778031,0.010162,-0.498905,0.240492,8,545.83,96,633,76.02
META,2026-08-20,2026-08-28,572.5,P,27.95,30.4,29.175,36.8842,-0.797144,0.009473,-0.47884,0.228163,8,545.83,5,76,76.02
META,2026-08-20,2026-08-28,575.0,P,30.3,32.6,31.45,37.5922,-0.814087,0.008814,-0.460046,0.216362,8,545.83,22,963,76.02
META,2026-08-20,2026-08-28,577.5,P,30.7,34.9,32.8,38.6054,-0.827427,0.00819,-0.448888,0.206462,8,545.83,9,58,76.02
META,2026-08-20,2026-08-28,580.0,P,32.9,37.25,35.075,39.7589,-0.838512,0.007619,-0.441418,0.197808,8,545.83,36,513,76.02
META,2026-08-20,2026-08-28,582.5,P,36.7,40.65,38.675,45.545,-0.820838,0.007109,-0.552342,0.21142,8,545.83,13,50,76.02
META,2026-08-20,2026-08-28,585.0,P,36.55,41.75,39.15,40.8331,-0.864939,0.006582,-0.395854,0.175504,8,545.83,19,159,76.02
META,2026-08-20,2026-08-28,587.5,P,41.4,44.1,42.75,41.7242,-0.874301,0.006129,-0.382683,0.166996,8,545.83,7,24,76.02
META,2026-08-20,2026-08-28,590.0,P,41.3,46.4,43.85,42.2491,-0.884896,0.005689,-0.360817,0.156951,8,545.83,27,358,76.02
META,2026-08-20,2026-08-28,592.5,P,43.55,48.9,46.225,43.836,-0.888623,0.005356,-0.365946,0.153309,8,545.83,17,101,76.02
META,2026-08-20,2026-08-28,595.0,P,46.4,51.3,48.85,44.8004,-0.895272,0.005013,-0.355964,0.146662,8,545.83,21,230,76.02
META,2026-08-20,2026-08-28,597.5,P,48.3,54.8,51.55,51.9048,-0.870349,0.005034,-0.499869,0.170628,8,545.83,2,53,76.02
META,2026-08-20,2026-08-28,600.0,P,50.9,56.65,53.775,49.9334,-0.891033,0.004629,-0.416008,0.150923,8,545.83,34,1007,76.02
META,2026-08-20,2026-08-28,602.5,P,53.1,59.4,56.25,52.9057,-0.887173,0.004479,-0.456586,0.154733,8,545.83,12,8,76.02
META,2026-08-20,2026-08-28,605.0,P,55.55,61.1,58.325,49.5122,-0.912507,0.003974,-0.34098,0.128493,8,545.83,14,161,76.02
META,2026-08-20,2026-08-28,607.5,P,57.95,63.55,60.75,50.5986,-0.916314,0.003762,-0.335935,0.124284,8,545.83,44,25,76.02
META,2026-08-20,2026-08-28,610.0,P,60.4,66.65,63.525,55.9453,-0.901612,0.003836,-0.433425,0.140142,8,545.83,28,205,76.02
META,2026-08-20,2026-08-28,612.5,P,62.85,69.4,66.125,58.936,-0.897574,0.00375,-0.474944,0.144316,8,545.83,12,9,76.02
META,2026-08-20,2026-08-28,615.0,P,65.35,71.1,68.225,55.1518,-0.920807,0.00331,-0.352824,0.119216,8,545.83,13,90,76.02
META,2026-08-20,2026-08-28,617.5,P,67.8,74.0,70.9,59.3022,-0.911826,0.003337,-0.421105,0.129239,8,545.83,5,7,76.02
META,2026-08-20,2026-08-28,620.0,P,70.45,75.85,73.15,56.0063,-0.931281,0.002925,-0.315247,0.106967,8,545.83,6,203,76.02
META,2026-08-20,2026-08-28,625.0,P,75.3,82.2,78.75,67.9935,-0.900977,0.003171,-0.540234,0.140803,8,545.83,30,92,76.02
META,2026-08-20,2026-08-28,630.0,P,80.25,86.9,83.575,68.8968,-0.911019,0.002892,-0.50114,0.130119,8,545.83,35,135,76.02
META,2026-08-20,2026-08-28,635.0,P,85.25,92.0,88.625,72.2903,-0.911937,0.002735,-0.523648,0.129118,8,545.83,47,92,76.02
META,2026-08-20,2026-08-28,640.0,P,90.25,97.35,93.8,77.2829,-0.90771,0.002649,-0.585738,0.133694,8,545.83,2,25,76.02
META,2026-08-20,2026-08-28,645.0,P,95.25,102.5,98.875,80.945,-0.907646,0.002531,-0.616168,0.133762,8,545.83,2,11,76.02
META,2026-08-20,2026-08-28,650.0,P,100.25,106.9,103.575,79.529,-0.921863,0.002272,-0.524793,0.11801,8,545.83,110,42,76.02
META,2026-08-20,2026-08-28,655.0,P,105.25,111.4,108.325,78.2595,-0.934318,0.002021,-0.442292,0.103293,8,545.83,50,14,76.02
META,2026-08-20,2026-08-28,660.0,P,110.25,117.55,113.9,89.1603,-0.914148,0.002176,-0.643549,0.126688,8,545.83,45,4,76.02
META,2026-08-20,2026-08-28,665.0,P,115.25,121.9,118.575,87.0607,-0.928048,0.001949,-0.539338,0.110816,8,545.83,2,0,76.02
META,2026-08-20,2026-08-28,670.0,P,120.25,126.4,123.325,85.4738,-0.939442,0.001737,-0.453239,0.096961,8,545.83,2,0,76.02
META,2026-08-20,2026-08-28,675.0,P,125.25,131.4,128.325,87.8175,-0.940915,0.001659,-0.456687,0.095109,8,545.83,1,2,76.02
META,2026-08-20,2026-08-28,680.0,P,130.25,136.4,133.325,90.1124,-0.942334,0.001586,-0.459613,0.09331,8,545.83,1,2,76.02
META,2026-08-20,2026-08-28,685.0,P,135.25,142.2,138.725,98.9624,-0.929401,0.00169,-0.609733,0.109213,8,545.83,3,0,76.02
META,2026-08-20,2026-08-28,690.0,P,140.25,147.15,143.7,100.916,-0.931713,0.001615,-0.604994,0.106448,8,545.83,2,0,76.02
META,2026-08-20,2026-08-28,695.0,P,145.25,152.2,148.725,103.6138,-0.932287,0.001563,-0.617926,0.105757,8,545.83,6,0,76.02
META,2026-08-20,2026-08-28,700.0,P,150.25,157.2,153.725,105.8965,-0.933611,0.001506,-0.621822,0.104153,8,545.83,1,0,76.02
META,2026-08-20,2026-08-28,705.0,P,155.25,162.15,158.7,107.7397,-0.935674,0.001445,-0.616243,0.101635,8,545.83,10,0,76.02
META,2026-08-20,2026-08-28,710.0,P,160.25,167.15,163.7,109.9614,-0.936854,0.001395,-0.619788,0.10018,8,545.83,17,0,76.02
META,2026-08-20,2026-08-28,715.0,P,165.25,172.15,168.7,112.1586,-0.937974,0.001349,-0.623257,0.098793,8,545.83,10,0,76.02
META,2026-08-20,2026-08-28,720.0,P,170.25,177.15,173.7,114.3315,-0.939037,0.001306,-0.626639,0.097468,8,545.83,1,0,76.02
META,2026-08-20,2026-08-28,725.0,P,175.25,182.15,178.7,116.4677,-0.940071,0.001265,-0.629653,0.096172,8,545.83,2,0,76.02
META,2026-08-20,2026-08-28,730.0,P,180.25,187.15,183.7,118.5795,-0.941058,0.001226,-0.632563,0.094928,8,545.83,8,0,76.02
META,2026-08-20,2026-08-28,735.0,P,185.25,192.15,188.7,120.6791,-0.941983,0.00119,-0.635629,0.093756,8,545.83,1,0,76.02
META,2026-08-20,2026-08-28,740.0,P,190.25,197.15,193.7,122.7543,-0.94287,0.001156,-0.63857,0.092627,8,545.83,9,0,76.02
META,2026-08-20,2026-08-28,750.0,P,200.25,206.45,203.35,120.1054,-0.954831,0.00098,-0.503011,0.076827,8,545.83,1,0,76.02
META,2026-08-20,2026-08-28,755.0,P,205.25,212.2,208.725,129.285,-0.944641,0.00107,-0.656404,0.090356,8,545.83,2,0,76.02
META,2026-08-20,2026-08-28,760.0,P,210.25,217.65,213.95,135.1932,-0.939392,0.001099,-0.745853,0.097023,8,545.83,7,0,76.02
META,2026-08-20,2026-08-28,765.0,P,215.25,222.2,218.725,133.2401,-0.946144,0.001016,-0.661439,0.08841,8,545.83,0,0,76.02
META,2026-08-20,2026-08-28,770.0,P,220.9,226.65,223.775,129.8465,-0.954446,0.000912,-0.552033,0.077353,8,545.83,0,0,76.02
META,2026-08-20,2026-08-28,790.0,P,240.25,247.35,243.8,144.1897,-0.94754,0.00092,-0.702902,0.086588,8,545.83,0,0,76.02
META,2026-08-20,2026-08-28,810.0,P,260.25,267.15,263.7,149.6096,-0.952314,0.000821,-0.67065,0.080245,8,545.83,0,0,76.02
META,2026-08-20,2026-08-28,815.0,P,265.25,272.15,268.7,151.3918,-0.952828,0.000805,-0.672486,0.079551,8,545.83,0,0,76.02
META,2026-08-20,2026-09-04,260.0,C,283.05,290.35,286.7,169.2384,0.990297,0.000139,-0.187776,0.028725,15,545.83,2,2,76.02
META,2026-08-20,2026-09-04,290.0,C,253.15,260.45,256.8,148.9749,0.98778,0.000192,-0.202967,0.035109,15,545.83,0,4,76.02
META,2026-08-20,2026-09-04,300.0,C,243.65,250.5,247.075,147.6077,0.984415,0.00024,-0.242486,0.043303,15,545.83,2,8,76.02
META,2026-08-20,2026-09-04,310.0,C,233.15,240.5,236.825,135.4007,0.986233,0.000235,-0.206224,0.038921,15,545.83,2,15,76.02
META,2026-08-20,2026-09-04,320.0,C,223.55,230.55,227.05,132.9837,0.983048,0.000286,-0.237673,0.046539,15,545.83,9,13,76.02
META,2026-08-20,2026-09-04,330.0,C,213.5,220.55,217.025,125.7816,0.98244,0.000311,-0.233445,0.047961,15,545.83,9,9,76.02
META,2026-08-20,2026-09-04,340.0,C,203.3,210.6,206.95,117.9447,0.982384,0.000333,-0.222439,0.04809,15,545.83,0,4,76.02
META,2026-08-20,2026-09-04,360.0,C,184.45,190.6,187.525,113.5502,0.973184,0.000493,-0.294413,0.068579,15,545.83,4,8,76.02
META,2026-08-20,2026-09-04,370.0,C,174.45,180.6,177.525,107.1782,0.971617,0.000548,-0.292642,0.071902,15,545.83,0,4,76.02
META,2026-08-20,2026-09-04,390.0,C,154.05,160.65,157.35,92.8223,0.97053,0.000653,-0.267278,0.074184,15,545.83,0,4,76.02
META,2026-08-20,2026-09-04,400.0,C,144.5,150.7,147.6,89.5509,0.964962,0.00078,-0.293877,0.085576,15,545.83,1,4,76.02
META,2026-08-20,2026-09-04,405.0,C,139.55,145.7,142.625,86.8165,0.963454,0.000833,-0.295198,0.088583,15,545.83,0,4,76.02
META,2026-08-20,2026-09-04,410.0,C,133.35,140.75,137.05,77.759,0.971529,0.000757,-0.226705,0.072088,15,545.83,0,4,76.02
META,2026-08-20,2026-09-04,415.0,C,129.4,135.75,132.575,80.4445,0.961738,0.000934,-0.286376,0.091965,15,545.83,0,4,76.02
META,2026-08-20,2026-09-04,425.0,C,119.6,125.8,122.7,75.7571,0.956917,0.001092,-0.296224,0.101264,15,545.83,0,4,76.02
META,2026-08-20,2026-09-04,435.0,C,109.7,115.85,112.775,70.6058,0.952329,0.001271,-0.2998,0.109852,15,545.83,1,1,76.02
META,2026-08-20,2026-09-04,445.0,C,99.75,105.9,102.825,65.2591,0.947538,0.001484,-0.299929,0.118571,15,545.83,0,1,76.02
META,2026-08-20,2026-09-04,460.0,C,84.95,91.1,88.025,58.0571,0.936419,0.00194,-0.309783,0.137914,15,545.83,66,11,76.02
META,2026-08-20,2026-09-04,480.0,C,65.4,71.65,68.525,62.7018,0.8614,0.003186,-0.551662,0.244605,15,545.83,8,2,76.02
META,2026-08-20,2026-09-04,490.0,C,55.9,62.2,59.05,57.7763,0.8396,0.003812,-0.559522,0.269668,15,545.83,14,3,76.02
META,2026-08-20,2026-09-04,495.0,C,51.3,57.6,54.45,55.5913,0.825681,0.00418,-0.567113,0.284527,15,545.83,1,2,76.02
META,2026-08-20,2026-09-04,500.0,C,47.45,52.65,50.05,52.1672,0.815019,0.004624,-0.553356,0.295342,15,545.83,7,32,76.02
META,2026-08-20,2026-09-04,505.0,C,42.3,48.7,45.5,51.7095,0.790635,0.005028,-0.587529,0.318331,15,545.83,1,1,76.02
META,2026-08-20,2026-09-04,510.0,C,39.5,44.45,41.975,50.0646,0.768748,0.005498,-0.600471,0.337011,15,545.83,1,16,76.02
META,2026-08-20,2026-09-04,515.0,C,34.75,40.05,37.4,47.7849,0.746762,0.006051,-0.601188,0.354022,15,545.83,1,12,76.02
META,2026-08-20,2026-09-04,520.0,C,31.9,34.1,33.0,41.2817,0.738691,0.007119,-0.532604,0.359843,15,545.83,1,18,76.02
META,2026-08-20,2026-09-04,525.0,C,28.35,29.65,29.0,38.6359,0.71068,0.007998,-0.5236,0.378347,15,545.83,3,46,76.02
META,2026-08-20,2026-09-04,530.0,C,24.8,26.0,25.4,37.6654,0.671315,0.008675,-0.536841,0.400079,15,545.83,4,77,76.02
META,2026-08-20,2026-09-04,535.0,C,21.45,22.75,22.1,37.1863,0.626928,0.009201,-0.551656,0.418899,15,545.83,17,92,76.02
META,2026-08-20,2026-09-04,540.0,C,19.1,20.1,19.6,37.5556,0.578909,0.009412,-0.571793,0.432771,15,545.83,288,232,76.02
META,2026-08-20,2026-09-04,545.0,C,16.45,17.3,16.875,37.0612,0.531116,0.009699,-0.571345,0.440092,15,545.83,461,114,76.02
META,2026-08-20,2026-09-04,550.0,C,14.15,14.9,14.525,36.9422,0.482508,0.00975,-0.568286,0.441011,15,545.83,124,290,76.02
META,2026-08-20,2026-09-04,555.0,C,12.05,12.75,12.4,36.8598,0.434378,0.009649,-0.557798,0.435449,15,545.83,156,189,76.02
META,2026-08-20,2026-09-04,560.0,C,10.25,10.9,10.575,36.9422,0.388029,0.009373,-0.542434,0.423931,15,545.83,83,213,76.02
META,2026-08-20,2026-09-04,565.0,C,8.6,9.4,9.0,37.3541,0.34536,0.008917,-0.526012,0.407841,15,545.83,59,106,76.02
META,2026-08-20,2026-09-04,570.0,C,7.25,7.85,7.55,37.1771,0.302565,0.008485,-0.494581,0.386205,15,545.83,584,1074,76.02
META,2026-08-20,2026-09-04,575.0,C,6.0,6.55,6.275,37.1405,0.263165,0.007942,-0.461042,0.36115,15,545.83,71,420,76.02
META,2026-08-20,2026-09-04,580.0,C,5.1,5.6,5.35,37.6105,0.230163,0.007299,-0.433593,0.336124,15,545.83,371,1254,76.02
META,2026-08-20,2026-09-04,585.0,C,4.3,4.7,4.5,37.8241,0.198872,0.006666,-0.399805,0.308729,15,545.83,62,440,76.02
META,2026-08-20,2026-09-04,590.0,C,3.55,3.95,3.75,38.1049,0.171302,0.006031,-0.366503,0.281378,15,545.83,456,945,76.02
META,2026-08-20,2026-09-04,595.0,C,3.0,3.15,3.075,37.7753,0.142719,0.005395,-0.321788,0.249516,15,545.83,78,354,76.02
META,2026-08-20,2026-09-04,600.0,C,2.37,2.72,2.545,38.465,0.124053,0.004811,-0.297115,0.226572,15,545.83,1094,1613,76.02
META,2026-08-20,2026-09-04,605.0,C,2.06,2.33,2.195,39.0387,0.107174,0.004272,-0.271447,0.204205,15,545.83,31,276,76.02
META,2026-08-20,2026-09-04,610.0,C,1.73,1.91,1.82,39.1608,0.089919,0.003745,-0.239201,0.179567,15,545.83,84,461,76.02
META,2026-08-20,2026-09-04,615.0,C,1.38,1.66,1.52,39.8688,0.078239,0.003314,-0.219141,0.161752,15,545.83,38,362,76.02
META,2026-08-20,2026-09-04,620.0,C,1.15,1.43,1.29,40.4547,0.067582,0.002919,-0.198597,0.144596,15,545.83,51,517,76.02
META,2026-08-20,2026-09-04,625.0,C,0.98,1.2,1.09,40.8087,0.057344,0.002546,-0.176108,0.127209,15,545.83,275,1235,76.02
META,2026-08-20,2026-09-04,630.0,C,0.8,1.06,0.93,41.5777,0.05037,0.002255,-0.161789,0.114793,15,545.83,32,593,76.02
META,2026-08-20,2026-09-04,635.0,C,0.68,0.9,0.79,42.005,0.04303,0.001967,-0.143949,0.101164,15,545.83,14,226,76.02
META,2026-08-20,2026-09-04,640.0,C,0.58,0.8,0.69,42.774,0.037982,0.001746,-0.132374,0.091416,15,545.83,52,736,76.02
META,2026-08-20,2026-09-04,645.0,C,0.52,0.72,0.62,43.6163,0.033876,0.001559,-0.122829,0.083237,15,545.83,7,232,76.02
META,2026-08-20,2026-09-04,650.0,C,0.43,0.62,0.525,44.0924,0.029221,0.001365,-0.109831,0.073664,15,545.83,377,1350,76.02
META,2026-08-20,2026-09-04,655.0,C,0.34,0.54,0.44,44.6295,0.025398,0.001199,-0.098847,0.065531,15,545.83,3,93,76.02
META,2026-08-20,2026-09-04,660.0,C,0.31,0.51,0.41,45.7525,0.023572,0.001099,-0.095136,0.061554,15,545.83,14,307,76.02
META,2026-08-20,2026-09-04,665.0,C,0.3,0.46,0.38,46.4849,0.021059,0.000983,-0.087852,0.05597,15,545.83,4,158,76.02
META,2026-08-20,2026-09-04,670.0,C,0.26,0.43,0.345,47.4615,0.019394,0.000898,-0.083612,0.052195,15,545.83,25,153,76.02
META,2026-08-20,2026-09-04,675.0,C,0.25,0.42,0.335,48.731,0.018521,0.000841,-0.082513,0.050188,15,545.83,4,694,76.02
META,2026-08-20,2026-09-04,680.0,C,0.21,0.36,0.285,49.0239,0.015916,0.000735,-0.072902,0.044091,15,545.83,56,255,76.02
META,2026-08-20,2026-09-04,685.0,C,0.16,0.38,0.27,50.7817,0.016182,0.000719,-0.076568,0.044723,15,545.83,4,161,76.02
META,2026-08-20,2026-09-04,690.0,C,0.2,0.28,0.24,50.0005,0.012331,0.000578,-0.059635,0.035385,15,545.83,88,222,76.02
META,2026-08-20,2026-09-04,695.0,C,0.09,0.34,0.215,52.686,0.014102,0.000616,-0.070536,0.039736,15,545.83,8,162,76.02
META,2026-08-20,2026-09-04,700.0,C,0.11,0.28,0.195,50.1958,0.008682,0.000424,-0.044068,0.02606,15,545.83,4,1399,76.02
META,2026-08-20,2026-09-04,705.0,C,0.07,0.25,0.16,50.1958,0.007165,0.000358,-0.037213,0.022011,15,545.83,2,47,76.02
META,2026-08-20,2026-09-04,710.0,C,0.06,0.29,0.175,51.9536,0.007557,0.000363,-0.040356,0.02307,15,545.83,41,147,76.02
META,2026-08-20,2026-09-04,715.0,C,0.06,0.23,0.145,52.0024,0.006319,0.000309,-0.034483,0.019698,15,545.83,1,34,76.02
META,2026-08-20,2026-09-04,720.0,C,0.05,0.27,0.16,53.8091,0.006749,0.000317,-0.037809,0.020878,15,545.83,2,89,76.02
META,2026-08-20,2026-09-04,725.0,C,0.05,0.26,0.155,54.7368,0.006405,0.000297,-0.036716,0.019935,15,545.83,4,161,76.02
META,2026-08-20,2026-09-04,730.0,C,0.04,0.25,0.145,55.4692,0.005939,0.000275,-0.034788,0.018643,15,545.83,1,79,76.02
META,2026-08-20,2026-09-04,735.0,C,0.04,0.24,0.14,56.3481,0.00563,0.000258,-0.033699,0.017781,15,545.83,32,38,76.02
META,2026-08-20,2026-09-04,740.0,C,0.03,0.24,0.135,57.227,0.005351,0.000243,-0.032708,0.016996,15,545.83,2,63,76.02
META,2026-08-20,2026-09-04,745.0,C,0.03,0.23,0.13,58.1059,0.005099,0.000229,-0.031806,0.016281,15,545.83,6,22,76.02
META,2026-08-20,2026-09-04,750.0,C,0.05,0.21,0.13,59.1801,0.004997,0.000221,-0.031813,0.015992,15,545.83,2,172,76.02
META,2026-08-20,2026-09-04,755.0,C,0.03,0.21,0.12,59.766,0.004601,0.000203,-0.029844,0.014857,15,545.83,4,26,76.02
META,2026-08-20,2026-09-04,760.0,C,0.02,0.2,0.11,60.2543,0.00419,0.000185,-0.027668,0.013664,15,545.83,4,84,76.02
META,2026-08-20,2026-09-04,765.0,C,0.02,0.2,0.11,61.3285,0.004136,0.00018,-0.027831,0.013506,15,545.83,8,20,76.02
META,2026-08-20,2026-09-04,770.0,C,0.02,0.19,0.105,62.0121,0.003883,0.000168,-0.02659,0.012764,15,545.83,4,56,76.02
META,2026-08-20,2026-09-04,775.0,C,0.01,0.18,0.095,62.4027,0.003511,0.000153,-0.024444,0.011661,15,545.83,2,12,76.02
META,2026-08-20,2026-09-04,780.0,C,0.03,0.17,0.1,63.7699,0.003626,0.000154,-0.025712,0.012005,15,545.83,12,326,76.02
META,2026-08-20,2026-09-04,785.0,C,0.01,0.21,0.11,65.43,0.003887,0.000159,-0.02807,0.012776,15,545.83,8,13,76.02
META,2026-08-20,2026-09-04,790.0,C,0.01,0.18,0.095,65.43,0.003368,0.00014,-0.024682,0.011234,15,545.83,5,164,76.02
META,2026-08-20,2026-09-04,795.0,C,0.01,0.22,0.115,67.6761,0.003893,0.000154,-0.029069,0.012794,15,545.83,5,20,76.02
META,2026-08-20,2026-09-04,800.0,C,0.02,0.14,0.08,66.2113,0.002805,0.000118,-0.021176,0.009527,15,545.83,5,269,76.02
META,2026-08-20,2026-09-04,805.0,C,0.01,0.32,0.165,72.3636,0.005161,0.000186,-0.039972,0.016458,15,545.83,5,19,76.02
META,2026-08-20,2026-09-04,810.0,C,0.01,0.32,0.165,73.4378,0.005133,0.000182,-0.040362,0.016378,15,545.83,8,10,76.02
META,2026-08-20,2026-09-04,815.0,C,0.01,0.29,0.15,73.6331,0.004651,0.000166,-0.037061,0.014999,15,545.83,13,16,76.02
META,2026-08-20,2026-09-04,820.0,C,0.01,0.13,0.07,69.1409,0.00238,9.7e-05,-0.019059,0.008215,15,545.83,16,323,76.02
META,2026-08-20,2026-09-04,825.0,C,0.01,0.11,0.06,68.9456,0.002022,8.4e-05,-0.016393,0.007086,15,545.83,22,34,76.02
META,2026-08-20,2026-09-04,830.0,C,0.01,0.1,0.055,69.3362,0.001862,7.7e-05,-0.015292,0.006574,15,545.83,13,15,76.02
META,2026-08-20,2026-09-04,835.0,C,0.01,0.11,0.06,70.7034,0.001965,8e-05,-0.016374,0.006903,15,545.83,37,30,76.02
META,2026-08-20,2026-09-04,840.0,C,0.0,0.09,0.045,69.9222,0.00154,6.5e-05,-0.012971,0.00553,15,545.83,16,40,76.02
META,2026-08-20,2026-09-04,845.0,C,0.0,0.28,0.14,78.8088,0.004071,0.000138,-0.035201,0.013318,15,545.83,5,61,76.02
META,2026-08-20,2026-09-04,850.0,C,0.01,0.32,0.165,81.1525,0.00465,0.000151,-0.040812,0.014997,15,545.83,25,25,76.02
META,2026-08-20,2026-09-04,855.0,C,0.01,0.33,0.17,82.3244,0.004707,0.00015,-0.041856,0.015163,15,545.83,18,58,76.02
META,2026-08-20,2026-09-04,860.0,C,0.0,0.35,0.175,83.4963,0.004767,0.00015,-0.042931,0.015335,15,545.83,10,125,76.02
META,2026-08-20,2026-09-04,865.0,C,0.0,0.67,0.335,90.9181,0.00825,0.000224,-0.075949,0.024919,15,545.83,3,56,76.02
META,2026-08-20,2026-09-04,870.0,C,0.01,0.69,0.35,92.3829,0.008482,0.000226,-0.079071,0.025534,15,545.83,10,180,76.02
META,2026-08-20,2026-09-04,875.0,C,0.01,0.19,0.1,81.4455,0.002833,9.6e-05,-0.026254,0.009615,15,545.83,20,366,76.02
META,2026-08-20,2026-09-04,880.0,C,0.01,0.11,0.06,78.5158,0.001798,6.6e-05,-0.016765,0.006369,15,545.83,116,156,76.02
META,2026-08-20,2026-09-04,885.0,C,0.01,0.12,0.065,79.883,0.001902,6.9e-05,-0.017949,0.006703,15,545.83,89,252,76.02
META,2026-08-20,2026-09-04,890.0,C,0.0,0.15,0.075,81.8361,0.002152,7.5e-05,-0.020569,0.007499,15,545.83,64,58,76.02
META,2026-08-20,2026-09-04,895.0,C,0.0,0.71,0.355,97.3145,0.00819,0.000208,-0.080738,0.024759,15,545.83,40,36,76.02
META,2026-08-20,2026-09-04,900.0,C,0.0,0.14,0.07,82.8127,0.001952,6.8e-05,-0.019044,0.006862,15,545.83,698,484,76.02
META,2026-08-20,2026-09-04,905.0,C,0.0,0.15,0.075,84.1798,0.002061,7e-05,-0.020337,0.007209,15,545.83,10,426,76.02
META,2026-08-20,2026-09-04,910.0,C,0.0,0.25,0.125,89.3556,0.003237,9.9e-05,-0.032459,0.010841,15,545.83,1,77,76.02
META,2026-08-20,2026-09-04,915.0,C,0.02,0.41,0.215,95.4102,0.005138,0.00014,-0.052398,0.016391,15,545.83,70,79,76.02
META,2026-08-20,2026-09-04,920.0,C,0.01,0.53,0.27,98.7305,0.006197,0.00016,-0.064036,0.01936,15,545.83,9,427,76.02
META,2026-08-20,2026-09-04,925.0,C,0.01,0.69,0.35,102.6372,0.007679,0.000186,-0.080442,0.023396,15,545.83,57,432,76.02
META,2026-08-20,2026-09-04,930.0,C,0.01,0.15,0.08,88.672,0.002078,6.7e-05,-0.021577,0.007263,15,545.83,26,315,76.02
META,2026-08-20,2026-09-04,935.0,C,0.01,0.13,0.07,88.4767,0.00185,6e-05,-0.019371,0.006535,15,545.83,65,533,76.02
META,2026-08-20,2026-09-04,940.0,C,0.01,0.11,0.06,88.0861,0.001608,5.3e-05,-0.016979,0.005754,15,545.83,66,182,76.02
META,2026-08-20,2026-09-04,945.0,C,0.03,0.34,0.185,98.9258,0.004281,0.000115,-0.046155,0.013929,15,545.83,26,263,76.02
META,2026-08-20,2026-09-04,950.0,C,0.0,0.29,0.145,97.2657,0.003424,9.6e-05,-0.03715,0.011403,15,545.83,1,1158,76.02
META,2026-08-20,2026-09-04,955.0,C,0.01,0.12,0.065,91.0157,0.001687,5.4e-05,-0.018325,0.006011,15,545.83,101,376,76.02
META,2026-08-20,2026-09-04,960.0,C,0.01,0.35,0.18,101.1724,0.004109,0.000108,-0.045498,0.013428,15,545.83,115,438,76.02
META,2026-08-20,2026-09-04,965.0,C,0.01,0.33,0.17,101.3677,0.003875,0.000103,-0.043253,0.012741,15,545.83,53,1015,76.02
META,2026-08-20,2026-09-04,970.0,C,0.01,0.12,0.065,93.1641,0.001631,5.1e-05,-0.01818,0.005826,15,545.83,68,502,76.02
META,2026-08-20,2026-09-04,975.0,C,0.01,0.16,0.085,96.2891,0.002075,6.2e-05,-0.023386,0.007252,15,545.83,9,733,76.02
META,2026-08-20,2026-09-04,980.0,C,0.01,0.75,0.38,113.184,0.007564,0.000167,-0.087491,0.023087,15,545.83,60,1219,76.02
META,2026-08-20,2026-09-04,985.0,C,0.0,0.23,0.115,100.5864,0.002671,7.4e-05,-0.030706,0.009117,15,545.83,207,1359,76.02
META,2026-08-20,2026-09-04,990.0,C,0.01,0.35,0.18,105.8598,0.003906,9.9e-05,-0.045489,0.012834,15,545.83,110,425,76.02
META,2026-08-20,2026-09-04,995.0,C,0.0,0.22,0.11,101.563,0.002508,6.9e-05,-0.029291,0.008613,15,545.83,111,933,76.02
META,2026-08-20,2026-09-04,1000.0,C,0.0,0.15,0.075,98.8281,0.001783,5.2e-05,-0.020911,0.006319,15,545.83,2,824,76.02
META,2026-08-20,2026-09-04,1010.0,C,0.0,0.79,0.395,118.6528,0.007511,0.000158,-0.091129,0.022944,15,545.83,237,811,76.02
META,2026-08-20,2026-09-04,1020.0,C,0.0,0.79,0.395,120.3129,0.007438,0.000154,-0.091615,0.022749,15,545.83,269,860,76.02
META,2026-08-20,2026-09-04,1030.0,C,0.0,0.15,0.075,103.1255,0.001719,4.8e-05,-0.0211,0.006112,15,545.83,3,520,76.02
META,2026-08-20,2026-09-04,1040.0,C,0.0,0.81,0.405,123.8285,0.007414,0.00015,-0.094008,0.022684,15,545.83,1,549,76.02
META,2026-08-20,2026-09-04,1050.0,C,0.0,0.35,0.175,114.5512,0.003523,8.3e-05,-0.04485,0.011698,15,545.83,16,1482,76.02
META,2026-08-20,2026-09-04,1060.0,C,0.0,0.82,0.41,127.1,0.007319,0.000144,-0.095389,0.022427,15,545.83,178,818,76.02
META,2026-08-20,2026-09-04,1070.0,C,0.0,0.82,0.41,128.6136,0.007234,0.000141,-0.095526,0.022196,15,545.83,1,521,76.02
META,2026-08-20,2026-09-04,1080.0,C,0.0,0.82,0.41,130.1273,0.007158,0.000138,-0.095759,0.021992,15,545.83,5,916,76.02
META,2026-08-20,2026-09-04,1090.0,C,0.0,0.82,0.41,131.641,0.007093,0.000135,-0.096082,0.021814,15,545.83,21,569,76.02
META,2026-08-20,2026-09-04,1100.0,C,0.0,0.11,0.055,109.3755,0.001172,3.2e-05,-0.015775,0.00431,15,545.83,11,809,76.02
META,2026-08-20,2026-09-04,1110.0,C,0.0,0.17,0.085,114.8442,0.001717,4.3e-05,-0.023472,0.006108,15,545.83,8,113,76.02
META,2026-08-20,2026-09-04,100.0,P,0.0,1.26,0.63,354.8829,-0.003256,2.5e-05,-0.128679,0.010897,15,545.83,20,54,76.02
META,2026-08-20,2026-09-04,110.0,P,0.0,1.02,0.51,326.1721,-0.002931,2.5e-05,-0.10757,0.009912,15,545.83,1,23,76.02
META,2026-08-20,2026-09-04,190.0,P,0.0,1.46,0.73,228.809,-0.006032,6.7e-05,-0.143773,0.018902,15,545.83,166,22,76.02
META,2026-08-20,2026-09-04,200.0,P,0.0,0.05,0.025,153.1252,-0.000344,7e-06,-0.007072,0.001389,15,545.83,0,1,76.02
META,2026-08-20,2026-09-04,210.0,P,0.0,0.05,0.025,146.094,-0.000364,8e-06,-0.007121,0.001467,15,545.83,5,112,76.02
META,2026-08-20,2026-09-04,250.0,P,0.0,0.1,0.05,127.7347,-0.000814,2e-05,-0.013082,0.003084,15,545.83,1,119,76.02
META,2026-08-20,2026-09-04,260.0,P,0.0,0.1,0.05,121.8754,-0.00087,2.2e-05,-0.013264,0.003278,15,545.83,6,172,76.02
META,2026-08-20,2026-09-04,270.0,P,0.0,0.1,0.05,116.016,-0.000914,2.4e-05,-0.013209,0.00343,15,545.83,3,77,76.02
META,2026-08-20,2026-09-04,280.0,P,0.01,0.18,0.095,117.1879,-0.001668,4.1e-05,-0.023131,0.005947,15,545.83,44,783,76.02
META,2026-08-20,2026-09-04,290.0,P,0.0,0.96,0.48,134.6683,-0.006973,0.00013,-0.096041,0.021489,15,545.83,1,8,76.02
META,2026-08-20,2026-09-04,300.0,P,0.0,0.94,0.47,127.7347,-0.007208,0.000141,-0.093773,0.022126,15,545.83,1,111,76.02
META,2026-08-20,2026-09-04,310.0,P,0.0,0.92,0.46,120.9965,-0.00744,0.000154,-0.091323,0.022754,15,545.83,1,22,76.02
META,2026-08-20,2026-09-04,320.0,P,0.0,0.9,0.45,114.5024,-0.007695,0.000167,-0.088995,0.023438,15,545.83,1,16,76.02
META,2026-08-20,2026-09-04,330.0,P,0.0,0.87,0.435,108.0083,-0.007875,0.000181,-0.085647,0.02392,15,545.83,83,35,76.02
META,2026-08-20,2026-09-04,340.0,P,0.0,0.83,0.415,101.6118,-0.008012,0.000195,-0.081781,0.024286,15,545.83,12,39,76.02
META,2026-08-20,2026-09-04,350.0,P,0.0,0.79,0.395,95.3614,-0.008126,0.000211,-0.077683,0.02459,15,545.83,1,135,76.02
META,2026-08-20,2026-09-04,360.0,P,0.0,0.17,0.085,74.8049,-0.002324,8.8e-05,-0.019911,0.008039,15,545.83,4,152,76.02
META,2026-08-20,2026-09-04,370.0,P,0.03,0.61,0.32,82.2756,-0.007683,0.000232,-0.063746,0.023408,15,545.83,9,156,76.02
META,2026-08-20,2026-09-04,380.0,P,0.0,0.34,0.17,71.2893,-0.004818,0.000177,-0.036508,0.015481,15,545.83,27,97,76.02
META,2026-08-20,2026-09-04,390.0,P,0.01,0.1,0.055,58.7895,-0.001908,9.3e-05,-0.013062,0.006721,15,545.83,4,290,76.02
META,2026-08-20,2026-09-04,400.0,P,0.05,0.12,0.085,57.4223,-0.003057,0.000146,-0.019534,0.010297,15,545.83,12,53,76.02
META,2026-08-20,2026-09-04,405.0,P,0.01,0.15,0.08,54.8833,-0.002966,0.000149,-0.018162,0.010021,15,545.83,9,57,76.02
META,2026-08-20,2026-09-04,410.0,P,0.01,0.17,0.09,53.5161,-0.003406,0.000173,-0.02005,0.011349,15,545.83,3,77,76.02
META,2026-08-20,2026-09-04,415.0,P,0.01,0.17,0.09,51.4653,-0.003538,0.000186,-0.019941,0.011742,15,545.83,4,34,76.02
META,2026-08-20,2026-09-04,420.0,P,0.01,0.18,0.095,53.7114,-0.006659,0.000314,-0.036559,0.020633,15,545.83,15,61,76.02
META,2026-08-20,2026-09-04,425.0,P,0.02,0.2,0.11,52.2466,-0.007554,0.00036,-0.039728,0.023061,15,545.83,8,41,76.02
META,2026-08-20,2026-09-04,430.0,P,0.05,0.2,0.125,50.0982,-0.007881,0.00039,-0.039523,0.023938,15,545.83,1,87,76.02
META,2026-08-20,2026-09-04,435.0,P,0.05,0.2,0.125,47.9497,-0.008217,0.000423,-0.039217,0.02483,15,545.83,4,26,76.02
META,2026-08-20,2026-09-04,440.0,P,0.07,0.28,0.175,47.9986,-0.011323,0.000559,-0.051928,0.032862,15,545.83,11,76,76.02
META,2026-08-20,2026-09-04,445.0,P,0.13,0.29,0.21,45.9966,-0.012122,0.000619,-0.052763,0.034866,15,545.83,14,38,76.02
META,2026-08-20,2026-09-04,450.0,P,0.17,0.28,0.225,43.6041,-0.012369,0.000665,-0.050861,0.035479,15,545.83,1,219,76.02
META,2026-08-20,2026-09-04,455.0,P,0.14,0.39,0.265,43.5553,-0.016887,0.00087,-0.066379,0.046386,15,545.83,14,59,76.02
META,2026-08-20,2026-09-04,460.0,P,0.28,0.37,0.325,40.9674,-0.01701,0.000931,-0.062766,0.046674,15,545.83,11,190,76.02
META,2026-08-20,2026-09-04,465.0,P,0.26,0.46,0.36,40.1617,-0.021284,0.001148,-0.074389,0.056475,15,545.83,13,188,76.02
META,2026-08-20,2026-09-04,470.0,P,0.38,0.56,0.47,39.1852,-0.026079,0.001397,-0.086025,0.067,15,545.83,19,292,76.02
META,2026-08-20,2026-09-04,475.0,P,0.5,0.7,0.6,38.4284,-0.032688,0.001718,-0.101667,0.080826,15,545.83,3,292,76.02
META,2026-08-20,2026-09-04,480.0,P,0.67,0.87,0.77,37.6349,-0.040697,0.002099,-0.118985,0.0967,15,545.83,91,204,76.02
META,2026-08-20,2026-09-04,485.0,P,0.87,1.28,1.075,38.2819,-0.056943,0.002699,-0.15817,0.126507,15,545.83,20,125,76.02
META,2026-08-20,2026-09-04,490.0,P,1.25,1.45,1.35,36.7438,-0.065999,0.003156,-0.170105,0.141969,15,545.83,57,302,76.02
META,2026-08-20,2026-09-04,495.0,P,1.56,1.81,1.685,36.0846,-0.081712,0.003783,-0.196373,0.167151,15,545.83,33,349,76.02
META,2026-08-20,2026-09-04,500.0,P,2.05,2.32,2.185,35.7367,-0.102438,0.004517,-0.229548,0.19763,15,545.83,169,473,76.02
META,2026-08-20,2026-09-04,505.0,P,2.69,3.05,2.87,35.7978,-0.129527,0.005327,-0.27117,0.233488,15,545.83,34,195,76.02
META,2026-08-20,2026-09-04,510.0,P,3.45,3.75,3.6,35.1874,-0.156526,0.00616,-0.302263,0.265377,15,545.83,100,333,76.02
META,2026-08-20,2026-09-04,515.0,P,4.25,4.7,4.475,34.9311,-0.189987,0.00702,-0.338664,0.300256,15,545.83,33,437,76.02
META,2026-08-20,2026-09-04,520.0,P,5.35,5.85,5.6,34.7297,-0.228017,0.007863,-0.373916,0.334362,15,545.83,59,493,76.02
META,2026-08-20,2026-09-04,525.0,P,6.7,7.25,6.975,34.6442,-0.270665,0.008636,-0.407365,0.366314,15,545.83,381,792,76.02
META,2026-08-20,2026-09-04,530.0,P,8.3,8.9,8.6,34.6198,-0.316993,0.009298,-0.436442,0.394131,15,545.83,101,456,76.02
META,2026-08-20,2026-09-04,535.0,P,10.15,10.75,10.45,34.5038,-0.365707,0.009851,-0.457401,0.416182,15,545.83,384,270,76.02
META,2026-08-20,2026-09-04,540.0,P,12.2,12.85,12.525,34.394,-0.41656,0.010253,-0.470696,0.431744,15,545.83,80,1055,76.02
META,2026-08-20,2026-09-04,545.0,P,14.55,15.3,14.925,34.4977,-0.46872,0.010419,-0.47864,0.440077,15,545.83,130,577,76.02
META,2026-08-20,2026-09-04,550.0,P,17.0,17.95,17.475,34.4855,-0.520792,0.010441,-0.476185,0.440835,15,545.83,40,1303,76.02
META,2026-08-20,2026-09-04,555.0,P,19.6,20.95,20.275,34.6991,-0.571441,0.010223,-0.468704,0.434338,15,545.83,20,332,76.02
META,2026-08-20,2026-09-04,560.0,P,23.2,24.2,23.7,34.9494,-0.619754,0.009848,-0.454246,0.421394,15,545.83,27,443,76.02
META,2026-08-20,2026-09-04,565.0,P,25.15,28.0,26.575,35.9992,-0.661168,0.009186,-0.446527,0.404903,15,545.83,24,268,76.02
META,2026-08-20,2026-09-04,570.0,P,29.8,31.45,30.625,35.7428,-0.70566,0.008715,-0.412242,0.381391,15,545.83,39,417,76.02
META,2026-08-20,2026-09-04,575.0,P,33.5,35.4,34.45,36.286,-0.742248,0.008042,-0.38759,0.357305,15,545.83,99,346,76.02
META,2026-08-20,2026-09-04,580.0,P,36.65,39.6,38.125,37.1283,-0.773036,0.007336,-0.36602,0.333492,15,545.83,41,426,76.02
META,2026-08-20,2026-09-04,585.0,P,40.65,43.75,42.2,37.4518,-0.803675,0.00668,-0.333594,0.306333,15,545.83,10,179,76.02
META,2026-08-20,2026-09-04,590.0,P,44.4,48.5,46.45,39.3805,-0.8201,0.00602,-0.330783,0.290247,15,545.83,37,536,76.02
META,2026-08-20,2026-09-04,595.0,P,47.3,52.65,49.975,39.0204,-0.848874,0.005427,-0.285008,0.259282,15,545.83,6,182,76.02
META,2026-08-20,2026-09-04,600.0,P,52.0,57.95,54.975,42.6092,-0.849581,0.004955,-0.314304,0.258474,15,545.83,17,217,76.02
META,2026-08-20,2026-09-04,605.0,P,57.35,61.7,59.525,39.9542,-0.887131,0.004332,-0.226982,0.211934,15,545.83,3,132,76.02
META,2026-08-20,2026-09-04,610.0,P,61.2,67.45,64.325,45.4351,-0.873728,0.004124,-0.292311,0.229394,15,545.83,11,119,76.02
META,2026-08-20,2026-09-04,615.0,P,65.95,72.2,69.075,46.6436,-0.884632,0.003769,-0.2785,0.215266,15,545.83,1,85,76.02
META,2026-08-20,2026-09-04,620.0,P,70.75,76.95,73.85,47.7056,-0.894967,0.003446,-0.262778,0.20125,15,545.83,7,110,76.02
META,2026-08-20,2026-09-04,625.0,P,75.6,81.8,78.7,49.1094,-0.902414,0.003172,-0.254103,0.19075,15,545.83,4,73,76.02
META,2026-08-20,2026-09-04,630.0,P,80.5,86.65,83.575,50.4155,-0.909424,0.002925,-0.244371,0.18054,15,545.83,35,48,76.02
META,2026-08-20,2026-09-04,635.0,P,85.4,91.55,88.475,51.9048,-0.914813,0.002714,-0.23857,0.172467,15,545.83,11,24,76.02
META,2026-08-20,2026-09-04,640.0,P,90.3,96.5,93.4,53.6015,-0.918703,0.002537,-0.236968,0.166512,15,545.83,11,25,76.02
META,2026-08-20,2026-09-04,645.0,P,95.25,101.45,98.35,55.2373,-0.922382,0.002377,-0.234782,0.160776,15,545.83,1,8,76.02
META,2026-08-20,2026-09-04,650.0,P,100.8,106.4,103.6,56.8364,-0.925787,0.002233,-0.232432,0.155377,15,545.83,1,6,76.02
META,2026-08-20,2026-09-04,655.0,P,105.25,112.35,108.8,63.9286,-0.908297,0.002328,-0.326704,0.182204,15,545.83,0,7,76.02
META,2026-08-20,2026-09-04,660.0,P,110.25,117.6,113.925,67.1268,-0.905999,0.002258,-0.353257,0.185569,15,545.83,1,4,76.02
META,2026-08-20,2026-09-04,665.0,P,115.15,121.9,118.525,65.308,-0.921308,0.002032,-0.290415,0.162461,15,545.83,5,0,76.02
META,2026-08-20,2026-09-04,670.0,P,120.25,127.65,123.95,71.1917,-0.909476,0.00207,-0.365077,0.180464,15,545.83,10,5,76.02
META,2026-08-20,2026-09-04,675.0,P,125.2,132.65,128.925,73.0532,-0.911481,0.001984,-0.368399,0.177483,15,545.83,0,0,76.02
META,2026-08-20,2026-09-04,680.0,P,130.25,137.2,133.725,72.449,-0.921124,0.001835,-0.328246,0.16275,15,545.83,1,0,76.02
META,2026-08-20,2026-09-04,685.0,P,135.25,141.5,138.375,69.9588,-0.935713,0.001624,-0.258344,0.139103,15,545.83,2,1,76.02
META,2026-08-20,2026-09-04,690.0,P,140.25,146.25,143.25,69.9466,-0.941947,0.0015,-0.232608,0.128444,15,545.83,2,0,76.02
META,2026-08-20,2026-09-04,695.0,P,145.25,151.4,148.325,72.6443,-0.940222,0.001478,-0.250963,0.131429,15,545.83,0,0,76.02
META,2026-08-20,2026-09-04,700.0,P,150.25,156.4,153.325,74.2922,-0.941373,0.001423,-0.252688,0.129441,15,545.83,1,1,76.02
META,2026-08-20,2026-09-04,725.0,P,175.25,181.4,178.325,82.2145,-0.94638,0.001198,-0.259945,0.12064,15,545.83,1,0,76.02
META,2026-08-20,2026-09-04,790.0,P,240.25,246.4,243.325,100.9038,-0.955223,0.000846,-0.273619,0.104463,15,545.83,0,0,76.02
META,2026-08-20,2026-09-04,935.0,P,385.4,391.4,388.4,135.4495,-0.965419,0.00051,-0.289249,0.08466,15,545.83,0,0,76.02
META,2026-08-20,2026-09-04,945.0,P,395.25,401.4,398.325,137.5491,-0.965889,0.000497,-0.289788,0.083711,15,545.83,0,0,76.02
META,2026-08-20,2026-09-11,240.0,C,303.95,311.7,307.825,177.0997,0.982671,0.000181,-0.254317,0.05743,22,545.83,0,7,76.02
META,2026-08-20,2026-09-11,260.0,C,284.0,291.4,287.7,159.6682,0.981853,0.000208,-0.24192,0.059736,22,545.83,2,0,76.02
META,2026-08-20,2026-09-11,290.0,C,253.45,261.5,257.475,135.4984,0.980968,0.000256,-0.21972,0.062206,22,545.83,0,8,76.02
META,2026-08-20,2026-09-11,330.0,C,213.65,222.0,217.825,114.9296,0.973346,0.0004,-0.247591,0.082632,22,545.83,0,4,76.02
META,2026-08-20,2026-09-11,340.0,C,203.65,210.85,207.25,102.4419,0.97814,0.00038,-0.195956,0.069956,22,545.83,0,4,76.02
META,2026-08-20,2026-09-11,350.0,C,193.65,200.9,197.275,97.2901,0.976661,0.000423,-0.197468,0.073925,22,545.83,0,4,76.02
META,2026-08-20,2026-09-11,360.0,C,183.7,190.9,187.3,92.2486,0.97505,0.000472,-0.198858,0.078188,22,545.83,0,4,76.02
META,2026-08-20,2026-09-11,370.0,C,174.35,182.0,178.175,95.3125,0.96312,0.000631,-0.269327,0.108081,22,545.83,0,4,76.02
META,2026-08-20,2026-09-11,380.0,C,164.4,171.8,168.1,89.2213,0.961883,0.000693,-0.261302,0.111033,22,545.83,0,8,76.02
META,2026-08-20,2026-09-11,390.0,C,153.8,161.05,157.425,78.1252,0.968569,0.000675,-0.205862,0.094766,22,545.83,0,4,76.02
META,2026-08-20,2026-09-11,400.0,C,143.9,151.75,147.825,76.5383,0.960802,0.000826,-0.235737,0.113591,22,545.83,1,5,76.02
META,2026-08-20,2026-09-11,410.0,C,134.15,141.15,137.65,70.1297,0.960884,0.0009,-0.219916,0.113398,22,545.83,2,6,76.02
META,2026-08-20,2026-09-11,415.0,C,129.55,137.0,133.275,72.1316,0.950381,0.00106,-0.264236,0.137366,22,545.83,6,8,76.02
META,2026-08-20,2026-09-11,425.0,C,119.65,126.25,122.95,64.9295,0.951883,0.00115,-0.23796,0.134034,22,545.83,2,10,76.02
META,2026-08-20,2026-09-11,430.0,C,114.2,121.95,118.075,63.2816,0.948166,0.001252,-0.245014,0.142229,22,545.83,0,8,76.02
META,2026-08-20,2026-09-11,435.0,C,109.2,116.5,112.85,59.3876,0.950001,0.001296,-0.227625,0.138206,22,545.83,1,9,76.02
META,2026-08-20,2026-09-11,450.0,C,95.05,101.55,98.3,54.749,0.935761,0.001712,-0.251269,0.168364,22,545.83,0,2,76.02
META,2026-08-20,2026-09-11,460.0,C,85.55,91.75,88.65,51.5752,0.923937,0.00207,-0.266846,0.191736,22,545.83,10,10,76.02
META,2026-08-20,2026-09-11,465.0,C,80.7,86.9,83.8,61.6947,0.87464,0.002495,-0.427138,0.27641,22,545.83,10,10,76.02
META,2026-08-20,2026-09-11,470.0,C,75.9,82.1,79.0,59.4792,0.86706,0.002695,-0.428809,0.287892,22,545.83,6,7,76.02
META,2026-08-20,2026-09-11,485.0,C,61.8,67.95,64.875,53.2903,0.837838,0.003437,-0.437823,0.328919,22,545.83,0,2,76.02
META,2026-08-20,2026-09-11,490.0,C,57.25,63.55,60.4,51.9658,0.823049,0.003728,-0.44993,0.347867,22,545.83,0,1,76.02
META,2026-08-20,2026-09-11,500.0,C,48.4,54.8,51.6,48.9934,0.7904,0.004385,-0.467722,0.385773,22,545.83,3,48,76.02
META,2026-08-20,2026-09-11,510.0,C,41.65,46.45,44.05,46.3354,0.74964,0.005122,-0.485545,0.426163,22,545.83,2,7,76.02
META,2026-08-20,2026-09-11,515.0,C,37.95,40.8,39.375,41.5167,0.739978,0.005831,-0.44695,0.434686,22,545.83,2,4,76.02
META,2026-08-20,2026-09-11,520.0,C,34.3,36.65,35.475,39.9115,0.714481,0.006353,-0.448842,0.455343,22,545.83,32,33,76.02
META,2026-08-20,2026-09-11,525.0,C,30.7,32.25,31.475,37.5861,0.688635,0.007018,-0.439445,0.473666,22,545.83,1,16,76.02
META,2026-08-20,2026-09-11,530.0,C,27.7,29.7,28.7,38.6908,0.648333,0.007156,-0.470076,0.49721,22,545.83,15,76,76.02
META,2026-08-20,2026-09-11,535.0,C,24.85,26.2,25.525,37.5739,0.613163,0.007602,-0.469306,0.51295,22,545.83,14,84,76.02
META,2026-08-20,2026-09-11,540.0,C,21.85,23.15,22.5,36.9818,0.574661,0.007909,-0.470894,0.525215,22,545.83,159,141,76.02
META,2026-08-20,2026-09-11,545.0,C,19.5,20.35,19.925,36.5027,0.534543,0.008125,-0.469368,0.532599,22,545.83,101,109,76.02
META,2026-08-20,2026-09-11,550.0,C,17.25,18.15,17.7,36.7621,0.494228,0.008097,-0.472132,0.534548,22,545.83,88,197,76.02
META,2026-08-20,2026-09-11,555.0,C,15.1,15.8,15.45,36.3898,0.453496,0.008125,-0.462634,0.530968,22,545.83,92,110,76.02
META,2026-08-20,2026-09-11,560.0,C,13.05,14.0,13.525,36.6797,0.414964,0.007931,-0.457054,0.522413,22,545.83,40,155,76.02
META,2026-08-20,2026-09-11,565.0,C,11.35,12.1,11.725,36.4356,0.375923,0.007772,-0.440696,0.508535,22,545.83,50,47,76.02
META,2026-08-20,2026-09-11,570.0,C,10.0,10.7,10.35,36.8231,0.341126,0.007435,-0.429246,0.49163,22,545.83,42,128,76.02
META,2026-08-20,2026-09-11,575.0,C,8.65,9.2,8.925,36.6889,0.305663,0.007131,-0.407771,0.469845,22,545.83,34,588,76.02
META,2026-08-20,2026-09-11,580.0,C,7.5,7.95,7.725,36.7468,0.273186,0.006754,-0.386538,0.445678,22,545.83,85,630,76.02
META,2026-08-20,2026-09-11,585.0,C,6.35,6.9,6.625,36.9391,0.243764,0.006333,-0.365506,0.420119,22,545.83,15,914,76.02
META,2026-08-20,2026-09-11,590.0,C,5.45,6.0,5.725,37.1955,0.217097,0.005895,-0.344285,0.393759,22,545.83,96,453,76.02
META,2026-08-20,2026-09-11,595.0,C,4.65,5.2,4.925,37.4335,0.192614,0.005455,-0.322124,0.366703,22,545.83,222,12470,76.02
META,2026-08-20,2026-09-11,600.0,C,4.0,4.3,4.15,37.0856,0.166218,0.005019,-0.290486,0.334232,22,545.83,248,1340,76.02
META,2026-08-20,2026-09-11,605.0,C,3.45,3.85,3.65,37.7875,0.149411,0.004592,-0.275519,0.311627,22,545.83,109,298,76.02
META,2026-08-20,2026-09-11,610.0,C,2.96,3.2,3.08,37.6105,0.128518,0.004164,-0.247199,0.281239,22,545.83,70,352,76.02
META,2026-08-20,2026-09-11,615.0,C,2.44,2.93,2.685,38.526,0.11691,0.003804,-0.236614,0.263168,22,545.83,46,147,76.02
META,2026-08-20,2026-09-11,620.0,C,2.16,2.51,2.335,38.7091,0.102096,0.003435,-0.215458,0.23876,22,545.83,54,591,76.02
META,2026-08-20,2026-09-11,625.0,C,1.78,2.22,2.0,39.2096,0.090822,0.003112,-0.200047,0.219086,22,545.83,41,175,76.02
META,2026-08-20,2026-09-11,630.0,C,1.6,1.9,1.75,39.3927,0.079057,0.002791,-0.18096,0.197441,22,545.83,38,421,76.02
META,2026-08-20,2026-09-11,635.0,C,1.36,1.68,1.52,39.8749,0.070247,0.00252,-0.167228,0.180415,22,545.83,18,468,76.02
META,2026-08-20,2026-09-11,640.0,C,1.18,1.48,1.33,40.3082,0.062232,0.002269,-0.153776,0.164254,22,545.83,18,385,76.02
META,2026-08-20,2026-09-11,645.0,C,0.98,1.28,1.13,40.5768,0.054401,0.002028,-0.139178,0.147786,22,545.83,25,170,76.02
META,2026-08-20,2026-09-11,650.0,C,0.93,1.1,1.015,40.7965,0.047309,0.001805,-0.125117,0.132229,22,545.83,71,620,76.02
META,2026-08-20,2026-09-11,655.0,C,0.74,1.08,0.91,42.066,0.045304,0.001691,-0.124501,0.127708,22,545.83,16,140,76.02
META,2026-08-20,2026-09-11,660.0,C,0.63,0.91,0.77,42.0904,0.038803,0.00149,-0.10983,0.112657,22,545.83,38,173,76.02
META,2026-08-20,2026-09-11,665.0,C,0.58,0.76,0.67,42.066,0.032964,0.001305,-0.095987,0.098565,22,545.83,53,3313,76.02
META,2026-08-20,2026-09-11,670.0,C,0.54,0.77,0.655,43.4576,0.032382,0.001245,-0.097653,0.09713,22,545.83,6,243,76.02
META,2026-08-20,2026-09-11,675.0,C,0.45,0.74,0.595,44.4341,0.030598,0.001162,-0.095224,0.092684,22,545.83,5,179,76.02
META,2026-08-20,2026-09-11,680.0,C,0.45,0.61,0.53,44.2877,0.025797,0.001011,-0.082304,0.080406,22,545.83,13,327,76.02
META,2026-08-20,2026-09-11,685.0,C,0.36,0.56,0.46,44.8736,0.023508,0.000923,-0.077102,0.074375,22,545.83,9,131,76.02
META,2026-08-20,2026-09-11,690.0,C,0.37,0.58,0.475,46.314,0.02358,0.000897,-0.07974,0.074566,22,545.83,5,155,76.02
META,2026-08-20,2026-09-11,695.0,C,0.29,0.53,0.41,46.8511,0.021507,0.00082,-0.074613,0.069,22,545.83,1,8,76.02
META,2026-08-20,2026-09-11,700.0,C,0.31,0.46,0.385,46.9976,0.018807,0.00073,-0.066775,0.06158,22,545.83,12,572,76.02
META,2026-08-20,2026-09-11,705.0,C,0.18,0.51,0.345,48.8531,0.019942,0.000738,-0.07292,0.064724,22,545.83,1,27,76.02
META,2026-08-20,2026-09-11,710.0,C,0.24,0.4,0.32,48.2427,0.016092,0.000622,-0.059956,0.053903,22,545.83,1,47,76.02
META,2026-08-20,2026-09-11,715.0,C,0.22,0.43,0.325,49.854,0.016738,0.000623,-0.064056,0.055751,22,545.83,66,16,76.02
META,2026-08-20,2026-09-11,720.0,C,0.13,0.43,0.28,50.9282,0.016397,0.000599,-0.064271,0.054777,22,545.83,3,50,76.02
META,2026-08-20,2026-09-11,725.0,C,0.13,0.38,0.255,51.1235,0.014588,0.00054,-0.058341,0.049547,22,545.83,6,69,76.02
META,2026-08-20,2026-09-11,730.0,C,0.11,0.4,0.255,52.5151,0.014881,0.000534,-0.060944,0.050402,22,545.83,8,35,76.02
META,2026-08-20,2026-09-11,735.0,C,0.11,0.38,0.245,50.2446,0.009837,0.00039,-0.040728,0.035208,22,545.83,8,21,76.02
META,2026-08-20,2026-09-11,740.0,C,0.1,0.37,0.235,50.9771,0.009352,0.000368,-0.039524,0.033686,22,545.83,10,45,76.02
META,2026-08-20,2026-09-11,745.0,C,0.09,0.36,0.225,51.6606,0.008854,0.000346,-0.038168,0.032108,22,545.83,47,63,76.02
META,2026-08-20,2026-09-11,750.0,C,0.1,0.33,0.215,52.3442,0.008399,0.000326,-0.036917,0.030657,22,545.83,5,136,76.02
META,2026-08-20,2026-09-11,755.0,C,0.08,0.34,0.21,53.1255,0.008087,0.000311,-0.036233,0.029654,22,545.83,8,51,76.02
META,2026-08-20,2026-09-11,760.0,C,0.07,0.32,0.195,53.5649,0.007459,0.000287,-0.034018,0.027619,22,545.83,4,10,76.02
META,2026-08-20,2026-09-11,765.0,C,0.06,0.32,0.19,54.2973,0.007164,0.000273,-0.033271,0.026653,22,545.83,2,17,76.02
META,2026-08-20,2026-09-11,770.0,C,0.06,0.31,0.185,55.0786,0.006938,0.000262,-0.032801,0.025909,22,545.83,10,25,76.02
META,2026-08-20,2026-09-11,775.0,C,0.05,0.3,0.175,55.5669,0.006476,0.000244,-0.03113,0.024378,22,545.83,6,27,76.02
META,2026-08-20,2026-09-11,780.0,C,0.08,0.29,0.185,56.8364,0.006707,0.000246,-0.032837,0.025146,22,545.83,26,46,76.02
META,2026-08-20,2026-09-11,785.0,C,0.06,0.28,0.17,57.1782,0.006166,0.000227,-0.030661,0.023343,22,545.83,8,28,76.02
META,2026-08-20,2026-09-11,790.0,C,0.05,0.27,0.16,57.6176,0.005749,0.000212,-0.029029,0.021936,22,545.83,2,15,76.02
META,2026-08-20,2026-09-11,795.0,C,0.04,0.26,0.15,58.1059,0.005401,0.000199,-0.027695,0.020755,22,545.83,7,11,76.02
META,2026-08-20,2026-09-11,800.0,C,0.05,0.24,0.145,58.6918,0.005149,0.000189,-0.026805,0.019891,22,545.83,1,159,76.02
META,2026-08-20,2026-09-11,805.0,C,0.03,0.25,0.14,59.2778,0.004916,0.000179,-0.025975,0.019087,22,545.83,8,19,76.02
META,2026-08-20,2026-09-11,810.0,C,0.03,0.24,0.135,59.9125,0.004732,0.000171,-0.025368,0.018447,22,545.83,12,12,76.02
META,2026-08-20,2026-09-11,815.0,C,0.02,0.23,0.125,60.2543,0.004385,0.000159,-0.023834,0.017235,22,545.83,2,9,76.02
META,2026-08-20,2026-09-11,820.0,C,0.03,0.22,0.125,61.0355,0.004316,0.000155,-0.023803,0.016995,22,545.83,6,11,76.02
META,2026-08-20,2026-09-11,825.0,C,0.02,0.21,0.115,61.3285,0.003985,0.000144,-0.022262,0.015821,22,545.83,16,17,76.02
META,2026-08-20,2026-09-11,830.0,C,0.02,0.21,0.115,62.1098,0.003934,0.00014,-0.022284,0.015639,22,545.83,4,9,76.02
META,2026-08-20,2026-09-11,835.0,C,0.01,0.2,0.105,62.3051,0.003592,0.000129,-0.020604,0.014417,22,545.83,2,13,76.02
META,2026-08-20,2026-09-11,840.0,C,0.01,0.2,0.105,63.0863,0.003556,0.000126,-0.020673,0.014287,22,545.83,8,5,76.02
META,2026-08-20,2026-09-11,845.0,C,0.01,0.2,0.105,63.8675,0.003524,0.000124,-0.020757,0.014172,22,545.83,6,4,76.02
META,2026-08-20,2026-09-11,850.0,C,0.01,0.19,0.1,64.2582,0.003318,0.000116,-0.019779,0.013423,22,545.83,14,10,76.02
META,2026-08-20,2026-09-11,855.0,C,0.01,0.2,0.105,65.3324,0.003426,0.000118,-0.020697,0.013817,22,545.83,32,9,76.02
META,2026-08-20,2026-09-11,860.0,C,0.01,0.19,0.1,65.8207,0.003276,0.000112,-0.020028,0.013273,22,545.83,5,10,76.02
META,2026-08-20,2026-09-11,865.0,C,0.05,0.24,0.145,69.0433,0.004418,0.00014,-0.02746,0.017352,22,545.83,2,20,76.02
META,2026-08-20,2026-09-11,870.0,C,0.01,0.26,0.135,69.3362,0.00414,0.000132,-0.026019,0.016373,22,545.83,55,14,76.02
META,2026-08-20,2026-09-11,875.0,C,0.0,0.29,0.145,70.5081,0.00431,0.000134,-0.027423,0.016972,22,545.83,12,36,76.02
META,2026-08-20,2026-09-11,880.0,C,0.0,0.27,0.135,70.8011,0.004049,0.000126,-0.026038,0.016049,22,545.83,1,200,76.02
META,2026-08-20,2026-09-11,885.0,C,0.01,0.3,0.155,72.5589,0.004509,0.000136,-0.029377,0.017671,22,545.83,13,656,76.02
META,2026-08-20,2026-09-11,890.0,C,0.0,0.36,0.18,74.4143,0.005047,0.000146,-0.033309,0.019539,22,545.83,6,60,76.02
META,2026-08-20,2026-09-11,895.0,C,0.0,0.27,0.135,72.9495,0.003917,0.000119,-0.026035,0.01558,22,545.83,4,58,76.02
META,2026-08-20,2026-09-11,900.0,C,0.02,0.41,0.215,77.344,0.005753,0.000158,-0.038887,0.021952,22,545.83,1,180,76.02
META,2026-08-20,2026-09-11,905.0,C,0.0,0.27,0.135,74.4143,0.00386,0.000115,-0.026209,0.015377,22,545.83,27,537,76.02
META,2026-08-20,2026-09-11,910.0,C,0.0,0.44,0.22,79.0529,0.005783,0.000155,-0.039925,0.022054,22,545.83,4,64,76.02
META,2026-08-20,2026-09-11,915.0,C,0.04,0.27,0.155,76.8557,0.004247,0.000121,-0.029479,0.01675,22,545.83,7,135,76.02
META,2026-08-20,2026-09-11,920.0,C,0.0,0.44,0.22,80.4689,0.005662,0.00015,-0.039876,0.021643,22,545.83,5,66,76.02
META,2026-08-20,2026-09-11,925.0,C,0.01,0.15,0.08,73.4378,0.002378,7.5e-05,-0.016713,0.009939,22,545.83,4,637,76.02
META,2026-08-20,2026-09-11,930.0,C,0.0,0.35,0.175,79.9807,0.004604,0.000125,-0.032963,0.018002,22,545.83,45,341,76.02
META,2026-08-20,2026-09-11,935.0,C,0.0,0.43,0.215,82.4221,0.005422,0.000141,-0.039291,0.020825,22,545.83,46,230,76.02
META,2026-08-20,2026-09-11,940.0,C,0.01,0.15,0.08,75.3909,0.002312,7.2e-05,-0.016721,0.009688,22,545.83,38,130,76.02
META,2026-08-20,2026-09-11,945.0,C,0.01,0.04,0.025,68.7503,0.000804,3e-05,-0.005815,0.003694,22,545.83,17,144,76.02
META,2026-08-20,2026-09-11,950.0,C,0.01,0.04,0.025,69.5316,0.000822,3e-05,-0.006001,0.00377,22,545.83,33,126,76.02
META,2026-08-20,2026-09-11,955.0,C,0.01,0.04,0.025,69.9222,0.000789,2.9e-05,-0.00581,0.00363,22,545.83,51,674,76.02
META,2026-08-20,2026-09-11,960.0,C,0.0,0.66,0.33,90.088,0.007504,0.000172,-0.057233,0.027764,22,545.83,596,156,76.02
META,2026-08-20,2026-09-11,965.0,C,0.0,0.62,0.31,90.1368,0.007059,0.000163,-0.05426,0.026309,22,545.83,7,145,76.02
META,2026-08-20,2026-09-11,970.0,C,0.0,0.57,0.285,90.0392,0.00656,0.000152,-0.050795,0.024657,22,545.83,7,1074,76.02
META,2026-08-20,2026-09-11,975.0,C,0.0,0.35,0.175,86.133,0.004305,0.00011,-0.033416,0.016956,22,545.83,73,403,76.02
META,2026-08-20,2026-09-11,980.0,C,0.0,0.62,0.31,92.2364,0.00692,0.000156,-0.054546,0.02585,22,545.83,19,196,76.02
META,2026-08-20,2026-09-11,985.0,C,0.0,0.19,0.095,82.4221,0.002515,7.1e-05,-0.019716,0.010455,22,545.83,12,561,76.02
META,2026-08-20,2026-09-11,990.0,C,0.0,0.62,0.31,93.6036,0.006826,0.000152,-0.054685,0.02554,22,545.83,230,332,76.02
META,2026-08-20,2026-09-11,995.0,C,0.0,0.4,0.2,89.9415,0.004679,0.000113,-0.037577,0.018264,22,545.83,3,898,76.02
META,2026-08-20,2026-09-11,1000.0,C,0.0,0.64,0.32,95.3125,0.00693,0.000151,-0.056427,0.025884,22,545.83,46,212,76.02
META,2026-08-20,2026-09-11,1010.0,C,0.01,0.71,0.36,97.9492,0.007558,0.000159,-0.062585,0.02794,22,545.83,27,166,76.02
META,2026-08-20,2026-09-11,1020.0,C,0.0,0.3,0.15,90.4298,0.003517,8.7e-05,-0.029254,0.014145,22,545.83,13,13,76.02
META,2026-08-20,2026-09-11,1030.0,C,0.0,0.86,0.43,102.686,0.008564,0.000169,-0.073216,0.031185,22,545.83,22,22,76.02
META,2026-08-20,2026-09-11,110.0,P,0.0,1.32,0.66,281.2503,-0.003812,3e-05,-0.096919,0.015204,22,545.83,10,118,76.02
META,2026-08-20,2026-09-11,120.0,P,0.0,1.46,0.73,269.9222,-0.004389,3.6e-05,-0.10551,0.017249,22,545.83,10,34,76.02
META,2026-08-20,2026-09-11,260.0,P,0.0,0.96,0.48,129.8832,-0.006348,0.000103,-0.070307,0.02395,22,545.83,4,12,76.02
META,2026-08-20,2026-09-11,280.0,P,0.0,0.92,0.46,117.2856,-0.006757,0.00012,-0.067055,0.025311,22,545.83,34,29,76.02
META,2026-08-20,2026-09-11,300.0,P,0.0,0.2,0.1,88.8673,-0.002101,5.6e-05,-0.017818,0.008884,22,545.83,63,305,76.02
META,2026-08-20,2026-09-11,320.0,P,0.0,0.77,0.385,93.5548,-0.007154,0.000158,-0.056172,0.02662,22,545.83,2,4,76.02
META,2026-08-20,2026-09-11,330.0,P,0.0,0.72,0.36,87.8907,-0.007136,0.000168,-0.052633,0.026562,22,545.83,0,4,76.02
META,2026-08-20,2026-09-11,340.0,P,0.0,0.66,0.33,82.2267,-0.007008,0.000177,-0.048436,0.02614,22,545.83,7,11,76.02
META,2026-08-20,2026-09-11,350.0,P,0.0,0.6,0.3,76.7092,-0.006839,0.000186,-0.044198,0.025583,22,545.83,1,12,76.02
META,2026-08-20,2026-09-11,360.0,P,0.0,0.53,0.265,71.1917,-0.006543,0.000192,-0.039418,0.0246,22,545.83,6,15,76.02
META,2026-08-20,2026-09-11,370.0,P,0.0,0.28,0.14,62.0121,-0.004089,0.000145,-0.022584,0.016193,22,545.83,5,33,76.02
META,2026-08-20,2026-09-11,380.0,P,0.01,0.19,0.1,55.9575,-0.003255,0.000131,-0.016591,0.013193,22,545.83,9,19,76.02
META,2026-08-20,2026-09-11,390.0,P,0.01,0.23,0.12,53.3208,-0.004019,0.000167,-0.01909,0.015944,22,545.83,24,10,76.02
META,2026-08-20,2026-09-11,400.0,P,0.05,0.2,0.125,52.8325,-0.006596,0.000261,-0.02937,0.024777,22,545.83,31,56,76.02
META,2026-08-20,2026-09-11,405.0,P,0.02,0.25,0.135,52.4419,-0.008207,0.000319,-0.035331,0.030042,22,545.83,6,11,76.02
META,2026-08-20,2026-09-11,410.0,P,0.02,0.27,0.145,51.0747,-0.009075,0.000358,-0.037561,0.03281,22,545.83,1,13,76.02
META,2026-08-20,2026-09-11,415.0,P,0.03,0.29,0.16,49.6587,-0.009984,0.0004,-0.039675,0.035665,22,545.83,2,19,76.02
META,2026-08-20,2026-09-11,420.0,P,0.1,0.19,0.145,45.1177,-0.007317,0.000335,-0.027422,0.027153,22,545.83,10,23,76.02
META,2026-08-20,2026-09-11,425.0,P,0.04,0.36,0.2,47.2662,-0.012757,0.00052,-0.046673,0.044133,22,545.83,2,16,76.02
META,2026-08-20,2026-09-11,430.0,P,0.06,0.4,0.23,46.0455,-0.014399,0.000593,-0.050441,0.048994,22,545.83,7,66,76.02
META,2026-08-20,2026-09-11,435.0,P,0.12,0.45,0.285,44.9224,-0.016451,0.000681,-0.055134,0.054931,22,545.83,2,8,76.02
META,2026-08-20,2026-09-11,440.0,P,0.13,0.45,0.29,42.9693,-0.01713,0.000737,-0.054546,0.056864,22,545.83,2,10,76.02
META,2026-08-20,2026-09-11,445.0,P,0.32,0.41,0.365,40.4303,-0.016599,0.000762,-0.04991,0.055354,22,545.83,10,8,76.02
META,2026-08-20,2026-09-11,450.0,P,0.31,0.58,0.445,40.7721,-0.022694,0.000986,-0.065598,0.0722,22,545.83,8,233,76.02
META,2026-08-20,2026-09-11,455.0,P,0.42,0.59,0.505,38.8922,-0.024003,0.001084,-0.065524,0.075689,22,545.83,33,41,76.02
META,2026-08-20,2026-09-11,460.0,P,0.49,0.71,0.6,38.1598,-0.028928,0.001291,-0.075062,0.088466,22,545.83,7,121,76.02
META,2026-08-20,2026-09-11,465.0,P,0.6,0.86,0.73,37.4884,-0.035021,0.001539,-0.086254,0.103597,22,545.83,1,155,76.02
META,2026-08-20,2026-09-11,470.0,P,0.78,1.05,0.915,36.8903,-0.042585,0.001834,-0.099413,0.121492,22,545.83,11,152,76.02
META,2026-08-20,2026-09-11,475.0,P,1.08,1.3,1.19,36.4142,-0.052145,0.002185,-0.115268,0.142906,22,545.83,3,65,76.02
META,2026-08-20,2026-09-11,480.0,P,1.31,1.6,1.455,35.9259,-0.063436,0.002584,-0.132479,0.166725,22,545.83,9,126,76.02
META,2026-08-20,2026-09-11,485.0,P,1.64,2.0,1.82,35.6208,-0.077749,0.003048,-0.15335,0.194959,22,545.83,11,100,76.02
META,2026-08-20,2026-09-11,490.0,P,2.13,2.44,2.285,35.1508,-0.093525,0.003547,-0.17347,0.223894,22,545.83,14,408,76.02
META,2026-08-20,2026-09-11,495.0,P,2.68,3.2,2.94,35.517,-0.11698,0.004128,-0.205756,0.263279,22,545.83,511,880,76.02
META,2026-08-20,2026-09-11,500.0,P,3.35,3.75,3.55,34.7358,-0.136278,0.004695,-0.223293,0.292834,22,545.83,53,519,76.02
META,2026-08-20,2026-09-11,505.0,P,4.15,4.65,4.4,34.693,-0.163144,0.0053,-0.250909,0.330213,22,545.83,50,566,76.02
META,2026-08-20,2026-09-11,510.0,P,5.2,5.55,5.375,34.2536,-0.190523,0.005922,-0.272513,0.364259,22,545.83,62,483,76.02
META,2026-08-20,2026-09-11,515.0,P,6.2,6.7,6.45,34.0705,-0.222556,0.006528,-0.296333,0.399411,22,545.83,17,340,76.02
META,2026-08-20,2026-09-11,520.0,P,7.5,8.05,7.775,33.9545,-0.257844,0.007098,-0.318961,0.432798,22,545.83,58,421,76.02
META,2026-08-20,2026-09-11,525.0,P,9.05,9.6,9.325,33.8569,-0.295801,0.007614,-0.338943,0.462942,22,545.83,25,309,76.02
META,2026-08-20,2026-09-11,530.0,P,10.7,11.35,11.025,33.7623,-0.33599,0.008062,-0.355366,0.488764,22,545.83,46,421,76.02
META,2026-08-20,2026-09-11,535.0,P,12.6,13.3,12.95,33.6524,-0.377941,0.008429,-0.367401,0.509383,22,545.83,40,820,76.02
META,2026-08-20,2026-09-11,540.0,P,14.85,15.55,15.2,33.7043,-0.421475,0.008661,-0.376731,0.524214,22,545.83,70,1398,76.02
META,2026-08-20,2026-09-11,545.0,P,17.35,18.0,17.675,33.7226,-0.465441,0.008795,-0.380697,0.532597,22,545.83,23,531,76.02
META,2026-08-20,2026-09-11,550.0,P,19.9,20.7,20.3,33.8019,-0.509303,0.008805,-0.380391,0.534459,22,545.83,34,525,76.02
META,2026-08-20,2026-09-11,555.0,P,22.4,23.65,23.025,33.9545,-0.552273,0.008692,-0.376137,0.530009,22,545.83,9,189,76.02
META,2026-08-20,2026-09-11,560.0,P,24.75,27.35,26.05,35.1416,-0.590198,0.008254,-0.380678,0.520881,22,545.83,13,292,76.02
META,2026-08-20,2026-09-11,565.0,P,27.95,30.05,29.0,34.0735,-0.634624,0.008235,-0.352128,0.503868,22,545.83,2,117,76.02
META,2026-08-20,2026-09-11,570.0,P,31.25,33.85,32.55,34.7785,-0.669534,0.007775,-0.343426,0.485573,22,545.83,10,195,76.02
META,2026-08-20,2026-09-11,575.0,P,34.7,37.5,36.1,34.8578,-0.705225,0.007384,-0.323443,0.462202,22,545.83,4,231,76.02
META,2026-08-20,2026-09-11,580.0,P,38.4,41.4,39.9,35.1508,-0.737156,0.006925,-0.304307,0.437102,22,545.83,25,232,76.02
META,2026-08-20,2026-09-11,585.0,P,42.3,45.8,44.05,36.3135,-0.760452,0.006382,-0.29684,0.416159,22,545.83,26,88,76.02
META,2026-08-20,2026-09-11,590.0,P,46.35,50.0,48.175,36.7804,-0.785786,0.005916,-0.278164,0.390718,22,545.83,11,152,76.02
META,2026-08-20,2026-09-11,595.0,P,48.85,53.85,51.35,36.0297,-0.817439,0.005483,-0.239906,0.354755,22,545.83,5,46,76.02
META,2026-08-20,2026-09-11,600.0,P,53.2,58.45,55.825,37.0429,-0.834086,0.005019,-0.229077,0.333836,22,545.83,3,117,76.02
META,2026-08-20,2026-09-11,605.0,P,57.6,63.95,60.775,40.5951,-0.831586,0.004624,-0.258597,0.337071,22,545.83,5,44,76.02
META,2026-08-20,2026-09-11,610.0,P,62.1,68.45,65.275,41.1505,-0.847931,0.004267,-0.241137,0.315306,22,545.83,11,34,76.02
META,2026-08-20,2026-09-11,615.0,P,66.75,72.4,69.575,39.6246,-0.875935,0.003856,-0.191421,0.27441,22,545.83,1,36,76.02
META,2026-08-20,2026-09-11,620.0,P,71.4,78.7,75.05,45.8746,-0.854323,0.003719,-0.264302,0.306387,22,545.83,3,43,76.02
META,2026-08-20,2026-09-11,625.0,P,76.15,82.4,79.275,43.2989,-0.884929,0.003347,-0.198865,0.260221,22,545.83,7,10,76.02
META,2026-08-20,2026-09-11,630.0,P,80.95,87.15,84.05,44.1107,-0.894262,0.003092,-0.187316,0.244908,22,545.83,11,49,76.02
META,2026-08-20,2026-09-11,635.0,P,85.75,91.95,88.85,45.0201,-0.902096,0.002864,-0.177802,0.231561,22,545.83,1,1,76.02
META,2026-08-20,2026-09-11,640.0,P,90.6,96.8,93.7,46.0577,-0.908453,0.002665,-0.170718,0.220382,22,545.83,4,11,76.02
META,2026-08-20,2026-09-11,645.0,P,95.45,101.7,98.575,47.2417,-0.913425,0.002492,-0.166245,0.21141,22,545.83,1,16,76.02
META,2026-08-20,2026-09-11,650.0,P,100.35,106.6,103.475,48.377,-0.918106,0.002334,-0.161445,0.20277,22,545.83,1,21,76.02
META,2026-08-20,2026-09-11,655.0,P,105.3,111.5,108.4,49.4634,-0.922534,0.002189,-0.156323,0.19442,22,545.83,2,10,76.02
META,2026-08-20,2026-09-11,660.0,P,109.55,117.65,113.6,56.1955,-0.901738,0.002301,-0.234832,0.232181,22,545.83,1,5,76.02
META,2026-08-20,2026-09-11,665.0,P,114.6,122.6,118.6,57.5932,-0.904929,0.002191,-0.234248,0.226618,22,545.83,0,1,76.02
META,2026-08-20,2026-09-11,670.0,P,119.45,127.6,123.525,59.1679,-0.90709,0.002097,-0.236608,0.222806,22,545.83,1,0,76.02
META,2026-08-20,2026-09-11,680.0,P,129.15,136.9,133.025,58.9848,-0.923628,0.001816,-0.192965,0.192329,22,545.83,1,0,76.02
META,2026-08-20,2026-09-11,685.0,P,134.5,142.55,138.525,63.538,-0.913657,0.001849,-0.239791,0.210985,22,545.83,1,0,76.02
META,2026-08-20,2026-09-11,700.0,P,150.25,157.55,153.9,67.9447,-0.918428,0.001657,-0.245527,0.20217,22,545.83,2,0,76.02
META,2026-08-20,2026-09-11,710.0,P,159.0,167.55,163.275,70.7889,-0.921219,0.001549,-0.248982,0.196919,22,545.83,1,0,76.02
META,2026-08-20,2026-09-11,790.0,P,239.1,247.55,243.325,91.3575,-0.936536,0.001017,-0.269519,0.166781,22,545.83,0,0,76.02
META,2026-08-20,2026-09-18,40.0,C,503.1,510.95,507.025,444.9223,0.996669,1.5e-05,-0.1224,0.015467,29,545.83,5,70,76.02
META,2026-08-20,2026-09-18,45.0,C,497.75,506.0,501.875,414.356,0.996768,1.5e-05,-0.111819,0.015053,29,545.83,5,10,76.02
META,2026-08-20,2026-09-18,50.0,C,492.75,501.0,496.875,395.6055,0.996572,1.7e-05,-0.113031,0.015872,29,545.83,64,81,76.02
META,2026-08-20,2026-09-18,100.0,C,443.0,451.0,447.0,282.8128,0.994317,3.7e-05,-0.13126,0.024931,29,545.83,15,118,76.02
META,2026-08-20,2026-09-18,120.0,C,423.65,431.0,427.325,262.5003,0.992266,5.3e-05,-0.15974,0.032737,29,545.83,10,6,76.02
META,2026-08-20,2026-09-18,140.0,C,403.05,411.15,407.1,230.5668,0.992306,6e-05,-0.143163,0.032587,29,545.83,10,37,76.02
META,2026-08-20,2026-09-18,280.0,C,316.5,321.85,319.175,343.3778,0.880332,0.000378,-1.835047,0.30717,29,545.83,0,1,76.02
META,2026-08-20,2026-09-18,290.0,C,253.45,261.7,257.575,119.8734,0.979786,0.000265,-0.183418,0.075169,29,545.83,1,2,76.02
META,2026-08-20,2026-09-18,300.0,C,244.0,251.75,247.875,117.5297,0.976216,0.00031,-0.203587,0.086234,29,545.83,5,19,76.02
META,2026-08-20,2026-09-18,310.0,C,294.95,302.5,298.725,332.4343,0.858904,0.000437,-1.990586,0.344262,29,545.83,5,13,76.02
META,2026-08-20,2026-09-18,320.0,C,223.5,231.75,227.625,103.8823,0.976153,0.000351,-0.185683,0.086426,29,545.83,1,99,76.02
META,2026-08-20,2026-09-18,340.0,C,204.35,210.95,207.65,93.8233,0.973398,0.000426,-0.185976,0.094718,29,545.83,6,42,76.02
META,2026-08-20,2026-09-18,350.0,C,193.7,200.95,197.325,85.7179,0.975705,0.000433,-0.163668,0.087789,29,545.83,8,137,76.02
META,2026-08-20,2026-09-18,360.0,C,183.65,191.05,187.35,81.2624,0.974077,0.000482,-0.164714,0.092693,29,545.83,2,41,76.02
META,2026-08-20,2026-09-18,370.0,C,173.3,181.95,177.625,79.114,0.969133,0.000572,-0.18176,0.107185,29,545.83,1,30,76.02
META,2026-08-20,2026-09-18,380.0,C,163.8,171.15,167.475,73.2669,0.96933,0.000615,-0.171279,0.10662,29,545.83,1,26,76.02
META,2026-08-20,2026-09-18,390.0,C,153.85,161.2,157.525,69.2142,0.966798,0.000695,-0.17331,0.113839,29,545.83,25,39,76.02
META,2026-08-20,2026-09-18,400.0,C,143.9,151.25,147.575,65.1981,0.964016,0.000788,-0.175022,0.121616,29,545.83,21,234,76.02
META,2026-08-20,2026-09-18,410.0,C,134.0,141.35,137.675,61.5726,0.960154,0.000907,-0.17941,0.132167,29,545.83,3,31,76.02
META,2026-08-20,2026-09-18,420.0,C,124.6,131.4,128.0,59.3144,0.9524,0.001087,-0.195674,0.152562,29,545.83,1,28,76.02
META,2026-08-20,2026-09-18,430.0,C,114.25,121.6,117.925,54.5537,0.950238,0.001224,-0.189236,0.158076,29,545.83,1,88,76.02
META,2026-08-20,2026-09-18,435.0,C,110.05,116.65,113.35,54.7002,0.941581,0.001386,-0.209806,0.179478,29,545.83,1,5,76.02
META,2026-08-20,2026-09-18,440.0,C,105.6,111.8,108.7,54.1997,0.934023,0.001538,-0.225012,0.197348,29,545.83,1,84,76.02
META,2026-08-20,2026-09-18,450.0,C,95.9,101.9,98.9,50.6353,0.925719,0.001804,-0.229869,0.216194,29,545.83,1,676,76.02
META,2026-08-20,2026-09-18,455.0,C,91.05,97.1,94.075,59.6806,0.881706,0.002157,-0.352396,0.304676,29,545.83,100,38,76.02
META,2026-08-20,2026-09-18,460.0,C,86.55,92.3,89.425,57.7397,0.875057,0.002317,-0.354203,0.316613,29,545.83,4,59,76.02
META,2026-08-20,2026-09-18,465.0,C,81.55,87.65,84.6,56.2016,0.866388,0.002493,-0.360402,0.331683,29,545.83,5,17,76.02
META,2026-08-20,2026-09-18,470.0,C,76.85,83.1,79.975,54.865,0.856231,0.002685,-0.368718,0.34866,29,545.83,2,128,76.02
META,2026-08-20,2026-09-18,475.0,C,72.2,78.5,75.35,53.3086,0.846068,0.002892,-0.374234,0.364945,29,545.83,12,12,76.02
META,2026-08-20,2026-09-18,480.0,C,68.2,73.75,70.975,51.3005,0.836813,0.003123,-0.374169,0.379191,29,545.83,2,131,76.02
META,2026-08-20,2026-09-18,485.0,C,64.45,68.85,66.65,48.8836,0.828379,0.003385,-0.368945,0.391706,29,545.83,4,20,76.02
META,2026-08-20,2026-09-18,490.0,C,58.8,64.8,61.8,48.4197,0.810677,0.003635,-0.386021,0.416591,29,545.83,2,128,76.02
META,2026-08-20,2026-09-18,495.0,C,54.5,58.55,56.525,42.8289,0.814456,0.004058,-0.342892,0.411433,29,545.83,10,38,76.02
META,2026-08-20,2026-09-18,500.0,C,51.85,56.0,53.925,45.4534,0.779804,0.004236,-0.394618,0.455786,29,545.83,6,500,76.02
META,2026-08-20,2026-09-18,505.0,C,47.85,49.8,48.825,40.1007,0.779466,0.004806,-0.353436,0.456187,29,545.83,5,232,76.02
META,2026-08-20,2026-09-18,510.0,C,43.9,48.45,46.175,44.4494,0.735012,0.004789,-0.421917,0.503929,29,545.83,2,253,76.02
META,2026-08-20,2026-09-18,515.0,C,40.15,42.1,41.125,38.8342,0.729981,0.005534,-0.376705,0.508731,29,545.83,66,270,76.02
META,2026-08-20,2026-09-18,520.0,C,36.95,41.75,39.35,44.1412,0.682781,0.005246,-0.450715,0.548182,29,545.83,15,461,76.02
META,2026-08-20,2026-09-18,525.0,C,33.65,35.35,34.5,38.3612,0.670435,0.006133,-0.401805,0.556887,29,545.83,29,887,76.02
META,2026-08-20,2026-09-18,530.0,C,30.8,31.7,31.25,37.2717,0.640826,0.006519,-0.401808,0.575139,29,545.83,39,805,76.02
META,2026-08-20,2026-09-18,535.0,C,28.0,29.05,28.525,37.6074,0.606348,0.006648,-0.414338,0.59185,29,545.83,25,725,76.02
META,2026-08-20,2026-09-18,540.0,C,25.2,25.95,25.575,36.9208,0.572794,0.006906,-0.413236,0.603544,29,545.83,483,1366,76.02
META,2026-08-20,2026-09-18,545.0,C,22.7,23.35,23.025,36.7743,0.5378,0.007019,-0.414791,0.611033,29,545.83,773,1454,76.02
META,2026-08-20,2026-09-18,550.0,C,20.65,20.9,20.775,36.5943,0.502519,0.007086,-0.412926,0.613778,29,545.83,691,2541,76.02
META,2026-08-20,2026-09-18,555.0,C,18.3,18.8,18.55,36.7011,0.467767,0.007042,-0.411089,0.611786,29,545.83,341,596,76.02
META,2026-08-20,2026-09-18,560.0,C,16.2,16.95,16.575,36.9452,0.434163,0.006923,-0.407936,0.605413,29,545.83,423,1434,76.02
META,2026-08-20,2026-09-18,565.0,C,14.45,14.95,14.7,36.6828,0.399871,0.006845,-0.396511,0.594355,29,545.83,122,1024,76.02
META,2026-08-20,2026-09-18,570.0,C,12.8,13.45,13.125,36.991,0.368736,0.006627,-0.389111,0.580258,29,545.83,276,2037,76.02
META,2026-08-20,2026-09-18,575.0,C,11.3,11.8,11.55,36.7926,0.336591,0.006448,-0.37365,0.561551,29,545.83,219,908,76.02
META,2026-08-20,2026-09-18,580.0,C,10.0,10.45,10.225,36.872,0.307145,0.006194,-0.359604,0.540593,29,545.83,278,2434,76.02
META,2026-08-20,2026-09-18,585.0,C,8.8,9.25,9.025,36.9879,0.279481,0.00591,-0.344515,0.517444,29,545.83,125,2442,76.02
META,2026-08-20,2026-09-18,590.0,C,7.75,8.1,7.925,36.9666,0.252559,0.005617,-0.32645,0.491553,29,545.83,1866,3142,76.02
META,2026-08-20,2026-09-18,595.0,C,6.8,7.2,7.0,37.226,0.229192,0.005291,-0.311212,0.466256,29,545.83,159,1897,76.02
META,2026-08-20,2026-09-18,600.0,C,5.95,6.3,6.125,37.2687,0.206051,0.00497,-0.292512,0.438469,29,545.83,1922,9443,76.02
META,2026-08-20,2026-09-18,605.0,C,5.25,5.6,5.425,37.5617,0.186367,0.00464,-0.276932,0.412563,29,545.83,876,3981,76.02
META,2026-08-20,2026-09-18,610.0,C,4.6,4.9,4.75,37.6532,0.166901,0.004317,-0.258525,0.384755,29,545.83,957,3388,76.02
META,2026-08-20,2026-09-18,615.0,C,4.05,4.25,4.15,37.6715,0.148511,0.003996,-0.239241,0.356343,29,545.83,276,1241,76.02
META,2026-08-20,2026-09-18,620.0,C,3.55,3.85,3.7,38.2086,0.135261,0.003698,-0.227452,0.334488,29,545.83,298,2704,76.02
META,2026-08-20,2026-09-18,625.0,C,3.15,3.3,3.225,38.1232,0.119135,0.003393,-0.207532,0.306205,29,545.83,971,5226,76.02
META,2026-08-20,2026-09-18,630.0,C,2.8,2.98,2.89,38.6115,0.108182,0.003128,-0.19599,0.285857,29,545.83,789,3846,76.02
META,2026-08-20,2026-09-18,635.0,C,2.46,2.65,2.555,38.9227,0.097222,0.002871,-0.182619,0.2645,29,545.83,97,1381,76.02
META,2026-08-20,2026-09-18,640.0,C,2.16,2.35,2.255,39.2096,0.087198,0.002629,-0.169563,0.244028,29,545.83,333,2920,76.02
META,2026-08-20,2026-09-18,645.0,C,1.94,2.09,2.015,39.5148,0.07828,0.002405,-0.157414,0.224996,29,545.83,32,1202,76.02
META,2026-08-20,2026-09-18,650.0,C,1.71,1.86,1.785,39.826,0.070298,0.002198,-0.146019,0.207253,29,545.83,1743,14854,76.02
META,2026-08-20,2026-09-18,655.0,C,1.51,1.67,1.59,40.2045,0.063472,0.002012,-0.136096,0.191505,29,545.83,107,4264,76.02
META,2026-08-20,2026-09-18,660.0,C,1.34,1.48,1.41,40.4669,0.056791,0.001832,-0.125468,0.175532,29,545.83,61,2674,76.02
META,2026-08-20,2026-09-18,665.0,C,1.23,1.35,1.29,40.9552,0.051822,0.001684,-0.118021,0.163264,29,545.83,43,1648,76.02
META,2026-08-20,2026-09-18,670.0,C,1.1,1.25,1.175,41.5411,0.047775,0.001556,-0.112113,0.153011,29,545.83,49,6380,76.02
META,2026-08-20,2026-09-18,675.0,C,0.97,1.14,1.055,41.9928,0.043592,0.00143,-0.105218,0.142146,29,545.83,64,3002,76.02
META,2026-08-20,2026-09-18,680.0,C,0.9,1.05,0.975,42.5177,0.040108,0.00132,-0.099523,0.132874,29,545.83,60,6010,76.02
META,2026-08-20,2026-09-18,685.0,C,0.79,0.96,0.875,42.9571,0.036662,0.001214,-0.093398,0.12349,29,545.83,32,1310,76.02
META,2026-08-20,2026-09-18,690.0,C,0.72,0.89,0.805,43.482,0.033846,0.001124,-0.088491,0.115652,29,545.83,53,2227,76.02
META,2026-08-20,2026-09-18,695.0,C,0.66,0.82,0.74,43.9703,0.031185,0.001039,-0.083598,0.108099,29,545.83,16,1410,76.02
META,2026-08-20,2026-09-18,700.0,C,0.63,0.73,0.68,44.1656,0.027909,0.000943,-0.076546,0.098586,29,545.83,338,11173,76.02
META,2026-08-20,2026-09-18,705.0,C,0.59,0.7,0.645,44.898,0.026468,0.000887,-0.074411,0.094319,29,545.83,12,2021,76.02
META,2026-08-20,2026-09-18,710.0,C,0.53,0.64,0.585,45.2886,0.024247,0.000818,-0.069715,0.087642,29,545.83,38,2601,76.02
META,2026-08-20,2026-09-18,715.0,C,0.48,0.61,0.545,45.9478,0.02291,0.000768,-0.067406,0.083559,29,545.83,46,1165,76.02
META,2026-08-20,2026-09-18,720.0,C,0.45,0.57,0.51,46.4361,0.021284,0.000714,-0.063993,0.078526,29,545.83,65,3971,76.02
META,2026-08-20,2026-09-18,725.0,C,0.41,0.54,0.475,47.022,0.020026,0.00067,-0.061516,0.074574,29,545.83,28,1908,76.02
META,2026-08-20,2026-09-18,730.0,C,0.38,0.51,0.445,47.5835,0.018824,0.000628,-0.059042,0.070756,29,545.83,11,4589,76.02
META,2026-08-20,2026-09-18,735.0,C,0.33,0.5,0.415,48.3892,0.018226,0.000601,-0.058392,0.068837,29,545.83,3,1220,76.02
META,2026-08-20,2026-09-18,740.0,C,0.32,0.48,0.4,49.0239,0.017341,0.000569,-0.05668,0.065976,29,545.83,50,1726,76.02
META,2026-08-20,2026-09-18,745.0,C,0.33,0.45,0.39,49.4634,0.016163,0.000531,-0.053832,0.062123,29,545.83,11,248,76.02
META,2026-08-20,2026-09-18,750.0,C,0.29,0.42,0.355,49.9028,0.015086,0.000496,-0.051174,0.058553,29,545.83,10,11188,76.02
META,2026-08-20,2026-09-18,755.0,C,0.26,0.41,0.335,50.6108,0.014552,0.000474,-0.050299,0.056764,29,545.83,10,477,76.02
META,2026-08-20,2026-09-18,760.0,C,0.25,0.35,0.3,50.4155,0.012625,0.000421,-0.044317,0.050217,29,545.83,3,3557,76.02
META,2026-08-20,2026-09-18,765.0,C,0.23,0.38,0.305,50.3667,0.011126,0.000377,-0.039665,0.045,29,545.83,2,381,76.02
META,2026-08-20,2026-09-18,770.0,C,0.22,0.32,0.27,50.4399,0.009947,0.000342,-0.036022,0.040816,29,545.83,9,2445,76.02
META,2026-08-20,2026-09-18,775.0,C,0.21,0.34,0.275,51.3677,0.009946,0.000336,-0.036669,0.040811,29,545.83,3,228,76.02
META,2026-08-20,2026-09-18,780.0,C,0.19,0.33,0.26,51.8071,0.00935,0.000315,-0.035032,0.038668,29,545.83,17,3693,76.02
META,2026-08-20,2026-09-18,785.0,C,0.17,0.34,0.255,52.4907,0.009086,0.000303,-0.034606,0.037709,29,545.83,1,87,76.02
META,2026-08-20,2026-09-18,790.0,C,0.17,0.28,0.225,52.4907,0.008086,0.000274,-0.031236,0.034043,29,545.83,3,1528,76.02
META,2026-08-20,2026-09-18,795.0,C,0.18,0.31,0.245,53.7602,0.008509,0.00028,-0.033448,0.035602,29,545.83,5,138,76.02
META,2026-08-20,2026-09-18,800.0,C,0.18,0.28,0.23,54.1508,0.007996,0.000263,-0.031895,0.033711,29,545.83,21,6786,76.02
META,2026-08-20,2026-09-18,805.0,C,0.14,0.3,0.22,54.6391,0.00762,0.00025,-0.030839,0.03231,29,545.83,3,209,76.02
META,2026-08-20,2026-09-18,810.0,C,0.14,0.26,0.2,54.7856,0.00695,0.00023,-0.028508,0.029793,29,545.83,1,861,76.02
META,2026-08-20,2026-09-18,815.0,C,0.14,0.26,0.2,55.518,0.006857,0.000224,-0.028542,0.029441,29,545.83,7,261,76.02
META,2026-08-20,2026-09-18,820.0,C,0.13,0.26,0.195,56.0551,0.006602,0.000215,-0.027862,0.028469,29,545.83,8,1110,76.02
META,2026-08-20,2026-09-18,825.0,C,0.13,0.21,0.17,55.9575,0.005845,0.000193,-0.024966,0.025558,29,545.83,5,145,76.02
META,2026-08-20,2026-09-18,830.0,C,0.12,0.24,0.18,57.0317,0.006063,0.000196,-0.02628,0.026401,29,545.83,2,482,76.02
META,2026-08-20,2026-09-18,835.0,C,0.12,0.22,0.17,57.3735,0.005708,0.000184,-0.025056,0.025026,29,545.83,1,568,76.02
META,2026-08-20,2026-09-18,840.0,C,0.11,0.18,0.145,57.0805,0.004931,0.000163,-0.021885,0.021973,29,545.83,10,406,76.02
META,2026-08-20,2026-09-18,845.0,C,0.1,0.24,0.17,58.7895,0.005595,0.000177,-0.025217,0.024588,29,545.83,1,29,76.02
META,2026-08-20,2026-09-18,850.0,C,0.12,0.19,0.155,58.8871,0.005118,0.000163,-0.023331,0.022714,29,545.83,18,11133,76.02
META,2026-08-20,2026-09-18,855.0,C,0.09,0.23,0.16,59.766,0.005198,0.000163,-0.024006,0.023032,29,545.83,2,165,76.02
META,2026-08-20,2026-09-18,860.0,C,0.1,0.21,0.155,60.2055,0.004987,0.000156,-0.0233,0.022194,29,545.83,1,528,76.02
META,2026-08-20,2026-09-18,865.0,C,0.08,0.21,0.145,60.4496,0.004665,0.000146,-0.022043,0.020915,29,545.83,1,95,76.02
META,2026-08-20,2026-09-18,870.0,C,0.09,0.16,0.125,60.1566,0.004058,0.00013,-0.019365,0.018465,29,545.83,17,389,76.02
META,2026-08-20,2026-09-18,875.0,C,0.08,0.2,0.14,61.5238,0.004428,0.000137,-0.021407,0.019961,29,545.83,6,169,76.02
META,2026-08-20,2026-09-18,880.0,C,0.09,0.19,0.14,62.2074,0.004404,0.000135,-0.021539,0.019867,29,545.83,2,443,76.02
META,2026-08-20,2026-09-18,885.0,C,0.07,0.19,0.13,62.4027,0.00411,0.000126,-0.020311,0.018677,29,545.83,2,46,76.02
META,2026-08-20,2026-09-18,890.0,C,0.08,0.17,0.125,62.7933,0.00394,0.000121,-0.019676,0.017983,29,545.83,1,512,76.02
META,2026-08-20,2026-09-18,895.0,C,0.07,0.15,0.11,62.598,0.003491,0.000109,-0.017593,0.016131,29,545.83,1,75,76.02
META,2026-08-20,2026-09-18,900.0,C,0.07,0.15,0.11,63.184,0.003442,0.000107,-0.017536,0.015931,29,545.83,1,3717,76.02
META,2026-08-20,2026-09-18,905.0,C,0.06,0.18,0.12,64.3558,0.003676,0.000111,-0.018945,0.0169,29,545.83,18,42,76.02
META,2026-08-20,2026-09-18,910.0,C,0.07,0.16,0.115,64.6488,0.003491,0.000105,-0.018166,0.016134,29,545.83,9,378,76.02
META,2026-08-20,2026-09-18,915.0,C,0.05,0.17,0.11,65.0394,0.003361,0.000101,-0.017662,0.015594,29,545.83,1,61,76.02
META,2026-08-20,2026-09-18,920.0,C,0.06,0.15,0.105,65.3324,0.003197,9.6e-05,-0.016957,0.014905,29,545.83,7,390,76.02
META,2026-08-20,2026-09-18,925.0,C,0.04,0.16,0.1,65.6253,0.003042,9.2e-05,-0.016288,0.014255,29,545.83,4,22,76.02
META,2026-08-20,2026-09-18,930.0,C,0.05,0.11,0.08,64.8441,0.002493,7.8e-05,-0.013446,0.01191,29,545.83,8,492,76.02
META,2026-08-20,2026-09-18,935.0,C,0.04,0.12,0.08,65.43,0.002475,7.6e-05,-0.013479,0.011834,29,545.83,6,10,76.02
META,2026-08-20,2026-09-18,940.0,C,0.0,0.27,0.135,69.3362,0.003809,0.000106,-0.021057,0.017447,29,545.83,32,379,76.02
META,2026-08-20,2026-09-18,945.0,C,0.03,0.18,0.105,68.262,0.003062,8.9e-05,-0.017033,0.014336,29,545.83,2,24,76.02
META,2026-08-20,2026-09-18,950.0,C,0.08,0.2,0.14,70.8011,0.003881,0.000106,-0.02186,0.017742,29,545.83,6,1384,76.02
META,2026-08-20,2026-09-18,955.0,C,0.03,0.13,0.08,67.6761,0.002389,7.2e-05,-0.013495,0.011458,29,545.83,2,299,76.02
META,2026-08-20,2026-09-18,960.0,C,0.07,0.09,0.08,68.1644,0.002347,7e-05,-0.013378,0.011278,29,545.83,57,386,76.02
META,2026-08-20,2026-09-18,965.0,C,0.02,0.15,0.085,69.1409,0.002467,7.2e-05,-0.014195,0.011799,29,545.83,9,125,76.02
META,2026-08-20,2026-09-18,970.0,C,0.0,0.15,0.075,68.9456,0.002211,6.5e-05,-0.012815,0.010684,29,545.83,44,140,76.02
META,2026-08-20,2026-09-18,975.0,C,0.03,0.12,0.075,69.5316,0.002207,6.5e-05,-0.012901,0.010665,29,545.83,10,42,76.02
META,2026-08-20,2026-09-18,980.0,C,0.04,0.24,0.14,74.219,0.003694,9.7e-05,-0.02191,0.016972,29,545.83,30,480,76.02
META,2026-08-20,2026-09-18,985.0,C,0.04,0.15,0.095,72.0706,0.002636,7.3e-05,-0.015704,0.012527,29,545.83,11,71,76.02
META,2026-08-20,2026-09-18,990.0,C,0.04,0.15,0.095,72.6565,0.002632,7.3e-05,-0.015805,0.012507,29,545.83,26,1203,76.02
META,2026-08-20,2026-09-18,995.0,C,0.04,0.15,0.095,73.2425,0.002628,7.2e-05,-0.015912,0.012492,29,545.83,20,240,76.02
META,2026-08-20,2026-09-18,1000.0,C,0.06,0.07,0.065,71.2893,0.001878,5.5e-05,-0.011424,0.009214,29,545.83,208,4375,76.02
META,2026-08-20,2026-09-18,1010.0,C,0.05,0.06,0.055,71.2893,0.001602,4.7e-05,-0.009884,0.007973,29,545.83,98,3348,76.02
META,2026-08-20,2026-09-18,1020.0,C,0.03,0.06,0.045,71.094,0.001327,4e-05,-0.008298,0.006713,29,545.83,319,828,76.02
META,2026-08-20,2026-09-18,1030.0,C,0.04,0.1,0.07,74.8049,0.001913,5.3e-05,-0.012181,0.009367,29,545.83,44,737,76.02
META,2026-08-20,2026-09-18,1040.0,C,0.03,0.15,0.09,77.5393,0.00235,6.2e-05,-0.015219,0.011292,29,545.83,162,668,76.02
META,2026-08-20,2026-09-18,1050.0,C,0.03,0.15,0.09,78.5158,0.002311,6e-05,-0.015177,0.011123,29,545.83,64,481,76.02
META,2026-08-20,2026-09-18,1060.0,C,0.02,0.1,0.06,76.758,0.00161,4.4e-05,-0.010683,0.008009,29,545.83,58,979,76.02
META,2026-08-20,2026-09-18,1070.0,C,0.03,0.61,0.32,91.3575,0.006686,0.000133,-0.04569,0.02879,29,545.83,653,549,76.02
META,2026-08-20,2026-09-18,1080.0,C,0.03,0.15,0.09,81.4455,0.002221,5.6e-05,-0.01518,0.010728,29,545.83,74,533,76.02
META,2026-08-20,2026-09-18,1090.0,C,0.0,0.15,0.075,81.1525,0.001888,4.8e-05,-0.01305,0.009257,29,545.83,4,1880,76.02
META,2026-08-20,2026-09-18,1100.0,C,0.01,0.09,0.05,79.2971,0.001305,3.5e-05,-0.009108,0.006612,29,545.83,2,2801,76.02
META,2026-08-20,2026-09-18,1110.0,C,0.01,0.15,0.08,83.4963,0.001952,4.8e-05,-0.01384,0.009544,29,545.83,86,327,76.02
META,2026-08-20,2026-09-18,1120.0,C,0.01,0.08,0.045,80.4689,0.001173,3.1e-05,-0.00838,0.005996,29,545.83,19,298,76.02
META,2026-08-20,2026-09-18,1130.0,C,0.01,0.15,0.08,85.3517,0.001914,4.6e-05,-0.013889,0.009371,29,545.83,187,757,76.02
META,2026-08-20,2026-09-18,1140.0,C,0.01,0.11,0.06,84.1798,0.001476,3.7e-05,-0.010811,0.007396,29,545.83,72,580,76.02
META,2026-08-20,2026-09-18,1150.0,C,0.02,0.12,0.07,86.133,0.001663,4e-05,-0.012333,0.008247,29,545.83,67,561,76.02
META,2026-08-20,2026-09-18,1160.0,C,0.01,0.05,0.03,81.2502,0.000777,2.1e-05,-0.005797,0.004109,29,545.83,266,1383,76.02
META,2026-08-20,2026-09-18,1170.0,C,0.02,0.04,0.03,82.0314,0.000764,2.1e-05,-0.005764,0.004047,29,545.83,128,920,76.02
META,2026-08-20,2026-09-18,1180.0,C,0.01,0.13,0.07,88.8673,0.001637,3.9e-05,-0.012541,0.00813,29,545.83,72,277,76.02
META,2026-08-20,2026-09-18,1190.0,C,0.01,0.04,0.025,82.8127,0.000664,1.8e-05,-0.005112,0.003556,29,545.83,174,1358,76.02
META,2026-08-20,2026-09-18,1200.0,C,0.01,0.05,0.03,84.3752,0.000734,2e-05,-0.005707,0.003897,29,545.83,2,485,76.02
META,2026-08-20,2026-09-18,1210.0,C,0.0,0.07,0.035,86.3283,0.000851,2.2e-05,-0.006695,0.004468,29,545.83,9,1555,76.02
META,2026-08-20,2026-09-18,1220.0,C,0.0,0.1,0.05,89.6485,0.001164,2.8e-05,-0.009262,0.005953,29,545.83,111,523,76.02
META,2026-08-20,2026-09-18,1230.0,C,0.0,0.05,0.025,85.9376,0.000639,1.7e-05,-0.005118,0.003431,29,545.83,3,60,76.02
META,2026-08-20,2026-09-18,1240.0,C,0.01,0.06,0.035,88.672,0.000827,2.1e-05,-0.006693,0.00435,29,545.83,572,751,76.02
META,2026-08-20,2026-09-18,1250.0,C,0.0,0.05,0.025,87.5001,0.000631,1.6e-05,-0.005151,0.003393,29,545.83,33,306,76.02
META,2026-08-20,2026-09-18,1260.0,C,0.0,0.09,0.045,92.1876,0.001042,2.5e-05,-0.008601,0.005377,29,545.83,53,549,76.02
META,2026-08-20,2026-09-18,1270.0,C,0.0,0.05,0.025,88.672,0.000594,1.5e-05,-0.004931,0.003205,29,545.83,6,292,76.02
META,2026-08-20,2026-09-18,1280.0,C,0.0,0.73,0.365,113.3305,0.006225,0.000101,-0.053121,0.027026,29,545.83,187,585,76.02
META,2026-08-20,2026-09-18,1290.0,C,0.01,0.12,0.065,97.2657,0.001398,3.1e-05,-0.011878,0.00704,29,545.83,236,519,76.02
META,2026-08-20,2026-09-18,1300.0,C,0.0,0.05,0.025,91.0157,0.000592,1.5e-05,-0.005044,0.003195,29,545.83,1,2530,76.02
META,2026-08-20,2026-09-18,1310.0,C,0.01,0.22,0.115,103.7114,0.002266,4.4e-05,-0.019649,0.010924,29,545.83,189,1126,76.02
META,2026-08-20,2026-09-18,1320.0,C,0.01,0.13,0.07,100.0005,0.001434,3e-05,-0.012498,0.007206,29,545.83,195,1148,76.02
META,2026-08-20,2026-09-18,1330.0,C,0.0,0.76,0.38,118.1645,0.006234,9.7e-05,-0.055447,0.027063,29,545.83,53,914,76.02
META,2026-08-20,2026-09-18,1340.0,C,0.01,0.13,0.07,101.563,0.001423,3e-05,-0.012606,0.007157,29,545.83,97,2198,76.02
META,2026-08-20,2026-09-18,1350.0,C,0.0,0.05,0.025,94.5313,0.000569,1.4e-05,-0.005048,0.003079,29,545.83,20,745,76.02
META,2026-08-20,2026-09-18,1360.0,C,0.0,0.78,0.39,120.9965,0.006251,9.5e-05,-0.056905,0.027128,29,545.83,20,280,76.02
META,2026-08-20,2026-09-18,1370.0,C,0.0,0.06,0.03,97.2657,0.000667,1.5e-05,-0.006015,0.003566,29,545.83,170,1027,76.02
META,2026-08-20,2026-09-18,1380.0,C,0.0,0.2,0.1,107.6176,0.001888,3.6e-05,-0.017272,0.009257,29,545.83,194,504,76.02
META,2026-08-20,2026-09-18,1390.0,C,0.0,0.08,0.04,100.7817,0.00085,1.9e-05,-0.007799,0.004463,29,545.83,22,870,76.02
META,2026-08-20,2026-09-18,1400.0,C,0.0,0.07,0.035,100.3911,0.000745,1.7e-05,-0.006876,0.00395,29,545.83,132,921,76.02
META,2026-08-20,2026-09-18,1410.0,C,0.0,0.07,0.035,101.1724,0.000749,1.7e-05,-0.006968,0.003972,29,545.83,20,1881,76.02
META,2026-08-20,2026-09-18,1420.0,C,0.0,0.05,0.025,99.2188,0.000541,1.3e-05,-0.005059,0.002941,29,545.83,182,1802,76.02
META,2026-08-20,2026-09-18,1430.0,C,0.0,0.06,0.03,101.1724,0.000631,1.4e-05,-0.005949,0.003392,29,545.83,36,1533,76.02
META,2026-08-20,2026-09-18,1440.0,C,0.0,0.08,0.04,103.9067,0.000801,1.7e-05,-0.007605,0.004222,29,545.83,241,3371,76.02
META,2026-08-20,2026-09-18,1450.0,C,0.0,0.01,0.005,90.6251,0.000114,3e-06,-0.001083,0.00069,29,545.83,795,1964,76.02
META,2026-08-20,2026-09-18,1460.0,C,0.0,0.01,0.005,90.6251,0.000103,3e-06,-0.000981,0.000624,29,545.83,99,637,76.02
META,2026-08-20,2026-09-18,1470.0,C,0.0,0.01,0.005,92.1876,0.000121,3e-06,-0.001161,0.000726,29,545.83,20,989,76.02
META,2026-08-20,2026-09-18,1480.0,C,0.0,0.01,0.005,93.7501,0.000141,4e-06,-0.001365,0.00084,29,545.83,1120,12091,76.02
META,2026-08-20,2026-09-18,10.0,P,0.0,0.01,0.005,400.0005,-1.9e-05,0.0,-0.000893,0.00013,29,545.83,176,194,76.02
META,2026-08-20,2026-09-18,15.0,P,0.0,0.01,0.005,362.5001,-2.8e-05,0.0,-0.001133,0.000182,29,545.83,147,501,76.02
META,2026-08-20,2026-09-18,20.0,P,0.0,0.01,0.005,325.0002,-2.3e-05,0.0,-0.000866,0.000155,29,545.83,11,308,76.02
META,2026-08-20,2026-09-18,25.0,P,0.0,0.01,0.005,306.2502,-3.1e-05,0.0,-0.001055,0.0002,29,545.83,3,6,76.02
META,2026-08-20,2026-09-18,30.0,P,0.0,0.2,0.1,364.8438,-0.000422,3e-06,-0.014661,0.002336,29,545.83,4,37,76.02
META,2026-08-20,2026-09-18,35.0,P,0.0,0.2,0.1,344.5314,-0.000455,3e-06,-0.014839,0.002504,29,545.83,8,49,76.02
META,2026-08-20,2026-09-18,40.0,P,0.0,0.4,0.2,351.5626,-0.000857,5e-06,-0.02719,0.004496,29,545.83,7,992,76.02
META,2026-08-20,2026-09-18,45.0,P,0.0,0.2,0.1,311.719,-0.000514,4e-06,-0.015027,0.002803,29,545.83,20,853,76.02
META,2026-08-20,2026-09-18,50.0,P,0.0,0.29,0.145,309.3752,-0.000735,5e-06,-0.020774,0.003905,29,545.83,1,224,76.02
META,2026-08-20,2026-09-18,55.0,P,0.0,0.06,0.03,256.2504,-0.000198,2e-06,-0.005093,0.001156,29,545.83,94,2713,76.02
META,2026-08-20,2026-09-18,60.0,P,0.0,0.25,0.125,280.8597,-0.000715,6e-06,-0.018373,0.003805,29,545.83,16,727,76.02
META,2026-08-20,2026-09-18,65.0,P,0.0,0.3,0.15,275.3909,-0.000865,7e-06,-0.021459,0.004532,29,545.83,27,3389,76.02
META,2026-08-20,2026-09-18,70.0,P,0.0,0.3,0.15,265.6253,-0.0009,7e-06,-0.021475,0.004703,29,545.83,10,4683,76.02
META,2026-08-20,2026-09-18,75.0,P,0.0,0.02,0.01,203.1255,-8.6e-05,1e-06,-0.001838,0.000526,29,545.83,9,3735,76.02
META,2026-08-20,2026-09-18,80.0,P,0.0,0.03,0.015,203.1255,-0.000134,2e-06,-0.00279,0.000799,29,545.83,19,5635,76.02
META,2026-08-20,2026-09-18,85.0,P,0.0,0.02,0.01,190.625,-9.4e-05,1e-06,-0.001879,0.000574,29,545.83,100,3800,76.02
META,2026-08-20,2026-09-18,90.0,P,0.0,0.03,0.015,190.625,-0.000142,2e-06,-0.00278,0.000849,29,545.83,9,5618,76.02
META,2026-08-20,2026-09-18,95.0,P,0.0,0.06,0.03,195.3125,-0.000274,3e-06,-0.005242,0.001562,29,545.83,55,6851,76.02
META,2026-08-20,2026-09-18,100.0,P,0.0,0.27,0.135,216.9926,-0.001017,1e-05,-0.019608,0.005259,29,545.83,61,4902,76.02
META,2026-08-20,2026-09-18,120.0,P,0.0,0.08,0.04,173.4376,-0.000405,5e-06,-0.006707,0.002252,29,545.83,4,6027,76.02
META,2026-08-20,2026-09-18,130.0,P,0.0,0.3,0.15,185.9376,-0.001327,1.5e-05,-0.021433,0.006712,29,545.83,80,1554,76.02
META,2026-08-20,2026-09-18,140.0,P,0.0,0.04,0.02,147.6565,-0.000247,4e-06,-0.003594,0.001418,29,545.83,3,30807,76.02
META,2026-08-20,2026-09-18,280.0,P,0.01,0.06,0.035,78.1252,-0.000803,2.3e-05,-0.005658,0.004236,29,545.83,12,654,76.02
META,2026-08-20,2026-09-18,290.0,P,0.0,0.08,0.04,75.0003,-0.000932,2.7e-05,-0.006223,0.004855,29,545.83,2,258,76.02
META,2026-08-20,2026-09-18,300.0,P,0.01,0.08,0.045,71.8753,-0.00107,3.2e-05,-0.006768,0.005512,29,545.83,56,2821,76.02
META,2026-08-20,2026-09-18,310.0,P,0.03,0.1,0.065,70.7034,-0.001573,4.7e-05,-0.009465,0.00784,29,545.83,50,1300,76.02
META,2026-08-20,2026-09-18,320.0,P,0.0,0.09,0.045,64.6488,-0.001192,4e-05,-0.006715,0.006087,29,545.83,7,774,76.02
META,2026-08-20,2026-09-18,330.0,P,0.01,0.09,0.05,61.7191,-0.001366,4.7e-05,-0.007254,0.006892,29,545.83,71,467,76.02
META,2026-08-20,2026-09-18,340.0,P,0.02,0.09,0.055,58.9848,-0.0016,5.7e-05,-0.008003,0.007961,29,545.83,25,1218,76.02
META,2026-08-20,2026-09-18,350.0,P,0.0,0.13,0.065,56.4457,-0.00192,7e-05,-0.009036,0.0094,29,545.83,25,1981,76.02
META,2026-08-20,2026-09-18,360.0,P,0.05,0.21,0.13,57.227,-0.003691,0.000125,-0.01652,0.016961,29,545.83,10,725,76.02
META,2026-08-20,2026-09-18,370.0,P,0.04,0.16,0.1,52.2466,-0.003131,0.000118,-0.012997,0.01463,29,545.83,8,180,76.02
META,2026-08-20,2026-09-18,375.0,P,0.04,0.16,0.1,50.5864,-0.00322,0.000125,-0.012897,0.015001,29,545.83,22,156,76.02
META,2026-08-20,2026-09-18,380.0,P,0.06,0.17,0.115,52.0513,-0.005209,0.000187,-0.020403,0.023072,29,545.83,1,534,76.02
META,2026-08-20,2026-09-18,385.0,P,0.07,0.19,0.13,51.0259,-0.005879,0.000213,-0.022261,0.025691,29,545.83,5,278,76.02
META,2026-08-20,2026-09-18,390.0,P,0.07,0.21,0.14,49.9517,-0.006591,0.00024,-0.024102,0.028429,29,545.83,5,1533,76.02
META,2026-08-20,2026-09-18,395.0,P,0.08,0.25,0.165,49.3657,-0.007867,0.000284,-0.027828,0.033232,29,545.83,11,127,76.02
META,2026-08-20,2026-09-18,400.0,P,0.14,0.25,0.195,47.6568,-0.008129,0.000303,-0.027631,0.034202,29,545.83,2155,2084,76.02
META,2026-08-20,2026-09-18,405.0,P,0.16,0.28,0.22,46.6314,-0.009175,0.000345,-0.030046,0.038032,29,545.83,4,194,76.02
META,2026-08-20,2026-09-18,410.0,P,0.18,0.31,0.245,45.5572,-0.010293,0.00039,-0.032436,0.042053,29,545.83,1,1064,76.02
META,2026-08-20,2026-09-18,415.0,P,0.16,0.37,0.265,44.9713,-0.012277,0.00046,-0.037292,0.049013,29,545.83,1,94,76.02
META,2026-08-20,2026-09-18,420.0,P,0.22,0.36,0.29,43.0914,-0.012467,0.000487,-0.036182,0.04967,29,545.83,17,548,76.02
META,2026-08-20,2026-09-18,425.0,P,0.3,0.41,0.355,42.1881,-0.014322,0.000561,-0.0399,0.055992,29,545.83,6,156,76.02
META,2026-08-20,2026-09-18,430.0,P,0.36,0.47,0.415,41.3336,-0.016554,0.000648,-0.04423,0.063407,29,545.83,51,1666,76.02
META,2026-08-20,2026-09-18,435.0,P,0.42,0.55,0.485,40.6012,-0.019409,0.000756,-0.049715,0.072621,29,545.83,3,217,76.02
META,2026-08-20,2026-09-18,440.0,P,0.51,0.66,0.585,40.0641,-0.023236,0.000892,-0.057067,0.08456,29,545.83,60,2613,76.02
META,2026-08-20,2026-09-18,445.0,P,0.62,0.78,0.7,39.4293,-0.027451,0.001042,-0.064513,0.097233,29,545.83,23,258,76.02
META,2026-08-20,2026-09-18,450.0,P,0.77,0.92,0.845,38.7824,-0.032328,0.001213,-0.072593,0.111361,29,545.83,128,4883,76.02
META,2026-08-20,2026-09-18,455.0,P,0.92,1.11,1.015,38.3185,-0.038666,0.001422,-0.08297,0.128973,29,545.83,21,371,76.02
META,2026-08-20,2026-09-18,460.0,P,1.13,1.31,1.22,37.7081,-0.045475,0.001648,-0.092983,0.14707,29,545.83,64,6742,76.02
META,2026-08-20,2026-09-18,465.0,P,1.39,1.56,1.475,37.1832,-0.053739,0.001909,-0.104614,0.168038,29,545.83,5,550,76.02
META,2026-08-20,2026-09-18,470.0,P,1.69,1.88,1.785,36.7926,-0.063943,0.002212,-0.118476,0.19261,29,545.83,67,3206,76.02
META,2026-08-20,2026-09-18,475.0,P,2.06,2.33,2.195,36.7011,-0.077261,0.002564,-0.136478,0.22277,29,545.83,213,554,76.02
META,2026-08-20,2026-09-18,480.0,P,2.51,2.72,2.615,36.0907,-0.089612,0.002915,-0.149763,0.249044,29,545.83,229,2680,76.02
META,2026-08-20,2026-09-18,485.0,P,3.0,3.3,3.15,35.9076,-0.106182,0.003318,-0.168429,0.282035,29,545.83,132,931,76.02
META,2026-08-20,2026-09-18,490.0,P,3.7,3.95,3.825,35.6452,-0.124362,0.00374,-0.186704,0.315585,29,545.83,255,4764,76.02
META,2026-08-20,2026-09-18,495.0,P,4.5,4.7,4.6,35.3797,-0.144674,0.004181,-0.205142,0.350138,29,545.83,272,1111,76.02
META,2026-08-20,2026-09-18,500.0,P,5.3,5.55,5.425,35.0837,-0.167016,0.004635,-0.22308,0.384926,29,545.83,848,9081,76.02
META,2026-08-20,2026-09-18,505.0,P,6.25,6.6,6.425,34.9738,-0.192748,0.005088,-0.242698,0.421198,29,545.83,316,1544,76.02
META,2026-08-20,2026-09-18,510.0,P,7.35,7.75,7.55,34.7663,-0.220096,0.005537,-0.260228,0.455667,29,545.83,388,4703,76.02
META,2026-08-20,2026-09-18,515.0,P,8.7,9.1,8.9,34.6686,-0.250177,0.00596,-0.277647,0.489097,29,545.83,293,1363,76.02
META,2026-08-20,2026-09-18,520.0,P,10.15,10.5,10.325,34.3573,-0.281163,0.006381,-0.290856,0.51895,29,545.83,428,5534,76.02
META,2026-08-20,2026-09-18,525.0,P,11.65,12.25,11.95,34.3879,-0.31553,0.006719,-0.305651,0.546941,29,545.83,200,1400,76.02
META,2026-08-20,2026-09-18,530.0,P,13.6,14.1,13.85,34.2749,-0.350717,0.007029,-0.316261,0.570299,29,545.83,250,4552,76.02
META,2026-08-20,2026-09-18,535.0,P,15.65,16.15,15.9,34.1956,-0.387195,0.007278,-0.324337,0.589087,29,545.83,151,2664,76.02
META,2026-08-20,2026-09-18,540.0,P,17.85,18.45,18.15,34.22,-0.424631,0.007442,-0.33038,0.602804,29,545.83,3157,4615,76.02
META,2026-08-20,2026-09-18,545.0,P,20.2,20.85,20.525,34.101,-0.462356,0.00757,-0.331669,0.611056,29,545.83,249,2030,76.02
META,2026-08-20,2026-09-18,550.0,P,22.65,23.55,23.1,34.1681,-0.500127,0.007589,-0.331629,0.61379,29,545.83,681,12040,76.02
META,2026-08-20,2026-09-18,555.0,P,25.6,26.35,25.975,34.0979,-0.537714,0.007571,-0.326914,0.611046,29,545.83,588,2325,76.02
META,2026-08-20,2026-09-18,560.0,P,27.8,29.4,28.6,34.1437,-0.574408,0.007462,-0.320373,0.603083,29,545.83,563,3432,76.02
META,2026-08-20,2026-09-18,565.0,P,31.75,32.65,32.2,34.2353,-0.609864,0.007285,-0.311532,0.590366,29,545.83,27,1068,76.02
META,2026-08-20,2026-09-18,570.0,P,33.5,36.0,34.75,34.217,-0.644501,0.007075,-0.298891,0.573073,29,545.83,71,3624,76.02
META,2026-08-20,2026-09-18,575.0,P,38.15,39.5,38.825,34.1834,-0.677822,0.006819,-0.283802,0.551758,29,545.83,151,1455,76.02
META,2026-08-20,2026-09-18,580.0,P,42.1,43.3,42.7,34.4306,-0.707749,0.006485,-0.270341,0.528555,29,545.83,52,4868,76.02
META,2026-08-20,2026-09-18,585.0,P,43.25,47.6,45.425,35.4102,-0.730712,0.006061,-0.26504,0.50804,29,545.83,41,1038,76.02
META,2026-08-20,2026-09-18,590.0,P,46.65,51.35,49.0,35.0898,-0.760384,0.005753,-0.241964,0.477875,29,545.83,74,2802,76.02
META,2026-08-20,2026-09-18,595.0,P,53.45,55.65,54.55,35.6818,-0.78173,0.005369,-0.230226,0.45349,29,545.83,32,1388,76.02
META,2026-08-20,2026-09-18,600.0,P,57.25,59.65,58.45,35.3827,-0.807679,0.005022,-0.206,0.420627,29,545.83,160,5369,76.02
META,2026-08-20,2026-09-18,605.0,P,59.0,64.35,61.675,36.5485,-0.820944,0.004651,-0.201749,0.402382,29,545.83,15,1005,76.02
META,2026-08-20,2026-09-18,610.0,P,63.6,68.7,66.15,36.7011,-0.839956,0.00431,-0.183618,0.374413,29,545.83,9,3234,76.02
META,2026-08-20,2026-09-18,615.0,P,67.75,73.75,70.75,38.5901,-0.845057,0.004012,-0.189774,0.366527,29,545.83,10,1072,76.02
META,2026-08-20,2026-09-18,620.0,P,73.15,77.75,75.45,37.4091,-0.870275,0.00367,-0.153722,0.324995,29,545.83,11,3167,76.02
META,2026-08-20,2026-09-18,625.0,P,77.1,82.45,79.775,38.0743,-0.881193,0.003391,-0.143645,0.305609,29,545.83,3,514,76.02
META,2026-08-20,2026-09-18,630.0,P,82.6,87.1,84.85,38.4528,-0.892845,0.003119,-0.13013,0.283898,29,545.83,39,2376,76.02
META,2026-08-20,2026-09-18,635.0,P,86.7,92.65,89.675,41.8463,-0.884725,0.00302,-0.15763,0.299144,29,545.83,23,443,76.02
META,2026-08-20,2026-09-18,640.0,P,91.7,97.4,94.55,42.5116,-0.893208,0.002814,-0.148429,0.283205,29,545.83,5,1237,76.02
META,2026-08-20,2026-09-18,645.0,P,96.2,101.6,98.9,40.9674,-0.913477,0.002502,-0.110672,0.242616,29,545.83,1,732,76.02
META,2026-08-20,2026-09-18,650.0,P,102.05,106.4,104.225,41.5228,-0.920535,0.002315,-0.101349,0.227573,29,545.83,16,3927,76.02
META,2026-08-20,2026-09-18,655.0,P,105.85,111.85,108.85,44.7698,-0.912833,0.002302,-0.126617,0.243962,29,545.83,1,310,76.02
META,2026-08-20,2026-09-18,660.0,P,110.65,116.15,113.4,43.0609,-0.930548,0.002014,-0.08933,0.20533,29,545.83,2,925,76.02
META,2026-08-20,2026-09-18,665.0,P,115.55,121.6,118.575,46.4239,-0.922374,0.002034,-0.115737,0.223568,29,545.83,133,525,76.02
META,2026-08-20,2026-09-18,670.0,P,120.45,126.55,123.5,47.5164,-0.925268,0.001931,-0.114066,0.217195,29,545.83,272,3366,76.02
META,2026-08-20,2026-09-18,675.0,P,125.45,132.2,128.825,51.5996,-0.914255,0.001973,-0.150559,0.240982,29,545.83,147,442,76.02
META,2026-08-20,2026-09-18,680.0,P,130.4,137.6,134.0,54.511,-0.90897,0.001953,-0.172725,0.251964,29,545.83,16,922,76.02
META,2026-08-20,2026-09-18,685.0,P,135.25,142.05,138.65,53.5832,-0.920536,0.001794,-0.145065,0.227569,29,545.83,2,158,76.02
META,2026-08-20,2026-09-18,690.0,P,140.35,146.8,143.575,53.748,-0.926737,0.001681,-0.132246,0.213926,29,545.83,14,832,76.02
META,2026-08-20,2026-09-18,695.0,P,144.35,152.6,148.475,58.4294,-0.914149,0.001744,-0.177104,0.241204,29,545.83,30,59,76.02
META,2026-08-20,2026-09-18,700.0,P,149.4,157.55,153.475,59.4975,-0.916511,0.001677,-0.175792,0.236209,29,545.83,19,720,76.02
META,2026-08-20,2026-09-18,705.0,P,155.25,162.5,158.875,60.5412,-0.918785,0.001614,-0.174341,0.231348,29,545.83,2,17,76.02
META,2026-08-20,2026-09-18,710.0,P,160.35,166.4,163.375,56.6227,-0.939348,0.001379,-0.111764,0.184832,29,545.83,337,214,76.02
META,2026-08-20,2026-09-18,715.0,P,165.25,172.55,168.9,63.2084,-0.920685,0.001519,-0.179389,0.227246,29,545.83,1,0,76.02
META,2026-08-20,2026-09-18,720.0,P,170.25,177.55,173.9,64.4169,-0.921942,0.001472,-0.180513,0.224513,29,545.83,1120,174,76.02
META,2026-08-20,2026-09-18,725.0,P,174.45,182.2,178.325,64.0384,-0.928682,0.001382,-0.161695,0.20956,29,545.83,10,6,76.02
META,2026-08-20,2026-09-18,730.0,P,180.25,187.55,183.9,66.7911,-0.92429,0.001387,-0.182629,0.21936,29,545.83,4220,793,76.02
META,2026-08-20,2026-09-18,735.0,P,185.25,192.2,188.725,66.3578,-0.930779,0.001304,-0.163507,0.204805,29,545.83,10,0,76.02
META,2026-08-20,2026-09-18,740.0,P,190.25,197.55,193.9,69.1165,-0.926423,0.001312,-0.184654,0.214626,29,545.83,60,13,76.02
META,2026-08-20,2026-09-18,745.0,P,195.25,202.55,198.9,70.2518,-0.927451,0.001277,-0.18551,0.212328,29,545.83,1,1,76.02
META,2026-08-20,2026-09-18,750.0,P,200.25,207.55,203.9,71.3809,-0.928417,0.001244,-0.186411,0.210157,29,545.83,380,56,76.02
META,2026-08-20,2026-09-18,755.0,P,205.25,212.25,208.75,71.0757,-0.933763,0.001177,-0.169575,0.19795,29,545.83,2,0,76.02
META,2026-08-20,2026-09-18,760.0,P,210.25,217.55,213.9,73.6026,-0.930241,0.001183,-0.188113,0.20603,29,545.83,140,28,76.02
META,2026-08-20,2026-09-18,765.0,P,215.25,221.9,218.575,71.4602,-0.940687,0.001074,-0.149419,0.18163,29,545.83,1,0,76.02
META,2026-08-20,2026-09-18,770.0,P,220.25,227.5,223.875,75.5374,-0.932641,0.001122,-0.186698,0.200541,29,545.83,220,40,76.02
META,2026-08-20,2026-09-18,775.0,P,225.25,231.9,228.575,73.5598,-0.94212,0.001023,-0.150521,0.178174,29,545.83,2,0,76.02
META,2026-08-20,2026-09-18,780.0,P,230.25,237.55,233.9,77.9116,-0.933495,0.001077,-0.191198,0.198571,29,545.83,200,37,76.02
META,2026-08-20,2026-09-18,785.0,P,235.25,241.9,238.575,75.6106,-0.943474,0.000977,-0.15145,0.174888,29,545.83,5,0,76.02
META,2026-08-20,2026-09-18,790.0,P,240.4,247.55,243.975,80.0051,-0.934948,0.001031,-0.192624,0.1952,29,545.83,1730,296,76.02
META,2026-08-20,2026-09-18,795.0,P,245.25,251.9,248.575,77.6247,-0.944728,0.000935,-0.152336,0.171819,29,545.83,6,0,76.02
META,2026-08-20,2026-09-18,800.0,P,250.25,257.55,253.9,82.0558,-0.936312,0.000989,-0.193926,0.192011,29,545.83,25,8,76.02
META,2026-08-20,2026-09-18,810.0,P,260.4,267.55,263.975,84.0639,-0.937602,0.00095,-0.195092,0.188975,29,545.83,5,6,76.02
META,2026-08-20,2026-09-18,820.0,P,270.25,276.9,273.575,82.5075,-0.947501,0.000845,-0.154357,0.164956,29,545.83,1050,141,76.02
META,2026-08-20,2026-09-18,830.0,P,280.25,287.55,283.9,87.9762,-0.93994,0.000881,-0.19726,0.18342,29,545.83,1,1,76.02
META,2026-08-20,2026-09-18,840.0,P,290.25,297.55,293.9,89.8805,-0.941009,0.00085,-0.198239,0.180856,29,545.83,1,0,76.02
META,2026-08-20,2026-09-18,850.0,P,300.25,307.45,303.85,91.2232,-0.943239,0.000813,-0.192814,0.17546,29,545.83,42,0,76.02
META,2026-08-20,2026-09-18,870.0,P,282.15,286.95,284.55,0.001,-1.0,0.0,0.088004,0.0,29,545.83,6,0,76.02
META,2026-08-20,2026-09-18,900.0,P,350.25,357.2,353.725,98.6206,-0.950467,0.000675,-0.179214,0.157495,29,545.83,25,0,76.02
META,2026-08-20,2026-09-18,930.0,P,312.9,319.85,316.375,0.001,-1.0,0.0,0.094073,0.0,29,545.83,15,15,76.02
META,2026-08-20,2026-09-18,940.0,P,390.25,397.55,393.9,107.3125,-0.949086,0.000634,-0.205271,0.160985,29,545.83,2,0,76.02
META,2026-08-20,2026-09-18,950.0,P,400.25,407.2,403.725,106.7632,-0.953637,0.000591,-0.181143,0.149373,29,545.83,1,0,76.02
META,2026-08-20,2026-09-18,980.0,P,330.1,336.7,333.4,0.001,-1.0,0.0,0.099131,0.0,29,545.83,6,0,76.02
META,2026-08-20,2026-09-18,1000.0,P,450.25,457.55,453.9,116.5776,-0.952466,0.000552,-0.207459,0.152391,29,545.83,41,0,76.02
META,2026-08-20,2026-09-18,1020.0,P,369.7,376.4,373.05,0.001,-1.0,0.0,0.103177,0.0,29,545.83,0,0,76.02
META,2026-08-20,2026-09-18,1040.0,P,389.5,396.8,393.15,0.001,-1.0,0.0,0.1052,0.0,29,545.83,8,0,76.02
META,2026-08-20,2026-09-18,1060.0,P,419.8,427.65,423.725,0.001,-1.0,0.0,0.107223,0.0,29,545.83,1,0,76.02
META,2026-08-20,2026-09-18,1080.0,P,368.65,371.8,370.225,0.001,-1.0,0.0,0.109246,0.0,29,545.83,10,10,76.02
META,2026-08-20,2026-09-18,1100.0,P,355.3,358.5,356.9,0.001,-1.0,0.0,0.111269,0.0,29,545.83,10,0,76.02
META,2026-08-20,2026-09-18,1120.0,P,495.15,502.3,498.725,0.001,-1.0,0.0,0.113292,0.0,29,545.83,0,0,76.02
META,2026-08-20,2026-09-18,1140.0,P,421.1,424.55,422.825,0.001,-1.0,0.0,0.115316,0.0,29,545.83,0,0,76.02
META,2026-08-20,2026-09-18,1160.0,P,414.75,418.15,416.45,0.001,-1.0,0.0,0.117339,0.0,29,545.83,2,0,76.02
META,2026-08-20,2026-09-25,260.0,C,283.35,291.35,287.35,121.4848,0.98399,0.000192,-0.141091,0.068651,36,545.83,0,2,76.02
META,2026-08-20,2026-09-25,450.0,C,96.55,102.75,99.65,57.8556,0.879699,0.002021,-0.314213,0.343517,36,545.83,1,9,76.02
META,2026-08-20,2026-09-25,470.0,C,77.95,84.2,81.075,52.033,0.845989,0.00266,-0.332146,0.406749,36,545.83,1,2,76.02
META,2026-08-20,2026-09-25,475.0,C,73.5,78.6,76.05,48.2335,0.845523,0.002876,-0.311765,0.407563,36,545.83,3,1,76.02
META,2026-08-20,2026-09-25,495.0,C,57.25,62.65,59.95,46.6497,0.777981,0.003722,-0.367208,0.510225,36,545.83,2,8,76.02
META,2026-08-20,2026-09-25,500.0,C,51.9,58.5,55.2,45.5572,0.761157,0.00397,-0.372416,0.531495,36,545.83,1,9,76.02
META,2026-08-20,2026-09-25,505.0,C,49.65,54.8,52.225,45.1269,0.740611,0.004188,-0.383434,0.555352,36,545.83,1,1,76.02
META,2026-08-20,2026-09-25,510.0,C,44.75,51.1,47.925,44.5257,0.719577,0.004414,-0.391684,0.577463,36,545.83,2,3,76.02
META,2026-08-20,2026-09-25,520.0,C,38.7,42.9,40.8,41.5716,0.678882,0.005026,-0.38762,0.613911,36,545.83,7,20,76.02
META,2026-08-20,2026-09-25,525.0,C,36.2,39.0,37.6,40.2167,0.655471,0.005342,-0.384857,0.631256,36,545.83,1,11,76.02
META,2026-08-20,2026-09-25,530.0,C,33.2,35.85,34.525,39.8413,0.628152,0.005537,-0.389794,0.648273,36,545.83,2,46,76.02
META,2026-08-20,2026-09-25,535.0,C,30.2,32.85,31.525,39.4904,0.599886,0.005708,-0.393082,0.662319,36,545.83,1,15,76.02
META,2026-08-20,2026-09-25,540.0,C,27.7,28.9,28.3,37.5495,0.571814,0.006097,-0.379521,0.672758,36,545.83,25,96,76.02
META,2026-08-20,2026-09-25,545.0,C,25.6,26.55,26.075,37.7417,0.540986,0.006134,-0.383785,0.680256,36,545.83,152,144,76.02
META,2026-08-20,2026-09-25,550.0,C,23.35,24.25,23.8,37.7844,0.510361,0.006157,-0.384507,0.683637,36,545.83,104,248,76.02
META,2026-08-20,2026-09-25,555.0,C,21.05,22.15,21.6,37.9004,0.480151,0.006133,-0.383829,0.683021,36,545.83,22,78,76.02
META,2026-08-20,2026-09-25,560.0,C,19.05,20.0,19.525,37.7326,0.449784,0.006119,-0.378379,0.678443,36,545.83,54,110,76.02
META,2026-08-20,2026-09-25,565.0,C,17.2,18.25,17.725,37.9401,0.420948,0.006013,-0.37468,0.670398,36,545.83,43,123,76.02
META,2026-08-20,2026-09-25,570.0,C,15.45,16.3,15.875,37.6471,0.391096,0.00595,-0.364137,0.658226,36,545.83,132,97,76.02
META,2026-08-20,2026-09-25,575.0,C,14.05,14.7,14.375,37.6746,0.363173,0.00581,-0.355167,0.64324,36,545.83,53,102,76.02
META,2026-08-20,2026-09-25,580.0,C,12.6,13.3,12.95,37.818,0.336836,0.005632,-0.345997,0.625841,36,545.83,131,180,76.02
META,2026-08-20,2026-09-25,585.0,C,11.3,11.95,11.625,37.8516,0.311062,0.005445,-0.334393,0.60566,36,545.83,16,429,76.02
META,2026-08-20,2026-09-25,590.0,C,10.15,10.75,10.45,37.9492,0.286827,0.005235,-0.322446,0.583744,36,545.83,53,283,76.02
META,2026-08-20,2026-09-25,595.0,C,9.1,9.7,9.4,38.1262,0.264351,0.005005,-0.310584,0.560776,36,545.83,73,281,76.02
META,2026-08-20,2026-09-25,600.0,C,8.15,8.5,8.325,37.8485,0.240129,0.004793,-0.292632,0.533056,36,545.83,281,777,76.02
META,2026-08-20,2026-09-25,605.0,C,7.2,7.9,7.55,38.5321,0.223682,0.004525,-0.285791,0.5124,36,545.83,19,124,76.02
META,2026-08-20,2026-09-25,610.0,C,6.45,7.0,6.725,38.4833,0.203543,0.004289,-0.269768,0.484984,36,545.83,44,358,76.02
META,2026-08-20,2026-09-25,615.0,C,5.75,6.3,6.025,38.6816,0.186368,0.004044,-0.256625,0.459668,36,545.83,33,224,76.02
META,2026-08-20,2026-09-25,620.0,C,5.1,5.65,5.375,38.8434,0.170164,0.003803,-0.243009,0.434053,36,545.83,34,248,76.02
META,2026-08-20,2026-09-25,625.0,C,4.5,5.05,4.775,38.9716,0.154909,0.003566,-0.229068,0.408314,36,545.83,4,174,76.02
META,2026-08-20,2026-09-25,630.0,C,3.95,4.65,4.3,39.4629,0.143275,0.003342,-0.219879,0.387565,36,545.83,41,144,76.02
META,2026-08-20,2026-09-25,635.0,C,3.55,4.15,3.85,39.5758,0.130098,0.00312,-0.206208,0.36282,36,545.83,6,79,76.02
META,2026-08-20,2026-09-25,640.0,C,3.2,3.7,3.45,39.6918,0.11797,0.002905,-0.192928,0.338804,36,545.83,32,357,76.02
META,2026-08-20,2026-09-25,645.0,C,2.8,3.4,3.1,40.1312,0.108864,0.002713,-0.184007,0.319937,36,545.83,15,66,76.02
META,2026-08-20,2026-09-25,650.0,C,2.61,2.96,2.785,40.0091,0.097111,0.002505,-0.168697,0.294451,36,545.83,60,589,76.02
META,2026-08-20,2026-09-25,655.0,C,2.3,2.7,2.5,40.3631,0.089127,0.00233,-0.159587,0.27636,36,545.83,12,471,76.02
META,2026-08-20,2026-09-25,660.0,C,2.12,2.41,2.265,40.5035,0.080633,0.002154,-0.148438,0.256366,36,545.83,32,141,76.02
META,2026-08-20,2026-09-25,665.0,C,1.79,2.22,2.005,40.9369,0.074461,0.002006,-0.141106,0.241323,36,545.83,23,54,76.02
META,2026-08-20,2026-09-25,670.0,C,1.6,2.04,1.82,41.3336,0.068645,0.001867,-0.13375,0.226722,36,545.83,10,61,76.02
META,2026-08-20,2026-09-25,675.0,C,1.44,1.9,1.67,41.8341,0.063853,0.001744,-0.127895,0.214364,36,545.83,4,34,76.02
META,2026-08-20,2026-09-25,680.0,C,1.3,1.75,1.525,42.2247,0.058961,0.001623,-0.121215,0.201425,36,545.83,2,211,76.02
META,2026-08-20,2026-09-25,685.0,C,1.21,1.58,1.395,42.4322,0.053674,0.0015,-0.113044,0.187044,36,545.83,1,51,76.02
META,2026-08-20,2026-09-25,690.0,C,1.06,1.49,1.275,43.0059,0.050419,0.001408,-0.108947,0.177974,36,545.83,11,127,76.02
META,2026-08-20,2026-09-25,695.0,C,1.01,1.38,1.195,43.4088,0.046743,0.001313,-0.103449,0.167523,36,545.83,3,18,76.02
META,2026-08-20,2026-09-25,700.0,C,0.93,1.18,1.055,43.1646,0.040893,0.001186,-0.092306,0.15039,36,545.83,141,629,76.02
META,2026-08-20,2026-09-25,705.0,C,0.85,1.18,1.015,44.1534,0.040085,0.00114,-0.092845,0.147973,36,545.83,4,30,76.02
META,2026-08-20,2026-09-25,710.0,C,0.78,1.11,0.945,44.6417,0.037583,0.00107,-0.089026,0.140407,36,545.83,2,36,76.02
META,2026-08-20,2026-09-25,715.0,C,0.72,0.91,0.815,44.0801,0.031828,0.000946,-0.076663,0.122489,36,545.83,10,15,76.02
META,2026-08-20,2026-09-25,720.0,C,0.67,0.98,0.825,45.5572,0.032987,0.000942,-0.081555,0.126159,36,545.83,7,14,76.02
META,2026-08-20,2026-09-25,725.0,C,0.58,0.79,0.685,44.8858,0.027599,0.000825,-0.069291,0.108822,36,545.83,3,262,76.02
META,2026-08-20,2026-09-25,730.0,C,0.51,0.85,0.68,46.314,0.028649,0.000825,-0.073713,0.112259,36,545.83,1,3,76.02
META,2026-08-20,2026-09-25,735.0,C,0.52,0.81,0.665,46.8267,0.027113,0.000779,-0.071155,0.107222,36,545.83,14,13,76.02
META,2026-08-20,2026-09-25,740.0,C,0.46,0.65,0.555,46.1187,0.022555,0.000678,-0.060038,0.091881,36,545.83,4,57,76.02
META,2026-08-20,2026-09-25,745.0,C,0.44,0.73,0.585,47.8033,0.024266,0.000696,-0.066146,0.097712,36,545.83,6,8,76.02
META,2026-08-20,2026-09-25,750.0,C,0.4,0.67,0.535,48.023,0.022358,0.000646,-0.062004,0.091204,36,545.83,3,41,76.02
META,2026-08-20,2026-09-25,755.0,C,0.37,0.65,0.51,48.6333,0.021499,0.000617,-0.060728,0.088238,36,545.83,5,17,76.02
META,2026-08-20,2026-09-25,760.0,C,0.26,0.66,0.46,49.5611,0.021415,0.000604,-0.061658,0.087945,36,545.83,1,10,76.02
META,2026-08-20,2026-09-25,765.0,C,0.32,0.51,0.415,48.5601,0.017288,0.000514,-0.050355,0.073316,36,545.83,6,13,76.02
META,2026-08-20,2026-09-25,770.0,C,0.22,0.6,0.41,50.4888,0.019334,0.000544,-0.057563,0.080646,36,545.83,2,10,76.02
META,2026-08-20,2026-09-25,775.0,C,0.2,0.58,0.39,51.0259,0.01855,0.000519,-0.056147,0.077857,36,545.83,1,9,76.02
META,2026-08-20,2026-09-25,780.0,C,0.19,0.56,0.375,51.5386,0.017775,0.000496,-0.054668,0.075074,36,545.83,4,5,76.02
META,2026-08-20,2026-09-25,785.0,C,0.17,0.41,0.29,50.147,0.013714,0.000408,-0.042574,0.060094,36,545.83,4,8,76.02
META,2026-08-20,2026-09-25,790.0,C,0.16,0.39,0.275,50.562,0.013008,0.000386,-0.041002,0.057415,36,545.83,7,6,76.02
META,2026-08-20,2026-09-25,795.0,C,0.15,0.5,0.325,50.1226,0.011099,0.00034,-0.035414,0.050034,36,545.83,2,5,76.02
META,2026-08-20,2026-09-25,800.0,C,0.16,0.46,0.31,50.5376,0.010545,0.000322,-0.034141,0.047851,36,545.83,2,83,76.02
META,2026-08-20,2026-09-25,805.0,C,0.12,0.47,0.295,50.9282,0.009998,0.000305,-0.032837,0.04568,36,545.83,11,5,76.02
META,2026-08-20,2026-09-25,810.0,C,0.11,0.46,0.285,51.4165,0.009613,0.000292,-0.032024,0.044137,36,545.83,12,12,76.02
META,2026-08-20,2026-09-25,815.0,C,0.11,0.31,0.21,50.2446,0.007375,0.000237,-0.024797,0.034978,36,545.83,1,15,76.02
META,2026-08-20,2026-09-25,820.0,C,0.1,0.43,0.265,52.2954,0.008804,0.000266,-0.030147,0.040869,36,545.83,2,6,76.02
META,2026-08-20,2026-09-25,825.0,C,0.09,0.42,0.255,52.7348,0.00844,0.000254,-0.029289,0.039384,36,545.83,6,7,76.02
META,2026-08-20,2026-09-25,830.0,C,0.08,0.41,0.245,53.1743,0.0081,0.000243,-0.02848,0.037987,36,545.83,4,10,76.02
META,2026-08-20,2026-09-25,835.0,C,0.08,0.39,0.235,53.5649,0.007732,0.000232,-0.027534,0.036465,36,545.83,6,5,76.02
META,2026-08-20,2026-09-25,840.0,C,0.08,0.39,0.235,54.1997,0.007632,0.000226,-0.027537,0.036049,36,545.83,2,48,76.02
META,2026-08-20,2026-09-25,845.0,C,0.07,0.37,0.22,54.4438,0.00716,0.000213,-0.026144,0.034078,36,545.83,8,3,76.02
META,2026-08-20,2026-09-25,850.0,C,0.09,0.35,0.22,55.0786,0.007083,0.000209,-0.026192,0.033754,36,545.83,2,8,76.02
META,2026-08-20,2026-09-25,855.0,C,0.06,0.36,0.21,55.4204,0.006746,0.000199,-0.025239,0.032331,36,545.83,4,8,76.02
META,2026-08-20,2026-09-25,860.0,C,0.06,0.36,0.21,56.0551,0.006686,0.000195,-0.025325,0.032079,36,545.83,2,8,76.02
META,2026-08-20,2026-09-25,865.0,C,0.05,0.34,0.195,56.2016,0.006216,0.000182,-0.023802,0.030075,36,545.83,2,5,76.02
META,2026-08-20,2026-09-25,870.0,C,0.05,0.34,0.195,56.7875,0.006134,0.000178,-0.023765,0.029724,36,545.83,2,1,76.02
META,2026-08-20,2026-09-25,875.0,C,0.05,0.34,0.195,57.4223,0.006098,0.000175,-0.0239,0.029567,36,545.83,16,11,76.02
META,2026-08-20,2026-09-25,880.0,C,0.04,0.33,0.185,57.6664,0.00576,0.000166,-0.022815,0.02811,36,545.83,2,18,76.02
META,2026-08-20,2026-09-25,885.0,C,0.04,0.32,0.18,58.1059,0.005589,0.00016,-0.022379,0.027368,36,545.83,10,11,76.02
META,2026-08-20,2026-09-25,890.0,C,0.04,0.32,0.18,58.6918,0.005535,0.000157,-0.022407,0.027132,36,545.83,4,9,76.02
META,2026-08-20,2026-09-25,895.0,C,0.08,0.31,0.195,59.766,0.005846,0.000162,-0.023946,0.02848,36,545.83,4,22,76.02
META,2026-08-20,2026-09-25,900.0,C,0.05,0.29,0.17,59.4731,0.005166,0.000146,-0.021349,0.025519,36,545.83,6,16,76.02
META,2026-08-20,2026-09-25,905.0,C,0.03,0.3,0.165,59.8637,0.004997,0.000141,-0.02086,0.024775,36,545.83,4,6,76.02
META,2026-08-20,2026-09-25,910.0,C,0.03,0.29,0.16,60.2543,0.004838,0.000136,-0.020396,0.024069,36,545.83,8,4,76.02
META,2026-08-20,2026-09-25,915.0,C,0.03,0.29,0.16,60.8402,0.004811,0.000134,-0.020489,0.02395,36,545.83,4,5,76.02
META,2026-08-20,2026-09-25,920.0,C,0.03,0.28,0.155,61.1332,0.004605,0.000128,-0.019796,0.023031,36,545.83,50,52,76.02
META,2026-08-20,2026-09-25,925.0,C,0.03,0.27,0.15,61.5238,0.004468,0.000124,-0.019392,0.022421,36,545.83,4,6,76.02
META,2026-08-20,2026-09-25,930.0,C,0.03,0.27,0.15,62.0121,0.004396,0.000121,-0.019261,0.022096,36,545.83,6,5,76.02
META,2026-08-20,2026-09-25,935.0,C,0.0,0.24,0.12,61.2309,0.003639,0.000104,-0.016057,0.018658,36,545.83,3,8,76.02
META,2026-08-20,2026-09-25,940.0,C,0.02,0.26,0.14,62.6957,0.004101,0.000113,-0.018295,0.020765,36,545.83,10,21,76.02
META,2026-08-20,2026-09-25,945.0,C,0.01,0.26,0.135,62.9887,0.003939,0.000108,-0.017728,0.020029,36,545.83,7,5,76.02
META,2026-08-20,2026-09-25,950.0,C,0.02,0.25,0.135,63.5746,0.003937,0.000107,-0.017886,0.020024,36,545.83,2,11,76.02
META,2026-08-20,2026-09-25,955.0,C,0.01,0.25,0.13,63.8675,0.003787,0.000103,-0.017352,0.019339,36,545.83,2,4,76.02
META,2026-08-20,2026-09-25,960.0,C,0.0,0.25,0.125,64.0629,0.003598,9.8e-05,-0.01662,0.018468,36,545.83,2,10,76.02
META,2026-08-20,2026-09-25,965.0,C,0.01,0.24,0.125,64.6488,0.003604,9.7e-05,-0.016797,0.018498,36,545.83,4,20,76.02
META,2026-08-20,2026-09-25,970.0,C,0.0,0.24,0.12,64.8441,0.003428,9.3e-05,-0.016106,0.017685,36,545.83,2,14,76.02
META,2026-08-20,2026-09-25,975.0,C,0.0,0.44,0.22,69.5316,0.005691,0.000136,-0.02715,0.027809,36,545.83,2,5,76.02
META,2026-08-20,2026-09-25,980.0,C,0.01,0.23,0.12,65.9183,0.003406,9.1e-05,-0.016275,0.017583,36,545.83,2,8,76.02
META,2026-08-20,2026-09-25,985.0,C,0.0,0.22,0.11,65.8207,0.003121,8.4e-05,-0.01502,0.016252,36,545.83,4,14,76.02
META,2026-08-20,2026-09-25,990.0,C,0.0,0.23,0.115,66.6019,0.00322,8.5e-05,-0.01563,0.016716,36,545.83,2,5,76.02
META,2026-08-20,2026-09-25,995.0,C,0.01,0.22,0.115,67.0902,0.003195,8.4e-05,-0.015634,0.0166,36,545.83,4,49,76.02
META,2026-08-20,2026-09-25,1000.0,C,0.0,0.22,0.11,67.2855,0.003051,8.1e-05,-0.01504,0.015924,36,545.83,6,35,76.02
META,2026-08-20,2026-09-25,1010.0,C,0.01,0.18,0.095,67.3831,0.002677,7.1e-05,-0.013382,0.01415,36,545.83,11,34,76.02
META,2026-08-20,2026-09-25,1020.0,C,0.0,0.42,0.21,73.8284,0.005159,0.000117,-0.026402,0.025488,36,545.83,16,35,76.02
META,2026-08-20,2026-09-25,1030.0,C,0.0,0.27,0.135,71.5823,0.003509,8.6e-05,-0.018133,0.018056,36,545.83,16,19,76.02
META,2026-08-20,2026-09-25,1040.0,C,0.05,0.51,0.28,78.1252,0.006389,0.000134,-0.033761,0.030812,36,545.83,12,27,76.02
META,2026-08-20,2026-09-25,1050.0,C,0.03,0.33,0.18,75.5862,0.004371,9.9e-05,-0.023306,0.021985,36,545.83,40,190,76.02
META,2026-08-20,2026-09-25,1060.0,C,0.05,0.2,0.125,73.8284,0.003158,7.6e-05,-0.017007,0.016427,36,545.83,69,60,76.02
META,2026-08-20,2026-09-25,1070.0,C,0.0,0.24,0.12,74.4143,0.003001,7.2e-05,-0.016367,0.015686,36,545.83,24,107,76.02
META,2026-08-20,2026-09-25,200.0,P,0.0,1.41,0.705,142.8714,-0.006754,7.7e-05,-0.06379,0.032367,36,545.83,14,129,76.02
META,2026-08-20,2026-09-25,210.0,P,0.0,0.95,0.475,129.3949,-0.005193,6.7e-05,-0.04574,0.025635,36,545.83,483,139,76.02
META,2026-08-20,2026-09-25,230.0,P,0.0,0.89,0.445,116.8461,-0.005409,7.7e-05,-0.042801,0.026583,36,545.83,20,46,76.02
META,2026-08-20,2026-09-25,300.0,P,0.0,0.52,0.26,77.8811,-0.004879,0.000106,-0.02594,0.024252,36,545.83,1,102,76.02
META,2026-08-20,2026-09-25,340.0,P,0.01,0.15,0.08,55.0786,-0.002226,7.4e-05,-0.009033,0.011979,36,545.83,12,8,76.02
META,2026-08-20,2026-09-25,350.0,P,0.01,0.22,0.115,54.0044,-0.003201,0.000105,-0.012285,0.016628,36,545.83,2,5,76.02
META,2026-08-20,2026-09-25,360.0,P,0.09,0.19,0.14,51.9536,-0.003968,0.000132,-0.014316,0.020161,36,545.83,4,15,76.02
META,2026-08-20,2026-09-25,370.0,P,0.02,0.27,0.145,52.9302,-0.007262,0.000222,-0.02494,0.034504,36,545.83,1,9,76.02
META,2026-08-20,2026-09-25,380.0,P,0.09,0.36,0.225,51.6118,-0.0097,0.000293,-0.031322,0.044488,36,545.83,2,12,76.02
META,2026-08-20,2026-09-25,390.0,P,0.05,0.42,0.235,49.3657,-0.011623,0.000359,-0.035027,0.052079,36,545.83,1,6,76.02
META,2026-08-20,2026-09-25,400.0,P,0.22,0.37,0.295,45.2642,-0.011203,0.000379,-0.031057,0.050438,36,545.83,19,28,76.02
META,2026-08-20,2026-09-25,405.0,P,0.16,0.41,0.285,44.3121,-0.012539,0.000427,-0.0335,0.055618,36,545.83,50,12,76.02
META,2026-08-20,2026-09-25,410.0,P,0.3,0.62,0.46,45.5084,-0.017901,0.000565,-0.046693,0.075528,36,545.83,52,27,76.02
META,2026-08-20,2026-09-25,415.0,P,0.34,0.61,0.475,43.7261,-0.018275,0.000598,-0.04562,0.076872,36,545.83,78,30,76.02
META,2026-08-20,2026-09-25,420.0,P,0.46,0.6,0.53,41.9439,-0.018628,0.000634,-0.044433,0.078133,36,545.83,71,27,76.02
META,2026-08-20,2026-09-25,425.0,P,0.55,0.79,0.67,42.2369,-0.02384,0.000776,-0.055085,0.09627,36,545.83,5,28,76.02
META,2026-08-20,2026-09-25,430.0,P,0.5,0.8,0.65,40.6378,-0.024918,0.000837,-0.054942,0.099912,36,545.83,6,37,76.02
META,2026-08-20,2026-09-25,435.0,P,0.66,0.93,0.795,40.0397,-0.028925,0.000962,-0.061244,0.113157,36,545.83,2,9,76.02
META,2026-08-20,2026-09-25,440.0,P,0.9,1.11,1.005,39.649,-0.034189,0.001115,-0.06956,0.12993,36,545.83,2,9,76.02
META,2026-08-20,2026-09-25,445.0,P,1.01,1.27,1.14,38.9532,-0.039162,0.001269,-0.076275,0.145199,36,545.83,7,17,76.02
META,2026-08-20,2026-09-25,450.0,P,1.19,1.49,1.34,38.4772,-0.045676,0.001454,-0.08522,0.164446,36,545.83,9,94,76.02
META,2026-08-20,2026-09-25,460.0,P,1.77,2.13,1.95,37.9035,-0.06333,0.001912,-0.108433,0.212998,36,545.83,6,31,76.02
META,2026-08-20,2026-09-25,465.0,P,2.06,2.51,2.285,37.5495,-0.073667,0.002169,-0.120524,0.239355,36,545.83,19,44,76.02
META,2026-08-20,2026-09-25,470.0,P,2.48,2.89,2.685,36.994,-0.084263,0.002438,-0.131237,0.26501,36,545.83,18,24,76.02
META,2026-08-20,2026-09-25,475.0,P,2.99,3.45,3.22,36.8415,-0.098401,0.002746,-0.146371,0.297315,36,545.83,28,173,76.02
META,2026-08-20,2026-09-25,480.0,P,3.6,4.05,3.825,36.5607,-0.113419,0.003067,-0.16065,0.329467,36,545.83,18,172,76.02
META,2026-08-20,2026-09-25,485.0,P,4.2,4.85,4.525,36.579,-0.131828,0.003406,-0.178275,0.366148,36,545.83,10,75,76.02
META,2026-08-20,2026-09-25,490.0,P,5.05,5.5,5.275,35.9809,-0.148309,0.003752,-0.189511,0.396667,36,545.83,44,240,76.02
META,2026-08-20,2026-09-25,495.0,P,5.85,6.4,6.125,35.755,-0.168734,0.004109,-0.204452,0.431709,36,545.83,96,192,76.02
META,2026-08-20,2026-09-25,500.0,P,7.0,7.45,7.225,35.6086,-0.191388,0.004466,-0.2198,0.467257,36,545.83,121,580,76.02
META,2026-08-20,2026-09-25,505.0,P,7.95,8.6,8.275,35.4132,-0.215487,0.00482,-0.233947,0.501532,36,545.83,102,142,76.02
META,2026-08-20,2026-09-25,510.0,P,9.4,9.95,9.675,35.3431,-0.241931,0.005154,-0.248404,0.535227,36,545.83,42,402,76.02
META,2026-08-20,2026-09-25,515.0,P,10.8,11.4,11.1,35.1966,-0.26951,0.005475,-0.260827,0.566278,36,545.83,44,371,76.02
META,2026-08-20,2026-09-25,520.0,P,12.4,13.15,12.775,35.3003,-0.299561,0.005742,-0.274196,0.59562,36,545.83,88,2653,76.02
META,2026-08-20,2026-09-25,525.0,P,14.15,15.0,14.575,35.3034,-0.330216,0.005986,-0.284768,0.620959,36,545.83,13,451,76.02
META,2026-08-20,2026-09-25,530.0,P,16.1,16.8,16.45,34.9829,-0.3609,0.006244,-0.290288,0.641865,36,545.83,233,561,76.02
META,2026-08-20,2026-09-25,535.0,P,18.2,18.95,18.575,34.9524,-0.3933,0.006419,-0.296456,0.65926,36,545.83,229,299,76.02
META,2026-08-20,2026-09-25,540.0,P,20.45,21.25,20.85,34.9006,-0.426184,0.006554,-0.300172,0.672128,36,545.83,44,478,76.02
META,2026-08-20,2026-09-25,545.0,P,22.95,23.9,23.425,35.1172,-0.459355,0.006593,-0.304091,0.680316,36,545.83,43,293,76.02
META,2026-08-20,2026-09-25,550.0,P,25.6,26.5,26.05,35.0226,-0.492418,0.006644,-0.302778,0.683745,36,545.83,27,582,76.02
META,2026-08-20,2026-09-25,555.0,P,28.3,29.35,28.825,35.0562,-0.525159,0.006625,-0.3004,0.682508,36,545.83,4,194,76.02
META,2026-08-20,2026-09-25,560.0,P,30.85,32.45,31.65,35.2271,-0.556986,0.006539,-0.297196,0.676879,36,545.83,12,314,76.02
META,2026-08-20,2026-09-25,565.0,P,33.1,35.55,34.325,35.1722,-0.5887,0.006453,-0.289739,0.666895,36,545.83,23,153,76.02
META,2026-08-20,2026-09-25,570.0,P,36.25,38.75,37.5,35.047,-0.619986,0.006338,-0.27962,0.6527,36,545.83,6,241,76.02
META,2026-08-20,2026-09-25,575.0,P,39.55,42.4,40.975,35.3949,-0.647999,0.006117,-0.272773,0.636252,36,545.83,4,111,76.02
META,2026-08-20,2026-09-25,580.0,P,43.0,46.4,44.7,36.1151,-0.672361,0.005833,-0.268736,0.619003,36,545.83,4,88,76.02
META,2026-08-20,2026-09-25,585.0,P,46.55,50.2,48.375,36.3379,-0.697849,0.0056,-0.258228,0.597938,36,545.83,50,156,76.02
META,2026-08-20,2026-09-25,590.0,P,48.85,54.15,51.5,36.6339,-0.721427,0.005347,-0.247625,0.57561,36,545.83,2,550,76.02
META,2026-08-20,2026-09-25,595.0,P,53.3,57.9,55.6,36.3898,-0.747177,0.005125,-0.229905,0.547976,36,545.83,6,108,76.02
META,2026-08-20,2026-09-25,600.0,P,56.65,62.2,59.425,36.9727,-0.765895,0.004838,-0.221417,0.525667,36,545.83,4,87,76.02
META,2026-08-20,2026-09-25,605.0,P,60.8,67.95,64.375,40.235,-0.764983,0.004456,-0.245339,0.526798,36,545.83,12,9,76.02
META,2026-08-20,2026-09-25,610.0,P,65.05,70.45,67.75,36.9849,-0.807145,0.00432,-0.189514,0.469447,36,545.83,1,9,76.02
META,2026-08-20,2026-09-25,615.0,P,69.35,74.75,72.05,37.0978,-0.824976,0.004054,-0.174647,0.441918,36,545.83,0,8,76.02
META,2026-08-20,2026-09-25,620.0,P,73.8,80.15,76.975,39.6094,-0.824511,0.003803,-0.189952,0.442661,36,545.83,20,75,76.02
META,2026-08-20,2026-09-25,625.0,P,78.4,83.9,81.15,38.1903,-0.850565,0.003553,-0.156078,0.398676,36,545.83,4,7,76.02
META,2026-08-20,2026-09-25,630.0,P,82.75,89.1,85.925,40.1922,-0.851783,0.003357,-0.165357,0.396502,36,545.83,1,11,76.02
META,2026-08-20,2026-09-25,635.0,P,87.35,93.65,90.5,40.4913,-0.863817,0.003147,-0.153459,0.374417,36,545.83,11,22,76.02
META,2026-08-20,2026-09-25,640.0,P,92.0,98.25,95.125,40.8087,-0.874783,0.002946,-0.14207,0.353302,36,545.83,20,39,76.02
META,2026-08-20,2026-09-25,645.0,P,96.9,102.95,99.925,41.3092,-0.883721,0.002763,-0.133261,0.335355,36,545.83,1,18,76.02
META,2026-08-20,2026-09-25,650.0,P,101.4,107.65,104.525,41.7242,-0.89243,0.002587,-0.123713,0.317195,36,545.83,1,12,76.02
META,2026-08-20,2026-09-25,655.0,P,106.15,112.4,109.275,42.2186,-0.899954,0.002426,-0.115464,0.300941,36,545.83,18,47,76.02
META,2026-08-20,2026-09-25,660.0,P,111.05,117.4,114.225,43.4881,-0.90245,0.002312,-0.116798,0.295428,36,545.83,2,10,76.02
META,2026-08-20,2026-09-25,665.0,P,115.8,122.0,118.9,43.3233,-0.912539,0.002141,-0.101303,0.272502,36,545.83,0,53,76.02
META,2026-08-20,2026-09-25,670.0,P,120.65,126.9,123.775,44.1595,-0.916557,0.002027,-0.097966,0.263069,36,545.83,0,53,76.02
META,2026-08-20,2026-09-25,675.0,P,125.55,131.95,128.75,45.5328,-0.917482,0.00195,-0.101032,0.260871,36,545.83,0,2,76.02
META,2026-08-20,2026-09-25,680.0,P,130.45,136.65,133.55,45.5206,-0.925119,0.001812,-0.088388,0.242362,36,545.83,0,1,76.02
META,2026-08-20,2026-09-25,685.0,P,135.35,141.55,138.45,46.2347,-0.928724,0.001718,-0.08433,0.233381,36,545.83,0,2,76.02
META,2026-08-20,2026-09-25,690.0,P,140.25,148.05,144.15,53.0217,-0.903606,0.00188,-0.150862,0.292854,36,545.83,0,7,76.02
META,2026-08-20,2026-09-25,695.0,P,145.2,152.85,149.025,53.51,-0.908558,0.001791,-0.143779,0.281673,36,545.83,0,7,76.02
META,2026-08-20,2026-09-25,700.0,P,150.25,157.05,153.65,51.6484,-0.923653,0.001621,-0.109623,0.245967,36,545.83,1,17,76.02
META,2026-08-20,2026-09-25,705.0,P,154.35,162.5,158.425,54.5171,-0.917375,0.00163,-0.130698,0.261126,36,545.83,0,0,76.02
META,2026-08-20,2026-09-25,715.0,P,164.25,172.45,168.35,56.5312,-0.920924,0.001521,-0.130118,0.252614,36,545.83,0,0,76.02
META,2026-08-20,2026-09-25,720.0,P,169.4,177.45,173.425,57.6176,-0.922172,0.001474,-0.130932,0.249585,36,545.83,0,0,76.02
META,2026-08-20,2026-09-25,725.0,P,175.2,182.2,178.7,57.6725,-0.927375,0.001397,-0.12008,0.236759,36,545.83,0,0,76.02
META,2026-08-20,2026-10-02,505.0,C,50.9,57.2,54.05,45.1666,0.728133,0.003921,-0.360855,0.621586,43,545.83,0,1,76.02
META,2026-08-20,2026-10-02,555.0,C,23.6,24.6,24.1,38.0026,0.488406,0.005601,-0.35461,0.747088,43,545.83,11,53,76.02
META,2026-08-20,2026-10-02,560.0,C,21.6,22.5,22.05,37.9401,0.460887,0.005586,-0.351314,0.743809,43,545.83,56,82,76.02
META,2026-08-20,2026-10-02,570.0,C,17.95,19.1,18.525,38.3734,0.409048,0.005404,-0.345446,0.727895,43,545.83,12,69,76.02
META,2026-08-20,2026-10-02,575.0,C,16.5,17.15,16.825,37.992,0.381861,0.005357,-0.334948,0.714388,43,545.83,35,111,76.02
META,2026-08-20,2026-10-02,580.0,C,14.95,15.65,15.3,38.0713,0.357199,0.005231,-0.327584,0.698995,43,545.83,38,82,76.02
META,2026-08-20,2026-10-02,585.0,C,13.5,14.4,13.95,38.3521,0.334499,0.005067,-0.321218,0.682128,43,545.83,15,50,76.02
META,2026-08-20,2026-10-02,590.0,C,12.15,12.9,12.525,38.111,0.309905,0.00494,-0.308673,0.660857,43,545.83,107,43,76.02
META,2026-08-20,2026-10-02,595.0,C,11.05,11.75,11.4,38.2391,0.288315,0.004765,-0.299104,0.639539,43,545.83,33,27,76.02
META,2026-08-20,2026-10-02,600.0,C,9.9,10.6,10.25,38.2178,0.266808,0.00459,-0.287307,0.615759,43,545.83,123,162,76.02
META,2026-08-20,2026-10-02,605.0,C,8.95,9.6,9.275,38.2941,0.246946,0.0044,-0.276036,0.591456,43,545.83,37,121,76.02
META,2026-08-20,2026-10-02,610.0,C,8.2,8.7,8.45,38.3978,0.228324,0.004204,-0.264691,0.566545,43,545.83,24,46,76.02
META,2026-08-20,2026-10-02,620.0,C,6.5,7.1,6.8,38.5626,0.193936,0.003804,-0.240843,0.514813,43,545.83,47,51,76.02
META,2026-08-20,2026-10-02,625.0,C,5.85,6.5,6.175,38.8434,0.179695,0.003602,-0.231076,0.491074,43,545.83,8,20,76.02
META,2026-08-20,2026-10-02,630.0,C,5.25,5.85,5.55,38.8983,0.164848,0.003404,-0.218742,0.464778,43,545.83,128,86,76.02
META,2026-08-20,2026-10-02,650.0,C,3.6,4.0,3.8,39.6979,0.118654,0.002668,-0.177778,0.371796,43,545.83,45,85,76.02
META,2026-08-20,2026-10-02,660.0,C,2.81,3.25,3.03,39.9176,0.099235,0.002334,-0.156915,0.326951,43,545.83,9,30,76.02
META,2026-08-20,2026-10-02,665.0,C,2.53,2.9,2.715,39.942,0.090106,0.002172,-0.146112,0.304499,43,545.83,3,11,76.02
META,2026-08-20,2026-10-02,670.0,C,2.31,2.66,2.485,40.2289,0.083208,0.002032,-0.138538,0.2869,43,545.83,6,15,76.02
META,2026-08-20,2026-10-02,685.0,C,1.77,2.03,1.9,40.9491,0.064942,0.001652,-0.116416,0.23738,43,545.83,5,9,76.02
META,2026-08-20,2026-10-02,700.0,C,1.37,1.61,1.49,41.9439,0.052004,0.001354,-0.099947,0.199361,43,545.83,25,138,76.02
META,2026-08-20,2026-10-02,710.0,C,1.18,1.44,1.31,42.8961,0.046212,0.001205,-0.0929,0.181415,43,545.83,1,11,76.02
META,2026-08-20,2026-10-02,720.0,C,0.97,1.18,1.075,43.128,0.038582,0.001036,-0.080634,0.156769,43,545.83,15,22,76.02
META,2026-08-20,2026-10-02,300.0,P,0.0,0.35,0.175,68.1644,-0.003532,8.3e-05,-0.015523,0.01985,43,545.83,6,98,76.02
META,2026-08-20,2026-10-02,455.0,P,2.06,2.66,2.36,38.526,-0.070034,0.001861,-0.108612,0.251641,43,545.83,4,23,76.02
META,2026-08-20,2026-10-02,470.0,P,3.45,4.15,3.8,37.641,-0.10454,0.00257,-0.142463,0.339581,43,545.83,518,592,76.02
META,2026-08-20,2026-10-02,475.0,P,4.0,4.55,4.275,36.7621,-0.115223,0.002822,-0.148864,0.364144,43,545.83,7,156,76.02
META,2026-08-20,2026-10-02,495.0,P,7.45,8.05,7.75,36.0022,-0.187236,0.003987,-0.199801,0.50382,43,545.83,68,208,76.02
META,2026-08-20,2026-10-02,500.0,P,8.6,9.1,8.85,35.6604,-0.208008,0.00429,-0.210271,0.536913,43,545.83,67,320,76.02
META,2026-08-20,2026-10-02,505.0,P,9.8,10.5,10.15,35.7245,-0.232401,0.004563,-0.223836,0.572179,43,545.83,23,391,76.02
META,2026-08-20,2026-10-02,510.0,P,11.2,11.85,11.525,35.4865,-0.256505,0.004845,-0.233687,0.603439,43,545.83,31,184,76.02
META,2026-08-20,2026-10-02,515.0,P,12.75,13.4,13.075,35.3614,-0.282423,0.005102,-0.243495,0.633281,43,545.83,51,2784,76.02
META,2026-08-20,2026-10-02,520.0,P,14.6,15.25,14.925,35.4743,-0.310349,0.005311,-0.254146,0.66127,43,545.83,42,182,76.02
META,2026-08-20,2026-10-02,525.0,P,16.1,17.0,16.55,35.2271,-0.33785,0.005538,-0.260185,0.684783,43,545.83,15,183,76.02
META,2026-08-20,2026-10-02,530.0,P,18.1,19.15,18.625,35.34,-0.367213,0.005689,-0.267807,0.70561,43,545.83,47,170,76.02
META,2026-08-20,2026-10-02,540.0,P,22.55,23.5,23.025,35.0165,-0.426325,0.005977,-0.273268,0.734622,43,545.83,68,170,76.02
META,2026-08-20,2026-10-02,545.0,P,25.05,26.05,25.55,35.0547,-0.456576,0.006039,-0.275072,0.742972,43,545.83,20,452,76.02
META,2026-08-20,2026-10-02,550.0,P,27.55,28.85,28.2,35.224,-0.486605,0.006042,-0.27624,0.746982,43,545.83,7,127,76.02
META,2026-08-20,2026-10-02,560.0,P,32.85,34.75,33.8,35.3858,-0.545528,0.005979,-0.271968,0.742531,43,545.83,14,71,76.02
META,2026-08-20,2026-10-02,565.0,P,35.2,37.75,36.475,35.2485,-0.57486,0.005935,-0.265449,0.734206,43,545.83,24,30,76.02
META,2026-08-20,2026-10-02,570.0,P,38.2,41.05,39.625,35.3339,-0.602823,0.005825,-0.259469,0.722439,43,545.83,33,28,76.02
META,2026-08-20,2026-10-02,575.0,P,41.45,45.0,43.225,36.1518,-0.626415,0.005592,-0.259225,0.709559,43,545.83,2,32,76.02
META,2026-08-20,2026-10-02,580.0,P,44.8,48.55,46.675,36.2555,-0.65198,0.005442,-0.251116,0.69249,43,545.83,3,17,76.02
META,2026-08-20,2026-10-02,585.0,P,48.25,52.3,50.275,36.4905,-0.675764,0.00526,-0.243318,0.673636,43,545.83,7,11,76.02
META,2026-08-20,2026-10-02,595.0,P,54.35,60.8,57.575,38.0621,-0.712778,0.004779,-0.23713,0.638392,43,545.83,1,14,76.02
META,2026-08-20,2026-10-02,600.0,P,58.3,63.75,61.025,36.5485,-0.744341,0.004696,-0.208557,0.6024,43,545.83,3,13,76.02
META,2026-08-20,2026-10-02,605.0,P,62.35,68.8,65.575,38.3582,-0.752623,0.004397,-0.215632,0.592007,43,545.83,3,3,76.02
META,2026-08-20,2026-10-02,610.0,P,66.45,72.9,69.675,38.465,-0.771213,0.004201,-0.203827,0.56719,43,545.83,3,6,76.02
META,2026-08-20,2026-10-02,635.0,P,88.4,94.6,91.5,39.3683,-0.846133,0.003215,-0.147184,0.444263,43,545.83,1,3,76.02
META,2026-08-20,2026-10-02,640.0,P,92.8,99.15,95.975,39.6612,-0.857481,0.003032,-0.137372,0.422062,43,545.83,0,1,76.02
META,2026-08-20,2026-10-02,645.0,P,97.4,103.7,100.55,39.8505,-0.868694,0.002853,-0.126568,0.39907,43,545.83,2,4,76.02
META,2026-08-20,2026-10-02,650.0,P,102.05,108.35,105.2,40.2045,-0.878016,0.002687,-0.117899,0.379117,43,545.83,1,39,76.02
META,2026-08-20,2026-10-02,690.0,P,140.5,146.7,143.6,44.013,-0.926068,0.001698,-0.068382,0.262312,43,545.83,0,11,76.02
META,2026-08-20,2026-10-02,695.0,P,145.4,151.6,148.5,44.6417,-0.929451,0.001615,-0.064816,0.253061,43,545.83,2,7,76.02
META,2026-08-20,2026-10-02,700.0,P,150.35,157.0,153.675,47.1868,-0.923368,0.001628,-0.081162,0.269583,43,545.83,2,33,76.02
META,2026-08-20,2026-10-16,270.0,C,274.1,282.2,278.15,99.7803,0.977084,0.000252,-0.128308,0.117173,57,545.83,1,2,76.02
META,2026-08-20,2026-10-16,280.0,C,264.25,271.5,267.875,93.0176,0.978073,0.000261,-0.118954,0.112893,57,545.83,1,1,76.02
META,2026-08-20,2026-10-16,300.0,C,244.45,251.7,248.075,85.9865,0.974312,0.000322,-0.125904,0.128964,57,545.83,2,32,76.02
META,2026-08-20,2026-10-16,310.0,C,234.55,241.75,238.15,82.3976,0.972444,0.000357,-0.128371,0.136752,57,545.83,1,2,76.02
META,2026-08-20,2026-10-16,320.0,C,224.6,231.9,228.25,79.0285,0.970252,0.000396,-0.131441,0.145743,57,545.83,1,2,76.02
META,2026-08-20,2026-10-16,350.0,C,257.15,264.75,260.95,208.5759,0.831036,0.00056,-1.014289,0.543697,57,545.83,2,10,76.02
META,2026-08-20,2026-10-16,360.0,C,185.55,192.3,188.925,67.3587,0.957138,0.000627,-0.149807,0.196582,57,545.83,1,0,76.02
META,2026-08-20,2026-10-16,370.0,C,175.7,182.4,179.05,64.2338,0.953659,0.0007,-0.152411,0.20934,57,545.83,1,3,76.02
META,2026-08-20,2026-10-16,390.0,C,155.5,164.0,159.75,59.766,0.941313,0.000908,-0.168118,0.252528,57,545.83,1,3,76.02
META,2026-08-20,2026-10-16,400.0,C,146.9,152.9,149.9,56.6777,0.936451,0.001019,-0.170062,0.268738,57,545.83,4,18,76.02
META,2026-08-20,2026-10-16,410.0,C,137.2,143.35,140.275,54.3278,0.92883,0.00116,-0.176794,0.293329,57,545.83,6,10,76.02
META,2026-08-20,2026-10-16,420.0,C,127.45,133.85,130.65,51.8804,0.920568,0.001321,-0.182671,0.318947,57,545.83,1,6,76.02
META,2026-08-20,2026-10-16,425.0,C,122.9,129.1,126.0,51.0747,0.914545,0.001418,-0.18864,0.336992,57,545.83,0,1,76.02
META,2026-08-20,2026-10-16,430.0,C,118.65,123.25,120.95,54.9504,0.891328,0.001573,-0.230468,0.402067,57,545.83,3,21,76.02
META,2026-08-20,2026-10-16,435.0,C,113.5,119.65,116.575,56.1558,0.876926,0.001681,-0.252595,0.439225,57,545.83,94,24,76.02
META,2026-08-20,2026-10-16,440.0,C,108.85,115.1,111.975,55.1152,0.869712,0.001782,-0.257242,0.457,57,545.83,10,32,76.02
META,2026-08-20,2026-10-16,445.0,C,104.25,110.55,107.4,54.0288,0.86223,0.001889,-0.261406,0.474874,57,545.83,40,27,76.02
META,2026-08-20,2026-10-16,450.0,C,99.6,105.05,102.325,51.0259,0.861468,0.002008,-0.25021,0.476665,57,545.83,27,685,76.02
META,2026-08-20,2026-10-16,455.0,C,95.25,100.4,97.825,49.7258,0.85404,0.002134,-0.252315,0.493814,57,545.83,15,24,76.02
META,2026-08-20,2026-10-16,460.0,C,91.35,95.5,93.425,47.9223,0.848169,0.002274,-0.250216,0.507,57,545.83,14,9,76.02
META,2026-08-20,2026-10-16,465.0,C,86.45,92.55,89.5,49.5946,0.827737,0.002386,-0.27574,0.550469,57,545.83,1,16,76.02
META,2026-08-20,2026-10-16,470.0,C,82.45,88.6,85.525,49.2864,0.814617,0.002514,-0.285185,0.576505,57,545.83,6,24,76.02
META,2026-08-20,2026-10-16,475.0,C,78.85,83.4,81.125,46.8481,0.809098,0.002693,-0.277402,0.587038,57,545.83,1,9,76.02
META,2026-08-20,2026-10-16,480.0,C,73.9,79.2,76.55,46.0088,0.796615,0.00285,-0.282076,0.609977,57,545.83,50,204,76.02
META,2026-08-20,2026-10-16,485.0,C,69.6,76.2,72.9,46.906,0.776769,0.002951,-0.300093,0.644014,57,545.83,5,13,76.02
META,2026-08-20,2026-10-16,490.0,C,66.5,72.0,69.25,45.8593,0.763599,0.003117,-0.30233,0.665023,57,545.83,10,57,76.02
META,2026-08-20,2026-10-16,495.0,C,62.25,67.55,64.9,44.3884,0.751092,0.003311,-0.30084,0.683848,57,545.83,13,31,76.02
META,2026-08-20,2026-10-16,500.0,C,59.9,63.75,61.825,43.7628,0.734676,0.003472,-0.305434,0.706947,57,545.83,35,596,76.02
META,2026-08-20,2026-10-16,505.0,C,56.35,59.3,57.825,42.1667,0.720595,0.003697,-0.302015,0.725345,57,545.83,4,28,76.02
META,2026-08-20,2026-10-16,510.0,C,52.9,56.75,54.825,42.9876,0.698002,0.003761,-0.316386,0.752218,57,545.83,3,69,76.02
META,2026-08-20,2026-10-16,515.0,C,49.95,51.8,50.875,40.589,0.683934,0.004063,-0.30567,0.767348,57,545.83,1,65,76.02
META,2026-08-20,2026-10-16,520.0,C,46.65,48.5,47.575,40.2075,0.663103,0.00421,-0.309415,0.787554,57,545.83,14,351,76.02
META,2026-08-20,2026-10-16,525.0,C,43.7,45.3,44.5,39.8199,0.641583,0.004349,-0.312227,0.805737,57,545.83,2,303,76.02
META,2026-08-20,2026-10-16,530.0,C,40.95,42.25,41.6,39.4873,0.619316,0.004473,-0.3145,0.821736,57,545.83,28,374,76.02
META,2026-08-20,2026-10-16,535.0,C,38.4,39.55,38.975,39.4354,0.59624,0.004553,-0.317839,0.835353,57,545.83,403,215,76.02
META,2026-08-20,2026-10-16,540.0,C,35.6,36.7,36.15,39.0723,0.573072,0.004654,-0.317852,0.846039,57,545.83,254,453,76.02
META,2026-08-20,2026-10-16,545.0,C,33.35,34.2,33.775,38.9838,0.549518,0.004708,-0.318831,0.853878,57,545.83,108,238,76.02
META,2026-08-20,2026-10-16,550.0,C,30.95,31.6,31.275,38.645,0.52567,0.004776,-0.316889,0.858733,57,545.83,305,1938,76.02
META,2026-08-20,2026-10-16,555.0,C,28.7,29.7,29.2,38.9807,0.502556,0.004745,-0.31894,0.860497,57,545.83,37,332,76.02
META,2026-08-20,2026-10-16,560.0,C,26.6,27.2,26.9,38.4909,0.478299,0.004798,-0.313736,0.859242,57,545.83,106,642,76.02
META,2026-08-20,2026-10-16,565.0,C,24.55,25.45,25.0,38.7396,0.455746,0.004745,-0.313177,0.855215,57,545.83,49,214,76.02
META,2026-08-20,2026-10-16,570.0,C,22.85,23.65,23.25,38.8037,0.433222,0.004699,-0.31029,0.848431,57,545.83,105,1681,76.02
META,2026-08-20,2026-10-16,575.0,C,21.1,21.85,21.475,38.7427,0.410706,0.004654,-0.305527,0.838869,57,545.83,155,1271,76.02
META,2026-08-20,2026-10-16,580.0,C,19.45,20.05,19.75,38.5565,0.388059,0.004607,-0.298879,0.826413,57,545.83,111,1345,76.02
META,2026-08-20,2026-10-16,585.0,C,17.95,18.5,18.225,38.5474,0.366614,0.004527,-0.292899,0.811957,57,545.83,51,3733,76.02
META,2026-08-20,2026-10-16,590.0,C,16.5,17.2,16.85,38.7335,0.346767,0.004418,-0.287919,0.79623,57,545.83,42,1574,76.02
META,2026-08-20,2026-10-16,595.0,C,15.2,15.75,15.475,38.613,0.325968,0.004327,-0.279658,0.777277,57,545.83,62,934,76.02
META,2026-08-20,2026-10-16,600.0,C,14.0,14.65,14.325,38.8342,0.307777,0.004198,-0.273906,0.758579,57,545.83,1073,9285,76.02
META,2026-08-20,2026-10-16,605.0,C,12.9,13.35,13.125,38.6786,0.288049,0.00409,-0.264256,0.736006,57,545.83,27,449,76.02
META,2026-08-20,2026-10-16,610.0,C,11.85,12.3,12.075,38.7518,0.270436,0.003959,-0.256307,0.713776,57,545.83,59,1440,76.02
META,2026-08-20,2026-10-16,615.0,C,10.85,11.3,11.075,38.7885,0.253336,0.003825,-0.247693,0.690257,57,545.83,203,989,76.02
META,2026-08-20,2026-10-16,620.0,C,10.0,10.45,10.225,38.9471,0.237828,0.003682,-0.240016,0.667225,57,545.83,124,4006,76.02
META,2026-08-20,2026-10-16,625.0,C,9.2,9.6,9.4,39.0082,0.222417,0.003541,-0.23121,0.642676,57,545.83,76,621,76.02
META,2026-08-20,2026-10-16,630.0,C,8.45,8.85,8.65,39.1302,0.208189,0.003397,-0.222886,0.618486,57,545.83,169,1938,76.02
META,2026-08-20,2026-10-16,635.0,C,7.7,8.15,7.925,39.2462,0.194665,0.003254,-0.214438,0.594081,57,545.83,22,516,76.02
META,2026-08-20,2026-10-16,640.0,C,7.1,7.45,7.275,39.2645,0.181173,0.003111,-0.204983,0.568304,57,545.83,124,1193,76.02
META,2026-08-20,2026-10-16,645.0,C,6.55,6.9,6.725,39.4659,0.169698,0.002969,-0.197415,0.545211,57,545.83,116,423,76.02
META,2026-08-20,2026-10-16,650.0,C,6.0,6.3,6.15,39.4873,0.15763,0.002829,-0.18808,0.519713,57,545.83,398,3985,76.02
META,2026-08-20,2026-10-16,655.0,C,5.5,5.95,5.725,39.9237,0.149141,0.002697,-0.183083,0.500998,57,545.83,24,142,76.02
META,2026-08-20,2026-10-16,660.0,C,5.05,5.4,5.225,39.8779,0.137911,0.002561,-0.173296,0.475206,57,545.83,59,1813,76.02
META,2026-08-20,2026-10-16,665.0,C,4.65,4.95,4.8,39.9603,0.128193,0.002431,-0.164977,0.451893,57,545.83,27,390,76.02
META,2026-08-20,2026-10-16,670.0,C,4.3,4.55,4.425,40.0763,0.119292,0.002304,-0.15718,0.429689,57,545.83,71,2199,76.02
META,2026-08-20,2026-10-16,675.0,C,3.95,4.2,4.075,40.235,0.111229,0.002184,-0.150008,0.408833,57,545.83,24,2296,76.02
META,2026-08-20,2026-10-16,680.0,C,3.6,3.9,3.75,40.4547,0.104071,0.00207,-0.143643,0.389701,57,545.83,112,2653,76.02
META,2026-08-20,2026-10-16,685.0,C,3.35,3.6,3.475,40.6134,0.097007,0.001959,-0.136886,0.370221,57,545.83,15,560,76.02
META,2026-08-20,2026-10-16,690.0,C,3.1,3.4,3.25,40.9918,0.091724,0.001863,-0.132457,0.355242,57,545.83,84,2776,76.02
META,2026-08-20,2026-10-16,695.0,C,2.84,3.15,2.995,41.1749,0.085664,0.001762,-0.12635,0.33761,57,545.83,2,2022,76.02
META,2026-08-20,2026-10-16,700.0,C,2.66,2.81,2.735,41.004,0.078013,0.001649,-0.117187,0.31462,57,545.83,173,6229,76.02
META,2026-08-20,2026-10-16,705.0,C,2.43,2.6,2.515,41.181,0.072765,0.001557,-0.111532,0.298354,57,545.83,3,1123,76.02
META,2026-08-20,2026-10-16,710.0,C,2.24,2.41,2.325,41.3641,0.067905,0.00147,-0.106158,0.282911,57,545.83,34,2326,76.02
META,2026-08-20,2026-10-16,715.0,C,2.08,2.25,2.165,41.6082,0.063687,0.001391,-0.10154,0.26919,57,545.83,4,174,76.02
META,2026-08-20,2026-10-16,720.0,C,1.94,2.15,2.045,42.0416,0.060683,0.001325,-0.098735,0.259232,57,545.83,23,2146,76.02
META,2026-08-20,2026-10-16,725.0,C,1.8,1.93,1.865,41.9439,0.055377,0.001236,-0.091625,0.241246,57,545.83,29,574,76.02
META,2026-08-20,2026-10-16,730.0,C,1.64,1.81,1.725,42.2125,0.052102,0.00117,-0.087813,0.229873,57,545.83,23,2700,76.02
META,2026-08-20,2026-10-16,735.0,C,1.55,1.71,1.63,42.5299,0.049262,0.001111,-0.084563,0.219839,57,545.83,10,1955,76.02
META,2026-08-20,2026-10-16,740.0,C,1.45,1.58,1.515,42.6641,0.045847,0.001046,-0.080045,0.207542,57,545.83,19,2183,76.02
META,2026-08-20,2026-10-16,745.0,C,1.32,1.47,1.395,42.8473,0.042864,0.000986,-0.076109,0.196591,57,545.83,1,95,76.02
META,2026-08-20,2026-10-16,750.0,C,1.26,1.37,1.315,43.0426,0.040134,0.000931,-0.07245,0.186382,57,545.83,119,6467,76.02
META,2026-08-20,2026-10-16,755.0,C,1.17,1.29,1.23,43.3111,0.037862,0.000882,-0.069491,0.177746,57,545.83,2,2914,76.02
META,2026-08-20,2026-10-16,760.0,C,1.1,1.21,1.155,43.543,0.035613,0.000835,-0.066419,0.169061,57,545.83,55,4869,76.02
META,2026-08-20,2026-10-16,765.0,C,1.03,1.13,1.08,43.7384,0.03339,0.000788,-0.063249,0.160343,57,545.83,2,4641,76.02
META,2026-08-20,2026-10-16,770.0,C,0.96,1.16,1.06,44.605,0.033543,0.000776,-0.06471,0.160947,57,545.83,20,3553,76.02
META,2026-08-20,2026-10-16,775.0,C,0.9,1.0,0.95,44.2144,0.029656,0.000707,-0.057919,0.14537,57,545.83,2,5139,76.02
META,2026-08-20,2026-10-16,780.0,C,0.84,0.94,0.89,44.4464,0.027956,0.000669,-0.055411,0.138405,57,545.83,40,5813,76.02
META,2026-08-20,2026-10-16,785.0,C,0.76,0.89,0.825,44.7149,0.026474,0.000636,-0.053249,0.132257,57,545.83,3,71,76.02
META,2026-08-20,2026-10-16,790.0,C,0.74,0.84,0.79,44.959,0.02502,0.000603,-0.051049,0.126152,57,545.83,6,2106,76.02
META,2026-08-20,2026-10-16,795.0,C,0.67,0.8,0.735,45.2642,0.023825,0.000575,-0.049309,0.121073,57,545.83,1,46,76.02
META,2026-08-20,2026-10-16,800.0,C,0.65,0.74,0.695,45.3619,0.022173,0.00054,-0.046498,0.113963,57,545.83,56,3627,76.02
META,2026-08-20,2026-10-16,805.0,C,0.62,0.7,0.66,45.606,0.020994,0.000513,-0.044623,0.108818,57,545.83,1,2916,76.02
META,2026-08-20,2026-10-16,810.0,C,0.58,0.67,0.625,45.9112,0.020034,0.00049,-0.04316,0.104587,57,545.83,14,2711,76.02
META,2026-08-20,2026-10-16,815.0,C,0.55,0.64,0.595,46.2164,0.019133,0.000468,-0.041769,0.100581,57,545.83,1,4743,76.02
META,2026-08-20,2026-10-16,820.0,C,0.51,0.61,0.56,46.4849,0.018208,0.000446,-0.040264,0.096425,57,545.83,2,2785,76.02
META,2026-08-20,2026-10-16,825.0,C,0.48,0.58,0.53,46.729,0.017288,0.000424,-0.038713,0.092255,57,545.83,2,4658,76.02
META,2026-08-20,2026-10-16,830.0,C,0.46,0.55,0.505,46.9732,0.016426,0.000404,-0.037238,0.088305,57,545.83,3,6108,76.02
META,2026-08-20,2026-10-16,835.0,C,0.43,0.56,0.495,47.6568,0.016483,0.000399,-0.03788,0.088569,57,545.83,3,40,76.02
META,2026-08-20,2026-10-16,840.0,C,0.41,0.5,0.455,47.4859,0.014903,0.000368,-0.034611,0.081233,57,545.83,4,864,76.02
META,2026-08-20,2026-10-16,845.0,C,0.38,0.48,0.43,47.7788,0.014276,0.000352,-0.033551,0.078284,57,545.83,3,10,76.02
META,2026-08-20,2026-10-16,850.0,C,0.32,0.46,0.39,48.0718,0.013686,0.000338,-0.032541,0.075486,57,545.83,7,1562,76.02
META,2026-08-20,2026-10-16,855.0,C,0.34,0.45,0.395,48.4624,0.013295,0.000327,-0.031987,0.073622,57,545.83,1,30,76.02
META,2026-08-20,2026-10-16,860.0,C,0.3,0.42,0.36,48.5845,0.012488,0.000309,-0.030368,0.069736,57,545.83,2,962,76.02
META,2026-08-20,2026-10-16,865.0,C,0.31,0.49,0.4,50.0737,0.013953,0.000329,-0.034435,0.076752,57,545.83,1,12,76.02
META,2026-08-20,2026-10-16,870.0,C,0.26,0.39,0.325,49.1704,0.011535,0.000285,-0.028677,0.0651,57,545.83,2,1022,76.02
META,2026-08-20,2026-10-16,875.0,C,0.23,0.47,0.35,50.855,0.013244,0.00031,-0.033418,0.073377,57,545.83,3,206,76.02
META,2026-08-20,2026-10-16,880.0,C,0.22,0.4,0.31,50.3423,0.011536,0.000278,-0.029347,0.065103,57,545.83,5,196,76.02
META,2026-08-20,2026-10-16,885.0,C,0.24,0.4,0.32,50.8306,0.011402,0.000273,-0.029326,0.064447,57,545.83,1,378,76.02
META,2026-08-20,2026-10-16,890.0,C,0.21,0.4,0.305,51.3433,0.011312,0.000268,-0.029412,0.064005,57,545.83,3,206,76.02
META,2026-08-20,2026-10-16,895.0,C,0.19,0.41,0.3,50.0982,0.008902,0.000223,-0.023283,0.051929,57,545.83,11,19,76.02
META,2026-08-20,2026-10-16,900.0,C,0.22,0.35,0.285,50.2935,0.008477,0.000213,-0.022387,0.049746,57,545.83,5,3003,76.02
META,2026-08-20,2026-10-16,905.0,C,0.17,0.37,0.27,50.4399,0.00802,0.000202,-0.021382,0.047385,57,545.83,5,19,76.02
META,2026-08-20,2026-10-16,910.0,C,0.16,0.38,0.27,50.9282,0.007968,0.000199,-0.021462,0.047115,57,545.83,2,207,76.02
META,2026-08-20,2026-10-16,915.0,C,0.16,0.37,0.265,51.27,0.00776,0.000193,-0.021105,0.046032,57,545.83,40,50,76.02
META,2026-08-20,2026-10-16,920.0,C,0.2,0.35,0.275,51.9536,0.007932,0.000194,-0.021798,0.046928,57,545.83,3,98,76.02
META,2026-08-20,2026-10-16,925.0,C,0.16,0.34,0.25,51.856,0.007275,0.00018,-0.020158,0.043486,57,545.83,0,9,76.02
META,2026-08-20,2026-10-16,930.0,C,0.16,0.32,0.24,52.1001,0.007002,0.000173,-0.019578,0.042043,57,545.83,5,227,76.02
META,2026-08-20,2026-10-16,935.0,C,0.14,0.33,0.235,52.4419,0.006838,0.000169,-0.019294,0.041171,57,545.83,1,4,76.02
META,2026-08-20,2026-10-16,940.0,C,0.12,0.33,0.225,52.6372,0.006543,0.000162,-0.018624,0.039601,57,545.83,2,92,76.02
META,2026-08-20,2026-10-16,945.0,C,0.12,0.32,0.22,52.9302,0.006354,0.000157,-0.018244,0.038583,57,545.83,1,4,76.02
META,2026-08-20,2026-10-16,950.0,C,0.13,0.29,0.21,53.1255,0.006087,0.00015,-0.017625,0.037144,57,545.83,3,681,76.02
META,2026-08-20,2026-10-16,955.0,C,0.11,0.31,0.21,53.5161,0.006001,0.000147,-0.017531,0.036683,57,545.83,0,1,76.02
META,2026-08-20,2026-10-16,960.0,C,0.1,0.3,0.2,53.7114,0.005756,0.000141,-0.016953,0.035349,57,545.83,10,75,76.02
META,2026-08-20,2026-10-16,965.0,C,0.1,0.29,0.195,54.0044,0.005602,0.000137,-0.016639,0.034511,57,545.83,2,21,76.02
META,2026-08-20,2026-10-16,970.0,C,0.09,0.28,0.185,54.102,0.005303,0.000131,-0.015871,0.032864,57,545.83,1,89,76.02
META,2026-08-20,2026-10-16,975.0,C,0.09,0.28,0.185,54.5415,0.005279,0.000129,-0.015935,0.032735,57,545.83,0,2,76.02
META,2026-08-20,2026-10-16,980.0,C,0.09,0.27,0.18,54.7856,0.005111,0.000125,-0.015549,0.031803,57,545.83,1,133,76.02
META,2026-08-20,2026-10-16,990.0,C,0.08,0.27,0.175,55.4692,0.004937,0.000119,-0.01526,0.030837,57,545.83,1,120,76.02
META,2026-08-20,2026-10-16,1000.0,C,0.01,0.23,0.12,54.1997,0.003544,9.1e-05,-0.011084,0.022927,57,545.83,2,659,76.02
META,2026-08-20,2026-10-16,1010.0,C,0.07,0.25,0.16,56.5434,0.004442,0.000107,-0.014149,0.028063,57,545.83,28,56,76.02
META,2026-08-20,2026-10-16,1020.0,C,0.06,0.24,0.15,56.9829,0.004165,0.0001,-0.01346,0.026498,57,545.83,1,29,76.02
META,2026-08-20,2026-10-16,1030.0,C,0.06,0.23,0.145,57.52,0.003971,9.5e-05,-0.013015,0.025387,57,545.83,2,53,76.02
META,2026-08-20,2026-10-16,1040.0,C,0.05,0.23,0.14,58.1059,0.00382,9.1e-05,-0.012697,0.024524,57,545.83,2,138,76.02
META,2026-08-20,2026-10-16,1050.0,C,0.05,0.22,0.135,58.6918,0.003683,8.7e-05,-0.012407,0.023729,57,545.83,2,109,76.02
META,2026-08-20,2026-10-16,1060.0,C,0.05,0.21,0.13,59.1801,0.003505,8.2e-05,-0.011965,0.022699,57,545.83,1,87,76.02
META,2026-08-20,2026-10-16,1070.0,C,0.0,0.2,0.1,58.4965,0.002792,6.8e-05,-0.009637,0.018499,57,545.83,4,40,76.02
META,2026-08-20,2026-10-16,1080.0,C,0.05,0.18,0.115,59.9613,0.0031,7.3e-05,-0.01085,0.020324,57,545.83,8,415,76.02
META,2026-08-20,2026-10-16,1090.0,C,0.0,0.19,0.095,59.5707,0.002589,6.2e-05,-0.009164,0.01728,57,545.83,14,45,76.02
META,2026-08-20,2026-10-16,1100.0,C,0.02,0.17,0.095,60.352,0.002597,6.2e-05,-0.009307,0.017327,57,545.83,8,459,76.02
META,2026-08-20,2026-10-16,1110.0,C,0.0,0.19,0.095,60.9379,0.00253,6e-05,-0.009177,0.016924,57,545.83,3,65,76.02
META,2026-08-20,2026-10-16,1120.0,C,0.0,0.38,0.19,65.8207,0.004513,9.3e-05,-0.016665,0.028464,57,545.83,5,22,76.02
META,2026-08-20,2026-10-16,1130.0,C,0.02,0.18,0.1,62.598,0.002599,6e-05,-0.009654,0.017338,57,545.83,2,179,76.02
META,2026-08-20,2026-10-16,1140.0,C,0.02,0.17,0.095,62.9887,0.002469,5.6e-05,-0.009273,0.016553,57,545.83,16,15,76.02
META,2026-08-20,2026-10-16,1150.0,C,0.02,0.37,0.195,68.0667,0.004468,8.9e-05,-0.017074,0.028213,57,545.83,4,36,76.02
META,2026-08-20,2026-10-16,1160.0,C,0.02,0.07,0.045,60.352,0.001275,3.2e-05,-0.004869,0.009071,57,545.83,223,422,76.02
META,2026-08-20,2026-10-16,1170.0,C,0.01,0.14,0.075,63.6722,0.00198,4.6e-05,-0.007669,0.013549,57,545.83,4,42,76.02
META,2026-08-20,2026-10-16,1180.0,C,0.01,0.13,0.07,63.8675,0.001833,4.3e-05,-0.007173,0.012635,57,545.83,6,185,76.02
META,2026-08-20,2026-10-16,1190.0,C,0.0,0.13,0.065,64.0629,0.001699,4e-05,-0.006713,0.01179,57,545.83,13,191,76.02
META,2026-08-20,2026-10-16,1200.0,C,0.0,0.25,0.125,68.4573,0.002932,6.1e-05,-0.011757,0.019329,57,545.83,6,184,76.02
META,2026-08-20,2026-10-16,1210.0,C,0.05,0.28,0.165,70.9476,0.003697,7.2e-05,-0.015008,0.023812,57,545.83,52,301,76.02
META,2026-08-20,2026-10-16,1220.0,C,0.05,0.29,0.17,71.7776,0.003755,7.2e-05,-0.015395,0.024147,57,545.83,42,1256,76.02
META,2026-08-20,2026-10-16,1230.0,C,0.0,0.36,0.18,72.8518,0.00393,7.4e-05,-0.016272,0.025151,57,545.83,64,108,76.02
META,2026-08-20,2026-10-16,1240.0,C,0.0,0.38,0.19,73.8284,0.004063,7.5e-05,-0.016987,0.025912,57,545.83,20,84,76.02
META,2026-08-20,2026-10-16,1250.0,C,0.0,0.11,0.055,66.7972,0.001417,3.2e-05,-0.00593,0.009995,57,545.83,57,342,76.02
META,2026-08-20,2026-10-16,270.0,P,0.01,0.1,0.055,61.3285,-0.001147,2.9e-05,-0.004361,0.008233,57,545.83,5,328,76.02
META,2026-08-20,2026-10-16,280.0,P,0.01,0.22,0.115,62.7933,-0.002274,5.3e-05,-0.008327,0.015365,57,545.83,7,186,76.02
META,2026-08-20,2026-10-16,290.0,P,0.05,0.13,0.09,58.2035,-0.001928,4.9e-05,-0.006638,0.013226,57,545.83,25,228,76.02
META,2026-08-20,2026-10-16,300.0,P,0.05,0.18,0.115,56.7387,-0.002498,6.3e-05,-0.008178,0.016728,57,545.83,1,341,76.02
META,2026-08-20,2026-10-16,310.0,P,0.06,0.2,0.13,54.5903,-0.002916,7.6e-05,-0.009038,0.019234,57,545.83,6,308,76.02
META,2026-08-20,2026-10-16,320.0,P,0.06,0.25,0.155,52.7348,-0.003527,9.3e-05,-0.01035,0.022825,57,545.83,2,174,76.02
META,2026-08-20,2026-10-16,330.0,P,0.08,0.23,0.155,52.2954,-0.005139,0.000131,-0.014358,0.031962,57,545.83,116,172,76.02
META,2026-08-20,2026-10-16,340.0,P,0.18,0.29,0.235,50.9282,-0.006543,0.000167,-0.017304,0.039601,57,545.83,19,129,76.02
META,2026-08-20,2026-10-16,350.0,P,0.19,0.35,0.27,49.2925,-0.008012,0.000206,-0.019997,0.047344,57,545.83,309,254,76.02
META,2026-08-20,2026-10-16,360.0,P,0.23,0.4,0.315,47.315,-0.009377,0.000247,-0.022003,0.054348,57,545.83,52,251,76.02
META,2026-08-20,2026-10-16,370.0,P,0.3,0.47,0.385,45.5572,-0.011251,0.000301,-0.024794,0.063704,57,545.83,55,188,76.02
META,2026-08-20,2026-10-16,380.0,P,0.47,0.59,0.53,44.2633,-0.014232,0.000379,-0.029474,0.078073,57,545.83,116,222,76.02
META,2026-08-20,2026-10-16,390.0,P,0.55,0.74,0.645,42.9693,-0.017924,0.000476,-0.034804,0.095142,57,545.83,1,595,76.02
META,2026-08-20,2026-10-16,400.0,P,0.78,0.94,0.86,41.8219,-0.022834,0.0006,-0.04151,0.116821,57,545.83,37,665,76.02
META,2026-08-20,2026-10-16,405.0,P,0.83,1.12,0.975,41.6632,-0.026805,0.000689,-0.047257,0.133637,57,545.83,6,55,76.02
META,2026-08-20,2026-10-16,410.0,P,1.0,1.23,1.115,40.9064,-0.029596,0.000763,-0.050328,0.145126,57,545.83,10,974,76.02
META,2026-08-20,2026-10-16,415.0,P,1.13,1.4,1.265,40.4425,-0.033572,0.000856,-0.055154,0.16106,57,545.83,25,192,76.02
META,2026-08-20,2026-10-16,420.0,P,1.38,1.59,1.485,39.9664,-0.037966,0.000958,-0.06021,0.178141,57,545.83,9,415,76.02
META,2026-08-20,2026-10-16,425.0,P,1.57,1.83,1.7,39.6246,-0.04334,0.001076,-0.066382,0.198353,57,545.83,32,145,76.02
META,2026-08-20,2026-10-16,430.0,P,1.82,2.08,1.95,39.1852,-0.048951,0.0012,-0.072288,0.21873,57,545.83,39,411,76.02
META,2026-08-20,2026-10-16,435.0,P,2.09,2.4,2.245,38.9044,-0.055834,0.001341,-0.079558,0.242815,57,545.83,29,87,76.02
META,2026-08-20,2026-10-16,440.0,P,2.45,2.7,2.575,38.4161,-0.062547,0.001485,-0.08574,0.265431,57,545.83,22,877,76.02
META,2026-08-20,2026-10-16,445.0,P,2.8,3.15,2.975,38.288,-0.07164,0.001655,-0.094766,0.294814,57,545.83,20,75,76.02
META,2026-08-20,2026-10-16,450.0,P,3.25,3.55,3.4,37.8577,-0.080171,0.001824,-0.101902,0.321189,57,545.83,147,3121,76.02
META,2026-08-20,2026-10-16,455.0,P,3.8,4.05,3.925,37.5739,-0.090288,0.002008,-0.110357,0.351107,57,545.83,48,644,76.02
META,2026-08-20,2026-10-16,460.0,P,4.3,4.6,4.45,37.2687,-0.101238,0.002203,-0.118846,0.38196,57,545.83,51,1151,76.02
META,2026-08-20,2026-10-16,465.0,P,5.0,5.25,5.125,37.0581,-0.113694,0.002409,-0.128224,0.415286,57,545.83,31,649,76.02
META,2026-08-20,2026-10-16,470.0,P,5.65,6.1,5.875,37.11,-0.12867,0.002624,-0.1398,0.45306,57,545.83,29,1152,76.02
META,2026-08-20,2026-10-16,475.0,P,6.45,6.8,6.625,36.6889,-0.142075,0.002841,-0.147569,0.48491,57,545.83,31,559,76.02
META,2026-08-20,2026-10-16,480.0,P,7.35,7.7,7.525,36.5058,-0.157905,0.003063,-0.157165,0.520308,57,545.83,102,1984,76.02
META,2026-08-20,2026-10-16,485.0,P,8.3,8.7,8.5,36.341,-0.174935,0.003288,-0.166717,0.555888,57,545.83,46,2347,76.02
META,2026-08-20,2026-10-16,490.0,P,9.4,9.8,9.6,36.1823,-0.193086,0.003512,-0.176022,0.591138,57,545.83,144,1809,76.02
META,2026-08-20,2026-10-16,495.0,P,10.55,11.0,10.775,36.0236,-0.212303,0.003733,-0.184922,0.625635,57,545.83,40,666,76.02
META,2026-08-20,2026-10-16,500.0,P,11.9,12.35,12.125,35.929,-0.23288,0.003945,-0.193817,0.659526,57,545.83,315,3105,76.02
META,2026-08-20,2026-10-16,505.0,P,13.3,13.85,13.575,35.8832,-0.254635,0.004146,-0.202461,0.692112,57,545.83,40,832,76.02
META,2026-08-20,2026-10-16,510.0,P,14.85,15.35,15.1,35.6787,-0.276567,0.004348,-0.209134,0.72174,57,545.83,322,1657,76.02
META,2026-08-20,2026-10-16,515.0,P,16.5,17.05,16.775,35.5811,-0.299817,0.004529,-0.215812,0.749763,57,545.83,58,738,76.02
META,2026-08-20,2026-10-16,520.0,P,18.3,18.85,18.575,35.4544,-0.323714,0.004699,-0.221352,0.775069,57,545.83,145,2303,76.02
META,2026-08-20,2026-10-16,525.0,P,20.25,20.9,20.575,35.4804,-0.348691,0.004833,-0.227039,0.797855,57,545.83,57,590,76.02
META,2026-08-20,2026-10-16,530.0,P,22.3,22.95,22.625,35.3492,-0.373755,0.004968,-0.23049,0.817061,57,545.83,185,2023,76.02
META,2026-08-20,2026-10-16,535.0,P,24.5,25.2,24.85,35.3003,-0.399413,0.005072,-0.233441,0.833016,57,545.83,80,716,76.02
META,2026-08-20,2026-10-16,540.0,P,26.85,27.6,27.225,35.2744,-0.425353,0.005151,-0.235416,0.845407,57,545.83,2478,2534,76.02
META,2026-08-20,2026-10-16,545.0,P,29.35,30.1,29.725,35.2134,-0.451422,0.005213,-0.23597,0.854128,57,545.83,119,938,76.02
META,2026-08-20,2026-10-16,550.0,P,31.95,32.65,32.3,35.0592,-0.477639,0.005267,-0.234663,0.859163,57,545.83,100,6497,76.02
META,2026-08-20,2026-10-16,555.0,P,34.5,35.45,34.975,35.047,-0.503707,0.005277,-0.233258,0.860478,57,545.83,24,311,76.02
META,2026-08-20,2026-10-16,560.0,P,37.55,38.4,37.975,35.0623,-0.529478,0.005261,-0.230945,0.858165,57,545.83,259,2012,76.02
META,2026-08-20,2026-10-16,565.0,P,40.15,41.6,40.875,35.224,-0.554421,0.005202,-0.228715,0.852496,57,545.83,34,239,76.02
META,2026-08-20,2026-10-16,570.0,P,43.1,44.75,43.925,35.1905,-0.579439,0.005151,-0.22396,0.843398,57,545.83,50,1462,76.02
META,2026-08-20,2026-10-16,575.0,P,45.65,47.95,46.8,35.0745,-0.604337,0.005092,-0.217567,0.830915,57,545.83,12,322,76.02
META,2026-08-20,2026-10-16,580.0,P,48.85,51.75,50.3,35.5551,-0.625799,0.004941,-0.21528,0.81737,57,545.83,133,1096,76.02
META,2026-08-20,2026-10-16,585.0,P,52.1,55.65,53.875,36.0465,-0.646061,0.004783,-0.21249,0.802176,57,545.83,17,3039,76.02
META,2026-08-20,2026-10-16,590.0,P,55.5,58.6,57.05,35.2057,-0.672992,0.004751,-0.197414,0.778286,57,545.83,11,1349,76.02
META,2026-08-20,2026-10-16,595.0,P,59.0,63.25,61.125,36.4432,-0.686786,0.004508,-0.200188,0.764378,57,545.83,2,125,76.02
META,2026-08-20,2026-10-16,600.0,P,62.6,67.0,64.8,36.399,-0.707366,0.004378,-0.191065,0.741469,57,545.83,62,4732,76.02
META,2026-08-20,2026-10-16,605.0,P,65.3,70.85,68.075,36.3684,-0.727087,0.004238,-0.181592,0.717022,57,545.83,40,77,76.02
META,2026-08-20,2026-10-16,610.0,P,69.7,75.7,72.7,37.6654,-0.736792,0.004018,-0.184447,0.704071,57,545.83,1,711,76.02
META,2026-08-20,2026-10-16,615.0,P,73.3,79.8,76.55,37.815,-0.753334,0.003868,-0.176244,0.680553,57,545.83,5,81,76.02
META,2026-08-20,2026-10-16,620.0,P,77.3,83.9,80.6,37.8577,-0.769804,0.00372,-0.166785,0.655279,57,545.83,22,755,76.02
META,2026-08-20,2026-10-16,625.0,P,81.65,87.95,84.8,37.7142,-0.78683,0.003574,-0.155299,0.627124,57,545.83,3,80,76.02
META,2026-08-20,2026-10-16,630.0,P,86.05,92.35,89.2,38.0347,-0.799692,0.003416,-0.148339,0.604434,57,545.83,8,452,76.02
META,2026-08-20,2026-10-16,635.0,P,90.3,96.7,93.5,38.1873,-0.812984,0.003262,-0.139674,0.579647,57,545.83,10,29,76.02
META,2026-08-20,2026-10-16,640.0,P,94.9,100.8,97.85,37.7875,-0.829569,0.00311,-0.125399,0.546721,57,545.83,12,498,76.02
META,2026-08-20,2026-10-16,645.0,P,99.15,105.5,102.325,38.4039,-0.837942,0.002962,-0.121523,0.529217,57,545.83,1,54,76.02
META,2026-08-20,2026-10-16,650.0,P,103.6,110.0,106.8,38.5718,-0.848904,0.002816,-0.113175,0.505367,57,545.83,4,652,76.02
META,2026-08-20,2026-10-16,655.0,P,108.2,114.5,111.35,38.6572,-0.85977,0.002672,-0.104113,0.480632,57,545.83,1,10,76.02
META,2026-08-20,2026-10-16,660.0,P,112.95,119.1,116.025,38.8739,-0.869052,0.002536,-0.096538,0.4586,57,545.83,5,589,76.02
META,2026-08-20,2026-10-16,665.0,P,118.15,123.7,120.925,39.0204,-0.878208,0.002402,-0.088426,0.43601,57,545.83,7,65,76.02
META,2026-08-20,2026-10-16,670.0,P,121.95,128.2,125.075,38.8312,-0.889018,0.002259,-0.077174,0.408185,57,545.83,1,334,76.02
META,2026-08-20,2026-10-16,675.0,P,126.8,133.1,129.95,39.5819,-0.89302,0.002159,-0.075454,0.397548,57,545.83,4,7,76.02
META,2026-08-20,2026-10-16,680.0,P,131.75,137.8,134.775,39.765,-0.900301,0.002042,-0.068299,0.377715,57,545.83,37,234,76.02
META,2026-08-20,2026-10-16,685.0,P,136.35,142.9,139.625,40.9979,-0.900621,0.001976,-0.071534,0.376829,57,545.83,1,15,76.02
META,2026-08-20,2026-10-16,690.0,P,141.25,147.35,144.3,40.3815,-0.911932,0.001834,-0.057029,0.344664,57,545.83,62,164,76.02
META,2026-08-20,2026-10-16,695.0,P,145.95,152.2,149.075,40.8392,-0.916287,0.001746,-0.053085,0.331825,57,545.83,35,36,76.02
META,2026-08-20,2026-10-16,700.0,P,150.95,156.75,153.85,40.2777,-0.926057,0.001612,-0.039929,0.302042,57,545.83,137,596,76.02
META,2026-08-20,2026-10-16,705.0,P,155.65,162.1,158.875,42.3101,-0.921063,0.001613,-0.050766,0.317441,57,545.83,1,3,76.02
META,2026-08-20,2026-10-16,710.0,P,160.55,166.75,163.65,42.005,-0.928718,0.001503,-0.040271,0.293684,57,545.83,3,68,76.02
META,2026-08-20,2026-10-16,715.0,P,165.5,171.65,168.575,42.4994,-0.931768,0.001436,-0.037257,0.28396,57,545.83,0,6,76.02
META,2026-08-20,2026-10-16,720.0,P,170.5,176.3,173.4,42.005,-0.939497,0.001323,-0.025798,0.258632,57,545.83,40,293,76.02
META,2026-08-20,2026-10-16,725.0,P,175.3,182.5,178.9,47.0464,-0.919658,0.00147,-0.063736,0.321707,57,545.83,2,2,76.02
META,2026-08-20,2026-10-16,730.0,P,180.25,187.6,183.925,48.2122,-0.9193,0.001439,-0.066989,0.32279,57,545.83,2,14,76.02
META,2026-08-20,2026-10-16,740.0,P,190.25,196.9,193.575,47.5042,-0.932744,0.001271,-0.045815,0.280818,57,545.83,6,0,76.02
META,2026-08-20,2026-10-16,745.0,P,194.25,202.55,198.4,50.5437,-0.923442,0.001319,-0.066252,0.310153,57,545.83,15,15,76.02
META,2026-08-20,2026-10-16,750.0,P,200.3,207.4,203.85,50.855,-0.926739,0.001268,-0.061859,0.299911,57,545.83,15,7,76.02
META,2026-08-20,2026-10-16,760.0,P,210.2,217.55,213.875,52.9546,-0.926404,0.001222,-0.066865,0.30096,57,545.83,920,171,76.02
META,2026-08-20,2026-10-16,770.0,P,220.25,227.55,223.9,54.5171,-0.928207,0.001164,-0.067174,0.295297,57,545.83,9,0,76.02
META,2026-08-20,2026-10-16,780.0,P,230.25,237.55,233.9,56.0551,-0.929852,0.001112,-0.067496,0.290085,57,545.83,6,0,76.02
META,2026-08-20,2026-10-16,790.0,P,240.25,247.55,243.9,57.5566,-0.93141,0.001065,-0.067711,0.285111,57,545.83,140,25,76.02
META,2026-08-20,2026-10-16,800.0,P,250.25,257.55,253.9,59.0336,-0.932848,0.001021,-0.067921,0.280484,57,545.83,7,0,76.02
META,2026-08-20,2026-10-16,810.0,P,260.25,267.55,263.9,60.4801,-0.934204,0.000981,-0.068064,0.276087,57,545.83,3,0,76.02
META,2026-08-20,2026-10-16,820.0,P,270.25,277.5,273.875,61.7191,-0.936127,0.00094,-0.066554,0.269803,57,545.83,1,0,76.02
META,2026-08-20,2026-10-16,830.0,P,164.1,168.45,166.275,0.001,-1.0,0.0,0.08372,0.0,57,545.83,3,0,76.02
META,2026-08-20,2026-10-16,850.0,P,300.25,307.55,303.9,66.016,-0.938854,0.000849,-0.068317,0.260779,57,545.83,2,0,76.02
META,2026-08-20,2026-10-16,860.0,P,272.55,277.35,274.95,0.001,-1.0,0.0,0.086746,0.0,57,545.83,15,5,76.02
META,2026-08-20,2026-10-16,890.0,P,340.25,347.55,343.9,71.1856,-0.942578,0.00075,-0.068074,0.248242,57,545.83,1,0,76.02
META,2026-08-20,2026-10-16,900.0,P,350.25,357.55,353.9,72.4246,-0.943403,0.000728,-0.067931,0.245429,57,545.83,1,0,76.02
META,2026-08-20,2026-10-16,910.0,P,360.25,367.55,363.9,73.6453,-0.944187,0.000708,-0.067773,0.242744,57,545.83,1,0,76.02
META,2026-08-20,2026-10-16,920.0,P,370.25,377.55,373.9,74.8538,-0.944917,0.00069,-0.067648,0.240232,57,545.83,1,0,76.02
META,2026-08-20,2026-10-16,930.0,P,380.25,387.55,383.9,76.0378,-0.945633,0.000672,-0.067447,0.237761,57,545.83,1,0,76.02
META,2026-08-20,2026-10-16,960.0,P,410.25,417.55,413.9,79.4924,-0.94759,0.000624,-0.066771,0.230954,57,545.83,1,0,76.02
META,2026-08-20,2026-10-16,970.0,P,420.25,427.45,423.85,80.176,-0.949301,0.000603,-0.062833,0.224939,57,545.83,1,0,76.02
META,2026-08-20,2026-10-16,980.0,P,430.25,437.45,433.85,81.2746,-0.949869,0.00059,-0.062526,0.222926,57,545.83,1,0,76.02
META,2026-08-20,2026-10-16,990.0,P,440.25,447.45,443.85,82.361,-0.950409,0.000577,-0.062226,0.221008,57,545.83,1,0,76.02
