symbol,quote_date,expiration,strike,option_type,bid,ask,mid,implied_volatility,delta,gamma,theta,vega,dte,underlying_price,volume,open_interest,iv_rank
AVGO,2026-08-11,2026-08-19,362.5,C,52.9,55.8,54.35,54.7368,0.960091,0.002551,-0.216523,0.052984,8,416.08,0,8,42.49
AVGO,2026-08-11,2026-08-19,367.5,C,47.9,50.65,49.275,64.1849,0.913508,0.003987,-0.423246,0.097111,8,416.08,0,1,42.49
AVGO,2026-08-11,2026-08-19,377.5,C,37.9,41.1,39.5,57.1782,0.885221,0.005503,-0.460156,0.119402,8,416.08,2,11,42.49
AVGO,2026-08-11,2026-08-19,380.0,C,35.55,38.95,37.25,56.873,0.870572,0.00602,-0.494841,0.129913,8,416.08,2,10,42.49
AVGO,2026-08-11,2026-08-19,385.0,C,31.4,33.9,32.65,50.9404,0.859476,0.007111,-0.470722,0.137454,8,416.08,0,2,42.49
AVGO,2026-08-11,2026-08-19,387.5,C,28.75,31.6,30.175,49.3413,0.846584,0.007787,-0.482379,0.14579,8,416.08,16,12,42.49
AVGO,2026-08-11,2026-08-19,390.0,C,26.7,29.7,28.2,49.8906,0.822356,0.008468,-0.531803,0.160301,8,416.08,11,7,42.49
AVGO,2026-08-11,2026-08-19,392.5,C,24.6,27.75,26.175,49.793,0.799369,0.009145,-0.568888,0.172781,8,416.08,1,1,42.49
AVGO,2026-08-11,2026-08-19,395.0,C,22.35,25.55,23.95,48.145,0.781285,0.00995,-0.577624,0.181779,8,416.08,1,25,42.49
AVGO,2026-08-11,2026-08-19,400.0,C,19.5,21.4,20.45,45.5328,0.73582,0.01166,-0.602411,0.201447,8,416.08,12,12,42.49
AVGO,2026-08-11,2026-08-19,405.0,C,15.4,17.8,16.6,44.3914,0.675801,0.013149,-0.641445,0.22148,8,416.08,1,23,42.49
AVGO,2026-08-11,2026-08-19,410.0,C,12.1,14.7,13.4,44.0801,0.606699,0.014164,-0.677009,0.236903,8,416.08,1,152,42.49
AVGO,2026-08-11,2026-08-19,412.5,C,10.6,13.35,11.975,44.2083,0.570343,0.014421,-0.691352,0.241915,8,416.08,2,46,42.49
AVGO,2026-08-11,2026-08-19,415.0,C,9.25,11.85,10.55,43.421,0.533984,0.014861,-0.686028,0.244853,8,416.08,9,39,42.49
AVGO,2026-08-11,2026-08-19,417.5,C,8.0,10.7,9.35,43.6529,0.496906,0.014836,-0.690534,0.245738,8,416.08,6,61,42.49
AVGO,2026-08-11,2026-08-19,420.0,C,7.4,8.65,8.025,40.0763,0.45438,0.016054,-0.629988,0.244137,8,416.08,5,143,42.49
AVGO,2026-08-11,2026-08-19,422.5,C,5.85,8.0,6.925,41.5472,0.418829,0.015264,-0.641912,0.240641,8,416.08,3,5,42.49
AVGO,2026-08-11,2026-08-19,425.0,C,6.0,6.6,6.3,39.7101,0.37543,0.015508,-0.595264,0.233666,8,416.08,7,90,42.49
AVGO,2026-08-11,2026-08-19,427.5,C,4.95,6.0,5.475,40.7294,0.342614,0.014647,-0.590231,0.226364,8,416.08,43,11,42.49
AVGO,2026-08-11,2026-08-19,430.0,C,4.05,6.15,5.1,44.6539,0.325504,0.013093,-0.632404,0.221845,8,416.08,22,215,42.49
AVGO,2026-08-11,2026-08-19,432.5,C,3.1,4.3,3.7,39.649,0.268914,0.013511,-0.514738,0.203264,8,416.08,1,3,42.49
AVGO,2026-08-11,2026-08-19,435.0,C,2.92,3.85,3.385,40.4059,0.242026,0.012547,-0.49575,0.192373,8,416.08,9,526,42.49
AVGO,2026-08-11,2026-08-19,437.5,C,2.24,4.2,3.22,44.8492,0.238689,0.011219,-0.544938,0.190923,8,416.08,24,3,42.49
AVGO,2026-08-11,2026-08-19,440.0,C,2.15,2.87,2.51,40.6683,0.188154,0.010767,-0.430076,0.166157,8,416.08,20,47,42.49
AVGO,2026-08-11,2026-08-19,445.0,C,1.04,3.1,2.07,46.8511,0.17818,0.009034,-0.477587,0.160606,8,416.08,2,10,42.49
AVGO,2026-08-11,2026-08-19,447.5,C,1.01,1.82,1.415,41.1871,0.125072,0.008117,-0.331712,0.126855,8,416.08,2,9,42.49
AVGO,2026-08-11,2026-08-19,450.0,C,0.65,1.61,1.13,41.773,0.110648,0.007338,-0.308251,0.116317,8,416.08,14,131,42.49
AVGO,2026-08-11,2026-08-19,452.5,C,0.59,1.26,0.925,40.9796,0.090241,0.006446,-0.260443,0.10023,8,416.08,1,4,42.49
AVGO,2026-08-11,2026-08-19,455.0,C,0.61,0.9,0.755,39.4781,0.068541,0.005432,-0.203629,0.081377,8,416.08,2,22,42.49
AVGO,2026-08-11,2026-08-19,460.0,C,0.43,0.86,0.645,42.6275,0.061102,0.004602,-0.200829,0.074431,8,416.08,6,36,42.49
AVGO,2026-08-11,2026-08-19,462.5,C,0.38,0.85,0.615,44.2633,0.058346,0.004274,-0.201011,0.071788,8,416.08,42,10,42.49
AVGO,2026-08-11,2026-08-19,465.0,C,0.13,1.18,0.655,49.5855,0.07127,0.004457,-0.26282,0.083859,8,416.08,1,37,42.49
AVGO,2026-08-11,2026-08-19,470.0,C,0.13,0.9,0.515,49.9761,0.05492,0.003609,-0.216052,0.068445,8,416.08,13,23,42.49
AVGO,2026-08-11,2026-08-19,472.5,C,0.02,0.89,0.455,51.5142,0.052778,0.003393,-0.215709,0.066323,8,416.08,2,2,42.49
AVGO,2026-08-11,2026-08-19,475.0,C,0.09,0.43,0.26,46.1675,0.029278,0.002345,-0.119732,0.041074,8,416.08,21,12,42.49
AVGO,2026-08-11,2026-08-19,477.5,C,0.06,0.5,0.28,48.9507,0.031984,0.002379,-0.136532,0.044195,8,416.08,1,5,42.49
AVGO,2026-08-11,2026-08-19,480.0,C,0.03,0.45,0.24,49.5122,0.028598,0.002144,-0.125831,0.04028,8,416.08,13,14,42.49
AVGO,2026-08-11,2026-08-19,487.5,C,0.01,0.44,0.225,53.6137,0.025839,0.001819,-0.125085,0.037011,8,416.08,1,1,42.49
AVGO,2026-08-11,2026-08-19,490.0,C,0.01,0.38,0.195,53.7114,0.022404,0.001611,-0.111138,0.032831,8,416.08,4,8,42.49
AVGO,2026-08-11,2026-08-19,492.5,C,0.01,0.33,0.17,53.8579,0.01948,0.001427,-0.098981,0.029166,8,416.08,3,1,42.49
AVGO,2026-08-11,2026-08-19,495.0,C,0.0,0.56,0.28,53.8091,0.016581,0.001245,-0.086182,0.025422,8,416.08,8,0,42.49
AVGO,2026-08-11,2026-08-19,497.5,C,0.0,0.54,0.27,54.7856,0.015667,0.001165,-0.083563,0.024215,8,416.08,5,8,42.49
AVGO,2026-08-11,2026-08-19,500.0,C,0.0,0.58,0.29,56.6899,0.016281,0.001163,-0.089344,0.025027,8,416.08,1,4,42.49
AVGO,2026-08-11,2026-08-19,505.0,C,0.0,0.86,0.43,62.9887,0.021611,0.001332,-0.126264,0.031847,8,416.08,2,7,42.49
AVGO,2026-08-11,2026-08-19,510.0,C,0.0,0.78,0.39,64.6,0.019142,0.001172,-0.116806,0.028735,8,416.08,7,7,42.49
AVGO,2026-08-11,2026-08-19,335.0,P,0.0,0.43,0.215,64.3558,-0.009873,0.000665,-0.064868,0.016235,8,416.08,0,1,42.49
AVGO,2026-08-11,2026-08-19,340.0,P,0.01,0.44,0.225,60.8891,-0.010888,0.000765,-0.066811,0.017682,8,416.08,0,15,42.49
AVGO,2026-08-11,2026-08-19,342.5,P,0.01,0.44,0.225,58.9848,-0.011258,0.000813,-0.066611,0.018203,8,416.08,0,7,42.49
AVGO,2026-08-11,2026-08-19,345.0,P,0.03,0.53,0.28,58.9848,-0.013965,0.00098,-0.080254,0.021936,8,416.08,71,200,42.49
AVGO,2026-08-11,2026-08-19,347.5,P,0.01,0.43,0.22,54.9809,-0.011802,0.000909,-0.064652,0.018965,8,416.08,15,15,42.49
AVGO,2026-08-11,2026-08-19,350.0,P,0.01,0.26,0.135,54.4438,-0.014043,0.001067,-0.074383,0.02204,8,416.08,1,15,42.49
AVGO,2026-08-11,2026-08-19,352.5,P,0.01,0.58,0.295,53.5649,-0.016134,0.001222,-0.082434,0.024834,8,416.08,7,5,42.49
AVGO,2026-08-11,2026-08-19,355.0,P,0.01,0.35,0.18,53.0766,-0.019222,0.001432,-0.094818,0.028837,8,416.08,13,15,42.49
AVGO,2026-08-11,2026-08-19,357.5,P,0.08,0.38,0.23,51.8071,-0.021309,0.001601,-0.100969,0.031471,8,416.08,54,4,42.49
AVGO,2026-08-11,2026-08-19,360.0,P,0.01,0.58,0.295,53.8335,-0.030977,0.002107,-0.143458,0.043041,8,416.08,3,12,42.49
AVGO,2026-08-11,2026-08-19,362.5,P,0.03,0.98,0.505,50.3667,-0.028915,0.002127,-0.126701,0.040651,8,416.08,2,3,42.49
AVGO,2026-08-11,2026-08-19,365.0,P,0.04,0.79,0.415,52.8325,-0.042341,0.002773,-0.181694,0.055588,8,416.08,2,10,42.49
AVGO,2026-08-11,2026-08-19,367.5,P,0.13,1.13,0.63,54.9077,-0.05728,0.003396,-0.240289,0.070755,8,416.08,14,23,42.49
AVGO,2026-08-11,2026-08-19,370.0,P,0.18,0.82,0.5,48.8042,-0.047269,0.00328,-0.183204,0.060741,8,416.08,15,9,42.49
AVGO,2026-08-11,2026-08-19,372.5,P,0.23,0.71,0.47,45.1422,-0.044456,0.003375,-0.161186,0.057819,8,416.08,5,54,42.49
AVGO,2026-08-11,2026-08-19,375.0,P,0.17,0.85,0.51,44.7271,-0.053121,0.003928,-0.184034,0.066665,8,416.08,3,16,42.49
AVGO,2026-08-11,2026-08-19,377.5,P,0.33,1.09,0.71,45.1177,-0.066493,0.004643,-0.221242,0.079491,8,416.08,12,46,42.49
AVGO,2026-08-11,2026-08-19,380.0,P,0.55,1.49,1.02,46.4849,-0.086233,0.005493,-0.277718,0.096893,8,416.08,13,15,42.49
AVGO,2026-08-11,2026-08-19,382.5,P,0.72,1.6,1.16,44.9102,-0.094901,0.006105,-0.287848,0.104034,8,416.08,11,123,42.49
AVGO,2026-08-11,2026-08-19,385.0,P,0.3,1.48,0.89,41.4312,-0.095151,0.00663,-0.26575,0.104236,8,416.08,13,11,42.49
AVGO,2026-08-11,2026-08-19,387.5,P,1.13,2.25,1.69,44.4586,-0.129978,0.007724,-0.356331,0.130295,8,416.08,1,18,42.49
AVGO,2026-08-11,2026-08-19,390.0,P,0.56,2.22,1.39,41.5411,-0.136414,0.008546,-0.343742,0.134701,8,416.08,51,22,42.49
AVGO,2026-08-11,2026-08-19,392.5,P,1.13,3.6,2.365,46.7657,-0.186981,0.009327,-0.475517,0.165516,8,416.08,4,48,42.49
AVGO,2026-08-11,2026-08-19,395.0,P,2.42,3.35,2.885,42.3834,-0.191333,0.010439,-0.436277,0.167878,8,416.08,10,41,42.49
AVGO,2026-08-11,2026-08-19,397.5,P,1.78,3.75,2.765,41.358,-0.214747,0.011461,-0.455466,0.179864,8,416.08,6,6,42.49
AVGO,2026-08-11,2026-08-19,400.0,P,3.4,4.25,3.825,40.5646,-0.241986,0.012497,-0.477012,0.192356,8,416.08,11,25,42.49
AVGO,2026-08-11,2026-08-19,402.5,P,4.15,5.4,4.775,42.3956,-0.283294,0.012963,-0.540016,0.20853,8,416.08,10,17,42.49
AVGO,2026-08-11,2026-08-19,405.0,P,4.05,5.65,4.85,39.8688,-0.308312,0.014331,-0.526601,0.2168,8,416.08,29,10,42.49
AVGO,2026-08-11,2026-08-19,407.5,P,5.0,7.4,6.2,43.3111,-0.355777,0.013965,-0.605453,0.229507,8,416.08,3,12,42.49
AVGO,2026-08-11,2026-08-19,410.0,P,5.95,8.15,7.05,42.2186,-0.389798,0.014751,-0.606209,0.236309,8,416.08,9,12,42.49
AVGO,2026-08-11,2026-08-19,412.5,P,7.05,9.55,8.3,43.3538,-0.428787,0.0147,-0.636111,0.24182,8,416.08,9,5,42.49
AVGO,2026-08-11,2026-08-19,415.0,P,8.35,10.7,9.525,43.1585,-0.465964,0.014951,-0.639638,0.244851,8,416.08,13,91,42.49
AVGO,2026-08-11,2026-08-19,417.5,P,9.8,11.05,10.425,39.5514,-0.505963,0.016373,-0.584841,0.245718,8,416.08,4,34,42.49
AVGO,2026-08-11,2026-08-19,420.0,P,11.15,13.4,12.275,43.2867,-0.540434,0.014885,-0.637163,0.244482,8,416.08,47,579,42.49
AVGO,2026-08-11,2026-08-19,422.5,P,12.45,14.55,13.5,42.0599,-0.579901,0.015088,-0.606942,0.2408,8,416.08,21,4,42.49
AVGO,2026-08-11,2026-08-19,425.0,P,13.5,16.1,14.8,42.0416,-0.616592,0.014742,-0.590166,0.235174,8,416.08,2,58,42.49
AVGO,2026-08-11,2026-08-19,427.5,P,15.35,17.8,16.575,42.2979,-0.651002,0.014201,-0.57313,0.227924,8,416.08,4,5,42.49
AVGO,2026-08-11,2026-08-19,430.0,P,16.85,19.5,18.175,42.2369,-0.685072,0.013652,-0.546557,0.218802,8,416.08,150,73,42.49
AVGO,2026-08-11,2026-08-19,432.5,P,18.75,21.4,20.075,42.7191,-0.714793,0.012906,-0.52606,0.209202,8,416.08,4,1,42.49
AVGO,2026-08-11,2026-08-19,435.0,P,20.7,23.3,22.0,42.9205,-0.743827,0.012175,-0.497954,0.198276,8,416.08,2,6,42.49
AVGO,2026-08-11,2026-08-19,437.5,P,22.65,25.3,23.975,43.2989,-0.769835,0.011389,-0.471142,0.18712,8,416.08,2,1,42.49
AVGO,2026-08-11,2026-08-19,440.0,P,24.6,27.65,26.125,45.2032,-0.785115,0.01049,-0.472213,0.179931,8,416.08,0,52,42.49
AVGO,2026-08-11,2026-08-19,442.5,P,26.8,30.0,28.4,46.9976,-0.799058,0.009698,-0.47103,0.172942,8,416.08,0,5,42.49
AVGO,2026-08-11,2026-08-19,445.0,P,29.0,31.65,30.325,44.7271,-0.833813,0.009052,-0.390824,0.15362,8,416.08,0,1,42.49
AVGO,2026-08-11,2026-08-19,520.0,P,102.45,105.2,103.825,85.8644,-0.953898,0.001827,-0.268262,0.059535,8,416.08,0,0,42.49
AVGO,2026-08-11,2026-08-21,150.0,C,264.45,267.7,266.075,315.5276,0.986674,0.000157,-0.3862,0.023553,10,416.08,25,361,42.49
AVGO,2026-08-11,2026-08-21,155.0,C,259.55,262.75,261.15,203.9067,0.999024,2.3e-05,-0.038895,0.002267,10,416.08,11,13,42.49
AVGO,2026-08-11,2026-08-21,160.0,C,254.95,257.65,256.3,223.2426,0.997231,5.5e-05,-0.081641,0.005863,10,416.08,2,24,42.49
AVGO,2026-08-11,2026-08-21,165.0,C,249.55,252.75,251.15,191.4063,0.998969,2.6e-05,-0.039625,0.002385,10,416.08,2,17,42.49
AVGO,2026-08-11,2026-08-21,170.0,C,244.55,247.75,246.15,185.5469,0.998934,2.8e-05,-0.040109,0.002458,10,416.08,1,11,42.49
AVGO,2026-08-11,2026-08-21,175.0,C,239.55,242.8,241.175,185.5469,0.998544,3.7e-05,-0.048135,0.00327,10,416.08,1,4,42.49
AVGO,2026-08-11,2026-08-21,180.0,C,234.55,237.0,235.775,239.8442,0.989604,0.000167,-0.245571,0.018988,10,416.08,1,20,42.49
AVGO,2026-08-11,2026-08-21,185.0,C,230.1,232.9,231.5,207.6177,0.994351,0.000113,-0.133841,0.0111,10,416.08,1,18,42.49
AVGO,2026-08-11,2026-08-21,190.0,C,224.6,227.8,226.2,173.047,0.998033,5.2e-05,-0.056518,0.004301,10,416.08,10,29,42.49
AVGO,2026-08-11,2026-08-21,195.0,C,219.6,222.0,220.8,218.8481,0.988581,0.000198,-0.244805,0.020604,10,416.08,4,30,42.49
AVGO,2026-08-11,2026-08-21,200.0,C,214.6,217.85,216.225,166.0158,0.9975,6.8e-05,-0.064674,0.005346,10,416.08,1,60,42.49
AVGO,2026-08-11,2026-08-21,210.0,C,204.6,207.9,206.25,158.594,0.996927,8.6e-05,-0.072352,0.006438,10,416.08,1,51,42.49
AVGO,2026-08-11,2026-08-21,220.0,C,194.65,197.95,196.3,153.1252,0.995916,0.000114,-0.085917,0.008313,10,416.08,11,61,42.49
AVGO,2026-08-11,2026-08-21,230.0,C,184.6,188.0,186.3,143.3597,0.995618,0.00013,-0.086731,0.008852,10,416.08,7,126,42.49
AVGO,2026-08-11,2026-08-21,240.0,C,174.65,177.95,176.3,133.887,0.995316,0.000148,-0.087185,0.009396,10,416.08,4,192,42.49
AVGO,2026-08-11,2026-08-21,250.0,C,164.65,168.0,166.325,126.5629,0.994479,0.000181,-0.094102,0.010877,10,416.08,1,125,42.49
AVGO,2026-08-11,2026-08-21,260.0,C,154.6,157.95,156.275,114.3559,0.995119,0.00018,-0.082056,0.009748,10,416.08,2,308,42.49
AVGO,2026-08-11,2026-08-21,270.0,C,145.2,147.95,146.575,120.5082,0.988484,0.000363,-0.152096,0.020755,10,416.08,1,148,42.49
AVGO,2026-08-11,2026-08-21,280.0,C,134.75,138.05,136.4,104.6391,0.991329,0.000326,-0.112962,0.016202,10,416.08,1,307,42.49
AVGO,2026-08-11,2026-08-21,290.0,C,124.7,127.95,126.325,92.8712,0.99249,0.000324,-0.095577,0.014279,10,416.08,33,180,42.49
AVGO,2026-08-11,2026-08-21,300.0,C,115.05,117.5,116.275,82.5197,0.993255,0.000332,-0.083918,0.012989,10,416.08,5,630,42.49
AVGO,2026-08-11,2026-08-21,305.0,C,109.75,113.1,111.425,85.3517,0.988582,0.000509,-0.118547,0.020602,10,416.08,1,5,42.49
AVGO,2026-08-11,2026-08-21,310.0,C,105.3,108.0,106.65,88.1349,0.982019,0.000729,-0.165067,0.030459,10,416.08,2,484,42.49
AVGO,2026-08-11,2026-08-21,315.0,C,99.8,102.95,101.375,75.7815,0.988978,0.000556,-0.107375,0.01998,10,416.08,1,23,42.49
AVGO,2026-08-11,2026-08-21,320.0,C,95.2,98.3,96.75,82.1779,0.97756,0.000943,-0.182689,0.036756,10,416.08,3,1305,42.49
AVGO,2026-08-11,2026-08-21,325.0,C,89.8,93.0,91.4,69.1409,0.986956,0.000705,-0.112536,0.023122,10,416.08,1,5,42.49
AVGO,2026-08-11,2026-08-21,330.0,C,84.85,88.25,86.55,69.5316,0.981255,0.000957,-0.142577,0.03156,10,416.08,1,1122,42.49
AVGO,2026-08-11,2026-08-21,335.0,C,80.15,83.05,81.6,66.846,0.97849,0.001119,-0.151783,0.035466,10,416.08,2,1,42.49
AVGO,2026-08-11,2026-08-21,340.0,C,74.95,78.05,76.5,60.6938,0.980795,0.001119,-0.131629,0.032216,10,416.08,13,1042,42.49
AVGO,2026-08-11,2026-08-21,345.0,C,69.95,73.1,71.525,57.52,0.978616,0.001294,-0.135772,0.03529,10,416.08,3,12,42.49
AVGO,2026-08-11,2026-08-21,347.5,C,67.9,70.85,69.375,61.9389,0.965472,0.001791,-0.196926,0.052626,10,416.08,2,15,42.49
AVGO,2026-08-11,2026-08-21,350.0,C,65.65,67.75,66.7,57.0805,0.970523,0.001706,-0.166234,0.046182,10,416.08,22,2215,42.49
AVGO,2026-08-11,2026-08-21,352.5,C,62.6,65.8,64.2,55.1274,0.969545,0.001815,-0.165429,0.047448,10,416.08,0,2,42.49
AVGO,2026-08-11,2026-08-21,355.0,C,60.6,63.15,61.875,55.8842,0.961937,0.00215,-0.193825,0.056998,10,416.08,1,22,42.49
AVGO,2026-08-11,2026-08-21,357.5,C,57.65,60.9,59.275,52.4175,0.964393,0.002171,-0.176383,0.053972,10,416.08,1,13,42.49
AVGO,2026-08-11,2026-08-21,360.0,C,55.85,57.9,56.875,51.856,0.959204,0.002452,-0.191315,0.060306,10,416.08,6,948,42.49
AVGO,2026-08-11,2026-08-21,362.5,C,52.8,56.05,54.425,50.5132,0.955696,0.002691,-0.197873,0.064465,10,416.08,1,29,42.49
AVGO,2026-08-11,2026-08-21,365.0,C,50.65,53.55,52.1,50.562,0.947288,0.003089,-0.222216,0.074078,10,416.08,16,28,42.49
AVGO,2026-08-11,2026-08-21,367.5,C,48.2,51.25,49.725,62.5492,0.896313,0.004183,-0.420977,0.124093,10,416.08,4,33,42.49
AVGO,2026-08-11,2026-08-21,370.0,C,45.85,47.9,46.875,53.7358,0.915528,0.004185,-0.320624,0.106668,10,416.08,34,1557,42.49
AVGO,2026-08-11,2026-08-21,372.5,C,43.25,46.4,44.825,58.6308,0.884762,0.004814,-0.425347,0.133875,10,416.08,1,33,42.49
AVGO,2026-08-11,2026-08-21,375.0,C,41.4,44.15,42.775,57.7397,0.874136,0.005202,-0.44393,0.142455,10,416.08,11,62,42.49
AVGO,2026-08-11,2026-08-21,377.5,C,38.55,41.95,40.25,56.9951,0.862025,0.005614,-0.464901,0.151776,10,416.08,8,221,42.49
AVGO,2026-08-11,2026-08-21,380.0,C,36.9,38.75,37.825,50.208,0.873961,0.005988,-0.391169,0.142593,10,416.08,46,4939,42.49
AVGO,2026-08-11,2026-08-21,382.5,C,34.65,37.1,35.875,52.625,0.846454,0.006534,-0.46134,0.163089,10,416.08,2,434,42.49
AVGO,2026-08-11,2026-08-21,385.0,C,32.95,34.6,33.775,49.9761,0.839455,0.007085,-0.451822,0.167942,10,416.08,3,694,42.49
AVGO,2026-08-11,2026-08-21,387.5,C,30.45,32.35,31.4,48.6089,0.82572,0.00768,-0.462164,0.177066,10,416.08,3,439,42.49
AVGO,2026-08-11,2026-08-21,390.0,C,28.7,30.35,29.525,48.3282,0.805649,0.008267,-0.48907,0.189496,10,416.08,58,3605,42.49
AVGO,2026-08-11,2026-08-21,392.5,C,26.25,28.8,27.525,49.8662,0.776516,0.008699,-0.543116,0.205759,10,416.08,1,320,42.49
AVGO,2026-08-11,2026-08-21,395.0,C,24.45,25.9,25.175,45.1177,0.772536,0.009712,-0.499048,0.207825,10,416.08,19,466,42.49
AVGO,2026-08-11,2026-08-21,397.5,C,22.7,23.95,23.325,44.4891,0.748908,0.010395,-0.51737,0.219359,10,416.08,11,39,42.49
AVGO,2026-08-11,2026-08-21,400.0,C,21.0,22.35,21.675,45.0506,0.718887,0.01087,-0.551521,0.232278,10,416.08,115,6590,42.49
AVGO,2026-08-11,2026-08-21,402.5,C,19.45,20.4,19.925,43.9337,0.693824,0.011596,-0.558268,0.241649,10,416.08,23,67,42.49
AVGO,2026-08-11,2026-08-21,405.0,C,17.6,18.7,18.15,43.5491,0.664455,0.012155,-0.573048,0.251063,10,416.08,10,645,42.49
AVGO,2026-08-11,2026-08-21,407.5,C,15.9,17.1,16.5,43.2745,0.63344,0.01263,-0.58613,0.259235,10,416.08,9,126,42.49
AVGO,2026-08-11,2026-08-21,410.0,C,14.45,15.55,15.0,42.9083,0.601474,0.013061,-0.594302,0.265815,10,416.08,245,7502,42.49
AVGO,2026-08-11,2026-08-21,415.0,C,11.75,12.7,12.225,42.2369,0.534564,0.013663,-0.599522,0.27372,10,416.08,650,588,42.49
AVGO,2026-08-11,2026-08-21,420.0,C,9.75,10.25,10.0,41.8341,0.465717,0.013796,-0.591369,0.273737,10,416.08,802,7668,42.49
AVGO,2026-08-11,2026-08-21,425.0,C,7.55,8.15,7.85,41.5167,0.397647,0.013491,-0.567578,0.265659,10,416.08,499,1488,42.49
AVGO,2026-08-11,2026-08-21,430.0,C,6.0,6.4,6.2,41.3397,0.332952,0.012765,-0.530903,0.250298,10,416.08,917,7444,42.49
AVGO,2026-08-11,2026-08-21,435.0,C,4.4,5.15,4.775,42.0111,0.277586,0.011586,-0.496243,0.230858,10,416.08,380,1211,42.49
AVGO,2026-08-11,2026-08-21,440.0,C,3.5,3.85,3.675,41.4312,0.221866,0.010427,-0.433554,0.204908,10,416.08,367,5040,42.49
AVGO,2026-08-11,2026-08-21,445.0,C,2.63,3.1,2.865,42.3712,0.181809,0.009049,-0.392708,0.181851,10,416.08,34,440,42.49
AVGO,2026-08-11,2026-08-21,450.0,C,1.96,2.2,2.08,41.5533,0.137815,0.007695,-0.32075,0.151655,10,416.08,1045,8996,42.49
AVGO,2026-08-11,2026-08-21,455.0,C,1.22,1.71,1.465,42.1759,0.109094,0.006435,-0.275959,0.128733,10,416.08,105,447,42.49
AVGO,2026-08-11,2026-08-21,460.0,C,1.08,1.21,1.145,41.8219,0.080719,0.005197,-0.218879,0.103081,10,416.08,660,8822,42.49
AVGO,2026-08-11,2026-08-21,470.0,C,0.57,0.7,0.635,42.8717,0.047726,0.003366,-0.148669,0.068436,10,416.08,275,5339,42.49
AVGO,2026-08-11,2026-08-21,480.0,C,0.16,0.5,0.33,45.6304,0.032823,0.002332,-0.116522,0.050478,10,416.08,147,4264,42.49
AVGO,2026-08-11,2026-08-21,490.0,C,0.13,0.36,0.245,48.145,0.022784,0.00163,-0.090563,0.03723,10,416.08,155,2264,42.49
AVGO,2026-08-11,2026-08-21,500.0,C,0.08,0.13,0.105,45.899,0.008968,0.000767,-0.038669,0.016687,10,416.08,1425,17803,42.49
AVGO,2026-08-11,2026-08-21,510.0,C,0.03,0.12,0.075,49.6099,0.007651,0.000617,-0.036322,0.014516,10,416.08,37,1517,42.49
AVGO,2026-08-11,2026-08-21,520.0,C,0.01,0.05,0.03,48.6333,0.003297,0.000297,-0.016817,0.00686,10,416.08,27,1214,42.49
AVGO,2026-08-11,2026-08-21,530.0,C,0.01,0.04,0.025,51.1724,0.002534,0.000223,-0.013949,0.005411,10,416.08,12,1533,42.49
AVGO,2026-08-11,2026-08-21,540.0,C,0.01,0.02,0.015,50.0005,0.00098,9.6e-05,-0.005732,0.002277,10,416.08,46,2826,42.49
AVGO,2026-08-11,2026-08-21,550.0,C,0.0,0.01,0.005,51.563,0.000653,6.4e-05,-0.004064,0.001566,10,416.08,28,141,42.49
AVGO,2026-08-11,2026-08-21,560.0,C,0.0,0.22,0.11,68.1644,0.005123,0.000315,-0.034893,0.010176,10,416.08,418,1687,42.49
AVGO,2026-08-11,2026-08-21,570.0,C,0.0,0.07,0.035,63.6722,0.001727,0.000127,-0.012235,0.003821,10,416.08,2,858,42.49
AVGO,2026-08-11,2026-08-21,580.0,C,0.0,0.04,0.02,63.6722,0.001003,7.7e-05,-0.007447,0.002326,10,416.08,10,562,42.49
AVGO,2026-08-11,2026-08-21,590.0,C,0.0,0.07,0.035,69.9222,0.001584,0.000107,-0.012415,0.003532,10,416.08,3,1556,42.49
AVGO,2026-08-11,2026-08-21,600.0,C,0.0,0.01,0.005,62.5004,0.000254,2.2e-05,-0.002047,0.000652,10,416.08,59,5752,42.49
AVGO,2026-08-11,2026-08-21,620.0,C,0.0,0.08,0.04,79.6877,0.001588,9.4e-05,-0.014172,0.00354,10,416.08,1,574,42.49
AVGO,2026-08-11,2026-08-21,630.0,C,0.0,0.78,0.39,105.9087,0.011514,0.000413,-0.110355,0.020752,10,416.08,2,204,42.49
AVGO,2026-08-11,2026-08-21,640.0,C,0.0,0.01,0.005,71.8753,0.000192,1.5e-05,-0.001811,0.000502,10,416.08,2,261,42.49
AVGO,2026-08-11,2026-08-21,650.0,C,0.0,0.1,0.05,89.8439,0.001758,9.1e-05,-0.017521,0.003884,10,416.08,6,1151,42.49
AVGO,2026-08-11,2026-08-21,660.0,C,0.0,0.06,0.03,88.2814,0.001045,5.8e-05,-0.010696,0.002413,10,416.08,3,190,42.49
AVGO,2026-08-11,2026-08-21,670.0,C,0.0,0.1,0.05,95.3125,0.001671,8.2e-05,-0.017741,0.003708,10,416.08,4,83,42.49
AVGO,2026-08-11,2026-08-21,680.0,C,0.0,0.26,0.13,107.4223,0.003815,0.000153,-0.042161,0.007821,10,416.08,2,50,42.49
AVGO,2026-08-11,2026-08-21,690.0,C,0.0,0.94,0.47,128.1742,0.011505,0.000341,-0.133362,0.020738,10,416.08,72,155,42.49
AVGO,2026-08-11,2026-08-21,700.0,C,0.0,0.01,0.005,85.9376,0.000173,1.1e-05,-0.001961,0.000455,10,416.08,33,350,42.49
AVGO,2026-08-11,2026-08-21,710.0,C,0.0,0.9,0.45,133.4964,0.01063,0.000306,-0.129647,0.01936,10,416.08,2,157,42.49
AVGO,2026-08-11,2026-08-21,720.0,C,0.0,0.02,0.01,95.3125,0.000349,1.9e-05,-0.00419,0.000876,10,416.08,11,99,42.49
AVGO,2026-08-11,2026-08-21,730.0,C,0.0,0.02,0.01,96.875,0.000314,1.7e-05,-0.003861,0.000794,10,416.08,52,1395,42.49
AVGO,2026-08-11,2026-08-21,740.0,C,0.0,0.01,0.005,93.7501,0.000144,9e-06,-0.001802,0.000383,10,416.08,1,1825,42.49
AVGO,2026-08-11,2026-08-21,150.0,P,0.0,0.01,0.005,168.7502,-7.4e-05,3e-06,-0.001719,0.000204,10,416.08,1,820,42.49
AVGO,2026-08-11,2026-08-21,155.0,P,0.0,0.02,0.01,171.8751,-0.000149,5e-06,-0.003402,0.000397,10,416.08,1,503,42.49
AVGO,2026-08-11,2026-08-21,160.0,P,0.0,0.05,0.025,179.6876,-0.000382,1.1e-05,-0.008552,0.000954,10,416.08,51,225,42.49
AVGO,2026-08-11,2026-08-21,165.0,P,0.0,0.05,0.025,175.0001,-0.000417,1.2e-05,-0.009025,0.001034,10,416.08,1,274,42.49
AVGO,2026-08-11,2026-08-21,170.0,P,0.0,0.05,0.025,168.7502,-0.000407,1.3e-05,-0.008519,0.001012,10,416.08,3,243,42.49
AVGO,2026-08-11,2026-08-21,175.0,P,0.0,0.95,0.475,224.5122,-0.005882,0.000108,-0.128864,0.011505,10,416.08,3,217,42.49
AVGO,2026-08-11,2026-08-21,180.0,P,0.0,0.05,0.025,159.3752,-0.000463,1.5e-05,-0.009061,0.00114,10,416.08,4,341,42.49
AVGO,2026-08-11,2026-08-21,185.0,P,0.0,0.02,0.01,143.7503,-0.000208,8e-06,-0.003882,0.000541,10,416.08,1,305,42.49
AVGO,2026-08-11,2026-08-21,190.0,P,0.0,0.91,0.455,203.5161,-0.006238,0.000126,-0.123038,0.01212,10,416.08,10,472,42.49
AVGO,2026-08-11,2026-08-21,195.0,P,0.0,0.03,0.015,139.0628,-0.000322,1.2e-05,-0.005648,0.000814,10,416.08,2,241,42.49
AVGO,2026-08-11,2026-08-21,200.0,P,0.0,0.02,0.01,129.6879,-0.000212,9e-06,-0.003563,0.000551,10,416.08,7,451,42.49
AVGO,2026-08-11,2026-08-21,210.0,P,0.0,0.05,0.025,131.2503,-0.000556,2.2e-05,-0.00883,0.001349,10,416.08,1,2491,42.49
AVGO,2026-08-11,2026-08-21,220.0,P,0.0,0.28,0.14,145.3128,-0.002769,8.5e-05,-0.042465,0.005862,10,416.08,15,3218,42.49
AVGO,2026-08-11,2026-08-21,230.0,P,0.0,0.03,0.015,109.3755,-0.000375,1.8e-05,-0.00511,0.000938,10,416.08,23,5234,42.49
AVGO,2026-08-11,2026-08-21,240.0,P,0.0,0.03,0.015,102.3442,-0.000421,2.1e-05,-0.005317,0.001043,10,416.08,1,3341,42.49
AVGO,2026-08-11,2026-08-21,250.0,P,0.0,0.04,0.02,97.6563,-0.0006,3.1e-05,-0.007052,0.00145,10,416.08,10,1914,42.49
AVGO,2026-08-11,2026-08-21,260.0,P,0.0,0.03,0.015,88.2814,-0.000487,2.9e-05,-0.005253,0.001195,10,416.08,1,4415,42.49
AVGO,2026-08-11,2026-08-21,270.0,P,0.01,0.04,0.025,85.1564,-0.000828,4.8e-05,-0.008265,0.00195,10,416.08,5,2513,42.49
AVGO,2026-08-11,2026-08-21,280.0,P,0.01,0.06,0.035,81.2502,-0.001264,7.5e-05,-0.011618,0.002874,10,416.08,6,3289,42.49
AVGO,2026-08-11,2026-08-21,290.0,P,0.01,0.04,0.025,72.2659,-0.001013,6.8e-05,-0.008436,0.002347,10,416.08,19,3715,42.49
AVGO,2026-08-11,2026-08-21,300.0,P,0.03,0.04,0.035,67.9691,-0.001476,0.000103,-0.011187,0.003311,10,416.08,85,7130,42.49
AVGO,2026-08-11,2026-08-21,305.0,P,0.01,0.14,0.075,70.3128,-0.003115,0.000195,-0.022776,0.006518,10,416.08,11,147,42.49
AVGO,2026-08-11,2026-08-21,310.0,P,0.04,0.06,0.05,64.0629,-0.002269,0.000161,-0.015582,0.004896,10,416.08,112,6375,42.49
AVGO,2026-08-11,2026-08-21,315.0,P,0.04,0.13,0.085,64.4535,-0.003775,0.000253,-0.024796,0.007746,10,416.08,5,202,42.49
AVGO,2026-08-11,2026-08-21,320.0,P,0.06,0.1,0.08,60.7426,-0.003772,0.000269,-0.023344,0.007741,10,416.08,66,6717,42.49
AVGO,2026-08-11,2026-08-21,325.0,P,0.05,0.12,0.085,58.0082,-0.004248,0.000313,-0.024788,0.00861,10,416.08,49,252,42.49
AVGO,2026-08-11,2026-08-21,330.0,P,0.09,0.13,0.11,56.4457,-0.005566,0.000409,-0.030677,0.010956,10,416.08,199,5453,42.49
AVGO,2026-08-11,2026-08-21,335.0,P,0.05,0.26,0.155,55.6645,-0.007985,0.000571,-0.041595,0.015071,10,416.08,19,295,42.49
AVGO,2026-08-11,2026-08-21,340.0,P,0.12,0.21,0.165,52.7348,-0.008924,0.000664,-0.04342,0.016616,10,416.08,58,10396,42.49
AVGO,2026-08-11,2026-08-21,345.0,P,0.09,0.26,0.175,52.7348,-0.01385,0.000974,-0.063597,0.02435,10,416.08,4,447,42.49
AVGO,2026-08-11,2026-08-21,347.5,P,0.12,0.34,0.23,50.0493,-0.012943,0.000967,-0.056907,0.022967,10,416.08,5,299,42.49
AVGO,2026-08-11,2026-08-21,350.0,P,0.21,0.4,0.305,50.4888,-0.016857,0.001204,-0.072031,0.028826,10,416.08,161,6407,42.49
AVGO,2026-08-11,2026-08-21,352.5,P,0.13,0.47,0.3,52.4175,-0.024624,0.001599,-0.103077,0.039742,10,416.08,13,208,42.49
AVGO,2026-08-11,2026-08-21,355.0,P,0.17,0.53,0.35,51.6606,-0.02798,0.001805,-0.113,0.044223,10,416.08,51,267,42.49
AVGO,2026-08-11,2026-08-21,357.5,P,0.21,0.59,0.4,50.7817,-0.03148,0.002025,-0.122441,0.048767,10,416.08,2,189,42.49
AVGO,2026-08-11,2026-08-21,360.0,P,0.4,0.52,0.46,47.7056,-0.029657,0.002051,-0.109413,0.046415,10,416.08,161,4901,42.49
AVGO,2026-08-11,2026-08-21,362.5,P,0.33,0.73,0.53,48.9995,-0.039814,0.002544,-0.143102,0.059124,10,416.08,2,182,42.49
AVGO,2026-08-11,2026-08-21,365.0,P,0.42,0.67,0.545,46.1919,-0.038807,0.002643,-0.132031,0.057903,10,416.08,22,1111,42.49
AVGO,2026-08-11,2026-08-21,367.5,P,0.62,0.84,0.73,46.4117,-0.047672,0.003106,-0.156574,0.068374,10,416.08,4,196,42.49
AVGO,2026-08-11,2026-08-21,370.0,P,0.68,0.87,0.775,44.7515,-0.050982,0.003399,-0.159179,0.072139,10,416.08,133,4021,42.49
AVGO,2026-08-11,2026-08-21,372.5,P,0.8,1.01,0.905,44.2144,-0.059101,0.003866,-0.176641,0.081075,10,416.08,19,266,42.49
AVGO,2026-08-11,2026-08-21,375.0,P,1.0,1.37,1.185,45.4839,-0.076075,0.004568,-0.22078,0.098552,10,416.08,46,1577,42.49
AVGO,2026-08-11,2026-08-21,377.5,P,1.25,1.43,1.34,43.7872,-0.081821,0.005014,-0.224404,0.104141,10,416.08,14,496,42.49
AVGO,2026-08-11,2026-08-21,380.0,P,1.42,1.64,1.53,43.2013,-0.093662,0.005622,-0.244702,0.115192,10,416.08,469,5064,42.49
AVGO,2026-08-11,2026-08-21,382.5,P,1.65,1.93,1.79,42.9693,-0.108775,0.006303,-0.271209,0.128462,10,416.08,12,196,42.49
AVGO,2026-08-11,2026-08-21,385.0,P,2.0,2.24,2.12,42.6031,-0.124933,0.007013,-0.296378,0.141718,10,416.08,892,893,42.49
AVGO,2026-08-11,2026-08-21,387.5,P,2.29,2.6,2.445,42.2857,-0.143142,0.007759,-0.322695,0.155611,10,416.08,76,1209,42.49
AVGO,2026-08-11,2026-08-21,390.0,P,2.8,2.96,2.88,41.712,-0.161852,0.008534,-0.344976,0.168832,10,416.08,295,1701,42.49
AVGO,2026-08-11,2026-08-21,392.5,P,3.2,3.45,3.325,41.5594,-0.184764,0.009319,-0.373539,0.183689,10,416.08,23,115,42.49
AVGO,2026-08-11,2026-08-21,395.0,P,3.45,4.0,3.725,41.4068,-0.209611,0.010095,-0.401213,0.198268,10,416.08,565,275,42.49
AVGO,2026-08-11,2026-08-21,397.5,P,4.15,4.8,4.475,42.0538,-0.240166,0.010738,-0.439707,0.214179,10,416.08,60,137,42.49
AVGO,2026-08-11,2026-08-21,400.0,P,4.85,5.4,5.125,41.5167,-0.266718,0.011493,-0.457969,0.226319,10,416.08,701,5581,42.49
AVGO,2026-08-11,2026-08-21,402.5,P,5.3,6.2,5.75,41.5167,-0.297328,0.012111,-0.481841,0.238484,10,416.08,151,55,42.49
AVGO,2026-08-11,2026-08-21,405.0,P,6.35,6.7,6.525,40.0824,-0.324412,0.013028,-0.481985,0.247689,10,416.08,395,218,42.49
AVGO,2026-08-11,2026-08-21,407.5,P,7.1,8.0,7.55,41.3763,-0.361891,0.013152,-0.517865,0.258119,10,416.08,143,115,42.49
AVGO,2026-08-11,2026-08-21,410.0,P,8.1,8.85,8.475,40.6988,-0.394593,0.013733,-0.521862,0.265105,10,416.08,532,3289,42.49
AVGO,2026-08-11,2026-08-21,415.0,P,10.25,11.2,10.725,40.7782,-0.465179,0.014151,-0.537212,0.273705,10,416.08,445,376,42.49
AVGO,2026-08-11,2026-08-21,420.0,P,12.95,13.85,13.4,40.7232,-0.535957,0.014167,-0.533041,0.273635,10,416.08,2591,3054,42.49
AVGO,2026-08-11,2026-08-21,425.0,P,15.8,17.0,16.4,41.2726,-0.603101,0.013564,-0.520646,0.265525,10,416.08,411,1021,42.49
AVGO,2026-08-11,2026-08-21,430.0,P,18.8,20.9,19.85,43.5308,-0.657815,0.012252,-0.520564,0.252963,10,416.08,194,2023,42.49
AVGO,2026-08-11,2026-08-21,435.0,P,22.7,24.35,23.525,43.1585,-0.716497,0.011393,-0.470415,0.233226,10,416.08,4,150,42.49
AVGO,2026-08-11,2026-08-21,440.0,P,25.8,28.35,27.075,44.0435,-0.763092,0.010176,-0.432887,0.212584,10,416.08,3,603,42.49
AVGO,2026-08-11,2026-08-21,445.0,P,29.8,32.45,31.125,44.5318,-0.80536,0.00898,-0.384833,0.189668,10,416.08,30,18,42.49
AVGO,2026-08-11,2026-08-21,450.0,P,34.0,36.8,35.4,45.4595,-0.838993,0.007803,-0.343089,0.168257,10,416.08,12,329,42.49
AVGO,2026-08-11,2026-08-21,455.0,P,38.65,41.7,40.175,48.9324,-0.853353,0.006815,-0.346507,0.158166,10,416.08,17,35,42.49
AVGO,2026-08-11,2026-08-21,460.0,P,43.2,46.4,44.8,50.9771,-0.871808,0.005967,-0.326025,0.144283,10,416.08,2,278,42.49
AVGO,2026-08-11,2026-08-21,470.0,P,52.7,55.45,54.075,51.1724,-0.916857,0.004343,-0.225115,0.105406,10,416.08,6,336,42.49
AVGO,2026-08-11,2026-08-21,480.0,P,62.45,65.6,64.025,58.8871,-0.920279,0.003656,-0.254911,0.102116,10,416.08,6,123,42.49
AVGO,2026-08-11,2026-08-21,490.0,P,72.45,75.7,74.075,65.9793,-0.92413,0.003143,-0.277505,0.09835,10,416.08,2,35,42.49
AVGO,2026-08-11,2026-08-21,500.0,P,82.45,85.2,83.825,66.8949,-0.944616,0.002428,-0.208867,0.077035,10,416.08,2,18,42.49
AVGO,2026-08-11,2026-08-21,510.0,P,92.45,95.7,94.075,51.27,-0.990459,0.000724,0.006507,0.017618,10,416.08,10,0,42.49
AVGO,2026-08-11,2026-08-21,520.0,P,102.6,105.75,104.175,59.2778,-0.986545,0.000845,-0.01786,0.02375,10,416.08,2,0,42.49
AVGO,2026-08-11,2026-08-21,530.0,P,112.45,115.7,114.075,59.4731,-0.991774,0.000548,0.007765,0.01547,10,416.08,15,0,42.49
AVGO,2026-08-11,2026-08-21,540.0,P,145.7,149.3,147.5,208.9665,-0.718301,0.002346,-2.384036,0.232512,10,416.08,10,0,42.49
AVGO,2026-08-11,2026-08-21,560.0,P,142.45,145.7,144.075,70.9964,-0.993061,0.000395,0.009611,0.013317,10,416.08,1,0,42.49
AVGO,2026-08-11,2026-08-21,570.0,P,175.55,179.3,177.425,229.6879,-0.73733,0.002061,-2.52983,0.224566,10,416.08,1,0,42.49
AVGO,2026-08-11,2026-08-21,580.0,P,162.45,165.3,163.875,107.6421,-0.961587,0.001125,-0.251375,0.057424,10,416.08,7,0,42.49
AVGO,2026-08-11,2026-08-21,600.0,P,203.6,207.65,205.625,241.0893,-0.762761,0.00186,-2.511419,0.212747,10,416.08,25,0,42.49
AVGO,2026-08-11,2026-08-21,620.0,P,223.75,227.65,225.7,253.1437,-0.77033,0.00174,-2.589283,0.208955,10,416.08,14,0,42.49
AVGO,2026-08-11,2026-08-21,630.0,P,212.55,215.3,213.925,71.8753,-0.999686,2.3e-05,0.061443,0.000796,10,416.08,1,0,42.49
AVGO,2026-08-11,2026-08-21,640.0,P,243.6,247.65,245.625,263.9286,-0.77783,0.001638,-2.648327,0.205068,10,416.08,2,0,42.49
AVGO,2026-08-11,2026-08-21,650.0,P,232.55,235.3,233.925,76.5627,-0.999718,2e-05,0.063595,0.000718,10,416.08,1,0,42.49
AVGO,2026-08-11,2026-08-21,690.0,P,293.75,297.65,295.7,289.783,-0.791772,0.001437,-2.798024,0.197496,10,416.08,6,0,42.49
AVGO,2026-08-11,2026-08-28,215.0,C,199.8,203.1,201.45,132.1292,0.993131,0.000162,-0.088485,0.017208,17,416.08,0,6,42.49
AVGO,2026-08-11,2026-08-28,220.0,C,194.8,197.95,196.375,124.2191,0.994092,0.00015,-0.07719,0.01506,17,416.08,2,6,42.49
AVGO,2026-08-11,2026-08-28,225.0,C,189.8,193.15,191.475,124.9515,0.992263,0.00019,-0.092833,0.019113,17,416.08,8,9,42.49
AVGO,2026-08-11,2026-08-28,230.0,C,184.95,188.1,186.525,122.9496,0.991185,0.000216,-0.100553,0.021432,17,416.08,0,4,42.49
AVGO,2026-08-11,2026-08-28,235.0,C,179.85,183.15,181.5,117.9203,0.991319,0.000222,-0.096913,0.021147,17,416.08,0,4,42.49
AVGO,2026-08-11,2026-08-28,240.0,C,174.95,178.0,176.475,113.0375,0.991452,0.000229,-0.093447,0.020862,17,416.08,0,4,42.49
AVGO,2026-08-11,2026-08-28,245.0,C,169.85,173.2,171.525,111.0356,0.990286,0.000261,-0.100745,0.023333,17,416.08,0,8,42.49
AVGO,2026-08-11,2026-08-28,250.0,C,164.9,168.2,166.55,108.1059,0.989488,0.000287,-0.104499,0.024997,17,416.08,0,2,42.49
AVGO,2026-08-11,2026-08-28,255.0,C,159.9,163.2,161.55,104.3462,0.989119,0.000306,-0.104568,0.025759,17,416.08,5,86,42.49
AVGO,2026-08-11,2026-08-28,260.0,C,155.4,158.1,156.75,106.2505,0.985101,0.000395,-0.131486,0.033808,17,416.08,1,6,42.49
AVGO,2026-08-11,2026-08-28,265.0,C,150.05,153.3,151.675,100.5864,0.985911,0.000397,-0.121706,0.03222,17,416.08,0,8,42.49
AVGO,2026-08-11,2026-08-28,270.0,C,144.9,148.3,146.6,94.9219,0.986857,0.000396,-0.111662,0.030346,17,416.08,1,1,42.49
AVGO,2026-08-11,2026-08-28,280.0,C,134.95,138.35,136.65,89.1114,0.984798,0.000479,-0.11803,0.0344,17,416.08,0,4,42.49
AVGO,2026-08-11,2026-08-28,290.0,C,125.0,128.4,126.7,83.3009,0.982467,0.000579,-0.124016,0.038869,17,416.08,2,4,42.49
AVGO,2026-08-11,2026-08-28,295.0,C,120.45,123.25,121.85,82.8371,0.978452,0.000693,-0.141943,0.04631,17,416.08,1,1,42.49
AVGO,2026-08-11,2026-08-28,300.0,C,115.05,118.25,116.65,75.4397,0.982186,0.000648,-0.117221,0.0394,17,416.08,7,10,42.49
AVGO,2026-08-11,2026-08-28,320.0,C,95.4,98.4,96.9,66.6019,0.971973,0.001075,-0.14449,0.05774,17,416.08,1,3,42.49
AVGO,2026-08-11,2026-08-28,325.0,C,90.5,93.45,91.975,64.3558,0.968609,0.001222,-0.151815,0.063435,17,416.08,36,5,42.49
AVGO,2026-08-11,2026-08-28,330.0,C,85.85,88.7,87.275,64.6488,0.959377,0.001503,-0.180825,0.078357,17,416.08,36,18,42.49
AVGO,2026-08-11,2026-08-28,335.0,C,80.4,83.6,82.0,58.0326,0.964628,0.001496,-0.152054,0.06999,17,416.08,2,2,42.49
AVGO,2026-08-11,2026-08-28,340.0,C,75.55,78.9,77.225,57.2758,0.95632,0.001799,-0.172711,0.083096,17,416.08,3,4,42.49
AVGO,2026-08-11,2026-08-28,345.0,C,70.7,73.8,72.25,54.1631,0.953125,0.002014,-0.173212,0.087953,17,416.08,1,14,42.49
AVGO,2026-08-11,2026-08-28,350.0,C,66.15,69.15,67.65,54.3462,0.939189,0.002467,-0.205765,0.108096,17,416.08,6,11,42.49
AVGO,2026-08-11,2026-08-28,355.0,C,60.95,64.2,62.575,50.2446,0.937528,0.002725,-0.19657,0.110396,17,416.08,1,13,42.49
AVGO,2026-08-11,2026-08-28,360.0,C,56.6,59.5,58.05,50.208,0.920184,0.003292,-0.229949,0.133264,17,416.08,6,771,42.49
AVGO,2026-08-11,2026-08-28,365.0,C,51.65,54.75,53.2,56.1406,0.876155,0.004057,-0.334879,0.183651,17,416.08,2,211,42.49
AVGO,2026-08-11,2026-08-28,370.0,C,47.65,49.55,48.6,51.093,0.871888,0.004564,-0.314559,0.188041,17,416.08,3,517,42.49
AVGO,2026-08-11,2026-08-28,375.0,C,43.05,45.75,44.4,52.4053,0.839167,0.005188,-0.368886,0.219225,17,416.08,5,267,42.49
AVGO,2026-08-11,2026-08-28,380.0,C,38.9,40.85,39.875,48.4868,0.8253,0.005914,-0.360635,0.231218,17,416.08,2,561,42.49
AVGO,2026-08-11,2026-08-28,385.0,C,34.75,37.25,36.0,49.3352,0.787769,0.006546,-0.407526,0.2604,17,416.08,2,432,42.49
AVGO,2026-08-11,2026-08-28,390.0,C,31.25,33.0,32.125,47.2112,0.759068,0.007349,-0.417331,0.27974,17,416.08,36,593,42.49
AVGO,2026-08-11,2026-08-28,395.0,C,27.4,29.2,28.3,46.1492,0.722159,0.008093,-0.436458,0.301137,17,416.08,2,113,42.49
AVGO,2026-08-11,2026-08-28,400.0,C,23.95,25.55,24.75,45.0018,0.681631,0.008831,-0.450485,0.32043,17,416.08,28,279,42.49
AVGO,2026-08-11,2026-08-28,405.0,C,21.1,22.45,21.775,44.8736,0.634977,0.009328,-0.470181,0.337528,17,416.08,3,111,42.49
AVGO,2026-08-11,2026-08-28,410.0,C,17.9,19.5,18.7,44.5074,0.586817,0.009745,-0.480758,0.349716,17,416.08,27,1032,42.49
AVGO,2026-08-11,2026-08-28,415.0,C,15.5,16.75,16.125,44.0313,0.537106,0.010046,-0.483053,0.356682,17,416.08,84,740,42.49
AVGO,2026-08-11,2026-08-28,420.0,C,12.85,14.25,13.55,43.5797,0.486356,0.010189,-0.478134,0.358023,17,416.08,98,547,42.49
AVGO,2026-08-11,2026-08-28,425.0,C,10.85,11.9,11.375,42.8656,0.434764,0.010226,-0.462876,0.353432,17,416.08,55,481,42.49
AVGO,2026-08-11,2026-08-28,430.0,C,9.05,10.45,9.75,44.0008,0.389443,0.009707,-0.461195,0.344387,17,416.08,128,841,42.49
AVGO,2026-08-11,2026-08-28,435.0,C,7.85,8.8,8.325,43.9764,0.343551,0.009315,-0.440971,0.33032,17,416.08,72,686,42.49
AVGO,2026-08-11,2026-08-28,440.0,C,6.5,7.4,6.95,44.0801,0.30092,0.008796,-0.417395,0.312645,17,416.08,285,1863,42.49
AVGO,2026-08-11,2026-08-28,445.0,C,4.85,6.1,5.475,43.9031,0.25995,0.008227,-0.386514,0.291237,17,416.08,19,592,42.49
AVGO,2026-08-11,2026-08-28,450.0,C,4.05,5.05,4.55,43.9581,0.223521,0.00757,-0.355891,0.268302,17,416.08,173,1667,42.49
AVGO,2026-08-11,2026-08-28,455.0,C,3.2,4.15,3.675,44.0008,0.190545,0.00688,-0.323601,0.244103,17,416.08,49,371,42.49
AVGO,2026-08-11,2026-08-28,460.0,C,2.71,3.1,2.905,42.7557,0.153257,0.00616,-0.273284,0.212377,17,416.08,170,872,42.49
AVGO,2026-08-11,2026-08-28,465.0,C,2.12,2.55,2.335,43.0792,0.129138,0.005444,-0.244823,0.189085,17,416.08,18,319,42.49
AVGO,2026-08-11,2026-08-28,470.0,C,1.72,2.06,1.89,43.2257,0.107307,0.004759,-0.215236,0.165864,17,416.08,126,763,42.49
AVGO,2026-08-11,2026-08-28,475.0,C,1.38,1.62,1.5,43.128,0.087281,0.004098,-0.184347,0.142525,17,416.08,9,463,42.49
AVGO,2026-08-11,2026-08-28,480.0,C,0.96,1.4,1.18,44.0557,0.075323,0.00359,-0.168316,0.127528,17,416.08,15,628,42.49
AVGO,2026-08-11,2026-08-28,485.0,C,0.79,1.08,0.935,43.8482,0.060091,0.003029,-0.140568,0.107094,17,416.08,4,372,42.49
AVGO,2026-08-11,2026-08-28,490.0,C,0.48,0.95,0.715,44.898,0.052478,0.002659,-0.129237,0.096245,17,416.08,5,276,42.49
AVGO,2026-08-11,2026-08-28,495.0,C,0.47,0.98,0.725,47.3516,0.051396,0.002479,-0.133933,0.094664,17,416.08,19,102,42.49
AVGO,2026-08-11,2026-08-28,500.0,C,0.22,0.53,0.375,44.1656,0.031321,0.001778,-0.083533,0.063318,17,416.08,183,1089,42.49
AVGO,2026-08-11,2026-08-28,505.0,C,0.3,0.64,0.47,47.6324,0.034699,0.001794,-0.097937,0.068896,17,416.08,39,165,42.49
AVGO,2026-08-11,2026-08-28,510.0,C,0.16,0.6,0.38,49.0239,0.031839,0.001624,-0.093843,0.064182,17,416.08,4,165,42.49
AVGO,2026-08-11,2026-08-28,515.0,C,0.14,0.4,0.27,47.6812,0.022513,0.00125,-0.068315,0.048056,17,416.08,2,101,42.49
AVGO,2026-08-11,2026-08-28,520.0,C,0.01,0.47,0.24,50.7329,0.024667,0.001269,-0.078441,0.051894,17,416.08,4,110,42.49
AVGO,2026-08-11,2026-08-28,525.0,C,0.08,0.23,0.155,47.2662,0.013503,0.000815,-0.043735,0.031061,17,416.08,2,42,42.49
AVGO,2026-08-11,2026-08-28,530.0,C,0.05,0.27,0.16,50.0005,0.014905,0.000839,-0.050348,0.033821,17,416.08,7,61,42.49
AVGO,2026-08-11,2026-08-28,535.0,C,0.06,0.27,0.165,51.6606,0.0145,0.000793,-0.050779,0.033029,17,416.08,5,100,42.49
AVGO,2026-08-11,2026-08-28,540.0,C,0.04,0.29,0.165,53.7602,0.014855,0.000778,-0.053929,0.033723,17,416.08,5,33,42.49
AVGO,2026-08-11,2026-08-28,545.0,C,0.03,0.34,0.185,52.1489,0.009995,0.000569,-0.037101,0.023922,17,416.08,5,36,42.49
AVGO,2026-08-11,2026-08-28,550.0,C,0.01,0.14,0.075,51.856,0.007719,0.000456,-0.029408,0.019074,17,416.08,4,51,42.49
AVGO,2026-08-11,2026-08-28,555.0,C,0.02,0.16,0.09,50.6841,0.005186,0.000328,-0.020207,0.013412,17,416.08,7,29,42.49
AVGO,2026-08-11,2026-08-28,560.0,C,0.02,0.22,0.12,53.8091,0.006477,0.000377,-0.026122,0.016338,17,416.08,5,141,42.49
AVGO,2026-08-11,2026-08-28,210.0,P,0.0,1.7,0.85,154.0041,-0.012916,0.000241,-0.134777,0.029892,17,416.08,1,530,42.49
AVGO,2026-08-11,2026-08-28,215.0,P,0.0,0.1,0.05,105.4692,-0.001255,4.4e-05,-0.011493,0.003723,17,416.08,23,17,42.49
AVGO,2026-08-11,2026-08-28,220.0,P,0.0,0.83,0.415,129.9808,-0.0078,0.000184,-0.073221,0.019249,17,416.08,2,30,42.49
AVGO,2026-08-11,2026-08-28,225.0,P,0.0,0.81,0.405,125.391,-0.007899,0.000193,-0.071416,0.019464,17,416.08,1,61,42.49
AVGO,2026-08-11,2026-08-28,230.0,P,0.0,0.05,0.025,89.8439,-0.00078,3.3e-05,-0.006324,0.002407,17,416.08,14,34,42.49
AVGO,2026-08-11,2026-08-28,235.0,P,0.0,0.76,0.38,116.309,-0.008011,0.00021,-0.067045,0.019707,17,416.08,298,40,42.49
AVGO,2026-08-11,2026-08-28,240.0,P,0.0,0.59,0.295,108.6919,-0.006748,0.000193,-0.053846,0.016941,17,416.08,1,93,42.49
AVGO,2026-08-11,2026-08-28,245.0,P,0.0,0.7,0.35,107.4223,-0.008022,0.000228,-0.061969,0.019731,17,416.08,13,17,42.49
AVGO,2026-08-11,2026-08-28,250.0,P,0.0,0.4,0.2,96.4844,-0.00525,0.000174,-0.038243,0.01356,17,416.08,27,49,42.49
AVGO,2026-08-11,2026-08-28,255.0,P,0.0,0.55,0.275,96.9239,-0.007072,0.000226,-0.050012,0.017657,17,416.08,4,32,42.49
AVGO,2026-08-11,2026-08-28,260.0,P,0.0,0.33,0.165,87.5978,-0.004786,0.000177,-0.031959,0.012489,17,416.08,5,32,42.49
AVGO,2026-08-11,2026-08-28,265.0,P,0.0,0.22,0.11,80.4689,-0.003523,0.000146,-0.022309,0.009493,17,416.08,6,14,42.49
AVGO,2026-08-11,2026-08-28,270.0,P,0.03,0.07,0.05,71.094,-0.001827,9.1e-05,-0.010883,0.005243,17,416.08,11,40,42.49
AVGO,2026-08-11,2026-08-28,275.0,P,0.03,0.07,0.05,68.3597,-0.001911,9.9e-05,-0.010898,0.005463,17,416.08,4,40,42.49
AVGO,2026-08-11,2026-08-28,280.0,P,0.03,0.13,0.08,68.9456,-0.002997,0.000148,-0.016513,0.008209,17,416.08,10,1104,42.49
AVGO,2026-08-11,2026-08-28,285.0,P,0.01,0.32,0.165,71.9729,-0.005786,0.000255,-0.031037,0.014784,17,416.08,3,18,42.49
AVGO,2026-08-11,2026-08-28,290.0,P,0.03,0.15,0.09,64.2582,-0.003626,0.000188,-0.018253,0.009743,17,416.08,5,104,42.49
AVGO,2026-08-11,2026-08-28,295.0,P,0.03,0.18,0.105,62.5004,-0.00427,0.000224,-0.020543,0.011279,17,416.08,3,120,42.49
AVGO,2026-08-11,2026-08-28,300.0,P,0.06,0.1,0.08,58.0082,-0.00358,0.000206,-0.016275,0.009632,17,416.08,18,194,42.49
AVGO,2026-08-11,2026-08-28,305.0,P,0.06,0.18,0.12,58.0082,-0.005275,0.000291,-0.023002,0.013619,17,416.08,15,114,42.49
AVGO,2026-08-11,2026-08-28,310.0,P,0.06,0.24,0.15,56.8364,-0.006665,0.000366,-0.027715,0.016756,17,416.08,24,809,42.49
AVGO,2026-08-11,2026-08-28,315.0,P,0.09,0.21,0.15,54.0044,-0.006926,0.000398,-0.027229,0.017335,17,416.08,5,181,42.49
AVGO,2026-08-11,2026-08-28,320.0,P,0.13,0.22,0.175,52.3442,-0.008286,0.000481,-0.030886,0.020299,17,416.08,12,1236,42.49
AVGO,2026-08-11,2026-08-28,325.0,P,0.13,0.28,0.205,50.6841,-0.009925,0.000582,-0.035004,0.023776,17,416.08,14,200,42.49
AVGO,2026-08-11,2026-08-28,330.0,P,0.16,0.33,0.245,51.4165,-0.015387,0.000838,-0.051883,0.034759,17,416.08,83,1044,42.49
AVGO,2026-08-11,2026-08-28,335.0,P,0.31,0.5,0.405,50.0982,-0.019,0.00103,-0.060492,0.041625,17,416.08,37,181,42.49
AVGO,2026-08-11,2026-08-28,340.0,P,0.38,0.55,0.465,49.7075,-0.025457,0.001329,-0.076773,0.053284,17,416.08,488,1098,42.49
AVGO,2026-08-11,2026-08-28,345.0,P,0.53,0.86,0.695,50.8062,-0.037604,0.001796,-0.108285,0.073584,17,416.08,265,285,42.49
AVGO,2026-08-11,2026-08-28,350.0,P,0.6,0.89,0.745,47.9497,-0.040949,0.00204,-0.109408,0.078867,17,416.08,86,704,42.49
AVGO,2026-08-11,2026-08-28,355.0,P,0.72,1.04,0.88,46.2408,-0.04864,0.00243,-0.121053,0.090595,17,416.08,9,302,42.49
AVGO,2026-08-11,2026-08-28,360.0,P,0.96,1.3,1.13,45.2398,-0.060638,0.002957,-0.140821,0.107857,17,416.08,58,1632,42.49
AVGO,2026-08-11,2026-08-28,365.0,P,1.43,1.69,1.56,44.7149,-0.077288,0.003607,-0.167602,0.130052,17,416.08,22,492,42.49
AVGO,2026-08-11,2026-08-28,370.0,P,1.86,2.17,2.015,44.1534,-0.097203,0.004335,-0.196119,0.154351,17,416.08,77,358,42.49
AVGO,2026-08-11,2026-08-28,375.0,P,2.26,2.79,2.525,43.7445,-0.121663,0.005142,-0.227935,0.181376,17,416.08,75,225,42.49
AVGO,2026-08-11,2026-08-28,380.0,P,2.97,3.5,3.235,43.1158,-0.149167,0.006,-0.257854,0.20859,17,416.08,141,1064,42.49
AVGO,2026-08-11,2026-08-28,385.0,P,3.55,4.7,4.125,43.836,-0.187731,0.006843,-0.303435,0.241877,17,416.08,175,208,42.49
AVGO,2026-08-11,2026-08-28,390.0,P,5.0,5.7,5.35,42.9998,-0.222835,0.007725,-0.328723,0.267832,17,416.08,174,539,42.49
AVGO,2026-08-11,2026-08-28,395.0,P,5.75,7.15,6.45,43.0487,-0.266059,0.00849,-0.361166,0.294715,17,416.08,49,125,42.49
AVGO,2026-08-11,2026-08-28,400.0,P,7.7,8.4,8.05,41.7853,-0.308041,0.009376,-0.374361,0.315916,17,416.08,131,399,42.49
AVGO,2026-08-11,2026-08-28,405.0,P,9.5,10.55,10.025,42.536,-0.359856,0.009793,-0.403916,0.335895,17,416.08,9,106,42.49
AVGO,2026-08-11,2026-08-28,410.0,P,11.05,12.5,11.775,41.9623,-0.410207,0.010318,-0.412235,0.34912,17,416.08,16,199,42.49
AVGO,2026-08-11,2026-08-28,415.0,P,13.35,15.0,14.175,42.2125,-0.462893,0.010479,-0.421703,0.356682,17,416.08,14,69,42.49
AVGO,2026-08-11,2026-08-28,420.0,P,15.95,17.6,16.775,42.0355,-0.515498,0.010561,-0.41893,0.357962,17,416.08,88,264,42.49
AVGO,2026-08-11,2026-08-28,425.0,P,18.85,20.5,19.675,41.9928,-0.567328,0.010429,-0.410002,0.353119,17,416.08,10,103,42.49
AVGO,2026-08-11,2026-08-28,430.0,P,21.85,23.85,22.85,42.5329,-0.6155,0.010005,-0.400707,0.343112,17,416.08,10,485,42.49
AVGO,2026-08-11,2026-08-28,435.0,P,24.75,27.05,25.9,41.9989,-0.664991,0.00966,-0.373159,0.327141,17,416.08,3,24,42.49
AVGO,2026-08-11,2026-08-28,440.0,P,28.35,31.0,29.675,43.0914,-0.703981,0.008931,-0.36029,0.310317,17,416.08,15,202,42.49
AVGO,2026-08-11,2026-08-28,445.0,P,32.3,34.75,33.525,43.0059,-0.745014,0.008315,-0.329577,0.288334,17,416.08,6,9,42.49
AVGO,2026-08-11,2026-08-28,450.0,P,36.2,38.85,37.525,43.5369,-0.778942,0.007595,-0.304403,0.266611,17,416.08,2,13,42.49
AVGO,2026-08-11,2026-08-28,460.0,P,44.85,47.9,46.375,46.5582,-0.82412,0.006185,-0.278141,0.232208,17,416.08,1,1,42.49
AVGO,2026-08-11,2026-08-28,465.0,P,49.15,51.85,50.5,44.959,-0.859758,0.00552,-0.222839,0.200098,17,416.08,6,7,42.49
AVGO,2026-08-11,2026-08-28,470.0,P,53.75,56.95,55.35,48.3282,-0.86423,0.005023,-0.23574,0.195724,17,416.08,1,1,42.49
AVGO,2026-08-11,2026-08-28,480.0,P,62.9,65.9,64.4,47.9742,-0.905198,0.003917,-0.168697,0.151538,17,416.08,1,2,42.49
AVGO,2026-08-11,2026-08-28,500.0,P,82.5,85.35,83.925,53.5527,-0.935355,0.002626,-0.13018,0.113373,17,416.08,9,7,42.49
AVGO,2026-08-11,2026-08-28,505.0,P,87.45,90.75,89.1,58.8993,-0.925978,0.00265,-0.169463,0.125844,17,416.08,1,1,42.49
AVGO,2026-08-11,2026-08-28,520.0,P,102.55,105.85,104.2,66.2479,-0.929997,0.002257,-0.184678,0.12057,17,416.08,1,0,42.49
AVGO,2026-08-11,2026-08-28,545.0,P,127.55,130.2,128.875,70.5081,-0.954129,0.00152,-0.125487,0.086437,17,416.08,0,0,42.49
AVGO,2026-08-11,2026-09-04,210.0,C,204.9,208.45,206.675,123.7309,0.98987,0.000204,-0.095057,0.028758,24,416.08,8,13,42.49
AVGO,2026-08-11,2026-09-04,215.0,C,200.0,203.5,201.75,122.0219,0.988529,0.000231,-0.102836,0.032046,24,416.08,25,50,42.49
AVGO,2026-08-11,2026-09-04,220.0,C,195.0,198.1,196.55,112.2075,0.991037,0.000202,-0.082408,0.025839,24,416.08,21,49,42.49
AVGO,2026-08-11,2026-09-04,225.0,C,190.05,193.55,191.8,115.7231,0.987073,0.00027,-0.108014,0.035543,24,416.08,2,28,42.49
AVGO,2026-08-11,2026-09-04,230.0,C,185.05,188.15,186.6,106.6411,0.989653,0.000241,-0.088047,0.029295,24,416.08,8,36,42.49
AVGO,2026-08-11,2026-09-04,235.0,C,180.1,183.45,181.775,107.7641,0.986601,0.000299,-0.105634,0.036661,24,416.08,14,32,42.49
AVGO,2026-08-11,2026-09-04,240.0,C,175.1,178.45,176.775,104.1997,0.986171,0.000318,-0.105602,0.037674,24,416.08,8,26,42.49
AVGO,2026-08-11,2026-09-04,245.0,C,170.15,173.55,171.85,102.3931,0.984526,0.000356,-0.112774,0.041498,24,416.08,6,32,42.49
AVGO,2026-08-11,2026-09-04,250.0,C,165.15,168.35,166.75,96.7774,0.985619,0.000354,-0.10338,0.038967,24,416.08,1,22,42.49
AVGO,2026-08-11,2026-09-04,255.0,C,160.2,163.7,161.95,97.461,0.981866,0.000428,-0.121657,0.047531,24,416.08,6,20,42.49
AVGO,2026-08-11,2026-09-04,260.0,C,155.1,159.0,157.05,95.8497,0.979618,0.000481,-0.130375,0.052493,24,416.08,0,6,42.49
AVGO,2026-08-11,2026-09-04,265.0,C,150.25,153.55,151.9,89.8439,0.981424,0.000474,-0.11696,0.048515,24,416.08,0,12,42.49
AVGO,2026-08-11,2026-09-04,270.0,C,145.25,148.5,146.875,86.1574,0.981192,0.0005,-0.114663,0.049031,24,416.08,4,11,42.49
AVGO,2026-08-11,2026-09-04,275.0,C,140.3,143.65,141.975,84.6681,0.97868,0.000566,-0.123241,0.054533,24,416.08,2,6,42.49
AVGO,2026-08-11,2026-09-04,280.0,C,135.35,138.75,137.05,82.6174,0.976547,0.000628,-0.129181,0.059099,24,416.08,4,8,42.49
AVGO,2026-08-11,2026-09-04,285.0,C,130.4,133.35,131.875,76.7336,0.979019,0.000616,-0.114092,0.053797,24,416.08,0,14,42.49
AVGO,2026-08-11,2026-09-04,290.0,C,125.45,128.95,127.2,78.3449,0.971907,0.000771,-0.140466,0.06874,24,416.08,24,28,42.49
AVGO,2026-08-11,2026-09-04,295.0,C,120.5,123.9,122.2,75.1956,0.970799,0.000829,-0.139939,0.070987,24,416.08,0,26,42.49
AVGO,2026-08-11,2026-09-04,300.0,C,115.55,118.65,117.1,70.8255,0.971633,0.00086,-0.131537,0.069297,24,416.08,1,41,42.49
AVGO,2026-08-11,2026-09-04,305.0,C,110.65,114.25,112.45,71.802,0.963446,0.001045,-0.157208,0.085429,24,416.08,0,32,42.49
AVGO,2026-08-11,2026-09-04,310.0,C,105.6,109.55,107.575,69.9222,0.959487,0.001167,-0.165071,0.092898,24,416.08,0,10,42.49
AVGO,2026-08-11,2026-09-04,315.0,C,100.9,104.15,102.525,66.3089,0.958737,0.001249,-0.160484,0.09429,24,416.08,0,9,42.49
AVGO,2026-08-11,2026-09-04,325.0,C,91.6,94.4,93.0,64.0873,0.945249,0.001621,-0.188528,0.118262,24,416.08,9,9,42.49
AVGO,2026-08-11,2026-09-04,330.0,C,86.4,89.65,88.025,61.1088,0.942162,0.001775,-0.188219,0.123488,24,416.08,6,8,42.49
AVGO,2026-08-11,2026-09-04,340.0,C,77.05,80.3,78.675,58.9848,0.923198,0.00229,-0.220137,0.153785,24,416.08,1,1,42.49
AVGO,2026-08-11,2026-09-04,350.0,C,67.8,71.2,69.5,56.7753,0.899298,0.002912,-0.253694,0.188203,24,416.08,1,12,42.49
AVGO,2026-08-11,2026-09-04,355.0,C,63.5,66.8,65.15,56.3603,0.882534,0.003277,-0.27767,0.210235,24,416.08,1,11,42.49
AVGO,2026-08-11,2026-09-04,360.0,C,59.5,62.1,60.8,55.5546,0.865359,0.003656,-0.298156,0.231228,24,416.08,15,26,42.49
AVGO,2026-08-11,2026-09-04,365.0,C,55.3,58.15,56.725,55.4448,0.843658,0.004051,-0.325376,0.255686,24,416.08,2,7,42.49
AVGO,2026-08-11,2026-09-04,370.0,C,51.2,54.05,52.625,54.8161,0.821936,0.004456,-0.347082,0.278064,24,416.08,1,15,42.49
AVGO,2026-08-11,2026-09-04,375.0,C,47.25,50.1,48.675,54.3095,0.79777,0.004864,-0.36913,0.300692,24,416.08,20,98,42.49
AVGO,2026-08-11,2026-09-04,380.0,C,43.75,46.05,44.9,53.9433,0.771152,0.005261,-0.391232,0.323061,24,416.08,10,198,42.49
AVGO,2026-08-11,2026-09-04,385.0,C,40.1,42.4,41.25,53.5283,0.742831,0.005647,-0.411094,0.344118,24,416.08,11,86,42.49
AVGO,2026-08-11,2026-09-04,390.0,C,36.85,38.7,37.775,53.1865,0.712533,0.006007,-0.429422,0.363709,24,416.08,2,609,42.49
AVGO,2026-08-11,2026-09-04,395.0,C,33.35,35.15,34.25,52.3168,0.681863,0.006391,-0.440314,0.380611,24,416.08,2,48,42.49
AVGO,2026-08-11,2026-09-04,400.0,C,30.3,32.3,31.3,52.4968,0.6474,0.006631,-0.457685,0.396249,24,416.08,11,313,42.49
AVGO,2026-08-11,2026-09-04,405.0,C,27.4,29.25,28.325,52.1794,0.612925,0.006877,-0.467198,0.408475,24,416.08,13,71,42.49
AVGO,2026-08-11,2026-09-04,410.0,C,24.6,26.6,25.6,52.0452,0.577463,0.007049,-0.474717,0.417594,24,416.08,28,116,42.49
AVGO,2026-08-11,2026-09-04,415.0,C,21.9,23.75,22.825,51.3921,0.541504,0.007236,-0.473942,0.423338,24,416.08,47,203,42.49
AVGO,2026-08-11,2026-09-04,420.0,C,19.9,21.2,20.55,51.4836,0.505408,0.007262,-0.475882,0.425604,24,416.08,144,247,42.49
AVGO,2026-08-11,2026-09-04,425.0,C,17.1,19.8,18.45,51.5813,0.469831,0.007228,-0.474186,0.424426,24,416.08,65,500,42.49
AVGO,2026-08-11,2026-09-04,430.0,C,15.85,16.95,16.4,51.3982,0.434403,0.007176,-0.466401,0.419877,24,416.08,45,1365,42.49
AVGO,2026-08-11,2026-09-04,435.0,C,13.95,15.35,14.65,51.5325,0.400563,0.007029,-0.45824,0.412352,24,416.08,14,144,42.49
AVGO,2026-08-11,2026-09-04,440.0,C,12.0,13.3,12.65,50.678,0.364561,0.006949,-0.437454,0.400872,24,416.08,14,953,42.49
AVGO,2026-08-11,2026-09-04,445.0,C,10.55,11.65,11.1,50.5254,0.331801,0.006733,-0.420584,0.387228,24,416.08,8,147,42.49
AVGO,2026-08-11,2026-09-04,450.0,C,9.2,10.0,9.6,50.1104,0.299245,0.006496,-0.398585,0.370541,24,416.08,259,655,42.49
AVGO,2026-08-11,2026-09-04,455.0,C,7.8,9.05,8.425,50.1897,0.270469,0.00618,-0.37984,0.353082,24,416.08,8,64,42.49
AVGO,2026-08-11,2026-09-04,460.0,C,6.75,8.05,7.4,50.3423,0.2439,0.005839,-0.360546,0.334593,24,416.08,100,853,42.49
AVGO,2026-08-11,2026-09-04,465.0,C,5.75,7.4,6.575,50.7695,0.220672,0.005476,-0.343447,0.316464,24,416.08,288,405,42.49
AVGO,2026-08-11,2026-09-04,470.0,C,4.9,6.55,5.725,50.8184,0.197347,0.005122,-0.32152,0.296304,24,416.08,130,322,42.49
AVGO,2026-08-11,2026-09-04,475.0,C,4.55,5.3,4.925,50.6963,0.174919,0.004764,-0.297339,0.274948,24,416.08,13,52,42.49
AVGO,2026-08-11,2026-09-04,480.0,C,3.8,4.65,4.225,50.5986,0.154419,0.004403,-0.273483,0.253607,24,416.08,48,176,42.49
AVGO,2026-08-11,2026-09-04,485.0,C,3.4,4.0,3.7,50.8733,0.137658,0.004054,-0.2543,0.234761,24,416.08,6,888,42.49
AVGO,2026-08-11,2026-09-04,490.0,C,2.58,3.45,3.015,50.1348,0.117286,0.00368,-0.224037,0.210008,24,416.08,31,99,42.49
AVGO,2026-08-11,2026-09-04,495.0,C,2.17,3.45,2.81,51.3066,0.108283,0.003396,-0.216359,0.198366,24,416.08,89,67,42.49
AVGO,2026-08-11,2026-09-04,500.0,C,2.27,2.75,2.51,51.8682,0.097408,0.003111,-0.202377,0.183679,24,416.08,129,715,42.49
AVGO,2026-08-11,2026-09-04,505.0,C,1.76,2.35,2.055,51.3311,0.082719,0.002784,-0.177272,0.162667,24,416.08,4,18,42.49
AVGO,2026-08-11,2026-09-04,510.0,C,1.71,2.0,1.855,52.0146,0.074805,0.002546,-0.166338,0.150731,24,416.08,4,78,42.49
AVGO,2026-08-11,2026-09-04,515.0,C,1.43,1.85,1.64,52.4297,0.066677,0.002312,-0.153387,0.137977,24,416.08,38,52,42.49
AVGO,2026-08-11,2026-09-04,520.0,C,1.23,1.47,1.35,52.0635,0.056497,0.002045,-0.133763,0.121228,24,416.08,1,58,42.49
AVGO,2026-08-11,2026-09-04,525.0,C,0.81,1.37,1.09,51.5752,0.047114,0.001787,-0.114645,0.10493,24,416.08,3,28,42.49
AVGO,2026-08-11,2026-09-04,530.0,C,0.7,1.25,0.975,52.1245,0.042229,0.001619,-0.106033,0.096075,24,416.08,349,33,42.49
AVGO,2026-08-11,2026-09-04,535.0,C,0.54,1.23,0.885,52.8081,0.03831,0.001477,-0.099202,0.088766,24,416.08,7,101,42.49
AVGO,2026-08-11,2026-09-04,540.0,C,0.64,0.82,0.73,52.5884,0.032331,0.00129,-0.085919,0.077231,24,416.08,13,162,42.49
AVGO,2026-08-11,2026-09-04,545.0,C,0.56,0.9,0.73,54.0776,0.031484,0.001227,-0.086394,0.075558,24,416.08,17,653,42.49
AVGO,2026-08-11,2026-09-04,550.0,C,0.26,0.83,0.545,53.0034,0.024587,0.001019,-0.068897,0.061492,24,416.08,3,56,42.49
AVGO,2026-08-11,2026-09-04,555.0,C,0.15,0.92,0.535,54.2485,0.023638,0.000963,-0.06819,0.059491,24,416.08,2,27,42.49
AVGO,2026-08-11,2026-09-04,560.0,C,0.15,0.62,0.385,52.979,0.017835,0.000777,-0.052444,0.046861,24,416.08,5,249,42.49
AVGO,2026-08-11,2026-09-04,210.0,P,0.0,0.11,0.055,93.3594,-0.001412,4.6e-05,-0.009521,0.004928,24,416.08,1,47,42.49
AVGO,2026-08-11,2026-09-04,215.0,P,0.0,0.51,0.255,106.9341,-0.005327,0.000134,-0.036112,0.016321,24,416.08,62,49,42.49
AVGO,2026-08-11,2026-09-04,220.0,P,0.0,0.45,0.225,101.9536,-0.004974,0.000132,-0.032388,0.015357,24,416.08,1,120,42.49
AVGO,2026-08-11,2026-09-04,225.0,P,0.0,0.4,0.2,97.168,-0.004637,0.00013,-0.028986,0.014424,24,416.08,10,37,42.49
AVGO,2026-08-11,2026-09-04,230.0,P,0.0,0.35,0.175,92.5782,-0.004318,0.000128,-0.025907,0.013535,24,416.08,2,49,42.49
AVGO,2026-08-11,2026-09-04,235.0,P,0.0,0.35,0.175,89.4532,-0.004449,0.000137,-0.025702,0.013901,24,416.08,2,34,42.49
AVGO,2026-08-11,2026-09-04,240.0,P,0.0,0.37,0.185,87.0118,-0.004817,0.000151,-0.026834,0.014924,24,416.08,20,55,42.49
AVGO,2026-08-11,2026-09-04,245.0,P,0.01,0.34,0.175,83.3986,-0.00473,0.000155,-0.025297,0.014684,24,416.08,6,46,42.49
AVGO,2026-08-11,2026-09-04,250.0,P,0.01,0.17,0.09,74.6096,-0.002793,0.000108,-0.014099,0.009152,24,416.08,6,66,42.49
AVGO,2026-08-11,2026-09-04,255.0,P,0.03,0.39,0.21,79.4924,-0.005936,0.000199,-0.029488,0.017969,24,416.08,2,14,42.49
AVGO,2026-08-11,2026-09-04,260.0,P,0.03,0.41,0.22,77.051,-0.006369,0.000218,-0.030412,0.019126,24,416.08,3,120,42.49
AVGO,2026-08-11,2026-09-04,265.0,P,0.03,0.19,0.11,68.3597,-0.003733,0.000153,-0.016751,0.01188,24,416.08,2,38,42.49
AVGO,2026-08-11,2026-09-04,270.0,P,0.04,0.42,0.23,71.8753,-0.007106,0.000258,-0.031227,0.021069,24,416.08,17,63,42.49
AVGO,2026-08-11,2026-09-04,275.0,P,0.01,0.3,0.155,65.723,-0.005294,0.000217,-0.021989,0.016233,24,416.08,9,18,42.49
AVGO,2026-08-11,2026-09-04,280.0,P,0.06,0.25,0.155,63.184,-0.005529,0.000235,-0.021961,0.016872,24,416.08,2,148,42.49
AVGO,2026-08-11,2026-09-04,285.0,P,0.11,0.2,0.155,60.6449,-0.005756,0.000253,-0.021834,0.017485,24,416.08,6,119,42.49
AVGO,2026-08-11,2026-09-04,290.0,P,0.03,0.3,0.165,58.5942,-0.006314,0.000285,-0.022886,0.018979,24,416.08,2,80,42.49
AVGO,2026-08-11,2026-09-04,295.0,P,0.04,0.38,0.21,57.8129,-0.007966,0.000354,-0.027706,0.023299,24,416.08,10,832,42.49
AVGO,2026-08-11,2026-09-04,300.0,P,0.12,0.4,0.26,56.934,-0.009896,0.000435,-0.032978,0.028176,24,416.08,9,180,42.49
AVGO,2026-08-11,2026-09-04,305.0,P,0.18,0.48,0.33,56.2504,-0.012473,0.000538,-0.039824,0.034459,24,416.08,3,122,42.49
AVGO,2026-08-11,2026-09-04,310.0,P,0.33,0.56,0.445,56.1772,-0.016499,0.000686,-0.050576,0.043846,24,416.08,4,414,42.49
AVGO,2026-08-11,2026-09-04,315.0,P,0.4,0.88,0.64,56.8364,-0.02279,0.000892,-0.067284,0.057689,24,416.08,4,106,42.49
AVGO,2026-08-11,2026-09-04,320.0,P,0.59,0.81,0.7,54.9321,-0.025481,0.001013,-0.071366,0.06336,24,416.08,5,187,42.49
AVGO,2026-08-11,2026-09-04,325.0,P,0.61,1.15,0.88,54.4438,-0.031656,0.001225,-0.084663,0.075898,24,416.08,4,115,42.49
AVGO,2026-08-11,2026-09-04,330.0,P,0.91,1.18,1.045,53.394,-0.037597,0.001438,-0.095549,0.087417,24,416.08,7,173,42.49
AVGO,2026-08-11,2026-09-04,335.0,P,1.04,1.45,1.245,52.4175,-0.044752,0.001687,-0.107934,0.100682,24,416.08,13,129,42.49
AVGO,2026-08-11,2026-09-04,340.0,P,1.41,1.96,1.685,52.9912,-0.057967,0.002051,-0.133952,0.123705,24,416.08,15,3810,42.49
AVGO,2026-08-11,2026-09-04,345.0,P,1.66,2.35,2.005,52.1123,-0.068499,0.002375,-0.149859,0.140882,24,416.08,14,136,42.49
AVGO,2026-08-11,2026-09-04,350.0,P,2.27,2.89,2.58,52.3931,-0.084921,0.002782,-0.177246,0.165908,24,416.08,74,383,42.49
AVGO,2026-08-11,2026-09-04,355.0,P,2.82,3.55,3.185,52.2405,-0.101964,0.003194,-0.202068,0.189918,24,416.08,112,121,42.49
AVGO,2026-08-11,2026-09-04,360.0,P,3.25,4.2,3.725,51.3433,-0.118189,0.003613,-0.220488,0.211151,24,416.08,29,279,42.49
AVGO,2026-08-11,2026-09-04,365.0,P,3.8,4.75,4.275,50.1592,-0.13529,0.004063,-0.236279,0.231992,24,416.08,34,187,42.49
AVGO,2026-08-11,2026-09-04,370.0,P,4.7,5.55,5.125,51.3494,-0.164563,0.004523,-0.275325,0.264392,24,416.08,28,540,42.49
AVGO,2026-08-11,2026-09-04,375.0,P,5.7,7.05,6.375,50.3606,-0.187127,0.005003,-0.292371,0.286821,24,416.08,38,253,42.49
AVGO,2026-08-11,2026-09-04,380.0,P,6.8,8.3,7.55,50.1226,-0.215031,0.005464,-0.315703,0.311773,24,416.08,56,383,42.49
AVGO,2026-08-11,2026-09-04,385.0,P,8.6,9.75,9.175,50.7268,-0.248021,0.005847,-0.345376,0.337615,24,416.08,24,91,42.49
AVGO,2026-08-11,2026-09-04,390.0,P,10.05,10.7,10.375,50.5376,-0.279872,0.006242,-0.365134,0.359074,24,416.08,71,232,42.49
AVGO,2026-08-11,2026-09-04,395.0,P,11.6,13.0,12.3,50.1043,-0.312775,0.006625,-0.379948,0.377863,24,416.08,4,101,42.49
AVGO,2026-08-11,2026-09-04,400.0,P,13.15,14.8,13.975,51.4714,-0.350789,0.00675,-0.407773,0.395513,24,416.08,60,397,42.49
AVGO,2026-08-11,2026-09-04,405.0,P,15.3,17.0,16.15,51.6027,-0.386416,0.00695,-0.420838,0.408273,24,416.08,6,73,42.49
AVGO,2026-08-11,2026-09-04,410.0,P,17.3,18.6,17.95,49.9028,-0.421451,0.007347,-0.414184,0.417366,24,416.08,127,67,42.49
AVGO,2026-08-11,2026-09-04,415.0,P,20.2,21.7,20.95,51.2944,-0.458517,0.00725,-0.430781,0.42334,24,416.08,15,64,42.49
AVGO,2026-08-11,2026-09-04,420.0,P,22.9,23.8,23.35,49.9486,-0.49602,0.007486,-0.419481,0.425622,24,416.08,1619,1547,42.49
AVGO,2026-08-11,2026-09-04,425.0,P,25.65,27.05,26.35,50.8489,-0.531355,0.007331,-0.424263,0.424328,24,416.08,443,1882,42.49
AVGO,2026-08-11,2026-09-04,430.0,P,28.0,29.7,28.85,49.9517,-0.568958,0.007373,-0.4092,0.419269,24,416.08,1398,177,42.49
AVGO,2026-08-11,2026-09-04,435.0,P,31.4,33.2,32.3,50.6597,-0.601984,0.007138,-0.405594,0.411659,24,416.08,7,12,42.49
AVGO,2026-08-11,2026-09-04,440.0,P,34.6,36.85,35.725,51.3707,-0.633019,0.00687,-0.399408,0.401758,24,416.08,51,60,42.49
AVGO,2026-08-11,2026-09-04,445.0,P,38.05,40.35,39.2,51.3677,-0.664827,0.006649,-0.383782,0.388776,24,416.08,2,60,42.49
AVGO,2026-08-11,2026-09-04,450.0,P,41.3,43.9,42.6,51.1235,-0.696222,0.00641,-0.363366,0.373056,24,416.08,10,1,42.49
AVGO,2026-08-11,2026-09-04,455.0,P,45.4,47.65,46.525,51.0411,-0.725424,0.006123,-0.342683,0.355734,24,416.08,1,47,42.49
AVGO,2026-08-11,2026-09-04,465.0,P,53.15,56.2,54.675,52.9302,-0.768242,0.0054,-0.32049,0.325352,24,416.08,1,3,42.49
AVGO,2026-08-11,2026-09-04,495.0,P,79.5,81.85,80.675,51.9048,-0.888757,0.003423,-0.172676,0.202243,24,416.08,19,1,42.49
AVGO,2026-08-11,2026-09-04,500.0,P,83.8,86.55,85.175,52.5151,-0.899524,0.003143,-0.158612,0.187895,24,416.08,10,1,42.49
AVGO,2026-08-11,2026-09-04,505.0,P,88.75,91.4,90.075,53.748,-0.906345,0.002917,-0.152072,0.178444,24,416.08,9,1,42.49
AVGO,2026-08-11,2026-09-11,210.0,C,205.15,208.65,206.9,114.7953,0.986811,0.000244,-0.096858,0.041101,31,416.08,0,2,42.49
AVGO,2026-08-11,2026-09-11,215.0,C,200.1,203.65,201.875,110.6938,0.986715,0.000254,-0.09511,0.04136,31,416.08,0,12,42.49
AVGO,2026-08-11,2026-09-11,220.0,C,195.1,198.6,196.85,106.6899,0.986626,0.000265,-0.093358,0.041599,31,416.08,0,6,42.49
AVGO,2026-08-11,2026-09-11,225.0,C,190.25,193.7,191.975,105.8598,0.984508,0.000303,-0.102793,0.047213,31,416.08,0,8,42.49
AVGO,2026-08-11,2026-09-11,230.0,C,185.25,188.65,186.95,102.0024,0.984359,0.000317,-0.101002,0.047602,31,416.08,0,8,42.49
AVGO,2026-08-11,2026-09-11,235.0,C,180.3,183.75,182.025,100.0493,0.982827,0.000351,-0.106336,0.051566,31,416.08,0,8,42.49
AVGO,2026-08-11,2026-09-11,240.0,C,175.35,178.7,177.025,96.7774,0.982275,0.000372,-0.106304,0.052978,31,416.08,0,18,42.49
AVGO,2026-08-11,2026-09-11,245.0,C,170.35,173.8,172.075,94.4092,0.980961,0.000406,-0.109798,0.056306,31,416.08,0,24,42.49
AVGO,2026-08-11,2026-09-11,250.0,C,165.4,168.8,167.1,91.6261,0.979969,0.000436,-0.111402,0.058787,31,416.08,0,14,42.49
AVGO,2026-08-11,2026-09-11,255.0,C,160.4,163.8,162.1,88.5255,0.979279,0.000465,-0.111388,0.060501,31,416.08,0,8,42.49
AVGO,2026-08-11,2026-09-11,260.0,C,155.45,158.9,157.175,86.5236,0.97743,0.000511,-0.116182,0.065032,31,416.08,8,9,42.49
AVGO,2026-08-11,2026-09-11,265.0,C,150.5,153.95,152.225,84.1554,0.975869,0.000556,-0.119246,0.068796,31,416.08,0,4,42.49
AVGO,2026-08-11,2026-09-11,270.0,C,145.55,149.0,147.275,81.7629,0.974252,0.000604,-0.122097,0.072641,31,416.08,0,4,42.49
AVGO,2026-08-11,2026-09-11,275.0,C,140.6,143.95,142.275,78.7844,0.973332,0.000646,-0.121829,0.074806,31,416.08,4,4,42.49
AVGO,2026-08-11,2026-09-11,280.0,C,135.65,139.1,137.375,77.0022,0.970712,0.000714,-0.12761,0.080879,31,416.08,0,4,42.49
AVGO,2026-08-11,2026-09-11,290.0,C,125.75,129.15,127.45,71.9729,0.967193,0.000839,-0.131153,0.08884,31,416.08,0,8,42.49
AVGO,2026-08-11,2026-09-11,295.0,C,120.85,124.3,122.575,70.3128,0.963769,0.000932,-0.137688,0.096389,31,416.08,0,8,42.49
AVGO,2026-08-11,2026-09-11,300.0,C,115.95,119.35,117.65,68.1156,0.961047,0.001021,-0.141111,0.102262,31,416.08,0,32,42.49
AVGO,2026-08-11,2026-09-11,305.0,C,111.05,114.25,112.65,65.2591,0.959483,0.0011,-0.140344,0.105588,31,416.08,0,4,42.49
AVGO,2026-08-11,2026-09-11,310.0,C,106.2,109.55,107.875,64.2582,0.953728,0.001244,-0.151272,0.117542,31,416.08,0,2,42.49
AVGO,2026-08-11,2026-09-11,325.0,C,91.8,95.15,93.475,59.7172,0.936344,0.001723,-0.175884,0.151273,31,416.08,0,1,42.49
AVGO,2026-08-11,2026-09-11,330.0,C,87.1,90.4,88.75,58.3989,0.928623,0.001925,-0.186003,0.165266,31,416.08,0,6,42.49
AVGO,2026-08-11,2026-09-11,340.0,C,77.8,81.1,79.45,56.0124,0.909564,0.0024,-0.209014,0.197621,31,416.08,0,3,42.49
AVGO,2026-08-11,2026-09-11,355.0,C,64.55,67.85,66.2,53.7785,0.866834,0.003298,-0.256249,0.260812,31,416.08,1,124,42.49
AVGO,2026-08-11,2026-09-11,360.0,C,60.75,63.3,62.025,53.3391,0.848365,0.003631,-0.274658,0.284773,31,416.08,0,5,42.49
AVGO,2026-08-11,2026-09-11,365.0,C,56.75,59.6,58.175,53.5893,0.825632,0.003958,-0.298648,0.311856,31,416.08,1,2,42.49
AVGO,2026-08-11,2026-09-11,370.0,C,52.25,55.25,53.75,51.7827,0.809002,0.004336,-0.304556,0.330113,31,416.08,2,34,42.49
AVGO,2026-08-11,2026-09-11,375.0,C,48.95,51.4,50.175,52.1245,0.782634,0.004652,-0.327857,0.356557,31,416.08,10,29,42.49
AVGO,2026-08-11,2026-09-11,380.0,C,45.3,48.2,46.75,52.4419,0.755107,0.004942,-0.349628,0.381103,31,416.08,2,68,42.49
AVGO,2026-08-11,2026-09-11,385.0,C,41.15,44.65,42.9,51.3433,0.730666,0.005304,-0.358245,0.400439,31,416.08,2,29,42.49
AVGO,2026-08-11,2026-09-11,390.0,C,38.45,40.9,39.675,51.4287,0.701238,0.005565,-0.374782,0.420816,31,416.08,5,12,42.49
AVGO,2026-08-11,2026-09-11,395.0,C,35.15,37.45,36.3,50.8245,0.672369,0.005859,-0.383775,0.437862,31,416.08,2,41,42.49
AVGO,2026-08-11,2026-09-11,400.0,C,32.15,34.15,33.15,50.3972,0.64183,0.006111,-0.391967,0.452848,31,416.08,5,80,42.49
AVGO,2026-08-11,2026-09-11,405.0,C,29.25,31.2,30.225,50.1195,0.610072,0.006313,-0.398891,0.465218,31,416.08,3,22,42.49
AVGO,2026-08-11,2026-09-11,410.0,C,26.45,28.8,27.625,50.1867,0.577474,0.006432,-0.405873,0.4746,31,416.08,22,38,42.49
AVGO,2026-08-11,2026-09-11,415.0,C,23.95,25.8,24.875,51.5019,0.545171,0.006347,-0.419782,0.480646,31,416.08,25,124,42.49
AVGO,2026-08-11,2026-09-11,420.0,C,21.95,23.6,22.775,50.031,0.512093,0.006573,-0.409609,0.483528,31,416.08,32,1025,42.49
AVGO,2026-08-11,2026-09-11,425.0,C,19.85,21.25,20.55,51.3036,0.481685,0.006406,-0.418163,0.48324,31,416.08,31,56,42.49
AVGO,2026-08-11,2026-09-11,430.0,C,17.75,19.5,18.625,50.0158,0.447828,0.006522,-0.404026,0.479608,31,416.08,30,2039,42.49
AVGO,2026-08-11,2026-09-11,435.0,C,15.4,17.6,16.5,51.7217,0.421275,0.006237,-0.411775,0.474301,31,416.08,4,48,42.49
AVGO,2026-08-11,2026-09-11,440.0,C,13.7,15.45,14.575,50.8001,0.388917,0.006224,-0.395847,0.464874,31,416.08,53,626,42.49
AVGO,2026-08-11,2026-09-11,445.0,C,12.55,14.4,13.475,51.9292,0.364139,0.005965,-0.395451,0.45542,31,416.08,14,54,42.49
AVGO,2026-08-11,2026-09-11,450.0,C,11.5,12.5,12.0,50.9343,0.332724,0.005883,-0.374809,0.440576,31,416.08,14,102,42.49
AVGO,2026-08-11,2026-09-11,455.0,C,9.85,11.35,10.6,51.3311,0.307913,0.005651,-0.365062,0.426529,31,416.08,2,29,42.49
AVGO,2026-08-11,2026-09-11,460.0,C,9.15,10.85,10.0,50.9893,0.281063,0.005454,-0.347238,0.408933,31,416.08,6,81,42.49
AVGO,2026-08-11,2026-09-11,465.0,C,7.6,9.0,8.3,51.2273,0.258261,0.005204,-0.333916,0.391957,31,416.08,2,44,42.49
AVGO,2026-08-11,2026-09-11,470.0,C,6.35,8.85,7.6,50.1531,0.229969,0.004993,-0.306824,0.36817,31,416.08,61,62,42.49
AVGO,2026-08-11,2026-09-11,475.0,C,6.0,7.25,6.625,51.6423,0.216616,0.004686,-0.304871,0.355845,31,416.08,4,369,42.49
AVGO,2026-08-11,2026-09-11,480.0,C,4.5,6.85,5.675,52.8691,0.203293,0.00441,-0.300275,0.342814,31,416.08,6,3040,42.49
AVGO,2026-08-11,2026-09-11,485.0,C,4.65,5.55,5.1,51.209,0.175881,0.004165,-0.26591,0.31357,31,416.08,5,355,42.49
AVGO,2026-08-11,2026-09-11,490.0,C,4.3,4.95,4.625,50.2996,0.153709,0.003885,-0.23919,0.28735,31,416.08,1,20,42.49
AVGO,2026-08-11,2026-09-11,495.0,C,2.63,5.1,3.865,53.98,0.15739,0.003677,-0.260293,0.291871,31,416.08,87,9,42.49
AVGO,2026-08-11,2026-09-11,500.0,C,3.0,3.9,3.45,51.6667,0.13053,0.003386,-0.219523,0.257239,31,416.08,10,136,42.49
AVGO,2026-08-11,2026-09-11,505.0,C,1.76,4.2,2.98,54.7307,0.132495,0.00323,-0.234644,0.259906,31,416.08,10,11,42.49
AVGO,2026-08-11,2026-09-11,510.0,C,1.92,3.35,2.635,53.1865,0.112151,0.002956,-0.202761,0.231193,31,416.08,3,7,42.49
AVGO,2026-08-11,2026-09-11,515.0,C,1.8,3.65,2.725,52.1489,0.095676,0.002687,-0.177082,0.206021,31,416.08,1,9,42.49
AVGO,2026-08-11,2026-09-11,520.0,C,1.76,2.4,2.08,50.5193,0.077922,0.002379,-0.147095,0.176711,31,416.08,6,18,42.49
AVGO,2026-08-11,2026-09-11,525.0,C,1.41,2.07,1.74,50.1226,0.067184,0.00214,-0.130201,0.157736,31,416.08,5,10,42.49
AVGO,2026-08-11,2026-09-11,530.0,C,1.16,1.96,1.56,50.501,0.060669,0.001962,-0.121106,0.145705,31,416.08,3,9,42.49
AVGO,2026-08-11,2026-09-11,535.0,C,0.72,1.54,1.13,51.8682,0.058612,0.00186,-0.120983,0.141819,31,416.08,1,5,42.49
AVGO,2026-08-11,2026-09-11,540.0,C,0.66,1.51,1.085,53.1377,0.056424,0.001762,-0.120213,0.137638,31,416.08,22,6,42.49
AVGO,2026-08-11,2026-09-11,545.0,C,0.59,1.31,0.95,50.0249,0.03948,0.001406,-0.085003,0.103386,31,416.08,0,3,42.49
AVGO,2026-08-11,2026-09-11,550.0,C,0.4,1.02,0.71,52.0268,0.040609,0.001383,-0.090393,0.105782,31,416.08,1,10,42.49
AVGO,2026-08-11,2026-09-11,560.0,C,0.39,0.93,0.66,50.8306,0.028075,0.001045,-0.065145,0.078083,31,416.08,2,79,42.49
AVGO,2026-08-11,2026-09-11,210.0,P,0.0,0.12,0.06,83.2033,-0.001567,5e-05,-0.008193,0.006159,31,416.08,0,6,42.49
AVGO,2026-08-11,2026-09-11,215.0,P,0.0,0.51,0.255,94.5313,-0.005451,0.000136,-0.028615,0.018934,31,416.08,0,6,42.49
AVGO,2026-08-11,2026-09-11,220.0,P,0.0,0.09,0.045,75.7815,-0.001305,4.7e-05,-0.006311,0.005212,31,416.08,0,10,42.49
AVGO,2026-08-11,2026-09-11,225.0,P,0.0,0.54,0.27,89.1603,-0.006069,0.000159,-0.029671,0.020828,31,416.08,0,6,42.49
AVGO,2026-08-11,2026-09-11,230.0,P,0.0,0.62,0.31,87.7931,-0.007001,0.000183,-0.033138,0.023631,31,416.08,8,20,42.49
AVGO,2026-08-11,2026-09-11,235.0,P,0.01,0.66,0.335,85.7912,-0.007704,0.000204,-0.035221,0.025712,31,416.08,0,21,42.49
AVGO,2026-08-11,2026-09-11,240.0,P,0.01,0.7,0.355,83.5939,-0.008346,0.000224,-0.036809,0.027586,31,416.08,4,22,42.49
AVGO,2026-08-11,2026-09-11,245.0,P,0.01,0.75,0.38,81.4943,-0.009087,0.000248,-0.038647,0.029722,31,416.08,0,30,42.49
AVGO,2026-08-11,2026-09-11,250.0,P,0.01,0.72,0.365,78.2717,-0.009109,0.000259,-0.037183,0.029785,31,416.08,1,20,42.49
AVGO,2026-08-11,2026-09-11,255.0,P,0.0,0.83,0.415,76.9045,-0.010423,0.000296,-0.041081,0.033506,31,416.08,0,9,42.49
AVGO,2026-08-11,2026-09-11,260.0,P,0.01,0.64,0.325,71.68,-0.008883,0.000276,-0.033281,0.029137,31,416.08,0,101,42.49
AVGO,2026-08-11,2026-09-11,265.0,P,0.01,0.73,0.37,70.3128,-0.010182,0.000318,-0.036767,0.03283,31,416.08,2,8,42.49
AVGO,2026-08-11,2026-09-11,270.0,P,0.02,0.32,0.17,61.1332,-0.005635,0.000217,-0.018975,0.019501,31,416.08,10,15,42.49
AVGO,2026-08-11,2026-09-11,275.0,P,0.03,0.36,0.195,59.766,-0.006518,0.000252,-0.021093,0.022186,31,416.08,30,44,42.49
AVGO,2026-08-11,2026-09-11,280.0,P,0.02,0.44,0.23,58.6918,-0.007766,0.0003,-0.024163,0.025894,31,416.08,274,180,42.49
AVGO,2026-08-11,2026-09-11,285.0,P,0.05,0.56,0.305,58.5453,-0.010127,0.00038,-0.030397,0.032675,31,416.08,1,7,42.49
AVGO,2026-08-11,2026-09-11,290.0,P,0.07,0.68,0.375,57.8129,-0.012363,0.000457,-0.035682,0.038864,31,416.08,1,21,42.49
AVGO,2026-08-11,2026-09-11,295.0,P,0.17,0.78,0.475,57.4223,-0.015478,0.000559,-0.042992,0.047175,31,416.08,3,6569,42.49
AVGO,2026-08-11,2026-09-11,300.0,P,0.16,1.01,0.585,56.8364,-0.018915,0.00067,-0.050474,0.055993,31,416.08,49,29,42.49
AVGO,2026-08-11,2026-09-11,305.0,P,0.25,1.03,0.64,55.1762,-0.021103,0.000757,-0.053727,0.061443,31,416.08,3,42,42.49
AVGO,2026-08-11,2026-09-11,310.0,P,0.34,1.01,0.675,53.1743,-0.022908,0.000842,-0.055443,0.065851,31,416.08,6,37,42.49
AVGO,2026-08-11,2026-09-11,315.0,P,0.4,0.99,0.695,50.9526,-0.024431,0.000928,-0.056027,0.069513,31,416.08,2,50,42.49
AVGO,2026-08-11,2026-09-11,320.0,P,0.48,1.32,0.9,50.855,-0.030948,0.001132,-0.068047,0.084661,31,416.08,14,144,42.49
AVGO,2026-08-11,2026-09-11,325.0,P,0.98,1.49,1.235,51.4653,-0.040642,0.001399,-0.086027,0.105852,31,416.08,14,44,42.49
AVGO,2026-08-11,2026-09-11,330.0,P,1.14,2.0,1.57,51.4409,-0.050274,0.001661,-0.101935,0.125606,31,416.08,4,105,42.49
AVGO,2026-08-11,2026-09-11,335.0,P,0.87,2.8,1.835,50.5376,-0.058581,0.001908,-0.112895,0.141761,31,416.08,7,21,42.49
AVGO,2026-08-11,2026-09-11,340.0,P,2.02,2.64,2.33,50.7085,-0.071903,0.002229,-0.132661,0.1662,31,416.08,11,173,42.49
AVGO,2026-08-11,2026-09-11,345.0,P,2.32,4.1,3.21,52.2588,-0.092255,0.00261,-0.164829,0.20056,31,416.08,15,52,42.49
AVGO,2026-08-11,2026-09-11,350.0,P,2.87,3.5,3.185,50.5437,-0.102175,0.002909,-0.171557,0.21617,31,416.08,23,95,42.49
AVGO,2026-08-11,2026-09-11,355.0,P,3.05,4.9,3.975,52.9851,-0.130112,0.003295,-0.213357,0.256668,31,416.08,148,38,42.49
AVGO,2026-08-11,2026-09-11,360.0,P,3.85,5.1,4.475,50.4644,-0.140189,0.003641,-0.21344,0.27014,31,416.08,36,53,42.49
AVGO,2026-08-11,2026-09-11,365.0,P,5.0,5.85,5.425,49.6831,-0.158925,0.004021,-0.228075,0.293736,31,416.08,73,135,42.49
AVGO,2026-08-11,2026-09-11,370.0,P,6.35,7.1,6.725,50.1226,-0.184523,0.004385,-0.252731,0.323155,31,416.08,48,119,42.49
AVGO,2026-08-11,2026-09-11,375.0,P,6.55,9.2,7.875,52.4175,-0.218401,0.004639,-0.292113,0.357535,31,416.08,39,37,42.49
AVGO,2026-08-11,2026-09-11,380.0,P,8.5,10.0,9.25,50.7451,-0.239251,0.005044,-0.296876,0.376316,31,416.08,39,139,42.49
AVGO,2026-08-11,2026-09-11,385.0,P,9.8,11.2,10.5,49.8449,-0.264714,0.005416,-0.306804,0.396956,31,416.08,11,81,42.49
AVGO,2026-08-11,2026-09-11,390.0,P,11.6,13.15,12.375,50.4094,-0.296104,0.005654,-0.326898,0.419102,31,416.08,15,109,42.49
AVGO,2026-08-11,2026-09-11,395.0,P,13.4,15.4,14.4,51.2303,-0.328484,0.005819,-0.34673,0.438322,31,416.08,41,21,42.49
AVGO,2026-08-11,2026-09-11,400.0,P,14.65,16.9,15.775,50.0371,-0.357587,0.006152,-0.348423,0.45259,31,416.08,58,558,42.49
AVGO,2026-08-11,2026-09-11,405.0,P,16.9,19.1,18.0,50.031,-0.389837,0.006324,-0.356954,0.465188,31,416.08,27,22,42.49
AVGO,2026-08-11,2026-09-11,410.0,P,19.1,20.95,20.025,48.9629,-0.422028,0.006591,-0.354726,0.474481,31,416.08,6,23,42.49
AVGO,2026-08-11,2026-09-11,415.0,P,22.1,24.2,23.15,50.4461,-0.455121,0.006481,-0.369393,0.480686,31,416.08,11,21,42.49
AVGO,2026-08-11,2026-09-11,420.0,P,24.65,25.9,25.275,48.4228,-0.489406,0.006792,-0.354338,0.48358,31,416.08,1582,399,42.49
AVGO,2026-08-11,2026-09-11,425.0,P,26.95,29.1,28.025,49.1277,-0.521708,0.006687,-0.357709,0.483034,31,416.08,420,1233,42.49
AVGO,2026-08-11,2026-09-11,430.0,P,29.75,32.1,30.925,49.1094,-0.554183,0.006637,-0.352912,0.479282,31,416.08,1297,128,42.49
AVGO,2026-08-11,2026-09-11,435.0,P,33.0,35.45,34.225,49.5,-0.584792,0.006496,-0.349104,0.472782,31,416.08,6,18,42.49
AVGO,2026-08-11,2026-09-11,440.0,P,36.25,38.55,37.4,49.0606,-0.616884,0.006416,-0.336205,0.462836,31,416.08,4,47,42.49
AVGO,2026-08-11,2026-09-11,450.0,P,42.95,45.55,44.25,48.9812,-0.675608,0.006055,-0.311279,0.436091,31,416.08,4,2,42.49
AVGO,2026-08-11,2026-09-11,460.0,P,50.45,53.05,51.75,48.8714,-0.729438,0.005585,-0.280075,0.401352,31,416.08,1,1,42.49
AVGO,2026-08-11,2026-09-11,490.0,P,75.8,78.35,77.075,49.6404,-0.849932,0.003875,-0.182448,0.28281,31,416.08,0,10,42.49
AVGO,2026-08-11,2026-09-11,525.0,P,108.0,111.3,109.65,53.7968,-0.916898,0.002345,-0.110786,0.185516,31,416.08,1,1,42.49
AVGO,2026-08-11,2026-09-18,70.0,C,344.6,348.4,346.5,234.5707,0.996914,3e-05,-0.045844,0.012599,38,416.08,1,11,42.49
AVGO,2026-08-11,2026-09-18,75.0,C,316.35,319.8,318.075,0.001,1.0,0.0,-0.007635,0.0,38,416.08,1,2,42.49
AVGO,2026-08-11,2026-09-18,80.0,C,334.65,338.25,336.45,213.477,0.996964,3.2e-05,-0.04286,0.012417,38,416.08,1,7,42.49
AVGO,2026-08-11,2026-09-18,90.0,C,324.65,328.4,326.525,203.2231,0.996193,4.2e-05,-0.049646,0.015216,38,416.08,1,1,42.49
AVGO,2026-08-11,2026-09-18,95.0,C,319.7,323.5,321.6,200.2935,0.995533,4.9e-05,-0.0557,0.017555,38,416.08,36,18,42.49
AVGO,2026-08-11,2026-09-18,100.0,C,314.7,318.05,316.375,180.0782,0.997029,3.8e-05,-0.038881,0.012178,38,416.08,700,471,42.49
AVGO,2026-08-11,2026-09-18,105.0,C,309.75,313.3,311.525,183.3009,0.995735,5.1e-05,-0.051091,0.016843,38,416.08,1,50,42.49
AVGO,2026-08-11,2026-09-18,110.0,C,304.75,308.55,306.65,183.252,0.994648,6.2e-05,-0.060645,0.020623,38,416.08,1,15,42.49
AVGO,2026-08-11,2026-09-18,115.0,C,299.8,303.5,301.65,177.3439,0.99446,6.7e-05,-0.061041,0.021265,38,416.08,8,25,42.49
AVGO,2026-08-11,2026-09-18,120.0,C,294.8,298.35,296.575,168.4572,0.994863,6.5e-05,-0.056029,0.019885,38,416.08,40,67,42.49
AVGO,2026-08-11,2026-09-18,125.0,C,289.8,293.55,291.675,167.3341,0.993868,7.7e-05,-0.063648,0.023272,38,416.08,1,14,42.49
AVGO,2026-08-11,2026-09-18,130.0,C,294.6,298.5,296.55,287.0852,0.957577,0.000235,-0.468772,0.12134,38,416.08,1,9,42.49
AVGO,2026-08-11,2026-09-18,145.0,C,200.9,204.1,202.5,0.001,1.0,0.0,-0.01476,0.0,38,416.08,1,7,42.49
AVGO,2026-08-11,2026-09-18,150.0,C,264.95,268.5,266.725,144.8733,0.992338,0.000109,-0.068893,0.028332,38,416.08,10,47,42.49
AVGO,2026-08-11,2026-09-18,155.0,C,241.45,244.7,243.075,0.001,1.0,0.0,-0.015778,0.0,38,416.08,2,3,42.49
AVGO,2026-08-11,2026-09-18,160.0,C,255.0,258.75,256.875,140.5765,0.990419,0.000136,-0.079564,0.034469,38,416.08,1,13,42.49
AVGO,2026-08-11,2026-09-18,165.0,C,250.0,253.8,251.9,137.012,0.989885,0.000146,-0.081447,0.036141,38,416.08,1,28,42.49
AVGO,2026-08-11,2026-09-18,175.0,C,240.05,243.6,241.825,127.1,0.990002,0.000156,-0.077151,0.035775,38,416.08,1,214,42.49
AVGO,2026-08-11,2026-09-18,180.0,C,235.2,238.6,236.9,125.098,0.988912,0.000174,-0.082219,0.03915,38,416.08,1,48,42.49
AVGO,2026-08-11,2026-09-18,185.0,C,230.25,233.2,231.725,117.0414,0.990495,0.000162,-0.071081,0.034227,38,416.08,1,46,42.49
AVGO,2026-08-11,2026-09-18,190.0,C,225.25,228.5,226.875,117.1391,0.988492,0.000192,-0.081106,0.040437,38,416.08,1,176,42.49
AVGO,2026-08-11,2026-09-18,195.0,C,199.3,203.35,201.325,0.001,1.0,0.0,-0.01985,0.0,38,416.08,2,116,42.49
AVGO,2026-08-11,2026-09-18,200.0,C,215.3,218.55,216.925,111.1821,0.9872,0.000221,-0.084608,0.044343,38,416.08,1,167,42.49
AVGO,2026-08-11,2026-09-18,210.0,C,205.35,208.6,206.975,105.4448,0.985784,0.000255,-0.088048,0.048548,38,416.08,1,222,42.49
AVGO,2026-08-11,2026-09-18,220.0,C,195.45,198.85,197.15,101.9536,0.982718,0.000312,-0.098567,0.057402,38,416.08,3,558,42.49
AVGO,2026-08-11,2026-09-18,230.0,C,185.5,188.9,187.2,96.3623,0.980985,0.000359,-0.10146,0.062274,38,416.08,7,369,42.49
AVGO,2026-08-11,2026-09-18,240.0,C,175.55,178.65,177.1,88.8185,0.981092,0.000387,-0.095962,0.061974,38,416.08,4,435,42.49
AVGO,2026-08-11,2026-09-18,250.0,C,165.55,169.05,167.3,85.6447,0.977014,0.000474,-0.106755,0.073116,38,416.08,2,523,42.49
AVGO,2026-08-11,2026-09-18,260.0,C,155.7,159.05,157.375,80.7863,0.974356,0.00055,-0.11046,0.080154,38,416.08,1,465,42.49
AVGO,2026-08-11,2026-09-18,270.0,C,145.85,149.15,147.5,76.4895,0.970713,0.00065,-0.116229,0.089542,38,416.08,4,423,42.49
AVGO,2026-08-11,2026-09-18,280.0,C,135.95,139.4,137.675,72.6321,0.965914,0.000775,-0.123916,0.101506,38,416.08,1,290,42.49
AVGO,2026-08-11,2026-09-18,290.0,C,126.15,129.55,127.85,68.6527,0.960623,0.000923,-0.130865,0.114223,38,416.08,1,495,42.49
AVGO,2026-08-11,2026-09-18,300.0,C,117.0,119.7,118.35,66.8338,0.949772,0.001154,-0.150399,0.138966,38,416.08,2,758,42.49
AVGO,2026-08-11,2026-09-18,310.0,C,106.85,110.1,108.475,62.1464,0.94378,0.001357,-0.153199,0.151953,38,416.08,2,1289,42.49
AVGO,2026-08-11,2026-09-18,320.0,C,97.8,100.6,99.2,60.6571,0.927747,0.001689,-0.176623,0.184697,38,416.08,25,980,42.49
AVGO,2026-08-11,2026-09-18,330.0,C,88.55,91.2,89.875,58.1791,0.911376,0.002055,-0.194461,0.215528,38,416.08,2,1323,42.49
AVGO,2026-08-11,2026-09-18,340.0,C,79.5,82.05,80.775,56.0368,0.89041,0.002493,-0.215146,0.251767,38,416.08,2,1321,42.49
AVGO,2026-08-11,2026-09-18,350.0,C,70.8,72.8,71.8,53.6748,0.865986,0.002998,-0.234221,0.290024,38,416.08,20,1642,42.49
AVGO,2026-08-11,2026-09-18,360.0,C,62.75,64.65,63.7,53.1926,0.82944,0.003551,-0.266952,0.340447,38,416.08,19,4395,42.49
AVGO,2026-08-11,2026-09-18,370.0,C,54.7,56.75,55.725,51.9475,0.790237,0.00413,-0.292117,0.386661,38,416.08,53,1643,42.49
AVGO,2026-08-11,2026-09-18,380.0,C,47.6,48.95,48.275,50.9587,0.744568,0.004698,-0.315964,0.43148,38,416.08,13,3189,42.49
AVGO,2026-08-11,2026-09-18,390.0,C,40.85,42.1,41.475,50.3209,0.692789,0.005202,-0.337516,0.471762,38,416.08,22,5774,42.49
AVGO,2026-08-11,2026-09-18,400.0,C,34.8,35.9,35.35,50.9984,0.6351,0.005489,-0.361868,0.504577,38,416.08,229,7839,42.49
AVGO,2026-08-11,2026-09-18,410.0,C,29.45,30.45,29.95,50.7451,0.577495,0.005745,-0.372241,0.525453,38,416.08,55,4366,42.49
AVGO,2026-08-11,2026-09-18,420.0,C,24.7,25.55,25.125,50.4338,0.518984,0.005885,-0.374434,0.534983,38,416.08,194,5320,42.49
AVGO,2026-08-11,2026-09-18,430.0,C,20.2,21.0,20.6,49.7228,0.459897,0.005946,-0.366014,0.532881,38,416.08,299,5970,42.49
AVGO,2026-08-11,2026-09-18,440.0,C,16.75,17.35,17.05,49.6557,0.403409,0.005808,-0.354983,0.519814,38,416.08,61,3967,42.49
AVGO,2026-08-11,2026-09-18,450.0,C,13.6,14.25,13.925,49.6648,0.350231,0.005557,-0.338453,0.497389,38,416.08,481,17352,42.49
AVGO,2026-08-11,2026-09-18,460.0,C,11.1,11.8,11.45,50.0676,0.302802,0.005194,-0.320457,0.468744,38,416.08,93,2978,42.49
AVGO,2026-08-11,2026-09-18,470.0,C,8.75,9.6,9.175,50.147,0.258428,0.004803,-0.296433,0.434105,38,416.08,62,3519,42.49
AVGO,2026-08-11,2026-09-18,480.0,C,7.2,7.55,7.375,49.6923,0.215667,0.004388,-0.265339,0.392978,38,416.08,488,3645,42.49
AVGO,2026-08-11,2026-09-18,490.0,C,5.5,6.0,5.75,49.6343,0.179632,0.003933,-0.236792,0.351826,38,416.08,89,5118,42.49
AVGO,2026-08-11,2026-09-18,500.0,C,4.55,4.8,4.675,49.793,0.149383,0.003478,-0.210379,0.312162,38,416.08,645,9302,42.49
AVGO,2026-08-11,2026-09-18,510.0,C,3.55,4.0,3.775,50.5864,0.126817,0.003062,-0.190794,0.279159,38,416.08,25,1863,42.49
AVGO,2026-08-11,2026-09-18,520.0,C,2.8,3.2,3.0,50.7939,0.104791,0.002663,-0.167049,0.243767,38,416.08,52,4488,42.49
AVGO,2026-08-11,2026-09-18,530.0,C,2.14,2.6,2.37,50.1226,0.082039,0.002252,-0.137402,0.203416,38,416.08,19,1802,42.49
AVGO,2026-08-11,2026-09-18,540.0,C,1.66,2.0,1.83,50.0737,0.065689,0.001902,-0.115683,0.171622,38,416.08,10,6353,42.49
AVGO,2026-08-11,2026-09-18,550.0,C,1.28,1.67,1.475,50.501,0.054009,0.001617,-0.099969,0.147213,38,416.08,27,470,42.49
AVGO,2026-08-11,2026-09-18,560.0,C,0.96,1.24,1.1,50.208,0.04193,0.001328,-0.081079,0.120198,38,416.08,47,2489,42.49
AVGO,2026-08-11,2026-09-18,570.0,C,0.86,1.13,0.995,51.6606,0.037402,0.001176,-0.075943,0.10953,38,416.08,6,1617,42.49
AVGO,2026-08-11,2026-09-18,580.0,C,0.53,0.94,0.735,51.3066,0.028706,0.000952,-0.060598,0.088064,38,416.08,12,1459,42.49
AVGO,2026-08-11,2026-09-18,590.0,C,0.4,0.81,0.605,51.856,0.023827,0.000806,-0.052373,0.075362,38,416.08,55,615,42.49
AVGO,2026-08-11,2026-09-18,600.0,C,0.43,0.71,0.57,53.4428,0.022002,0.000732,-0.050432,0.070468,38,416.08,211,16671,42.49
AVGO,2026-08-11,2026-09-18,610.0,C,0.24,0.63,0.435,53.3452,0.017254,0.000596,-0.040925,0.057322,38,416.08,10,11,42.49
AVGO,2026-08-11,2026-09-18,620.0,C,0.18,0.55,0.365,53.9555,0.014569,0.00051,-0.035784,0.049583,38,416.08,15,236,42.49
AVGO,2026-08-11,2026-09-18,630.0,C,0.17,0.33,0.25,53.1255,0.010396,0.000387,-0.026291,0.037013,38,416.08,19,159,42.49
AVGO,2026-08-11,2026-09-18,640.0,C,0.13,0.23,0.18,52.7837,0.007754,0.000301,-0.020196,0.02863,38,416.08,6,1203,42.49
AVGO,2026-08-11,2026-09-18,650.0,C,0.14,0.38,0.26,56.7875,0.010122,0.000353,-0.027425,0.036162,38,416.08,62,1245,42.49
AVGO,2026-08-11,2026-09-18,660.0,C,0.03,0.3,0.165,55.4692,0.00682,0.000256,-0.018935,0.025568,38,416.08,1,58,42.49
AVGO,2026-08-11,2026-09-18,670.0,C,0.01,0.33,0.17,57.227,0.006819,0.000248,-0.019521,0.025562,38,416.08,1,754,42.49
AVGO,2026-08-11,2026-09-18,680.0,C,0.01,0.3,0.155,58.1547,0.006152,0.000223,-0.018105,0.023338,38,416.08,2,811,42.49
AVGO,2026-08-11,2026-09-18,690.0,C,0.03,0.28,0.155,59.6684,0.006023,0.000213,-0.018222,0.022903,38,416.08,2,272,42.49
AVGO,2026-08-11,2026-09-18,700.0,C,0.01,0.27,0.14,60.4496,0.005392,0.000191,-0.016729,0.020761,38,416.08,2,270,42.49
AVGO,2026-08-11,2026-09-18,710.0,C,0.01,0.25,0.13,61.4262,0.004975,0.000175,-0.01582,0.019327,38,416.08,1,92,42.49
AVGO,2026-08-11,2026-09-18,720.0,C,0.01,0.24,0.125,62.5004,0.004673,0.000162,-0.015216,0.018275,38,416.08,17,140,42.49
AVGO,2026-08-11,2026-09-18,730.0,C,0.01,0.17,0.09,61.8168,0.003475,0.000126,-0.011541,0.014018,38,416.08,30,175,42.49
AVGO,2026-08-11,2026-09-18,740.0,C,0.01,0.13,0.07,61.7191,0.002784,0.000103,-0.009437,0.011483,38,416.08,52,678,42.49
AVGO,2026-08-11,2026-09-18,70.0,P,0.03,0.32,0.175,211.3286,-0.001535,1.8e-05,-0.018526,0.006692,38,416.08,2,656,42.49
AVGO,2026-08-11,2026-09-18,75.0,P,0.0,0.96,0.48,229.4926,-0.003579,3.5e-05,-0.043277,0.014397,38,416.08,537,1507,42.49
AVGO,2026-08-11,2026-09-18,80.0,P,0.0,0.76,0.38,214.2583,-0.003106,3.3e-05,-0.035566,0.012675,38,416.08,64,794,42.49
AVGO,2026-08-11,2026-09-18,85.0,P,0.0,0.28,0.14,183.9845,-0.001447,1.9e-05,-0.015275,0.00634,38,416.08,1,1689,42.49
AVGO,2026-08-11,2026-09-18,90.0,P,0.0,0.05,0.025,151.5627,-0.000358,6e-06,-0.003474,0.001751,38,416.08,15,1101,42.49
AVGO,2026-08-11,2026-09-18,95.0,P,0.0,0.28,0.14,171.2892,-0.001559,2.2e-05,-0.015218,0.006787,38,416.08,3,2602,42.49
AVGO,2026-08-11,2026-09-18,100.0,P,0.0,0.2,0.1,159.7658,-0.001219,1.9e-05,-0.011332,0.00542,38,416.08,34,1515,42.49
AVGO,2026-08-11,2026-09-18,105.0,P,0.0,0.4,0.2,166.4064,-0.002255,3.2e-05,-0.020664,0.009489,38,416.08,40,2098,42.49
AVGO,2026-08-11,2026-09-18,110.0,P,0.0,0.48,0.24,164.258,-0.002697,3.8e-05,-0.023979,0.011158,38,416.08,39,2939,42.49
AVGO,2026-08-11,2026-09-18,115.0,P,0.0,0.05,0.025,127.3441,-0.000412,9e-06,-0.003322,0.001994,38,416.08,5,256,42.49
AVGO,2026-08-11,2026-09-18,120.0,P,0.0,0.8,0.4,163.8674,-0.004354,5.8e-05,-0.036772,0.017157,38,416.08,2,512,42.49
AVGO,2026-08-11,2026-09-18,125.0,P,0.0,0.1,0.05,126.9535,-0.000816,1.6e-05,-0.006227,0.003751,38,416.08,686,1431,42.49
AVGO,2026-08-11,2026-09-18,130.0,P,0.0,0.1,0.05,122.6566,-0.000824,1.7e-05,-0.006069,0.003785,38,416.08,2,601,42.49
AVGO,2026-08-11,2026-09-18,135.0,P,0.0,1.73,0.865,165.967,-0.008729,0.000106,-0.068924,0.031768,38,416.08,942,578,42.49
AVGO,2026-08-11,2026-09-18,140.0,P,0.0,0.86,0.43,145.8011,-0.005251,7.7e-05,-0.038642,0.020279,38,416.08,200,229,42.49
AVGO,2026-08-11,2026-09-18,145.0,P,0.0,0.11,0.055,112.5004,-0.00098,2.2e-05,-0.006522,0.004437,38,416.08,2,520,42.49
AVGO,2026-08-11,2026-09-18,150.0,P,0.0,0.1,0.05,108.2036,-0.000942,2.2e-05,-0.006048,0.004279,38,416.08,4,3393,42.49
AVGO,2026-08-11,2026-09-18,155.0,P,0.0,0.76,0.38,130.8597,-0.005249,8.6e-05,-0.034647,0.020272,38,416.08,630,361,42.49
AVGO,2026-08-11,2026-09-18,160.0,P,0.0,0.1,0.05,101.563,-0.000994,2.5e-05,-0.00596,0.004495,38,416.08,2,512,42.49
AVGO,2026-08-11,2026-09-18,165.0,P,0.0,0.68,0.34,121.2895,-0.005099,9e-05,-0.031281,0.019755,38,416.08,1,406,42.49
AVGO,2026-08-11,2026-09-18,170.0,P,0.0,0.2,0.1,102.3442,-0.001942,4.5e-05,-0.01107,0.008288,38,416.08,1,461,42.49
AVGO,2026-08-11,2026-09-18,175.0,P,0.0,0.2,0.1,99.2188,-0.002004,4.8e-05,-0.011038,0.008527,38,416.08,3,580,42.49
AVGO,2026-08-11,2026-09-18,180.0,P,0.0,0.2,0.1,96.0938,-0.002052,5e-05,-0.010921,0.008713,38,416.08,118,856,42.49
AVGO,2026-08-11,2026-09-18,185.0,P,0.0,0.77,0.385,108.9848,-0.006355,0.000122,-0.034141,0.02402,38,416.08,138,562,42.49
AVGO,2026-08-11,2026-09-18,190.0,P,0.01,0.2,0.105,90.6251,-0.002255,5.8e-05,-0.011211,0.009489,38,416.08,14,648,42.49
AVGO,2026-08-11,2026-09-18,195.0,P,0.01,0.1,0.055,82.4221,-0.001362,4e-05,-0.006442,0.005997,38,416.08,125,1133,42.49
AVGO,2026-08-11,2026-09-18,200.0,P,0.01,0.14,0.075,82.2267,-0.001816,5.3e-05,-0.008354,0.007799,38,416.08,1,2377,42.49
AVGO,2026-08-11,2026-09-18,210.0,P,0.05,0.13,0.09,78.5158,-0.002248,6.7e-05,-0.009676,0.009466,38,416.08,10,3577,42.49
AVGO,2026-08-11,2026-09-18,220.0,P,0.06,0.1,0.08,72.6565,-0.002172,7e-05,-0.008671,0.009174,38,416.08,10,3815,42.49
AVGO,2026-08-11,2026-09-18,230.0,P,0.05,0.23,0.14,72.1682,-0.003694,0.000114,-0.013893,0.014809,38,416.08,10,3573,42.49
AVGO,2026-08-11,2026-09-18,240.0,P,0.05,0.2,0.125,66.6019,-0.003616,0.000121,-0.012567,0.014528,38,416.08,6,4378,42.49
AVGO,2026-08-11,2026-09-18,250.0,P,0.1,0.23,0.165,64.0629,-0.004846,0.000164,-0.015695,0.01888,38,416.08,298,12382,42.49
AVGO,2026-08-11,2026-09-18,260.0,P,0.17,0.21,0.19,60.5473,-0.005796,0.000203,-0.017372,0.022136,38,416.08,54,3746,42.49
AVGO,2026-08-11,2026-09-18,270.0,P,0.26,0.32,0.29,59.3266,-0.008771,0.000298,-0.024505,0.031902,38,416.08,70,3781,42.49
AVGO,2026-08-11,2026-09-18,280.0,P,0.36,0.44,0.4,57.3735,-0.012125,0.000409,-0.03139,0.04231,38,416.08,24,8854,42.49
AVGO,2026-08-11,2026-09-18,290.0,P,0.46,0.71,0.585,56.0795,-0.01756,0.000576,-0.042138,0.058188,38,416.08,43,3700,42.49
AVGO,2026-08-11,2026-09-18,300.0,P,0.69,0.88,0.785,54.102,-0.023667,0.000768,-0.052269,0.074937,38,416.08,331,9158,42.49
AVGO,2026-08-11,2026-09-18,310.0,P,0.99,1.26,1.125,52.8813,-0.033407,0.001048,-0.067948,0.099841,38,416.08,83,5888,42.49
AVGO,2026-08-11,2026-09-18,320.0,P,1.41,1.69,1.55,51.3921,-0.045543,0.001387,-0.084808,0.128488,38,416.08,61,14066,42.49
AVGO,2026-08-11,2026-09-18,330.0,P,2.0,2.35,2.175,50.2691,-0.062507,0.001822,-0.106361,0.165124,38,416.08,54,6752,42.49
AVGO,2026-08-11,2026-09-18,340.0,P,2.83,3.25,3.04,50.2324,-0.088367,0.002375,-0.138089,0.215064,38,416.08,204,5234,42.49
AVGO,2026-08-11,2026-09-18,350.0,P,4.15,4.4,4.275,49.1582,-0.116212,0.002963,-0.164461,0.262536,38,416.08,823,9729,42.49
AVGO,2026-08-11,2026-09-18,360.0,P,5.75,6.05,5.9,48.6455,-0.152545,0.00361,-0.195555,0.316543,38,416.08,419,6102,42.49
AVGO,2026-08-11,2026-09-18,370.0,P,7.8,8.15,7.975,48.1634,-0.195453,0.00427,-0.22582,0.370668,38,416.08,312,5118,42.49
AVGO,2026-08-11,2026-09-18,380.0,P,10.25,10.85,10.55,47.9223,-0.245398,0.00489,-0.254883,0.422411,38,416.08,596,7248,42.49
AVGO,2026-08-11,2026-09-18,390.0,P,13.65,14.05,13.85,47.5408,-0.300139,0.005449,-0.277941,0.466884,38,416.08,552,4783,42.49
AVGO,2026-08-11,2026-09-18,400.0,P,17.35,17.95,17.65,47.373,-0.359543,0.00588,-0.295914,0.502042,38,416.08,90,3904,42.49
AVGO,2026-08-11,2026-09-18,410.0,P,21.6,22.6,22.1,47.4401,-0.421494,0.006142,-0.307708,0.525186,38,416.08,291,5658,42.49
AVGO,2026-08-11,2026-09-18,420.0,P,27.05,27.7,27.375,47.1807,-0.484035,0.006293,-0.30894,0.535161,38,416.08,181,3237,42.49
AVGO,2026-08-11,2026-09-18,430.0,P,32.45,33.65,33.05,47.3699,-0.545173,0.006233,-0.305202,0.532153,38,416.08,146,1277,42.49
AVGO,2026-08-11,2026-09-18,440.0,P,38.85,39.8,39.325,46.8511,-0.605839,0.006118,-0.288803,0.516629,38,416.08,126,1576,42.49
AVGO,2026-08-11,2026-09-18,450.0,P,45.5,47.4,46.45,48.1298,-0.656157,0.005695,-0.280269,0.494016,38,416.08,69,498,42.49
AVGO,2026-08-11,2026-09-18,460.0,P,52.15,54.75,53.45,48.0016,-0.707258,0.005335,-0.25603,0.461574,38,416.08,208,832,42.49
AVGO,2026-08-11,2026-09-18,470.0,P,59.95,62.15,61.05,46.961,-0.758911,0.004943,-0.220079,0.418385,38,416.08,12,367,42.49
AVGO,2026-08-11,2026-09-18,480.0,P,68.6,70.85,69.725,48.1145,-0.79329,0.00442,-0.201893,0.38333,38,416.08,22,223,42.49
AVGO,2026-08-11,2026-09-18,490.0,P,76.7,79.95,78.325,49.7319,-0.819813,0.003933,-0.187831,0.352508,38,416.08,1,1036,42.49
AVGO,2026-08-11,2026-09-18,500.0,P,85.95,88.15,87.05,47.9436,-0.861093,0.00344,-0.142074,0.297225,38,416.08,1,292,42.49
AVGO,2026-08-11,2026-09-18,510.0,P,94.75,97.8,96.275,50.1714,-0.875412,0.003049,-0.135005,0.275726,38,416.08,2,166,42.49
AVGO,2026-08-11,2026-09-18,520.0,P,104.05,106.6,105.325,48.6089,-0.906303,0.002564,-0.094436,0.224613,38,416.08,2,97,42.49
AVGO,2026-08-11,2026-09-18,530.0,P,113.5,116.15,114.825,49.4573,-0.921078,0.002216,-0.077732,0.197548,38,416.08,1,93,42.49
AVGO,2026-08-11,2026-09-18,540.0,P,122.85,126.0,124.425,51.5019,-0.928172,0.001981,-0.072469,0.183864,38,416.08,1,141,42.49
AVGO,2026-08-11,2026-09-18,550.0,P,132.7,135.55,134.125,51.5508,-0.941918,0.001678,-0.052064,0.155901,38,416.08,4,21,42.49
AVGO,2026-08-11,2026-09-18,560.0,P,166.5,169.75,168.125,119.9101,-0.713726,0.002113,-0.673382,0.456756,38,416.08,10,34,42.49
AVGO,2026-08-11,2026-09-18,570.0,P,152.7,155.85,154.275,58.5087,-0.939709,0.001522,-0.067933,0.160533,38,416.08,1,0,42.49
AVGO,2026-08-11,2026-09-18,580.0,P,162.2,165.95,164.075,61.5971,-0.939704,0.001446,-0.073437,0.160543,38,416.08,3,0,42.49
AVGO,2026-08-11,2026-09-18,590.0,P,172.25,175.55,173.9,61.3529,-0.950078,0.001251,-0.053538,0.13829,38,416.08,2,3,42.49
AVGO,2026-08-11,2026-09-18,600.0,P,205.75,209.3,207.525,132.3673,-0.7371,0.001836,-0.710508,0.437956,38,416.08,1,0,42.49
AVGO,2026-08-11,2026-09-18,620.0,P,202.2,205.85,204.025,70.2396,-0.948385,0.001122,-0.070137,0.142012,38,416.08,34,0,42.49
AVGO,2026-08-11,2026-09-18,630.0,P,212.2,215.85,214.025,72.4124,-0.949713,0.001066,-0.070345,0.139096,38,416.08,17,0,42.49
AVGO,2026-08-11,2026-09-18,640.0,P,245.6,249.3,247.45,144.4552,-0.752518,0.00163,-0.749552,0.424329,38,416.08,13,0,42.49
AVGO,2026-08-11,2026-09-18,650.0,P,253.75,257.55,255.65,143.0789,-0.766401,0.001595,-0.715718,0.411196,38,416.08,40,0,42.49
AVGO,2026-08-11,2026-09-18,690.0,P,293.7,297.65,295.675,153.8485,-0.777245,0.001444,-0.747504,0.400352,38,416.08,2,0,42.49
AVGO,2026-08-11,2026-09-18,720.0,P,323.9,327.7,325.8,161.5816,-0.783388,0.001353,-0.771357,0.393974,38,416.08,0,0,42.49
AVGO,2026-08-11,2026-09-18,740.0,P,322.7,325.55,324.125,69.0433,-0.99297,0.000211,0.051193,0.026261,38,416.08,2,0,42.49
AVGO,2026-08-11,2026-09-25,380.0,C,48.85,51.25,50.05,50.5529,0.734235,0.004441,-0.295195,0.479227,45,416.08,1,3,42.49
AVGO,2026-08-11,2026-09-25,395.0,C,38.9,41.2,40.05,51.386,0.656842,0.004898,-0.330355,0.537192,45,416.08,0,1,42.49
AVGO,2026-08-11,2026-09-25,400.0,C,35.95,38.0,36.975,50.7024,0.631652,0.00509,-0.333203,0.550805,45,416.08,1,3,42.49
AVGO,2026-08-11,2026-09-25,410.0,C,30.45,32.45,31.45,50.1683,0.578379,0.005338,-0.33981,0.571551,45,416.08,126,1,42.49
AVGO,2026-08-11,2026-09-25,415.0,C,27.95,30.65,29.3,51.2242,0.551696,0.005286,-0.349204,0.577936,45,416.08,10,7,42.49
AVGO,2026-08-11,2026-09-25,420.0,C,26.2,27.65,26.925,50.0036,0.524149,0.005451,-0.342634,0.581768,45,416.08,18,11,42.49
AVGO,2026-08-11,2026-09-25,425.0,C,23.4,25.55,24.475,50.0951,0.497407,0.005451,-0.342895,0.582824,45,416.08,4,23,42.49
AVGO,2026-08-11,2026-09-25,430.0,C,21.9,23.4,22.65,49.8784,0.470476,0.00546,-0.339692,0.58124,45,416.08,25,57,42.49
AVGO,2026-08-11,2026-09-25,435.0,C,19.3,21.35,20.325,49.616,0.443639,0.005449,-0.334738,0.57701,45,416.08,3,18,42.49
AVGO,2026-08-11,2026-09-25,440.0,C,17.55,19.7,18.625,49.8296,0.418507,0.005365,-0.331681,0.570634,45,416.08,10,51,42.49
AVGO,2026-08-11,2026-09-25,445.0,C,15.85,18.0,16.925,49.7533,0.393203,0.005291,-0.325429,0.561826,45,416.08,7,13,42.49
AVGO,2026-08-11,2026-09-25,450.0,C,14.85,16.3,15.575,49.4695,0.367735,0.005214,-0.316528,0.550503,45,416.08,18,22,42.49
AVGO,2026-08-11,2026-09-25,455.0,C,13.35,15.25,14.3,50.1714,0.347008,0.005037,-0.31388,0.539434,45,416.08,1,4,42.49
AVGO,2026-08-11,2026-09-25,460.0,C,11.65,13.7,12.675,49.7625,0.322531,0.004935,-0.302109,0.524169,45,416.08,3,43,42.49
AVGO,2026-08-11,2026-09-25,470.0,C,9.45,11.95,10.7,51.0106,0.286001,0.004563,-0.29251,0.496823,45,416.08,5,9,42.49
AVGO,2026-08-11,2026-09-25,475.0,C,8.3,11.05,9.675,51.3646,0.268074,0.00439,-0.284952,0.481326,45,416.08,4,8,42.49
AVGO,2026-08-11,2026-09-25,480.0,C,7.4,9.85,8.625,50.916,0.246908,0.004244,-0.270385,0.461188,45,416.08,5,14,42.49
AVGO,2026-08-11,2026-09-25,485.0,C,7.1,8.95,8.025,50.9343,0.229079,0.004071,-0.259306,0.442619,45,416.08,4,1,42.49
AVGO,2026-08-11,2026-09-25,490.0,C,6.35,8.2,7.275,51.1357,0.213196,0.003892,-0.249568,0.424789,45,416.08,2,5,42.49
AVGO,2026-08-11,2026-09-25,495.0,C,5.15,7.05,6.1,50.1897,0.191786,0.003722,-0.229782,0.398734,45,416.08,4,11,42.49
AVGO,2026-08-11,2026-09-25,500.0,C,5.6,6.35,5.975,50.1531,0.1764,0.003536,-0.217766,0.378504,45,416.08,6,9,42.49
AVGO,2026-08-11,2026-09-25,510.0,C,3.4,6.0,4.7,52.5884,0.162303,0.003197,-0.215932,0.358798,45,416.08,13,17,42.49
AVGO,2026-08-11,2026-09-25,515.0,C,3.8,5.3,4.55,52.1916,0.147513,0.003024,-0.201066,0.33685,45,416.08,3,3,42.49
AVGO,2026-08-11,2026-09-25,520.0,C,3.45,4.9,4.175,50.208,0.124982,0.002806,-0.172639,0.300712,45,416.08,2,5,42.49
AVGO,2026-08-11,2026-09-25,530.0,C,2.79,4.15,3.47,50.6292,0.106282,0.00248,-0.15492,0.267995,45,416.08,1,4,42.49
AVGO,2026-08-11,2026-09-25,555.0,C,1.38,2.05,1.715,50.9526,0.067441,0.001753,-0.110566,0.190605,45,416.08,2,1,42.49
AVGO,2026-08-11,2026-09-25,560.0,C,0.96,2.59,1.775,50.6353,0.059847,0.001607,-0.10008,0.173685,45,416.08,3,3,42.49
AVGO,2026-08-11,2026-09-25,250.0,P,0.1,1.34,0.72,72.1682,-0.015574,0.000371,-0.045092,0.057141,45,416.08,2,2,42.49
AVGO,2026-08-11,2026-09-25,290.0,P,0.46,1.48,0.97,56.2749,-0.025646,0.000726,-0.053365,0.08723,45,416.08,1,1,42.49
AVGO,2026-08-11,2026-09-25,295.0,P,0.42,1.57,0.995,54.2485,-0.027125,0.00079,-0.053858,0.091414,45,416.08,2,2,42.49
AVGO,2026-08-11,2026-09-25,300.0,P,0.69,1.34,1.015,52.1855,-0.028597,0.000858,-0.054085,0.095531,45,416.08,11,2,42.49
AVGO,2026-08-11,2026-09-25,305.0,P,0.82,2.08,1.45,53.5649,-0.038385,0.001065,-0.070693,0.121743,45,416.08,3,2,42.49
AVGO,2026-08-11,2026-09-25,310.0,P,1.02,1.81,1.415,50.9771,-0.039253,0.001139,-0.068426,0.123981,45,416.08,2,9,42.49
AVGO,2026-08-11,2026-09-25,315.0,P,1.1,2.76,1.93,52.0635,-0.050611,0.001369,-0.085683,0.152143,45,416.08,2,3,42.49
AVGO,2026-08-11,2026-09-25,320.0,P,1.79,3.6,2.695,53.8152,-0.065737,0.001627,-0.108692,0.186867,45,416.08,32,26,42.49
AVGO,2026-08-11,2026-09-25,330.0,P,2.26,4.15,3.205,51.1235,-0.079772,0.001986,-0.119421,0.216727,45,416.08,13,5,42.49
AVGO,2026-08-11,2026-09-25,340.0,P,2.93,4.4,3.665,50.5742,-0.105316,0.002466,-0.144716,0.266232,45,416.08,3423,19,42.49
AVGO,2026-08-11,2026-09-25,345.0,P,4.1,5.15,4.625,50.4155,-0.120449,0.002723,-0.158538,0.293021,45,416.08,17,331,42.49
AVGO,2026-08-11,2026-09-25,350.0,P,4.95,5.7,5.325,49.3718,-0.133321,0.002984,-0.166315,0.314485,45,416.08,34,465,42.49
AVGO,2026-08-11,2026-09-25,355.0,P,5.85,6.6,6.225,49.1582,-0.150866,0.003259,-0.179734,0.341943,45,416.08,13,12,42.49
AVGO,2026-08-11,2026-09-25,360.0,P,6.7,8.15,7.425,50.3484,-0.175325,0.003509,-0.2027,0.377041,45,416.08,29,37,42.49
AVGO,2026-08-11,2026-09-25,365.0,P,7.8,8.7,8.25,48.6944,-0.189849,0.003813,-0.205498,0.396259,45,416.08,12,80,42.49
AVGO,2026-08-11,2026-09-25,370.0,P,9.0,10.25,9.625,49.2193,-0.214125,0.004054,-0.222817,0.425866,45,416.08,31,576,42.49
AVGO,2026-08-11,2026-09-25,375.0,P,10.2,11.45,10.825,48.6577,-0.235522,0.004328,-0.231913,0.449503,45,416.08,13,14,42.49
AVGO,2026-08-11,2026-09-25,380.0,P,10.85,12.85,11.85,48.2793,-0.258828,0.004588,-0.24138,0.472778,45,416.08,31,33,42.49
AVGO,2026-08-11,2026-09-25,390.0,P,15.05,16.1,15.575,47.6812,-0.309307,0.00506,-0.258095,0.514912,45,416.08,68,22,42.49
AVGO,2026-08-11,2026-09-25,395.0,P,16.65,18.45,17.55,48.3434,-0.33788,0.005175,-0.270702,0.534022,45,416.08,2,5,42.49
AVGO,2026-08-11,2026-09-25,400.0,P,18.15,20.85,19.5,48.8042,-0.365982,0.005276,-0.280469,0.549632,45,416.08,12,23,42.49
AVGO,2026-08-11,2026-09-25,405.0,P,20.75,23.2,21.975,48.908,-0.393652,0.005384,-0.286415,0.562003,45,416.08,2,8,42.49
AVGO,2026-08-11,2026-09-25,410.0,P,23.1,25.45,24.275,48.5906,-0.421312,0.00551,-0.288141,0.571462,45,416.08,1,27,42.49
AVGO,2026-08-11,2026-09-25,415.0,P,26.1,28.15,27.125,48.8103,-0.449197,0.005549,-0.291684,0.578104,45,416.08,25,26,42.49
AVGO,2026-08-11,2026-09-25,420.0,P,28.65,31.0,29.825,49.0453,-0.476732,0.005558,-0.293777,0.581845,45,416.08,7,32,42.49
AVGO,2026-08-11,2026-09-25,425.0,P,31.5,33.4,32.45,48.2854,-0.505273,0.005655,-0.287917,0.582786,45,416.08,5,18,42.49
AVGO,2026-08-11,2026-09-25,430.0,P,33.7,36.25,34.975,48.0627,-0.533221,0.005662,-0.283948,0.580815,45,416.08,2,1,42.49
AVGO,2026-08-11,2026-09-25,485.0,P,73.75,76.95,75.35,48.8378,-0.782673,0.004121,-0.192159,0.429546,45,416.08,1,1,42.49
AVGO,2026-08-11,2026-10-16,155.0,C,259.95,263.7,261.825,109.4731,0.991069,0.000125,-0.050712,0.042718,66,416.08,1,1,42.49
AVGO,2026-08-11,2026-10-16,165.0,C,242.95,246.85,244.9,0.001,1.0,0.0,-0.016748,0.0,66,416.08,0,0,42.49
AVGO,2026-08-11,2026-10-16,175.0,C,222.0,225.45,223.725,0.001,1.0,0.0,-0.017763,0.0,66,416.08,1,1,42.49
AVGO,2026-08-11,2026-10-16,180.0,C,235.3,238.75,237.025,97.5586,0.987568,0.000187,-0.05977,0.056983,66,416.08,1,45,42.49
AVGO,2026-08-11,2026-10-16,190.0,C,225.4,228.85,227.125,93.2862,0.985787,0.000219,-0.063791,0.063966,66,416.08,1,6,42.49
AVGO,2026-08-11,2026-10-16,195.0,C,200.2,203.9,202.05,0.001,1.0,0.0,-0.019793,0.0,66,416.08,1,29,42.49
AVGO,2026-08-11,2026-10-16,200.0,C,215.5,219.2,217.35,90.6739,0.982579,0.000268,-0.071763,0.076167,66,416.08,1,70,42.49
AVGO,2026-08-11,2026-10-16,210.0,C,205.65,209.2,207.425,86.1085,0.980722,0.000308,-0.074536,0.083032,66,416.08,14,27,42.49
AVGO,2026-08-11,2026-10-16,220.0,C,195.75,198.85,197.3,79.5168,0.980944,0.00033,-0.070938,0.082221,66,416.08,1,59,42.49
AVGO,2026-08-11,2026-10-16,230.0,C,164.3,167.2,165.75,0.001,1.0,0.0,-0.023346,0.0,66,416.08,1,38,42.49
AVGO,2026-08-11,2026-10-16,240.0,C,176.05,179.2,177.625,72.9373,0.974466,0.000461,-0.081291,0.105253,66,416.08,14,56,42.49
AVGO,2026-08-11,2026-10-16,250.0,C,166.25,169.8,168.025,71.3626,0.968035,0.000568,-0.092429,0.126876,66,416.08,1,31,42.49
AVGO,2026-08-11,2026-10-16,260.0,C,156.4,160.3,158.35,68.8236,0.962134,0.000677,-0.100594,0.14581,66,416.08,13,96,42.49
AVGO,2026-08-11,2026-10-16,270.0,C,147.25,150.0,148.625,65.784,0.95636,0.000794,-0.106851,0.163608,66,416.08,2,89,42.49
AVGO,2026-08-11,2026-10-16,280.0,C,137.15,140.4,138.775,61.9755,0.951575,0.000917,-0.109626,0.177874,66,416.08,1,54,42.49
AVGO,2026-08-11,2026-10-16,290.0,C,127.65,130.9,129.275,59.8393,0.942075,0.001094,-0.119619,0.205024,66,416.08,3,100,42.49
AVGO,2026-08-11,2026-10-16,300.0,C,118.25,121.5,119.875,57.8007,0.930716,0.001303,-0.130356,0.235689,66,416.08,8,276,42.49
AVGO,2026-08-11,2026-10-16,310.0,C,109.0,112.3,110.65,56.0429,0.916578,0.001547,-0.142752,0.271474,66,416.08,23,297,42.49
AVGO,2026-08-11,2026-10-16,320.0,C,100.0,103.3,101.65,54.5598,0.899156,0.001829,-0.156805,0.31242,66,416.08,1,131,42.49
AVGO,2026-08-11,2026-10-16,330.0,C,91.85,94.4,93.125,53.8762,0.876101,0.002146,-0.175305,0.361971,66,416.08,51,645,42.49
AVGO,2026-08-11,2026-10-16,340.0,C,83.0,86.2,84.6,52.5395,0.852159,0.002484,-0.190036,0.408551,66,416.08,1,193,42.49
AVGO,2026-08-11,2026-10-16,350.0,C,75.3,77.9,76.6,51.7888,0.822791,0.002836,-0.207361,0.459718,66,416.08,14,705,42.49
AVGO,2026-08-11,2026-10-16,360.0,C,67.8,70.3,69.05,51.2639,0.78932,0.003184,-0.224758,0.510885,66,416.08,3,461,42.49
AVGO,2026-08-11,2026-10-16,370.0,C,60.7,62.4,61.55,50.1653,0.754434,0.003546,-0.237282,0.556898,66,416.08,60,834,42.49
AVGO,2026-08-11,2026-10-16,380.0,C,54.1,55.5,54.8,50.8367,0.71188,0.003794,-0.256993,0.60379,66,416.08,6,1348,42.49
AVGO,2026-08-11,2026-10-16,390.0,C,47.95,49.2,48.575,50.3453,0.67036,0.004064,-0.267623,0.64047,66,416.08,9,836,42.49
AVGO,2026-08-11,2026-10-16,400.0,C,42.25,43.4,42.825,49.9486,0.626848,0.004284,-0.275572,0.669862,66,416.08,29,3564,42.49
AVGO,2026-08-11,2026-10-16,410.0,C,36.85,38.15,37.5,49.7014,0.582087,0.00444,-0.280865,0.690855,66,416.08,59,16623,42.49
AVGO,2026-08-11,2026-10-16,420.0,C,32.0,33.25,32.625,49.3169,0.536771,0.004553,-0.281917,0.70285,66,416.08,35,1714,42.49
AVGO,2026-08-11,2026-10-16,430.0,C,27.85,29.0,28.425,49.2254,0.491891,0.00458,-0.28103,0.705704,66,416.08,117,2683,42.49
AVGO,2026-08-11,2026-10-16,440.0,C,24.0,25.2,24.6,49.1674,0.448063,0.004547,-0.277078,0.69986,66,416.08,280,28151,42.49
AVGO,2026-08-11,2026-10-16,450.0,C,20.55,21.75,21.15,49.0331,0.405449,0.004469,-0.269742,0.685932,66,416.08,258,4734,42.49
AVGO,2026-08-11,2026-10-16,460.0,C,17.6,18.8,18.2,49.0789,0.365361,0.00433,-0.260899,0.66526,66,416.08,186,1723,42.49
AVGO,2026-08-11,2026-10-16,470.0,C,14.95,16.2,15.575,49.1277,0.327596,0.004154,-0.24999,0.638866,66,416.08,33,4108,42.49
AVGO,2026-08-11,2026-10-16,480.0,C,12.7,13.9,13.3,49.1521,0.292202,0.00395,-0.237271,0.607783,66,416.08,48,1770,42.49
AVGO,2026-08-11,2026-10-16,490.0,C,10.8,11.9,11.35,49.1979,0.259521,0.003723,-0.223472,0.573355,66,416.08,52,2584,42.49
AVGO,2026-08-11,2026-10-16,500.0,C,9.1,9.9,9.5,48.7523,0.226607,0.003491,-0.20536,0.532776,66,416.08,91,3633,42.49
AVGO,2026-08-11,2026-10-16,520.0,C,6.4,7.1,6.75,48.7859,0.174002,0.002976,-0.174598,0.454429,66,416.08,47,1551,42.49
AVGO,2026-08-11,2026-10-16,540.0,C,4.75,5.4,5.075,49.7869,0.137054,0.00249,-0.151652,0.38814,66,416.08,18,1492,42.49
AVGO,2026-08-11,2026-10-16,560.0,C,3.4,3.8,3.6,49.7136,0.102469,0.002031,-0.122995,0.316077,66,416.08,33,3239,42.49
AVGO,2026-08-11,2026-10-16,580.0,C,2.19,2.83,2.51,50.3728,0.078966,0.001652,-0.102453,0.260459,66,416.08,28,469,42.49
AVGO,2026-08-11,2026-10-16,600.0,C,1.73,1.92,1.825,50.0615,0.056891,0.00129,-0.078878,0.202139,66,416.08,237,1054,42.49
AVGO,2026-08-11,2026-10-16,620.0,C,1.18,1.35,1.265,50.1836,0.041751,0.001005,-0.061648,0.157862,66,416.08,8,866,42.49
AVGO,2026-08-11,2026-10-16,630.0,C,0.84,1.37,1.105,50.0493,0.035062,0.000874,-0.053286,0.136913,66,416.08,16,141,42.49
AVGO,2026-08-11,2026-10-16,640.0,C,0.7,1.14,0.92,50.0859,0.029811,0.000764,-0.046612,0.119759,66,416.08,1,160,42.49
AVGO,2026-08-11,2026-10-16,650.0,C,0.44,1.08,0.76,50.0737,0.02518,0.000664,-0.040454,0.10403,66,416.08,21,557,42.49
AVGO,2026-08-11,2026-10-16,660.0,C,0.5,1.03,0.765,51.5142,0.024659,0.000634,-0.040861,0.102222,66,416.08,1,522,42.49
AVGO,2026-08-11,2026-10-16,670.0,C,0.36,0.93,0.645,51.6118,0.021167,0.000556,-0.035976,0.089883,66,416.08,10,26,42.49
AVGO,2026-08-11,2026-10-16,680.0,C,0.29,0.77,0.53,51.5142,0.017772,0.00048,-0.030935,0.077475,66,416.08,350,35,42.49
AVGO,2026-08-11,2026-10-16,690.0,C,0.23,0.5,0.365,50.2935,0.012985,0.000376,-0.023058,0.05917,66,416.08,12,172,42.49
AVGO,2026-08-11,2026-10-16,700.0,C,0.3,0.58,0.44,52.7104,0.014677,0.000399,-0.026838,0.065761,66,416.08,15,386,42.49
AVGO,2026-08-11,2026-10-16,710.0,C,0.17,0.65,0.41,53.4428,0.013616,0.000368,-0.025494,0.061645,66,416.08,1,5,42.49
AVGO,2026-08-11,2026-10-16,720.0,C,0.11,0.62,0.365,53.8091,0.012138,0.000331,-0.023231,0.055815,66,416.08,1,239,42.49
AVGO,2026-08-11,2026-10-16,730.0,C,0.07,0.5,0.285,53.3696,0.0098,0.000277,-0.019119,0.046331,66,416.08,72,481,42.49
AVGO,2026-08-11,2026-10-16,740.0,C,0.13,0.53,0.33,55.4204,0.010817,0.000291,-0.021627,0.050497,66,416.08,103,322,42.49
AVGO,2026-08-11,2026-10-16,155.0,P,0.0,0.22,0.11,86.5236,-0.00195,4e-05,-0.007093,0.010963,66,416.08,35,122,42.49
AVGO,2026-08-11,2026-10-16,160.0,P,0.0,0.3,0.15,86.7189,-0.0026,5.2e-05,-0.009223,0.014227,66,416.08,4,444,42.49
AVGO,2026-08-11,2026-10-16,165.0,P,0.0,0.28,0.14,83.3986,-0.00252,5.3e-05,-0.008619,0.013831,66,416.08,6,176,42.49
AVGO,2026-08-11,2026-10-16,170.0,P,0.01,0.22,0.115,79.1018,-0.002191,4.9e-05,-0.007199,0.012186,66,416.08,24,199,42.49
AVGO,2026-08-11,2026-10-16,175.0,P,0.0,0.3,0.15,79.0041,-0.002837,6.2e-05,-0.009078,0.015391,66,416.08,2,171,42.49
AVGO,2026-08-11,2026-10-16,180.0,P,0.0,0.31,0.155,76.8557,-0.002998,6.7e-05,-0.00928,0.01618,66,416.08,169,356,42.49
AVGO,2026-08-11,2026-10-16,185.0,P,0.0,0.32,0.16,74.7073,-0.003153,7.2e-05,-0.009432,0.016928,66,416.08,8,203,42.49
AVGO,2026-08-11,2026-10-16,190.0,P,0.03,0.33,0.18,73.4378,-0.003596,8.3e-05,-0.010431,0.019052,66,416.08,4,2428,42.49
AVGO,2026-08-11,2026-10-16,195.0,P,0.07,0.32,0.195,71.8265,-0.003952,9.2e-05,-0.011097,0.020735,66,416.08,6,90,42.49
AVGO,2026-08-11,2026-10-16,200.0,P,0.02,0.17,0.095,64.2582,-0.00224,6.2e-05,-0.005948,0.012431,66,416.08,109,428,42.49
AVGO,2026-08-11,2026-10-16,210.0,P,0.05,0.23,0.14,62.891,-0.003306,9e-05,-0.008265,0.017669,66,416.08,4,251,42.49
AVGO,2026-08-11,2026-10-16,220.0,P,0.03,0.24,0.135,58.5942,-0.003372,9.8e-05,-0.007827,0.017983,66,416.08,7,1481,42.49
AVGO,2026-08-11,2026-10-16,230.0,P,0.2,0.36,0.28,59.8637,-0.006523,0.000173,-0.014389,0.032395,66,416.08,1,2201,42.49
AVGO,2026-08-11,2026-10-16,240.0,P,0.24,0.52,0.38,58.3012,-0.008879,0.000233,-0.018359,0.042498,66,416.08,11,2215,42.49
AVGO,2026-08-11,2026-10-16,250.0,P,0.25,0.7,0.475,56.1528,-0.011273,0.000298,-0.021744,0.052342,66,416.08,96,2744,42.49
AVGO,2026-08-11,2026-10-16,260.0,P,0.58,0.75,0.665,55.0297,-0.015574,0.000402,-0.028127,0.069201,66,416.08,69,845,42.49
AVGO,2026-08-11,2026-10-16,270.0,P,0.71,0.87,0.79,52.5884,-0.018954,0.000497,-0.031731,0.081847,66,416.08,54,2553,42.49
AVGO,2026-08-11,2026-10-16,280.0,P,0.89,1.18,1.035,51.0747,-0.024801,0.000642,-0.038596,0.102717,66,416.08,129,2944,42.49
AVGO,2026-08-11,2026-10-16,290.0,P,1.26,1.62,1.44,50.2446,-0.033774,0.000844,-0.04897,0.132766,66,416.08,32,1575,42.49
AVGO,2026-08-11,2026-10-16,300.0,P,1.86,2.11,1.985,50.1836,-0.04735,0.001112,-0.064213,0.174705,66,416.08,95,4586,42.49
AVGO,2026-08-11,2026-10-16,310.0,P,2.57,3.1,2.835,50.5193,-0.065676,0.00143,-0.083472,0.226145,66,416.08,158,2919,42.49
AVGO,2026-08-11,2026-10-16,320.0,P,3.25,4.05,3.65,49.6831,-0.083744,0.001751,-0.098539,0.27226,66,416.08,120,5935,42.49
AVGO,2026-08-11,2026-10-16,330.0,P,4.5,5.3,4.9,49.0728,-0.106123,0.00211,-0.115522,0.324207,66,416.08,135,4473,42.49
AVGO,2026-08-11,2026-10-16,340.0,P,5.95,6.85,6.4,48.5143,-0.132494,0.002497,-0.133105,0.379232,66,416.08,186,4750,42.49
AVGO,2026-08-11,2026-10-16,350.0,P,7.75,8.5,8.125,47.4676,-0.160807,0.002907,-0.147679,0.43191,66,416.08,79,3429,42.49
AVGO,2026-08-11,2026-10-16,360.0,P,9.95,10.7,10.325,46.903,-0.195055,0.003323,-0.164057,0.487897,66,416.08,73,2120,42.49
AVGO,2026-08-11,2026-10-16,370.0,P,12.65,13.75,13.2,47.1563,-0.235997,0.003692,-0.18335,0.544981,66,416.08,35,2272,42.49
AVGO,2026-08-11,2026-10-16,380.0,P,15.75,16.95,16.35,46.8328,-0.27796,0.004048,-0.197124,0.593474,66,416.08,77,4421,42.49
AVGO,2026-08-11,2026-10-16,390.0,P,19.4,20.7,20.05,46.6467,-0.322932,0.004349,-0.208728,0.635127,66,416.08,37,2132,42.49
AVGO,2026-08-11,2026-10-16,400.0,P,23.65,24.8,24.225,46.2591,-0.369566,0.004611,-0.215921,0.667779,66,416.08,507,2873,42.49
AVGO,2026-08-11,2026-10-16,410.0,P,28.4,29.3,28.85,45.7586,-0.417769,0.004823,-0.218878,0.690802,66,416.08,34,2808,42.49
AVGO,2026-08-11,2026-10-16,420.0,P,33.8,34.7,34.25,45.8471,-0.466538,0.004901,-0.221098,0.703366,66,416.08,17,658,42.49
AVGO,2026-08-11,2026-10-16,430.0,P,39.15,40.7,39.925,46.1095,-0.514119,0.004887,-0.220591,0.705408,66,416.08,37,275,42.49
AVGO,2026-08-11,2026-10-16,440.0,P,45.25,46.65,45.95,45.6518,-0.562037,0.004879,-0.212712,0.697298,66,416.08,226,677,42.49
AVGO,2026-08-11,2026-10-16,450.0,P,51.55,53.3,52.425,45.5755,-0.607451,0.004767,-0.203773,0.68009,66,416.08,4,479,42.49
AVGO,2026-08-11,2026-10-16,460.0,P,58.2,60.7,59.45,46.0241,-0.648186,0.004557,-0.195414,0.656577,66,416.08,3,140,42.49
AVGO,2026-08-11,2026-10-16,470.0,P,66.4,68.2,67.3,46.0912,-0.687692,0.00434,-0.182714,0.626211,66,416.08,1,54,42.49
AVGO,2026-08-11,2026-10-16,480.0,P,73.3,76.4,74.85,46.7901,-0.720684,0.004061,-0.172698,0.594883,66,416.08,202,103,42.49
AVGO,2026-08-11,2026-10-16,490.0,P,82.0,84.5,83.25,46.8572,-0.754032,0.0038,-0.157457,0.557386,66,416.08,15,44,42.49
AVGO,2026-08-11,2026-10-16,500.0,P,90.1,92.8,91.45,46.8023,-0.785174,0.003527,-0.140651,0.516731,66,416.08,6,21,42.49
AVGO,2026-08-11,2026-10-16,520.0,P,107.15,109.65,108.4,45.6304,-0.845482,0.002945,-0.098618,0.420736,66,416.08,6,43,42.49
AVGO,2026-08-11,2026-10-16,540.0,P,125.25,127.65,126.45,45.0933,-0.890367,0.002351,-0.062831,0.331895,66,416.08,1,3,42.49
AVGO,2026-08-11,2026-10-16,580.0,P,162.9,165.75,164.325,46.0577,-0.94104,0.001442,-0.015977,0.207895,66,416.08,1,9,42.49
AVGO,2026-08-11,2026-10-16,600.0,P,182.75,185.85,184.3,50.1653,-0.942684,0.001295,-0.018601,0.203328,66,416.08,1,0,42.49
AVGO,2026-08-11,2026-10-16,630.0,P,212.2,215.95,214.075,55.7988,-0.945345,0.001121,-0.020948,0.195843,66,416.08,10,10,42.49
AVGO,2026-08-11,2026-10-16,640.0,P,259.5,262.2,260.85,132.4192,-0.681241,0.001524,-0.578512,0.631691,66,416.08,2,2,42.49
AVGO,2026-08-11,2026-10-16,650.0,P,253.9,257.8,255.85,109.5341,-0.761267,0.001599,-0.397023,0.548442,66,416.08,5,0,42.49
AVGO,2026-08-11,2026-10-16,660.0,P,263.95,267.8,265.875,111.6978,-0.764131,0.001558,-0.401808,0.544818,66,416.08,25,0,42.49
AVGO,2026-08-11,2026-10-16,690.0,P,293.7,297.55,295.625,117.2917,-0.773745,0.00145,-0.410357,0.532309,66,416.08,2,0,42.49
AVGO,2026-08-11,2026-10-16,730.0,P,312.25,315.85,314.05,70.0442,-0.956905,0.000739,-0.013475,0.161959,66,416.08,0,0,42.49
