symbol,quote_date,expiration,strike,option_type,bid,ask,mid,implied_volatility,delta,gamma,theta,vega,dte,underlying_price,volume,open_interest,iv_rank
AVGO,2026-08-19,2026-08-26,340.0,C,21.85,24.4,23.125,43.6285,0.864686,0.00993,-0.3695,0.109163,7,362.48,2,0,31.8
AVGO,2026-08-19,2026-08-26,380.0,C,1.98,2.89,2.435,41.4557,0.217364,0.01413,-0.444809,0.147605,7,362.48,400,156,31.8
AVGO,2026-08-19,2026-08-26,385.0,C,1.3,2.25,1.775,43.421,0.168401,0.01154,-0.397588,0.126259,7,362.48,182,66,31.8
AVGO,2026-08-19,2026-08-26,387.5,C,1.0,1.96,1.48,44.1534,0.146993,0.010378,-0.369396,0.115467,7,362.48,14,42,31.8
AVGO,2026-08-19,2026-08-26,390.0,C,0.81,1.24,1.025,40.7599,0.104628,0.008864,-0.26881,0.091044,7,362.48,237,33,31.8
AVGO,2026-08-19,2026-08-26,392.5,C,0.22,1.53,0.875,45.9478,0.113623,0.008344,-0.3211,0.096603,7,362.48,56,19,31.8
AVGO,2026-08-19,2026-08-26,395.0,C,0.51,0.9,0.705,42.0172,0.075607,0.006753,-0.217283,0.071496,7,362.48,39,58,31.8
AVGO,2026-08-19,2026-08-26,397.5,C,0.19,0.94,0.565,44.7759,0.074247,0.00625,-0.228174,0.070513,7,362.48,38,46,31.8
AVGO,2026-08-19,2026-08-26,400.0,C,0.35,0.62,0.485,42.7496,0.052387,0.004988,-0.165943,0.05373,7,362.48,188,172,31.8
AVGO,2026-08-19,2026-08-26,402.5,C,0.16,1.03,0.595,50.3179,0.072438,0.005457,-0.251278,0.069195,7,362.48,18,28,31.8
AVGO,2026-08-19,2026-08-26,405.0,C,0.12,0.45,0.285,43.9459,0.0375,0.003706,-0.130175,0.041042,7,362.48,40,75,31.8
AVGO,2026-08-19,2026-08-26,407.5,C,0.07,0.88,0.475,52.7348,0.059755,0.004486,-0.226651,0.059606,7,362.48,10,8,31.8
AVGO,2026-08-19,2026-08-26,410.0,C,0.22,0.35,0.285,45.606,0.028217,0.002825,-0.106754,0.03246,7,362.48,121,54,31.8
AVGO,2026-08-19,2026-08-26,412.5,C,0.01,0.78,0.395,55.4204,0.05085,0.003757,-0.209527,0.052472,7,362.48,6,103,31.8
AVGO,2026-08-19,2026-08-26,415.0,C,0.16,0.74,0.45,51.5142,0.032079,0.002781,-0.13399,0.036103,7,362.48,10,75,31.8
AVGO,2026-08-19,2026-08-26,417.5,C,0.01,0.72,0.365,51.3677,0.02613,0.002352,-0.112638,0.030444,7,362.48,2,67,31.8
AVGO,2026-08-19,2026-08-26,420.0,C,0.05,0.3,0.175,51.4165,0.02154,0.001998,-0.095821,0.025881,7,362.48,36,75,31.8
AVGO,2026-08-19,2026-08-26,422.5,C,0.05,0.68,0.365,54.8833,0.024501,0.002086,-0.113958,0.028846,7,362.48,1,37,31.8
AVGO,2026-08-19,2026-08-26,425.0,C,0.05,0.54,0.295,54.688,0.019998,0.001764,-0.09565,0.024303,7,362.48,3,64,31.8
AVGO,2026-08-19,2026-08-26,427.5,C,0.05,0.24,0.145,50.6841,0.010574,0.0011,-0.051228,0.014046,7,362.48,3,7,31.8
AVGO,2026-08-19,2026-08-26,430.0,C,0.02,0.31,0.165,53.1255,0.011442,0.001124,-0.057498,0.015044,7,362.48,2,108,31.8
AVGO,2026-08-19,2026-08-26,432.5,C,0.03,0.36,0.195,55.9575,0.012834,0.001179,-0.066883,0.016619,7,362.48,6,9,31.8
AVGO,2026-08-19,2026-08-26,435.0,C,0.03,0.38,0.205,57.9106,0.013036,0.001154,-0.070139,0.016844,7,362.48,6,19,31.8
AVGO,2026-08-19,2026-08-26,437.5,C,0.01,0.52,0.265,61.768,0.015856,0.001281,-0.088534,0.019938,7,362.48,5,17,31.8
AVGO,2026-08-19,2026-08-26,440.0,C,0.02,0.56,0.29,64.2093,0.016706,0.001289,-0.09622,0.02085,7,362.48,13,38,31.8
AVGO,2026-08-19,2026-08-26,442.5,C,0.01,0.54,0.275,65.2347,0.015582,0.001195,-0.092079,0.019642,7,362.48,1,20,31.8
AVGO,2026-08-19,2026-08-26,445.0,C,0.01,0.6,0.305,67.8226,0.016618,0.001215,-0.101144,0.020756,7,362.48,1,38,31.8
AVGO,2026-08-19,2026-08-26,447.5,C,0.01,0.61,0.31,69.5316,0.016474,0.001176,-0.102903,0.020602,7,362.48,1,22,31.8
AVGO,2026-08-19,2026-08-26,450.0,C,0.02,0.61,0.315,71.2405,0.016352,0.00114,-0.104751,0.020471,7,362.48,12,58,31.8
AVGO,2026-08-19,2026-08-26,452.5,C,0.01,0.49,0.25,70.3128,0.01314,0.000957,-0.085644,0.01696,7,362.48,7,45,31.8
AVGO,2026-08-19,2026-08-26,455.0,C,0.01,0.59,0.3,73.7307,0.015064,0.001027,-0.101021,0.01908,7,362.48,3,163,31.8
AVGO,2026-08-19,2026-08-26,457.5,C,0.0,0.6,0.3,75.1956,0.014749,0.000989,-0.101159,0.018737,7,362.48,5,3,31.8
AVGO,2026-08-19,2026-08-26,460.0,C,0.02,0.6,0.31,77.051,0.014895,0.000973,-0.104522,0.018896,7,362.48,140,37,31.8
AVGO,2026-08-19,2026-08-26,465.0,C,0.0,0.42,0.21,75.6838,0.010247,0.000717,-0.074245,0.013667,7,362.48,5,6,31.8
AVGO,2026-08-19,2026-08-26,470.0,C,0.0,0.44,0.22,78.9065,0.010278,0.000689,-0.077593,0.013702,7,362.48,3,7,31.8
AVGO,2026-08-19,2026-08-26,480.0,C,0.0,0.58,0.29,87.549,0.012234,0.000723,-0.100136,0.015944,7,362.48,0,1,31.8
AVGO,2026-08-19,2026-08-26,485.0,C,0.0,0.43,0.215,86.6212,0.009101,0.000565,-0.076559,0.012322,7,362.48,5,6,31.8
AVGO,2026-08-19,2026-08-26,500.0,C,0.0,1.71,0.855,115.7719,0.027331,0.001084,-0.262331,0.031609,7,362.48,14,15,31.8
AVGO,2026-08-19,2026-08-26,505.0,C,0.0,1.74,0.87,118.9945,0.027084,0.001046,-0.267569,0.03137,7,362.48,0,1,31.8
AVGO,2026-08-19,2026-08-26,555.0,C,0.0,1.88,0.94,147.4124,0.023784,0.000757,-0.297062,0.028135,7,362.48,0,9,31.8
AVGO,2026-08-19,2026-08-26,560.0,C,0.0,1.88,0.94,149.9026,0.023401,0.000735,-0.297972,0.027754,7,362.48,0,2,31.8
AVGO,2026-08-19,2026-08-26,290.0,P,0.01,0.24,0.125,66.2113,-0.006449,0.000545,-0.042784,0.009098,7,362.48,8,1,31.8
AVGO,2026-08-19,2026-08-26,310.0,P,0.07,0.35,0.21,52.3442,-0.013777,0.00134,-0.06554,0.017668,7,362.48,17,8,31.8
AVGO,2026-08-19,2026-08-26,315.0,P,0.06,0.48,0.27,55.1274,-0.029615,0.002433,-0.131938,0.033791,7,362.48,3,6,31.8
AVGO,2026-08-19,2026-08-26,320.0,P,0.01,0.64,0.325,53.0278,-0.0406,0.003277,-0.164303,0.043784,7,362.48,22,1,31.8
AVGO,2026-08-19,2026-08-26,335.0,P,0.1,0.88,0.49,40.0152,-0.071705,0.006809,-0.193539,0.068658,7,362.48,36,3,31.8
AVGO,2026-08-19,2026-08-26,340.0,P,0.51,1.45,0.98,39.7467,-0.114378,0.009691,-0.271242,0.097061,7,362.48,74,132,31.8
AVGO,2026-08-19,2026-08-26,345.0,P,1.23,2.35,1.79,39.8932,-0.174868,0.012866,-0.361924,0.129336,7,362.48,48,45,31.8
AVGO,2026-08-19,2026-08-26,350.0,P,2.19,3.95,3.07,41.9317,-0.259591,0.015398,-0.477402,0.162693,7,362.48,54,29,31.8
AVGO,2026-08-19,2026-08-26,355.0,P,3.65,5.5,4.575,41.2359,-0.342328,0.017747,-0.53009,0.184409,7,362.48,105,29,31.8
AVGO,2026-08-19,2026-08-26,360.0,P,5.6,7.5,6.55,40.711,-0.435438,0.019265,-0.558011,0.197633,7,362.48,81,93,31.8
AVGO,2026-08-19,2026-08-26,365.0,P,8.2,9.95,9.075,40.1861,-0.533437,0.019707,-0.552278,0.199557,7,362.48,415,103,31.8
AVGO,2026-08-19,2026-08-26,370.0,P,11.15,13.4,12.275,42.3224,-0.621313,0.017903,-0.553069,0.190929,7,362.48,200,129,31.8
AVGO,2026-08-19,2026-08-26,375.0,P,14.7,17.2,15.95,44.4586,-0.6947,0.015702,-0.531425,0.17591,7,362.48,93,129,31.8
AVGO,2026-08-19,2026-08-26,380.0,P,18.45,20.55,19.5,42.3101,-0.77762,0.014027,-0.421376,0.149551,7,362.48,38,168,31.8
AVGO,2026-08-19,2026-08-26,382.5,P,20.85,23.5,22.175,48.3037,-0.776254,0.01233,-0.486961,0.150073,7,362.48,5,35,31.8
AVGO,2026-08-19,2026-08-26,385.0,P,23.15,24.9,24.025,44.3365,-0.826241,0.01153,-0.375121,0.128814,7,362.48,44,22,31.8
AVGO,2026-08-19,2026-08-26,387.5,P,24.9,28.0,26.45,51.3677,-0.814003,0.010386,-0.460604,0.134441,7,362.48,6,28,31.8
AVGO,2026-08-19,2026-08-26,390.0,P,27.55,29.8,28.675,49.3535,-0.847581,0.009512,-0.382914,0.118293,7,362.48,28,58,31.8
AVGO,2026-08-19,2026-08-26,392.5,P,29.25,32.65,30.95,54.7124,-0.842042,0.008785,-0.439137,0.121114,7,362.48,54,68,31.8
AVGO,2026-08-19,2026-08-26,395.0,P,31.35,35.05,33.2,56.7143,-0.852128,0.008112,-0.434839,0.115929,7,362.48,82,89,31.8
AVGO,2026-08-19,2026-08-26,397.5,P,34.35,37.45,35.9,58.6186,-0.861429,0.007511,-0.429183,0.110952,7,362.48,3,18,31.8
AVGO,2026-08-19,2026-08-26,400.0,P,37.15,39.7,38.425,59.1801,-0.875376,0.006915,-0.399772,0.103117,7,362.48,306,316,31.8
AVGO,2026-08-19,2026-08-26,402.5,P,38.9,42.3,40.6,62.5492,-0.876467,0.006502,-0.42146,0.102485,7,362.48,47,48,31.8
AVGO,2026-08-19,2026-08-26,405.0,P,41.35,44.75,43.05,64.6122,-0.882374,0.006081,-0.420056,0.099009,7,362.48,5,24,31.8
AVGO,2026-08-19,2026-08-26,407.5,P,44.15,47.2,45.675,66.6019,-0.887909,0.005701,-0.417799,0.095672,7,362.48,0,3,31.8
AVGO,2026-08-19,2026-08-26,410.0,P,46.65,49.7,48.175,51.4653,-0.953796,0.003748,-0.138782,0.048602,7,362.48,1,9,31.8
AVGO,2026-08-19,2026-08-26,412.5,P,48.85,52.15,50.5,50.2935,-0.964927,0.003066,-0.099049,0.038854,7,362.48,7,10,31.8
AVGO,2026-08-19,2026-08-26,415.0,P,51.35,54.65,53.0,52.1489,-0.966201,0.002868,-0.099565,0.037691,7,362.48,2,265,31.8
AVGO,2026-08-19,2026-08-26,417.5,P,53.85,57.1,55.475,53.4673,-0.968693,0.002626,-0.093959,0.035384,7,362.48,3,25,31.8
AVGO,2026-08-19,2026-08-26,420.0,P,56.85,59.6,58.225,60.0834,-0.957283,0.003013,-0.154778,0.045624,7,362.48,9,204,31.8
AVGO,2026-08-19,2026-08-26,422.5,P,59.1,62.1,60.6,59.6684,-0.964412,0.002615,-0.126059,0.039322,7,362.48,56,981,31.8
AVGO,2026-08-19,2026-08-26,425.0,P,61.35,64.65,63.0,59.3998,-0.970258,0.002266,-0.10189,0.033912,7,362.48,1,62,31.8
AVGO,2026-08-19,2026-08-26,427.5,P,63.85,67.1,65.475,60.5961,-0.972295,0.002094,-0.096053,0.031969,7,362.48,0,4,31.8
AVGO,2026-08-19,2026-08-26,430.0,P,66.35,69.6,67.975,62.3051,-0.973094,0.001987,-0.096242,0.031198,7,362.48,2,5,31.8
AVGO,2026-08-19,2026-08-26,485.0,P,121.5,124.6,123.05,98.7305,-0.980113,0.000972,-0.122146,0.024188,7,362.48,0,0,31.8
AVGO,2026-08-19,2026-08-28,210.0,C,150.7,154.05,152.375,193.1641,0.974667,0.000538,-0.381198,0.033638,9,362.48,0,1,31.8
AVGO,2026-08-19,2026-08-28,215.0,C,145.75,149.05,147.4,185.9864,0.973667,0.000577,-0.379691,0.034745,9,362.48,0,6,31.8
AVGO,2026-08-19,2026-08-28,220.0,C,140.75,144.05,142.4,178.9064,0.972644,0.000619,-0.377657,0.035868,9,362.48,2,6,31.8
AVGO,2026-08-19,2026-08-28,225.0,C,135.7,139.05,137.375,172.0216,0.971534,0.000665,-0.375957,0.037077,9,362.48,8,9,31.8
AVGO,2026-08-19,2026-08-28,230.0,C,130.7,134.05,132.375,165.2834,0.97035,0.000716,-0.374263,0.038354,9,362.48,11,11,31.8
AVGO,2026-08-19,2026-08-28,235.0,C,125.7,129.05,127.375,158.6428,0.969114,0.000772,-0.372211,0.039674,9,362.48,0,4,31.8
AVGO,2026-08-19,2026-08-28,240.0,C,120.75,124.05,122.4,152.0998,0.967817,0.000833,-0.369842,0.041046,9,362.48,0,4,31.8
AVGO,2026-08-19,2026-08-28,245.0,C,115.75,119.1,117.425,146.6555,0.965625,0.000912,-0.376501,0.043335,9,362.48,0,8,31.8
AVGO,2026-08-19,2026-08-28,250.0,C,110.8,113.75,112.275,133.5453,0.97,0.000895,-0.311454,0.038728,9,362.48,2,4,31.8
AVGO,2026-08-19,2026-08-28,255.0,C,105.75,108.8,107.275,128.516,0.967715,0.000988,-0.318367,0.041154,9,362.48,5,86,31.8
AVGO,2026-08-19,2026-08-28,260.0,C,100.8,103.8,102.3,122.6078,0.966144,0.001077,-0.316496,0.042796,9,362.48,2,6,31.8
AVGO,2026-08-19,2026-08-28,265.0,C,95.8,98.8,97.3,116.7485,0.964485,0.001177,-0.314139,0.044512,9,362.48,0,8,31.8
AVGO,2026-08-19,2026-08-28,270.0,C,90.8,93.85,92.325,111.8168,0.96168,0.001307,-0.320068,0.047366,9,362.48,6,7,31.8
AVGO,2026-08-19,2026-08-28,280.0,C,80.8,83.85,82.325,100.4155,0.957465,0.001585,-0.314295,0.051555,9,362.48,0,4,31.8
AVGO,2026-08-19,2026-08-28,290.0,C,70.85,73.9,72.375,89.9903,0.951122,0.001977,-0.31568,0.05765,9,362.48,2,4,31.8
AVGO,2026-08-19,2026-08-28,295.0,C,65.85,68.8,67.325,83.0568,0.950697,0.002157,-0.29582,0.05805,9,362.48,1,1,31.8
AVGO,2026-08-19,2026-08-28,300.0,C,60.9,64.25,62.575,83.3009,0.935581,0.002656,-0.359543,0.071668,9,362.48,4,8,31.8
AVGO,2026-08-19,2026-08-28,320.0,C,41.25,44.65,42.95,64.4291,0.901762,0.004724,-0.381554,0.098602,9,362.48,8,5,31.8
AVGO,2026-08-19,2026-08-28,325.0,C,38.0,39.4,38.7,56.4457,0.900778,0.005431,-0.340578,0.099324,9,362.48,7,5,31.8
AVGO,2026-08-19,2026-08-28,330.0,C,31.85,34.9,33.375,54.6269,0.8745,0.006639,-0.385189,0.117497,9,362.48,25,19,31.8
AVGO,2026-08-19,2026-08-28,335.0,C,27.6,30.3,28.95,51.3066,0.848536,0.008036,-0.408853,0.133573,9,362.48,4,2,31.8
AVGO,2026-08-19,2026-08-28,340.0,C,23.55,26.15,24.85,50.0737,0.806526,0.009627,-0.461484,0.156182,9,362.48,30,9,31.8
AVGO,2026-08-19,2026-08-28,345.0,C,19.95,22.0,20.975,47.7422,0.760817,0.011419,-0.494201,0.176618,9,362.48,48,14,31.8
AVGO,2026-08-19,2026-08-28,350.0,C,16.2,17.5,16.85,42.7374,0.715398,0.013947,-0.483043,0.193112,9,362.48,583,25,31.8
AVGO,2026-08-19,2026-08-28,355.0,C,13.05,14.1,13.575,41.8585,0.642063,0.015671,-0.516403,0.212521,9,362.48,78,15,31.8
AVGO,2026-08-19,2026-08-28,360.0,C,10.6,11.45,11.025,42.6031,0.559503,0.016268,-0.550893,0.224544,9,362.48,613,1060,31.8
AVGO,2026-08-19,2026-08-28,365.0,C,8.25,8.6,8.425,40.8453,0.475392,0.017127,-0.530926,0.226643,9,362.48,647,214,31.8
AVGO,2026-08-19,2026-08-28,370.0,C,6.2,6.55,6.375,40.766,0.391846,0.016557,-0.509028,0.218678,9,362.48,3486,527,31.8
AVGO,2026-08-19,2026-08-28,375.0,C,4.5,4.9,4.7,40.7904,0.314238,0.015285,-0.468819,0.201989,9,362.48,1005,298,31.8
AVGO,2026-08-19,2026-08-28,380.0,C,3.35,3.6,3.475,40.8697,0.24535,0.013524,-0.415271,0.179071,9,362.48,2943,643,31.8
AVGO,2026-08-19,2026-08-28,385.0,C,2.4,2.7,2.55,41.5899,0.190433,0.011479,-0.364138,0.154675,9,362.48,951,803,31.8
AVGO,2026-08-19,2026-08-28,390.0,C,1.69,1.93,1.81,41.7364,0.142336,0.009475,-0.302126,0.128118,9,362.48,751,1047,31.8
AVGO,2026-08-19,2026-08-28,395.0,C,1.23,1.65,1.44,44.3121,0.117644,0.007821,-0.280583,0.112278,9,362.48,323,663,31.8
AVGO,2026-08-19,2026-08-28,397.5,C,1.09,1.46,1.275,44.9468,0.104107,0.007064,-0.26055,0.102861,9,362.48,120,223,31.8
AVGO,2026-08-19,2026-08-28,400.0,C,0.9,1.11,1.005,43.8238,0.083235,0.006141,-0.215236,0.087187,9,362.48,2162,2194,31.8
AVGO,2026-08-19,2026-08-28,402.5,C,0.53,1.15,0.84,46.253,0.081804,0.005743,-0.224041,0.086056,9,362.48,113,1246,31.8
AVGO,2026-08-19,2026-08-28,405.0,C,0.66,1.04,0.85,47.0953,0.073454,0.005197,-0.210095,0.079301,9,362.48,196,355,31.8
AVGO,2026-08-19,2026-08-28,407.5,C,0.34,0.94,0.64,47.8765,0.06584,0.004699,-0.196222,0.072892,9,362.48,93,307,31.8
AVGO,2026-08-19,2026-08-28,410.0,C,0.5,0.62,0.56,45.5084,0.046932,0.003785,-0.142763,0.055805,9,362.48,857,1624,31.8
AVGO,2026-08-19,2026-08-28,412.5,C,0.45,0.79,0.62,49.7075,0.054203,0.003887,-0.174776,0.062591,9,362.48,103,98,31.8
AVGO,2026-08-19,2026-08-28,415.0,C,0.16,0.48,0.32,46.6314,0.036024,0.002981,-0.117953,0.045034,9,362.48,280,983,31.8
AVGO,2026-08-19,2026-08-28,417.5,C,0.35,0.57,0.46,49.854,0.039685,0.003017,-0.136393,0.048735,9,362.48,7,75,31.8
AVGO,2026-08-19,2026-08-28,420.0,C,0.3,0.5,0.4,50.2935,0.034844,0.002689,-0.123679,0.04382,9,362.48,358,2289,31.8
AVGO,2026-08-19,2026-08-28,422.5,C,0.11,0.54,0.325,52.6372,0.035822,0.002629,-0.132361,0.044827,9,362.48,92,114,31.8
AVGO,2026-08-19,2026-08-28,425.0,C,0.25,0.53,0.39,51.2212,0.027004,0.002138,-0.101933,0.035483,9,362.48,154,1107,31.8
AVGO,2026-08-19,2026-08-28,427.5,C,0.25,0.53,0.39,52.7348,0.026192,0.002025,-0.102272,0.03459,9,362.48,29,78,31.8
AVGO,2026-08-19,2026-08-28,430.0,C,0.15,0.29,0.22,51.7095,0.020091,0.001651,-0.080195,0.027666,9,362.48,429,1125,31.8
AVGO,2026-08-19,2026-08-28,432.5,C,0.16,0.49,0.325,54.1508,0.021496,0.00167,-0.088897,0.029295,9,362.48,47,74,31.8
AVGO,2026-08-19,2026-08-28,435.0,C,0.16,0.32,0.24,53.0278,0.016273,0.001346,-0.06868,0.023116,9,362.48,540,714,31.8
AVGO,2026-08-19,2026-08-28,437.5,C,0.07,0.3,0.185,52.4419,0.012806,0.001107,-0.055253,0.018808,9,362.48,12,142,31.8
AVGO,2026-08-19,2026-08-28,440.0,C,0.12,0.25,0.185,53.8091,0.012524,0.001058,-0.055599,0.018449,9,362.48,949,2835,31.8
AVGO,2026-08-19,2026-08-28,442.5,C,0.06,0.42,0.24,57.1782,0.015133,0.001172,-0.069533,0.02172,9,362.48,5,91,31.8
AVGO,2026-08-19,2026-08-28,445.0,C,0.12,0.25,0.185,56.4457,0.011928,0.000967,-0.055887,0.017686,9,362.48,46,510,31.8
AVGO,2026-08-19,2026-08-28,447.5,C,0.03,0.4,0.215,58.936,0.013187,0.00101,-0.06363,0.01929,9,362.48,12,135,31.8
AVGO,2026-08-19,2026-08-28,450.0,C,0.1,0.15,0.125,56.0551,0.008137,0.000697,-0.039727,0.012664,9,362.48,727,2423,31.8
AVGO,2026-08-19,2026-08-28,455.0,C,0.08,0.38,0.23,63.4769,0.013153,0.000936,-0.068341,0.019247,9,362.48,22,366,31.8
AVGO,2026-08-19,2026-08-28,460.0,C,0.08,0.27,0.175,63.5746,0.009967,0.000734,-0.053779,0.015126,9,362.48,75,1307,31.8
AVGO,2026-08-19,2026-08-28,465.0,C,0.03,0.35,0.19,66.7972,0.01035,0.000722,-0.058376,0.015632,9,362.48,58,389,31.8
AVGO,2026-08-19,2026-08-28,470.0,C,0.04,0.1,0.07,61.3285,0.004148,0.000351,-0.023885,0.006967,9,362.48,60,824,31.8
AVGO,2026-08-19,2026-08-28,475.0,C,0.05,0.32,0.185,71.387,0.009449,0.000624,-0.057594,0.014438,9,362.48,21,447,31.8
AVGO,2026-08-19,2026-08-28,480.0,C,0.01,0.1,0.055,64.0629,0.003146,0.000262,-0.019457,0.005435,9,362.48,18,705,31.8
AVGO,2026-08-19,2026-08-28,485.0,C,0.03,0.31,0.17,75.1956,0.008215,0.000524,-0.053638,0.01277,9,362.48,17,347,31.8
AVGO,2026-08-19,2026-08-28,490.0,C,0.01,0.31,0.16,76.8557,0.007553,0.000476,-0.050911,0.011861,9,362.48,7,365,31.8
AVGO,2026-08-19,2026-08-28,495.0,C,0.02,0.31,0.165,79.3947,0.007557,0.000461,-0.052609,0.011867,9,362.48,111,107,31.8
AVGO,2026-08-19,2026-08-28,500.0,C,0.01,0.31,0.16,81.2502,0.007142,0.000429,-0.051215,0.01129,9,362.48,142,485,31.8
AVGO,2026-08-19,2026-08-28,505.0,C,0.0,0.3,0.15,82.8127,0.006608,0.000393,-0.04873,0.010541,9,362.48,14,1434,31.8
AVGO,2026-08-19,2026-08-28,510.0,C,0.0,0.29,0.145,84.5705,0.006247,0.000366,-0.047348,0.010031,9,362.48,295,230,31.8
AVGO,2026-08-19,2026-08-28,515.0,C,0.0,0.27,0.135,85.9376,0.005731,0.000334,-0.044566,0.009292,9,362.48,10,84,31.8
AVGO,2026-08-19,2026-08-28,520.0,C,0.0,0.1,0.05,79.1018,0.002286,0.000159,-0.017983,0.004074,9,362.48,3,114,31.8
AVGO,2026-08-19,2026-08-28,525.0,C,0.01,0.27,0.14,90.3321,0.005636,0.000313,-0.046145,0.009156,9,362.48,1,163,31.8
AVGO,2026-08-19,2026-08-28,530.0,C,0.0,0.13,0.065,84.9611,0.002768,0.000176,-0.022957,0.004843,9,362.48,8,85,31.8
AVGO,2026-08-19,2026-08-28,535.0,C,0.0,0.13,0.065,86.7189,0.002684,0.000168,-0.022787,0.00471,9,362.48,18,123,31.8
AVGO,2026-08-19,2026-08-28,540.0,C,0.0,0.33,0.165,98.0469,0.006104,0.000309,-0.053739,0.009826,9,362.48,4,150,31.8
AVGO,2026-08-19,2026-08-28,545.0,C,0.0,0.06,0.03,83.9845,0.001266,8.7e-05,-0.011144,0.002379,9,362.48,20,65,31.8
AVGO,2026-08-19,2026-08-28,550.0,C,0.0,0.1,0.05,89.8439,0.001998,0.000124,-0.01807,0.003606,9,362.48,20,64,31.8
AVGO,2026-08-19,2026-08-28,555.0,C,0.0,0.01,0.005,75.0003,0.000192,1.7e-05,-0.001739,0.000416,9,362.48,2,493,31.8
AVGO,2026-08-19,2026-08-28,560.0,C,0.0,0.02,0.01,81.2502,0.000421,3.3e-05,-0.003912,0.000863,9,362.48,125,534,31.8
AVGO,2026-08-19,2026-08-28,210.0,P,0.01,0.04,0.025,112.5004,-0.000728,3.9e-05,-0.008913,0.001431,9,362.48,13,703,31.8
AVGO,2026-08-19,2026-08-28,215.0,P,0.0,0.04,0.02,106.2505,-0.000642,3.7e-05,-0.007497,0.001274,9,362.48,4,86,31.8
AVGO,2026-08-19,2026-08-28,220.0,P,0.0,0.02,0.01,95.3125,-0.000316,2.1e-05,-0.003489,0.000661,9,362.48,4,48,31.8
AVGO,2026-08-19,2026-08-28,225.0,P,0.0,1.3,0.65,146.8753,-0.014374,0.000437,-0.168983,0.02078,9,362.48,1,61,31.8
AVGO,2026-08-19,2026-08-28,230.0,P,0.0,0.05,0.025,94.9219,-0.000867,5.5e-05,-0.008828,0.00168,9,362.48,2,56,31.8
AVGO,2026-08-19,2026-08-28,235.0,P,0.0,1.59,0.795,139.7464,-0.018361,0.000566,-0.198232,0.025628,9,362.48,298,40,31.8
AVGO,2026-08-19,2026-08-28,240.0,P,0.0,0.58,0.29,114.4536,-0.008443,0.000353,-0.082846,0.013081,9,362.48,5,91,31.8
AVGO,2026-08-19,2026-08-28,245.0,P,0.0,0.9,0.45,116.602,-0.012679,0.000494,-0.120293,0.018647,9,362.48,1,17,31.8
AVGO,2026-08-19,2026-08-28,250.0,P,0.01,0.06,0.035,81.2502,-0.001428,0.000101,-0.011934,0.002656,9,362.48,1,49,31.8
AVGO,2026-08-19,2026-08-28,255.0,P,0.0,0.58,0.29,99.4141,-0.009723,0.00046,-0.081376,0.014802,9,362.48,13,42,31.8
AVGO,2026-08-19,2026-08-28,260.0,P,0.0,0.67,0.335,96.5821,-0.011518,0.000548,-0.091608,0.017156,9,362.48,8,29,31.8
AVGO,2026-08-19,2026-08-28,265.0,P,0.0,0.3,0.15,82.0314,-0.006153,0.000372,-0.044864,0.009896,9,362.48,8,14,31.8
AVGO,2026-08-19,2026-08-28,270.0,P,0.03,0.31,0.17,78.9065,-0.007212,0.000445,-0.049644,0.011388,9,362.48,12,93,31.8
AVGO,2026-08-19,2026-08-28,275.0,P,0.01,0.18,0.095,69.1409,-0.004572,0.000339,-0.029014,0.007599,9,362.48,7,43,31.8
AVGO,2026-08-19,2026-08-28,280.0,P,0.01,0.08,0.045,59.766,-0.002495,0.000228,-0.014547,0.00441,9,362.48,20,1110,31.8
AVGO,2026-08-19,2026-08-28,285.0,P,0.01,0.33,0.17,65.9183,-0.008567,0.00062,-0.048195,0.013249,9,362.48,5,37,31.8
AVGO,2026-08-19,2026-08-28,290.0,P,0.01,0.34,0.175,62.0121,-0.00941,0.000716,-0.049203,0.014386,9,362.48,23,104,31.8
AVGO,2026-08-19,2026-08-28,295.0,P,0.01,0.36,0.185,58.3012,-0.01056,0.000842,-0.051125,0.015908,9,362.48,72,216,31.8
AVGO,2026-08-19,2026-08-28,300.0,P,0.06,0.35,0.205,54.9809,-0.012383,0.001026,-0.055331,0.018268,9,362.48,33,237,31.8
AVGO,2026-08-19,2026-08-28,305.0,P,0.01,0.3,0.155,53.9067,-0.018183,0.001455,-0.075425,0.025415,9,362.48,89,115,31.8
AVGO,2026-08-19,2026-08-28,310.0,P,0.09,0.35,0.22,50.9282,-0.022372,0.001836,-0.084881,0.030299,9,362.48,97,861,31.8
AVGO,2026-08-19,2026-08-28,315.0,P,0.16,0.43,0.295,48.2915,-0.028625,0.002381,-0.098851,0.037249,9,362.48,81,239,31.8
AVGO,2026-08-19,2026-08-28,320.0,P,0.23,0.65,0.44,47.6079,-0.042994,0.003372,-0.135915,0.052004,9,362.48,215,1260,31.8
AVGO,2026-08-19,2026-08-28,325.0,P,0.38,0.9,0.64,46.1431,-0.059956,0.004533,-0.171442,0.067765,9,362.48,120,302,31.8
AVGO,2026-08-19,2026-08-28,330.0,P,0.7,1.1,0.9,43.2623,-0.076461,0.005834,-0.193621,0.081765,9,362.48,284,1097,31.8
AVGO,2026-08-19,2026-08-28,335.0,P,1.38,1.59,1.485,42.3101,-0.108677,0.00774,-0.245275,0.106102,9,362.48,376,384,31.8
AVGO,2026-08-19,2026-08-28,340.0,P,2.02,2.15,2.085,40.6134,-0.146834,0.009943,-0.289619,0.130832,9,362.48,1734,1715,31.8
AVGO,2026-08-19,2026-08-28,345.0,P,2.94,3.25,3.095,40.9064,-0.207316,0.012284,-0.362079,0.162803,9,362.48,570,863,31.8
AVGO,2026-08-19,2026-08-28,350.0,P,4.0,4.4,4.2,39.7345,-0.271809,0.014668,-0.406453,0.188829,9,362.48,1046,1055,31.8
AVGO,2026-08-19,2026-08-28,355.0,P,5.75,6.05,5.9,39.3378,-0.350779,0.016556,-0.447679,0.210999,9,362.48,453,1663,31.8
AVGO,2026-08-19,2026-08-28,360.0,P,7.35,8.3,7.825,39.7833,-0.438121,0.017405,-0.478952,0.224338,9,362.48,675,2843,31.8
AVGO,2026-08-19,2026-08-28,365.0,P,9.2,11.2,10.2,41.181,-0.524199,0.016988,-0.498226,0.226657,9,362.48,484,1107,31.8
AVGO,2026-08-19,2026-08-28,370.0,P,13.15,14.25,13.7,41.5533,-0.605683,0.016272,-0.482075,0.21906,9,362.48,477,2258,31.8
AVGO,2026-08-19,2026-08-28,375.0,P,16.55,17.7,17.125,42.0965,-0.679693,0.014931,-0.449533,0.203631,9,362.48,405,1330,31.8
AVGO,2026-08-19,2026-08-28,380.0,P,20.05,21.95,21.0,45.0994,-0.731788,0.012838,-0.440931,0.187574,9,362.48,353,2161,31.8
AVGO,2026-08-19,2026-08-28,385.0,P,24.1,26.05,25.075,46.3506,-0.782071,0.011162,-0.400321,0.16762,9,362.48,68,773,31.8
AVGO,2026-08-19,2026-08-28,390.0,P,27.8,30.0,28.9,45.4473,-0.835699,0.00957,-0.322079,0.140904,9,362.48,127,1279,31.8
AVGO,2026-08-19,2026-08-28,395.0,P,33.05,34.35,33.7,45.7281,-0.874497,0.007931,-0.262949,0.117499,9,362.48,48,376,31.8
AVGO,2026-08-19,2026-08-28,397.5,P,35.3,37.45,36.375,52.4297,-0.857232,0.007558,-0.338719,0.128381,9,362.48,9,92,31.8
AVGO,2026-08-19,2026-08-28,400.0,P,37.7,40.05,38.875,55.4814,-0.859154,0.007077,-0.356537,0.127208,9,362.48,379,911,31.8
AVGO,2026-08-19,2026-08-28,402.5,P,40.0,42.55,41.275,57.7885,-0.864041,0.006633,-0.362697,0.124183,9,362.48,89,52,31.8
AVGO,2026-08-19,2026-08-28,405.0,P,42.45,45.05,43.75,60.059,-0.86849,0.006238,-0.368576,0.121375,9,362.48,18,478,31.8
AVGO,2026-08-19,2026-08-28,407.5,P,44.4,47.45,45.925,61.5238,-0.875762,0.005853,-0.361863,0.11667,9,362.48,2,42,31.8
AVGO,2026-08-19,2026-08-28,410.0,P,47.2,49.6,48.4,60.8891,-0.89085,0.005395,-0.322346,0.106434,9,362.48,96,711,31.8
AVGO,2026-08-19,2026-08-28,412.5,P,49.25,52.35,50.8,65.0516,-0.885989,0.00521,-0.359043,0.109804,9,362.48,4,31,31.8
AVGO,2026-08-19,2026-08-28,415.0,P,51.7,54.75,53.225,50.2935,-0.951773,0.0035,-0.119048,0.057036,9,362.48,23,110,31.8
AVGO,2026-08-19,2026-08-28,417.5,P,54.2,57.2,55.7,51.6606,-0.954507,0.003252,-0.115542,0.054427,9,362.48,1,523,31.8
AVGO,2026-08-19,2026-08-28,420.0,P,56.35,59.7,58.025,50.3911,-0.964873,0.002702,-0.082208,0.044113,9,362.48,13,321,31.8
AVGO,2026-08-19,2026-08-28,422.5,P,59.2,62.15,60.675,54.6391,-0.958389,0.002861,-0.112426,0.050647,9,362.48,10,911,31.8
AVGO,2026-08-19,2026-08-28,425.0,P,61.35,64.65,63.0,53.1255,-0.968186,0.002362,-0.078086,0.040658,9,362.48,3,238,31.8
AVGO,2026-08-19,2026-08-28,427.5,P,64.1,67.15,65.625,57.0805,-0.962926,0.002493,-0.104224,0.046105,9,362.48,0,5,31.8
AVGO,2026-08-19,2026-08-28,430.0,P,66.55,69.65,68.1,58.2035,-0.965107,0.002327,-0.099547,0.043871,9,362.48,52,477,31.8
AVGO,2026-08-19,2026-08-28,432.5,P,69.1,72.15,70.625,60.2543,-0.964828,0.002262,-0.105264,0.044159,9,362.48,1,117,31.8
AVGO,2026-08-19,2026-08-28,435.0,P,71.6,74.6,73.1,61.3529,-0.966777,0.00212,-0.100746,0.042137,9,362.48,1,24,31.8
AVGO,2026-08-19,2026-08-28,437.5,P,74.05,77.1,75.575,62.4027,-0.968654,0.001987,-0.096036,0.040162,9,362.48,0,31,31.8
AVGO,2026-08-19,2026-08-28,440.0,P,76.55,79.6,78.075,63.9164,-0.969377,0.001902,-0.096407,0.039395,9,362.48,2,78,31.8
AVGO,2026-08-19,2026-08-28,442.5,P,78.85,82.15,80.5,63.8187,-0.973275,0.001701,-0.080849,0.035177,9,362.48,0,14,31.8
AVGO,2026-08-19,2026-08-28,445.0,P,81.65,84.6,83.125,67.9202,-0.968643,0.001826,-0.107626,0.040174,9,362.48,2,16,31.8
AVGO,2026-08-19,2026-08-28,450.0,P,86.35,89.65,88.0,68.1644,-0.974918,0.001511,-0.081635,0.033358,9,362.48,10,6,31.8
AVGO,2026-08-19,2026-08-28,460.0,P,96.6,99.6,98.1,76.1233,-0.972936,0.001441,-0.104701,0.035549,9,362.48,1,1,31.8
AVGO,2026-08-19,2026-08-28,465.0,P,101.6,104.6,103.1,78.9065,-0.973861,0.001351,-0.105194,0.03453,9,362.48,3,0,31.8
AVGO,2026-08-19,2026-08-28,470.0,P,106.55,109.6,108.075,81.0549,-0.975587,0.001242,-0.100101,0.03261,9,362.48,1,1,31.8
AVGO,2026-08-19,2026-08-28,475.0,P,111.55,114.6,113.075,83.7404,-0.97633,0.001171,-0.100541,0.031774,9,362.48,0,0,31.8
AVGO,2026-08-19,2026-08-28,480.0,P,116.35,119.6,117.975,83.7404,-0.980438,0.000997,-0.077897,0.027046,9,362.48,1,1,31.8
AVGO,2026-08-19,2026-08-28,500.0,P,136.6,139.6,138.1,97.2168,-0.978548,0.000929,-0.108057,0.029245,9,362.48,9,0,31.8
AVGO,2026-08-19,2026-08-28,505.0,P,141.6,144.6,143.1,99.6582,-0.979066,0.000887,-0.108181,0.028646,9,362.48,1,0,31.8
AVGO,2026-08-19,2026-08-28,520.0,P,156.6,159.6,158.1,106.7876,-0.98043,0.000782,-0.108521,0.027055,9,362.48,1,0,31.8
AVGO,2026-08-19,2026-08-28,545.0,P,181.7,184.6,183.15,119.5805,-0.980919,0.000684,-0.121378,0.02648,9,362.48,0,0,31.8
AVGO,2026-08-19,2026-09-04,210.0,C,150.95,154.25,152.6,100.9771,0.996484,0.000138,-0.046388,0.008009,16,362.48,1,14,31.8
AVGO,2026-08-19,2026-09-04,215.0,C,145.95,148.95,147.45,140.8206,0.972855,0.000586,-0.229739,0.047516,16,362.48,25,50,31.8
AVGO,2026-08-19,2026-09-04,220.0,C,140.95,144.0,142.475,136.3529,0.971122,0.000637,-0.234254,0.05003,16,362.48,21,49,31.8
AVGO,2026-08-19,2026-09-04,225.0,C,135.95,138.85,137.4,128.4672,0.972155,0.000656,-0.216485,0.048536,16,362.48,2,28,31.8
AVGO,2026-08-19,2026-09-04,230.0,C,131.0,134.3,132.65,89.2579,0.994398,0.000236,-0.056926,0.012142,16,362.48,8,36,31.8
AVGO,2026-08-19,2026-09-04,235.0,C,126.0,129.0,127.5,67.9691,0.99912,5.8e-05,-0.028576,0.002272,16,362.48,14,32,31.8
AVGO,2026-08-19,2026-09-04,240.0,C,121.05,124.05,122.55,73.4378,0.99719,0.000155,-0.039204,0.006546,16,362.48,8,26,31.8
AVGO,2026-08-19,2026-09-04,245.0,C,116.05,119.1,117.575,72.6565,0.996113,0.000209,-0.044543,0.008763,16,362.48,6,32,31.8
AVGO,2026-08-19,2026-09-04,250.0,C,111.1,114.1,112.6,71.1917,0.995029,0.000266,-0.049397,0.010917,16,362.48,1,22,31.8
AVGO,2026-08-19,2026-09-04,255.0,C,106.15,109.15,107.65,70.8011,0.993008,0.000362,-0.058226,0.014774,16,362.48,6,20,31.8
AVGO,2026-08-19,2026-09-04,260.0,C,101.15,104.2,102.675,68.555,0.99176,0.000432,-0.062571,0.017072,16,362.48,0,6,31.8
AVGO,2026-08-19,2026-09-04,265.0,C,96.2,99.1,97.65,63.8675,0.992272,0.000439,-0.05873,0.016137,16,362.48,0,12,31.8
AVGO,2026-08-19,2026-09-04,270.0,C,91.3,94.3,92.8,66.1136,0.986407,0.000693,-0.081352,0.026404,16,362.48,1,11,31.8
AVGO,2026-08-19,2026-09-04,275.0,C,86.35,89.25,87.8,62.5492,0.985625,0.000769,-0.081435,0.027707,16,362.48,2,6,31.8
AVGO,2026-08-19,2026-09-04,280.0,C,81.45,84.5,82.975,63.3304,0.9786,0.001067,-0.104521,0.038912,16,362.48,4,8,31.8
AVGO,2026-08-19,2026-09-04,285.0,C,76.55,79.65,78.1,62.0121,0.973173,0.001317,-0.118988,0.047052,16,362.48,0,14,31.8
AVGO,2026-08-19,2026-09-04,290.0,C,71.75,74.8,73.275,61.06,0.965746,0.001638,-0.137957,0.057613,16,362.48,2,28,31.8
AVGO,2026-08-19,2026-09-04,295.0,C,67.0,69.85,68.425,59.2289,0.958738,0.001966,-0.152398,0.067069,16,362.48,0,26,31.8
AVGO,2026-08-19,2026-09-04,300.0,C,62.8,65.35,64.075,62.2562,0.936873,0.002623,-0.210907,0.094064,16,362.48,1,51,31.8
AVGO,2026-08-19,2026-09-04,305.0,C,57.65,60.75,59.2,59.1069,0.929243,0.003018,-0.217898,0.102745,16,362.48,0,32,31.8
AVGO,2026-08-19,2026-09-04,310.0,C,53.1,55.85,54.475,57.0073,0.916761,0.003541,-0.235243,0.116254,16,362.48,2,10,31.8
AVGO,2026-08-19,2026-09-04,315.0,C,48.65,51.75,50.2,57.6176,0.892066,0.004242,-0.281141,0.140773,16,362.48,10,22,31.8
AVGO,2026-08-19,2026-09-04,320.0,C,44.4,47.0,45.7,55.9575,0.872096,0.004926,-0.304992,0.158746,16,362.48,5,8,31.8
AVGO,2026-08-19,2026-09-04,325.0,C,40.2,42.95,41.575,55.7744,0.843017,0.005677,-0.344602,0.182364,16,362.48,15,21,31.8
AVGO,2026-08-19,2026-09-04,330.0,C,36.75,38.7,37.725,56.0734,0.808434,0.006409,-0.388575,0.206985,16,362.48,144,9,31.8
AVGO,2026-08-19,2026-09-04,340.0,C,29.5,31.65,30.575,56.3542,0.730844,0.007719,-0.464982,0.250541,16,362.48,7,7,31.8
AVGO,2026-08-19,2026-09-04,345.0,C,26.5,28.6,27.55,57.288,0.686361,0.008156,-0.504193,0.269098,16,362.48,18,2,31.8
AVGO,2026-08-19,2026-09-04,350.0,C,23.65,25.35,24.5,57.288,0.642668,0.008583,-0.528135,0.283193,16,362.48,201,22,31.8
AVGO,2026-08-19,2026-09-04,355.0,C,20.55,22.7,21.625,57.1232,0.597819,0.008924,-0.543934,0.293619,16,362.48,70,12,31.8
AVGO,2026-08-19,2026-09-04,360.0,C,18.8,19.5,19.15,57.5322,0.551989,0.009059,-0.558075,0.300192,16,362.48,557,81,31.8
AVGO,2026-08-19,2026-09-04,365.0,C,16.15,16.8,16.475,56.5739,0.505756,0.009291,-0.552155,0.302735,16,362.48,322,47,31.8
AVGO,2026-08-19,2026-09-04,370.0,C,13.8,14.75,14.275,56.4274,0.459773,0.009268,-0.546644,0.301226,16,362.48,281,89,31.8
AVGO,2026-08-19,2026-09-04,375.0,C,12.0,12.95,12.475,56.8913,0.41609,0.009035,-0.540378,0.296044,16,362.48,317,169,31.8
AVGO,2026-08-19,2026-09-04,380.0,C,10.35,10.95,10.65,56.5922,0.372424,0.00881,-0.520463,0.28715,16,362.48,629,569,31.8
AVGO,2026-08-19,2026-09-04,385.0,C,8.85,9.5,9.175,56.8242,0.332325,0.008421,-0.500734,0.275613,16,362.48,151,119,31.8
AVGO,2026-08-19,2026-09-04,390.0,C,7.55,8.1,7.825,56.873,0.294119,0.007983,-0.474791,0.261493,16,362.48,1254,1233,31.8
AVGO,2026-08-19,2026-09-04,395.0,C,6.3,7.1,6.7,57.1537,0.259592,0.007472,-0.448202,0.245969,16,362.48,516,678,31.8
AVGO,2026-08-19,2026-09-04,400.0,C,5.65,5.95,5.8,57.7641,0.229489,0.006918,-0.423339,0.230159,16,362.48,1490,1886,31.8
AVGO,2026-08-19,2026-09-04,405.0,C,4.8,5.25,5.025,58.405,0.202519,0.006364,-0.39767,0.21407,16,362.48,163,446,31.8
AVGO,2026-08-19,2026-09-04,410.0,C,4.15,4.3,4.225,58.4233,0.175495,0.005824,-0.363857,0.195982,16,362.48,369,1163,31.8
AVGO,2026-08-19,2026-09-04,415.0,C,3.25,3.95,3.6,58.7773,0.152726,0.00529,-0.334207,0.179082,16,362.48,183,649,31.8
AVGO,2026-08-19,2026-09-04,420.0,C,2.9,3.35,3.125,59.4975,0.134136,0.004787,-0.309656,0.164052,16,362.48,496,1383,31.8
AVGO,2026-08-19,2026-09-04,425.0,C,2.36,2.74,2.55,59.1557,0.113194,0.004275,-0.273186,0.145657,16,362.48,272,639,31.8
AVGO,2026-08-19,2026-09-04,430.0,C,2.0,2.25,2.125,59.2411,0.096443,0.003801,-0.243464,0.129703,16,362.48,310,1841,31.8
AVGO,2026-08-19,2026-09-04,435.0,C,1.85,2.02,1.935,60.6815,0.087042,0.003439,-0.230978,0.120212,16,362.48,186,346,31.8
AVGO,2026-08-19,2026-09-04,440.0,C,1.6,1.91,1.755,61.9877,0.078401,0.003112,-0.217962,0.111114,16,362.48,3092,4860,31.8
AVGO,2026-08-19,2026-09-04,445.0,C,1.4,1.5,1.45,61.9144,0.066174,0.002736,-0.191085,0.097572,16,362.48,187,465,31.8
AVGO,2026-08-19,2026-09-04,450.0,C,1.2,1.3,1.25,62.4515,0.057479,0.00243,-0.172589,0.08741,16,362.48,1628,3063,31.8
AVGO,2026-08-19,2026-09-04,455.0,C,0.87,1.23,1.05,62.6713,0.049011,0.002134,-0.152575,0.077033,16,362.48,39,152,31.8
AVGO,2026-08-19,2026-09-04,460.0,C,0.85,1.21,1.03,64.7709,0.046756,0.001989,-0.151779,0.074183,16,362.48,777,1607,31.8
AVGO,2026-08-19,2026-09-04,465.0,C,0.5,1.18,0.84,64.5511,0.038923,0.00172,-0.130385,0.063964,16,362.48,77,670,31.8
AVGO,2026-08-19,2026-09-04,470.0,C,0.68,0.79,0.735,65.1859,0.034137,0.00153,-0.118223,0.057452,16,362.48,61,1065,31.8
AVGO,2026-08-19,2026-09-04,475.0,C,0.34,0.87,0.605,65.1371,0.028569,0.001322,-0.101928,0.049584,16,362.48,181,200,31.8
AVGO,2026-08-19,2026-09-04,480.0,C,0.5,0.64,0.57,66.5042,0.026463,0.001214,-0.0976,0.046518,16,362.48,238,598,31.8
AVGO,2026-08-19,2026-09-04,485.0,C,0.42,0.86,0.64,69.8245,0.028223,0.00122,-0.108083,0.049084,16,362.48,90,907,31.8
AVGO,2026-08-19,2026-09-04,490.0,C,0.2,0.9,0.55,70.0687,0.0244,0.001077,-0.096012,0.04346,16,362.48,28,133,31.8
AVGO,2026-08-19,2026-09-04,495.0,C,0.18,0.91,0.545,71.8997,0.023638,0.001022,-0.095903,0.042317,16,362.48,20,184,31.8
AVGO,2026-08-19,2026-09-04,500.0,C,0.33,0.42,0.375,69.7757,0.017108,0.0008,-0.070743,0.03217,16,362.48,817,1854,31.8
AVGO,2026-08-19,2026-09-04,505.0,C,0.07,0.6,0.335,70.4593,0.015271,0.000719,-0.064796,0.029186,16,362.48,3,54,31.8
AVGO,2026-08-19,2026-09-04,510.0,C,0.15,0.73,0.44,75.0491,0.018576,0.000798,-0.081579,0.034509,16,362.48,47,111,31.8
AVGO,2026-08-19,2026-09-04,515.0,C,0.16,0.33,0.245,70.8987,0.011281,0.00055,-0.05017,0.022466,16,362.48,3,61,31.8
AVGO,2026-08-19,2026-09-04,520.0,C,0.1,0.51,0.305,74.7073,0.01326,0.000601,-0.060798,0.025844,16,362.48,24,63,31.8
AVGO,2026-08-19,2026-09-04,525.0,C,0.09,0.64,0.365,78.2229,0.015002,0.000638,-0.070786,0.028745,16,362.48,3,536,31.8
AVGO,2026-08-19,2026-09-04,530.0,C,0.09,0.62,0.355,79.59,0.014379,0.000605,-0.069428,0.027714,16,362.48,2,412,31.8
AVGO,2026-08-19,2026-09-04,535.0,C,0.01,0.48,0.245,77.344,0.01036,0.000468,-0.05078,0.02086,16,362.48,2,98,31.8
AVGO,2026-08-19,2026-09-04,540.0,C,0.07,0.58,0.325,81.8849,0.01288,0.000534,-0.064938,0.025203,16,362.48,23,166,31.8
AVGO,2026-08-19,2026-09-04,545.0,C,0.07,0.18,0.125,74.3167,0.005658,0.000286,-0.028647,0.01225,16,362.48,5,666,31.8
AVGO,2026-08-19,2026-09-04,550.0,C,0.04,0.36,0.2,79.9807,0.008276,0.000372,-0.043125,0.017139,16,362.48,1,57,31.8
AVGO,2026-08-19,2026-09-04,555.0,C,0.01,0.35,0.18,80.4689,0.007453,0.000337,-0.039563,0.01563,16,362.48,1,42,31.8
AVGO,2026-08-19,2026-09-04,560.0,C,0.05,0.12,0.085,75.3909,0.003833,0.000199,-0.020522,0.008654,16,362.48,42,260,31.8
AVGO,2026-08-19,2026-09-04,570.0,C,0.01,0.52,0.265,88.8185,0.009836,0.00039,-0.055679,0.019938,16,362.48,2,20,31.8
AVGO,2026-08-19,2026-09-04,210.0,P,0.0,0.53,0.265,111.5239,-0.006919,0.000228,-0.050737,0.014637,16,362.48,4,47,31.8
AVGO,2026-08-19,2026-09-04,215.0,P,0.01,0.31,0.16,100.4888,-0.004722,0.00018,-0.032562,0.010428,16,362.48,8,51,31.8
AVGO,2026-08-19,2026-09-04,220.0,P,0.0,0.08,0.04,82.8127,-0.00146,7.6e-05,-0.009295,0.003613,16,362.48,5,122,31.8
AVGO,2026-08-19,2026-09-04,225.0,P,0.03,0.39,0.21,95.7032,-0.00642,0.000249,-0.040722,0.013701,16,362.48,4,43,31.8
AVGO,2026-08-19,2026-09-04,230.0,P,0.01,0.15,0.08,81.8361,-0.002979,0.000146,-0.017532,0.006901,16,362.48,9,1144,31.8
AVGO,2026-08-19,2026-09-04,235.0,P,0.03,0.16,0.095,79.6877,-0.003565,0.000177,-0.020056,0.008109,16,362.48,15,59,31.8
AVGO,2026-08-19,2026-09-04,240.0,P,0.02,0.33,0.175,82.0314,-0.006278,0.000284,-0.034191,0.013433,16,362.48,9,80,31.8
AVGO,2026-08-19,2026-09-04,245.0,P,0.04,0.31,0.175,78.3205,-0.006557,0.000309,-0.03391,0.013959,16,362.48,6,68,31.8
AVGO,2026-08-19,2026-09-04,250.0,P,0.05,0.22,0.135,72.2659,-0.005515,0.000288,-0.026826,0.011973,16,362.48,28,76,31.8
AVGO,2026-08-19,2026-09-04,255.0,P,0.05,0.3,0.175,71.094,-0.00718,0.000369,-0.033322,0.015123,16,362.48,11,40,31.8
AVGO,2026-08-19,2026-09-04,260.0,P,0.03,0.2,0.115,64.0629,-0.005286,0.000312,-0.022881,0.011531,16,362.48,10,131,31.8
AVGO,2026-08-19,2026-09-04,265.0,P,0.03,0.66,0.345,70.6058,-0.013768,0.000656,-0.058368,0.026695,16,362.48,2,50,31.8
AVGO,2026-08-19,2026-09-04,270.0,P,0.05,0.75,0.4,68.5062,-0.016315,0.000783,-0.065497,0.03089,16,362.48,2,67,31.8
AVGO,2026-08-19,2026-09-04,275.0,P,0.2,0.33,0.265,60.8402,-0.012393,0.000696,-0.045869,0.024376,16,362.48,1,24,31.8
AVGO,2026-08-19,2026-09-04,280.0,P,0.17,0.48,0.325,59.1801,-0.015435,0.000864,-0.053882,0.029456,16,362.48,62,157,31.8
AVGO,2026-08-19,2026-09-04,285.0,P,0.21,0.67,0.44,58.4477,-0.020695,0.001124,-0.068291,0.037825,16,362.48,27,131,31.8
AVGO,2026-08-19,2026-09-04,290.0,P,0.56,0.81,0.685,59.351,-0.030709,0.00154,-0.096461,0.052648,16,362.48,38,82,31.8
AVGO,2026-08-19,2026-09-04,295.0,P,0.7,1.05,0.875,58.3012,-0.039043,0.00191,-0.11532,0.064124,16,362.48,88,878,31.8
AVGO,2026-08-19,2026-09-04,300.0,P,1.04,1.3,1.17,57.935,-0.051161,0.002389,-0.142343,0.079716,16,362.48,200,232,31.8
AVGO,2026-08-19,2026-09-04,305.0,P,1.37,1.73,1.55,57.5932,-0.066085,0.002938,-0.172862,0.09747,16,362.48,35,280,31.8
AVGO,2026-08-19,2026-09-04,310.0,P,1.82,2.15,1.985,56.9462,-0.083032,0.003538,-0.203268,0.116036,16,362.48,384,615,31.8
AVGO,2026-08-19,2026-09-04,315.0,P,2.38,2.8,2.59,56.7753,-0.10489,0.004217,-0.240572,0.137894,16,362.48,86,255,31.8
AVGO,2026-08-19,2026-09-04,320.0,P,3.05,3.5,3.275,56.2871,-0.129156,0.00493,-0.276084,0.159823,16,362.48,199,307,31.8
AVGO,2026-08-19,2026-09-04,325.0,P,3.65,4.95,4.3,56.8242,-0.160963,0.005664,-0.322883,0.18538,16,362.48,454,326,31.8
AVGO,2026-08-19,2026-09-04,330.0,P,4.75,5.45,5.1,55.4204,-0.189147,0.006434,-0.348269,0.205376,16,362.48,308,360,31.8
AVGO,2026-08-19,2026-09-04,335.0,P,6.15,6.65,6.4,55.5424,-0.226613,0.007144,-0.387742,0.228532,16,362.48,295,300,31.8
AVGO,2026-08-19,2026-09-04,340.0,P,7.45,8.0,7.725,54.9443,-0.264947,0.007854,-0.416313,0.248555,16,362.48,655,4384,31.8
AVGO,2026-08-19,2026-09-04,345.0,P,9.0,9.8,9.4,54.8955,-0.307972,0.008444,-0.445789,0.266976,16,362.48,394,406,31.8
AVGO,2026-08-19,2026-09-04,350.0,P,11.05,11.75,11.4,55.1823,-0.353809,0.008879,-0.47256,0.282203,16,362.48,550,1166,31.8
AVGO,2026-08-19,2026-09-04,355.0,P,13.15,13.95,13.55,55.1701,-0.400399,0.00923,-0.489626,0.293281,16,362.48,194,733,31.8
AVGO,2026-08-19,2026-09-04,360.0,P,15.5,16.0,15.75,54.5659,-0.447725,0.009551,-0.493866,0.300163,16,362.48,900,1144,31.8
AVGO,2026-08-19,2026-09-04,365.0,P,17.8,18.95,18.375,54.5903,-0.495722,0.009629,-0.49648,0.302749,16,362.48,270,575,31.8
AVGO,2026-08-19,2026-09-04,370.0,P,20.75,21.9,21.325,54.9199,-0.542597,0.009517,-0.494645,0.301039,16,362.48,275,888,31.8
AVGO,2026-08-19,2026-09-04,375.0,P,23.05,25.35,24.2,54.2851,-0.590048,0.009436,-0.476431,0.295021,16,362.48,83,923,31.8
AVGO,2026-08-19,2026-09-04,380.0,P,26.9,28.65,27.775,55.2617,-0.631601,0.00899,-0.468211,0.28614,16,362.48,113,606,31.8
AVGO,2026-08-19,2026-09-04,385.0,P,29.9,32.15,31.025,54.4682,-0.676269,0.008693,-0.436283,0.272709,16,362.48,65,791,31.8
AVGO,2026-08-19,2026-09-04,390.0,P,34.1,36.05,35.075,55.8781,-0.709914,0.008073,-0.424145,0.259819,16,362.48,118,1451,31.8
AVGO,2026-08-19,2026-09-04,395.0,P,38.0,39.65,38.825,55.5974,-0.747279,0.007575,-0.390112,0.242552,16,362.48,59,419,31.8
AVGO,2026-08-19,2026-09-04,400.0,P,41.9,43.5,42.7,55.1457,-0.782688,0.007025,-0.351521,0.223128,16,362.48,94,1189,31.8
AVGO,2026-08-19,2026-09-04,405.0,P,45.55,48.6,47.075,56.281,-0.807471,0.006405,-0.330811,0.207622,16,362.48,29,120,31.8
AVGO,2026-08-19,2026-09-04,410.0,P,50.35,52.75,51.55,57.4772,-0.828949,0.005824,-0.310722,0.192808,16,362.48,74,645,31.8
AVGO,2026-08-19,2026-09-04,415.0,P,54.75,56.95,55.85,57.3369,-0.85397,0.005263,-0.274464,0.173801,16,362.48,6,893,31.8
AVGO,2026-08-19,2026-09-04,420.0,P,59.25,61.8,60.525,58.8017,-0.868987,0.004766,-0.258626,0.161411,16,362.48,75,2385,31.8
AVGO,2026-08-19,2026-09-04,425.0,P,63.8,66.35,65.075,59.1923,-0.886647,0.004277,-0.230614,0.145803,16,362.48,23,1854,31.8
AVGO,2026-08-19,2026-09-04,430.0,P,68.0,71.1,69.55,58.5698,-0.90632,0.003763,-0.192103,0.126955,16,362.48,2,416,31.8
AVGO,2026-08-19,2026-09-04,435.0,P,72.8,75.8,74.3,59.4731,-0.91764,0.003367,-0.17318,0.115329,16,362.48,1,18,31.8
AVGO,2026-08-19,2026-09-04,440.0,P,77.2,80.45,78.825,57.9838,-0.93604,0.002845,-0.129893,0.095029,16,362.48,4,68,31.8
AVGO,2026-08-19,2026-09-04,445.0,P,82.2,85.3,83.75,59.7904,-0.940961,0.002592,-0.123815,0.089268,16,362.48,1,69,31.8
AVGO,2026-08-19,2026-09-04,450.0,P,86.9,90.15,88.525,59.766,-0.950822,0.002244,-0.100441,0.077244,16,362.48,1,7,31.8
AVGO,2026-08-19,2026-09-04,455.0,P,91.95,95.0,93.475,61.5482,-0.954206,0.002058,-0.095868,0.072954,16,362.48,1,47,31.8
AVGO,2026-08-19,2026-09-04,460.0,P,96.85,99.9,98.375,62.5492,-0.959199,0.001845,-0.084778,0.066461,16,362.48,0,6,31.8
AVGO,2026-08-19,2026-09-04,465.0,P,101.55,104.8,103.175,61.7924,-0.967695,0.001543,-0.060081,0.0549,16,362.48,1,3,31.8
AVGO,2026-08-19,2026-09-04,470.0,P,106.5,109.75,108.125,63.0863,-0.97051,0.001401,-0.05383,0.05091,16,362.48,0,4,31.8
AVGO,2026-08-19,2026-09-04,475.0,P,111.6,114.7,113.15,65.6009,-0.970476,0.001349,-0.057422,0.050958,16,362.48,0,5,31.8
AVGO,2026-08-19,2026-09-04,480.0,P,116.6,119.65,118.125,67.1878,-0.972216,0.001252,-0.054112,0.048448,16,362.48,0,1,31.8
AVGO,2026-08-19,2026-09-04,495.0,P,131.35,134.6,132.975,69.971,-0.979454,0.000933,-0.032824,0.037595,16,362.48,19,15,31.8
AVGO,2026-08-19,2026-09-04,500.0,P,136.35,139.6,137.975,71.8509,-0.979919,0.000891,-0.032887,0.036872,16,362.48,10,5,31.8
AVGO,2026-08-19,2026-09-04,505.0,P,141.35,144.6,142.975,73.6819,-0.980386,0.000852,-0.032793,0.036142,16,362.48,9,0,31.8
AVGO,2026-08-19,2026-09-04,530.0,P,166.6,169.6,168.1,85.4738,-0.978534,0.000792,-0.05131,0.039014,16,362.48,0,0,31.8
AVGO,2026-08-19,2026-09-04,560.0,P,196.25,199.6,197.925,90.8204,-0.985515,0.000533,-0.02298,0.02789,16,362.48,0,0,31.8
AVGO,2026-08-19,2026-09-11,210.0,C,151.1,154.4,152.75,94.043,0.99266,0.000237,-0.058745,0.018489,23,362.48,2,4,31.8
AVGO,2026-08-19,2026-09-11,215.0,C,146.1,149.4,147.75,90.3321,0.992391,0.000255,-0.058919,0.019085,23,362.48,0,12,31.8
AVGO,2026-08-19,2026-09-11,220.0,C,141.1,144.45,142.775,87.7931,0.991497,0.000289,-0.062074,0.021043,23,362.48,0,6,31.8
AVGO,2026-08-19,2026-09-11,225.0,C,136.1,139.45,137.775,84.2287,0.991157,0.000312,-0.062283,0.021778,23,362.48,0,8,31.8
AVGO,2026-08-19,2026-09-11,230.0,C,131.2,134.5,132.85,83.3986,0.988951,0.000383,-0.070786,0.026454,23,362.48,0,8,31.8
AVGO,2026-08-19,2026-09-11,235.0,C,126.15,129.5,127.825,79.0529,0.98913,0.000398,-0.068157,0.026079,23,362.48,0,8,31.8
AVGO,2026-08-19,2026-09-11,240.0,C,121.2,124.55,122.875,77.1487,0.987389,0.000464,-0.073536,0.02967,23,362.48,0,18,31.8
AVGO,2026-08-19,2026-09-11,245.0,C,116.25,119.55,117.9,74.4631,0.986151,0.000522,-0.07631,0.032171,23,362.48,0,24,31.8
AVGO,2026-08-19,2026-09-11,250.0,C,111.25,114.6,112.925,71.7288,0.984854,0.000585,-0.07887,0.034747,23,362.48,1,16,31.8
AVGO,2026-08-19,2026-09-11,255.0,C,106.3,109.65,107.975,69.5316,0.982813,0.000673,-0.083647,0.038723,23,362.48,0,8,31.8
AVGO,2026-08-19,2026-09-11,260.0,C,101.4,104.7,103.05,67.7249,0.979977,0.000786,-0.090437,0.044099,23,362.48,8,9,31.8
AVGO,2026-08-19,2026-09-11,265.0,C,96.45,99.8,98.125,65.7718,0.976918,0.000913,-0.097001,0.049729,23,362.48,0,4,31.8
AVGO,2026-08-19,2026-09-11,270.0,C,91.6,94.9,93.25,64.4291,0.972348,0.001085,-0.10726,0.057857,23,362.48,1,4,31.8
AVGO,2026-08-19,2026-09-11,275.0,C,86.7,89.75,88.225,60.6449,0.971657,0.001176,-0.104565,0.059057,23,362.48,4,4,31.8
AVGO,2026-08-19,2026-09-11,280.0,C,81.85,84.9,83.375,59.351,0.965852,0.001402,-0.115882,0.0689,23,362.48,0,4,31.8
AVGO,2026-08-19,2026-09-11,290.0,C,72.25,75.25,73.75,56.6411,0.951191,0.001963,-0.140775,0.092057,23,362.48,0,8,31.8
AVGO,2026-08-19,2026-09-11,295.0,C,67.55,70.6,69.075,56.0063,0.93968,0.002347,-0.159998,0.108845,23,362.48,0,8,31.8
AVGO,2026-08-19,2026-09-11,300.0,C,62.85,65.9,64.375,54.7002,0.928325,0.002747,-0.175479,0.124412,23,362.48,15,42,31.8
AVGO,2026-08-19,2026-09-11,305.0,C,58.3,61.7,60.0,55.1274,0.908851,0.003268,-0.206025,0.14916,23,362.48,6,4,31.8
AVGO,2026-08-19,2026-09-11,310.0,C,53.85,57.25,55.55,54.3828,0.890835,0.003779,-0.228233,0.170163,23,362.48,1,2,31.8
AVGO,2026-08-19,2026-09-11,320.0,C,45.3,48.0,46.65,51.5386,0.85226,0.004922,-0.26185,0.210014,23,362.48,36,20,31.8
AVGO,2026-08-19,2026-09-11,325.0,C,41.25,44.45,42.85,52.2038,0.820216,0.00552,-0.296521,0.238582,23,362.48,2,1,31.8
AVGO,2026-08-19,2026-09-11,330.0,C,37.75,40.15,38.95,51.7522,0.789742,0.006125,-0.320287,0.262429,23,362.48,3,7,31.8
AVGO,2026-08-19,2026-09-11,340.0,C,31.3,33.05,32.175,52.4846,0.715499,0.007103,-0.375182,0.308659,23,362.48,206,4,31.8
AVGO,2026-08-19,2026-09-11,345.0,C,27.5,29.8,28.65,51.4958,0.67904,0.007642,-0.386762,0.325804,23,362.48,4,2,31.8
AVGO,2026-08-19,2026-09-11,350.0,C,24.6,26.7,25.65,51.4958,0.63822,0.007998,-0.402574,0.340992,23,362.48,66,11,31.8
AVGO,2026-08-19,2026-09-11,355.0,C,22.15,23.85,23.0,51.8804,0.596047,0.008205,-0.41705,0.352432,23,362.48,22,138,31.8
AVGO,2026-08-19,2026-09-11,360.0,C,19.95,21.1,20.525,52.155,0.553974,0.008329,-0.426077,0.359677,23,362.48,171,64,31.8
AVGO,2026-08-19,2026-09-11,365.0,C,17.3,18.8,18.05,51.8621,0.511881,0.00845,-0.426063,0.362843,23,362.48,143,13,31.8
AVGO,2026-08-19,2026-09-11,370.0,C,14.85,16.35,15.6,51.0808,0.468977,0.008557,-0.417535,0.361906,23,362.48,150,30,31.8
AVGO,2026-08-19,2026-09-11,375.0,C,13.2,14.8,14.0,52.0757,0.429926,0.008289,-0.418979,0.35739,23,362.48,34,61,31.8
AVGO,2026-08-19,2026-09-11,380.0,C,11.3,12.6,11.95,51.3066,0.388207,0.008208,-0.40194,0.348657,23,362.48,202,140,31.8
AVGO,2026-08-19,2026-09-11,385.0,C,10.0,10.85,10.425,51.4958,0.350636,0.00791,-0.389386,0.337255,23,362.48,40,69,31.8
AVGO,2026-08-19,2026-09-11,390.0,C,8.9,9.65,9.275,52.3076,0.317786,0.007492,-0.379686,0.324448,23,362.48,514,250,31.8
AVGO,2026-08-19,2026-09-11,395.0,C,7.3,8.45,7.875,51.9048,0.282185,0.007154,-0.356501,0.307452,23,362.48,239,553,31.8
AVGO,2026-08-19,2026-09-11,400.0,C,6.9,7.35,7.125,53.1499,0.256539,0.006661,-0.347378,0.293103,23,362.48,428,409,31.8
AVGO,2026-08-19,2026-09-11,405.0,C,5.45,6.6,6.025,52.8203,0.22583,0.006253,-0.321711,0.273464,23,362.48,31,319,31.8
AVGO,2026-08-19,2026-09-11,410.0,C,4.5,6.05,5.275,53.3147,0.201544,0.005798,-0.3035,0.25592,23,362.48,128,223,31.8
AVGO,2026-08-19,2026-09-11,415.0,C,4.25,4.7,4.475,53.217,0.176539,0.005353,-0.278909,0.235858,23,362.48,48,319,31.8
AVGO,2026-08-19,2026-09-11,420.0,C,3.65,4.1,3.875,53.5527,0.155993,0.004911,-0.25884,0.217738,23,362.48,811,3038,31.8
AVGO,2026-08-19,2026-09-11,425.0,C,3.1,4.1,3.6,55.0664,0.143407,0.004515,-0.251342,0.205852,23,362.48,86,509,31.8
AVGO,2026-08-19,2026-09-11,430.0,C,2.76,3.05,2.905,54.2485,0.121171,0.00408,-0.220302,0.183269,23,362.48,118,2215,31.8
AVGO,2026-08-19,2026-09-11,435.0,C,2.2,3.25,2.725,55.7988,0.112113,0.003754,-0.214246,0.173444,23,362.48,48,522,31.8
AVGO,2026-08-19,2026-09-11,440.0,C,2.01,2.33,2.17,54.9199,0.093427,0.003341,-0.184591,0.151911,23,362.48,447,747,31.8
AVGO,2026-08-19,2026-09-11,445.0,C,1.71,2.01,1.86,55.1518,0.081444,0.003003,-0.167206,0.137113,23,362.48,66,108,31.8
AVGO,2026-08-19,2026-09-11,450.0,C,1.23,1.78,1.505,54.7002,0.068183,0.002644,-0.144727,0.119722,23,362.48,662,752,31.8
AVGO,2026-08-19,2026-09-11,455.0,C,1.25,2.13,1.69,58.2768,0.071477,0.002573,-0.159747,0.124149,23,362.48,82,116,31.8
AVGO,2026-08-19,2026-09-11,460.0,C,1.14,1.65,1.395,57.935,0.060627,0.002278,-0.139726,0.109278,23,362.48,45,2071,31.8
AVGO,2026-08-19,2026-09-11,465.0,C,0.5,1.57,1.035,56.4946,0.047565,0.001928,-0.112397,0.090175,23,362.48,7,413,31.8
AVGO,2026-08-19,2026-09-11,470.0,C,1.0,1.62,1.31,61.1332,0.054712,0.001992,-0.13585,0.100801,23,362.48,9,158,31.8
AVGO,2026-08-19,2026-09-11,475.0,C,0.55,1.21,0.88,58.4721,0.039838,0.001614,-0.100724,0.078153,23,362.48,10,755,31.8
AVGO,2026-08-19,2026-09-11,480.0,C,0.65,1.17,0.91,60.6449,0.039783,0.001555,-0.104296,0.078066,23,362.48,18,3073,31.8
AVGO,2026-08-19,2026-09-11,485.0,C,0.62,1.31,0.965,63.0741,0.040479,0.001516,-0.109957,0.079173,23,362.48,3,383,31.8
AVGO,2026-08-19,2026-09-11,490.0,C,0.58,1.02,0.8,62.7445,0.034359,0.001333,-0.095646,0.06925,23,362.48,54,1332,31.8
AVGO,2026-08-19,2026-09-11,495.0,C,0.23,1.13,0.68,62.6957,0.029626,0.00118,-0.084536,0.061272,23,362.48,31,599,31.8
AVGO,2026-08-19,2026-09-11,500.0,C,0.34,0.73,0.535,61.9389,0.024082,0.001005,-0.07023,0.051537,23,362.48,59,275,31.8
AVGO,2026-08-19,2026-09-11,505.0,C,0.19,0.94,0.565,64.0384,0.024543,0.000988,-0.073747,0.052363,23,362.48,1,15,31.8
AVGO,2026-08-19,2026-09-11,510.0,C,0.15,0.9,0.525,64.8441,0.022647,0.000912,-0.069772,0.048939,23,362.48,4,21,31.8
AVGO,2026-08-19,2026-09-11,515.0,C,0.17,0.48,0.325,61.9633,0.01519,0.000679,-0.047449,0.034833,23,362.48,18,103,31.8
AVGO,2026-08-19,2026-09-11,520.0,C,0.15,0.56,0.355,64.1605,0.015955,0.000684,-0.051233,0.036334,23,362.48,5,18,31.8
AVGO,2026-08-19,2026-09-11,525.0,C,0.14,0.85,0.495,68.7503,0.020348,0.000785,-0.067519,0.044706,23,362.48,2,19,31.8
AVGO,2026-08-19,2026-09-11,530.0,C,0.03,0.79,0.41,68.3597,0.017235,0.000686,-0.058278,0.038815,23,362.48,1,27,31.8
AVGO,2026-08-19,2026-09-11,535.0,C,0.01,0.7,0.355,68.3597,0.015032,0.00061,-0.051823,0.034522,23,362.48,1,14,31.8
AVGO,2026-08-19,2026-09-11,540.0,C,0.05,0.7,0.375,70.264,0.015445,0.000607,-0.054509,0.035336,23,362.48,3,48,31.8
AVGO,2026-08-19,2026-09-11,545.0,C,0.09,0.46,0.275,68.7503,0.01181,0.000492,-0.042302,0.02803,23,362.48,5,32,31.8
AVGO,2026-08-19,2026-09-11,550.0,C,0.04,0.57,0.305,70.9964,0.012632,0.000505,-0.046295,0.029712,23,362.48,2,14,31.8
AVGO,2026-08-19,2026-09-11,555.0,C,0.04,0.61,0.325,72.9007,0.013087,0.000508,-0.049002,0.030635,23,362.48,4,3,31.8
AVGO,2026-08-19,2026-09-11,560.0,C,0.01,0.6,0.305,73.5842,0.01223,0.000474,-0.04664,0.028892,23,362.48,9,96,31.8
AVGO,2026-08-19,2026-09-11,570.0,C,0.05,0.5,0.275,75.0979,0.010878,0.00042,-0.04298,0.026097,23,362.48,3,38,31.8
AVGO,2026-08-19,2026-09-11,210.0,P,0.03,0.15,0.09,82.4221,-0.002953,0.00012,-0.014588,0.008206,23,362.48,36,182,31.8
AVGO,2026-08-19,2026-09-11,215.0,P,0.03,0.36,0.195,86.7189,-0.005884,0.000212,-0.028434,0.015206,23,362.48,18,9,31.8
AVGO,2026-08-19,2026-09-11,220.0,P,0.01,0.1,0.055,72.0706,-0.002095,0.000101,-0.009348,0.006018,23,362.48,38,34,31.8
AVGO,2026-08-19,2026-09-11,225.0,P,0.0,0.61,0.305,84.6681,-0.009115,0.000319,-0.040802,0.022364,23,362.48,1,19,31.8
AVGO,2026-08-19,2026-09-11,230.0,P,0.01,0.51,0.26,79.3947,-0.008338,0.000315,-0.035371,0.020683,23,362.48,2,40,31.8
AVGO,2026-08-19,2026-09-11,235.0,P,0.01,0.45,0.23,74.8049,-0.007884,0.000318,-0.031711,0.01969,23,362.48,4,50,31.8
AVGO,2026-08-19,2026-09-11,240.0,P,0.01,0.39,0.2,70.2151,-0.007329,0.000318,-0.027899,0.018465,23,362.48,3,36,31.8
AVGO,2026-08-19,2026-09-11,245.0,P,0.01,0.6,0.305,71.094,-0.010804,0.000441,-0.039671,0.025942,23,362.48,1,50,31.8
AVGO,2026-08-19,2026-09-11,250.0,P,0.01,0.61,0.31,67.9691,-0.011412,0.000483,-0.039755,0.027206,23,362.48,1,44,31.8
AVGO,2026-08-19,2026-09-11,255.0,P,0.04,0.7,0.37,66.5042,-0.013756,0.000581,-0.045702,0.031983,23,362.48,1,42,31.8
AVGO,2026-08-19,2026-09-11,260.0,P,0.02,0.29,0.155,56.0551,-0.007175,0.00039,-0.021807,0.018122,23,362.48,7,185,31.8
AVGO,2026-08-19,2026-09-11,265.0,P,0.05,0.77,0.41,61.0355,-0.016329,0.000733,-0.048541,0.037062,23,362.48,2,90,31.8
AVGO,2026-08-19,2026-09-11,270.0,P,0.11,0.87,0.49,59.5707,-0.019695,0.000882,-0.05555,0.043486,23,362.48,11,33,31.8
AVGO,2026-08-19,2026-09-11,275.0,P,0.19,1.05,0.62,58.6918,-0.024755,0.001085,-0.066333,0.052744,23,362.48,5,56,31.8
AVGO,2026-08-19,2026-09-11,280.0,P,0.26,0.88,0.57,54.6391,-0.024538,0.001157,-0.061237,0.052355,23,362.48,30,194,31.8
AVGO,2026-08-19,2026-09-11,285.0,P,0.56,1.31,0.935,56.4702,-0.03723,0.001582,-0.08934,0.073956,23,362.48,1,14,31.8
AVGO,2026-08-19,2026-09-11,290.0,P,0.6,1.15,0.875,52.3931,-0.037561,0.001717,-0.08339,0.074493,23,362.48,38,67,31.8
AVGO,2026-08-19,2026-09-11,295.0,P,1.11,1.3,1.205,52.5395,-0.049932,0.002155,-0.105129,0.093743,23,362.48,171,6593,31.8
AVGO,2026-08-19,2026-09-11,300.0,P,1.43,1.73,1.58,52.2954,-0.063686,0.002623,-0.126615,0.113555,23,362.48,65,75,31.8
AVGO,2026-08-19,2026-09-11,305.0,P,1.62,2.8,2.21,53.1499,-0.084059,0.003191,-0.15895,0.140413,23,362.48,30,149,31.8
AVGO,2026-08-19,2026-09-11,310.0,P,2.32,2.88,2.6,51.7339,-0.099014,0.003701,-0.174424,0.158537,23,362.48,133,106,31.8
AVGO,2026-08-19,2026-09-11,315.0,P,2.89,3.45,3.17,50.9038,-0.118829,0.004289,-0.195379,0.180765,23,362.48,65,106,31.8
AVGO,2026-08-19,2026-09-11,320.0,P,3.5,4.15,3.825,51.4592,-0.147414,0.004922,-0.228791,0.209703,23,362.48,113,277,31.8
AVGO,2026-08-19,2026-09-11,325.0,P,4.4,5.1,4.75,51.1296,-0.175484,0.00555,-0.254245,0.234965,23,362.48,230,156,31.8
AVGO,2026-08-19,2026-09-11,330.0,P,5.65,6.35,6.0,50.0371,-0.203621,0.006215,-0.27205,0.257494,23,362.48,327,381,31.8
AVGO,2026-08-19,2026-09-11,335.0,P,7.0,7.6,7.3,50.8611,-0.242089,0.006749,-0.304627,0.284205,23,362.48,52,93,31.8
AVGO,2026-08-19,2026-09-11,340.0,P,8.45,9.45,8.95,50.1531,-0.277593,0.007345,-0.321505,0.305015,23,362.48,380,392,31.8
AVGO,2026-08-19,2026-09-11,345.0,P,9.9,11.4,10.65,52.1855,-0.322546,0.007556,-0.357432,0.326472,23,362.48,171,180,31.8
AVGO,2026-08-19,2026-09-11,350.0,P,11.85,13.3,12.575,51.8743,-0.362392,0.007944,-0.370168,0.341189,23,362.48,224,405,31.8
AVGO,2026-08-19,2026-09-11,355.0,P,14.3,15.4,14.85,50.0371,-0.40231,0.008498,-0.366753,0.352066,23,362.48,115,478,31.8
AVGO,2026-08-19,2026-09-11,360.0,P,16.8,17.75,17.275,50.0676,-0.445904,0.008676,-0.373412,0.359662,23,362.48,372,449,31.8
AVGO,2026-08-19,2026-09-11,365.0,P,19.25,20.6,19.925,50.1287,-0.489473,0.008743,-0.375528,0.362878,23,362.48,170,324,31.8
AVGO,2026-08-19,2026-09-11,370.0,P,21.45,24.1,22.775,50.1531,-0.53253,0.008713,-0.372676,0.361797,23,362.48,24,338,31.8
AVGO,2026-08-19,2026-09-11,375.0,P,24.65,27.15,25.9,50.3789,-0.574107,0.008552,-0.367054,0.356723,23,362.48,43,749,31.8
AVGO,2026-08-19,2026-09-11,380.0,P,28.1,30.5,29.3,50.8367,-0.613253,0.008275,-0.359491,0.348277,23,362.48,32,333,31.8
AVGO,2026-08-19,2026-09-11,385.0,P,31.15,34.0,32.575,50.4216,-0.653394,0.008044,-0.340898,0.335828,23,362.48,38,1188,31.8
AVGO,2026-08-19,2026-09-11,390.0,P,35.1,36.6,35.85,51.7278,-0.684626,0.007551,-0.334906,0.3234,23,362.48,86,842,31.8
AVGO,2026-08-19,2026-09-11,395.0,P,38.9,41.0,39.95,50.4888,-0.724456,0.00727,-0.303,0.303909,23,362.48,85,173,31.8
AVGO,2026-08-19,2026-09-11,400.0,P,42.9,44.75,43.825,50.3789,-0.757153,0.006825,-0.279629,0.284687,23,362.48,22,742,31.8
AVGO,2026-08-19,2026-09-11,405.0,P,46.95,49.55,48.25,51.7705,-0.779521,0.006293,-0.27017,0.269757,23,362.48,5,95,31.8
AVGO,2026-08-19,2026-09-11,410.0,P,51.15,53.75,52.45,51.9902,-0.805322,0.005822,-0.248458,0.25062,23,362.48,7,103,31.8
AVGO,2026-08-19,2026-09-11,415.0,P,55.0,57.9,56.45,50.9282,-0.835528,0.005346,-0.213237,0.225402,23,362.48,15,764,31.8
AVGO,2026-08-19,2026-09-11,420.0,P,59.4,62.6,61.0,51.7705,-0.853237,0.004878,-0.197885,0.209081,23,362.48,18,1433,31.8
AVGO,2026-08-19,2026-09-11,425.0,P,64.4,67.0,65.7,53.0522,-0.866657,0.00446,-0.18753,0.195891,23,362.48,67,1206,31.8
AVGO,2026-08-19,2026-09-11,430.0,P,68.15,71.6,69.875,51.2334,-0.893572,0.003939,-0.146282,0.167079,23,362.48,59,310,31.8
AVGO,2026-08-19,2026-09-11,435.0,P,72.85,75.5,74.175,57.2026,-0.881409,0.003811,-0.184544,0.180509,23,362.48,1,23,31.8
AVGO,2026-08-19,2026-09-11,440.0,P,77.5,80.9,79.2,51.6606,-0.920974,0.003133,-0.108761,0.134025,23,362.48,1,79,31.8
AVGO,2026-08-19,2026-09-11,445.0,P,82.6,85.65,84.125,53.333,-0.926144,0.002883,-0.10515,0.127301,23,362.48,3,20,31.8
AVGO,2026-08-19,2026-09-11,450.0,P,87.35,90.45,88.9,53.7114,-0.935667,0.002574,-0.09036,0.114451,23,362.48,5,4,31.8
AVGO,2026-08-19,2026-09-11,460.0,P,97.1,100.1,98.6,55.042,-0.949334,0.002081,-0.06872,0.09484,23,362.48,2,3,31.8
AVGO,2026-08-19,2026-09-11,465.0,P,101.65,104.95,103.3,53.6382,-0.961232,0.001721,-0.043456,0.07644,23,362.48,0,1,31.8
AVGO,2026-08-19,2026-09-11,475.0,P,111.5,114.8,113.15,55.2251,-0.96884,0.001397,-0.02975,0.06389,23,362.48,0,1,31.8
AVGO,2026-08-19,2026-09-11,480.0,P,116.7,119.7,118.2,57.6909,-0.967885,0.001371,-0.034722,0.065502,23,362.48,2,4,31.8
AVGO,2026-08-19,2026-09-11,490.0,P,126.35,129.7,128.025,58.2524,-0.975715,0.001076,-0.017015,0.051901,23,362.48,0,10,31.8
AVGO,2026-08-19,2026-09-11,500.0,P,136.35,139.65,138.0,60.9867,-0.977741,0.000955,-0.014153,0.048232,23,362.48,0,5,31.8
AVGO,2026-08-19,2026-09-11,525.0,P,161.25,164.6,162.925,66.8949,-0.982489,0.00071,-0.004728,0.039345,23,362.48,1,0,31.8
AVGO,2026-08-19,2026-09-11,540.0,P,176.25,179.65,177.95,71.68,-0.982671,0.000657,-0.006752,0.038996,23,362.48,0,0,31.8
AVGO,2026-08-19,2026-09-11,545.0,P,181.25,184.65,182.95,73.096,-0.982917,0.000637,-0.006683,0.038522,23,362.48,0,0,31.8
AVGO,2026-08-19,2026-09-18,70.0,C,290.65,294.05,292.35,302.2952,0.990211,8.3e-05,-0.143542,0.027186,30,362.48,7,12,31.8
AVGO,2026-08-19,2026-09-18,80.0,C,280.7,284.1,282.4,279.5901,0.988977,0.0001,-0.148026,0.03015,30,362.48,1,7,31.8
AVGO,2026-08-19,2026-09-18,90.0,C,270.75,274.1,272.425,258.3988,0.987937,0.000117,-0.148929,0.032606,30,362.48,1,1,31.8
AVGO,2026-08-19,2026-09-18,95.0,C,265.75,269.1,267.425,248.7308,0.987412,0.000126,-0.149242,0.033832,30,362.48,36,18,31.8
AVGO,2026-08-19,2026-09-18,100.0,C,260.75,264.15,262.45,240.9184,0.986594,0.000137,-0.152901,0.035723,30,362.48,700,471,31.8
AVGO,2026-08-19,2026-09-18,105.0,C,255.8,259.15,257.475,232.227,0.986042,0.000147,-0.153115,0.03699,30,362.48,1,50,31.8
AVGO,2026-08-19,2026-09-18,110.0,C,250.8,254.15,252.475,223.975,0.985479,0.000158,-0.153295,0.038271,30,362.48,1,15,31.8
AVGO,2026-08-19,2026-09-18,115.0,C,245.8,249.2,247.5,126.5629,0.999601,1.1e-05,-0.014763,0.001497,30,362.48,1,26,31.8
AVGO,2026-08-19,2026-09-18,120.0,C,240.65,244.2,242.425,209.7661,0.983983,0.000184,-0.156942,0.041635,30,362.48,40,67,31.8
AVGO,2026-08-19,2026-09-18,125.0,C,235.85,239.25,237.55,132.0316,0.998694,3.1e-05,-0.022415,0.00447,30,362.48,1,14,31.8
AVGO,2026-08-19,2026-09-18,145.0,C,200.9,204.1,202.5,0.001,1.0,0.0,-0.014654,0.0,30,362.48,1,7,31.8
AVGO,2026-08-19,2026-09-18,150.0,C,210.85,214.3,212.575,114.0629,0.997954,5.5e-05,-0.027862,0.006726,30,362.48,10,47,31.8
AVGO,2026-08-19,2026-09-18,155.0,C,241.45,244.7,243.075,408.1548,0.905524,0.000397,-1.198692,0.174929,30,362.48,2,3,31.8
AVGO,2026-08-19,2026-09-18,160.0,C,201.0,204.35,202.675,115.0395,0.99602,9.9e-05,-0.039508,0.012257,30,362.48,1,13,31.8
AVGO,2026-08-19,2026-09-18,165.0,C,196.0,199.35,197.675,111.0356,0.995868,0.000106,-0.039963,0.012675,30,362.48,1,28,31.8
AVGO,2026-08-19,2026-09-18,175.0,C,186.05,189.4,187.725,106.2505,0.994657,0.000139,-0.045695,0.01594,30,362.48,1,213,31.8
AVGO,2026-08-19,2026-09-18,180.0,C,181.05,184.45,182.75,103.8091,0.993983,0.000158,-0.048596,0.017715,30,362.48,2,47,31.8
AVGO,2026-08-19,2026-09-18,185.0,C,176.05,179.45,177.75,100.0005,0.993792,0.000169,-0.048799,0.018212,30,362.48,1,46,31.8
AVGO,2026-08-19,2026-09-18,190.0,C,170.95,174.5,172.725,95.2149,0.994031,0.000171,-0.046873,0.017589,30,362.48,1,176,31.8
AVGO,2026-08-19,2026-09-18,195.0,C,199.3,203.35,201.325,313.0068,0.87347,0.000638,-1.137261,0.215745,30,362.48,2,116,31.8
AVGO,2026-08-19,2026-09-18,200.0,C,161.2,164.5,162.85,93.2618,0.991085,0.000249,-0.058791,0.025051,30,362.48,1,172,31.8
AVGO,2026-08-19,2026-09-18,210.0,C,151.05,154.55,152.8,84.6193,0.991435,0.000265,-0.054989,0.024185,30,362.48,1,222,31.8
AVGO,2026-08-19,2026-09-18,220.0,C,141.25,144.6,142.925,81.8849,0.988008,0.000367,-0.066025,0.032439,30,362.48,8,557,31.8
AVGO,2026-08-19,2026-09-18,230.0,C,131.15,134.7,132.925,75.3909,0.987018,0.000427,-0.066386,0.034745,30,362.48,1,373,31.8
AVGO,2026-08-19,2026-09-18,240.0,C,121.4,124.75,123.075,72.3636,0.982394,0.000578,-0.078001,0.045143,30,362.48,2,438,31.8
AVGO,2026-08-19,2026-09-18,250.0,C,111.5,114.85,113.175,67.8714,0.978422,0.000732,-0.085109,0.053658,30,362.48,5,538,31.8
AVGO,2026-08-19,2026-09-18,260.0,C,101.7,105.0,103.35,64.2093,0.972168,0.000958,-0.096271,0.066434,30,362.48,1,463,31.8
AVGO,2026-08-19,2026-09-18,270.0,C,91.95,94.8,93.375,58.3012,0.968839,0.001159,-0.096964,0.072968,30,362.48,44,379,31.8
AVGO,2026-08-19,2026-09-18,280.0,C,82.3,85.3,83.8,56.5678,0.95466,0.001622,-0.119945,0.0991,30,362.48,1,290,31.8
AVGO,2026-08-19,2026-09-18,290.0,C,72.85,75.9,74.375,54.7002,0.935792,0.002209,-0.145765,0.130516,30,362.48,17,495,31.8
AVGO,2026-08-19,2026-09-18,300.0,C,63.8,66.3,65.05,52.21,0.912941,0.00292,-0.170141,0.164631,30,362.48,39,785,31.8
AVGO,2026-08-19,2026-09-18,310.0,C,55.65,57.4,56.525,52.3076,0.872477,0.00384,-0.215381,0.216923,30,362.48,16,1287,31.8
AVGO,2026-08-19,2026-09-18,320.0,C,47.3,49.6,48.45,52.0574,0.823866,0.004785,-0.258681,0.268979,30,362.48,11,941,31.8
AVGO,2026-08-19,2026-09-18,330.0,C,40.05,41.3,40.675,50.916,0.769419,0.005747,-0.292258,0.315996,30,362.48,29,1308,31.8
AVGO,2026-08-19,2026-09-18,340.0,C,33.05,34.35,33.7,50.3362,0.704326,0.006603,-0.323551,0.358936,30,362.48,20,1346,31.8
AVGO,2026-08-19,2026-09-18,350.0,C,27.15,28.25,27.7,50.4338,0.63143,0.007195,-0.34976,0.391873,30,362.48,210,1630,31.8
AVGO,2026-08-19,2026-09-18,360.0,C,22.0,22.9,22.45,50.4888,0.555991,0.007529,-0.363553,0.41049,30,362.48,1097,4651,31.8
AVGO,2026-08-19,2026-09-18,370.0,C,17.4,18.3,17.85,50.2996,0.480379,0.007623,-0.362962,0.414078,30,362.48,2141,1648,31.8
AVGO,2026-08-19,2026-09-18,380.0,C,13.7,14.1,13.9,50.4338,0.407831,0.007408,-0.352688,0.403466,30,362.48,3693,3695,31.8
AVGO,2026-08-19,2026-09-18,390.0,C,10.65,10.95,10.8,50.0371,0.338269,0.007033,-0.328256,0.380027,30,362.48,1108,6539,31.8
AVGO,2026-08-19,2026-09-18,400.0,C,8.2,8.45,8.325,50.2324,0.277322,0.006418,-0.30085,0.348185,30,362.48,3129,9090,31.8
AVGO,2026-08-19,2026-09-18,410.0,C,6.2,6.5,6.35,50.4155,0.223931,0.005709,-0.268763,0.310827,30,362.48,810,4960,31.8
AVGO,2026-08-19,2026-09-18,420.0,C,4.7,5.0,4.85,50.7939,0.17938,0.00496,-0.236451,0.272095,30,362.48,2342,10904,31.8
AVGO,2026-08-19,2026-09-18,430.0,C,3.6,3.85,3.725,51.3433,0.143166,0.004235,-0.205839,0.234832,30,362.48,872,7783,31.8
AVGO,2026-08-19,2026-09-18,440.0,C,2.79,3.0,2.895,52.0879,0.114529,0.003575,-0.178521,0.201122,30,362.48,775,4826,31.8
AVGO,2026-08-19,2026-09-18,450.0,C,2.12,2.34,2.23,52.7043,0.090824,0.002985,-0.15236,0.169902,30,362.48,3763,17266,31.8
AVGO,2026-08-19,2026-09-18,460.0,C,1.58,1.89,1.735,53.4306,0.072289,0.002479,-0.129847,0.143021,30,362.48,1016,2837,31.8
AVGO,2026-08-19,2026-09-18,470.0,C,1.25,1.54,1.395,54.4804,0.058727,0.002069,-0.112551,0.121728,30,362.48,180,3530,31.8
AVGO,2026-08-19,2026-09-18,480.0,C,1.07,1.18,1.125,55.4936,0.047815,0.001726,-0.097298,0.103418,30,362.48,417,4254,31.8
AVGO,2026-08-19,2026-09-18,490.0,C,0.75,1.15,0.95,56.8852,0.040219,0.001464,-0.086666,0.08995,30,362.48,111,5077,31.8
AVGO,2026-08-19,2026-09-18,500.0,C,0.77,0.83,0.8,58.1547,0.033808,0.001243,-0.076809,0.078044,30,362.48,2124,10740,31.8
AVGO,2026-08-19,2026-09-18,510.0,C,0.6,0.7,0.65,58.9848,0.027645,0.001037,-0.0659,0.066064,30,362.48,218,1904,31.8
AVGO,2026-08-19,2026-09-18,520.0,C,0.41,0.59,0.5,59.3022,0.021711,0.000842,-0.054059,0.053936,30,362.48,67,4492,31.8
AVGO,2026-08-19,2026-09-18,530.0,C,0.4,0.64,0.52,62.2318,0.02153,0.000797,-0.056292,0.053558,30,362.48,29,1890,31.8
AVGO,2026-08-19,2026-09-18,540.0,C,0.24,0.55,0.395,62.2562,0.016711,0.000642,-0.045374,0.043174,30,362.48,59,6347,31.8
AVGO,2026-08-19,2026-09-18,550.0,C,0.25,0.43,0.34,63.3793,0.014368,0.000554,-0.040556,0.037924,30,362.48,10,477,31.8
AVGO,2026-08-19,2026-09-18,560.0,C,0.24,0.44,0.34,65.6742,0.013907,0.00052,-0.04084,0.036873,30,362.48,11,2520,31.8
AVGO,2026-08-19,2026-09-18,570.0,C,0.09,0.39,0.24,64.9418,0.01012,0.000399,-0.03064,0.027986,30,362.48,4,1637,31.8
AVGO,2026-08-19,2026-09-18,580.0,C,0.07,0.37,0.22,66.4066,0.00919,0.000359,-0.02879,0.025726,30,362.48,12,1365,31.8
AVGO,2026-08-19,2026-09-18,590.0,C,0.06,0.49,0.275,70.3128,0.010702,0.000387,-0.034802,0.029384,30,362.48,7,641,31.8
AVGO,2026-08-19,2026-09-18,600.0,C,0.12,0.32,0.22,70.4593,0.008685,0.000322,-0.029049,0.024482,30,362.48,867,17597,31.8
AVGO,2026-08-19,2026-09-18,610.0,C,0.01,0.3,0.155,69.6292,0.006345,0.000247,-0.021765,0.018567,30,362.48,10,13,31.8
AVGO,2026-08-19,2026-09-18,620.0,C,0.01,0.39,0.2,73.5354,0.007629,0.000275,-0.027038,0.021847,30,362.48,15,233,31.8
AVGO,2026-08-19,2026-09-18,630.0,C,0.05,0.38,0.215,76.0745,0.007945,0.000276,-0.02898,0.022642,30,362.48,6,160,31.8
AVGO,2026-08-19,2026-09-18,640.0,C,0.02,0.24,0.13,73.7307,0.005094,0.000192,-0.018949,0.015277,30,362.48,11,1200,31.8
AVGO,2026-08-19,2026-09-18,650.0,C,0.05,0.1,0.075,71.4847,0.003145,0.000128,-0.011927,0.009919,30,362.48,191,1342,31.8
AVGO,2026-08-19,2026-09-18,660.0,C,0.04,0.09,0.065,72.0706,0.002699,0.000111,-0.010474,0.008642,30,362.48,24,74,31.8
AVGO,2026-08-19,2026-09-18,670.0,C,0.04,0.31,0.175,81.3478,0.006133,0.000205,-0.024635,0.018015,30,362.48,7,761,31.8
AVGO,2026-08-19,2026-09-18,680.0,C,0.01,0.38,0.195,83.9845,0.006571,0.000211,-0.027031,0.019151,30,362.48,5,819,31.8
AVGO,2026-08-19,2026-09-18,690.0,C,0.01,0.6,0.305,90.1368,0.009385,0.000269,-0.03968,0.026202,30,362.48,4,288,31.8
AVGO,2026-08-19,2026-09-18,700.0,C,0.01,0.37,0.19,87.1095,0.006241,0.000195,-0.026778,0.018298,30,362.48,16,378,31.8
AVGO,2026-08-19,2026-09-18,710.0,C,0.01,0.51,0.26,91.797,0.007945,0.000228,-0.034908,0.022641,30,362.48,6,111,31.8
AVGO,2026-08-19,2026-09-18,720.0,C,0.01,0.25,0.13,86.7189,0.004347,0.000142,-0.019316,0.013262,30,362.48,2,142,31.8
AVGO,2026-08-19,2026-09-18,730.0,C,0.01,0.08,0.045,80.0783,0.001742,6.7e-05,-0.007818,0.005813,30,362.48,2,211,31.8
AVGO,2026-08-19,2026-09-18,740.0,C,0.01,0.13,0.07,84.5705,0.002479,8.8e-05,-0.011366,0.008003,30,362.48,15,721,31.8
AVGO,2026-08-19,2026-09-18,70.0,P,0.0,0.01,0.005,162.5002,-8.2e-05,2e-06,-0.000919,0.000341,30,362.48,4,670,31.8
AVGO,2026-08-19,2026-09-18,75.0,P,0.0,0.03,0.015,168.7502,-0.000229,5e-06,-0.002499,0.000892,30,362.48,2,1761,31.8
AVGO,2026-08-19,2026-09-18,80.0,P,0.0,0.17,0.085,189.4532,-0.00111,1.9e-05,-0.012114,0.003852,30,362.48,15,825,31.8
AVGO,2026-08-19,2026-09-18,85.0,P,0.0,0.72,0.36,214.2583,-0.003757,5e-05,-0.041393,0.011639,30,362.48,24,1744,31.8
AVGO,2026-08-19,2026-09-18,90.0,P,0.0,0.05,0.025,156.2502,-0.000418,9e-06,-0.004054,0.001563,30,362.48,23,1220,31.8
AVGO,2026-08-19,2026-09-18,95.0,P,0.0,0.96,0.48,205.9575,-0.005111,6.9e-05,-0.052365,0.015322,30,362.48,23,2657,31.8
AVGO,2026-08-19,2026-09-18,100.0,P,0.0,0.06,0.03,146.8753,-0.000526,1.2e-05,-0.004719,0.001936,30,362.48,19,1564,31.8
AVGO,2026-08-19,2026-09-18,105.0,P,0.0,0.4,0.2,171.0939,-0.00274,4.7e-05,-0.024864,0.008761,30,362.48,15,2202,31.8
AVGO,2026-08-19,2026-09-18,110.0,P,0.0,0.96,0.48,184.2774,-0.00575,8.6e-05,-0.052007,0.017016,30,362.48,4,2913,31.8
AVGO,2026-08-19,2026-09-18,115.0,P,0.0,0.05,0.025,129.6879,-0.000516,1.4e-05,-0.004087,0.0019,30,362.48,2,273,31.8
AVGO,2026-08-19,2026-09-18,120.0,P,0.0,1.89,0.945,189.502,-0.010388,0.00014,-0.089961,0.028631,30,362.48,15,535,31.8
AVGO,2026-08-19,2026-09-18,125.0,P,0.0,0.1,0.05,128.1254,-0.001,2.5e-05,-0.007428,0.003498,30,362.48,9,1452,31.8
AVGO,2026-08-19,2026-09-18,130.0,P,0.0,0.1,0.05,123.4379,-0.001024,2.7e-05,-0.007315,0.003576,30,362.48,10,613,31.8
AVGO,2026-08-19,2026-09-18,135.0,P,0.0,1.84,0.92,169.8732,-0.011369,0.000169,-0.087183,0.03097,30,362.48,942,578,31.8
AVGO,2026-08-19,2026-09-18,140.0,P,0.0,1.81,0.905,163.6721,-0.011649,0.000179,-0.085782,0.031633,30,362.48,2,316,31.8
AVGO,2026-08-19,2026-09-18,145.0,P,0.0,0.11,0.055,112.1098,-0.00126,3.6e-05,-0.008031,0.004325,30,362.48,2,520,31.8
AVGO,2026-08-19,2026-09-18,150.0,P,0.0,0.88,0.44,137.2073,-0.007193,0.00014,-0.047132,0.020743,30,362.48,5,3390,31.8
AVGO,2026-08-19,2026-09-18,155.0,P,0.0,0.3,0.15,115.8207,-0.003132,7.9e-05,-0.018949,0.009882,30,362.48,30,377,31.8
AVGO,2026-08-19,2026-09-18,160.0,P,0.0,1.6,0.8,139.6976,-0.012232,0.000219,-0.076314,0.033,30,362.48,4,512,31.8
AVGO,2026-08-19,2026-09-18,165.0,P,0.0,0.2,0.1,103.1255,-0.0024,7e-05,-0.013265,0.007774,30,362.48,1,503,31.8
AVGO,2026-08-19,2026-09-18,170.0,P,0.0,0.2,0.1,99.4141,-0.002479,7.5e-05,-0.01316,0.008002,30,362.48,2,576,31.8
AVGO,2026-08-19,2026-09-18,175.0,P,0.0,0.2,0.1,95.8985,-0.002578,8e-05,-0.013151,0.008292,30,362.48,12,687,31.8
AVGO,2026-08-19,2026-09-18,180.0,P,0.0,0.2,0.1,92.3829,-0.002661,8.6e-05,-0.01303,0.008532,30,362.48,3,856,31.8
AVGO,2026-08-19,2026-09-18,185.0,P,0.0,1.2,0.6,111.9145,-0.011718,0.000263,-0.058821,0.031795,30,362.48,138,611,31.8
AVGO,2026-08-19,2026-09-18,190.0,P,0.01,0.1,0.055,80.4689,-0.001703,6.6e-05,-0.007568,0.005693,30,362.48,12,1041,31.8
AVGO,2026-08-19,2026-09-18,195.0,P,0.01,0.07,0.04,75.1956,-0.00136,5.7e-05,-0.005758,0.004637,30,362.48,4,1666,31.8
AVGO,2026-08-19,2026-09-18,200.0,P,0.0,0.07,0.035,71.4847,-0.001268,5.6e-05,-0.005134,0.004351,30,362.48,10,2446,31.8
AVGO,2026-08-19,2026-09-18,210.0,P,0.03,0.09,0.06,69.5316,-0.002164,9.4e-05,-0.008116,0.007076,30,362.48,3,3701,31.8
AVGO,2026-08-19,2026-09-18,220.0,P,0.03,0.11,0.07,65.0394,-0.002656,0.000121,-0.00913,0.008518,30,362.48,32,3791,31.8
AVGO,2026-08-19,2026-09-18,230.0,P,0.01,0.25,0.13,64.0629,-0.004867,0.000212,-0.015473,0.014669,30,362.48,17,3585,31.8
AVGO,2026-08-19,2026-09-18,240.0,P,0.08,0.3,0.19,61.4262,-0.007208,0.000313,-0.020993,0.020781,30,362.48,2,4384,31.8
AVGO,2026-08-19,2026-09-18,250.0,P,0.11,0.25,0.18,55.518,-0.007491,0.000359,-0.019603,0.021499,30,362.48,19,12389,31.8
AVGO,2026-08-19,2026-09-18,260.0,P,0.18,0.4,0.29,53.6626,-0.012018,0.000561,-0.0286,0.032499,30,362.48,86,3712,31.8
AVGO,2026-08-19,2026-09-18,270.0,P,0.37,0.75,0.56,53.6137,-0.02206,0.000944,-0.047991,0.054669,30,362.48,55,3551,31.8
AVGO,2026-08-19,2026-09-18,280.0,P,0.8,0.92,0.86,51.856,-0.033518,0.001384,-0.065668,0.077494,30,362.48,384,8745,31.8
AVGO,2026-08-19,2026-09-18,290.0,P,1.23,1.54,1.385,50.8306,-0.052124,0.002018,-0.091816,0.110786,30,362.48,216,3704,31.8
AVGO,2026-08-19,2026-09-18,300.0,P,2.05,2.35,2.2,50.0493,-0.079059,0.002833,-0.124618,0.153116,30,362.48,854,9123,31.8
AVGO,2026-08-19,2026-09-18,310.0,P,3.15,3.4,3.275,49.4207,-0.11582,0.003799,-0.162417,0.202732,30,362.48,800,6398,31.8
AVGO,2026-08-19,2026-09-18,320.0,P,4.85,5.0,4.925,48.5418,-0.161791,0.004859,-0.199644,0.254693,30,362.48,752,14102,31.8
AVGO,2026-08-19,2026-09-18,330.0,P,7.1,7.4,7.25,48.4746,-0.221578,0.005902,-0.240774,0.308962,30,362.48,1875,7592,31.8
AVGO,2026-08-19,2026-09-18,340.0,P,10.1,10.5,10.3,48.3892,-0.290203,0.006809,-0.275316,0.355838,30,362.48,1589,6267,31.8
AVGO,2026-08-19,2026-09-18,350.0,P,13.9,14.35,14.125,48.2702,-0.365293,0.007495,-0.299532,0.390715,30,362.48,1412,10479,31.8
AVGO,2026-08-19,2026-09-18,360.0,P,18.25,18.9,18.575,47.9375,-0.444015,0.007929,-0.309823,0.410491,30,362.48,1908,7093,31.8
AVGO,2026-08-19,2026-09-18,370.0,P,23.75,24.6,24.175,48.4777,-0.522477,0.007906,-0.312841,0.413922,30,362.48,903,6337,31.8
AVGO,2026-08-19,2026-09-18,380.0,P,30.05,30.9,30.475,48.6761,-0.597421,0.00765,-0.301281,0.402156,30,362.48,1061,7333,31.8
AVGO,2026-08-19,2026-09-18,390.0,P,36.8,37.85,37.325,48.8164,-0.666827,0.007166,-0.279143,0.37778,30,362.48,280,5930,31.8
AVGO,2026-08-19,2026-09-18,400.0,P,44.25,45.75,45.0,49.97,-0.723969,0.006437,-0.258202,0.34739,30,362.48,230,6569,31.8
AVGO,2026-08-19,2026-09-18,410.0,P,52.35,53.85,53.1,50.3667,-0.776331,0.005711,-0.226893,0.31062,30,362.48,270,5775,31.8
AVGO,2026-08-19,2026-09-18,420.0,P,60.65,62.85,61.75,52.5151,-0.811327,0.004951,-0.209712,0.280788,30,362.48,175,3226,31.8
AVGO,2026-08-19,2026-09-18,430.0,P,69.6,72.25,70.925,55.3776,-0.83581,0.0043,-0.199435,0.257142,30,362.48,36,1373,31.8
AVGO,2026-08-19,2026-09-18,440.0,P,78.8,81.2,80.0,50.0127,-0.895944,0.003476,-0.115592,0.187732,30,362.48,9,1369,31.8
AVGO,2026-08-19,2026-09-18,450.0,P,87.75,90.8,89.275,58.2219,-0.88377,0.003232,-0.155686,0.203241,30,362.48,11,482,31.8
AVGO,2026-08-19,2026-09-18,460.0,P,97.55,100.4,98.975,51.4653,-0.935796,0.002348,-0.067672,0.130509,30,362.48,22,822,31.8
AVGO,2026-08-19,2026-09-18,470.0,P,107.05,110.05,108.55,51.3677,-0.952502,0.001854,-0.042214,0.102869,30,362.48,24,390,31.8
AVGO,2026-08-19,2026-09-18,480.0,P,116.5,119.85,118.175,50.4399,-0.967742,0.001378,-0.015732,0.075084,30,362.48,3,244,31.8
AVGO,2026-08-19,2026-09-18,490.0,P,126.7,129.75,128.225,54.0776,-0.967639,0.001289,-0.019452,0.075283,30,362.48,50,986,31.8
AVGO,2026-08-19,2026-09-18,500.0,P,136.35,139.65,138.0,53.6626,-0.976922,0.00098,-0.00106,0.056787,30,362.48,4,293,31.8
AVGO,2026-08-19,2026-09-18,510.0,P,146.35,149.6,147.975,55.9575,-0.97878,0.000875,0.001467,0.052904,30,362.48,2,166,31.8
AVGO,2026-08-19,2026-09-18,520.0,P,156.35,159.6,157.975,58.5698,-0.979671,0.000807,0.002048,0.051017,30,362.48,2,57,31.8
AVGO,2026-08-19,2026-09-18,530.0,P,166.25,169.6,167.925,60.1078,-0.982171,0.000703,0.007234,0.04563,30,362.48,2,81,31.8
AVGO,2026-08-19,2026-09-18,540.0,P,176.25,179.6,177.925,62.598,-0.982759,0.000656,0.007716,0.044342,30,362.48,1,34,31.8
AVGO,2026-08-19,2026-09-18,550.0,P,186.25,189.6,187.925,64.9906,-0.983344,0.000613,0.008377,0.043053,30,362.48,1,6,31.8
AVGO,2026-08-19,2026-09-18,560.0,P,166.5,169.75,168.125,0.001,-1.0,0.0,0.056595,0.0,30,362.48,10,34,31.8
AVGO,2026-08-19,2026-09-18,570.0,P,206.25,209.6,207.925,69.5804,-0.984389,0.000542,0.00984,0.040727,30,362.48,1,0,31.8
AVGO,2026-08-19,2026-09-18,580.0,P,216.25,219.6,217.925,71.8265,-0.984806,0.000513,0.010461,0.039792,30,362.48,3,0,31.8
AVGO,2026-08-19,2026-09-18,590.0,P,226.25,229.6,227.925,74.0237,-0.985188,0.000487,0.011091,0.038931,30,362.48,2,0,31.8
AVGO,2026-08-19,2026-09-18,600.0,P,205.75,209.3,207.525,0.001,-1.0,0.0,0.060637,0.0,30,362.48,1,0,31.8
AVGO,2026-08-19,2026-09-18,620.0,P,256.25,259.6,257.925,80.2736,-0.986239,0.000422,0.013304,0.03654,30,362.48,34,0,31.8
AVGO,2026-08-19,2026-09-18,630.0,P,266.25,269.6,267.925,82.2756,-0.986536,0.000404,0.014042,0.035858,30,362.48,17,0,31.8
AVGO,2026-08-19,2026-09-18,640.0,P,245.6,249.3,247.45,0.001,-1.0,0.0,0.06468,0.0,30,362.48,13,0,31.8
AVGO,2026-08-19,2026-09-18,650.0,P,253.75,257.55,255.65,0.001,-1.0,0.0,0.06569,0.0,30,362.48,40,0,31.8
AVGO,2026-08-19,2026-09-18,690.0,P,293.7,297.65,295.675,0.001,-1.0,0.0,0.069733,0.0,30,362.48,2,0,31.8
AVGO,2026-08-19,2026-09-18,720.0,P,323.9,327.7,325.8,0.001,-1.0,0.0,0.072765,0.0,30,362.48,0,0,31.8
AVGO,2026-08-19,2026-09-18,740.0,P,376.25,379.65,377.95,102.6372,-0.988334,0.000286,0.020216,0.031673,30,362.48,2,0,31.8
AVGO,2026-08-19,2026-09-25,290.0,C,73.25,76.25,74.75,51.6973,0.927916,0.002302,-0.137152,0.158487,37,362.48,0,1,31.8
AVGO,2026-08-19,2026-09-25,300.0,C,64.2,67.5,65.85,51.0137,0.897797,0.003029,-0.168092,0.205783,37,362.48,4,6,31.8
AVGO,2026-08-19,2026-09-25,305.0,C,59.8,62.5,61.15,54.456,0.865237,0.003451,-0.209555,0.250272,37,362.48,0,1,31.8
AVGO,2026-08-19,2026-09-25,320.0,C,47.4,50.55,48.975,53.4856,0.799306,0.004545,-0.258196,0.323774,37,362.48,1,2,31.8
AVGO,2026-08-19,2026-09-25,330.0,C,39.8,42.6,41.2,51.1785,0.751942,0.005358,-0.275839,0.365223,37,362.48,13,3,31.8
AVGO,2026-08-19,2026-09-25,340.0,C,33.2,35.95,34.575,50.9008,0.691193,0.005996,-0.30129,0.40647,37,362.48,10,6,31.8
AVGO,2026-08-19,2026-09-25,345.0,C,30.8,32.7,31.75,50.3667,0.65975,0.006305,-0.308778,0.422988,37,362.48,41,3,31.8
AVGO,2026-08-19,2026-09-25,350.0,C,28.3,29.9,29.1,50.4888,0.626146,0.006501,-0.318226,0.437201,37,362.48,18,3,31.8
AVGO,2026-08-19,2026-09-25,355.0,C,25.45,27.2,26.325,50.443,0.592309,0.006669,-0.324375,0.448033,37,362.48,9,7,31.8
AVGO,2026-08-19,2026-09-25,360.0,C,23.2,24.9,24.05,50.8916,0.55825,0.00672,-0.33121,0.455497,37,362.48,123,28,31.8
AVGO,2026-08-19,2026-09-25,365.0,C,20.8,22.4,21.6,50.5376,0.524203,0.006827,-0.330816,0.459566,37,362.48,130,21,31.8
AVGO,2026-08-19,2026-09-25,370.0,C,18.9,20.25,19.575,50.5834,0.490552,0.006832,-0.330577,0.460285,37,362.48,62,8,31.8
AVGO,2026-08-19,2026-09-25,375.0,C,16.5,18.2,17.35,50.4949,0.457196,0.006806,-0.32729,0.457761,37,362.48,55,47,31.8
AVGO,2026-08-19,2026-09-25,380.0,C,14.75,16.5,15.625,50.8306,0.425608,0.006682,-0.324689,0.452386,37,362.48,164,41,31.8
AVGO,2026-08-19,2026-09-25,385.0,C,12.7,14.85,13.775,50.9526,0.394615,0.006546,-0.318869,0.444255,37,362.48,108,27,31.8
AVGO,2026-08-19,2026-09-25,390.0,C,10.8,13.35,12.075,51.0991,0.364901,0.006373,-0.31156,0.433755,37,362.48,69,148,31.8
AVGO,2026-08-19,2026-09-25,395.0,C,9.7,12.0,10.85,51.2883,0.336685,0.006167,-0.303122,0.421274,37,362.48,28,173,31.8
AVGO,2026-08-19,2026-09-25,400.0,C,9.15,10.15,9.65,49.9517,0.302854,0.006057,-0.282111,0.402981,37,362.48,132,349,31.8
AVGO,2026-08-19,2026-09-25,405.0,C,7.3,9.4,8.35,51.0137,0.281429,0.005732,-0.277857,0.38945,37,362.48,40,35,31.8
AVGO,2026-08-19,2026-09-25,410.0,C,6.25,8.75,7.5,52.1306,0.262188,0.005415,-0.273594,0.375962,37,362.48,76,113,31.8
AVGO,2026-08-19,2026-09-25,415.0,C,6.4,7.9,7.15,50.4033,0.229785,0.005217,-0.24628,0.350253,37,362.48,74,29,31.8
AVGO,2026-08-19,2026-09-25,420.0,C,5.65,6.65,6.15,51.4623,0.21357,0.004901,-0.240772,0.335907,37,362.48,79,85,31.8
AVGO,2026-08-19,2026-09-25,425.0,C,4.05,6.4,5.225,53.1255,0.202144,0.004596,-0.240223,0.325173,37,362.48,38,258,31.8
AVGO,2026-08-19,2026-09-25,430.0,C,4.0,4.85,4.425,50.4155,0.168391,0.004323,-0.203452,0.290268,37,362.48,51,139,31.8
AVGO,2026-08-19,2026-09-25,435.0,C,3.0,5.15,4.075,53.6321,0.168351,0.004063,-0.216005,0.290223,37,362.48,60,62,31.8
AVGO,2026-08-19,2026-09-25,440.0,C,3.25,4.0,3.625,50.1104,0.133185,0.00372,-0.172636,0.248254,37,362.48,36,92,31.8
AVGO,2026-08-19,2026-09-25,445.0,C,3.0,3.45,3.225,50.4216,0.120198,0.003442,-0.161578,0.231132,37,362.48,39,87,31.8
AVGO,2026-08-19,2026-09-25,450.0,C,2.55,3.95,3.25,52.4419,0.117145,0.003249,-0.164823,0.226969,37,362.48,83,365,31.8
AVGO,2026-08-19,2026-09-25,455.0,C,1.58,3.6,2.59,51.2151,0.098597,0.002939,-0.142098,0.200458,37,362.48,4,22,31.8
AVGO,2026-08-19,2026-09-25,460.0,C,1.32,2.94,2.13,50.562,0.084375,0.002652,-0.124915,0.178596,37,362.48,40,46,31.8
AVGO,2026-08-19,2026-09-25,465.0,C,1.08,2.89,1.985,51.4165,0.078285,0.002465,-0.11995,0.168782,37,362.48,25,221,31.8
AVGO,2026-08-19,2026-09-25,470.0,C,0.86,2.76,1.81,51.9902,0.071616,0.002277,-0.113244,0.157698,37,362.48,35,83,31.8
AVGO,2026-08-19,2026-09-25,475.0,C,1.08,2.08,1.58,52.0513,0.063529,0.002074,-0.103291,0.143752,37,362.48,9,80,31.8
AVGO,2026-08-19,2026-09-25,480.0,C,0.85,2.37,1.61,53.7968,0.062766,0.001987,-0.105671,0.142404,37,362.48,6,58,31.8
AVGO,2026-08-19,2026-09-25,485.0,C,0.99,2.22,1.605,55.2739,0.06114,0.001895,-0.106299,0.139518,37,362.48,1,13,31.8
AVGO,2026-08-19,2026-09-25,490.0,C,0.93,1.52,1.225,53.8335,0.049359,0.001643,-0.087395,0.117808,37,362.48,249,255,31.8
AVGO,2026-08-19,2026-09-25,495.0,C,0.5,1.97,1.235,55.3471,0.048577,0.001578,-0.088658,0.116315,37,362.48,8,15,31.8
AVGO,2026-08-19,2026-09-25,500.0,C,0.47,1.23,0.85,53.0766,0.036198,0.001297,-0.066996,0.09167,37,362.48,30,184,31.8
AVGO,2026-08-19,2026-09-25,505.0,C,0.42,1.71,1.065,56.5678,0.041796,0.001368,-0.080211,0.103059,37,362.48,2,4,31.8
AVGO,2026-08-19,2026-09-25,510.0,C,0.55,1.11,0.83,55.4448,0.034024,0.00118,-0.06645,0.087129,37,362.48,3,34,31.8
AVGO,2026-08-19,2026-09-25,515.0,C,0.34,1.39,0.865,57.1293,0.034438,0.001156,-0.069116,0.087998,37,362.48,8,3,31.8
AVGO,2026-08-19,2026-09-25,520.0,C,0.32,1.25,0.785,57.4467,0.031372,0.001065,-0.064336,0.081488,37,362.48,3,18,31.8
AVGO,2026-08-19,2026-09-25,525.0,C,0.08,1.37,0.725,57.935,0.029003,0.000989,-0.060773,0.076354,37,362.48,0,4,31.8
AVGO,2026-08-19,2026-09-25,530.0,C,0.26,0.62,0.44,54.8588,0.019401,0.000745,-0.041039,0.054454,37,362.48,26,16,31.8
AVGO,2026-08-19,2026-09-25,535.0,C,0.19,0.81,0.5,57.0317,0.021052,0.000768,-0.045702,0.05836,37,362.48,0,2,31.8
AVGO,2026-08-19,2026-09-25,545.0,C,0.13,1.3,0.715,62.5004,0.026738,0.000857,-0.061177,0.071352,37,362.48,0,4,31.8
AVGO,2026-08-19,2026-09-25,550.0,C,0.1,0.86,0.48,60.0102,0.019363,0.00068,-0.044752,0.054364,37,362.48,10,117,31.8
AVGO,2026-08-19,2026-09-25,555.0,C,0.01,1.11,0.56,62.4515,0.021476,0.000714,-0.050825,0.059353,37,362.48,1,4,31.8
AVGO,2026-08-19,2026-09-25,560.0,C,0.24,0.64,0.44,61.4018,0.017514,0.00061,-0.042015,0.049911,37,362.48,10,24,31.8
AVGO,2026-08-19,2026-09-25,580.0,C,0.13,0.62,0.375,64.1117,0.014541,0.000498,-0.037364,0.042552,37,362.48,22,61,31.8
AVGO,2026-08-19,2026-09-25,210.0,P,0.0,0.99,0.495,81.4455,-0.012251,0.000338,-0.039898,0.036699,37,362.48,10,11,31.8
AVGO,2026-08-19,2026-09-25,215.0,P,0.01,0.7,0.355,74.6096,-0.009813,0.000304,-0.030114,0.030256,37,362.48,6,12,31.8
AVGO,2026-08-19,2026-09-25,220.0,P,0.03,0.55,0.29,69.6292,-0.008652,0.000292,-0.025154,0.027098,37,362.48,6,11,31.8
AVGO,2026-08-19,2026-09-25,225.0,P,0.03,0.27,0.15,61.4262,-0.005305,0.000215,-0.014394,0.017591,37,362.48,6,11,31.8
AVGO,2026-08-19,2026-09-25,230.0,P,0.05,0.42,0.235,62.3051,-0.00795,0.000303,-0.020869,0.025157,37,362.48,9,15,31.8
AVGO,2026-08-19,2026-09-25,235.0,P,0.04,0.53,0.285,61.2309,-0.009648,0.000366,-0.024288,0.029811,37,362.48,8,15,31.8
AVGO,2026-08-19,2026-09-25,240.0,P,0.04,0.38,0.21,56.1528,-0.007831,0.000332,-0.018533,0.024827,37,362.48,2,10,31.8
AVGO,2026-08-19,2026-09-25,250.0,P,0.11,0.54,0.325,54.395,-0.012117,0.000502,-0.026248,0.036352,37,362.48,4,5,31.8
AVGO,2026-08-19,2026-09-25,255.0,P,0.19,0.75,0.47,54.8344,-0.016865,0.000662,-0.035148,0.048324,37,362.48,1,7,31.8
AVGO,2026-08-19,2026-09-25,265.0,P,0.3,0.75,0.525,50.4888,-0.020069,0.000833,-0.037453,0.056042,37,362.48,4,4,31.8
AVGO,2026-08-19,2026-09-25,270.0,P,0.33,1.16,0.745,50.9282,-0.027383,0.001073,-0.04902,0.072786,37,362.48,6,19,31.8
AVGO,2026-08-19,2026-09-25,275.0,P,0.68,1.14,0.91,50.0737,-0.033203,0.00128,-0.056483,0.085394,37,362.48,28,17,31.8
AVGO,2026-08-19,2026-09-25,280.0,P,0.9,1.51,1.205,50.1226,-0.042614,0.001568,-0.069234,0.104688,37,362.48,19,38,31.8
AVGO,2026-08-19,2026-09-25,285.0,P,1.1,1.7,1.4,51.0869,-0.056726,0.001933,-0.08858,0.131551,37,362.48,23,79,31.8
AVGO,2026-08-19,2026-09-25,290.0,P,1.29,1.98,1.635,49.9517,-0.066056,0.002227,-0.097412,0.148171,37,362.48,18,37,31.8
AVGO,2026-08-19,2026-09-25,295.0,P,2.08,2.75,2.415,51.2334,-0.085752,0.002649,-0.121754,0.180774,37,362.48,24,21,31.8
AVGO,2026-08-19,2026-09-25,300.0,P,2.5,2.93,2.715,48.9568,-0.094132,0.002971,-0.12445,0.193746,37,362.48,131,70,31.8
AVGO,2026-08-19,2026-09-25,305.0,P,3.0,3.6,3.3,48.7554,-0.112366,0.003393,-0.140712,0.220341,37,362.48,61,19,31.8
AVGO,2026-08-19,2026-09-25,310.0,P,3.75,4.35,4.05,48.438,-0.132308,0.003831,-0.156496,0.247127,37,362.48,79,87,31.8
AVGO,2026-08-19,2026-09-25,315.0,P,4.65,5.25,4.95,48.2305,-0.154937,0.00428,-0.173007,0.274931,37,362.48,66,34,31.8
AVGO,2026-08-19,2026-09-25,320.0,P,5.75,6.35,6.05,48.2366,-0.180664,0.004724,-0.190623,0.303533,37,362.48,130,155,31.8
AVGO,2026-08-19,2026-09-25,325.0,P,6.55,7.5,7.025,47.9375,-0.207252,0.005169,-0.205477,0.330037,37,362.48,88,49,31.8
AVGO,2026-08-19,2026-09-25,330.0,P,8.1,9.0,8.55,48.1878,-0.237911,0.005563,-0.222921,0.357064,37,362.48,173,255,31.8
AVGO,2026-08-19,2026-09-25,335.0,P,9.55,10.5,10.025,47.9803,-0.268611,0.005956,-0.235911,0.380608,37,362.48,87,170,31.8
AVGO,2026-08-19,2026-09-25,340.0,P,11.3,12.0,11.65,47.3699,-0.299867,0.006359,-0.244651,0.401187,37,362.48,603,3817,31.8
AVGO,2026-08-19,2026-09-25,345.0,P,13.25,14.15,13.7,47.9009,-0.335446,0.006594,-0.258622,0.420669,37,362.48,179,4020,31.8
AVGO,2026-08-19,2026-09-25,350.0,P,15.35,16.0,15.675,47.3119,-0.36964,0.006913,-0.263388,0.435609,37,362.48,295,927,31.8
AVGO,2026-08-19,2026-09-25,355.0,P,17.1,19.0,18.05,48.8714,-0.40675,0.006879,-0.278945,0.447779,37,362.48,87,189,31.8
AVGO,2026-08-19,2026-09-25,360.0,P,19.9,21.1,20.5,48.0474,-0.442006,0.007118,-0.277496,0.455541,37,362.48,166,360,31.8
AVGO,2026-08-19,2026-09-25,365.0,P,22.05,23.8,22.925,48.145,-0.477705,0.007169,-0.279221,0.459695,37,362.48,55,270,31.8
AVGO,2026-08-19,2026-09-25,370.0,P,24.5,27.4,25.95,49.7991,-0.5106,0.006939,-0.288304,0.460252,37,362.48,72,757,31.8
AVGO,2026-08-19,2026-09-25,375.0,P,27.85,30.35,29.1,49.7045,-0.544488,0.006911,-0.284361,0.457548,37,362.48,9,144,31.8
AVGO,2026-08-19,2026-09-25,380.0,P,31.15,33.25,32.2,49.1521,-0.579028,0.006894,-0.275271,0.451351,37,362.48,26,265,31.8
AVGO,2026-08-19,2026-09-25,385.0,P,34.65,36.95,35.8,50.0249,-0.608437,0.006653,-0.273701,0.443299,37,362.48,37,126,31.8
AVGO,2026-08-19,2026-09-25,390.0,P,38.0,40.45,39.225,50.147,-0.638708,0.006472,-0.265514,0.432296,37,362.48,31,203,31.8
AVGO,2026-08-19,2026-09-25,395.0,P,41.55,44.1,42.825,50.3057,-0.667463,0.006257,-0.256136,0.419229,37,362.48,9,73,31.8
AVGO,2026-08-19,2026-09-25,400.0,P,45.5,48.0,46.75,50.7756,-0.693302,0.005992,-0.247864,0.405247,37,362.48,43,250,31.8
AVGO,2026-08-19,2026-09-25,405.0,P,49.25,52.0,50.625,51.2273,-0.717527,0.005718,-0.238592,0.390146,37,362.48,2,19,31.8
AVGO,2026-08-19,2026-09-25,410.0,P,53.0,56.1,54.55,51.6912,-0.740028,0.005437,-0.228747,0.374325,37,362.48,1,51,31.8
AVGO,2026-08-19,2026-09-25,415.0,P,57.1,60.2,58.65,51.9048,-0.762217,0.005163,-0.216419,0.356958,37,362.48,1,68,31.8
AVGO,2026-08-19,2026-09-25,420.0,P,61.65,64.25,62.95,51.7095,-0.785094,0.004895,-0.200372,0.337127,37,362.48,14,283,31.8
AVGO,2026-08-19,2026-09-25,425.0,P,66.1,68.75,67.425,52.6189,-0.800564,0.004602,-0.193129,0.322552,37,362.48,4,20,31.8
AVGO,2026-08-19,2026-09-25,430.0,P,70.05,72.95,71.5,52.3808,-0.820785,0.004329,-0.176379,0.302001,37,362.48,1,6,31.8
AVGO,2026-08-19,2026-09-25,435.0,P,74.5,77.55,76.025,53.2353,-0.83376,0.00406,-0.168762,0.287873,37,362.48,2,6,31.8
AVGO,2026-08-19,2026-09-25,440.0,P,79.05,82.1,80.575,53.7663,-0.847233,0.003803,-0.158614,0.272376,37,362.48,0,1,31.8
AVGO,2026-08-19,2026-09-25,445.0,P,83.7,86.7,85.2,54.3156,-0.859456,0.00356,-0.148841,0.257551,37,362.48,0,1,31.8
AVGO,2026-08-19,2026-09-25,460.0,P,97.45,100.75,99.1,56.0673,-0.889604,0.002913,-0.12212,0.217569,37,362.48,0,1,31.8
AVGO,2026-08-19,2026-09-25,475.0,P,111.95,115.15,113.55,58.3378,-0.910274,0.002407,-0.102475,0.186989,37,362.48,0,1,31.8
AVGO,2026-08-19,2026-09-25,485.0,P,121.65,124.9,123.275,60.2055,-0.919786,0.002144,-0.093602,0.17192,37,362.48,1,1,31.8
AVGO,2026-08-19,2026-09-25,490.0,P,126.8,129.8,128.3,61.182,-0.923756,0.00203,-0.089862,0.165428,37,362.48,0,1,31.8
AVGO,2026-08-19,2026-10-02,210.0,C,151.2,154.55,152.875,72.3147,0.989759,0.000299,-0.048925,0.034248,44,362.48,1,1,31.8
AVGO,2026-08-19,2026-10-02,245.0,C,116.6,119.95,118.275,60.3275,0.977041,0.000717,-0.070752,0.068474,44,362.48,2,1,31.8
AVGO,2026-08-19,2026-10-02,290.0,C,73.8,76.65,75.225,56.403,0.896143,0.002541,-0.17058,0.227038,44,362.48,1,3,31.8
AVGO,2026-08-19,2026-10-02,310.0,C,56.6,59.65,58.125,53.626,0.830726,0.003739,-0.217932,0.317602,44,362.48,20,1,31.8
AVGO,2026-08-19,2026-10-02,330.0,C,41.1,43.8,42.45,49.9212,0.743449,0.005127,-0.252783,0.405408,44,362.48,1,2,31.8
AVGO,2026-08-19,2026-10-02,340.0,C,34.75,37.2,35.975,49.5122,0.685925,0.005694,-0.272591,0.446515,44,362.48,4,1,31.8
AVGO,2026-08-19,2026-10-02,360.0,C,24.5,26.3,25.4,49.5427,0.560347,0.006325,-0.297298,0.496326,44,362.48,118,3,31.8
AVGO,2026-08-19,2026-10-02,375.0,C,17.1,20.0,18.55,49.97,0.466821,0.006322,-0.299204,0.500344,44,362.48,40,21,31.8
AVGO,2026-08-19,2026-10-02,380.0,C,16.45,18.2,17.325,50.1195,0.436987,0.006246,-0.296559,0.495805,44,362.48,53,43,31.8
AVGO,2026-08-19,2026-10-02,385.0,C,13.8,16.55,15.175,50.2935,0.408144,0.006135,-0.292597,0.488713,44,362.48,97,9,31.8
AVGO,2026-08-19,2026-10-02,390.0,C,13.15,15.0,14.075,50.4033,0.380119,0.006003,-0.286911,0.479238,44,362.48,13,121,31.8
AVGO,2026-08-19,2026-10-02,395.0,C,11.0,12.8,11.9,48.8561,0.346278,0.006,-0.26919,0.46433,44,362.48,99,55,31.8
AVGO,2026-08-19,2026-10-02,400.0,C,11.0,11.55,11.275,49.0423,0.320208,0.005796,-0.261462,0.450187,44,362.48,152,163,31.8
AVGO,2026-08-19,2026-10-02,405.0,C,9.6,10.9,10.25,50.3423,0.30095,0.005496,-0.260621,0.438207,44,362.48,16,55,31.8
AVGO,2026-08-19,2026-10-02,410.0,C,7.4,10.25,8.825,51.4806,0.282688,0.00522,-0.258316,0.425609,44,362.48,21,38,31.8
AVGO,2026-08-19,2026-10-02,415.0,C,6.5,8.7,7.6,50.2538,0.253764,0.005064,-0.238625,0.403099,44,362.48,32,177,31.8
AVGO,2026-08-19,2026-10-02,420.0,C,6.5,7.65,7.075,49.9547,0.230637,0.004837,-0.224958,0.382742,44,362.48,40,111,31.8
AVGO,2026-08-19,2026-10-02,425.0,C,4.9,7.1,6.0,50.7512,0.214879,0.004573,-0.219174,0.367611,44,362.48,10,7,31.8
AVGO,2026-08-19,2026-10-02,430.0,C,5.4,6.3,5.85,50.6841,0.195626,0.004331,-0.20678,0.347665,44,362.48,33,22,31.8
AVGO,2026-08-19,2026-10-02,435.0,C,4.35,5.7,5.025,50.9832,0.179678,0.004085,-0.197127,0.329867,44,362.48,13,8,31.8
AVGO,2026-08-19,2026-10-02,440.0,C,3.15,5.9,4.525,53.6015,0.177649,0.003858,-0.205417,0.327517,44,362.48,21,28,31.8
AVGO,2026-08-19,2026-10-02,445.0,C,2.66,4.55,3.605,51.1846,0.149128,0.003605,-0.175026,0.292298,44,362.48,4,19,31.8
AVGO,2026-08-19,2026-10-02,450.0,C,3.3,5.0,4.15,51.6118,0.137318,0.003382,-0.16676,0.276453,44,362.48,6,83,31.8
AVGO,2026-08-19,2026-10-02,455.0,C,1.91,4.6,3.255,55.0114,0.142006,0.003246,-0.181558,0.282836,44,362.48,6,60,31.8
AVGO,2026-08-19,2026-10-02,460.0,C,2.83,3.1,2.965,50.3728,0.10577,0.002883,-0.135273,0.230059,44,362.48,2,12,31.8
AVGO,2026-08-19,2026-10-02,465.0,C,1.31,3.95,2.63,50.4766,0.09542,0.002669,-0.125647,0.213407,44,362.48,11,7,31.8
AVGO,2026-08-19,2026-10-02,470.0,C,1.8,3.5,2.65,52.1367,0.093441,0.002545,-0.12766,0.210135,44,362.48,25,61,31.8
AVGO,2026-08-19,2026-10-02,480.0,C,0.9,3.5,2.2,52.8813,0.078773,0.002208,-0.113797,0.184925,44,362.48,2,5,31.8
AVGO,2026-08-19,2026-10-02,485.0,C,0.53,3.3,1.915,52.7104,0.070083,0.002026,-0.103689,0.169134,44,362.48,5,10,31.8
AVGO,2026-08-19,2026-10-02,490.0,C,0.93,2.62,1.775,53.2597,0.065073,0.001893,-0.098873,0.159713,44,362.48,5,13,31.8
AVGO,2026-08-19,2026-10-02,495.0,C,0.68,2.69,1.685,54.041,0.061408,0.001784,-0.095837,0.152664,44,362.48,9,3,31.8
AVGO,2026-08-19,2026-10-02,500.0,C,1.1,1.73,1.415,53.5039,0.053206,0.001609,-0.084728,0.136375,44,362.48,23,39,31.8
AVGO,2026-08-19,2026-10-02,510.0,C,0.33,2.46,1.395,55.8964,0.050572,0.001479,-0.084916,0.130982,44,362.48,0,17,31.8
AVGO,2026-08-19,2026-10-02,580.0,C,0.08,0.61,0.345,58.2768,0.013906,0.000484,-0.030047,0.044652,44,362.48,8,7,31.8
AVGO,2026-08-19,2026-10-02,230.0,P,0.05,0.89,0.47,63.1351,-0.013723,0.000441,-0.031125,0.044144,44,362.48,25,12,31.8
AVGO,2026-08-19,2026-10-02,240.0,P,0.06,0.4,0.23,52.2466,-0.008463,0.00035,-0.016877,0.028983,44,362.48,2,3,31.8
AVGO,2026-08-19,2026-10-02,250.0,P,0.15,0.95,0.55,54.1997,-0.018219,0.000656,-0.033952,0.056291,44,362.48,12,15,31.8
AVGO,2026-08-19,2026-10-02,280.0,P,1.29,1.9,1.595,50.9893,-0.057967,0.001807,-0.082247,0.145921,44,362.48,21,7,31.8
AVGO,2026-08-19,2026-10-02,285.0,P,1.19,2.05,1.62,49.1094,-0.064031,0.002028,-0.08548,0.157723,44,362.48,127,17,31.8
AVGO,2026-08-19,2026-10-02,290.0,P,1.96,2.51,2.235,48.792,-0.076658,0.002344,-0.097389,0.181143,44,362.48,55,6,31.8
AVGO,2026-08-19,2026-10-02,300.0,P,2.87,3.7,3.285,48.2549,-0.107564,0.003047,-0.123399,0.232868,44,362.48,53,31,31.8
AVGO,2026-08-19,2026-10-02,305.0,P,3.55,5.2,4.375,50.6719,-0.136824,0.003436,-0.153281,0.275772,44,362.48,19,18,31.8
AVGO,2026-08-19,2026-10-02,310.0,P,4.55,5.1,4.825,47.083,-0.143271,0.003815,-0.146498,0.284537,44,362.48,32,22,31.8
AVGO,2026-08-19,2026-10-02,315.0,P,4.95,6.15,5.55,47.1197,-0.166713,0.004214,-0.161699,0.314502,44,362.48,42,11,31.8
AVGO,2026-08-19,2026-10-02,320.0,P,6.4,7.4,6.9,47.3089,-0.192657,0.004597,-0.177397,0.344441,44,362.48,146,73,31.8
AVGO,2026-08-19,2026-10-02,325.0,P,7.0,8.85,7.925,47.6018,-0.220647,0.004951,-0.19297,0.373271,44,362.48,55,207,31.8
AVGO,2026-08-19,2026-10-02,330.0,P,8.35,10.35,9.35,47.5957,-0.248982,0.005294,-0.205709,0.399065,44,362.48,86,42,31.8
AVGO,2026-08-19,2026-10-02,335.0,P,9.9,12.0,10.95,47.5683,-0.278622,0.005609,-0.217076,0.422636,44,362.48,68,3550,31.8
AVGO,2026-08-19,2026-10-02,340.0,P,11.9,14.05,12.975,48.0565,-0.310698,0.005839,-0.229947,0.444436,44,362.48,93,112,31.8
AVGO,2026-08-19,2026-10-02,345.0,P,14.3,15.15,14.725,46.1431,-0.338541,0.006299,-0.227513,0.460378,44,362.48,25,119,31.8
AVGO,2026-08-19,2026-10-02,350.0,P,15.85,17.55,16.7,46.6711,-0.37268,0.006443,-0.237224,0.47629,44,362.48,127,146,31.8
AVGO,2026-08-19,2026-10-02,355.0,P,18.4,20.4,19.4,47.73,-0.406872,0.00646,-0.247953,0.488338,44,362.48,42,44,31.8
AVGO,2026-08-19,2026-10-02,360.0,P,21.15,23.0,22.075,47.9253,-0.439885,0.006539,-0.251941,0.49637,44,362.48,115,132,31.8
AVGO,2026-08-19,2026-10-02,365.0,P,23.35,25.05,24.2,46.7046,-0.473744,0.006772,-0.246064,0.500994,44,362.48,56,40,31.8
AVGO,2026-08-19,2026-10-02,370.0,P,26.3,28.9,27.6,48.7188,-0.504168,0.006506,-0.256617,0.502054,44,362.48,93,69,31.8
AVGO,2026-08-19,2026-10-02,375.0,P,29.3,31.9,30.6,48.7523,-0.535707,0.006476,-0.254252,0.500069,44,362.48,17,185,31.8
AVGO,2026-08-19,2026-10-02,380.0,P,32.35,35.05,33.7,48.7859,-0.566568,0.006407,-0.250228,0.495075,44,362.48,22,51,31.8
AVGO,2026-08-19,2026-10-02,385.0,P,35.9,38.3,37.1,48.734,-0.596871,0.006312,-0.244141,0.487206,44,362.48,12,84,31.8
AVGO,2026-08-19,2026-10-02,390.0,P,39.35,41.85,40.6,49.0178,-0.625012,0.006147,-0.238764,0.477224,44,362.48,3,64,31.8
AVGO,2026-08-19,2026-10-02,395.0,P,42.85,45.65,44.25,49.5733,-0.650695,0.005933,-0.234029,0.465821,44,362.48,9,38,31.8
AVGO,2026-08-19,2026-10-02,400.0,P,46.6,49.1,47.85,49.1186,-0.679437,0.005789,-0.221611,0.450395,44,362.48,2,123,31.8
AVGO,2026-08-19,2026-10-02,410.0,P,54.45,57.05,55.75,49.793,-0.725852,0.005316,-0.204963,0.419294,44,362.48,2,18,31.8
AVGO,2026-08-19,2026-10-02,415.0,P,58.5,61.15,59.825,50.0921,-0.7471,0.005071,-0.195566,0.402377,44,362.48,1,36,31.8
AVGO,2026-08-19,2026-10-02,420.0,P,62.15,65.35,63.75,50.4369,-0.766705,0.004822,-0.186151,0.385192,44,362.48,22,252,31.8
AVGO,2026-08-19,2026-10-02,490.0,P,126.95,130.05,128.5,57.5566,-0.917153,0.002107,-0.078981,0.192101,44,362.48,4,2,31.8
AVGO,2026-08-19,2026-10-16,155.0,C,205.95,209.3,207.625,83.3986,0.996922,7.8e-05,-0.025223,0.013531,58,362.48,1,3,31.8
AVGO,2026-08-19,2026-10-16,165.0,C,242.95,246.85,244.9,323.0532,0.896094,0.000387,-0.73432,0.260757,58,362.48,0,0,31.8
AVGO,2026-08-19,2026-10-16,175.0,C,222.0,225.45,223.725,264.3192,0.889432,0.000494,-0.631402,0.272707,58,362.48,1,1,31.8
AVGO,2026-08-19,2026-10-16,180.0,C,181.1,184.5,182.8,76.8557,0.993,0.000175,-0.036511,0.028159,58,362.48,1,45,31.8
AVGO,2026-08-19,2026-10-16,190.0,C,171.3,174.6,172.95,75.3909,0.989808,0.000249,-0.044179,0.039157,58,362.48,1,6,31.8
AVGO,2026-08-19,2026-10-16,195.0,C,200.2,203.9,202.05,229.2546,0.873225,0.000628,-0.605261,0.300387,58,362.48,1,29,31.8
AVGO,2026-08-19,2026-10-16,200.0,C,161.45,164.7,163.075,72.4612,0.986908,0.000322,-0.050021,0.048667,58,362.48,1,69,31.8
AVGO,2026-08-19,2026-10-16,210.0,C,151.4,154.8,153.1,67.5784,0.985476,0.000377,-0.05158,0.053224,58,362.48,14,27,31.8
AVGO,2026-08-19,2026-10-16,220.0,C,141.6,144.95,143.275,65.0394,0.981159,0.00049,-0.058693,0.066502,58,362.48,1,59,31.8
AVGO,2026-08-19,2026-10-16,230.0,C,131.9,135.15,133.525,62.9154,0.975154,0.00064,-0.067737,0.084013,58,362.48,5,38,31.8
AVGO,2026-08-19,2026-10-16,240.0,C,122.1,125.4,123.75,60.0102,0.969109,0.000804,-0.075047,0.100731,58,362.48,14,56,31.8
AVGO,2026-08-19,2026-10-16,250.0,C,112.5,115.5,114.0,56.9829,0.96205,0.001003,-0.082263,0.119296,58,362.48,1,30,31.8
AVGO,2026-08-19,2026-10-16,260.0,C,102.9,105.95,104.425,54.8222,0.951208,0.001277,-0.093299,0.146143,58,362.48,1,96,31.8
AVGO,2026-08-19,2026-10-16,270.0,C,93.55,96.6,95.075,53.3086,0.935745,0.001631,-0.108055,0.181577,58,362.48,2,83,31.8
AVGO,2026-08-19,2026-10-16,280.0,C,84.35,87.7,86.025,52.3198,0.914716,0.002063,-0.126423,0.22541,58,362.48,2,54,31.8
AVGO,2026-08-19,2026-10-16,290.0,C,75.45,78.5,76.975,50.4216,0.892451,0.002539,-0.141058,0.267333,58,362.48,5,103,31.8
AVGO,2026-08-19,2026-10-16,300.0,C,66.85,69.5,68.175,52.506,0.850046,0.003073,-0.176528,0.336833,58,362.48,19,290,31.8
AVGO,2026-08-19,2026-10-16,310.0,C,58.7,61.4,60.05,51.3127,0.814772,0.003603,-0.194339,0.385994,58,362.48,11,295,31.8
AVGO,2026-08-19,2026-10-16,320.0,C,51.35,53.8,52.575,50.3789,0.773485,0.004136,-0.211777,0.435006,58,362.48,5,135,31.8
AVGO,2026-08-19,2026-10-16,330.0,C,45.0,47.4,46.2,50.9679,0.723269,0.004545,-0.234162,0.483627,58,362.48,5,648,31.8
AVGO,2026-08-19,2026-10-16,340.0,C,38.0,40.2,39.1,48.9232,0.675787,0.005086,-0.239776,0.51954,58,362.48,32,214,31.8
AVGO,2026-08-19,2026-10-16,350.0,C,32.9,34.05,33.475,47.9528,0.621576,0.005488,-0.246442,0.549471,58,362.48,157,702,31.8
AVGO,2026-08-19,2026-10-16,360.0,C,28.0,28.85,28.425,47.6903,0.564384,0.005714,-0.251633,0.568927,58,362.48,536,507,31.8
AVGO,2026-08-19,2026-10-16,370.0,C,23.5,24.45,23.975,47.8216,0.507357,0.005772,-0.253699,0.576352,58,362.48,400,922,31.8
AVGO,2026-08-19,2026-10-16,380.0,C,19.8,20.85,20.325,48.3892,0.453121,0.005666,-0.253279,0.572466,58,362.48,405,1564,31.8
AVGO,2026-08-19,2026-10-16,390.0,C,16.5,17.35,16.925,48.2488,0.39985,0.005541,-0.245054,0.558189,58,362.48,457,1046,31.8
AVGO,2026-08-19,2026-10-16,400.0,C,13.65,14.0,13.825,47.495,0.3466,0.005378,-0.229624,0.533291,58,362.48,1144,4269,31.8
AVGO,2026-08-19,2026-10-16,410.0,C,11.2,11.8,11.5,48.0871,0.302882,0.005026,-0.21906,0.504563,58,362.48,358,17803,31.8
AVGO,2026-08-19,2026-10-16,420.0,C,9.2,9.65,9.425,48.0474,0.260264,0.004675,-0.202789,0.468936,58,362.48,411,1907,31.8
AVGO,2026-08-19,2026-10-16,430.0,C,7.7,7.9,7.8,48.1389,0.222563,0.004285,-0.186082,0.430683,58,362.48,3080,5235,31.8
AVGO,2026-08-19,2026-10-16,440.0,C,6.2,6.55,6.375,48.5113,0.190757,0.003881,-0.170706,0.393067,58,362.48,490,28458,31.8
AVGO,2026-08-19,2026-10-16,450.0,C,5.1,5.45,5.275,48.9507,0.163376,0.003487,-0.155827,0.35639,58,362.48,679,3517,31.8
AVGO,2026-08-19,2026-10-16,460.0,C,4.1,4.5,4.3,49.2742,0.138994,0.003111,-0.140583,0.320037,58,362.48,580,1507,31.8
AVGO,2026-08-19,2026-10-16,470.0,C,3.15,4.0,3.575,50.5986,0.123459,0.002791,-0.132744,0.294877,58,362.48,205,4275,31.8
AVGO,2026-08-19,2026-10-16,480.0,C,2.87,3.3,3.085,50.0005,0.100317,0.002435,-0.112923,0.254172,58,362.48,115,1978,31.8
AVGO,2026-08-19,2026-10-16,490.0,C,2.3,2.8,2.55,50.3301,0.084903,0.002138,-0.100327,0.224653,58,362.48,2275,2692,31.8
AVGO,2026-08-19,2026-10-16,500.0,C,2.08,2.1,2.09,50.562,0.071345,0.001865,-0.088216,0.196869,58,362.48,796,4063,31.8
AVGO,2026-08-19,2026-10-16,520.0,C,1.34,1.62,1.48,51.5386,0.052069,0.00143,-0.070143,0.153912,58,362.48,191,1474,31.8
AVGO,2026-08-19,2026-10-16,540.0,C,0.94,1.42,1.18,53.4795,0.04132,0.001145,-0.060335,0.12784,58,362.48,2442,3614,31.8
AVGO,2026-08-19,2026-10-16,560.0,C,0.52,1.09,0.805,53.8579,0.029294,0.000857,-0.045748,0.096393,58,362.48,88,1949,31.8
AVGO,2026-08-19,2026-10-16,580.0,C,0.13,0.68,0.405,51.978,0.016313,0.000542,-0.026908,0.058805,58,362.48,8,495,31.8
AVGO,2026-08-19,2026-10-16,600.0,C,0.41,0.56,0.485,56.4457,0.017816,0.000538,-0.031459,0.063407,58,362.48,135,1298,31.8
AVGO,2026-08-19,2026-10-16,620.0,C,0.15,0.62,0.385,57.7153,0.014175,0.000433,-0.026414,0.052121,58,362.48,27,872,31.8
AVGO,2026-08-19,2026-10-16,630.0,C,0.2,0.72,0.46,60.5229,0.015933,0.000456,-0.030607,0.05763,58,362.48,1,160,31.8
AVGO,2026-08-19,2026-10-16,640.0,C,0.15,0.6,0.375,60.352,0.013267,0.000391,-0.026061,0.049227,58,362.48,28,168,31.8
AVGO,2026-08-19,2026-10-16,650.0,C,0.18,0.35,0.265,59.1801,0.009833,0.000307,-0.019694,0.037948,58,362.48,2,664,31.8
AVGO,2026-08-19,2026-10-16,660.0,C,0.03,0.64,0.335,62.2074,0.011636,0.000338,-0.023957,0.04394,58,362.48,2,524,31.8
AVGO,2026-08-19,2026-10-16,670.0,C,0.04,0.56,0.3,62.6957,0.010458,0.000306,-0.021997,0.040044,58,362.48,5,30,31.8
AVGO,2026-08-19,2026-10-16,680.0,C,0.04,0.38,0.21,61.4262,0.007699,0.000239,-0.016478,0.030623,58,362.48,36,371,31.8
AVGO,2026-08-19,2026-10-16,690.0,C,0.01,0.35,0.18,61.5726,0.006643,0.000209,-0.014497,0.026887,58,362.48,1,174,31.8
AVGO,2026-08-19,2026-10-16,700.0,C,0.01,0.34,0.175,62.598,0.006404,0.000199,-0.014264,0.026029,58,362.48,1,390,31.8
AVGO,2026-08-19,2026-10-16,710.0,C,0.01,0.52,0.265,66.6996,0.008811,0.000248,-0.020119,0.034473,58,362.48,1,5,31.8
AVGO,2026-08-19,2026-10-16,720.0,C,0.01,0.5,0.255,67.5784,0.0084,0.000234,-0.019543,0.03306,58,362.48,1,241,31.8
AVGO,2026-08-19,2026-10-16,730.0,C,0.01,0.1,0.055,58.9848,0.002293,8.4e-05,-0.005351,0.010368,58,362.48,1,481,31.8
AVGO,2026-08-19,2026-10-16,740.0,C,0.01,0.2,0.105,63.6722,0.003887,0.000126,-0.00929,0.016684,58,362.48,3,418,31.8
AVGO,2026-08-19,2026-10-16,155.0,P,0.0,0.22,0.11,81.0549,-0.002484,6.6e-05,-0.007691,0.011151,58,362.48,25,169,31.8
AVGO,2026-08-19,2026-10-16,160.0,P,0.0,0.06,0.03,68.7503,-0.000838,2.9e-05,-0.002417,0.004134,58,362.48,7,444,31.8
AVGO,2026-08-19,2026-10-16,165.0,P,0.01,0.77,0.39,88.0372,-0.007449,0.000162,-0.022266,0.029746,58,362.48,29,270,31.8
AVGO,2026-08-19,2026-10-16,170.0,P,0.01,0.63,0.32,82.715,-0.006586,0.000155,-0.018755,0.026683,58,362.48,23,622,31.8
AVGO,2026-08-19,2026-10-16,175.0,P,0.01,0.49,0.25,77.2951,-0.005599,0.000143,-0.015168,0.023106,58,362.48,38,170,31.8
AVGO,2026-08-19,2026-10-16,180.0,P,0.01,0.15,0.08,65.43,-0.002278,7.5e-05,-0.005725,0.01031,58,362.48,14,320,31.8
AVGO,2026-08-19,2026-10-16,185.0,P,0.01,0.47,0.24,71.4847,-0.00581,0.00016,-0.014478,0.023875,58,362.48,30,203,31.8
AVGO,2026-08-19,2026-10-16,190.0,P,0.03,0.3,0.165,65.8207,-0.004455,0.000137,-0.010518,0.018851,58,362.48,38,2432,31.8
AVGO,2026-08-19,2026-10-16,195.0,P,0.05,0.32,0.185,64.2582,-0.005065,0.000158,-0.011505,0.021135,58,362.48,2,231,31.8
AVGO,2026-08-19,2026-10-16,200.0,P,0.01,0.41,0.21,62.7933,-0.005797,0.000182,-0.012667,0.023828,58,362.48,8,583,31.8
AVGO,2026-08-19,2026-10-16,210.0,P,0.05,0.46,0.255,59.5707,-0.007299,0.000235,-0.014713,0.029217,58,362.48,2,255,31.8
AVGO,2026-08-19,2026-10-16,220.0,P,0.07,0.47,0.27,55.3715,-0.008214,0.00028,-0.015148,0.032416,58,362.48,11,1480,31.8
AVGO,2026-08-19,2026-10-16,230.0,P,0.17,0.4,0.285,51.3188,-0.00927,0.000336,-0.01558,0.036042,58,362.48,20,2144,31.8
AVGO,2026-08-19,2026-10-16,240.0,P,0.38,0.58,0.48,50.7329,-0.015039,0.000518,-0.023391,0.054844,58,362.48,79,2231,31.8
AVGO,2026-08-19,2026-10-16,250.0,P,0.58,1.0,0.79,50.3179,-0.023753,0.00077,-0.034148,0.080898,58,362.48,58,2522,31.8
AVGO,2026-08-19,2026-10-16,260.0,P,0.9,1.3,1.1,50.3179,-0.037031,0.001113,-0.049244,0.116931,58,362.48,73,770,31.8
AVGO,2026-08-19,2026-10-16,270.0,P,1.46,2.07,1.765,50.4888,-0.055542,0.001537,-0.068275,0.161987,58,362.48,69,2634,31.8
AVGO,2026-08-19,2026-10-16,280.0,P,2.19,2.59,2.39,48.084,-0.070312,0.001939,-0.077876,0.194675,58,362.48,83,2946,31.8
AVGO,2026-08-19,2026-10-16,290.0,P,3.4,3.8,3.6,47.9009,-0.09773,0.002493,-0.099029,0.249361,58,362.48,467,1590,31.8
AVGO,2026-08-19,2026-10-16,300.0,P,4.7,5.1,4.9,46.7962,-0.127359,0.003084,-0.116416,0.301349,58,362.48,818,4783,31.8
AVGO,2026-08-19,2026-10-16,310.0,P,6.5,6.9,6.7,46.1248,-0.164901,0.003723,-0.135864,0.358544,58,362.48,1548,3338,31.8
AVGO,2026-08-19,2026-10-16,320.0,P,8.95,9.45,9.2,46.1645,-0.211477,0.004338,-0.157752,0.41815,58,362.48,3040,5823,31.8
AVGO,2026-08-19,2026-10-16,330.0,P,11.5,12.35,11.925,45.7464,-0.261667,0.004923,-0.174661,0.470234,58,362.48,301,4690,31.8
AVGO,2026-08-19,2026-10-16,340.0,P,15.05,15.85,15.45,45.4015,-0.316776,0.005428,-0.188235,0.514529,58,362.48,509,4812,31.8
AVGO,2026-08-19,2026-10-16,350.0,P,19.3,20.15,19.725,45.4229,-0.375811,0.005781,-0.198961,0.548289,58,362.48,879,3728,31.8
AVGO,2026-08-19,2026-10-16,360.0,P,24.1,25.15,24.625,45.5847,-0.436049,0.005979,-0.205172,0.569028,58,362.48,523,2315,31.8
AVGO,2026-08-19,2026-10-16,370.0,P,29.5,30.55,30.025,45.3893,-0.49622,0.006083,-0.204366,0.576424,58,362.48,392,2621,31.8
AVGO,2026-08-19,2026-10-16,380.0,P,35.5,36.7,36.1,45.4931,-0.554559,0.006012,-0.200023,0.571051,58,362.48,300,4584,31.8
AVGO,2026-08-19,2026-10-16,390.0,P,41.1,44.35,42.725,47.3302,-0.603477,0.005636,-0.200755,0.556949,58,362.48,93,2503,31.8
AVGO,2026-08-19,2026-10-16,400.0,P,48.85,51.05,49.95,46.6222,-0.657413,0.005455,-0.184269,0.530972,58,362.48,213,3137,31.8
AVGO,2026-08-19,2026-10-16,410.0,P,56.5,59.2,57.85,47.8612,-0.698283,0.005041,-0.176369,0.503692,58,362.48,56,3045,31.8
AVGO,2026-08-19,2026-10-16,420.0,P,63.9,67.2,65.55,48.1267,-0.739289,0.004671,-0.160969,0.46935,58,362.48,25,1199,31.8
AVGO,2026-08-19,2026-10-16,430.0,P,72.9,75.55,74.225,48.4563,-0.775566,0.004277,-0.144841,0.432739,58,362.48,19,328,31.8
AVGO,2026-08-19,2026-10-16,440.0,P,81.3,84.2,82.75,48.8653,-0.807129,0.003879,-0.128749,0.395729,58,362.48,8,683,31.8
AVGO,2026-08-19,2026-10-16,450.0,P,90.0,93.1,91.55,49.3413,-0.834316,0.003491,-0.113133,0.359644,58,362.48,21,547,31.8
AVGO,2026-08-19,2026-10-16,460.0,P,99.15,102.2,100.675,49.8662,-0.857606,0.003125,-0.09824,0.32533,58,362.48,21,153,31.8
AVGO,2026-08-19,2026-10-16,470.0,P,108.15,111.55,109.85,50.7268,-0.875839,0.002795,-0.08624,0.296051,58,362.48,1,56,31.8
AVGO,2026-08-19,2026-10-16,480.0,P,117.95,121.0,119.475,51.5569,-0.891585,0.002498,-0.074755,0.268882,58,362.48,1,266,31.8
AVGO,2026-08-19,2026-10-16,490.0,P,127.5,130.55,129.025,52.4358,-0.904813,0.002234,-0.064359,0.244576,58,362.48,2,45,31.8
AVGO,2026-08-19,2026-10-16,500.0,P,137.15,140.1,138.625,52.979,-0.917668,0.001985,-0.052629,0.219523,58,362.48,9,23,31.8
AVGO,2026-08-19,2026-10-16,520.0,P,156.75,159.8,158.275,56.2138,-0.929503,0.001662,-0.044482,0.195069,58,362.48,8,42,31.8
AVGO,2026-08-19,2026-10-16,540.0,P,176.35,179.6,177.975,59.4975,-0.937884,0.001424,-0.038359,0.176853,58,362.48,2,15,31.8
AVGO,2026-08-19,2026-10-16,580.0,P,216.25,219.7,217.975,52.9546,-0.981843,0.000583,0.028414,0.064439,58,362.48,24,0,31.8
AVGO,2026-08-19,2026-10-16,600.0,P,236.15,239.7,237.925,55.2739,-0.984237,0.000495,0.03272,0.057102,58,362.48,1,0,31.8
AVGO,2026-08-19,2026-10-16,630.0,P,266.25,269.55,267.9,59.2289,-0.986032,0.000416,0.036738,0.051463,58,362.48,10,0,31.8
AVGO,2026-08-19,2026-10-16,640.0,P,259.5,262.2,260.85,0.001,-1.0,0.0,0.064496,0.0,58,362.48,2,2,31.8
AVGO,2026-08-19,2026-10-16,650.0,P,253.9,257.8,255.85,0.001,-1.0,0.0,0.065504,0.0,58,362.48,5,0,31.8
AVGO,2026-08-19,2026-10-16,660.0,P,263.95,267.8,265.875,0.001,-1.0,0.0,0.066512,0.0,58,362.48,25,0,31.8
AVGO,2026-08-19,2026-10-16,690.0,P,293.7,297.55,295.625,0.001,-1.0,0.0,0.069535,0.0,58,362.48,2,0,31.8
AVGO,2026-08-19,2026-10-16,730.0,P,366.25,369.65,367.95,73.3401,-0.987071,0.000314,0.042698,0.048143,58,362.48,0,0,31.8
