symbol,quote_date,expiration,strike,option_type,bid,ask,mid,implied_volatility,delta,gamma,theta,vega,dte,underlying_price,volume,open_interest,iv_rank
AVGO,2026-07-28,2026-08-05,312.5,C,67.55,70.8,69.175,74.7561,0.967948,0.001705,-0.220219,0.04053,8,380.91,0,1,31.46
AVGO,2026-07-28,2026-08-05,320.0,C,60.15,63.5,61.825,69.8733,0.959428,0.002212,-0.24596,0.04916,8,380.91,0,8,31.46
AVGO,2026-07-28,2026-08-05,330.0,C,50.3,53.95,52.125,63.8187,0.94231,0.00321,-0.291422,0.065138,8,380.91,0,15,31.46
AVGO,2026-07-28,2026-08-05,350.0,C,32.5,36.05,34.275,59.351,0.845297,0.007111,-0.527493,0.134206,8,380.91,0,16,31.46
AVGO,2026-07-28,2026-08-05,360.0,C,24.9,28.05,26.475,58.3134,0.760122,0.009451,-0.665894,0.17526,8,380.91,3,5,31.46
AVGO,2026-07-28,2026-08-05,362.5,C,22.65,26.25,24.45,56.9829,0.738644,0.010121,-0.679703,0.183408,8,380.91,0,8,31.46
AVGO,2026-07-28,2026-08-05,370.0,C,17.95,21.05,19.5,56.7387,0.654599,0.01152,-0.760845,0.207862,8,380.91,2,6,31.46
AVGO,2026-07-28,2026-08-05,380.0,C,12.2,15.1,13.65,55.3593,0.531968,0.012738,-0.795427,0.224251,8,380.91,16,3,31.46
AVGO,2026-07-28,2026-08-05,382.5,C,11.0,13.55,12.275,54.6086,0.499638,0.012955,-0.786245,0.224973,8,380.91,16,35,31.46
AVGO,2026-07-28,2026-08-05,385.0,C,9.5,12.35,10.925,53.6504,0.466379,0.013139,-0.768924,0.224174,8,380.91,34,56,31.46
AVGO,2026-07-28,2026-08-05,387.5,C,8.7,11.7,10.2,55.0053,0.43652,0.012698,-0.77975,0.222119,8,380.91,6,241,31.46
AVGO,2026-07-28,2026-08-05,390.0,C,7.7,10.65,9.175,54.7917,0.405159,0.012545,-0.763558,0.218586,8,380.91,31,361,31.46
AVGO,2026-07-28,2026-08-05,392.5,C,6.7,9.75,8.225,54.5903,0.374384,0.012311,-0.743117,0.213727,8,380.91,9,47,31.46
AVGO,2026-07-28,2026-08-05,395.0,C,6.0,8.85,7.425,54.7429,0.345504,0.011941,-0.724116,0.207885,8,380.91,7,82,31.46
AVGO,2026-07-28,2026-08-05,397.5,C,5.25,8.1,6.675,54.8344,0.317605,0.011528,-0.700793,0.201029,8,380.91,53,111,31.46
AVGO,2026-07-28,2026-08-05,400.0,C,4.5,7.0,5.75,53.7846,0.286386,0.011219,-0.655764,0.191895,8,380.91,16,461,31.46
AVGO,2026-07-28,2026-08-05,402.5,C,3.85,6.7,5.275,54.6025,0.26389,0.010615,-0.638872,0.184316,8,380.91,15,102,31.46
AVGO,2026-07-28,2026-08-05,405.0,C,3.3,6.15,4.725,54.8039,0.240375,0.010067,-0.609986,0.175458,8,380.91,4,4,31.46
AVGO,2026-07-28,2026-08-05,407.5,C,2.72,5.6,4.16,54.6391,0.216654,0.009525,-0.573319,0.165507,8,380.91,2,40,31.46
AVGO,2026-07-28,2026-08-05,410.0,C,2.18,4.2,3.19,51.7461,0.180992,0.009023,-0.487036,0.148485,8,380.91,34,16,31.46
AVGO,2026-07-28,2026-08-05,415.0,C,1.35,4.35,2.85,54.6635,0.156604,0.007783,-0.468113,0.135291,8,380.91,1,6,31.46
AVGO,2026-07-28,2026-08-05,417.5,C,1.01,3.95,2.48,54.5415,0.138887,0.007197,-0.430782,0.124837,8,380.91,11,6,31.46
AVGO,2026-07-28,2026-08-05,420.0,C,1.26,3.75,2.505,57.0561,0.13468,0.006737,-0.440973,0.122239,8,380.91,20,45,31.46
AVGO,2026-07-28,2026-08-05,422.5,C,0.47,2.7,1.585,51.9414,0.097071,0.005863,-0.318041,0.096837,8,380.91,1,2,31.46
AVGO,2026-07-28,2026-08-05,425.0,C,0.83,3.3,2.065,58.1791,0.111428,0.005785,-0.393351,0.107022,8,380.91,5,23,31.46
AVGO,2026-07-28,2026-08-05,427.5,C,0.01,3.1,1.555,55.8354,0.089372,0.005131,-0.321292,0.091101,8,380.91,4,13,31.46
AVGO,2026-07-28,2026-08-05,430.0,C,0.49,2.91,1.7,59.2289,0.09189,0.004937,-0.347727,0.092999,8,380.91,9,64,31.46
AVGO,2026-07-28,2026-08-05,432.5,C,0.29,2.77,1.53,59.6195,0.082934,0.004544,-0.324124,0.086145,8,380.91,6,44,31.46
AVGO,2026-07-28,2026-08-05,435.0,C,0.22,1.23,0.725,52.0024,0.046915,0.003342,-0.18143,0.055273,8,380.91,14,72,31.46
AVGO,2026-07-28,2026-08-05,440.0,C,0.25,2.02,1.135,61.0111,0.0615,0.00353,-0.263475,0.068486,8,380.91,2,7,31.46
AVGO,2026-07-28,2026-08-05,442.5,C,0.08,0.96,0.52,53.6626,0.033146,0.002442,-0.14101,0.041667,8,380.91,4,3,31.46
AVGO,2026-07-28,2026-08-05,445.0,C,0.0,1.6,0.8,60.0102,0.044876,0.002795,-0.201736,0.053334,8,380.91,5,40,31.46
AVGO,2026-07-28,2026-08-05,447.5,C,0.0,1.76,0.88,62.9154,0.047036,0.002768,-0.219569,0.055387,8,380.91,5,22,31.46
AVGO,2026-07-28,2026-08-05,450.0,C,0.0,1.57,0.785,63.1351,0.042016,0.002519,-0.201146,0.050573,8,380.91,2,5,31.46
AVGO,2026-07-28,2026-08-05,452.5,C,0.0,1.56,0.78,64.6976,0.040791,0.0024,-0.20119,0.049374,8,380.91,0,3,31.46
AVGO,2026-07-28,2026-08-05,460.0,C,0.0,2.1,1.05,73.7307,0.047831,0.002394,-0.260479,0.056136,8,380.91,0,1,31.46
AVGO,2026-07-28,2026-08-05,310.0,P,0.0,1.95,0.975,81.1037,-0.037336,0.001781,-0.231341,0.045942,8,380.91,0,80,31.46
AVGO,2026-07-28,2026-08-05,312.5,P,0.0,2.35,1.175,81.7385,-0.044266,0.002029,-0.267652,0.05275,8,380.91,0,1,31.46
AVGO,2026-07-28,2026-08-05,315.0,P,0.0,2.34,1.17,79.0041,-0.045524,0.002147,-0.264531,0.053953,8,380.91,0,4,31.46
AVGO,2026-07-28,2026-08-05,320.0,P,0.0,1.0,0.5,62.0609,-0.025508,0.001698,-0.128978,0.033519,8,380.91,15,2,31.46
AVGO,2026-07-28,2026-08-05,322.5,P,0.0,2.19,1.095,70.0442,-0.047953,0.002525,-0.244286,0.056251,8,380.91,0,42,31.46
AVGO,2026-07-28,2026-08-05,325.0,P,0.0,2.13,1.065,67.0413,-0.048733,0.002673,-0.236761,0.056981,8,380.91,20,253,31.46
AVGO,2026-07-28,2026-08-05,327.5,P,0.0,2.66,1.33,67.9202,-0.059273,0.003081,-0.280023,0.066538,8,380.91,15,16,31.46
AVGO,2026-07-28,2026-08-05,330.0,P,0.14,2.34,1.24,64.1605,-0.058606,0.003232,-0.262063,0.065949,8,380.91,8,40,31.46
AVGO,2026-07-28,2026-08-05,332.5,P,0.08,2.62,1.35,62.8178,-0.064645,0.003564,-0.276891,0.071199,8,380.91,34,1,31.46
AVGO,2026-07-28,2026-08-05,335.0,P,0.21,2.79,1.5,61.7924,-0.072328,0.003951,-0.296903,0.077643,8,380.91,20,14,31.46
AVGO,2026-07-28,2026-08-05,340.0,P,0.67,2.05,1.36,54.9077,-0.073741,0.004513,-0.267424,0.078802,8,380.91,13,25,31.46
AVGO,2026-07-28,2026-08-05,345.0,P,0.69,3.45,2.07,55.9575,-0.106268,0.005813,-0.357407,0.103435,8,380.91,5,7,31.46
AVGO,2026-07-28,2026-08-05,350.0,P,1.4,4.05,2.725,54.9809,-0.137738,0.0071,-0.42092,0.124132,8,380.91,8,23,31.46
AVGO,2026-07-28,2026-08-05,352.5,P,1.67,4.3,2.985,53.6382,-0.1524,0.00779,-0.439228,0.13288,8,380.91,6,18,31.46
AVGO,2026-07-28,2026-08-05,355.0,P,2.06,5.65,3.855,55.872,-0.183271,0.008423,-0.515053,0.149651,8,380.91,3,17,31.46
AVGO,2026-07-28,2026-08-05,357.5,P,2.59,5.4,3.995,53.3086,-0.196668,0.009219,-0.512638,0.156285,8,380.91,3,1,31.46
AVGO,2026-07-28,2026-08-05,360.0,P,3.9,6.05,4.975,55.2129,-0.229146,0.009732,-0.580231,0.170878,8,380.91,6,41,31.46
AVGO,2026-07-28,2026-08-05,362.5,P,3.8,7.0,5.4,53.748,-0.250567,0.010497,-0.59239,0.179417,8,380.91,36,7,31.46
AVGO,2026-07-28,2026-08-05,365.0,P,4.5,7.5,6.0,52.9302,-0.276198,0.011203,-0.612427,0.188568,8,380.91,14,38,31.46
AVGO,2026-07-28,2026-08-05,367.5,P,5.3,8.25,6.775,52.6494,-0.305253,0.011802,-0.637632,0.197604,8,380.91,120,3,31.46
AVGO,2026-07-28,2026-08-05,370.0,P,6.15,9.1,7.625,52.3931,-0.335762,0.012341,-0.659462,0.205628,8,380.91,92,6,31.46
AVGO,2026-07-28,2026-08-05,372.5,P,7.1,9.9,8.5,51.917,-0.367069,0.012863,-0.673889,0.212366,8,380.91,108,132,31.46
AVGO,2026-07-28,2026-08-05,375.0,P,8.05,11.05,9.55,51.8804,-0.400241,0.013207,-0.689949,0.217902,8,380.91,7,157,31.46
AVGO,2026-07-28,2026-08-05,377.5,P,9.15,12.1,10.625,51.5996,-0.433803,0.013521,-0.697492,0.221869,8,380.91,94,33,31.46
AVGO,2026-07-28,2026-08-05,380.0,P,10.3,13.3,11.8,51.4165,-0.467996,0.013715,-0.70114,0.224249,8,380.91,21,117,31.46
AVGO,2026-07-28,2026-08-05,382.5,P,11.55,14.75,13.15,51.6179,-0.5022,0.013705,-0.704809,0.22497,8,380.91,6,88,31.46
AVGO,2026-07-28,2026-08-05,385.0,P,12.9,16.05,14.475,51.3799,-0.536468,0.013711,-0.696972,0.224033,8,380.91,3,48,31.46
AVGO,2026-07-28,2026-08-05,387.5,P,14.25,17.5,15.875,51.1235,-0.570598,0.013621,-0.68362,0.221441,8,380.91,2,29,31.46
AVGO,2026-07-28,2026-08-05,390.0,P,15.75,19.15,17.45,51.2822,-0.603268,0.01333,-0.671397,0.217393,8,380.91,2,26,31.46
AVGO,2026-07-28,2026-08-05,392.5,P,17.25,20.7,18.975,50.8916,-0.636536,0.013079,-0.646407,0.211665,8,380.91,2,3,31.46
AVGO,2026-07-28,2026-08-05,395.0,P,19.0,22.3,20.65,50.8306,-0.667891,0.012666,-0.622208,0.204744,8,380.91,6,71,31.46
AVGO,2026-07-28,2026-08-05,400.0,P,22.45,25.6,24.025,57.4284,-0.699501,0.010744,-0.674297,0.19622,8,380.91,36,151,31.46
AVGO,2026-07-28,2026-08-05,405.0,P,26.3,29.95,28.125,51.1235,-0.776821,0.010355,-0.504615,0.168349,8,380.91,10,40,31.46
AVGO,2026-07-28,2026-08-05,407.5,P,28.3,31.6,29.95,50.1104,-0.805482,0.009742,-0.451599,0.155245,8,380.91,1,6,31.46
AVGO,2026-07-28,2026-08-05,420.0,P,39.0,42.75,40.875,51.5142,-0.891028,0.006429,-0.300003,0.105326,8,380.91,1,3,31.46
AVGO,2026-07-28,2026-08-07,230.0,C,149.85,153.05,151.45,141.846,0.988411,0.000339,-0.15868,0.019106,10,380.91,0,1,31.46
AVGO,2026-07-28,2026-08-07,250.0,C,130.1,133.1,131.6,125.7816,0.983483,0.000519,-0.188124,0.025933,10,380.91,1,1,31.46
AVGO,2026-07-28,2026-08-07,260.0,C,119.5,123.15,121.325,106.5434,0.988073,0.000463,-0.13061,0.019589,10,380.91,0,3,31.46
AVGO,2026-07-28,2026-08-07,270.0,C,109.55,113.15,111.35,98.1445,0.986308,0.000566,-0.135528,0.022072,10,380.91,0,3,31.46
AVGO,2026-07-28,2026-08-07,280.0,C,99.6,103.2,101.4,90.6251,0.983564,0.000717,-0.145152,0.025825,10,380.91,1,1,31.46
AVGO,2026-07-28,2026-08-07,285.0,C,94.95,98.25,96.6,91.3087,0.977341,0.000935,-0.183274,0.033926,10,380.91,0,1,31.46
AVGO,2026-07-28,2026-08-07,290.0,C,90.0,93.15,91.575,86.0841,0.976826,0.00101,-0.177699,0.034575,10,380.91,0,2,31.46
AVGO,2026-07-28,2026-08-07,300.0,C,79.8,83.45,81.625,77.9787,0.972729,0.001278,-0.184254,0.039628,10,380.91,1,5,31.46
AVGO,2026-07-28,2026-08-07,305.0,C,75.2,78.55,76.875,77.8811,0.963795,0.001618,-0.224937,0.050088,10,380.91,0,1,31.46
AVGO,2026-07-28,2026-08-07,310.0,C,70.7,73.65,72.175,77.5637,0.9532,0.002,-0.269152,0.061676,10,380.91,3,12,31.46
AVGO,2026-07-28,2026-08-07,315.0,C,65.7,68.85,67.275,73.9749,0.947522,0.002298,-0.280196,0.067577,10,380.91,3,104,31.46
AVGO,2026-07-28,2026-08-07,320.0,C,60.35,64.05,62.2,68.1888,0.94623,0.002542,-0.265603,0.068893,10,380.91,3,12,31.46
AVGO,2026-07-28,2026-08-07,325.0,C,56.3,59.35,57.825,69.9588,0.92473,0.003218,-0.343374,0.089493,10,380.91,1,13,31.46
AVGO,2026-07-28,2026-08-07,330.0,C,51.3,54.7,53.0,66.4066,0.914593,0.00373,-0.357355,0.098461,10,380.91,2,100,31.46
AVGO,2026-07-28,2026-08-07,335.0,C,46.55,50.1,48.325,63.8553,0.899327,0.004381,-0.385327,0.111192,10,380.91,16,4,31.46
AVGO,2026-07-28,2026-08-07,340.0,C,42.3,45.7,44.0,63.3304,0.874126,0.005181,-0.442759,0.130421,10,380.91,1,77,31.46
AVGO,2026-07-28,2026-08-07,345.0,C,37.8,41.35,39.575,61.3285,0.84998,0.00603,-0.480109,0.147017,10,380.91,2,8,31.46
AVGO,2026-07-28,2026-08-07,347.5,C,36.25,39.25,37.75,62.3417,0.829247,0.006456,-0.527402,0.159999,10,380.91,0,3,31.46
AVGO,2026-07-28,2026-08-07,350.0,C,34.35,37.35,35.85,62.5614,0.810297,0.006873,-0.562802,0.170928,10,380.91,8,193,31.46
AVGO,2026-07-28,2026-08-07,352.5,C,32.4,35.3,33.85,61.9877,0.79298,0.007312,-0.586112,0.180182,10,380.91,20,2,31.46
AVGO,2026-07-28,2026-08-07,355.0,C,30.2,33.35,31.775,60.8524,0.776367,0.00779,-0.600566,0.188438,10,380.91,52,17,31.46
AVGO,2026-07-28,2026-08-07,357.5,C,28.0,31.0,29.5,58.6003,0.76209,0.008374,-0.598443,0.195066,10,380.91,82,6,31.46
AVGO,2026-07-28,2026-08-07,360.0,C,26.85,29.1,27.975,59.6806,0.736098,0.008686,-0.640975,0.206076,10,380.91,10,162,31.46
AVGO,2026-07-28,2026-08-07,365.0,C,23.0,25.4,24.2,57.7702,0.693142,0.009643,-0.664378,0.22144,10,380.91,2,124,31.46
AVGO,2026-07-28,2026-08-07,370.0,C,20.2,22.1,21.15,57.9838,0.64114,0.010222,-0.706124,0.235617,10,380.91,42,367,31.46
AVGO,2026-07-28,2026-08-07,372.5,C,17.65,20.5,19.075,55.5363,0.617928,0.010892,-0.690031,0.240457,10,380.91,10,9,31.46
AVGO,2026-07-28,2026-08-07,375.0,C,17.25,19.05,18.15,57.3674,0.588234,0.010759,-0.725017,0.245351,10,380.91,32,238,31.46
AVGO,2026-07-28,2026-08-07,377.5,C,15.4,17.55,16.475,56.0185,0.561374,0.011161,-0.716537,0.248545,10,380.91,8,4,31.46
AVGO,2026-07-28,2026-08-07,380.0,C,14.35,16.2,15.275,56.2504,0.533196,0.01121,-0.724377,0.250657,10,380.91,86,843,31.46
AVGO,2026-07-28,2026-08-07,382.5,C,13.5,14.9,14.2,56.6899,0.505387,0.011161,-0.73131,0.251505,10,380.91,92,78,31.46
AVGO,2026-07-28,2026-08-07,385.0,C,12.05,13.7,12.875,55.9392,0.476904,0.011292,-0.719773,0.251106,10,380.91,73,358,31.46
AVGO,2026-07-28,2026-08-07,387.5,C,10.85,12.65,11.75,55.6889,0.44875,0.011268,-0.711029,0.249449,10,380.91,15,26,31.46
AVGO,2026-07-28,2026-08-07,390.0,C,9.95,11.5,10.725,55.573,0.421056,0.011162,-0.700648,0.246587,10,380.91,63,168,31.46
AVGO,2026-07-28,2026-08-07,392.5,C,8.8,10.7,9.75,55.396,0.393653,0.011014,-0.686273,0.242537,10,380.91,28,80,31.46
AVGO,2026-07-28,2026-08-07,395.0,C,8.1,9.5,8.8,55.0664,0.366314,0.010839,-0.666798,0.23727,10,380.91,71,245,31.46
AVGO,2026-07-28,2026-08-07,397.5,C,7.45,8.65,8.05,55.2983,0.341363,0.010525,-0.652334,0.23137,10,380.91,35,101,31.46
AVGO,2026-07-28,2026-08-07,400.0,C,6.6,7.8,7.2,54.8772,0.315043,0.010268,-0.626254,0.223985,10,380.91,356,779,31.46
AVGO,2026-07-28,2026-08-07,402.5,C,5.45,7.05,6.25,53.7419,0.286472,0.010044,-0.58723,0.214576,10,380.91,17,23,31.46
AVGO,2026-07-28,2026-08-07,405.0,C,5.5,6.35,5.925,55.1213,0.269203,0.0095,-0.5837,0.208159,10,380.91,79,811,31.46
AVGO,2026-07-28,2026-08-07,407.5,C,4.8,5.75,5.275,54.8344,0.246129,0.009115,-0.55392,0.198693,10,380.91,28,67,31.46
AVGO,2026-07-28,2026-08-07,410.0,C,4.35,5.15,4.75,54.8955,0.225674,0.00868,-0.528301,0.189411,10,380.91,184,505,31.46
AVGO,2026-07-28,2026-08-07,412.5,C,3.7,4.6,4.15,54.3401,0.203445,0.008256,-0.492112,0.178327,10,380.91,330,35,31.46
AVGO,2026-07-28,2026-08-07,415.0,C,3.25,4.1,3.675,54.1753,0.184178,0.007793,-0.461499,0.16783,10,380.91,47,574,31.46
AVGO,2026-07-28,2026-08-07,417.5,C,2.81,3.65,3.23,53.9311,0.165695,0.00732,-0.429387,0.156934,10,380.91,55,29,31.46
AVGO,2026-07-28,2026-08-07,420.0,C,2.5,3.25,2.875,53.9677,0.149768,0.006845,-0.401878,0.146852,10,380.91,229,781,31.46
AVGO,2026-07-28,2026-08-07,425.0,C,1.95,2.4,2.175,53.4184,0.118433,0.005885,-0.338206,0.124958,10,380.91,167,522,31.46
AVGO,2026-07-28,2026-08-07,430.0,C,1.4,1.93,1.665,53.272,0.093585,0.004977,-0.284245,0.105391,10,380.91,104,706,31.46
AVGO,2026-07-28,2026-08-07,435.0,C,1.12,1.5,1.31,53.626,0.074941,0.004184,-0.241986,0.089195,10,380.91,152,264,31.46
AVGO,2026-07-28,2026-08-07,440.0,C,0.81,1.21,1.01,53.7846,0.05893,0.003464,-0.201375,0.074054,10,380.91,56,701,31.46
AVGO,2026-07-28,2026-08-07,445.0,C,0.46,0.96,0.71,53.0278,0.043069,0.002737,-0.154576,0.057685,10,380.91,19,122,31.46
AVGO,2026-07-28,2026-08-07,450.0,C,0.43,1.02,0.725,56.226,0.041509,0.002505,-0.158972,0.055989,10,380.91,30,548,31.46
AVGO,2026-07-28,2026-08-07,455.0,C,0.05,0.87,0.46,54.4926,0.02781,0.00186,-0.110804,0.04028,10,380.91,1,135,31.46
AVGO,2026-07-28,2026-08-07,460.0,C,0.11,0.74,0.425,56.4457,0.024906,0.001637,-0.104615,0.036733,10,380.91,23,134,31.46
AVGO,2026-07-28,2026-08-07,465.0,C,0.17,0.54,0.355,57.4223,0.020658,0.001375,-0.090867,0.031376,10,380.91,7,200,31.46
AVGO,2026-07-28,2026-08-07,470.0,C,0.15,0.5,0.325,59.1801,0.018486,0.001214,-0.085185,0.028552,10,380.91,2,103,31.46
AVGO,2026-07-28,2026-08-07,475.0,C,0.1,0.54,0.32,61.475,0.017496,0.001115,-0.084396,0.027242,10,380.91,1,151,31.46
AVGO,2026-07-28,2026-08-07,480.0,C,0.05,0.4,0.225,60.7426,0.01257,0.000849,-0.062738,0.0205,10,380.91,14,146,31.46
AVGO,2026-07-28,2026-08-07,485.0,C,0.01,0.48,0.245,63.7699,0.012999,0.000833,-0.067784,0.021105,10,380.91,27,28,31.46
AVGO,2026-07-28,2026-08-07,490.0,C,0.0,0.38,0.19,63.8675,0.010179,0.000672,-0.054883,0.017066,10,380.91,1,58,31.46
AVGO,2026-07-28,2026-08-07,495.0,C,0.0,0.3,0.15,64.0629,0.008019,0.000544,-0.044665,0.013849,10,380.91,3,25,31.46
AVGO,2026-07-28,2026-08-07,500.0,C,0.01,0.18,0.095,62.6957,0.005238,0.000381,-0.029988,0.009503,10,380.91,1,1801,31.46
AVGO,2026-07-28,2026-08-07,505.0,C,0.0,0.1,0.05,60.352,0.002867,0.000231,-0.016817,0.005537,10,380.91,2,33,31.46
AVGO,2026-07-28,2026-08-07,510.0,C,0.0,0.1,0.05,62.1098,0.00274,0.000215,-0.016609,0.005315,10,380.91,2,34,31.46
AVGO,2026-07-28,2026-08-07,515.0,C,0.01,0.1,0.055,64.6488,0.002931,0.00022,-0.018371,0.005649,10,380.91,2,10,31.46
AVGO,2026-07-28,2026-08-07,520.0,C,0.0,0.1,0.05,65.8207,0.00261,0.000194,-0.016843,0.005088,10,380.91,2,11,31.46
AVGO,2026-07-28,2026-08-07,525.0,C,0.0,0.1,0.05,67.5784,0.00253,0.000184,-0.016812,0.004947,10,380.91,2,12,31.46
AVGO,2026-07-28,2026-08-07,530.0,C,0.0,0.1,0.05,69.5316,0.002527,0.000179,-0.017274,0.004941,10,380.91,1,24,31.46
AVGO,2026-07-28,2026-08-07,535.0,C,0.0,0.15,0.075,74.219,0.003515,0.000225,-0.024818,0.006652,10,380.91,17,67,31.46
AVGO,2026-07-28,2026-08-07,540.0,C,0.0,0.1,0.05,72.8518,0.002361,0.00016,-0.017013,0.004646,10,380.91,2,23,31.46
AVGO,2026-07-28,2026-08-07,545.0,C,0.0,0.1,0.05,74.6096,0.002323,0.000154,-0.017167,0.004578,10,380.91,112,83,31.46
AVGO,2026-07-28,2026-08-07,550.0,C,0.0,0.1,0.05,76.1721,0.002239,0.000146,-0.016947,0.004428,10,380.91,1,50,31.46
AVGO,2026-07-28,2026-08-07,555.0,C,0.0,0.1,0.05,77.9299,0.002216,0.000142,-0.017181,0.004388,10,380.91,1,173,31.46
AVGO,2026-07-28,2026-08-07,560.0,C,0.0,0.34,0.17,90.6251,0.006437,0.000317,-0.051938,0.011409,10,380.91,1,658,31.46
AVGO,2026-07-28,2026-08-07,570.0,C,0.0,0.63,0.315,101.6606,0.010579,0.000437,-0.090106,0.01765,10,380.91,1,10,31.46
AVGO,2026-07-28,2026-08-07,580.0,C,0.0,0.18,0.09,91.0157,0.003376,0.000177,-0.02932,0.006415,10,380.91,1,10,31.46
AVGO,2026-07-28,2026-08-07,210.0,P,0.0,0.31,0.155,139.4534,-0.003472,0.000119,-0.04572,0.006578,10,380.91,6,51,31.46
AVGO,2026-07-28,2026-08-07,215.0,P,0.0,0.81,0.405,152.1487,-0.008175,0.000233,-0.106803,0.014085,10,380.91,5,125,31.46
AVGO,2026-07-28,2026-08-07,220.0,P,0.0,0.72,0.36,144.2386,-0.007698,0.000233,-0.096021,0.01336,10,380.91,2,181,31.46
AVGO,2026-07-28,2026-08-07,225.0,P,0.0,0.75,0.375,139.7464,-0.008285,0.000257,-0.099229,0.014252,10,380.91,4,285,31.46
AVGO,2026-07-28,2026-08-07,230.0,P,0.0,0.61,0.305,130.6644,-0.007233,0.000243,-0.082316,0.012646,10,380.91,2,530,31.46
AVGO,2026-07-28,2026-08-07,235.0,P,0.0,0.59,0.295,125.098,-0.007323,0.000257,-0.079661,0.012785,10,380.91,24,211,31.46
AVGO,2026-07-28,2026-08-07,240.0,P,0.0,0.61,0.305,120.7035,-0.007822,0.000282,-0.081446,0.01355,10,380.91,25,979,31.46
AVGO,2026-07-28,2026-08-07,245.0,P,0.0,0.58,0.29,115.1371,-0.007839,0.000297,-0.077822,0.013575,10,380.91,3,185,31.46
AVGO,2026-07-28,2026-08-07,250.0,P,0.01,0.05,0.03,85.1564,-0.001087,6.8e-05,-0.009714,0.002292,10,380.91,54,717,31.46
AVGO,2026-07-28,2026-08-07,255.0,P,0.0,0.2,0.1,92.3829,-0.003389,0.000175,-0.029596,0.006437,10,380.91,1,158,31.46
AVGO,2026-07-28,2026-08-07,260.0,P,0.0,0.3,0.15,92.7735,-0.00508,0.000251,-0.042681,0.009246,10,380.91,43,65,31.46
AVGO,2026-07-28,2026-08-07,265.0,P,0.0,0.23,0.115,85.7423,-0.004209,0.000229,-0.033346,0.007818,10,380.91,2,151,31.46
AVGO,2026-07-28,2026-08-07,270.0,P,0.0,0.26,0.13,83.008,-0.004927,0.000273,-0.037141,0.008997,10,380.91,113,582,31.46
AVGO,2026-07-28,2026-08-07,275.0,P,0.0,0.39,0.195,83.2033,-0.007304,0.000386,-0.052764,0.012755,10,380.91,3,139,31.46
AVGO,2026-07-28,2026-08-07,280.0,P,0.01,0.24,0.125,74.7073,-0.005247,0.00032,-0.035334,0.009517,10,380.91,226,291,31.46
AVGO,2026-07-28,2026-08-07,285.0,P,0.01,0.46,0.235,77.051,-0.00948,0.000524,-0.061401,0.016039,10,380.91,31,79,31.46
AVGO,2026-07-28,2026-08-07,290.0,P,0.01,0.37,0.19,70.8987,-0.0084,0.000512,-0.050792,0.014425,10,380.91,75,112,31.46
AVGO,2026-07-28,2026-08-07,295.0,P,0.01,0.57,0.29,71.094,-0.01256,0.000725,-0.072308,0.020486,10,380.91,2,51,31.46
AVGO,2026-07-28,2026-08-07,300.0,P,0.1,0.4,0.25,65.5277,-0.011749,0.000742,-0.062869,0.019335,10,380.91,54,194,31.46
AVGO,2026-07-28,2026-08-07,305.0,P,0.16,0.56,0.36,65.1859,-0.016862,0.001019,-0.085346,0.026397,10,380.91,80,139,31.46
AVGO,2026-07-28,2026-08-07,310.0,P,0.2,0.85,0.525,65.1371,-0.024188,0.001384,-0.115743,0.035842,10,380.91,171,268,31.46
AVGO,2026-07-28,2026-08-07,315.0,P,0.39,1.02,0.705,64.3558,-0.03241,0.001788,-0.145825,0.045731,10,380.91,8,120,31.46
AVGO,2026-07-28,2026-08-07,320.0,P,0.43,1.0,0.715,60.0834,-0.034983,0.002039,-0.14487,0.048699,10,380.91,124,274,31.46
AVGO,2026-07-28,2026-08-07,325.0,P,0.68,1.53,1.105,61.1576,-0.051667,0.002746,-0.201984,0.066746,10,380.91,211,876,31.46
AVGO,2026-07-28,2026-08-07,330.0,P,1.0,1.75,1.375,59.4975,-0.064692,0.003368,-0.23429,0.079648,10,380.91,113,978,31.46
AVGO,2026-07-28,2026-08-07,335.0,P,1.5,2.17,1.835,59.0092,-0.084673,0.00417,-0.285154,0.097826,10,380.91,68,257,31.46
AVGO,2026-07-28,2026-08-07,340.0,P,1.89,2.84,2.365,58.1303,-0.107552,0.005048,-0.334625,0.116651,10,380.91,51,409,31.46
AVGO,2026-07-28,2026-08-07,345.0,P,2.95,3.6,3.275,58.8993,-0.141191,0.006028,-0.409827,0.141141,10,380.91,183,399,31.46
AVGO,2026-07-28,2026-08-07,347.5,P,2.87,3.9,3.385,56.7021,-0.150101,0.006525,-0.410768,0.147069,10,380.91,22,57,31.46
AVGO,2026-07-28,2026-08-07,350.0,P,3.65,4.55,4.1,57.9472,-0.173342,0.007013,-0.460881,0.161543,10,380.91,343,1586,31.46
AVGO,2026-07-28,2026-08-07,352.5,P,4.1,5.0,4.55,57.3491,-0.190819,0.007525,-0.483999,0.171545,10,380.91,23,51,31.46
AVGO,2026-07-28,2026-08-07,355.0,P,4.6,5.55,5.075,56.9218,-0.210199,0.008035,-0.508735,0.181808,10,380.91,32,379,31.46
AVGO,2026-07-28,2026-08-07,357.5,P,5.15,6.35,5.75,56.9829,-0.232522,0.008503,-0.539136,0.192615,10,380.91,9,49,31.46
AVGO,2026-07-28,2026-08-07,360.0,P,5.75,6.95,6.35,56.4152,-0.253876,0.009007,-0.559211,0.201987,10,380.91,123,1384,31.46
AVGO,2026-07-28,2026-08-07,362.5,P,6.45,7.8,7.125,56.3969,-0.278134,0.009436,-0.584957,0.211548,10,380.91,33,42,31.46
AVGO,2026-07-28,2026-08-07,365.0,P,7.2,8.75,7.975,56.4335,-0.303453,0.009822,-0.609094,0.220347,10,380.91,97,359,31.46
AVGO,2026-07-28,2026-08-07,367.5,P,7.95,9.65,8.8,56.104,-0.328715,0.010222,-0.625781,0.227972,10,380.91,3,102,31.46
AVGO,2026-07-28,2026-08-07,370.0,P,8.8,9.8,9.3,54.2058,-0.351886,0.010859,-0.619486,0.233987,10,380.91,39,382,31.46
AVGO,2026-07-28,2026-08-07,372.5,P,9.7,11.55,10.625,55.3837,-0.381853,0.01092,-0.649761,0.240415,10,380.91,22,152,31.46
AVGO,2026-07-28,2026-08-07,375.0,P,10.75,12.45,11.6,54.8894,-0.409482,0.01123,-0.655287,0.245025,10,380.91,42,387,31.46
AVGO,2026-07-28,2026-08-07,377.5,P,11.85,13.45,12.65,54.4377,-0.437904,0.011482,-0.657921,0.248475,10,380.91,28,26,31.46
AVGO,2026-07-28,2026-08-07,380.0,P,12.95,14.75,13.85,54.2973,-0.466921,0.011613,-0.660856,0.250663,10,380.91,87,1275,31.46
AVGO,2026-07-28,2026-08-07,382.5,P,14.2,16.0,15.1,54.0837,-0.496116,0.011699,-0.659213,0.251516,10,380.91,13,123,31.46
AVGO,2026-07-28,2026-08-07,385.0,P,15.4,17.85,16.625,54.6513,-0.524499,0.011556,-0.663819,0.251053,10,380.91,48,86,31.46
AVGO,2026-07-28,2026-08-07,387.5,P,16.85,18.75,17.8,53.626,-0.554586,0.011689,-0.644594,0.24917,10,380.91,37,68,31.46
AVGO,2026-07-28,2026-08-07,390.0,P,18.15,20.6,19.375,53.8701,-0.582524,0.011494,-0.638183,0.246127,10,380.91,20,155,31.46
AVGO,2026-07-28,2026-08-07,392.5,P,19.7,21.75,20.725,52.9851,-0.612626,0.011463,-0.613545,0.241437,10,380.91,3,2,31.46
AVGO,2026-07-28,2026-08-07,395.0,P,21.25,24.05,22.65,54.1142,-0.636543,0.011001,-0.613081,0.236647,10,380.91,22,91,31.46
AVGO,2026-07-28,2026-08-07,400.0,P,24.6,27.45,26.025,53.7602,-0.689163,0.010421,-0.568968,0.222693,10,380.91,41,196,31.46
AVGO,2026-07-28,2026-08-07,402.5,P,25.65,29.3,27.475,52.1367,-0.720314,0.010235,-0.521958,0.212121,10,380.91,16,1,31.46
AVGO,2026-07-28,2026-08-07,405.0,P,27.5,31.1,29.3,51.856,-0.745226,0.009817,-0.492508,0.202362,10,380.91,21,61,31.46
AVGO,2026-07-28,2026-08-07,407.5,P,29.4,32.5,30.95,50.4277,-0.774679,0.009441,-0.443653,0.189244,10,380.91,40,5,31.46
AVGO,2026-07-28,2026-08-07,410.0,P,31.4,34.45,32.925,50.2691,-0.796871,0.008916,-0.413222,0.178162,10,380.91,11,85,31.46
AVGO,2026-07-28,2026-08-07,412.5,P,33.4,36.35,34.875,57.4589,-0.78211,0.008128,-0.499022,0.185651,10,380.91,1,1,31.46
AVGO,2026-07-28,2026-08-07,415.0,P,36.0,39.35,37.675,53.687,-0.818207,0.0078,-0.410962,0.166471,10,380.91,11,51,31.46
AVGO,2026-07-28,2026-08-07,417.5,P,37.55,40.6,39.075,58.3378,-0.813516,0.007293,-0.457322,0.169132,10,380.91,0,1,31.46
AVGO,2026-07-28,2026-08-07,420.0,P,39.7,42.65,41.175,58.0815,-0.830814,0.006889,-0.425004,0.159057,10,380.91,15,188,31.46
AVGO,2026-07-28,2026-08-07,425.0,P,44.1,47.1,45.6,59.0702,-0.855604,0.006103,-0.384892,0.143299,10,380.91,2,43,31.46
AVGO,2026-07-28,2026-08-07,430.0,P,48.6,52.3,50.45,50.5986,-0.918224,0.004738,-0.199939,0.095298,10,380.91,1,26,31.46
AVGO,2026-07-28,2026-08-07,435.0,P,53.25,56.7,54.975,64.368,-0.881664,0.004881,-0.361578,0.124886,10,380.91,7,17,31.46
AVGO,2026-07-28,2026-08-07,440.0,P,57.95,61.35,59.65,65.4789,-0.897404,0.004331,-0.327635,0.112735,10,380.91,6,96,31.46
AVGO,2026-07-28,2026-08-07,445.0,P,62.75,66.35,64.55,69.0921,-0.902103,0.003967,-0.334203,0.108943,10,380.91,5,7,31.46
AVGO,2026-07-28,2026-08-07,450.0,P,67.6,70.9,69.25,68.6405,-0.919428,0.003454,-0.280126,0.094238,10,380.91,1,2,31.46
AVGO,2026-07-28,2026-08-07,455.0,P,72.5,76.0,74.25,72.9007,-0.919852,0.003239,-0.298294,0.093864,10,380.91,1,2,31.46
AVGO,2026-07-28,2026-08-07,465.0,P,82.4,86.05,84.225,50.0982,-0.990655,0.000795,0.007822,0.015838,10,380.91,0,4,31.46
AVGO,2026-07-28,2026-08-07,470.0,P,87.35,90.95,89.15,82.0314,-0.929543,0.002609,-0.303196,0.085079,10,380.91,0,10,31.46
AVGO,2026-07-28,2026-08-07,490.0,P,107.35,110.9,109.125,52.9302,-0.997591,0.000225,0.037812,0.004731,10,380.91,1,0,31.46
AVGO,2026-07-28,2026-08-07,505.0,P,122.35,125.95,124.15,61.7191,-0.996525,0.000268,0.031518,0.006584,10,380.91,1,0,31.46
AVGO,2026-07-28,2026-08-07,510.0,P,127.35,131.1,129.225,69.5316,-0.993232,0.000431,0.010764,0.011926,10,380.91,2,0,31.46
AVGO,2026-07-28,2026-08-14,240.0,C,140.25,143.35,141.8,111.2797,0.979857,0.000532,-0.154875,0.040044,17,380.91,6,17,31.46
AVGO,2026-07-28,2026-08-14,250.0,C,129.8,133.4,131.6,98.3399,0.982071,0.000546,-0.129846,0.036268,17,380.91,1,2,31.46
AVGO,2026-07-28,2026-08-14,260.0,C,120.0,123.45,121.725,92.9688,0.97791,0.000689,-0.144186,0.043295,17,380.91,43,43,31.46
AVGO,2026-07-28,2026-08-14,290.0,C,90.55,93.85,92.2,76.4407,0.959597,0.001383,-0.188691,0.071419,17,380.91,1,11,31.46
AVGO,2026-07-28,2026-08-14,300.0,C,81.2,84.15,82.675,73.5842,0.944537,0.001851,-0.227746,0.092054,17,380.91,1763,1759,31.46
AVGO,2026-07-28,2026-08-14,305.0,C,76.05,79.4,77.725,69.9832,0.940461,0.002058,-0.229216,0.097336,17,380.91,2,1,31.46
AVGO,2026-07-28,2026-08-14,320.0,C,61.85,65.35,63.6,64.368,0.909286,0.003087,-0.283318,0.134279,17,380.91,0,1,31.46
AVGO,2026-07-28,2026-08-14,325.0,C,57.6,60.8,59.2,63.8553,0.891303,0.003552,-0.316689,0.153258,17,380.91,1,4,31.46
AVGO,2026-07-28,2026-08-14,330.0,C,52.8,56.4,54.6,61.6825,0.876461,0.004026,-0.333237,0.167837,17,380.91,2,1004,31.46
AVGO,2026-07-28,2026-08-14,335.0,C,48.4,52.0,50.2,60.2421,0.856865,0.004562,-0.357529,0.185736,17,380.91,7,10,31.46
AVGO,2026-07-28,2026-08-14,340.0,C,44.8,47.75,46.275,60.5595,0.828455,0.005113,-0.400406,0.209232,17,380.91,2,5,31.46
AVGO,2026-07-28,2026-08-14,345.0,C,40.85,43.8,42.325,60.0468,0.80022,0.005668,-0.433219,0.229992,17,380.91,1,4,31.46
AVGO,2026-07-28,2026-08-14,350.0,C,36.45,39.9,38.175,58.1913,0.773561,0.006292,-0.449907,0.247435,17,380.91,1,30,31.46
AVGO,2026-07-28,2026-08-14,355.0,C,32.55,36.0,34.275,56.8242,0.742164,0.006914,-0.469314,0.265495,17,380.91,1,1,31.46
AVGO,2026-07-28,2026-08-14,360.0,C,29.9,32.3,31.1,57.4162,0.702543,0.007338,-0.505177,0.284718,17,380.91,11,71,31.46
AVGO,2026-07-28,2026-08-14,365.0,C,26.4,28.9,27.65,56.4091,0.664846,0.007858,-0.520214,0.29954,17,380.91,2,28,31.46
AVGO,2026-07-28,2026-08-14,370.0,C,23.2,25.75,24.475,55.6889,0.624173,0.008289,-0.532905,0.311935,17,380.91,13,47,31.46
AVGO,2026-07-28,2026-08-14,375.0,C,20.45,22.8,21.625,55.341,0.581334,0.008586,-0.543269,0.321113,17,380.91,105,92,31.46
AVGO,2026-07-28,2026-08-14,380.0,C,18.0,19.4,18.7,54.1508,0.5374,0.008923,-0.539203,0.32651,17,380.91,255,178,31.46
AVGO,2026-07-28,2026-08-14,385.0,C,14.6,17.55,16.075,53.2231,0.4919,0.009116,-0.530933,0.327885,17,380.91,48,163,31.46
AVGO,2026-07-28,2026-08-14,390.0,C,13.0,15.35,14.175,53.8091,0.448307,0.008943,-0.530815,0.325195,17,380.91,79,275,31.46
AVGO,2026-07-28,2026-08-14,395.0,C,11.0,13.25,12.125,53.3208,0.404044,0.008837,-0.513994,0.318419,17,380.91,24,84,31.46
AVGO,2026-07-28,2026-08-14,400.0,C,9.95,11.4,10.675,54.0715,0.364782,0.008455,-0.504543,0.308929,17,380.91,87,684,31.46
AVGO,2026-07-28,2026-08-14,405.0,C,7.85,9.75,8.8,52.8691,0.320942,0.008238,-0.469399,0.294337,17,380.91,25,247,31.46
AVGO,2026-07-28,2026-08-14,410.0,C,6.6,8.0,7.3,52.2283,0.280612,0.007849,-0.435815,0.277015,17,380.91,48,768,31.46
AVGO,2026-07-28,2026-08-14,415.0,C,5.5,7.05,6.275,52.6616,0.24763,0.007303,-0.41166,0.259908,17,380.91,103,158,31.46
AVGO,2026-07-28,2026-08-14,420.0,C,4.5,5.85,5.175,52.2588,0.213515,0.006774,-0.37557,0.23923,17,380.91,101,503,31.46
AVGO,2026-07-28,2026-08-14,425.0,C,3.65,4.45,4.05,51.0625,0.178031,0.006208,-0.328312,0.214219,17,380.91,25,159,31.46
AVGO,2026-07-28,2026-08-14,430.0,C,3.1,4.15,3.625,52.4297,0.158828,0.005618,-0.312833,0.199055,17,380.91,273,458,31.46
AVGO,2026-07-28,2026-08-14,435.0,C,2.47,3.45,2.96,52.2344,0.134363,0.00504,-0.278303,0.177905,17,380.91,25,101,31.46
AVGO,2026-07-28,2026-08-14,440.0,C,2.05,2.73,2.39,51.9658,0.112335,0.004468,-0.244014,0.156918,17,380.91,42,281,31.46
AVGO,2026-07-28,2026-08-14,445.0,C,1.64,2.73,2.185,53.5161,0.101408,0.00403,-0.233179,0.145748,17,380.91,24,149,31.46
AVGO,2026-07-28,2026-08-14,450.0,C,0.98,1.93,1.455,50.9282,0.074135,0.003351,-0.17554,0.115341,17,380.91,14,189,31.46
AVGO,2026-07-28,2026-08-14,455.0,C,0.65,1.97,1.31,52.21,0.066096,0.002993,-0.164617,0.105592,17,380.91,9,75,31.46
AVGO,2026-07-28,2026-08-14,460.0,C,0.95,1.32,1.135,52.9912,0.057374,0.00264,-0.1495,0.094545,17,380.91,16,154,31.46
AVGO,2026-07-28,2026-08-14,465.0,C,0.27,1.47,0.87,52.4663,0.045552,0.002219,-0.123132,0.078688,17,380.91,11,365,31.46
AVGO,2026-07-28,2026-08-14,470.0,C,0.21,1.29,0.75,53.1743,0.039307,0.001944,-0.110699,0.069839,17,380.91,24,54,31.46
AVGO,2026-07-28,2026-08-14,475.0,C,0.27,1.05,0.66,54.0532,0.034454,0.001717,-0.100981,0.062705,17,380.91,1,16,31.46
AVGO,2026-07-28,2026-08-14,480.0,C,0.09,0.8,0.445,52.5395,0.024586,0.001334,-0.074136,0.047377,17,380.91,2,496,31.46
AVGO,2026-07-28,2026-08-14,485.0,C,0.12,0.94,0.53,56.0551,0.027301,0.001365,-0.086286,0.051715,17,380.91,8,24,31.46
AVGO,2026-07-28,2026-08-14,490.0,C,0.0,0.86,0.43,56.104,0.022483,0.001159,-0.073357,0.043944,17,380.91,2,99,31.46
AVGO,2026-07-28,2026-08-14,495.0,C,0.01,0.4,0.205,52.1489,0.012032,0.00073,-0.039928,0.025736,17,380.91,10,30,31.46
AVGO,2026-07-28,2026-08-14,500.0,C,0.12,0.38,0.25,55.2739,0.013684,0.00077,-0.047277,0.028764,17,380.91,5,424,31.46
AVGO,2026-07-28,2026-08-14,505.0,C,0.01,0.3,0.155,53.6137,0.009035,0.000553,-0.031956,0.020049,17,380.91,4,23,31.46
AVGO,2026-07-28,2026-08-14,510.0,C,0.06,0.22,0.14,54.4926,0.008021,0.00049,-0.029249,0.018061,17,380.91,13,65,31.46
AVGO,2026-07-28,2026-08-14,515.0,C,0.01,0.47,0.24,60.0102,0.012208,0.000643,-0.046455,0.02606,17,380.91,1,70,31.46
AVGO,2026-07-28,2026-08-14,520.0,C,0.01,0.36,0.185,59.5707,0.009559,0.000523,-0.037262,0.021062,17,380.91,6,6,31.46
AVGO,2026-07-28,2026-08-14,525.0,C,0.03,0.47,0.25,63.5746,0.012003,0.000598,-0.048469,0.025681,17,380.91,2,3,31.46
AVGO,2026-07-28,2026-08-14,530.0,C,0.0,0.32,0.16,61.6215,0.008105,0.000438,-0.03334,0.018227,17,380.91,8,3,31.46
AVGO,2026-07-28,2026-08-14,535.0,C,0.0,0.15,0.075,58.0082,0.004183,0.000259,-0.017452,0.010137,17,380.91,5,24,31.46
AVGO,2026-07-28,2026-08-14,540.0,C,0.03,0.3,0.165,64.8441,0.007945,0.000409,-0.034455,0.01791,17,380.91,16,81,31.46
AVGO,2026-07-28,2026-08-14,545.0,C,0.0,0.47,0.235,69.2386,0.010419,0.000485,-0.046634,0.022709,17,380.91,1,12,31.46
AVGO,2026-07-28,2026-08-14,550.0,C,0.0,0.15,0.075,62.1098,0.003901,0.000227,-0.017542,0.009522,17,380.91,1,49,31.46
AVGO,2026-07-28,2026-08-14,555.0,C,0.0,0.33,0.165,69.2386,0.007496,0.000364,-0.034932,0.017016,17,380.91,11,33,31.46
AVGO,2026-07-28,2026-08-14,560.0,C,0.0,0.5,0.25,74.2678,0.010353,0.00045,-0.049712,0.022582,17,380.91,2,47,31.46
AVGO,2026-07-28,2026-08-14,210.0,P,0.0,0.58,0.29,117.8715,-0.006664,0.000193,-0.052892,0.015339,17,380.91,7,122,31.46
AVGO,2026-07-28,2026-08-14,215.0,P,0.0,0.53,0.265,112.3051,-0.006421,0.000196,-0.048751,0.014842,17,380.91,6,80,31.46
AVGO,2026-07-28,2026-08-14,220.0,P,0.0,0.2,0.1,96.2891,-0.002944,0.000114,-0.02082,0.007395,17,380.91,5,139,31.46
AVGO,2026-07-28,2026-08-14,225.0,P,0.0,0.35,0.175,98.8281,-0.004894,0.000175,-0.033693,0.011662,17,380.91,3,205,31.46
AVGO,2026-07-28,2026-08-14,230.0,P,0.0,0.14,0.07,85.7423,-0.00234,0.000104,-0.015057,0.006009,17,380.91,10,240,31.46
AVGO,2026-07-28,2026-08-14,235.0,P,0.0,0.15,0.075,83.008,-0.002592,0.000118,-0.015984,0.006591,17,380.91,20,37,31.46
AVGO,2026-07-28,2026-08-14,240.0,P,0.0,0.1,0.05,76.3674,-0.001891,9.6e-05,-0.011048,0.004953,17,380.91,32,1085,31.46
AVGO,2026-07-28,2026-08-14,245.0,P,0.0,0.15,0.075,76.3674,-0.002797,0.000137,-0.015744,0.007061,17,380.91,20,245,31.46
AVGO,2026-07-28,2026-08-14,250.0,P,0.0,0.17,0.085,74.219,-0.003264,0.000162,-0.017577,0.008114,17,380.91,8,104,31.46
AVGO,2026-07-28,2026-08-14,255.0,P,0.0,0.2,0.1,72.2659,-0.00388,0.000194,-0.019984,0.009477,17,380.91,13,67,31.46
AVGO,2026-07-28,2026-08-14,260.0,P,0.01,0.21,0.11,69.9222,-0.004426,0.000226,-0.021743,0.010661,17,380.91,2,41,31.46
AVGO,2026-07-28,2026-08-14,265.0,P,0.03,0.23,0.13,68.0667,-0.005304,0.000272,-0.024862,0.012528,17,380.91,12,102,31.46
AVGO,2026-07-28,2026-08-14,270.0,P,0.03,0.35,0.19,68.0667,-0.007589,0.000374,-0.034124,0.017202,17,380.91,66,56,31.46
AVGO,2026-07-28,2026-08-14,275.0,P,0.04,0.42,0.23,66.5042,-0.009289,0.000457,-0.039797,0.020542,17,380.91,1,55,31.46
AVGO,2026-07-28,2026-08-14,280.0,P,0.09,0.52,0.305,65.8695,-0.012274,0.000588,-0.050218,0.026183,17,380.91,1,16,31.46
AVGO,2026-07-28,2026-08-14,285.0,P,0.11,0.92,0.515,67.9202,-0.019501,0.000849,-0.077015,0.038957,17,380.91,13,24,31.46
AVGO,2026-07-28,2026-08-14,290.0,P,0.15,0.86,0.505,64.1849,-0.02016,0.000924,-0.074816,0.040073,17,380.91,1,43,31.46
AVGO,2026-07-28,2026-08-14,295.0,P,0.45,0.87,0.66,63.6234,-0.026018,0.001155,-0.091885,0.049678,17,380.91,2,117,31.46
AVGO,2026-07-28,2026-08-14,300.0,P,0.6,1.13,0.865,63.2328,-0.033563,0.001436,-0.112742,0.061369,17,380.91,18,155,31.46
AVGO,2026-07-28,2026-08-14,305.0,P,0.38,1.28,0.83,59.1069,-0.034392,0.001568,-0.107428,0.062613,17,380.91,5,67,31.46
AVGO,2026-07-28,2026-08-14,310.0,P,0.52,1.45,0.985,57.4711,-0.041198,0.001868,-0.120944,0.072557,17,380.91,115,154,31.46
AVGO,2026-07-28,2026-08-14,315.0,P,0.87,1.9,1.385,58.0326,-0.055514,0.002349,-0.154936,0.092121,17,380.91,2,179,31.46
AVGO,2026-07-28,2026-08-14,320.0,P,1.68,2.08,1.88,58.4477,-0.072377,0.002867,-0.191661,0.113242,17,380.91,132,293,31.46
AVGO,2026-07-28,2026-08-14,325.0,P,2.1,2.56,2.33,57.6909,-0.088304,0.003376,-0.219651,0.131617,17,380.91,150,183,31.46
AVGO,2026-07-28,2026-08-14,330.0,P,2.4,3.3,2.85,56.8364,-0.106517,0.003932,-0.248044,0.151037,17,380.91,27,285,31.46
AVGO,2026-07-28,2026-08-14,335.0,P,3.05,3.85,3.45,55.8842,-0.127201,0.004536,-0.276242,0.171295,17,380.91,2613,248,31.46
AVGO,2026-07-28,2026-08-14,340.0,P,3.75,4.85,4.3,55.6279,-0.153624,0.00518,-0.31218,0.194734,17,380.91,143,503,31.46
AVGO,2026-07-28,2026-08-14,345.0,P,4.7,5.8,5.25,55.1457,-0.182407,0.005837,-0.345138,0.217509,17,380.91,139,311,31.46
AVGO,2026-07-28,2026-08-14,350.0,P,5.6,6.75,6.175,53.9433,-0.211795,0.006532,-0.368874,0.238103,17,380.91,10,371,31.46
AVGO,2026-07-28,2026-08-14,355.0,P,6.75,8.1,7.425,53.4184,-0.247022,0.00719,-0.397416,0.259567,17,380.91,2,203,31.46
AVGO,2026-07-28,2026-08-14,360.0,P,8.15,9.7,8.925,53.1255,-0.286023,0.007787,-0.424747,0.279564,17,380.91,47,279,31.46
AVGO,2026-07-28,2026-08-14,365.0,P,9.95,11.5,10.725,53.1377,-0.328283,0.008273,-0.450387,0.297082,17,380.91,74,1231,31.46
AVGO,2026-07-28,2026-08-14,370.0,P,11.45,13.15,12.3,51.7644,-0.370072,0.008873,-0.456869,0.310402,17,380.91,26,153,31.46
AVGO,2026-07-28,2026-08-14,375.0,P,13.75,15.65,14.7,52.2832,-0.41663,0.009079,-0.475472,0.320765,17,380.91,25,129,31.46
AVGO,2026-07-28,2026-08-14,380.0,P,15.75,18.55,17.15,52.2527,-0.462902,0.009247,-0.481986,0.326533,17,380.91,9,254,31.46
AVGO,2026-07-28,2026-08-14,385.0,P,18.2,21.35,19.775,52.0696,-0.509283,0.009318,-0.480178,0.327863,17,380.91,4,209,31.46
AVGO,2026-07-28,2026-08-14,390.0,P,20.9,23.6,22.25,50.7695,-0.557438,0.00946,-0.460547,0.324547,17,380.91,4,61,31.46
AVGO,2026-07-28,2026-08-14,395.0,P,23.85,26.2,25.025,53.2781,-0.596067,0.008843,-0.472937,0.318397,17,380.91,3,34,31.46
AVGO,2026-07-28,2026-08-14,400.0,P,27.1,29.55,28.325,53.4001,-0.637397,0.008544,-0.456264,0.308305,17,380.91,2,338,31.46
AVGO,2026-07-28,2026-08-14,405.0,P,30.5,33.65,32.075,50.1653,-0.690097,0.008554,-0.397558,0.289976,17,380.91,22,61,31.46
AVGO,2026-07-28,2026-08-14,410.0,P,33.75,37.4,35.575,55.7255,-0.704452,0.007538,-0.433882,0.283879,17,380.91,5,28,31.46
AVGO,2026-07-28,2026-08-14,415.0,P,37.65,41.05,39.35,55.1884,-0.74067,0.00714,-0.39905,0.266291,17,380.91,10,30,31.46
AVGO,2026-07-28,2026-08-14,420.0,P,41.65,45.35,43.5,56.519,-0.765948,0.006599,-0.384372,0.252054,17,380.91,3,15,31.46
AVGO,2026-07-28,2026-08-14,425.0,P,46.1,49.45,47.775,56.6716,-0.793905,0.006118,-0.354401,0.234306,17,380.91,2,2,31.46
AVGO,2026-07-28,2026-08-14,430.0,P,50.1,53.55,51.825,56.3115,-0.821817,0.005632,-0.317323,0.214335,17,380.91,1,27,31.46
AVGO,2026-07-28,2026-08-14,435.0,P,54.55,57.8,56.175,56.0795,-0.846645,0.005133,-0.281746,0.194508,17,380.91,2,7,31.46
AVGO,2026-07-28,2026-08-14,440.0,P,59.05,62.9,60.975,59.7111,-0.851079,0.004727,-0.295221,0.190748,17,380.91,2,121,31.46
AVGO,2026-07-28,2026-08-14,450.0,P,68.3,71.7,70.0,58.9848,-0.891027,0.003852,-0.224116,0.153538,17,380.91,0,2,31.46
AVGO,2026-07-28,2026-08-14,455.0,P,73.05,76.3,74.675,59.1069,-0.905884,0.003455,-0.196579,0.137988,17,380.91,0,3,31.46
AVGO,2026-07-28,2026-08-14,510.0,P,127.35,130.85,129.1,81.2014,-0.941533,0.001749,-0.178863,0.095958,17,380.91,0,0,31.46
AVGO,2026-07-28,2026-08-14,515.0,P,132.35,135.55,133.95,80.2004,-0.950106,0.001562,-0.148518,0.08464,17,380.91,0,0,31.46
AVGO,2026-07-28,2026-08-14,530.0,P,147.35,150.65,149.0,87.1827,-0.950752,0.001422,-0.162077,0.083764,17,380.91,0,0,31.46
AVGO,2026-07-28,2026-08-21,150.0,C,230.0,233.2,231.6,170.1662,0.990852,0.000148,-0.100368,0.024082,24,380.91,27,188,31.46
AVGO,2026-07-28,2026-08-21,155.0,C,224.8,228.2,226.5,160.84,0.991628,0.000145,-0.090209,0.022281,24,380.91,11,13,31.46
AVGO,2026-07-28,2026-08-21,160.0,C,220.25,223.25,221.75,164.1115,0.988621,0.000186,-0.115525,0.029133,24,380.91,2,24,31.46
AVGO,2026-07-28,2026-08-21,165.0,C,214.85,218.25,216.55,152.344,0.990442,0.000172,-0.095945,0.025024,24,380.91,2,17,31.46
AVGO,2026-07-28,2026-08-21,170.0,C,210.1,213.25,211.675,151.3674,0.988665,0.000201,-0.108513,0.029033,24,380.91,1,11,31.46
AVGO,2026-07-28,2026-08-21,175.0,C,204.85,208.3,206.575,143.3108,0.989472,0.000199,-0.098805,0.027228,24,380.91,2,4,31.46
AVGO,2026-07-28,2026-08-21,180.0,C,199.8,203.3,201.55,137.7933,0.989422,0.000208,-0.096511,0.02734,24,380.91,1,20,31.46
AVGO,2026-07-28,2026-08-21,185.0,C,195.15,198.35,196.75,138.9163,0.986534,0.000254,-0.11596,0.033708,24,380.91,1,18,31.46
AVGO,2026-07-28,2026-08-21,190.0,C,190.15,193.35,191.75,134.2777,0.986074,0.000271,-0.115968,0.034697,24,380.91,10,29,31.46
AVGO,2026-07-28,2026-08-21,195.0,C,185.15,188.35,186.75,129.7855,0.985582,0.000289,-0.116064,0.035751,24,380.91,4,30,31.46
AVGO,2026-07-28,2026-08-21,200.0,C,180.2,183.4,181.8,126.5629,0.984419,0.000317,-0.120628,0.038216,24,380.91,2,63,31.46
AVGO,2026-07-28,2026-08-21,210.0,C,169.9,173.45,171.675,115.1371,0.985104,0.000335,-0.109124,0.036769,24,380.91,12,53,31.46
AVGO,2026-07-28,2026-08-21,220.0,C,160.35,163.5,161.925,112.3051,0.980241,0.000437,-0.131259,0.046809,24,380.91,2,65,31.46
AVGO,2026-07-28,2026-08-21,230.0,C,150.15,153.55,151.85,102.9302,0.97995,0.000483,-0.124394,0.047393,24,380.91,4,127,31.46
AVGO,2026-07-28,2026-08-21,240.0,C,140.35,143.65,142.0,97.8516,0.975938,0.000592,-0.13632,0.055283,24,380.91,4,225,31.46
AVGO,2026-07-28,2026-08-21,250.0,C,130.15,133.75,131.95,89.5997,0.974912,0.00067,-0.131486,0.057254,24,380.91,8,138,31.46
AVGO,2026-07-28,2026-08-21,260.0,C,121.0,123.85,122.425,88.6476,0.964424,0.000904,-0.166449,0.07649,24,380.91,4,308,31.46
AVGO,2026-07-28,2026-08-21,270.0,C,110.45,114.0,112.225,78.9553,0.965102,0.001,-0.150106,0.075292,24,380.91,1,150,31.46
AVGO,2026-07-28,2026-08-21,280.0,C,101.1,104.25,102.675,76.5994,0.953299,0.001305,-0.178997,0.095385,24,380.91,1,312,31.46
AVGO,2026-07-28,2026-08-21,290.0,C,91.2,94.55,92.875,71.1795,0.945065,0.001599,-0.18844,0.108553,24,380.91,10,182,31.46
AVGO,2026-07-28,2026-08-21,300.0,C,81.85,85.1,83.475,68.4573,0.928144,0.002049,-0.218609,0.133808,24,380.91,9,660,31.46
AVGO,2026-07-28,2026-08-21,305.0,C,77.25,80.35,78.8,66.8827,0.918653,0.002305,-0.232783,0.147052,24,380.91,0,4,31.46
AVGO,2026-07-28,2026-08-21,310.0,C,72.6,75.7,74.15,65.2225,0.908252,0.002586,-0.246579,0.160895,24,380.91,5,482,31.46
AVGO,2026-07-28,2026-08-21,315.0,C,67.55,71.15,69.35,62.5431,0.899774,0.002878,-0.251839,0.171701,24,380.91,2,2,31.46
AVGO,2026-07-28,2026-08-21,320.0,C,63.1,66.7,64.9,61.5299,0.884719,0.003235,-0.271438,0.189918,24,380.91,1,1311,31.46
AVGO,2026-07-28,2026-08-21,325.0,C,58.95,61.75,60.35,59.7172,0.870622,0.003615,-0.284116,0.205941,24,380.91,3,4,31.46
AVGO,2026-07-28,2026-08-21,330.0,C,55.1,57.8,56.45,60.3947,0.846091,0.004021,-0.318831,0.231662,24,380.91,7,1154,31.46
AVGO,2026-07-28,2026-08-21,340.0,C,46.05,49.55,47.8,56.9951,0.807138,0.004919,-0.344336,0.267494,24,380.91,7,1086,31.46
AVGO,2026-07-28,2026-08-21,345.0,C,42.25,44.9,43.575,55.219,0.784525,0.005424,-0.355003,0.285761,24,380.91,1,6,31.46
AVGO,2026-07-28,2026-08-21,347.5,C,41.05,43.05,42.05,56.1162,0.766412,0.005588,-0.375453,0.299156,24,380.91,0,1,31.46
AVGO,2026-07-28,2026-08-21,350.0,C,39.05,41.1,40.075,55.4265,0.752985,0.005832,-0.381515,0.308407,24,380.91,11,2272,31.46
AVGO,2026-07-28,2026-08-21,355.0,C,35.25,37.45,36.35,54.4377,0.723128,0.006296,-0.395465,0.327,24,380.91,1,27,31.46
AVGO,2026-07-28,2026-08-21,357.5,C,33.5,35.75,34.625,54.1814,0.706708,0.006502,-0.403535,0.336108,24,380.91,0,4,31.46
AVGO,2026-07-28,2026-08-21,360.0,C,32.15,34.05,33.1,54.3767,0.688768,0.006654,-0.41464,0.345184,24,380.91,26,1344,31.46
AVGO,2026-07-28,2026-08-21,362.5,C,30.6,32.5,31.55,54.3645,0.671044,0.006811,-0.423185,0.353277,24,380.91,0,20,31.46
AVGO,2026-07-28,2026-08-21,365.0,C,29.0,31.0,30.0,54.2302,0.653256,0.006969,-0.429873,0.360546,24,380.91,11,29,31.46
AVGO,2026-07-28,2026-08-21,367.5,C,27.05,29.35,28.2,53.3116,0.636308,0.00721,-0.429321,0.366693,24,380.91,19,2,31.46
AVGO,2026-07-28,2026-08-21,370.0,C,25.7,27.8,26.75,53.2109,0.617653,0.00734,-0.434514,0.372595,24,380.91,35,1665,31.46
AVGO,2026-07-28,2026-08-21,375.0,C,22.45,25.05,23.75,52.3931,0.580029,0.007638,-0.437047,0.381798,24,380.91,32,30,31.46
AVGO,2026-07-28,2026-08-21,377.5,C,21.8,23.7,22.75,53.0827,0.56052,0.007606,-0.445605,0.385173,24,380.91,28,28,31.46
AVGO,2026-07-28,2026-08-21,380.0,C,20.3,22.3,21.3,52.509,0.541197,0.007737,-0.443033,0.387586,24,380.91,196,4709,31.46
AVGO,2026-07-28,2026-08-21,382.5,C,18.95,21.15,20.05,52.3198,0.521716,0.007795,-0.442508,0.389088,24,380.91,45,410,31.46
AVGO,2026-07-28,2026-08-21,385.0,C,18.05,19.8,18.925,52.3259,0.50236,0.007806,-0.442538,0.389658,24,380.91,83,716,31.46
AVGO,2026-07-28,2026-08-21,387.5,C,17.3,18.8,18.05,52.8447,0.483814,0.007723,-0.445768,0.389344,24,380.91,4,327,31.46
AVGO,2026-07-28,2026-08-21,390.0,C,16.0,17.6,16.8,52.3015,0.464002,0.007778,-0.439334,0.388078,24,380.91,131,3895,31.46
AVGO,2026-07-28,2026-08-21,392.5,C,14.85,16.55,15.7,52.0238,0.444547,0.007775,-0.434074,0.385895,24,380.91,2,113,31.46
AVGO,2026-07-28,2026-08-21,395.0,C,13.8,15.55,14.675,51.8163,0.42531,0.007744,-0.428434,0.382816,24,380.91,19,513,31.46
AVGO,2026-07-28,2026-08-21,400.0,C,12.45,13.0,12.725,51.3066,0.387009,0.007639,-0.413571,0.37393,24,380.91,851,6753,31.46
AVGO,2026-07-28,2026-08-21,405.0,C,10.2,11.95,11.075,51.1235,0.350718,0.007423,-0.398245,0.362055,24,380.91,47,123,31.46
AVGO,2026-07-28,2026-08-21,410.0,C,8.75,10.35,9.55,50.8306,0.315442,0.007159,-0.379061,0.347184,24,380.91,160,7680,31.46
AVGO,2026-07-28,2026-08-21,415.0,C,7.9,9.05,8.475,51.3921,0.285771,0.006772,-0.365848,0.332033,24,380.91,23,362,31.46
AVGO,2026-07-28,2026-08-21,420.0,C,6.35,7.6,6.975,50.2446,0.249954,0.006475,-0.33397,0.310357,24,380.91,707,8658,31.46
AVGO,2026-07-28,2026-08-21,425.0,C,5.3,6.75,6.025,50.3545,0.222274,0.006056,-0.313297,0.290915,24,380.91,152,357,31.46
AVGO,2026-07-28,2026-08-21,430.0,C,4.7,5.6,5.15,50.324,0.196078,0.005628,-0.290458,0.270201,24,380.91,589,6598,31.46
AVGO,2026-07-28,2026-08-21,435.0,C,4.25,4.95,4.6,51.1357,0.176644,0.005192,-0.276292,0.253277,24,380.91,56,1057,31.46
AVGO,2026-07-28,2026-08-21,440.0,C,3.45,4.2,3.825,50.7207,0.152737,0.004763,-0.249166,0.230492,24,380.91,215,4882,31.46
AVGO,2026-07-28,2026-08-21,445.0,C,2.81,3.6,3.205,50.5376,0.13218,0.004335,-0.22493,0.209013,24,380.91,19,273,31.46
AVGO,2026-07-28,2026-08-21,450.0,C,2.5,2.85,2.675,50.3667,0.113739,0.003915,-0.201578,0.188106,24,380.91,289,7627,31.46
AVGO,2026-07-28,2026-08-21,460.0,C,1.63,2.08,1.855,50.1714,0.083344,0.003129,-0.159625,0.149762,24,380.91,58,8181,31.46
AVGO,2026-07-28,2026-08-21,470.0,C,1.35,1.47,1.41,51.1479,0.064505,0.002523,-0.133581,0.123113,24,380.91,127,5067,31.46
AVGO,2026-07-28,2026-08-21,480.0,C,0.86,1.15,1.005,51.4165,0.047551,0.001973,-0.10543,0.096773,24,380.91,70,4089,31.46
AVGO,2026-07-28,2026-08-21,490.0,C,0.6,1.01,0.805,52.8081,0.038044,0.001604,-0.090313,0.080804,24,380.91,57,2403,31.46
AVGO,2026-07-28,2026-08-21,500.0,C,0.44,0.55,0.495,51.856,0.02495,0.001152,-0.062501,0.056991,24,380.91,421,15765,31.46
AVGO,2026-07-28,2026-08-21,510.0,C,0.25,0.54,0.395,53.0766,0.019789,0.000926,-0.052565,0.046869,24,380.91,13,1240,31.46
AVGO,2026-07-28,2026-08-21,520.0,C,0.15,0.57,0.36,55.2739,0.017525,0.000801,-0.049321,0.042263,24,380.91,6,1215,31.46
AVGO,2026-07-28,2026-08-21,530.0,C,0.01,0.25,0.13,50.9771,0.00729,0.000406,-0.021225,0.019727,24,380.91,25,1504,31.46
AVGO,2026-07-28,2026-08-21,540.0,C,0.12,0.27,0.195,56.1528,0.00978,0.000477,-0.030235,0.025533,24,380.91,160,2876,31.46
AVGO,2026-07-28,2026-08-21,550.0,C,0.04,0.41,0.225,59.7172,0.010548,0.000479,-0.034322,0.027271,24,380.91,106,203,31.46
AVGO,2026-07-28,2026-08-21,560.0,C,0.05,0.13,0.09,56.0551,0.004771,0.000253,-0.015998,0.013546,24,380.91,10,2646,31.46
AVGO,2026-07-28,2026-08-21,570.0,C,0.0,0.15,0.075,57.227,0.003947,0.000209,-0.013781,0.011434,24,380.91,2,846,31.46
AVGO,2026-07-28,2026-08-21,580.0,C,0.01,0.18,0.095,60.7426,0.004584,0.000226,-0.016713,0.013071,24,380.91,6,541,31.46
AVGO,2026-07-28,2026-08-21,590.0,C,0.02,0.15,0.085,62.2074,0.004051,0.000197,-0.015318,0.011703,24,380.91,4,1545,31.46
AVGO,2026-07-28,2026-08-21,600.0,C,0.02,0.15,0.085,64.2582,0.003906,0.000185,-0.015309,0.011326,24,380.91,35,5885,31.46
AVGO,2026-07-28,2026-08-21,620.0,C,0.01,0.39,0.2,74.9026,0.007602,0.000286,-0.032225,0.020471,24,380.91,9,554,31.46
AVGO,2026-07-28,2026-08-21,630.0,C,0.0,0.49,0.245,78.9065,0.008814,0.00031,-0.038642,0.02331,24,380.91,3,183,31.46
AVGO,2026-07-28,2026-08-21,640.0,C,0.0,0.13,0.065,70.3128,0.002767,0.000124,-0.012274,0.008309,24,380.91,1,257,31.46
AVGO,2026-07-28,2026-08-21,650.0,C,0.0,0.09,0.045,69.9222,0.002007,9.3e-05,-0.009123,0.006211,24,380.91,1,1152,31.46
AVGO,2026-07-28,2026-08-21,660.0,C,0.0,0.68,0.34,88.4767,0.010767,0.000329,-0.051571,0.027766,24,380.91,2,197,31.46
AVGO,2026-07-28,2026-08-21,670.0,C,0.0,0.71,0.355,91.0157,0.010942,0.000324,-0.053788,0.028157,24,380.91,2,82,31.46
AVGO,2026-07-28,2026-08-21,680.0,C,0.0,0.28,0.14,83.6916,0.004917,0.000174,-0.024441,0.013914,24,380.91,6,41,31.46
AVGO,2026-07-28,2026-08-21,690.0,C,0.0,0.74,0.37,95.459,0.010875,0.000308,-0.056092,0.028007,24,380.91,72,89,31.46
AVGO,2026-07-28,2026-08-21,700.0,C,0.0,0.5,0.25,92.9688,0.007697,0.000233,-0.040361,0.020694,24,380.91,10,303,31.46
AVGO,2026-07-28,2026-08-21,710.0,C,0.0,0.77,0.385,99.8047,0.010851,0.000294,-0.058514,0.027954,24,380.91,20,157,31.46
AVGO,2026-07-28,2026-08-21,720.0,C,0.0,0.78,0.39,101.856,0.010791,0.000286,-0.059419,0.027818,24,380.91,11,93,31.46
AVGO,2026-07-28,2026-08-21,730.0,C,0.0,0.79,0.395,103.8579,0.010722,0.000279,-0.060242,0.027664,24,380.91,10,1392,31.46
AVGO,2026-07-28,2026-08-21,740.0,C,0.0,0.07,0.035,82.8127,0.001308,5.3e-05,-0.007307,0.004207,24,380.91,100,1774,31.46
AVGO,2026-07-28,2026-08-21,150.0,P,0.0,0.08,0.04,122.6566,-0.00088,2.5e-05,-0.007432,0.002923,24,380.91,20,749,31.46
AVGO,2026-07-28,2026-08-21,155.0,P,0.0,0.05,0.025,113.2817,-0.000579,1.8e-05,-0.004667,0.001988,24,380.91,1,467,31.46
AVGO,2026-07-28,2026-08-21,160.0,P,0.0,0.14,0.07,120.7035,-0.001513,4.2e-05,-0.012012,0.004803,24,380.91,5,211,31.46
AVGO,2026-07-28,2026-08-21,165.0,P,0.0,0.06,0.03,107.813,-0.000753,2.5e-05,-0.005662,0.002535,24,380.91,4,271,31.46
AVGO,2026-07-28,2026-08-21,170.0,P,0.0,0.75,0.375,136.7191,-0.006504,0.000137,-0.050516,0.017836,24,380.91,4,213,31.46
AVGO,2026-07-28,2026-08-21,175.0,P,0.0,0.07,0.035,101.9536,-0.000919,3.1e-05,-0.006426,0.003043,24,380.91,10,207,31.46
AVGO,2026-07-28,2026-08-21,180.0,P,0.0,0.1,0.05,101.563,-0.001272,4.2e-05,-0.008622,0.0041,24,380.91,2,339,31.46
AVGO,2026-07-28,2026-08-21,185.0,P,0.0,0.06,0.03,93.7501,-0.00086,3.2e-05,-0.005557,0.002864,24,380.91,100,299,31.46
AVGO,2026-07-28,2026-08-21,190.0,P,0.01,0.21,0.11,102.7349,-0.002707,8.3e-05,-0.017316,0.008144,24,380.91,32,525,31.46
AVGO,2026-07-28,2026-08-21,195.0,P,0.0,0.49,0.245,108.9848,-0.005472,0.000147,-0.034513,0.015304,24,380.91,7,238,31.46
AVGO,2026-07-28,2026-08-21,200.0,P,0.0,0.41,0.205,102.9302,-0.004908,0.000141,-0.02958,0.013892,24,380.91,16,438,31.46
AVGO,2026-07-28,2026-08-21,210.0,P,0.0,0.26,0.13,90.6251,-0.003581,0.000121,-0.019634,0.010479,24,380.91,19,2483,31.46
AVGO,2026-07-28,2026-08-21,220.0,P,0.02,0.1,0.06,77.344,-0.001992,8.4e-05,-0.009859,0.00617,24,380.91,27,3197,31.46
AVGO,2026-07-28,2026-08-21,230.0,P,0.08,0.15,0.115,76.758,-0.003747,0.000149,-0.017295,0.010913,24,380.91,10,3181,31.46
AVGO,2026-07-28,2026-08-21,240.0,P,0.04,0.17,0.105,70.1175,-0.003761,0.000164,-0.015841,0.010951,24,380.91,1,3318,31.46
AVGO,2026-07-28,2026-08-21,250.0,P,0.1,0.25,0.175,68.555,-0.006255,0.000263,-0.02435,0.017231,24,380.91,11,1831,31.46
AVGO,2026-07-28,2026-08-21,260.0,P,0.2,0.5,0.35,68.9456,-0.011836,0.000458,-0.042804,0.030145,24,380.91,19,4014,31.46
AVGO,2026-07-28,2026-08-21,270.0,P,0.19,0.55,0.37,63.4281,-0.013469,0.000557,-0.043988,0.033713,24,380.91,42,2658,31.46
AVGO,2026-07-28,2026-08-21,280.0,P,0.45,0.69,0.57,61.6703,-0.020628,0.000825,-0.061516,0.048549,24,380.91,47,3630,31.46
AVGO,2026-07-28,2026-08-21,290.0,P,0.75,1.0,0.875,60.059,-0.031185,0.001198,-0.084567,0.068627,24,380.91,20,3838,31.46
AVGO,2026-07-28,2026-08-21,300.0,P,1.16,1.69,1.425,59.4975,-0.048701,0.001738,-0.12023,0.098642,24,380.91,124,8963,31.46
AVGO,2026-07-28,2026-08-21,305.0,P,1.44,1.93,1.685,58.3622,-0.057462,0.00202,-0.134345,0.112472,24,380.91,3,149,31.46
AVGO,2026-07-28,2026-08-21,310.0,P,1.64,2.29,1.965,57.0561,-0.067067,0.002331,-0.148014,0.126886,24,380.91,587,6762,31.46
AVGO,2026-07-28,2026-08-21,315.0,P,1.95,2.67,2.31,55.9086,-0.078657,0.002688,-0.163682,0.14336,24,380.91,17,113,31.46
AVGO,2026-07-28,2026-08-21,320.0,P,2.5,3.1,2.8,55.2617,-0.093766,0.003101,-0.184302,0.163504,24,380.91,763,9343,31.46
AVGO,2026-07-28,2026-08-21,325.0,P,3.2,3.7,3.45,55.0053,-0.112474,0.003556,-0.209111,0.186611,24,380.91,27,781,31.46
AVGO,2026-07-28,2026-08-21,330.0,P,3.75,4.5,4.125,54.3462,-0.13201,0.004028,-0.230872,0.208828,24,380.91,744,6680,31.46
AVGO,2026-07-28,2026-08-21,335.0,P,4.5,5.45,4.975,53.9738,-0.155045,0.004521,-0.255211,0.232791,24,380.91,16,139,31.46
AVGO,2026-07-28,2026-08-21,340.0,P,5.4,6.0,5.7,52.6555,-0.176886,0.005046,-0.270602,0.253496,24,380.91,1017,12223,31.46
AVGO,2026-07-28,2026-08-21,345.0,P,6.4,7.4,6.9,52.6372,-0.206275,0.005547,-0.2967,0.278542,24,380.91,96,345,31.46
AVGO,2026-07-28,2026-08-21,347.5,P,6.8,8.05,7.425,52.1672,-0.220173,0.005814,-0.30511,0.289338,24,380.91,86,147,31.46
AVGO,2026-07-28,2026-08-21,350.0,P,7.55,8.8,8.175,52.3137,-0.236876,0.00604,-0.318489,0.301474,24,380.91,1306,8200,31.46
AVGO,2026-07-28,2026-08-21,352.5,P,8.2,9.3,8.75,51.7705,-0.251783,0.006308,-0.325311,0.311557,24,380.91,78,76,31.46
AVGO,2026-07-28,2026-08-21,355.0,P,8.9,9.85,9.375,51.2761,-0.267525,0.006571,-0.332008,0.321466,24,380.91,99,128,31.46
AVGO,2026-07-28,2026-08-21,357.5,P,9.6,10.8,10.2,51.2578,-0.285324,0.006785,-0.342124,0.331785,24,380.91,66,67,31.46
AVGO,2026-07-28,2026-08-21,360.0,P,10.35,11.9,11.125,51.3799,-0.303916,0.006969,-0.352643,0.341592,24,380.91,560,5778,31.46
AVGO,2026-07-28,2026-08-21,362.5,P,11.45,12.55,12.0,51.2334,-0.322189,0.007167,-0.360079,0.350289,24,380.91,39,23,31.46
AVGO,2026-07-28,2026-08-21,365.0,P,12.35,13.35,12.85,50.8855,-0.340473,0.007376,-0.364998,0.35808,24,380.91,73,739,31.46
AVGO,2026-07-28,2026-08-21,367.5,P,13.1,14.3,13.7,50.4216,-0.359062,0.00759,-0.368085,0.365088,24,380.91,119,46,31.46
AVGO,2026-07-28,2026-08-21,370.0,P,14.0,15.6,14.8,50.4949,-0.378938,0.007713,-0.374584,0.371583,24,380.91,329,5421,31.46
AVGO,2026-07-28,2026-08-21,372.5,P,15.3,16.8,16.05,50.8245,-0.399191,0.007778,-0.382117,0.377157,24,380.91,90,148,31.46
AVGO,2026-07-28,2026-08-21,375.0,P,16.25,17.95,17.1,50.5071,-0.418949,0.007919,-0.383412,0.381595,24,380.91,57,1148,31.46
AVGO,2026-07-28,2026-08-21,377.5,P,17.25,19.25,18.25,50.324,-0.439054,0.008021,-0.384735,0.385109,24,380.91,31,91,31.46
AVGO,2026-07-28,2026-08-21,380.0,P,18.5,20.2,19.35,52.033,-0.458914,0.007808,-0.400167,0.387597,24,380.91,124,6805,31.46
AVGO,2026-07-28,2026-08-21,382.5,P,19.65,21.45,20.55,51.8468,-0.478572,0.007866,-0.399393,0.389103,24,380.91,71,52,31.46
AVGO,2026-07-28,2026-08-21,385.0,P,20.9,22.6,21.75,51.2883,-0.498664,0.007964,-0.394559,0.389663,24,380.91,160,540,31.46
AVGO,2026-07-28,2026-08-21,387.5,P,22.35,24.35,23.35,52.1215,-0.517155,0.007829,-0.40003,0.389305,24,380.91,3,1046,31.46
AVGO,2026-07-28,2026-08-21,390.0,P,24.0,25.8,24.9,52.0818,-0.536374,0.00781,-0.39744,0.388044,24,380.91,35,1561,31.46
AVGO,2026-07-28,2026-08-21,392.5,P,25.1,27.3,26.2,52.0574,-0.555384,0.00777,-0.394022,0.385904,24,380.91,2,9,31.46
AVGO,2026-07-28,2026-08-21,395.0,P,26.5,28.8,27.65,51.9109,-0.574461,0.007731,-0.388649,0.382858,24,380.91,30,34,31.46
AVGO,2026-07-28,2026-08-21,400.0,P,29.75,31.55,30.65,50.6169,-0.615169,0.007731,-0.366385,0.373313,24,380.91,183,5392,31.46
AVGO,2026-07-28,2026-08-21,405.0,P,33.05,35.0,34.025,50.6841,-0.650932,0.007475,-0.352608,0.361434,24,380.91,13,25,31.46
AVGO,2026-07-28,2026-08-21,410.0,P,36.55,38.85,37.7,51.4287,-0.682026,0.0071,-0.342598,0.348364,24,380.91,65,2908,31.46
AVGO,2026-07-28,2026-08-21,415.0,P,39.5,42.95,41.225,52.5334,-0.709044,0.006681,-0.334356,0.334859,24,380.91,5,64,31.46
AVGO,2026-07-28,2026-08-21,420.0,P,43.3,46.95,45.125,53.0095,-0.736483,0.006308,-0.318691,0.319014,24,380.91,22,2771,31.46
AVGO,2026-07-28,2026-08-21,425.0,P,47.35,51.0,49.175,53.2903,-0.762725,0.005935,-0.299948,0.301753,24,380.91,1,3,31.46
AVGO,2026-07-28,2026-08-21,430.0,P,51.6,54.65,53.125,51.8071,-0.796014,0.005598,-0.261904,0.276701,24,380.91,27,1706,31.46
AVGO,2026-07-28,2026-08-21,435.0,P,55.75,58.65,57.2,50.9893,-0.824144,0.005192,-0.230031,0.252561,24,380.91,1,13,31.46
AVGO,2026-07-28,2026-08-21,440.0,P,60.1,62.9,61.5,50.6719,-0.847526,0.004762,-0.203431,0.230229,24,380.91,16,596,31.46
AVGO,2026-07-28,2026-08-21,445.0,P,64.55,67.5,66.025,51.4897,-0.862822,0.004365,-0.189308,0.214406,24,380.91,0,1,31.46
AVGO,2026-07-28,2026-08-21,450.0,P,69.1,72.5,70.8,53.98,-0.868033,0.004054,-0.193388,0.208781,24,380.91,5,382,31.46
AVGO,2026-07-28,2026-08-21,460.0,P,78.5,81.35,79.925,52.6738,-0.905064,0.003284,-0.137305,0.165006,24,380.91,22,289,31.46
AVGO,2026-07-28,2026-08-21,470.0,P,87.9,91.2,89.55,56.0551,-0.915138,0.002839,-0.132106,0.151805,24,380.91,2,220,31.46
AVGO,2026-07-28,2026-08-21,480.0,P,97.75,100.6,99.175,55.8598,-0.936417,0.002284,-0.0947,0.121742,24,380.91,6,144,31.46
AVGO,2026-07-28,2026-08-21,490.0,P,107.45,111.05,109.25,63.0497,-0.928072,0.002226,-0.128177,0.133912,24,380.91,15,109,31.46
AVGO,2026-07-28,2026-08-21,500.0,P,117.35,120.7,119.025,64.1117,-0.940331,0.001894,-0.105542,0.11585,24,380.91,4,136,31.46
AVGO,2026-07-28,2026-08-21,510.0,P,116.1,119.4,117.75,0.001,-1.0,0.0,0.052407,0.0,24,380.91,1,8,31.46
AVGO,2026-07-28,2026-08-21,520.0,P,137.35,140.65,139.0,70.6668,-0.946681,0.001573,-0.104591,0.106018,24,380.91,1,0,31.46
AVGO,2026-07-28,2026-08-21,530.0,P,147.35,150.75,149.05,74.8904,-0.946427,0.001489,-0.113515,0.106418,24,380.91,15,0,31.46
AVGO,2026-07-28,2026-08-21,540.0,P,145.7,149.3,147.5,0.001,-1.0,0.0,0.05549,0.0,24,380.91,10,0,31.46
AVGO,2026-07-28,2026-08-21,560.0,P,177.35,180.85,179.1,85.3273,-0.94956,0.001246,-0.124596,0.101443,24,380.91,1,0,31.46
AVGO,2026-07-28,2026-08-21,570.0,P,180.45,183.45,181.95,0.001,-1.0,0.0,0.058573,0.0,24,380.91,1,0,31.46
AVGO,2026-07-28,2026-08-21,580.0,P,197.35,200.9,199.125,55.6645,-0.997862,0.000124,0.05189,0.00658,24,380.91,7,0,31.46
AVGO,2026-07-28,2026-08-21,600.0,P,203.6,207.65,205.625,0.001,-1.0,0.0,0.061656,0.0,24,380.91,25,0,31.46
AVGO,2026-07-28,2026-08-21,620.0,P,223.75,227.65,225.7,0.001,-1.0,0.0,0.063711,0.0,24,380.91,14,0,31.46
AVGO,2026-07-28,2026-08-21,630.0,P,247.35,250.95,249.15,68.3597,-0.997186,0.000129,0.052619,0.008436,24,380.91,1,0,31.46
AVGO,2026-07-28,2026-08-21,640.0,P,246.6,250.15,248.375,0.001,-1.0,0.0,0.065766,0.0,24,380.91,2,0,31.46
AVGO,2026-07-28,2026-08-21,650.0,P,267.35,270.95,269.15,72.2659,-0.997265,0.000119,0.054312,0.008223,24,380.91,1,0,31.46
AVGO,2026-07-28,2026-08-21,690.0,P,293.75,297.65,295.7,0.001,-1.0,0.0,0.070904,0.0,24,380.91,6,0,31.46
AVGO,2026-07-28,2026-08-28,225.0,C,155.55,158.8,157.175,99.5117,0.975659,0.000517,-0.12386,0.063442,31,380.91,8,9,31.46
AVGO,2026-07-28,2026-08-28,255.0,C,125.65,129.2,127.425,81.6896,0.965475,0.000843,-0.136446,0.084819,31,380.91,8,92,31.46
AVGO,2026-07-28,2026-08-28,260.0,C,121.2,124.3,122.75,81.5798,0.958943,0.000972,-0.153481,0.097707,31,380.91,4,6,31.46
AVGO,2026-07-28,2026-08-28,290.0,C,91.95,95.35,93.65,68.2254,0.931481,0.001744,-0.18817,0.146613,31,380.91,0,2,31.46
AVGO,2026-07-28,2026-08-28,295.0,C,87.35,90.65,89.0,66.9681,0.92271,0.001948,-0.200631,0.160777,31,380.91,1,1,31.46
AVGO,2026-07-28,2026-08-28,300.0,C,83.0,86.0,84.5,66.2967,0.911332,0.002182,-0.217624,0.178279,31,380.91,1,3,31.46
AVGO,2026-07-28,2026-08-28,320.0,C,64.55,68.15,66.35,60.3581,0.863608,0.003263,-0.263284,0.24272,31,380.91,1,1,31.46
AVGO,2026-07-28,2026-08-28,325.0,C,60.55,63.9,62.225,59.9125,0.844882,0.003585,-0.282426,0.264653,31,380.91,2,3,31.46
AVGO,2026-07-28,2026-08-28,330.0,C,55.75,59.65,57.7,57.7641,0.830312,0.003942,-0.287991,0.280581,31,380.91,5,15,31.46
AVGO,2026-07-28,2026-08-28,335.0,C,52.2,55.7,53.95,57.935,0.806209,0.004271,-0.310937,0.304904,31,380.91,2,4,31.46
AVGO,2026-07-28,2026-08-28,340.0,C,48.1,51.75,49.925,56.8577,0.784594,0.004634,-0.323374,0.324712,31,380.91,1,3,31.46
AVGO,2026-07-28,2026-08-28,345.0,C,44.3,48.0,46.15,56.2016,0.759889,0.004984,-0.337917,0.345183,31,380.91,10,4,31.46
AVGO,2026-07-28,2026-08-28,350.0,C,40.6,44.35,42.475,55.4753,0.733705,0.005332,-0.350513,0.364502,31,380.91,6,10,31.46
AVGO,2026-07-28,2026-08-28,355.0,C,37.65,40.85,39.25,55.5577,0.703939,0.005604,-0.367326,0.383651,31,380.91,12,13,31.46
AVGO,2026-07-28,2026-08-28,360.0,C,34.55,37.35,35.95,55.0603,0.67436,0.005893,-0.377824,0.399858,31,380.91,16,757,31.46
AVGO,2026-07-28,2026-08-28,365.0,C,30.75,34.55,32.65,54.2119,0.644034,0.006192,-0.383586,0.413674,31,380.91,2,209,31.46
AVGO,2026-07-28,2026-08-28,370.0,C,28.45,31.5,29.975,54.4621,0.611247,0.00634,-0.394662,0.425528,31,380.91,59,36,31.46
AVGO,2026-07-28,2026-08-28,375.0,C,24.95,28.7,26.825,53.2567,0.578841,0.006616,-0.39288,0.434184,31,380.91,84,246,31.46
AVGO,2026-07-28,2026-08-28,380.0,C,23.25,26.3,24.775,54.1631,0.545503,0.006592,-0.403195,0.439977,31,380.91,43,96,31.46
AVGO,2026-07-28,2026-08-28,385.0,C,20.7,23.5,22.1,53.3055,0.511759,0.006739,-0.398378,0.442668,31,380.91,17,180,31.46
AVGO,2026-07-28,2026-08-28,390.0,C,18.8,21.4,20.1,53.5924,0.479081,0.006697,-0.398993,0.442251,31,380.91,18,172,31.46
AVGO,2026-07-28,2026-08-28,395.0,C,16.0,19.4,17.7,52.628,0.4446,0.006763,-0.387898,0.438583,31,380.91,6,56,31.46
AVGO,2026-07-28,2026-08-28,400.0,C,14.5,17.4,15.95,52.7715,0.412815,0.006647,-0.382451,0.432242,31,380.91,42,333,31.46
AVGO,2026-07-28,2026-08-28,405.0,C,12.5,15.7,14.1,52.3442,0.380262,0.006554,-0.370383,0.42276,31,380.91,18,114,31.46
AVGO,2026-07-28,2026-08-28,410.0,C,11.2,14.35,12.775,52.8142,0.351811,0.00633,-0.363397,0.411944,31,380.91,46,489,31.46
AVGO,2026-07-28,2026-08-28,415.0,C,9.9,12.7,11.3,52.6067,0.322182,0.006141,-0.349266,0.398104,31,380.91,23,420,31.46
AVGO,2026-07-28,2026-08-28,420.0,C,8.85,11.5,10.175,52.9668,0.296322,0.00588,-0.338466,0.383806,31,380.91,86,237,31.46
AVGO,2026-07-28,2026-08-28,425.0,C,7.4,10.25,8.825,52.4236,0.267759,0.005658,-0.318654,0.365512,31,380.91,45,169,31.46
AVGO,2026-07-28,2026-08-28,430.0,C,6.5,9.2,7.85,52.5792,0.243952,0.005374,-0.30403,0.348167,31,380.91,41,415,31.46
AVGO,2026-07-28,2026-08-28,435.0,C,6.0,8.2,7.1,53.1133,0.223683,0.00507,-0.292309,0.331822,31,380.91,21,458,31.46
AVGO,2026-07-28,2026-08-28,440.0,C,5.0,7.35,6.175,52.8569,0.200892,0.004784,-0.272911,0.311614,31,380.91,39,910,31.46
AVGO,2026-07-28,2026-08-28,445.0,C,3.9,6.45,5.175,52.0085,0.176403,0.004488,-0.24765,0.287605,31,380.91,35,271,31.46
AVGO,2026-07-28,2026-08-28,450.0,C,3.2,5.2,4.2,50.8062,0.151468,0.004161,-0.218992,0.260511,31,380.91,68,882,31.46
AVGO,2026-07-28,2026-08-28,455.0,C,2.6,5.25,3.925,51.9475,0.140691,0.003873,-0.212833,0.247906,31,380.91,10,196,31.46
AVGO,2026-07-28,2026-08-28,460.0,C,2.09,4.5,3.295,51.4348,0.122542,0.003556,-0.191431,0.22536,31,380.91,102,166,31.46
AVGO,2026-07-28,2026-08-28,465.0,C,1.67,3.5,2.585,50.1348,0.101981,0.003199,-0.163544,0.197624,31,380.91,5,64,31.46
AVGO,2026-07-28,2026-08-28,470.0,C,1.29,3.9,2.595,52.1123,0.099063,0.003013,-0.166251,0.193483,31,380.91,3,321,31.46
AVGO,2026-07-28,2026-08-28,475.0,C,1.12,2.74,1.93,50.3057,0.079172,0.002641,-0.135766,0.163738,31,380.91,1,114,31.46
AVGO,2026-07-28,2026-08-28,480.0,C,1.5,2.1,1.8,51.27,0.07333,0.002445,-0.130425,0.15446,31,380.91,8,226,31.46
AVGO,2026-07-28,2026-08-28,485.0,C,0.59,2.91,1.75,52.6616,0.069892,0.002294,-0.129016,0.148872,31,380.91,2,199,31.46
AVGO,2026-07-28,2026-08-28,490.0,C,0.4,2.88,1.64,53.6015,0.065058,0.002132,-0.124159,0.14085,31,380.91,8,50,31.46
AVGO,2026-07-28,2026-08-28,495.0,C,0.65,1.64,1.145,51.4043,0.049201,0.001784,-0.095527,0.113027,31,380.91,1,37,31.46
AVGO,2026-07-28,2026-08-28,500.0,C,0.5,2.19,1.345,54.6147,0.053746,0.001802,-0.108787,0.121255,31,380.91,56,210,31.46
AVGO,2026-07-28,2026-08-28,505.0,C,0.43,1.69,1.06,53.687,0.044218,0.001568,-0.091466,0.103746,31,380.91,6,24,31.46
AVGO,2026-07-28,2026-08-28,510.0,C,0.25,2.11,1.18,56.2749,0.046667,0.001562,-0.100053,0.108343,31,380.91,6,77,31.46
AVGO,2026-07-28,2026-08-28,515.0,C,0.0,0.93,0.465,55.3227,0.038342,0.001356,-0.08388,0.092421,31,380.91,1,5,31.46
AVGO,2026-07-28,2026-08-28,520.0,C,0.3,1.15,0.725,54.395,0.031152,0.001163,-0.069519,0.077927,31,380.91,10,25,31.46
AVGO,2026-07-28,2026-08-28,525.0,C,0.01,1.0,0.505,52.6372,0.023078,0.000935,-0.052357,0.060661,31,380.91,0,1,31.46
AVGO,2026-07-28,2026-08-28,530.0,C,0.24,0.55,0.395,52.0268,0.018687,0.000791,-0.043268,0.050734,31,380.91,1,4,31.46
AVGO,2026-07-28,2026-08-28,535.0,C,0.05,0.65,0.35,52.3442,0.016599,0.000711,-0.039332,0.045856,31,380.91,0,1,31.46
AVGO,2026-07-28,2026-08-28,540.0,C,0.01,0.5,0.255,51.3188,0.012629,0.000573,-0.030468,0.036241,31,380.91,10,24,31.46
AVGO,2026-07-28,2026-08-28,545.0,C,0.01,0.45,0.23,51.8071,0.011423,0.00052,-0.028186,0.033222,31,380.91,3,30,31.46
AVGO,2026-07-28,2026-08-28,550.0,C,0.0,1.34,0.67,61.4506,0.025953,0.000884,-0.067304,0.066944,31,380.91,41,29,31.46
AVGO,2026-07-28,2026-08-28,555.0,C,0.15,1.59,0.87,65.3324,0.031093,0.000966,-0.083123,0.077805,31,380.91,10,14,31.46
AVGO,2026-07-28,2026-08-28,560.0,C,0.15,1.18,0.665,63.8187,0.024888,0.000822,-0.067444,0.064635,31,380.91,12,15,31.46
AVGO,2026-07-28,2026-08-28,210.0,P,0.0,0.28,0.14,80.8596,-0.003927,0.00013,-0.016706,0.012937,31,380.91,5,31,31.46
AVGO,2026-07-28,2026-08-28,215.0,P,0.0,0.61,0.305,85.84,-0.007674,0.000222,-0.032151,0.023459,31,380.91,3,5,31.46
AVGO,2026-07-28,2026-08-28,220.0,P,0.0,0.2,0.1,72.2659,-0.003196,0.000121,-0.012399,0.010753,31,380.91,7,34,31.46
AVGO,2026-07-28,2026-08-28,225.0,P,0.0,0.23,0.115,70.6058,-0.003715,0.000141,-0.013861,0.012308,31,380.91,2,27,31.46
AVGO,2026-07-28,2026-08-28,230.0,P,0.1,0.65,0.375,78.8576,-0.010063,0.000306,-0.037411,0.02975,31,380.91,2,27,31.46
AVGO,2026-07-28,2026-08-28,235.0,P,0.01,0.87,0.44,77.5881,-0.011813,0.000358,-0.0423,0.034203,31,380.91,1,8,31.46
AVGO,2026-07-28,2026-08-28,240.0,P,0.01,0.71,0.36,72.4612,-0.010496,0.000346,-0.035626,0.030862,31,380.91,10,49,31.46
AVGO,2026-07-28,2026-08-28,245.0,P,0.01,0.98,0.495,72.9007,-0.013959,0.00044,-0.045872,0.039516,31,380.91,5,9,31.46
AVGO,2026-07-28,2026-08-28,250.0,P,0.16,0.91,0.535,70.8011,-0.015406,0.000493,-0.048468,0.043014,31,380.91,6,27,31.46
AVGO,2026-07-28,2026-08-28,255.0,P,0.19,0.6,0.395,64.7953,-0.01266,0.000455,-0.037424,0.036318,31,380.91,10,11,31.46
AVGO,2026-07-28,2026-08-28,260.0,P,0.3,1.01,0.655,67.1878,-0.019484,0.000635,-0.056145,0.052569,31,380.91,11,35,31.46
AVGO,2026-07-28,2026-08-28,265.0,P,0.28,0.95,0.615,63.599,-0.019344,0.000667,-0.052781,0.052247,31,380.91,2,17,31.46
AVGO,2026-07-28,2026-08-28,270.0,P,0.28,1.0,0.64,61.182,-0.020817,0.000738,-0.053996,0.055604,31,380.91,6,24,31.46
AVGO,2026-07-28,2026-08-28,275.0,P,0.4,1.05,0.725,59.6195,-0.023834,0.000848,-0.058935,0.062328,31,380.91,8,28,31.46
AVGO,2026-07-28,2026-08-28,280.0,P,0.52,1.12,0.82,58.0815,-0.027317,0.000976,-0.064309,0.069871,31,380.91,5,1072,31.46
AVGO,2026-07-28,2026-08-28,285.0,P,0.36,1.78,1.07,58.1059,-0.034646,0.001188,-0.078264,0.085063,31,380.91,5,15,31.46
AVGO,2026-07-28,2026-08-28,290.0,P,0.38,1.98,1.18,56.2993,-0.038912,0.001348,-0.083303,0.093538,31,380.91,17,97,31.46
AVGO,2026-07-28,2026-08-28,295.0,P,0.54,2.83,1.685,57.6664,-0.052202,0.001667,-0.108,0.118485,31,380.91,8,119,31.46
AVGO,2026-07-28,2026-08-28,300.0,P,1.7,3.3,2.5,60.12,-0.070961,0.002033,-0.143035,0.150619,31,380.91,29,168,31.46
AVGO,2026-07-28,2026-08-28,305.0,P,1.22,3.0,2.11,54.4682,-0.066858,0.002143,-0.123565,0.14386,31,380.91,19,109,31.46
AVGO,2026-07-28,2026-08-28,310.0,P,2.28,3.6,2.94,56.0979,-0.086715,0.002536,-0.154972,0.175341,31,380.91,10,92,31.46
AVGO,2026-07-28,2026-08-28,315.0,P,2.98,3.9,3.44,55.2922,-0.100371,0.002867,-0.169951,0.195346,31,380.91,34,164,31.46
AVGO,2026-07-28,2026-08-28,320.0,P,2.71,4.75,3.73,53.2475,-0.111041,0.003203,-0.175776,0.21015,31,380.91,58,1251,31.46
AVGO,2026-07-28,2026-08-28,325.0,P,3.75,5.35,4.55,53.2353,-0.131075,0.0036,-0.197215,0.236175,31,380.91,59,233,31.46
AVGO,2026-07-28,2026-08-28,330.0,P,4.4,6.0,5.2,52.1489,-0.148932,0.004008,-0.21033,0.257595,31,380.91,57,265,31.46
AVGO,2026-07-28,2026-08-28,335.0,P,5.25,7.2,6.225,52.0452,-0.172674,0.004424,-0.230804,0.283728,31,380.91,27,155,31.46
AVGO,2026-07-28,2026-08-28,340.0,P,6.2,8.3,7.25,51.5142,-0.196791,0.004848,-0.247297,0.307763,31,380.91,29,279,31.46
AVGO,2026-07-28,2026-08-28,345.0,P,7.25,10.1,8.675,51.7644,-0.225733,0.005229,-0.268787,0.333543,31,380.91,27,185,31.46
AVGO,2026-07-28,2026-08-28,350.0,P,8.85,11.15,10.0,51.2822,-0.253869,0.005628,-0.283228,0.355631,31,380.91,53,771,31.46
AVGO,2026-07-28,2026-08-28,355.0,P,10.05,12.8,11.425,50.678,-0.28351,0.00602,-0.295051,0.375932,31,380.91,7,80,31.46
AVGO,2026-07-28,2026-08-28,360.0,P,11.65,15.0,13.325,50.8733,-0.316866,0.006306,-0.31066,0.395337,31,380.91,25,325,31.46
AVGO,2026-07-28,2026-08-28,365.0,P,13.45,16.6,15.025,50.1622,-0.349454,0.006648,-0.317303,0.410941,31,380.91,2,75,31.46
AVGO,2026-07-28,2026-08-28,370.0,P,15.45,18.4,16.925,52.9424,-0.387366,0.006516,-0.345985,0.425091,31,380.91,101,136,31.46
AVGO,2026-07-28,2026-08-28,375.0,P,18.35,20.7,19.525,50.1226,-0.419978,0.007025,-0.332399,0.433921,31,380.91,95,72,31.46
AVGO,2026-07-28,2026-08-28,380.0,P,20.6,23.25,21.925,52.7989,-0.454922,0.006763,-0.354585,0.44003,31,380.91,41,769,31.46
AVGO,2026-07-28,2026-08-28,385.0,P,23.0,26.35,24.675,53.6687,-0.4879,0.006693,-0.361424,0.442657,31,380.91,11,54,31.46
AVGO,2026-07-28,2026-08-28,390.0,P,25.4,28.55,26.975,52.1733,-0.523157,0.006877,-0.348685,0.442114,31,380.91,13,107,31.46
AVGO,2026-07-28,2026-08-28,395.0,P,28.4,31.55,29.975,52.094,-0.556582,0.006829,-0.343382,0.438399,31,380.91,4,40,31.46
AVGO,2026-07-28,2026-08-28,400.0,P,31.5,34.65,33.075,51.8895,-0.589651,0.00675,-0.334659,0.431631,31,380.91,1,160,31.46
AVGO,2026-07-28,2026-08-28,405.0,P,34.75,38.05,36.4,52.0268,-0.620799,0.006588,-0.326301,0.4224,31,380.91,1,26,31.46
AVGO,2026-07-28,2026-08-28,410.0,P,38.2,41.95,40.075,53.0278,-0.64739,0.006309,-0.323025,0.412281,31,380.91,4,32,31.46
AVGO,2026-07-28,2026-08-28,415.0,P,41.75,45.1,43.425,51.8956,-0.680829,0.006201,-0.300694,0.396548,31,380.91,17,24,31.46
AVGO,2026-07-28,2026-08-28,420.0,P,45.45,48.95,47.2,52.1611,-0.707342,0.005937,-0.288389,0.381608,31,380.91,32,22,31.46
AVGO,2026-07-28,2026-08-28,425.0,P,49.3,52.8,51.05,52.1245,-0.733697,0.005675,-0.272359,0.364507,31,380.91,9,23,31.46
AVGO,2026-07-28,2026-08-28,430.0,P,53.35,56.75,55.05,52.0513,-0.758732,0.005396,-0.255078,0.346088,31,380.91,1,17,31.46
AVGO,2026-07-28,2026-08-28,435.0,P,57.4,61.3,59.35,53.4551,-0.774564,0.00506,-0.250797,0.333294,31,380.91,2,7,31.46
AVGO,2026-07-28,2026-08-28,440.0,P,61.65,65.1,63.375,52.3442,-0.801823,0.004792,-0.222917,0.309072,31,380.91,0,60,31.46
AVGO,2026-07-28,2026-08-28,450.0,P,70.3,73.65,71.975,52.1672,-0.841191,0.004181,-0.18571,0.268779,31,380.91,4,6,31.46
AVGO,2026-07-28,2026-08-28,460.0,P,79.3,82.85,81.075,53.4245,-0.867229,0.003619,-0.162913,0.238278,31,380.91,0,1,31.46
AVGO,2026-07-28,2026-08-28,465.0,P,83.95,87.55,85.75,54.218,-0.87763,0.00337,-0.153582,0.225138,31,380.91,0,2,31.46
AVGO,2026-07-28,2026-08-28,470.0,P,88.6,92.1,90.35,54.1631,-0.891085,0.003105,-0.136765,0.207255,31,380.91,0,1,31.46
AVGO,2026-07-28,2026-08-28,480.0,P,98.1,101.8,99.95,56.458,-0.90382,0.002721,-0.126624,0.189337,31,380.91,1,1,31.46
AVGO,2026-07-28,2026-08-28,520.0,P,137.35,140.6,138.975,62.0731,-0.946579,0.001578,-0.069367,0.120674,31,380.91,1,1,31.46
AVGO,2026-07-28,2026-09-04,300.0,C,84.65,88.35,86.5,68.7503,0.885893,0.002284,-0.240382,0.23724,38,380.91,0,1,31.46
AVGO,2026-07-28,2026-09-04,325.0,C,63.9,67.6,65.75,65.0425,0.81056,0.003388,-0.309881,0.332915,38,380.91,0,9,31.46
AVGO,2026-07-28,2026-09-04,350.0,C,46.0,49.5,47.75,62.6224,0.70514,0.004482,-0.372041,0.42397,38,380.91,1,3,31.46
AVGO,2026-07-28,2026-09-04,370.0,C,33.8,37.5,35.65,61.1271,0.604804,0.005126,-0.400698,0.4733,38,380.91,2,5,31.46
AVGO,2026-07-28,2026-09-04,375.0,C,31.2,34.85,33.025,60.9196,0.578379,0.005225,-0.404674,0.480824,38,380.91,6,78,31.46
AVGO,2026-07-28,2026-09-04,380.0,C,28.6,32.35,30.475,60.5991,0.551724,0.005311,-0.406146,0.486191,38,380.91,28,65,31.46
AVGO,2026-07-28,2026-09-04,385.0,C,26.6,29.55,28.075,60.3184,0.524937,0.005371,-0.406064,0.48936,38,380.91,23,16,31.46
AVGO,2026-07-28,2026-09-04,390.0,C,23.95,27.8,25.875,60.1811,0.498323,0.005394,-0.40512,0.490314,38,380.91,6,23,31.46
AVGO,2026-07-28,2026-09-04,395.0,C,21.95,25.7,23.825,60.0926,0.472019,0.005388,-0.402781,0.489111,38,380.91,2,17,31.46
AVGO,2026-07-28,2026-09-04,400.0,C,20.05,23.75,21.9,60.0041,0.446087,0.00536,-0.398807,0.485834,38,380.91,66,96,31.46
AVGO,2026-07-28,2026-09-04,405.0,C,18.3,21.9,20.1,59.9247,0.420647,0.005309,-0.393352,0.480586,38,380.91,28,10,31.46
AVGO,2026-07-28,2026-09-04,410.0,C,16.7,19.9,18.3,59.6012,0.395052,0.005257,-0.384739,0.473253,38,380.91,34,9,31.46
AVGO,2026-07-28,2026-09-04,415.0,C,15.45,18.7,17.075,60.2543,0.373142,0.005112,-0.381781,0.465315,38,380.91,4,15,31.46
AVGO,2026-07-28,2026-09-04,420.0,C,13.55,17.3,15.425,59.7813,0.348371,0.005033,-0.369548,0.454461,38,380.91,16,23,31.46
AVGO,2026-07-28,2026-09-04,425.0,C,12.35,15.8,14.075,59.7233,0.325742,0.004908,-0.359262,0.442764,38,380.91,10,7,31.46
AVGO,2026-07-28,2026-09-04,430.0,C,10.55,14.0,12.275,58.3989,0.298632,0.004834,-0.338129,0.426445,38,380.91,15,83,31.46
AVGO,2026-07-28,2026-09-04,435.0,C,9.5,13.4,11.45,59.1008,0.28081,0.004641,-0.332014,0.414304,38,380.91,3,18,31.46
AVGO,2026-07-28,2026-09-04,440.0,C,8.45,12.1,10.275,58.7651,0.259427,0.004486,-0.31702,0.398206,38,380.91,2,22,31.46
AVGO,2026-07-28,2026-09-04,450.0,C,7.35,9.6,8.475,58.8383,0.222897,0.004125,-0.291723,0.366644,38,380.91,15,22,31.46
AVGO,2026-07-28,2026-09-04,455.0,C,6.2,9.55,7.875,59.412,0.208716,0.003933,-0.283282,0.352936,38,380.91,2,13,31.46
AVGO,2026-07-28,2026-09-04,460.0,C,5.35,8.55,6.95,58.881,0.190123,0.003751,-0.265242,0.333653,38,380.91,13,59,31.46
AVGO,2026-07-28,2026-09-04,465.0,C,5.0,7.85,6.425,59.3449,0.177339,0.003564,-0.255774,0.319491,38,380.91,4,17,31.46
AVGO,2026-07-28,2026-09-04,475.0,C,3.8,5.8,4.8,57.819,0.142531,0.00317,-0.215758,0.276899,38,380.91,4,11,31.46
AVGO,2026-07-28,2026-09-04,495.0,C,2.02,4.8,3.41,59.2594,0.104895,0.002495,-0.177899,0.223323,38,380.91,0,1,31.46
AVGO,2026-07-28,2026-09-04,500.0,C,2.17,4.3,3.235,60.0773,0.09917,0.002362,-0.173032,0.214386,38,380.91,153,21,31.46
AVGO,2026-07-28,2026-09-04,505.0,C,1.33,4.0,2.665,58.8627,0.085471,0.00216,-0.151822,0.192043,38,380.91,1,2,31.46
AVGO,2026-07-28,2026-09-04,510.0,C,1.19,3.75,2.47,59.3327,0.079522,0.002029,-0.14487,0.181891,38,380.91,0,1,31.46
AVGO,2026-07-28,2026-09-04,520.0,C,0.89,3.5,2.195,60.6693,0.070484,0.00181,-0.134976,0.165898,38,380.91,2,3,31.46
AVGO,2026-07-28,2026-09-04,530.0,C,0.61,3.05,1.83,61.1088,0.059759,0.001581,-0.11951,0.145946,38,380.91,0,2,31.46
AVGO,2026-07-28,2026-09-04,535.0,C,0.0,3.4,1.7,61.536,0.055702,0.001486,-0.11383,0.138098,38,380.91,0,1,31.46
AVGO,2026-07-28,2026-09-04,540.0,C,0.14,2.24,1.19,58.7895,0.042319,0.001248,-0.087298,0.110862,38,380.91,2,3,31.46
AVGO,2026-07-28,2026-09-04,545.0,C,0.0,2.39,1.195,60.059,0.041686,0.001207,-0.088063,0.109519,38,380.91,26,15,31.46
AVGO,2026-07-28,2026-09-04,550.0,C,0.17,1.55,0.86,57.935,0.032102,0.001011,-0.068596,0.088446,38,380.91,11,12,31.46
AVGO,2026-07-28,2026-09-04,555.0,C,0.15,2.6,1.375,64.0384,0.044621,0.001196,-0.099109,0.115707,38,380.91,0,1,31.46
AVGO,2026-07-28,2026-09-04,210.0,P,0.0,0.91,0.455,85.2052,-0.010236,0.00026,-0.037035,0.033429,38,380.91,28,3,31.46
AVGO,2026-07-28,2026-09-04,220.0,P,0.0,0.57,0.285,74.219,-0.007584,0.000229,-0.024779,0.025704,38,380.91,12,92,31.46
AVGO,2026-07-28,2026-09-04,230.0,P,0.0,1.74,0.87,81.3478,-0.019312,0.00047,-0.060994,0.057766,38,380.91,6,7,31.46
AVGO,2026-07-28,2026-09-04,240.0,P,0.0,1.25,0.625,71.3138,-0.016196,0.000461,-0.045954,0.049711,38,380.91,15,20,31.46
AVGO,2026-07-28,2026-09-04,250.0,P,0.21,1.45,0.83,68.9456,-0.021601,0.00061,-0.056698,0.063516,38,380.91,59,32,31.46
AVGO,2026-07-28,2026-09-04,260.0,P,0.36,2.3,1.33,69.1653,-0.032862,0.000863,-0.080649,0.09017,38,380.91,50,31,31.46
AVGO,2026-07-28,2026-09-04,265.0,P,0.37,2.57,1.47,67.6029,-0.036694,0.000967,-0.086235,0.098718,38,380.91,2,4,31.46
AVGO,2026-07-28,2026-09-04,275.0,P,0.61,3.45,2.03,66.2845,-0.049622,0.001258,-0.107751,0.125993,38,380.91,4,4,31.46
AVGO,2026-07-28,2026-09-04,280.0,P,0.78,3.75,2.265,64.9295,-0.055635,0.001407,-0.115476,0.137967,38,380.91,2,2,31.46
AVGO,2026-07-28,2026-09-04,300.0,P,2.59,5.3,3.945,61.7313,-0.093744,0.002206,-0.163031,0.205702,38,380.91,7,20,31.46
AVGO,2026-07-28,2026-09-04,310.0,P,3.8,6.2,5.0,59.6806,-0.117746,0.002691,-0.185403,0.242588,38,380.91,2,5,31.46
AVGO,2026-07-28,2026-09-04,315.0,P,4.6,7.3,5.95,59.8698,-0.135587,0.002959,-0.204951,0.267643,38,380.91,47,4,31.46
AVGO,2026-07-28,2026-09-04,320.0,P,5.45,8.4,6.925,59.7416,-0.153719,0.003228,-0.222261,0.291264,38,380.91,8,25,31.46
AVGO,2026-07-28,2026-09-04,325.0,P,6.35,9.6,7.975,59.5097,-0.172817,0.003496,-0.238555,0.314298,38,380.91,6,21,31.46
AVGO,2026-07-28,2026-09-04,330.0,P,7.3,10.9,9.1,59.177,-0.192873,0.003766,-0.253648,0.336601,38,380.91,17,76,31.46
AVGO,2026-07-28,2026-09-04,335.0,P,8.65,11.65,10.15,58.3378,-0.212662,0.004049,-0.264583,0.356835,38,380.91,4,41,31.46
AVGO,2026-07-28,2026-09-04,340.0,P,9.95,13.1,11.525,58.0815,-0.235499,0.00431,-0.278621,0.37813,38,380.91,14,76,31.46
AVGO,2026-07-28,2026-09-04,345.0,P,12.15,14.65,13.4,58.7406,-0.261784,0.004509,-0.297636,0.400064,38,380.91,13,75,31.46
AVGO,2026-07-28,2026-09-04,350.0,P,13.8,15.7,14.75,57.7946,-0.284997,0.00478,-0.304687,0.417259,38,380.91,15,66,31.46
AVGO,2026-07-28,2026-09-04,355.0,P,14.55,18.5,16.525,57.5566,-0.310914,0.004994,-0.314982,0.434155,38,380.91,1,20,31.46
AVGO,2026-07-28,2026-09-04,360.0,P,16.45,19.95,18.2,56.8059,-0.336865,0.005229,-0.320401,0.448729,38,380.91,32,36,31.46
AVGO,2026-07-28,2026-09-04,365.0,P,18.55,22.5,20.525,57.166,-0.365138,0.005351,-0.331188,0.462028,38,380.91,7,34,31.46
AVGO,2026-07-28,2026-09-04,370.0,P,20.65,24.2,22.425,56.3298,-0.392695,0.005553,-0.332574,0.472473,38,380.91,10,7,31.46
AVGO,2026-07-28,2026-09-04,375.0,P,23.05,26.5,24.775,56.1406,-0.421324,0.005669,-0.336155,0.480752,38,380.91,5,79,31.46
AVGO,2026-07-28,2026-09-04,380.0,P,25.55,29.1,27.325,56.0704,-0.450137,0.005744,-0.338551,0.486483,38,380.91,2,17,31.46
AVGO,2026-07-28,2026-09-04,385.0,P,28.2,31.9,30.05,56.0673,-0.478844,0.005781,-0.33945,0.489628,38,380.91,4,7,31.46
AVGO,2026-07-28,2026-09-04,390.0,P,30.95,34.45,32.7,55.6279,-0.507914,0.005834,-0.335645,0.490221,38,380.91,107,16,31.46
AVGO,2026-07-28,2026-09-04,395.0,P,33.85,37.3,35.575,55.3654,-0.536688,0.005838,-0.331091,0.488243,38,380.91,40,20,31.46
AVGO,2026-07-28,2026-09-04,400.0,P,36.9,40.35,38.625,55.1854,-0.564984,0.005804,-0.325287,0.483799,38,380.91,11,31,31.46
AVGO,2026-07-28,2026-09-04,405.0,P,40.05,43.45,41.75,54.8863,-0.593137,0.005752,-0.316976,0.476894,38,380.91,0,42,31.46
AVGO,2026-07-28,2026-09-04,410.0,P,43.35,46.75,45.05,54.6818,-0.620467,0.005663,-0.307734,0.46779,38,380.91,0,1,31.46
AVGO,2026-07-28,2026-09-04,415.0,P,46.75,50.2,48.475,54.4804,-0.64708,0.005548,-0.297085,0.456606,38,380.91,0,41,31.46
AVGO,2026-07-28,2026-09-04,420.0,P,50.3,53.45,51.875,53.9525,-0.674239,0.005433,-0.282682,0.442774,38,380.91,10,7,31.46
AVGO,2026-07-28,2026-09-04,430.0,P,57.7,61.1,59.4,53.7541,-0.722279,0.005075,-0.257167,0.412083,38,380.91,0,1,31.46
AVGO,2026-07-28,2026-09-04,455.0,P,77.9,81.3,79.6,52.3992,-0.8273,0.003969,-0.176122,0.314162,38,380.91,0,1,31.46
AVGO,2026-07-28,2026-09-04,465.0,P,86.5,90.0,88.25,51.7766,-0.861492,0.003472,-0.142304,0.27157,38,380.91,0,1,31.46
AVGO,2026-07-28,2026-09-04,500.0,P,118.5,122.2,120.35,59.5219,-0.903216,0.002342,-0.117107,0.210593,38,380.91,0,1,31.46
AVGO,2026-07-28,2026-09-18,70.0,C,310.05,313.25,311.65,209.2778,0.994557,5.2e-05,-0.052002,0.022419,52,380.91,1,11,31.46
AVGO,2026-07-28,2026-09-18,75.0,C,316.35,319.8,318.075,366.7481,0.969255,0.000132,-0.357331,0.099834,52,380.91,1,2,31.46
AVGO,2026-07-28,2026-09-18,80.0,C,299.95,303.3,301.625,191.9922,0.994185,6e-05,-0.051794,0.023776,52,380.91,1,7,31.46
AVGO,2026-07-28,2026-09-18,90.0,C,119.75,121.5,120.625,0.001,1.0,0.0,-0.009222,0.0,52,380.91,0,0,31.46
AVGO,2026-07-28,2026-09-18,95.0,C,284.95,288.4,286.675,173.047,0.99307,7.8e-05,-0.055595,0.027768,52,380.91,36,18,31.46
AVGO,2026-07-28,2026-09-18,100.0,C,280.3,283.45,281.875,172.8517,0.991444,9.4e-05,-0.065379,0.033429,52,380.91,700,471,31.46
AVGO,2026-07-28,2026-09-18,105.0,C,275.2,278.5,276.85,166.1135,0.991279,9.9e-05,-0.064625,0.033994,52,380.91,6,49,31.46
AVGO,2026-07-28,2026-09-18,110.0,C,270.25,273.5,271.875,161.0354,0.990769,0.000107,-0.066143,0.03573,52,380.91,1,15,31.46
AVGO,2026-07-28,2026-09-18,115.0,C,265.25,268.55,266.9,156.2014,0.990234,0.000116,-0.067682,0.037535,52,380.91,1,33,31.46
AVGO,2026-07-28,2026-09-18,120.0,C,260.35,263.6,261.975,152.6858,0.989324,0.000129,-0.071333,0.040566,52,380.91,1,76,31.46
AVGO,2026-07-28,2026-09-18,125.0,C,255.2,258.6,256.9,145.8987,0.989513,0.000132,-0.068337,0.039942,52,380.91,1,14,31.46
AVGO,2026-07-28,2026-09-18,130.0,C,294.6,298.5,296.55,424.3657,0.929945,0.00022,-0.794163,0.193159,52,380.91,1,9,31.46
AVGO,2026-07-28,2026-09-18,145.0,C,200.9,204.1,202.5,0.001,1.0,0.0,-0.014857,0.0,52,380.91,1,7,31.46
AVGO,2026-07-28,2026-09-18,155.0,C,241.45,244.7,243.075,236.3896,0.927835,0.000404,-0.460517,0.197611,52,380.91,2,3,31.46
AVGO,2026-07-28,2026-09-18,160.0,C,220.4,223.9,222.15,120.0688,0.984315,0.000228,-0.080978,0.056574,52,380.91,1,13,31.46
AVGO,2026-07-28,2026-09-18,165.0,C,231.6,234.8,233.2,223.09,0.922333,0.000453,-0.460482,0.209003,52,380.91,1,29,31.46
AVGO,2026-07-28,2026-09-18,175.0,C,205.75,209.05,207.4,112.354,0.98024,0.000297,-0.091454,0.068904,52,380.91,1,215,31.46
AVGO,2026-07-28,2026-09-18,180.0,C,208.1,215.65,211.875,174.756,0.929808,0.000536,-0.339674,0.193448,52,380.91,1,49,31.46
AVGO,2026-07-28,2026-09-18,190.0,C,190.9,194.2,192.55,103.5283,0.976651,0.000371,-0.097378,0.07934,52,380.91,1,177,31.46
AVGO,2026-07-28,2026-09-18,195.0,C,186.6,203.35,194.975,150.2322,0.929727,0.000623,-0.29603,0.19362,52,380.91,2,116,31.46
AVGO,2026-07-28,2026-09-18,200.0,C,180.9,184.3,182.6,97.3267,0.974531,0.000424,-0.099206,0.085348,52,380.91,1,167,31.46
AVGO,2026-07-28,2026-09-18,210.0,C,170.75,174.5,172.625,91.1134,0.972507,0.000483,-0.099983,0.090979,52,380.91,2,220,31.46
AVGO,2026-07-28,2026-09-18,220.0,C,161.25,164.7,162.975,88.1471,0.966551,0.000587,-0.111751,0.107031,52,380.91,4,562,31.46
AVGO,2026-07-28,2026-09-18,230.0,C,151.65,154.9,153.275,84.424,0.960737,0.000699,-0.120867,0.122035,52,380.91,1,370,31.46
AVGO,2026-07-28,2026-09-18,240.0,C,141.7,145.25,143.475,79.822,0.955585,0.000817,-0.126106,0.134849,52,380.91,2,433,31.46
AVGO,2026-07-28,2026-09-18,250.0,C,132.1,135.6,133.85,76.3186,0.947863,0.000972,-0.135792,0.153304,52,380.91,2,507,31.46
AVGO,2026-07-28,2026-09-18,260.0,C,123.15,126.1,124.625,74.7317,0.934971,0.001181,-0.154775,0.18236,52,380.91,1,465,31.46
AVGO,2026-07-28,2026-09-18,270.0,C,113.4,116.75,115.075,70.9842,0.924842,0.001389,-0.163453,0.203846,52,380.91,2,437,31.46
AVGO,2026-07-28,2026-09-18,280.0,C,104.6,107.6,106.1,69.4034,0.907632,0.001659,-0.183407,0.238014,52,380.91,15,297,31.46
AVGO,2026-07-28,2026-09-18,290.0,C,95.7,98.65,97.175,67.3343,0.88897,0.001955,-0.200965,0.272157,52,380.91,2,495,31.46
AVGO,2026-07-28,2026-09-18,300.0,C,87.1,89.8,88.45,65.3263,0.867235,0.002285,-0.218648,0.308598,52,380.91,20,780,31.46
AVGO,2026-07-28,2026-09-18,310.0,C,78.5,81.65,80.075,63.7211,0.841101,0.002644,-0.238013,0.348239,52,380.91,1,1312,31.46
AVGO,2026-07-28,2026-09-18,320.0,C,70.2,73.65,71.925,62.0029,0.81177,0.003027,-0.255602,0.387907,52,380.91,6,962,31.46
AVGO,2026-07-28,2026-09-18,330.0,C,63.1,65.3,64.2,60.5961,0.777882,0.003417,-0.27321,0.428043,52,380.91,6,1351,31.46
AVGO,2026-07-28,2026-09-18,340.0,C,56.0,58.2,57.1,59.766,0.738977,0.003783,-0.291561,0.467293,52,380.91,10,1368,31.46
AVGO,2026-07-28,2026-09-18,350.0,C,48.85,51.55,50.2,58.5209,0.697713,0.004147,-0.30437,0.501602,52,380.91,7,1683,31.46
AVGO,2026-07-28,2026-09-18,360.0,C,43.25,45.35,44.3,58.3531,0.652022,0.004406,-0.319106,0.531406,52,380.91,5,4467,31.46
AVGO,2026-07-28,2026-09-18,370.0,C,37.5,39.8,38.65,57.7702,0.605213,0.004635,-0.327157,0.553507,52,380.91,136,1673,31.46
AVGO,2026-07-28,2026-09-18,380.0,C,32.8,34.6,33.7,57.5871,0.55738,0.004769,-0.332643,0.567629,52,380.91,114,3320,31.46
AVGO,2026-07-28,2026-09-18,390.0,C,28.0,29.9,28.95,56.934,0.509027,0.004872,-0.330851,0.573425,52,380.91,168,4511,31.46
AVGO,2026-07-28,2026-09-18,400.0,C,23.65,25.1,24.375,55.7866,0.45957,0.004948,-0.321559,0.570624,52,380.91,299,8456,31.46
AVGO,2026-07-28,2026-09-18,410.0,C,20.7,21.9,21.3,56.4824,0.415476,0.004802,-0.318554,0.560649,52,380.91,112,5650,31.46
AVGO,2026-07-28,2026-09-18,420.0,C,17.0,18.45,17.725,55.5485,0.368602,0.004722,-0.302186,0.542172,52,380.91,408,5704,31.46
AVGO,2026-07-28,2026-09-18,430.0,C,14.35,16.0,15.175,55.7713,0.328103,0.004506,-0.28985,0.519465,52,380.91,72,4866,31.46
AVGO,2026-07-28,2026-09-18,440.0,C,12.5,13.45,12.975,56.0277,0.290863,0.004255,-0.275549,0.492826,52,380.91,169,3809,31.46
AVGO,2026-07-28,2026-09-18,450.0,C,10.55,11.6,11.075,56.2871,0.256837,0.003983,-0.259719,0.463402,52,380.91,593,17520,31.46
AVGO,2026-07-28,2026-09-18,460.0,C,8.7,9.9,9.3,56.223,0.224319,0.003704,-0.240532,0.430453,52,380.91,41,2916,31.46
AVGO,2026-07-28,2026-09-18,470.0,C,7.15,8.35,7.75,56.0917,0.194472,0.003413,-0.220259,0.395742,52,380.91,40,3244,31.46
AVGO,2026-07-28,2026-09-18,480.0,C,5.65,6.9,6.275,55.5241,0.165288,0.003113,-0.196583,0.357295,52,380.91,92,3449,31.46
AVGO,2026-07-28,2026-09-18,490.0,C,4.95,5.95,5.45,56.2565,0.145794,0.002828,-0.18306,0.328897,52,380.91,120,6362,31.46
AVGO,2026-07-28,2026-09-18,500.0,C,3.95,5.0,4.475,56.0673,0.124171,0.002542,-0.16322,0.294589,52,380.91,277,6653,31.46
AVGO,2026-07-28,2026-09-18,510.0,C,3.15,4.25,3.7,56.049,0.105936,0.002271,-0.145571,0.263113,52,380.91,54,1543,31.46
AVGO,2026-07-28,2026-09-18,520.0,C,2.69,3.45,3.07,56.1101,0.090361,0.002019,-0.129564,0.234169,52,380.91,29,7619,31.46
AVGO,2026-07-28,2026-09-18,530.0,C,1.93,3.05,2.49,55.9209,0.075782,0.001775,-0.113015,0.205135,52,380.91,9,784,31.46
AVGO,2026-07-28,2026-09-18,540.0,C,1.78,2.59,2.185,56.6899,0.066931,0.001591,-0.104047,0.186478,52,380.91,32,8300,31.46
AVGO,2026-07-28,2026-09-18,550.0,C,1.37,2.19,1.78,56.58,0.05611,0.001389,-0.090411,0.162478,52,380.91,2,246,31.46
AVGO,2026-07-28,2026-09-18,560.0,C,1.03,1.94,1.485,56.7509,0.047759,0.001219,-0.079723,0.142946,52,380.91,2,2472,31.46
AVGO,2026-07-28,2026-09-18,570.0,C,0.78,1.72,1.25,57.0073,0.040861,0.00107,-0.070571,0.126056,52,380.91,9,1606,31.46
AVGO,2026-07-28,2026-09-18,580.0,C,0.65,1.4,1.025,57.0073,0.034257,0.000926,-0.06107,0.109153,52,380.91,21,1444,31.46
AVGO,2026-07-28,2026-09-18,590.0,C,0.76,1.71,1.235,60.7182,0.038256,0.000952,-0.07113,0.11948,52,380.91,30,554,31.46
AVGO,2026-07-28,2026-09-18,600.0,C,0.7,0.9,0.8,58.3622,0.026918,0.000741,-0.051136,0.089388,52,380.91,3569,15046,31.46
AVGO,2026-07-28,2026-09-18,620.0,C,0.22,0.97,0.595,59.1557,0.020369,0.000578,-0.040953,0.070701,52,380.91,2,229,31.46
AVGO,2026-07-28,2026-09-18,630.0,C,0.15,0.75,0.45,58.4965,0.016008,0.000476,-0.032966,0.057574,52,380.91,7,157,31.46
AVGO,2026-07-28,2026-09-18,640.0,C,0.07,0.72,0.395,58.9848,0.014069,0.000423,-0.029735,0.051526,52,380.91,38,1100,31.46
AVGO,2026-07-28,2026-09-18,650.0,C,0.15,0.7,0.425,61.0355,0.014581,0.000421,-0.031714,0.053138,52,380.91,14,1746,31.46
AVGO,2026-07-28,2026-09-18,660.0,C,0.01,0.45,0.23,58.0082,0.008737,0.000284,-0.019312,0.03405,52,380.91,1,38,31.46
AVGO,2026-07-28,2026-09-18,670.0,C,0.0,0.4,0.2,58.3989,0.007603,0.00025,-0.0172,0.030135,52,380.91,8,747,31.46
AVGO,2026-07-28,2026-09-18,680.0,C,0.0,0.56,0.28,62.0609,0.009797,0.000293,-0.022817,0.037639,52,380.91,1,807,31.46
AVGO,2026-07-28,2026-09-18,690.0,C,0.0,0.57,0.285,63.5258,0.009755,0.000286,-0.023259,0.037499,52,380.91,5,269,31.46
AVGO,2026-07-28,2026-09-18,700.0,C,0.01,0.48,0.245,63.7211,0.00848,0.000252,-0.020632,0.033171,52,380.91,10,243,31.46
AVGO,2026-07-28,2026-09-18,710.0,C,0.0,0.51,0.255,65.2836,0.008606,0.000249,-0.021404,0.033601,52,380.91,1,81,31.46
AVGO,2026-07-28,2026-09-18,720.0,C,0.01,0.49,0.25,66.4066,0.008345,0.000238,-0.021186,0.032706,52,380.91,2,142,31.46
AVGO,2026-07-28,2026-09-18,730.0,C,0.0,0.46,0.23,66.9925,0.007657,0.000219,-0.019809,0.030322,52,380.91,6,166,31.46
AVGO,2026-07-28,2026-09-18,740.0,C,0.03,0.2,0.115,63.3793,0.004219,0.000136,-0.011041,0.017865,52,380.91,198,729,31.46
AVGO,2026-07-28,2026-09-18,70.0,P,0.0,0.92,0.46,195.8008,-0.003804,4e-05,-0.030462,0.016282,52,380.91,2,312,31.46
AVGO,2026-07-28,2026-09-18,75.0,P,0.01,0.15,0.08,153.9065,-0.000977,1.5e-05,-0.006967,0.004739,52,380.91,750,673,31.46
AVGO,2026-07-28,2026-09-18,80.0,P,0.0,0.88,0.44,179.4923,-0.004024,4.6e-05,-0.029354,0.017123,52,380.91,1,248,31.46
AVGO,2026-07-28,2026-09-18,85.0,P,0.0,0.46,0.23,159.2775,-0.00252,3.4e-05,-0.017094,0.01124,52,380.91,903,1479,31.46
AVGO,2026-07-28,2026-09-18,90.0,P,0.0,0.15,0.075,135.9378,-0.001039,1.8e-05,-0.006506,0.005014,52,380.91,107,204,31.46
AVGO,2026-07-28,2026-09-18,95.0,P,0.01,0.39,0.2,145.3128,-0.002432,3.6e-05,-0.015093,0.010883,52,380.91,247,1616,31.46
AVGO,2026-07-28,2026-09-18,100.0,P,0.0,0.2,0.1,130.0785,-0.00144,2.5e-05,-0.008386,0.006758,52,380.91,28,1110,31.46
AVGO,2026-07-28,2026-09-18,105.0,P,0.0,0.57,0.285,141.0159,-0.003496,5.2e-05,-0.020306,0.015096,52,380.91,341,1370,31.46
AVGO,2026-07-28,2026-09-18,110.0,P,0.0,0.69,0.345,139.3558,-0.004212,6.2e-05,-0.023706,0.017839,52,380.91,173,1452,31.46
AVGO,2026-07-28,2026-09-18,115.0,P,0.0,0.19,0.095,116.2114,-0.001529,3e-05,-0.007908,0.007138,52,380.91,5,249,31.46
AVGO,2026-07-28,2026-09-18,120.0,P,0.0,0.56,0.28,126.6605,-0.003834,6.3e-05,-0.019796,0.016399,52,380.91,4,240,31.46
AVGO,2026-07-28,2026-09-18,125.0,P,0.01,0.21,0.11,110.1567,-0.001862,3.8e-05,-0.008964,0.008542,52,380.91,534,987,31.46
AVGO,2026-07-28,2026-09-18,130.0,P,0.0,0.21,0.105,105.8598,-0.001844,3.9e-05,-0.008537,0.008467,52,380.91,8,199,31.46
AVGO,2026-07-28,2026-09-18,135.0,P,0.0,0.36,0.18,108.5942,-0.002992,5.8e-05,-0.013567,0.013121,52,380.91,2,107,31.46
AVGO,2026-07-28,2026-09-18,140.0,P,0.0,0.36,0.18,104.8833,-0.003074,6.2e-05,-0.013422,0.013444,52,380.91,12,224,31.46
AVGO,2026-07-28,2026-09-18,145.0,P,0.0,0.24,0.12,96.9727,-0.002281,5.1e-05,-0.009477,0.010271,52,380.91,20,185,31.46
AVGO,2026-07-28,2026-09-18,150.0,P,0.0,0.38,0.19,98.7305,-0.003452,7.3e-05,-0.014014,0.014923,52,380.91,2,3393,31.46
AVGO,2026-07-28,2026-09-18,155.0,P,0.0,0.39,0.195,95.7032,-0.003631,7.9e-05,-0.014212,0.015619,52,380.91,4,118,31.46
AVGO,2026-07-28,2026-09-18,160.0,P,0.0,0.41,0.205,93.0665,-0.003905,8.7e-05,-0.014747,0.016672,52,380.91,9,286,31.46
AVGO,2026-07-28,2026-09-18,165.0,P,0.01,0.42,0.215,90.5274,-0.004207,9.5e-05,-0.015327,0.01782,52,380.91,56,168,31.46
AVGO,2026-07-28,2026-09-18,170.0,P,0.05,0.38,0.215,87.5001,-0.004344,0.000101,-0.015237,0.018336,52,380.91,55,430,31.46
AVGO,2026-07-28,2026-09-18,175.0,P,0.07,0.37,0.22,84.7658,-0.004558,0.000109,-0.015403,0.019142,52,380.91,13,560,31.46
AVGO,2026-07-28,2026-09-18,180.0,P,0.05,0.48,0.265,83.8869,-0.0055,0.000131,-0.018013,0.022629,52,380.91,2,861,31.46
AVGO,2026-07-28,2026-09-18,185.0,P,0.1,0.45,0.275,81.4455,-0.00586,0.000142,-0.018494,0.023941,52,380.91,2,477,31.46
AVGO,2026-07-28,2026-09-18,190.0,P,0.1,0.51,0.305,79.6877,-0.006557,0.000161,-0.019977,0.026444,52,380.91,1,651,31.46
AVGO,2026-07-28,2026-09-18,195.0,P,0.07,0.27,0.17,71.5823,-0.004231,0.000121,-0.012146,0.017909,52,380.91,2,1131,31.46
AVGO,2026-07-28,2026-09-18,200.0,P,0.23,0.31,0.27,73.1448,-0.00637,0.00017,-0.017854,0.025775,52,380.91,5,2235,31.46
AVGO,2026-07-28,2026-09-18,210.0,P,0.1,0.45,0.275,68.2132,-0.006903,0.000196,-0.017856,0.027674,52,380.91,2,3604,31.46
AVGO,2026-07-28,2026-09-18,220.0,P,0.23,0.6,0.415,67.0413,-0.010252,0.000283,-0.024803,0.039158,52,380.91,63,3820,31.46
AVGO,2026-07-28,2026-09-18,230.0,P,0.55,1.02,0.785,68.5794,-0.017906,0.000447,-0.041007,0.063362,52,380.91,1,3553,31.46
AVGO,2026-07-28,2026-09-18,240.0,P,0.56,1.12,0.84,64.2338,-0.020252,0.00053,-0.042582,0.070356,52,380.91,40,4224,31.46
AVGO,2026-07-28,2026-09-18,250.0,P,0.9,1.32,1.11,62.2929,-0.026721,0.00069,-0.052062,0.088841,52,380.91,14,12480,31.46
AVGO,2026-07-28,2026-09-18,260.0,P,1.27,1.98,1.625,61.7802,-0.037765,0.000926,-0.068599,0.118228,52,380.91,8,3772,31.46
AVGO,2026-07-28,2026-09-18,270.0,P,1.82,2.75,2.285,61.0844,-0.05143,0.001201,-0.08684,0.15165,52,380.91,50,3923,31.46
AVGO,2026-07-28,2026-09-18,280.0,P,2.75,3.45,3.1,60.175,-0.067822,0.001515,-0.106053,0.188393,52,380.91,141,8731,31.46
AVGO,2026-07-28,2026-09-18,290.0,P,3.65,4.45,4.05,58.936,-0.086739,0.001864,-0.124933,0.227141,52,380.91,32,3841,31.46
AVGO,2026-07-28,2026-09-18,300.0,P,4.75,5.65,5.2,57.6237,-0.109119,0.002257,-0.144153,0.268788,52,380.91,154,9819,31.46
AVGO,2026-07-28,2026-09-18,310.0,P,6.25,7.15,6.7,56.6105,-0.136551,0.002689,-0.165255,0.31461,52,380.91,86,6342,31.46
AVGO,2026-07-28,2026-09-18,320.0,P,8.4,9.1,8.75,56.2199,-0.17043,0.003136,-0.189466,0.364413,52,380.91,55,14772,31.46
AVGO,2026-07-28,2026-09-18,330.0,P,10.7,11.45,11.075,55.4997,-0.20748,0.003586,-0.210345,0.411419,52,380.91,123,7130,31.46
AVGO,2026-07-28,2026-09-18,340.0,P,13.45,14.85,14.15,55.4875,-0.250541,0.003988,-0.232837,0.457401,52,380.91,212,5858,31.46
AVGO,2026-07-28,2026-09-18,350.0,P,16.7,18.0,17.35,54.7307,-0.29498,0.004385,-0.247788,0.496051,52,380.91,229,9649,31.46
AVGO,2026-07-28,2026-09-18,360.0,P,20.6,21.95,21.275,54.4499,-0.343276,0.004698,-0.261267,0.528721,52,380.91,323,5561,31.46
AVGO,2026-07-28,2026-09-18,370.0,P,24.45,26.3,25.375,53.5741,-0.393077,0.004992,-0.266879,0.552846,52,380.91,125,5259,31.46
AVGO,2026-07-28,2026-09-18,380.0,P,29.35,31.1,30.225,53.1377,-0.444758,0.005172,-0.269821,0.568064,52,380.91,44,5248,31.46
AVGO,2026-07-28,2026-09-18,390.0,P,34.6,37.45,36.025,53.4642,-0.49578,0.00519,-0.271834,0.57354,52,380.91,32,4046,31.46
AVGO,2026-07-28,2026-09-18,400.0,P,40.55,42.45,41.5,52.3717,-0.548331,0.005259,-0.26109,0.569357,52,380.91,28,3211,31.46
AVGO,2026-07-28,2026-09-18,410.0,P,46.75,49.4,48.075,52.3656,-0.597319,0.00514,-0.251956,0.55642,52,380.91,30,5185,31.46
AVGO,2026-07-28,2026-09-18,420.0,P,53.55,56.55,55.05,52.2893,-0.643995,0.004957,-0.238638,0.535791,52,380.91,19,2942,31.46
AVGO,2026-07-28,2026-09-18,430.0,P,60.05,63.3,61.675,50.7238,-0.694784,0.004805,-0.21229,0.503765,52,380.91,41,1207,31.46
AVGO,2026-07-28,2026-09-18,440.0,P,67.65,71.55,69.6,50.9221,-0.734452,0.004479,-0.195048,0.471413,52,380.91,4,1522,31.46
AVGO,2026-07-28,2026-09-18,450.0,P,75.7,79.3,77.5,50.3362,-0.774615,0.004148,-0.170748,0.431611,52,380.91,1,434,31.46
AVGO,2026-07-28,2026-09-18,460.0,P,83.95,87.7,85.825,54.6147,-0.784112,0.00373,-0.181568,0.421096,52,380.91,10,835,31.46
AVGO,2026-07-28,2026-09-18,470.0,P,92.55,96.5,94.525,55.2373,-0.810059,0.003416,-0.165697,0.390076,52,380.91,3,297,31.46
AVGO,2026-07-28,2026-09-18,480.0,P,101.35,105.3,103.325,55.3654,-0.835553,0.003112,-0.146201,0.356117,52,380.91,4,228,31.46
AVGO,2026-07-28,2026-09-18,490.0,P,110.3,114.1,112.2,54.9138,-0.861164,0.002803,-0.122726,0.318193,52,380.91,1,1067,31.46
AVGO,2026-07-28,2026-09-18,500.0,P,119.65,123.5,121.575,55.872,-0.876804,0.002537,-0.110531,0.292966,52,380.91,1,292,31.46
AVGO,2026-07-28,2026-09-18,510.0,P,128.95,132.75,130.85,55.9209,-0.894676,0.002267,-0.092379,0.262015,52,380.91,13,166,31.46
AVGO,2026-07-28,2026-09-18,520.0,P,138.45,142.1,140.275,55.8842,-0.910655,0.00201,-0.074687,0.232209,52,380.91,2,97,31.46
AVGO,2026-07-28,2026-09-18,530.0,P,148.05,152.0,150.025,57.9228,-0.91575,0.001856,-0.072474,0.222242,52,380.91,10,93,31.46
AVGO,2026-07-28,2026-09-18,540.0,P,157.8,161.35,159.575,57.1293,-0.931342,0.00161,-0.051599,0.190183,52,380.91,39,142,31.46
AVGO,2026-07-28,2026-09-18,560.0,P,170.8,173.7,172.25,0.001,-1.0,0.0,0.057379,0.0,52,380.91,10,34,31.46
AVGO,2026-07-28,2026-09-18,570.0,P,187.4,190.7,189.05,59.7172,-0.950711,0.001188,-0.027538,0.146596,52,380.91,1,5,31.46
AVGO,2026-07-28,2026-09-18,580.0,P,197.35,200.7,199.025,61.7191,-0.952087,0.001123,-0.027335,0.143315,52,380.91,3,3,31.46
AVGO,2026-07-28,2026-09-18,590.0,P,207.35,210.65,209.0,63.306,-0.95442,0.001052,-0.024986,0.137689,52,380.91,0,0,31.46
AVGO,2026-07-28,2026-09-18,600.0,P,210.4,213.45,211.925,0.001,-1.0,0.0,0.061478,0.0,52,380.91,1,0,31.46
AVGO,2026-07-28,2026-09-18,620.0,P,237.35,240.65,239.0,68.8724,-0.957593,0.000912,-0.024004,0.129906,52,380.91,34,0,31.46
AVGO,2026-07-28,2026-09-18,630.0,P,247.35,250.9,249.125,72.51,-0.953718,0.00093,-0.034262,0.13939,52,380.91,17,0,31.46
AVGO,2026-07-28,2026-09-18,640.0,P,250.4,253.45,251.925,0.001,-1.0,0.0,0.065577,0.0,52,380.91,13,0,31.46
AVGO,2026-07-28,2026-09-18,650.0,P,253.75,257.55,255.65,0.001,-1.0,0.0,0.066601,0.0,52,380.91,40,0,31.46
AVGO,2026-07-28,2026-09-18,690.0,P,293.7,297.65,295.675,0.001,-1.0,0.0,0.0707,0.0,52,380.91,2,0,31.46
AVGO,2026-07-28,2026-09-18,720.0,P,326.1,330.15,328.125,0.001,-1.0,0.0,0.073774,0.0,52,380.91,0,0,31.46
AVGO,2026-07-28,2026-09-18,740.0,P,345.45,349.3,347.375,0.001,-1.0,0.0,0.075823,0.0,52,380.91,13,0,31.46
AVGO,2026-07-28,2026-10-16,155.0,C,239.15,242.95,241.05,182.9896,0.93156,0.000404,-0.280781,0.235316,80,380.91,1,2,31.46
AVGO,2026-07-28,2026-10-16,165.0,C,242.95,246.85,244.9,221.6557,0.908736,0.000415,-0.415743,0.292603,80,380.91,0,0,31.46
AVGO,2026-07-28,2026-10-16,175.0,C,222.0,225.45,223.725,171.8202,0.916106,0.000503,-0.307906,0.274781,80,380.91,1,1,31.46
AVGO,2026-07-28,2026-10-16,195.0,C,200.2,203.9,202.05,147.0401,0.908046,0.000629,-0.28513,0.29424,80,380.91,1,29,31.46
AVGO,2026-07-28,2026-10-16,200.0,C,181.4,184.9,183.15,83.2155,0.969231,0.000468,-0.083459,0.123908,80,380.91,1,72,31.46
AVGO,2026-07-28,2026-10-16,210.0,C,171.8,175.2,173.5,80.1516,0.963788,0.000556,-0.090771,0.141694,80,380.91,1,29,31.46
AVGO,2026-07-28,2026-10-16,220.0,C,162.1,165.55,163.825,76.7703,0.958181,0.000653,-0.097004,0.159318,80,380.91,1,59,31.46
AVGO,2026-07-28,2026-10-16,230.0,C,164.3,167.2,165.75,114.9235,0.889143,0.000923,-0.259891,0.337193,80,380.91,1,38,31.46
AVGO,2026-07-28,2026-10-16,240.0,C,149.85,153.2,151.525,95.5506,0.898793,0.001039,-0.20806,0.315714,80,380.91,14,56,31.46
AVGO,2026-07-28,2026-10-16,250.0,C,133.95,137.2,135.575,69.3668,0.931155,0.001072,-0.124883,0.23639,80,380.91,1,46,31.46
AVGO,2026-07-28,2026-10-16,260.0,C,124.5,128.05,126.275,66.8094,0.919792,0.00125,-0.133826,0.265636,80,380.91,20,70,31.46
AVGO,2026-07-28,2026-10-16,270.0,C,115.5,119.05,117.275,64.9479,0.905062,0.001459,-0.145545,0.301264,80,380.91,5,87,31.46
AVGO,2026-07-28,2026-10-16,280.0,C,106.8,110.3,108.55,63.4678,0.887265,0.001691,-0.158827,0.341268,80,380.91,1,61,31.46
AVGO,2026-07-28,2026-10-16,290.0,C,98.7,101.8,100.25,62.5797,0.865496,0.001941,-0.174512,0.386208,80,380.91,1,102,31.46
AVGO,2026-07-28,2026-10-16,300.0,C,90.45,93.65,92.05,61.3346,0.842271,0.002204,-0.188171,0.429848,80,380.91,7,238,31.46
AVGO,2026-07-28,2026-10-16,310.0,C,82.3,85.75,84.025,59.943,0.816925,0.002481,-0.200405,0.472922,80,380.91,1,296,31.46
AVGO,2026-07-28,2026-10-16,320.0,C,74.75,78.25,76.5,59.0092,0.787762,0.002756,-0.213591,0.517149,80,380.91,3,132,31.46
AVGO,2026-07-28,2026-10-16,330.0,C,67.85,70.95,69.4,58.2646,0.755709,0.003021,-0.226169,0.559727,80,380.91,12,651,31.46
AVGO,2026-07-28,2026-10-16,340.0,C,61.3,64.45,62.875,57.8923,0.720769,0.003256,-0.238564,0.599495,80,380.91,7,201,31.46
AVGO,2026-07-28,2026-10-16,350.0,C,55.0,57.65,56.325,56.8821,0.68506,0.003502,-0.246127,0.633439,80,380.91,13,702,31.46
AVGO,2026-07-28,2026-10-16,360.0,C,49.2,52.05,50.625,56.6075,0.646781,0.003681,-0.254491,0.662714,80,380.91,6,353,31.46
AVGO,2026-07-28,2026-10-16,370.0,C,43.8,46.45,45.125,56.0414,0.60771,0.003846,-0.259113,0.685338,80,380.91,58,881,31.46
AVGO,2026-07-28,2026-10-16,380.0,C,38.7,41.45,40.075,55.5638,0.567865,0.003968,-0.261509,0.701109,80,380.91,50,1344,31.46
AVGO,2026-07-28,2026-10-16,390.0,C,34.6,36.85,35.725,55.5211,0.528277,0.004019,-0.263186,0.70964,80,380.91,42,749,31.46
AVGO,2026-07-28,2026-10-16,400.0,C,30.4,32.6,31.5,55.1182,0.488612,0.004057,-0.260804,0.711138,80,380.91,120,3856,31.46
AVGO,2026-07-28,2026-10-16,410.0,C,26.45,28.9,27.675,54.7612,0.449578,0.004053,-0.25624,0.705738,80,380.91,211,16694,31.46
AVGO,2026-07-28,2026-10-16,420.0,C,23.55,25.6,24.575,54.9412,0.413264,0.003975,-0.252094,0.694547,80,380.91,33,1650,31.46
AVGO,2026-07-28,2026-10-16,430.0,C,20.5,22.5,21.5,54.688,0.377039,0.003895,-0.244024,0.677362,80,380.91,65,2270,31.46
AVGO,2026-07-28,2026-10-16,440.0,C,17.4,19.85,18.625,54.2638,0.341562,0.003793,-0.233406,0.654558,80,380.91,43,27100,31.46
AVGO,2026-07-28,2026-10-16,450.0,C,15.6,17.35,16.475,54.5171,0.310945,0.003634,-0.225091,0.629965,80,380.91,151,2654,31.46
AVGO,2026-07-28,2026-10-16,460.0,C,13.65,15.2,14.425,54.5354,0.281292,0.003469,-0.21456,0.601634,80,380.91,35,1233,31.46
AVGO,2026-07-28,2026-10-16,470.0,C,11.75,13.35,12.55,54.456,0.25316,0.003294,-0.202747,0.570459,80,380.91,25,4028,31.46
AVGO,2026-07-28,2026-10-16,480.0,C,10.1,11.8,10.95,54.4835,0.227636,0.003107,-0.191084,0.53836,80,380.91,54,1322,31.46
AVGO,2026-07-28,2026-10-16,490.0,C,8.7,10.05,9.375,54.1814,0.202275,0.002917,-0.177147,0.50265,80,380.91,10,2477,31.46
AVGO,2026-07-28,2026-10-16,500.0,C,7.25,8.8,8.025,53.9494,0.179261,0.00272,-0.163546,0.466727,80,380.91,44,1696,31.46
AVGO,2026-07-28,2026-10-16,520.0,C,5.35,6.95,6.15,54.334,0.143647,0.002337,-0.142133,0.40389,80,380.91,25,1186,31.46
AVGO,2026-07-28,2026-10-16,540.0,C,3.8,5.35,4.575,54.3034,0.112514,0.001973,-0.119586,0.340789,80,380.91,4,1315,31.46
AVGO,2026-07-28,2026-10-16,560.0,C,2.76,4.1,3.43,54.4377,0.088132,0.001647,-0.100092,0.285104,80,380.91,5,958,31.46
AVGO,2026-07-28,2026-10-16,580.0,C,2.24,3.2,2.72,55.2312,0.071468,0.001385,-0.086494,0.243288,80,380.91,2,437,31.46
AVGO,2026-07-28,2026-10-16,600.0,C,1.44,2.48,1.96,54.9321,0.054121,0.001121,-0.069158,0.195864,80,380.91,5,993,31.46
AVGO,2026-07-28,2026-10-16,620.0,C,1.03,2.08,1.555,55.6279,0.043751,0.000934,-0.059,0.165241,80,380.91,40,658,31.46
AVGO,2026-07-28,2026-10-16,630.0,C,0.81,1.86,1.335,55.6035,0.038276,0.000838,-0.052882,0.148258,80,380.91,1,136,31.46
AVGO,2026-07-28,2026-10-16,640.0,C,0.96,1.6,1.28,56.5922,0.03633,0.000789,-0.051539,0.142071,80,380.91,10,149,31.46
AVGO,2026-07-28,2026-10-16,650.0,C,0.86,1.34,1.1,56.5434,0.031776,0.000708,-0.0461,0.127254,80,380.91,11,584,31.46
AVGO,2026-07-28,2026-10-16,660.0,C,0.5,1.42,0.96,56.6411,0.028116,0.000638,-0.041702,0.114973,80,380.91,323,127,31.46
AVGO,2026-07-28,2026-10-16,670.0,C,0.62,1.27,0.945,57.7641,0.027271,0.00061,-0.041434,0.112084,80,380.91,1,23,31.46
AVGO,2026-07-28,2026-10-16,680.0,C,0.18,1.23,0.705,56.5434,0.021395,0.000508,-0.03307,0.091416,80,380.91,5,42,31.46
AVGO,2026-07-28,2026-10-16,690.0,C,0.15,1.14,0.645,57.0073,0.019613,0.000468,-0.030958,0.084922,80,380.91,1,182,31.46
AVGO,2026-07-28,2026-10-16,700.0,C,0.11,1.02,0.565,57.1293,0.017402,0.000422,-0.028008,0.076699,80,380.91,6,365,31.46
AVGO,2026-07-28,2026-10-16,710.0,C,0.14,0.9,0.52,57.5932,0.016013,0.00039,-0.026285,0.071431,80,380.91,2,4,31.46
AVGO,2026-07-28,2026-10-16,720.0,C,0.22,0.84,0.53,58.8139,0.015988,0.000381,-0.026792,0.071333,80,380.91,6,226,31.46
AVGO,2026-07-28,2026-10-16,730.0,C,0.15,0.8,0.475,59.0336,0.014422,0.000348,-0.024604,0.065288,80,380.91,27,328,31.46
AVGO,2026-07-28,2026-10-16,740.0,C,0.2,0.46,0.33,57.4711,0.010639,0.000274,-0.018401,0.050165,80,380.91,8,135,31.46
AVGO,2026-07-28,2026-10-16,155.0,P,0.01,0.53,0.27,80.5178,-0.004721,9.6e-05,-0.01212,0.024501,80,380.91,6,89,31.46
AVGO,2026-07-28,2026-10-16,160.0,P,0.0,0.6,0.3,78.9065,-0.005309,0.000108,-0.013178,0.027198,80,380.91,8,421,31.46
AVGO,2026-07-28,2026-10-16,165.0,P,0.0,0.51,0.255,74.7561,-0.004813,0.000105,-0.011433,0.024924,80,380.91,2,169,31.46
AVGO,2026-07-28,2026-10-16,170.0,P,0.0,0.56,0.28,73.1448,-0.005367,0.000118,-0.012319,0.027464,80,380.91,2,183,31.46
AVGO,2026-07-28,2026-10-16,175.0,P,0.0,0.6,0.3,71.2893,-0.005835,0.00013,-0.012923,0.02958,80,380.91,2,175,31.46
AVGO,2026-07-28,2026-10-16,180.0,P,0.1,0.73,0.415,71.9729,-0.007812,0.000167,-0.016874,0.038278,80,380.91,2,349,31.46
AVGO,2026-07-28,2026-10-16,185.0,P,0.05,0.8,0.425,69.7757,-0.008211,0.00018,-0.01708,0.039992,80,380.91,1,202,31.46
AVGO,2026-07-28,2026-10-16,190.0,P,0.22,0.76,0.49,68.7991,-0.009486,0.000207,-0.0191,0.045389,80,380.91,1,2442,31.46
AVGO,2026-07-28,2026-10-16,195.0,P,0.4,0.9,0.65,69.2874,-0.01217,0.000256,-0.023878,0.05638,80,380.91,2,79,31.46
AVGO,2026-07-28,2026-10-16,200.0,P,0.27,0.93,0.6,66.1136,-0.011823,0.000262,-0.022202,0.054987,80,380.91,3,428,31.46
AVGO,2026-07-28,2026-10-16,210.0,P,0.41,1.28,0.845,65.015,-0.016357,0.000352,-0.028839,0.072744,80,380.91,1,272,31.46
AVGO,2026-07-28,2026-10-16,220.0,P,0.7,1.24,0.97,61.9144,-0.01936,0.000427,-0.031653,0.083992,80,380.91,1,1480,31.46
AVGO,2026-07-28,2026-10-16,230.0,P,0.91,1.73,1.32,60.7792,-0.025937,0.000556,-0.039691,0.107487,80,380.91,2,2200,31.46
AVGO,2026-07-28,2026-10-16,240.0,P,1.29,2.46,1.875,60.3886,-0.035586,0.000727,-0.05115,0.139684,80,380.91,1,2212,31.46
AVGO,2026-07-28,2026-10-16,250.0,P,1.93,2.68,2.305,58.4111,-0.043932,0.000893,-0.058588,0.165793,80,380.91,5,2147,31.46
AVGO,2026-07-28,2026-10-16,260.0,P,2.91,3.4,3.155,58.0326,-0.058003,0.001121,-0.072459,0.206862,80,380.91,18,771,31.46
AVGO,2026-07-28,2026-10-16,270.0,P,3.8,4.5,4.15,57.3796,-0.074076,0.00137,-0.08638,0.250057,80,380.91,1,2530,31.46
AVGO,2026-07-28,2026-10-16,280.0,P,4.65,5.65,5.15,56.0246,-0.090777,0.001636,-0.098003,0.291444,80,380.91,29,2916,31.46
AVGO,2026-07-28,2026-10-16,290.0,P,6.3,6.9,6.6,55.4204,-0.112668,0.001936,-0.113112,0.341124,80,380.91,134,1209,31.46
AVGO,2026-07-28,2026-10-16,300.0,P,7.7,8.75,8.225,54.5537,-0.136782,0.002252,-0.127057,0.390676,80,380.91,700,4738,31.46
AVGO,2026-07-28,2026-10-16,310.0,P,9.75,10.95,10.35,54.157,-0.165594,0.002576,-0.1427,0.443701,80,380.91,57,2594,31.46
AVGO,2026-07-28,2026-10-16,320.0,P,11.95,13.45,12.7,53.5039,-0.196619,0.002904,-0.15631,0.494142,80,380.91,54,5361,31.46
AVGO,2026-07-28,2026-10-16,330.0,P,14.95,16.0,15.475,52.9729,-0.230945,0.003222,-0.16914,0.542733,80,380.91,142,4223,31.46
AVGO,2026-07-28,2026-10-16,340.0,P,18.35,19.7,19.025,53.0858,-0.269415,0.003489,-0.183014,0.588995,80,380.91,188,4237,31.46
AVGO,2026-07-28,2026-10-16,350.0,P,22.0,23.5,22.75,52.7623,-0.30872,0.003743,-0.192775,0.627996,80,380.91,87,3016,31.46
AVGO,2026-07-28,2026-10-16,360.0,P,25.5,27.2,26.35,51.6225,-0.348804,0.004019,-0.196604,0.659702,80,380.91,79,2265,31.46
AVGO,2026-07-28,2026-10-16,370.0,P,30.0,31.9,30.95,51.3585,-0.391521,0.004194,-0.201492,0.684962,80,380.91,97,1941,31.46
AVGO,2026-07-28,2026-10-16,380.0,P,34.85,37.0,35.925,51.0076,-0.434894,0.004327,-0.203204,0.701933,80,380.91,89,3919,31.46
AVGO,2026-07-28,2026-10-16,390.0,P,40.2,42.95,41.575,51.0045,-0.478013,0.004379,-0.203618,0.710347,80,380.91,18,1901,31.46
AVGO,2026-07-28,2026-10-16,400.0,P,46.1,48.75,47.425,50.6993,-0.520985,0.004406,-0.200023,0.710444,80,380.91,26,1896,31.46
AVGO,2026-07-28,2026-10-16,410.0,P,52.1,55.3,53.7,50.4277,-0.563078,0.004381,-0.194039,0.702517,80,380.91,12,1162,31.46
AVGO,2026-07-28,2026-10-16,420.0,P,58.35,61.85,60.1,52.332,-0.595844,0.004151,-0.196459,0.690797,80,380.91,7,577,31.46
AVGO,2026-07-28,2026-10-16,430.0,P,65.35,69.15,67.25,52.5609,-0.631603,0.004023,-0.189252,0.672359,80,380.91,2,227,31.46
AVGO,2026-07-28,2026-10-16,440.0,P,72.65,76.6,74.625,52.5578,-0.666245,0.003881,-0.179366,0.648726,80,380.91,5,389,31.46
AVGO,2026-07-28,2026-10-16,450.0,P,80.3,83.85,82.075,51.7613,-0.70287,0.00375,-0.163812,0.61733,80,380.91,11,479,31.46
AVGO,2026-07-28,2026-10-16,460.0,P,88.25,91.95,90.1,51.8926,-0.73276,0.003555,-0.152359,0.586598,80,380.91,11,128,31.46
AVGO,2026-07-28,2026-10-16,470.0,P,96.45,100.2,98.325,51.8773,-0.761144,0.003352,-0.139439,0.552931,80,380.91,1,49,31.46
AVGO,2026-07-28,2026-10-16,480.0,P,104.8,108.5,106.65,51.5386,-0.789157,0.003143,-0.12416,0.515156,80,380.91,4,88,31.46
AVGO,2026-07-28,2026-10-16,490.0,P,113.4,117.3,115.35,51.798,-0.811461,0.002924,-0.112373,0.481628,80,380.91,20,38,31.46
AVGO,2026-07-28,2026-10-16,500.0,P,122.2,126.15,124.175,51.8193,-0.833004,0.002707,-0.099195,0.446124,80,380.91,3,21,31.46
AVGO,2026-07-28,2026-10-16,520.0,P,140.35,144.3,142.325,51.9109,-0.869781,0.002288,-0.073958,0.377686,80,380.91,15,25,31.46
AVGO,2026-07-28,2026-10-16,540.0,P,159.05,162.85,160.95,51.7888,-0.900471,0.001894,-0.04928,0.311887,80,380.91,1,3,31.46
AVGO,2026-07-28,2026-10-16,580.0,P,197.7,201.15,199.425,52.3015,-0.94075,0.001265,-0.011603,0.210347,80,380.91,1,9,31.46
AVGO,2026-07-28,2026-10-16,600.0,P,217.4,221.25,219.325,56.0185,-0.941788,0.001164,-0.013382,0.20745,80,380.91,1,1,31.46
AVGO,2026-07-28,2026-10-16,630.0,P,247.35,250.75,249.05,57.8007,-0.954833,0.000922,0.001527,0.169537,80,380.91,0,0,31.46
AVGO,2026-07-28,2026-10-16,640.0,P,259.5,262.2,260.85,59.8149,-0.953868,0.000907,-0.000699,0.172442,80,380.91,2,2,31.46
AVGO,2026-07-28,2026-10-16,650.0,P,253.9,257.8,255.85,0.001,-1.0,0.0,0.066409,0.0,80,380.91,5,0,31.46
AVGO,2026-07-28,2026-10-16,660.0,P,263.95,267.8,265.875,0.001,-1.0,0.0,0.067431,0.0,80,380.91,25,0,31.46
AVGO,2026-07-28,2026-10-16,690.0,P,293.7,297.55,295.625,0.001,-1.0,0.0,0.070496,0.0,80,380.91,2,0,31.46
AVGO,2026-07-28,2026-10-16,730.0,P,347.35,351.1,349.225,51.7583,-0.994285,0.000176,0.064981,0.029038,80,380.91,0,0,31.46
