symbol,quote_date,expiration,strike,option_type,bid,ask,mid,implied_volatility,delta,gamma,theta,vega,dte,underlying_price,volume,open_interest,iv_rank
AVGO,2026-10-01,2026-10-09,210.0,C,139.65,143.6,141.625,156.3479,0.990387,0.000317,-0.153584,0.013388,8,351.19,2,2,32.34
AVGO,2026-10-01,2026-10-09,240.0,C,109.6,113.7,111.65,120.8988,0.986836,0.000538,-0.158877,0.017594,8,351.19,0,1,32.34
AVGO,2026-10-01,2026-10-09,270.0,C,80.2,83.35,81.775,91.504,0.978046,0.001101,-0.184676,0.02724,8,351.19,2,2,32.34
AVGO,2026-10-01,2026-10-09,275.0,C,75.2,78.35,76.775,86.0841,0.976681,0.001232,-0.183591,0.028661,8,351.19,2,11,32.34
AVGO,2026-10-01,2026-10-09,280.0,C,70.25,73.4,71.825,81.9338,0.973536,0.001439,-0.19301,0.031869,8,351.19,0,0,32.34
AVGO,2026-10-01,2026-10-09,285.0,C,65.3,68.4,66.85,77.1487,0.97084,0.001657,-0.19686,0.034552,8,351.19,2,3,32.34
AVGO,2026-10-01,2026-10-09,290.0,C,60.25,63.4,61.825,71.2405,0.969693,0.001853,-0.189618,0.035677,8,351.19,1,23,32.34
AVGO,2026-10-01,2026-10-09,295.0,C,55.3,58.45,56.875,66.9681,0.965396,0.002199,-0.197735,0.039801,8,351.19,1,21,32.34
AVGO,2026-10-01,2026-10-09,300.0,C,50.4,53.5,51.95,63.0131,0.959499,0.002657,-0.209707,0.045259,8,351.19,7,39,32.34
AVGO,2026-10-01,2026-10-09,305.0,C,45.35,48.35,46.85,55.9331,0.960371,0.002941,-0.187499,0.044465,8,351.19,16,14,32.34
AVGO,2026-10-01,2026-10-09,310.0,C,40.45,43.6,42.025,53.4184,0.94826,0.003816,-0.216094,0.055104,8,351.19,11,15,32.34
AVGO,2026-10-01,2026-10-09,315.0,C,35.55,38.75,37.15,65.5765,0.880573,0.005847,-0.454724,0.103656,8,351.19,10,34,32.34
AVGO,2026-10-01,2026-10-09,320.0,C,30.7,33.95,32.325,60.4984,0.862816,0.006979,-0.461281,0.114132,8,351.19,1,28,32.34
AVGO,2026-10-01,2026-10-09,325.0,C,26.1,29.3,27.7,56.165,0.837509,0.008417,-0.47783,0.127785,8,351.19,15,25,32.34
AVGO,2026-10-01,2026-10-09,330.0,C,22.35,24.1,23.225,47.7544,0.823328,0.010445,-0.431714,0.134833,8,351.19,1,456,32.34
AVGO,2026-10-01,2026-10-09,332.5,C,20.1,22.3,21.2,48.5357,0.790828,0.011394,-0.481718,0.149495,8,351.19,5,1,32.34
AVGO,2026-10-01,2026-10-09,335.0,C,18.05,20.3,19.175,47.6202,0.763386,0.012459,-0.504713,0.160378,8,351.19,25,51,32.34
AVGO,2026-10-01,2026-10-09,337.5,C,15.7,18.05,16.875,45.0201,0.739936,0.013859,-0.501314,0.168667,8,351.19,5,27,32.34
AVGO,2026-10-01,2026-10-09,340.0,C,14.35,16.2,15.275,44.2755,0.705492,0.014977,-0.521633,0.179254,8,351.19,29,430,32.34
AVGO,2026-10-01,2026-10-09,342.5,C,13.0,14.7,13.85,44.8614,0.664131,0.015635,-0.555795,0.189608,8,351.19,46,44,32.34
AVGO,2026-10-01,2026-10-09,345.0,C,11.2,12.75,11.975,42.7923,0.627908,0.017001,-0.548962,0.196666,8,351.19,186,255,32.34
AVGO,2026-10-01,2026-10-09,347.5,C,9.5,11.45,10.475,43.3721,0.583307,0.017304,-0.571356,0.202881,8,351.19,144,164,32.34
AVGO,2026-10-01,2026-10-09,350.0,C,8.35,9.25,8.8,39.3561,0.540839,0.019394,-0.527514,0.206332,8,351.19,333,2885,32.34
AVGO,2026-10-01,2026-10-09,352.5,C,7.4,7.8,7.6,38.2941,0.491325,0.020032,-0.514545,0.207371,8,351.19,243,384,32.34
AVGO,2026-10-01,2026-10-09,355.0,C,6.3,6.7,6.5,38.2941,0.441801,0.019824,-0.507572,0.205209,8,351.19,613,2968,32.34
AVGO,2026-10-01,2026-10-09,357.5,C,4.45,5.75,5.1,38.465,0.394068,0.019241,-0.49565,0.200064,8,351.19,228,540,32.34
AVGO,2026-10-01,2026-10-09,360.0,C,4.5,4.85,4.675,38.3551,0.347386,0.018523,-0.473356,0.192051,8,351.19,857,1345,32.34
AVGO,2026-10-01,2026-10-09,362.5,C,3.7,4.1,3.9,38.465,0.304105,0.017492,-0.448628,0.181881,8,351.19,144,1702,32.34
AVGO,2026-10-01,2026-10-09,365.0,C,3.1,3.4,3.25,38.3368,0.262509,0.016354,-0.41592,0.16948,8,351.19,1245,2498,32.34
AVGO,2026-10-01,2026-10-09,367.5,C,2.5,2.82,2.66,38.3551,0.224972,0.015038,-0.382218,0.155921,8,351.19,162,378,32.34
AVGO,2026-10-01,2026-10-09,370.0,C,1.98,2.39,2.185,38.819,0.193858,0.013612,-0.353831,0.142836,8,351.19,822,1577,32.34
AVGO,2026-10-01,2026-10-09,372.5,C,1.58,1.94,1.76,38.6969,0.162504,0.012216,-0.315187,0.127792,8,351.19,852,867,32.34
AVGO,2026-10-01,2026-10-09,375.0,C,1.36,1.81,1.585,40.5035,0.147031,0.010925,-0.308332,0.119615,8,351.19,415,2744,32.34
AVGO,2026-10-01,2026-10-09,377.5,C,1.24,1.5,1.37,40.6744,0.124059,0.009683,-0.275319,0.106464,8,351.19,186,2092,32.34
AVGO,2026-10-01,2026-10-09,380.0,C,0.84,1.11,0.975,39.6368,0.096936,0.008324,-0.224609,0.089191,8,351.19,428,2390,32.34
AVGO,2026-10-01,2026-10-09,382.5,C,0.57,1.15,0.86,42.3834,0.094156,0.00762,-0.234803,0.087301,8,351.19,30,347,32.34
AVGO,2026-10-01,2026-10-09,385.0,C,0.65,0.81,0.73,40.9186,0.070452,0.006343,-0.182077,0.070156,8,351.19,119,779,32.34
AVGO,2026-10-01,2026-10-09,390.0,C,0.5,0.6,0.55,42.2857,0.051662,0.004815,-0.147407,0.055037,8,351.19,98,1030,32.34
AVGO,2026-10-01,2026-10-09,395.0,C,0.27,0.42,0.345,43.067,0.036084,0.003538,-0.112241,0.041192,8,351.19,74,448,32.34
AVGO,2026-10-01,2026-10-09,400.0,C,0.2,0.36,0.28,45.4595,0.029589,0.002846,-0.100486,0.034974,8,351.19,312,1757,32.34
AVGO,2026-10-01,2026-10-09,405.0,C,0.04,0.41,0.225,50.0982,0.030527,0.00265,-0.113529,0.035891,8,351.19,23,471,32.34
AVGO,2026-10-01,2026-10-09,410.0,C,0.06,0.26,0.16,49.6099,0.019731,0.001856,-0.077908,0.024886,8,351.19,70,800,32.34
AVGO,2026-10-01,2026-10-09,415.0,C,0.15,0.39,0.27,53.1255,0.019126,0.001688,-0.081194,0.024237,8,351.19,17,315,32.34
AVGO,2026-10-01,2026-10-09,420.0,C,0.11,0.3,0.205,54.0044,0.014374,0.0013,-0.064608,0.018981,8,351.19,27,297,32.34
AVGO,2026-10-01,2026-10-09,425.0,C,0.1,0.17,0.135,53.8091,0.009547,0.000915,-0.045112,0.013307,8,351.19,6,226,32.34
AVGO,2026-10-01,2026-10-09,430.0,C,0.05,0.15,0.1,54.4926,0.00698,0.000686,-0.034684,0.010107,8,351.19,47,300,32.34
AVGO,2026-10-01,2026-10-09,435.0,C,0.04,0.13,0.085,56.0551,0.005756,0.000562,-0.030067,0.00852,8,351.19,4,200,32.34
AVGO,2026-10-01,2026-10-09,440.0,C,0.05,0.38,0.215,66.1136,0.012372,0.000933,-0.069367,0.016675,8,351.19,80,446,32.34
AVGO,2026-10-01,2026-10-09,445.0,C,0.04,0.12,0.08,60.7426,0.004971,0.000455,-0.02858,0.007479,8,351.19,6,51,32.34
AVGO,2026-10-01,2026-10-09,450.0,C,0.05,0.16,0.105,65.2347,0.006043,0.000504,-0.0365,0.008897,8,351.19,6,300,32.34
AVGO,2026-10-01,2026-10-09,455.0,C,0.01,0.08,0.045,61.7191,0.002728,0.000262,-0.016943,0.004366,8,351.19,18,56,32.34
AVGO,2026-10-01,2026-10-09,460.0,C,0.0,0.37,0.185,75.3909,0.009275,0.000637,-0.061486,0.012976,8,351.19,22,259,32.34
AVGO,2026-10-01,2026-10-09,465.0,C,0.0,0.1,0.05,66.9925,0.002787,0.000246,-0.018744,0.004452,8,351.19,7,204,32.34
AVGO,2026-10-01,2026-10-09,470.0,C,0.0,0.09,0.045,68.555,0.002464,0.000215,-0.017155,0.003982,8,351.19,3,184,32.34
AVGO,2026-10-01,2026-10-09,475.0,C,0.0,0.05,0.025,66.7972,0.001371,0.000129,-0.009806,0.002336,8,351.19,2,76,32.34
AVGO,2026-10-01,2026-10-09,480.0,C,0.0,0.09,0.045,72.8518,0.002292,0.000189,-0.017069,0.00373,8,351.19,7,107,32.34
AVGO,2026-10-01,2026-10-09,485.0,C,0.0,0.05,0.025,71.094,0.001323,0.000118,-0.010102,0.002262,8,351.19,14,28,32.34
AVGO,2026-10-01,2026-10-09,490.0,C,0.0,0.05,0.025,73.0471,0.001273,0.000111,-0.010022,0.002185,8,351.19,1,41,32.34
AVGO,2026-10-01,2026-10-09,495.0,C,0.01,0.05,0.03,76.1721,0.001444,0.000119,-0.011721,0.002451,8,351.19,13,14,32.34
AVGO,2026-10-01,2026-10-09,500.0,C,0.0,0.05,0.025,76.9534,0.001198,9.9e-05,-0.00998,0.002066,8,351.19,22,354,32.34
AVGO,2026-10-01,2026-10-09,505.0,C,0.0,1.71,0.855,120.9965,0.026603,0.000979,-0.243031,0.03201,8,351.19,4,18,32.34
AVGO,2026-10-01,2026-10-09,510.0,C,0.0,1.15,0.575,116.0649,0.018755,0.00076,-0.173588,0.023836,8,351.19,2,34,32.34
AVGO,2026-10-01,2026-10-09,515.0,C,0.0,0.16,0.08,92.3829,0.003222,0.000203,-0.029408,0.005072,8,351.19,1,117,32.34
AVGO,2026-10-01,2026-10-09,520.0,C,0.0,1.77,0.885,129.4925,0.025772,0.00089,-0.253211,0.031172,8,351.19,4,48,32.34
AVGO,2026-10-01,2026-10-09,525.0,C,0.0,1.79,0.895,132.2757,0.025544,0.000865,-0.256711,0.03094,8,351.19,1,31,32.34
AVGO,2026-10-01,2026-10-09,530.0,C,0.0,1.8,0.9,134.9124,0.02522,0.000839,-0.259025,0.030611,8,351.19,6,65,32.34
AVGO,2026-10-01,2026-10-09,535.0,C,0.0,1.81,0.905,137.5003,0.024898,0.000815,-0.261138,0.030283,8,351.19,1,46,32.34
AVGO,2026-10-01,2026-10-09,540.0,C,0.0,0.05,0.025,91.4063,0.000951,6.8e-05,-0.009585,0.001672,8,351.19,2,34,32.34
AVGO,2026-10-01,2026-10-09,545.0,C,0.0,0.01,0.005,81.2502,0.000168,1.5e-05,-0.001706,0.000335,8,351.19,20,368,32.34
AVGO,2026-10-01,2026-10-09,550.0,C,0.0,0.17,0.085,106.8364,0.002966,0.000163,-0.031549,0.004708,8,351.19,1,70,32.34
AVGO,2026-10-01,2026-10-09,210.0,P,0.0,1.9,0.95,177.2462,-0.018121,0.000483,-0.255657,0.023148,8,351.19,2,134,32.34
AVGO,2026-10-01,2026-10-09,215.0,P,0.0,1.89,0.945,170.0197,-0.018818,0.00052,-0.253206,0.023904,8,351.19,8,6,32.34
AVGO,2026-10-01,2026-10-09,220.0,P,0.0,0.04,0.02,100.7817,-0.000652,4.3e-05,-0.007411,0.001181,8,351.19,67,86,32.34
AVGO,2026-10-01,2026-10-09,225.0,P,0.0,1.85,0.925,155.7131,-0.020161,0.000602,-0.245813,0.025346,8,351.19,3,60,32.34
AVGO,2026-10-01,2026-10-09,230.0,P,0.01,0.02,0.015,89.8439,-0.000567,4.3e-05,-0.005802,0.001037,8,351.19,44,3016,32.34
AVGO,2026-10-01,2026-10-09,235.0,P,0.0,0.09,0.045,94.5313,-0.001605,0.000106,-0.015878,0.002698,8,351.19,11,33,32.34
AVGO,2026-10-01,2026-10-09,240.0,P,0.0,1.15,0.575,125.2933,-0.015785,0.000607,-0.160433,0.020571,8,351.19,1,15,32.34
AVGO,2026-10-01,2026-10-09,245.0,P,0.0,0.22,0.11,94.5313,-0.004035,0.000243,-0.036514,0.006208,8,351.19,1,43,32.34
AVGO,2026-10-01,2026-10-09,250.0,P,0.0,1.15,0.575,113.6235,-0.017439,0.000729,-0.158369,0.022402,8,351.19,1,39,32.34
AVGO,2026-10-01,2026-10-09,255.0,P,0.0,1.05,0.525,106.2505,-0.017045,0.000765,-0.145194,0.02197,8,351.19,13,42,32.34
AVGO,2026-10-01,2026-10-09,260.0,P,0.0,0.95,0.475,99.0234,-0.016582,0.000802,-0.132122,0.021458,8,351.19,254,495,32.34
AVGO,2026-10-01,2026-10-09,265.0,P,0.0,0.13,0.065,71.2893,-0.003174,0.00026,-0.02217,0.005004,8,351.19,1,55,32.34
AVGO,2026-10-01,2026-10-09,270.0,P,0.0,1.15,0.575,91.211,-0.02164,0.001091,-0.152526,0.026911,8,351.19,12,41,32.34
AVGO,2026-10-01,2026-10-09,275.0,P,0.0,0.1,0.05,60.9379,-0.00284,0.000275,-0.017132,0.004528,8,351.19,12,51,32.34
AVGO,2026-10-01,2026-10-09,280.0,P,0.0,0.05,0.025,52.7348,-0.001579,0.000186,-0.008698,0.002658,8,351.19,2,154,32.34
AVGO,2026-10-01,2026-10-09,285.0,P,0.0,0.11,0.055,53.5161,-0.003609,0.000388,-0.018642,0.005616,8,351.19,4,71,32.34
AVGO,2026-10-01,2026-10-09,290.0,P,0.04,0.11,0.075,51.3677,-0.005128,0.000554,-0.024482,0.007689,8,351.19,22,112,32.34
AVGO,2026-10-01,2026-10-09,295.0,P,0.02,0.08,0.05,47.6568,-0.005885,0.000675,-0.025649,0.00869,8,351.19,25,210,32.34
AVGO,2026-10-01,2026-10-09,300.0,P,0.05,0.11,0.08,45.4107,-0.008421,0.000971,-0.0335,0.011921,8,351.19,41,361,32.34
AVGO,2026-10-01,2026-10-09,305.0,P,0.11,0.16,0.135,43.5553,-0.01278,0.001457,-0.046178,0.01715,8,351.19,220,205,32.34
AVGO,2026-10-01,2026-10-09,310.0,P,0.18,0.24,0.21,41.8463,-0.019749,0.002202,-0.064353,0.024905,8,351.19,233,384,32.34
AVGO,2026-10-01,2026-10-09,315.0,P,0.28,0.38,0.33,40.5768,-0.031789,0.003384,-0.09286,0.037114,8,351.19,283,1123,32.34
AVGO,2026-10-01,2026-10-09,320.0,P,0.49,0.55,0.52,38.5992,-0.047303,0.004916,-0.121875,0.051298,8,351.19,184,2921,32.34
AVGO,2026-10-01,2026-10-09,325.0,P,0.75,0.87,0.81,37.4518,-0.074729,0.00725,-0.168828,0.073395,8,351.19,944,1539,32.34
AVGO,2026-10-01,2026-10-09,330.0,P,1.22,1.4,1.31,36.695,-0.117218,0.010313,-0.229942,0.102297,8,351.19,703,1019,32.34
AVGO,2026-10-01,2026-10-09,332.5,P,1.49,1.88,1.685,37.2443,-0.15024,0.012054,-0.276489,0.121355,8,351.19,177,170,32.34
AVGO,2026-10-01,2026-10-09,335.0,P,1.97,2.39,2.18,37.3053,-0.184547,0.013741,-0.315715,0.138572,8,351.19,425,2616,32.34
AVGO,2026-10-01,2026-10-09,337.5,P,2.54,2.99,2.765,37.3297,-0.222706,0.015363,-0.352776,0.155026,8,351.19,889,245,32.34
AVGO,2026-10-01,2026-10-09,340.0,P,3.15,3.5,3.325,36.3166,-0.259273,0.017154,-0.371847,0.168402,8,351.19,673,1213,32.34
AVGO,2026-10-01,2026-10-09,342.5,P,3.9,4.8,4.35,38.8678,-0.315773,0.017597,-0.436428,0.18489,8,351.19,217,838,32.34
AVGO,2026-10-01,2026-10-09,345.0,P,4.75,5.15,4.95,36.0541,-0.353312,0.019827,-0.421225,0.193235,8,351.19,358,767,32.34
AVGO,2026-10-01,2026-10-09,347.5,P,5.75,6.35,6.05,36.8415,-0.40628,0.02025,-0.447973,0.20167,8,351.19,203,288,32.34
AVGO,2026-10-01,2026-10-09,350.0,P,6.75,8.05,7.4,39.3072,-0.459139,0.019418,-0.488273,0.206331,8,351.19,362,769,32.34
AVGO,2026-10-01,2026-10-09,352.5,P,7.7,9.0,8.35,37.7936,-0.509087,0.020297,-0.469157,0.207366,8,351.19,2819,346,32.34
AVGO,2026-10-01,2026-10-09,355.0,P,9.3,11.05,10.175,40.7721,-0.553278,0.018651,-0.501241,0.205568,8,351.19,643,830,32.34
AVGO,2026-10-01,2026-10-09,357.5,P,10.35,12.45,11.4,40.296,-0.600203,0.018438,-0.48125,0.200842,8,351.19,815,99,32.34
AVGO,2026-10-01,2026-10-09,360.0,P,12.05,14.3,13.175,41.4679,-0.640015,0.017352,-0.477802,0.19451,8,351.19,114,483,32.34
AVGO,2026-10-01,2026-10-09,362.5,P,13.75,15.5,14.625,38.9288,-0.693516,0.017343,-0.415528,0.182511,8,351.19,43,120,32.34
AVGO,2026-10-01,2026-10-09,365.0,P,15.5,16.85,16.175,36.3471,-0.74967,0.016827,-0.34473,0.165336,8,351.19,74,207,32.34
AVGO,2026-10-01,2026-10-09,367.5,P,17.5,19.55,18.525,40.8087,-0.760081,0.014649,-0.380612,0.161601,8,351.19,80,112,32.34
AVGO,2026-10-01,2026-10-09,370.0,P,19.9,21.2,20.55,38.819,-0.806142,0.013612,-0.313015,0.142836,8,351.19,360,262,32.34
AVGO,2026-10-01,2026-10-09,372.5,P,20.95,23.6,22.275,41.1139,-0.821967,0.012191,-0.313744,0.135489,8,351.19,33,35,32.34
AVGO,2026-10-01,2026-10-09,375.0,P,23.15,26.45,24.8,46.314,-0.818471,0.010955,-0.362426,0.137154,8,351.19,1,91,32.34
AVGO,2026-10-01,2026-10-09,377.5,P,25.45,28.7,27.075,47.437,-0.836701,0.009997,-0.344544,0.128198,8,351.19,1,45,32.34
AVGO,2026-10-01,2026-10-09,380.0,P,27.7,30.0,28.85,40.4059,-0.898554,0.008442,-0.194761,0.092207,8,351.19,7,101,32.34
AVGO,2026-10-01,2026-10-09,382.5,P,30.1,33.25,31.675,49.3535,-0.868685,0.008302,-0.304352,0.110755,8,351.19,1,60,32.34
AVGO,2026-10-01,2026-10-09,385.0,P,33.25,35.65,34.45,51.0381,-0.878393,0.007609,-0.296962,0.104985,8,351.19,2,43,32.34
AVGO,2026-10-01,2026-10-09,390.0,P,37.3,40.5,38.9,54.5415,-0.893767,0.006467,-0.285951,0.095343,8,351.19,14,51,32.34
AVGO,2026-10-01,2026-10-09,395.0,P,42.2,45.4,43.8,58.1669,-0.905211,0.00558,-0.278905,0.087733,8,351.19,1,29,32.34
AVGO,2026-10-01,2026-10-09,400.0,P,47.15,50.3,48.725,61.5482,-0.915115,0.004858,-0.269941,0.080823,8,351.19,8,40,32.34
AVGO,2026-10-01,2026-10-09,405.0,P,52.4,55.3,53.85,65.784,-0.920141,0.004341,-0.275664,0.077192,8,351.19,1,25,32.34
AVGO,2026-10-01,2026-10-09,410.0,P,57.1,60.25,58.675,69.3362,-0.926247,0.003877,-0.272387,0.072662,8,351.19,1,24,32.34
AVGO,2026-10-01,2026-10-09,415.0,P,62.1,65.25,63.675,73.3279,-0.929956,0.003523,-0.276902,0.069843,8,351.19,1,9,32.34
AVGO,2026-10-01,2026-10-09,420.0,P,67.1,70.25,68.675,77.2219,-0.933218,0.003225,-0.281043,0.06732,8,351.19,10,0,32.34
AVGO,2026-10-01,2026-10-09,425.0,P,72.1,75.25,73.675,81.0305,-0.936099,0.00297,-0.284939,0.065056,8,351.19,72,0,32.34
AVGO,2026-10-01,2026-10-09,430.0,P,77.1,79.95,78.525,80.5666,-0.948486,0.002521,-0.230973,0.054912,8,351.19,10,0,32.34
AVGO,2026-10-01,2026-10-09,435.0,P,82.1,85.25,83.675,88.379,-0.941036,0.002557,-0.291649,0.061095,8,351.19,5,0,32.34
AVGO,2026-10-01,2026-10-09,440.0,P,87.1,90.25,88.675,91.9434,-0.943141,0.002389,-0.294736,0.059374,8,351.19,1,0,32.34
AVGO,2026-10-01,2026-10-09,445.0,P,92.1,95.25,93.675,95.4346,-0.945061,0.00224,-0.297598,0.057787,8,351.19,1,0,32.34
AVGO,2026-10-01,2026-10-09,470.0,P,117.1,120.25,118.675,111.9145,-0.952601,0.001698,-0.309267,0.051381,8,351.19,0,0,32.34
AVGO,2026-10-01,2026-10-09,530.0,P,176.75,180.5,178.625,150.7815,-0.958012,0.001143,-0.382193,0.046602,8,351.19,0,0,32.34
AVGO,2026-10-01,2026-10-16,155.0,C,194.65,198.7,196.675,181.2501,0.992115,0.000168,-0.109822,0.015407,15,351.19,1,1,32.34
AVGO,2026-10-01,2026-10-16,180.0,C,169.65,173.75,171.7,151.8557,0.990108,0.000244,-0.11455,0.018795,15,351.19,1,44,32.34
AVGO,2026-10-01,2026-10-16,190.0,C,159.75,163.7,161.725,141.7972,0.988889,0.000289,-0.118774,0.020799,15,351.19,1,6,32.34
AVGO,2026-10-01,2026-10-16,195.0,C,154.9,158.65,156.775,138.2327,0.987632,0.000326,-0.126144,0.022827,15,351.19,5,29,32.34
AVGO,2026-10-01,2026-10-16,200.0,C,149.7,153.75,151.725,131.1039,0.988011,0.000334,-0.118632,0.022219,15,351.19,1,62,32.34
AVGO,2026-10-01,2026-10-16,210.0,C,139.6,143.7,141.65,118.1645,0.988497,0.000358,-0.107089,0.021435,15,351.19,1,20,32.34
AVGO,2026-10-01,2026-10-16,220.0,C,130.35,133.45,131.9,116.4067,0.982439,0.000523,-0.143247,0.030859,15,351.19,11,61,32.34
AVGO,2026-10-01,2026-10-16,230.0,C,120.3,123.5,121.9,106.7387,0.980861,0.000614,-0.142693,0.033206,15,351.19,1,62,32.34
AVGO,2026-10-01,2026-10-16,240.0,C,110.6,113.5,112.05,100.7329,0.975834,0.000792,-0.161231,0.040441,15,351.19,13,62,32.34
AVGO,2026-10-01,2026-10-16,250.0,C,100.4,103.55,101.975,89.9415,0.97525,0.000905,-0.150226,0.04126,15,351.19,12,77,32.34
AVGO,2026-10-01,2026-10-16,260.0,C,90.45,93.55,92.0,81.5432,0.972024,0.001106,-0.151747,0.04571,15,351.19,1,117,32.34
AVGO,2026-10-01,2026-10-16,270.0,C,80.45,83.6,82.025,73.2913,0.968197,0.001369,-0.152656,0.05084,15,351.19,2,72,32.34
AVGO,2026-10-01,2026-10-16,280.0,C,70.7,73.65,72.175,66.9925,0.959783,0.001815,-0.166819,0.061621,15,351.19,1,54,32.34
AVGO,2026-10-01,2026-10-16,290.0,C,60.6,63.75,62.175,58.4233,0.954453,0.002301,-0.162812,0.068142,15,351.19,2,112,32.34
AVGO,2026-10-01,2026-10-16,295.0,C,55.65,58.05,56.85,63.1473,0.924915,0.003151,-0.241743,0.100866,15,351.19,1,1,32.34
AVGO,2026-10-01,2026-10-16,300.0,C,50.8,53.95,52.375,52.1855,0.940355,0.003191,-0.177488,0.084415,15,351.19,4,383,32.34
AVGO,2026-10-01,2026-10-16,305.0,C,45.9,48.35,47.125,56.1528,0.904945,0.00423,-0.255053,0.120382,15,351.19,2,10,32.34
AVGO,2026-10-01,2026-10-16,310.0,C,41.45,43.7,42.575,53.7968,0.88756,0.004987,-0.273428,0.135989,15,351.19,3,308,32.34
AVGO,2026-10-01,2026-10-16,320.0,C,32.35,34.3,33.325,47.3516,0.849467,0.006933,-0.291756,0.166387,15,351.19,8,230,32.34
AVGO,2026-10-01,2026-10-16,325.0,C,28.15,30.05,29.1,45.9112,0.815153,0.008162,-0.318954,0.189939,15,351.19,8,38,32.34
AVGO,2026-10-01,2026-10-16,330.0,C,23.35,25.9,24.625,44.19,0.775774,0.009514,-0.34111,0.213102,15,351.19,7,1449,32.34
AVGO,2026-10-01,2026-10-16,332.5,C,22.1,23.9,23.0,43.3599,0.753312,0.010221,-0.351234,0.224634,15,351.19,5,10,32.34
AVGO,2026-10-01,2026-10-16,335.0,C,20.2,22.2,21.2,43.5308,0.724987,0.010767,-0.37036,0.237559,15,351.19,25,21,32.34
AVGO,2026-10-01,2026-10-16,337.5,C,18.7,20.35,19.525,42.8289,0.698625,0.011426,-0.37896,0.248047,15,351.19,30,126,32.34
AVGO,2026-10-01,2026-10-16,340.0,C,16.8,17.7,17.25,38.9105,0.681164,0.01289,-0.354166,0.254207,15,351.19,232,2594,32.34
AVGO,2026-10-01,2026-10-16,342.5,C,15.35,16.75,16.05,41.1017,0.641417,0.012768,-0.387437,0.265985,15,351.19,85,192,32.34
AVGO,2026-10-01,2026-10-16,345.0,C,13.4,14.7,14.05,39.0021,0.612329,0.013794,-0.376635,0.272687,15,351.19,125,195,32.34
AVGO,2026-10-01,2026-10-16,347.5,C,12.0,13.05,12.525,38.0743,0.578047,0.014435,-0.374522,0.278569,15,351.19,174,399,32.34
AVGO,2026-10-01,2026-10-16,350.0,C,10.9,11.9,11.4,38.5809,0.541288,0.014446,-0.382985,0.282499,15,351.19,351,3552,32.34
AVGO,2026-10-01,2026-10-16,352.5,C,10.05,10.65,10.35,38.4345,0.504958,0.014579,-0.382259,0.284,15,351.19,183,329,32.34
AVGO,2026-10-01,2026-10-16,355.0,C,8.9,9.3,9.1,37.6471,0.467512,0.014835,-0.372349,0.283079,15,351.19,328,433,32.34
AVGO,2026-10-01,2026-10-16,357.5,C,7.45,8.4,7.925,38.1049,0.43232,0.014494,-0.371398,0.279925,15,351.19,100,346,32.34
AVGO,2026-10-01,2026-10-16,360.0,C,6.95,7.25,7.1,37.3908,0.394687,0.014461,-0.356103,0.274067,15,351.19,2644,7689,32.34
AVGO,2026-10-01,2026-10-16,362.5,C,6.05,6.5,6.275,37.7997,0.361774,0.013926,-0.349487,0.266798,15,351.19,246,2028,32.34
AVGO,2026-10-01,2026-10-16,365.0,C,5.35,5.75,5.55,37.934,0.329399,0.0134,-0.337928,0.257638,15,351.19,764,1813,32.34
AVGO,2026-10-01,2026-10-16,367.5,C,4.0,5.0,4.5,37.7875,0.297124,0.012868,-0.321413,0.246453,15,351.19,52,246,32.34
AVGO,2026-10-01,2026-10-16,370.0,C,4.1,4.35,4.225,37.7448,0.266977,0.012235,-0.304384,0.23407,15,351.19,813,10872,32.34
AVGO,2026-10-01,2026-10-16,372.5,C,3.5,3.8,3.65,37.8424,0.239485,0.011525,-0.287734,0.221063,15,351.19,306,196,32.34
AVGO,2026-10-01,2026-10-16,375.0,C,3.05,3.3,3.175,37.8973,0.21363,0.010789,-0.269741,0.207249,15,351.19,332,908,32.34
AVGO,2026-10-01,2026-10-16,377.5,C,2.65,2.97,2.81,38.5138,0.193506,0.010008,-0.258006,0.19537,15,351.19,53,213,32.34
AVGO,2026-10-01,2026-10-16,380.0,C,2.18,2.46,2.32,37.9889,0.167578,0.009271,-0.23228,0.178504,15,351.19,926,11685,32.34
AVGO,2026-10-01,2026-10-16,382.5,C,1.8,2.17,1.985,38.3612,0.149635,0.008523,-0.21749,0.165725,15,351.19,24,205,32.34
AVGO,2026-10-01,2026-10-16,385.0,C,1.55,2.09,1.82,39.8077,0.140488,0.007872,-0.215994,0.158836,15,351.19,239,750,32.34
AVGO,2026-10-01,2026-10-16,390.0,C,1.33,1.5,1.415,39.5514,0.106277,0.006514,-0.176138,0.130592,15,351.19,546,5413,32.34
AVGO,2026-10-01,2026-10-16,395.0,C,1.03,1.15,1.09,40.1373,0.083216,0.00536,-0.148988,0.109034,15,351.19,187,765,32.34
AVGO,2026-10-01,2026-10-16,400.0,C,0.85,0.89,0.87,40.8209,0.065367,0.004382,-0.125813,0.090664,15,351.19,1105,17949,32.34
AVGO,2026-10-01,2026-10-16,405.0,C,0.62,0.91,0.765,43.9703,0.062247,0.003916,-0.130248,0.08728,15,351.19,106,286,32.34
AVGO,2026-10-01,2026-10-16,410.0,C,0.53,0.62,0.575,43.3355,0.044598,0.00305,-0.098447,0.066997,15,351.19,502,19664,32.34
AVGO,2026-10-01,2026-10-16,415.0,C,0.24,0.49,0.365,44.0435,0.035407,0.002488,-0.082859,0.055536,15,351.19,21,130,32.34
AVGO,2026-10-01,2026-10-16,420.0,C,0.35,0.4,0.375,44.9713,0.028789,0.002054,-0.071252,0.046812,15,351.19,315,4185,32.34
AVGO,2026-10-01,2026-10-16,425.0,C,0.29,0.34,0.315,46.1675,0.024205,0.001731,-0.063227,0.040496,15,351.19,26,276,32.34
AVGO,2026-10-01,2026-10-16,430.0,C,0.24,0.3,0.27,47.5591,0.020949,0.001487,-0.05762,0.035852,15,351.19,52,5791,32.34
AVGO,2026-10-01,2026-10-16,440.0,C,0.17,0.24,0.205,50.3423,0.016104,0.001123,-0.048688,0.028655,15,351.19,192,33968,32.34
AVGO,2026-10-01,2026-10-16,450.0,C,0.13,0.18,0.155,51.3677,0.010366,0.000752,-0.033913,0.019579,15,351.19,845,10072,32.34
AVGO,2026-10-01,2026-10-16,460.0,C,0.05,0.15,0.1,52.4419,0.006755,0.000506,-0.023753,0.013444,15,351.19,46,2591,32.34
AVGO,2026-10-01,2026-10-16,470.0,C,0.05,0.24,0.145,58.5942,0.008658,0.000563,-0.032993,0.016727,15,351.19,14,4537,32.34
AVGO,2026-10-01,2026-10-16,480.0,C,0.07,0.18,0.125,61.1332,0.007224,0.00046,-0.029337,0.014265,15,351.19,26,2236,32.34
AVGO,2026-10-01,2026-10-16,490.0,C,0.01,0.05,0.03,55.4692,0.001919,0.000155,-0.008112,0.004348,15,351.19,2,2917,32.34
AVGO,2026-10-01,2026-10-16,500.0,C,0.03,0.17,0.1,66.2113,0.005347,0.000326,-0.024316,0.010927,15,351.19,112,6118,32.34
AVGO,2026-10-01,2026-10-16,510.0,C,0.01,0.12,0.065,66.4066,0.003554,0.000225,-0.016923,0.007586,15,351.19,6,948,32.34
AVGO,2026-10-01,2026-10-16,520.0,C,0.04,0.05,0.045,66.7972,0.002411,0.000158,-0.011997,0.005348,15,351.19,2,1383,32.34
AVGO,2026-10-01,2026-10-16,530.0,C,0.01,0.1,0.055,71.094,0.002786,0.000169,-0.014542,0.006093,15,351.19,2,118,32.34
AVGO,2026-10-01,2026-10-16,540.0,C,0.01,0.13,0.07,75.7815,0.003334,0.000186,-0.018216,0.007163,15,351.19,223,2131,32.34
AVGO,2026-10-01,2026-10-16,550.0,C,0.0,0.38,0.19,87.5978,0.007591,0.000336,-0.043786,0.0149,15,351.19,3,276,32.34
AVGO,2026-10-01,2026-10-16,560.0,C,0.01,0.07,0.04,76.9534,0.001851,0.000108,-0.010862,0.004208,15,351.19,69,2373,32.34
AVGO,2026-10-01,2026-10-16,580.0,C,0.0,1.26,0.63,112.5004,0.018829,0.000574,-0.123483,0.032749,15,351.19,3,668,32.34
AVGO,2026-10-01,2026-10-16,600.0,C,0.01,0.02,0.015,80.4689,0.000707,4.3e-05,-0.004703,0.001743,15,351.19,1,2553,32.34
AVGO,2026-10-01,2026-10-16,620.0,C,0.0,0.02,0.01,82.0314,0.000442,2.7e-05,-0.003105,0.001129,15,351.19,2,1304,32.34
AVGO,2026-10-01,2026-10-16,630.0,C,0.0,0.05,0.025,90.6251,0.001035,5.4e-05,-0.00751,0.002473,15,351.19,2,313,32.34
AVGO,2026-10-01,2026-10-16,640.0,C,0.0,0.95,0.475,125.4887,0.013027,0.000375,-0.100331,0.023875,15,351.19,1,218,32.34
AVGO,2026-10-01,2026-10-16,650.0,C,0.0,0.1,0.05,100.5864,0.001812,8.1e-05,-0.013904,0.004127,15,351.19,4,739,32.34
AVGO,2026-10-01,2026-10-16,660.0,C,0.0,0.95,0.475,130.8597,0.012565,0.000349,-0.101385,0.023141,15,351.19,3,577,32.34
AVGO,2026-10-01,2026-10-16,670.0,C,0.0,1.11,0.555,136.182,0.014054,0.000369,-0.116212,0.025491,15,351.19,6,87,32.34
AVGO,2026-10-01,2026-10-16,680.0,C,0.0,0.87,0.435,134.473,0.011259,0.000309,-0.094707,0.021039,15,351.19,1,656,32.34
AVGO,2026-10-01,2026-10-16,690.0,C,0.0,1.86,0.93,151.6848,0.020815,0.000464,-0.181017,0.035658,15,351.19,14,268,32.34
AVGO,2026-10-01,2026-10-16,700.0,C,0.0,0.02,0.01,98.4375,0.000406,2.1e-05,-0.003441,0.001044,15,351.19,20,1071,32.34
AVGO,2026-10-01,2026-10-16,710.0,C,0.0,0.03,0.015,103.1255,0.000567,2.7e-05,-0.00491,0.001422,15,351.19,8,438,32.34
AVGO,2026-10-01,2026-10-16,720.0,C,0.0,0.03,0.015,104.688,0.00054,2.6e-05,-0.004759,0.001358,15,351.19,1,427,32.34
AVGO,2026-10-01,2026-10-16,730.0,C,0.0,0.95,0.475,148.0471,0.011231,0.00028,-0.103994,0.020993,15,351.19,44,806,32.34
AVGO,2026-10-01,2026-10-16,740.0,C,0.0,0.01,0.005,100.0005,0.000181,1e-05,-0.001641,0.00049,15,351.19,103,517,32.34
AVGO,2026-10-01,2026-10-16,155.0,P,0.0,0.01,0.005,115.6254,-0.000151,7e-06,-0.001592,0.000415,15,351.19,1,665,32.34
AVGO,2026-10-01,2026-10-16,160.0,P,0.0,0.01,0.005,109.3755,-0.000124,6e-06,-0.001254,0.000345,15,351.19,1,462,32.34
AVGO,2026-10-01,2026-10-16,165.0,P,0.0,0.01,0.005,106.2505,-0.000146,7e-06,-0.001417,0.000402,15,351.19,107,397,32.34
AVGO,2026-10-01,2026-10-16,170.0,P,0.0,0.03,0.015,111.7192,-0.000444,2e-05,-0.004199,0.001132,15,351.19,2,964,32.34
AVGO,2026-10-01,2026-10-16,175.0,P,0.0,2.13,1.065,177.2462,-0.016886,0.000332,-0.175565,0.029842,15,351.19,14,165,32.34
AVGO,2026-10-01,2026-10-16,180.0,P,0.0,0.3,0.15,129.4925,-0.003641,0.000118,-0.033311,0.007753,15,351.19,10,333,32.34
AVGO,2026-10-01,2026-10-16,185.0,P,0.0,2.13,1.065,164.5998,-0.018187,0.000381,-0.173645,0.031795,15,351.19,10,326,32.34
AVGO,2026-10-01,2026-10-16,190.0,P,0.01,0.05,0.03,101.563,-0.000985,4.6e-05,-0.007965,0.002365,15,351.19,7,2529,32.34
AVGO,2026-10-01,2026-10-16,195.0,P,0.0,1.03,0.515,135.6449,-0.011214,0.000305,-0.09432,0.020966,15,351.19,4,241,32.34
AVGO,2026-10-01,2026-10-16,200.0,P,0.0,0.03,0.015,87.5001,-0.000534,3e-05,-0.003899,0.001344,15,351.19,6,1096,32.34
AVGO,2026-10-01,2026-10-16,210.0,P,0.0,0.12,0.06,91.797,-0.002084,0.000101,-0.01425,0.004685,15,351.19,3,1295,32.34
AVGO,2026-10-01,2026-10-16,220.0,P,0.0,0.06,0.03,78.5158,-0.001229,7.3e-05,-0.007531,0.002896,15,351.19,2,3699,32.34
AVGO,2026-10-01,2026-10-16,230.0,P,0.0,0.14,0.07,78.1252,-0.002872,0.000158,-0.016191,0.006262,15,351.19,10,3020,32.34
AVGO,2026-10-01,2026-10-16,240.0,P,0.0,0.05,0.025,64.0629,-0.00131,9.5e-05,-0.006505,0.003071,15,351.19,387,2773,32.34
AVGO,2026-10-01,2026-10-16,250.0,P,0.01,0.12,0.065,63.2816,-0.003202,0.000215,-0.01444,0.006907,15,351.19,36,3237,32.34
AVGO,2026-10-01,2026-10-16,260.0,P,0.0,0.15,0.075,57.6176,-0.004066,0.000293,-0.016275,0.008559,15,351.19,6,1120,32.34
AVGO,2026-10-01,2026-10-16,270.0,P,0.03,0.18,0.105,53.2231,-0.006106,0.000456,-0.021565,0.012293,15,351.19,28,2590,32.34
AVGO,2026-10-01,2026-10-16,280.0,P,0.05,0.22,0.135,51.563,-0.012698,0.000894,-0.039626,0.023352,15,351.19,50,4480,32.34
AVGO,2026-10-01,2026-10-16,285.0,P,0.11,0.25,0.18,49.0239,-0.01509,0.001091,-0.043679,0.0271,15,351.19,1,266,32.34
AVGO,2026-10-01,2026-10-16,290.0,P,0.16,0.22,0.19,44.5806,-0.014559,0.001163,-0.038467,0.026278,15,351.19,49,3620,32.34
AVGO,2026-10-01,2026-10-16,295.0,P,0.21,0.29,0.25,42.9693,-0.019503,0.001549,-0.047548,0.033742,15,351.19,17,50,32.34
AVGO,2026-10-01,2026-10-16,300.0,P,0.27,0.48,0.375,43.1158,-0.031082,0.002283,-0.070446,0.049884,15,351.19,234,9261,32.34
AVGO,2026-10-01,2026-10-16,305.0,P,0.35,0.64,0.495,41.6998,-0.041815,0.003009,-0.086723,0.063599,15,351.19,147,265,32.34
AVGO,2026-10-01,2026-10-16,310.0,P,0.59,0.8,0.695,39.6735,-0.053484,0.003852,-0.100296,0.077465,15,351.19,564,9225,32.34
AVGO,2026-10-01,2026-10-16,315.0,P,0.69,1.01,0.85,37.6959,-0.069031,0.00495,-0.11606,0.09457,15,351.19,92,525,32.34
AVGO,2026-10-01,2026-10-16,320.0,P,1.31,1.43,1.37,36.817,-0.095837,0.00649,-0.14478,0.12111,15,351.19,478,9730,32.34
AVGO,2026-10-01,2026-10-16,325.0,P,1.89,2.31,2.1,37.7692,-0.141829,0.008351,-0.195539,0.159862,15,351.19,311,975,32.34
AVGO,2026-10-01,2026-10-16,330.0,P,2.72,2.94,2.83,35.9748,-0.180742,0.010272,-0.217301,0.187295,15,351.19,347,9260,32.34
AVGO,2026-10-01,2026-10-16,332.5,P,3.2,3.7,3.45,36.8048,-0.214043,0.011122,-0.24588,0.207482,15,351.19,27,244,32.34
AVGO,2026-10-01,2026-10-16,335.0,P,3.75,4.1,3.925,35.6757,-0.23834,0.012193,-0.252548,0.220484,15,351.19,242,1362,32.34
AVGO,2026-10-01,2026-10-16,337.5,P,4.4,5.0,4.7,36.3471,-0.274603,0.012885,-0.276458,0.237384,15,351.19,81,677,32.34
AVGO,2026-10-01,2026-10-16,340.0,P,5.15,5.8,5.475,36.2372,-0.308509,0.013646,-0.290199,0.250638,15,351.19,620,9840,32.34
AVGO,2026-10-01,2026-10-16,342.5,P,6.0,7.1,6.55,37.6349,-0.34891,0.013808,-0.316182,0.2634,15,351.19,68,249,32.34
AVGO,2026-10-01,2026-10-16,345.0,P,6.85,7.6,7.225,35.7917,-0.38049,0.014948,-0.308002,0.27118,15,351.19,174,854,32.34
AVGO,2026-10-01,2026-10-16,347.5,P,7.95,9.3,8.625,37.8729,-0.421704,0.01451,-0.334319,0.278534,15,351.19,99,658,32.34
AVGO,2026-10-01,2026-10-16,350.0,P,9.1,9.75,9.425,35.2973,-0.457649,0.015786,-0.313534,0.28242,15,351.19,306,8866,32.34
AVGO,2026-10-01,2026-10-16,352.5,P,10.35,11.25,10.8,36.0175,-0.49673,0.015558,-0.320548,0.284012,15,351.19,88,431,32.34
AVGO,2026-10-01,2026-10-16,355.0,P,11.65,13.3,12.475,38.3063,-0.531404,0.014583,-0.339538,0.283141,15,351.19,229,2152,32.34
AVGO,2026-10-01,2026-10-16,357.5,P,13.1,14.8,13.95,38.4222,-0.566874,0.014379,-0.335099,0.280022,15,351.19,94,208,32.34
AVGO,2026-10-01,2026-10-16,360.0,P,14.6,15.95,15.275,37.0062,-0.606683,0.014598,-0.312543,0.273805,15,351.19,129,3854,32.34
AVGO,2026-10-01,2026-10-16,362.5,P,15.8,18.2,17.0,39.2218,-0.632343,0.013493,-0.324257,0.268246,15,351.19,36,221,32.34
AVGO,2026-10-01,2026-10-16,365.0,P,17.5,18.95,18.225,35.6269,-0.682605,0.014051,-0.27283,0.253722,15,351.19,49,265,32.34
AVGO,2026-10-01,2026-10-16,367.5,P,18.55,21.85,20.2,39.8993,-0.691578,0.012392,-0.304157,0.250607,15,351.19,78,128,32.34
AVGO,2026-10-01,2026-10-16,370.0,P,21.15,23.15,22.15,37.7081,-0.733246,0.012242,-0.263182,0.233971,15,351.19,52,4917,32.34
AVGO,2026-10-01,2026-10-16,372.5,P,23.25,25.8,24.525,40.8026,-0.742417,0.011112,-0.281017,0.229814,15,351.19,10,109,32.34
AVGO,2026-10-01,2026-10-16,375.0,P,25.3,27.8,26.55,41.0284,-0.766448,0.010485,-0.265481,0.218032,15,351.19,57,83,32.34
AVGO,2026-10-01,2026-10-16,377.5,P,27.4,29.9,28.65,41.4801,-0.787387,0.00983,-0.252014,0.206673,15,351.19,30,57,32.34
AVGO,2026-10-01,2026-10-16,380.0,P,29.2,32.05,30.625,41.9806,-0.806325,0.009187,-0.23882,0.195474,15,351.19,26,5812,32.34
AVGO,2026-10-01,2026-10-16,382.5,P,31.0,34.3,32.65,42.8167,-0.821585,0.00856,-0.229587,0.185776,15,351.19,10,29,32.34
AVGO,2026-10-01,2026-10-16,385.0,P,33.25,36.1,34.675,40.9918,-0.851901,0.007922,-0.187956,0.164586,15,351.19,1,11,32.34
AVGO,2026-10-01,2026-10-16,390.0,P,37.95,41.15,39.55,45.0567,-0.860768,0.006913,-0.19927,0.157869,15,351.19,13,2413,32.34
AVGO,2026-10-01,2026-10-16,395.0,P,43.35,45.45,44.4,43.9947,-0.895252,0.005795,-0.149869,0.12923,15,351.19,1,15,32.34
AVGO,2026-10-01,2026-10-16,400.0,P,47.4,50.6,49.0,48.438,-0.896047,0.005235,-0.167266,0.128519,15,351.19,52,3119,32.34
AVGO,2026-10-01,2026-10-16,405.0,P,52.3,55.45,53.875,50.5498,-0.907209,0.004616,-0.158056,0.118259,15,351.19,10,13,32.34
AVGO,2026-10-01,2026-10-16,410.0,P,57.1,60.4,58.75,53.272,-0.913773,0.004147,-0.156835,0.111979,15,351.19,88,3079,32.34
AVGO,2026-10-01,2026-10-16,415.0,P,62.15,65.1,63.625,53.6137,-0.928744,0.003566,-0.130073,0.096906,15,351.19,0,3,32.34
AVGO,2026-10-01,2026-10-16,420.0,P,67.9,70.35,69.125,58.8383,-0.923148,0.003443,-0.157893,0.102668,15,351.19,1,1263,32.34
AVGO,2026-10-01,2026-10-16,430.0,P,77.1,80.25,78.675,63.5746,-0.932363,0.002889,-0.152361,0.093093,15,351.19,5,140,32.34
AVGO,2026-10-01,2026-10-16,440.0,P,87.05,90.3,88.675,69.4827,-0.935539,0.002547,-0.161579,0.089688,15,351.19,3,45,32.34
AVGO,2026-10-01,2026-10-16,450.0,P,97.7,100.0,98.85,71.3138,-0.948572,0.002077,-0.130778,0.075091,15,351.19,30,29,32.34
AVGO,2026-10-01,2026-10-16,460.0,P,107.1,109.85,108.475,74.219,-0.956146,0.001757,-0.11441,0.066094,15,351.19,1,3,32.34
AVGO,2026-10-01,2026-10-16,470.0,P,117.1,120.1,118.6,82.1535,-0.951192,0.00173,-0.147201,0.072026,15,351.19,1,2,32.34
AVGO,2026-10-01,2026-10-16,480.0,P,127.1,130.2,128.65,87.9884,-0.950861,0.001624,-0.161252,0.072415,15,351.19,3,0,32.34
AVGO,2026-10-01,2026-10-16,500.0,P,147.1,150.25,148.675,97.461,-0.953611,0.0014,-0.1712,0.069151,15,351.19,1,2,32.34
AVGO,2026-10-01,2026-10-16,520.0,P,167.1,170.2,168.65,105.103,-0.957993,0.001198,-0.167824,0.063836,15,351.19,1,5,32.34
AVGO,2026-10-01,2026-10-16,530.0,P,177.15,180.05,178.6,106.8852,-0.962737,0.001069,-0.149224,0.057908,15,351.19,0,0,32.34
AVGO,2026-10-01,2026-10-16,550.0,P,197.15,199.9,198.525,111.9633,-0.968246,0.000895,-0.13,0.050774,15,351.19,0,0,32.34
AVGO,2026-10-01,2026-10-16,560.0,P,207.85,210.25,209.05,93.2618,-0.990979,0.000367,0.007492,0.017341,15,351.19,10,0,32.34
AVGO,2026-10-01,2026-10-16,630.0,P,270.2,274.05,272.125,0.001,-1.0,0.0,0.069444,0.0,15,351.19,10,0,32.34
AVGO,2026-10-01,2026-10-16,640.0,P,259.5,262.2,260.85,0.001,-1.0,0.0,0.070546,0.0,15,351.19,2,2,32.34
AVGO,2026-10-01,2026-10-16,650.0,P,253.9,257.8,255.85,0.001,-1.0,0.0,0.071648,0.0,15,351.19,5,0,32.34
AVGO,2026-10-01,2026-10-16,660.0,P,263.95,267.8,265.875,0.001,-1.0,0.0,0.072751,0.0,15,351.19,25,0,32.34
AVGO,2026-10-01,2026-10-16,690.0,P,293.7,297.55,295.625,0.001,-1.0,0.0,0.076057,0.0,15,351.19,2,0,32.34
AVGO,2026-10-01,2026-10-16,730.0,P,369.1,372.4,370.75,0.001,-1.0,0.0,0.080467,0.0,15,351.19,0,0,32.34
AVGO,2026-10-01,2026-10-23,250.0,C,100.15,104.1,102.125,77.466,0.970947,0.000992,-0.126894,0.057124,22,351.19,10,4,32.34
AVGO,2026-10-01,2026-10-23,255.0,C,95.35,99.1,97.225,75.0979,0.967214,0.001131,-0.134475,0.063136,22,351.19,0,78,32.34
AVGO,2026-10-01,2026-10-23,270.0,C,80.45,84.2,82.325,64.9906,0.959309,0.001559,-0.139333,0.075339,22,351.19,2,3,32.34
AVGO,2026-10-01,2026-10-23,290.0,C,61.0,64.15,62.575,52.625,0.941232,0.002583,-0.150388,0.10105,22,351.19,0,1,32.34
AVGO,2026-10-01,2026-10-23,300.0,C,51.35,54.5,52.925,57.7519,0.88477,0.003904,-0.248218,0.167592,22,351.19,4,27,32.34
AVGO,2026-10-01,2026-10-23,305.0,C,46.9,49.8,48.35,55.0053,0.870707,0.004444,-0.255375,0.181706,22,351.19,10,9,32.34
AVGO,2026-10-01,2026-10-23,310.0,C,42.5,44.7,43.6,50.1104,0.863312,0.005068,-0.243513,0.188799,22,351.19,2,5,32.34
AVGO,2026-10-01,2026-10-23,315.0,C,37.6,40.35,38.975,48.7066,0.838812,0.005822,-0.261376,0.210799,22,351.19,1,7,32.34
AVGO,2026-10-01,2026-10-23,320.0,C,33.65,35.7,34.675,45.606,0.818151,0.006716,-0.263747,0.227694,22,351.19,20,23,32.34
AVGO,2026-10-01,2026-10-23,325.0,C,29.4,31.95,30.675,45.6793,0.778999,0.007538,-0.292369,0.255957,22,351.19,3,17,32.34
AVGO,2026-10-01,2026-10-23,330.0,C,25.9,27.35,26.625,42.0477,0.75112,0.008745,-0.287277,0.273333,22,351.19,16,47,32.34
AVGO,2026-10-01,2026-10-23,335.0,C,22.25,23.75,23.0,41.3824,0.705145,0.009668,-0.304418,0.297421,22,351.19,2,59,32.34
AVGO,2026-10-01,2026-10-23,340.0,C,19.15,20.05,19.6,39.704,0.657577,0.010732,-0.309104,0.316773,22,351.19,50,455,32.34
AVGO,2026-10-01,2026-10-23,345.0,C,16.15,16.95,16.55,39.118,0.601981,0.01144,-0.317208,0.332667,22,351.19,58,415,32.34
AVGO,2026-10-01,2026-10-23,350.0,C,12.55,14.15,13.35,38.5931,0.543333,0.011918,-0.31941,0.341936,22,351.19,86,377,32.34
AVGO,2026-10-01,2026-10-23,355.0,C,10.55,11.55,11.05,37.818,0.482598,0.012223,-0.312787,0.34364,22,351.19,115,600,32.34
AVGO,2026-10-01,2026-10-23,360.0,C,8.95,9.55,9.25,37.9218,0.423289,0.011975,-0.306307,0.337589,22,351.19,402,818,32.34
AVGO,2026-10-01,2026-10-23,365.0,C,6.65,8.15,7.4,39.0143,0.370916,0.011233,-0.302365,0.3258,22,351.19,266,723,32.34
AVGO,2026-10-01,2026-10-23,370.0,C,5.25,6.25,5.75,37.7936,0.312156,0.010859,-0.273474,0.305094,22,351.19,430,599,32.34
AVGO,2026-10-01,2026-10-23,375.0,C,4.3,5.05,4.675,38.0072,0.26424,0.009981,-0.253279,0.281995,22,351.19,257,719,32.34
AVGO,2026-10-01,2026-10-23,380.0,C,3.3,4.0,3.65,38.0255,0.220099,0.009034,-0.228781,0.255357,22,351.19,199,892,32.34
AVGO,2026-10-01,2026-10-23,385.0,C,2.86,3.2,3.03,38.3063,0.182862,0.008024,-0.205662,0.228486,22,351.19,47,632,32.34
AVGO,2026-10-01,2026-10-23,390.0,C,2.21,2.57,2.39,38.6969,0.151447,0.007033,-0.183528,0.202318,22,351.19,213,656,32.34
AVGO,2026-10-01,2026-10-23,395.0,C,1.84,2.39,2.115,40.8636,0.136229,0.006201,-0.179963,0.188365,22,351.19,76,394,32.34
AVGO,2026-10-01,2026-10-23,400.0,C,1.39,1.75,1.57,40.1495,0.106323,0.005301,-0.148295,0.158204,22,351.19,568,1312,32.34
AVGO,2026-10-01,2026-10-23,405.0,C,0.95,1.51,1.23,41.2848,0.091453,0.004617,-0.136329,0.141686,22,351.19,22,343,32.34
AVGO,2026-10-01,2026-10-23,410.0,C,1.02,1.16,1.09,41.2237,0.072804,0.003893,-0.114481,0.119308,22,351.19,36,495,32.34
AVGO,2026-10-01,2026-10-23,415.0,C,0.59,0.99,0.79,42.1637,0.062074,0.003365,-0.103373,0.105472,22,351.19,12,509,32.34
AVGO,2026-10-01,2026-10-23,420.0,C,0.71,0.94,0.825,44.0069,0.057098,0.00302,-0.100917,0.098786,22,351.19,22,463,32.34
AVGO,2026-10-01,2026-10-23,425.0,C,0.34,1.01,0.675,46.9366,0.057426,0.002844,-0.107978,0.099233,22,351.19,1,200,32.34
AVGO,2026-10-01,2026-10-23,430.0,C,0.51,0.61,0.56,44.6295,0.038296,0.002161,-0.074159,0.071711,22,351.19,4,335,32.34
AVGO,2026-10-01,2026-10-23,435.0,C,0.27,0.73,0.5,48.2183,0.041977,0.002156,-0.086223,0.077263,22,351.19,1,97,32.34
AVGO,2026-10-01,2026-10-23,440.0,C,0.24,0.73,0.485,50.2446,0.040382,0.002005,-0.086992,0.074875,22,351.19,3,143,32.34
AVGO,2026-10-01,2026-10-23,445.0,C,0.15,0.62,0.385,50.7573,0.034528,0.001746,-0.077277,0.065883,22,351.19,4,662,32.34
AVGO,2026-10-01,2026-10-23,450.0,C,0.3,0.38,0.34,48.6577,0.023005,0.001299,-0.052818,0.04699,22,351.19,8,175,32.34
AVGO,2026-10-01,2026-10-23,455.0,C,0.05,0.46,0.255,51.9536,0.025736,0.001337,-0.061916,0.051631,22,351.19,2,51,32.34
AVGO,2026-10-01,2026-10-23,460.0,C,0.04,0.43,0.235,53.1987,0.023706,0.001219,-0.059143,0.048192,22,351.19,1,99,32.34
AVGO,2026-10-01,2026-10-23,465.0,C,0.01,0.57,0.29,51.856,0.016911,0.000939,-0.043275,0.036187,22,351.19,1,49,32.34
AVGO,2026-10-01,2026-10-23,470.0,C,0.18,0.52,0.35,54.9809,0.01907,0.000981,-0.050801,0.040091,22,351.19,1,62,32.34
AVGO,2026-10-01,2026-10-23,475.0,C,0.15,0.39,0.27,54.5903,0.015075,0.000808,-0.041243,0.032792,22,351.19,1,52,32.34
AVGO,2026-10-01,2026-10-23,480.0,C,0.14,0.34,0.24,55.2739,0.013319,0.000717,-0.037517,0.029473,22,351.19,1,206,32.34
AVGO,2026-10-01,2026-10-23,485.0,C,0.1,0.2,0.15,53.5161,0.008825,0.000518,-0.025383,0.0206,22,351.19,27,35,32.34
AVGO,2026-10-01,2026-10-23,490.0,C,0.0,0.33,0.165,55.6645,0.009357,0.000524,-0.027779,0.021684,22,351.19,2,152,32.34
AVGO,2026-10-01,2026-10-23,495.0,C,0.03,0.15,0.09,53.2231,0.005498,0.000343,-0.016614,0.013566,22,351.19,4,18,32.34
AVGO,2026-10-01,2026-10-23,500.0,C,0.0,0.3,0.15,57.9106,0.008273,0.000452,-0.025924,0.019464,22,351.19,4,18,32.34
AVGO,2026-10-01,2026-10-23,505.0,C,0.0,0.3,0.15,59.2778,0.008054,0.000431,-0.025911,0.019012,22,351.19,2,15,32.34
AVGO,2026-10-01,2026-10-23,510.0,C,0.0,0.16,0.08,56.5434,0.004652,0.000278,-0.015197,0.011691,22,351.19,1,31,32.34
AVGO,2026-10-01,2026-10-23,515.0,C,0.0,0.42,0.21,64.5511,0.010139,0.000485,-0.034494,0.023258,22,351.19,22,14,32.34
AVGO,2026-10-01,2026-10-23,520.0,C,0.0,0.38,0.19,65.1371,0.009156,0.000439,-0.03183,0.021274,22,351.19,1,10,32.34
AVGO,2026-10-01,2026-10-23,525.0,C,0.0,0.57,0.285,70.0198,0.012583,0.000539,-0.045113,0.02806,22,351.19,1,10,32.34
AVGO,2026-10-01,2026-10-23,530.0,C,0.0,0.35,0.175,67.1878,0.008247,0.000389,-0.029945,0.019412,22,351.19,1,17,32.34
AVGO,2026-10-01,2026-10-23,535.0,C,0.0,0.25,0.125,65.9183,0.00612,0.000304,-0.022578,0.01492,22,351.19,2,42,32.34
AVGO,2026-10-01,2026-10-23,540.0,C,0.0,0.25,0.125,67.1878,0.006018,0.000294,-0.022666,0.014699,22,351.19,8,8,32.34
AVGO,2026-10-01,2026-10-23,545.0,C,0.0,0.12,0.06,63.2816,0.003116,0.000174,-0.011855,0.008163,22,351.19,16,34,32.34
AVGO,2026-10-01,2026-10-23,210.0,P,0.01,0.05,0.03,71.4847,-0.001216,6.5e-05,-0.005594,0.003474,22,351.19,4,43,32.34
AVGO,2026-10-01,2026-10-23,215.0,P,0.0,1.61,0.805,103.4673,-0.019307,0.000527,-0.094448,0.040515,22,351.19,2,18,32.34
AVGO,2026-10-01,2026-10-23,220.0,P,0.0,1.75,0.875,100.6353,-0.021363,0.00059,-0.100053,0.044144,22,351.19,6,36,32.34
AVGO,2026-10-01,2026-10-23,225.0,P,0.0,1.82,0.91,97.1192,-0.022929,0.000649,-0.102455,0.046859,22,351.19,10,20,32.34
AVGO,2026-10-01,2026-10-23,230.0,P,0.0,1.79,0.895,92.6759,-0.023591,0.000697,-0.100093,0.047996,22,351.19,11,31,32.34
AVGO,2026-10-01,2026-10-23,235.0,P,0.0,1.32,0.66,84.0334,-0.019594,0.000657,-0.07753,0.041025,22,351.19,2,193,32.34
AVGO,2026-10-01,2026-10-23,240.0,P,0.0,0.62,0.31,71.2893,-0.011408,0.000486,-0.041288,0.025773,22,351.19,6,19,32.34
AVGO,2026-10-01,2026-10-23,245.0,P,0.0,0.23,0.115,59.4731,-0.005299,0.000297,-0.01753,0.013128,22,351.19,10,24,32.34
AVGO,2026-10-01,2026-10-23,250.0,P,0.01,0.12,0.065,52.9302,-0.003477,0.000229,-0.010695,0.009007,22,351.19,1,16,32.34
AVGO,2026-10-01,2026-10-23,255.0,P,0.0,0.49,0.245,59.1313,-0.010894,0.000563,-0.03283,0.02476,22,351.19,1,27,32.34
AVGO,2026-10-01,2026-10-23,260.0,P,0.0,0.3,0.15,52.3442,-0.007704,0.00047,-0.021438,0.018282,22,351.19,15,56,32.34
AVGO,2026-10-01,2026-10-23,265.0,P,0.0,0.29,0.145,54.1508,-0.013801,0.000755,-0.036841,0.030391,22,351.19,12,13,32.34
AVGO,2026-10-01,2026-10-23,270.0,P,0.03,0.29,0.16,51.0259,-0.014603,0.000841,-0.03641,0.031907,22,351.19,1,17,32.34
AVGO,2026-10-01,2026-10-23,275.0,P,0.01,0.31,0.16,48.438,-0.016324,0.000975,-0.03799,0.03511,22,351.19,2,64,32.34
AVGO,2026-10-01,2026-10-23,280.0,P,0.05,0.31,0.18,45.313,-0.017266,0.001094,-0.037237,0.036835,22,351.19,3,76,32.34
AVGO,2026-10-01,2026-10-23,285.0,P,0.04,0.44,0.24,44.8248,-0.024146,0.001469,-0.048883,0.048942,22,351.19,8,75,32.34
AVGO,2026-10-01,2026-10-23,290.0,P,0.16,0.38,0.27,40.6012,-0.02303,0.001558,-0.042473,0.047033,22,351.19,6,1076,32.34
AVGO,2026-10-01,2026-10-23,295.0,P,0.42,0.74,0.58,42.5543,-0.04055,0.002375,-0.071017,0.075127,22,351.19,9,143,32.34
AVGO,2026-10-01,2026-10-23,300.0,P,0.42,0.7,0.56,38.7457,-0.041877,0.002677,-0.066217,0.077115,22,351.19,115,406,32.34
AVGO,2026-10-01,2026-10-23,305.0,P,0.82,0.95,0.885,37.9157,-0.056196,0.003461,-0.081796,0.097554,22,351.19,145,549,32.34
AVGO,2026-10-01,2026-10-23,310.0,P,1.14,1.3,1.22,37.2199,-0.075282,0.004424,-0.100495,0.122399,22,351.19,70,374,32.34
AVGO,2026-10-01,2026-10-23,315.0,P,1.35,1.9,1.625,37.3663,-0.104223,0.005614,-0.128202,0.155937,22,351.19,95,810,32.34
AVGO,2026-10-01,2026-10-23,320.0,P,1.92,2.4,2.16,36.0724,-0.13095,0.006836,-0.144974,0.183315,22,351.19,80,906,32.34
AVGO,2026-10-01,2026-10-23,325.0,P,2.66,3.6,3.13,37.226,-0.178711,0.008139,-0.183259,0.225221,22,351.19,79,820,32.34
AVGO,2026-10-01,2026-10-23,330.0,P,4.1,4.75,4.425,37.0062,-0.224475,0.009387,-0.208013,0.258242,22,351.19,66,1611,32.34
AVGO,2026-10-01,2026-10-23,335.0,P,5.35,6.45,5.9,37.7692,-0.280435,0.010345,-0.237793,0.290454,22,351.19,43,837,32.34
AVGO,2026-10-01,2026-10-23,340.0,P,6.8,7.45,7.125,35.3827,-0.32846,0.011849,-0.237122,0.311657,22,351.19,142,896,32.34
AVGO,2026-10-01,2026-10-23,345.0,P,8.75,9.95,9.35,36.756,-0.393925,0.012141,-0.260817,0.331736,22,351.19,762,416,32.34
AVGO,2026-10-01,2026-10-23,350.0,P,10.8,11.85,11.325,35.4346,-0.456032,0.012979,-0.256409,0.341876,22,351.19,225,1009,32.34
AVGO,2026-10-01,2026-10-23,355.0,P,13.4,14.65,14.025,35.8039,-0.520406,0.012906,-0.257815,0.343517,22,351.19,67,372,32.34
AVGO,2026-10-01,2026-10-23,360.0,P,16.45,17.25,16.85,34.693,-0.586982,0.013019,-0.240162,0.335759,22,351.19,121,738,32.34
AVGO,2026-10-01,2026-10-23,365.0,P,19.45,21.15,20.3,36.5607,-0.63974,0.011871,-0.241047,0.322644,22,351.19,26,357,32.34
AVGO,2026-10-01,2026-10-23,370.0,P,22.0,25.15,23.575,38.0927,-0.686223,0.010798,-0.235437,0.305775,22,351.19,25,237,32.34
AVGO,2026-10-01,2026-10-23,375.0,P,26.45,28.7,27.575,37.4579,-0.739216,0.010059,-0.206726,0.280101,22,351.19,9,166,32.34
AVGO,2026-10-01,2026-10-23,380.0,P,30.5,32.6,31.55,37.2199,-0.785401,0.009095,-0.178927,0.251653,22,351.19,17,141,32.34
AVGO,2026-10-01,2026-10-23,385.0,P,34.15,36.8,35.475,37.403,-0.823452,0.008038,-0.154102,0.223497,22,351.19,3,62,32.34
AVGO,2026-10-01,2026-10-23,390.0,P,38.6,41.8,40.2,40.6866,-0.835244,0.007069,-0.160828,0.213821,22,351.19,11,78,32.34
AVGO,2026-10-01,2026-10-23,395.0,P,43.45,46.1,44.775,40.357,-0.867027,0.006175,-0.131327,0.185263,22,351.19,12,32,32.34
AVGO,2026-10-01,2026-10-23,400.0,P,47.85,51.1,49.475,43.2745,-0.874707,0.005526,-0.135402,0.177777,22,351.19,1,29,32.34
AVGO,2026-10-01,2026-10-23,405.0,P,52.65,55.8,54.225,44.3609,-0.891066,0.004882,-0.121719,0.160994,22,351.19,10,13,32.34
AVGO,2026-10-01,2026-10-23,410.0,P,57.45,60.65,59.05,46.1065,-0.901433,0.004368,-0.115362,0.149726,22,351.19,1,26,32.34
AVGO,2026-10-01,2026-10-23,415.0,P,62.35,65.5,63.925,47.6812,-0.910995,0.003918,-0.108041,0.13886,22,351.19,8,23,32.34
AVGO,2026-10-01,2026-10-23,420.0,P,67.25,70.4,68.825,49.4512,-0.918202,0.003546,-0.103242,0.130349,22,351.19,2,28,32.34
AVGO,2026-10-01,2026-10-23,425.0,P,72.2,75.35,73.775,51.4897,-0.923158,0.003248,-0.101496,0.124325,22,351.19,2,4,32.34
AVGO,2026-10-01,2026-10-23,430.0,P,76.85,80.65,78.75,56.104,-0.916722,0.003168,-0.12414,0.13212,22,351.19,1,62,32.34
AVGO,2026-10-01,2026-10-23,435.0,P,81.8,85.6,83.7,58.0815,-0.921107,0.002938,-0.122386,0.126835,22,351.19,1,1,32.34
AVGO,2026-10-01,2026-10-23,440.0,P,86.75,90.7,88.725,61.1332,-0.920861,0.002798,-0.131049,0.127134,22,351.19,1,0,32.34
AVGO,2026-10-01,2026-10-23,455.0,P,101.75,105.55,103.65,66.5775,-0.931596,0.002298,-0.12444,0.113726,22,351.19,0,0,32.34
AVGO,2026-10-01,2026-10-23,530.0,P,177.35,180.55,178.95,65.6253,-0.993029,0.000343,0.033151,0.01674,22,351.19,1,4,32.34
AVGO,2026-10-01,2026-10-23,535.0,P,181.75,185.75,183.75,98.5596,-0.946148,0.001287,-0.154253,0.094325,22,351.19,0,0,32.34
AVGO,2026-10-01,2026-10-30,210.0,C,140.15,144.15,142.15,97.2412,0.978555,0.000534,-0.107434,0.050846,29,351.19,1,2,32.34
AVGO,2026-10-01,2026-10-30,245.0,C,105.3,109.3,107.3,73.5842,0.968212,0.00098,-0.115272,0.070662,29,351.19,0,1,32.34
AVGO,2026-10-01,2026-10-30,250.0,C,100.35,104.4,102.375,70.9964,0.96519,0.001095,-0.119261,0.076149,29,351.19,2,2,32.34
AVGO,2026-10-01,2026-10-30,260.0,C,90.45,94.45,92.45,64.9418,0.960063,0.001339,-0.122336,0.085195,29,351.19,2,1,32.34
AVGO,2026-10-01,2026-10-30,265.0,C,85.5,89.5,87.5,62.0365,0.95693,0.00149,-0.124242,0.090571,29,351.19,0,0,32.34
AVGO,2026-10-01,2026-10-30,270.0,C,80.55,84.55,82.55,59.1313,0.953512,0.001662,-0.125975,0.096316,29,351.19,0,1,32.34
AVGO,2026-10-01,2026-10-30,275.0,C,75.6,79.65,77.625,56.4457,0.949159,0.00187,-0.128843,0.103461,29,351.19,1,0,32.34
AVGO,2026-10-01,2026-10-30,280.0,C,71.0,74.75,72.875,55.1152,0.940204,0.002178,-0.14009,0.117607,29,351.19,1,2,32.34
AVGO,2026-10-01,2026-10-30,285.0,C,66.4,69.55,67.975,52.4419,0.93427,0.002464,-0.143118,0.126607,29,351.19,1,1,32.34
AVGO,2026-10-01,2026-10-30,290.0,C,62.05,64.7,63.375,51.6728,0.920616,0.002889,-0.158971,0.146308,29,351.19,0,2,32.34
AVGO,2026-10-01,2026-10-30,295.0,C,56.9,59.95,58.425,56.5922,0.883531,0.003496,-0.216751,0.193883,29,351.19,0,2,32.34
AVGO,2026-10-01,2026-10-30,300.0,C,52.55,55.3,53.925,54.3095,0.870044,0.003934,-0.223604,0.209361,29,351.19,2,12,32.34
AVGO,2026-10-01,2026-10-30,305.0,C,47.55,50.7,49.125,52.0635,0.854539,0.004432,-0.230434,0.226105,29,351.19,2,16,32.34
AVGO,2026-10-01,2026-10-30,310.0,C,43.1,45.45,44.275,47.0281,0.848861,0.005034,-0.215918,0.231971,29,351.19,1,4,32.34
AVGO,2026-10-01,2026-10-30,315.0,C,39.25,41.15,40.2,45.6915,0.824766,0.005704,-0.228565,0.25539,29,351.19,42,22,32.34
AVGO,2026-10-01,2026-10-30,320.0,C,34.6,37.0,35.8,44.4952,0.796674,0.006419,-0.241463,0.279888,29,351.19,12,25,32.34
AVGO,2026-10-01,2026-10-30,325.0,C,31.4,33.0,32.2,43.3538,0.764703,0.007165,-0.253493,0.304412,29,351.19,1,19,32.34
AVGO,2026-10-01,2026-10-30,330.0,C,27.7,29.1,28.4,42.0538,0.729499,0.00795,-0.262561,0.327612,29,351.19,2,49,32.34
AVGO,2026-10-01,2026-10-30,335.0,C,24.35,25.8,25.075,41.9561,0.686265,0.008538,-0.277655,0.351047,29,351.19,1,46,32.34
AVGO,2026-10-01,2026-10-30,340.0,C,20.95,22.4,21.675,40.9918,0.642719,0.009195,-0.283458,0.369367,29,351.19,35,154,32.34
AVGO,2026-10-01,2026-10-30,345.0,C,17.85,19.25,18.55,40.119,0.595653,0.009755,-0.28621,0.38351,29,351.19,57,172,32.34
AVGO,2026-10-01,2026-10-30,350.0,C,15.5,16.05,15.775,38.5382,0.545792,0.010388,-0.280031,0.392312,29,351.19,269,546,32.34
AVGO,2026-10-01,2026-10-30,355.0,C,12.95,13.9,13.425,38.9716,0.494353,0.01034,-0.282934,0.394876,29,351.19,381,661,32.34
AVGO,2026-10-01,2026-10-30,360.0,C,11.0,11.75,11.375,38.7824,0.443263,0.010286,-0.277259,0.390915,29,351.19,559,810,32.34
AVGO,2026-10-01,2026-10-30,365.0,C,9.2,9.85,9.525,38.6115,0.393368,0.010062,-0.267602,0.380724,29,351.19,114,242,32.34
AVGO,2026-10-01,2026-10-30,370.0,C,7.4,8.2,7.8,38.4894,0.345624,0.009677,-0.254678,0.364966,29,351.19,137,784,32.34
AVGO,2026-10-01,2026-10-30,375.0,C,6.4,6.85,6.625,38.6054,0.301882,0.009124,-0.240678,0.345155,29,351.19,132,1223,32.34
AVGO,2026-10-01,2026-10-30,380.0,C,5.25,5.65,5.45,38.5992,0.260815,0.008503,-0.223515,0.32161,29,351.19,345,1095,32.34
AVGO,2026-10-01,2026-10-30,385.0,C,4.0,4.65,4.325,38.6664,0.223785,0.007811,-0.205475,0.295975,29,351.19,77,353,32.34
AVGO,2026-10-01,2026-10-30,390.0,C,3.55,3.75,3.65,38.5382,0.18912,0.007093,-0.184897,0.267861,29,351.19,140,783,32.34
AVGO,2026-10-01,2026-10-30,395.0,C,2.96,3.2,3.08,39.2462,0.163932,0.006363,-0.171578,0.244696,29,351.19,105,417,32.34
AVGO,2026-10-01,2026-10-30,400.0,C,2.3,2.64,2.47,39.5087,0.139151,0.005668,-0.15457,0.219421,29,351.19,541,1595,32.34
AVGO,2026-10-01,2026-10-30,405.0,C,1.9,2.21,2.055,39.9664,0.118859,0.005022,-0.139901,0.196691,29,351.19,82,273,32.34
AVGO,2026-10-01,2026-10-30,410.0,C,1.66,2.08,1.87,41.6754,0.108969,0.004527,-0.136844,0.184884,29,351.19,70,319,32.34
AVGO,2026-10-01,2026-10-30,415.0,C,1.14,1.72,1.43,41.9195,0.092295,0.003987,-0.121765,0.163782,29,351.19,17,365,32.34
AVGO,2026-10-01,2026-10-30,420.0,C,1.23,1.33,1.28,41.5289,0.07456,0.003428,-0.10263,0.139499,29,351.19,469,7085,32.34
AVGO,2026-10-01,2026-10-30,425.0,C,1.03,1.16,1.095,42.3101,0.065132,0.003032,-0.094105,0.125713,29,351.19,58,318,32.34
AVGO,2026-10-01,2026-10-30,430.0,C,0.62,1.05,0.835,43.3844,0.058412,0.002716,-0.088521,0.115466,29,351.19,8,191,32.34
AVGO,2026-10-01,2026-10-30,435.0,C,0.76,0.89,0.825,43.8238,0.049997,0.002377,-0.078981,0.102091,29,351.19,8,201,32.34
AVGO,2026-10-01,2026-10-30,440.0,C,0.41,0.98,0.695,46.5215,0.051628,0.002297,-0.085903,0.104734,29,351.19,65,141,32.34
AVGO,2026-10-01,2026-10-30,445.0,C,0.33,1.02,0.675,48.7066,0.051292,0.002183,-0.089375,0.10419,29,351.19,2,53,32.34
AVGO,2026-10-01,2026-10-30,450.0,C,0.52,0.85,0.685,48.8042,0.04362,0.001913,-0.078597,0.091505,29,351.19,5,260,32.34
AVGO,2026-10-01,2026-10-30,455.0,C,0.22,0.76,0.49,49.5122,0.038961,0.001721,-0.072708,0.083497,29,351.19,1,19,32.34
AVGO,2026-10-01,2026-10-30,460.0,C,0.41,0.62,0.515,49.4146,0.032511,0.001487,-0.062526,0.071986,29,351.19,2,63,32.34
AVGO,2026-10-01,2026-10-30,465.0,C,0.16,0.65,0.405,51.4165,0.032714,0.001436,-0.065343,0.072356,29,351.19,3,65,32.34
AVGO,2026-10-01,2026-10-30,470.0,C,0.29,0.61,0.45,52.4419,0.030342,0.001323,-0.062588,0.067991,29,351.19,13,38,32.34
AVGO,2026-10-01,2026-10-30,475.0,C,0.12,0.61,0.365,53.98,0.029539,0.001257,-0.062967,0.066495,29,351.19,1,145,32.34
AVGO,2026-10-01,2026-10-30,480.0,C,0.09,0.65,0.37,51.4165,0.019633,0.000936,-0.042549,0.047182,29,351.19,2,19,32.34
AVGO,2026-10-01,2026-10-30,485.0,C,0.04,0.5,0.27,50.5376,0.01491,0.000753,-0.033046,0.037294,29,351.19,1,15,32.34
AVGO,2026-10-01,2026-10-30,490.0,C,0.11,0.47,0.29,52.3931,0.015392,0.000747,-0.03519,0.038328,29,351.19,1,30,32.34
AVGO,2026-10-01,2026-10-30,495.0,C,0.01,0.44,0.225,51.9536,0.012266,0.000619,-0.028679,0.031512,29,351.19,1,2,32.34
AVGO,2026-10-01,2026-10-30,500.0,C,0.01,0.4,0.205,52.6372,0.011147,0.000562,-0.026731,0.029001,29,351.19,7,68,32.34
AVGO,2026-10-01,2026-10-30,505.0,C,0.04,0.21,0.125,50.7817,0.00727,0.000401,-0.017731,0.019944,29,351.19,5,46,32.34
AVGO,2026-10-01,2026-10-30,510.0,C,0.03,0.2,0.115,51.4653,0.006621,0.000364,-0.01654,0.018364,29,351.19,3,45,32.34
AVGO,2026-10-01,2026-10-30,515.0,C,0.0,0.17,0.085,50.9771,0.005082,0.000291,-0.012952,0.014522,29,351.19,4,14,32.34
AVGO,2026-10-01,2026-10-30,520.0,C,0.0,0.37,0.185,56.8852,0.009444,0.00045,-0.024962,0.025097,29,351.19,12,26,32.34
AVGO,2026-10-01,2026-10-30,525.0,C,0.02,0.15,0.085,53.1255,0.004816,0.000266,-0.012858,0.013844,29,351.19,6,13,32.34
AVGO,2026-10-01,2026-10-30,530.0,C,0.03,0.15,0.09,54.5903,0.004986,0.000267,-0.013622,0.014277,29,351.19,7,19,32.34
AVGO,2026-10-01,2026-10-30,535.0,C,0.0,0.16,0.08,55.0786,0.004486,0.000241,-0.012506,0.012995,29,351.19,2,13,32.34
AVGO,2026-10-01,2026-10-30,540.0,C,0.0,0.15,0.075,55.6645,0.004106,0.00022,-0.011674,0.012005,29,351.19,1,19,32.34
AVGO,2026-10-01,2026-10-30,545.0,C,0.0,0.36,0.18,62.4515,0.008419,0.000371,-0.024743,0.022693,29,351.19,1,41,32.34
AVGO,2026-10-01,2026-10-30,210.0,P,0.0,1.4,0.7,92.1876,-0.016955,0.000461,-0.065458,0.041639,29,351.19,1,16,32.34
AVGO,2026-10-01,2026-10-30,215.0,P,0.0,1.44,0.72,88.9161,-0.018045,0.000504,-0.066554,0.043915,29,351.19,1,12,32.34
AVGO,2026-10-01,2026-10-30,220.0,P,0.0,0.25,0.125,66.6996,-0.004679,0.000206,-0.015322,0.013491,29,351.19,1,19,32.34
AVGO,2026-10-01,2026-10-30,225.0,P,0.0,0.25,0.125,63.7699,-0.004874,0.000224,-0.015185,0.013993,29,351.19,3,27,32.34
AVGO,2026-10-01,2026-10-30,230.0,P,0.0,0.69,0.345,69.6292,-0.011575,0.000439,-0.035493,0.029966,29,351.19,2,30,32.34
AVGO,2026-10-01,2026-10-30,235.0,P,0.0,0.08,0.04,51.1724,-0.001991,0.000125,-0.005435,0.006251,29,351.19,4,35,32.34
AVGO,2026-10-01,2026-10-30,240.0,P,0.0,0.09,0.045,53.2231,-0.00422,0.000236,-0.011119,0.012304,29,351.19,1,22,32.34
AVGO,2026-10-01,2026-10-30,245.0,P,0.0,0.09,0.045,50.5864,-0.00441,0.000258,-0.010982,0.012796,29,351.19,2,17,32.34
AVGO,2026-10-01,2026-10-30,250.0,P,0.0,0.1,0.05,48.6333,-0.005068,0.000304,-0.011942,0.014487,29,351.19,10,43,32.34
AVGO,2026-10-01,2026-10-30,255.0,P,0.0,0.11,0.055,46.5826,-0.005742,0.000355,-0.012768,0.016187,29,351.19,2,9,32.34
AVGO,2026-10-01,2026-10-30,260.0,P,0.0,0.34,0.17,51.4165,-0.015042,0.000746,-0.032697,0.037578,29,351.19,13,22,32.34
AVGO,2026-10-01,2026-10-30,265.0,P,0.0,0.36,0.18,49.0239,-0.016582,0.00085,-0.033856,0.040855,29,351.19,6,36,32.34
AVGO,2026-10-01,2026-10-30,270.0,P,0.01,0.39,0.2,46.8023,-0.018621,0.000983,-0.035639,0.045106,29,351.19,2,64,32.34
AVGO,2026-10-01,2026-10-30,275.0,P,0.08,0.44,0.26,44.8736,-0.021587,0.001163,-0.038681,0.051131,29,351.19,2,67,32.34
AVGO,2026-10-01,2026-10-30,280.0,P,0.12,0.61,0.365,44.5562,-0.029242,0.00151,-0.049464,0.06594,29,351.19,12,81,32.34
AVGO,2026-10-01,2026-10-30,285.0,P,0.25,0.75,0.5,43.3111,-0.036096,0.001848,-0.05711,0.078448,29,351.19,3,198,32.34
AVGO,2026-10-01,2026-10-30,290.0,P,0.4,0.7,0.55,39.7711,-0.036536,0.002033,-0.052847,0.079231,29,351.19,30,153,32.34
AVGO,2026-10-01,2026-10-30,295.0,P,0.59,1.17,0.88,41.1627,-0.056109,0.002773,-0.077105,0.111868,29,351.19,25,177,32.34
AVGO,2026-10-01,2026-10-30,300.0,P,1.09,1.5,1.295,40.3815,-0.070896,0.003392,-0.090553,0.134219,29,351.19,127,570,32.34
AVGO,2026-10-01,2026-10-30,305.0,P,1.45,1.6,1.525,37.7448,-0.079458,0.003958,-0.092044,0.146411,29,351.19,33,390,32.34
AVGO,2026-10-01,2026-10-30,310.0,P,1.94,2.1,2.02,37.2138,-0.101633,0.004821,-0.108644,0.175791,29,351.19,61,481,32.34
AVGO,2026-10-01,2026-10-30,315.0,P,2.17,2.93,2.55,37.5861,-0.13356,0.005793,-0.13279,0.21335,29,351.19,205,513,32.34
AVGO,2026-10-01,2026-10-30,320.0,P,3.35,3.6,3.475,36.5302,-0.162108,0.006786,-0.146356,0.242922,29,351.19,210,1026,32.34
AVGO,2026-10-01,2026-10-30,325.0,P,4.35,5.0,4.675,37.4884,-0.207085,0.007702,-0.174353,0.282951,29,351.19,254,729,32.34
AVGO,2026-10-01,2026-10-30,330.0,P,5.55,5.8,5.675,35.7123,-0.241843,0.00883,-0.180308,0.309019,29,351.19,281,1496,32.34
AVGO,2026-10-01,2026-10-30,335.0,P,7.0,7.5,7.25,36.0724,-0.292358,0.009622,-0.199441,0.340133,29,351.19,154,1271,32.34
AVGO,2026-10-01,2026-10-30,340.0,P,8.6,9.2,8.9,35.6757,-0.343057,0.010411,-0.209617,0.363948,29,351.19,144,906,32.34
AVGO,2026-10-01,2026-10-30,345.0,P,10.65,11.85,11.25,37.0429,-0.400063,0.010536,-0.227525,0.382459,29,351.19,86,562,32.34
AVGO,2026-10-01,2026-10-30,350.0,P,12.45,14.45,13.45,37.525,-0.454124,0.010669,-0.234698,0.392302,29,351.19,459,896,32.34
AVGO,2026-10-01,2026-10-30,355.0,P,15.0,17.05,16.025,37.3358,-0.507774,0.010792,-0.232693,0.394841,29,351.19,126,399,32.34
AVGO,2026-10-01,2026-10-30,360.0,P,18.3,19.55,18.925,36.2372,-0.563619,0.01098,-0.219682,0.389884,29,351.19,107,703,32.34
AVGO,2026-10-01,2026-10-30,365.0,P,20.9,23.1,22.0,37.1588,-0.612294,0.010413,-0.216739,0.379166,29,351.19,34,163,32.34
AVGO,2026-10-01,2026-10-30,370.0,P,24.55,26.7,25.625,37.6532,-0.658497,0.009847,-0.207502,0.363323,29,351.19,24,109,32.34
AVGO,2026-10-01,2026-10-30,375.0,P,28.05,30.35,29.2,37.7142,-0.70326,0.009267,-0.192196,0.342476,29,351.19,65,90,32.34
AVGO,2026-10-01,2026-10-30,380.0,P,31.95,34.35,33.15,38.2636,-0.741316,0.008541,-0.178865,0.320251,29,351.19,3,106,32.34
AVGO,2026-10-01,2026-10-30,385.0,P,36.05,38.55,37.3,38.9777,-0.774134,0.00779,-0.165808,0.297532,29,351.19,2,50,32.34
AVGO,2026-10-01,2026-10-30,390.0,P,40.35,42.8,41.575,39.4354,-0.804718,0.007069,-0.149937,0.273166,29,351.19,2,91,32.34
AVGO,2026-10-01,2026-10-30,395.0,P,44.75,47.25,46.0,40.2167,-0.82948,0.006369,-0.136792,0.25099,29,351.19,1,19,32.34
AVGO,2026-10-01,2026-10-30,400.0,P,49.3,51.75,50.525,40.8514,-0.851938,0.005716,-0.122551,0.228809,29,351.19,1,62,32.34
AVGO,2026-10-01,2026-10-30,405.0,P,53.15,55.95,54.55,39.6246,-0.883343,0.004999,-0.092324,0.194106,29,351.19,5,7,32.34
AVGO,2026-10-01,2026-10-30,410.0,P,57.85,61.05,59.45,42.5299,-0.885877,0.004585,-0.099184,0.191099,29,351.19,2,29,32.34
AVGO,2026-10-01,2026-10-30,415.0,P,62.65,65.7,64.175,42.9327,-0.901929,0.004071,-0.084699,0.17127,29,351.19,3,10,32.34
AVGO,2026-10-01,2026-10-30,420.0,P,67.45,70.6,69.025,44.5562,-0.909288,0.003703,-0.081314,0.161695,29,351.19,13,30,32.34
AVGO,2026-10-01,2026-10-30,425.0,P,72.35,75.5,73.925,46.0699,-0.916116,0.003378,-0.077441,0.152518,29,351.19,1,5,32.34
AVGO,2026-10-01,2026-10-30,430.0,P,77.25,80.4,78.825,47.4859,-0.922448,0.003089,-0.073194,0.143741,29,351.19,61,63,32.34
AVGO,2026-10-01,2026-10-30,440.0,P,86.8,90.8,88.8,54.1875,-0.916005,0.002875,-0.097251,0.15267,29,351.19,1,2,32.34
AVGO,2026-10-01,2026-10-30,445.0,P,91.8,95.75,93.775,55.8476,-0.919971,0.00269,-0.095662,0.147206,29,351.19,0,2,32.34
AVGO,2026-10-01,2026-11-06,300.0,C,53.05,56.25,54.65,52.6189,0.855437,0.003919,-0.210215,0.250872,36,351.19,5,6,32.34
AVGO,2026-10-01,2026-11-06,315.0,C,39.95,42.45,41.2,45.3558,0.805829,0.005497,-0.217537,0.303299,36,351.19,10,10,32.34
AVGO,2026-10-01,2026-11-06,320.0,C,35.95,38.45,37.2,44.4036,0.777916,0.006079,-0.22833,0.328337,36,351.19,1,10,32.34
AVGO,2026-10-01,2026-11-06,325.0,C,32.35,34.65,33.5,43.6224,0.746408,0.006655,-0.238994,0.353134,36,351.19,17,6,32.34
AVGO,2026-10-01,2026-11-06,330.0,C,28.5,31.05,29.775,42.951,0.711676,0.007206,-0.248701,0.376509,36,351.19,24,10,32.34
AVGO,2026-10-01,2026-11-06,335.0,C,25.6,28.2,26.9,43.6804,0.670616,0.007512,-0.264964,0.399124,36,351.19,1,13,32.34
AVGO,2026-10-01,2026-11-06,340.0,C,22.55,24.2,23.375,41.1627,0.635282,0.008277,-0.258848,0.414457,36,351.19,23,15,32.34
AVGO,2026-10-01,2026-11-06,345.0,C,19.4,21.2,20.3,40.589,0.592672,0.00867,-0.261909,0.428079,36,351.19,25,22,32.34
AVGO,2026-10-01,2026-11-06,350.0,C,16.7,18.5,17.6,40.2167,0.548351,0.008928,-0.263135,0.436769,36,351.19,126,99,32.34
AVGO,2026-10-01,2026-11-06,355.0,C,15.0,16.15,15.575,40.1373,0.503573,0.009012,-0.262977,0.439987,36,351.19,88,111,32.34
AVGO,2026-10-01,2026-11-06,360.0,C,13.15,13.8,13.475,39.5697,0.458086,0.009091,-0.256683,0.437574,36,351.19,39,38,32.34
AVGO,2026-10-01,2026-11-06,365.0,C,10.4,11.8,11.1,39.2981,0.41348,0.008987,-0.249185,0.429616,36,351.19,90,74,32.34
AVGO,2026-10-01,2026-11-06,370.0,C,8.65,10.15,9.4,39.3622,0.371416,0.008708,-0.241197,0.416946,36,351.19,82,151,32.34
AVGO,2026-10-01,2026-11-06,375.0,C,7.5,8.55,8.025,39.0784,0.329695,0.008399,-0.228526,0.399275,36,351.19,123,55,32.34
AVGO,2026-10-01,2026-11-06,380.0,C,6.85,8.25,7.55,41.6876,0.306288,0.007633,-0.235049,0.387054,36,351.19,217,25,32.34
AVGO,2026-10-01,2026-11-06,385.0,C,5.75,7.15,6.45,41.95,0.273709,0.007195,-0.223732,0.367162,36,351.19,27,30,32.34
AVGO,2026-10-01,2026-11-06,390.0,C,3.65,6.25,4.95,42.3956,0.244836,0.006721,-0.212877,0.346597,36,351.19,38,310,32.34
AVGO,2026-10-01,2026-11-06,395.0,C,4.05,4.35,4.2,39.3134,0.195382,0.006366,-0.173321,0.304449,36,351.19,58,137,32.34
AVGO,2026-10-01,2026-11-06,400.0,C,3.35,3.7,3.525,39.6063,0.170525,0.005804,-0.160029,0.279651,36,351.19,88,368,32.34
AVGO,2026-10-01,2026-11-06,405.0,C,1.71,4.3,3.005,44.1778,0.176317,0.005316,-0.181632,0.285661,36,351.19,19,194,32.34
AVGO,2026-10-01,2026-11-06,410.0,C,1.37,3.5,2.435,43.598,0.150731,0.004865,-0.161675,0.257992,36,351.19,11,80,32.34
AVGO,2026-10-01,2026-11-06,415.0,C,1.0,3.65,2.325,46.4422,0.148134,0.004514,-0.169831,0.255016,36,351.19,3,18,32.34
AVGO,2026-10-01,2026-11-06,420.0,C,0.69,2.92,1.805,45.5938,0.125024,0.004094,-0.148316,0.227072,36,351.19,14,28,32.34
AVGO,2026-10-01,2026-11-06,425.0,C,0.72,2.97,1.845,47.9009,0.12172,0.003825,-0.152652,0.222852,36,351.19,9,83,32.34
AVGO,2026-10-01,2026-11-06,430.0,C,0.55,1.46,1.005,41.9195,0.074675,0.003052,-0.093331,0.155609,36,351.19,14,14,32.34
AVGO,2026-10-01,2026-11-06,435.0,C,0.48,1.38,0.93,43.1768,0.069275,0.002797,-0.09063,0.146906,36,351.19,11,12,32.34
AVGO,2026-10-01,2026-11-06,440.0,C,0.47,1.14,0.805,43.1768,0.058734,0.00246,-0.079633,0.129205,36,351.19,5,5,32.34
AVGO,2026-10-01,2026-11-06,480.0,C,0.36,0.53,0.445,48.8775,0.026625,0.001143,-0.047102,0.067948,36,351.19,1,1,32.34
AVGO,2026-10-01,2026-11-06,500.0,C,0.06,0.59,0.325,50.3911,0.016664,0.000746,-0.032605,0.045713,36,351.19,1,13,32.34
AVGO,2026-10-01,2026-11-06,520.0,C,0.07,0.86,0.465,57.8373,0.020272,0.000768,-0.044128,0.054017,36,351.19,20,21,32.34
AVGO,2026-10-01,2026-11-06,210.0,P,0.0,2.14,1.07,89.3067,-0.023416,0.000562,-0.074664,0.061012,36,351.19,2,2,32.34
AVGO,2026-10-01,2026-11-06,220.0,P,0.0,1.2,0.6,74.512,-0.016477,0.000499,-0.046156,0.045273,36,351.19,2,2,32.34
AVGO,2026-10-01,2026-11-06,225.0,P,0.0,0.7,0.35,65.723,-0.011319,0.00041,-0.029417,0.032744,36,351.19,7,7,32.34
AVGO,2026-10-01,2026-11-06,250.0,P,0.0,0.38,0.19,52.4419,-0.015,0.000655,-0.029805,0.041769,36,351.19,5,5,32.34
AVGO,2026-10-01,2026-11-06,280.0,P,0.54,0.72,0.63,41.3824,-0.032983,0.001612,-0.045301,0.081163,36,351.19,4,83,32.34
AVGO,2026-10-01,2026-11-06,285.0,P,0.39,1.28,0.835,43.6651,-0.052568,0.002229,-0.069627,0.118375,36,351.19,5,43,32.34
AVGO,2026-10-01,2026-11-06,290.0,P,0.97,1.15,1.06,39.7711,-0.051865,0.002421,-0.06257,0.117115,36,351.19,21,91,32.34
AVGO,2026-10-01,2026-11-06,295.0,P,0.84,1.47,1.155,39.1364,-0.065224,0.002945,-0.073546,0.140219,36,351.19,20,368,32.34
AVGO,2026-10-01,2026-11-06,300.0,P,0.65,1.9,1.275,38.6847,-0.08223,0.003557,-0.086571,0.167406,36,351.19,32,105,32.34
AVGO,2026-10-01,2026-11-06,305.0,P,1.49,2.38,1.935,38.0011,-0.101232,0.004225,-0.098918,0.195298,36,351.19,43,249,32.34
AVGO,2026-10-01,2026-11-06,310.0,P,1.67,3.0,2.335,37.4701,-0.124503,0.004967,-0.112703,0.22641,36,351.19,29,94,32.34
AVGO,2026-10-01,2026-11-06,315.0,P,3.5,3.9,3.7,37.4823,-0.154694,0.005757,-0.130252,0.262471,36,351.19,130,590,32.34
AVGO,2026-10-01,2026-11-06,320.0,P,4.45,4.8,4.625,36.9025,-0.185458,0.006568,-0.143451,0.294857,36,351.19,94,191,32.34
AVGO,2026-10-01,2026-11-06,325.0,P,5.6,6.0,5.8,36.7194,-0.222375,0.007356,-0.158345,0.328582,36,351.19,65,265,32.34
AVGO,2026-10-01,2026-11-06,330.0,P,6.95,7.35,7.15,36.3837,-0.262202,0.008118,-0.170654,0.359305,36,351.19,112,201,32.34
AVGO,2026-10-01,2026-11-06,335.0,P,8.45,9.35,8.9,37.1405,-0.309584,0.008607,-0.187637,0.388878,36,351.19,264,127,32.34
AVGO,2026-10-01,2026-11-06,340.0,P,10.25,11.8,11.025,38.3154,-0.358563,0.008841,-0.204157,0.412053,36,351.19,62,246,32.34
AVGO,2026-10-01,2026-11-06,345.0,P,12.35,13.05,12.7,36.109,-0.401849,0.009712,-0.197025,0.426619,36,351.19,92,66,32.34
AVGO,2026-10-01,2026-11-06,350.0,P,14.65,16.1,15.375,37.5006,-0.451665,0.009575,-0.2083,0.436771,36,351.19,17,121,32.34
AVGO,2026-10-01,2026-11-06,355.0,P,17.5,18.75,18.125,37.4335,-0.499678,0.009663,-0.207428,0.440004,36,351.19,42,96,32.34
AVGO,2026-10-01,2026-11-06,360.0,P,19.95,21.65,20.8,37.403,-0.547107,0.009603,-0.203495,0.436933,36,351.19,5,39,32.34
AVGO,2026-10-01,2026-11-06,365.0,P,22.15,25.1,23.625,38.1262,-0.590588,0.009242,-0.201419,0.428612,36,351.19,13,18,32.34
AVGO,2026-10-01,2026-11-06,370.0,P,25.2,27.95,26.575,36.9483,-0.639593,0.009184,-0.184077,0.412785,36,351.19,2,53,32.34
AVGO,2026-10-01,2026-11-06,375.0,P,29.0,31.4,30.2,36.6706,-0.683499,0.008801,-0.170125,0.392595,36,351.19,7,10,32.34
AVGO,2026-10-01,2026-11-06,380.0,P,33.2,35.55,34.375,37.7387,-0.716488,0.008136,-0.164214,0.373508,36,351.19,1,22,32.34
AVGO,2026-10-01,2026-11-06,390.0,P,41.2,43.35,42.275,37.2748,-0.78899,0.00703,-0.129803,0.318761,36,351.19,21,31,32.34
AVGO,2026-10-01,2026-11-06,400.0,P,50.0,52.4,51.2,39.2279,-0.832094,0.005802,-0.112974,0.276887,36,351.19,12,4,32.34
AVGO,2026-10-01,2026-11-06,405.0,P,54.5,56.9,55.7,39.7101,-0.852886,0.005255,-0.100817,0.253839,36,351.19,4,4,32.34
AVGO,2026-10-01,2026-11-06,410.0,P,58.3,61.45,59.875,40.1007,-0.871788,0.004737,-0.088293,0.23109,36,351.19,6,7,32.34
AVGO,2026-10-01,2026-11-06,420.0,P,67.75,70.9,69.325,41.7059,-0.898,0.003871,-0.071284,0.196376,36,351.19,2,50,32.34
AVGO,2026-10-01,2026-11-06,425.0,P,72.55,75.7,74.125,42.6153,-0.908032,0.003511,-0.064341,0.182003,36,351.19,60,60,32.34
AVGO,2026-10-01,2026-11-20,155.0,C,195.45,199.4,197.425,117.6274,0.98253,0.000282,-0.082198,0.056092,50,351.19,11,24,32.34
AVGO,2026-10-01,2026-11-20,160.0,C,190.45,194.5,192.475,114.2827,0.981381,0.000307,-0.084397,0.059221,50,351.19,1,5,32.34
AVGO,2026-10-01,2026-11-20,165.0,C,185.55,189.45,187.5,110.645,0.980435,0.00033,-0.085574,0.061771,50,351.19,4,13,32.34
AVGO,2026-10-01,2026-11-20,170.0,C,189.1,192.45,190.775,170.5568,0.92972,0.000608,-0.313513,0.175059,50,351.19,2,24,32.34
AVGO,2026-10-01,2026-11-20,175.0,C,252.7,256.0,254.35,443.7565,0.894106,0.000317,-1.061945,0.237806,50,351.19,2,16,32.34
AVGO,2026-10-01,2026-11-20,180.0,C,170.55,174.55,172.55,99.9023,0.977647,0.00041,-0.087838,0.069144,50,351.19,1,9,32.34
AVGO,2026-10-01,2026-11-20,185.0,C,165.7,169.6,167.65,97.5586,0.975637,0.000451,-0.091748,0.074341,50,351.19,2,15,32.34
AVGO,2026-10-01,2026-11-20,190.0,C,160.65,164.7,162.675,94.3116,0.974425,0.000486,-0.092747,0.07743,50,351.19,10,24,32.34
AVGO,2026-10-01,2026-11-20,195.0,C,155.85,159.65,157.75,91.6749,0.972561,0.00053,-0.095471,0.082116,50,351.19,2,3,32.34
AVGO,2026-10-01,2026-11-20,200.0,C,150.7,154.7,152.7,87.6954,0.972184,0.000561,-0.093568,0.083057,50,351.19,50,208,32.34
AVGO,2026-10-01,2026-11-20,210.0,C,140.8,144.8,142.8,82.1413,0.968669,0.000661,-0.09699,0.09168,50,351.19,1,27,32.34
AVGO,2026-10-01,2026-11-20,220.0,C,131.05,134.9,132.975,77.3928,0.963695,0.000792,-0.102668,0.103496,50,351.19,3,106,32.34
AVGO,2026-10-01,2026-11-20,230.0,C,121.05,125.0,123.025,71.5823,0.960013,0.000926,-0.103678,0.111979,50,351.19,4,56,32.34
AVGO,2026-10-01,2026-11-20,240.0,C,111.25,115.1,113.175,66.6873,0.954308,0.001107,-0.10756,0.124726,50,351.19,1,125,32.34
AVGO,2026-10-01,2026-11-20,250.0,C,101.3,105.3,103.3,61.6337,0.948252,0.001323,-0.110149,0.137774,50,351.19,33,139,32.34
AVGO,2026-10-01,2026-11-20,260.0,C,92.2,95.2,93.7,58.2524,0.936726,0.00164,-0.119862,0.161397,50,351.19,1,50,32.34
AVGO,2026-10-01,2026-11-20,270.0,C,82.65,85.55,84.1,54.5171,0.923814,0.002022,-0.127917,0.186209,50,351.19,10,256,32.34
AVGO,2026-10-01,2026-11-20,280.0,C,72.95,75.4,74.175,54.2607,0.895428,0.002571,-0.154133,0.235654,50,351.19,16,203,32.34
AVGO,2026-10-01,2026-11-20,290.0,C,63.7,66.9,65.3,53.3696,0.863442,0.003155,-0.177773,0.28444,50,351.19,1,128,32.34
AVGO,2026-10-01,2026-11-20,300.0,C,55.5,57.25,56.375,47.9497,0.843169,0.003853,-0.175914,0.312136,50,351.19,12,400,32.34
AVGO,2026-10-01,2026-11-20,310.0,C,47.05,48.9,47.975,45.899,0.80284,0.004652,-0.1912,0.360772,50,351.19,2,713,32.34
AVGO,2026-10-01,2026-11-20,320.0,C,39.75,40.75,40.25,43.3905,0.756099,0.00556,-0.201574,0.407627,50,351.19,68,875,32.34
AVGO,2026-10-01,2026-11-20,330.0,C,32.6,33.65,33.125,42.2003,0.695638,0.00638,-0.215111,0.454873,50,351.19,22,1061,32.34
AVGO,2026-10-01,2026-11-20,340.0,C,26.0,27.45,26.725,41.5472,0.626792,0.007011,-0.225649,0.492135,50,351.19,192,4868,32.34
AVGO,2026-10-01,2026-11-20,350.0,C,21.0,21.45,21.225,39.9115,0.553381,0.007621,-0.224114,0.513901,50,351.19,528,4447,32.34
AVGO,2026-10-01,2026-11-20,360.0,C,16.3,17.0,16.65,39.8505,0.477349,0.007689,-0.222876,0.517714,50,351.19,934,4434,32.34
AVGO,2026-10-01,2026-11-20,370.0,C,12.6,13.0,12.8,39.2493,0.401862,0.007582,-0.21143,0.50278,50,351.19,1028,4739,32.34
AVGO,2026-10-01,2026-11-20,380.0,C,9.65,10.05,9.85,39.3927,0.333595,0.007103,-0.198014,0.472758,50,351.19,870,6200,32.34
AVGO,2026-10-01,2026-11-20,390.0,C,7.3,7.65,7.475,39.4598,0.271964,0.00647,-0.179871,0.431334,50,351.19,393,6256,32.34
AVGO,2026-10-01,2026-11-20,400.0,C,5.5,5.95,5.725,40.0488,0.22166,0.005713,-0.162711,0.386526,50,351.19,1068,8964,32.34
AVGO,2026-10-01,2026-11-20,410.0,C,4.1,4.35,4.225,39.8199,0.173763,0.004958,-0.139059,0.333553,50,351.19,123,2522,32.34
AVGO,2026-10-01,2026-11-20,420.0,C,2.96,3.25,3.105,40.0397,0.13653,0.004204,-0.118794,0.284401,50,351.19,201,3451,32.34
AVGO,2026-10-01,2026-11-20,430.0,C,2.22,2.82,2.52,41.9439,0.116833,0.0036,-0.111226,0.255146,50,351.19,233,2974,32.34
AVGO,2026-10-01,2026-11-20,440.0,C,1.66,1.97,1.815,41.4435,0.087376,0.002949,-0.088734,0.206478,50,351.19,121,3326,32.34
AVGO,2026-10-01,2026-11-20,450.0,C,1.26,1.75,1.505,43.2989,0.076008,0.002541,-0.083231,0.185877,50,351.19,168,2398,32.34
AVGO,2026-10-01,2026-11-20,460.0,C,1.16,1.25,1.205,43.067,0.057179,0.002049,-0.066284,0.149092,50,351.19,125,2022,32.34
AVGO,2026-10-01,2026-11-20,470.0,C,0.75,1.06,0.905,44.2999,0.048293,0.001742,-0.059515,0.13039,50,351.19,13,1537,32.34
AVGO,2026-10-01,2026-11-20,480.0,C,0.68,1.03,0.855,46.5582,0.045032,0.001567,-0.059025,0.123276,50,351.19,24,1476,32.34
AVGO,2026-10-01,2026-11-20,490.0,C,0.46,0.87,0.665,47.5591,0.038126,0.001341,-0.052611,0.10772,50,351.19,11,1829,32.34
AVGO,2026-10-01,2026-11-20,500.0,C,0.56,0.66,0.61,47.6446,0.029788,0.001092,-0.042971,0.087922,50,351.19,134,5106,32.34
AVGO,2026-10-01,2026-11-20,510.0,C,0.26,0.65,0.455,49.6831,0.028265,0.001003,-0.042842,0.084171,50,351.19,1,52,32.34
AVGO,2026-10-01,2026-11-20,520.0,C,0.38,0.45,0.415,49.0239,0.020574,0.000778,-0.032349,0.064462,50,351.19,14,1541,32.34
AVGO,2026-10-01,2026-11-20,540.0,C,0.11,0.45,0.28,52.9302,0.019223,0.00068,-0.032905,0.060853,50,351.19,5,710,32.34
AVGO,2026-10-01,2026-11-20,560.0,C,0.05,0.35,0.2,51.0747,0.009523,0.000385,-0.017301,0.033194,50,351.19,148,913,32.34
AVGO,2026-10-01,2026-11-20,580.0,C,0.01,0.3,0.155,52.7348,0.007251,0.000293,-0.014044,0.02613,50,351.19,5,563,32.34
AVGO,2026-10-01,2026-11-20,600.0,C,0.08,0.2,0.14,55.1762,0.006323,0.000248,-0.013004,0.023152,50,351.19,1,688,32.34
AVGO,2026-10-01,2026-11-20,620.0,C,0.02,0.2,0.11,56.6411,0.004938,0.000194,-0.010707,0.018587,50,351.19,13,334,32.34
AVGO,2026-10-01,2026-11-20,630.0,C,0.01,0.2,0.105,57.8129,0.004684,0.000182,-0.010421,0.017732,50,351.19,103,4307,32.34
AVGO,2026-10-01,2026-11-20,640.0,C,0.0,0.3,0.15,61.3285,0.006103,0.000217,-0.013981,0.022437,50,351.19,6,626,32.34
AVGO,2026-10-01,2026-11-20,650.0,C,0.04,0.18,0.11,60.7426,0.004642,0.000171,-0.010852,0.017589,50,351.19,1,1040,32.34
AVGO,2026-10-01,2026-11-20,660.0,C,0.0,0.32,0.16,64.5023,0.006205,0.000209,-0.01491,0.022769,50,351.19,2,67,32.34
AVGO,2026-10-01,2026-11-20,670.0,C,0.01,0.13,0.07,60.5473,0.003018,0.000117,-0.007349,0.011957,50,351.19,1,160,32.34
AVGO,2026-10-01,2026-11-20,680.0,C,0.0,0.32,0.16,67.0902,0.005958,0.000194,-0.014948,0.021962,50,351.19,1,214,32.34
AVGO,2026-10-01,2026-11-20,690.0,C,0.01,0.53,0.27,72.4612,0.009051,0.000259,-0.023328,0.031749,50,351.19,1,531,32.34
AVGO,2026-10-01,2026-11-20,700.0,C,0.01,0.2,0.105,66.6996,0.004046,0.000138,-0.010521,0.015556,50,351.19,6,399,32.34
AVGO,2026-10-01,2026-11-20,710.0,C,0.0,0.31,0.155,70.6058,0.005512,0.000172,-0.014669,0.020497,50,351.19,2,250,32.34
AVGO,2026-10-01,2026-11-20,720.0,C,0.0,0.12,0.06,65.6253,0.002465,9e-05,-0.006625,0.00996,50,351.19,3,182,32.34
AVGO,2026-10-01,2026-11-20,730.0,C,0.0,0.24,0.12,71.1917,0.004341,0.000138,-0.011952,0.01657,50,351.19,2,110,32.34
AVGO,2026-10-01,2026-11-20,740.0,C,0.0,0.04,0.02,61.7191,0.000891,3.8e-05,-0.002462,0.003936,50,351.19,20,1732,32.34
AVGO,2026-10-01,2026-11-20,155.0,P,0.0,0.85,0.425,99.707,-0.00785,0.000166,-0.027593,0.028021,50,351.19,1,483,32.34
AVGO,2026-10-01,2026-11-20,160.0,P,0.0,1.67,0.835,106.3237,-0.013604,0.000252,-0.047502,0.045252,50,351.19,1,120,32.34
AVGO,2026-10-01,2026-11-20,165.0,P,0.0,1.74,0.87,103.2231,-0.01453,0.000275,-0.048788,0.047895,50,351.19,9,229,32.34
AVGO,2026-10-01,2026-11-20,170.0,P,0.0,1.05,0.525,92.0411,-0.010271,0.000228,-0.032187,0.035459,50,351.19,1,529,32.34
AVGO,2026-10-01,2026-11-20,175.0,P,0.0,1.64,0.82,95.0196,-0.014923,0.000305,-0.045906,0.049007,50,351.19,4,576,32.34
AVGO,2026-10-01,2026-11-20,180.0,P,0.0,1.0,0.5,84.8634,-0.010652,0.000255,-0.030601,0.036604,50,351.19,3,366,32.34
AVGO,2026-10-01,2026-11-20,185.0,P,0.0,1.42,0.71,86.1818,-0.014398,0.000326,-0.040324,0.047519,50,351.19,12,284,32.34
AVGO,2026-10-01,2026-11-20,190.0,P,0.0,0.87,0.435,77.051,-0.010278,0.000273,-0.026898,0.035481,50,351.19,11,193,32.34
AVGO,2026-10-01,2026-11-20,195.0,P,0.0,0.1,0.05,57.227,-0.001809,7.8e-05,-0.004231,0.007524,50,351.19,17,1793,32.34
AVGO,2026-10-01,2026-11-20,200.0,P,0.02,0.05,0.035,53.1255,-0.001396,6.6e-05,-0.003098,0.00594,50,351.19,235,1319,32.34
AVGO,2026-10-01,2026-11-20,210.0,P,0.01,0.13,0.07,52.3442,-0.002721,0.000123,-0.005589,0.010891,50,351.19,9,855,32.34
AVGO,2026-10-01,2026-11-20,220.0,P,0.05,0.11,0.08,50.3911,-0.004262,0.000191,-0.008038,0.0163,50,351.19,2,461,32.34
AVGO,2026-10-01,2026-11-20,230.0,P,0.02,0.15,0.085,47.7544,-0.005964,0.000272,-0.010253,0.021983,50,351.19,21,2680,32.34
AVGO,2026-10-01,2026-11-20,240.0,P,0.16,0.21,0.185,45.313,-0.008501,0.000393,-0.013268,0.030052,50,351.19,2,1764,32.34
AVGO,2026-10-01,2026-11-20,250.0,P,0.26,0.44,0.35,45.7037,-0.016735,0.0007,-0.024021,0.054069,50,351.19,1,1889,32.34
AVGO,2026-10-01,2026-11-20,260.0,P,0.3,0.65,0.475,43.897,-0.024668,0.001013,-0.031957,0.07512,50,351.19,44,4873,32.34
AVGO,2026-10-01,2026-11-20,270.0,P,0.61,0.98,0.795,42.3712,-0.036722,0.001459,-0.042746,0.104467,50,351.19,42,2249,32.34
AVGO,2026-10-01,2026-11-20,280.0,P,1.07,1.24,1.155,39.4171,-0.048097,0.001952,-0.049244,0.129965,50,351.19,73,7756,32.34
AVGO,2026-10-01,2026-11-20,290.0,P,1.77,1.93,1.85,38.3673,-0.072413,0.002763,-0.065729,0.179123,50,351.19,167,10711,32.34
AVGO,2026-10-01,2026-11-20,300.0,P,2.7,2.99,2.845,37.5739,-0.1071,0.003777,-0.085639,0.239758,50,351.19,188,16573,32.34
AVGO,2026-10-01,2026-11-20,310.0,P,4.35,4.75,4.55,37.58,-0.157166,0.004923,-0.110898,0.312574,50,351.19,375,11493,32.34
AVGO,2026-10-01,2026-11-20,320.0,P,6.6,6.7,6.65,36.4234,-0.212357,0.006127,-0.128432,0.377066,50,351.19,1022,8930,32.34
AVGO,2026-10-01,2026-11-20,330.0,P,9.4,9.7,9.55,36.2403,-0.283591,0.00719,-0.147563,0.440243,50,351.19,473,8828,32.34
AVGO,2026-10-01,2026-11-20,340.0,P,12.9,14.0,13.45,37.049,-0.365058,0.007806,-0.165426,0.488595,50,351.19,874,8990,32.34
AVGO,2026-10-01,2026-11-20,350.0,P,17.35,18.75,18.05,37.0246,-0.44687,0.008216,-0.171017,0.513945,50,351.19,668,10409,32.34
AVGO,2026-10-01,2026-11-20,360.0,P,22.55,23.5,23.025,35.4255,-0.532401,0.008635,-0.160003,0.516839,50,351.19,396,6337,32.34
AVGO,2026-10-01,2026-11-20,370.0,P,28.55,30.25,29.4,36.1426,-0.610985,0.008161,-0.153256,0.498352,50,351.19,106,3577,32.34
AVGO,2026-10-01,2026-11-20,380.0,P,35.3,37.9,36.6,37.348,-0.677717,0.007388,-0.143843,0.466206,50,351.19,253,3351,32.34
AVGO,2026-10-01,2026-11-20,390.0,P,43.0,45.2,44.1,36.4691,-0.747989,0.006732,-0.117486,0.414805,50,351.19,7,2265,32.34
AVGO,2026-10-01,2026-11-20,400.0,P,50.6,53.95,52.275,37.8973,-0.79341,0.005794,-0.104098,0.371007,50,351.19,18,3106,32.34
AVGO,2026-10-01,2026-11-20,410.0,P,59.35,62.65,61.0,38.2513,-0.837404,0.004945,-0.083093,0.319597,50,351.19,21,1094,32.34
AVGO,2026-10-01,2026-11-20,420.0,P,68.5,71.4,69.95,37.5922,-0.880353,0.004085,-0.055765,0.259475,50,351.19,20,1118,32.34
AVGO,2026-10-01,2026-11-20,430.0,P,77.9,81.1,79.5,39.7589,-0.897015,0.003469,-0.049174,0.233054,50,351.19,2,689,32.34
AVGO,2026-10-01,2026-11-20,440.0,P,88.25,90.7,89.475,41.0711,-0.914777,0.002921,-0.038008,0.202659,50,351.19,11,552,32.34
AVGO,2026-10-01,2026-11-20,450.0,P,97.3,100.45,98.875,42.7252,-0.927002,0.002497,-0.030236,0.180232,50,351.19,2,427,32.34
AVGO,2026-10-01,2026-11-20,460.0,P,106.85,110.6,108.725,46.4361,-0.926796,0.002302,-0.035999,0.180621,50,351.19,2,488,32.34
AVGO,2026-10-01,2026-11-20,470.0,P,116.8,120.55,118.675,48.9141,-0.931705,0.002072,-0.034603,0.171238,50,351.19,1,47,32.34
AVGO,2026-10-01,2026-11-20,480.0,P,126.8,130.55,128.675,51.5752,-0.934797,0.001896,-0.034833,0.165208,50,351.19,3,16,32.34
AVGO,2026-10-01,2026-11-20,490.0,P,136.75,140.75,138.75,55.3837,-0.932604,0.001811,-0.042464,0.169495,50,351.19,111,13,32.34
AVGO,2026-10-01,2026-11-20,500.0,P,146.75,150.45,148.6,56.0063,-0.942258,0.001588,-0.0313,0.150246,50,351.19,1,9,32.34
AVGO,2026-10-01,2026-11-20,520.0,P,166.75,170.55,168.65,61.4384,-0.94387,0.001416,-0.035159,0.146934,50,351.19,11,2,32.34
AVGO,2026-10-01,2026-11-20,560.0,P,199.25,202.25,200.75,0.001,-1.0,0.0,0.06149,0.0,50,351.19,1,3,32.34
AVGO,2026-10-01,2026-11-20,580.0,P,226.75,230.55,228.65,74.3045,-0.952213,0.00103,-0.034047,0.129295,50,351.19,3,0,32.34
AVGO,2026-10-01,2026-11-20,600.0,P,246.8,250.65,248.725,78.9553,-0.952325,0.000967,-0.037658,0.129052,50,351.19,33,0,32.34
AVGO,2026-10-01,2026-11-20,620.0,P,266.75,270.75,268.75,83.4596,-0.952317,0.000915,-0.04128,0.12907,50,351.19,1,0,32.34
AVGO,2026-10-01,2026-11-20,630.0,P,276.75,280.75,278.75,85.2785,-0.953151,0.000883,-0.040951,0.127256,50,351.19,1,0,32.34
AVGO,2026-10-01,2026-11-20,640.0,P,286.75,290.75,288.75,87.0607,-0.953932,0.000854,-0.040605,0.12555,50,351.19,1,1,32.34
AVGO,2026-10-01,2026-11-20,650.0,P,289.1,292.45,290.775,0.001,-1.0,0.0,0.071372,0.0,50,351.19,2,0,32.34
AVGO,2026-10-01,2026-11-20,660.0,P,299.1,302.4,300.75,0.001,-1.0,0.0,0.07247,0.0,50,351.19,2,0,32.34
AVGO,2026-10-01,2026-11-20,670.0,P,274.4,277.25,275.825,0.001,-1.0,0.0,0.073568,0.0,50,351.19,2,0,32.34
AVGO,2026-10-01,2026-11-20,720.0,P,359.1,362.4,360.75,0.001,-1.0,0.0,0.079058,0.0,50,351.19,0,0,32.34
AVGO,2026-10-01,2026-12-18,66.0,C,284.1,288.1,286.1,176.7091,0.993157,6.7e-05,-0.041993,0.03101,78,351.19,2,157,32.34
AVGO,2026-10-01,2026-12-18,68.0,C,282.25,286.1,284.175,175.7814,0.992603,7.2e-05,-0.044483,0.033215,78,351.19,1,17,32.34
AVGO,2026-10-01,2026-12-18,70.0,C,286.4,290.3,288.35,260.7669,0.974281,0.000141,-0.168325,0.097163,78,351.19,2,295,32.34
AVGO,2026-10-01,2026-12-18,74.0,C,282.45,286.35,284.4,252.1732,0.972955,0.000152,-0.170094,0.101333,78,351.19,5,17,32.34
AVGO,2026-10-01,2026-12-18,80.0,C,270.3,274.25,272.275,161.133,0.991105,9.2e-05,-0.048643,0.039057,78,351.19,1,165,32.34
AVGO,2026-10-01,2026-12-18,82.0,C,268.35,272.25,270.3,159.0822,0.990798,9.6e-05,-0.049535,0.040234,78,351.19,1,19,32.34
AVGO,2026-10-01,2026-12-18,84.0,C,266.4,270.3,268.35,157.6662,0.990331,0.000101,-0.051167,0.042017,78,351.19,1,107,32.34
AVGO,2026-10-01,2026-12-18,86.0,C,264.2,268.3,266.25,152.8811,0.990773,0.0001,-0.048473,0.040331,78,351.19,2,27,32.34
AVGO,2026-10-01,2026-12-18,88.0,C,298.75,302.5,300.625,421.6313,0.954394,0.00014,-0.42424,0.155549,78,351.19,6,21,32.34
AVGO,2026-10-01,2026-12-18,90.0,C,266.65,270.55,268.6,222.6323,0.967545,0.000201,-0.176056,0.11789,78,351.19,2,460,32.34
AVGO,2026-10-01,2026-12-18,92.0,C,264.8,268.6,266.7,219.9834,0.966686,0.000208,-0.177848,0.120456,78,351.19,1,27,32.34
AVGO,2026-10-01,2026-12-18,95.0,C,238.15,241.9,240.025,0.001,1.0,0.0,-0.010399,0.0,78,351.19,5,149,32.34
AVGO,2026-10-01,2026-12-18,100.0,C,250.5,254.45,252.475,141.553,0.988089,0.000135,-0.056067,0.050379,78,351.19,1,593,32.34
AVGO,2026-10-01,2026-12-18,102.0,C,248.6,252.45,250.525,140.3323,0.987567,0.000141,-0.057585,0.05229,78,351.19,2,37,32.34
AVGO,2026-10-01,2026-12-18,105.0,C,245.55,249.5,247.525,137.2073,0.987267,0.000148,-0.057814,0.05338,78,351.19,1,5,32.34
AVGO,2026-10-01,2026-12-18,108.0,C,288.7,291.75,290.225,405.8355,0.941929,0.000176,-0.494875,0.188498,78,351.19,1,23,32.34
AVGO,2026-10-01,2026-12-18,110.0,C,246.9,250.85,248.875,193.5059,0.960337,0.000272,-0.182041,0.138941,78,351.19,2,116,32.34
AVGO,2026-10-01,2026-12-18,112.0,C,238.7,242.55,240.625,131.9339,0.985842,0.000168,-0.06104,0.058501,78,351.19,5,50,32.34
AVGO,2026-10-01,2026-12-18,114.0,C,124.8,126.75,125.775,0.001,1.0,0.0,-0.012479,0.0,78,351.19,1,13,32.34
AVGO,2026-10-01,2026-12-18,115.0,C,235.65,239.6,237.625,129.1019,0.985499,0.000176,-0.061302,0.059719,78,351.19,3,19,32.34
AVGO,2026-10-01,2026-12-18,120.0,C,230.7,234.65,232.675,125.2445,0.984578,0.000191,-0.062937,0.062964,78,351.19,2,248,32.34
AVGO,2026-10-01,2026-12-18,122.0,C,228.8,232.65,230.725,124.1947,0.98397,0.000199,-0.064394,0.065087,78,351.19,1,10,32.34
AVGO,2026-10-01,2026-12-18,124.0,C,271.1,274.8,272.95,353.5646,0.927777,0.00024,-0.511885,0.223276,78,351.19,1,7,32.34
AVGO,2026-10-01,2026-12-18,125.0,C,234.05,237.3,235.675,184.8878,0.950124,0.000343,-0.208799,0.167105,78,351.19,100,71,32.34
AVGO,2026-10-01,2026-12-18,126.0,C,271.25,274.4,272.825,356.714,0.926657,0.00024,-0.522414,0.225921,78,351.19,1,16,32.34
AVGO,2026-10-01,2026-12-18,128.0,C,219.65,223.2,221.425,65.6253,0.999773,8e-06,-0.014583,0.001382,78,351.19,1,29,32.34
AVGO,2026-10-01,2026-12-18,130.0,C,220.7,224.75,222.725,117.2856,0.982994,0.000221,-0.06489,0.068466,78,351.19,10,105,32.34
AVGO,2026-10-01,2026-12-18,132.0,C,128.3,130.25,129.275,0.001,1.0,0.0,-0.014449,0.0,78,351.19,1,53,32.34
AVGO,2026-10-01,2026-12-18,134.0,C,216.85,220.8,218.825,115.308,0.9817,0.00024,-0.067666,0.072886,78,351.19,1,235,32.34
AVGO,2026-10-01,2026-12-18,135.0,C,222.35,226.15,224.25,164.6486,0.950321,0.000384,-0.187819,0.166579,78,351.19,1,43,32.34
AVGO,2026-10-01,2026-12-18,138.0,C,212.95,216.85,214.9,113.0131,0.980568,0.000258,-0.069747,0.076704,78,351.19,1,245,32.34
AVGO,2026-10-01,2026-12-18,140.0,C,210.8,214.85,212.825,110.4985,0.980901,0.00026,-0.067959,0.075588,78,351.19,8,159,32.34
AVGO,2026-10-01,2026-12-18,142.0,C,209.0,212.9,210.95,110.4619,0.979595,0.000275,-0.071187,0.079953,78,351.19,42,202,32.34
AVGO,2026-10-01,2026-12-18,144.0,C,213.45,217.3,215.375,155.5788,0.946428,0.000431,-0.189228,0.176878,78,351.19,1,86,32.34
AVGO,2026-10-01,2026-12-18,146.0,C,205.05,208.9,206.975,107.6665,0.978804,0.000291,-0.071965,0.082568,78,351.19,1,52,32.34
AVGO,2026-10-01,2026-12-18,148.0,C,279.15,282.4,280.775,423.4441,0.922861,0.00021,-0.642105,0.234783,78,351.19,3,39,32.34
AVGO,2026-10-01,2026-12-18,150.0,C,201.05,204.95,203.0,104.9565,0.977978,0.000308,-0.072759,0.085281,78,351.19,8,327,32.34
AVGO,2026-10-01,2026-12-18,152.0,C,199.1,203.0,201.05,104.0288,0.977238,0.00032,-0.074045,0.087692,78,351.19,32,231,32.34
AVGO,2026-10-01,2026-12-18,154.0,C,196.95,201.0,198.975,101.7583,0.977572,0.000323,-0.0723,0.086607,78,351.19,4,96,32.34
AVGO,2026-10-01,2026-12-18,156.0,C,195.15,199.0,197.075,101.3921,0.976373,0.000339,-0.074782,0.090489,78,351.19,1,47,32.34
AVGO,2026-10-01,2026-12-18,160.0,C,191.3,195.1,193.2,99.8047,0.974608,0.000365,-0.077827,0.096129,78,351.19,1,393,32.34
AVGO,2026-10-01,2026-12-18,162.0,C,195.9,199.55,197.725,139.5633,0.937633,0.000542,-0.192748,0.199328,78,351.19,1,88,32.34
AVGO,2026-10-01,2026-12-18,164.0,C,165.25,168.65,166.95,0.001,1.0,0.0,-0.017952,0.0,78,351.19,2,110,32.34
AVGO,2026-10-01,2026-12-18,166.0,C,185.5,189.15,187.325,96.8262,0.972391,0.000404,-0.080872,0.103094,78,351.19,1,242,32.34
AVGO,2026-10-01,2026-12-18,170.0,C,181.8,185.2,183.5,95.6299,0.970062,0.000438,-0.084812,0.110273,78,351.19,3,679,32.34
AVGO,2026-10-01,2026-12-18,172.0,C,238.55,242.0,240.275,306.8667,0.888495,0.000381,-0.614292,0.308257,78,351.19,2,282,32.34
AVGO,2026-10-01,2026-12-18,174.0,C,254.55,257.95,256.25,361.8043,0.8964,0.000307,-0.684512,0.292347,78,351.19,5,95,32.34
AVGO,2026-10-01,2026-12-18,175.0,C,176.25,180.25,178.25,90.149,0.971313,0.000448,-0.079341,0.106434,78,351.19,5,132,32.34
AVGO,2026-10-01,2026-12-18,176.0,C,175.35,179.25,177.3,89.9415,0.970632,0.000458,-0.080485,0.108528,78,351.19,1,247,32.34
AVGO,2026-10-01,2026-12-18,178.0,C,218.9,222.5,220.7,254.5231,0.879636,0.000485,-0.540711,0.325453,78,351.19,1,334,32.34
AVGO,2026-10-01,2026-12-18,180.0,C,171.4,175.3,173.35,87.7931,0.969328,0.000486,-0.081615,0.112512,78,351.19,1,599,32.34
AVGO,2026-10-01,2026-12-18,182.0,C,169.35,173.35,171.35,86.5358,0.968889,0.000499,-0.081648,0.113842,78,351.19,1,277,32.34
AVGO,2026-10-01,2026-12-18,184.0,C,167.5,171.35,169.425,85.8888,0.967715,0.000519,-0.083289,0.117379,78,351.19,10,560,32.34
AVGO,2026-10-01,2026-12-18,185.0,C,166.65,170.4,168.525,86.0597,0.966504,0.000533,-0.085466,0.120998,78,351.19,2,215,32.34
AVGO,2026-10-01,2026-12-18,186.0,C,165.55,169.4,167.475,85.0343,0.966771,0.000536,-0.084362,0.120201,78,351.19,2,69,32.34
AVGO,2026-10-01,2026-12-18,188.0,C,163.55,167.4,165.475,83.8014,0.966299,0.000551,-0.084368,0.121607,78,351.19,10,122,32.34
AVGO,2026-10-01,2026-12-18,190.0,C,161.3,165.45,163.375,81.8117,0.966834,0.000557,-0.082232,0.120015,78,351.19,10,318,32.34
AVGO,2026-10-01,2026-12-18,192.0,C,166.45,170.05,168.25,116.0527,0.920705,0.000784,-0.195349,0.239743,78,351.19,1,214,32.34
AVGO,2026-10-01,2026-12-18,194.0,C,164.45,168.1,166.275,114.5695,0.919485,0.000803,-0.195284,0.242528,78,351.19,1,412,32.34
AVGO,2026-10-01,2026-12-18,195.0,C,156.65,160.55,158.6,80.4934,0.963296,0.000615,-0.086977,0.130426,78,351.19,1,68,32.34
AVGO,2026-10-01,2026-12-18,196.0,C,155.8,159.55,157.675,80.4201,0.962284,0.000629,-0.08849,0.13336,78,351.19,1,41,32.34
AVGO,2026-10-01,2026-12-18,198.0,C,160.55,164.15,162.35,111.7314,0.916885,0.000844,-0.195413,0.248408,78,351.19,1,122,32.34
AVGO,2026-10-01,2026-12-18,200.0,C,151.9,155.6,153.75,78.5647,0.960414,0.00067,-0.089963,0.138723,78,351.19,3,1115,32.34
AVGO,2026-10-01,2026-12-18,205.0,C,146.95,150.7,148.825,76.1233,0.9582,0.000723,-0.091302,0.144985,78,351.19,1,147,32.34
AVGO,2026-10-01,2026-12-18,210.0,C,141.9,145.8,143.85,73.4134,0.956392,0.000775,-0.091635,0.150034,78,351.19,1,614,32.34
AVGO,2026-10-01,2026-12-18,215.0,C,137.05,140.9,138.975,71.3504,0.953395,0.000842,-0.09384,0.158278,78,351.19,1,345,32.34
AVGO,2026-10-01,2026-12-18,220.0,C,132.05,136.05,134.05,68.9945,0.950822,0.000909,-0.094968,0.165238,78,351.19,1,358,32.34
AVGO,2026-10-01,2026-12-18,225.0,C,127.25,131.15,129.2,67.078,0.947237,0.000988,-0.097424,0.174755,78,351.19,2,2419,32.34
AVGO,2026-10-01,2026-12-18,230.0,C,122.3,126.3,124.3,64.8807,0.944065,0.00107,-0.098813,0.183017,78,351.19,2,245,32.34
AVGO,2026-10-01,2026-12-18,235.0,C,117.6,121.5,119.55,63.4281,0.938962,0.001172,-0.102714,0.196005,78,351.19,3,414,32.34
AVGO,2026-10-01,2026-12-18,240.0,C,113.2,116.4,114.8,61.8961,0.933662,0.001282,-0.10631,0.209123,78,351.19,5,771,32.34
AVGO,2026-10-01,2026-12-18,245.0,C,108.45,111.6,110.025,60.2055,0.928382,0.001398,-0.109272,0.22184,78,351.19,2,429,32.34
AVGO,2026-10-01,2026-12-18,250.0,C,103.8,106.4,105.1,57.8617,0.924578,0.001513,-0.109654,0.230795,78,351.19,2,465,32.34
AVGO,2026-10-01,2026-12-18,255.0,C,99.0,102.35,100.675,57.4406,0.914744,0.001672,-0.117386,0.253196,78,351.19,2,1073,32.34
AVGO,2026-10-01,2026-12-18,260.0,C,94.4,97.65,96.025,56.0246,0.907181,0.001827,-0.121245,0.269732,78,351.19,1,526,32.34
AVGO,2026-10-01,2026-12-18,265.0,C,89.8,92.95,91.375,54.5354,0.899235,0.001993,-0.124738,0.286505,78,351.19,2,321,32.34
AVGO,2026-10-01,2026-12-18,270.0,C,85.2,88.0,86.6,52.5762,0.892265,0.00217,-0.126191,0.300737,78,351.19,16,383,32.34
AVGO,2026-10-01,2026-12-18,275.0,C,80.75,83.4,82.075,51.3372,0.882079,0.002371,-0.130501,0.320775,78,351.19,1,591,32.34
AVGO,2026-10-01,2026-12-18,280.0,C,76.35,79.0,77.675,50.3362,0.87011,0.002587,-0.135712,0.343236,78,351.19,16,349,32.34
AVGO,2026-10-01,2026-12-18,290.0,C,67.9,70.65,69.275,52.1703,0.828974,0.002999,-0.162072,0.41241,78,351.19,11,365,32.34
AVGO,2026-10-01,2026-12-18,300.0,C,60.0,62.65,61.325,50.6047,0.79595,0.003449,-0.172977,0.459995,78,351.19,2,1620,32.34
AVGO,2026-10-01,2026-12-18,310.0,C,53.0,54.9,53.95,48.8897,0.759006,0.003926,-0.181713,0.505829,78,351.19,12,2433,32.34
AVGO,2026-10-01,2026-12-18,320.0,C,45.85,47.9,46.875,47.8704,0.71561,0.004364,-0.191247,0.550604,78,351.19,2,1652,32.34
AVGO,2026-10-01,2026-12-18,330.0,C,40.0,41.5,40.75,47.1014,0.667945,0.004748,-0.199114,0.589394,78,351.19,13,2087,32.34
AVGO,2026-10-01,2026-12-18,340.0,C,34.15,35.75,34.95,46.5826,0.617163,0.005046,-0.204832,0.619533,78,351.19,31,1392,32.34
AVGO,2026-10-01,2026-12-18,350.0,C,28.45,30.1,29.275,45.4168,0.564411,0.00534,-0.204521,0.639209,78,351.19,302,5649,32.34
AVGO,2026-10-01,2026-12-18,360.0,C,24.7,25.5,25.1,45.0781,0.510619,0.005449,-0.203947,0.647439,78,351.19,302,4179,32.34
AVGO,2026-10-01,2026-12-18,370.0,C,20.45,21.65,21.05,45.0994,0.458302,0.005419,-0.201488,0.644128,78,351.19,161,4979,32.34
AVGO,2026-10-01,2026-12-18,380.0,C,17.4,18.1,17.75,44.8339,0.407013,0.005331,-0.194747,0.629995,78,351.19,52,7194,32.34
AVGO,2026-10-01,2026-12-18,390.0,C,14.45,15.15,14.8,44.8034,0.359067,0.005139,-0.186447,0.606822,78,351.19,72,2541,32.34
AVGO,2026-10-01,2026-12-18,400.0,C,12.05,12.4,12.225,44.4036,0.312279,0.00491,-0.174213,0.574571,78,351.19,452,8931,32.34
AVGO,2026-10-01,2026-12-18,410.0,C,10.05,10.4,10.225,44.6661,0.272622,0.004582,-0.163797,0.539383,78,351.19,53,2951,32.34
AVGO,2026-10-01,2026-12-18,420.0,C,8.0,8.75,8.375,45.0201,0.237519,0.004229,-0.153014,0.501831,78,351.19,166,7679,32.34
AVGO,2026-10-01,2026-12-18,430.0,C,6.65,7.25,6.95,45.1299,0.204729,0.003875,-0.14043,0.460905,78,351.19,73,3080,32.34
AVGO,2026-10-01,2026-12-18,440.0,C,5.6,6.5,6.05,46.4727,0.183553,0.003521,-0.134827,0.431238,78,351.19,21,2759,32.34
AVGO,2026-10-01,2026-12-18,450.0,C,4.65,5.1,4.875,45.8013,0.152824,0.003175,-0.117851,0.383249,78,351.19,57,7095,32.34
AVGO,2026-10-01,2026-12-18,460.0,C,3.8,4.55,4.175,46.9244,0.136523,0.002872,-0.111607,0.355204,78,351.19,26,2893,32.34
AVGO,2026-10-01,2026-12-18,470.0,C,3.25,3.7,3.475,46.8145,0.115355,0.00256,-0.098813,0.315811,78,351.19,27,3012,32.34
AVGO,2026-10-01,2026-12-18,480.0,C,2.7,3.45,3.075,48.3343,0.105987,0.002333,-0.095793,0.297209,78,351.19,13,2927,32.34
AVGO,2026-10-01,2026-12-18,490.0,C,2.13,2.92,2.525,48.6455,0.091689,0.002085,-0.086566,0.267298,78,351.19,291,2084,32.34
AVGO,2026-10-01,2026-12-18,500.0,C,2.05,2.27,2.16,48.0474,0.074831,0.001812,-0.073295,0.229415,78,351.19,36,7940,32.34
AVGO,2026-10-01,2026-12-18,510.0,C,1.33,2.18,1.755,49.6465,0.070331,0.001672,-0.072096,0.218771,78,351.19,2,868,32.34
AVGO,2026-10-01,2026-12-18,520.0,C,1.37,2.0,1.685,50.6963,0.064145,0.001525,-0.068465,0.20374,78,351.19,1,1596,32.34
AVGO,2026-10-01,2026-12-18,530.0,C,0.92,1.76,1.34,51.27,0.056871,0.001372,-0.062942,0.185427,78,351.19,14,1104,32.34
AVGO,2026-10-01,2026-12-18,540.0,C,1.02,1.55,1.285,50.1104,0.044162,0.001148,-0.05025,0.15157,78,351.19,2,2431,32.34
AVGO,2026-10-01,2026-12-18,560.0,C,0.9,1.26,1.08,51.8804,0.036746,0.000955,-0.044716,0.130551,78,351.19,3,1056,32.34
AVGO,2026-10-01,2026-12-18,570.0,C,0.47,0.96,0.715,50.1226,0.026362,0.000751,-0.032809,0.099191,78,351.19,22,941,32.34
AVGO,2026-10-01,2026-12-18,580.0,C,0.38,1.11,0.745,51.9048,0.026492,0.000728,-0.03408,0.0996,78,351.19,196,636,32.34
AVGO,2026-10-01,2026-12-18,590.0,C,0.46,0.95,0.705,52.9057,0.024779,0.000675,-0.032819,0.094181,78,351.19,1,1733,32.34
AVGO,2026-10-01,2026-12-18,600.0,C,0.5,0.66,0.58,52.8081,0.020841,0.000585,-0.028295,0.081397,78,351.19,20,1731,32.34
AVGO,2026-10-01,2026-12-18,620.0,C,0.25,0.74,0.495,54.2973,0.01766,0.000494,-0.025238,0.070708,78,351.19,2,657,32.34
AVGO,2026-10-01,2026-12-18,630.0,C,0.2,0.67,0.435,54.6147,0.015606,0.000442,-0.022824,0.06361,78,351.19,5,118,32.34
AVGO,2026-10-01,2026-12-18,640.0,C,0.21,0.64,0.425,55.6645,0.014999,0.000419,-0.02247,0.061478,78,351.19,4,423,32.34
AVGO,2026-10-01,2026-12-18,650.0,C,0.29,0.58,0.435,57.0317,0.014979,0.000409,-0.02298,0.061406,78,351.19,2,468,32.34
AVGO,2026-10-01,2026-12-18,660.0,C,0.07,0.58,0.325,56.1528,0.011679,0.000335,-0.018243,0.049527,78,351.19,1,90,32.34
AVGO,2026-10-01,2026-12-18,670.0,C,0.01,0.58,0.295,56.6411,0.010634,0.000306,-0.016954,0.045653,78,351.19,2,194,32.34
AVGO,2026-10-01,2026-12-18,680.0,C,0.0,0.74,0.37,59.3266,0.012519,0.000336,-0.020448,0.052603,78,351.19,1,1141,32.34
AVGO,2026-10-01,2026-12-18,690.0,C,0.01,0.51,0.26,57.9594,0.009273,0.000265,-0.015379,0.040505,78,351.19,1,504,32.34
AVGO,2026-10-01,2026-12-18,700.0,C,0.01,0.48,0.245,58.5942,0.008674,0.000247,-0.014659,0.038206,78,351.19,3,1570,32.34
AVGO,2026-10-01,2026-12-18,710.0,C,0.0,0.46,0.23,59.2289,0.008139,0.000231,-0.014006,0.036128,78,351.19,1,65,32.34
AVGO,2026-10-01,2026-12-18,720.0,C,0.02,0.45,0.235,60.352,0.008133,0.000227,-0.014256,0.036104,78,351.19,1,82,32.34
AVGO,2026-10-01,2026-12-18,730.0,C,0.02,0.43,0.225,61.0355,0.007723,0.000214,-0.013772,0.0345,78,351.19,1,163,32.34
AVGO,2026-10-01,2026-12-18,740.0,C,0.13,0.28,0.205,61.3773,0.007051,0.000197,-0.012778,0.031841,78,351.19,4,1114,32.34
AVGO,2026-10-01,2026-12-18,66.0,P,0.0,0.02,0.01,109.3755,-0.000174,4e-06,-0.000751,0.001083,78,351.19,1,1177,32.34
AVGO,2026-10-01,2026-12-18,68.0,P,0.0,2.13,1.065,178.0275,-0.007826,7.4e-05,-0.03942,0.034904,78,351.19,34,215,32.34
AVGO,2026-10-01,2026-12-18,70.0,P,0.01,0.1,0.055,121.4848,-0.000767,1.3e-05,-0.003302,0.004285,78,351.19,10,944,32.34
AVGO,2026-10-01,2026-12-18,72.0,P,0.0,2.13,1.065,171.8751,-0.008141,8e-05,-0.039387,0.036134,78,351.19,1,218,32.34
AVGO,2026-10-01,2026-12-18,74.0,P,0.0,2.13,1.065,168.9455,-0.008299,8.3e-05,-0.039372,0.036753,78,351.19,1,164,32.34
AVGO,2026-10-01,2026-12-18,75.0,P,0.0,2.13,1.065,167.5295,-0.008383,8.4e-05,-0.039383,0.037077,78,351.19,12,155,32.34
AVGO,2026-10-01,2026-12-18,80.0,P,0.0,0.1,0.05,110.5473,-0.00077,1.5e-05,-0.003011,0.004298,78,351.19,3,234,32.34
AVGO,2026-10-01,2026-12-18,82.0,P,0.0,2.14,1.07,158.1545,-0.008968,9.4e-05,-0.039425,0.039339,78,351.19,9,125,32.34
AVGO,2026-10-01,2026-12-18,85.0,P,0.0,2.14,1.07,154.3948,-0.009221,9.9e-05,-0.039426,0.040307,78,351.19,41,1624,32.34
AVGO,2026-10-01,2026-12-18,88.0,P,0.0,0.1,0.05,103.9067,-0.000846,1.7e-05,-0.003086,0.00469,78,351.19,3,194,32.34
AVGO,2026-10-01,2026-12-18,90.0,P,0.0,2.14,1.07,148.3645,-0.009626,0.000107,-0.03932,0.041851,78,351.19,1,1321,32.34
AVGO,2026-10-01,2026-12-18,92.0,P,0.0,2.14,1.07,146.0452,-0.009786,0.00011,-0.039262,0.042461,78,351.19,10,1169,32.34
AVGO,2026-10-01,2026-12-18,94.0,P,0.0,2.14,1.07,143.7991,-0.009954,0.000114,-0.039229,0.043094,78,351.19,1,154,32.34
AVGO,2026-10-01,2026-12-18,95.0,P,0.0,0.1,0.05,98.0469,-0.000873,1.9e-05,-0.002995,0.004827,78,351.19,3,909,32.34
AVGO,2026-10-01,2026-12-18,96.0,P,0.0,1.9,0.95,138.9163,-0.009282,0.000111,-0.035646,0.040542,78,351.19,1,151,32.34
AVGO,2026-10-01,2026-12-18,98.0,P,0.0,1.57,0.785,132.8128,-0.0082,0.000104,-0.030563,0.036365,78,351.19,7,121,32.34
AVGO,2026-10-01,2026-12-18,100.0,P,0.0,1.15,0.575,124.9515,-0.006598,9.1e-05,-0.023736,0.030026,78,351.19,1,1539,32.34
AVGO,2026-10-01,2026-12-18,102.0,P,0.0,1.87,0.935,132.3734,-0.00963,0.00012,-0.035058,0.041867,78,351.19,1,234,32.34
AVGO,2026-10-01,2026-12-18,104.0,P,0.0,1.86,0.93,130.3226,-0.009759,0.000123,-0.034911,0.042355,78,351.19,1,161,32.34
AVGO,2026-10-01,2026-12-18,105.0,P,0.01,0.06,0.035,87.8907,-0.000697,1.7e-05,-0.002179,0.003921,78,351.19,22,304,32.34
AVGO,2026-10-01,2026-12-18,106.0,P,0.0,0.12,0.06,91.797,-0.001124,2.5e-05,-0.003532,0.006085,78,351.19,2,77,32.34
AVGO,2026-10-01,2026-12-18,108.0,P,0.0,0.12,0.06,90.2345,-0.001121,2.6e-05,-0.003462,0.00607,78,351.19,1,124,32.34
AVGO,2026-10-01,2026-12-18,110.0,P,0.01,0.07,0.04,85.547,-0.000803,2e-05,-0.002414,0.004467,78,351.19,6,470,32.34
AVGO,2026-10-01,2026-12-18,112.0,P,0.0,1.76,0.88,121.7289,-0.009968,0.000134,-0.033193,0.043147,78,351.19,4,208,32.34
AVGO,2026-10-01,2026-12-18,114.0,P,0.0,0.12,0.06,86.3283,-0.001181,2.8e-05,-0.003472,0.006367,78,351.19,2,157,32.34
AVGO,2026-10-01,2026-12-18,115.0,P,0.0,1.63,0.815,117.6762,-0.00964,0.000135,-0.031155,0.041906,78,351.19,1,314,32.34
AVGO,2026-10-01,2026-12-18,116.0,P,0.0,0.15,0.075,86.9142,-0.001444,3.3e-05,-0.0042,0.007652,78,351.19,5,727,32.34
AVGO,2026-10-01,2026-12-18,118.0,P,0.0,1.71,0.855,115.9672,-0.01021,0.000144,-0.03227,0.044059,78,351.19,4,355,32.34
AVGO,2026-10-01,2026-12-18,120.0,P,0.0,0.15,0.075,84.3752,-0.001488,3.5e-05,-0.004189,0.007864,78,351.19,2,1094,32.34
AVGO,2026-10-01,2026-12-18,122.0,P,0.0,1.65,0.825,112.0122,-0.01024,0.00015,-0.031238,0.044174,78,351.19,2,407,32.34
AVGO,2026-10-01,2026-12-18,124.0,P,0.0,0.15,0.075,82.0314,-0.00155,3.8e-05,-0.004225,0.008163,78,351.19,12,210,32.34
AVGO,2026-10-01,2026-12-18,125.0,P,0.0,1.6,0.8,109.0825,-0.010231,0.000154,-0.030387,0.044139,78,351.19,4,155,32.34
AVGO,2026-10-01,2026-12-18,126.0,P,0.0,1.59,0.795,108.2036,-0.010263,0.000155,-0.030221,0.04426,78,351.19,8,290,32.34
AVGO,2026-10-01,2026-12-18,128.0,P,0.0,1.55,0.775,106.2505,-0.010225,0.000158,-0.029572,0.044116,78,351.19,1,181,32.34
AVGO,2026-10-01,2026-12-18,130.0,P,0.0,0.18,0.09,79.883,-0.001871,4.6e-05,-0.00488,0.009688,78,351.19,3,1014,32.34
AVGO,2026-10-01,2026-12-18,132.0,P,0.0,1.61,0.805,103.8091,-0.01081,0.000169,-0.030316,0.046309,78,351.19,10,203,32.34
AVGO,2026-10-01,2026-12-18,134.0,P,0.0,1.45,0.725,100.7085,-0.010148,0.000165,-0.027827,0.043826,78,351.19,38,771,32.34
AVGO,2026-10-01,2026-12-18,135.0,P,0.0,1.07,0.535,95.6055,-0.008116,0.000143,-0.021718,0.036037,78,351.19,52,472,32.34
AVGO,2026-10-01,2026-12-18,136.0,P,0.0,1.42,0.71,98.9746,-0.010143,0.000168,-0.027329,0.043807,78,351.19,2,574,32.34
AVGO,2026-10-01,2026-12-18,138.0,P,0.0,1.1,0.55,93.9454,-0.008475,0.000151,-0.02216,0.037434,78,351.19,4,429,32.34
AVGO,2026-10-01,2026-12-18,140.0,P,0.0,0.18,0.09,74.219,-0.002006,5.3e-05,-0.004824,0.010322,78,351.19,1,1465,32.34
AVGO,2026-10-01,2026-12-18,142.0,P,0.0,1.28,0.64,93.3106,-0.009775,0.000172,-0.02493,0.042419,78,351.19,2,670,32.34
AVGO,2026-10-01,2026-12-18,144.0,P,0.0,1.22,0.61,91.3087,-0.00955,0.000173,-0.023897,0.041565,78,351.19,8,606,32.34
AVGO,2026-10-01,2026-12-18,145.0,P,0.0,1.29,0.645,91.4307,-0.010046,0.00018,-0.025008,0.043443,78,351.19,2,662,32.34
AVGO,2026-10-01,2026-12-18,146.0,P,0.0,1.14,0.57,89.1114,-0.009197,0.000171,-0.02256,0.040217,78,351.19,4,209,32.34
AVGO,2026-10-01,2026-12-18,148.0,P,0.0,1.08,0.54,87.1583,-0.008954,0.000171,-0.021548,0.039285,78,351.19,4,107,32.34
AVGO,2026-10-01,2026-12-18,150.0,P,0.0,0.2,0.1,69.7269,-0.002349,6.5e-05,-0.005222,0.011908,78,351.19,5,767,32.34
AVGO,2026-10-01,2026-12-18,152.0,P,0.0,0.96,0.48,83.2521,-0.008405,0.000169,-0.019461,0.037165,78,351.19,10,644,32.34
AVGO,2026-10-01,2026-12-18,154.0,P,0.0,0.9,0.45,81.3478,-0.008128,0.000168,-0.018458,0.036086,78,351.19,15,210,32.34
AVGO,2026-10-01,2026-12-18,155.0,P,0.0,0.2,0.1,67.1878,-0.002428,6.9e-05,-0.005182,0.012273,78,351.19,6,173,32.34
AVGO,2026-10-01,2026-12-18,156.0,P,0.0,0.83,0.415,79.2483,-0.007723,0.000165,-0.017187,0.034501,78,351.19,1,156,32.34
AVGO,2026-10-01,2026-12-18,158.0,P,0.0,0.74,0.37,76.9045,-0.007169,0.000159,-0.015613,0.032308,78,351.19,8,530,32.34
AVGO,2026-10-01,2026-12-18,160.0,P,0.0,0.66,0.33,74.6096,-0.006629,0.000153,-0.01413,0.03015,78,351.19,8,705,32.34
AVGO,2026-10-01,2026-12-18,162.0,P,0.0,0.12,0.06,60.5473,-0.001667,5.5e-05,-0.003316,0.008724,78,351.19,8,272,32.34
AVGO,2026-10-01,2026-12-18,164.0,P,0.0,0.47,0.235,69.3362,-0.005192,0.000133,-0.010565,0.024274,78,351.19,5,594,32.34
AVGO,2026-10-01,2026-12-18,165.0,P,0.0,0.42,0.21,67.8714,-0.004772,0.000126,-0.009593,0.02252,78,351.19,2,521,32.34
AVGO,2026-10-01,2026-12-18,166.0,P,0.0,0.41,0.205,67.1878,-0.004721,0.000126,-0.009403,0.022303,78,351.19,2,123,32.34
AVGO,2026-10-01,2026-12-18,168.0,P,0.0,0.37,0.185,65.3812,-0.004406,0.000122,-0.0086,0.02097,78,351.19,5,148,32.34
AVGO,2026-10-01,2026-12-18,170.0,P,0.0,0.33,0.165,63.5746,-0.004085,0.000117,-0.007813,0.019599,78,351.19,33,648,32.34
AVGO,2026-10-01,2026-12-18,172.0,P,0.0,0.24,0.12,60.352,-0.003177,9.8e-05,-0.005916,0.015638,78,351.19,12,355,32.34
AVGO,2026-10-01,2026-12-18,174.0,P,0.0,0.14,0.07,56.0551,-0.002033,7.1e-05,-0.003669,0.010449,78,351.19,3,430,32.34
AVGO,2026-10-01,2026-12-18,175.0,P,0.0,0.35,0.175,61.6215,-0.004424,0.00013,-0.008126,0.021048,78,351.19,34,241,32.34
AVGO,2026-10-01,2026-12-18,176.0,P,0.0,0.39,0.195,61.9144,-0.004842,0.00014,-0.008848,0.022813,78,351.19,16,163,32.34
AVGO,2026-10-01,2026-12-18,178.0,P,0.0,0.13,0.065,54.0044,-0.00198,7.2e-05,-0.003448,0.0102,78,351.19,1,393,32.34
AVGO,2026-10-01,2026-12-18,180.0,P,0.02,0.12,0.07,53.5161,-0.002117,7.7e-05,-0.00363,0.010838,78,351.19,5,323,32.34
AVGO,2026-10-01,2026-12-18,182.0,P,0.0,0.38,0.19,58.9848,-0.00496,0.00015,-0.008603,0.023309,78,351.19,18,230,32.34
AVGO,2026-10-01,2026-12-18,184.0,P,0.0,0.14,0.07,51.9536,-0.002204,8.2e-05,-0.003652,0.011242,78,351.19,14,513,32.34
AVGO,2026-10-01,2026-12-18,185.0,P,0.0,0.3,0.15,56.0551,-0.00419,0.000136,-0.007028,0.020049,78,351.19,5,305,32.34
AVGO,2026-10-01,2026-12-18,186.0,P,0.0,0.39,0.195,57.3735,-0.005211,0.000161,-0.008737,0.024356,78,351.19,6,55,32.34
AVGO,2026-10-01,2026-12-18,188.0,P,0.05,0.15,0.1,52.2466,-0.003038,0.000109,-0.004904,0.015021,78,351.19,2,79,32.34
AVGO,2026-10-01,2026-12-18,190.0,P,0.0,0.4,0.2,55.7622,-0.005458,0.000173,-0.008841,0.025377,78,351.19,5,86,32.34
AVGO,2026-10-01,2026-12-18,192.0,P,0.0,0.44,0.22,55.5669,-0.005991,0.000188,-0.009566,0.027567,78,351.19,6,78,32.34
AVGO,2026-10-01,2026-12-18,194.0,P,0.01,0.46,0.235,55.1762,-0.006423,0.000202,-0.010099,0.029319,78,351.19,7,109,32.34
AVGO,2026-10-01,2026-12-18,195.0,P,0.05,0.43,0.24,54.8833,-0.006575,0.000207,-0.010253,0.029933,78,351.19,8,365,32.34
AVGO,2026-10-01,2026-12-18,196.0,P,0.02,0.45,0.235,54.2973,-0.006508,0.000207,-0.01005,0.029663,78,351.19,8,174,32.34
AVGO,2026-10-01,2026-12-18,198.0,P,0.15,0.3,0.225,53.1255,-0.006364,0.000208,-0.009636,0.029081,78,351.19,6,202,32.34
AVGO,2026-10-01,2026-12-18,200.0,P,0.1,0.4,0.25,53.0278,-0.007055,0.000228,-0.010532,0.031857,78,351.19,1,1571,32.34
AVGO,2026-10-01,2026-12-18,205.0,P,0.03,0.46,0.245,50.7817,-0.007199,0.000242,-0.010254,0.032427,78,351.19,1,201,32.34
AVGO,2026-10-01,2026-12-18,210.0,P,0.08,0.4,0.24,52.1245,-0.011003,0.000342,-0.015248,0.047026,78,351.19,26,471,32.34
AVGO,2026-10-01,2026-12-18,215.0,P,0.05,0.5,0.275,51.6851,-0.013579,0.000414,-0.018122,0.056432,78,351.19,22,464,32.34
AVGO,2026-10-01,2026-12-18,220.0,P,0.14,0.6,0.37,50.9771,-0.016215,0.000489,-0.020794,0.065733,78,351.19,13,1751,32.34
AVGO,2026-10-01,2026-12-18,225.0,P,0.23,0.66,0.445,49.5855,-0.018107,0.000553,-0.022194,0.07223,78,351.19,18,710,32.34
AVGO,2026-10-01,2026-12-18,230.0,P,0.42,0.79,0.605,48.9263,-0.021562,0.00065,-0.025362,0.083774,78,351.19,1,1790,32.34
AVGO,2026-10-01,2026-12-18,235.0,P,0.48,0.94,0.71,48.2427,-0.025496,0.000759,-0.028751,0.096459,78,351.19,7,401,32.34
AVGO,2026-10-01,2026-12-18,240.0,P,0.56,1.04,0.8,46.961,-0.028597,0.000858,-0.030748,0.106157,78,351.19,2,2270,32.34
AVGO,2026-10-01,2026-12-18,245.0,P,0.76,1.3,1.03,46.8023,-0.034975,0.001016,-0.036132,0.125373,78,351.19,2,1329,32.34
AVGO,2026-10-01,2026-12-18,250.0,P,1.05,1.42,1.235,45.4107,-0.038782,0.00114,-0.038072,0.136425,78,351.19,36,2248,32.34
AVGO,2026-10-01,2026-12-18,255.0,P,1.28,1.96,1.62,46.3995,-0.050546,0.001381,-0.048083,0.168893,78,351.19,40,1819,32.34
AVGO,2026-10-01,2026-12-18,260.0,P,1.45,2.27,1.86,45.6793,-0.058194,0.001568,-0.052808,0.18881,78,351.19,39,2492,32.34
AVGO,2026-10-01,2026-12-18,265.0,P,1.74,2.62,2.18,44.959,-0.066773,0.001774,-0.057729,0.210183,78,351.19,2,2012,32.34
AVGO,2026-10-01,2026-12-18,270.0,P,2.42,3.0,2.71,44.1778,-0.076126,0.001996,-0.062577,0.232434,78,351.19,13,3200,32.34
AVGO,2026-10-01,2026-12-18,275.0,P,2.7,3.6,3.15,44.0191,-0.089171,0.002257,-0.070068,0.261827,78,351.19,12,3699,32.34
AVGO,2026-10-01,2026-12-18,280.0,P,3.45,4.0,3.725,42.9266,-0.099533,0.00251,-0.073879,0.283943,78,351.19,494,4088,32.34
AVGO,2026-10-01,2026-12-18,290.0,P,4.8,5.45,5.125,42.1881,-0.130651,0.003099,-0.087592,0.344624,78,351.19,49,5830,32.34
AVGO,2026-10-01,2026-12-18,300.0,P,6.65,7.25,6.95,41.3824,-0.167469,0.003731,-0.100717,0.406883,78,351.19,165,11267,32.34
AVGO,2026-10-01,2026-12-18,310.0,P,9.1,9.55,9.325,40.7232,-0.211111,0.004373,-0.113373,0.469336,78,351.19,1478,5922,32.34
AVGO,2026-10-01,2026-12-18,320.0,P,11.75,12.5,12.125,40.3387,-0.261679,0.004969,-0.125209,0.528342,78,351.19,573,9716,32.34
AVGO,2026-10-01,2026-12-18,330.0,P,15.2,16.05,15.625,40.0061,-0.317197,0.005486,-0.134404,0.578423,78,351.19,264,5482,32.34
AVGO,2026-10-01,2026-12-18,340.0,P,19.45,20.9,20.175,40.7843,-0.377634,0.00574,-0.144511,0.616958,78,351.19,58,6168,32.34
AVGO,2026-10-01,2026-12-18,350.0,P,24.05,25.7,24.875,40.47,-0.43734,0.005997,-0.146338,0.639663,78,351.19,142,8166,32.34
AVGO,2026-10-01,2026-12-18,360.0,P,29.45,31.25,30.35,40.3937,-0.497288,0.006083,-0.145182,0.647654,78,351.19,83,4460,32.34
AVGO,2026-10-01,2026-12-18,370.0,P,35.4,37.35,36.375,40.2777,-0.556014,0.006041,-0.140128,0.641274,78,351.19,77,4737,32.34
AVGO,2026-10-01,2026-12-18,380.0,P,42.0,44.0,43.0,40.177,-0.612285,0.005872,-0.131818,0.621843,78,351.19,64,4046,32.34
AVGO,2026-10-01,2026-12-18,390.0,P,48.7,51.35,50.025,40.4242,-0.663267,0.005562,-0.122471,0.592643,78,351.19,62,2539,32.34
AVGO,2026-10-01,2026-12-18,400.0,P,55.55,58.7,57.125,39.8962,-0.714543,0.005246,-0.107188,0.551588,78,351.19,52,4175,32.34
AVGO,2026-10-01,2026-12-18,410.0,P,63.55,66.95,65.25,40.296,-0.755469,0.0048,-0.095339,0.509834,78,351.19,90,1070,32.34
AVGO,2026-10-01,2026-12-18,420.0,P,72.5,75.25,73.875,40.1373,-0.795356,0.004356,-0.079758,0.460792,78,351.19,38,1123,32.34
AVGO,2026-10-01,2026-12-18,430.0,P,81.3,83.9,82.6,40.0763,-0.829881,0.003891,-0.064513,0.411007,78,351.19,82,936,32.34
AVGO,2026-10-01,2026-12-18,440.0,P,89.65,92.85,91.25,40.1495,-0.858921,0.003433,-0.050312,0.363234,78,351.19,36,852,32.34
AVGO,2026-10-01,2026-12-18,450.0,P,99.45,102.15,100.8,40.6988,-0.88058,0.003017,-0.039413,0.32365,78,351.19,1,598,32.34
AVGO,2026-10-01,2026-12-18,460.0,P,108.25,111.4,109.825,40.589,-0.902981,0.002605,-0.025607,0.278671,78,351.19,11,570,32.34
AVGO,2026-10-01,2026-12-18,470.0,P,117.75,120.95,119.35,41.1078,-0.918209,0.002265,-0.01614,0.245422,78,351.19,17,116,32.34
AVGO,2026-10-01,2026-12-18,480.0,P,127.45,130.6,129.025,41.6998,-0.930543,0.001971,-0.007856,0.216677,78,351.19,10,162,32.34
AVGO,2026-10-01,2026-12-18,490.0,P,137.25,140.45,138.85,43.0181,-0.937261,0.001766,-0.003822,0.200255,78,351.19,5,141,32.34
AVGO,2026-10-01,2026-12-18,500.0,P,146.9,150.35,148.625,44.4708,-0.942233,0.001602,-0.000839,0.187721,78,351.19,3,154,32.34
AVGO,2026-10-01,2026-12-18,530.0,P,176.75,180.75,178.75,52.3076,-0.938884,0.001423,-0.009915,0.196201,78,351.19,10,5,32.34
AVGO,2026-10-01,2026-12-18,540.0,P,186.8,190.75,188.775,54.1264,-0.940617,0.001345,-0.009525,0.191832,78,351.19,9,0,32.34
AVGO,2026-10-01,2026-12-18,560.0,P,206.8,210.4,208.6,55.5424,-0.951077,0.001124,0.001,0.164553,78,351.19,20,0,32.34
AVGO,2026-10-01,2026-12-18,580.0,P,219.4,222.55,220.975,0.001,-1.0,0.0,0.063489,0.0,78,351.19,6,7,32.34
AVGO,2026-10-01,2026-12-18,600.0,P,246.8,250.55,248.675,62.8422,-0.952422,0.000972,-0.000791,0.160923,78,351.19,1,0,32.34
AVGO,2026-10-01,2026-12-18,620.0,P,266.75,270.55,268.65,65.8207,-0.954255,0.000899,0.000504,0.155928,78,351.19,250,0,32.34
AVGO,2026-10-01,2026-12-18,640.0,P,286.8,290.55,288.675,68.6771,-0.955854,0.000837,0.001837,0.151526,78,351.19,1,0,32.34
AVGO,2026-10-01,2026-12-18,660.0,P,12.5,18.0,15.25,0.001,-1.0,0.0,0.072246,0.0,78,351.19,1,33,32.34
AVGO,2026-10-01,2026-12-18,680.0,P,319.1,322.4,320.75,0.001,-1.0,0.0,0.074436,0.0,78,351.19,2,0,32.34
AVGO,2026-10-01,2026-12-18,690.0,P,296.45,299.4,297.925,0.001,-1.0,0.0,0.07553,0.0,78,351.19,2,0,32.34
AVGO,2026-10-01,2026-12-18,700.0,P,11.0,20.0,15.5,0.001,-1.0,0.0,0.076625,0.0,78,351.19,4,13,32.34
AVGO,2026-10-01,2026-12-18,710.0,P,350.25,353.9,352.075,0.001,-1.0,0.0,0.07772,0.0,78,351.19,0,0,32.34
AVGO,2026-10-01,2026-12-18,720.0,P,323.95,327.7,325.825,0.001,-1.0,0.0,0.078814,0.0,78,351.19,1,0,32.34
AVGO,2026-10-01,2026-12-18,740.0,P,343.7,347.85,345.775,0.001,-1.0,0.0,0.081003,0.0,78,351.19,10,0,32.34
AVGO,2026-10-01,2026-12-18,760.0,P,16.0,26.0,21.0,0.001,-1.0,0.0,0.083193,0.0,78,351.19,1,4,32.34
AVGO,2026-10-01,2026-12-18,800.0,P,21.0,28.7,24.85,0.001,-1.0,0.0,0.087571,0.0,78,351.19,1,6,32.34
AVGO,2026-10-01,2026-12-18,820.0,P,23.0,32.0,27.5,0.001,-1.0,0.0,0.089761,0.0,78,351.19,1,2,32.34
AVGO,2026-10-01,2026-12-18,860.0,P,28.0,37.0,32.5,0.001,-1.0,0.0,0.094139,0.0,78,351.19,0,4,32.34
AVGO,2026-10-01,2026-12-18,880.0,P,31.0,40.0,35.5,0.001,-1.0,0.0,0.096328,0.0,78,351.19,4,8,32.34
AVGO,2026-10-01,2026-12-18,900.0,P,36.5,42.1,39.3,0.001,-1.0,0.0,0.098518,0.0,78,351.19,10,15,32.34
AVGO,2026-10-01,2026-12-18,940.0,P,40.0,48.4,44.2,0.001,-1.0,0.0,0.102896,0.0,78,351.19,2,1,32.34
AVGO,2026-10-01,2026-12-18,960.0,P,43.0,53.0,48.0,0.001,-1.0,0.0,0.105086,0.0,78,351.19,0,8,32.34
AVGO,2026-10-01,2026-12-18,980.0,P,47.0,55.8,51.4,0.001,-1.0,0.0,0.107275,0.0,78,351.19,1,5,32.34
AVGO,2026-10-01,2026-12-18,1000.0,P,51.0,59.2,55.1,0.001,-1.0,0.0,0.109464,0.0,78,351.19,1,27,32.34
AVGO,2026-10-01,2026-12-18,1020.0,P,55.0,63.5,59.25,0.001,-1.0,0.0,0.111653,0.0,78,351.19,2,0,32.34
AVGO,2026-10-01,2026-12-18,1040.0,P,59.0,69.0,64.0,0.001,-1.0,0.0,0.113843,0.0,78,351.19,0,5,32.34
AVGO,2026-10-01,2026-12-18,1060.0,P,63.1,72.9,68.0,0.001,-1.0,0.0,0.116032,0.0,78,351.19,0,1,32.34
AVGO,2026-10-01,2026-12-18,1080.0,P,68.0,78.0,73.0,0.001,-1.0,0.0,0.118221,0.0,78,351.19,1,3,32.34
AVGO,2026-10-01,2026-12-18,1100.0,P,73.0,82.0,77.5,0.001,-1.0,0.0,0.120411,0.0,78,351.19,4,2,32.34
AVGO,2026-10-01,2026-12-18,1120.0,P,78.0,87.0,82.5,0.001,-1.0,0.0,0.1226,0.0,78,351.19,13,13,32.34
AVGO,2026-10-01,2026-12-18,1140.0,P,83.0,93.0,88.0,0.001,-1.0,0.0,0.124789,0.0,78,351.19,2,10,32.34
AVGO,2026-10-01,2026-12-18,1160.0,P,88.0,98.0,93.0,0.001,-1.0,0.0,0.126978,0.0,78,351.19,2,9,32.34
AVGO,2026-10-01,2026-12-18,1180.0,P,94.0,102.3,98.15,0.001,-1.0,0.0,0.129168,0.0,78,351.19,1,28,32.34
AVGO,2026-10-01,2026-12-18,1200.0,P,100.0,109.0,104.5,0.001,-1.0,0.0,0.131357,0.0,78,351.19,21,41,32.34
AVGO,2026-10-01,2026-12-18,1220.0,P,103.0,117.9,110.45,0.001,-1.0,0.0,0.133546,0.0,78,351.19,20,18,32.34
AVGO,2026-10-01,2026-12-18,1240.0,P,109.0,124.0,116.5,0.001,-1.0,0.0,0.135736,0.0,78,351.19,20,20,32.34
AVGO,2026-10-01,2026-12-18,1260.0,P,115.0,131.0,123.0,0.001,-1.0,0.0,0.137925,0.0,78,351.19,50,44,32.34
AVGO,2026-10-01,2026-12-18,1280.0,P,122.0,137.0,129.5,0.001,-1.0,0.0,0.140114,0.0,78,351.19,31,17,32.34
AVGO,2026-10-01,2026-12-18,1300.0,P,129.1,144.0,136.55,0.001,-1.0,0.0,0.142303,0.0,78,351.19,1,31,32.34
AVGO,2026-10-01,2026-12-18,1320.0,P,136.0,151.0,143.5,0.001,-1.0,0.0,0.144493,0.0,78,351.19,20,20,32.34
AVGO,2026-10-01,2026-12-18,1340.0,P,143.0,157.9,150.45,0.001,-1.0,0.0,0.146682,0.0,78,351.19,20,43,32.34
AVGO,2026-10-01,2026-12-18,1360.0,P,150.1,161.2,155.65,0.001,-1.0,0.0,0.148871,0.0,78,351.19,5,42,32.34
AVGO,2026-10-01,2026-12-18,1380.0,P,158.0,168.6,163.3,0.001,-1.0,0.0,0.151061,0.0,78,351.19,20,59,32.34
AVGO,2026-10-01,2026-12-18,1400.0,P,165.0,176.3,170.65,0.001,-1.0,0.0,0.15325,0.0,78,351.19,1,54,32.34
AVGO,2026-10-01,2026-12-18,1420.0,P,173.0,184.0,178.5,0.001,-1.0,0.0,0.155439,0.0,78,351.19,20,38,32.34
AVGO,2026-10-01,2026-12-18,1440.0,P,181.0,196.0,188.5,0.001,-1.0,0.0,0.157628,0.0,78,351.19,8,66,32.34
AVGO,2026-10-01,2026-12-18,1460.0,P,189.0,203.9,196.45,0.001,-1.0,0.0,0.159818,0.0,78,351.19,2,7,32.34
AVGO,2026-10-01,2026-12-18,1480.0,P,198.0,213.0,205.5,0.001,-1.0,0.0,0.162007,0.0,78,351.19,5,32,32.34
AVGO,2026-10-01,2026-12-18,1500.0,P,206.1,217.5,211.8,0.001,-1.0,0.0,0.164196,0.0,78,351.19,1,33,32.34
AVGO,2026-10-01,2026-12-18,1520.0,P,214.0,232.0,223.0,0.001,-1.0,0.0,0.166386,0.0,78,351.19,1,34,32.34
AVGO,2026-10-01,2026-12-18,1540.0,P,222.0,235.5,228.75,0.001,-1.0,0.0,0.168575,0.0,78,351.19,2,27,32.34
AVGO,2026-10-01,2026-12-18,1560.0,P,232.0,244.6,238.3,0.001,-1.0,0.0,0.170764,0.0,78,351.19,1,9,32.34
AVGO,2026-10-01,2026-12-18,1580.0,P,242.0,253.7,247.85,0.001,-1.0,0.0,0.172953,0.0,78,351.19,1,41,32.34
AVGO,2026-10-01,2026-12-18,1600.0,P,250.0,263.5,256.75,0.001,-1.0,0.0,0.175143,0.0,78,351.19,2,17,32.34
AVGO,2026-10-01,2026-12-18,1620.0,P,260.0,273.4,266.7,0.001,-1.0,0.0,0.177332,0.0,78,351.19,1,15,32.34
AVGO,2026-10-01,2026-12-18,1640.0,P,270.0,283.2,276.6,0.001,-1.0,0.0,0.179521,0.0,78,351.19,10,42,32.34
AVGO,2026-10-01,2026-12-18,1660.0,P,280.0,297.6,288.8,0.001,-1.0,0.0,0.181711,0.0,78,351.19,0,1,32.34
AVGO,2026-10-01,2026-12-18,1700.0,P,302.0,314.1,308.05,0.001,-1.0,0.0,0.186089,0.0,78,351.19,2,31,32.34
AVGO,2026-10-01,2026-12-18,1720.0,P,312.0,325.0,318.5,0.001,-1.0,0.0,0.188278,0.0,78,351.19,1,2,32.34
AVGO,2026-10-01,2026-12-18,1740.0,P,322.0,335.5,328.75,0.001,-1.0,0.0,0.190468,0.0,78,351.19,1,46,32.34
AVGO,2026-10-01,2026-12-18,1760.0,P,334.0,346.6,340.3,0.001,-1.0,0.0,0.192657,0.0,78,351.19,0,10,32.34
AVGO,2026-10-01,2026-12-18,1780.0,P,344.0,358.2,351.1,0.001,-1.0,0.0,0.194846,0.0,78,351.19,1,1,32.34
AVGO,2026-10-01,2026-12-18,1800.0,P,358.1,372.1,365.1,0.001,-1.0,0.0,0.197036,0.0,78,351.19,1,2,32.34
AVGO,2026-10-01,2026-12-18,1820.0,P,368.0,383.9,375.95,0.001,-1.0,0.0,0.199225,0.0,78,351.19,1,9,32.34
AVGO,2026-10-01,2026-12-18,1840.0,P,380.1,393.8,386.95,0.001,-1.0,0.0,0.201414,0.0,78,351.19,0,2,32.34
AVGO,2026-10-01,2026-12-18,1900.0,P,416.0,433.3,424.65,0.001,-1.0,0.0,0.207982,0.0,78,351.19,0,1,32.34
AVGO,2026-10-01,2026-12-18,1920.0,P,428.0,445.7,436.85,0.001,-1.0,0.0,0.210171,0.0,78,351.19,2,2,32.34
AVGO,2026-10-01,2026-12-18,2000.0,P,478.0,497.5,487.75,0.001,-1.0,0.0,0.218928,0.0,78,351.19,1,10,32.34
AVGO,2026-10-01,2026-12-18,2200.0,P,616.0,636.0,626.0,0.001,-1.0,0.0,0.240821,0.0,78,351.19,0,1,32.34
