symbol,quote_date,expiration,strike,option_type,bid,ask,mid,implied_volatility,delta,gamma,theta,vega,dte,underlying_price,volume,open_interest,iv_rank
AVGO,2026-09-26,2026-10-05,322.5,C,30.05,32.25,31.15,49.7442,0.885294,0.00703,-0.327871,0.107338,9,352.81,60,2,26.75
AVGO,2026-09-26,2026-10-05,325.0,C,27.7,30.6,29.15,52.9912,0.850917,0.00791,-0.408799,0.128644,9,352.81,1,3,26.75
AVGO,2026-09-26,2026-10-05,330.0,C,23.0,24.95,23.975,42.1026,0.855244,0.00976,-0.325883,0.126128,9,352.81,2,5,26.75
AVGO,2026-09-26,2026-10-05,332.5,C,19.95,23.8,21.875,47.4004,0.801577,0.01061,-0.435391,0.154363,9,352.81,2,1,26.75
AVGO,2026-09-26,2026-10-05,337.5,C,15.6,19.5,17.55,44.0801,0.754916,0.012875,-0.454123,0.174192,9,352.81,0,1,26.75
AVGO,2026-09-26,2026-10-05,340.0,C,14.25,17.45,15.85,42.5665,0.726329,0.014116,-0.462756,0.184415,9,352.81,1,2,26.75
AVGO,2026-09-26,2026-10-05,350.0,C,6.7,8.8,7.75,31.5009,0.58187,0.022377,-0.400547,0.216347,9,352.81,21,157,26.75
AVGO,2026-09-26,2026-10-05,355.0,C,5.65,6.55,6.1,32.5019,0.469683,0.022092,-0.415702,0.220379,9,352.81,72,65,26.75
AVGO,2026-09-26,2026-10-05,357.5,C,3.05,6.85,4.95,38.3856,0.431601,0.018483,-0.480632,0.217761,9,352.81,21,31,26.75
AVGO,2026-09-26,2026-10-05,360.0,C,3.1,5.0,4.05,34.3879,0.371446,0.019844,-0.414207,0.20944,9,352.81,49,178,26.75
AVGO,2026-09-26,2026-10-05,362.5,C,2.73,3.7,3.215,32.0991,0.311205,0.019872,-0.360988,0.19578,9,352.81,14,345,26.75
AVGO,2026-09-26,2026-10-05,365.0,C,2.22,3.3,2.76,33.5578,0.274513,0.017932,-0.35479,0.184695,9,352.81,17,281,26.75
AVGO,2026-09-26,2026-10-05,367.5,C,0.39,3.6,1.995,38.3795,0.264313,0.015384,-0.39643,0.181222,9,352.81,16,29,26.75
AVGO,2026-09-26,2026-10-05,370.0,C,1.55,2.11,1.83,33.1306,0.192383,0.014898,-0.28619,0.151492,9,352.81,79,128,26.75
AVGO,2026-09-26,2026-10-05,372.5,C,1.05,1.75,1.4,33.5578,0.162261,0.013208,-0.259825,0.136036,9,352.81,9,28,26.75
AVGO,2026-09-26,2026-10-05,375.0,C,0.08,2.33,1.205,40.0275,0.17799,0.01175,-0.327765,0.144348,9,352.81,16,153,26.75
AVGO,2026-09-26,2026-10-05,377.5,C,0.5,1.61,1.055,37.6837,0.13642,0.010475,-0.258844,0.121151,9,352.81,23,17,26.75
AVGO,2026-09-26,2026-10-05,380.0,C,0.61,0.95,0.78,34.4855,0.092522,0.008676,-0.17948,0.091828,9,352.81,52,244,26.75
AVGO,2026-09-26,2026-10-05,382.5,C,0.48,1.16,0.82,38.6725,0.099632,0.008169,-0.212138,0.096966,9,352.81,18,22,26.75
AVGO,2026-09-26,2026-10-05,385.0,C,0.45,1.04,0.745,39.7345,0.08817,0.007265,-0.198954,0.0886,9,352.81,1,18,26.75
AVGO,2026-09-26,2026-10-05,390.0,C,0.33,0.45,0.39,36.4508,0.044121,0.00462,-0.106361,0.051685,9,352.81,12,108,26.75
AVGO,2026-09-26,2026-10-05,395.0,C,0.1,0.35,0.225,38.233,0.033273,0.003499,-0.0885,0.041064,9,352.81,2,21,26.75
AVGO,2026-09-26,2026-10-05,400.0,C,0.21,0.25,0.23,39.3072,0.023477,0.002546,-0.067973,0.030714,9,352.81,61,308,26.75
AVGO,2026-09-26,2026-10-05,410.0,C,0.06,0.59,0.325,52.979,0.039874,0.002928,-0.141673,0.047619,9,352.81,1,4,26.75
AVGO,2026-09-26,2026-10-05,420.0,C,0.02,0.23,0.125,50.9771,0.016785,0.001477,-0.066073,0.023104,9,352.81,200,119,26.75
AVGO,2026-09-26,2026-10-05,425.0,C,0.02,0.7,0.36,57.7153,0.022874,0.001696,-0.09722,0.030049,9,352.81,1,12,26.75
AVGO,2026-09-26,2026-10-05,430.0,C,0.01,0.27,0.14,52.9302,0.009986,0.000908,-0.043747,0.014747,9,352.81,23,32,26.75
AVGO,2026-09-26,2026-10-05,440.0,C,0.01,0.76,0.385,67.1878,0.021128,0.001363,-0.105688,0.0281,9,352.81,20,20,26.75
AVGO,2026-09-26,2026-10-05,445.0,C,0.0,0.43,0.215,64.2093,0.012479,0.000908,-0.064328,0.0179,9,352.81,5,6,26.75
AVGO,2026-09-26,2026-10-05,285.0,P,0.0,0.95,0.475,70.1175,-0.022604,0.001382,-0.11496,0.02975,9,352.81,6,8,26.75
AVGO,2026-09-26,2026-10-05,290.0,P,0.0,0.36,0.18,55.8598,-0.011,0.000936,-0.049345,0.016044,9,352.81,7,6,26.75
AVGO,2026-09-26,2026-10-05,300.0,P,0.01,0.27,0.14,50.4888,-0.017974,0.001581,-0.067978,0.024495,9,352.81,4,5,26.75
AVGO,2026-09-26,2026-10-05,315.0,P,0.03,0.5,0.265,41.9928,-0.038591,0.003598,-0.106613,0.046367,9,352.81,10,11,26.75
AVGO,2026-09-26,2026-10-05,320.0,P,0.19,0.35,0.27,34.6198,-0.032799,0.003819,-0.076733,0.040581,9,352.81,8,87,26.75
AVGO,2026-09-26,2026-10-05,322.5,P,0.18,0.88,0.53,39.7711,-0.068688,0.006006,-0.159198,0.073309,9,352.81,43,30,26.75
AVGO,2026-09-26,2026-10-05,325.0,P,0.43,0.99,0.71,38.3307,-0.079142,0.006944,-0.170764,0.081693,9,352.81,2,33,26.75
AVGO,2026-09-26,2026-10-05,327.5,P,0.35,1.22,0.785,37.818,-0.096776,0.008178,-0.195514,0.094922,9,352.81,7,15,26.75
AVGO,2026-09-26,2026-10-05,330.0,P,0.67,1.2,0.935,34.8395,-0.102504,0.009258,-0.187468,0.098995,9,352.81,20,53,26.75
AVGO,2026-09-26,2026-10-05,335.0,P,1.11,1.61,1.36,32.2028,-0.142424,0.012622,-0.217437,0.124753,9,352.81,7,63,26.75
AVGO,2026-09-26,2026-10-05,337.5,P,1.14,2.1,1.62,32.2761,-0.17866,0.014606,-0.25222,0.14469,9,352.81,130,26,26.75
AVGO,2026-09-26,2026-10-05,340.0,P,1.81,2.52,2.165,31.3972,-0.213261,0.016719,-0.272395,0.161112,9,352.81,84,46,26.75
AVGO,2026-09-26,2026-10-05,345.0,P,2.82,3.55,3.185,29.2976,-0.297572,0.021342,-0.300312,0.191914,9,352.81,24,41,26.75
AVGO,2026-09-26,2026-10-05,347.5,P,2.78,5.6,4.19,34.4977,-0.372379,0.019797,-0.38651,0.209609,9,352.81,9,42,26.75
AVGO,2026-09-26,2026-10-05,350.0,P,3.75,6.6,5.175,34.162,-0.422854,0.020684,-0.39429,0.216872,9,352.81,15,146,26.75
AVGO,2026-09-26,2026-10-05,352.5,P,6.15,7.7,6.925,33.7348,-0.475271,0.021305,-0.393933,0.220592,9,352.81,4,26,26.75
AVGO,2026-09-26,2026-10-05,355.0,P,6.15,9.0,7.575,33.6249,-0.528616,0.021361,-0.390076,0.220448,9,352.81,5,23,26.75
AVGO,2026-09-26,2026-10-05,360.0,P,9.6,12.0,10.8,33.5334,-0.632222,0.020284,-0.362778,0.208764,9,352.81,38,107,26.75
AVGO,2026-09-26,2026-10-05,362.5,P,11.15,13.8,12.475,34.0705,-0.677578,0.019006,-0.348054,0.198742,9,352.81,3,95,26.75
AVGO,2026-09-26,2026-10-05,365.0,P,13.3,15.65,14.475,34.3757,-0.720287,0.017667,-0.325965,0.186399,9,352.81,52,82,26.75
AVGO,2026-09-26,2026-10-05,367.5,P,15.0,18.3,16.65,38.4406,-0.735328,0.015371,-0.356387,0.181347,9,352.81,0,1,26.75
AVGO,2026-09-26,2026-10-05,370.0,P,17.05,20.4,18.725,39.4537,-0.764458,0.014077,-0.341359,0.170464,9,352.81,12,10,26.75
AVGO,2026-09-26,2026-10-05,375.0,P,21.3,24.15,22.725,37.6227,-0.837921,0.011772,-0.248539,0.135937,9,352.81,0,4,26.75
AVGO,2026-09-26,2026-10-05,380.0,P,26.0,29.5,27.75,45.1666,-0.840659,0.009697,-0.301039,0.134433,9,352.81,0,1,26.75
AVGO,2026-09-26,2026-10-05,382.5,P,28.6,31.85,30.225,46.6558,-0.853725,0.00887,-0.292161,0.127016,9,352.81,0,3,26.75
AVGO,2026-09-26,2026-10-05,400.0,P,46.05,48.3,47.175,52.8081,-0.927897,0.004695,-0.181425,0.076096,9,352.81,10,11,26.75
AVGO,2026-09-26,2026-10-05,405.0,P,50.25,53.25,51.75,56.0795,-0.934631,0.004099,-0.177173,0.070554,9,352.81,2,0,26.75
AVGO,2026-09-26,2026-10-09,210.0,C,141.6,145.05,143.325,129.4925,0.987811,0.000367,-0.127849,0.02108,13,352.81,2,2,26.75
AVGO,2026-09-26,2026-10-09,240.0,C,111.6,115.1,113.35,100.3911,0.98366,0.00061,-0.130812,0.027136,13,352.81,0,1,26.75
AVGO,2026-09-26,2026-10-09,270.0,C,82.45,85.4,83.925,84.1066,0.961953,0.001477,-0.206662,0.055086,13,352.81,0,1,26.75
AVGO,2026-09-26,2026-10-09,275.0,C,76.75,80.45,78.6,74.0481,0.968782,0.001426,-0.162673,0.046823,13,352.81,3,10,26.75
AVGO,2026-09-26,2026-10-09,280.0,C,71.8,75.45,73.625,69.9954,0.966134,0.001614,-0.16458,0.050075,13,352.81,0,0,26.75
AVGO,2026-09-26,2026-10-09,285.0,C,66.8,70.25,68.525,63.8675,0.967343,0.001716,-0.149765,0.048599,13,352.81,2,4,26.75
AVGO,2026-09-26,2026-10-09,290.0,C,61.8,65.5,63.65,61.5238,0.960713,0.002073,-0.164471,0.056545,13,352.81,1,23,26.75
AVGO,2026-09-26,2026-10-09,295.0,C,56.85,60.55,58.7,57.8373,0.956121,0.002412,-0.168609,0.061842,13,352.81,1,21,26.75
AVGO,2026-09-26,2026-10-09,300.0,C,52.15,55.6,53.875,55.6157,0.946426,0.002942,-0.186378,0.072545,13,352.81,20,31,26.75
AVGO,2026-09-26,2026-10-09,305.0,C,47.65,50.65,49.15,54.0288,0.932323,0.003636,-0.212178,0.087104,13,352.81,16,14,26.75
AVGO,2026-09-26,2026-10-09,310.0,C,42.8,45.75,44.275,50.5132,0.922169,0.004329,-0.219669,0.096947,13,352.81,1,6,26.75
AVGO,2026-09-26,2026-10-09,315.0,C,37.95,40.75,39.35,56.5556,0.870552,0.005601,-0.335182,0.140439,13,352.81,1,25,26.75
AVGO,2026-09-26,2026-10-09,320.0,C,32.5,36.05,34.275,52.9424,0.851152,0.00658,-0.343952,0.154448,13,352.81,1,28,26.75
AVGO,2026-09-26,2026-10-09,325.0,C,28.6,31.55,30.075,50.0982,0.824075,0.007754,-0.360721,0.17221,13,352.81,5,25,26.75
AVGO,2026-09-26,2026-10-09,330.0,C,24.2,27.15,25.675,47.2417,0.791174,0.009132,-0.375618,0.191263,13,352.81,1,475,26.75
AVGO,2026-09-26,2026-10-09,335.0,C,19.3,23.0,21.15,44.9041,0.7488,0.010655,-0.393251,0.212124,13,352.81,1,50,26.75
AVGO,2026-09-26,2026-10-09,340.0,C,16.6,17.7,17.15,37.0246,0.720719,0.013638,-0.345153,0.223856,13,352.81,161,429,26.75
AVGO,2026-09-26,2026-10-09,342.5,C,15.15,16.3,15.725,38.0621,0.680457,0.014102,-0.373322,0.237967,13,352.81,3,32,26.75
AVGO,2026-09-26,2026-10-09,345.0,C,13.5,14.1,13.8,35.5841,0.651176,0.015614,-0.361169,0.246321,13,352.81,232,162,26.75
AVGO,2026-09-26,2026-10-09,347.5,C,12.05,12.55,12.3,35.3278,0.611234,0.016296,-0.369458,0.255236,13,352.81,146,190,26.75
AVGO,2026-09-26,2026-10-09,350.0,C,10.65,11.15,10.9,35.2607,0.569548,0.016733,-0.375925,0.261583,13,352.81,5816,5452,26.75
AVGO,2026-09-26,2026-10-09,352.5,C,9.35,10.25,9.8,36.64,0.527207,0.016315,-0.393073,0.265011,13,352.81,611,136,26.75
AVGO,2026-09-26,2026-10-09,355.0,C,8.15,8.5,8.325,34.5588,0.484029,0.017324,-0.370894,0.265417,13,352.81,722,1207,26.75
AVGO,2026-09-26,2026-10-09,357.5,C,7.05,7.45,7.25,34.6503,0.441535,0.017106,-0.366751,0.262772,13,352.81,144,187,26.75
AVGO,2026-09-26,2026-10-09,360.0,C,6.15,6.45,6.3,34.5527,0.399537,0.016788,-0.356769,0.257162,13,352.81,200,905,26.75
AVGO,2026-09-26,2026-10-09,362.5,C,5.25,5.55,5.4,34.4672,0.358777,0.016283,-0.343346,0.248807,13,352.81,210,1299,26.75
AVGO,2026-09-26,2026-10-09,365.0,C,4.5,4.75,4.625,34.4001,0.319739,0.015608,-0.326997,0.238028,13,352.81,314,1134,26.75
AVGO,2026-09-26,2026-10-09,367.5,C,3.85,4.1,3.975,34.5954,0.284351,0.014723,-0.311201,0.225805,13,352.81,98,236,26.75
AVGO,2026-09-26,2026-10-09,370.0,C,3.3,3.5,3.4,34.6686,0.250714,0.013787,-0.292049,0.211907,13,352.81,360,1170,26.75
AVGO,2026-09-26,2026-10-09,372.5,C,2.82,2.97,2.895,34.7236,0.219514,0.01279,-0.271284,0.196899,13,352.81,161,453,26.75
AVGO,2026-09-26,2026-10-09,375.0,C,2.41,2.54,2.475,34.9494,0.192198,0.011744,-0.25189,0.181963,13,352.81,224,2394,26.75
AVGO,2026-09-26,2026-10-09,377.5,C,2.05,2.16,2.105,35.1325,0.167232,0.010704,-0.231638,0.166723,13,352.81,75,50,26.75
AVGO,2026-09-26,2026-10-09,380.0,C,1.74,1.85,1.795,35.4377,0.145719,0.009692,-0.213076,0.152264,13,352.81,311,2149,26.75
AVGO,2026-09-26,2026-10-09,382.5,C,1.48,2.02,1.75,38.5626,0.145958,0.008916,-0.231618,0.152433,13,352.81,27,123,26.75
AVGO,2026-09-26,2026-10-09,385.0,C,1.27,1.37,1.32,36.1823,0.110607,0.007836,-0.179133,0.125696,13,352.81,433,381,26.75
AVGO,2026-09-26,2026-10-09,390.0,C,0.94,1.04,0.99,37.1588,0.084824,0.00628,-0.15108,0.103448,13,352.81,141,886,26.75
AVGO,2026-09-26,2026-10-09,395.0,C,0.73,0.81,0.77,38.3063,0.065997,0.00503,-0.128377,0.085427,13,352.81,22,473,26.75
AVGO,2026-09-26,2026-10-09,400.0,C,0.57,0.63,0.6,39.3805,0.051293,0.004014,-0.108105,0.070082,13,352.81,629,1728,26.75
AVGO,2026-09-26,2026-10-09,405.0,C,0.44,0.52,0.48,40.8453,0.041606,0.003271,-0.094652,0.05924,13,352.81,66,409,26.75
AVGO,2026-09-26,2026-10-09,410.0,C,0.17,0.43,0.3,42.2125,0.033796,0.002671,-0.082451,0.04999,13,352.81,56,716,26.75
AVGO,2026-09-26,2026-10-09,415.0,C,0.11,0.53,0.32,46.6802,0.037346,0.002622,-0.09883,0.054256,13,352.81,28,260,26.75
AVGO,2026-09-26,2026-10-09,420.0,C,0.12,0.42,0.27,47.437,0.029629,0.002132,-0.082936,0.044839,13,352.81,39,269,26.75
AVGO,2026-09-26,2026-10-09,425.0,C,0.04,0.48,0.26,51.2212,0.031269,0.002065,-0.093552,0.046886,13,352.81,1,228,26.75
AVGO,2026-09-26,2026-10-09,430.0,C,0.01,0.41,0.21,52.3931,0.026378,0.001752,-0.08302,0.040703,13,352.81,6,288,26.75
AVGO,2026-09-26,2026-10-09,435.0,C,0.14,0.32,0.23,50.2446,0.015945,0.001193,-0.051958,0.026573,13,352.81,27,171,26.75
AVGO,2026-09-26,2026-10-09,440.0,C,0.12,0.34,0.23,52.5395,0.015267,0.001099,-0.052313,0.025601,13,352.81,1,438,26.75
AVGO,2026-09-26,2026-10-09,445.0,C,0.1,0.16,0.13,50.7817,0.009156,0.00073,-0.032438,0.01643,13,352.81,1,41,26.75
AVGO,2026-09-26,2026-10-09,450.0,C,0.08,0.22,0.15,53.8091,0.009877,0.000736,-0.036708,0.017555,13,352.81,4,286,26.75
AVGO,2026-09-26,2026-10-09,455.0,C,0.03,0.29,0.16,56.3481,0.010031,0.000712,-0.038945,0.017794,13,352.81,4,49,26.75
AVGO,2026-09-26,2026-10-09,460.0,C,0.03,0.19,0.11,55.7622,0.007053,0.000528,-0.02828,0.013061,13,352.81,6,250,26.75
AVGO,2026-09-26,2026-10-09,465.0,C,0.03,0.24,0.135,59.1801,0.008123,0.000564,-0.033977,0.014792,13,352.81,6,203,26.75
AVGO,2026-09-26,2026-10-09,470.0,C,0.03,0.19,0.11,59.6684,0.006611,0.000466,-0.028561,0.012336,13,352.81,1,173,26.75
AVGO,2026-09-26,2026-10-09,475.0,C,0.03,0.15,0.09,60.1566,0.005387,0.000386,-0.02401,0.010289,13,352.81,79,35,26.75
AVGO,2026-09-26,2026-10-09,480.0,C,0.01,0.2,0.105,63.0863,0.005968,0.000403,-0.027564,0.011267,13,352.81,1,94,26.75
AVGO,2026-09-26,2026-10-09,485.0,C,0.02,0.66,0.34,75.4397,0.01563,0.000781,-0.076378,0.026122,13,352.81,1,10,26.75
AVGO,2026-09-26,2026-10-09,490.0,C,0.01,0.17,0.09,65.6253,0.00496,0.000329,-0.024318,0.00956,13,352.81,1,28,26.75
AVGO,2026-09-26,2026-10-09,495.0,C,0.01,0.25,0.13,70.3128,0.006669,0.000399,-0.03387,0.012431,13,352.81,1,7,26.75
AVGO,2026-09-26,2026-10-09,500.0,C,0.01,0.69,0.35,81.7873,0.014912,0.000692,-0.079475,0.025088,13,352.81,10,246,26.75
AVGO,2026-09-26,2026-10-09,505.0,C,0.01,0.63,0.32,82.715,0.013551,0.00063,-0.074001,0.023102,13,352.81,3,8,26.75
AVGO,2026-09-26,2026-10-09,510.0,C,0.01,0.69,0.35,85.6447,0.014263,0.000636,-0.080067,0.024146,13,352.81,2,12,26.75
AVGO,2026-09-26,2026-10-09,515.0,C,0.01,0.68,0.345,87.4025,0.01384,0.000607,-0.079604,0.023527,13,352.81,2,114,26.75
AVGO,2026-09-26,2026-10-09,520.0,C,0.01,0.71,0.36,89.7462,0.014011,0.000598,-0.082595,0.023778,13,352.81,4,22,26.75
AVGO,2026-09-26,2026-10-09,525.0,C,0.01,0.09,0.05,73.0471,0.002526,0.000161,-0.014748,0.005215,13,352.81,4,28,26.75
AVGO,2026-09-26,2026-10-09,530.0,C,0.01,0.08,0.045,73.8284,0.002251,0.000144,-0.01343,0.0047,13,352.81,6,61,26.75
AVGO,2026-09-26,2026-10-09,535.0,C,0.01,0.13,0.07,78.7112,0.003277,0.000189,-0.02009,0.006596,13,352.81,1,46,26.75
AVGO,2026-09-26,2026-10-09,540.0,C,0.0,0.99,0.495,101.3677,0.016931,0.000622,-0.109688,0.027974,13,352.81,2,34,26.75
AVGO,2026-09-26,2026-10-09,545.0,C,0.0,0.74,0.37,99.1211,0.013096,0.00051,-0.086,0.022431,13,352.81,20,368,26.75
AVGO,2026-09-26,2026-10-09,550.0,C,0.0,0.01,0.005,67.1878,0.000306,2.5e-05,-0.001947,0.000749,13,352.81,7,71,26.75
AVGO,2026-09-26,2026-10-09,210.0,P,0.0,1.9,0.95,143.1155,-0.019636,0.0005,-0.173855,0.03174,13,352.81,3,6,26.75
AVGO,2026-09-26,2026-10-09,215.0,P,0.0,1.9,0.95,137.4515,-0.020445,0.000539,-0.172753,0.032846,13,352.81,8,6,26.75
AVGO,2026-09-26,2026-10-09,220.0,P,0.0,1.9,0.95,131.8851,-0.021288,0.000581,-0.171485,0.033988,13,352.81,8,23,26.75
AVGO,2026-09-26,2026-10-09,225.0,P,0.0,1.87,0.935,126.0746,-0.021919,0.000623,-0.167984,0.034838,13,352.81,3,60,26.75
AVGO,2026-09-26,2026-10-09,230.0,P,0.0,1.83,0.915,120.3129,-0.022523,0.000668,-0.16398,0.035646,13,352.81,1,3016,26.75
AVGO,2026-09-26,2026-10-09,235.0,P,0.0,0.17,0.085,82.0314,-0.003349,0.000185,-0.021081,0.006726,13,352.81,10,32,26.75
AVGO,2026-09-26,2026-10-09,240.0,P,0.0,0.45,0.225,88.2814,-0.008096,0.000377,-0.04974,0.014748,13,352.81,3,15,26.75
AVGO,2026-09-26,2026-10-09,245.0,P,0.0,0.22,0.11,76.758,-0.004663,0.000266,-0.026519,0.009048,13,352.81,1,43,26.75
AVGO,2026-09-26,2026-10-09,250.0,P,0.0,0.9,0.45,88.4767,-0.015575,0.000664,-0.087973,0.026043,13,352.81,1,38,26.75
AVGO,2026-09-26,2026-10-09,255.0,P,0.0,0.6,0.3,79.0041,-0.011855,0.000588,-0.062039,0.020579,13,352.81,13,42,26.75
AVGO,2026-09-26,2026-10-09,260.0,P,0.0,0.15,0.075,62.5004,-0.003917,0.000279,-0.018449,0.007741,13,352.81,254,246,26.75
AVGO,2026-09-26,2026-10-09,265.0,P,0.0,0.33,0.165,64.9418,-0.008014,0.000508,-0.036181,0.014617,13,352.81,3,54,26.75
AVGO,2026-09-26,2026-10-09,270.0,P,0.01,0.26,0.135,59.5707,-0.007171,0.000502,-0.030077,0.013255,13,352.81,9,26,26.75
AVGO,2026-09-26,2026-10-09,275.0,P,0.01,0.26,0.135,55.9575,-0.007636,0.000565,-0.029838,0.014008,13,352.81,3,21,26.75
AVGO,2026-09-26,2026-10-09,280.0,P,0.01,0.12,0.065,51.563,-0.007368,0.000594,-0.026621,0.013574,13,352.81,54,157,26.75
AVGO,2026-09-26,2026-10-09,285.0,P,0.03,0.1,0.065,46.9732,-0.006786,0.000606,-0.022534,0.012625,13,352.81,20,68,26.75
AVGO,2026-09-26,2026-10-09,290.0,P,0.05,0.1,0.075,43.5553,-0.007267,0.000695,-0.022172,0.013411,13,352.81,9,116,26.75
AVGO,2026-09-26,2026-10-09,295.0,P,0.01,0.11,0.06,40.7232,-0.008521,0.000854,-0.023819,0.015427,13,352.81,1,200,26.75
AVGO,2026-09-26,2026-10-09,300.0,P,0.1,0.15,0.125,38.9655,-0.011865,0.001192,-0.030385,0.020594,13,352.81,50,340,26.75
AVGO,2026-09-26,2026-10-09,305.0,P,0.14,0.21,0.175,37.403,-0.017056,0.001698,-0.039807,0.02815,13,352.81,14,143,26.75
AVGO,2026-09-26,2026-10-09,310.0,P,0.22,0.32,0.27,36.3288,-0.026058,0.002502,-0.055242,0.040289,13,352.81,39,353,26.75
AVGO,2026-09-26,2026-10-09,315.0,P,0.37,0.6,0.485,36.8659,-0.046003,0.003931,-0.089225,0.064241,13,352.81,41,583,26.75
AVGO,2026-09-26,2026-10-09,320.0,P,0.66,0.75,0.705,34.4611,-0.059896,0.005185,-0.102561,0.079209,13,352.81,60,702,26.75
AVGO,2026-09-26,2026-10-09,325.0,P,1.06,1.16,1.11,33.8263,-0.089999,0.00721,-0.137023,0.108124,13,352.81,975,659,26.75
AVGO,2026-09-26,2026-10-09,330.0,P,1.65,1.78,1.715,33.3869,-0.132368,0.009636,-0.177764,0.142621,13,352.81,229,1007,26.75
AVGO,2026-09-26,2026-10-09,335.0,P,2.04,2.98,2.51,34.6076,-0.198234,0.012085,-0.238707,0.185415,13,352.81,252,827,26.75
AVGO,2026-09-26,2026-10-09,337.5,P,3.0,3.25,3.125,32.9597,-0.221354,0.01354,-0.241773,0.197844,13,352.81,46,86,26.75
AVGO,2026-09-26,2026-10-09,340.0,P,3.6,3.8,3.7,32.3554,-0.254643,0.014894,-0.255477,0.213649,13,352.81,175,955,26.75
AVGO,2026-09-26,2026-10-09,342.5,P,4.3,4.6,4.45,32.4531,-0.295105,0.01597,-0.274729,0.229773,13,352.81,76,389,26.75
AVGO,2026-09-26,2026-10-09,345.0,P,5.15,5.45,5.3,32.3249,-0.336802,0.016962,-0.28841,0.243081,13,352.81,229,701,26.75
AVGO,2026-09-26,2026-10-09,347.5,P,6.1,6.4,6.25,32.1784,-0.380582,0.017779,-0.298282,0.253638,13,352.81,154,147,26.75
AVGO,2026-09-26,2026-10-09,350.0,P,7.2,7.45,7.325,32.0014,-0.425985,0.0184,-0.303772,0.261045,13,352.81,241,770,26.75
AVGO,2026-09-26,2026-10-09,352.5,P,8.45,9.7,9.075,35.7733,-0.472794,0.01671,-0.345016,0.265012,13,352.81,154,242,26.75
AVGO,2026-09-26,2026-10-09,355.0,P,9.65,10.0,9.825,32.0563,-0.519173,0.018669,-0.305653,0.265323,13,352.81,386,355,26.75
AVGO,2026-09-26,2026-10-09,357.5,P,10.15,11.5,10.825,32.3005,-0.564495,0.018307,-0.302256,0.262151,13,352.81,26,88,26.75
AVGO,2026-09-26,2026-10-09,360.0,P,12.65,13.0,12.825,32.1479,-0.609607,0.01793,-0.290603,0.25554,13,352.81,73,331,26.75
AVGO,2026-09-26,2026-10-09,362.5,P,14.1,16.15,15.125,37.9767,-0.626268,0.01498,-0.34203,0.252211,13,352.81,7,37,26.75
AVGO,2026-09-26,2026-10-09,365.0,P,14.95,17.95,16.45,38.4406,-0.659818,0.014319,-0.332898,0.244019,13,352.81,7,194,26.75
AVGO,2026-09-26,2026-10-09,367.5,P,16.65,19.85,18.25,39.0265,-0.690533,0.013567,-0.323029,0.234726,13,352.81,1,61,26.75
AVGO,2026-09-26,2026-10-09,370.0,P,18.05,20.3,19.175,32.8864,-0.761807,0.014139,-0.228576,0.206136,13,352.81,9,255,26.75
AVGO,2026-09-26,2026-10-09,372.5,P,20.45,23.0,21.725,36.3532,-0.769178,0.01257,-0.250505,0.202583,13,352.81,2,17,26.75
AVGO,2026-09-26,2026-10-09,375.0,P,22.1,25.85,23.975,40.5035,-0.770588,0.011243,-0.281394,0.20189,13,352.81,1,78,26.75
AVGO,2026-09-26,2026-10-09,377.5,P,24.65,28.0,26.325,41.2237,-0.791576,0.010453,-0.268727,0.191045,13,352.81,2,26,26.75
AVGO,2026-09-26,2026-10-09,380.0,P,26.95,30.2,28.575,42.0111,-0.810155,0.009696,-0.256649,0.180594,13,352.81,4,108,26.75
AVGO,2026-09-26,2026-10-09,382.5,P,29.55,32.45,31.0,42.8839,-0.826387,0.008982,-0.245619,0.17077,13,352.81,52,53,26.75
AVGO,2026-09-26,2026-10-09,385.0,P,31.35,34.75,33.05,43.897,-0.84014,0.00832,-0.236521,0.161912,13,352.81,1,44,26.75
AVGO,2026-09-26,2026-10-09,390.0,P,36.05,39.45,37.75,46.1675,-0.862147,0.007165,-0.222167,0.146648,13,352.81,4,43,26.75
AVGO,2026-09-26,2026-10-09,395.0,P,41.2,44.2,42.7,48.3526,-0.880268,0.006204,-0.207837,0.132984,13,352.81,1,30,26.75
AVGO,2026-09-26,2026-10-09,400.0,P,46.35,49.05,47.7,50.9404,-0.893002,0.005435,-0.199948,0.122733,13,352.81,29,50,26.75
AVGO,2026-09-26,2026-10-09,405.0,P,50.85,53.4,52.125,48.8897,-0.924124,0.004387,-0.136577,0.095091,13,352.81,1,26,26.75
AVGO,2026-09-26,2026-10-09,410.0,P,55.5,58.9,57.2,56.6655,-0.90951,0.004321,-0.194343,0.108562,13,352.81,1,24,26.75
AVGO,2026-09-26,2026-10-09,415.0,P,61.1,63.85,62.475,59.5341,-0.915572,0.003906,-0.192994,0.103086,13,352.81,1,28,26.75
AVGO,2026-09-26,2026-10-09,420.0,P,65.45,68.85,67.15,62.7445,-0.919352,0.00358,-0.196587,0.099593,13,352.81,10,14,26.75
AVGO,2026-09-26,2026-10-09,425.0,P,70.2,73.85,72.025,65.8695,-0.922735,0.003301,-0.199808,0.096411,13,352.81,72,0,26.75
AVGO,2026-09-26,2026-10-09,430.0,P,76.0,78.85,77.425,68.9212,-0.925766,0.003061,-0.202777,0.093517,13,352.81,3,0,26.75
AVGO,2026-09-26,2026-10-09,435.0,P,80.4,83.85,82.125,71.8997,-0.928512,0.00285,-0.205469,0.090857,13,352.81,5,0,26.75
AVGO,2026-09-26,2026-10-09,440.0,P,85.2,89.1,87.15,77.2707,-0.923866,0.002783,-0.237152,0.095336,13,352.81,1,0,26.75
AVGO,2026-09-26,2026-10-09,445.0,P,90.2,93.85,92.025,77.6858,-0.93322,0.002503,-0.210506,0.08621,13,352.81,1,0,26.75
AVGO,2026-09-26,2026-10-09,470.0,P,115.2,118.2,116.7,82.715,-0.959935,0.001567,-0.131927,0.057453,13,352.81,0,0,26.75
AVGO,2026-09-26,2026-10-09,530.0,P,175.2,178.85,177.025,119.3363,-0.954283,0.001208,-0.236015,0.06392,13,352.81,0,0,26.75
AVGO,2026-09-26,2026-10-16,155.0,C,196.6,200.2,198.4,163.5256,0.990511,0.000189,-0.102772,0.021025,20,352.81,1,1,26.75
AVGO,2026-09-26,2026-10-16,175.0,C,222.0,225.45,223.725,494.3241,0.882273,0.000483,-2.024213,0.16299,20,352.81,1,1,26.75
AVGO,2026-09-26,2026-10-16,180.0,C,171.65,175.15,173.4,136.2308,0.9886,0.000266,-0.103546,0.024671,20,352.81,1,44,26.75
AVGO,2026-09-26,2026-10-16,190.0,C,161.7,165.25,163.475,128.7113,0.986525,0.000325,-0.11231,0.028517,20,352.81,1,6,26.75
AVGO,2026-09-26,2026-10-16,195.0,C,156.7,160.35,158.525,125.2933,0.985219,0.000361,-0.117784,0.030883,20,352.81,5,29,26.75
AVGO,2026-09-26,2026-10-16,200.0,C,151.7,155.4,153.55,121.2406,0.984214,0.000395,-0.12061,0.032678,20,352.81,1,62,26.75
AVGO,2026-09-26,2026-10-16,210.0,C,141.75,145.25,143.5,110.6938,0.983841,0.000442,-0.114925,0.033339,20,352.81,1,21,26.75
AVGO,2026-09-26,2026-10-16,220.0,C,131.75,135.45,133.6,104.2485,0.980614,0.000548,-0.125132,0.038942,20,352.81,11,61,26.75
AVGO,2026-09-26,2026-10-16,230.0,C,121.8,125.45,123.625,96.1914,0.978445,0.000649,-0.127121,0.042605,20,352.81,1,62,26.75
AVGO,2026-09-26,2026-10-16,240.0,C,111.85,115.5,113.675,88.8429,0.97543,0.000785,-0.131312,0.047571,20,352.81,13,62,26.75
AVGO,2026-09-26,2026-10-16,250.0,C,101.85,105.45,103.65,80.3225,0.973685,0.00092,-0.127874,0.050384,20,352.81,2,77,26.75
AVGO,2026-09-26,2026-10-16,260.0,C,91.9,95.55,93.725,73.6819,0.969186,0.001143,-0.133461,0.057454,20,352.81,1,118,26.75
AVGO,2026-09-26,2026-10-16,270.0,C,81.95,85.55,83.75,66.3578,0.965176,0.001404,-0.134009,0.063551,20,352.81,1,72,26.75
AVGO,2026-09-26,2026-10-16,280.0,C,72.0,75.65,73.825,59.7416,0.958957,0.001783,-0.137979,0.072671,20,352.81,1,56,26.75
AVGO,2026-09-26,2026-10-16,290.0,C,62.15,65.6,63.875,52.8081,0.952125,0.002284,-0.138895,0.082271,20,352.81,2,112,26.75
AVGO,2026-09-26,2026-10-16,300.0,C,52.35,56.05,54.2,61.182,0.888647,0.003754,-0.268291,0.156659,20,352.81,6,381,26.75
AVGO,2026-09-26,2026-10-16,310.0,C,43.35,46.05,44.7,52.2222,0.872349,0.004843,-0.254369,0.172512,20,352.81,1,308,26.75
AVGO,2026-09-26,2026-10-16,320.0,C,34.4,37.2,35.8,48.5357,0.825252,0.006425,-0.286365,0.212693,20,352.81,16,220,26.75
AVGO,2026-09-26,2026-10-16,330.0,C,26.0,27.8,26.9,41.1139,0.778094,0.008763,-0.280065,0.245744,20,352.81,129,1477,26.75
AVGO,2026-09-26,2026-10-16,335.0,C,22.3,23.55,22.925,38.6359,0.739767,0.01017,-0.285314,0.268006,20,352.81,1,22,26.75
AVGO,2026-09-26,2026-10-16,337.5,C,20.5,21.75,21.125,38.3124,0.713755,0.010752,-0.294738,0.280964,20,352.81,56,101,26.75
AVGO,2026-09-26,2026-10-16,340.0,C,18.8,19.45,19.125,36.1212,0.693592,0.011766,-0.286857,0.289874,20,352.81,707,2486,26.75
AVGO,2026-09-26,2026-10-16,342.5,C,17.35,17.9,17.625,36.2311,0.662172,0.012215,-0.29745,0.301861,20,352.81,85,134,26.75
AVGO,2026-09-26,2026-10-16,345.0,C,15.8,16.25,16.025,35.7733,0.631498,0.012763,-0.301515,0.311408,20,352.81,104,76,26.75
AVGO,2026-09-26,2026-10-16,347.5,C,14.35,14.8,14.575,35.694,0.598694,0.013117,-0.306848,0.319338,20,352.81,122,198,26.75
AVGO,2026-09-26,2026-10-16,350.0,C,12.95,13.3,13.125,35.224,0.565629,0.013528,-0.306954,0.325004,20,352.81,727,3739,26.75
AVGO,2026-09-26,2026-10-16,352.5,C,11.65,12.05,11.85,35.2546,0.531459,0.013659,-0.309035,0.328448,20,352.81,268,137,26.75
AVGO,2026-09-26,2026-10-16,355.0,C,10.5,10.85,10.675,35.1874,0.49726,0.013728,-0.30817,0.329465,20,352.81,439,479,26.75
AVGO,2026-09-26,2026-10-16,357.5,C,9.4,9.75,9.575,35.1691,0.463286,0.013677,-0.305587,0.328077,20,352.81,67,295,26.75
AVGO,2026-09-26,2026-10-16,360.0,C,8.4,8.6,8.5,34.7541,0.428617,0.013676,-0.297567,0.324184,20,352.81,1323,7044,26.75
AVGO,2026-09-26,2026-10-16,362.5,C,7.5,7.8,7.65,35.1569,0.397051,0.01328,-0.294633,0.318441,20,352.81,468,1942,26.75
AVGO,2026-09-26,2026-10-16,365.0,C,6.7,6.9,6.8,35.0226,0.364619,0.012991,-0.285276,0.310315,20,352.81,1144,2090,26.75
AVGO,2026-09-26,2026-10-16,367.5,C,5.9,6.2,6.05,35.2973,0.335266,0.012501,-0.278083,0.300968,20,352.81,136,204,26.75
AVGO,2026-09-26,2026-10-16,370.0,C,5.25,5.45,5.35,35.1813,0.30523,0.01206,-0.265922,0.28938,20,352.81,801,11089,26.75
AVGO,2026-09-26,2026-10-16,372.5,C,4.65,4.9,4.775,35.5292,0.279412,0.011461,-0.257131,0.277722,20,352.81,87,95,26.75
AVGO,2026-09-26,2026-10-16,375.0,C,4.1,4.3,4.2,35.4926,0.252773,0.010905,-0.243699,0.263976,20,352.81,370,973,26.75
AVGO,2026-09-26,2026-10-16,377.5,C,3.6,3.85,3.725,35.81,0.230131,0.010271,-0.233205,0.250853,20,352.81,119,113,26.75
AVGO,2026-09-26,2026-10-16,380.0,C,3.25,3.4,3.325,35.9381,0.207838,0.009651,-0.22035,0.236569,20,352.81,3861,11296,26.75
AVGO,2026-09-26,2026-10-16,382.5,C,2.83,2.99,2.91,36.0358,0.186935,0.009027,-0.206913,0.221875,20,352.81,76,160,26.75
AVGO,2026-09-26,2026-10-16,385.0,C,2.33,2.66,2.495,36.3043,0.168854,0.008403,-0.195211,0.208083,20,352.81,237,500,26.75
AVGO,2026-09-26,2026-10-16,390.0,C,1.95,2.08,2.015,36.7316,0.136402,0.007208,-0.17097,0.180584,20,352.81,309,5461,26.75
AVGO,2026-09-26,2026-10-16,395.0,C,1.56,1.7,1.63,37.6349,0.112599,0.006152,-0.152821,0.15791,20,352.81,579,242,26.75
AVGO,2026-09-26,2026-10-16,400.0,C,1.28,1.35,1.315,38.2208,0.09119,0.005195,-0.132847,0.135427,20,352.81,3074,19671,26.75
AVGO,2026-09-26,2026-10-16,405.0,C,1.05,1.12,1.085,39.1852,0.075808,0.00441,-0.118327,0.117864,20,352.81,50,222,26.75
AVGO,2026-09-26,2026-10-16,410.0,C,0.88,0.94,0.91,40.2106,0.063596,0.003754,-0.105897,0.102952,20,352.81,447,19852,26.75
AVGO,2026-09-26,2026-10-16,415.0,C,0.73,0.79,0.76,41.1627,0.053308,0.003192,-0.094247,0.089627,20,352.81,7,99,26.75
AVGO,2026-09-26,2026-10-16,420.0,C,0.62,0.66,0.64,42.0172,0.044513,0.002708,-0.083194,0.077598,20,352.81,414,3965,26.75
AVGO,2026-09-26,2026-10-16,425.0,C,0.52,0.74,0.63,45.2398,0.046101,0.002587,-0.09201,0.079817,20,352.81,37,163,26.75
AVGO,2026-09-26,2026-10-16,430.0,C,0.45,0.5,0.475,44.2388,0.033082,0.002019,-0.068631,0.060924,20,352.81,75,5855,26.75
AVGO,2026-09-26,2026-10-16,440.0,C,0.34,0.39,0.365,46.4361,0.025182,0.001533,-0.057328,0.048563,20,352.81,349,34514,26.75
AVGO,2026-09-26,2026-10-16,450.0,C,0.25,0.32,0.285,48.8286,0.020079,0.001205,-0.049734,0.040121,20,352.81,173,10211,26.75
AVGO,2026-09-26,2026-10-16,460.0,C,0.2,0.37,0.285,51.6118,0.017128,0.000995,-0.045861,0.035042,20,352.81,119,2614,26.75
AVGO,2026-09-26,2026-10-16,470.0,C,0.15,0.22,0.185,51.9536,0.011329,0.000692,-0.032298,0.024538,20,352.81,76,4534,26.75
AVGO,2026-09-26,2026-10-16,480.0,C,0.11,0.26,0.185,55.1762,0.010675,0.000619,-0.032545,0.023302,20,352.81,122,2216,26.75
AVGO,2026-09-26,2026-10-16,490.0,C,0.07,0.16,0.115,55.0786,0.006832,0.000419,-0.021949,0.015753,20,352.81,33,2933,26.75
AVGO,2026-09-26,2026-10-16,500.0,C,0.05,0.15,0.1,57.1293,0.005805,0.00035,-0.019694,0.013636,20,352.81,15,6116,26.75
AVGO,2026-09-26,2026-10-16,510.0,C,0.02,0.11,0.065,57.227,0.003826,0.000241,-0.013594,0.009401,20,352.81,488,527,26.75
AVGO,2026-09-26,2026-10-16,520.0,C,0.07,0.1,0.085,61.5238,0.004581,0.000263,-0.017161,0.011045,20,352.81,34,1554,26.75
AVGO,2026-09-26,2026-10-16,530.0,C,0.01,0.13,0.07,62.891,0.003731,0.000214,-0.014592,0.009192,20,352.81,2,119,26.75
AVGO,2026-09-26,2026-10-16,540.0,C,0.03,0.07,0.05,63.2816,0.002682,0.000158,-0.010907,0.00683,20,352.81,6,2135,26.75
AVGO,2026-09-26,2026-10-16,550.0,C,0.01,0.09,0.05,65.6253,0.002564,0.000146,-0.010855,0.006557,20,352.81,4,278,26.75
AVGO,2026-09-26,2026-10-16,560.0,C,0.04,0.08,0.06,69.3362,0.002965,0.000158,-0.01307,0.007476,20,352.81,2,2375,26.75
AVGO,2026-09-26,2026-10-16,580.0,C,0.01,0.04,0.025,68.3597,0.001295,7.6e-05,-0.006072,0.003524,20,352.81,3,668,26.75
AVGO,2026-09-26,2026-10-16,600.0,C,0.02,0.03,0.025,72.6565,0.001247,6.9e-05,-0.006232,0.003405,20,352.81,9,2551,26.75
AVGO,2026-09-26,2026-10-16,620.0,C,0.0,0.3,0.15,90.5274,0.005479,0.00021,-0.029519,0.012954,20,352.81,7,1304,26.75
AVGO,2026-09-26,2026-10-16,630.0,C,0.0,0.11,0.055,83.9845,0.002259,0.000102,-0.012361,0.005847,20,352.81,42,313,26.75
AVGO,2026-09-26,2026-10-16,640.0,C,0.0,1.33,0.665,113.8676,0.01819,0.000475,-0.10566,0.036888,20,352.81,20,219,26.75
AVGO,2026-09-26,2026-10-16,650.0,C,0.01,0.28,0.145,96.6797,0.004983,0.000181,-0.028958,0.011905,20,352.81,8,739,26.75
AVGO,2026-09-26,2026-10-16,660.0,C,0.0,1.31,0.655,118.4086,0.0173,0.000438,-0.105242,0.035343,20,352.81,3,577,26.75
AVGO,2026-09-26,2026-10-16,670.0,C,0.0,1.17,0.585,118.8969,0.015495,0.000397,-0.096146,0.03216,20,352.81,6,87,26.75
AVGO,2026-09-26,2026-10-16,680.0,C,0.0,0.75,0.375,114.5024,0.010562,0.000296,-0.066465,0.023086,20,352.81,1,656,26.75
AVGO,2026-09-26,2026-10-16,690.0,C,0.01,0.38,0.195,108.2036,0.005989,0.00019,-0.038141,0.014019,20,352.81,28,245,26.75
AVGO,2026-09-26,2026-10-16,700.0,C,0.0,0.01,0.005,81.2502,0.000237,1.3e-05,-0.001496,0.000732,20,352.81,108,1067,26.75
AVGO,2026-09-26,2026-10-16,710.0,C,0.0,0.03,0.015,89.0626,0.000599,2.9e-05,-0.003883,0.001734,20,352.81,8,435,26.75
AVGO,2026-09-26,2026-10-16,720.0,C,0.0,0.03,0.015,90.6251,0.000585,2.7e-05,-0.003868,0.001698,20,352.81,1,428,26.75
AVGO,2026-09-26,2026-10-16,730.0,C,0.0,0.3,0.15,112.6957,0.004449,0.00014,-0.030479,0.010761,20,352.81,44,806,26.75
AVGO,2026-09-26,2026-10-16,740.0,C,0.0,0.03,0.015,93.7501,0.000566,2.6e-05,-0.00388,0.001646,20,352.81,103,517,26.75
AVGO,2026-09-26,2026-10-16,155.0,P,0.0,0.05,0.025,114.8442,-0.000682,2.5e-05,-0.005583,0.001955,20,352.81,1,665,26.75
AVGO,2026-09-26,2026-10-16,160.0,P,0.0,0.06,0.03,112.1098,-0.000808,3e-05,-0.006374,0.002286,20,352.81,1,462,26.75
AVGO,2026-09-26,2026-10-16,165.0,P,0.0,0.04,0.02,104.688,-0.000613,2.5e-05,-0.00461,0.001771,20,352.81,107,299,26.75
AVGO,2026-09-26,2026-10-16,170.0,P,0.0,0.04,0.02,100.0005,-0.000586,2.5e-05,-0.004224,0.001699,20,352.81,101,868,26.75
AVGO,2026-09-26,2026-10-16,175.0,P,0.0,1.6,0.8,148.2913,-0.013909,0.00029,-0.108026,0.029307,20,352.81,14,165,26.75
AVGO,2026-09-26,2026-10-16,180.0,P,0.0,0.3,0.15,113.6723,-0.003786,0.00012,-0.026306,0.009314,20,352.81,10,333,26.75
AVGO,2026-09-26,2026-10-16,185.0,P,0.0,1.9,0.95,141.6995,-0.017051,0.000361,-0.122898,0.034907,20,352.81,10,326,26.75
AVGO,2026-09-26,2026-10-16,190.0,P,0.0,1.57,0.785,132.2269,-0.015327,0.000353,-0.104645,0.031861,20,352.81,62,2482,26.75
AVGO,2026-09-26,2026-10-16,195.0,P,0.01,0.11,0.06,91.4063,-0.001935,8.2e-05,-0.011531,0.005082,20,352.81,19,241,26.75
AVGO,2026-09-26,2026-10-16,200.0,P,0.0,0.3,0.15,97.0703,-0.004378,0.00016,-0.025555,0.010607,20,352.81,59,1039,26.75
AVGO,2026-09-26,2026-10-16,210.0,P,0.0,0.47,0.235,94.629,-0.006888,0.000246,-0.037244,0.015867,20,352.81,1,1294,26.75
AVGO,2026-09-26,2026-10-16,220.0,P,0.0,0.06,0.03,69.1409,-0.001294,7.5e-05,-0.006032,0.003521,20,352.81,1,3698,26.75
AVGO,2026-09-26,2026-10-16,230.0,P,0.01,0.12,0.065,68.1644,-0.002759,0.000151,-0.011824,0.007005,20,352.81,1,3029,26.75
AVGO,2026-09-26,2026-10-16,240.0,P,0.0,0.05,0.025,56.2504,-0.001311,9.3e-05,-0.004958,0.003563,20,352.81,2,2448,26.75
AVGO,2026-09-26,2026-10-16,250.0,P,0.01,0.08,0.045,53.9067,-0.002472,0.000173,-0.00845,0.006345,20,352.81,6,3228,26.75
AVGO,2026-09-26,2026-10-16,260.0,P,0.03,0.25,0.14,54.9809,-0.007075,0.000433,-0.022039,0.016245,20,352.81,25,1123,26.75
AVGO,2026-09-26,2026-10-16,270.0,P,0.05,0.11,0.08,47.4615,-0.006506,0.000466,-0.017634,0.015085,20,352.81,15,2596,26.75
AVGO,2026-09-26,2026-10-16,280.0,P,0.1,0.19,0.145,44.8248,-0.011405,0.000807,-0.027194,0.024682,20,352.81,35,4524,26.75
AVGO,2026-09-26,2026-10-16,285.0,P,0.11,0.17,0.14,41.1627,-0.011113,0.00086,-0.02438,0.024131,20,352.81,2,234,26.75
AVGO,2026-09-26,2026-10-16,290.0,P,0.15,0.21,0.18,39.4049,-0.014056,0.0011,-0.028563,0.029574,20,352.81,16,3734,26.75
AVGO,2026-09-26,2026-10-16,295.0,P,0.08,0.45,0.265,41.3336,-0.027366,0.001847,-0.052677,0.052059,20,352.81,4,41,26.75
AVGO,2026-09-26,2026-10-16,300.0,P,0.33,0.39,0.36,37.0856,-0.026378,0.001996,-0.045733,0.050485,20,352.81,91,9416,26.75
AVGO,2026-09-26,2026-10-16,305.0,P,0.35,0.72,0.535,38.2575,-0.04497,0.002998,-0.072994,0.078239,20,352.81,33,236,26.75
AVGO,2026-09-26,2026-10-16,310.0,P,0.7,0.78,0.74,35.401,-0.051618,0.003618,-0.075216,0.087364,20,352.81,162,6971,26.75
AVGO,2026-09-26,2026-10-16,315.0,P,1.02,1.1,1.06,34.6564,-0.071409,0.004764,-0.094643,0.112599,20,352.81,180,420,26.75
AVGO,2026-09-26,2026-10-16,320.0,P,1.45,1.55,1.5,34.0217,-0.097925,0.006151,-0.117397,0.142732,20,352.81,404,10241,26.75
AVGO,2026-09-26,2026-10-16,325.0,P,2.05,2.17,2.11,33.4846,-0.132395,0.007747,-0.142685,0.176924,20,352.81,323,922,26.75
AVGO,2026-09-26,2026-10-16,330.0,P,2.9,3.05,2.975,33.2282,-0.177001,0.009461,-0.170858,0.214426,20,352.81,524,10286,26.75
AVGO,2026-09-26,2026-10-16,335.0,P,3.95,4.2,4.075,33.0207,-0.230366,0.011145,-0.197715,0.250995,20,352.81,221,1243,26.75
AVGO,2026-09-26,2026-10-16,337.5,P,4.6,4.95,4.775,33.1489,-0.261322,0.011879,-0.211797,0.268583,20,352.81,604,543,26.75
AVGO,2026-09-26,2026-10-16,340.0,P,5.4,5.6,5.5,32.6545,-0.290736,0.012708,-0.219048,0.283033,20,352.81,989,11065,26.75
AVGO,2026-09-26,2026-10-16,342.5,P,6.15,6.45,6.3,32.5751,-0.324081,0.013363,-0.228374,0.296896,20,352.81,172,182,26.75
AVGO,2026-09-26,2026-10-16,345.0,P,7.1,7.45,7.275,32.6972,-0.359469,0.013847,-0.237523,0.308814,20,352.81,398,756,26.75
AVGO,2026-09-26,2026-10-16,347.5,P,8.1,8.4,8.25,32.392,-0.394609,0.014389,-0.241047,0.317908,20,352.81,345,540,26.75
AVGO,2026-09-26,2026-10-16,350.0,P,9.25,9.5,9.375,32.27,-0.431266,0.014747,-0.243891,0.32457,20,352.81,858,8732,26.75
AVGO,2026-09-26,2026-10-16,352.5,P,10.4,10.8,10.6,32.4714,-0.468552,0.01483,-0.247066,0.328449,20,352.81,201,253,26.75
AVGO,2026-09-26,2026-10-16,355.0,P,11.7,12.25,11.975,32.8498,-0.505196,0.014704,-0.249392,0.329445,20,352.81,552,2117,26.75
AVGO,2026-09-26,2026-10-16,357.5,P,13.1,13.5,13.3,32.3676,-0.542596,0.014839,-0.242314,0.327593,20,352.81,96,159,26.75
AVGO,2026-09-26,2026-10-16,360.0,P,14.55,15.45,15.0,33.7287,-0.574484,0.014072,-0.248722,0.323714,20,352.81,485,3804,26.75
AVGO,2026-09-26,2026-10-16,362.5,P,16.15,16.6,16.375,32.4103,-0.614018,0.014292,-0.230059,0.315923,20,352.81,75,198,26.75
AVGO,2026-09-26,2026-10-16,365.0,P,17.75,18.3,18.025,32.5141,-0.647635,0.013828,-0.221828,0.306646,20,352.81,90,261,26.75
AVGO,2026-09-26,2026-10-16,367.5,P,19.05,20.9,19.975,35.3339,-0.664542,0.012491,-0.237537,0.301035,20,352.81,12,96,26.75
AVGO,2026-09-26,2026-10-16,370.0,P,21.35,22.55,21.95,34.8822,-0.696545,0.012132,-0.221878,0.28863,20,352.81,35,4919,26.75
AVGO,2026-09-26,2026-10-16,372.5,P,22.05,24.65,23.35,35.7428,-0.719244,0.011419,-0.217795,0.278369,20,352.81,6,125,26.75
AVGO,2026-09-26,2026-10-16,375.0,P,23.95,26.6,25.275,35.9076,-0.74445,0.01084,-0.206175,0.265492,20,352.81,57,101,26.75
AVGO,2026-09-26,2026-10-16,377.5,P,26.0,29.3,27.65,38.7213,-0.750587,0.009925,-0.22104,0.262114,20,352.81,15,46,26.75
AVGO,2026-09-26,2026-10-16,380.0,P,28.05,31.4,29.725,39.1974,-0.770032,0.009379,-0.212029,0.250753,20,352.81,54,6631,26.75
AVGO,2026-09-26,2026-10-16,382.5,P,30.2,33.55,31.875,39.7284,-0.787667,0.008841,-0.203309,0.239561,20,352.81,10,30,26.75
AVGO,2026-09-26,2026-10-16,385.0,P,32.4,34.95,33.675,36.7865,-0.827675,0.008402,-0.15752,0.210812,20,352.81,4,9,26.75
AVGO,2026-09-26,2026-10-16,390.0,P,37.3,39.05,38.175,35.5353,-0.872104,0.007127,-0.1149,0.172742,20,352.81,59,2418,26.75
AVGO,2026-09-26,2026-10-16,395.0,P,41.45,44.8,43.125,42.7252,-0.854772,0.006466,-0.162756,0.188433,20,352.81,1,13,26.75
AVGO,2026-09-26,2026-10-16,400.0,P,46.2,49.55,47.875,44.5074,-0.871065,0.005723,-0.153607,0.173715,20,352.81,48,3120,26.75
AVGO,2026-09-26,2026-10-16,410.0,P,55.75,59.15,57.45,47.9375,-0.896667,0.00454,-0.136137,0.14844,20,352.81,6,3083,26.75
AVGO,2026-09-26,2026-10-16,415.0,P,60.7,63.4,62.05,45.1177,-0.928306,0.00367,-0.083915,0.112944,20,352.81,0,3,26.75
AVGO,2026-09-26,2026-10-16,420.0,P,66.0,68.3,67.15,46.729,-0.93557,0.003263,-0.077187,0.104001,20,352.81,26,1340,26.75
AVGO,2026-09-26,2026-10-16,430.0,P,75.35,78.85,77.1,56.2749,-0.922078,0.003136,-0.124375,0.120355,20,352.81,6,331,26.75
AVGO,2026-09-26,2026-10-16,440.0,P,85.45,88.85,87.15,61.0966,-0.927455,0.002735,-0.127807,0.11397,20,352.81,12,53,26.75
AVGO,2026-09-26,2026-10-16,450.0,P,95.4,98.9,97.15,66.1502,-0.9305,0.002444,-0.134862,0.110276,20,352.81,30,34,26.75
AVGO,2026-09-26,2026-10-16,460.0,P,105.2,108.95,107.075,71.0696,-0.932948,0.002213,-0.141863,0.107267,20,352.81,1,3,26.75
AVGO,2026-09-26,2026-10-16,470.0,P,115.2,119.05,117.125,76.2698,-0.933796,0.002042,-0.152649,0.106216,20,352.81,1,2,26.75
AVGO,2026-09-26,2026-10-16,480.0,P,125.2,128.95,127.075,79.5534,-0.9392,0.001832,-0.146507,0.099404,20,352.81,3,0,26.75
AVGO,2026-09-26,2026-10-16,500.0,P,145.2,149.0,147.1,87.9884,-0.942842,0.001578,-0.154753,0.094702,20,352.81,4,2,26.75
AVGO,2026-09-26,2026-10-16,520.0,P,165.2,168.9,167.05,94.4336,-0.948888,0.001346,-0.148626,0.086682,20,352.81,1,5,26.75
AVGO,2026-09-26,2026-10-16,550.0,P,195.2,198.95,197.075,105.396,-0.952264,0.001142,-0.156781,0.082079,20,352.81,0,0,26.75
AVGO,2026-09-26,2026-10-16,560.0,P,205.2,208.95,207.075,108.6919,-0.95351,0.001084,-0.157705,0.080358,20,352.81,10,0,26.75
AVGO,2026-09-26,2026-10-16,630.0,P,270.2,274.05,272.125,0.001,-1.0,0.0,0.070093,0.0,20,352.81,10,0,26.75
AVGO,2026-09-26,2026-10-16,640.0,P,259.5,262.2,260.85,0.001,-1.0,0.0,0.071205,0.0,20,352.81,2,2,26.75
AVGO,2026-09-26,2026-10-16,650.0,P,253.9,257.8,255.85,0.001,-1.0,0.0,0.072318,0.0,20,352.81,5,0,26.75
AVGO,2026-09-26,2026-10-16,660.0,P,263.95,267.8,265.875,0.001,-1.0,0.0,0.073431,0.0,20,352.81,25,0,26.75
AVGO,2026-09-26,2026-10-16,690.0,P,293.7,297.55,295.625,0.001,-1.0,0.0,0.076768,0.0,20,352.81,2,0,26.75
AVGO,2026-09-26,2026-10-16,730.0,P,369.1,372.4,370.75,0.001,-1.0,0.0,0.081219,0.0,20,352.81,0,0,26.75
AVGO,2026-09-26,2026-10-23,255.0,C,97.15,100.8,98.975,70.4349,0.964563,0.001155,-0.124543,0.074905,27,352.81,0,78,26.75
AVGO,2026-09-26,2026-10-23,270.0,C,82.25,85.95,84.1,61.3163,0.955951,0.001584,-0.129674,0.089403,27,352.81,1,3,26.75
AVGO,2026-09-26,2026-10-23,290.0,C,62.6,66.2,64.4,50.1714,0.936621,0.002583,-0.140434,0.119303,27,352.81,0,1,26.75
AVGO,2026-09-26,2026-10-23,300.0,C,52.95,56.6,54.775,55.7255,0.878089,0.003783,-0.228472,0.194098,27,352.81,4,27,26.75
AVGO,2026-09-26,2026-10-23,305.0,C,48.8,51.75,50.275,52.4175,0.867321,0.004265,-0.228126,0.205871,27,352.81,10,9,26.75
AVGO,2026-09-26,2026-10-23,310.0,C,43.55,47.2,45.375,50.3179,0.849817,0.004833,-0.236755,0.223914,27,352.81,3,5,26.75
AVGO,2026-09-26,2026-10-23,315.0,C,39.0,42.7,40.85,48.1695,0.829891,0.005477,-0.244522,0.242922,27,352.81,1,7,26.75
AVGO,2026-09-26,2026-10-23,320.0,C,34.65,37.0,35.825,41.2604,0.829639,0.0064,-0.214237,0.243153,27,352.81,2,21,26.75
AVGO,2026-09-26,2026-10-23,325.0,C,31.1,34.15,32.625,44.605,0.777046,0.006971,-0.263195,0.286297,27,352.81,3,14,26.75
AVGO,2026-09-26,2026-10-23,330.0,C,27.15,29.5,28.325,41.1139,0.751921,0.008022,-0.257451,0.30368,27,352.81,16,56,26.75
AVGO,2026-09-26,2026-10-23,335.0,C,23.8,25.55,24.675,39.4781,0.713674,0.008982,-0.263872,0.326494,27,352.81,2,57,26.75
AVGO,2026-09-26,2026-10-23,340.0,C,20.75,21.45,21.1,36.933,0.673061,0.01018,-0.260825,0.346202,27,352.81,351,218,26.75
AVGO,2026-09-26,2026-10-23,345.0,C,17.7,18.8,18.25,37.7875,0.617336,0.010523,-0.278361,0.366133,27,352.81,62,352,26.75
AVGO,2026-09-26,2026-10-23,350.0,C,14.9,15.95,15.425,37.3602,0.563217,0.010988,-0.281867,0.377996,27,352.81,116,219,26.75
AVGO,2026-09-26,2026-10-23,355.0,C,12.4,12.85,12.625,35.6025,0.506224,0.011676,-0.270815,0.382766,27,352.81,220,473,26.75
AVGO,2026-09-26,2026-10-23,360.0,C,10.15,10.65,10.4,35.4377,0.448328,0.011633,-0.265541,0.379597,27,352.81,258,579,26.75
AVGO,2026-09-26,2026-10-23,365.0,C,8.4,8.75,8.575,35.34,0.392036,0.011331,-0.25573,0.368707,27,352.81,380,575,26.75
AVGO,2026-09-26,2026-10-23,370.0,C,6.5,7.2,6.85,35.4926,0.339669,0.010755,-0.243556,0.351465,27,352.81,147,544,26.75
AVGO,2026-09-26,2026-10-23,375.0,C,5.15,5.85,5.5,35.5536,0.290712,0.010045,-0.227286,0.328842,27,352.81,372,373,26.75
AVGO,2026-09-26,2026-10-23,380.0,C,4.55,4.85,4.7,36.0602,0.249126,0.009167,-0.212502,0.304362,27,352.81,532,444,26.75
AVGO,2026-09-26,2026-10-23,385.0,C,3.7,3.95,3.825,36.341,0.210841,0.008284,-0.194401,0.277199,27,352.81,153,403,26.75
AVGO,2026-09-26,2026-10-23,390.0,C,3.05,3.25,3.15,36.8048,0.178518,0.007391,-0.177383,0.250485,27,352.81,105,500,26.75
AVGO,2026-09-26,2026-10-23,395.0,C,2.51,2.67,2.59,37.2565,0.150484,0.006536,-0.160315,0.224213,27,352.81,61,292,26.75
AVGO,2026-09-26,2026-10-23,400.0,C,2.06,2.2,2.13,37.757,0.126771,0.005738,-0.144219,0.199478,27,352.81,293,982,26.75
AVGO,2026-09-26,2026-10-23,405.0,C,1.71,2.04,1.875,39.4904,0.114542,0.005108,-0.140103,0.185727,27,352.81,12,332,26.75
AVGO,2026-09-26,2026-10-23,410.0,C,1.45,1.59,1.52,39.3317,0.092966,0.004407,-0.119741,0.159616,27,352.81,65,384,26.75
AVGO,2026-09-26,2026-10-23,415.0,C,1.21,1.36,1.285,40.1251,0.079938,0.003859,-0.108936,0.142573,27,352.81,20,474,26.75
AVGO,2026-09-26,2026-10-23,420.0,C,1.03,1.18,1.105,40.9918,0.069322,0.003388,-0.099672,0.127878,27,352.81,90,402,26.75
AVGO,2026-09-26,2026-10-23,425.0,C,0.89,1.02,0.955,41.7853,0.060005,0.002971,-0.090706,0.114314,27,352.81,13,189,26.75
AVGO,2026-09-26,2026-10-23,430.0,C,0.78,1.14,0.96,44.8248,0.062115,0.002846,-0.09981,0.117444,27,352.81,2,348,26.75
AVGO,2026-09-26,2026-10-23,435.0,C,0.64,0.78,0.71,43.4454,0.045733,0.002303,-0.075849,0.092144,27,352.81,7,105,26.75
AVGO,2026-09-26,2026-10-23,440.0,C,0.57,0.69,0.63,44.3121,0.040301,0.002039,-0.069781,0.083195,27,352.81,11,156,26.75
AVGO,2026-09-26,2026-10-23,445.0,C,0.43,0.78,0.605,47.1441,0.042453,0.001999,-0.077348,0.086778,27,352.81,18,644,26.75
AVGO,2026-09-26,2026-10-23,450.0,C,0.24,0.55,0.395,46.0455,0.031709,0.001612,-0.059475,0.068355,27,352.81,48,138,26.75
AVGO,2026-09-26,2026-10-23,455.0,C,0.4,0.72,0.56,50.0005,0.03751,0.001704,-0.074059,0.078472,27,352.81,3,44,26.75
AVGO,2026-09-26,2026-10-23,460.0,C,0.19,0.65,0.42,50.8062,0.033698,0.001536,-0.068877,0.071871,27,352.81,3,99,26.75
AVGO,2026-09-26,2026-10-23,465.0,C,0.15,0.4,0.275,48.5601,0.022657,0.001155,-0.047277,0.051629,27,352.81,1,49,26.75
AVGO,2026-09-26,2026-10-23,470.0,C,0.29,0.6,0.445,50.9282,0.023876,0.001151,-0.05178,0.053957,27,352.81,1,61,26.75
AVGO,2026-09-26,2026-10-23,475.0,C,0.26,0.35,0.305,50.6353,0.019289,0.000966,-0.042969,0.045054,27,352.81,1,52,26.75
AVGO,2026-09-26,2026-10-23,480.0,C,0.23,0.49,0.36,52.3442,0.019221,0.000932,-0.044261,0.044919,27,352.81,1,189,26.75
AVGO,2026-09-26,2026-10-23,485.0,C,0.21,0.49,0.35,53.5649,0.018274,0.000872,-0.043364,0.043028,27,352.81,1,21,26.75
AVGO,2026-09-26,2026-10-23,490.0,C,0.04,0.27,0.155,53.0766,0.01454,0.000724,-0.035318,0.035379,27,352.81,10,150,26.75
AVGO,2026-09-26,2026-10-23,495.0,C,0.17,0.43,0.3,55.2251,0.015411,0.000731,-0.038612,0.037193,27,352.81,10,16,26.75
AVGO,2026-09-26,2026-10-23,500.0,C,0.01,0.37,0.19,53.3208,0.010415,0.00054,-0.026555,0.026498,27,352.81,1,17,26.75
AVGO,2026-09-26,2026-10-23,505.0,C,0.12,0.26,0.19,54.6391,0.010205,0.000517,-0.026723,0.026032,27,352.81,16,1,26.75
AVGO,2026-09-26,2026-10-23,510.0,C,0.01,0.36,0.185,55.7622,0.009799,0.000489,-0.026312,0.025126,27,352.81,6,25,26.75
AVGO,2026-09-26,2026-10-23,515.0,C,0.07,0.2,0.135,54.8833,0.007362,0.000387,-0.020146,0.01955,27,352.81,13,10,26.75
AVGO,2026-09-26,2026-10-23,520.0,C,0.09,0.22,0.155,57.0317,0.008114,0.000406,-0.022795,0.021296,27,352.81,3,8,26.75
AVGO,2026-09-26,2026-10-23,525.0,C,0.06,0.34,0.2,60.059,0.00982,0.000455,-0.028362,0.025172,27,352.81,8,7,26.75
AVGO,2026-09-26,2026-10-23,530.0,C,0.01,0.28,0.145,58.9848,0.007391,0.000361,-0.021704,0.019617,27,352.81,8,17,26.75
AVGO,2026-09-26,2026-10-23,535.0,C,0.06,0.32,0.19,62.1098,0.00908,0.000411,-0.027374,0.023506,27,352.81,11,38,26.75
AVGO,2026-09-26,2026-10-23,540.0,C,0.05,0.19,0.12,60.059,0.006112,0.0003,-0.018674,0.016585,27,352.81,4,5,26.75
AVGO,2026-09-26,2026-10-23,545.0,C,0.01,0.21,0.11,60.5473,0.005542,0.000273,-0.017255,0.015205,27,352.81,1,33,26.75
AVGO,2026-09-26,2026-10-23,210.0,P,0.01,0.2,0.105,74.3167,-0.003651,0.000153,-0.014261,0.010474,27,352.81,6,45,26.75
AVGO,2026-09-26,2026-10-23,215.0,P,0.0,1.73,0.865,95.6055,-0.02036,0.000536,-0.082627,0.047169,27,352.81,2,18,26.75
AVGO,2026-09-26,2026-10-23,220.0,P,0.0,1.68,0.84,91.2599,-0.020721,0.00057,-0.080014,0.047876,27,352.81,6,36,26.75
AVGO,2026-09-26,2026-10-23,225.0,P,0.0,1.6,0.8,86.7677,-0.020831,0.000602,-0.076375,0.048091,27,352.81,10,20,26.75
AVGO,2026-09-26,2026-10-23,230.0,P,0.0,0.62,0.31,71.5823,-0.010432,0.000403,-0.034738,0.026537,27,352.81,11,30,26.75
AVGO,2026-09-26,2026-10-23,235.0,P,0.01,0.35,0.18,63.5746,-0.007066,0.000322,-0.021902,0.018854,27,352.81,2,194,26.75
AVGO,2026-09-26,2026-10-23,240.0,P,0.01,0.21,0.11,57.0317,-0.004927,0.000261,-0.014261,0.013696,27,352.81,15,18,26.75
AVGO,2026-09-26,2026-10-23,245.0,P,0.01,0.19,0.1,53.6137,-0.004738,0.000268,-0.012934,0.013224,27,352.81,8,24,26.75
AVGO,2026-09-26,2026-10-23,250.0,P,0.01,0.31,0.16,54.0044,-0.007361,0.000393,-0.019243,0.019546,27,352.81,9,10,26.75
AVGO,2026-09-26,2026-10-23,255.0,P,0.01,0.37,0.19,52.3442,-0.008826,0.000476,-0.02186,0.022928,27,352.81,6,22,26.75
AVGO,2026-09-26,2026-10-23,260.0,P,0.01,0.25,0.13,51.5142,-0.011597,0.000613,-0.027278,0.029097,27,352.81,5,47,26.75
AVGO,2026-09-26,2026-10-23,265.0,P,0.01,0.24,0.125,48.3892,-0.011808,0.000663,-0.025998,0.029555,27,352.81,7,15,26.75
AVGO,2026-09-26,2026-10-23,270.0,P,0.01,0.3,0.155,47.1685,-0.014897,0.000832,-0.030941,0.036125,27,352.81,6,14,26.75
AVGO,2026-09-26,2026-10-23,275.0,P,0.01,0.39,0.2,46.2408,-0.019322,0.00106,-0.03784,0.045119,27,352.81,10,55,26.75
AVGO,2026-09-26,2026-10-23,280.0,P,0.05,0.44,0.245,44.2388,-0.022416,0.001256,-0.040994,0.051166,27,352.81,6,74,26.75
AVGO,2026-09-26,2026-10-23,285.0,P,0.25,0.51,0.38,42.4322,-0.026602,0.001512,-0.045326,0.059075,27,352.81,4,74,26.75
AVGO,2026-09-26,2026-10-23,290.0,P,0.38,0.62,0.5,40.9674,-0.03272,0.00186,-0.051874,0.07015,27,352.81,5,1079,26.75
AVGO,2026-09-26,2026-10-23,295.0,P,0.29,0.57,0.43,37.403,-0.032913,0.002047,-0.047477,0.070491,27,352.81,2,139,26.75
AVGO,2026-09-26,2026-10-23,300.0,P,0.64,0.75,0.695,36.4264,-0.043028,0.002616,-0.057413,0.087726,27,352.81,20,399,26.75
AVGO,2026-09-26,2026-10-23,305.0,P,0.89,1.33,1.11,38.1354,-0.068794,0.00362,-0.086942,0.127126,27,352.81,133,510,26.75
AVGO,2026-09-26,2026-10-23,310.0,P,1.22,1.36,1.29,35.0348,-0.075389,0.004227,-0.085378,0.136369,27,352.81,86,370,26.75
AVGO,2026-09-26,2026-10-23,315.0,P,1.68,1.81,1.745,34.3512,-0.098136,0.005251,-0.101625,0.166101,27,352.81,114,398,26.75
AVGO,2026-09-26,2026-10-23,320.0,P,2.21,2.43,2.32,33.8813,-0.127564,0.006422,-0.120444,0.200345,27,352.81,135,1297,26.75
AVGO,2026-09-26,2026-10-23,325.0,P,3.05,3.25,3.15,33.5334,-0.163829,0.007679,-0.140466,0.237099,27,352.81,91,1311,26.75
AVGO,2026-09-26,2026-10-23,330.0,P,4.1,4.25,4.175,33.1,-0.205857,0.008968,-0.159005,0.273314,27,352.81,116,1371,26.75
AVGO,2026-09-26,2026-10-23,335.0,P,5.35,5.6,5.475,33.0329,-0.256238,0.010156,-0.178314,0.308908,27,352.81,120,788,26.75
AVGO,2026-09-26,2026-10-23,340.0,P,6.9,7.15,7.025,32.746,-0.310796,0.01124,-0.192555,0.338908,27,352.81,136,864,26.75
AVGO,2026-09-26,2026-10-23,345.0,P,8.75,9.05,8.9,32.624,-0.370481,0.012066,-0.203465,0.362456,27,352.81,143,403,26.75
AVGO,2026-09-26,2026-10-23,350.0,P,10.4,11.2,10.8,32.3493,-0.43286,0.01267,-0.207876,0.377379,27,352.81,164,834,26.75
AVGO,2026-09-26,2026-10-23,355.0,P,13.3,13.75,13.525,32.3005,-0.496906,0.012871,-0.207983,0.382801,27,352.81,130,289,26.75
AVGO,2026-09-26,2026-10-23,360.0,P,16.1,16.6,16.35,32.2211,-0.560421,0.012755,-0.201994,0.378414,27,352.81,81,717,26.75
AVGO,2026-09-26,2026-10-23,365.0,P,18.2,19.9,19.05,32.5446,-0.62,0.012192,-0.19369,0.365361,27,352.81,71,251,26.75
AVGO,2026-09-26,2026-10-23,370.0,P,22.7,23.55,23.125,33.1122,-0.673569,0.011348,-0.18314,0.345983,27,352.81,37,235,26.75
AVGO,2026-09-26,2026-10-23,375.0,P,25.35,28.0,26.675,35.4438,-0.709976,0.010065,-0.184665,0.328477,27,352.81,5,156,26.75
AVGO,2026-09-26,2026-10-23,380.0,P,28.9,32.55,30.725,37.7142,-0.739934,0.008964,-0.184793,0.311292,27,352.81,2,139,26.75
AVGO,2026-09-26,2026-10-23,385.0,P,33.35,36.7,35.025,38.3185,-0.775415,0.008148,-0.169529,0.287486,27,352.81,3,32,26.75
AVGO,2026-09-26,2026-10-23,390.0,P,37.65,40.3,38.975,36.2555,-0.825489,0.007396,-0.128938,0.246914,27,352.81,2,130,26.75
AVGO,2026-09-26,2026-10-23,395.0,P,42.15,45.5,43.825,39.9847,-0.83062,0.00658,-0.141762,0.242254,27,352.81,12,20,26.75
AVGO,2026-09-26,2026-10-23,400.0,P,47.15,50.0,48.575,40.6439,-0.853856,0.005875,-0.126455,0.219867,27,352.81,16,20,26.75
AVGO,2026-09-26,2026-10-23,405.0,P,51.45,54.75,53.1,42.127,-0.868749,0.005268,-0.119269,0.204341,27,352.81,10,3,26.75
AVGO,2026-09-26,2026-10-23,410.0,P,56.35,59.5,57.925,43.4088,-0.882565,0.00473,-0.110752,0.189045,27,352.81,1,24,26.75
AVGO,2026-09-26,2026-10-23,415.0,P,60.9,64.3,62.6,44.7576,-0.893997,0.004263,-0.103421,0.175688,27,352.81,1,15,26.75
AVGO,2026-09-26,2026-10-23,420.0,P,66.4,69.15,67.775,46.2286,-0.903143,0.003865,-0.097739,0.164511,27,352.81,1,30,26.75
AVGO,2026-09-26,2026-10-23,425.0,P,70.6,74.05,72.325,47.8765,-0.910107,0.003532,-0.094119,0.155687,27,352.81,2,4,26.75
AVGO,2026-09-26,2026-10-23,430.0,P,75.5,79.0,77.25,49.7442,-0.915048,0.003259,-0.092832,0.149254,27,352.81,1,62,26.75
AVGO,2026-09-26,2026-10-23,435.0,P,80.95,83.9,82.425,51.1968,-0.921128,0.002994,-0.088362,0.14113,27,352.81,1,1,26.75
AVGO,2026-09-26,2026-10-23,440.0,P,85.2,88.85,87.025,52.918,-0.925286,0.00278,-0.086567,0.135437,27,352.81,1,2,26.75
AVGO,2026-09-26,2026-10-23,455.0,P,100.2,103.95,102.075,59.6195,-0.92909,0.00237,-0.095684,0.130125,27,352.81,0,0,26.75
AVGO,2026-09-26,2026-10-23,530.0,P,175.2,178.95,177.075,85.3517,-0.947812,0.001303,-0.104796,0.102398,27,352.81,2,4,26.75
AVGO,2026-09-26,2026-10-30,210.0,C,142.15,145.8,143.975,93.8477,0.975454,0.00057,-0.107776,0.061973,34,352.81,1,2,26.75
AVGO,2026-09-26,2026-10-30,245.0,C,107.35,111.0,109.175,71.68,0.963563,0.001035,-0.116294,0.085993,34,352.81,0,1,26.75
AVGO,2026-09-26,2026-10-30,250.0,C,102.4,106.05,104.225,68.848,0.961002,0.001139,-0.118127,0.090896,34,352.81,2,2,26.75
AVGO,2026-09-26,2026-10-30,280.0,C,72.85,76.3,74.575,52.3686,0.939403,0.002129,-0.128099,0.12927,34,352.81,1,1,26.75
AVGO,2026-09-26,2026-10-30,285.0,C,68.7,71.2,69.95,51.6362,0.927469,0.002482,-0.141414,0.148575,34,352.81,1,1,26.75
AVGO,2026-09-26,2026-10-30,290.0,C,63.9,66.25,65.075,55.3471,0.897509,0.002998,-0.184429,0.192394,34,352.81,0,2,26.75
AVGO,2026-09-26,2026-10-30,295.0,C,58.4,61.7,60.05,53.8701,0.883702,0.003373,-0.194703,0.210682,34,352.81,0,2,26.75
AVGO,2026-09-26,2026-10-30,300.0,C,54.3,57.25,55.775,52.5762,0.867433,0.003787,-0.206175,0.230888,34,352.81,1,13,26.75
AVGO,2026-09-26,2026-10-30,305.0,C,49.8,52.6,51.2,50.2446,0.853366,0.004245,-0.210338,0.247282,34,352.81,7,18,26.75
AVGO,2026-09-26,2026-10-30,310.0,C,44.55,48.25,46.4,48.8347,0.833443,0.004749,-0.220458,0.268925,34,352.81,1,3,26.75
AVGO,2026-09-26,2026-10-30,315.0,C,40.2,43.9,42.05,47.1441,0.812222,0.005307,-0.228101,0.290095,34,352.81,42,22,26.75
AVGO,2026-09-26,2026-10-30,320.0,C,36.0,39.0,37.5,43.482,0.796852,0.006036,-0.2215,0.304296,34,352.81,4,24,26.75
AVGO,2026-09-26,2026-10-30,325.0,C,32.75,35.1,33.925,42.6947,0.76557,0.006675,-0.233611,0.330457,34,352.81,4,19,26.75
AVGO,2026-09-26,2026-10-30,330.0,C,28.9,31.3,30.1,41.7486,0.731715,0.007332,-0.243118,0.354902,34,352.81,44,50,26.75
AVGO,2026-09-26,2026-10-30,335.0,C,25.55,27.4,26.475,40.1251,0.696781,0.008086,-0.246274,0.376196,34,352.81,6,45,26.75
AVGO,2026-09-26,2026-10-30,340.0,C,22.3,23.4,22.85,37.8668,0.659317,0.008993,-0.243146,0.394852,34,352.81,39,184,26.75
AVGO,2026-09-26,2026-10-30,345.0,C,19.75,20.35,20.05,37.4762,0.612579,0.00949,-0.249034,0.41236,34,352.81,27,166,26.75
AVGO,2026-09-26,2026-10-30,350.0,C,16.95,17.5,17.225,37.0001,0.563893,0.009885,-0.250922,0.424059,34,352.81,75,501,26.75
AVGO,2026-09-26,2026-10-30,355.0,C,14.55,14.9,14.725,36.5454,0.513673,0.010132,-0.249238,0.429328,34,352.81,165,576,26.75
AVGO,2026-09-26,2026-10-30,360.0,C,12.4,12.75,12.575,36.5607,0.463735,0.010092,-0.246797,0.427804,34,352.81,156,560,26.75
AVGO,2026-09-26,2026-10-30,365.0,C,10.5,10.9,10.7,36.7255,0.415595,0.009861,-0.241899,0.419929,34,352.81,113,154,26.75
AVGO,2026-09-26,2026-10-30,370.0,C,8.9,9.45,9.175,37.3236,0.371688,0.009408,-0.237026,0.407164,34,352.81,198,696,26.75
AVGO,2026-09-26,2026-10-30,375.0,C,7.25,7.8,7.525,36.9269,0.325915,0.009062,-0.222632,0.388001,34,352.81,149,1074,26.75
AVGO,2026-09-26,2026-10-30,380.0,C,6.25,6.6,6.425,37.1771,0.286324,0.008499,-0.21082,0.36638,34,352.81,506,376,26.75
AVGO,2026-09-26,2026-10-30,385.0,C,5.1,6.15,5.625,39.1119,0.261088,0.007718,-0.210899,0.350027,34,352.81,82,184,26.75
AVGO,2026-09-26,2026-10-30,390.0,C,4.4,4.7,4.55,37.7448,0.217862,0.007244,-0.184019,0.317046,34,352.81,436,351,26.75
AVGO,2026-09-26,2026-10-30,395.0,C,3.7,4.0,3.85,38.1903,0.189895,0.006597,-0.17107,0.292106,34,352.81,200,182,26.75
AVGO,2026-09-26,2026-10-30,400.0,C,3.1,3.25,3.175,38.0621,0.161108,0.005963,-0.153282,0.263181,34,352.81,266,1273,26.75
AVGO,2026-09-26,2026-10-30,405.0,C,2.19,3.1,2.645,39.9054,0.14901,0.005402,-0.152198,0.249957,34,352.81,15,179,26.75
AVGO,2026-09-26,2026-10-30,410.0,C,2.16,2.42,2.29,39.3195,0.122974,0.004807,-0.131279,0.219143,34,352.81,82,200,26.75
AVGO,2026-09-26,2026-10-30,415.0,C,1.94,2.09,2.015,39.9176,0.107388,0.0043,-0.120811,0.199006,34,352.81,82,364,26.75
AVGO,2026-09-26,2026-10-30,420.0,C,1.67,1.77,1.72,40.296,0.092566,0.003821,-0.109246,0.178544,34,352.81,4729,7393,26.75
AVGO,2026-09-26,2026-10-30,425.0,C,1.42,1.58,1.5,41.1627,0.082446,0.003431,-0.102198,0.163763,34,352.81,67,124,26.75
AVGO,2026-09-26,2026-10-30,430.0,C,1.23,1.71,1.47,43.8726,0.083432,0.003248,-0.109698,0.165234,34,352.81,57,158,26.75
AVGO,2026-09-26,2026-10-30,435.0,C,1.08,1.54,1.31,44.7027,0.075088,0.002943,-0.103077,0.152563,34,352.81,16,184,26.75
AVGO,2026-09-26,2026-10-30,440.0,C,0.64,1.4,1.02,45.5694,0.067968,0.002675,-0.097232,0.141334,34,352.81,4,153,26.75
AVGO,2026-09-26,2026-10-30,445.0,C,0.79,1.29,1.04,46.5337,0.062166,0.002444,-0.092549,0.131877,34,352.81,4,28,26.75
AVGO,2026-09-26,2026-10-30,450.0,C,0.7,0.78,0.74,43.775,0.042173,0.001908,-0.063926,0.096858,34,352.81,18,233,26.75
AVGO,2026-09-26,2026-10-30,455.0,C,0.35,1.11,0.73,48.4624,0.052599,0.002058,-0.084351,0.115625,34,352.81,15,15,26.75
AVGO,2026-09-26,2026-10-30,460.0,C,0.6,0.67,0.635,45.6793,0.035458,0.001588,-0.057813,0.084096,34,352.81,19,30,26.75
AVGO,2026-09-26,2026-10-30,465.0,C,0.22,0.96,0.59,50.2691,0.044734,0.001743,-0.076748,0.10158,34,352.81,1,26,26.75
AVGO,2026-09-26,2026-10-30,470.0,C,0.17,0.8,0.485,50.147,0.038147,0.001535,-0.067252,0.089278,34,352.81,18,44,26.75
AVGO,2026-09-26,2026-10-30,475.0,C,0.39,0.49,0.44,47.6324,0.025776,0.001169,-0.046188,0.064567,34,352.81,87,63,26.75
AVGO,2026-09-26,2026-10-30,480.0,C,0.13,0.67,0.4,51.5142,0.031773,0.001286,-0.059384,0.076834,34,352.81,9,13,26.75
AVGO,2026-09-26,2026-10-30,485.0,C,0.13,0.75,0.44,53.9311,0.033779,0.001292,-0.06534,0.080812,34,352.81,6,14,26.75
AVGO,2026-09-26,2026-10-30,490.0,C,0.12,0.7,0.41,50.3423,0.020858,0.000926,-0.040772,0.054025,34,352.81,2,1,26.75
AVGO,2026-09-26,2026-10-30,495.0,C,0.09,0.57,0.33,50.0493,0.017188,0.00079,-0.03437,0.045826,34,352.81,0,1,26.75
AVGO,2026-09-26,2026-10-30,500.0,C,0.06,0.33,0.195,51.3188,0.01685,0.000757,-0.03463,0.045056,34,352.81,51,16,26.75
AVGO,2026-09-26,2026-10-30,505.0,C,0.2,0.5,0.35,52.9546,0.017228,0.000748,-0.036399,0.045918,34,352.81,80,47,26.75
AVGO,2026-09-26,2026-10-30,510.0,C,0.01,0.56,0.285,52.686,0.014351,0.000643,-0.030949,0.039256,34,352.81,1,41,26.75
AVGO,2026-09-26,2026-10-30,515.0,C,0.01,0.28,0.145,53.7114,0.013825,0.00061,-0.03054,0.038013,34,352.81,2,12,26.75
AVGO,2026-09-26,2026-10-30,520.0,C,0.01,0.27,0.14,50.3911,0.007747,0.000393,-0.017294,0.022946,34,352.81,1,26,26.75
AVGO,2026-09-26,2026-10-30,525.0,C,0.01,0.46,0.235,54.7856,0.01158,0.000513,-0.026702,0.032608,34,352.81,1,10,26.75
AVGO,2026-09-26,2026-10-30,530.0,C,0.08,0.36,0.22,55.4692,0.010817,0.000478,-0.025471,0.030733,34,352.81,4,9,26.75
AVGO,2026-09-26,2026-10-30,535.0,C,0.07,0.43,0.25,57.4223,0.011716,0.000495,-0.02825,0.03294,34,352.81,1,8,26.75
AVGO,2026-09-26,2026-10-30,540.0,C,0.08,0.24,0.16,55.4692,0.008039,0.000369,-0.019635,0.023704,34,352.81,6,8,26.75
AVGO,2026-09-26,2026-10-30,545.0,C,0.08,0.17,0.125,54.9809,0.006479,0.000307,-0.016086,0.019596,34,352.81,6,36,26.75
AVGO,2026-09-26,2026-10-30,210.0,P,0.0,1.54,0.77,87.3292,-0.018128,0.000474,-0.0608,0.047957,34,352.81,1,16,26.75
AVGO,2026-09-26,2026-10-30,215.0,P,0.0,1.34,0.67,81.9338,-0.016968,0.000477,-0.053879,0.045324,34,352.81,1,12,26.75
AVGO,2026-09-26,2026-10-30,220.0,P,0.0,0.25,0.125,62.3051,-0.004678,0.000203,-0.013249,0.014674,34,352.81,2,20,26.75
AVGO,2026-09-26,2026-10-30,225.0,P,0.0,0.11,0.055,54.2973,-0.0024,0.000128,-0.006332,0.008054,34,352.81,8,29,26.75
AVGO,2026-09-26,2026-10-30,230.0,P,0.01,0.12,0.065,52.9302,-0.002955,0.000158,-0.007443,0.009719,34,352.81,2,25,26.75
AVGO,2026-09-26,2026-10-30,235.0,P,0.01,0.11,0.06,50.0005,-0.002856,0.000163,-0.006812,0.009424,34,352.81,1,37,26.75
AVGO,2026-09-26,2026-10-30,240.0,P,0.01,0.13,0.07,52.0513,-0.005726,0.000291,-0.013208,0.017565,34,352.81,1,22,26.75
AVGO,2026-09-26,2026-10-30,245.0,P,0.03,0.15,0.09,50.3911,-0.006705,0.000346,-0.014692,0.020201,34,352.81,3,14,26.75
AVGO,2026-09-26,2026-10-30,250.0,P,0.01,0.17,0.09,48.6333,-0.00775,0.000407,-0.016095,0.022953,34,352.81,3,32,26.75
AVGO,2026-09-26,2026-10-30,255.0,P,0.01,0.2,0.105,47.1685,-0.009298,0.000492,-0.018295,0.026929,34,352.81,1,9,26.75
AVGO,2026-09-26,2026-10-30,260.0,P,0.01,0.28,0.145,46.8267,-0.012748,0.000653,-0.023877,0.03544,34,352.81,1,20,26.75
AVGO,2026-09-26,2026-10-30,265.0,P,0.01,0.43,0.22,47.315,-0.018747,0.0009,-0.033559,0.049348,34,352.81,1,36,26.75
AVGO,2026-09-26,2026-10-30,270.0,P,0.02,0.55,0.285,46.5582,-0.023836,0.00112,-0.040408,0.060464,34,352.81,1,50,26.75
AVGO,2026-09-26,2026-10-30,275.0,P,0.1,0.55,0.325,43.8238,-0.025112,0.001243,-0.039671,0.06317,34,352.81,2,33,26.75
AVGO,2026-09-26,2026-10-30,280.0,P,0.39,0.71,0.55,43.1158,-0.032078,0.001549,-0.047772,0.077442,34,352.81,65,90,26.75
AVGO,2026-09-26,2026-10-30,285.0,P,0.44,0.58,0.51,38.8434,-0.029269,0.001594,-0.039798,0.071783,34,352.81,144,114,26.75
AVGO,2026-09-26,2026-10-30,290.0,P,0.65,0.86,0.755,39.1119,-0.041479,0.002107,-0.053252,0.095565,34,352.81,8,135,26.75
AVGO,2026-09-26,2026-10-30,295.0,P,0.84,1.29,1.065,39.7467,-0.058546,0.00273,-0.071118,0.125827,34,352.81,10,159,26.75
AVGO,2026-09-26,2026-10-30,300.0,P,1.17,1.25,1.21,36.5241,-0.061255,0.003078,-0.06749,0.130365,34,352.81,112,439,26.75
AVGO,2026-09-26,2026-10-30,305.0,P,1.53,1.64,1.585,35.9992,-0.078565,0.003783,-0.080344,0.157905,34,352.81,13,340,26.75
AVGO,2026-09-26,2026-10-30,310.0,P,1.57,2.15,1.86,35.5658,-0.100115,0.004586,-0.094772,0.189135,34,352.81,62,366,26.75
AVGO,2026-09-26,2026-10-30,315.0,P,2.15,2.77,2.46,35.0715,-0.125494,0.005466,-0.109427,0.222274,34,352.81,80,374,26.75
AVGO,2026-09-26,2026-10-30,320.0,P,3.35,3.6,3.475,34.8212,-0.156907,0.006407,-0.125922,0.258664,34,352.81,256,747,26.75
AVGO,2026-09-26,2026-10-30,325.0,P,4.4,4.55,4.475,34.3696,-0.191795,0.007375,-0.140541,0.293896,34,352.81,178,606,26.75
AVGO,2026-09-26,2026-10-30,330.0,P,5.4,5.8,5.6,34.2353,-0.233249,0.008302,-0.156141,0.329533,34,352.81,339,873,26.75
AVGO,2026-09-26,2026-10-30,335.0,P,6.85,7.15,7.0,33.7531,-0.277215,0.009217,-0.16741,0.360715,34,352.81,982,590,26.75
AVGO,2026-09-26,2026-10-30,340.0,P,8.5,8.9,8.7,33.6921,-0.327096,0.009947,-0.178741,0.388573,34,352.81,226,723,26.75
AVGO,2026-09-26,2026-10-30,345.0,P,10.35,10.8,10.575,33.3564,-0.379032,0.010592,-0.184929,0.409677,34,352.81,126,338,26.75
AVGO,2026-09-26,2026-10-30,350.0,P,12.7,13.1,12.9,33.332,-0.433788,0.010962,-0.189231,0.42365,34,352.81,137,516,26.75
AVGO,2026-09-26,2026-10-30,355.0,P,15.15,15.6,15.375,33.1367,-0.489283,0.011177,-0.188375,0.429425,34,352.81,113,195,26.75
AVGO,2026-09-26,2026-10-30,360.0,P,17.9,18.5,18.2,33.2343,-0.544113,0.01108,-0.185312,0.426951,34,352.81,53,705,26.75
AVGO,2026-09-26,2026-10-30,365.0,P,21.0,22.2,21.6,34.6259,-0.592005,0.010414,-0.187257,0.418105,34,352.81,29,103,26.75
AVGO,2026-09-26,2026-10-30,370.0,P,23.5,25.5,24.5,34.5282,-0.641611,0.010047,-0.176281,0.402223,34,352.81,54,64,26.75
AVGO,2026-09-26,2026-10-30,375.0,P,27.15,29.3,28.225,35.1508,-0.684237,0.009395,-0.167888,0.382914,34,352.81,3,71,26.75
AVGO,2026-09-26,2026-10-30,380.0,P,30.4,33.9,32.15,37.4884,-0.711757,0.008456,-0.170987,0.36754,34,352.81,18,102,26.75
AVGO,2026-09-26,2026-10-30,385.0,P,34.5,37.15,35.825,35.6452,-0.762181,0.008059,-0.14062,0.33308,34,352.81,2,46,26.75
AVGO,2026-09-26,2026-10-30,390.0,P,38.65,41.3,39.975,35.8588,-0.795693,0.007344,-0.125256,0.30533,34,352.81,7,89,26.75
AVGO,2026-09-26,2026-10-30,395.0,P,42.95,46.4,44.675,38.9166,-0.805021,0.006579,-0.13321,0.296863,34,352.81,2,17,26.75
AVGO,2026-09-26,2026-10-30,400.0,P,47.45,50.1,48.775,36.756,-0.848295,0.005936,-0.097936,0.252961,34,352.81,3,54,26.75
AVGO,2026-09-26,2026-10-30,405.0,P,51.9,55.4,53.65,40.3631,-0.847907,0.005414,-0.111038,0.253391,34,352.81,1,2,26.75
AVGO,2026-09-26,2026-10-30,410.0,P,56.6,60.0,58.3,41.0589,-0.865614,0.004895,-0.10015,0.233062,34,352.81,2,25,26.75
AVGO,2026-09-26,2026-10-30,415.0,P,61.4,64.05,62.725,38.7518,-0.899986,0.004206,-0.065329,0.188995,34,352.81,2,9,26.75
AVGO,2026-09-26,2026-10-30,420.0,P,66.15,69.55,67.85,43.3844,-0.88909,0.004049,-0.08739,0.203676,34,352.81,16,1,26.75
AVGO,2026-09-26,2026-10-30,425.0,P,70.95,74.35,72.65,44.4464,-0.899119,0.00369,-0.080828,0.19019,34,352.81,1,4,26.75
AVGO,2026-09-26,2026-10-30,430.0,P,75.8,78.6,77.2,42.0172,-0.926357,0.003085,-0.047853,0.150316,34,352.81,61,62,26.75
AVGO,2026-09-26,2026-10-30,440.0,P,85.55,89.0,87.275,48.2793,-0.919147,0.002883,-0.068674,0.161371,34,352.81,1,3,26.75
AVGO,2026-09-26,2026-11-20,155.0,C,197.35,200.95,199.15,114.3559,0.98163,0.000288,-0.080449,0.061688,55,352.81,11,24,26.75
AVGO,2026-09-26,2026-11-20,160.0,C,192.2,196.05,194.125,110.0102,0.981219,0.000305,-0.079727,0.062861,55,352.81,1,5,26.75
AVGO,2026-09-26,2026-11-20,165.0,C,187.45,191.1,189.275,108.228,0.979005,0.00034,-0.085293,0.069095,55,352.81,4,0,26.75
AVGO,2026-09-26,2026-11-20,170.0,C,189.1,192.45,190.775,154.5412,0.936652,0.000587,-0.254639,0.17021,55,352.81,2,24,26.75
AVGO,2026-09-26,2026-11-20,175.0,C,252.7,256.0,254.35,417.7495,0.893795,0.00032,-0.960455,0.251095,55,352.81,2,16,26.75
AVGO,2026-09-26,2026-11-20,180.0,C,172.55,176.2,174.375,98.3887,0.975527,0.000426,-0.089151,0.078624,55,352.81,1,9,26.75
AVGO,2026-09-26,2026-11-20,185.0,C,167.6,171.25,169.425,95.4224,0.974089,0.000461,-0.090867,0.082478,55,352.81,2,14,26.75
AVGO,2026-09-26,2026-11-20,190.0,C,162.65,166.2,164.425,91.9679,0.973153,0.000493,-0.090871,0.084962,55,352.81,10,24,26.75
AVGO,2026-09-26,2026-11-20,195.0,C,157.65,161.25,159.45,88.8673,0.971873,0.00053,-0.091695,0.088325,55,352.81,2,3,26.75
AVGO,2026-09-26,2026-11-20,200.0,C,152.7,156.35,154.525,86.3283,0.969923,0.000577,-0.094096,0.093385,55,352.81,50,208,26.75
AVGO,2026-09-26,2026-11-20,210.0,C,142.8,146.4,144.6,80.6154,0.966672,0.000672,-0.096277,0.101649,55,352.81,1,27,26.75
AVGO,2026-09-26,2026-11-20,220.0,C,132.9,136.5,134.7,75.281,0.962733,0.000789,-0.098968,0.111406,55,352.81,3,106,26.75
AVGO,2026-09-26,2026-11-20,230.0,C,123.05,126.65,124.85,70.4471,0.957621,0.000936,-0.102823,0.123678,55,352.81,4,56,26.75
AVGO,2026-09-26,2026-11-20,240.0,C,113.2,116.8,115.0,65.6376,0.951908,0.001112,-0.10619,0.136927,55,352.81,1,125,26.75
AVGO,2026-09-26,2026-11-20,250.0,C,103.35,107.05,105.2,61.1576,0.944702,0.001334,-0.110355,0.153001,55,352.81,33,139,26.75
AVGO,2026-09-26,2026-11-20,260.0,C,93.65,97.25,95.45,56.9096,0.935742,0.001612,-0.115063,0.172109,55,352.81,1,50,26.75
AVGO,2026-09-26,2026-11-20,270.0,C,84.0,87.55,85.775,52.918,0.924332,0.001966,-0.120544,0.195182,55,352.81,10,256,26.75
AVGO,2026-09-26,2026-11-20,280.0,C,74.5,78.05,76.275,56.2749,0.884034,0.002534,-0.16274,0.267416,55,352.81,16,203,26.75
AVGO,2026-09-26,2026-11-20,290.0,C,65.2,68.85,67.025,52.7287,0.86217,0.00305,-0.170673,0.301604,55,352.81,4,124,26.75
AVGO,2026-09-26,2026-11-20,300.0,C,56.3,59.4,57.85,48.0749,0.840143,0.003693,-0.171834,0.333031,55,352.81,16,433,26.75
AVGO,2026-09-26,2026-11-20,310.0,C,47.85,51.5,49.675,47.1197,0.797353,0.004373,-0.191031,0.386454,55,352.81,7,672,26.75
AVGO,2026-09-26,2026-11-20,320.0,C,40.8,42.45,41.625,42.5177,0.761484,0.005321,-0.189098,0.424314,55,352.81,13,791,26.75
AVGO,2026-09-26,2026-11-20,330.0,C,34.1,35.5,34.8,41.7822,0.70229,0.006055,-0.20379,0.474525,55,352.81,13,974,26.75
AVGO,2026-09-26,2026-11-20,340.0,C,27.5,28.55,28.025,39.8352,0.639136,0.006863,-0.207551,0.512793,55,352.81,169,1977,26.75
AVGO,2026-09-26,2026-11-20,350.0,C,22.5,23.0,22.75,39.3072,0.56706,0.007306,-0.212121,0.538632,55,352.81,332,3046,26.75
AVGO,2026-09-26,2026-11-20,360.0,C,17.8,18.35,18.075,39.0997,0.493368,0.007449,-0.211462,0.546293,55,352.81,653,3736,26.75
AVGO,2026-09-26,2026-11-20,370.0,C,14.0,14.25,14.125,38.5962,0.420082,0.007395,-0.202716,0.535369,55,352.81,493,3956,26.75
AVGO,2026-09-26,2026-11-20,380.0,C,10.85,11.25,11.05,38.9166,0.353712,0.006976,-0.192758,0.509211,55,352.81,232,5169,26.75
AVGO,2026-09-26,2026-11-20,390.0,C,8.4,8.7,8.55,38.9929,0.292568,0.006436,-0.177361,0.470734,55,352.81,255,5870,26.75
AVGO,2026-09-26,2026-11-20,400.0,C,6.55,6.75,6.65,39.295,0.239935,0.005776,-0.16072,0.425692,55,352.81,1163,9003,26.75
AVGO,2026-09-26,2026-11-20,410.0,C,5.1,5.35,5.225,39.9817,0.197431,0.005073,-0.145422,0.380442,55,352.81,166,2344,26.75
AVGO,2026-09-26,2026-11-20,420.0,C,4.0,4.5,4.25,41.4282,0.167159,0.004412,-0.13517,0.342833,55,352.81,459,3386,26.75
AVGO,2026-09-26,2026-11-20,430.0,C,3.15,3.45,3.3,41.596,0.134225,0.003796,-0.116879,0.296181,55,352.81,220,2607,26.75
AVGO,2026-09-26,2026-11-20,440.0,C,2.34,2.86,2.6,42.6764,0.112516,0.00327,-0.105635,0.261726,55,352.81,156,3326,26.75
AVGO,2026-09-26,2026-11-20,450.0,C,2.0,2.3,2.15,43.3477,0.092514,0.002792,-0.092823,0.22699,55,352.81,127,2318,26.75
AVGO,2026-09-26,2026-11-20,460.0,C,1.69,1.77,1.73,43.5553,0.073765,0.002343,-0.078492,0.191424,55,352.81,502,1829,26.75
AVGO,2026-09-26,2026-11-20,470.0,C,1.37,1.75,1.56,46.0943,0.069551,0.002116,-0.079209,0.182977,55,352.81,101,1497,26.75
AVGO,2026-09-26,2026-11-20,480.0,C,1.15,1.57,1.36,47.5713,0.061588,0.001866,-0.074252,0.16651,55,352.81,45,1509,26.75
AVGO,2026-09-26,2026-11-20,490.0,C,0.94,1.38,1.16,48.7676,0.053907,0.001639,-0.068441,0.14995,55,352.81,19,1821,26.75
AVGO,2026-09-26,2026-11-20,500.0,C,0.83,0.96,0.895,47.8399,0.039912,0.001313,-0.052695,0.117807,55,352.81,224,5501,26.75
AVGO,2026-09-26,2026-11-20,520.0,C,0.58,0.66,0.62,49.0239,0.028005,0.000957,-0.040249,0.088007,55,352.81,2,1606,26.75
AVGO,2026-09-26,2026-11-20,540.0,C,0.42,0.79,0.605,52.1977,0.024472,0.000803,-0.038202,0.078623,55,352.81,26,705,26.75
AVGO,2026-09-26,2026-11-20,560.0,C,0.31,0.38,0.345,51.6606,0.01489,0.000532,-0.024751,0.051539,55,352.81,7,786,26.75
AVGO,2026-09-26,2026-11-20,580.0,C,0.14,0.47,0.305,54.102,0.012782,0.000445,-0.02269,0.045181,55,352.81,4,562,26.75
AVGO,2026-09-26,2026-11-20,600.0,C,0.04,0.25,0.145,52.4419,0.006633,0.000259,-0.012378,0.025449,55,352.81,3,685,26.75
AVGO,2026-09-26,2026-11-20,620.0,C,0.06,0.31,0.185,56.7387,0.007722,0.000273,-0.015293,0.029099,55,352.81,4,327,26.75
AVGO,2026-09-26,2026-11-20,630.0,C,0.09,0.25,0.17,57.6176,0.007083,0.00025,-0.014385,0.026968,55,352.81,4,4305,26.75
AVGO,2026-09-26,2026-11-20,640.0,C,0.01,0.33,0.17,58.936,0.00691,0.000239,-0.014389,0.026384,55,352.81,1,626,26.75
AVGO,2026-09-26,2026-11-20,650.0,C,0.08,0.18,0.13,58.5942,0.005452,0.000195,-0.011592,0.021387,55,352.81,1,1036,26.75
AVGO,2026-09-26,2026-11-20,660.0,C,0.01,0.3,0.155,60.9379,0.006149,0.000208,-0.013408,0.023797,55,352.81,3,64,26.75
AVGO,2026-09-26,2026-11-20,670.0,C,0.01,0.29,0.15,62.0121,0.005893,0.000197,-0.013136,0.022919,55,352.81,3,156,26.75
AVGO,2026-09-26,2026-11-20,680.0,C,0.03,0.24,0.135,62.5004,0.005264,0.000177,-0.011972,0.020733,55,352.81,1,216,26.75
AVGO,2026-09-26,2026-11-20,690.0,C,0.02,0.37,0.195,66.2113,0.006997,0.000215,-0.016313,0.02668,55,352.81,2,530,26.75
AVGO,2026-09-26,2026-11-20,700.0,C,0.01,0.2,0.105,63.2816,0.004129,0.000141,-0.009753,0.016691,55,352.81,56,394,26.75
AVGO,2026-09-26,2026-11-20,710.0,C,0.03,0.43,0.23,69.9222,0.007798,0.000224,-0.01894,0.029353,55,352.81,1,250,26.75
AVGO,2026-09-26,2026-11-20,720.0,C,0.01,0.13,0.07,63.0863,0.002843,0.000101,-0.006951,0.011938,55,352.81,1,182,26.75
AVGO,2026-09-26,2026-11-20,730.0,C,0.01,0.24,0.125,67.7738,0.004541,0.000143,-0.011362,0.018174,55,352.81,4,107,26.75
AVGO,2026-09-26,2026-11-20,740.0,C,0.02,0.08,0.05,63.2816,0.002068,7.5e-05,-0.005225,0.008951,55,352.81,261,1732,26.75
AVGO,2026-09-26,2026-11-20,155.0,P,0.0,0.9,0.45,96.3379,-0.008135,0.000169,-0.026317,0.030465,55,352.81,1,482,26.75
AVGO,2026-09-26,2026-11-20,160.0,P,0.0,1.73,0.865,102.4907,-0.013836,0.000252,-0.044446,0.04838,55,352.81,1,120,26.75
AVGO,2026-09-26,2026-11-20,165.0,P,0.0,1.34,0.67,94.9708,-0.011835,0.000237,-0.035958,0.042265,55,352.81,9,229,26.75
AVGO,2026-09-26,2026-11-20,170.0,P,0.02,0.08,0.05,66.7972,-0.001493,5.3e-05,-0.003978,0.006655,55,352.81,7,522,26.75
AVGO,2026-09-26,2026-11-20,175.0,P,0.0,1.13,0.565,86.0353,-0.011164,0.000249,-0.030927,0.040175,55,352.81,4,578,26.75
AVGO,2026-09-26,2026-11-20,180.0,P,0.0,1.0,0.5,81.3967,-0.01052,0.00025,-0.027767,0.03815,55,352.81,3,368,26.75
AVGO,2026-09-26,2026-11-20,185.0,P,0.0,0.86,0.43,76.7092,-0.009707,0.000247,-0.024377,0.035564,55,352.81,12,284,26.75
AVGO,2026-09-26,2026-11-20,190.0,P,0.01,0.09,0.05,57.227,-0.001724,7.1e-05,-0.003874,0.007586,55,352.81,11,195,26.75
AVGO,2026-09-26,2026-11-20,195.0,P,0.01,0.12,0.065,56.4457,-0.00223,9.1e-05,-0.004825,0.009585,55,352.81,16,414,26.75
AVGO,2026-09-26,2026-11-20,200.0,P,0.05,0.1,0.075,55.0786,-0.002632,0.000108,-0.005465,0.011135,55,352.81,5,550,26.75
AVGO,2026-09-26,2026-11-20,210.0,P,0.02,0.12,0.07,50.2935,-0.002664,0.000119,-0.005035,0.011256,55,352.81,1,855,26.75
AVGO,2026-09-26,2026-11-20,220.0,P,0.05,0.16,0.105,50.6841,-0.005701,0.000234,-0.010015,0.022255,55,352.81,1,452,26.75
AVGO,2026-09-26,2026-11-20,230.0,P,0.08,0.22,0.15,48.2915,-0.008002,0.000332,-0.012847,0.030027,55,352.81,3,2685,26.75
AVGO,2026-09-26,2026-11-20,240.0,P,0.22,0.38,0.3,47.5347,-0.01343,0.000529,-0.019811,0.047152,55,352.81,7,1771,26.75
AVGO,2026-09-26,2026-11-20,250.0,P,0.34,0.4,0.37,43.4332,-0.01524,0.000645,-0.020123,0.052578,55,352.81,12,1929,26.75
AVGO,2026-09-26,2026-11-20,260.0,P,0.52,0.58,0.55,41.5533,-0.022159,0.000928,-0.026392,0.07232,55,352.81,4,4869,26.75
AVGO,2026-09-26,2026-11-20,270.0,P,0.54,0.86,0.7,39.942,-0.032708,0.001336,-0.034974,0.100089,55,352.81,14,2223,26.75
AVGO,2026-09-26,2026-11-20,280.0,P,1.21,1.3,1.255,38.5992,-0.048611,0.001908,-0.046423,0.138106,55,352.81,100,7689,26.75
AVGO,2026-09-26,2026-11-20,290.0,P,1.87,2.0,1.935,37.5861,-0.072326,0.002675,-0.061388,0.188559,55,352.81,505,10672,26.75
AVGO,2026-09-26,2026-11-20,300.0,P,2.91,3.05,2.98,36.7743,-0.105611,0.003626,-0.079148,0.25008,55,352.81,780,16454,26.75
AVGO,2026-09-26,2026-11-20,310.0,P,4.4,4.6,4.5,36.2128,-0.150536,0.004712,-0.09899,0.32008,55,352.81,1794,10243,26.75
AVGO,2026-09-26,2026-11-20,320.0,P,6.45,6.65,6.55,35.517,-0.205712,0.005853,-0.117135,0.389924,55,352.81,689,8126,26.75
AVGO,2026-09-26,2026-11-20,330.0,P,9.25,9.5,9.375,35.1691,-0.273334,0.006907,-0.133945,0.455609,55,352.81,953,7717,26.75
AVGO,2026-09-26,2026-11-20,340.0,P,12.85,13.15,13.0,34.8883,-0.349717,0.00775,-0.145733,0.507128,55,352.81,681,6011,26.75
AVGO,2026-09-26,2026-11-20,350.0,P,17.3,17.6,17.45,34.5801,-0.431571,0.0083,-0.150422,0.538311,55,352.81,315,9173,26.75
AVGO,2026-09-26,2026-11-20,360.0,P,22.55,22.95,22.75,34.4001,-0.51531,0.008462,-0.148067,0.545966,55,352.81,130,5544,26.75
AVGO,2026-09-26,2026-11-20,370.0,P,28.65,29.15,28.9,34.3085,-0.596607,0.00824,-0.138851,0.53027,55,352.81,209,3553,26.75
AVGO,2026-09-26,2026-11-20,380.0,P,34.4,36.1,35.25,34.2353,-0.67222,0.007703,-0.123678,0.494631,55,352.81,96,3151,26.75
AVGO,2026-09-26,2026-11-20,390.0,P,42.5,44.25,43.375,35.4102,-0.730967,0.006806,-0.112042,0.45202,55,352.81,3,2203,26.75
AVGO,2026-09-26,2026-11-20,400.0,P,50.15,52.85,51.5,36.6492,-0.778803,0.005918,-0.099234,0.406775,55,352.81,18,3092,26.75
AVGO,2026-09-26,2026-11-20,410.0,P,58.55,62.0,60.275,38.5321,-0.812884,0.005094,-0.090322,0.368157,55,352.81,205,1228,26.75
AVGO,2026-09-26,2026-11-20,420.0,P,67.55,70.95,69.25,39.1791,-0.848462,0.004375,-0.073483,0.321497,55,352.81,193,1172,26.75
AVGO,2026-09-26,2026-11-20,430.0,P,76.75,80.2,78.475,40.0641,-0.875957,0.003732,-0.059005,0.280414,55,352.81,6,687,26.75
AVGO,2026-09-26,2026-11-20,440.0,P,86.35,89.7,88.025,41.297,-0.896026,0.003192,-0.047865,0.247267,55,352.81,1,546,26.75
AVGO,2026-09-26,2026-11-20,450.0,P,96.0,99.35,97.675,42.7374,-0.910969,0.002752,-0.039094,0.220617,55,352.81,23,420,26.75
AVGO,2026-09-26,2026-11-20,460.0,P,105.75,109.1,107.425,44.3243,-0.922229,0.002397,-0.032163,0.199293,55,352.81,2,493,26.75
AVGO,2026-09-26,2026-11-20,470.0,P,115.6,118.95,117.275,46.1858,-0.930009,0.002122,-0.027663,0.183868,55,352.81,1,58,26.75
AVGO,2026-09-26,2026-11-20,480.0,P,125.5,128.85,127.175,48.1573,-0.935815,0.001904,-0.024418,0.171955,55,352.81,3,45,26.75
AVGO,2026-09-26,2026-11-20,490.0,P,135.2,138.85,137.025,50.6108,-0.938525,0.001752,-0.024425,0.166273,55,352.81,111,66,26.75
AVGO,2026-09-26,2026-11-20,500.0,P,145.4,149.1,147.25,54.5048,-0.934888,0.001701,-0.033089,0.173883,55,352.81,30,9,26.75
AVGO,2026-09-26,2026-11-20,520.0,P,165.4,168.9,167.15,57.8617,-0.943788,0.001428,-0.025917,0.154994,55,352.81,11,2,26.75
AVGO,2026-09-26,2026-11-20,560.0,P,199.25,202.25,200.75,0.001,-1.0,0.0,0.062062,0.0,55,352.81,1,3,26.75
AVGO,2026-09-26,2026-11-20,580.0,P,225.2,228.95,227.075,70.4959,-0.95127,0.001047,-0.026122,0.138376,55,352.81,3,0,26.75
AVGO,2026-09-26,2026-11-20,600.0,P,245.4,248.95,247.175,74.2068,-0.953333,0.00096,-0.025315,0.133666,55,352.81,33,0,26.75
AVGO,2026-09-26,2026-11-20,620.0,P,265.2,268.95,267.075,77.7468,-0.95514,0.000888,-0.024378,0.129489,55,352.81,1,0,26.75
AVGO,2026-09-26,2026-11-20,630.0,P,275.4,278.95,277.175,79.468,-0.955939,0.000856,-0.023921,0.127629,55,352.81,1,0,26.75
AVGO,2026-09-26,2026-11-20,640.0,P,285.2,288.95,287.075,81.1403,-0.956718,0.000827,-0.023376,0.125803,55,352.81,1,1,26.75
AVGO,2026-09-26,2026-11-20,650.0,P,289.1,292.45,290.775,0.001,-1.0,0.0,0.072036,0.0,55,352.81,2,0,26.75
AVGO,2026-09-26,2026-11-20,660.0,P,299.1,302.4,300.75,0.001,-1.0,0.0,0.073145,0.0,55,352.81,0,0,26.75
AVGO,2026-09-26,2026-11-20,670.0,P,274.4,277.25,275.825,0.001,-1.0,0.0,0.074253,0.0,55,352.81,2,0,26.75
AVGO,2026-09-26,2026-11-20,720.0,P,359.1,362.4,360.75,0.001,-1.0,0.0,0.079794,0.0,55,352.81,0,0,26.75
AVGO,2026-09-26,2026-12-18,66.0,C,286.1,289.75,287.925,177.3927,0.992143,7.2e-05,-0.045654,0.036296,83,352.81,2,157,26.75
AVGO,2026-09-26,2026-12-18,68.0,C,284.1,287.75,285.925,174.2677,0.991977,7.5e-05,-0.045894,0.036972,83,352.81,1,17,26.75
AVGO,2026-09-26,2026-12-18,70.0,C,286.4,290.3,288.35,236.7924,0.977529,0.000134,-0.134494,0.089896,83,352.81,2,295,26.75
AVGO,2026-09-26,2026-12-18,74.0,C,282.45,286.35,284.4,229.1508,0.976381,0.000145,-0.136064,0.093748,83,352.81,5,17,26.75
AVGO,2026-09-26,2026-12-18,78.0,C,314.0,317.8,315.9,478.162,0.964543,9.7e-05,-0.381205,0.13139,83,352.81,1,30,26.75
AVGO,2026-09-26,2026-12-18,80.0,C,272.25,275.9,274.075,160.6447,0.990154,9.7e-05,-0.051128,0.044235,83,352.81,1,165,26.75
AVGO,2026-09-26,2026-12-18,82.0,C,270.25,273.9,272.075,158.008,0.989981,0.0001,-0.051285,0.044913,83,352.81,3,19,26.75
AVGO,2026-09-26,2026-12-18,84.0,C,268.25,271.95,270.1,156.0061,0.989652,0.000105,-0.052156,0.046197,83,352.81,1,107,26.75
AVGO,2026-09-26,2026-12-18,86.0,C,266.05,269.95,268.0,151.4651,0.990052,0.000104,-0.049715,0.044637,83,352.81,2,27,26.75
AVGO,2026-09-26,2026-12-18,88.0,C,298.75,302.5,300.625,399.4141,0.954125,0.000143,-0.393713,0.16196,83,352.81,6,21,26.75
AVGO,2026-09-26,2026-12-18,90.0,C,266.65,270.55,268.6,202.7593,0.97167,0.00019,-0.141541,0.109155,83,352.81,2,460,26.75
AVGO,2026-09-26,2026-12-18,92.0,C,264.8,268.6,266.7,200.4888,0.970863,0.000197,-0.143342,0.111734,83,352.81,1,27,26.75
AVGO,2026-09-26,2026-12-18,95.0,C,236.55,241.0,238.775,0.001,1.0,0.0,-0.010496,0.0,83,352.81,5,149,26.75
AVGO,2026-09-26,2026-12-18,100.0,C,252.45,256.1,254.275,140.7962,0.987036,0.000141,-0.058041,0.056185,83,352.81,1,593,26.75
AVGO,2026-09-26,2026-12-18,102.0,C,250.45,254.1,252.275,138.6722,0.986833,0.000145,-0.05817,0.056945,83,352.81,2,37,26.75
AVGO,2026-09-26,2026-12-18,105.0,C,247.3,251.15,249.225,134.7904,0.986836,0.000149,-0.057166,0.056933,83,352.81,1,5,26.75
AVGO,2026-09-26,2026-12-18,108.0,C,288.7,291.75,290.225,385.8399,0.941605,0.00018,-0.460721,0.196199,83,352.81,1,23,26.75
AVGO,2026-09-26,2026-12-18,110.0,C,246.9,250.85,248.875,176.6114,0.965308,0.000258,-0.147457,0.12906,83,352.81,2,116,26.75
AVGO,2026-09-26,2026-12-18,112.0,C,240.4,244.2,242.3,129.1996,0.985573,0.000168,-0.059608,0.061615,83,352.81,5,50,26.75
AVGO,2026-09-26,2026-12-18,114.0,C,124.8,126.75,125.775,0.001,1.0,0.0,-0.012595,0.0,83,352.81,1,13,26.75
AVGO,2026-09-26,2026-12-18,115.0,C,237.5,241.25,239.375,127.515,0.984721,0.000179,-0.061666,0.06473,83,352.81,3,19,26.75
AVGO,2026-09-26,2026-12-18,116.0,C,76.65,78.15,77.4,0.001,1.0,0.0,-0.012816,0.0,83,352.81,10,10,26.75
AVGO,2026-09-26,2026-12-18,120.0,C,232.65,236.3,234.475,124.3656,0.983438,0.000197,-0.0644,0.069363,83,352.81,2,248,26.75
AVGO,2026-09-26,2026-12-18,122.0,C,230.4,234.35,232.375,121.2406,0.983896,0.000197,-0.062143,0.067718,83,352.81,1,10,26.75
AVGO,2026-09-26,2026-12-18,124.0,C,271.1,274.8,272.95,336.4565,0.927815,0.000243,-0.474851,0.23129,83,352.81,1,7,26.75
AVGO,2026-09-26,2026-12-18,125.0,C,234.05,237.3,235.675,170.3249,0.954964,0.000331,-0.174936,0.159574,83,352.81,100,71,26.75
AVGO,2026-09-26,2026-12-18,126.0,C,271.25,274.4,272.825,339.5876,0.926642,0.000244,-0.485057,0.234161,83,352.81,1,16,26.75
AVGO,2026-09-26,2026-12-18,128.0,C,226.0,231.0,228.5,138.013,0.970197,0.000291,-0.107239,0.11385,83,352.81,1,29,26.75
AVGO,2026-09-26,2026-12-18,130.0,C,222.65,226.4,224.525,116.4555,0.981788,0.000228,-0.066242,0.075224,83,352.81,10,105,26.75
AVGO,2026-09-26,2026-12-18,132.0,C,128.3,130.25,129.275,0.001,1.0,0.0,-0.014583,0.0,83,352.81,1,53,26.75
AVGO,2026-09-26,2026-12-18,134.0,C,218.8,222.45,220.625,114.4047,0.980503,0.000246,-0.06879,0.079717,83,352.81,1,235,26.75
AVGO,2026-09-26,2026-12-18,135.0,C,222.35,226.15,224.25,150.5984,0.956334,0.000365,-0.153725,0.155649,83,352.81,1,43,26.75
AVGO,2026-09-26,2026-12-18,138.0,C,214.85,218.5,216.675,111.7924,0.979558,0.000262,-0.070135,0.082982,83,352.81,1,245,26.75
AVGO,2026-09-26,2026-12-18,140.0,C,212.85,216.55,214.7,110.5229,0.979065,0.000271,-0.070826,0.084675,83,352.81,8,159,26.75
AVGO,2026-09-26,2026-12-18,142.0,C,210.9,214.55,212.725,109.2534,0.978573,0.000279,-0.071483,0.086354,83,352.81,42,202,26.75
AVGO,2026-09-26,2026-12-18,144.0,C,213.45,217.3,215.375,142.3831,0.95283,0.000411,-0.155419,0.16562,83,352.81,1,86,26.75
AVGO,2026-09-26,2026-12-18,146.0,C,206.95,210.6,208.775,106.7632,0.977561,0.000297,-0.072792,0.089787,83,352.81,1,52,26.75
AVGO,2026-09-26,2026-12-18,148.0,C,279.15,282.4,280.775,404.5598,0.922152,0.000214,-0.602096,0.245006,83,352.81,3,39,26.75
AVGO,2026-09-26,2026-12-18,150.0,C,203.0,206.65,204.825,104.3218,0.976518,0.000316,-0.074069,0.09329,83,352.81,8,327,26.75
AVGO,2026-09-26,2026-12-18,152.0,C,200.85,204.65,202.75,102.1245,0.976791,0.00032,-0.072511,0.092375,83,352.81,32,231,26.75
AVGO,2026-09-26,2026-12-18,154.0,C,199.05,202.65,200.85,101.6851,0.975645,0.000334,-0.074772,0.096195,83,352.81,4,96,26.75
AVGO,2026-09-26,2026-12-18,156.0,C,271.1,275.05,273.075,384.1675,0.914108,0.000243,-0.616156,0.263854,83,352.81,1,48,26.75
AVGO,2026-09-26,2026-12-18,160.0,C,193.1,196.75,194.925,98.1934,0.973971,0.000366,-0.076599,0.101708,83,352.81,1,393,26.75
AVGO,2026-09-26,2026-12-18,162.0,C,195.9,199.55,197.725,127.9056,0.944782,0.000519,-0.159656,0.187741,83,352.81,1,88,26.75
AVGO,2026-09-26,2026-12-18,164.0,C,165.25,168.65,166.95,0.001,1.0,0.0,-0.018119,0.0,83,352.81,2,110,26.75
AVGO,2026-09-26,2026-12-18,166.0,C,187.2,190.85,189.025,95.0196,0.971991,0.000402,-0.078902,0.108124,83,352.81,1,242,26.75
AVGO,2026-09-26,2026-12-18,170.0,C,183.25,186.9,185.075,92.7979,0.970763,0.000427,-0.080041,0.112055,83,352.81,3,679,26.75
AVGO,2026-09-26,2026-12-18,172.0,C,238.55,242.0,240.275,293.1338,0.888673,0.000385,-0.571616,0.319084,83,352.81,2,282,26.75
AVGO,2026-09-26,2026-12-18,174.0,C,254.55,257.95,256.25,346.1244,0.896011,0.00031,-0.640106,0.303786,83,352.81,5,95,26.75
AVGO,2026-09-26,2026-12-18,175.0,C,178.3,181.95,180.125,89.9659,0.969286,0.000458,-0.081152,0.116729,83,352.81,5,132,26.75
AVGO,2026-09-26,2026-12-18,176.0,C,177.3,180.95,179.125,89.3312,0.969068,0.000464,-0.081175,0.117412,83,352.81,1,247,26.75
AVGO,2026-09-26,2026-12-18,178.0,C,218.9,222.5,220.7,242.6518,0.880563,0.000488,-0.500322,0.335436,83,352.81,1,334,26.75
AVGO,2026-09-26,2026-12-18,180.0,C,173.35,177.0,175.175,87.195,0.967747,0.000492,-0.082219,0.121544,83,352.81,1,599,26.75
AVGO,2026-09-26,2026-12-18,182.0,C,171.4,175.05,173.225,86.3283,0.966838,0.000509,-0.08323,0.124361,83,352.81,1,277,26.75
AVGO,2026-09-26,2026-12-18,184.0,C,169.4,173.05,171.225,85.0954,0.966373,0.000522,-0.083244,0.125794,83,352.81,10,560,26.75
AVGO,2026-09-26,2026-12-18,185.0,C,168.45,172.05,170.25,84.6681,0.965904,0.000531,-0.083744,0.127234,83,352.81,2,214,26.75
AVGO,2026-09-26,2026-12-18,186.0,C,167.45,171.1,169.275,84.2409,0.965432,0.00054,-0.084241,0.128682,83,352.81,2,69,26.75
AVGO,2026-09-26,2026-12-18,188.0,C,165.5,169.15,167.325,83.3864,0.964475,0.000558,-0.085221,0.131597,83,352.81,10,122,26.75
AVGO,2026-09-26,2026-12-18,190.0,C,163.5,167.15,165.325,82.1901,0.963966,0.000572,-0.085238,0.133141,83,352.81,10,318,26.75
AVGO,2026-09-26,2026-12-18,192.0,C,166.45,170.05,168.25,106.5007,0.929244,0.000756,-0.163778,0.227767,83,352.81,1,214,26.75
AVGO,2026-09-26,2026-12-18,194.0,C,164.45,168.1,166.275,105.1396,0.928132,0.000775,-0.163824,0.230511,83,352.81,1,412,26.75
AVGO,2026-09-26,2026-12-18,195.0,C,158.6,162.25,160.425,79.9074,0.961708,0.000619,-0.087124,0.13992,83,352.81,1,68,26.75
AVGO,2026-09-26,2026-12-18,196.0,C,157.6,161.25,159.425,79.3215,0.961438,0.000627,-0.087115,0.140726,83,352.81,1,41,26.75
AVGO,2026-09-26,2026-12-18,198.0,C,160.55,164.15,162.35,102.5518,0.925726,0.000814,-0.164204,0.236393,83,352.81,1,122,26.75
AVGO,2026-09-26,2026-12-18,200.0,C,153.7,157.1,155.4,76.8313,0.960601,0.000659,-0.086565,0.143208,83,352.81,4,1115,26.75
AVGO,2026-09-26,2026-12-18,205.0,C,148.75,152.35,150.55,74.9392,0.957632,0.000716,-0.089277,0.151901,83,352.81,1,147,26.75
AVGO,2026-09-26,2026-12-18,210.0,C,143.85,147.5,145.675,72.8762,0.954803,0.000776,-0.091388,0.160032,83,352.81,1,614,26.75
AVGO,2026-09-26,2026-12-18,215.0,C,138.95,142.6,140.775,70.679,0.952094,0.000838,-0.092964,0.167685,83,352.81,1,345,26.75
AVGO,2026-09-26,2026-12-18,220.0,C,134.1,137.7,135.9,68.6282,0.948986,0.000908,-0.094877,0.176314,83,352.81,1,358,26.75
AVGO,2026-09-26,2026-12-18,225.0,C,129.25,132.85,131.05,66.7057,0.945453,0.000985,-0.0971,0.185934,83,352.81,2,2419,26.75
AVGO,2026-09-26,2026-12-18,230.0,C,124.4,128.0,126.2,64.7709,0.941748,0.001068,-0.099181,0.195819,83,352.81,2,245,26.75
AVGO,2026-09-26,2026-12-18,235.0,C,119.6,123.05,121.325,62.714,0.938125,0.001157,-0.100732,0.205296,83,352.81,3,414,26.75
AVGO,2026-09-26,2026-12-18,240.0,C,114.6,118.4,116.5,60.8769,0.933742,0.001257,-0.102937,0.216515,83,352.81,5,771,26.75
AVGO,2026-09-26,2026-12-18,245.0,C,110.0,113.5,111.75,59.3266,0.928292,0.00137,-0.106089,0.230117,83,352.81,2,429,26.75
AVGO,2026-09-26,2026-12-18,250.0,C,105.25,108.9,107.075,58.0082,0.921766,0.001498,-0.110049,0.245927,83,352.81,1,466,26.75
AVGO,2026-09-26,2026-12-18,255.0,C,100.55,104.2,102.375,56.5251,0.915217,0.001633,-0.11335,0.261298,83,352.81,2,1073,26.75
AVGO,2026-09-26,2026-12-18,260.0,C,96.55,99.55,98.05,56.2382,0.904364,0.001795,-0.121242,0.285759,83,352.81,3,526,26.75
AVGO,2026-09-26,2026-12-18,265.0,C,91.25,94.85,93.05,53.6198,0.900316,0.001941,-0.119978,0.294579,83,352.81,2,321,26.75
AVGO,2026-09-26,2026-12-18,270.0,C,86.8,90.4,88.6,52.7043,0.890064,0.00212,-0.125317,0.316222,83,352.81,3,383,26.75
AVGO,2026-09-26,2026-12-18,275.0,C,82.35,85.9,84.125,51.5874,0.879694,0.002309,-0.129786,0.337155,83,352.81,10,589,26.75
AVGO,2026-09-26,2026-12-18,280.0,C,77.85,81.55,79.7,50.4949,0.868377,0.002512,-0.134252,0.358972,83,352.81,1,334,26.75
AVGO,2026-09-26,2026-12-18,290.0,C,69.4,72.9,71.15,52.6647,0.827176,0.002886,-0.160705,0.430249,83,352.81,9,365,26.75
AVGO,2026-09-26,2026-12-18,300.0,C,61.35,64.8,63.075,50.855,0.796177,0.003309,-0.169836,0.476382,83,352.81,28,1635,26.75
AVGO,2026-09-26,2026-12-18,310.0,C,53.75,56.9,55.325,48.8744,0.761542,0.003767,-0.176865,0.521179,83,352.81,11,2431,26.75
AVGO,2026-09-26,2026-12-18,320.0,C,47.35,49.55,48.45,47.2967,0.721258,0.004221,-0.183669,0.565103,83,352.81,31,1768,26.75
AVGO,2026-09-26,2026-12-18,330.0,C,41.0,43.0,42.0,46.3812,0.67531,0.004611,-0.190715,0.605289,83,352.81,18,2081,26.75
AVGO,2026-09-26,2026-12-18,340.0,C,35.65,36.8,36.225,45.2795,0.626315,0.004972,-0.194193,0.637256,83,352.81,11,1386,26.75
AVGO,2026-09-26,2026-12-18,350.0,C,30.5,31.4,30.95,44.6478,0.574359,0.005218,-0.196321,0.659494,83,352.81,1871,3291,26.75
AVGO,2026-09-26,2026-12-18,360.0,C,26.0,26.6,26.3,44.1473,0.521291,0.005364,-0.19565,0.670231,83,352.81,211,3721,26.75
AVGO,2026-09-26,2026-12-18,370.0,C,21.85,22.55,22.2,44.0008,0.469029,0.005373,-0.193185,0.669163,83,352.81,812,5074,26.75
AVGO,2026-09-26,2026-12-18,380.0,C,18.5,19.0,18.75,43.8726,0.418388,0.005291,-0.187897,0.657093,83,352.81,194,7057,26.75
AVGO,2026-09-26,2026-12-18,390.0,C,15.4,16.05,15.725,43.9794,0.371128,0.005108,-0.181176,0.635855,83,352.81,755,2082,26.75
AVGO,2026-09-26,2026-12-18,400.0,C,12.9,13.5,13.2,44.0801,0.327047,0.004866,-0.172482,0.607079,83,352.81,576,8496,26.75
AVGO,2026-09-26,2026-12-18,410.0,C,10.75,11.25,11.0,44.0679,0.285776,0.004585,-0.161743,0.571921,83,352.81,239,2638,26.75
AVGO,2026-09-26,2026-12-18,420.0,C,9.1,9.75,9.425,44.8583,0.253116,0.004238,-0.15423,0.538143,83,352.81,139,6658,26.75
AVGO,2026-09-26,2026-12-18,430.0,C,7.6,8.0,7.8,44.663,0.217979,0.00392,-0.14095,0.495515,83,352.81,108,3028,26.75
AVGO,2026-09-26,2026-12-18,440.0,C,6.4,6.85,6.625,45.2093,0.191148,0.003581,-0.131509,0.458242,83,352.81,24,2717,26.75
AVGO,2026-09-26,2026-12-18,450.0,C,5.45,5.75,5.6,45.4412,0.16557,0.003254,-0.120411,0.418565,83,352.81,234,6898,26.75
AVGO,2026-09-26,2026-12-18,460.0,C,4.4,5.0,4.7,46.1462,0.146052,0.00295,-0.112271,0.38533,83,352.81,25,2842,26.75
AVGO,2026-09-26,2026-12-18,470.0,C,3.9,4.4,4.15,46.9488,0.129708,0.002674,-0.105084,0.355353,83,352.81,273,2741,26.75
AVGO,2026-09-26,2026-12-18,480.0,C,2.97,3.95,3.46,47.9436,0.116677,0.002431,-0.099414,0.329936,83,352.81,15,2933,26.75
AVGO,2026-09-26,2026-12-18,490.0,C,2.96,3.3,3.13,48.0108,0.100301,0.002177,-0.089139,0.29591,83,352.81,3,2032,26.75
AVGO,2026-09-26,2026-12-18,500.0,C,2.6,2.74,2.67,48.0352,0.08577,0.001939,-0.07932,0.263574,83,352.81,112,7930,26.75
AVGO,2026-09-26,2026-12-18,510.0,C,2.15,2.65,2.4,49.6709,0.08103,0.001796,-0.078443,0.252548,83,352.81,2,854,26.75
AVGO,2026-09-26,2026-12-18,520.0,C,1.95,2.39,2.17,50.4888,0.073208,0.001636,-0.073706,0.233795,83,352.81,2,1583,26.75
AVGO,2026-09-26,2026-12-18,530.0,C,1.69,1.94,1.815,50.1897,0.061539,0.001439,-0.063999,0.204423,83,352.81,10,1103,26.75
AVGO,2026-09-26,2026-12-18,540.0,C,1.4,2.11,1.755,50.9648,0.055718,0.001311,-0.060036,0.189081,83,352.81,8,2461,26.75
AVGO,2026-09-26,2026-12-18,560.0,C,1.18,1.51,1.345,51.7705,0.043586,0.001061,-0.050027,0.155421,83,352.81,27,1042,26.75
AVGO,2026-09-26,2026-12-18,570.0,C,0.91,1.41,1.16,52.0146,0.038141,0.000947,-0.045066,0.139472,83,352.81,14,941,26.75
AVGO,2026-09-26,2026-12-18,580.0,C,0.75,1.43,1.09,52.9668,0.035524,0.000878,-0.043259,0.131596,83,352.81,1,461,26.75
AVGO,2026-09-26,2026-12-18,590.0,C,0.75,1.27,1.01,53.7602,0.032778,0.000809,-0.041061,0.123172,83,352.81,4,1530,26.75
AVGO,2026-09-26,2026-12-18,600.0,C,0.74,0.92,0.83,53.5405,0.02769,0.000707,-0.035534,0.107098,83,352.81,42,1713,26.75
AVGO,2026-09-26,2026-12-18,620.0,C,0.6,1.05,0.825,56.1528,0.02637,0.000647,-0.035722,0.10282,83,352.81,10,657,26.75
AVGO,2026-09-26,2026-12-18,630.0,C,0.24,0.98,0.61,55.0297,0.020528,0.000535,-0.028344,0.08328,83,352.81,10,118,26.75
AVGO,2026-09-26,2026-12-18,640.0,C,0.43,0.65,0.54,55.3227,0.018289,0.000482,-0.025817,0.075496,83,352.81,4,423,26.75
AVGO,2026-09-26,2026-12-18,650.0,C,0.39,0.82,0.605,57.3979,0.019614,0.000493,-0.028405,0.080123,83,352.81,1,464,26.75
AVGO,2026-09-26,2026-12-18,660.0,C,0.11,0.8,0.455,56.3969,0.015388,0.000408,-0.022678,0.065126,83,352.81,1,92,26.75
AVGO,2026-09-26,2026-12-18,670.0,C,0.19,0.75,0.47,57.7641,0.015503,0.000401,-0.023363,0.065545,83,352.81,2,194,26.75
AVGO,2026-09-26,2026-12-18,680.0,C,0.13,0.7,0.415,57.9594,0.013819,0.000362,-0.021224,0.059368,83,352.81,1,1141,26.75
AVGO,2026-09-26,2026-12-18,690.0,C,0.04,0.56,0.3,56.7875,0.010516,0.000291,-0.016406,0.046852,83,352.81,1,503,26.75
AVGO,2026-09-26,2026-12-18,700.0,C,0.02,0.59,0.305,57.9106,0.010459,0.000284,-0.016643,0.04663,83,352.81,1,1571,26.75
AVGO,2026-09-26,2026-12-18,710.0,C,0.09,0.58,0.335,59.5707,0.011091,0.000291,-0.018008,0.049075,83,352.81,1,66,26.75
AVGO,2026-09-26,2026-12-18,720.0,C,0.08,0.55,0.315,60.1566,0.010419,0.000273,-0.017214,0.046473,83,352.81,1,82,26.75
AVGO,2026-09-26,2026-12-18,730.0,C,0.01,0.52,0.265,59.9125,0.008899,0.000239,-0.014934,0.040492,83,352.81,1,169,26.75
AVGO,2026-09-26,2026-12-18,740.0,C,0.11,0.29,0.2,59.0336,0.006993,0.000196,-0.011901,0.032756,83,352.81,6,1111,26.75
AVGO,2026-09-26,2026-12-18,2700.0,C,161.0,176.0,168.5,497.6261,0.630355,0.000451,-1.909823,0.63503,83,352.81,2,5,26.75
AVGO,2026-09-26,2026-12-18,2750.0,C,154.0,169.0,161.5,488.3061,0.612713,0.000466,-1.90128,0.644217,83,352.81,1,28,26.75
AVGO,2026-09-26,2026-12-18,66.0,P,0.0,0.02,0.01,106.2505,-0.000172,4e-06,-0.0007,0.001106,83,352.81,100,1177,26.75
AVGO,2026-09-26,2026-12-18,68.0,P,0.0,1.9,0.95,169.8732,-0.007164,7e-05,-0.033863,0.033463,83,352.81,34,215,26.75
AVGO,2026-09-26,2026-12-18,70.0,P,0.01,0.1,0.055,118.3598,-0.000777,1.3e-05,-0.003168,0.004494,83,352.81,10,944,26.75
AVGO,2026-09-26,2026-12-18,72.0,P,0.0,1.9,0.95,164.0139,-0.007448,7.5e-05,-0.033824,0.03463,83,352.81,1,218,26.75
AVGO,2026-09-26,2026-12-18,74.0,P,0.0,1.9,0.95,161.2307,-0.007593,7.7e-05,-0.033814,0.035223,83,352.81,1,164,26.75
AVGO,2026-09-26,2026-12-18,75.0,P,0.0,1.9,0.95,159.8635,-0.007665,7.8e-05,-0.033802,0.035514,83,352.81,12,155,26.75
AVGO,2026-09-26,2026-12-18,80.0,P,0.0,0.1,0.05,107.813,-0.000785,1.5e-05,-0.00291,0.004536,83,352.81,3,234,26.75
AVGO,2026-09-26,2026-12-18,82.0,P,0.0,1.9,0.95,150.8792,-0.008181,8.8e-05,-0.033764,0.03761,83,352.81,9,125,26.75
AVGO,2026-09-26,2026-12-18,85.0,P,0.0,1.9,0.95,147.2659,-0.008401,9.2e-05,-0.033722,0.038495,83,352.81,41,1624,26.75
AVGO,2026-09-26,2026-12-18,88.0,P,0.0,0.1,0.05,100.7817,-0.000819,1.7e-05,-0.002827,0.004717,83,352.81,3,194,26.75
AVGO,2026-09-26,2026-12-18,90.0,P,0.0,1.9,0.95,141.5042,-0.008759,0.0001,-0.033598,0.039933,83,352.81,1,1321,26.75
AVGO,2026-09-26,2026-12-18,92.0,P,0.01,1.89,0.95,139.3069,-0.008907,0.000103,-0.033558,0.040522,83,352.81,15,1161,26.75
AVGO,2026-09-26,2026-12-18,94.0,P,0.0,1.9,0.95,137.2073,-0.009069,0.000106,-0.033574,0.04117,83,352.81,1,154,26.75
AVGO,2026-09-26,2026-12-18,95.0,P,0.0,0.1,0.05,95.3125,-0.000861,1.8e-05,-0.002797,0.004938,83,352.81,3,907,26.75
AVGO,2026-09-26,2026-12-18,96.0,P,0.0,1.9,0.95,135.1077,-0.009218,0.000109,-0.033529,0.041762,83,352.81,1,151,26.75
AVGO,2026-09-26,2026-12-18,98.0,P,0.0,1.9,0.95,133.057,-0.009369,0.000112,-0.033486,0.042358,83,352.81,7,121,26.75
AVGO,2026-09-26,2026-12-18,100.0,P,0.0,1.9,0.95,131.055,-0.009522,0.000116,-0.033447,0.042963,83,352.81,1,1539,26.75
AVGO,2026-09-26,2026-12-18,102.0,P,0.0,1.9,0.95,129.0775,-0.00967,0.000119,-0.033382,0.043546,83,352.81,1,234,26.75
AVGO,2026-09-26,2026-12-18,104.0,P,0.0,1.89,0.945,127.0511,-0.009787,0.000122,-0.033198,0.044005,83,352.81,1,161,26.75
AVGO,2026-09-26,2026-12-18,105.0,P,0.02,0.12,0.07,91.4063,-0.001265,2.7e-05,-0.003813,0.007028,83,352.81,14,307,26.75
AVGO,2026-09-26,2026-12-18,106.0,P,0.0,0.12,0.06,89.2579,-0.001108,2.5e-05,-0.003296,0.006222,83,352.81,2,77,26.75
AVGO,2026-09-26,2026-12-18,108.0,P,0.0,0.16,0.08,90.4298,-0.001431,3.1e-05,-0.004219,0.007862,83,352.81,1,124,26.75
AVGO,2026-09-26,2026-12-18,110.0,P,0.02,0.15,0.085,89.6485,-0.00153,3.3e-05,-0.004447,0.00836,83,352.81,4,459,26.75
AVGO,2026-09-26,2026-12-18,112.0,P,0.0,1.78,0.89,118.6039,-0.009958,0.000133,-0.031437,0.044675,83,352.81,4,208,26.75
AVGO,2026-09-26,2026-12-18,114.0,P,0.0,0.16,0.08,86.5236,-0.001504,3.4e-05,-0.004224,0.008232,83,352.81,2,157,26.75
AVGO,2026-09-26,2026-12-18,115.0,P,0.0,1.75,0.875,115.7231,-0.010061,0.000138,-0.03094,0.045078,83,352.81,1,314,26.75
AVGO,2026-09-26,2026-12-18,116.0,P,0.0,0.15,0.075,84.5705,-0.001428,3.3e-05,-0.003936,0.00785,83,352.81,5,727,26.75
AVGO,2026-09-26,2026-12-18,118.0,P,0.0,1.56,0.78,111.2309,-0.009449,0.000136,-0.028144,0.042674,83,352.81,4,355,26.75
AVGO,2026-09-26,2026-12-18,120.0,P,0.0,0.15,0.075,82.2267,-0.001489,3.5e-05,-0.003973,0.008154,83,352.81,2,1094,26.75
AVGO,2026-09-26,2026-12-18,122.0,P,0.0,1.63,0.815,108.7895,-0.010058,0.000146,-0.029056,0.045067,83,352.81,2,407,26.75
AVGO,2026-09-26,2026-12-18,124.0,P,0.0,0.15,0.075,79.6877,-0.001508,3.7e-05,-0.003894,0.008251,83,352.81,12,210,26.75
AVGO,2026-09-26,2026-12-18,125.0,P,0.0,1.58,0.79,105.9575,-0.010048,0.00015,-0.028267,0.045029,83,352.81,4,155,26.75
AVGO,2026-09-26,2026-12-18,126.0,P,0.0,1.57,0.785,105.0786,-0.010066,0.000152,-0.028072,0.045099,83,352.81,8,290,26.75
AVGO,2026-09-26,2026-12-18,128.0,P,0.0,1.53,0.765,103.1743,-0.01002,0.000154,-0.027447,0.04492,83,352.81,1,181,26.75
AVGO,2026-09-26,2026-12-18,130.0,P,0.0,0.18,0.09,77.7346,-0.001844,4.5e-05,-0.004559,0.009908,83,352.81,3,1014,26.75
AVGO,2026-09-26,2026-12-18,132.0,P,0.0,1.46,0.73,99.5606,-0.009966,0.000159,-0.026347,0.044706,83,352.81,10,203,26.75
AVGO,2026-09-26,2026-12-18,134.0,P,0.0,1.42,0.71,97.7051,-0.009886,0.000161,-0.02567,0.044395,83,352.81,38,771,26.75
AVGO,2026-09-26,2026-12-18,135.0,P,0.0,1.41,0.705,96.9239,-0.009914,0.000162,-0.025523,0.044503,83,352.81,52,472,26.75
AVGO,2026-09-26,2026-12-18,136.0,P,0.0,1.39,0.695,96.0205,-0.009875,0.000163,-0.025195,0.04435,83,352.81,2,574,26.75
AVGO,2026-09-26,2026-12-18,138.0,P,0.0,1.34,0.67,94.1407,-0.009745,0.000165,-0.024411,0.043839,83,352.81,4,429,26.75
AVGO,2026-09-26,2026-12-18,140.0,P,0.0,0.18,0.09,72.2659,-0.00198,5.2e-05,-0.004515,0.010571,83,352.81,4,1464,26.75
AVGO,2026-09-26,2026-12-18,142.0,P,0.0,1.25,0.625,90.5274,-0.0095,0.000167,-0.022946,0.042877,83,352.81,2,670,26.75
AVGO,2026-09-26,2026-12-18,144.0,P,0.0,1.19,0.595,88.6232,-0.009295,0.000168,-0.022033,0.042066,83,352.81,2,610,26.75
AVGO,2026-09-26,2026-12-18,145.0,P,0.01,0.15,0.08,68.7503,-0.00184,5.1e-05,-0.004015,0.009887,83,352.81,2,662,26.75
AVGO,2026-09-26,2026-12-18,146.0,P,0.0,0.75,0.375,81.8361,-0.006573,0.000134,-0.014993,0.031012,83,352.81,4,209,26.75
AVGO,2026-09-26,2026-12-18,148.0,P,0.0,1.06,0.53,84.6681,-0.008741,0.000166,-0.019934,0.03986,83,352.81,4,107,26.75
AVGO,2026-09-26,2026-12-18,150.0,P,0.0,0.2,0.1,67.9691,-0.002331,6.4e-05,-0.004918,0.012258,83,352.81,5,766,26.75
AVGO,2026-09-26,2026-12-18,152.0,P,0.0,0.92,0.46,80.6154,-0.008049,0.000162,-0.017643,0.037075,83,352.81,10,644,26.75
AVGO,2026-09-26,2026-12-18,154.0,P,0.0,0.78,0.39,77.6858,-0.007184,0.000153,-0.015377,0.033543,83,352.81,15,211,26.75
AVGO,2026-09-26,2026-12-18,155.0,P,0.0,0.2,0.1,65.43,-0.002388,6.8e-05,-0.004833,0.012525,83,352.81,6,172,26.75
AVGO,2026-09-26,2026-12-18,156.0,P,0.0,0.45,0.225,71.2893,-0.004692,0.000114,-0.009665,0.022986,83,352.81,6,157,26.75
AVGO,2026-09-26,2026-12-18,158.0,P,0.05,0.16,0.105,64.3558,-0.002545,7.3e-05,-0.005034,0.013269,83,352.81,8,529,26.75
AVGO,2026-09-26,2026-12-18,160.0,P,0.01,0.14,0.075,61.1332,-0.001926,6e-05,-0.003713,0.010308,83,352.81,8,703,26.75
AVGO,2026-09-26,2026-12-18,162.0,P,0.01,0.33,0.17,65.9671,-0.003896,0.000104,-0.007566,0.019466,83,352.81,2,267,26.75
AVGO,2026-09-26,2026-12-18,164.0,P,0.01,0.17,0.09,60.5473,-0.00233,7.1e-05,-0.004368,0.01225,83,352.81,5,599,26.75
AVGO,2026-09-26,2026-12-18,165.0,P,0.05,0.19,0.12,62.0121,-0.002987,8.7e-05,-0.005599,0.015334,83,352.81,6,518,26.75
AVGO,2026-09-26,2026-12-18,166.0,P,0.01,0.15,0.08,58.9848,-0.002159,6.8e-05,-0.00397,0.011432,83,352.81,5,128,26.75
AVGO,2026-09-26,2026-12-18,168.0,P,0.01,0.2,0.105,59.766,-0.002732,8.4e-05,-0.004976,0.014146,83,352.81,11,151,26.75
AVGO,2026-09-26,2026-12-18,170.0,P,0.01,0.14,0.075,56.8364,-0.002095,6.9e-05,-0.003719,0.011123,83,352.81,4,634,26.75
AVGO,2026-09-26,2026-12-18,172.0,P,0.01,0.37,0.19,62.0609,-0.004569,0.000128,-0.008195,0.022449,83,352.81,7,352,26.75
AVGO,2026-09-26,2026-12-18,174.0,P,0.05,0.16,0.105,57.1293,-0.002847,9.1e-05,-0.004931,0.014683,83,352.81,10,428,26.75
AVGO,2026-09-26,2026-12-18,175.0,P,0.02,0.35,0.185,60.4496,-0.004546,0.000131,-0.007942,0.022349,83,352.81,4,243,26.75
AVGO,2026-09-26,2026-12-18,176.0,P,0.05,0.18,0.115,56.8364,-0.003113,9.9e-05,-0.005316,0.015916,83,352.81,2,161,26.75
AVGO,2026-09-26,2026-12-18,178.0,P,0.03,0.16,0.095,54.7856,-0.002678,9e-05,-0.004472,0.013895,83,352.81,2,390,26.75
AVGO,2026-09-26,2026-12-18,180.0,P,0.05,0.17,0.11,54.8833,-0.003095,0.000102,-0.005101,0.015829,83,352.81,2,332,26.75
AVGO,2026-09-26,2026-12-18,182.0,P,0.01,0.16,0.085,52.5395,-0.002522,8.9e-05,-0.004059,0.013162,83,352.81,3,229,26.75
AVGO,2026-09-26,2026-12-18,184.0,P,0.06,0.36,0.21,57.3735,-0.005385,0.00016,-0.00875,0.025989,83,352.81,4,522,26.75
AVGO,2026-09-26,2026-12-18,185.0,P,0.05,0.17,0.11,52.7348,-0.003169,0.000108,-0.005003,0.016174,83,352.81,2,299,26.75
AVGO,2026-09-26,2026-12-18,186.0,P,0.07,0.19,0.13,53.3208,-0.003667,0.000122,-0.005766,0.018437,83,352.81,2,54,26.75
AVGO,2026-09-26,2026-12-18,188.0,P,0.01,0.19,0.1,50.9771,-0.002988,0.000106,-0.004583,0.015335,83,352.81,2,77,26.75
AVGO,2026-09-26,2026-12-18,190.0,P,0.07,0.2,0.135,51.9536,-0.003914,0.000133,-0.005952,0.019549,83,352.81,5,91,26.75
AVGO,2026-09-26,2026-12-18,192.0,P,0.04,0.31,0.175,52.7348,-0.004911,0.00016,-0.007396,0.023942,83,352.81,4,80,26.75
AVGO,2026-09-26,2026-12-18,194.0,P,0.11,0.21,0.16,51.3677,-0.004636,0.000156,-0.00684,0.022743,83,352.81,11,104,26.75
AVGO,2026-09-26,2026-12-18,195.0,P,0.13,0.23,0.18,51.6606,-0.00512,0.00017,-0.007514,0.024847,83,352.81,10,368,26.75
AVGO,2026-09-26,2026-12-18,196.0,P,0.01,0.24,0.125,53.1255,-0.006505,0.000204,-0.009555,0.030727,83,352.81,2,171,26.75
AVGO,2026-09-26,2026-12-18,198.0,P,0.11,0.24,0.175,50.2935,-0.005127,0.000175,-0.007319,0.024877,83,352.81,2,201,26.75
AVGO,2026-09-26,2026-12-18,200.0,P,0.1,0.32,0.21,50.5864,-0.006002,0.0002,-0.008465,0.028616,83,352.81,1,1568,26.75
AVGO,2026-09-26,2026-12-18,205.0,P,0.12,0.49,0.305,51.0747,-0.008449,0.000268,-0.011543,0.03869,83,352.81,2,181,26.75
AVGO,2026-09-26,2026-12-18,210.0,P,0.22,0.35,0.285,49.9517,-0.009744,0.00031,-0.012775,0.043838,83,352.81,3,453,26.75
AVGO,2026-09-26,2026-12-18,215.0,P,0.27,0.4,0.335,48.8531,-0.011237,0.000359,-0.014127,0.049633,83,352.81,1,466,26.75
AVGO,2026-09-26,2026-12-18,220.0,P,0.21,0.67,0.44,50.7329,-0.017366,0.000503,-0.021327,0.072232,83,352.81,2,1744,26.75
AVGO,2026-09-26,2026-12-18,225.0,P,0.3,0.81,0.555,50.1958,-0.020794,0.000593,-0.024562,0.084194,83,352.81,1,712,26.75
AVGO,2026-09-26,2026-12-18,230.0,P,0.5,0.69,0.595,46.7657,-0.019154,0.000593,-0.021302,0.078523,83,352.81,3,1835,26.75
AVGO,2026-09-26,2026-12-18,235.0,P,0.55,0.94,0.745,47.2173,-0.025094,0.000738,-0.026978,0.098638,83,352.81,11,414,26.75
AVGO,2026-09-26,2026-12-18,240.0,P,0.56,1.02,0.79,45.8013,-0.027704,0.000826,-0.028374,0.107144,83,352.81,3,2300,26.75
AVGO,2026-09-26,2026-12-18,245.0,P,0.73,1.19,0.96,45.0323,-0.032254,0.000954,-0.031588,0.121545,83,352.81,2,1332,26.75
AVGO,2026-09-26,2026-12-18,250.0,P,1.24,1.42,1.33,44.4952,-0.0381,0.001106,-0.035714,0.139347,83,352.81,36,2191,26.75
AVGO,2026-09-26,2026-12-18,255.0,P,1.36,1.63,1.495,43.6407,-0.04376,0.001262,-0.039111,0.15592,83,352.81,13,1812,26.75
AVGO,2026-09-26,2026-12-18,260.0,P,1.71,2.37,2.04,45.2642,-0.058793,0.00154,-0.051238,0.197248,83,352.81,1,2491,26.75
AVGO,2026-09-26,2026-12-18,265.0,P,2.15,2.31,2.23,42.7374,-0.060374,0.001665,-0.049248,0.201392,83,352.81,33,2002,26.75
AVGO,2026-09-26,2026-12-18,270.0,P,2.56,2.76,2.66,42.4139,-0.070848,0.001899,-0.055195,0.227994,83,352.81,52,3150,26.75
AVGO,2026-09-26,2026-12-18,275.0,P,2.8,3.45,3.125,42.7069,-0.085231,0.00217,-0.063796,0.262332,83,352.81,33,3675,26.75
AVGO,2026-09-26,2026-12-18,280.0,P,3.45,3.9,3.675,41.8707,-0.096147,0.002421,-0.068192,0.286882,83,352.81,42,4086,26.75
AVGO,2026-09-26,2026-12-18,290.0,P,5.05,5.5,5.275,41.651,-0.128613,0.002997,-0.08303,0.353271,83,352.81,151,5773,26.75
AVGO,2026-09-26,2026-12-18,300.0,P,6.85,7.1,6.975,40.4425,-0.162265,0.003609,-0.093554,0.413124,83,352.81,1017,10458,26.75
AVGO,2026-09-26,2026-12-18,310.0,P,8.95,9.45,9.2,40.0091,-0.205562,0.004228,-0.106358,0.478795,83,352.81,54,5279,26.75
AVGO,2026-09-26,2026-12-18,320.0,P,11.45,12.45,11.95,39.823,-0.25537,0.004796,-0.118389,0.54065,83,352.81,168,8993,26.75
AVGO,2026-09-26,2026-12-18,330.0,P,15.45,15.85,15.65,39.3469,-0.308764,0.00532,-0.126675,0.592511,83,352.81,301,4927,26.75
AVGO,2026-09-26,2026-12-18,340.0,P,19.0,20.1,19.55,39.292,-0.366753,0.005695,-0.133427,0.633392,83,352.81,201,6195,26.75
AVGO,2026-09-26,2026-12-18,350.0,P,24.05,24.8,24.425,38.9929,-0.42632,0.005977,-0.135626,0.659707,83,352.81,1900,5846,26.75
AVGO,2026-09-26,2026-12-18,360.0,P,29.0,30.15,29.575,38.7671,-0.486691,0.006113,-0.134379,0.670814,83,352.81,235,3499,26.75
AVGO,2026-09-26,2026-12-18,370.0,P,34.65,36.75,35.7,39.5422,-0.543372,0.005961,-0.133716,0.667217,83,352.81,18,4599,26.75
AVGO,2026-09-26,2026-12-18,380.0,P,40.45,43.25,41.85,39.3683,-0.599595,0.005835,-0.126061,0.650161,83,352.81,35,3897,26.75
AVGO,2026-09-26,2026-12-18,390.0,P,47.45,50.9,49.175,40.2472,-0.64728,0.005486,-0.120677,0.624912,83,352.81,6,2432,26.75
AVGO,2026-09-26,2026-12-18,400.0,P,54.95,58.3,56.625,40.0397,-0.696213,0.005191,-0.108332,0.58827,83,352.81,7,4015,26.75
AVGO,2026-09-26,2026-12-18,410.0,P,62.9,66.3,64.6,40.1892,-0.738836,0.004808,-0.096317,0.546974,83,352.81,1,1041,26.75
AVGO,2026-09-26,2026-12-18,420.0,P,71.15,73.9,72.525,38.819,-0.787904,0.004439,-0.075188,0.487706,83,352.81,15,1080,26.75
AVGO,2026-09-26,2026-12-18,430.0,P,79.9,83.15,81.525,40.2716,-0.81221,0.003976,-0.069131,0.45327,83,352.81,64,930,26.75
AVGO,2026-09-26,2026-12-18,440.0,P,88.7,92.0,90.35,40.3754,-0.841998,0.003553,-0.055776,0.405995,83,352.81,12,839,26.75
AVGO,2026-09-26,2026-12-18,450.0,P,97.9,100.5,99.2,38.8129,-0.87942,0.003074,-0.033585,0.337697,83,352.81,15,483,26.75
AVGO,2026-09-26,2026-12-18,460.0,P,107.1,110.5,108.8,41.2665,-0.885461,0.002788,-0.034236,0.325629,83,352.81,1,569,26.75
AVGO,2026-09-26,2026-12-18,470.0,P,116.6,119.95,118.275,41.7303,-0.902382,0.002456,-0.02451,0.290098,83,352.81,17,116,26.75
AVGO,2026-09-26,2026-12-18,480.0,P,126.85,128.85,127.85,39.3439,-0.932901,0.001963,-0.001227,0.218639,83,352.81,10,162,26.75
AVGO,2026-09-26,2026-12-18,490.0,P,136.55,139.2,137.875,42.9937,-0.927097,0.001915,-0.00885,0.23305,83,352.81,5,141,26.75
AVGO,2026-09-26,2026-12-18,500.0,P,145.75,148.45,147.1,41.0772,-0.94896,0.001517,0.009738,0.176385,83,352.81,1,250,26.75
AVGO,2026-09-26,2026-12-18,530.0,P,175.45,179.1,177.275,50.0982,-0.938856,0.001434,-0.005009,0.203399,83,352.81,10,5,26.75
AVGO,2026-09-26,2026-12-18,540.0,P,185.2,189.1,187.15,51.856,-0.940645,0.001354,-0.004528,0.198725,83,352.81,9,0,26.75
AVGO,2026-09-26,2026-12-18,560.0,P,205.4,209.05,207.225,54.9565,-0.944821,0.001206,-0.002202,0.187635,83,352.81,20,0,26.75
AVGO,2026-09-26,2026-12-18,580.0,P,219.4,222.55,220.975,0.001,-1.0,0.0,0.064078,0.0,83,352.81,6,7,26.75
AVGO,2026-09-26,2026-12-18,600.0,P,245.4,248.85,247.125,59.998,-0.953574,0.000963,0.005555,0.16352,83,352.81,1,0,26.75
AVGO,2026-09-26,2026-12-18,620.0,P,265.2,268.9,267.05,63.1962,-0.954432,0.000901,0.005579,0.161088,83,352.81,250,0,26.75
AVGO,2026-09-26,2026-12-18,640.0,P,285.2,288.95,287.075,66.2845,-0.955131,0.000848,0.005619,0.159097,83,352.81,1,0,26.75
AVGO,2026-09-26,2026-12-18,660.0,P,12.5,18.0,15.25,0.001,-1.0,0.0,0.072917,0.0,83,352.81,1,33,26.75
AVGO,2026-09-26,2026-12-18,680.0,P,319.1,322.4,320.75,0.001,-1.0,0.0,0.075126,0.0,83,352.81,2,0,26.75
AVGO,2026-09-26,2026-12-18,690.0,P,296.45,299.4,297.925,0.001,-1.0,0.0,0.076231,0.0,83,352.81,2,0,26.75
AVGO,2026-09-26,2026-12-18,700.0,P,11.0,20.0,15.5,0.001,-1.0,0.0,0.077336,0.0,83,352.81,4,13,26.75
AVGO,2026-09-26,2026-12-18,710.0,P,350.25,353.9,352.075,0.001,-1.0,0.0,0.078441,0.0,83,352.81,0,0,26.75
AVGO,2026-09-26,2026-12-18,720.0,P,323.95,327.7,325.825,0.001,-1.0,0.0,0.079545,0.0,83,352.81,1,0,26.75
AVGO,2026-09-26,2026-12-18,740.0,P,343.7,347.85,345.775,0.001,-1.0,0.0,0.081755,0.0,83,352.81,10,0,26.75
AVGO,2026-09-26,2026-12-18,760.0,P,16.0,26.0,21.0,0.001,-1.0,0.0,0.083965,0.0,83,352.81,1,4,26.75
AVGO,2026-09-26,2026-12-18,800.0,P,21.0,28.7,24.85,0.001,-1.0,0.0,0.088384,0.0,83,352.81,1,6,26.75
AVGO,2026-09-26,2026-12-18,820.0,P,23.0,32.0,27.5,0.001,-1.0,0.0,0.090593,0.0,83,352.81,1,2,26.75
AVGO,2026-09-26,2026-12-18,860.0,P,28.0,37.0,32.5,0.001,-1.0,0.0,0.095012,0.0,83,352.81,0,4,26.75
AVGO,2026-09-26,2026-12-18,880.0,P,31.0,40.0,35.5,0.001,-1.0,0.0,0.097222,0.0,83,352.81,4,8,26.75
AVGO,2026-09-26,2026-12-18,900.0,P,36.5,42.1,39.3,0.001,-1.0,0.0,0.099432,0.0,83,352.81,10,15,26.75
AVGO,2026-09-26,2026-12-18,940.0,P,40.0,48.4,44.2,0.001,-1.0,0.0,0.103851,0.0,83,352.81,2,1,26.75
AVGO,2026-09-26,2026-12-18,960.0,P,43.0,53.0,48.0,0.001,-1.0,0.0,0.10606,0.0,83,352.81,0,8,26.75
AVGO,2026-09-26,2026-12-18,980.0,P,47.0,55.8,51.4,0.001,-1.0,0.0,0.10827,0.0,83,352.81,1,5,26.75
AVGO,2026-09-26,2026-12-18,1000.0,P,51.0,59.2,55.1,0.001,-1.0,0.0,0.11048,0.0,83,352.81,1,27,26.75
AVGO,2026-09-26,2026-12-18,1020.0,P,55.0,63.5,59.25,0.001,-1.0,0.0,0.112689,0.0,83,352.81,2,0,26.75
AVGO,2026-09-26,2026-12-18,1040.0,P,59.0,69.0,64.0,0.001,-1.0,0.0,0.114899,0.0,83,352.81,0,5,26.75
AVGO,2026-09-26,2026-12-18,1060.0,P,63.1,72.9,68.0,0.001,-1.0,0.0,0.117108,0.0,83,352.81,0,1,26.75
AVGO,2026-09-26,2026-12-18,1080.0,P,68.0,78.0,73.0,0.001,-1.0,0.0,0.119318,0.0,83,352.81,1,3,26.75
AVGO,2026-09-26,2026-12-18,1100.0,P,73.0,82.0,77.5,0.001,-1.0,0.0,0.121528,0.0,83,352.81,4,2,26.75
AVGO,2026-09-26,2026-12-18,1120.0,P,78.0,87.0,82.5,0.001,-1.0,0.0,0.123737,0.0,83,352.81,13,13,26.75
AVGO,2026-09-26,2026-12-18,1140.0,P,83.0,93.0,88.0,0.001,-1.0,0.0,0.125947,0.0,83,352.81,2,10,26.75
AVGO,2026-09-26,2026-12-18,1160.0,P,88.0,98.0,93.0,0.001,-1.0,0.0,0.128156,0.0,83,352.81,2,9,26.75
AVGO,2026-09-26,2026-12-18,1180.0,P,94.0,102.3,98.15,0.001,-1.0,0.0,0.130366,0.0,83,352.81,1,28,26.75
AVGO,2026-09-26,2026-12-18,1200.0,P,100.0,109.0,104.5,0.001,-1.0,0.0,0.132576,0.0,83,352.81,21,41,26.75
AVGO,2026-09-26,2026-12-18,1220.0,P,103.0,117.9,110.45,0.001,-1.0,0.0,0.134785,0.0,83,352.81,20,18,26.75
AVGO,2026-09-26,2026-12-18,1240.0,P,109.0,124.0,116.5,0.001,-1.0,0.0,0.136995,0.0,83,352.81,20,20,26.75
AVGO,2026-09-26,2026-12-18,1260.0,P,115.0,131.0,123.0,0.001,-1.0,0.0,0.139204,0.0,83,352.81,50,44,26.75
AVGO,2026-09-26,2026-12-18,1280.0,P,122.0,137.0,129.5,0.001,-1.0,0.0,0.141414,0.0,83,352.81,31,17,26.75
AVGO,2026-09-26,2026-12-18,1300.0,P,129.1,144.0,136.55,0.001,-1.0,0.0,0.143623,0.0,83,352.81,1,31,26.75
AVGO,2026-09-26,2026-12-18,1320.0,P,136.0,151.0,143.5,0.001,-1.0,0.0,0.145833,0.0,83,352.81,20,20,26.75
AVGO,2026-09-26,2026-12-18,1340.0,P,143.0,157.9,150.45,0.001,-1.0,0.0,0.148043,0.0,83,352.81,20,43,26.75
AVGO,2026-09-26,2026-12-18,1360.0,P,150.1,161.2,155.65,0.001,-1.0,0.0,0.150252,0.0,83,352.81,5,42,26.75
AVGO,2026-09-26,2026-12-18,1380.0,P,158.0,168.6,163.3,0.001,-1.0,0.0,0.152462,0.0,83,352.81,20,59,26.75
AVGO,2026-09-26,2026-12-18,1400.0,P,165.0,176.3,170.65,0.001,-1.0,0.0,0.154671,0.0,83,352.81,1,54,26.75
AVGO,2026-09-26,2026-12-18,1420.0,P,173.0,184.0,178.5,0.001,-1.0,0.0,0.156881,0.0,83,352.81,20,38,26.75
AVGO,2026-09-26,2026-12-18,1440.0,P,181.0,196.0,188.5,0.001,-1.0,0.0,0.159091,0.0,83,352.81,8,66,26.75
AVGO,2026-09-26,2026-12-18,1460.0,P,189.0,203.9,196.45,0.001,-1.0,0.0,0.1613,0.0,83,352.81,2,7,26.75
AVGO,2026-09-26,2026-12-18,1480.0,P,198.0,213.0,205.5,0.001,-1.0,0.0,0.16351,0.0,83,352.81,5,32,26.75
AVGO,2026-09-26,2026-12-18,1500.0,P,206.1,217.5,211.8,0.001,-1.0,0.0,0.165719,0.0,83,352.81,1,33,26.75
AVGO,2026-09-26,2026-12-18,1520.0,P,214.0,232.0,223.0,0.001,-1.0,0.0,0.167929,0.0,83,352.81,1,34,26.75
AVGO,2026-09-26,2026-12-18,1540.0,P,222.0,235.5,228.75,0.001,-1.0,0.0,0.170139,0.0,83,352.81,2,27,26.75
AVGO,2026-09-26,2026-12-18,1560.0,P,232.0,244.6,238.3,0.001,-1.0,0.0,0.172348,0.0,83,352.81,1,9,26.75
AVGO,2026-09-26,2026-12-18,1580.0,P,242.0,253.7,247.85,0.001,-1.0,0.0,0.174558,0.0,83,352.81,1,41,26.75
AVGO,2026-09-26,2026-12-18,1600.0,P,250.0,263.5,256.75,0.001,-1.0,0.0,0.176767,0.0,83,352.81,2,17,26.75
AVGO,2026-09-26,2026-12-18,1620.0,P,260.0,273.4,266.7,0.001,-1.0,0.0,0.178977,0.0,83,352.81,1,15,26.75
AVGO,2026-09-26,2026-12-18,1640.0,P,270.0,283.2,276.6,0.001,-1.0,0.0,0.181187,0.0,83,352.81,10,42,26.75
AVGO,2026-09-26,2026-12-18,1660.0,P,280.0,297.6,288.8,0.001,-1.0,0.0,0.183396,0.0,83,352.81,0,1,26.75
AVGO,2026-09-26,2026-12-18,1700.0,P,302.0,314.1,308.05,0.001,-1.0,0.0,0.187815,0.0,83,352.81,2,31,26.75
AVGO,2026-09-26,2026-12-18,1720.0,P,312.0,325.0,318.5,0.001,-1.0,0.0,0.190025,0.0,83,352.81,1,2,26.75
AVGO,2026-09-26,2026-12-18,1740.0,P,322.0,335.5,328.75,0.001,-1.0,0.0,0.192235,0.0,83,352.81,1,46,26.75
AVGO,2026-09-26,2026-12-18,1760.0,P,334.0,346.6,340.3,0.001,-1.0,0.0,0.194444,0.0,83,352.81,0,10,26.75
AVGO,2026-09-26,2026-12-18,1780.0,P,344.0,358.2,351.1,0.001,-1.0,0.0,0.196654,0.0,83,352.81,1,1,26.75
AVGO,2026-09-26,2026-12-18,1800.0,P,358.1,372.1,365.1,0.001,-1.0,0.0,0.198863,0.0,83,352.81,1,2,26.75
AVGO,2026-09-26,2026-12-18,1820.0,P,368.0,383.9,375.95,0.001,-1.0,0.0,0.201073,0.0,83,352.81,1,9,26.75
AVGO,2026-09-26,2026-12-18,1840.0,P,380.1,393.8,386.95,0.001,-1.0,0.0,0.203282,0.0,83,352.81,0,2,26.75
AVGO,2026-09-26,2026-12-18,1900.0,P,416.0,433.3,424.65,0.001,-1.0,0.0,0.209911,0.0,83,352.81,0,1,26.75
AVGO,2026-09-26,2026-12-18,1920.0,P,428.0,445.7,436.85,0.001,-1.0,0.0,0.212121,0.0,83,352.81,2,2,26.75
AVGO,2026-09-26,2026-12-18,2000.0,P,478.0,497.5,487.75,0.001,-1.0,0.0,0.220959,0.0,83,352.81,1,10,26.75
AVGO,2026-09-26,2026-12-18,2200.0,P,616.0,636.0,626.0,0.001,-1.0,0.0,0.243055,0.0,83,352.81,0,1,26.75
