symbol,quote_date,expiration,strike,option_type,bid,ask,mid,implied_volatility,delta,gamma,theta,vega,dte,underlying_price,volume,open_interest,iv_rank
AAPL,2026-08-04,2026-08-12,205.0,C,102.65,106.55,104.6,118.3598,0.992677,0.000374,-0.089397,0.009288,8,309.38,2,0,57.37
AAPL,2026-08-04,2026-08-12,260.0,C,47.6,51.55,49.575,54.7368,0.985969,0.001426,-0.082116,0.016376,8,309.38,50,15,57.37
AAPL,2026-08-04,2026-08-12,265.0,C,42.75,46.6,44.675,53.0766,0.97832,0.002132,-0.105119,0.023744,8,309.38,51,15,57.37
AAPL,2026-08-04,2026-08-12,270.0,C,37.95,41.4,39.675,74.2678,0.903315,0.005033,-0.388364,0.078423,8,309.38,2,28,57.37
AAPL,2026-08-04,2026-08-12,275.0,C,32.85,36.5,34.675,67.9691,0.890483,0.006021,-0.389153,0.085854,8,309.38,62,26,57.37
AAPL,2026-08-04,2026-08-12,280.0,C,27.85,31.55,29.7,61.0355,0.876664,0.007295,-0.380829,0.093406,8,309.38,1,12,57.37
AAPL,2026-08-04,2026-08-12,285.0,C,22.95,26.7,24.825,54.7856,0.856025,0.00904,-0.380106,0.103897,8,309.38,1,4,57.37
AAPL,2026-08-04,2026-08-12,290.0,C,18.4,20.95,19.675,40.7965,0.86753,0.011469,-0.275582,0.098161,8,309.38,2,455,57.37
AAPL,2026-08-04,2026-08-12,295.0,C,13.75,16.35,15.05,36.4875,0.822056,0.015588,-0.296433,0.11932,8,309.38,1,442,57.37
AAPL,2026-08-04,2026-08-12,297.5,C,11.55,14.2,12.875,34.9128,0.787918,0.018127,-0.313179,0.132769,8,309.38,8,16,57.37
AAPL,2026-08-04,2026-08-12,300.0,C,10.55,12.15,11.35,33.509,0.745981,0.02088,-0.32976,0.14678,8,309.38,38,97,57.37
AAPL,2026-08-04,2026-08-12,302.5,C,7.7,10.3,9.0,32.7094,0.693397,0.023435,-0.349636,0.16081,8,309.38,107,193,57.37
AAPL,2026-08-04,2026-08-12,305.0,C,6.8,8.05,7.425,29.0412,0.645109,0.027985,-0.329061,0.170501,8,309.38,896,612,57.37
AAPL,2026-08-04,2026-08-12,307.5,C,5.6,6.2,5.9,26.9416,0.57662,0.031731,-0.319605,0.179346,8,309.38,894,404,57.37
AAPL,2026-08-04,2026-08-12,310.0,C,4.4,4.95,4.675,27.082,0.496212,0.03216,-0.324474,0.182718,8,309.38,1475,514,57.37
AAPL,2026-08-04,2026-08-12,312.5,C,2.51,3.9,3.205,27.2834,0.417621,0.031241,-0.317746,0.178817,8,309.38,286,99,57.37
AAPL,2026-08-04,2026-08-12,315.0,C,2.54,3.1,2.82,27.8938,0.34624,0.028877,-0.305244,0.16898,8,309.38,1059,482,57.37
AAPL,2026-08-04,2026-08-12,317.5,C,1.64,2.37,2.005,28.0281,0.279641,0.026205,-0.27854,0.154087,8,309.38,732,721,57.37
AAPL,2026-08-04,2026-08-12,320.0,C,1.15,1.7,1.425,27.5886,0.215965,0.023183,-0.238035,0.134179,8,309.38,638,432,57.37
AAPL,2026-08-04,2026-08-12,322.5,C,0.85,1.35,1.1,28.5163,0.172761,0.019575,-0.214054,0.117105,8,309.38,587,402,57.37
AAPL,2026-08-04,2026-08-12,325.0,C,0.65,1.0,0.825,28.7605,0.132147,0.016242,-0.180241,0.097996,8,309.38,215,63,57.37
AAPL,2026-08-04,2026-08-12,327.5,C,0.42,0.71,0.565,28.7361,0.097246,0.013064,-0.144461,0.078756,8,309.38,1415,1173,57.37
AAPL,2026-08-04,2026-08-12,330.0,C,0.4,0.49,0.445,28.6628,0.069431,0.010163,-0.111635,0.061113,8,309.38,227,221,57.37
AAPL,2026-08-04,2026-08-12,332.5,C,0.14,0.36,0.25,29.1023,0.051317,0.007899,-0.089314,0.048227,8,309.38,33,82,57.37
AAPL,2026-08-04,2026-08-12,335.0,C,0.13,0.26,0.195,29.4929,0.037409,0.00604,-0.070054,0.037374,8,309.38,38,76,57.37
AAPL,2026-08-04,2026-08-12,337.5,C,0.1,0.2,0.15,30.1765,0.028283,0.004688,-0.056849,0.029676,8,309.38,30,44,57.37
AAPL,2026-08-04,2026-08-12,340.0,C,0.07,0.49,0.28,38.3551,0.052699,0.006121,-0.119703,0.049256,8,309.38,88,115,57.37
AAPL,2026-08-04,2026-08-12,342.5,C,0.02,0.44,0.23,39.7467,0.045993,0.005299,-0.111179,0.044183,8,309.38,2,52,57.37
AAPL,2026-08-04,2026-08-12,345.0,C,0.01,0.22,0.115,36.9147,0.025486,0.003513,-0.063555,0.027205,8,309.38,55,192,57.37
AAPL,2026-08-04,2026-08-12,347.5,C,0.0,0.05,0.025,31.446,0.007044,0.00136,-0.017858,0.008975,8,309.38,9,56,57.37
AAPL,2026-08-04,2026-08-12,350.0,C,0.0,0.05,0.025,33.0085,0.00651,0.001209,-0.017471,0.008371,8,309.38,15,57,57.37
AAPL,2026-08-04,2026-08-12,352.5,C,0.0,0.75,0.375,54.0044,0.056849,0.004616,-0.178258,0.052298,8,309.38,7,10,57.37
AAPL,2026-08-04,2026-08-12,355.0,C,0.0,0.75,0.375,56.226,0.054692,0.0043,-0.179929,0.050726,8,309.38,11,39,57.37
AAPL,2026-08-04,2026-08-12,357.5,C,0.0,0.76,0.38,51.1235,0.031344,0.003013,-0.104221,0.032317,8,309.38,7,4,57.37
AAPL,2026-08-04,2026-08-12,360.0,C,0.0,0.76,0.38,53.0766,0.030139,0.00281,-0.104706,0.031285,8,309.38,2,34,57.37
AAPL,2026-08-04,2026-08-12,362.5,C,0.0,0.76,0.38,55.0297,0.029101,0.002632,-0.105406,0.030388,8,309.38,1,7,57.37
AAPL,2026-08-04,2026-08-12,365.0,C,0.0,0.75,0.375,56.8364,0.027873,0.002459,-0.104996,0.029317,8,309.38,11,102,57.37
AAPL,2026-08-04,2026-08-12,367.5,C,0.0,0.75,0.375,58.7406,0.027007,0.002317,-0.105664,0.028556,8,309.38,1,8,57.37
AAPL,2026-08-04,2026-08-12,370.0,C,0.0,0.75,0.375,60.6449,0.026253,0.002192,-0.106509,0.027889,8,309.38,1,5,57.37
AAPL,2026-08-04,2026-08-12,372.5,C,0.0,0.95,0.475,65.0882,0.030734,0.002329,-0.13028,0.031795,8,309.38,4,5,57.37
AAPL,2026-08-04,2026-08-12,375.0,C,0.0,2.13,1.065,78.4426,0.055776,0.003131,-0.254259,0.051519,8,309.38,7,48,57.37
AAPL,2026-08-04,2026-08-12,377.5,C,0.0,2.13,1.065,80.4934,0.054415,0.002992,-0.255809,0.050523,8,309.38,4,4,57.37
AAPL,2026-08-04,2026-08-12,380.0,C,0.0,2.13,1.065,82.5441,0.053193,0.002866,-0.2576,0.049622,8,309.38,0,2,57.37
AAPL,2026-08-04,2026-08-12,410.0,C,0.0,0.05,0.025,63.2816,0.001589,0.000177,-0.009363,0.002355,8,309.38,1,373,57.37
AAPL,2026-08-04,2026-08-12,220.0,P,0.0,2.13,1.065,130.5668,-0.031113,0.001173,-0.261047,0.03212,8,309.38,3,3,57.37
AAPL,2026-08-04,2026-08-12,225.0,P,0.0,2.13,1.065,123.3402,-0.032895,0.0013,-0.258137,0.033631,8,309.38,1,1,57.37
AAPL,2026-08-04,2026-08-12,230.0,P,0.0,1.55,0.775,109.1313,-0.027368,0.001261,-0.19602,0.028874,8,309.38,40,40,57.37
AAPL,2026-08-04,2026-08-12,235.0,P,0.0,2.13,1.065,109.2534,-0.037047,0.001618,-0.251933,0.037078,8,309.38,3,2,57.37
AAPL,2026-08-04,2026-08-12,240.0,P,0.0,2.13,1.065,102.3442,-0.039452,0.001818,-0.248327,0.03903,8,309.38,2,0,57.37
AAPL,2026-08-04,2026-08-12,245.0,P,0.0,0.76,0.38,78.4182,-0.019005,0.001291,-0.103454,0.021236,8,309.38,2,1,57.37
AAPL,2026-08-04,2026-08-12,250.0,P,0.01,0.76,0.385,72.803,-0.02074,0.001497,-0.103383,0.022871,8,309.38,3,8,57.37
AAPL,2026-08-04,2026-08-12,255.0,P,0.0,0.21,0.105,54.8833,-0.007554,0.000829,-0.032499,0.009546,8,309.38,7,2,57.37
AAPL,2026-08-04,2026-08-12,260.0,P,0.0,0.43,0.215,55.6157,-0.01527,0.00151,-0.060728,0.017614,8,309.38,2,5,57.37
AAPL,2026-08-04,2026-08-12,265.0,P,0.01,0.48,0.245,51.4653,-0.018715,0.001941,-0.06681,0.02096,8,309.38,1,7,57.37
AAPL,2026-08-04,2026-08-12,270.0,P,0.01,0.25,0.13,46.3384,-0.021137,0.002391,-0.066621,0.02324,8,309.38,4,19,57.37
AAPL,2026-08-04,2026-08-12,275.0,P,0.07,0.27,0.17,41.6021,-0.025192,0.003087,-0.069237,0.026942,8,309.38,2,35,57.37
AAPL,2026-08-04,2026-08-12,280.0,P,0.01,0.19,0.1,34.0827,-0.021748,0.00333,-0.050012,0.023807,8,309.38,33,13,57.37
AAPL,2026-08-04,2026-08-12,285.0,P,0.18,0.65,0.415,37.5006,-0.064138,0.007306,-0.132634,0.057476,8,309.38,61,53,57.37
AAPL,2026-08-04,2026-08-12,290.0,P,0.02,0.74,0.38,32.447,-0.082613,0.010249,-0.138808,0.069765,8,309.38,99,94,57.37
AAPL,2026-08-04,2026-08-12,295.0,P,0.5,1.25,0.875,30.7624,-0.138787,0.015704,-0.190358,0.101344,8,309.38,63,151,57.37
AAPL,2026-08-04,2026-08-12,297.5,P,0.9,1.64,1.27,30.1154,-0.179083,0.018962,-0.21969,0.119801,8,309.38,39,143,57.37
AAPL,2026-08-04,2026-08-12,300.0,P,1.18,2.39,1.785,31.1164,-0.239128,0.021769,-0.268593,0.142106,8,309.38,73,151,57.37
AAPL,2026-08-04,2026-08-12,302.5,P,1.78,3.35,2.565,32.3127,-0.304634,0.023655,-0.313904,0.160351,8,309.38,81,69,57.37
AAPL,2026-08-04,2026-08-12,305.0,P,2.17,3.3,2.735,27.021,-0.345732,0.029793,-0.27399,0.168888,8,309.38,156,93,57.37
AAPL,2026-08-04,2026-08-12,307.5,P,3.4,4.55,3.975,28.1501,-0.425944,0.030407,-0.302042,0.179569,8,309.38,26,15,57.37
AAPL,2026-08-04,2026-08-12,310.0,P,4.25,5.8,5.025,28.2722,-0.50294,0.030807,-0.306423,0.182721,8,309.38,76,92,57.37
AAPL,2026-08-04,2026-08-12,312.5,P,5.45,8.2,6.825,33.4846,-0.564006,0.025677,-0.358857,0.180369,8,309.38,1,31,57.37
AAPL,2026-08-04,2026-08-12,315.0,P,7.15,9.9,8.525,34.3634,-0.622615,0.02414,-0.353117,0.174026,8,309.38,6,78,57.37
AAPL,2026-08-04,2026-08-12,317.5,P,8.95,11.75,10.35,35.401,-0.674553,0.022209,-0.342475,0.164943,8,309.38,8,28,57.37
AAPL,2026-08-04,2026-08-12,320.0,P,10.95,13.75,12.35,36.7072,-0.718653,0.020068,-0.330476,0.154541,8,309.38,7,19,57.37
AAPL,2026-08-04,2026-08-12,322.5,P,13.3,15.85,14.575,38.1354,-0.755823,0.017965,-0.317106,0.143727,8,309.38,42,21,57.37
AAPL,2026-08-04,2026-08-12,325.0,P,14.85,18.1,16.475,40.1373,-0.7839,0.015941,-0.310143,0.134228,8,309.38,21,36,57.37
AAPL,2026-08-04,2026-08-12,327.5,P,17.05,20.3,18.675,41.4557,-0.811487,0.014223,-0.29281,0.123693,8,309.38,2,43,57.37
AAPL,2026-08-04,2026-08-12,330.0,P,19.45,22.35,20.9,41.1993,-0.844695,0.012644,-0.252463,0.109284,8,309.38,1,41,57.37
AAPL,2026-08-04,2026-08-12,332.5,P,21.85,24.95,23.4,45.1177,-0.849274,0.011319,-0.272766,0.107137,8,309.38,4,19,57.37
AAPL,2026-08-04,2026-08-12,335.0,P,24.1,27.6,25.85,49.4024,-0.850843,0.010266,-0.298838,0.106392,8,309.38,63,16,57.37
AAPL,2026-08-04,2026-08-12,337.5,P,26.55,29.9,28.225,50.6108,-0.867077,0.009267,-0.280819,0.098392,8,309.38,0,296,57.37
AAPL,2026-08-04,2026-08-12,340.0,P,29.25,32.5,30.875,54.395,-0.868965,0.008538,-0.300483,0.097426,8,309.38,2,13,57.37
AAPL,2026-08-04,2026-08-12,342.5,P,31.45,35.2,33.325,59.0336,-0.866633,0.007963,-0.332928,0.098618,8,309.38,1,4,57.37
AAPL,2026-08-04,2026-08-12,345.0,P,33.95,37.35,35.65,58.4965,-0.886012,0.007199,-0.291227,0.088346,8,309.38,4,31,57.37
AAPL,2026-08-04,2026-08-12,347.5,P,36.25,39.8,38.025,60.6693,-0.892446,0.006658,-0.289112,0.084744,8,309.38,0,330,57.37
AAPL,2026-08-04,2026-08-12,410.0,P,98.85,102.25,100.55,114.8686,-0.941323,0.002225,-0.344786,0.053616,8,309.38,0,0,57.37
AAPL,2026-08-04,2026-08-14,140.0,C,167.65,171.5,169.575,191.4063,0.996144,0.000117,-0.070343,0.005871,10,309.38,0,1,57.37
AAPL,2026-08-04,2026-08-14,160.0,C,147.6,151.5,149.55,158.7893,0.995905,0.000149,-0.065382,0.006196,10,309.38,0,1,57.37
AAPL,2026-08-04,2026-08-14,185.0,C,122.5,126.5,124.5,121.2895,0.996171,0.000183,-0.054134,0.005833,10,309.38,1,1,57.37
AAPL,2026-08-04,2026-08-14,200.0,C,107.85,111.55,109.7,118.9457,0.989815,0.000445,-0.102552,0.013868,10,309.38,6,7,57.37
AAPL,2026-08-04,2026-08-14,210.0,C,97.55,101.55,99.55,98.0469,0.993337,0.000372,-0.06805,0.009553,10,309.38,2,4,57.37
AAPL,2026-08-04,2026-08-14,215.0,C,92.7,96.55,94.625,97.461,0.990435,0.000514,-0.085605,0.013128,10,309.38,6,8,57.37
AAPL,2026-08-04,2026-08-14,220.0,C,87.4,91.55,89.475,81.2502,0.995473,0.000318,-0.049841,0.006777,10,309.38,4,5,57.37
AAPL,2026-08-04,2026-08-14,230.0,C,77.65,81.55,79.6,80.0783,0.98958,0.000674,-0.079779,0.014147,10,309.38,1,3,57.37
AAPL,2026-08-04,2026-08-14,235.0,C,73.0,76.2,74.6,75.0003,0.988855,0.000763,-0.079872,0.015,10,309.38,1,2,57.37
AAPL,2026-08-04,2026-08-14,240.0,C,67.4,71.55,69.475,62.3051,0.994195,0.000518,-0.050653,0.008456,10,309.38,2,12,57.37
AAPL,2026-08-04,2026-08-14,245.0,C,62.9,66.6,64.75,70.6058,0.98047,0.001312,-0.110148,0.024299,10,309.38,2,52,57.37
AAPL,2026-08-04,2026-08-14,250.0,C,57.7,61.6,59.65,62.0609,0.983656,0.001283,-0.089761,0.020875,10,309.38,2,5,57.37
AAPL,2026-08-04,2026-08-14,255.0,C,52.7,56.6,54.65,57.0805,0.982313,0.001492,-0.08919,0.022332,10,309.38,1,15,57.37
AAPL,2026-08-04,2026-08-14,260.0,C,47.95,51.25,49.6,50.4888,0.98361,0.00158,-0.078831,0.020925,10,309.38,4,25,57.37
AAPL,2026-08-04,2026-08-14,265.0,C,42.95,45.9,44.425,68.2376,0.924559,0.004069,-0.272973,0.072814,10,309.38,34,96,57.37
AAPL,2026-08-04,2026-08-14,270.0,C,38.0,40.65,39.325,59.058,0.926763,0.004596,-0.235341,0.071183,10,309.38,36,117,57.37
AAPL,2026-08-04,2026-08-14,275.0,C,33.05,36.35,34.7,60.1078,0.893256,0.005978,-0.307733,0.094231,10,309.38,2,98,57.37
AAPL,2026-08-04,2026-08-14,280.0,C,28.8,31.2,30.0,52.1489,0.887047,0.007176,-0.280737,0.098134,10,309.38,4,316,57.37
AAPL,2026-08-04,2026-08-14,285.0,C,24.1,25.8,24.95,42.0782,0.890277,0.008711,-0.227727,0.096117,10,309.38,59,109,57.37
AAPL,2026-08-04,2026-08-14,290.0,C,19.45,21.1,20.275,38.0866,0.85856,0.011492,-0.243551,0.114773,10,309.38,32,107,57.37
AAPL,2026-08-04,2026-08-14,292.5,C,17.5,18.8,18.15,36.1701,0.837477,0.013271,-0.252201,0.125875,10,309.38,7,41,57.37
AAPL,2026-08-04,2026-08-14,295.0,C,15.1,16.55,15.825,34.3268,0.81167,0.015354,-0.261186,0.13821,10,309.38,80,400,57.37
AAPL,2026-08-04,2026-08-14,297.5,C,13.0,14.2,13.6,31.5803,0.786626,0.017988,-0.258642,0.148968,10,309.38,27,138,57.37
AAPL,2026-08-04,2026-08-14,300.0,C,11.15,12.25,11.7,30.8723,0.741523,0.020455,-0.277819,0.1656,10,309.38,1436,2560,57.37
AAPL,2026-08-04,2026-08-14,302.5,C,9.6,10.3,9.95,29.5905,0.69305,0.023181,-0.287003,0.179881,10,309.38,691,674,57.37
AAPL,2026-08-04,2026-08-14,305.0,C,7.8,8.65,8.225,29.2182,0.633124,0.025164,-0.300823,0.192812,10,309.38,3108,1869,57.37
AAPL,2026-08-04,2026-08-14,307.5,C,6.6,7.15,6.875,28.8581,0.568628,0.026595,-0.307664,0.201264,10,309.38,2693,1334,57.37
AAPL,2026-08-04,2026-08-14,310.0,C,5.3,5.7,5.5,27.9975,0.500807,0.027826,-0.30125,0.204294,10,309.38,9280,6599,57.37
AAPL,2026-08-04,2026-08-14,312.5,C,4.2,4.6,4.4,28.0159,0.432049,0.027403,-0.295217,0.201323,10,309.38,963,1552,57.37
AAPL,2026-08-04,2026-08-14,315.0,C,3.3,3.65,3.475,27.9792,0.365611,0.026249,-0.280628,0.19259,10,309.38,4176,2294,57.37
AAPL,2026-08-04,2026-08-14,317.5,C,2.67,2.83,2.75,27.8328,0.302527,0.024487,-0.25801,0.178724,10,309.38,897,781,57.37
AAPL,2026-08-04,2026-08-14,320.0,C,2.0,2.15,2.075,27.6741,0.244595,0.022163,-0.230082,0.160839,10,309.38,6771,4772,57.37
AAPL,2026-08-04,2026-08-14,322.5,C,1.53,1.71,1.62,28.2356,0.199492,0.019333,-0.208237,0.143146,10,309.38,781,638,57.37
AAPL,2026-08-04,2026-08-14,325.0,C,1.1,1.26,1.18,28.0647,0.155031,0.016583,-0.176037,0.122041,10,309.38,2608,7518,57.37
AAPL,2026-08-04,2026-08-14,327.5,C,0.83,0.98,0.905,28.5163,0.122898,0.01393,-0.152327,0.104172,10,309.38,342,382,57.37
AAPL,2026-08-04,2026-08-14,330.0,C,0.63,0.71,0.67,28.4675,0.092738,0.01139,-0.123894,0.085027,10,309.38,3379,3211,57.37
AAPL,2026-08-04,2026-08-14,332.5,C,0.48,0.55,0.515,28.9802,0.072537,0.009298,-0.104636,0.070663,10,309.38,323,414,57.37
AAPL,2026-08-04,2026-08-14,335.0,C,0.35,0.4,0.375,29.0779,0.053947,0.007357,-0.083237,0.056102,10,309.38,2066,3350,57.37
AAPL,2026-08-04,2026-08-14,337.5,C,0.2,0.33,0.265,29.9812,0.043852,0.006047,-0.072622,0.047539,10,309.38,91,336,57.37
AAPL,2026-08-04,2026-08-14,340.0,C,0.18,0.21,0.195,29.4441,0.029304,0.004426,-0.051217,0.034172,10,309.38,2420,6436,57.37
AAPL,2026-08-04,2026-08-14,342.5,C,0.12,0.19,0.155,30.7624,0.02548,0.00377,-0.047565,0.03041,10,309.38,169,430,57.37
AAPL,2026-08-04,2026-08-14,345.0,C,0.09,0.13,0.11,30.6648,0.017799,0.002792,-0.034979,0.022454,10,309.38,1484,2745,57.37
AAPL,2026-08-04,2026-08-14,347.5,C,0.06,0.1,0.08,31.153,0.01363,0.002186,-0.02824,0.017858,10,309.38,34,163,57.37
AAPL,2026-08-04,2026-08-14,350.0,C,0.05,0.08,0.065,31.739,0.010654,0.001733,-0.023219,0.014423,10,309.38,420,3091,57.37
AAPL,2026-08-04,2026-08-14,352.5,C,0.02,0.28,0.15,40.3326,0.028337,0.003142,-0.06789,0.033232,10,309.38,34,94,57.37
AAPL,2026-08-04,2026-08-14,355.0,C,0.02,0.07,0.045,34.278,0.008706,0.001345,-0.02099,0.01209,10,309.38,61,6073,57.37
AAPL,2026-08-04,2026-08-14,357.5,C,0.01,0.05,0.03,34.3757,0.00631,0.00101,-0.015844,0.009104,10,309.38,3,118,57.37
AAPL,2026-08-04,2026-08-14,360.0,C,0.0,0.03,0.015,33.7897,0.003871,0.000665,-0.010073,0.005891,10,309.38,303,1802,57.37
AAPL,2026-08-04,2026-08-14,362.5,C,0.0,0.23,0.115,45.8013,0.020738,0.002129,-0.05919,0.025568,10,309.38,10,124,57.37
AAPL,2026-08-04,2026-08-14,365.0,C,0.01,0.04,0.025,37.6959,0.004632,0.0007,-0.013182,0.006917,10,309.38,40,687,57.37
AAPL,2026-08-04,2026-08-14,367.5,C,0.0,0.24,0.12,49.4146,0.020115,0.001923,-0.062175,0.024915,10,309.38,12,40,57.37
AAPL,2026-08-04,2026-08-14,370.0,C,0.01,0.02,0.015,37.5006,0.00229,0.000373,-0.006954,0.003671,10,309.38,753,1243,57.37
AAPL,2026-08-04,2026-08-14,372.5,C,0.0,0.04,0.02,41.6021,0.00406,0.000564,-0.012916,0.006149,10,309.38,3,11,57.37
AAPL,2026-08-04,2026-08-14,375.0,C,0.0,0.27,0.135,55.1762,0.020214,0.001729,-0.069642,0.025019,10,309.38,52,434,57.37
AAPL,2026-08-04,2026-08-14,377.5,C,0.0,0.27,0.135,51.3677,0.011128,0.001112,-0.038816,0.01498,10,309.38,6,9,57.37
AAPL,2026-08-04,2026-08-14,380.0,C,0.0,0.1,0.05,50.7817,0.008382,0.000878,-0.02995,0.011694,10,309.38,26,803,57.37
AAPL,2026-08-04,2026-08-14,382.5,C,0.0,0.39,0.195,57.0317,0.014283,0.001243,-0.053455,0.018593,10,309.38,1,2,57.37
AAPL,2026-08-04,2026-08-14,385.0,C,0.0,0.01,0.005,42.1881,0.001028,0.00016,-0.003763,0.001769,10,309.38,143,294,57.37
AAPL,2026-08-04,2026-08-14,390.0,C,0.0,0.01,0.005,44.5318,0.000997,0.000147,-0.003861,0.00172,10,309.38,137,688,57.37
AAPL,2026-08-04,2026-08-14,395.0,C,0.0,0.06,0.03,51.563,0.002493,0.000293,-0.010297,0.003964,10,309.38,1,142,57.37
AAPL,2026-08-04,2026-08-14,400.0,C,0.0,0.1,0.05,56.8364,0.003761,0.000385,-0.01643,0.005741,10,309.38,37,539,57.37
AAPL,2026-08-04,2026-08-14,405.0,C,0.0,0.06,0.03,56.2504,0.002291,0.000249,-0.010399,0.003672,10,309.38,0,1,57.37
AAPL,2026-08-04,2026-08-14,410.0,C,0.0,0.98,0.49,82.9592,0.024159,0.001337,-0.121356,0.029082,10,309.38,1,4,57.37
AAPL,2026-08-04,2026-08-14,415.0,C,0.0,0.04,0.02,58.5942,0.001492,0.000162,-0.007332,0.002487,10,309.38,0,6,57.37
AAPL,2026-08-04,2026-08-14,110.0,P,0.0,0.01,0.005,175.0001,-0.0001,4e-06,-0.001775,0.000203,10,309.38,1,112,57.37
AAPL,2026-08-04,2026-08-14,120.0,P,0.0,0.01,0.005,162.5002,-0.000126,6e-06,-0.002048,0.000253,10,309.38,2,13,57.37
AAPL,2026-08-04,2026-08-14,125.0,P,0.0,0.01,0.005,156.2502,-0.000138,7e-06,-0.002134,0.000274,10,309.38,1,60,57.37
AAPL,2026-08-04,2026-08-14,135.0,P,0.0,0.04,0.02,157.8127,-0.000468,2.1e-05,-0.006734,0.000855,10,309.38,8,11,57.37
AAPL,2026-08-04,2026-08-14,145.0,P,0.0,0.6,0.3,194.1407,-0.005831,0.000167,-0.082204,0.00849,10,309.38,1,16,57.37
AAPL,2026-08-04,2026-08-14,175.0,P,0.0,1.02,0.51,161.8166,-0.011754,0.00037,-0.126699,0.01571,10,309.38,2,11,57.37
AAPL,2026-08-04,2026-08-14,180.0,P,0.0,1.02,0.51,154.6877,-0.012309,0.000403,-0.126035,0.016351,10,309.38,1,4,57.37
AAPL,2026-08-04,2026-08-14,185.0,P,0.0,0.78,0.39,141.7972,-0.010372,0.000379,-0.099541,0.01409,10,309.38,10,3,57.37
AAPL,2026-08-04,2026-08-14,190.0,P,0.0,0.53,0.265,127.93,-0.007908,0.000331,-0.070801,0.011111,10,309.38,1,322,57.37
AAPL,2026-08-04,2026-08-14,195.0,P,0.0,0.51,0.255,121.0941,-0.008017,0.000354,-0.067818,0.011246,10,309.38,1,4,57.37
AAPL,2026-08-04,2026-08-14,200.0,P,0.01,0.03,0.02,86.7189,-0.00091,7e-05,-0.006825,0.001581,10,309.38,418,65,57.37
AAPL,2026-08-04,2026-08-14,205.0,P,0.0,0.06,0.03,85.1564,-0.001361,0.000102,-0.009688,0.002286,10,309.38,1,54,57.37
AAPL,2026-08-04,2026-08-14,210.0,P,0.01,0.07,0.04,82.8127,-0.00185,0.000139,-0.012463,0.003025,10,309.38,11,14,57.37
AAPL,2026-08-04,2026-08-14,215.0,P,0.0,0.07,0.035,77.344,-0.00178,0.000144,-0.011235,0.00292,10,309.38,1,4,57.37
AAPL,2026-08-04,2026-08-14,220.0,P,0.01,0.09,0.05,75.3909,-0.002533,0.000203,-0.015079,0.004022,10,309.38,17,156,57.37
AAPL,2026-08-04,2026-08-14,225.0,P,0.0,0.05,0.025,66.016,-0.001448,0.00014,-0.007941,0.00242,10,309.38,3,26,57.37
AAPL,2026-08-04,2026-08-14,230.0,P,0.01,0.06,0.035,64.0629,-0.002127,0.000204,-0.010926,0.003433,10,309.38,1,236,57.37
AAPL,2026-08-04,2026-08-14,235.0,P,0.0,0.24,0.12,69.0433,-0.006712,0.000531,-0.032976,0.009616,10,309.38,5,36,57.37
AAPL,2026-08-04,2026-08-14,240.0,P,0.0,0.16,0.08,61.1332,-0.005082,0.000469,-0.022799,0.007513,10,309.38,18,526,57.37
AAPL,2026-08-04,2026-08-14,245.0,P,0.03,0.04,0.035,51.563,-0.002649,0.00031,-0.010711,0.004188,10,309.38,51,567,57.37
AAPL,2026-08-04,2026-08-14,250.0,P,0.03,0.15,0.09,53.1255,-0.006586,0.000679,-0.024902,0.009455,10,309.38,13,414,57.37
AAPL,2026-08-04,2026-08-14,255.0,P,0.03,0.29,0.16,52.7348,-0.011605,0.001124,-0.040588,0.015537,10,309.38,12,213,57.37
AAPL,2026-08-04,2026-08-14,260.0,P,0.03,0.12,0.075,46.0943,-0.009885,0.001118,-0.030819,0.013511,10,309.38,36,268,57.37
AAPL,2026-08-04,2026-08-14,265.0,P,0.06,0.18,0.12,44.2877,-0.015276,0.001696,-0.043126,0.019699,10,309.38,44,185,57.37
AAPL,2026-08-04,2026-08-14,270.0,P,0.1,0.13,0.115,37.6959,-0.012886,0.001721,-0.031649,0.017013,10,309.38,495,736,57.37
AAPL,2026-08-04,2026-08-14,275.0,P,0.16,0.18,0.17,35.1081,-0.01905,0.002584,-0.041147,0.023791,10,309.38,225,641,57.37
AAPL,2026-08-04,2026-08-14,280.0,P,0.24,0.28,0.26,33.0573,-0.030768,0.004105,-0.057818,0.035581,10,309.38,910,1552,57.37
AAPL,2026-08-04,2026-08-14,285.0,P,0.37,0.43,0.4,30.8112,-0.048962,0.006428,-0.078432,0.051938,10,309.38,567,1762,57.37
AAPL,2026-08-04,2026-08-14,290.0,P,0.65,0.92,0.785,31.2019,-0.097114,0.010751,-0.134087,0.087965,10,309.38,792,1428,57.37
AAPL,2026-08-04,2026-08-14,292.5,P,0.88,0.97,0.925,28.6384,-0.109563,0.012785,-0.133943,0.096016,10,309.38,144,243,57.37
AAPL,2026-08-04,2026-08-14,295.0,P,1.15,1.3,1.225,28.2112,-0.143552,0.01567,-0.158876,0.11593,10,309.38,885,2565,57.37
AAPL,2026-08-04,2026-08-14,297.5,P,1.54,1.71,1.625,27.6985,-0.184253,0.018772,-0.182858,0.136348,10,309.38,572,342,57.37
AAPL,2026-08-04,2026-08-14,300.0,P,2.08,2.42,2.25,28.321,-0.241335,0.0215,-0.218264,0.159676,10,309.38,3226,2852,57.37
AAPL,2026-08-04,2026-08-14,302.5,P,2.77,2.98,2.875,27.2834,-0.293497,0.024637,-0.230916,0.176272,10,309.38,314,561,57.37
AAPL,2026-08-04,2026-08-14,305.0,P,3.55,3.9,3.725,27.4055,-0.359597,0.026647,-0.250689,0.191508,10,309.38,1740,1818,57.37
AAPL,2026-08-04,2026-08-14,307.5,P,4.55,4.95,4.75,27.3567,-0.428648,0.028021,-0.260943,0.201018,10,309.38,530,1865,57.37
AAPL,2026-08-04,2026-08-14,310.0,P,5.75,6.85,6.3,30.4755,-0.497689,0.025563,-0.294906,0.204291,10,309.38,570,1898,57.37
AAPL,2026-08-04,2026-08-14,312.5,P,7.0,7.8,7.4,28.3943,-0.566809,0.027051,-0.267293,0.201423,10,309.38,103,152,57.37
AAPL,2026-08-04,2026-08-14,315.0,P,8.55,9.55,9.05,29.3708,-0.627401,0.02516,-0.263821,0.193786,10,309.38,86,1254,57.37
AAPL,2026-08-04,2026-08-14,317.5,P,9.85,11.5,10.675,30.7258,-0.678636,0.022768,-0.259259,0.183454,10,309.38,95,235,57.37
AAPL,2026-08-04,2026-08-14,320.0,P,12.05,13.05,12.55,29.2976,-0.742367,0.021518,-0.217418,0.16532,10,309.38,28,1311,57.37
AAPL,2026-08-04,2026-08-14,322.5,P,13.65,15.55,14.6,32.7277,-0.764466,0.018359,-0.232127,0.157563,10,309.38,2,163,57.37
AAPL,2026-08-04,2026-08-14,325.0,P,15.7,17.7,16.7,33.7775,-0.798071,0.016279,-0.216536,0.144193,10,309.38,36,1038,57.37
AAPL,2026-08-04,2026-08-14,327.5,P,17.9,19.95,18.925,35.1203,-0.824455,0.014361,-0.204206,0.132265,10,309.38,21,111,57.37
AAPL,2026-08-04,2026-08-14,330.0,P,20.2,22.25,21.225,36.5241,-0.84617,0.012677,-0.192753,0.121415,10,309.38,130,1284,57.37
AAPL,2026-08-04,2026-08-14,332.5,P,22.65,24.6,23.625,38.0621,-0.86351,0.011223,-0.18343,0.112023,10,309.38,486,222,57.37
AAPL,2026-08-04,2026-08-14,335.0,P,24.9,26.95,25.925,39.4049,-0.879307,0.009954,-0.172147,0.102855,10,309.38,13,400,57.37
AAPL,2026-08-04,2026-08-14,337.5,P,26.9,30.0,28.45,46.5948,-0.859076,0.00937,-0.236562,0.11449,10,309.38,3,443,57.37
AAPL,2026-08-04,2026-08-14,340.0,P,29.75,32.45,31.1,48.7798,-0.867754,0.008569,-0.236668,0.109619,10,309.38,16,393,57.37
AAPL,2026-08-04,2026-08-14,342.5,P,32.25,34.9,33.575,50.8916,-0.875562,0.007874,-0.236206,0.105084,10,309.38,1,86,57.37
AAPL,2026-08-04,2026-08-14,345.0,P,34.65,37.4,36.025,53.3696,-0.880575,0.007295,-0.240829,0.102092,10,309.38,25,63,57.37
AAPL,2026-08-04,2026-08-14,347.5,P,37.15,39.85,38.5,55.3349,-0.88718,0.006757,-0.239222,0.098051,10,309.38,0,45,57.37
AAPL,2026-08-04,2026-08-14,350.0,P,39.4,42.35,40.875,57.6909,-0.891294,0.006311,-0.242959,0.095476,10,309.38,57,90,57.37
AAPL,2026-08-04,2026-08-14,352.5,P,42.15,44.8,43.475,59.5463,-0.89692,0.005884,-0.240678,0.091879,10,309.38,2,3,57.37
AAPL,2026-08-04,2026-08-14,355.0,P,44.65,47.3,45.975,61.8168,-0.900279,0.005533,-0.243976,0.089688,10,309.38,243,242,57.37
AAPL,2026-08-04,2026-08-14,357.5,P,46.6,49.8,48.2,64.0384,-0.903408,0.005217,-0.246955,0.087617,10,309.38,0,0,57.37
AAPL,2026-08-04,2026-08-14,360.0,P,49.6,52.3,50.95,66.2479,-0.906211,0.004935,-0.250066,0.085738,10,309.38,3,0,57.37
AAPL,2026-08-04,2026-08-14,365.0,P,54.6,57.3,55.95,50.3423,-0.973206,0.002402,-0.043393,0.031716,10,309.38,0,0,57.37
AAPL,2026-08-04,2026-08-14,370.0,P,58.95,62.25,60.6,74.1702,-0.917399,0.00401,-0.253928,0.07799,10,309.38,0,0,57.37
AAPL,2026-08-04,2026-08-14,380.0,P,69.6,72.45,71.025,62.2562,-0.973429,0.001929,-0.060053,0.031495,10,309.38,0,0,57.37
AAPL,2026-08-04,2026-08-21,110.0,C,197.8,201.1,199.45,171.4845,0.998577,4.1e-05,-0.026831,0.003105,17,309.38,345,368,57.37
AAPL,2026-08-04,2026-08-21,115.0,C,192.8,196.1,194.45,164.4533,0.998515,4.4e-05,-0.027298,0.003229,17,309.38,2,116,57.37
AAPL,2026-08-04,2026-08-21,120.0,C,187.7,191.45,189.575,176.7579,0.996297,9.4e-05,-0.050484,0.007382,17,309.38,4,5,57.37
AAPL,2026-08-04,2026-08-21,125.0,C,182.7,186.5,184.6,172.0705,0.995741,0.000109,-0.054947,0.008368,17,309.38,4,86,57.37
AAPL,2026-08-04,2026-08-21,130.0,C,177.7,181.5,179.6,165.0392,0.995568,0.000118,-0.055189,0.00867,17,309.38,2,66,57.37
AAPL,2026-08-04,2026-08-21,135.0,C,172.7,176.5,174.6,158.3986,0.995365,0.000128,-0.055646,0.009023,17,309.38,1,18,57.37
AAPL,2026-08-04,2026-08-21,140.0,C,167.7,171.45,169.575,149.6096,0.995637,0.000128,-0.051745,0.008549,17,309.38,32,238,57.37
AAPL,2026-08-04,2026-08-21,145.0,C,162.7,166.5,164.6,145.7034,0.994956,0.00015,-0.056312,0.00973,17,309.38,32,39,57.37
AAPL,2026-08-04,2026-08-21,150.0,C,157.85,160.45,159.15,176.9532,0.981743,0.000379,-0.170331,0.029916,17,309.38,3,333,57.37
AAPL,2026-08-04,2026-08-21,155.0,C,152.85,156.15,154.5,124.4144,0.996684,0.000121,-0.040159,0.006685,17,309.38,2,187,57.37
AAPL,2026-08-04,2026-08-21,160.0,C,147.85,150.45,149.15,162.842,0.980155,0.000442,-0.169419,0.032115,17,309.38,75,583,57.37
AAPL,2026-08-04,2026-08-21,165.0,C,142.75,146.5,144.625,124.4144,0.993467,0.000221,-0.061402,0.012242,17,309.38,4,48,57.37
AAPL,2026-08-04,2026-08-21,170.0,C,137.85,140.5,139.175,150.8303,0.977656,0.000528,-0.174051,0.035506,17,309.38,5,113,57.37
AAPL,2026-08-04,2026-08-21,175.0,C,132.8,135.6,134.2,146.7532,0.975171,0.000593,-0.184428,0.038799,17,309.38,3,93,57.37
AAPL,2026-08-04,2026-08-21,180.0,C,127.8,131.55,129.675,111.5239,0.991294,0.000317,-0.069771,0.015764,17,309.38,3,62,57.37
AAPL,2026-08-04,2026-08-21,185.0,C,122.9,126.3,124.6,102.2466,0.992828,0.000292,-0.058603,0.013293,17,309.38,1,104,57.37
AAPL,2026-08-04,2026-08-21,190.0,C,117.8,121.6,119.7,102.6372,0.98982,0.000395,-0.073595,0.018074,17,309.38,7,76,57.37
AAPL,2026-08-04,2026-08-21,195.0,C,112.95,115.6,114.275,122.4125,0.970341,0.000825,-0.18087,0.045001,17,309.38,3,314,57.37
AAPL,2026-08-04,2026-08-21,200.0,C,108.0,111.25,109.625,89.4532,0.990992,0.000407,-0.062829,0.016241,17,309.38,1,311,57.37
AAPL,2026-08-04,2026-08-21,205.0,C,102.95,105.6,104.275,111.0844,0.967397,0.000983,-0.178779,0.048667,17,309.38,1,185,57.37
AAPL,2026-08-04,2026-08-21,210.0,C,98.0,101.3,99.65,81.6408,0.989192,0.000523,-0.066783,0.019042,17,309.38,2,510,57.37
AAPL,2026-08-04,2026-08-21,215.0,C,92.95,96.7,94.825,83.3986,0.983067,0.000755,-0.090177,0.028055,17,309.38,5,329,57.37
AAPL,2026-08-04,2026-08-21,220.0,C,88.05,91.25,89.65,72.9495,0.987945,0.000644,-0.066963,0.020937,17,309.38,7,301,57.37
AAPL,2026-08-04,2026-08-21,225.0,C,83.2,85.65,84.425,54.688,0.997215,0.000234,-0.03205,0.005712,17,309.38,6,605,57.37
AAPL,2026-08-04,2026-08-21,230.0,C,78.15,80.65,79.4,85.2785,0.956594,0.001617,-0.17617,0.061475,17,309.38,380,966,57.37
AAPL,2026-08-04,2026-08-21,235.0,C,73.1,76.35,74.725,62.7933,0.98256,0.001028,-0.07653,0.028771,17,309.38,6,382,57.37
AAPL,2026-08-04,2026-08-21,240.0,C,68.25,70.7,69.475,75.8547,0.949873,0.00204,-0.176727,0.069002,17,309.38,5,1211,57.37
AAPL,2026-08-04,2026-08-21,245.0,C,63.45,65.75,64.6,50.7817,0.98608,0.001047,-0.059949,0.02371,17,309.38,1,1061,57.37
AAPL,2026-08-04,2026-08-21,250.0,C,59.0,60.75,59.875,53.8091,0.971815,0.001798,-0.092837,0.043135,17,309.38,446,2287,57.37
AAPL,2026-08-04,2026-08-21,255.0,C,53.25,55.8,54.525,62.1586,0.935875,0.003023,-0.177013,0.083772,17,309.38,2,1116,57.37
AAPL,2026-08-04,2026-08-21,260.0,C,48.3,50.85,49.575,57.7641,0.929374,0.003505,-0.177516,0.090265,17,309.38,73,4108,57.37
AAPL,2026-08-04,2026-08-21,265.0,C,43.55,45.9,44.725,53.3452,0.921849,0.004101,-0.177434,0.09752,17,309.38,17,2496,57.37
AAPL,2026-08-04,2026-08-21,270.0,C,39.0,40.95,39.975,48.8531,0.91317,0.004847,-0.176343,0.105566,17,309.38,51,4660,57.37
AAPL,2026-08-04,2026-08-21,275.0,C,34.05,36.1,35.075,45.0933,0.899194,0.005863,-0.181035,0.117865,17,309.38,231,6689,57.37
AAPL,2026-08-04,2026-08-21,280.0,C,29.55,31.25,30.4,41.1139,0.882681,0.007172,-0.183639,0.131448,17,309.38,113,4393,57.37
AAPL,2026-08-04,2026-08-21,285.0,C,24.55,26.25,25.4,35.9381,0.868532,0.008885,-0.17521,0.142345,17,309.38,61,4944,57.37
AAPL,2026-08-04,2026-08-21,290.0,C,20.0,22.15,21.075,35.6696,0.816312,0.011158,-0.209673,0.177436,17,309.38,136,7138,57.37
AAPL,2026-08-04,2026-08-21,295.0,C,16.55,17.45,17.0,31.2629,0.777838,0.014265,-0.20559,0.198806,17,309.38,290,6688,57.37
AAPL,2026-08-04,2026-08-21,300.0,C,12.8,13.55,13.175,29.6394,0.70556,0.01742,-0.221558,0.230172,17,309.38,2132,14104,57.37
AAPL,2026-08-04,2026-08-21,305.0,C,9.6,10.15,9.875,28.5285,0.614317,0.020078,-0.232637,0.255355,17,309.38,3149,6616,57.37
AAPL,2026-08-04,2026-08-21,307.5,C,7.95,8.7,8.325,28.2661,0.563125,0.020873,-0.235576,0.263025,17,309.38,2607,1289,57.37
AAPL,2026-08-04,2026-08-21,310.0,C,6.95,7.3,7.125,27.7229,0.510168,0.021546,-0.232499,0.26628,17,309.38,8540,26868,57.37
AAPL,2026-08-04,2026-08-21,312.5,C,5.8,6.1,5.95,27.436,0.455998,0.021645,-0.227425,0.264745,17,309.38,1006,1603,57.37
AAPL,2026-08-04,2026-08-21,315.0,C,4.85,5.05,4.95,27.2224,0.402269,0.021287,-0.219039,0.258334,17,309.38,3085,9755,57.37
AAPL,2026-08-04,2026-08-21,317.5,C,3.95,4.2,4.075,27.2956,0.351656,0.020359,-0.209573,0.247733,17,309.38,677,1636,57.37
AAPL,2026-08-04,2026-08-21,320.0,C,3.25,3.35,3.3,26.8806,0.300544,0.019388,-0.192851,0.232339,17,309.38,6980,22687,57.37
AAPL,2026-08-04,2026-08-21,322.5,C,2.53,2.8,2.665,27.2712,0.258901,0.017775,-0.181236,0.2161,17,309.38,287,1954,57.37
AAPL,2026-08-04,2026-08-21,325.0,C,2.09,2.25,2.17,27.2468,0.218081,0.016194,-0.164303,0.196703,17,309.38,3364,18144,57.37
AAPL,2026-08-04,2026-08-21,327.5,C,1.68,1.8,1.74,27.2834,0.182016,0.014505,-0.14715,0.176427,17,309.38,2159,1552,57.37
AAPL,2026-08-04,2026-08-21,330.0,C,1.32,1.44,1.38,27.3933,0.150927,0.0128,-0.130571,0.156317,17,309.38,8789,25916,57.37
AAPL,2026-08-04,2026-08-21,332.5,C,1.04,1.15,1.095,27.5398,0.124324,0.011153,-0.114726,0.136925,17,309.38,186,3289,57.37
AAPL,2026-08-04,2026-08-21,335.0,C,0.82,0.91,0.865,27.6619,0.101374,0.009597,-0.099403,0.118349,17,309.38,2585,11391,57.37
AAPL,2026-08-04,2026-08-21,337.5,C,0.65,0.72,0.685,27.8328,0.082363,0.008178,-0.085596,0.101466,17,309.38,326,798,57.37
AAPL,2026-08-04,2026-08-21,340.0,C,0.53,0.56,0.545,27.9182,0.065853,0.006871,-0.07225,0.085519,17,309.38,5339,40077,57.37
AAPL,2026-08-04,2026-08-21,342.5,C,0.39,0.44,0.415,28.1013,0.052832,0.005743,-0.061093,0.071947,17,309.38,597,1661,57.37
AAPL,2026-08-04,2026-08-21,345.0,C,0.3,0.35,0.325,28.3699,0.042636,0.004791,-0.051873,0.060592,17,309.38,625,24813,57.37
AAPL,2026-08-04,2026-08-21,347.5,C,0.23,0.3,0.265,29.029,0.036275,0.004105,-0.046479,0.053128,17,309.38,12,786,57.37
AAPL,2026-08-04,2026-08-21,350.0,C,0.17,0.24,0.205,29.2976,0.029246,0.003406,-0.039232,0.044481,17,309.38,5670,21168,57.37
AAPL,2026-08-04,2026-08-21,352.5,C,0.13,0.2,0.165,29.7859,0.024382,0.002878,-0.034228,0.038212,17,309.38,95,777,57.37
AAPL,2026-08-04,2026-08-21,355.0,C,0.11,0.15,0.13,29.7859,0.018736,0.002303,-0.027371,0.030583,17,309.38,140,5937,57.37
AAPL,2026-08-04,2026-08-21,357.5,C,0.08,0.14,0.11,30.7624,0.01708,0.002061,-0.026099,0.028263,17,309.38,6,1709,57.37
AAPL,2026-08-04,2026-08-21,360.0,C,0.06,0.1,0.08,30.5671,0.012618,0.001598,-0.019973,0.021782,17,309.38,493,12968,57.37
AAPL,2026-08-04,2026-08-21,365.0,C,0.06,0.1,0.08,32.9108,0.011673,0.001388,-0.020068,0.02036,17,309.38,68,4798,57.37
AAPL,2026-08-04,2026-08-21,370.0,C,0.04,0.06,0.05,33.0085,0.007107,0.000896,-0.013022,0.013187,17,309.38,929,7532,57.37
AAPL,2026-08-04,2026-08-21,375.0,C,0.03,0.04,0.035,33.5944,0.004758,0.000617,-0.009274,0.009237,17,309.38,81,3761,57.37
AAPL,2026-08-04,2026-08-21,380.0,C,0.02,0.05,0.035,36.5241,0.005434,0.000639,-0.011336,0.010397,17,309.38,74,5852,57.37
AAPL,2026-08-04,2026-08-21,385.0,C,0.0,0.02,0.01,35.1569,0.002392,0.000318,-0.005222,0.004979,17,309.38,13,366,57.37
AAPL,2026-08-04,2026-08-21,390.0,C,0.0,0.05,0.025,40.6256,0.004974,0.000531,-0.011635,0.00961,17,309.38,50,2665,57.37
AAPL,2026-08-04,2026-08-21,395.0,C,0.0,0.05,0.025,42.5787,0.004744,0.000485,-0.011684,0.009214,17,309.38,307,544,57.37
AAPL,2026-08-04,2026-08-21,400.0,C,0.01,0.04,0.025,43.3599,0.003682,0.00038,-0.009479,0.007344,17,309.38,258,5968,57.37
AAPL,2026-08-04,2026-08-21,405.0,C,0.0,0.32,0.16,53.1255,0.011407,0.000843,-0.031531,0.019957,17,309.38,95,95,57.37
AAPL,2026-08-04,2026-08-21,410.0,C,0.0,0.01,0.005,41.4068,0.001011,0.000123,-0.002797,0.002271,17,309.38,11,921,57.37
AAPL,2026-08-04,2026-08-21,415.0,C,0.0,1.36,0.68,70.8987,0.033499,0.001575,-0.104773,0.049766,17,309.38,43,44,57.37
AAPL,2026-08-04,2026-08-21,420.0,C,0.0,0.08,0.04,50.5864,0.003171,0.000285,-0.009652,0.006422,17,309.38,11,879,57.37
AAPL,2026-08-04,2026-08-21,430.0,C,0.0,2.13,1.065,84.1066,0.04332,0.001637,-0.1531,0.061375,17,309.38,11,193,57.37
AAPL,2026-08-04,2026-08-21,440.0,C,0.0,0.1,0.05,58.5942,0.003382,0.00026,-0.011829,0.006804,17,309.38,2,921,57.37
AAPL,2026-08-04,2026-08-21,450.0,C,0.0,0.03,0.015,55.4692,0.001123,0.000101,-0.004115,0.002501,17,309.38,1,1606,57.37
AAPL,2026-08-04,2026-08-21,460.0,C,0.0,0.03,0.015,58.5942,0.001107,9.5e-05,-0.004288,0.002469,17,309.38,7,90,57.37
AAPL,2026-08-04,2026-08-21,470.0,C,0.0,0.03,0.015,60.9379,0.000965,8e-05,-0.00393,0.002177,17,309.38,1,314,57.37
AAPL,2026-08-04,2026-08-21,480.0,C,0.0,0.03,0.015,64.0629,0.000984,7.8e-05,-0.004202,0.002214,17,309.38,1,324,57.37
AAPL,2026-08-04,2026-08-21,490.0,C,0.0,0.33,0.165,84.1798,0.007534,0.00037,-0.034596,0.013882,17,309.38,1,4,57.37
AAPL,2026-08-04,2026-08-21,500.0,C,0.0,0.04,0.02,71.094,0.00118,8.3e-05,-0.005508,0.002617,17,309.38,1,95,57.37
AAPL,2026-08-04,2026-08-21,510.0,C,0.0,0.03,0.015,71.8753,0.000863,6.1e-05,-0.004179,0.001964,17,309.38,6,9,57.37
AAPL,2026-08-04,2026-08-21,520.0,C,0.0,0.03,0.015,74.219,0.000814,5.6e-05,-0.004086,0.00186,17,309.38,4,5,57.37
AAPL,2026-08-04,2026-08-21,530.0,C,0.0,0.02,0.01,74.219,0.000538,3.8e-05,-0.002789,0.00127,17,309.38,6,7,57.37
AAPL,2026-08-04,2026-08-21,540.0,C,0.0,0.02,0.01,76.5627,0.000523,3.6e-05,-0.002801,0.001237,17,309.38,2,52,57.37
AAPL,2026-08-04,2026-08-21,550.0,C,0.0,0.02,0.01,78.9065,0.000513,3.5e-05,-0.002836,0.001215,17,309.38,1,19,57.37
AAPL,2026-08-04,2026-08-21,570.0,C,0.0,0.01,0.005,79.6877,0.000273,1.9e-05,-0.001594,0.000676,17,309.38,6,7,57.37
AAPL,2026-08-04,2026-08-21,580.0,C,0.0,2.13,1.065,140.3812,0.027608,0.000677,-0.175837,0.042398,17,309.38,2,28,57.37
AAPL,2026-08-04,2026-08-21,590.0,C,0.0,0.01,0.005,84.3752,0.000286,1.9e-05,-0.001761,0.000706,17,309.38,1,2,57.37
AAPL,2026-08-04,2026-08-21,600.0,C,0.0,0.03,0.015,92.1876,0.000639,3.6e-05,-0.004054,0.001488,17,309.38,15,1980,57.37
AAPL,2026-08-04,2026-08-21,110.0,P,0.0,0.08,0.04,162.5002,-0.000877,2.8e-05,-0.009495,0.001993,17,309.38,101,955,57.37
AAPL,2026-08-04,2026-08-21,115.0,P,0.0,0.01,0.005,131.2503,-0.000135,6e-06,-0.001352,0.000351,17,309.38,10,64,57.37
AAPL,2026-08-04,2026-08-21,120.0,P,0.0,0.01,0.005,125.0004,-0.00013,6e-06,-0.001239,0.000338,17,309.38,2,1169,57.37
AAPL,2026-08-04,2026-08-21,125.0,P,0.0,0.06,0.03,139.8441,-0.00079,2.9e-05,-0.00742,0.001811,17,309.38,5,238,57.37
AAPL,2026-08-04,2026-08-21,130.0,P,0.0,0.6,0.3,171.8751,-0.005742,0.000142,-0.054988,0.010918,17,309.38,2,143,57.37
AAPL,2026-08-04,2026-08-21,135.0,P,0.0,0.03,0.015,120.3129,-0.000434,1.9e-05,-0.003665,0.00104,17,309.38,20,136,57.37
AAPL,2026-08-04,2026-08-21,140.0,P,0.0,0.1,0.05,128.9066,-0.00137,5.2e-05,-0.011322,0.002999,17,309.38,1,268,57.37
AAPL,2026-08-04,2026-08-21,145.0,P,0.0,0.08,0.04,121.0941,-0.001194,4.9e-05,-0.00938,0.002645,17,309.38,117,514,57.37
AAPL,2026-08-04,2026-08-21,150.0,P,0.0,0.02,0.01,103.1255,-0.000373,2e-05,-0.002732,0.000905,17,309.38,1,1243,57.37
AAPL,2026-08-04,2026-08-21,155.0,P,0.0,0.05,0.025,106.2505,-0.000855,4.1e-05,-0.006057,0.001947,17,309.38,1,552,57.37
AAPL,2026-08-04,2026-08-21,160.0,P,0.0,0.05,0.025,101.563,-0.000886,4.4e-05,-0.005981,0.002012,17,309.38,3,871,57.37
AAPL,2026-08-04,2026-08-21,165.0,P,0.0,0.08,0.04,101.563,-0.001416,6.8e-05,-0.009183,0.00309,17,309.38,2,1090,57.37
AAPL,2026-08-04,2026-08-21,170.0,P,0.0,1.02,0.51,132.2269,-0.012318,0.000362,-0.082533,0.021333,17,309.38,36,957,57.37
AAPL,2026-08-04,2026-08-21,175.0,P,0.0,0.02,0.01,81.2502,-0.000408,2.7e-05,-0.002337,0.000984,17,309.38,2,915,57.37
AAPL,2026-08-04,2026-08-21,180.0,P,0.0,0.04,0.02,82.8127,-0.000875,5.4e-05,-0.004816,0.001989,17,309.38,11,16415,57.37
AAPL,2026-08-04,2026-08-21,185.0,P,0.01,0.02,0.015,76.5627,-0.000675,4.6e-05,-0.003503,0.001566,17,309.38,80,2113,57.37
AAPL,2026-08-04,2026-08-21,190.0,P,0.01,0.06,0.035,78.9065,-0.001546,9.5e-05,-0.007723,0.00335,17,309.38,1,777,57.37
AAPL,2026-08-04,2026-08-21,195.0,P,0.0,0.06,0.03,74.219,-0.001476,9.7e-05,-0.006961,0.003211,17,309.38,3,1976,57.37
AAPL,2026-08-04,2026-08-21,200.0,P,0.01,0.06,0.035,71.4847,-0.001772,0.000119,-0.007913,0.003792,17,309.38,12,7975,57.37
AAPL,2026-08-04,2026-08-21,205.0,P,0.01,0.05,0.03,66.4066,-0.001561,0.000114,-0.006547,0.003378,17,309.38,2,796,57.37
AAPL,2026-08-04,2026-08-21,210.0,P,0.02,0.03,0.025,61.7191,-0.001401,0.000111,-0.005513,0.003062,17,309.38,5,4244,57.37
AAPL,2026-08-04,2026-08-21,215.0,P,0.0,0.03,0.015,55.4692,-0.000921,8.4e-05,-0.003372,0.002085,17,309.38,220,2380,57.37
AAPL,2026-08-04,2026-08-21,220.0,P,0.03,0.04,0.035,57.0317,-0.002216,0.000183,-0.007719,0.004645,17,309.38,303,4534,57.37
AAPL,2026-08-04,2026-08-21,225.0,P,0.03,0.05,0.04,54.2973,-0.002626,0.000224,-0.008565,0.005417,17,309.38,17,3127,57.37
AAPL,2026-08-04,2026-08-21,230.0,P,0.04,0.07,0.055,52.5395,-0.003606,0.000308,-0.011021,0.007208,17,309.38,41,6877,57.37
AAPL,2026-08-04,2026-08-21,235.0,P,0.02,0.3,0.16,56.0551,-0.009439,0.000677,-0.027584,0.01692,17,309.38,118,6422,57.37
AAPL,2026-08-04,2026-08-21,240.0,P,0.03,0.19,0.11,53.5649,-0.01162,0.000849,-0.031568,0.02028,17,309.38,127,7768,57.37
AAPL,2026-08-04,2026-08-21,245.0,P,0.01,0.21,0.11,50.4888,-0.013495,0.001026,-0.033836,0.023084,17,309.38,9,4945,57.37
AAPL,2026-08-04,2026-08-21,250.0,P,0.09,0.12,0.105,43.067,-0.009186,0.000861,-0.020629,0.016522,17,309.38,114,6368,57.37
AAPL,2026-08-04,2026-08-21,255.0,P,0.05,0.16,0.105,41.2115,-0.012628,0.001186,-0.026008,0.021797,17,309.38,106,5118,57.37
AAPL,2026-08-04,2026-08-21,260.0,P,0.13,0.19,0.16,38.5748,-0.015728,0.001531,-0.029367,0.026336,17,309.38,97,8055,57.37
AAPL,2026-08-04,2026-08-21,265.0,P,0.18,0.22,0.2,35.7428,-0.019301,0.001968,-0.032345,0.031365,17,309.38,187,5853,57.37
AAPL,2026-08-04,2026-08-21,270.0,P,0.25,0.29,0.27,33.6188,-0.026389,0.002724,-0.039514,0.040829,17,309.38,2229,12610,57.37
AAPL,2026-08-04,2026-08-21,275.0,P,0.36,0.4,0.38,31.6901,-0.037373,0.003853,-0.049526,0.054439,17,309.38,2294,16832,57.37
AAPL,2026-08-04,2026-08-21,280.0,P,0.53,0.59,0.56,30.1521,-0.055623,0.005575,-0.064648,0.074938,17,309.38,2117,12489,57.37
AAPL,2026-08-04,2026-08-21,285.0,P,0.81,0.89,0.85,28.7605,-0.083571,0.008001,-0.084056,0.102584,17,309.38,2571,10097,57.37
AAPL,2026-08-04,2026-08-21,290.0,P,1.29,1.41,1.35,27.8328,-0.127996,0.011262,-0.110215,0.139732,17,309.38,1943,13369,57.37
AAPL,2026-08-04,2026-08-21,295.0,P,2.06,2.38,2.22,27.906,-0.197872,0.014929,-0.145964,0.185725,17,309.38,1344,11742,57.37
AAPL,2026-08-04,2026-08-21,300.0,P,3.2,3.5,3.35,26.844,-0.277463,0.018698,-0.167573,0.223764,17,309.38,3643,31242,57.37
AAPL,2026-08-04,2026-08-21,305.0,P,4.85,5.15,5.0,26.197,-0.377826,0.02173,-0.183105,0.253776,17,309.38,1943,4368,57.37
AAPL,2026-08-04,2026-08-21,307.5,P,5.9,6.5,6.2,27.0942,-0.435186,0.021761,-0.195081,0.262844,17,309.38,272,841,57.37
AAPL,2026-08-04,2026-08-21,310.0,P,7.1,7.65,7.375,26.7463,-0.490317,0.022333,-0.193244,0.266288,17,309.38,731,8400,57.37
AAPL,2026-08-04,2026-08-21,312.5,P,8.35,9.0,8.675,26.6365,-0.546011,0.022282,-0.189159,0.264593,17,309.38,137,1161,57.37
AAPL,2026-08-04,2026-08-21,315.0,P,9.8,10.4,10.1,26.2092,-0.602289,0.022044,-0.178495,0.257563,17,309.38,204,18101,57.37
AAPL,2026-08-04,2026-08-21,317.5,P,11.4,12.35,11.875,27.4177,-0.647617,0.020283,-0.178242,0.247917,17,309.38,95,325,57.37
AAPL,2026-08-04,2026-08-21,320.0,P,13.15,14.8,13.975,30.323,-0.675976,0.017755,-0.191232,0.240012,17,309.38,159,9087,57.37
AAPL,2026-08-04,2026-08-21,322.5,P,14.7,16.55,15.625,30.0666,-0.719331,0.016788,-0.174615,0.225018,17,309.38,22,902,57.37
AAPL,2026-08-04,2026-08-21,325.0,P,16.4,18.65,17.525,30.9699,-0.750964,0.015336,-0.167284,0.211739,17,309.38,154,7709,57.37
AAPL,2026-08-04,2026-08-21,327.5,P,18.55,20.75,19.65,31.5925,-0.7809,0.014004,-0.156521,0.197232,17,309.38,7,554,57.37
AAPL,2026-08-04,2026-08-21,330.0,P,21.05,22.55,21.8,30.2741,-0.823373,0.012828,-0.125881,0.173124,17,309.38,66,8319,57.37
AAPL,2026-08-04,2026-08-21,332.5,P,22.95,25.25,24.1,33.631,-0.824522,0.0115,-0.141957,0.17241,17,309.38,2,781,57.37
AAPL,2026-08-04,2026-08-21,335.0,P,25.35,27.5,26.425,34.339,-0.844487,0.010416,-0.131595,0.159448,17,309.38,60,3189,57.37
AAPL,2026-08-04,2026-08-21,337.5,P,27.6,29.8,28.7,35.1569,-0.861206,0.009426,-0.12256,0.147739,17,309.38,11,549,57.37
AAPL,2026-08-04,2026-08-21,340.0,P,30.0,32.2,31.1,36.4752,-0.872329,0.008578,-0.118838,0.139485,17,309.38,2189,3311,57.37
AAPL,2026-08-04,2026-08-21,342.5,P,32.4,34.55,33.475,37.3297,-0.885036,0.007786,-0.110816,0.12957,17,309.38,10,200,57.37
AAPL,2026-08-04,2026-08-21,345.0,P,34.15,37.5,35.825,42.4078,-0.869907,0.007475,-0.144998,0.141315,17,309.38,1,631,57.37
AAPL,2026-08-04,2026-08-21,347.5,P,36.9,39.95,38.425,43.9703,-0.876714,0.006944,-0.144313,0.136124,17,309.38,2,195,57.37
AAPL,2026-08-04,2026-08-21,350.0,P,39.75,42.4,41.075,45.4717,-0.883039,0.00647,-0.143242,0.131164,17,309.38,64,82,57.37
AAPL,2026-08-04,2026-08-21,352.5,P,42.15,44.85,43.5,46.9244,-0.888893,0.006045,-0.141908,0.126452,17,309.38,3,32,57.37
AAPL,2026-08-04,2026-08-21,355.0,P,43.8,47.35,45.575,48.7066,-0.892412,0.005691,-0.144031,0.123563,17,309.38,8,65,57.37
AAPL,2026-08-04,2026-08-21,357.5,P,46.5,49.8,48.15,50.0737,-0.897537,0.005343,-0.14227,0.119273,17,309.38,8,47,57.37
AAPL,2026-08-04,2026-08-21,360.0,P,49.0,51.9,50.45,48.3648,-0.91666,0.004748,-0.11141,0.10237,17,309.38,8,69,57.37
AAPL,2026-08-04,2026-08-21,365.0,P,53.9,57.3,55.6,55.1518,-0.905729,0.004564,-0.147607,0.112212,17,309.38,1,0,57.37
AAPL,2026-08-04,2026-08-21,370.0,P,58.75,62.3,60.525,58.4233,-0.910254,0.004154,-0.150854,0.108198,17,309.38,1,0,57.37
AAPL,2026-08-04,2026-08-21,375.0,P,64.6,67.25,65.925,61.1332,-0.916028,0.003778,-0.149361,0.102953,17,309.38,0,0,57.37
AAPL,2026-08-04,2026-08-21,380.0,P,68.95,72.25,70.6,64.2215,-0.919482,0.003484,-0.152039,0.099748,17,309.38,5,0,57.37
AAPL,2026-08-04,2026-08-21,385.0,P,73.95,77.25,75.6,67.2122,-0.922637,0.00323,-0.154321,0.096772,17,309.38,0,0,57.37
AAPL,2026-08-04,2026-08-21,390.0,P,79.6,82.25,80.925,51.27,-0.978406,0.001509,-0.012888,0.034496,17,309.38,1,0,57.37
AAPL,2026-08-04,2026-08-21,400.0,P,88.95,92.25,90.6,75.8059,-0.930276,0.002645,-0.160522,0.089377,17,309.38,5,0,57.37
AAPL,2026-08-04,2026-08-21,420.0,P,116.8,120.05,118.425,130.6522,-0.825615,0.002948,-0.621828,0.171728,17,309.38,1,0,57.37
AAPL,2026-08-04,2026-08-21,440.0,P,175.45,178.7,177.075,304.7915,-0.580789,0.00192,-2.302545,0.260886,17,309.38,1,0,57.37
AAPL,2026-08-04,2026-08-21,500.0,P,188.95,192.25,190.6,122.1684,-0.953743,0.001188,-0.182807,0.064705,17,309.38,5,0,57.37
AAPL,2026-08-04,2026-08-21,600.0,P,288.95,292.25,290.6,156.8362,-0.962669,0.000778,-0.190716,0.054389,17,309.38,3,0,57.37
AAPL,2026-08-04,2026-08-28,110.0,C,197.6,201.5,199.55,160.1564,0.996827,7.6e-05,-0.036574,0.007635,24,309.38,2,6,57.37
AAPL,2026-08-04,2026-08-28,120.0,C,187.65,191.55,189.6,152.1487,0.995716,0.000104,-0.043753,0.009993,24,309.38,10,10,57.37
AAPL,2026-08-04,2026-08-28,150.0,C,157.6,161.6,159.6,118.5551,0.99448,0.000168,-0.04604,0.012528,24,309.38,9,9,57.37
AAPL,2026-08-04,2026-08-28,165.0,C,142.85,146.65,144.75,111.7192,0.990516,0.000287,-0.063477,0.020188,24,309.38,8,8,57.37
AAPL,2026-08-04,2026-08-28,170.0,C,137.75,141.7,139.725,105.8598,0.990628,0.0003,-0.061066,0.019979,24,309.38,0,1,57.37
AAPL,2026-08-04,2026-08-28,185.0,C,123.0,126.75,124.875,97.461,0.985823,0.000467,-0.07648,0.02862,24,309.38,1,1,57.37
AAPL,2026-08-04,2026-08-28,195.0,C,112.9,116.8,114.85,87.8907,0.985057,0.000541,-0.074197,0.029945,24,309.38,1,1,57.37
AAPL,2026-08-04,2026-08-28,200.0,C,108.0,111.8,109.9,85.0099,0.983061,0.000623,-0.078859,0.033343,24,309.38,3,0,57.37
AAPL,2026-08-04,2026-08-28,210.0,C,97.8,101.85,99.825,74.7073,0.983463,0.000695,-0.071688,0.032666,24,309.38,1,2,57.37
AAPL,2026-08-04,2026-08-28,215.0,C,92.85,96.8,94.825,70.7522,0.982579,0.000767,-0.07167,0.034153,24,309.38,5,5,57.37
AAPL,2026-08-04,2026-08-28,220.0,C,88.0,91.9,89.95,69.7269,0.977784,0.000957,-0.082661,0.041983,24,309.38,2,81,57.37
AAPL,2026-08-04,2026-08-28,225.0,C,82.9,86.9,84.9,64.722,0.978136,0.001017,-0.078052,0.041421,24,309.38,0,1,57.37
AAPL,2026-08-04,2026-08-28,235.0,C,73.1,76.95,75.025,59.3754,0.971174,0.001397,-0.087583,0.052219,24,309.38,31,0,57.37
AAPL,2026-08-04,2026-08-28,240.0,C,68.0,71.95,69.975,54.688,0.971177,0.001517,-0.082993,0.052215,24,309.38,31,34,57.37
AAPL,2026-08-04,2026-08-28,245.0,C,63.1,67.05,65.075,52.4907,0.965537,0.001832,-0.090014,0.060526,24,309.38,68,3,57.37
AAPL,2026-08-04,2026-08-28,250.0,C,58.05,61.65,59.85,64.1971,0.918006,0.002974,-0.183382,0.120153,24,309.38,69,21,57.37
AAPL,2026-08-04,2026-08-28,255.0,C,53.05,57.15,55.1,63.184,0.901346,0.003467,-0.204083,0.137855,24,309.38,160,37,57.37
AAPL,2026-08-04,2026-08-28,260.0,C,48.55,51.85,50.2,56.519,0.901338,0.003876,-0.185489,0.137863,24,309.38,1,22,57.37
AAPL,2026-08-04,2026-08-28,265.0,C,43.65,46.95,45.3,52.5884,0.891373,0.004467,-0.185309,0.147834,24,309.38,2,13,57.37
AAPL,2026-08-04,2026-08-28,270.0,C,39.2,41.4,40.3,44.5562,0.897999,0.005037,-0.155234,0.141253,24,309.38,4,45,57.37
AAPL,2026-08-04,2026-08-28,275.0,C,34.4,36.6,35.5,41.3824,0.882245,0.006013,-0.159114,0.156595,24,309.38,7,40,57.37
AAPL,2026-08-04,2026-08-28,280.0,C,29.95,32.2,31.075,40.0885,0.852201,0.007259,-0.176576,0.183153,24,309.38,6,142,57.37
AAPL,2026-08-04,2026-08-28,285.0,C,25.15,27.2,26.175,35.3278,0.836074,0.00882,-0.167938,0.196098,24,309.38,10,47,57.37
AAPL,2026-08-04,2026-08-28,290.0,C,21.0,22.65,21.825,32.4531,0.801902,0.010812,-0.1723,0.220826,24,309.38,45,136,57.37
AAPL,2026-08-04,2026-08-28,295.0,C,16.8,19.0,17.9,32.4836,0.739722,0.012594,-0.195651,0.257469,24,309.38,43,307,57.37
AAPL,2026-08-04,2026-08-28,300.0,C,13.7,15.0,14.35,30.146,0.680344,0.014946,-0.198043,0.283574,24,309.38,756,888,57.37
AAPL,2026-08-04,2026-08-28,305.0,C,10.85,11.3,11.075,27.8755,0.606239,0.017396,-0.195229,0.305201,24,309.38,815,1303,57.37
AAPL,2026-08-04,2026-08-28,310.0,C,8.1,8.55,8.325,27.3933,0.516566,0.018342,-0.195903,0.316218,24,309.38,1324,2702,57.37
AAPL,2026-08-04,2026-08-28,315.0,C,5.4,6.35,5.875,27.2407,0.425562,0.018138,-0.18927,0.310966,24,309.38,1363,1048,57.37
AAPL,2026-08-04,2026-08-28,320.0,C,4.3,4.6,4.45,27.1614,0.339236,0.01699,-0.174592,0.290432,24,309.38,1737,1599,57.37
AAPL,2026-08-04,2026-08-28,325.0,C,3.0,3.25,3.125,27.1248,0.261701,0.015124,-0.153841,0.258192,24,309.38,2068,3661,57.37
AAPL,2026-08-04,2026-08-28,330.0,C,2.0,2.25,2.125,27.1675,0.195956,0.01283,-0.130129,0.219378,24,309.38,1975,2140,57.37
AAPL,2026-08-04,2026-08-28,335.0,C,1.38,1.51,1.445,27.1553,0.141741,0.010419,-0.105063,0.178062,24,309.38,2705,1178,57.37
AAPL,2026-08-04,2026-08-28,340.0,C,0.93,0.99,0.96,27.1736,0.099505,0.008111,-0.081579,0.138723,24,309.38,1223,3097,57.37
AAPL,2026-08-04,2026-08-28,345.0,C,0.61,0.69,0.65,27.7107,0.071655,0.006218,-0.064804,0.108448,24,309.38,553,1813,57.37
AAPL,2026-08-04,2026-08-28,350.0,C,0.41,0.45,0.43,27.8816,0.04892,0.004582,-0.048207,0.080406,24,309.38,871,1511,57.37
AAPL,2026-08-04,2026-08-28,355.0,C,0.27,0.32,0.295,28.5652,0.035325,0.003436,-0.037843,0.061767,24,309.38,82,2132,57.37
AAPL,2026-08-04,2026-08-28,360.0,C,0.17,0.23,0.2,29.2732,0.025676,0.002574,-0.029705,0.047413,24,309.38,113,3374,57.37
AAPL,2026-08-04,2026-08-28,365.0,C,0.1,0.2,0.15,30.8112,0.021588,0.002113,-0.026967,0.040979,24,309.38,54,1003,57.37
AAPL,2026-08-04,2026-08-28,370.0,C,0.09,0.14,0.115,31.2507,0.0153,0.001554,-0.020366,0.030559,24,309.38,73,588,57.37
AAPL,2026-08-04,2026-08-28,375.0,C,0.04,0.15,0.095,33.5456,0.015206,0.00144,-0.021711,0.030398,24,309.38,51,480,57.37
AAPL,2026-08-04,2026-08-28,380.0,C,0.02,0.07,0.045,32.2272,0.007825,0.000841,-0.011692,0.017055,24,309.38,78,628,57.37
AAPL,2026-08-04,2026-08-28,385.0,C,0.01,0.07,0.04,33.985,0.007393,0.000758,-0.011714,0.016223,24,309.38,223,493,57.37
AAPL,2026-08-04,2026-08-28,390.0,C,0.0,0.15,0.075,39.2584,0.013017,0.001076,-0.022143,0.026587,24,309.38,52,158,57.37
AAPL,2026-08-04,2026-08-28,395.0,C,0.0,0.1,0.05,39.0631,0.009027,0.000786,-0.01601,0.019334,24,309.38,1,264,57.37
AAPL,2026-08-04,2026-08-28,400.0,C,0.02,0.03,0.025,35.7428,0.003164,0.000338,-0.005767,0.007614,24,309.38,307,1332,57.37
AAPL,2026-08-04,2026-08-28,405.0,C,0.0,0.51,0.255,53.4184,0.030072,0.001609,-0.061095,0.054087,24,309.38,200,200,57.37
AAPL,2026-08-04,2026-08-28,410.0,C,0.0,0.51,0.255,55.396,0.02911,0.00151,-0.061631,0.052647,24,309.38,1,203,57.37
AAPL,2026-08-04,2026-08-28,415.0,C,0.0,0.91,0.455,56.2993,0.025869,0.001347,-0.056736,0.047712,24,309.38,0,2,57.37
AAPL,2026-08-04,2026-08-28,185.0,P,0.0,0.17,0.085,77.344,-0.003423,0.000168,-0.013053,0.008172,24,309.38,1,1,57.37
AAPL,2026-08-04,2026-08-28,190.0,P,0.0,2.13,1.065,106.104,-0.026373,0.000726,-0.106253,0.048488,24,309.38,0,5,57.37
AAPL,2026-08-04,2026-08-28,195.0,P,0.0,2.14,1.07,101.3189,-0.027686,0.000792,-0.105615,0.050495,24,309.38,4,2,57.37
AAPL,2026-08-04,2026-08-28,200.0,P,0.0,1.26,0.63,87.7931,-0.019637,0.000684,-0.068496,0.037819,24,309.38,1,161,57.37
AAPL,2026-08-04,2026-08-28,205.0,P,0.0,0.54,0.27,73.1448,-0.010692,0.000487,-0.033795,0.022414,24,309.38,6,6,57.37
AAPL,2026-08-04,2026-08-28,210.0,P,0.0,0.04,0.02,51.563,-0.001284,0.000104,-0.003567,0.00336,24,309.38,43,9,57.37
AAPL,2026-08-04,2026-08-28,215.0,P,0.01,0.18,0.095,57.227,-0.005083,0.000323,-0.01371,0.011641,24,309.38,12,23,57.37
AAPL,2026-08-04,2026-08-28,220.0,P,0.01,0.35,0.18,58.4965,-0.009032,0.000525,-0.023272,0.019343,24,309.38,3,15,57.37
AAPL,2026-08-04,2026-08-28,225.0,P,0.02,0.21,0.115,51.9536,-0.006652,0.000452,-0.015775,0.014778,24,309.38,2,19,57.37
AAPL,2026-08-04,2026-08-28,230.0,P,0.05,0.17,0.11,51.27,-0.009652,0.000635,-0.021577,0.0205,24,309.38,1,13,57.37
AAPL,2026-08-04,2026-08-28,235.0,P,0.05,0.24,0.145,50.3911,-0.013494,0.000865,-0.028345,0.027426,24,309.38,8,174,57.37
AAPL,2026-08-04,2026-08-28,240.0,P,0.07,0.15,0.11,43.9459,-0.009863,0.000755,-0.018802,0.020891,24,309.38,158,69,57.37
AAPL,2026-08-04,2026-08-28,245.0,P,0.02,0.29,0.155,45.0201,-0.017865,0.001232,-0.032138,0.034894,24,309.38,1,89,57.37
AAPL,2026-08-04,2026-08-28,250.0,P,0.13,0.21,0.17,39.6002,-0.014867,0.001196,-0.02411,0.029815,24,309.38,19,764,57.37
AAPL,2026-08-04,2026-08-28,255.0,P,0.17,0.23,0.2,36.9147,-0.017198,0.001454,-0.025415,0.033779,24,309.38,63,295,57.37
AAPL,2026-08-04,2026-08-28,260.0,P,0.25,0.32,0.285,35.6452,-0.024135,0.002007,-0.032639,0.045017,24,309.38,90,476,57.37
AAPL,2026-08-04,2026-08-28,265.0,P,0.31,0.41,0.36,33.8141,-0.031626,0.00265,-0.03869,0.05639,24,309.38,30,308,57.37
AAPL,2026-08-04,2026-08-28,270.0,P,0.43,0.52,0.475,31.8854,-0.041277,0.003495,-0.045236,0.07013,24,309.38,289,780,57.37
AAPL,2026-08-04,2026-08-28,275.0,P,0.63,0.71,0.67,30.3962,-0.056849,0.004735,-0.055504,0.090584,24,309.38,97,879,57.37
AAPL,2026-08-04,2026-08-28,280.0,P,0.9,1.0,0.95,29.1145,-0.079757,0.006422,-0.068763,0.11767,24,309.38,285,1390,57.37
AAPL,2026-08-04,2026-08-28,285.0,P,1.32,1.44,1.38,28.0403,-0.112827,0.008608,-0.085045,0.151907,24,309.38,139,1161,57.37
AAPL,2026-08-04,2026-08-28,290.0,P,1.96,2.15,2.055,27.4116,-0.160999,0.011234,-0.105396,0.193812,24,309.38,609,1904,57.37
AAPL,2026-08-04,2026-08-28,295.0,P,2.85,3.05,2.95,26.4534,-0.220139,0.014114,-0.122262,0.234984,24,309.38,149,1112,57.37
AAPL,2026-08-04,2026-08-28,300.0,P,4.15,4.4,4.275,25.9651,-0.297176,0.016807,-0.138763,0.274649,24,309.38,339,2189,57.37
AAPL,2026-08-04,2026-08-28,305.0,P,5.85,6.85,6.35,27.6619,-0.393172,0.017524,-0.162731,0.305075,24,309.38,152,578,57.37
AAPL,2026-08-04,2026-08-28,310.0,P,8.15,8.55,8.35,25.4829,-0.484219,0.019718,-0.151766,0.316243,24,309.38,253,1241,57.37
AAPL,2026-08-04,2026-08-28,315.0,P,10.75,11.45,11.1,25.5989,-0.580849,0.01924,-0.14584,0.309969,24,309.38,33,657,57.37
AAPL,2026-08-04,2026-08-28,320.0,P,13.35,15.4,14.375,27.7839,-0.656776,0.016683,-0.146594,0.291726,24,309.38,11,2270,57.37
AAPL,2026-08-04,2026-08-28,325.0,P,17.1,19.65,18.375,30.0666,-0.715152,0.01423,-0.144124,0.269266,24,309.38,30,716,57.37
AAPL,2026-08-04,2026-08-28,330.0,P,20.7,23.8,22.25,31.1713,-0.76931,0.0123,-0.130024,0.241295,24,309.38,3,627,57.37
AAPL,2026-08-04,2026-08-28,335.0,P,25.1,28.2,26.65,32.5324,-0.811276,0.010471,-0.116858,0.21439,24,309.38,1,634,57.37
AAPL,2026-08-04,2026-08-28,340.0,P,30.2,32.75,31.475,33.9728,-0.844144,0.008874,-0.104335,0.189728,24,309.38,2,472,57.37
AAPL,2026-08-04,2026-08-28,345.0,P,34.95,37.45,36.2,35.694,-0.868227,0.007541,-0.094784,0.169403,24,309.38,5,58,57.37
AAPL,2026-08-04,2026-08-28,350.0,P,39.15,42.55,40.85,39.4904,-0.873562,0.006623,-0.103558,0.164617,24,309.38,2,75,57.37
AAPL,2026-08-04,2026-08-28,355.0,P,43.8,47.45,45.625,41.9806,-0.885152,0.005823,-0.101809,0.153842,24,309.38,1,16,57.37
AAPL,2026-08-04,2026-08-28,360.0,P,48.8,52.5,50.65,45.2886,-0.889838,0.005239,-0.107494,0.149331,24,309.38,1,4,57.37
AAPL,2026-08-04,2026-08-28,370.0,P,58.65,62.4,60.525,50.2935,-0.903876,0.004273,-0.106861,0.135253,24,309.38,0,0,57.37
AAPL,2026-08-04,2026-08-28,375.0,P,63.6,67.45,65.525,53.3818,-0.906397,0.003948,-0.112053,0.13263,24,309.38,0,0,57.37
AAPL,2026-08-04,2026-08-28,395.0,P,83.6,87.35,85.475,62.8055,-0.922382,0.002916,-0.112846,0.115271,24,309.38,1,0,57.37
AAPL,2026-08-04,2026-08-28,400.0,P,88.6,92.35,90.475,65.1981,-0.924831,0.002741,-0.114231,0.112493,24,309.38,1,0,57.37
AAPL,2026-08-04,2026-09-04,185.0,C,123.15,126.9,125.025,89.8927,0.982394,0.000536,-0.075017,0.039166,31,309.38,1,1,57.37
AAPL,2026-08-04,2026-09-04,195.0,C,113.2,117.0,115.1,83.3254,0.979086,0.000669,-0.080074,0.04534,31,309.38,0,1,57.37
AAPL,2026-08-04,2026-09-04,220.0,C,88.35,92.15,90.25,66.5287,0.96938,0.001154,-0.088319,0.062397,31,309.38,1,20,57.37
AAPL,2026-08-04,2026-09-04,225.0,C,83.45,87.15,85.3,63.5013,0.966415,0.001305,-0.090752,0.067346,31,309.38,0,1,57.37
AAPL,2026-08-04,2026-09-04,235.0,C,73.5,77.25,75.375,57.1049,0.960335,0.001662,-0.09367,0.077167,31,309.38,2,27,57.37
AAPL,2026-08-04,2026-09-04,240.0,C,68.55,72.3,70.425,54.0532,0.956446,0.001894,-0.095549,0.083241,31,309.38,1,12,57.37
AAPL,2026-08-04,2026-09-04,250.0,C,58.6,62.25,60.425,60.6327,0.905294,0.003085,-0.170897,0.152044,31,309.38,10,164,57.37
AAPL,2026-08-04,2026-09-04,255.0,C,53.85,57.15,55.5,55.8354,0.901265,0.003454,-0.163779,0.156768,31,309.38,0,150,57.37
AAPL,2026-08-04,2026-09-04,260.0,C,48.95,52.3,50.625,52.5517,0.891149,0.003939,-0.165395,0.168264,31,309.38,20,2,57.37
AAPL,2026-08-04,2026-09-04,265.0,C,44.1,47.7,45.9,50.4583,0.874525,0.004537,-0.174171,0.186096,31,309.38,20,29,57.37
AAPL,2026-08-04,2026-09-04,270.0,C,39.3,42.6,40.95,45.7159,0.866995,0.005214,-0.165875,0.193767,31,309.38,3,19,57.37
AAPL,2026-08-04,2026-09-04,275.0,C,34.6,37.9,36.25,42.8289,0.848863,0.006068,-0.168859,0.211282,31,309.38,6,9,57.37
AAPL,2026-08-04,2026-09-04,280.0,C,30.0,32.65,31.325,37.4152,0.841021,0.007182,-0.155027,0.218459,31,309.38,3,96,57.37
AAPL,2026-08-04,2026-09-04,285.0,C,25.6,28.2,26.9,35.2729,0.810761,0.008512,-0.161548,0.244067,31,309.38,23,110,57.37
AAPL,2026-08-04,2026-09-04,290.0,C,21.4,24.0,22.7,33.5761,0.771078,0.010004,-0.169747,0.273057,31,309.38,29,38,57.37
AAPL,2026-08-04,2026-09-04,295.0,C,18.7,19.95,19.325,31.7756,0.723903,0.011669,-0.175288,0.301437,31,309.38,67,195,57.37
AAPL,2026-08-04,2026-09-04,300.0,C,14.7,16.55,15.625,31.2446,0.662187,0.012974,-0.185275,0.329546,31,309.38,255,580,57.37
AAPL,2026-08-04,2026-09-04,305.0,C,11.9,12.8,12.35,28.8459,0.598447,0.01487,-0.179804,0.348689,31,309.38,951,1690,57.37
AAPL,2026-08-04,2026-09-04,310.0,C,9.3,9.9,9.6,27.906,0.521931,0.015832,-0.177112,0.359153,31,309.38,888,628,57.37
AAPL,2026-08-04,2026-09-04,315.0,C,7.25,7.65,7.45,27.7046,0.443002,0.015808,-0.172286,0.35602,31,309.38,339,654,57.37
AAPL,2026-08-04,2026-09-04,320.0,C,5.4,5.75,5.575,27.4238,0.365912,0.015214,-0.16099,0.339183,31,309.38,2978,3433,57.37
AAPL,2026-08-04,2026-09-04,325.0,C,3.95,4.2,4.075,27.1186,0.293349,0.014075,-0.14455,0.310287,31,309.38,274,352,57.37
AAPL,2026-08-04,2026-09-04,330.0,C,2.89,3.1,2.995,27.2468,0.231788,0.012414,-0.127839,0.274964,31,309.38,1168,5669,57.37
AAPL,2026-08-04,2026-09-04,335.0,C,2.03,2.22,2.125,27.2468,0.178173,0.010613,-0.108706,0.235073,31,309.38,528,712,57.37
AAPL,2026-08-04,2026-09-04,340.0,C,1.47,1.56,1.515,27.2468,0.133731,0.008781,-0.089538,0.194494,31,309.38,1045,1339,57.37
AAPL,2026-08-04,2026-09-04,345.0,C,1.0,1.11,1.055,27.4665,0.099957,0.007084,-0.073121,0.158184,31,309.38,183,328,57.37
AAPL,2026-08-04,2026-09-04,350.0,C,0.71,0.79,0.75,27.7595,0.07419,0.005609,-0.058936,0.126576,31,309.38,669,1211,57.37
AAPL,2026-08-04,2026-09-04,355.0,C,0.47,0.55,0.51,27.9548,0.053838,0.00434,-0.046111,0.098619,31,309.38,106,406,57.37
AAPL,2026-08-04,2026-09-04,360.0,C,0.34,0.42,0.38,28.6628,0.041425,0.003431,-0.038221,0.079935,31,309.38,2698,2746,57.37
AAPL,2026-08-04,2026-09-04,365.0,C,0.22,0.34,0.28,29.6394,0.033317,0.002777,-0.033002,0.066903,31,309.38,20,230,57.37
AAPL,2026-08-04,2026-09-04,370.0,C,0.16,0.25,0.205,30.0788,0.024924,0.00215,-0.026262,0.052561,31,309.38,463,282,57.37
AAPL,2026-08-04,2026-09-04,375.0,C,0.11,0.2,0.155,30.9089,0.019928,0.001732,-0.022307,0.043522,31,309.38,1,601,57.37
AAPL,2026-08-04,2026-09-04,380.0,C,0.07,0.16,0.115,31.6413,0.01581,0.001389,-0.018714,0.035722,31,309.38,116,78,57.37
AAPL,2026-08-04,2026-09-04,385.0,C,0.04,0.1,0.07,31.3483,0.010355,0.000972,-0.012844,0.024774,31,309.38,9,53,57.37
AAPL,2026-08-04,2026-09-04,390.0,C,0.03,0.28,0.155,37.9401,0.02219,0.001546,-0.029843,0.047668,31,309.38,6,48,57.37
AAPL,2026-08-04,2026-09-04,395.0,C,0.01,0.3,0.155,40.0885,0.022445,0.001477,-0.0318,0.048129,31,309.38,2,36,57.37
AAPL,2026-08-04,2026-09-04,400.0,C,0.01,0.25,0.13,40.6744,0.018708,0.001247,-0.027626,0.041246,31,309.38,11,305,57.37
AAPL,2026-08-04,2026-09-04,405.0,C,0.0,0.76,0.38,50.5864,0.041671,0.001953,-0.066776,0.08032,31,309.38,10,12,57.37
AAPL,2026-08-04,2026-09-04,200.0,P,0.0,0.14,0.07,57.6176,-0.003458,0.0002,-0.008596,0.009373,31,309.38,21,31,57.37
AAPL,2026-08-04,2026-09-04,205.0,P,0.0,0.25,0.125,58.3989,-0.005836,0.000315,-0.013894,0.014957,31,309.38,2,2,57.37
AAPL,2026-08-04,2026-09-04,210.0,P,0.01,0.28,0.145,56.3481,-0.00693,0.00038,-0.015595,0.017414,31,309.38,3,1,57.37
AAPL,2026-08-04,2026-09-04,215.0,P,0.02,0.37,0.195,55.3715,-0.009247,0.000499,-0.019732,0.02244,31,309.38,1,1,57.37
AAPL,2026-08-04,2026-09-04,220.0,P,0.03,0.13,0.08,49.5122,-0.007006,0.000437,-0.01381,0.017584,31,309.38,2,76,57.37
AAPL,2026-08-04,2026-09-04,225.0,P,0.05,0.21,0.13,49.7075,-0.010932,0.000643,-0.020458,0.025971,31,309.38,17,16,57.37
AAPL,2026-08-04,2026-09-04,230.0,P,0.07,0.17,0.12,45.313,-0.009766,0.000639,-0.01688,0.023539,31,309.38,7,27,57.37
AAPL,2026-08-04,2026-09-04,235.0,P,0.09,0.21,0.15,43.7017,-0.012299,0.00081,-0.019871,0.028768,31,309.38,1,7,57.37
AAPL,2026-08-04,2026-09-04,240.0,P,0.12,0.23,0.175,41.3092,-0.014053,0.000961,-0.021045,0.032282,31,309.38,15,45,57.37
AAPL,2026-08-04,2026-09-04,245.0,P,0.17,0.27,0.22,39.3561,-0.017039,0.00119,-0.023614,0.038086,31,309.38,140,59,57.37
AAPL,2026-08-04,2026-09-04,250.0,P,0.22,0.31,0.265,37.2077,-0.020243,0.001458,-0.025801,0.044104,31,309.38,167,87,57.37
AAPL,2026-08-04,2026-09-04,255.0,P,0.28,0.38,0.33,35.4743,-0.02546,0.001855,-0.029777,0.053507,31,309.38,260,54,57.37
AAPL,2026-08-04,2026-09-04,260.0,P,0.38,0.48,0.43,33.8874,-0.032722,0.002393,-0.034952,0.065917,31,309.38,198,122,57.37
AAPL,2026-08-04,2026-09-04,265.0,P,0.51,0.63,0.57,32.5446,-0.04332,0.003133,-0.042081,0.082881,31,309.38,42,244,57.37
AAPL,2026-08-04,2026-09-04,270.0,P,0.7,0.95,0.825,32.2028,-0.062835,0.004253,-0.055764,0.111349,31,309.38,198,459,57.37
AAPL,2026-08-04,2026-09-04,275.0,P,0.98,1.09,1.035,29.8225,-0.075601,0.005297,-0.059279,0.12841,31,309.38,322,529,57.37
AAPL,2026-08-04,2026-09-04,280.0,P,1.35,1.65,1.5,29.6638,-0.108586,0.006965,-0.076783,0.16797,31,309.38,490,854,57.37
AAPL,2026-08-04,2026-09-04,285.0,P,1.87,2.14,2.005,28.2356,-0.140709,0.008773,-0.087064,0.20137,31,309.38,164,694,57.37
AAPL,2026-08-04,2026-09-04,290.0,P,2.62,2.89,2.755,27.2346,-0.185491,0.010888,-0.099764,0.241067,31,309.38,236,466,57.37
AAPL,2026-08-04,2026-09-04,295.0,P,3.65,4.1,3.875,26.9905,-0.24677,0.012968,-0.115686,0.284537,31,309.38,178,345,57.37
AAPL,2026-08-04,2026-09-04,300.0,P,5.1,5.4,5.25,25.9956,-0.313453,0.015124,-0.123596,0.319616,31,309.38,190,1492,57.37
AAPL,2026-08-04,2026-09-04,305.0,P,6.9,7.7,7.3,26.8379,-0.396694,0.015931,-0.137181,0.347569,31,309.38,135,247,57.37
AAPL,2026-08-04,2026-09-04,310.0,P,9.1,9.75,9.425,25.8064,-0.478823,0.017122,-0.133438,0.35919,31,309.38,67,577,57.37
AAPL,2026-08-04,2026-09-04,315.0,P,11.7,12.45,12.075,25.428,-0.564791,0.017171,-0.126519,0.354943,31,309.38,7,440,57.37
AAPL,2026-08-04,2026-09-04,320.0,P,14.3,16.35,15.325,27.375,-0.634371,0.015238,-0.128079,0.339095,31,309.38,37,390,57.37
AAPL,2026-08-04,2026-09-04,325.0,P,17.9,20.7,19.3,29.914,-0.686183,0.01315,-0.130568,0.319776,31,309.38,2,100,57.37
AAPL,2026-08-04,2026-09-04,330.0,P,21.85,24.5,23.175,30.0239,-0.744556,0.011873,-0.114383,0.289785,31,309.38,18,160,57.37
AAPL,2026-08-04,2026-09-04,335.0,P,26.1,28.75,27.425,30.9272,-0.788869,0.010368,-0.102252,0.26067,31,309.38,5,53,57.37
AAPL,2026-08-04,2026-09-04,340.0,P,29.85,33.15,31.5,31.8061,-0.825783,0.008963,-0.089501,0.231756,31,309.38,1,102,57.37
AAPL,2026-08-04,2026-09-04,345.0,P,34.5,37.85,36.175,33.5212,-0.849485,0.007732,-0.083303,0.210703,31,309.38,2,162,57.37
AAPL,2026-08-04,2026-09-04,350.0,P,39.3,42.6,40.95,35.1691,-0.868954,0.006708,-0.077079,0.191794,31,309.38,17,89,57.37
AAPL,2026-08-04,2026-09-04,355.0,P,44.15,47.6,45.875,37.9279,-0.877072,0.00595,-0.079741,0.183445,31,309.38,2,2,57.37
AAPL,2026-08-04,2026-09-04,360.0,P,48.7,52.45,50.575,39.7467,-0.889323,0.00527,-0.075806,0.170286,31,309.38,0,1,57.37
AAPL,2026-08-04,2026-09-04,365.0,P,53.65,57.4,55.525,41.9928,-0.89686,0.004741,-0.075511,0.161837,31,309.38,0,2,57.37
AAPL,2026-08-04,2026-09-04,375.0,P,63.65,67.4,65.525,46.8633,-0.906073,0.003967,-0.078815,0.15112,31,309.38,0,0,57.37
AAPL,2026-08-04,2026-09-04,385.0,P,73.6,77.4,75.5,51.4775,-0.91332,0.003402,-0.081551,0.142371,31,309.38,0,0,57.37
AAPL,2026-08-04,2026-09-11,120.0,C,187.7,191.7,189.7,127.8324,0.993994,0.000133,-0.040571,0.016988,38,309.38,1,1,57.37
AAPL,2026-08-04,2026-09-11,245.0,C,63.65,67.6,65.625,60.7548,0.904564,0.002796,-0.156954,0.169292,38,309.38,2,2,57.37
AAPL,2026-08-04,2026-09-11,255.0,C,54.2,57.55,55.875,52.686,0.893427,0.003495,-0.149487,0.183478,38,309.38,1,1,57.37
AAPL,2026-08-04,2026-09-11,265.0,C,44.55,47.95,46.25,46.8389,0.869877,0.004527,-0.152761,0.211313,38,309.38,24,4,57.37
AAPL,2026-08-04,2026-09-11,270.0,C,39.9,42.45,41.175,40.7355,0.870995,0.005175,-0.135709,0.210053,38,309.38,1,2,57.37
AAPL,2026-08-04,2026-09-11,275.0,C,35.15,37.9,36.525,38.7946,0.849593,0.006032,-0.141935,0.233171,38,309.38,3,7,57.37
AAPL,2026-08-04,2026-09-11,280.0,C,30.7,33.35,32.025,36.5546,0.825846,0.007042,-0.146015,0.256533,38,309.38,169,16,57.37
AAPL,2026-08-04,2026-09-11,285.0,C,26.4,29.0,27.7,34.6991,0.794971,0.008203,-0.151605,0.283651,38,309.38,12,13,57.37
AAPL,2026-08-04,2026-09-11,290.0,C,22.2,24.95,23.575,33.3686,0.755132,0.009435,-0.159,0.313722,38,309.38,8,28,57.37
AAPL,2026-08-04,2026-09-11,295.0,C,18.55,21.35,19.95,32.7643,0.705333,0.010544,-0.168466,0.34425,38,309.38,3,59,57.37
AAPL,2026-08-04,2026-09-11,300.0,C,15.1,17.15,16.125,29.8957,0.658238,0.012302,-0.163164,0.366489,38,309.38,59,1195,57.37
AAPL,2026-08-04,2026-09-11,305.0,C,13.0,14.05,13.525,29.2915,0.594528,0.013259,-0.166469,0.38701,38,309.38,753,1008,57.37
AAPL,2026-08-04,2026-09-11,310.0,C,10.5,11.15,10.825,28.376,0.526441,0.014053,-0.163825,0.397368,38,309.38,628,1669,57.37
AAPL,2026-08-04,2026-09-11,315.0,C,8.2,8.75,8.475,27.8572,0.455357,0.014256,-0.158524,0.395746,38,309.38,125,378,57.37
AAPL,2026-08-04,2026-09-11,320.0,C,6.5,6.95,6.725,28.0036,0.38768,0.013702,-0.152402,0.382352,38,309.38,436,301,57.37
AAPL,2026-08-04,2026-09-11,325.0,C,4.65,5.4,5.025,27.9853,0.323721,0.012863,-0.141744,0.358702,38,309.38,207,135,57.37
AAPL,2026-08-04,2026-09-11,330.0,C,3.4,4.25,3.825,28.3332,0.268422,0.011656,-0.130723,0.329097,38,309.38,275,296,57.37
AAPL,2026-08-04,2026-09-11,335.0,C,1.52,3.15,2.335,28.0769,0.214748,0.010418,-0.114136,0.291479,38,309.38,90,276,57.37
AAPL,2026-08-04,2026-09-11,340.0,C,1.87,2.34,2.105,28.0464,0.169858,0.009034,-0.098292,0.252475,38,309.38,332,158,57.37
AAPL,2026-08-04,2026-09-11,345.0,C,1.25,1.75,1.5,28.1929,0.133547,0.007658,-0.083842,0.215133,38,309.38,149,245,57.37
AAPL,2026-08-04,2026-09-11,350.0,C,0.93,1.31,1.12,28.4187,0.104349,0.006381,-0.07073,0.180701,38,309.38,640,621,57.37
AAPL,2026-08-04,2026-09-11,355.0,C,0.48,1.0,0.74,28.8093,0.082045,0.005269,-0.059826,0.151259,38,309.38,59,203,57.37
AAPL,2026-08-04,2026-09-11,360.0,C,0.46,0.68,0.57,28.5163,0.059534,0.004159,-0.046157,0.118189,38,309.38,24,40,57.37
AAPL,2026-08-04,2026-09-11,365.0,C,0.01,0.61,0.31,29.8835,0.051961,0.003565,-0.04332,0.106156,38,309.38,8,33,57.37
AAPL,2026-08-04,2026-09-11,370.0,C,0.03,0.68,0.355,32.4714,0.052791,0.003322,-0.047528,0.1075,38,309.38,3,2,57.37
AAPL,2026-08-04,2026-09-11,380.0,C,0.1,0.4,0.25,32.9597,0.032621,0.002216,-0.032559,0.072794,38,309.38,1,7,57.37
AAPL,2026-08-04,2026-09-11,385.0,C,0.01,0.59,0.3,37.0856,0.041356,0.002392,-0.044374,0.088382,38,309.38,2,31,57.37
AAPL,2026-08-04,2026-09-11,395.0,C,0.0,1.69,0.845,50.0005,0.079324,0.002959,-0.099348,0.147456,38,309.38,1,11,57.37
AAPL,2026-08-04,2026-09-11,400.0,C,0.0,0.16,0.08,34.6686,0.013696,0.001012,-0.016362,0.034956,38,309.38,100,110,57.37
AAPL,2026-08-04,2026-09-11,405.0,C,0.0,0.53,0.265,43.0426,0.032753,0.001703,-0.042347,0.073038,38,309.38,14,28,57.37
AAPL,2026-08-04,2026-09-11,200.0,P,0.0,1.8,0.9,74.8294,-0.025969,0.000808,-0.058399,0.06023,38,309.38,1,3,57.37
AAPL,2026-08-04,2026-09-11,215.0,P,0.0,0.39,0.195,50.1958,-0.009337,0.000501,-0.016237,0.025057,38,309.38,1,1,57.37
AAPL,2026-08-04,2026-09-11,220.0,P,0.0,0.45,0.225,53.6626,-0.018851,0.00086,-0.031818,0.045963,38,309.38,16,15,57.37
AAPL,2026-08-04,2026-09-11,225.0,P,0.01,0.42,0.215,50.0249,-0.018864,0.000923,-0.029638,0.04599,38,309.38,5,18,57.37
AAPL,2026-08-04,2026-09-11,230.0,P,0.0,0.45,0.225,47.5835,-0.021017,0.001063,-0.030856,0.050408,38,309.38,2,10,57.37
AAPL,2026-08-04,2026-09-11,240.0,P,0.01,0.32,0.165,39.3805,-0.018196,0.001137,-0.022507,0.0446,38,309.38,3,18,57.37
AAPL,2026-08-04,2026-09-11,245.0,P,0.01,2.0,1.005,53.2842,-0.071379,0.002562,-0.09295,0.136058,38,309.38,22,22,57.37
AAPL,2026-08-04,2026-09-11,250.0,P,0.01,0.79,0.4,40.0397,-0.040561,0.002181,-0.044483,0.087002,38,309.38,1,524,57.37
AAPL,2026-08-04,2026-09-11,260.0,P,0.35,0.75,0.55,33.5822,-0.045057,0.00283,-0.040362,0.094716,38,309.38,5,43,57.37
AAPL,2026-08-04,2026-09-11,265.0,P,0.49,0.9,0.695,31.861,-0.055315,0.003513,-0.044936,0.111549,38,309.38,93,105,57.37
AAPL,2026-08-04,2026-09-11,270.0,P,0.9,1.4,1.15,32.1784,-0.080664,0.004657,-0.060553,0.149336,38,309.38,75,193,57.37
AAPL,2026-08-04,2026-09-11,275.0,P,1.27,1.76,1.515,30.8601,-0.101717,0.005768,-0.068651,0.177379,38,309.38,49,371,57.37
AAPL,2026-08-04,2026-09-11,280.0,P,1.8,2.08,1.94,28.9131,-0.123466,0.007071,-0.073413,0.203725,38,309.38,122,393,57.37
AAPL,2026-08-04,2026-09-11,285.0,P,2.35,2.77,2.56,28.1013,-0.160253,0.008683,-0.084582,0.243136,38,309.38,68,447,57.37
AAPL,2026-08-04,2026-09-11,290.0,P,3.25,4.15,3.7,28.9192,-0.217242,0.010182,-0.104405,0.293436,38,309.38,101,172,57.37
AAPL,2026-08-04,2026-09-11,295.0,P,3.95,5.7,4.825,29.1694,-0.276252,0.011485,-0.118861,0.333831,38,309.38,31,83,57.37
AAPL,2026-08-04,2026-09-11,300.0,P,5.55,6.6,6.075,26.7891,-0.328402,0.013516,-0.11618,0.360808,38,309.38,65,266,57.37
AAPL,2026-08-04,2026-09-11,305.0,P,7.5,8.45,7.975,26.2092,-0.398663,0.014754,-0.119481,0.385324,38,309.38,88,106,57.37
AAPL,2026-08-04,2026-09-11,310.0,P,9.2,11.65,10.425,28.0891,-0.47366,0.014197,-0.130779,0.397374,38,309.38,88,134,57.37
AAPL,2026-08-04,2026-09-11,315.0,P,12.05,14.7,13.375,28.6933,-0.542293,0.01385,-0.130949,0.396003,38,309.38,6,137,57.37
AAPL,2026-08-04,2026-09-11,320.0,P,15.05,17.8,16.425,28.6109,-0.609254,0.013441,-0.12328,0.383214,38,309.38,1,8,57.37
AAPL,2026-08-04,2026-09-11,325.0,P,18.6,21.2,19.9,28.498,-0.672726,0.012688,-0.111775,0.360306,38,309.38,50,15,57.37
AAPL,2026-08-04,2026-09-11,330.0,P,22.4,25.1,23.75,29.0412,-0.72584,0.011492,-0.101687,0.332585,38,309.38,26,127,57.37
AAPL,2026-08-04,2026-09-11,335.0,P,25.8,29.25,27.525,29.7187,-0.770731,0.010217,-0.091079,0.302575,38,309.38,6,46,57.37
AAPL,2026-08-04,2026-09-11,340.0,P,30.15,33.6,31.875,30.5244,-0.807727,0.008971,-0.080748,0.272872,38,309.38,97,93,57.37
AAPL,2026-08-04,2026-09-11,345.0,P,34.7,38.15,36.425,31.6291,-0.836142,0.007827,-0.072457,0.246685,38,309.38,90,91,57.37
AAPL,2026-08-04,2026-09-11,350.0,P,39.4,42.8,41.1,32.7888,-0.859134,0.006829,-0.064856,0.223118,38,309.38,20,0,57.37
AAPL,2026-08-04,2026-09-18,50.0,C,257.7,261.45,259.575,208.2036,0.997914,2.9e-05,-0.021556,0.007155,45,309.38,1,26,57.37
AAPL,2026-08-04,2026-09-18,55.0,C,252.6,256.5,254.55,194.336,0.998007,3e-05,-0.020344,0.006867,45,309.38,1,40,57.37
AAPL,2026-08-04,2026-09-18,60.0,C,247.6,251.5,249.55,184.5704,0.997896,3.3e-05,-0.020814,0.007213,45,309.38,2,2,57.37
AAPL,2026-08-04,2026-09-18,65.0,C,242.7,246.55,244.625,183.4962,0.997028,4.6e-05,-0.026591,0.009856,45,309.38,2,1,57.37
AAPL,2026-08-04,2026-09-18,70.0,C,237.6,241.6,239.6,172.6564,0.997128,4.7e-05,-0.025343,0.009557,45,309.38,2,3,57.37
AAPL,2026-08-04,2026-09-18,75.0,C,222.2,225.9,224.05,0.001,1.0,0.0,-0.007629,0.0,45,309.38,1,81,57.37
AAPL,2026-08-04,2026-09-18,90.0,C,218.0,221.7,219.85,159.3752,0.993693,0.000103,-0.043096,0.019304,45,309.38,1,22,57.37
AAPL,2026-08-04,2026-09-18,100.0,C,207.95,211.6,209.775,142.8714,0.993986,0.00011,-0.039326,0.018508,45,309.38,7,131,57.37
AAPL,2026-08-04,2026-09-18,105.0,C,202.85,206.75,204.8,138.1839,0.993417,0.000123,-0.041221,0.020051,45,309.38,18,15,57.37
AAPL,2026-08-04,2026-09-18,110.0,C,198.0,201.8,199.9,136.6702,0.991901,0.000149,-0.047439,0.024071,45,309.38,345,36,57.37
AAPL,2026-08-04,2026-09-18,115.0,C,192.85,196.8,194.825,128.2718,0.992506,0.000149,-0.04346,0.02248,45,309.38,24,28,57.37
AAPL,2026-08-04,2026-09-18,120.0,C,187.95,191.7,189.825,123.1449,0.992179,0.000161,-0.043858,0.023342,45,309.38,2,119,57.37
AAPL,2026-08-04,2026-09-18,125.0,C,182.95,186.9,184.925,121.7289,0.990481,0.000193,-0.049875,0.027733,45,309.38,3,663,57.37
AAPL,2026-08-04,2026-09-18,130.0,C,178.15,181.9,180.025,119.8734,0.988735,0.000227,-0.055587,0.032117,45,309.38,1,26,57.37
AAPL,2026-08-04,2026-09-18,135.0,C,173.0,176.95,174.975,113.6723,0.988956,0.000235,-0.053202,0.03157,45,309.38,8,51,57.37
AAPL,2026-08-04,2026-09-18,140.0,C,168.2,171.95,170.075,111.768,0.987074,0.000274,-0.058706,0.036185,45,309.38,8,1912,57.37
AAPL,2026-08-04,2026-09-18,145.0,C,163.15,167.0,165.075,107.2759,0.986533,0.000296,-0.058946,0.03749,45,309.38,1,72,57.37
AAPL,2026-08-04,2026-09-18,150.0,C,158.0,162.05,160.025,101.7095,0.986741,0.000308,-0.056581,0.036989,45,309.38,9,91,57.37
AAPL,2026-08-04,2026-09-18,155.0,C,153.05,157.05,155.05,98.1445,0.985783,0.000339,-0.058096,0.039284,45,309.38,2,93,57.37
AAPL,2026-08-04,2026-09-18,160.0,C,148.15,152.1,150.125,95.7032,0.983983,0.000385,-0.061981,0.043522,45,309.38,75,129,57.37
AAPL,2026-08-04,2026-09-18,165.0,C,143.3,146.95,145.125,91.6993,0.983317,0.000416,-0.062106,0.045066,45,309.38,708,143,57.37
AAPL,2026-08-04,2026-09-18,170.0,C,138.2,142.15,140.175,88.8185,0.981721,0.000465,-0.064726,0.048724,45,309.38,1,171,57.37
AAPL,2026-08-04,2026-09-18,175.0,C,133.05,137.2,135.125,84.0822,0.981832,0.000489,-0.062443,0.048471,45,309.38,2,171,57.37
AAPL,2026-08-04,2026-09-18,180.0,C,128.3,132.2,130.25,82.5685,0.97877,0.000568,-0.068315,0.055324,45,309.38,1,243,57.37
AAPL,2026-08-04,2026-09-18,185.0,C,123.5,127.25,125.375,80.8352,0.97557,0.000653,-0.073886,0.062273,45,309.38,3,344,57.37
AAPL,2026-08-04,2026-09-18,190.0,C,118.35,122.3,120.325,76.4651,0.975424,0.000694,-0.071636,0.062584,45,309.38,1,391,57.37
AAPL,2026-08-04,2026-09-18,195.0,C,113.4,117.35,115.375,73.6331,0.973341,0.000771,-0.073715,0.066997,45,309.38,2,986,57.37
AAPL,2026-08-04,2026-09-18,200.0,C,108.6,112.25,110.425,70.8255,0.971091,0.000858,-0.07574,0.071676,45,309.38,1,1509,57.37
AAPL,2026-08-04,2026-09-18,205.0,C,103.45,106.65,105.05,62.1342,0.978132,0.000774,-0.059265,0.056727,45,309.38,1000,1337,57.37
AAPL,2026-08-04,2026-09-18,210.0,C,98.5,102.45,100.475,64.6244,0.967209,0.001043,-0.07735,0.079556,45,309.38,1,2573,57.37
AAPL,2026-08-04,2026-09-18,215.0,C,93.55,97.45,95.5,61.5726,0.965062,0.001154,-0.078006,0.083817,45,309.38,5,1204,57.37
AAPL,2026-08-04,2026-09-18,220.0,C,88.65,92.25,90.45,57.7641,0.964468,0.001247,-0.075703,0.084984,45,309.38,4,1272,57.37
AAPL,2026-08-04,2026-09-18,225.0,C,83.7,87.6,85.65,56.5556,0.957843,0.001464,-0.082823,0.097685,45,309.38,6,842,57.37
AAPL,2026-08-04,2026-09-18,230.0,C,78.8,82.5,80.65,53.333,0.955572,0.001619,-0.082268,0.101912,45,309.38,25,1850,57.37
AAPL,2026-08-04,2026-09-18,235.0,C,73.85,76.75,75.3,58.2157,0.929215,0.002141,-0.116605,0.147112,45,309.38,3,1828,57.37
AAPL,2026-08-04,2026-09-18,240.0,C,69.35,72.65,71.0,59.8454,0.909126,0.002516,-0.139379,0.177676,45,309.38,37,3872,57.37
AAPL,2026-08-04,2026-09-18,245.0,C,64.75,66.85,65.8,51.8682,0.918852,0.002667,-0.116207,0.163244,45,309.38,12,1182,57.37
AAPL,2026-08-04,2026-09-18,250.0,C,59.75,62.0,60.875,49.2559,0.910732,0.003017,-0.118326,0.175339,45,309.38,34,4331,57.37
AAPL,2026-08-04,2026-09-18,255.0,C,54.7,57.15,55.925,46.5704,0.901829,0.003423,-0.119905,0.188088,45,309.38,12,3061,57.37
AAPL,2026-08-04,2026-09-18,260.0,C,49.95,52.35,51.15,44.0557,0.890873,0.003907,-0.122141,0.203099,45,309.38,29,5009,57.37
AAPL,2026-08-04,2026-09-18,265.0,C,45.25,47.6,46.425,41.6571,0.877622,0.004482,-0.124768,0.220325,45,309.38,19,6476,57.37
AAPL,2026-08-04,2026-09-18,270.0,C,40.55,42.95,41.75,39.5209,0.86074,0.005166,-0.128523,0.240916,45,309.38,51,6111,57.37
AAPL,2026-08-04,2026-09-18,275.0,C,36.0,38.4,37.2,37.5495,0.839954,0.005966,-0.132836,0.26436,45,309.38,12,4302,57.37
AAPL,2026-08-04,2026-09-18,280.0,C,31.65,34.0,32.825,35.8222,0.814003,0.006882,-0.137971,0.290936,45,309.38,79,7457,57.37
AAPL,2026-08-04,2026-09-18,285.0,C,28.3,29.35,28.825,33.0207,0.789756,0.00804,-0.136826,0.313288,45,309.38,130,6010,57.37
AAPL,2026-08-04,2026-09-18,290.0,C,24.1,25.45,24.775,32.1174,0.748825,0.009131,-0.144487,0.346061,45,309.38,202,9230,57.37
AAPL,2026-08-04,2026-09-18,295.0,C,20.0,21.85,20.925,31.4552,0.701178,0.010157,-0.151631,0.377027,45,309.38,104,13078,57.37
AAPL,2026-08-04,2026-09-18,300.0,C,17.5,18.3,17.9,30.3169,0.650122,0.011245,-0.154135,0.402316,45,309.38,1897,27265,57.37
AAPL,2026-08-04,2026-09-18,305.0,C,14.4,15.0,14.7,29.1755,0.593011,0.012244,-0.153804,0.421541,45,309.38,2284,18290,57.37
AAPL,2026-08-04,2026-09-18,310.0,C,11.8,12.15,11.975,28.4126,0.530255,0.012888,-0.151887,0.432126,45,309.38,5588,17238,57.37
AAPL,2026-08-04,2026-09-18,315.0,C,9.35,9.85,9.6,28.1868,0.465755,0.012981,-0.148897,0.431776,45,309.38,1379,7152,57.37
AAPL,2026-08-04,2026-09-18,320.0,C,7.6,7.8,7.7,27.8144,0.401423,0.012798,-0.141678,0.420075,45,309.38,7732,35336,57.37
AAPL,2026-08-04,2026-09-18,325.0,C,5.95,6.2,6.075,27.8083,0.341443,0.012149,-0.133312,0.398677,45,309.38,1166,14474,57.37
AAPL,2026-08-04,2026-09-18,330.0,C,4.65,4.8,4.725,27.6191,0.284533,0.011307,-0.121568,0.368513,45,309.38,13609,17311,57.37
AAPL,2026-08-04,2026-09-18,335.0,C,3.55,3.75,3.65,27.7229,0.235326,0.010212,-0.109943,0.334079,45,309.38,2610,6245,57.37
AAPL,2026-08-04,2026-09-18,340.0,C,2.6,2.8,2.7,27.4726,0.188766,0.009056,-0.095289,0.293605,45,309.38,2438,12777,57.37
AAPL,2026-08-04,2026-09-18,345.0,C,1.94,2.15,2.045,27.6252,0.152081,0.007841,-0.083036,0.255614,45,309.38,437,6883,57.37
AAPL,2026-08-04,2026-09-18,350.0,C,1.55,1.65,1.6,27.8389,0.121783,0.006684,-0.07159,0.219572,45,309.38,4906,27559,57.37
AAPL,2026-08-04,2026-09-18,355.0,C,1.17,1.25,1.21,27.9914,0.096193,0.00561,-0.060538,0.1853,45,309.38,646,3689,57.37
AAPL,2026-08-04,2026-09-18,360.0,C,0.88,0.94,0.91,28.1379,0.075243,0.004643,-0.050472,0.154153,45,309.38,594,8134,57.37
AAPL,2026-08-04,2026-09-18,365.0,C,0.49,0.72,0.605,28.4309,0.059363,0.003825,-0.042337,0.128325,45,309.38,478,1906,57.37
AAPL,2026-08-04,2026-09-18,370.0,C,0.49,0.56,0.525,28.8093,0.04718,0.003146,-0.035668,0.106955,45,309.38,378,4535,57.37
AAPL,2026-08-04,2026-09-18,375.0,C,0.37,0.43,0.4,29.1145,0.037087,0.002562,-0.029599,0.088016,45,309.38,33,4279,57.37
AAPL,2026-08-04,2026-09-18,380.0,C,0.28,0.34,0.31,29.5661,0.029764,0.002105,-0.025028,0.073431,45,309.38,397,5315,57.37
AAPL,2026-08-04,2026-09-18,385.0,C,0.16,0.27,0.215,30.0056,0.023895,0.001726,-0.021106,0.061126,45,309.38,108,2462,57.37
AAPL,2026-08-04,2026-09-18,390.0,C,0.16,0.21,0.185,30.323,0.018827,0.001396,-0.017407,0.049965,45,309.38,123,5381,57.37
AAPL,2026-08-04,2026-09-18,395.0,C,0.11,0.2,0.155,31.4948,0.017326,0.001252,-0.016815,0.046547,45,309.38,196,745,57.37
AAPL,2026-08-04,2026-09-18,400.0,C,0.12,0.15,0.135,31.6413,0.013368,0.000998,-0.013504,0.037253,45,309.38,930,9508,57.37
AAPL,2026-08-04,2026-09-18,405.0,C,0.07,0.12,0.095,32.0319,0.010798,0.000819,-0.011346,0.030956,45,309.38,142,667,57.37
AAPL,2026-08-04,2026-09-18,410.0,C,0.05,0.34,0.195,38.3307,0.023254,0.001321,-0.026144,0.059743,45,309.38,15,763,57.37
AAPL,2026-08-04,2026-09-18,415.0,C,0.02,0.12,0.07,34.4733,0.009957,0.000709,-0.011351,0.028845,45,309.38,3,43,57.37
AAPL,2026-08-04,2026-09-18,420.0,C,0.03,0.17,0.1,37.3053,0.012772,0.000813,-0.01523,0.035811,45,309.38,47,4348,57.37
AAPL,2026-08-04,2026-09-18,430.0,C,0.01,0.46,0.235,45.6548,0.025897,0.001214,-0.033943,0.065392,45,309.38,15,169,57.37
AAPL,2026-08-04,2026-09-18,440.0,C,0.01,0.15,0.08,41.4068,0.01022,0.000604,-0.013884,0.029507,45,309.38,1,264,57.37
AAPL,2026-08-04,2026-09-18,450.0,C,0.0,0.04,0.02,37.8912,0.003313,0.000243,-0.004676,0.010867,45,309.38,18,2475,57.37
AAPL,2026-08-04,2026-09-18,460.0,C,0.0,0.14,0.07,45.5084,0.008806,0.000482,-0.013363,0.025905,45,309.38,2,117,57.37
AAPL,2026-08-04,2026-09-18,470.0,C,0.0,0.2,0.1,49.7075,0.011237,0.000546,-0.018036,0.032049,45,309.38,2,78,57.37
AAPL,2026-08-04,2026-09-18,480.0,C,0.0,0.14,0.07,49.7075,0.008133,0.000412,-0.013587,0.02416,45,309.38,4,202,57.37
AAPL,2026-08-04,2026-09-18,490.0,C,0.0,0.06,0.03,47.2662,0.003907,0.000226,-0.006735,0.0126,45,309.38,17,953,57.37
AAPL,2026-08-04,2026-09-18,500.0,C,0.01,0.08,0.045,50.4888,0.004754,0.000252,-0.008566,0.015016,45,309.38,1,1050,57.37
AAPL,2026-08-04,2026-09-18,510.0,C,0.0,0.2,0.1,53.5161,0.005517,0.000271,-0.010359,0.017145,45,309.38,1,322,57.37
AAPL,2026-08-04,2026-09-18,520.0,C,0.0,1.42,0.71,70.7767,0.025786,0.00078,-0.051984,0.065156,45,309.38,11,558,57.37
AAPL,2026-08-04,2026-09-18,530.0,C,0.0,0.05,0.025,50.0005,0.001578,9.4e-05,-0.003131,0.00555,45,309.38,21,9390,57.37
AAPL,2026-08-04,2026-09-18,540.0,C,0.0,2.14,1.07,79.8342,0.03359,0.000861,-0.072938,0.081149,45,309.38,5,5,57.37
AAPL,2026-08-04,2026-09-18,550.0,C,0.0,0.23,0.115,61.3285,0.005498,0.000236,-0.01181,0.017093,45,309.38,6,3,57.37
AAPL,2026-08-04,2026-09-18,560.0,C,0.0,2.14,1.07,83.9601,0.032175,0.00079,-0.073976,0.078321,45,309.38,7,8,57.37
AAPL,2026-08-04,2026-09-18,570.0,C,0.0,1.13,0.565,78.2229,0.019191,0.00055,-0.044691,0.050785,45,309.38,5,3,57.37
AAPL,2026-08-04,2026-09-18,580.0,C,0.0,0.47,0.235,71.68,0.009314,0.000322,-0.021942,0.027209,45,309.38,0,1,57.37
AAPL,2026-08-04,2026-09-18,590.0,C,0.0,0.47,0.235,73.3401,0.009131,0.000309,-0.022057,0.026742,45,309.38,0,2,57.37
AAPL,2026-08-04,2026-09-18,600.0,C,0.0,0.07,0.035,62.1098,0.001824,8.6e-05,-0.004426,0.006335,45,309.38,578,3988,57.37
AAPL,2026-08-04,2026-09-18,50.0,P,0.0,0.25,0.125,198.0469,-0.001464,2.2e-05,-0.011351,0.005184,45,309.38,5,737,57.37
AAPL,2026-08-04,2026-09-18,55.0,P,0.0,1.87,0.935,245.2641,-0.007311,7.6e-05,-0.059626,0.021997,45,309.38,4,1293,57.37
AAPL,2026-08-04,2026-09-18,60.0,P,0.0,2.13,1.065,237.9887,-0.008512,9e-05,-0.066124,0.025146,45,309.38,4,93,57.37
AAPL,2026-08-04,2026-09-18,65.0,P,0.0,2.13,1.065,226.4653,-0.009004,9.9e-05,-0.066084,0.026416,45,309.38,2,20,57.37
AAPL,2026-08-04,2026-09-18,70.0,P,0.0,2.13,1.065,215.9184,-0.009506,0.000109,-0.066052,0.027699,45,309.38,5,146,57.37
AAPL,2026-08-04,2026-09-18,75.0,P,0.0,2.13,1.065,206.2017,-0.01002,0.000119,-0.066033,0.029003,45,309.38,1,218,57.37
AAPL,2026-08-04,2026-09-18,80.0,P,0.0,0.19,0.095,143.3597,-0.0016,3.3e-05,-0.008897,0.005623,45,309.38,1,82,57.37
AAPL,2026-08-04,2026-09-18,85.0,P,0.0,2.13,1.065,188.6231,-0.011047,0.000142,-0.065729,0.031577,45,309.38,2,55,57.37
AAPL,2026-08-04,2026-09-18,90.0,P,0.0,2.13,1.065,180.6642,-0.011576,0.000154,-0.065551,0.032887,45,309.38,2,99,57.37
AAPL,2026-08-04,2026-09-18,95.0,P,0.0,0.05,0.025,110.9379,-0.000603,1.8e-05,-0.002807,0.002294,45,309.38,1,146,57.37
AAPL,2026-08-04,2026-09-18,100.0,P,0.0,0.1,0.05,112.8911,-0.00111,3e-05,-0.005011,0.004026,45,309.38,61,630,57.37
AAPL,2026-08-04,2026-09-18,110.0,P,0.0,0.51,0.255,124.2191,-0.004668,0.000101,-0.020221,0.014774,45,309.38,5,212,57.37
AAPL,2026-08-04,2026-09-18,115.0,P,0.0,0.02,0.01,86.7189,-0.000316,1.2e-05,-0.001204,0.001261,45,309.38,1,339,57.37
AAPL,2026-08-04,2026-09-18,120.0,P,0.0,0.2,0.1,102.5395,-0.002377,6.7e-05,-0.009092,0.008054,45,309.38,2,1396,57.37
AAPL,2026-08-04,2026-09-18,125.0,P,0.01,0.03,0.02,84.3752,-0.000635,2.4e-05,-0.002236,0.002408,45,309.38,1,256,57.37
AAPL,2026-08-04,2026-09-18,130.0,P,0.0,0.12,0.06,89.4532,-0.001683,5.6e-05,-0.005793,0.005888,45,309.38,10,859,57.37
AAPL,2026-08-04,2026-09-18,135.0,P,0.0,1.42,0.71,116.8461,-0.012621,0.000257,-0.045555,0.035446,45,309.38,4,142,57.37
AAPL,2026-08-04,2026-09-18,140.0,P,0.01,0.36,0.185,93.0665,-0.004608,0.000133,-0.014939,0.014604,45,309.38,1,1001,57.37
AAPL,2026-08-04,2026-09-18,145.0,P,0.0,1.78,0.89,111.7192,-0.016187,0.000333,-0.05392,0.043916,45,309.38,1,533,57.37
AAPL,2026-08-04,2026-09-18,150.0,P,0.03,0.15,0.09,78.7112,-0.002767,9.9e-05,-0.007985,0.009239,45,309.38,64,4485,57.37
AAPL,2026-08-04,2026-09-18,155.0,P,0.01,0.1,0.055,71.4847,-0.001881,7.7e-05,-0.005111,0.006515,45,309.38,8,1258,57.37
AAPL,2026-08-04,2026-09-18,160.0,P,0.0,1.1,0.55,91.2599,-0.012795,0.000333,-0.035915,0.035867,45,309.38,11,4245,57.37
AAPL,2026-08-04,2026-09-18,165.0,P,0.02,0.12,0.07,67.1878,-0.002539,0.000108,-0.006295,0.008548,45,309.38,34,2989,57.37
AAPL,2026-08-04,2026-09-18,170.0,P,0.0,0.66,0.33,77.5881,-0.009362,0.000299,-0.023236,0.027331,45,309.38,11,3814,57.37
AAPL,2026-08-04,2026-09-18,175.0,P,0.01,0.25,0.13,65.8207,-0.00465,0.00019,-0.010609,0.014722,45,309.38,4,1755,57.37
AAPL,2026-08-04,2026-09-18,180.0,P,0.0,0.25,0.125,62.5004,-0.004679,0.000201,-0.010123,0.014806,45,309.38,10,5030,57.37
AAPL,2026-08-04,2026-09-18,185.0,P,0.03,0.14,0.085,57.0317,-0.003563,0.000172,-0.007231,0.0116,45,309.38,22,5013,57.37
AAPL,2026-08-04,2026-09-18,190.0,P,0.02,0.36,0.19,59.8149,-0.007177,0.000307,-0.014138,0.02164,45,309.38,6,3018,57.37
AAPL,2026-08-04,2026-09-18,195.0,P,0.04,0.3,0.17,56.1528,-0.00689,0.000315,-0.012792,0.020875,45,309.38,2,9286,57.37
AAPL,2026-08-04,2026-09-18,200.0,P,0.05,0.13,0.09,51.563,-0.005777,0.000294,-0.010038,0.017859,45,309.38,42,12321,57.37
AAPL,2026-08-04,2026-09-18,205.0,P,0.06,0.12,0.09,48.438,-0.005672,0.000307,-0.009267,0.017572,45,309.38,3,8285,57.37
AAPL,2026-08-04,2026-09-18,210.0,P,0.08,0.14,0.11,46.7779,-0.006772,0.000372,-0.010459,0.020559,45,309.38,44,6661,57.37
AAPL,2026-08-04,2026-09-18,215.0,P,0.01,0.15,0.08,44.6295,-0.007547,0.00043,-0.010966,0.022621,45,309.38,41,5829,57.37
AAPL,2026-08-04,2026-09-18,220.0,P,0.12,0.18,0.15,43.1158,-0.009183,0.000528,-0.012568,0.026874,45,309.38,3,8060,57.37
AAPL,2026-08-04,2026-09-18,225.0,P,0.01,0.21,0.11,41.4557,-0.010945,0.00064,-0.014064,0.031324,45,309.38,140,8208,57.37
AAPL,2026-08-04,2026-09-18,230.0,P,0.11,0.26,0.185,40.1861,-0.013749,0.000805,-0.016584,0.038166,45,309.38,16,6497,57.37
AAPL,2026-08-04,2026-09-18,235.0,P,0.23,0.31,0.27,38.6481,-0.016664,0.000987,-0.01878,0.045022,45,309.38,46,5887,57.37
AAPL,2026-08-04,2026-09-18,240.0,P,0.3,0.34,0.32,36.6217,-0.019001,0.001165,-0.01986,0.050357,45,309.38,304,11496,57.37
AAPL,2026-08-04,2026-09-18,245.0,P,0.37,0.45,0.41,35.7184,-0.025016,0.001507,-0.024381,0.063524,45,309.38,54,4974,57.37
AAPL,2026-08-04,2026-09-18,250.0,P,0.48,0.54,0.51,34.2292,-0.030637,0.001862,-0.02759,0.075213,45,309.38,281,8778,57.37
AAPL,2026-08-04,2026-09-18,255.0,P,0.61,0.68,0.645,33.0207,-0.038791,0.002343,-0.032213,0.091303,45,309.38,145,9106,57.37
AAPL,2026-08-04,2026-09-18,260.0,P,0.79,0.86,0.825,31.8488,-0.049268,0.002946,-0.03755,0.110726,45,309.38,365,7540,57.37
AAPL,2026-08-04,2026-09-18,265.0,P,1.02,1.1,1.06,30.7624,-0.062996,0.003703,-0.043857,0.134423,45,309.38,299,7554,57.37
AAPL,2026-08-04,2026-09-18,270.0,P,1.32,1.41,1.365,29.6882,-0.080411,0.004628,-0.050812,0.162124,45,309.38,567,11319,57.37
AAPL,2026-08-04,2026-09-18,275.0,P,1.75,1.84,1.795,28.791,-0.1036,0.005758,-0.059137,0.195616,45,309.38,1306,10097,57.37
AAPL,2026-08-04,2026-09-18,280.0,P,2.32,2.44,2.38,28.0891,-0.13401,0.00708,-0.068783,0.234668,45,309.38,1413,8706,57.37
AAPL,2026-08-04,2026-09-18,285.0,P,3.0,3.2,3.1,27.3689,-0.171047,0.008545,-0.078225,0.275976,45,309.38,1385,9137,57.37
AAPL,2026-08-04,2026-09-18,290.0,P,4.0,4.15,4.075,26.6243,-0.215373,0.010113,-0.086802,0.317727,45,309.38,1124,9434,57.37
AAPL,2026-08-04,2026-09-18,295.0,P,5.3,5.45,5.375,26.1909,-0.269762,0.011616,-0.095447,0.359023,45,309.38,714,7394,57.37
AAPL,2026-08-04,2026-09-18,300.0,P,6.8,7.05,6.925,25.7759,-0.331331,0.012954,-0.10172,0.394038,45,309.38,1218,21629,57.37
AAPL,2026-08-04,2026-09-18,305.0,P,8.75,9.3,9.025,26.1177,-0.400721,0.013624,-0.108305,0.419884,45,309.38,1591,4553,57.37
AAPL,2026-08-04,2026-09-18,310.0,P,11.0,11.4,11.2,25.2937,-0.470647,0.01448,-0.105508,0.4322,45,309.38,2644,6060,57.37
AAPL,2026-08-04,2026-09-18,315.0,P,13.65,14.15,13.9,25.1533,-0.542845,0.014516,-0.101911,0.430872,45,309.38,293,5912,57.37
AAPL,2026-08-04,2026-09-18,320.0,P,16.6,17.25,16.925,25.0221,-0.61328,0.014081,-0.094555,0.415783,45,309.38,201,3780,57.37
AAPL,2026-08-04,2026-09-18,325.0,P,19.35,21.4,20.375,26.7524,-0.665832,0.012524,-0.094405,0.39537,45,309.38,50,2739,57.37
AAPL,2026-08-04,2026-09-18,330.0,P,23.1,25.75,24.425,28.5285,-0.7082,0.011077,-0.093316,0.372924,45,309.38,115,8164,57.37
AAPL,2026-08-04,2026-09-18,335.0,P,27.1,29.75,28.425,28.8764,-0.754472,0.010033,-0.082937,0.341892,45,309.38,67,1481,57.37
AAPL,2026-08-04,2026-09-18,340.0,P,31.25,34.0,32.625,29.4441,-0.792944,0.008936,-0.073172,0.310479,45,309.38,2349,2010,57.37
AAPL,2026-08-04,2026-09-18,345.0,P,35.75,38.45,37.1,30.2314,-0.823869,0.007881,-0.064616,0.281168,45,309.38,19,638,57.37
AAPL,2026-08-04,2026-09-18,350.0,P,39.7,43.05,41.375,31.2141,-0.848217,0.006931,-0.057473,0.255282,45,309.38,4,256,57.37
AAPL,2026-08-04,2026-09-18,355.0,P,44.4,47.7,46.05,32.093,-0.869382,0.006088,-0.05001,0.230558,45,309.38,13,235,57.37
AAPL,2026-08-04,2026-09-18,360.0,P,49.9,52.55,51.225,33.631,-0.882042,0.00541,-0.047128,0.214687,45,309.38,40,164,57.37
AAPL,2026-08-04,2026-09-18,365.0,P,54.8,57.1,55.95,33.4357,-0.904963,0.004655,-0.033949,0.183659,45,309.38,1,69,57.37
AAPL,2026-08-04,2026-09-18,370.0,P,58.7,62.6,60.65,38.1171,-0.891707,0.00449,-0.051121,0.201981,45,309.38,43,63,57.37
AAPL,2026-08-04,2026-09-18,375.0,P,63.65,67.55,65.6,39.8932,-0.898024,0.004108,-0.050594,0.193383,45,309.38,81,1,57.37
AAPL,2026-08-04,2026-09-18,380.0,P,68.65,72.6,70.625,42.1331,-0.900553,0.003819,-0.053171,0.189874,45,309.38,6,0,57.37
AAPL,2026-08-04,2026-09-18,390.0,P,78.65,82.45,80.55,45.0933,-0.912192,0.003255,-0.049692,0.173197,45,309.38,1,0,57.37
AAPL,2026-08-04,2026-09-18,395.0,P,83.65,87.45,85.55,46.9122,-0.915115,0.00305,-0.050335,0.168867,45,309.38,0,0,57.37
AAPL,2026-08-04,2026-09-18,400.0,P,88.85,92.45,90.65,48.6944,-0.917754,0.00287,-0.050944,0.164907,45,309.38,5,5,57.37
AAPL,2026-08-04,2026-09-18,405.0,P,93.6,97.45,95.525,50.4399,-0.920157,0.002709,-0.051513,0.161257,45,309.38,0,0,57.37
AAPL,2026-08-04,2026-09-18,410.0,P,98.6,102.35,100.475,51.5019,-0.92525,0.002524,-0.04825,0.153382,45,309.38,0,0,57.37
AAPL,2026-08-04,2026-09-18,420.0,P,155.9,158.95,157.425,182.0405,-0.56019,0.001994,-0.83302,0.428431,45,309.38,5,0,57.37
AAPL,2026-08-04,2026-09-18,430.0,P,118.65,122.35,120.5,57.9472,-0.932373,0.002077,-0.049667,0.142029,45,309.38,0,0,57.37
AAPL,2026-08-04,2026-09-18,500.0,P,188.6,192.55,190.575,78.9187,-0.942626,0.001342,-0.060313,0.124937,45,309.38,0,0,57.37
AAPL,2026-08-04,2026-10-16,130.0,C,178.65,182.4,180.525,103.8579,0.982786,0.000297,-0.054475,0.058958,73,309.38,36,49,57.37
AAPL,2026-08-04,2026-10-16,135.0,C,173.7,177.45,175.575,100.5132,0.981522,0.000326,-0.056117,0.062633,73,309.38,55,74,57.37
AAPL,2026-08-04,2026-10-16,140.0,C,168.75,172.5,170.625,97.2412,0.980202,0.000357,-0.057694,0.066417,73,309.38,34,47,57.37
AAPL,2026-08-04,2026-10-16,145.0,C,163.8,167.55,165.675,94.043,0.978819,0.000391,-0.059217,0.070328,73,309.38,9,22,57.37
AAPL,2026-08-04,2026-10-16,150.0,C,158.75,162.6,160.675,90.2833,0.977961,0.000421,-0.05937,0.072728,73,309.38,2,12,57.37
AAPL,2026-08-04,2026-10-16,155.0,C,153.9,157.65,155.775,87.8663,0.975827,0.000467,-0.062138,0.078612,73,309.38,10,141,57.37
AAPL,2026-08-04,2026-10-16,160.0,C,148.95,152.7,150.825,84.8878,0.974197,0.000511,-0.063556,0.083033,73,309.38,610,251,57.37
AAPL,2026-08-04,2026-10-16,165.0,C,144.0,147.8,145.9,82.2145,0.972181,0.000562,-0.065504,0.088418,73,309.38,200,81,57.37
AAPL,2026-08-04,2026-10-16,170.0,C,138.9,142.85,140.875,78.5525,0.971371,0.000602,-0.06492,0.090554,73,309.38,1,58,57.37
AAPL,2026-08-04,2026-10-16,175.0,C,134.1,137.9,136.0,76.4651,0.968488,0.00067,-0.067958,0.098055,73,309.38,1,26,57.37
AAPL,2026-08-04,2026-10-16,180.0,C,129.15,132.95,131.05,73.6819,0.966454,0.000732,-0.069146,0.103245,73,309.38,9,94,57.37
AAPL,2026-08-04,2026-10-16,185.0,C,124.05,128.0,126.025,70.264,0.965413,0.000787,-0.068471,0.105873,73,309.38,5,25,57.37
AAPL,2026-08-04,2026-10-16,190.0,C,119.15,123.05,121.1,67.7982,0.962804,0.000866,-0.070119,0.112373,73,309.38,1,50,57.37
AAPL,2026-08-04,2026-10-16,195.0,C,114.25,118.15,116.2,65.5277,0.959685,0.000957,-0.07219,0.119991,73,309.38,200,215,57.37
AAPL,2026-08-04,2026-10-16,200.0,C,109.3,113.25,111.275,63.0619,0.956767,0.001052,-0.07359,0.126978,73,309.38,4,304,57.37
AAPL,2026-08-04,2026-10-16,205.0,C,104.2,108.3,106.25,59.9125,0.955232,0.001139,-0.0728,0.130603,73,309.38,1,819,57.37
AAPL,2026-08-04,2026-10-16,210.0,C,99.4,103.2,101.3,57.3491,0.952348,0.001251,-0.073555,0.137316,73,309.38,2,472,57.37
AAPL,2026-08-04,2026-10-16,215.0,C,94.8,98.45,96.625,56.5312,0.944692,0.001429,-0.07971,0.154592,73,309.38,122,480,57.37
AAPL,2026-08-04,2026-10-16,220.0,C,89.7,93.15,91.425,52.4541,0.945477,0.001522,-0.075321,0.152856,73,309.38,1,883,57.37
AAPL,2026-08-04,2026-10-16,225.0,C,85.0,88.3,86.65,50.9404,0.938778,0.001717,-0.079098,0.167436,73,309.38,3,281,57.37
AAPL,2026-08-04,2026-10-16,230.0,C,80.15,83.4,81.775,56.3054,0.908732,0.002106,-0.107621,0.227026,73,309.38,2,341,57.37
AAPL,2026-08-04,2026-10-16,235.0,C,75.3,78.55,76.925,53.8274,0.902112,0.00232,-0.108487,0.239055,73,309.38,5,275,57.37
AAPL,2026-08-04,2026-10-16,240.0,C,70.45,73.1,71.775,49.0178,0.903543,0.00252,-0.100346,0.236485,73,309.38,1,545,57.37
AAPL,2026-08-04,2026-10-16,245.0,C,65.65,68.3,66.975,46.8206,0.895184,0.002803,-0.101752,0.251267,73,309.38,140,316,57.37
AAPL,2026-08-04,2026-10-16,250.0,C,61.6,62.9,62.25,42.3956,0.895831,0.003082,-0.094378,0.250143,73,309.38,191,1548,57.37
AAPL,2026-08-04,2026-10-16,255.0,C,56.15,58.85,57.5,42.7862,0.873876,0.003499,-0.105454,0.286601,73,309.38,4,911,57.37
AAPL,2026-08-04,2026-10-16,260.0,C,51.6,54.25,52.925,41.0406,0.859892,0.003922,-0.108104,0.308116,73,309.38,5,1373,57.37
AAPL,2026-08-04,2026-10-16,265.0,C,47.05,49.7,48.375,39.3072,0.844033,0.0044,-0.110584,0.331048,73,309.38,3,898,57.37
AAPL,2026-08-04,2026-10-16,270.0,C,42.65,45.3,43.975,37.8363,0.824669,0.00493,-0.113835,0.357082,73,309.38,11,1350,57.37
AAPL,2026-08-04,2026-10-16,275.0,C,38.35,40.95,39.65,36.3043,0.803081,0.005522,-0.116481,0.383741,73,309.38,69,1480,57.37
AAPL,2026-08-04,2026-10-16,280.0,C,34.3,36.8,35.55,35.0409,0.777176,0.006152,-0.119712,0.412671,73,309.38,142,2198,57.37
AAPL,2026-08-04,2026-10-16,285.0,C,30.25,32.85,31.55,33.9667,0.747106,0.006803,-0.123039,0.442355,73,309.38,188,1960,57.37
AAPL,2026-08-04,2026-10-16,290.0,C,26.9,28.7,27.8,32.1906,0.71673,0.0076,-0.12286,0.468364,73,309.38,262,3397,57.37
AAPL,2026-08-04,2026-10-16,295.0,C,24.15,25.1,24.625,31.2476,0.67862,0.008286,-0.124851,0.495676,73,309.38,138,2200,57.37
AAPL,2026-08-04,2026-10-16,300.0,C,20.85,21.8,21.325,30.5183,0.636261,0.008891,-0.12635,0.519454,73,309.38,2276,13084,57.37
AAPL,2026-08-04,2026-10-16,305.0,C,17.2,18.75,17.975,29.8591,0.590725,0.009406,-0.126604,0.537637,73,309.38,2339,3944,57.37
AAPL,2026-08-04,2026-10-16,310.0,C,14.85,15.9,15.375,29.1511,0.542625,0.009835,-0.125009,0.548819,73,309.38,1332,5652,57.37
AAPL,2026-08-04,2026-10-16,315.0,C,12.75,13.5,13.125,28.8215,0.493081,0.010003,-0.123065,0.551889,73,309.38,447,9381,57.37
AAPL,2026-08-04,2026-10-16,320.0,C,10.95,11.35,11.15,28.5102,0.443363,0.010011,-0.119474,0.5464,73,309.38,909,9047,57.37
AAPL,2026-08-04,2026-10-16,325.0,C,8.55,9.5,9.025,28.3149,0.394833,0.009827,-0.114747,0.53268,73,309.38,746,5570,57.37
AAPL,2026-08-04,2026-10-16,330.0,C,7.2,7.85,7.525,28.0647,0.347569,0.009515,-0.108383,0.511173,73,309.38,2421,8664,57.37
AAPL,2026-08-04,2026-10-16,335.0,C,6.15,6.5,6.325,27.9975,0.303893,0.009028,-0.101676,0.483859,73,309.38,1400,4487,57.37
AAPL,2026-08-04,2026-10-16,340.0,C,4.9,5.3,5.1,27.8358,0.262403,0.008462,-0.093677,0.450915,73,309.38,1085,8522,57.37
AAPL,2026-08-04,2026-10-16,345.0,C,3.8,4.3,4.05,27.729,0.224643,0.00781,-0.085362,0.414582,73,309.38,2246,18162,57.37
AAPL,2026-08-04,2026-10-16,350.0,C,3.0,3.45,3.225,27.5947,0.190111,0.00711,-0.076614,0.375593,73,309.38,1486,7568,57.37
AAPL,2026-08-04,2026-10-16,355.0,C,2.58,2.83,2.705,27.7351,0.161876,0.006389,-0.06924,0.339214,73,309.38,357,4692,57.37
AAPL,2026-08-04,2026-10-16,360.0,C,2.0,2.3,2.15,27.8328,0.136705,0.005687,-0.061825,0.302995,73,309.38,1235,79059,57.37
AAPL,2026-08-04,2026-10-16,365.0,C,1.53,1.83,1.68,27.7961,0.11356,0.005002,-0.054057,0.266159,73,309.38,356,2245,57.37
AAPL,2026-08-04,2026-10-16,370.0,C,1.18,1.49,1.335,27.967,0.09536,0.00438,-0.047767,0.234505,73,309.38,311,4558,57.37
AAPL,2026-08-04,2026-10-16,375.0,C,1.07,1.21,1.14,28.1257,0.079702,0.00381,-0.041897,0.205113,73,309.38,220,1011,57.37
AAPL,2026-08-04,2026-10-16,380.0,C,0.87,0.96,0.915,28.1623,0.06549,0.003273,-0.035999,0.176456,73,309.38,370,4316,57.37
AAPL,2026-08-04,2026-10-16,385.0,C,0.67,0.8,0.735,28.4919,0.055479,0.002841,-0.031906,0.15497,73,309.38,90,256,57.37
AAPL,2026-08-04,2026-10-16,390.0,C,0.54,0.63,0.585,28.5163,0.045169,0.00241,-0.027049,0.131543,73,309.38,106,13533,57.37
AAPL,2026-08-04,2026-10-16,395.0,C,0.41,0.54,0.475,28.968,0.038905,0.002102,-0.024297,0.116567,73,309.38,6,384,57.37
AAPL,2026-08-04,2026-10-16,400.0,C,0.34,0.42,0.38,28.9558,0.031339,0.001761,-0.020301,0.097608,73,309.38,514,6734,57.37
AAPL,2026-08-04,2026-10-16,405.0,C,0.25,0.37,0.31,29.4929,0.027468,0.00155,-0.0185,0.087487,73,309.38,1,79,57.37
AAPL,2026-08-04,2026-10-16,410.0,C,0.21,0.3,0.255,29.6638,0.022748,0.001315,-0.015861,0.074694,73,309.38,30,2754,57.37
AAPL,2026-08-04,2026-10-16,415.0,C,0.15,0.26,0.205,30.1032,0.01975,0.00115,-0.014261,0.06628,73,309.38,1,44,57.37
AAPL,2026-08-04,2026-10-16,420.0,C,0.12,0.22,0.17,30.4206,0.016832,0.000993,-0.012558,0.057838,73,309.38,30,271,57.37
AAPL,2026-08-04,2026-10-16,425.0,C,0.11,0.39,0.25,34.0583,0.025027,0.001241,-0.019628,0.080936,73,309.38,1,67,57.37
AAPL,2026-08-04,2026-10-16,430.0,C,0.07,0.18,0.125,31.5437,0.013541,0.000795,-0.010774,0.047977,73,309.38,9,683,57.37
AAPL,2026-08-04,2026-10-16,440.0,C,0.04,0.3,0.17,35.7428,0.01891,0.000934,-0.016203,0.063877,73,309.38,3,168,57.37
AAPL,2026-08-04,2026-10-16,450.0,C,0.05,0.3,0.175,37.6471,0.018,0.00085,-0.01633,0.061249,73,309.38,70,1976,57.37
AAPL,2026-08-04,2026-10-16,460.0,C,0.01,0.1,0.055,34.5221,0.007269,0.000422,-0.006809,0.027873,73,309.38,2,705,57.37
AAPL,2026-08-04,2026-10-16,470.0,C,0.0,0.15,0.075,37.8424,0.009586,0.000491,-0.009498,0.035538,73,309.38,2,105,57.37
AAPL,2026-08-04,2026-10-16,480.0,C,0.0,0.29,0.145,42.8228,0.015435,0.000655,-0.016208,0.053701,73,309.38,10,22,57.37
AAPL,2026-08-04,2026-10-16,490.0,C,0.0,0.4,0.2,46.4849,0.019127,0.000725,-0.021098,0.064499,73,309.38,1,25,57.37
AAPL,2026-08-04,2026-10-16,500.0,C,0.02,0.07,0.045,39.2584,0.004608,0.000248,-0.00514,0.018603,73,309.38,50,131,57.37
AAPL,2026-08-04,2026-10-16,510.0,C,0.0,0.48,0.24,51.0991,0.020657,0.000704,-0.0247,0.068851,73,309.38,2,9,57.37
AAPL,2026-08-04,2026-10-16,520.0,C,0.0,0.48,0.24,52.7348,0.020074,0.000666,-0.024857,0.067202,73,309.38,1,4,57.37
AAPL,2026-08-04,2026-10-16,530.0,C,0.0,2.14,1.07,61.2553,0.035864,0.00093,-0.046783,0.10907,73,309.38,1,5,57.37
AAPL,2026-08-04,2026-10-16,540.0,C,0.0,2.14,1.07,62.9398,0.035023,0.000888,-0.047108,0.106968,73,309.38,11,8,57.37
AAPL,2026-08-04,2026-10-16,550.0,C,0.0,2.14,1.07,64.5755,0.034224,0.000849,-0.047394,0.10496,73,309.38,1,12,57.37
AAPL,2026-08-04,2026-10-16,560.0,C,0.0,2.14,1.07,66.1869,0.033518,0.000814,-0.04772,0.103174,73,309.38,1,5,57.37
AAPL,2026-08-04,2026-10-16,570.0,C,0.0,2.14,1.07,67.7616,0.03286,0.000783,-0.048038,0.101504,73,309.38,1,14,57.37
AAPL,2026-08-04,2026-10-16,580.0,C,0.0,2.14,1.07,69.2874,0.032216,0.000753,-0.048298,0.099861,73,309.38,1,35,57.37
AAPL,2026-08-04,2026-10-16,590.0,C,0.0,0.08,0.04,51.563,0.004003,0.000166,-0.005911,0.016402,73,309.38,1,77,57.37
AAPL,2026-08-04,2026-10-16,600.0,C,0.0,2.14,1.07,72.2659,0.031104,0.000701,-0.048886,0.097002,73,309.38,15,70,57.37
AAPL,2026-08-04,2026-10-16,130.0,P,0.0,1.01,0.505,91.1134,-0.00939,0.0002,-0.021437,0.034901,73,309.38,1,87,57.37
AAPL,2026-08-04,2026-10-16,135.0,P,0.0,0.89,0.445,85.8888,-0.008882,0.000202,-0.019235,0.033244,73,309.38,2,70,57.37
AAPL,2026-08-04,2026-10-16,140.0,P,0.01,0.3,0.155,71.8753,-0.004016,0.00012,-0.007957,0.016449,73,309.38,66,596,57.37
AAPL,2026-08-04,2026-10-16,145.0,P,0.0,0.1,0.05,60.9379,-0.001618,6.2e-05,-0.002963,0.007233,73,309.38,40,359,57.37
AAPL,2026-08-04,2026-10-16,150.0,P,0.03,0.07,0.05,58.3989,-0.001689,6.7e-05,-0.002951,0.007523,73,309.38,27,375,57.37
AAPL,2026-08-04,2026-10-16,155.0,P,0.01,1.08,0.545,74.9514,-0.012168,0.000305,-0.022019,0.043739,73,309.38,4,95,57.37
AAPL,2026-08-04,2026-10-16,160.0,P,0.01,0.3,0.155,60.5473,-0.004686,0.000163,-0.007669,0.018884,73,309.38,6,200,57.37
AAPL,2026-08-04,2026-10-16,165.0,P,0.02,0.5,0.26,61.9144,-0.007432,0.00024,-0.011795,0.028423,73,309.38,22,218,57.37
AAPL,2026-08-04,2026-10-16,170.0,P,0.0,0.3,0.15,55.1762,-0.004937,0.000187,-0.007307,0.019783,73,309.38,7,307,57.37
AAPL,2026-08-04,2026-10-16,175.0,P,0.04,0.19,0.115,51.0747,-0.004128,0.000172,-0.005758,0.016861,73,309.38,4,601,57.37
AAPL,2026-08-04,2026-10-16,180.0,P,0.05,0.16,0.105,50.7817,-0.005682,0.000231,-0.007603,0.022417,73,309.38,1,318,57.37
AAPL,2026-08-04,2026-10-16,185.0,P,0.07,0.17,0.12,48.8286,-0.006242,0.000261,-0.007936,0.024364,73,309.38,3,872,57.37
AAPL,2026-08-04,2026-10-16,190.0,P,0.01,0.19,0.1,47.1685,-0.007101,0.000302,-0.008581,0.027306,73,309.38,4,1556,57.37
AAPL,2026-08-04,2026-10-16,195.0,P,0.11,0.22,0.165,45.8013,-0.008372,0.00036,-0.009618,0.031564,73,309.38,3,308,57.37
AAPL,2026-08-04,2026-10-16,200.0,P,0.01,0.25,0.13,44.2877,-0.009659,0.000422,-0.010525,0.035776,73,309.38,32,1068,57.37
AAPL,2026-08-04,2026-10-16,205.0,P,0.05,0.29,0.17,42.9449,-0.011369,0.000502,-0.011745,0.041236,73,309.38,1,1794,57.37
AAPL,2026-08-04,2026-10-16,210.0,P,0.04,0.33,0.185,41.5045,-0.013194,0.00059,-0.01289,0.046911,73,309.38,10,3154,57.37
AAPL,2026-08-04,2026-10-16,215.0,P,0.28,0.38,0.33,40.1373,-0.015433,0.000699,-0.01424,0.053694,73,309.38,43,3162,57.37
AAPL,2026-08-04,2026-10-16,220.0,P,0.35,0.44,0.395,38.819,-0.018144,0.00083,-0.015784,0.061666,73,309.38,140,3190,57.37
AAPL,2026-08-04,2026-10-16,225.0,P,0.42,0.52,0.47,37.6471,-0.021689,0.000996,-0.01777,0.07175,73,309.38,159,2242,57.37
AAPL,2026-08-04,2026-10-16,230.0,P,0.51,0.6,0.555,36.3043,-0.025393,0.001179,-0.019517,0.081928,73,309.38,109,4304,57.37
AAPL,2026-08-04,2026-10-16,235.0,P,0.6,0.71,0.655,35.1569,-0.030394,0.001414,-0.021893,0.095166,73,309.38,130,6693,57.37
AAPL,2026-08-04,2026-10-16,240.0,P,0.75,0.84,0.795,33.985,-0.03626,0.001692,-0.024398,0.110056,73,309.38,208,6315,57.37
AAPL,2026-08-04,2026-10-16,245.0,P,0.71,1.0,0.855,32.8742,-0.043521,0.002029,-0.027281,0.12766,73,309.38,293,4367,57.37
AAPL,2026-08-04,2026-10-16,250.0,P,1.13,1.21,1.17,31.8854,-0.052819,0.002442,-0.030778,0.149061,73,309.38,219,4949,57.37
AAPL,2026-08-04,2026-10-16,255.0,P,1.39,1.49,1.44,31.031,-0.064747,0.002944,-0.034996,0.174901,73,309.38,72,4689,57.37
AAPL,2026-08-04,2026-10-16,260.0,P,1.72,1.82,1.77,30.1399,-0.078855,0.003526,-0.039348,0.203461,73,309.38,261,5300,57.37
AAPL,2026-08-04,2026-10-16,265.0,P,2.11,2.45,2.28,30.1277,-0.101694,0.004262,-0.047291,0.24581,73,309.38,85,2789,57.37
AAPL,2026-08-04,2026-10-16,270.0,P,2.63,2.77,2.7,28.5896,-0.117589,0.004985,-0.049462,0.272834,73,309.38,265,7603,57.37
AAPL,2026-08-04,2026-10-16,275.0,P,3.25,3.45,3.35,27.967,-0.143658,0.005853,-0.05518,0.31338,73,309.38,84,2968,57.37
AAPL,2026-08-04,2026-10-16,280.0,P,4.05,4.25,4.15,27.2895,-0.173676,0.006794,-0.060471,0.354939,73,309.38,434,11519,57.37
AAPL,2026-08-04,2026-10-16,285.0,P,5.05,5.25,5.15,26.7128,-0.209183,0.00778,-0.065703,0.397839,73,309.38,787,2768,57.37
AAPL,2026-08-04,2026-10-16,290.0,P,6.25,6.5,6.375,26.2672,-0.250497,0.008753,-0.070676,0.440136,73,309.38,1721,4860,57.37
AAPL,2026-08-04,2026-10-16,295.0,P,7.7,8.0,7.85,25.8766,-0.296807,0.009664,-0.074734,0.478727,73,309.38,610,3143,57.37
AAPL,2026-08-04,2026-10-16,300.0,P,9.4,9.75,9.575,25.4921,-0.347345,0.010472,-0.077354,0.511052,73,309.38,2632,15159,57.37
AAPL,2026-08-04,2026-10-16,305.0,P,11.4,12.05,11.725,25.6294,-0.402533,0.010913,-0.080147,0.535416,73,309.38,2833,2481,57.37
AAPL,2026-08-04,2026-10-16,310.0,P,13.7,14.15,13.925,24.8939,-0.458311,0.011519,-0.077795,0.548956,73,309.38,259,3593,57.37
AAPL,2026-08-04,2026-10-16,315.0,P,16.25,17.5,16.875,25.9102,-0.51318,0.011122,-0.080037,0.551671,73,309.38,102,3864,57.37
AAPL,2026-08-04,2026-10-16,320.0,P,19.05,20.45,19.75,25.721,-0.567906,0.011047,-0.075946,0.543957,73,309.38,26,3492,57.37
AAPL,2026-08-04,2026-10-16,325.0,P,21.85,23.05,22.45,24.3568,-0.62901,0.011214,-0.06516,0.522853,73,309.38,36,1450,57.37
AAPL,2026-08-04,2026-10-16,330.0,P,25.1,26.95,26.025,25.0099,-0.675177,0.010399,-0.061373,0.497863,73,309.38,119,1781,57.37
AAPL,2026-08-04,2026-10-16,335.0,P,28.8,30.5,29.65,24.4881,-0.726948,0.009814,-0.051265,0.460046,73,309.38,16,661,57.37
AAPL,2026-08-04,2026-10-16,340.0,P,32.75,35.4,34.075,26.6487,-0.748479,0.008646,-0.05344,0.441087,73,309.38,46,648,57.37
AAPL,2026-08-04,2026-10-16,345.0,P,36.9,39.6,38.25,26.9355,-0.783038,0.007882,-0.046397,0.406404,73,309.38,15,496,57.37
AAPL,2026-08-04,2026-10-16,350.0,P,41.25,43.9,42.575,27.137,-0.814433,0.007123,-0.038773,0.370023,73,309.38,23,351,57.37
AAPL,2026-08-04,2026-10-16,355.0,P,45.75,48.4,47.075,27.6069,-0.839385,0.006386,-0.032572,0.337489,73,309.38,6,43,57.37
AAPL,2026-08-04,2026-10-16,360.0,P,50.35,53.0,51.675,28.1318,-0.860434,0.005706,-0.026842,0.307306,73,309.38,2,165,57.37
AAPL,2026-08-04,2026-10-16,365.0,P,55.1,57.7,56.4,28.791,-0.877322,0.0051,-0.022055,0.281103,73,309.38,1,9,57.37
AAPL,2026-08-04,2026-10-16,370.0,P,59.25,62.55,60.9,29.8652,-0.888211,0.004603,-0.019625,0.263188,73,309.38,1,48,57.37
AAPL,2026-08-04,2026-10-16,380.0,P,69.05,72.35,70.7,32.154,-0.904227,0.003822,-0.016101,0.235251,73,309.38,1,6,57.37
AAPL,2026-08-04,2026-10-16,390.0,P,78.65,82.4,80.525,35.34,-0.909719,0.003329,-0.01761,0.225202,73,309.38,2,0,57.37
AAPL,2026-08-04,2026-10-16,405.0,P,93.6,97.3,95.45,39.0265,-0.921183,0.002722,-0.015594,0.203387,73,309.38,0,0,57.37
AAPL,2026-08-04,2026-10-16,410.0,P,98.6,102.35,100.475,40.6195,-0.921936,0.002597,-0.016867,0.201911,73,309.38,1,1,57.37
AAPL,2026-08-04,2026-10-16,590.0,P,278.6,282.35,280.475,76.6726,-0.954436,0.000903,-0.010981,0.132467,73,309.38,0,0,57.37
AAPL,2026-08-04,2026-10-16,600.0,P,288.6,292.35,290.475,78.2107,-0.955198,0.000873,-0.010381,0.13068,73,309.38,0,0,57.37
