symbol,quote_date,expiration,strike,option_type,bid,ask,mid,implied_volatility,delta,gamma,theta,vega,dte,underlying_price,volume,open_interest,iv_rank
TSLA,2026-08-14,2026-08-21,50.0,C,289.95,294.75,292.35,473.4379,0.999448,9e-06,-0.036234,0.000923,7,342.27,6,16,84.89
TSLA,2026-08-14,2026-08-21,55.0,C,284.95,289.8,287.375,462.5004,0.999253,1.2e-05,-0.045859,0.001221,7,342.27,6,12,84.89
TSLA,2026-08-14,2026-08-21,60.0,C,279.95,284.8,282.375,440.6254,0.999211,1.3e-05,-0.046451,0.001284,7,342.27,1,4,84.89
TSLA,2026-08-14,2026-08-21,65.0,C,274.95,279.8,277.375,420.313,0.999173,1.4e-05,-0.046784,0.00134,7,342.27,0,0,84.89
TSLA,2026-08-14,2026-08-21,80.0,C,259.95,264.8,262.375,368.7501,0.999043,1.9e-05,-0.048446,0.001533,7,342.27,3,5,84.89
TSLA,2026-08-14,2026-08-21,85.0,C,255.0,259.8,257.4,361.7188,0.998788,2.3e-05,-0.057743,0.001904,7,342.27,5,3,84.89
TSLA,2026-08-14,2026-08-21,90.0,C,250.0,254.8,252.4,347.6564,0.998722,2.6e-05,-0.058667,0.001998,7,342.27,4,10,84.89
TSLA,2026-08-14,2026-08-21,100.0,C,240.25,244.65,242.45,332.8127,0.998144,3.8e-05,-0.076802,0.002808,7,342.27,7,830,84.89
TSLA,2026-08-14,2026-08-21,110.0,C,230.05,234.7,232.375,290.2346,0.998765,3e-05,-0.051244,0.001937,7,342.27,20,99,84.89
TSLA,2026-08-14,2026-08-21,115.0,C,225.35,229.55,227.45,296.4846,0.997904,4.7e-05,-0.077958,0.003135,7,342.27,2,204,84.89
TSLA,2026-08-14,2026-08-21,120.0,C,220.25,224.6,222.425,280.8597,0.99808,4.6e-05,-0.070164,0.002896,7,342.27,3,118,84.89
TSLA,2026-08-14,2026-08-21,125.0,C,215.4,219.6,217.5,283.2034,0.997165,6.5e-05,-0.095913,0.004121,7,342.27,12,161,84.89
TSLA,2026-08-14,2026-08-21,130.0,C,210.25,214.6,212.425,260.1566,0.997942,5.3e-05,-0.070395,0.003084,7,342.27,12,217,84.89
TSLA,2026-08-14,2026-08-21,135.0,C,205.35,209.7,207.525,266.016,0.996651,8e-05,-0.104516,0.004788,7,342.27,6,190,84.89
TSLA,2026-08-14,2026-08-21,140.0,C,200.4,204.7,202.55,259.3754,0.996211,9.2e-05,-0.113119,0.005349,7,342.27,1,123,84.89
TSLA,2026-08-14,2026-08-21,145.0,C,195.2,199.75,197.475,240.4301,0.997003,8e-05,-0.088971,0.004333,7,342.27,5,122,84.89
TSLA,2026-08-14,2026-08-21,150.0,C,190.7,194.25,192.475,231.641,0.996874,8.6e-05,-0.08952,0.0045,7,342.27,3,194,84.89
TSLA,2026-08-14,2026-08-21,155.0,C,185.2,189.75,187.475,223.0473,0.996749,9.3e-05,-0.089834,0.004662,7,342.27,6,77,84.89
TSLA,2026-08-14,2026-08-21,160.0,C,180.4,184.6,182.5,217.7739,0.996259,0.000108,-0.098318,0.005289,7,342.27,6,235,84.89
TSLA,2026-08-14,2026-08-21,165.0,C,175.25,179.6,177.425,199.8047,0.997264,8.9e-05,-0.073546,0.00399,7,342.27,1,278,84.89
TSLA,2026-08-14,2026-08-21,170.0,C,170.05,174.85,172.45,195.7031,0.996738,0.000106,-0.082447,0.004676,7,342.27,1,38,84.89
TSLA,2026-08-14,2026-08-21,175.0,C,165.45,169.65,167.55,199.0234,0.994977,0.000154,-0.115355,0.006882,7,342.27,1,538,84.89
TSLA,2026-08-14,2026-08-21,180.0,C,160.4,164.4,162.4,174.0236,0.997365,9.9e-05,-0.066073,0.003858,7,342.27,25,77,84.89
TSLA,2026-08-14,2026-08-21,185.0,C,155.6,159.6,157.6,187.9883,0.993723,0.000199,-0.131123,0.008388,7,342.27,2,18,84.89
TSLA,2026-08-14,2026-08-21,190.0,C,150.65,154.9,152.775,191.9922,0.990595,0.000278,-0.183069,0.011973,7,342.27,1,98,84.89
TSLA,2026-08-14,2026-08-21,195.0,C,145.05,149.7,147.375,150.3909,0.997514,0.000108,-0.05896,0.00366,7,342.27,1,35,84.89
TSLA,2026-08-14,2026-08-21,200.0,C,141.0,143.25,142.125,197.3145,0.982375,0.000465,-0.310027,0.020609,7,342.27,25,205,84.89
TSLA,2026-08-14,2026-08-21,205.0,C,135.05,139.8,137.425,144.5315,0.996146,0.000167,-0.076681,0.005432,7,342.27,1,56,84.89
TSLA,2026-08-14,2026-08-21,210.0,C,130.65,134.45,132.55,149.219,0.993257,0.000267,-0.116256,0.008937,7,342.27,36,76,84.89
TSLA,2026-08-14,2026-08-21,215.0,C,125.1,129.9,127.5,139.0628,0.994037,0.000257,-0.101153,0.008015,7,342.27,4,35,84.89
TSLA,2026-08-14,2026-08-21,220.0,C,120.5,124.4,122.45,128.7113,0.994954,0.000239,-0.085609,0.00691,7,342.27,33,559,84.89
TSLA,2026-08-14,2026-08-21,225.0,C,115.35,119.65,117.5,126.7582,0.99346,0.000305,-0.101293,0.008699,7,342.27,2,63,84.89
TSLA,2026-08-14,2026-08-21,230.0,C,110.45,114.6,112.525,122.559,0.992475,0.000358,-0.109187,0.009845,7,342.27,2,113,84.89
TSLA,2026-08-14,2026-08-21,235.0,C,105.45,109.8,107.625,122.3637,0.989497,0.00048,-0.138644,0.013186,7,342.27,1,72,84.89
TSLA,2026-08-14,2026-08-21,240.0,C,101.1,104.45,102.775,122.9496,0.985149,0.000644,-0.180042,0.017797,7,342.27,47,438,84.89
TSLA,2026-08-14,2026-08-21,245.0,C,95.4,99.7,97.55,106.5434,0.990476,0.000506,-0.116581,0.012106,7,342.27,2,73,84.89
TSLA,2026-08-14,2026-08-21,250.0,C,91.0,94.5,92.75,109.7172,0.984148,0.000764,-0.172229,0.018822,7,342.27,62,356,84.89
TSLA,2026-08-14,2026-08-21,255.0,C,85.15,89.9,87.525,93.9454,0.990173,0.000589,-0.108945,0.012442,7,342.27,1,89,84.89
TSLA,2026-08-14,2026-08-21,260.0,C,80.6,84.45,82.525,88.5743,0.989511,0.000662,-0.109261,0.01317,7,342.27,26,279,84.89
TSLA,2026-08-14,2026-08-21,265.0,C,75.75,78.0,76.875,99.2188,0.973569,0.001302,-0.231548,0.029024,7,342.27,50,488,84.89
TSLA,2026-08-14,2026-08-21,270.0,C,70.8,73.0,71.9,93.1641,0.971826,0.001463,-0.23001,0.030612,7,342.27,53,655,84.89
TSLA,2026-08-14,2026-08-21,275.0,C,65.9,69.4,67.65,77.4416,0.982166,0.001197,-0.142345,0.020818,7,342.27,6,136,84.89
TSLA,2026-08-14,2026-08-21,280.0,C,60.65,64.5,62.575,69.3851,0.984035,0.001215,-0.121622,0.018937,7,342.27,7,468,84.89
TSLA,2026-08-14,2026-08-21,285.0,C,55.6,59.8,57.7,68.0667,0.977099,0.001683,-0.153139,0.025734,7,342.27,17,99,84.89
TSLA,2026-08-14,2026-08-21,287.5,C,53.5,57.3,55.4,70.2151,0.967787,0.002168,-0.199501,0.034207,7,342.27,1,38,84.89
TSLA,2026-08-14,2026-08-21,290.0,C,50.85,53.1,51.975,71.3138,0.958592,0.002622,-0.241843,0.042009,7,342.27,23,515,84.89
TSLA,2026-08-14,2026-08-21,292.5,C,48.05,52.3,50.175,59.2289,0.975316,0.00206,-0.144679,0.027409,7,342.27,40,40,84.89
TSLA,2026-08-14,2026-08-21,295.0,C,46.15,49.3,47.725,57.8129,0.971626,0.002371,-0.156,0.030792,7,342.27,39,140,84.89
TSLA,2026-08-14,2026-08-21,297.5,C,43.6,46.85,45.225,55.0786,0.970307,0.002584,-0.154858,0.031978,7,342.27,73,117,84.89
TSLA,2026-08-14,2026-08-21,300.0,C,42.05,42.8,42.425,54.0044,0.964807,0.003032,-0.171026,0.036791,7,342.27,128,2165,84.89
TSLA,2026-08-14,2026-08-21,302.5,C,38.6,40.95,39.775,61.4994,0.93335,0.004435,-0.297404,0.061279,7,342.27,17,366,84.89
TSLA,2026-08-14,2026-08-21,305.0,C,36.7,39.3,38.0,51.9536,0.950345,0.004165,-0.209509,0.048616,7,342.27,84,1876,84.89
TSLA,2026-08-14,2026-08-21,307.5,C,33.55,36.85,35.2,64.9418,0.893249,0.005978,-0.431869,0.087225,7,342.27,3,364,84.89
TSLA,2026-08-14,2026-08-21,310.0,C,32.05,33.1,32.575,47.5591,0.939099,0.005346,-0.223265,0.057126,7,342.27,211,2587,84.89
TSLA,2026-08-14,2026-08-21,312.5,C,29.55,31.3,30.425,52.6616,0.902154,0.00692,-0.336076,0.08187,7,342.27,84,833,84.89
TSLA,2026-08-14,2026-08-21,315.0,C,27.2,28.35,27.775,44.605,0.917198,0.007217,-0.259347,0.07232,7,342.27,299,2995,84.89
TSLA,2026-08-14,2026-08-21,317.5,C,24.85,26.5,25.675,47.8277,0.880604,0.008793,-0.35063,0.094481,7,342.27,157,874,84.89
TSLA,2026-08-14,2026-08-21,320.0,C,22.85,24.1,23.475,45.2398,0.8679,0.009975,-0.355284,0.101387,7,342.27,827,3800,84.89
TSLA,2026-08-14,2026-08-21,322.5,C,20.4,21.3,20.85,39.1852,0.872147,0.011259,-0.305516,0.099119,7,342.27,137,1501,84.89
TSLA,2026-08-14,2026-08-21,325.0,C,18.55,19.0,18.775,37.3297,0.851082,0.013114,-0.320851,0.109983,7,342.27,1575,6027,84.89
TSLA,2026-08-14,2026-08-21,327.5,C,16.55,17.0,16.775,37.3175,0.814106,0.015136,-0.364778,0.126902,7,342.27,1246,1371,84.89
TSLA,2026-08-14,2026-08-21,330.0,C,14.65,14.85,14.75,35.7184,0.781454,0.017422,-0.38231,0.139812,7,342.27,4340,5730,84.89
TSLA,2026-08-14,2026-08-21,332.5,C,12.5,13.0,12.75,35.4621,0.735225,0.019478,-0.417281,0.155186,7,342.27,1000,1349,84.89
TSLA,2026-08-14,2026-08-21,335.0,C,11.05,11.25,11.15,35.1203,0.684501,0.021354,-0.445298,0.168494,7,342.27,3570,4626,84.89
TSLA,2026-08-14,2026-08-21,340.0,C,8.1,8.2,8.15,34.7785,0.570232,0.023825,-0.481419,0.186158,7,342.27,20893,9176,84.89
TSLA,2026-08-14,2026-08-21,345.0,C,5.7,5.85,5.775,35.1447,0.450527,0.023764,-0.4861,0.18764,7,342.27,26726,6541,84.89
TSLA,2026-08-14,2026-08-21,350.0,C,3.95,4.0,3.975,35.3034,0.338024,0.021848,-0.448321,0.173287,7,342.27,36101,17753,84.89
TSLA,2026-08-14,2026-08-21,355.0,C,2.68,2.72,2.7,35.987,0.243964,0.018388,-0.390361,0.148667,7,342.27,14977,3784,84.89
TSLA,2026-08-14,2026-08-21,357.5,C,2.2,2.25,2.225,36.4997,0.20554,0.016449,-0.358586,0.134884,7,342.27,7334,3239,84.89
TSLA,2026-08-14,2026-08-21,360.0,C,1.8,1.85,1.825,36.9635,0.171774,0.01454,-0.324592,0.120745,7,342.27,17798,12844,84.89
TSLA,2026-08-14,2026-08-21,362.5,C,1.49,1.53,1.51,37.5372,0.143429,0.012716,-0.292386,0.107243,7,342.27,2202,2106,84.89
TSLA,2026-08-14,2026-08-21,365.0,C,1.24,1.28,1.26,38.2575,0.120252,0.011048,-0.263552,0.094958,7,342.27,8801,2450,84.89
TSLA,2026-08-14,2026-08-21,367.5,C,1.05,1.07,1.06,38.941,0.100491,0.009542,-0.235604,0.083483,7,342.27,5537,758,84.89
TSLA,2026-08-14,2026-08-21,370.0,C,0.89,0.91,0.9,39.7955,0.084853,0.008239,-0.212254,0.073661,7,342.27,18990,6632,84.89
TSLA,2026-08-14,2026-08-21,372.5,C,0.76,0.78,0.77,40.6988,0.072019,0.007114,-0.191532,0.065047,7,342.27,1191,991,84.89
TSLA,2026-08-14,2026-08-21,375.0,C,0.66,0.67,0.665,41.5777,0.061173,0.006137,-0.172315,0.057325,7,342.27,2905,3639,84.89
TSLA,2026-08-14,2026-08-21,377.5,C,0.57,0.59,0.58,42.6275,0.052823,0.005332,-0.157282,0.051069,7,342.27,710,1846,84.89
TSLA,2026-08-14,2026-08-21,380.0,C,0.51,0.52,0.515,43.6773,0.045814,0.004645,-0.143752,0.045581,7,342.27,4845,8602,84.89
TSLA,2026-08-14,2026-08-21,382.5,C,0.45,0.47,0.46,44.8736,0.040424,0.004086,-0.133414,0.041197,7,342.27,1118,1234,84.89
TSLA,2026-08-14,2026-08-21,385.0,C,0.4,0.42,0.41,45.9478,0.035468,0.003587,-0.12272,0.037027,7,342.27,1332,3877,84.89
TSLA,2026-08-14,2026-08-21,387.5,C,0.37,0.38,0.375,47.0708,0.031403,0.003167,-0.113681,0.033496,7,342.27,449,444,84.89
TSLA,2026-08-14,2026-08-21,390.0,C,0.33,0.35,0.34,48.2915,0.028194,0.002823,-0.106608,0.03063,7,342.27,1626,9758,84.89
TSLA,2026-08-14,2026-08-21,392.5,C,0.31,0.32,0.315,49.4634,0.025321,0.00252,-0.099785,0.028001,7,342.27,297,897,84.89
TSLA,2026-08-14,2026-08-21,395.0,C,0.28,0.29,0.285,50.3423,0.022203,0.002217,-0.090904,0.025071,7,342.27,420,5185,84.89
TSLA,2026-08-14,2026-08-21,397.5,C,0.26,0.28,0.27,51.6606,0.020412,0.002012,-0.086851,0.02335,7,342.27,52,394,84.89
TSLA,2026-08-14,2026-08-21,400.0,C,0.24,0.25,0.245,52.6372,0.018217,0.001793,-0.080317,0.021198,7,342.27,10053,19883,84.89
TSLA,2026-08-14,2026-08-21,402.5,C,0.22,0.24,0.23,53.8579,0.016731,0.001629,-0.076399,0.019713,7,342.27,349,565,84.89
TSLA,2026-08-14,2026-08-21,405.0,C,0.21,0.22,0.215,54.9809,0.015277,0.001476,-0.072126,0.018234,7,342.27,662,3993,84.89
TSLA,2026-08-14,2026-08-21,410.0,C,0.18,0.2,0.19,57.3246,0.013014,0.001233,-0.065468,0.015882,7,342.27,749,6951,84.89
TSLA,2026-08-14,2026-08-21,415.0,C,0.16,0.17,0.165,59.3754,0.010908,0.001022,-0.058163,0.013627,7,342.27,970,4101,84.89
TSLA,2026-08-14,2026-08-21,420.0,C,0.14,0.16,0.15,61.7191,0.009555,0.000876,-0.053842,0.01214,7,342.27,1703,22570,84.89
TSLA,2026-08-14,2026-08-21,425.0,C,0.13,0.14,0.135,63.7699,0.008215,0.000742,-0.048716,0.010634,7,342.27,224,2070,84.89
TSLA,2026-08-14,2026-08-21,430.0,C,0.11,0.12,0.115,65.43,0.006847,0.000616,-0.042567,0.009059,7,342.27,710,6328,84.89
TSLA,2026-08-14,2026-08-21,435.0,C,0.1,0.11,0.105,67.4808,0.006017,0.000533,-0.039144,0.008079,7,342.27,334,2344,84.89
TSLA,2026-08-14,2026-08-21,440.0,C,0.09,0.1,0.095,69.4339,0.005283,0.000461,-0.035878,0.007198,7,342.27,322,6866,84.89
TSLA,2026-08-14,2026-08-21,445.0,C,0.08,0.09,0.085,71.2893,0.004633,0.0004,-0.032761,0.006403,7,342.27,100,2476,84.89
TSLA,2026-08-14,2026-08-21,450.0,C,0.07,0.09,0.08,73.2425,0.004143,0.000352,-0.030454,0.005795,7,342.27,1303,13472,84.89
TSLA,2026-08-14,2026-08-21,455.0,C,0.07,0.08,0.075,75.3909,0.003817,0.000318,-0.029123,0.005384,7,342.27,97,2327,84.89
TSLA,2026-08-14,2026-08-21,460.0,C,0.06,0.07,0.065,76.5627,0.003181,0.000266,-0.025109,0.004572,7,342.27,140,5845,84.89
TSLA,2026-08-14,2026-08-21,465.0,C,0.06,0.07,0.065,79.1018,0.003108,0.000252,-0.025401,0.004477,7,342.27,9,1298,84.89
TSLA,2026-08-14,2026-08-21,470.0,C,0.05,0.06,0.055,80.0783,0.002572,0.00021,-0.021674,0.003774,7,342.27,71,5057,84.89
TSLA,2026-08-14,2026-08-21,475.0,C,0.05,0.06,0.055,82.4221,0.002494,0.000198,-0.021692,0.00367,7,342.27,33,2758,84.89
TSLA,2026-08-14,2026-08-21,480.0,C,0.04,0.05,0.045,83.2033,0.002044,0.000164,-0.018286,0.003065,7,342.27,53,4594,84.89
TSLA,2026-08-14,2026-08-21,485.0,C,0.02,0.08,0.05,86.3283,0.002188,0.000168,-0.020175,0.00326,7,342.27,162,724,84.89
TSLA,2026-08-14,2026-08-21,490.0,C,0.03,0.05,0.04,86.7189,0.00174,0.000136,-0.016461,0.002648,7,342.27,43,2950,84.89
TSLA,2026-08-14,2026-08-21,495.0,C,0.03,0.11,0.07,93.7501,0.00279,0.000193,-0.027294,0.004062,7,342.27,3109,921,84.89
TSLA,2026-08-14,2026-08-21,500.0,C,0.03,0.04,0.035,89.8439,0.001449,0.000111,-0.014433,0.002242,7,342.27,752,18133,84.89
TSLA,2026-08-14,2026-08-21,505.0,C,0.01,0.12,0.065,97.6563,0.00253,0.000169,-0.026021,0.003718,7,342.27,19,2173,84.89
TSLA,2026-08-14,2026-08-21,510.0,C,0.01,0.08,0.045,96.0938,0.001722,0.000122,-0.018063,0.002623,7,342.27,15,1702,84.89
TSLA,2026-08-14,2026-08-21,515.0,C,0.01,0.09,0.05,99.2188,0.001868,0.000127,-0.020079,0.002824,7,342.27,1,355,84.89
TSLA,2026-08-14,2026-08-21,520.0,C,0.01,0.03,0.02,92.9688,0.00074,5.8e-05,-0.00806,0.00121,7,342.27,119,4471,84.89
TSLA,2026-08-14,2026-08-21,525.0,C,0.01,0.05,0.03,98.4375,0.001089,7.8e-05,-0.012171,0.001726,7,342.27,10,679,84.89
TSLA,2026-08-14,2026-08-21,530.0,C,0.01,0.05,0.03,100.7817,0.001113,7.8e-05,-0.012714,0.001761,7,342.27,2,2042,84.89
TSLA,2026-08-14,2026-08-21,535.0,C,0.0,0.05,0.025,100.7817,0.000888,6.3e-05,-0.010326,0.00143,7,342.27,3,546,84.89
TSLA,2026-08-14,2026-08-21,540.0,C,0.01,0.02,0.015,98.4375,0.000535,4.1e-05,-0.006323,0.000897,7,342.27,1,1099,84.89
TSLA,2026-08-14,2026-08-21,545.0,C,0.0,0.05,0.025,104.688,0.00087,6e-05,-0.010532,0.001405,7,342.27,5,247,84.89
TSLA,2026-08-14,2026-08-21,550.0,C,0.0,0.04,0.02,104.688,0.000701,4.9e-05,-0.008629,0.001151,7,342.27,345,4996,84.89
TSLA,2026-08-14,2026-08-21,555.0,C,0.0,0.05,0.025,108.2036,0.000827,5.5e-05,-0.01039,0.001341,7,342.27,5,700,84.89
TSLA,2026-08-14,2026-08-21,560.0,C,0.0,0.02,0.01,101.563,0.000307,2.3e-05,-0.0039,0.000536,7,342.27,2,2175,84.89
TSLA,2026-08-14,2026-08-21,565.0,C,0.0,0.05,0.025,111.7192,0.000795,5.1e-05,-0.01034,0.001292,7,342.27,1,391,84.89
TSLA,2026-08-14,2026-08-21,570.0,C,0.0,0.01,0.005,100.0005,0.000154,1.3e-05,-0.002014,0.000281,7,342.27,15,849,84.89
TSLA,2026-08-14,2026-08-21,575.0,C,0.0,0.05,0.025,115.6254,0.000802,5e-05,-0.010783,0.001302,7,342.27,3,205,84.89
TSLA,2026-08-14,2026-08-21,580.0,C,0.0,0.05,0.025,117.1879,0.000777,4.8e-05,-0.010618,0.001265,7,342.27,45,1427,84.89
TSLA,2026-08-14,2026-08-21,585.0,C,0.0,0.05,0.025,118.7504,0.000755,4.6e-05,-0.010476,0.001232,7,342.27,1,131,84.89
TSLA,2026-08-14,2026-08-21,590.0,C,0.0,0.05,0.025,120.3129,0.000735,4.4e-05,-0.010356,0.001202,7,342.27,2,657,84.89
TSLA,2026-08-14,2026-08-21,595.0,C,0.0,0.05,0.025,121.8754,0.000717,4.3e-05,-0.010257,0.001175,7,342.27,48,128,84.89
TSLA,2026-08-14,2026-08-21,600.0,C,0.0,0.02,0.01,115.6254,0.000312,2.1e-05,-0.004499,0.000543,7,342.27,28,7853,84.89
TSLA,2026-08-14,2026-08-21,605.0,C,0.0,0.05,0.025,125.0004,0.000687,4e-05,-0.010113,0.00113,7,342.27,1,87,84.89
TSLA,2026-08-14,2026-08-21,610.0,C,0.0,0.01,0.005,112.5004,0.000144,1e-05,-0.002122,0.000263,7,342.27,100,1155,84.89
TSLA,2026-08-14,2026-08-21,615.0,C,0.0,0.05,0.025,128.1254,0.000664,3.8e-05,-0.010036,0.001094,7,342.27,4,57,84.89
TSLA,2026-08-14,2026-08-21,620.0,C,0.0,0.05,0.025,129.6879,0.000654,3.7e-05,-0.01002,0.001079,7,342.27,19,802,84.89
TSLA,2026-08-14,2026-08-21,625.0,C,0.0,0.05,0.025,132.0316,0.000692,3.8e-05,-0.01075,0.001137,7,342.27,1,467,84.89
TSLA,2026-08-14,2026-08-21,630.0,C,0.0,0.05,0.025,132.8128,0.000638,3.5e-05,-0.01003,0.001055,7,342.27,5,324,84.89
TSLA,2026-08-14,2026-08-21,635.0,C,0.0,0.05,0.025,134.3753,0.000631,3.5e-05,-0.010054,0.001045,7,342.27,3,77,84.89
TSLA,2026-08-14,2026-08-21,640.0,C,0.0,0.05,0.025,135.9378,0.000626,3.4e-05,-0.010091,0.001037,7,342.27,201,1493,84.89
TSLA,2026-08-14,2026-08-21,645.0,C,0.0,0.05,0.025,137.5003,0.000622,3.3e-05,-0.010139,0.00103,7,342.27,89,157,84.89
TSLA,2026-08-14,2026-08-21,650.0,C,0.0,0.05,0.025,139.0628,0.000618,3.3e-05,-0.010199,0.001025,7,342.27,7,1440,84.89
TSLA,2026-08-14,2026-08-21,655.0,C,0.0,0.05,0.025,140.6253,0.000615,3.2e-05,-0.01027,0.00102,7,342.27,308,448,84.89
TSLA,2026-08-14,2026-08-21,660.0,C,0.0,0.05,0.025,142.1878,0.000613,3.2e-05,-0.010352,0.001017,7,342.27,1,1532,84.89
TSLA,2026-08-14,2026-08-21,670.0,C,0.0,0.01,0.005,128.1254,0.000111,7e-06,-0.001896,0.000207,7,342.27,1,675,84.89
TSLA,2026-08-14,2026-08-21,680.0,C,0.0,0.05,0.025,148.4378,0.000612,3e-05,-0.010784,0.001015,7,342.27,1,574,84.89
TSLA,2026-08-14,2026-08-21,690.0,C,0.0,0.05,0.025,150.7815,0.000578,2.8e-05,-0.010385,0.000962,7,342.27,167,830,84.89
TSLA,2026-08-14,2026-08-21,700.0,C,0.0,0.02,0.01,143.7503,0.000241,1.3e-05,-0.004391,0.000427,7,342.27,2,1444,84.89
TSLA,2026-08-14,2026-08-21,710.0,C,0.0,0.05,0.025,156.2502,0.000556,2.6e-05,-0.010387,0.000929,7,342.27,12,338,84.89
TSLA,2026-08-14,2026-08-21,720.0,C,0.0,0.02,0.01,148.4378,0.000223,1.2e-05,-0.004222,0.000397,7,342.27,3,607,84.89
TSLA,2026-08-14,2026-08-21,730.0,C,0.0,0.05,0.025,161.7189,0.000544,2.5e-05,-0.01053,0.00091,7,342.27,16,678,84.89
TSLA,2026-08-14,2026-08-21,740.0,C,0.0,0.05,0.025,164.0627,0.000525,2.4e-05,-0.010339,0.000881,7,342.27,11,718,84.89
TSLA,2026-08-14,2026-08-21,750.0,C,0.0,0.02,0.01,156.2502,0.000221,1.1e-05,-0.004404,0.000394,7,342.27,1,5020,84.89
TSLA,2026-08-14,2026-08-21,760.0,C,0.0,0.02,0.01,157.8127,0.000202,1e-05,-0.004092,0.000362,7,342.27,93,1678,84.89
TSLA,2026-08-14,2026-08-21,770.0,C,0.0,0.05,0.025,171.8751,0.000511,2.2e-05,-0.010569,0.00086,7,342.27,1,595,84.89
TSLA,2026-08-14,2026-08-21,780.0,C,0.0,0.02,0.01,162.5002,0.000197,1e-05,-0.00411,0.000354,7,342.27,1,582,84.89
TSLA,2026-08-14,2026-08-21,790.0,C,0.0,0.01,0.005,156.2502,8.7e-05,5e-06,-0.00184,0.000165,7,342.27,1,288,84.89
TSLA,2026-08-14,2026-08-21,800.0,C,0.0,0.01,0.005,159.3752,9.5e-05,5e-06,-0.002029,0.000178,7,342.27,116,1598,84.89
TSLA,2026-08-14,2026-08-21,810.0,C,0.0,0.05,0.025,181.2501,0.000477,2e-05,-0.01046,0.000807,7,342.27,20,343,84.89
TSLA,2026-08-14,2026-08-21,820.0,C,0.0,0.02,0.01,171.8751,0.000194,9e-06,-0.004283,0.000348,7,342.27,42,634,84.89
TSLA,2026-08-14,2026-08-21,830.0,C,0.0,0.05,0.025,185.9376,0.000469,1.9e-05,-0.010553,0.000793,7,342.27,160,735,84.89
TSLA,2026-08-14,2026-08-21,840.0,C,0.0,0.02,0.01,175.0001,0.000171,8e-06,-0.003894,0.000311,7,342.27,2,959,84.89
TSLA,2026-08-14,2026-08-21,850.0,C,0.0,0.02,0.01,178.1251,0.000184,8e-06,-0.004244,0.000333,7,342.27,6,3323,84.89
TSLA,2026-08-14,2026-08-21,860.0,C,0.0,0.02,0.01,181.2501,0.000198,9e-06,-0.004621,0.000356,7,342.27,25,635,84.89
TSLA,2026-08-14,2026-08-21,870.0,C,0.0,0.05,0.025,194.5313,0.000441,1.7e-05,-0.010438,0.00075,7,342.27,22,379,84.89
TSLA,2026-08-14,2026-08-21,880.0,C,0.0,0.05,0.025,196.875,0.000443,1.7e-05,-0.010595,0.000752,7,342.27,10,232,84.89
TSLA,2026-08-14,2026-08-21,890.0,C,0.0,0.05,0.025,198.4375,0.000423,1.6e-05,-0.010234,0.000721,7,342.27,5,397,84.89
TSLA,2026-08-14,2026-08-21,900.0,C,0.0,0.01,0.005,181.2501,9.8e-05,5e-06,-0.002393,0.000185,7,342.27,1,1101,84.89
TSLA,2026-08-14,2026-08-21,910.0,C,0.0,0.01,0.005,181.2501,8.2e-05,4e-06,-0.002029,0.000157,7,342.27,16,461,84.89
TSLA,2026-08-14,2026-08-21,920.0,C,0.0,0.01,0.005,181.2501,6.9e-05,3e-06,-0.001721,0.000133,7,342.27,111,394,84.89
TSLA,2026-08-14,2026-08-21,930.0,C,0.0,0.01,0.005,184.3751,7.7e-05,4e-06,-0.001936,0.000147,7,342.27,3,989,84.89
TSLA,2026-08-14,2026-08-21,940.0,C,0.0,0.01,0.005,187.5001,8.6e-05,4e-06,-0.002173,0.000162,7,342.27,11,671,84.89
TSLA,2026-08-14,2026-08-21,950.0,C,0.0,0.01,0.005,187.5001,7.3e-05,3e-06,-0.001863,0.000139,7,342.27,1,398,84.89
TSLA,2026-08-14,2026-08-21,960.0,C,0.0,0.01,0.005,190.625,8.1e-05,4e-06,-0.002097,0.000154,7,342.27,17,246,84.89
TSLA,2026-08-14,2026-08-21,970.0,C,0.0,0.01,0.005,193.75,9e-05,4e-06,-0.002355,0.00017,7,342.27,123,330,84.89
TSLA,2026-08-14,2026-08-21,980.0,C,0.0,0.01,0.005,193.75,7.7e-05,3e-06,-0.002039,0.000147,7,342.27,111,4015,84.89
TSLA,2026-08-14,2026-08-21,990.0,C,0.0,0.01,0.005,193.75,6.6e-05,3e-06,-0.001766,0.000127,7,342.27,2544,11079,84.89
TSLA,2026-08-14,2026-08-21,30.0,P,0.0,0.01,0.005,475.0004,-2.8e-05,1e-06,-0.001901,5.6e-05,7,342.27,13,253,84.89
TSLA,2026-08-14,2026-08-21,35.0,P,0.0,0.01,0.005,450.0004,-3.6e-05,1e-06,-0.00228,7.1e-05,7,342.27,5,2527,84.89
TSLA,2026-08-14,2026-08-21,40.0,P,0.0,0.01,0.005,425.0005,-4e-05,1e-06,-0.002414,8e-05,7,342.27,2,2975,84.89
TSLA,2026-08-14,2026-08-21,45.0,P,0.0,0.01,0.005,393.75,-3.2e-05,1e-06,-0.00182,6.5e-05,7,342.27,16,988,84.89
TSLA,2026-08-14,2026-08-21,50.0,P,0.0,0.01,0.005,375.0001,-3.7e-05,1e-06,-0.001951,7.3e-05,7,342.27,2,1177,84.89
TSLA,2026-08-14,2026-08-21,55.0,P,0.0,0.01,0.005,356.2501,-3.8e-05,1e-06,-0.001937,7.6e-05,7,342.27,30,429,84.89
TSLA,2026-08-14,2026-08-21,60.0,P,0.0,0.01,0.005,337.5002,-3.7e-05,1e-06,-0.001787,7.4e-05,7,342.27,2,388,84.89
TSLA,2026-08-14,2026-08-21,65.0,P,0.0,0.01,0.005,325.0002,-4.5e-05,1e-06,-0.002039,8.8e-05,7,342.27,1,739,84.89
TSLA,2026-08-14,2026-08-21,70.0,P,0.0,0.01,0.005,312.5002,-5.1e-05,1e-06,-0.002223,0.0001,7,342.27,2,837,84.89
TSLA,2026-08-14,2026-08-21,75.0,P,0.0,0.01,0.005,300.0002,-5.6e-05,2e-06,-0.002322,0.000108,7,342.27,4,464,84.89
TSLA,2026-08-14,2026-08-21,80.0,P,0.0,0.01,0.005,287.5003,-5.9e-05,2e-06,-0.002329,0.000114,7,342.27,21,529,84.89
TSLA,2026-08-14,2026-08-21,85.0,P,0.0,0.01,0.005,275.0003,-5.9e-05,2e-06,-0.002244,0.000114,7,342.27,50,350,84.89
TSLA,2026-08-14,2026-08-21,90.0,P,0.0,0.01,0.005,262.5003,-5.7e-05,2e-06,-0.002074,0.000111,7,342.27,3,995,84.89
TSLA,2026-08-14,2026-08-21,95.0,P,0.0,0.01,0.005,250.0004,-5.3e-05,2e-06,-0.001835,0.000103,7,342.27,15,941,84.89
TSLA,2026-08-14,2026-08-21,100.0,P,0.0,0.01,0.005,243.7504,-6.8e-05,2e-06,-0.002265,0.00013,7,342.27,501,4232,84.89
TSLA,2026-08-14,2026-08-21,105.0,P,0.0,0.01,0.005,231.2504,-5.9e-05,2e-06,-0.00187,0.000113,7,342.27,6,276,84.89
TSLA,2026-08-14,2026-08-21,110.0,P,0.0,0.01,0.005,225.0004,-7.2e-05,3e-06,-0.002212,0.000138,7,342.27,4,360,84.89
TSLA,2026-08-14,2026-08-21,115.0,P,0.0,0.01,0.005,212.5005,-5.8e-05,2e-06,-0.001695,0.000112,7,342.27,1,302,84.89
TSLA,2026-08-14,2026-08-21,120.0,P,0.0,0.01,0.005,206.2505,-6.8e-05,3e-06,-0.001924,0.000131,7,342.27,3,902,84.89
TSLA,2026-08-14,2026-08-21,125.0,P,0.0,0.01,0.005,196.875,-6.3e-05,3e-06,-0.00171,0.000122,7,342.27,35,385,84.89
TSLA,2026-08-14,2026-08-21,130.0,P,0.0,0.01,0.005,193.75,-9e-05,4e-06,-0.002356,0.00017,7,342.27,31174,906,84.89
TSLA,2026-08-14,2026-08-21,135.0,P,0.0,0.01,0.005,184.3751,-8e-05,4e-06,-0.002008,0.000153,7,342.27,2199,708,84.89
TSLA,2026-08-14,2026-08-21,140.0,P,0.01,0.05,0.03,204.688,-0.000487,1.8e-05,-0.012001,0.000822,7,342.27,314,1025,84.89
TSLA,2026-08-14,2026-08-21,145.0,P,0.01,0.05,0.03,196.875,-0.000503,1.9e-05,-0.011884,0.000846,7,342.27,45,599,84.89
TSLA,2026-08-14,2026-08-21,150.0,P,0.01,0.02,0.015,178.1251,-0.00026,1.1e-05,-0.005823,0.000458,7,342.27,202,10658,84.89
TSLA,2026-08-14,2026-08-21,155.0,P,0.01,0.03,0.02,176.5626,-0.000383,1.7e-05,-0.008278,0.000658,7,342.27,208,449,84.89
TSLA,2026-08-14,2026-08-21,160.0,P,0.01,0.03,0.02,169.5314,-0.000391,1.8e-05,-0.0081,0.00067,7,342.27,30,4086,84.89
TSLA,2026-08-14,2026-08-21,165.0,P,0.01,0.05,0.03,168.7502,-0.000593,2.6e-05,-0.01187,0.000987,7,342.27,175,4450,84.89
TSLA,2026-08-14,2026-08-21,170.0,P,0.01,0.05,0.03,162.5002,-0.000629,2.9e-05,-0.012067,0.001042,7,342.27,71,9427,84.89
TSLA,2026-08-14,2026-08-21,175.0,P,0.01,0.05,0.03,156.2502,-0.00066,3.1e-05,-0.012128,0.001089,7,342.27,225,1047,84.89
TSLA,2026-08-14,2026-08-21,180.0,P,0.01,0.05,0.03,150.0002,-0.000685,3.3e-05,-0.012045,0.001127,7,342.27,196,835,84.89
TSLA,2026-08-14,2026-08-21,185.0,P,0.0,0.05,0.025,141.4065,-0.000591,3.1e-05,-0.009906,0.000983,7,342.27,1,1399,84.89
TSLA,2026-08-14,2026-08-21,190.0,P,0.01,0.05,0.03,138.2816,-0.000754,4e-05,-0.012138,0.001232,7,342.27,311,641,84.89
TSLA,2026-08-14,2026-08-21,195.0,P,0.0,0.05,0.025,129.6879,-0.000627,3.6e-05,-0.009597,0.001038,7,342.27,15,684,84.89
TSLA,2026-08-14,2026-08-21,200.0,P,0.01,0.04,0.025,125.0004,-0.000701,4.1e-05,-0.010246,0.00115,7,342.27,446,5695,84.89
TSLA,2026-08-14,2026-08-21,205.0,P,0.0,0.05,0.025,119.5317,-0.000727,4.4e-05,-0.010139,0.001191,7,342.27,31,3730,84.89
TSLA,2026-08-14,2026-08-21,210.0,P,0.0,0.05,0.025,114.0629,-0.000747,4.8e-05,-0.009913,0.00122,7,342.27,65,484,84.89
TSLA,2026-08-14,2026-08-21,215.0,P,0.0,0.05,0.025,108.5942,-0.000758,5.1e-05,-0.009566,0.001237,7,342.27,6,959,84.89
TSLA,2026-08-14,2026-08-21,220.0,P,0.01,0.1,0.055,112.1098,-0.001701,0.000103,-0.020704,0.002593,7,342.27,7,1343,84.89
TSLA,2026-08-14,2026-08-21,225.0,P,0.0,0.1,0.05,105.8598,-0.001643,0.000106,-0.018942,0.002513,7,342.27,16,872,84.89
TSLA,2026-08-14,2026-08-21,230.0,P,0.01,0.05,0.03,96.0938,-0.00111,8.1e-05,-0.012017,0.001757,7,342.27,187,3201,84.89
TSLA,2026-08-14,2026-08-21,235.0,P,0.02,0.1,0.06,97.6563,-0.002164,0.000147,-0.022437,0.003228,7,342.27,3,1044,84.89
TSLA,2026-08-14,2026-08-21,240.0,P,0.03,0.06,0.045,89.8439,-0.001746,0.000132,-0.016979,0.002655,7,342.27,818,1979,84.89
TSLA,2026-08-14,2026-08-21,245.0,P,0.04,0.07,0.055,87.1095,-0.002272,0.000172,-0.020907,0.003373,7,342.27,76,1090,84.89
TSLA,2026-08-14,2026-08-21,250.0,P,0.05,0.1,0.075,85.1564,-0.003178,0.000239,-0.027673,0.004568,7,342.27,513,4350,84.89
TSLA,2026-08-14,2026-08-21,255.0,P,0.03,0.1,0.065,78.9065,-0.002937,0.00024,-0.023876,0.004255,7,342.27,185,701,84.89
TSLA,2026-08-14,2026-08-21,260.0,P,0.06,0.1,0.08,75.9768,-0.003767,0.000312,-0.028747,0.005322,7,342.27,95,3987,84.89
TSLA,2026-08-14,2026-08-21,265.0,P,0.07,0.08,0.075,70.7034,-0.003799,0.000338,-0.026944,0.005362,7,342.27,209,1527,84.89
TSLA,2026-08-14,2026-08-21,270.0,P,0.06,0.09,0.075,66.016,-0.004051,0.000383,-0.026637,0.00568,7,342.27,408,5508,84.89
TSLA,2026-08-14,2026-08-21,275.0,P,0.07,0.13,0.1,63.6722,-0.005641,0.000533,-0.0345,0.00763,7,342.27,814,2581,84.89
TSLA,2026-08-14,2026-08-21,280.0,P,0.08,0.1,0.09,58.2035,-0.005536,0.000574,-0.030997,0.007503,7,342.27,621,5039,84.89
TSLA,2026-08-14,2026-08-21,285.0,P,0.09,0.1,0.095,54.102,-0.006371,0.000699,-0.032617,0.008499,7,342.27,941,2651,84.89
TSLA,2026-08-14,2026-08-21,287.5,P,0.08,0.12,0.1,52.1489,-0.006937,0.000782,-0.033886,0.009163,7,342.27,131,417,84.89
TSLA,2026-08-14,2026-08-21,290.0,P,0.1,0.11,0.105,50.1958,-0.007572,0.000878,-0.035222,0.009899,7,342.27,957,4212,84.89
TSLA,2026-08-14,2026-08-21,292.5,P,0.11,0.12,0.115,48.8286,-0.00894,0.001044,-0.039632,0.011454,7,342.27,237,639,84.89
TSLA,2026-08-14,2026-08-21,295.0,P,0.12,0.13,0.125,47.0708,-0.010077,0.001203,-0.042402,0.012718,7,342.27,210,8471,84.89
TSLA,2026-08-14,2026-08-21,297.5,P,0.12,0.14,0.13,45.2154,-0.011262,0.001379,-0.04485,0.01401,7,342.27,77,510,84.89
TSLA,2026-08-14,2026-08-21,300.0,P,0.14,0.15,0.145,43.3111,-0.012561,0.001583,-0.047205,0.015402,7,342.27,2774,8943,84.89
TSLA,2026-08-14,2026-08-21,302.5,P,0.15,0.17,0.16,41.7975,-0.014811,0.001891,-0.052485,0.017755,7,342.27,729,2820,84.89
TSLA,2026-08-14,2026-08-21,305.0,P,0.18,0.19,0.185,40.0885,-0.017123,0.002232,-0.056968,0.020106,7,342.27,624,4344,84.89
TSLA,2026-08-14,2026-08-21,307.5,P,0.21,0.23,0.22,38.9166,-0.02129,0.002768,-0.06651,0.024197,7,342.27,628,1396,84.89
TSLA,2026-08-14,2026-08-21,310.0,P,0.26,0.28,0.27,37.7936,-0.026693,0.003446,-0.078056,0.029264,7,342.27,3219,5959,84.89
TSLA,2026-08-14,2026-08-21,312.5,P,0.33,0.34,0.335,36.5729,-0.033183,0.004266,-0.090401,0.035054,7,342.27,699,1552,84.89
TSLA,2026-08-14,2026-08-21,315.0,P,0.42,0.43,0.425,35.6696,-0.042728,0.005377,-0.108273,0.04309,7,342.27,2045,3677,84.89
TSLA,2026-08-14,2026-08-21,317.5,P,0.54,0.56,0.55,34.986,-0.05599,0.006803,-0.131654,0.053476,7,342.27,1080,1305,84.89
TSLA,2026-08-14,2026-08-21,320.0,P,0.71,0.73,0.72,34.3512,-0.073117,0.008527,-0.158874,0.065805,7,342.27,9049,7708,84.89
TSLA,2026-08-14,2026-08-21,322.5,P,0.94,0.97,0.955,33.9606,-0.096174,0.010595,-0.192692,0.080841,7,342.27,1832,1228,84.89
TSLA,2026-08-14,2026-08-21,325.0,P,1.24,1.28,1.26,33.6188,-0.124953,0.012915,-0.229811,0.097547,7,342.27,4458,4158,84.89
TSLA,2026-08-14,2026-08-21,327.5,P,1.64,1.68,1.66,33.3503,-0.16022,0.015406,-0.269285,0.115432,7,342.27,2146,1580,84.89
TSLA,2026-08-14,2026-08-21,330.0,P,2.14,2.2,2.17,33.2404,-0.20285,0.01792,-0.310536,0.13383,7,342.27,9725,7094,84.89
TSLA,2026-08-14,2026-08-21,332.5,P,2.77,2.82,2.795,33.0451,-0.251044,0.020333,-0.347366,0.150957,7,342.27,2105,1090,84.89
TSLA,2026-08-14,2026-08-21,335.0,P,3.55,3.65,3.6,33.3259,-0.30726,0.022247,-0.385537,0.166572,7,342.27,8748,2176,84.89
TSLA,2026-08-14,2026-08-21,340.0,P,5.5,5.65,5.575,33.3747,-0.427626,0.024802,-0.428005,0.185975,7,342.27,13869,5910,84.89
TSLA,2026-08-14,2026-08-21,345.0,P,8.15,8.4,8.275,34.2536,-0.551248,0.024369,-0.438932,0.187533,7,342.27,4023,2234,84.89
TSLA,2026-08-14,2026-08-21,350.0,P,11.35,11.5,11.425,34.0705,-0.668117,0.022476,-0.394424,0.172046,7,342.27,4544,7617,84.89
TSLA,2026-08-14,2026-08-21,355.0,P,15.05,15.25,15.15,34.7541,-0.764223,0.018689,-0.334264,0.145924,7,342.27,1051,1943,84.89
TSLA,2026-08-14,2026-08-21,357.5,P,16.65,17.85,17.25,38.941,-0.778514,0.016104,-0.363142,0.140888,7,342.27,83,106,84.89
TSLA,2026-08-14,2026-08-21,360.0,P,19.05,20.05,19.55,40.3204,-0.806169,0.014374,-0.345078,0.130207,7,342.27,791,6267,84.89
TSLA,2026-08-14,2026-08-21,362.5,P,21.3,22.4,21.85,42.481,-0.825015,0.012801,-0.339918,0.122177,7,342.27,37,92,84.89
TSLA,2026-08-14,2026-08-21,365.0,P,22.9,24.3,23.6,40.7965,-0.863739,0.0113,-0.269456,0.10357,7,342.27,72,1203,84.89
TSLA,2026-08-14,2026-08-21,367.5,P,24.9,27.45,26.175,48.9751,-0.842382,0.010379,-0.367575,0.1142,7,342.27,5,295,84.89
TSLA,2026-08-14,2026-08-21,370.0,P,27.45,29.35,28.4,46.8755,-0.8763,0.009197,-0.291023,0.096862,7,342.27,585,4528,84.89
TSLA,2026-08-14,2026-08-21,372.5,P,29.4,31.85,30.625,49.6099,-0.88244,0.008384,-0.297392,0.093452,7,342.27,2,434,84.89
TSLA,2026-08-14,2026-08-21,375.0,P,32.1,34.0,33.05,48.8042,-0.904388,0.007341,-0.245858,0.080493,7,342.27,177,2365,84.89
TSLA,2026-08-14,2026-08-21,377.5,P,34.2,36.95,35.575,55.8598,-0.888506,0.007171,-0.324587,0.089993,7,342.27,38,265,84.89
TSLA,2026-08-14,2026-08-21,380.0,P,37.45,38.8,38.125,51.4897,-0.922331,0.005956,-0.217569,0.068905,7,342.27,89,6058,84.89
TSLA,2026-08-14,2026-08-21,382.5,P,39.05,41.85,40.45,59.9858,-0.901072,0.006124,-0.31821,0.082532,7,342.27,1,85,84.89
TSLA,2026-08-14,2026-08-21,385.0,P,41.5,43.95,42.725,58.0082,-0.921533,0.005328,-0.251384,0.069442,7,342.27,30,1034,84.89
TSLA,2026-08-14,2026-08-21,387.5,P,44.0,46.4,45.2,59.7416,-0.926507,0.004922,-0.245148,0.066064,7,342.27,1,42,84.89
TSLA,2026-08-14,2026-08-21,390.0,P,46.95,48.8,47.875,60.7182,-0.933461,0.004486,-0.228173,0.0612,7,342.27,40,6291,84.89
TSLA,2026-08-14,2026-08-21,392.5,P,48.95,51.7,50.325,67.9447,-0.919356,0.004644,-0.307022,0.070895,7,342.27,11,58,84.89
TSLA,2026-08-14,2026-08-21,395.0,P,51.6,53.75,52.675,64.4047,-0.939904,0.003907,-0.222102,0.056534,7,342.27,32,2451,84.89
TSLA,2026-08-14,2026-08-21,397.5,P,53.9,56.75,55.325,73.096,-0.922225,0.0042,-0.322481,0.068977,7,342.27,21,179,84.89
TSLA,2026-08-14,2026-08-21,400.0,P,56.45,59.15,57.8,74.1214,-0.927886,0.00391,-0.306638,0.065113,7,342.27,122,6039,84.89
TSLA,2026-08-14,2026-08-21,402.5,P,58.35,62.2,60.275,82.7883,-0.911544,0.004085,-0.411517,0.075987,7,342.27,2,4,84.89
TSLA,2026-08-14,2026-08-21,405.0,P,61.05,64.2,62.625,79.1018,-0.929895,0.003585,-0.321326,0.063716,7,342.27,8,449,84.89
TSLA,2026-08-14,2026-08-21,410.0,P,66.4,69.15,67.775,82.6906,-0.934895,0.003239,-0.316069,0.060174,7,342.27,12,590,84.89
TSLA,2026-08-14,2026-08-21,415.0,P,71.3,74.15,72.725,86.8165,-0.937805,0.002977,-0.320158,0.058072,7,342.27,1,76,84.89
TSLA,2026-08-14,2026-08-21,420.0,P,76.2,79.1,77.65,90.1368,-0.941958,0.002717,-0.313588,0.055012,7,342.27,8,959,84.89
TSLA,2026-08-14,2026-08-21,425.0,P,81.3,84.1,82.7,94.0674,-0.944227,0.002523,-0.317024,0.053312,7,342.27,1005,112,84.89
TSLA,2026-08-14,2026-08-21,430.0,P,86.25,89.05,87.65,97.1436,-0.947774,0.002319,-0.309363,0.05061,7,342.27,403,256,84.89
TSLA,2026-08-14,2026-08-21,435.0,P,91.1,94.15,92.625,102.4419,-0.946737,0.002234,-0.333859,0.051405,7,342.27,80,57,84.89
TSLA,2026-08-14,2026-08-21,440.0,P,96.35,98.9,97.625,102.0513,-0.955585,0.001939,-0.280988,0.044458,7,342.27,446,294,84.89
TSLA,2026-08-14,2026-08-21,445.0,P,100.75,104.6,102.675,116.5043,-0.938435,0.002201,-0.436386,0.057612,7,342.27,37,3,84.89
TSLA,2026-08-14,2026-08-21,450.0,P,106.25,109.05,107.65,111.7192,-0.954178,0.001816,-0.319727,0.045587,7,342.27,914,216,84.89
TSLA,2026-08-14,2026-08-21,455.0,P,110.95,114.35,112.65,120.0932,-0.947857,0.001873,-0.389223,0.050546,7,342.27,4,4,84.89
TSLA,2026-08-14,2026-08-21,460.0,P,116.05,119.1,117.575,119.4584,-0.955434,0.001661,-0.335266,0.044579,7,342.27,215,51,84.89
TSLA,2026-08-14,2026-08-21,465.0,P,120.85,123.75,122.3,116.1381,-0.965657,0.001382,-0.253191,0.03606,7,342.27,1,0,84.89
TSLA,2026-08-14,2026-08-21,470.0,P,125.85,129.1,127.475,126.1234,-0.957674,0.001509,-0.339029,0.042762,7,342.27,396,92,84.89
TSLA,2026-08-14,2026-08-21,475.0,P,130.9,134.45,132.675,135.3519,-0.950615,0.001592,-0.421487,0.048405,7,342.27,3256,0,84.89
TSLA,2026-08-14,2026-08-21,480.0,P,136.15,139.25,137.7,135.3031,-0.956126,0.001448,-0.378262,0.04402,7,342.27,398,96,84.89
TSLA,2026-08-14,2026-08-21,485.0,P,140.75,144.6,142.675,144.3362,-0.949525,0.001519,-0.460331,0.049255,7,342.27,1223,0,84.89
TSLA,2026-08-14,2026-08-21,490.0,P,146.1,149.2,147.65,140.723,-0.959078,0.001316,-0.369954,0.041609,7,342.27,153,37,84.89
TSLA,2026-08-14,2026-08-21,495.0,P,150.85,154.35,152.6,146.4846,-0.956723,0.001323,-0.406808,0.043536,7,342.27,39,0,84.89
TSLA,2026-08-14,2026-08-21,500.0,P,156.25,159.05,157.65,143.8968,-0.96397,0.00116,-0.336058,0.037507,7,342.27,304,65,84.89
TSLA,2026-08-14,2026-08-21,505.0,P,160.75,164.35,162.55,152.5881,-0.958334,0.001232,-0.410381,0.04222,7,342.27,34,0,84.89
TSLA,2026-08-14,2026-08-21,510.0,P,165.75,169.6,167.675,159.9611,-0.954137,0.001269,-0.471082,0.04562,7,342.27,8,3,84.89
TSLA,2026-08-14,2026-08-21,515.0,P,170.75,174.6,172.675,162.9396,-0.954932,0.001229,-0.472836,0.044983,7,342.27,152,0,84.89
TSLA,2026-08-14,2026-08-21,520.0,P,176.1,179.25,177.675,159.5217,-0.962422,0.001083,-0.390888,0.038819,7,342.27,143,32,84.89
TSLA,2026-08-14,2026-08-21,525.0,P,181.05,184.2,182.625,161.3527,-0.96404,0.001033,-0.379591,0.037447,7,342.27,2,0,84.89
TSLA,2026-08-14,2026-08-21,530.0,P,185.75,189.6,187.675,171.6798,-0.957044,0.001122,-0.478388,0.043275,7,342.27,1,1,84.89
TSLA,2026-08-14,2026-08-21,535.0,P,190.75,194.6,192.675,174.5118,-0.957688,0.00109,-0.480069,0.04275,7,342.27,1,0,84.89
TSLA,2026-08-14,2026-08-21,540.0,P,195.75,199.6,197.675,177.295,-0.958315,0.00106,-0.481538,0.042237,7,342.27,1229,0,84.89
TSLA,2026-08-14,2026-08-21,545.0,P,200.75,204.6,202.675,180.0294,-0.958927,0.001032,-0.482786,0.041733,7,342.27,2,0,84.89
TSLA,2026-08-14,2026-08-21,550.0,P,205.9,209.45,207.675,179.9317,-0.962141,0.000966,-0.447482,0.039056,7,342.27,2,2,84.89
TSLA,2026-08-14,2026-08-21,555.0,P,210.75,214.35,212.55,180.6153,-0.964432,0.000915,-0.423734,0.037112,7,342.27,8,0,84.89
TSLA,2026-08-14,2026-08-21,560.0,P,215.75,219.6,217.675,188.086,-0.96056,0.000956,-0.48705,0.04038,7,342.27,2327,0,84.89
TSLA,2026-08-14,2026-08-21,565.0,P,220.75,224.6,222.675,190.6983,-0.961068,0.000933,-0.488288,0.039956,7,342.27,2,0,84.89
TSLA,2026-08-14,2026-08-21,570.0,P,225.75,229.6,227.675,193.2862,-0.96155,0.000911,-0.489579,0.039553,7,342.27,2,0,84.89
TSLA,2026-08-14,2026-08-21,575.0,P,230.9,234.45,232.675,192.8955,-0.964524,0.000855,-0.453169,0.037034,7,342.27,55,0,84.89
TSLA,2026-08-14,2026-08-21,580.0,P,256.05,264.25,260.15,376.9288,-0.77279,0.001688,-3.79583,0.142944,7,342.27,220,0,84.89
TSLA,2026-08-14,2026-08-21,600.0,P,255.9,259.45,257.675,205.103,-0.966505,0.000767,-0.457844,0.035326,7,342.27,112,0,84.89
TSLA,2026-08-14,2026-08-21,610.0,P,209.5,212.0,210.75,0.001,-1.0,0.0,0.061742,0.0,7,342.27,5,0,84.89
TSLA,2026-08-14,2026-08-21,620.0,P,208.4,210.0,209.2,0.001,-1.0,0.0,0.062754,0.0,7,342.27,5,10,84.89
TSLA,2026-08-14,2026-08-21,625.0,P,226.85,234.3,230.575,0.001,-1.0,0.0,0.06326,0.0,7,342.27,0,0,84.89
TSLA,2026-08-14,2026-08-21,635.0,P,239.9,241.2,240.55,0.001,-1.0,0.0,0.064272,0.0,7,342.27,1,0,84.89
TSLA,2026-08-14,2026-08-21,640.0,P,316.05,324.1,320.075,414.4536,-0.788791,0.001472,-3.99837,0.137066,7,342.27,25,0,84.89
TSLA,2026-08-14,2026-08-21,645.0,P,300.75,304.6,302.675,228.6625,-0.967149,0.000677,-0.503551,0.034765,7,342.27,1,0,84.89
TSLA,2026-08-14,2026-08-21,650.0,P,305.9,309.45,307.675,227.5883,-0.969613,0.000637,-0.46504,0.032596,7,342.27,2,0,84.89
TSLA,2026-08-14,2026-08-21,670.0,P,268.25,270.85,269.55,0.001,-1.0,0.0,0.067815,0.0,7,342.27,140,0,84.89
TSLA,2026-08-14,2026-08-21,680.0,P,273.15,274.0,273.575,0.001,-1.0,0.0,0.068827,0.0,7,342.27,30,0,84.89
TSLA,2026-08-14,2026-08-21,690.0,P,345.75,349.6,347.675,247.3881,-0.969469,0.000589,-0.509341,0.032724,7,342.27,15,0,84.89
TSLA,2026-08-14,2026-08-21,700.0,P,356.25,359.1,357.675,239.0629,-0.976895,0.000483,-0.372595,0.025927,7,342.27,294,63,84.89
TSLA,2026-08-14,2026-08-21,710.0,P,365.75,369.6,367.675,255.225,-0.970332,0.000557,-0.511599,0.031955,7,342.27,15,0,84.89
TSLA,2026-08-14,2026-08-21,720.0,P,312.7,313.6,313.15,0.001,-1.0,0.0,0.072875,0.0,7,342.27,1,0,84.89
TSLA,2026-08-14,2026-08-21,730.0,P,322.95,323.9,323.425,0.001,-1.0,0.0,0.073888,0.0,7,342.27,1,0,84.89
TSLA,2026-08-14,2026-08-21,740.0,P,332.8,333.6,333.2,0.001,-1.0,0.0,0.0749,0.0,7,342.27,1,0,84.89
TSLA,2026-08-14,2026-08-21,750.0,P,405.9,409.45,407.675,266.4066,-0.973807,0.000481,-0.473024,0.028805,7,342.27,1,0,84.89
TSLA,2026-08-14,2026-08-21,760.0,P,415.75,419.6,417.675,273.5843,-0.972202,0.000492,-0.515458,0.030271,7,342.27,1,0,84.89
TSLA,2026-08-14,2026-08-21,770.0,P,348.45,351.2,349.825,0.001,-1.0,0.0,0.077936,0.0,7,342.27,1,1,84.89
TSLA,2026-08-14,2026-08-21,780.0,P,387.7,390.05,388.875,0.001,-1.0,0.0,0.078948,0.0,7,342.27,8,0,84.89
TSLA,2026-08-14,2026-08-21,790.0,P,360.1,363.55,361.825,0.001,-1.0,0.0,0.079961,0.0,7,342.27,1,0,84.89
TSLA,2026-08-14,2026-08-21,800.0,P,392.8,393.75,393.275,0.001,-1.0,0.0,0.080973,0.0,7,342.27,85,0,84.89
TSLA,2026-08-14,2026-08-21,810.0,P,380.5,383.0,381.75,0.001,-1.0,0.0,0.081985,0.0,7,342.27,1,0,84.89
TSLA,2026-08-14,2026-08-21,820.0,P,393.9,397.35,395.625,0.001,-1.0,0.0,0.082997,0.0,7,342.27,0,1,84.89
TSLA,2026-08-14,2026-08-21,830.0,P,400.1,403.45,401.775,0.001,-1.0,0.0,0.084009,0.0,7,342.27,2,0,84.89
TSLA,2026-08-14,2026-08-21,840.0,P,421.95,423.5,422.725,0.001,-1.0,0.0,0.085021,0.0,7,342.27,0,1,84.89
TSLA,2026-08-14,2026-08-21,850.0,P,446.35,448.7,447.525,0.001,-1.0,0.0,0.086034,0.0,7,342.27,2,0,84.89
TSLA,2026-08-14,2026-08-21,870.0,P,436.0,439.2,437.6,0.001,-1.0,0.0,0.088058,0.0,7,342.27,0,1,84.89
TSLA,2026-08-14,2026-08-21,880.0,P,450.0,453.55,451.775,0.001,-1.0,0.0,0.08907,0.0,7,342.27,1,0,84.89
TSLA,2026-08-14,2026-08-21,890.0,P,470.55,472.3,471.425,0.001,-1.0,0.0,0.090082,0.0,7,342.27,0,1,84.89
TSLA,2026-08-14,2026-08-21,900.0,P,555.9,559.45,557.675,313.8674,-0.977534,0.000359,-0.477252,0.025321,7,342.27,2,0,84.89
TSLA,2026-08-14,2026-08-21,910.0,P,490.15,495.2,492.675,0.001,-1.0,0.0,0.092106,0.0,7,342.27,3,2,84.89
TSLA,2026-08-14,2026-08-21,920.0,P,485.7,489.25,487.475,0.001,-1.0,0.0,0.093119,0.0,7,342.27,2,2,84.89
TSLA,2026-08-14,2026-08-21,930.0,P,500.4,507.1,503.75,0.001,-1.0,0.0,0.094131,0.0,7,342.27,2,0,84.89
TSLA,2026-08-14,2026-08-21,940.0,P,595.75,599.6,597.675,328.9553,-0.976614,0.000354,-0.520978,0.026192,7,342.27,1,0,84.89
TSLA,2026-08-14,2026-08-21,950.0,P,605.9,609.45,607.675,327.5392,-0.978425,0.000333,-0.477002,0.024471,7,342.27,1,1,84.89
TSLA,2026-08-14,2026-08-21,990.0,P,645.75,649.6,647.675,342.0412,-0.977461,0.00033,-0.520796,0.025391,7,342.27,2,0,84.89
TSLA,2026-08-14,2026-08-28,80.0,C,260.0,264.95,262.475,289.844,0.997793,3.6e-05,-0.056099,0.004647,14,342.27,4,2,84.89
TSLA,2026-08-14,2026-08-28,100.0,C,240.0,245.0,242.5,250.1957,0.997101,5.3e-05,-0.063136,0.005947,14,342.27,0,2,84.89
TSLA,2026-08-14,2026-08-28,130.0,C,210.95,214.95,212.95,230.7621,0.991133,0.000155,-0.145329,0.016082,14,342.27,0,2,84.89
TSLA,2026-08-14,2026-08-28,150.0,C,190.8,194.5,192.65,183.0079,0.99352,0.000148,-0.094667,0.012202,14,342.27,3,1,84.89
TSLA,2026-08-14,2026-08-28,200.0,C,140.65,144.85,142.75,128.223,0.988419,0.000352,-0.112758,0.020301,14,342.27,5,11,84.89
TSLA,2026-08-14,2026-08-28,210.0,C,130.8,135.1,132.95,124.5609,0.983423,0.000494,-0.143649,0.027658,14,342.27,12,22,84.89
TSLA,2026-08-14,2026-08-28,220.0,C,120.6,125.15,122.875,111.9145,0.983518,0.000547,-0.131636,0.027522,14,342.27,1,76,84.89
TSLA,2026-08-14,2026-08-28,230.0,C,110.75,114.95,112.85,101.3189,0.982557,0.000635,-0.127145,0.028888,14,342.27,8,31,84.89
TSLA,2026-08-14,2026-08-28,235.0,C,105.35,110.25,107.8,95.1172,0.982965,0.000662,-0.119307,0.02831,14,342.27,210,10,84.89
TSLA,2026-08-14,2026-08-28,240.0,C,100.6,105.25,102.925,93.7989,0.978915,0.000805,-0.137196,0.033942,14,342.27,1,16,84.89
TSLA,2026-08-14,2026-08-28,245.0,C,95.35,100.3,97.825,86.6212,0.980492,0.000816,-0.122367,0.031778,14,342.27,0,7,84.89
TSLA,2026-08-14,2026-08-28,250.0,C,90.7,95.2,92.95,85.0587,0.976011,0.00099,-0.13936,0.037843,14,342.27,3,44,84.89
TSLA,2026-08-14,2026-08-28,255.0,C,85.7,90.25,87.975,81.006,0.974024,0.001111,-0.141869,0.040454,14,342.27,1,38,84.89
TSLA,2026-08-14,2026-08-28,260.0,C,80.75,85.25,83.0,76.9534,0.971863,0.001251,-0.144112,0.043244,14,342.27,2,72,84.89
TSLA,2026-08-14,2026-08-28,265.0,C,76.55,80.25,78.4,79.0529,0.959003,0.001659,-0.191668,0.058931,14,342.27,2,96,84.89
TSLA,2026-08-14,2026-08-28,270.0,C,70.75,73.7,72.225,78.2961,0.948729,0.002005,-0.222634,0.070531,14,342.27,1,168,84.89
TSLA,2026-08-14,2026-08-28,275.0,C,66.45,70.2,68.325,68.6038,0.956035,0.002023,-0.178987,0.062358,14,342.27,2,131,84.89
TSLA,2026-08-14,2026-08-28,280.0,C,61.5,64.85,63.175,61.9389,0.957984,0.00216,-0.15977,0.060115,14,342.27,102,89,84.89
TSLA,2026-08-14,2026-08-28,285.0,C,56.25,59.95,58.1,56.4457,0.957691,0.002384,-0.14916,0.060454,14,342.27,103,23,84.89
TSLA,2026-08-14,2026-08-28,290.0,C,51.85,55.15,53.5,56.9218,0.940027,0.003121,-0.189423,0.079824,14,342.27,8,163,84.89
TSLA,2026-08-14,2026-08-28,295.0,C,46.5,50.05,48.275,65.4789,0.891426,0.004244,-0.317839,0.124869,14,342.27,1,86,84.89
TSLA,2026-08-14,2026-08-28,300.0,C,43.0,43.95,43.475,51.7827,0.91379,0.004531,-0.222168,0.105418,14,342.27,51,590,84.89
TSLA,2026-08-14,2026-08-28,305.0,C,37.85,39.35,38.6,49.9639,0.892807,0.005511,-0.247725,0.123723,14,342.27,22,1111,84.89
TSLA,2026-08-14,2026-08-28,310.0,C,33.1,34.65,33.875,46.8877,0.872806,0.00663,-0.260627,0.139673,14,342.27,59,1839,84.89
TSLA,2026-08-14,2026-08-28,315.0,C,28.7,30.05,29.375,44.0069,0.84682,0.008015,-0.275392,0.158487,14,342.27,29,922,84.89
TSLA,2026-08-14,2026-08-28,320.0,C,24.55,25.6,25.075,41.4068,0.812641,0.009693,-0.292261,0.18034,14,342.27,218,1273,84.89
TSLA,2026-08-14,2026-08-28,325.0,C,21.0,21.3,21.15,38.8434,0.769519,0.011675,-0.307213,0.203781,14,342.27,549,1260,84.89
TSLA,2026-08-14,2026-08-28,330.0,C,16.95,18.0,17.475,39.6368,0.701031,0.013066,-0.351898,0.232704,14,342.27,503,2524,84.89
TSLA,2026-08-14,2026-08-28,335.0,C,14.1,14.45,14.275,38.0316,0.634773,0.014747,-0.36285,0.252013,14,342.27,867,1408,84.89
TSLA,2026-08-14,2026-08-28,340.0,C,11.3,11.55,11.425,37.6105,0.558205,0.015655,-0.373571,0.26457,14,342.27,3694,2593,84.89
TSLA,2026-08-14,2026-08-28,345.0,C,9.0,9.15,9.075,37.641,0.479395,0.01579,-0.374727,0.267065,14,342.27,2294,1242,84.89
TSLA,2026-08-14,2026-08-28,350.0,C,7.05,7.2,7.125,37.9462,0.403508,0.015223,-0.365038,0.259561,14,342.27,5738,3220,84.89
TSLA,2026-08-14,2026-08-28,355.0,C,5.45,5.55,5.5,38.0866,0.332411,0.014226,-0.342147,0.243463,14,342.27,4272,1850,84.89
TSLA,2026-08-14,2026-08-28,360.0,C,4.2,4.3,4.25,38.6054,0.270461,0.012788,-0.314809,0.22183,14,342.27,3407,2593,84.89
TSLA,2026-08-14,2026-08-28,365.0,C,3.2,3.3,3.25,39.0997,0.216857,0.011204,-0.282074,0.196841,14,342.27,2760,1522,84.89
TSLA,2026-08-14,2026-08-28,370.0,C,2.48,2.53,2.505,39.6735,0.172196,0.009594,-0.248059,0.171027,14,342.27,3767,2714,84.89
TSLA,2026-08-14,2026-08-28,375.0,C,1.92,1.97,1.945,40.5035,0.137032,0.008079,-0.217262,0.147036,14,342.27,3358,4596,84.89
TSLA,2026-08-14,2026-08-28,380.0,C,1.5,1.54,1.52,41.3824,0.108928,0.006731,-0.188616,0.125162,14,342.27,4245,2554,84.89
TSLA,2026-08-14,2026-08-28,385.0,C,1.19,1.23,1.21,42.4444,0.087452,0.005587,-0.164437,0.106551,14,342.27,1165,2125,84.89
TSLA,2026-08-14,2026-08-28,390.0,C,0.97,0.99,0.98,43.5308,0.070509,0.004627,-0.143063,0.090506,14,342.27,842,2177,84.89
TSLA,2026-08-14,2026-08-28,395.0,C,0.8,0.83,0.815,44.9468,0.058484,0.003875,-0.127588,0.078265,14,342.27,1444,564,84.89
TSLA,2026-08-14,2026-08-28,400.0,C,0.67,0.69,0.68,46.1919,0.048256,0.003238,-0.112475,0.067201,14,342.27,3094,4762,84.89
TSLA,2026-08-14,2026-08-28,405.0,C,0.57,0.59,0.58,47.6079,0.04066,0.002736,-0.100889,0.058538,14,342.27,269,772,84.89
TSLA,2026-08-14,2026-08-28,410.0,C,0.5,0.52,0.51,49.2193,0.035133,0.002349,-0.092505,0.051957,14,342.27,373,1364,84.89
TSLA,2026-08-14,2026-08-28,415.0,C,0.44,0.46,0.45,50.5864,0.029987,0.002006,-0.083374,0.045594,14,342.27,107,533,84.89
TSLA,2026-08-14,2026-08-28,420.0,C,0.39,0.41,0.4,52.1001,0.026142,0.001737,-0.076549,0.040671,14,342.27,460,1871,84.89
TSLA,2026-08-14,2026-08-28,425.0,C,0.35,0.37,0.36,53.6137,0.022979,0.001515,-0.070652,0.036498,14,342.27,130,518,84.89
TSLA,2026-08-14,2026-08-28,430.0,C,0.31,0.34,0.325,55.1274,0.020359,0.00133,-0.065551,0.03295,14,342.27,75,853,84.89
TSLA,2026-08-14,2026-08-28,435.0,C,0.29,0.31,0.3,56.7387,0.018345,0.001183,-0.061723,0.030158,14,342.27,85,1392,84.89
TSLA,2026-08-14,2026-08-28,440.0,C,0.26,0.28,0.27,58.1059,0.016266,0.001042,-0.057014,0.027213,14,342.27,198,830,84.89
TSLA,2026-08-14,2026-08-28,445.0,C,0.24,0.26,0.25,59.6684,0.014796,0.000936,-0.053955,0.025088,14,342.27,57,809,84.89
TSLA,2026-08-14,2026-08-28,450.0,C,0.22,0.24,0.23,61.0355,0.013291,0.000834,-0.0503,0.022872,14,342.27,143,1540,84.89
TSLA,2026-08-14,2026-08-28,455.0,C,0.2,0.22,0.21,62.4027,0.012011,0.000747,-0.047096,0.020953,14,342.27,68,407,84.89
TSLA,2026-08-14,2026-08-28,460.0,C,0.19,0.21,0.2,63.9652,0.011131,0.000682,-0.045176,0.019613,14,342.27,70,368,84.89
TSLA,2026-08-14,2026-08-28,465.0,C,0.17,0.19,0.18,65.0394,0.009879,0.000605,-0.041388,0.017677,14,342.27,105,457,84.89
TSLA,2026-08-14,2026-08-28,470.0,C,0.16,0.18,0.17,66.5042,0.009166,0.000554,-0.039627,0.016556,14,342.27,154,443,84.89
TSLA,2026-08-14,2026-08-28,475.0,C,0.15,0.17,0.16,67.9691,0.008547,0.00051,-0.038085,0.015572,14,342.27,39,231,84.89
TSLA,2026-08-14,2026-08-28,480.0,C,0.14,0.16,0.15,69.2386,0.007852,0.000465,-0.036004,0.014455,14,342.27,192,361,84.89
TSLA,2026-08-14,2026-08-28,485.0,C,0.13,0.15,0.14,70.5081,0.007247,0.000425,-0.034155,0.013468,14,342.27,45,679,84.89
TSLA,2026-08-14,2026-08-28,490.0,C,0.12,0.14,0.13,71.68,0.006651,0.000388,-0.032182,0.012485,14,342.27,48,444,84.89
TSLA,2026-08-14,2026-08-28,495.0,C,0.11,0.13,0.12,72.6565,0.006006,0.000349,-0.029801,0.011408,14,342.27,20,113,84.89
TSLA,2026-08-14,2026-08-28,500.0,C,0.1,0.12,0.11,73.6331,0.005444,0.000316,-0.027675,0.010455,14,342.27,66,972,84.89
TSLA,2026-08-14,2026-08-28,505.0,C,0.1,0.12,0.11,75.3909,0.005373,0.000305,-0.027999,0.010333,14,342.27,1,530,84.89
TSLA,2026-08-14,2026-08-28,510.0,C,0.09,0.11,0.1,76.1721,0.004809,0.000274,-0.02563,0.009363,14,342.27,5,61,84.89
TSLA,2026-08-14,2026-08-28,515.0,C,0.08,0.1,0.09,76.9534,0.004318,0.000246,-0.023513,0.008503,14,342.27,10,129,84.89
TSLA,2026-08-14,2026-08-28,520.0,C,0.08,0.1,0.09,78.5158,0.004223,0.000236,-0.023516,0.008336,14,342.27,12,322,84.89
TSLA,2026-08-14,2026-08-28,525.0,C,0.07,0.09,0.08,79.1018,0.003738,0.00021,-0.021239,0.007474,14,342.27,4,130,84.89
TSLA,2026-08-14,2026-08-28,530.0,C,0.07,0.09,0.08,80.6643,0.003681,0.000203,-0.021359,0.007372,14,342.27,3,70,84.89
TSLA,2026-08-14,2026-08-28,535.0,C,0.07,0.08,0.075,81.6408,0.003418,0.000188,-0.020221,0.006896,14,342.27,10,29,84.89
TSLA,2026-08-14,2026-08-28,540.0,C,0.06,0.08,0.07,82.4221,0.003117,0.000171,-0.018789,0.006348,14,342.27,1,48,84.89
TSLA,2026-08-14,2026-08-28,545.0,C,0.03,0.19,0.11,88.0861,0.004634,0.000229,-0.028645,0.009057,14,342.27,4,344,84.89
TSLA,2026-08-14,2026-08-28,550.0,C,0.03,0.18,0.105,89.0626,0.004346,0.000214,-0.027348,0.008553,14,342.27,10,314,84.89
TSLA,2026-08-14,2026-08-28,555.0,C,0.01,0.18,0.095,89.6485,0.00394,0.000194,-0.025211,0.007834,14,342.27,4,9,84.89
TSLA,2026-08-14,2026-08-28,560.0,C,0.03,0.18,0.105,91.9923,0.00421,0.000201,-0.027451,0.008313,14,342.27,8,10,84.89
TSLA,2026-08-14,2026-08-28,565.0,C,0.02,0.18,0.1,92.9688,0.003977,0.000189,-0.026364,0.007901,14,342.27,7,32,84.89
TSLA,2026-08-14,2026-08-28,570.0,C,0.01,0.17,0.09,93.3594,0.003569,0.000171,-0.024024,0.00717,14,342.27,4,119,84.89
TSLA,2026-08-14,2026-08-28,575.0,C,0.01,0.17,0.09,94.7266,0.00351,0.000166,-0.02401,0.007063,14,342.27,1,6,84.89
TSLA,2026-08-14,2026-08-28,580.0,C,0.01,0.17,0.09,96.0938,0.003458,0.000161,-0.024029,0.006969,14,342.27,1,27,84.89
TSLA,2026-08-14,2026-08-28,585.0,C,0.01,0.1,0.055,92.9688,0.00222,0.000112,-0.015587,0.004672,14,342.27,1,24,84.89
TSLA,2026-08-14,2026-08-28,590.0,C,0.03,0.05,0.04,91.4063,0.001618,8.5e-05,-0.011497,0.003506,14,342.27,2,12,84.89
TSLA,2026-08-14,2026-08-28,595.0,C,0.02,0.05,0.035,91.797,0.001451,7.7e-05,-0.010451,0.003173,14,342.27,2,9,84.89
TSLA,2026-08-14,2026-08-28,600.0,C,0.01,0.05,0.03,91.797,0.001245,6.7e-05,-0.009088,0.002759,14,342.27,4,73,84.89
TSLA,2026-08-14,2026-08-28,605.0,C,0.02,0.05,0.035,94.1407,0.001396,7.2e-05,-0.010348,0.003064,14,342.27,3,18,84.89
TSLA,2026-08-14,2026-08-28,610.0,C,0.02,0.05,0.035,95.3125,0.001373,7e-05,-0.010319,0.003018,14,342.27,9,12,84.89
TSLA,2026-08-14,2026-08-28,615.0,C,0.01,0.05,0.03,95.3125,0.001189,6.2e-05,-0.009043,0.002645,14,342.27,4,12,84.89
TSLA,2026-08-14,2026-08-28,620.0,C,0.01,0.1,0.055,101.7583,0.002024,9.4e-05,-0.015679,0.004296,14,342.27,3,10,84.89
TSLA,2026-08-14,2026-08-28,625.0,C,0.01,0.1,0.055,103.1255,0.00203,9.3e-05,-0.015935,0.004308,14,342.27,7,9,84.89
TSLA,2026-08-14,2026-08-28,630.0,C,0.0,0.1,0.05,103.1255,0.001791,8.3e-05,-0.014215,0.003844,14,342.27,1,5,84.89
TSLA,2026-08-14,2026-08-28,640.0,C,0.0,0.1,0.05,105.4692,0.001751,7.9e-05,-0.014244,0.003766,14,342.27,2,12,84.89
TSLA,2026-08-14,2026-08-28,650.0,C,0.0,0.09,0.045,107.0317,0.001598,7.2e-05,-0.013302,0.003466,14,342.27,2,31,84.89
TSLA,2026-08-14,2026-08-28,660.0,C,0.0,0.1,0.05,110.1567,0.001699,7.4e-05,-0.014471,0.003664,14,342.27,2,3,84.89
TSLA,2026-08-14,2026-08-28,670.0,C,0.0,0.05,0.025,106.2505,0.000914,4.4e-05,-0.007912,0.002077,14,342.27,1,5,84.89
TSLA,2026-08-14,2026-08-28,680.0,C,0.0,0.05,0.025,107.813,0.000848,4e-05,-0.007495,0.001939,14,342.27,6,9,84.89
TSLA,2026-08-14,2026-08-28,690.0,C,0.01,0.05,0.03,111.7192,0.001006,4.5e-05,-0.00909,0.00227,14,342.27,1,7,84.89
TSLA,2026-08-14,2026-08-28,700.0,C,0.0,0.05,0.025,112.5004,0.000872,3.9e-05,-0.008024,0.00199,14,342.27,2,100,84.89
TSLA,2026-08-14,2026-08-28,710.0,C,0.01,0.05,0.03,115.6254,0.000959,4.2e-05,-0.008998,0.002171,14,342.27,32,52,84.89
TSLA,2026-08-14,2026-08-28,720.0,C,0.0,0.05,0.025,116.4067,0.00084,3.7e-05,-0.00802,0.001923,14,342.27,0,3,84.89
TSLA,2026-08-14,2026-08-28,730.0,C,0.0,0.05,0.025,117.9692,0.000798,3.5e-05,-0.007751,0.001834,14,342.27,3,5,84.89
TSLA,2026-08-14,2026-08-28,740.0,C,0.0,0.05,0.025,119.9223,0.00079,3.4e-05,-0.007811,0.001818,14,342.27,1,4,84.89
TSLA,2026-08-14,2026-08-28,750.0,C,0.0,0.05,0.025,121.8754,0.000785,3.3e-05,-0.007893,0.001807,14,342.27,1,60,84.89
TSLA,2026-08-14,2026-08-28,50.0,P,0.0,0.05,0.025,310.9377,-0.000265,5e-06,-0.007313,0.000659,14,342.27,4,5,84.89
TSLA,2026-08-14,2026-08-28,80.0,P,0.0,0.05,0.025,235.9379,-0.000363,8e-06,-0.007438,0.000884,14,342.27,1,98,84.89
TSLA,2026-08-14,2026-08-28,90.0,P,0.0,0.05,0.025,217.188,-0.000395,1e-05,-0.007408,0.000957,14,342.27,1,75,84.89
TSLA,2026-08-14,2026-08-28,100.0,P,0.0,0.05,0.025,200.0005,-0.000418,1.1e-05,-0.007188,0.001009,14,342.27,480,711,84.89
TSLA,2026-08-14,2026-08-28,110.0,P,0.0,0.05,0.025,185.1563,-0.000457,1.3e-05,-0.007236,0.001097,14,342.27,2,193,84.89
TSLA,2026-08-14,2026-08-28,120.0,P,0.0,0.05,0.025,171.8751,-0.000508,1.6e-05,-0.007398,0.001208,14,342.27,24,100,84.89
TSLA,2026-08-14,2026-08-28,130.0,P,0.0,0.05,0.025,158.594,-0.000525,1.7e-05,-0.007043,0.001247,14,342.27,20,132,84.89
TSLA,2026-08-14,2026-08-28,140.0,P,0.01,0.05,0.03,149.219,-0.000664,2.3e-05,-0.008225,0.001548,14,342.27,96,156,84.89
TSLA,2026-08-14,2026-08-28,150.0,P,0.0,0.05,0.025,135.9378,-0.000604,2.3e-05,-0.006862,0.001418,14,342.27,123,3628,84.89
TSLA,2026-08-14,2026-08-28,160.0,P,0.01,0.05,0.03,128.1254,-0.000785,3.1e-05,-0.008235,0.001806,14,342.27,2,4264,84.89
TSLA,2026-08-14,2026-08-28,170.0,P,0.0,0.05,0.025,116.4067,-0.000712,3.2e-05,-0.006838,0.001651,14,342.27,280,545,84.89
TSLA,2026-08-14,2026-08-28,180.0,P,0.02,0.09,0.055,116.016,-0.001598,6.6e-05,-0.0143,0.003466,14,342.27,17,692,84.89
TSLA,2026-08-14,2026-08-28,190.0,P,0.0,0.09,0.045,104.688,-0.001441,6.7e-05,-0.011734,0.003153,14,342.27,4,206,84.89
TSLA,2026-08-14,2026-08-28,200.0,P,0.01,0.07,0.04,95.3125,-0.001445,7.4e-05,-0.010708,0.003161,14,342.27,466,2955,84.89
TSLA,2026-08-14,2026-08-28,210.0,P,0.06,0.1,0.08,93.5548,-0.002842,0.000139,-0.019414,0.005842,14,342.27,16474,258,84.89
TSLA,2026-08-14,2026-08-28,220.0,P,0.03,0.12,0.075,84.7658,-0.002945,0.000158,-0.018152,0.006031,14,342.27,376,414,84.89
TSLA,2026-08-14,2026-08-28,230.0,P,0.06,0.11,0.085,77.9299,-0.003571,0.000205,-0.019833,0.007173,14,342.27,305,2066,84.89
TSLA,2026-08-14,2026-08-28,235.0,P,0.05,0.14,0.095,75.1956,-0.004188,0.000245,-0.02207,0.008275,14,342.27,12,44,84.89
TSLA,2026-08-14,2026-08-28,240.0,P,0.05,0.15,0.1,71.68,-0.004543,0.000276,-0.022616,0.008899,14,342.27,485,890,84.89
TSLA,2026-08-14,2026-08-28,245.0,P,0.09,0.15,0.12,69.5316,-0.005643,0.000345,-0.026599,0.010794,14,342.27,1,290,84.89
TSLA,2026-08-14,2026-08-28,250.0,P,0.09,0.18,0.135,66.6996,-0.006551,0.000411,-0.02911,0.01232,14,342.27,246,996,84.89
TSLA,2026-08-14,2026-08-28,255.0,P,0.1,0.18,0.14,63.2816,-0.007176,0.00047,-0.029917,0.013352,14,342.27,28,2807,84.89
TSLA,2026-08-14,2026-08-28,260.0,P,0.1,0.19,0.145,59.766,-0.007774,0.000534,-0.030301,0.014327,14,342.27,211,2505,84.89
TSLA,2026-08-14,2026-08-28,265.0,P,0.1,0.17,0.135,55.5669,-0.00779,0.000575,-0.028204,0.014353,14,342.27,67,377,84.89
TSLA,2026-08-14,2026-08-28,270.0,P,0.15,0.23,0.19,54.4926,-0.011039,0.000795,-0.037499,0.019472,14,342.27,745,1718,84.89
TSLA,2026-08-14,2026-08-28,275.0,P,0.18,0.2,0.19,50.7817,-0.011779,0.000903,-0.036941,0.020601,14,342.27,128,766,84.89
TSLA,2026-08-14,2026-08-28,280.0,P,0.21,0.23,0.22,48.4868,-0.014737,0.001148,-0.042767,0.025002,14,342.27,808,1564,84.89
TSLA,2026-08-14,2026-08-28,285.0,P,0.25,0.27,0.26,45.9478,-0.018059,0.001441,-0.048184,0.029757,14,342.27,226,698,84.89
TSLA,2026-08-14,2026-08-28,290.0,P,0.3,0.33,0.315,43.6529,-0.022873,0.001854,-0.055862,0.036357,14,342.27,386,2605,84.89
TSLA,2026-08-14,2026-08-28,295.0,P,0.39,0.42,0.405,41.6021,-0.029899,0.002433,-0.066508,0.045483,14,342.27,283,947,84.89
TSLA,2026-08-14,2026-08-28,300.0,P,0.53,0.56,0.545,39.8932,-0.040547,0.003258,-0.081762,0.058405,14,342.27,1562,2663,84.89
TSLA,2026-08-14,2026-08-28,305.0,P,0.74,0.78,0.76,38.526,-0.056542,0.004403,-0.102839,0.076213,14,342.27,337,822,84.89
TSLA,2026-08-14,2026-08-28,310.0,P,1.07,1.11,1.09,37.403,-0.079588,0.005906,-0.129749,0.099267,14,342.27,617,1769,84.89
TSLA,2026-08-14,2026-08-28,315.0,P,1.56,1.61,1.585,36.6095,-0.112445,0.007784,-0.163378,0.128045,14,342.27,509,1446,84.89
TSLA,2026-08-14,2026-08-28,320.0,P,2.27,2.34,2.305,36.0602,-0.156718,0.00993,-0.201571,0.160895,14,342.27,1972,1666,84.89
TSLA,2026-08-14,2026-08-28,325.0,P,3.25,3.35,3.3,35.6574,-0.212836,0.012153,-0.240281,0.194713,14,342.27,1406,1205,84.89
TSLA,2026-08-14,2026-08-28,330.0,P,4.6,4.7,4.65,35.3827,-0.280303,0.0142,-0.275143,0.225766,14,342.27,1643,2638,84.89
TSLA,2026-08-14,2026-08-28,335.0,P,6.35,6.5,6.425,35.4499,-0.35779,0.01571,-0.303816,0.250246,14,342.27,741,722,84.89
TSLA,2026-08-14,2026-08-28,340.0,P,8.55,8.7,8.625,35.5048,-0.440044,0.016573,-0.319181,0.264396,14,342.27,937,587,84.89
TSLA,2026-08-14,2026-08-28,345.0,P,11.15,11.45,11.3,36.0846,-0.522734,0.016466,-0.324856,0.266987,14,342.27,509,377,84.89
TSLA,2026-08-14,2026-08-28,350.0,P,14.15,14.55,14.35,36.5363,-0.601224,0.015762,-0.315404,0.258766,14,342.27,1321,966,84.89
TSLA,2026-08-14,2026-08-28,355.0,P,17.45,18.0,17.725,36.9757,-0.6731,0.014556,-0.294267,0.241835,14,342.27,146,331,84.89
TSLA,2026-08-14,2026-08-28,360.0,P,21.2,21.8,21.5,37.6105,-0.735511,0.012979,-0.266994,0.219346,14,342.27,202,704,84.89
TSLA,2026-08-14,2026-08-28,365.0,P,24.85,26.25,25.55,40.1617,-0.776402,0.011101,-0.257834,0.200327,14,342.27,71,177,84.89
TSLA,2026-08-14,2026-08-28,370.0,P,29.2,30.65,29.925,41.7975,-0.814184,0.009553,-0.236572,0.17942,14,342.27,39,1263,84.89
TSLA,2026-08-14,2026-08-28,375.0,P,33.3,35.1,34.2,42.9937,-0.847475,0.008181,-0.2098,0.158037,14,342.27,18,157,84.89
TSLA,2026-08-14,2026-08-28,380.0,P,37.75,40.1,38.925,47.022,-0.858605,0.007109,-0.218495,0.150206,14,342.27,27,477,84.89
TSLA,2026-08-14,2026-08-28,385.0,P,42.2,44.75,43.475,48.5479,-0.879975,0.006148,-0.197565,0.134112,14,342.27,1,226,84.89
TSLA,2026-08-14,2026-08-28,390.0,P,46.95,49.7,48.325,51.8315,-0.889017,0.005447,-0.199039,0.126852,14,342.27,14,227,84.89
TSLA,2026-08-14,2026-08-28,395.0,P,51.9,54.55,53.225,54.1997,-0.900329,0.004819,-0.190508,0.117358,14,342.27,14,121,84.89
TSLA,2026-08-14,2026-08-28,400.0,P,56.65,59.45,58.05,56.7631,-0.908851,0.004308,-0.185311,0.109885,14,342.27,13,228,84.89
TSLA,2026-08-14,2026-08-28,405.0,P,61.55,64.45,63.0,60.0224,-0.913205,0.003929,-0.189017,0.105953,14,342.27,1,40,84.89
TSLA,2026-08-14,2026-08-28,410.0,P,66.45,69.35,67.9,62.2929,-0.920341,0.003549,-0.182139,0.099334,14,342.27,5,81,84.89
TSLA,2026-08-14,2026-08-28,415.0,P,70.8,75.7,73.25,51.8804,-0.966492,0.002144,-0.051738,0.049974,14,342.27,1,9,84.89
TSLA,2026-08-14,2026-08-28,420.0,P,76.35,79.2,77.775,66.8704,-0.931409,0.002949,-0.171374,0.088604,14,342.27,6,7,84.89
TSLA,2026-08-14,2026-08-28,425.0,P,80.7,85.35,83.025,52.0513,-0.980243,0.001373,-0.017386,0.032121,14,342.27,1,0,84.89
TSLA,2026-08-14,2026-08-28,430.0,P,85.65,90.9,88.275,59.9613,-0.969419,0.00172,-0.05676,0.046341,14,342.27,1,0,84.89
TSLA,2026-08-14,2026-08-28,435.0,P,90.65,95.6,93.125,59.2289,-0.977065,0.001369,-0.033845,0.036439,14,342.27,1,1,84.89
TSLA,2026-08-14,2026-08-28,440.0,P,95.65,100.55,98.1,60.9379,-0.978976,0.001237,-0.029881,0.033858,14,342.27,1,0,84.89
TSLA,2026-08-14,2026-08-28,445.0,P,100.6,104.9,102.75,88.0006,-0.923432,0.002438,-0.260412,0.096396,14,342.27,2,0,84.89
TSLA,2026-08-14,2026-08-28,450.0,P,105.6,110.55,108.075,64.7464,-0.981395,0.001049,-0.02568,0.030522,14,342.27,1,0,84.89
TSLA,2026-08-14,2026-08-28,455.0,P,110.7,115.65,113.175,69.5316,-0.977899,0.00113,-0.042416,0.035319,14,342.27,6,0,84.89
TSLA,2026-08-14,2026-08-28,460.0,P,115.6,119.6,117.6,93.0421,-0.936179,0.002004,-0.233962,0.083793,14,342.27,10,0,84.89
TSLA,2026-08-14,2026-08-28,470.0,P,125.55,129.4,127.475,95.8497,-0.943856,0.00176,-0.213709,0.07579,14,342.27,1,0,84.89
TSLA,2026-08-14,2026-08-28,475.0,P,129.7,135.55,132.625,110.1079,-0.920036,0.002014,-0.346233,0.099621,14,342.27,7,2,84.89
TSLA,2026-08-14,2026-08-28,480.0,P,135.75,140.65,138.2,80.8107,-0.979756,0.000903,-0.046753,0.032792,14,342.27,0,0,84.89
TSLA,2026-08-14,2026-08-28,495.0,P,149.4,155.8,152.6,122.4491,-0.921128,0.001792,-0.383547,0.098589,14,342.27,0,0,84.89
TSLA,2026-08-14,2026-08-28,500.0,P,155.85,160.6,158.225,89.4532,-0.980666,0.000785,-0.050808,0.031536,14,342.27,62,0,84.89
TSLA,2026-08-14,2026-08-28,515.0,P,170.85,175.8,173.325,97.8028,-0.978814,0.000775,-0.067634,0.034079,14,342.27,0,0,84.89
TSLA,2026-08-14,2026-08-28,520.0,P,175.85,180.8,178.325,99.707,-0.979168,0.00075,-0.067715,0.033597,14,342.27,15,0,84.89
TSLA,2026-08-14,2026-08-28,550.0,P,205.6,210.55,208.075,102.5395,-0.987915,0.000457,-0.021905,0.021065,14,342.27,10,0,84.89
TSLA,2026-08-14,2026-09-04,120.0,C,220.1,225.2,222.65,188.9649,0.994516,0.000101,-0.069893,0.012888,21,342.27,2,2,84.89
TSLA,2026-08-14,2026-09-04,170.0,C,170.25,175.35,172.8,136.3284,0.989558,0.000247,-0.090532,0.022723,21,342.27,1,6,84.89
TSLA,2026-08-14,2026-09-04,180.0,C,160.3,165.4,162.85,127.93,0.987922,0.000299,-0.096271,0.025787,21,342.27,10,10,84.89
TSLA,2026-08-14,2026-09-04,190.0,C,150.35,155.4,152.875,119.0434,0.986499,0.000354,-0.099167,0.028395,21,342.27,1,1,84.89
TSLA,2026-08-14,2026-09-04,200.0,C,140.4,145.45,142.925,111.1333,0.98449,0.000427,-0.104284,0.031996,21,342.27,1,34,84.89
TSLA,2026-08-14,2026-09-04,210.0,C,130.45,135.5,132.975,103.4673,0.982178,0.000517,-0.109324,0.036037,21,342.27,1,0,84.89
TSLA,2026-08-14,2026-09-04,220.0,C,120.45,125.55,123.0,95.3614,0.980104,0.000616,-0.111339,0.039575,21,342.27,1,1,84.89
TSLA,2026-08-14,2026-09-04,230.0,C,110.5,115.6,113.05,87.9884,0.977203,0.000749,-0.115412,0.044403,21,342.27,1,8,84.89
TSLA,2026-08-14,2026-09-04,235.0,C,105.55,110.6,108.075,84.3752,0.975559,0.000828,-0.117417,0.04708,21,342.27,0,8,84.89
TSLA,2026-08-14,2026-09-04,240.0,C,100.55,105.65,103.1,80.7619,0.973822,0.000916,-0.119169,0.049868,21,342.27,1,7,84.89
TSLA,2026-08-14,2026-09-04,245.0,C,95.6,100.65,98.125,77.1975,0.971913,0.001016,-0.120919,0.052885,21,342.27,14,14,84.89
TSLA,2026-08-14,2026-09-04,250.0,C,90.65,95.65,93.15,73.6331,0.969877,0.001129,-0.122415,0.056052,21,342.27,1,14,84.89
TSLA,2026-08-14,2026-09-04,255.0,C,85.7,90.7,88.2,70.4593,0.967018,0.001272,-0.125899,0.060414,21,342.27,198,25,84.89
TSLA,2026-08-14,2026-09-04,260.0,C,81.1,85.35,83.225,66.9193,0.96456,0.001421,-0.127085,0.064091,21,342.27,17,42,84.89
TSLA,2026-08-14,2026-09-04,265.0,C,76.2,80.6,78.4,65.2836,0.957816,0.001679,-0.140035,0.073864,21,342.27,17,34,84.89
TSLA,2026-08-14,2026-09-04,270.0,C,71.3,75.35,73.325,60.474,0.957491,0.001823,-0.132739,0.074324,21,342.27,188,26,84.89
TSLA,2026-08-14,2026-09-04,275.0,C,66.5,70.15,68.325,56.6411,0.954893,0.002042,-0.131285,0.077967,21,342.27,190,19,84.89
TSLA,2026-08-14,2026-09-04,280.0,C,61.7,65.35,63.525,54.9321,0.94587,0.002436,-0.144264,0.090183,21,342.27,175,55,84.89
TSLA,2026-08-14,2026-09-04,285.0,C,57.0,60.05,58.525,51.0747,0.942174,0.00276,-0.142225,0.095007,21,342.27,174,23,84.89
TSLA,2026-08-14,2026-09-04,290.0,C,52.5,55.0,53.75,58.1547,0.898494,0.003716,-0.227231,0.14566,21,342.27,71,112,84.89
TSLA,2026-08-14,2026-09-04,295.0,C,47.95,49.9,48.925,53.1499,0.89366,0.004206,-0.216546,0.150658,21,342.27,69,145,84.89
TSLA,2026-08-14,2026-09-04,300.0,C,43.4,45.3,44.35,51.0625,0.875922,0.004885,-0.230151,0.168129,21,342.27,102,410,84.89
TSLA,2026-08-14,2026-09-04,305.0,C,39.05,40.55,39.8,47.8765,0.859898,0.005666,-0.234072,0.182821,21,342.27,10,375,84.89
TSLA,2026-08-14,2026-09-04,310.0,C,34.6,36.05,35.325,45.667,0.83602,0.006594,-0.245999,0.202976,21,342.27,175,895,84.89
TSLA,2026-08-14,2026-09-04,315.0,C,30.25,31.8,31.025,44.1168,0.804449,0.007625,-0.262807,0.22674,21,342.27,26,706,84.89
TSLA,2026-08-14,2026-09-04,320.0,C,26.7,27.4,27.05,41.4312,0.772797,0.008866,-0.268219,0.247581,21,342.27,40,709,84.89
TSLA,2026-08-14,2026-09-04,325.0,C,22.8,23.95,23.375,41.6632,0.722183,0.009804,-0.295693,0.275311,21,342.27,106,588,84.89
TSLA,2026-08-14,2026-09-04,330.0,C,19.7,20.35,20.025,40.4913,0.672326,0.010863,-0.307052,0.29647,21,342.27,285,1615,84.89
TSLA,2026-08-14,2026-09-04,335.0,C,16.5,17.0,16.75,39.3439,0.616852,0.011817,-0.313204,0.313371,21,342.27,288,969,84.89
TSLA,2026-08-14,2026-09-04,340.0,C,14.0,14.3,14.15,39.3195,0.555775,0.012238,-0.32143,0.324317,21,342.27,953,683,84.89
TSLA,2026-08-14,2026-09-04,345.0,C,11.6,11.85,11.725,39.1425,0.494009,0.012413,-0.321128,0.327486,21,342.27,1130,913,84.89
TSLA,2026-08-14,2026-09-04,350.0,C,9.6,9.75,9.675,39.1241,0.433136,0.012245,-0.31483,0.322912,21,342.27,3536,1536,84.89
TSLA,2026-08-14,2026-09-04,355.0,C,7.9,8.05,7.975,39.4598,0.375992,0.011715,-0.304949,0.31157,21,342.27,1026,1095,84.89
TSLA,2026-08-14,2026-09-04,360.0,C,6.45,6.55,6.5,39.6185,0.3222,0.011026,-0.288248,0.29443,21,342.27,1140,1465,84.89
TSLA,2026-08-14,2026-09-04,365.0,C,5.25,5.35,5.3,40.0091,0.274304,0.010146,-0.269601,0.273595,21,342.27,2137,573,84.89
TSLA,2026-08-14,2026-09-04,370.0,C,4.25,4.35,4.3,40.3998,0.231621,0.009191,-0.24833,0.250269,21,342.27,625,1012,84.89
TSLA,2026-08-14,2026-09-04,375.0,C,3.45,3.55,3.5,40.9064,0.194886,0.008207,-0.226784,0.226271,21,342.27,393,690,84.89
TSLA,2026-08-14,2026-09-04,380.0,C,2.84,2.9,2.87,41.4557,0.163413,0.007248,-0.205276,0.202521,21,342.27,727,1042,84.89
TSLA,2026-08-14,2026-09-04,385.0,C,2.34,2.39,2.365,42.127,0.137269,0.00635,-0.185366,0.180295,21,342.27,188,530,84.89
TSLA,2026-08-14,2026-09-04,390.0,C,1.94,1.99,1.965,42.9083,0.115792,0.005537,-0.167417,0.160133,21,342.27,189,684,84.89
TSLA,2026-08-14,2026-09-04,395.0,C,1.62,1.67,1.645,43.7506,0.098066,0.004817,-0.151196,0.142037,21,342.27,144,436,84.89
TSLA,2026-08-14,2026-09-04,400.0,C,1.37,1.41,1.39,44.605,0.083267,0.004184,-0.136345,0.125791,21,342.27,1298,1642,84.89
TSLA,2026-08-14,2026-09-04,405.0,C,1.17,1.21,1.19,45.5816,0.071448,0.003645,-0.12389,0.111979,21,342.27,108,350,84.89
TSLA,2026-08-14,2026-09-04,410.0,C,1.01,1.05,1.03,46.6314,0.061863,0.003187,-0.113254,0.100164,21,342.27,160,506,84.89
TSLA,2026-08-14,2026-09-04,415.0,C,0.89,0.92,0.905,47.7056,0.053913,0.002796,-0.103892,0.089897,21,342.27,24,259,84.89
TSLA,2026-08-14,2026-09-04,420.0,C,0.78,0.82,0.8,48.8775,0.047573,0.00247,-0.096267,0.081371,21,342.27,317,764,84.89
TSLA,2026-08-14,2026-09-04,425.0,C,0.7,0.73,0.715,49.9761,0.041968,0.002184,-0.088913,0.073557,21,342.27,66,187,84.89
TSLA,2026-08-14,2026-09-04,430.0,C,0.63,0.66,0.645,50.9771,0.036918,0.001929,-0.081655,0.066271,21,342.27,67,363,84.89
TSLA,2026-08-14,2026-09-04,435.0,C,0.57,0.6,0.585,52.1489,0.033097,0.001724,-0.076321,0.060587,21,342.27,90,62,84.89
TSLA,2026-08-14,2026-09-04,440.0,C,0.52,0.55,0.535,53.3208,0.029829,0.001547,-0.071568,0.055597,21,342.27,15,116,84.89
TSLA,2026-08-14,2026-09-04,445.0,C,0.47,0.5,0.485,54.395,0.026793,0.001387,-0.066735,0.050845,21,342.27,98,256,84.89
TSLA,2026-08-14,2026-09-04,450.0,C,0.44,0.47,0.455,55.7133,0.024708,0.001265,-0.063841,0.047512,21,342.27,32,469,84.89
TSLA,2026-08-14,2026-09-04,455.0,C,0.41,0.43,0.42,56.8608,0.022555,0.001148,-0.06032,0.044005,21,342.27,26,93,84.89
TSLA,2026-08-14,2026-09-04,460.0,C,0.38,0.4,0.39,58.0082,0.020685,0.001046,-0.057172,0.040901,21,342.27,145,202,84.89
TSLA,2026-08-14,2026-09-04,465.0,C,0.35,0.38,0.365,59.1801,0.019096,0.000958,-0.054481,0.038219,21,342.27,4,49,84.89
TSLA,2026-08-14,2026-09-04,470.0,C,0.33,0.35,0.34,60.2543,0.017546,0.000876,-0.051594,0.03556,21,342.27,12,164,84.89
TSLA,2026-08-14,2026-09-04,475.0,C,0.31,0.33,0.32,61.4262,0.016335,0.000808,-0.049459,0.03345,21,342.27,1,60,84.89
TSLA,2026-08-14,2026-09-04,480.0,C,0.29,0.31,0.3,62.5004,0.015129,0.000743,-0.047105,0.03132,21,342.27,14,45,84.89
TSLA,2026-08-14,2026-09-04,485.0,C,0.27,0.29,0.28,63.5258,0.014,0.000684,-0.044773,0.029297,21,342.27,2,5,84.89
TSLA,2026-08-14,2026-09-04,490.0,C,0.25,0.28,0.265,64.6,0.013061,0.000634,-0.042871,0.027594,21,342.27,3,10,84.89
TSLA,2026-08-14,2026-09-04,495.0,C,0.24,0.26,0.25,65.6253,0.012171,0.000587,-0.04096,0.025958,21,342.27,1,81,84.89
TSLA,2026-08-14,2026-09-04,500.0,C,0.22,0.25,0.235,66.6019,0.011326,0.000543,-0.039043,0.024386,21,342.27,71,1129,84.89
TSLA,2026-08-14,2026-09-04,505.0,C,0.21,0.22,0.215,67.3831,0.010374,0.000497,-0.036588,0.022593,21,342.27,6,14,84.89
TSLA,2026-08-14,2026-09-04,510.0,C,0.2,0.22,0.21,68.555,0.009899,0.000469,-0.035726,0.021688,21,342.27,42,195,84.89
TSLA,2026-08-14,2026-09-04,515.0,C,0.19,0.21,0.2,69.6292,0.009385,0.000441,-0.034627,0.020701,21,342.27,4,4,84.89
TSLA,2026-08-14,2026-09-04,520.0,C,0.18,0.2,0.19,70.6058,0.00884,0.000413,-0.033312,0.019643,21,342.27,1,334,84.89
TSLA,2026-08-14,2026-09-04,525.0,C,0.17,0.19,0.18,71.4847,0.008269,0.000385,-0.031803,0.018526,21,342.27,1,742,84.89
TSLA,2026-08-14,2026-09-04,530.0,C,0.16,0.18,0.17,72.3636,0.007756,0.000359,-0.030424,0.017511,21,342.27,1,21,84.89
TSLA,2026-08-14,2026-09-04,535.0,C,0.16,0.18,0.17,73.6331,0.007578,0.000346,-0.030327,0.017157,21,342.27,18,467,84.89
TSLA,2026-08-14,2026-09-04,540.0,C,0.15,0.17,0.16,74.512,0.007144,0.000324,-0.029131,0.016288,21,342.27,1,62,84.89
TSLA,2026-08-14,2026-09-04,545.0,C,0.14,0.16,0.15,75.1956,0.006622,0.000301,-0.027489,0.015233,21,342.27,2,12,84.89
TSLA,2026-08-14,2026-09-04,550.0,C,0.13,0.15,0.14,75.8791,0.006151,0.000279,-0.025981,0.01427,21,342.27,107,479,84.89
TSLA,2026-08-14,2026-09-04,555.0,C,0.13,0.15,0.14,77.1487,0.00607,0.000271,-0.026104,0.014103,21,342.27,1,31,84.89
TSLA,2026-08-14,2026-09-04,560.0,C,0.12,0.14,0.13,77.7346,0.005609,0.000251,-0.024518,0.013148,21,342.27,4,16,84.89
TSLA,2026-08-14,2026-09-04,565.0,C,0.12,0.14,0.13,78.9065,0.005505,0.000243,-0.024476,0.012932,21,342.27,2,1,84.89
TSLA,2026-08-14,2026-09-04,580.0,C,0.1,0.12,0.11,81.0549,0.004598,0.000202,-0.021411,0.011017,21,342.27,10,11,84.89
TSLA,2026-08-14,2026-09-04,585.0,C,0.1,0.12,0.11,82.2267,0.00455,0.000197,-0.021515,0.010913,21,342.27,13,4,84.89
TSLA,2026-08-14,2026-09-04,595.0,C,0.09,0.11,0.1,83.5939,0.004062,0.000175,-0.019758,0.00986,21,342.27,3,9,84.89
TSLA,2026-08-14,2026-09-04,600.0,C,0.09,0.11,0.1,84.7658,0.00404,0.000172,-0.019939,0.009814,21,342.27,123,43,84.89
TSLA,2026-08-14,2026-09-04,605.0,C,0.09,0.11,0.1,85.7423,0.003947,0.000166,-0.019751,0.009612,21,342.27,2,4,84.89
TSLA,2026-08-14,2026-09-04,620.0,C,0.03,0.25,0.14,92.1876,0.005135,0.000196,-0.026846,0.012155,21,342.27,7,12,84.89
TSLA,2026-08-14,2026-09-04,625.0,C,0.03,0.17,0.1,90.0392,0.003789,0.000153,-0.019987,0.009266,21,342.27,12,28,84.89
TSLA,2026-08-14,2026-09-04,630.0,C,0.03,0.16,0.095,90.6251,0.003591,0.000145,-0.019169,0.00883,21,342.27,9,25,84.89
TSLA,2026-08-14,2026-09-04,640.0,C,0.02,0.24,0.13,95.7032,0.004629,0.000172,-0.025403,0.011083,21,342.27,2,2,84.89
TSLA,2026-08-14,2026-09-04,650.0,C,0.04,0.08,0.06,90.6251,0.002313,9.7e-05,-0.012887,0.005938,21,342.27,2,24,84.89
TSLA,2026-08-14,2026-09-04,660.0,C,0.04,0.08,0.06,92.5782,0.002281,9.4e-05,-0.013001,0.005865,21,342.27,3,6,84.89
TSLA,2026-08-14,2026-09-04,670.0,C,0.01,0.08,0.045,91.9923,0.001728,7.3e-05,-0.010036,0.004556,21,342.27,3,21,84.89
TSLA,2026-08-14,2026-09-04,680.0,C,0.01,0.07,0.04,92.9688,0.001551,6.6e-05,-0.009193,0.00413,21,342.27,1,101,84.89
TSLA,2026-08-14,2026-09-04,50.0,P,0.0,0.05,0.025,256.2504,-0.00029,5e-06,-0.005365,0.000881,21,342.27,0,1,84.89
TSLA,2026-08-14,2026-09-04,60.0,P,0.0,0.05,0.025,232.8129,-0.000336,6e-06,-0.005572,0.001008,21,342.27,3,2,84.89
TSLA,2026-08-14,2026-09-04,80.0,P,0.0,0.1,0.05,207.0317,-0.000737,1.5e-05,-0.010265,0.002088,21,342.27,0,1,84.89
TSLA,2026-08-14,2026-09-04,90.0,P,0.0,0.05,0.025,178.9064,-0.000431,1.1e-05,-0.005395,0.001271,21,342.27,3,2,84.89
TSLA,2026-08-14,2026-09-04,100.0,P,0.0,0.01,0.005,146.8753,-0.000119,4e-06,-0.001334,0.000383,21,342.27,1,26,84.89
TSLA,2026-08-14,2026-09-04,110.0,P,0.0,0.1,0.05,162.5002,-0.000927,2.4e-05,-0.009943,0.002579,21,342.27,1,3,84.89
TSLA,2026-08-14,2026-09-04,120.0,P,0.0,0.1,0.05,150.7815,-0.001019,2.8e-05,-0.010056,0.002812,21,342.27,2,17,84.89
TSLA,2026-08-14,2026-09-04,130.0,P,0.01,0.1,0.055,141.0159,-0.001193,3.4e-05,-0.010865,0.00325,21,342.27,3,21,84.89
TSLA,2026-08-14,2026-09-04,140.0,P,0.0,0.1,0.05,129.2972,-0.001166,3.7e-05,-0.00975,0.003182,21,342.27,6,72,84.89
TSLA,2026-08-14,2026-09-04,150.0,P,0.0,0.1,0.05,119.9223,-0.001267,4.2e-05,-0.009759,0.003434,21,342.27,3,53,84.89
TSLA,2026-08-14,2026-09-04,160.0,P,0.02,0.1,0.06,112.8911,-0.001581,5.5e-05,-0.011239,0.004204,21,342.27,1,26,84.89
TSLA,2026-08-14,2026-09-04,170.0,P,0.0,0.1,0.05,102.7349,-0.001481,5.7e-05,-0.00963,0.003959,21,342.27,2,18,84.89
TSLA,2026-08-14,2026-09-04,180.0,P,0.0,0.12,0.06,96.4844,-0.001856,7.5e-05,-0.011101,0.004862,21,342.27,1,39,84.89
TSLA,2026-08-14,2026-09-04,190.0,P,0.02,0.13,0.075,91.0157,-0.002439,0.000102,-0.013414,0.006232,21,342.27,1,38,84.89
TSLA,2026-08-14,2026-09-04,200.0,P,0.05,0.11,0.08,84.3752,-0.002833,0.000125,-0.014228,0.007134,21,342.27,38,242,84.89
TSLA,2026-08-14,2026-09-04,210.0,P,0.05,0.13,0.09,78.3205,-0.00341,0.00016,-0.015592,0.008429,21,342.27,15,48,84.89
TSLA,2026-08-14,2026-09-04,220.0,P,0.1,0.18,0.14,75.1956,-0.005349,0.000249,-0.022374,0.012606,21,342.27,20,519,84.89
TSLA,2026-08-14,2026-09-04,230.0,P,0.07,0.2,0.135,68.0667,-0.005712,0.000291,-0.021448,0.013363,21,342.27,2,401,84.89
TSLA,2026-08-14,2026-09-04,235.0,P,0.1,0.2,0.15,65.5277,-0.006488,0.000339,-0.023103,0.01496,21,342.27,1,23,84.89
TSLA,2026-08-14,2026-09-04,240.0,P,0.09,0.21,0.15,62.3051,-0.006867,0.000375,-0.023085,0.015731,21,342.27,1814,73,84.89
TSLA,2026-08-14,2026-09-04,245.0,P,0.1,0.26,0.18,60.4496,-0.008355,0.000459,-0.026603,0.018695,21,342.27,286,182,84.89
TSLA,2026-08-14,2026-09-04,250.0,P,0.12,0.2,0.16,56.2993,-0.007987,0.000474,-0.023797,0.017969,21,342.27,138,268,84.89
TSLA,2026-08-14,2026-09-04,255.0,P,0.19,0.22,0.205,54.9809,-0.010336,0.000608,-0.029105,0.02252,21,342.27,35,841,84.89
TSLA,2026-08-14,2026-09-04,260.0,P,0.22,0.24,0.23,52.6372,-0.011991,0.000722,-0.031681,0.025625,21,342.27,88,345,84.89
TSLA,2026-08-14,2026-09-04,265.0,P,0.24,0.27,0.255,50.1958,-0.013797,0.000855,-0.034078,0.028931,21,342.27,10,327,84.89
TSLA,2026-08-14,2026-09-04,270.0,P,0.28,0.31,0.295,48.3892,-0.017011,0.001062,-0.039285,0.034632,21,342.27,125,328,84.89
TSLA,2026-08-14,2026-09-04,275.0,P,0.33,0.36,0.345,46.2896,-0.020401,0.001296,-0.043816,0.040425,21,342.27,65,459,84.89
TSLA,2026-08-14,2026-09-04,280.0,P,0.4,0.44,0.42,44.5318,-0.025392,0.00162,-0.050625,0.048612,21,342.27,79,488,84.89
TSLA,2026-08-14,2026-09-04,285.0,P,0.5,0.54,0.52,42.7984,-0.031744,0.002029,-0.058503,0.058537,21,342.27,95,932,84.89
TSLA,2026-08-14,2026-09-04,290.0,P,0.65,0.68,0.665,41.2604,-0.040454,0.002567,-0.06868,0.071398,21,342.27,273,740,84.89
TSLA,2026-08-14,2026-09-04,295.0,P,0.85,0.89,0.87,40.0397,-0.052865,0.00328,-0.082468,0.088509,21,342.27,178,950,84.89
TSLA,2026-08-14,2026-09-04,300.0,P,1.14,1.18,1.16,38.9777,-0.069515,0.004173,-0.099239,0.109642,21,342.27,729,2565,84.89
TSLA,2026-08-14,2026-09-04,305.0,P,1.55,1.6,1.575,38.2086,-0.092259,0.005273,-0.120194,0.135793,21,342.27,295,728,84.89
TSLA,2026-08-14,2026-09-04,310.0,P,2.12,2.18,2.15,37.6227,-0.1218,0.006545,-0.144244,0.165959,21,342.27,258,746,84.89
TSLA,2026-08-14,2026-09-04,315.0,P,2.88,2.96,2.92,37.2016,-0.158919,0.007931,-0.17037,0.198869,21,342.27,1285,696,84.89
TSLA,2026-08-14,2026-09-04,320.0,P,3.85,4.0,3.925,36.9818,-0.20418,0.009336,-0.197456,0.232706,21,342.27,916,1119,84.89
TSLA,2026-08-14,2026-09-04,325.0,P,5.15,5.3,5.225,36.7804,-0.256206,0.01066,-0.222057,0.264275,21,342.27,1014,791,84.89
TSLA,2026-08-14,2026-09-04,330.0,P,6.75,6.9,6.825,36.6339,-0.314333,0.011801,-0.242605,0.291378,21,342.27,500,520,84.89
TSLA,2026-08-14,2026-09-04,335.0,P,8.65,8.8,8.725,36.463,-0.376942,0.012688,-0.256806,0.311815,21,342.27,541,430,84.89
TSLA,2026-08-14,2026-09-04,340.0,P,10.9,11.1,11.0,36.5363,-0.442743,0.013163,-0.265567,0.324144,21,342.27,765,202,84.89
TSLA,2026-08-14,2026-09-04,345.0,P,13.55,13.7,13.625,36.5241,-0.509015,0.013301,-0.265783,0.32744,21,342.27,672,161,84.89
TSLA,2026-08-14,2026-09-04,350.0,P,16.1,16.9,16.5,37.3663,-0.571672,0.012794,-0.265218,0.322223,21,342.27,244,440,84.89
TSLA,2026-08-14,2026-09-04,355.0,P,19.55,20.15,19.85,37.4762,-0.632181,0.012248,-0.252175,0.309377,21,342.27,25,57,84.89
TSLA,2026-08-14,2026-09-04,360.0,P,22.7,24.25,23.475,39.527,-0.678262,0.011045,-0.251041,0.294255,21,342.27,7,194,84.89
TSLA,2026-08-14,2026-09-04,365.0,P,26.4,28.1,27.25,40.0885,-0.725237,0.010134,-0.233456,0.273821,21,342.27,11,69,84.89
TSLA,2026-08-14,2026-09-04,370.0,P,30.4,32.15,31.275,40.6805,-0.766627,0.009166,-0.213678,0.251319,21,342.27,92,48,84.89
TSLA,2026-08-14,2026-09-04,375.0,P,34.55,36.4,35.475,41.4312,-0.801748,0.008187,-0.194142,0.22863,21,342.27,4,43,84.89
TSLA,2026-08-14,2026-09-04,380.0,P,38.9,40.75,39.825,42.0416,-0.832844,0.007253,-0.172804,0.20551,21,342.27,7,31,84.89
TSLA,2026-08-14,2026-09-04,385.0,P,43.45,45.25,44.35,42.835,-0.858348,0.00638,-0.153605,0.184191,21,342.27,23,75,84.89
TSLA,2026-08-14,2026-09-04,390.0,P,47.95,50.05,49.0,44.8492,-0.872849,0.005658,-0.147389,0.171023,21,342.27,130,173,84.89
TSLA,2026-08-14,2026-09-04,395.0,P,52.3,55.05,53.675,47.8399,-0.879555,0.005107,-0.15158,0.164658,21,342.27,1,44,84.89
TSLA,2026-08-14,2026-09-04,400.0,P,56.7,59.8,58.25,49.1826,-0.893286,0.004556,-0.139941,0.15104,21,342.27,19,23,84.89
TSLA,2026-08-14,2026-09-04,405.0,P,61.5,64.65,63.075,50.9526,-0.902933,0.004105,-0.13327,0.140974,21,342.27,1,2,84.89
TSLA,2026-08-14,2026-09-04,410.0,P,66.3,69.5,67.9,52.5517,-0.911892,0.003705,-0.125641,0.131227,21,342.27,4,16,84.89
TSLA,2026-08-14,2026-09-04,415.0,P,70.9,76.3,73.6,66.4188,-0.867878,0.003923,-0.240029,0.175627,21,342.27,4,3,84.89
TSLA,2026-08-14,2026-09-04,420.0,P,76.15,80.9,78.525,66.9193,-0.881295,0.003613,-0.221035,0.162977,21,342.27,6,24,84.89
TSLA,2026-08-14,2026-09-04,425.0,P,81.0,85.85,83.425,69.2874,-0.886231,0.003386,-0.22157,0.158137,21,342.27,2,3,84.89
TSLA,2026-08-14,2026-09-04,430.0,P,85.7,91.05,88.375,51.0015,-0.963008,0.001931,-0.038367,0.066379,21,342.27,1,2,84.89
TSLA,2026-08-14,2026-09-04,435.0,P,90.65,95.75,93.2,50.2935,-0.971896,0.001561,-0.020325,0.052912,21,342.27,14,1,84.89
TSLA,2026-08-14,2026-09-04,440.0,P,94.4,101.4,97.9,80.3347,-0.884174,0.002958,-0.265551,0.160167,21,342.27,1,0,84.89
TSLA,2026-08-14,2026-09-04,445.0,P,99.7,106.4,103.05,51.0747,-0.980485,0.001131,-0.003012,0.038931,21,342.27,2,0,84.89
TSLA,2026-08-14,2026-09-04,450.0,P,105.55,110.95,108.25,56.9829,-0.972457,0.001355,-0.026016,0.05203,21,342.27,5,0,84.89
TSLA,2026-08-14,2026-09-04,500.0,P,154.45,160.9,157.675,103.8823,-0.91742,0.001785,-0.261228,0.125009,21,342.27,0,0,84.89
TSLA,2026-08-14,2026-09-11,100.0,C,238.8,246.5,242.65,191.6016,0.995191,7.7e-05,-0.055199,0.01324,28,342.27,0,4,84.89
TSLA,2026-08-14,2026-09-11,110.0,C,228.85,236.75,232.8,185.7423,0.993229,0.000107,-0.070325,0.017938,28,342.27,0,1,84.89
TSLA,2026-08-14,2026-09-11,160.0,C,180.1,185.75,182.925,132.1781,0.988333,0.000243,-0.083898,0.028894,28,342.27,2,2,84.89
TSLA,2026-08-14,2026-09-11,180.0,C,160.2,165.85,163.025,116.1625,0.984887,0.000346,-0.092542,0.036133,28,342.27,0,2,84.89
TSLA,2026-08-14,2026-09-11,210.0,C,130.4,136.0,133.2,94.4825,0.977698,0.000593,-0.105271,0.05033,28,342.27,1,5,84.89
TSLA,2026-08-14,2026-09-11,240.0,C,100.55,106.15,103.35,73.926,0.967831,0.001029,-0.113241,0.068337,28,342.27,1,1,84.89
TSLA,2026-08-14,2026-09-11,250.0,C,90.75,96.1,93.425,67.6273,0.962944,0.001263,-0.116556,0.076756,28,342.27,32,12,84.89
TSLA,2026-08-14,2026-09-11,255.0,C,85.75,91.15,88.45,64.3558,0.960483,0.001399,-0.117237,0.080888,28,342.27,76,1,84.89
TSLA,2026-08-14,2026-09-11,260.0,C,81.35,85.75,83.55,61.9144,0.955945,0.001588,-0.122282,0.088334,28,342.27,140,16,84.89
TSLA,2026-08-14,2026-09-11,275.0,C,67.0,70.65,68.825,53.8457,0.940725,0.002312,-0.133133,0.111856,28,342.27,139,42,84.89
TSLA,2026-08-14,2026-09-11,280.0,C,62.25,65.8,64.025,51.856,0.93185,0.002676,-0.141216,0.124684,28,342.27,1,6,84.89
TSLA,2026-08-14,2026-09-11,285.0,C,57.65,60.7,59.175,58.3622,0.890868,0.003379,-0.209406,0.177244,28,342.27,24,19,84.89
TSLA,2026-08-14,2026-09-11,290.0,C,53.15,55.7,54.425,54.3584,0.883922,0.003792,-0.204749,0.185229,28,342.27,2,30,84.89
TSLA,2026-08-14,2026-09-11,295.0,C,48.35,51.05,49.7,52.0268,0.869311,0.004305,-0.211912,0.201277,28,342.27,3,26,84.89
TSLA,2026-08-14,2026-09-11,300.0,C,44.3,45.9,45.1,47.2845,0.862947,0.004894,-0.200811,0.207963,28,342.27,14,266,84.89
TSLA,2026-08-14,2026-09-11,305.0,C,39.75,41.55,40.65,45.9661,0.839276,0.0056,-0.214724,0.231338,28,342.27,514,612,84.89
TSLA,2026-08-14,2026-09-11,310.0,C,35.6,37.0,36.3,43.4881,0.817512,0.00642,-0.219386,0.250899,28,342.27,25,90,84.89
TSLA,2026-08-14,2026-09-11,315.0,C,31.45,33.2,32.325,43.3477,0.780889,0.007189,-0.240434,0.28004,28,342.27,22,176,84.89
TSLA,2026-08-14,2026-09-11,320.0,C,28.25,29.0,28.625,41.297,0.748631,0.008141,-0.245771,0.30212,28,342.27,121,294,84.89
TSLA,2026-08-14,2026-09-11,325.0,C,24.25,25.6,24.925,41.2176,0.70383,0.008846,-0.262955,0.327683,28,342.27,55,388,84.89
TSLA,2026-08-14,2026-09-11,330.0,C,21.4,22.15,21.775,40.3265,0.658397,0.009602,-0.271132,0.347975,28,342.27,108,575,84.89
TSLA,2026-08-14,2026-09-11,335.0,C,18.4,19.2,18.8,40.1739,0.607985,0.010089,-0.280416,0.364251,28,342.27,197,625,84.89
TSLA,2026-08-14,2026-09-11,340.0,C,15.85,16.25,16.05,39.35,0.55629,0.010588,-0.280713,0.37442,28,342.27,617,1154,84.89
TSLA,2026-08-14,2026-09-11,345.0,C,13.5,13.85,13.675,39.2889,0.502978,0.010711,-0.281343,0.378181,28,342.27,595,839,84.89
TSLA,2026-08-14,2026-09-11,350.0,C,11.5,11.65,11.575,39.0784,0.449858,0.010684,-0.276227,0.3752,28,342.27,1319,747,84.89
TSLA,2026-08-14,2026-09-11,355.0,C,9.65,9.8,9.725,39.1302,0.398748,0.010406,-0.268526,0.365944,28,342.27,323,359,84.89
TSLA,2026-08-14,2026-09-11,360.0,C,8.1,8.2,8.15,39.2218,0.35031,0.009965,-0.257315,0.351246,28,342.27,1008,730,84.89
TSLA,2026-08-14,2026-09-11,365.0,C,6.8,6.9,6.85,39.5636,0.306395,0.009358,-0.244991,0.332731,28,342.27,507,675,84.89
TSLA,2026-08-14,2026-09-11,370.0,C,5.65,5.8,5.725,39.9481,0.266599,0.008676,-0.230832,0.311454,28,342.27,512,1565,84.89
TSLA,2026-08-14,2026-09-11,375.0,C,4.75,4.85,4.8,40.2838,0.230464,0.00796,-0.2148,0.288178,28,342.27,203,1360,84.89
TSLA,2026-08-14,2026-09-11,380.0,C,3.95,4.1,4.025,40.8331,0.199613,0.007224,-0.1998,0.26509,28,342.27,554,462,84.89
TSLA,2026-08-14,2026-09-11,385.0,C,3.35,3.45,3.4,41.3092,0.172015,0.006511,-0.183914,0.241706,28,342.27,311,258,84.89
TSLA,2026-08-14,2026-09-11,390.0,C,2.83,2.9,2.865,41.7791,0.147826,0.00583,-0.168135,0.218885,28,342.27,168,389,84.89
TSLA,2026-08-14,2026-09-11,395.0,C,2.41,2.47,2.44,42.4078,0.127763,0.005199,-0.154232,0.198142,28,342.27,81,116,84.89
TSLA,2026-08-14,2026-09-11,400.0,C,2.06,2.1,2.08,42.9937,0.110183,0.004619,-0.140628,0.178468,28,342.27,1011,1849,84.89
TSLA,2026-08-14,2026-09-11,405.0,C,1.77,1.83,1.8,43.8238,0.096388,0.004112,-0.129894,0.161946,28,342.27,62,718,84.89
TSLA,2026-08-14,2026-09-11,410.0,C,1.54,1.59,1.565,44.5928,0.084228,0.003656,-0.119428,0.146509,28,342.27,318,290,84.89
TSLA,2026-08-14,2026-09-11,415.0,C,1.35,1.39,1.37,45.3741,0.07384,0.003252,-0.109866,0.132605,28,342.27,55,169,84.89
TSLA,2026-08-14,2026-09-11,420.0,C,1.19,1.23,1.21,46.2408,0.065296,0.002903,-0.101745,0.120623,28,342.27,323,407,84.89
TSLA,2026-08-14,2026-09-11,425.0,C,1.06,1.1,1.08,47.1685,0.058198,0.002601,-0.09478,0.110258,28,342.27,33,175,84.89
TSLA,2026-08-14,2026-09-11,430.0,C,0.95,0.99,0.97,48.0962,0.052076,0.002336,-0.088444,0.100988,28,342.27,41,189,84.89
TSLA,2026-08-14,2026-09-11,435.0,C,0.85,0.89,0.87,48.9873,0.046649,0.002101,-0.082441,0.092493,28,342.27,9,81,84.89
TSLA,2026-08-14,2026-09-11,440.0,C,0.77,0.81,0.79,49.9517,0.04219,0.0019,-0.077472,0.085301,28,342.27,8,194,84.89
TSLA,2026-08-14,2026-09-11,445.0,C,0.71,0.73,0.72,50.6353,0.037439,0.001701,-0.071219,0.077405,28,342.27,2,51,84.89
TSLA,2026-08-14,2026-09-11,450.0,C,0.65,0.68,0.665,51.6606,0.034294,0.001552,-0.067578,0.072035,28,342.27,139,309,84.89
TSLA,2026-08-14,2026-09-11,455.0,C,0.6,0.64,0.62,52.7104,0.031608,0.001422,-0.064432,0.067352,28,342.27,3,11,84.89
TSLA,2026-08-14,2026-09-11,460.0,C,0.56,0.59,0.575,53.6626,0.029005,0.001301,-0.061054,0.062721,28,342.27,1,126,84.89
TSLA,2026-08-14,2026-09-11,465.0,C,0.52,0.55,0.535,54.6391,0.026772,0.001195,-0.058124,0.058673,28,342.27,3,144,84.89
TSLA,2026-08-14,2026-09-11,470.0,C,0.48,0.52,0.5,55.6157,0.024802,0.001101,-0.055472,0.055038,28,342.27,2,8,84.89
TSLA,2026-08-14,2026-09-11,475.0,C,0.45,0.49,0.47,56.5922,0.023059,0.001018,-0.05307,0.051768,28,342.27,1,189,84.89
TSLA,2026-08-14,2026-09-11,480.0,C,0.42,0.46,0.44,57.52,0.021417,0.000941,-0.050661,0.04864,28,342.27,4,11,84.89
TSLA,2026-08-14,2026-09-11,485.0,C,0.4,0.43,0.415,58.4477,0.019957,0.000872,-0.048471,0.045816,28,342.27,1,14,84.89
TSLA,2026-08-14,2026-09-11,490.0,C,0.38,0.41,0.395,59.4731,0.018824,0.000816,-0.046916,0.043597,28,342.27,263,5,84.89
TSLA,2026-08-14,2026-09-11,495.0,C,0.35,0.39,0.37,60.3031,0.017492,0.000756,-0.044671,0.040952,28,342.27,4,122,84.89
TSLA,2026-08-14,2026-09-11,500.0,C,0.34,0.37,0.355,61.3041,0.016562,0.000709,-0.043328,0.039085,28,342.27,137,429,84.89
TSLA,2026-08-14,2026-09-11,505.0,C,0.32,0.35,0.335,62.1586,0.015514,0.000662,-0.041524,0.036954,28,342.27,3,29,84.89
TSLA,2026-08-14,2026-09-11,510.0,C,0.3,0.33,0.315,62.9398,0.014469,0.000615,-0.039591,0.034805,28,342.27,1,11,84.89
TSLA,2026-08-14,2026-09-11,515.0,C,0.29,0.32,0.305,63.9652,0.013848,0.000583,-0.038733,0.033514,28,342.27,0,1,84.89
TSLA,2026-08-14,2026-09-11,520.0,C,0.27,0.3,0.285,64.6488,0.012862,0.000541,-0.036718,0.031442,28,342.27,5,284,84.89
TSLA,2026-08-14,2026-09-11,525.0,C,0.26,0.29,0.275,65.6253,0.012316,0.000513,-0.03589,0.030284,28,342.27,1,26,84.89
TSLA,2026-08-14,2026-09-11,540.0,C,0.22,0.25,0.235,67.8714,0.010265,0.000424,-0.031664,0.02585,28,342.27,5,1076,84.89
TSLA,2026-08-14,2026-09-11,545.0,C,0.21,0.24,0.225,68.7015,0.00978,0.000401,-0.03072,0.024781,28,342.27,1001,1046,84.89
TSLA,2026-08-14,2026-09-11,550.0,C,0.2,0.23,0.215,69.4339,0.009249,0.000378,-0.029561,0.023599,28,342.27,1,22,84.89
TSLA,2026-08-14,2026-09-11,555.0,C,0.2,0.22,0.21,70.4105,0.008977,0.000363,-0.029199,0.022991,28,342.27,1,151,84.89
TSLA,2026-08-14,2026-09-11,560.0,C,0.19,0.21,0.2,71.094,0.008482,0.000342,-0.028048,0.021876,28,342.27,1,158,84.89
TSLA,2026-08-14,2026-09-11,565.0,C,0.18,0.21,0.195,71.9729,0.008187,0.000328,-0.027519,0.021205,28,342.27,1,11,84.89
TSLA,2026-08-14,2026-09-11,575.0,C,0.16,0.19,0.175,73.2425,0.007306,0.000291,-0.025327,0.019183,28,342.27,0,1,84.89
TSLA,2026-08-14,2026-09-11,580.0,C,0.16,0.18,0.17,74.0237,0.007021,0.000278,-0.024712,0.018522,28,342.27,1,22,84.89
TSLA,2026-08-14,2026-09-11,585.0,C,0.15,0.18,0.165,74.8049,0.006759,0.000266,-0.024145,0.017911,28,342.27,5,5,84.89
TSLA,2026-08-14,2026-09-11,595.0,C,0.14,0.17,0.155,76.2698,0.006234,0.000243,-0.022913,0.016675,28,342.27,1,0,84.89
TSLA,2026-08-14,2026-09-11,600.0,C,0.13,0.16,0.145,76.758,0.005856,0.000229,-0.021812,0.015775,28,342.27,20,12,84.89
TSLA,2026-08-14,2026-09-11,605.0,C,0.13,0.15,0.14,77.4416,0.005618,0.000218,-0.021209,0.015205,28,342.27,2,2,84.89
TSLA,2026-08-14,2026-09-11,610.0,C,0.12,0.15,0.135,78.1252,0.005398,0.000209,-0.020647,0.014674,28,342.27,6,8,84.89
TSLA,2026-08-14,2026-09-11,615.0,C,0.13,0.14,0.135,79.0041,0.005298,0.000203,-0.020532,0.014432,28,342.27,13,35,84.89
TSLA,2026-08-14,2026-09-11,140.0,P,0.0,0.1,0.05,112.8911,-0.001245,3.8e-05,-0.00782,0.003903,28,342.27,0,14,84.89
TSLA,2026-08-14,2026-09-11,150.0,P,0.0,0.15,0.075,108.7895,-0.001878,5.8e-05,-0.010956,0.005676,28,342.27,0,4,84.89
TSLA,2026-08-14,2026-09-11,160.0,P,0.0,0.15,0.075,100.7817,-0.002027,6.7e-05,-0.010872,0.006084,28,342.27,1,24,84.89
TSLA,2026-08-14,2026-09-11,170.0,P,0.0,0.14,0.07,92.5782,-0.002062,7.4e-05,-0.01014,0.00618,28,342.27,2,50,84.89
TSLA,2026-08-14,2026-09-11,180.0,P,0.03,0.11,0.07,85.547,-0.002237,8.7e-05,-0.010078,0.006652,28,342.27,2,13,84.89
TSLA,2026-08-14,2026-09-11,190.0,P,0.05,0.13,0.09,80.8596,-0.002955,0.000118,-0.012245,0.008556,28,342.27,8,41,84.89
TSLA,2026-08-14,2026-09-11,200.0,P,0.05,0.15,0.1,75.1956,-0.003493,0.000147,-0.013226,0.009946,28,342.27,7,33,84.89
TSLA,2026-08-14,2026-09-11,210.0,P,0.05,0.2,0.125,70.8011,-0.004613,0.0002,-0.015959,0.012757,28,342.27,4,84,84.89
TSLA,2026-08-14,2026-09-11,220.0,P,0.1,0.25,0.175,67.3831,-0.006631,0.000291,-0.020945,0.01761,28,342.27,12,380,84.89
TSLA,2026-08-14,2026-09-11,230.0,P,0.08,0.3,0.19,61.9144,-0.007752,0.000363,-0.022061,0.020211,28,342.27,1,108,84.89
TSLA,2026-08-14,2026-09-11,235.0,P,0.08,0.22,0.15,57.1293,-0.006692,0.000346,-0.017866,0.017753,28,342.27,4,12,84.89
TSLA,2026-08-14,2026-09-11,240.0,P,0.19,0.23,0.21,56.6899,-0.009205,0.000461,-0.023454,0.023501,28,342.27,13,96,84.89
TSLA,2026-08-14,2026-09-11,245.0,P,0.22,0.25,0.235,54.5903,-0.010566,0.00054,-0.025454,0.026508,28,342.27,1,11,84.89
TSLA,2026-08-14,2026-09-11,250.0,P,0.24,0.27,0.255,52.2954,-0.011885,0.000625,-0.026986,0.029362,28,342.27,5,206,84.89
TSLA,2026-08-14,2026-09-11,255.0,P,0.27,0.31,0.29,50.3423,-0.013868,0.000742,-0.029659,0.033555,28,342.27,18,14,84.89
TSLA,2026-08-14,2026-09-11,260.0,P,0.31,0.34,0.325,48.5845,-0.016529,0.000894,-0.033249,0.039017,28,342.27,7,113,84.89
TSLA,2026-08-14,2026-09-11,265.0,P,0.36,0.39,0.375,46.6802,-0.019432,0.001068,-0.03663,0.044791,28,342.27,4,94,84.89
TSLA,2026-08-14,2026-09-11,270.0,P,0.42,0.46,0.44,44.9957,-0.023394,0.001296,-0.041253,0.0524,28,342.27,29,99,84.89
TSLA,2026-08-14,2026-09-11,275.0,P,0.51,0.55,0.53,43.4088,-0.028468,0.001583,-0.046835,0.061755,28,342.27,100,280,84.89
TSLA,2026-08-14,2026-09-11,280.0,P,0.63,0.68,0.655,42.066,-0.035448,0.001958,-0.054314,0.07402,28,342.27,243,564,84.89
TSLA,2026-08-14,2026-09-11,285.0,P,0.8,0.85,0.825,40.8087,-0.04441,0.002424,-0.063174,0.088906,28,342.27,30,187,84.89
TSLA,2026-08-14,2026-09-11,290.0,P,1.02,1.08,1.05,39.7223,-0.056249,0.003007,-0.074094,0.107341,28,342.27,262,366,84.89
TSLA,2026-08-14,2026-09-11,295.0,P,1.35,1.4,1.375,38.8556,-0.071981,0.003724,-0.087609,0.130041,28,342.27,178,651,84.89
TSLA,2026-08-14,2026-09-11,300.0,P,1.77,1.83,1.8,38.1476,-0.092211,0.004572,-0.103411,0.15674,28,342.27,447,659,84.89
TSLA,2026-08-14,2026-09-11,305.0,P,2.32,2.4,2.36,37.5739,-0.117595,0.005536,-0.121137,0.186942,28,342.27,203,260,84.89
TSLA,2026-08-14,2026-09-11,310.0,P,3.05,3.15,3.1,37.171,-0.148961,0.006586,-0.140582,0.220008,28,342.27,670,315,84.89
TSLA,2026-08-14,2026-09-11,315.0,P,3.95,4.1,4.025,36.8476,-0.186101,0.00767,-0.160286,0.253978,28,342.27,276,230,84.89
TSLA,2026-08-14,2026-09-11,320.0,P,5.15,5.3,5.225,36.6645,-0.229278,0.008721,-0.179691,0.287348,28,342.27,197,506,84.89
TSLA,2026-08-14,2026-09-11,325.0,P,6.55,6.75,6.65,36.5058,-0.277372,0.009682,-0.196825,0.317652,28,342.27,229,365,84.89
TSLA,2026-08-14,2026-09-11,330.0,P,8.3,8.45,8.375,36.3227,-0.32947,0.010511,-0.210315,0.34309,28,342.27,199,295,84.89
TSLA,2026-08-14,2026-09-11,335.0,P,10.3,10.45,10.375,36.2097,-0.384954,0.011135,-0.21996,0.362355,28,342.27,1421,191,84.89
TSLA,2026-08-14,2026-09-11,340.0,P,12.6,12.8,12.7,36.2677,-0.442473,0.011483,-0.225816,0.374252,28,342.27,1592,69,84.89
TSLA,2026-08-14,2026-09-11,345.0,P,15.2,15.4,15.3,36.2311,-0.500292,0.011615,-0.225858,0.378191,28,342.27,229,63,84.89
TSLA,2026-08-14,2026-09-11,350.0,P,18.0,18.4,18.2,36.5058,-0.556569,0.011412,-0.222982,0.374383,28,342.27,141,72,84.89
TSLA,2026-08-14,2026-09-11,355.0,P,20.9,22.2,21.55,38.2452,-0.604498,0.010624,-0.22626,0.365142,28,342.27,30,20,84.89
TSLA,2026-08-14,2026-09-11,360.0,P,24.1,25.65,24.875,38.4406,-0.653388,0.010128,-0.215017,0.34988,28,342.27,39,104,84.89
TSLA,2026-08-14,2026-09-11,365.0,P,27.65,29.5,28.575,39.1852,-0.695687,0.00942,-0.205114,0.331726,28,342.27,58,27,84.89
TSLA,2026-08-14,2026-09-11,370.0,P,31.4,33.5,32.45,39.8627,-0.733918,0.008686,-0.192753,0.311149,28,342.27,1,49,84.89
TSLA,2026-08-14,2026-09-11,375.0,P,35.5,37.6,36.55,40.3631,-0.769028,0.007954,-0.177604,0.288533,28,342.27,2,30,84.89
TSLA,2026-08-14,2026-09-11,380.0,P,38.65,43.9,41.275,48.0962,-0.757131,0.006862,-0.224166,0.296612,28,342.27,1,6,84.89
TSLA,2026-08-14,2026-09-11,385.0,P,43.9,46.95,45.425,44.3609,-0.808662,0.006481,-0.171986,0.258361,28,342.27,31,5,84.89
TSLA,2026-08-14,2026-09-11,390.0,P,48.05,51.4,49.725,45.1055,-0.831423,0.005886,-0.158267,0.2386,28,342.27,1,7,84.89
TSLA,2026-08-14,2026-09-11,400.0,P,57.8,60.2,59.0,44.9713,-0.878255,0.00474,-0.117418,0.191572,28,342.27,9,301,84.89
TSLA,2026-08-14,2026-09-11,405.0,P,61.1,66.65,63.875,54.3706,-0.846938,0.004585,-0.181513,0.22402,28,342.27,5,2,84.89
TSLA,2026-08-14,2026-09-11,410.0,P,65.85,71.45,68.65,56.0551,-0.85703,0.004249,-0.17741,0.214022,28,342.27,1,7,84.89
TSLA,2026-08-14,2026-09-11,425.0,P,81.35,86.0,83.675,61.1332,-0.880435,0.003443,-0.167386,0.18915,28,342.27,4,3,84.89
TSLA,2026-08-14,2026-09-11,450.0,P,105.95,110.75,108.35,51.0991,-0.967314,0.001508,-0.018806,0.069243,28,342.27,0,0,84.89
TSLA,2026-08-14,2026-09-18,10.0,C,329.75,335.05,332.4,448.4379,0.999405,4e-06,-0.015158,0.002214,35,342.27,10,24,84.89
TSLA,2026-08-14,2026-09-18,20.0,C,319.8,325.1,322.45,365.6251,0.998956,9e-06,-0.021353,0.003712,35,342.27,2,1,84.89
TSLA,2026-08-14,2026-09-18,25.0,C,314.8,320.1,317.45,334.7658,0.99884,1.1e-05,-0.022016,0.004088,35,342.27,1,101,84.89
TSLA,2026-08-14,2026-09-18,30.0,C,309.8,315.1,312.45,310.1565,0.99873,1.3e-05,-0.022648,0.004442,35,342.27,1,1,84.89
TSLA,2026-08-14,2026-09-18,40.0,C,299.85,305.15,302.5,280.2737,0.998202,1.9e-05,-0.028385,0.006102,35,342.27,4,9,84.89
TSLA,2026-08-14,2026-09-18,45.0,C,295.65,301.65,298.65,343.0665,0.992745,5.5e-05,-0.108634,0.021317,35,342.27,2,0,84.89
TSLA,2026-08-14,2026-09-18,50.0,C,289.9,295.2,292.55,256.641,0.997616,2.7e-05,-0.033831,0.00788,35,342.27,2,25,84.89
TSLA,2026-08-14,2026-09-18,70.0,C,269.95,275.3,272.625,218.3598,0.996433,4.6e-05,-0.042257,0.011331,35,342.27,1,61,84.89
TSLA,2026-08-14,2026-09-18,80.0,C,260.0,265.3,262.65,202.0513,0.995876,5.7e-05,-0.045149,0.012906,35,342.27,1,20,84.89
TSLA,2026-08-14,2026-09-18,90.0,C,250.05,255.35,252.7,189.2579,0.995036,7.2e-05,-0.05004,0.015226,35,342.27,2,30,84.89
TSLA,2026-08-14,2026-09-18,100.0,C,240.1,245.4,242.75,177.5392,0.994122,8.9e-05,-0.054724,0.017695,35,342.27,49,266,84.89
TSLA,2026-08-14,2026-09-18,110.0,C,230.15,235.45,232.8,166.6994,0.993129,0.000108,-0.0592,0.020317,35,342.27,6,84,84.89
TSLA,2026-08-14,2026-09-18,115.0,C,225.15,230.45,227.8,160.5471,0.992848,0.000117,-0.059588,0.021049,35,342.27,31,146,84.89
TSLA,2026-08-14,2026-09-18,120.0,C,220.2,225.5,222.85,156.6408,0.992038,0.000131,-0.063556,0.023136,35,342.27,2,151,84.89
TSLA,2026-08-14,2026-09-18,130.0,C,210.25,215.55,212.9,147.2659,0.990828,0.000158,-0.067848,0.026192,35,342.27,1,306,84.89
TSLA,2026-08-14,2026-09-18,135.0,C,205.25,210.55,207.9,141.8948,0.990488,0.00017,-0.068052,0.02704,35,342.27,1,152,84.89
TSLA,2026-08-14,2026-09-18,145.0,C,195.6,200.5,198.05,136.2308,0.987941,0.000217,-0.078844,0.033244,35,342.27,1,227,84.89
TSLA,2026-08-14,2026-09-18,150.0,C,190.35,195.65,193.0,129.932,0.9881,0.000225,-0.075662,0.032864,35,342.27,2,95,84.89
TSLA,2026-08-14,2026-09-18,155.0,C,185.35,190.65,188.0,125.1957,0.987659,0.000241,-0.075813,0.033918,35,342.27,8,120,84.89
TSLA,2026-08-14,2026-09-18,160.0,C,180.4,185.7,183.05,121.9242,0.986526,0.000267,-0.079353,0.036596,35,342.27,1,138,84.89
TSLA,2026-08-14,2026-09-18,165.0,C,175.7,180.6,178.15,119.7758,0.984701,0.000303,-0.085898,0.040824,35,342.27,5,189,84.89
TSLA,2026-08-14,2026-09-18,170.0,C,170.45,175.75,173.1,114.2582,0.984799,0.000316,-0.082827,0.0406,35,342.27,2,84,84.89
TSLA,2026-08-14,2026-09-18,175.0,C,165.75,170.55,168.15,111.0844,0.983514,0.000349,-0.086085,0.043526,35,342.27,1,127,84.89
TSLA,2026-08-14,2026-09-18,180.0,C,161.45,165.3,163.375,111.1821,0.97977,0.000415,-0.099668,0.051817,35,342.27,7,247,84.89
TSLA,2026-08-14,2026-09-18,185.0,C,155.55,160.85,158.2,103.8091,0.981496,0.000412,-0.089183,0.048036,35,342.27,3,81,84.89
TSLA,2026-08-14,2026-09-18,190.0,C,150.6,155.85,153.225,100.2935,0.980389,0.000448,-0.090722,0.05047,35,342.27,1,181,84.89
TSLA,2026-08-14,2026-09-18,195.0,C,145.65,150.9,148.275,97.2412,0.978857,0.000492,-0.093582,0.053791,35,342.27,1,115,84.89
TSLA,2026-08-14,2026-09-18,200.0,C,141.2,144.5,142.85,85.2052,0.985434,0.000409,-0.067268,0.039137,35,342.27,293,292,84.89
TSLA,2026-08-14,2026-09-18,210.0,C,130.75,136.0,133.375,87.4757,0.974524,0.00064,-0.098854,0.062931,35,342.27,4,182,84.89
TSLA,2026-08-14,2026-09-18,215.0,C,125.75,131.05,128.4,84.1798,0.97305,0.000698,-0.099988,0.065962,35,342.27,1,10,84.89
TSLA,2026-08-14,2026-09-18,220.0,C,120.8,126.05,123.425,80.9328,0.971479,0.000761,-0.101063,0.069151,35,342.27,2,191,84.89
TSLA,2026-08-14,2026-09-18,225.0,C,115.85,121.1,118.475,78.052,0.969338,0.000838,-0.103416,0.073432,35,342.27,1,2,84.89
TSLA,2026-08-14,2026-09-18,230.0,C,111.45,115.55,113.5,74.8782,0.967528,0.000915,-0.10434,0.076998,35,342.27,18,228,84.89
TSLA,2026-08-14,2026-09-18,235.0,C,105.95,111.15,108.55,72.0096,0.965135,0.001009,-0.106375,0.081638,35,342.27,1,29,84.89
TSLA,2026-08-14,2026-09-18,240.0,C,101.85,104.7,103.275,65.43,0.969309,0.001,-0.091762,0.073491,35,342.27,40,492,84.89
TSLA,2026-08-14,2026-09-18,245.0,C,96.1,101.15,98.625,66.0526,0.960303,0.001223,-0.108882,0.090772,35,342.27,2,15,84.89
TSLA,2026-08-14,2026-09-18,250.0,C,91.5,95.35,93.425,60.6938,0.96281,0.001262,-0.098466,0.08607,35,342.27,1,747,84.89
TSLA,2026-08-14,2026-09-18,255.0,C,87.25,91.05,89.15,63.9896,0.945464,0.001629,-0.130735,0.117116,35,342.27,27,79,84.89
TSLA,2026-08-14,2026-09-18,260.0,C,81.8,85.95,83.875,58.3989,0.948477,0.001707,-0.117711,0.111955,35,342.27,2,469,84.89
TSLA,2026-08-14,2026-09-18,265.0,C,76.8,81.1,78.95,55.7133,0.944073,0.001909,-0.119741,0.119469,35,342.27,7,23,84.89
TSLA,2026-08-14,2026-09-18,270.0,C,72.6,75.6,74.1,53.5405,0.937588,0.002165,-0.124511,0.130206,35,342.27,15,622,84.89
TSLA,2026-08-14,2026-09-18,275.0,C,67.95,70.55,69.25,51.2822,0.930527,0.002456,-0.128817,0.141482,35,342.27,33,78,84.89
TSLA,2026-08-14,2026-09-18,280.0,C,63.35,65.55,64.45,55.2434,0.899749,0.003003,-0.171546,0.186348,35,342.27,23,536,84.89
TSLA,2026-08-14,2026-09-18,285.0,C,58.9,60.6,59.75,51.9048,0.892821,0.003355,-0.169783,0.195605,35,342.27,11,52,84.89
TSLA,2026-08-14,2026-09-18,290.0,C,54.3,56.1,55.2,50.5742,0.876794,0.003802,-0.180689,0.215984,35,342.27,7,895,84.89
TSLA,2026-08-14,2026-09-18,295.0,C,50.0,51.55,50.775,48.7554,0.860682,0.004293,-0.188311,0.235122,35,342.27,3,107,84.89
TSLA,2026-08-14,2026-09-18,300.0,C,45.75,46.85,46.3,46.1553,0.845791,0.004855,-0.190471,0.251704,35,342.27,154,2722,84.89
TSLA,2026-08-14,2026-09-18,305.0,C,41.5,42.5,42.0,44.6478,0.823461,0.005478,-0.199405,0.27473,35,342.27,106,1181,84.89
TSLA,2026-08-14,2026-09-18,310.0,C,37.45,38.4,37.925,43.6346,0.795792,0.006129,-0.210918,0.300446,35,342.27,83,3270,84.89
TSLA,2026-08-14,2026-09-18,315.0,C,33.55,34.4,33.975,42.5177,0.765274,0.006815,-0.220688,0.325493,35,342.27,79,2276,84.89
TSLA,2026-08-14,2026-09-18,320.0,C,30.05,30.45,30.25,41.1383,0.732259,0.007551,-0.22733,0.348969,35,342.27,564,3538,84.89
TSLA,2026-08-14,2026-09-18,325.0,C,26.6,27.25,26.925,41.3183,0.690172,0.008054,-0.241771,0.373828,35,342.27,426,4913,84.89
TSLA,2026-08-14,2026-09-18,330.0,C,23.5,23.95,23.725,40.6805,0.648373,0.008605,-0.248536,0.393239,35,342.27,735,5231,84.89
TSLA,2026-08-14,2026-09-18,335.0,C,20.6,21.05,20.825,40.4974,0.603405,0.008981,-0.255103,0.408546,35,342.27,870,2550,84.89
TSLA,2026-08-14,2026-09-18,340.0,C,18.0,18.25,18.125,40.0091,0.557356,0.009311,-0.256608,0.418453,35,342.27,2948,4069,84.89
TSLA,2026-08-14,2026-09-18,345.0,C,15.6,15.85,15.725,39.9267,0.510465,0.009424,-0.257151,0.422685,35,342.27,2939,2558,84.89
TSLA,2026-08-14,2026-09-18,350.0,C,13.6,13.65,13.625,39.7772,0.463768,0.009424,-0.253948,0.421086,35,342.27,5103,5695,84.89
TSLA,2026-08-14,2026-09-18,355.0,C,11.7,11.8,11.75,39.9298,0.418847,0.009231,-0.249488,0.414052,35,342.27,1085,4613,84.89
TSLA,2026-08-14,2026-09-18,360.0,C,10.05,10.15,10.1,40.0702,0.375845,0.008935,-0.242206,0.402186,35,342.27,2127,4227,84.89
TSLA,2026-08-14,2026-09-18,365.0,C,8.6,8.75,8.675,40.3509,0.33588,0.008527,-0.233552,0.386525,35,342.27,2455,1748,84.89
TSLA,2026-08-14,2026-09-18,370.0,C,7.35,7.5,7.425,40.5707,0.298383,0.008066,-0.222632,0.367609,35,342.27,2483,5364,84.89
TSLA,2026-08-14,2026-09-18,375.0,C,6.3,6.4,6.35,40.766,0.263611,0.007561,-0.210115,0.346229,35,342.27,1374,2949,84.89
TSLA,2026-08-14,2026-09-18,380.0,C,5.4,5.5,5.45,41.1322,0.232853,0.007013,-0.197921,0.32405,35,342.27,3013,7317,84.89
TSLA,2026-08-14,2026-09-18,385.0,C,4.65,4.75,4.7,41.5899,0.205668,0.006458,-0.185909,0.301721,35,342.27,475,2339,84.89
TSLA,2026-08-14,2026-09-18,390.0,C,4.0,4.1,4.05,42.0416,0.181295,0.005915,-0.173651,0.279365,35,342.27,838,5668,84.89
TSLA,2026-08-14,2026-09-18,395.0,C,3.45,3.55,3.5,42.5299,0.159816,0.005394,-0.161741,0.257687,35,342.27,671,3674,84.89
TSLA,2026-08-14,2026-09-18,400.0,C,3.0,3.05,3.025,42.9022,0.140046,0.004896,-0.14916,0.235957,35,342.27,8259,18170,84.89
TSLA,2026-08-14,2026-09-18,405.0,C,2.62,2.67,2.645,43.5064,0.123951,0.004438,-0.138832,0.216898,35,342.27,524,3610,84.89
TSLA,2026-08-14,2026-09-18,410.0,C,2.3,2.35,2.325,44.1534,0.110046,0.004019,-0.129322,0.199355,35,342.27,272,4402,84.89
TSLA,2026-08-14,2026-09-18,415.0,C,2.02,2.07,2.045,44.7698,0.097671,0.003635,-0.120107,0.182827,35,342.27,510,1999,84.89
TSLA,2026-08-14,2026-09-18,420.0,C,1.8,1.84,1.82,45.4595,0.087193,0.003292,-0.112005,0.168099,35,342.27,1337,13505,84.89
TSLA,2026-08-14,2026-09-18,425.0,C,1.6,1.64,1.62,46.1431,0.077972,0.002981,-0.104404,0.154533,35,342.27,490,6515,84.89
TSLA,2026-08-14,2026-09-18,430.0,C,1.44,1.48,1.46,46.9244,0.070333,0.00271,-0.098034,0.142828,35,342.27,517,4038,84.89
TSLA,2026-08-14,2026-09-18,435.0,C,1.3,1.34,1.32,47.7056,0.063623,0.002466,-0.092146,0.132169,35,342.27,93,1971,84.89
TSLA,2026-08-14,2026-09-18,440.0,C,1.18,1.21,1.195,48.4136,0.05742,0.002243,-0.086231,0.121975,35,342.27,239,7399,84.89
TSLA,2026-08-14,2026-09-18,445.0,C,1.07,1.11,1.09,49.2437,0.052426,0.002052,-0.081559,0.11351,35,342.27,36,967,84.89
TSLA,2026-08-14,2026-09-18,450.0,C,0.99,1.02,1.005,50.0737,0.048016,0.001881,-0.077269,0.105832,35,342.27,2411,11076,84.89
TSLA,2026-08-14,2026-09-18,455.0,C,0.91,0.94,0.925,50.7329,0.043533,0.001716,-0.072309,0.097814,35,342.27,37,1047,84.89
TSLA,2026-08-14,2026-09-18,460.0,C,0.84,0.87,0.855,51.5386,0.04003,0.001579,-0.06859,0.091389,35,342.27,127,3969,84.89
TSLA,2026-08-14,2026-09-18,465.0,C,0.78,0.81,0.795,52.3686,0.036992,0.001457,-0.065315,0.085695,35,342.27,11,1717,84.89
TSLA,2026-08-14,2026-09-18,470.0,C,0.73,0.76,0.745,53.2231,0.034357,0.001349,-0.062445,0.080659,35,342.27,47,3779,84.89
TSLA,2026-08-14,2026-09-18,475.0,C,0.68,0.71,0.695,54.0288,0.031875,0.001249,-0.059563,0.075826,35,342.27,173,2413,84.89
TSLA,2026-08-14,2026-09-18,480.0,C,0.65,0.67,0.66,54.9565,0.029965,0.001167,-0.057537,0.072046,35,342.27,342,4017,84.89
TSLA,2026-08-14,2026-09-18,485.0,C,0.6,0.63,0.615,55.6889,0.027784,0.001082,-0.05473,0.06766,35,342.27,16,1273,84.89
TSLA,2026-08-14,2026-09-18,490.0,C,0.57,0.6,0.585,56.5922,0.026214,0.001014,-0.052959,0.064453,35,342.27,20,4339,84.89
TSLA,2026-08-14,2026-09-18,495.0,C,0.54,0.57,0.555,57.4223,0.024643,0.000949,-0.051005,0.061202,35,342.27,377,1154,84.89
TSLA,2026-08-14,2026-09-18,500.0,C,0.51,0.54,0.525,58.2035,0.023126,0.000887,-0.048993,0.05802,35,342.27,540,12204,84.89
TSLA,2026-08-14,2026-09-18,505.0,C,0.48,0.51,0.495,58.936,0.021662,0.000829,-0.04693,0.054905,35,342.27,2,1849,84.89
TSLA,2026-08-14,2026-09-18,510.0,C,0.46,0.49,0.475,59.8149,0.020607,0.000783,-0.045644,0.052634,35,342.27,13,1080,84.89
TSLA,2026-08-14,2026-09-18,515.0,C,0.43,0.46,0.445,60.4496,0.019221,0.000731,-0.04347,0.049615,35,342.27,1,992,84.89
TSLA,2026-08-14,2026-09-18,520.0,C,0.41,0.44,0.425,61.2309,0.018208,0.000689,-0.042036,0.047381,35,342.27,105,2881,84.89
TSLA,2026-08-14,2026-09-18,525.0,C,0.39,0.42,0.405,62.0121,0.017287,0.000651,-0.040715,0.045327,35,342.27,104,1557,84.89
TSLA,2026-08-14,2026-09-18,530.0,C,0.38,0.4,0.39,62.7933,0.016447,0.000616,-0.039499,0.043438,35,342.27,27,942,84.89
TSLA,2026-08-14,2026-09-18,535.0,C,0.36,0.39,0.375,63.599,0.015717,0.000585,-0.038468,0.041779,35,342.27,5,823,84.89
TSLA,2026-08-14,2026-09-18,540.0,C,0.34,0.37,0.355,64.2093,0.014778,0.000549,-0.036827,0.039626,35,342.27,13,2105,84.89
TSLA,2026-08-14,2026-09-18,545.0,C,0.33,0.36,0.345,65.0882,0.014275,0.000526,-0.036227,0.038464,35,342.27,4,679,84.89
TSLA,2026-08-14,2026-09-18,550.0,C,0.31,0.34,0.325,65.6253,0.01338,0.000493,-0.034534,0.036374,35,342.27,39,6625,84.89
TSLA,2026-08-14,2026-09-18,555.0,C,0.3,0.33,0.315,66.4066,0.012856,0.000471,-0.033751,0.035139,35,342.27,1,110,84.89
TSLA,2026-08-14,2026-09-18,560.0,C,0.29,0.31,0.3,67.0413,0.012203,0.000446,-0.032564,0.033589,35,342.27,12,1178,84.89
TSLA,2026-08-14,2026-09-18,565.0,C,0.28,0.3,0.29,67.7738,0.011712,0.000426,-0.031761,0.032414,35,342.27,1,27,84.89
TSLA,2026-08-14,2026-09-18,570.0,C,0.26,0.29,0.275,68.3109,0.011051,0.000402,-0.030431,0.030817,35,342.27,8,1733,84.89
TSLA,2026-08-14,2026-09-18,575.0,C,0.25,0.28,0.265,68.9945,0.010591,0.000383,-0.029614,0.029699,35,342.27,4,76,84.89
TSLA,2026-08-14,2026-09-18,580.0,C,0.24,0.27,0.255,69.6292,0.010119,0.000365,-0.028717,0.028541,35,342.27,12,2031,84.89
TSLA,2026-08-14,2026-09-18,585.0,C,0.23,0.26,0.245,70.264,0.009683,0.000348,-0.02788,0.027463,35,342.27,1,172,84.89
TSLA,2026-08-14,2026-09-18,590.0,C,0.22,0.25,0.235,70.8987,0.009279,0.000332,-0.027099,0.026459,35,342.27,2,1290,84.89
TSLA,2026-08-14,2026-09-18,595.0,C,0.21,0.23,0.22,71.2405,0.008652,0.000311,-0.025606,0.024886,35,342.27,42,1926,84.89
TSLA,2026-08-14,2026-09-18,600.0,C,0.21,0.23,0.22,72.1682,0.008558,0.000304,-0.02569,0.02465,35,342.27,92,10847,84.89
TSLA,2026-08-14,2026-09-18,605.0,C,0.2,0.22,0.21,72.6565,0.008118,0.000288,-0.024689,0.023534,35,342.27,8,44,84.89
TSLA,2026-08-14,2026-09-18,610.0,C,0.19,0.22,0.205,73.3401,0.007862,0.000278,-0.024223,0.022878,35,342.27,600,2939,84.89
TSLA,2026-08-14,2026-09-18,615.0,C,0.18,0.21,0.195,73.8284,0.007477,0.000264,-0.023327,0.021889,35,342.27,52,120,84.89
TSLA,2026-08-14,2026-09-18,620.0,C,0.18,0.2,0.19,74.512,0.007259,0.000255,-0.022936,0.021327,35,342.27,5,2529,84.89
TSLA,2026-08-14,2026-09-18,625.0,C,0.17,0.19,0.18,74.9026,0.006854,0.000241,-0.021913,0.020272,35,342.27,15,73,84.89
TSLA,2026-08-14,2026-09-18,630.0,C,0.16,0.19,0.175,75.4885,0.006606,0.000231,-0.021375,0.019624,35,342.27,1,2610,84.89
TSLA,2026-08-14,2026-09-18,635.0,C,0.16,0.18,0.17,76.0745,0.006375,0.000223,-0.020872,0.019016,35,342.27,1,33,84.89
TSLA,2026-08-14,2026-09-18,640.0,C,0.15,0.18,0.165,76.6604,0.00616,0.000214,-0.020399,0.018446,35,342.27,1,915,84.89
TSLA,2026-08-14,2026-09-18,650.0,C,0.14,0.17,0.155,77.8323,0.00577,0.000199,-0.019541,0.017407,35,342.27,9,4335,84.89
TSLA,2026-08-14,2026-09-18,660.0,C,0.13,0.16,0.145,78.8088,0.005322,0.000183,-0.018412,0.016202,35,342.27,1,744,84.89
TSLA,2026-08-14,2026-09-18,670.0,C,0.12,0.15,0.135,79.7854,0.004929,0.000169,-0.017406,0.015132,35,342.27,1,602,84.89
TSLA,2026-08-14,2026-09-18,680.0,C,0.12,0.14,0.13,81.0549,0.004723,0.00016,-0.01702,0.014567,35,342.27,8,1097,84.89
TSLA,2026-08-14,2026-09-18,690.0,C,0.11,0.13,0.12,81.8361,0.004321,0.000146,-0.015869,0.013455,35,342.27,2,858,84.89
TSLA,2026-08-14,2026-09-18,700.0,C,0.1,0.13,0.115,83.008,0.004131,0.000139,-0.015458,0.012924,35,342.27,109,6371,84.89
TSLA,2026-08-14,2026-09-18,710.0,C,0.1,0.12,0.11,83.9845,0.003884,0.00013,-0.014797,0.012229,35,342.27,11,4238,84.89
TSLA,2026-08-14,2026-09-18,720.0,C,0.09,0.12,0.105,84.9611,0.003664,0.000122,-0.014205,0.011607,35,342.27,21,614,84.89
TSLA,2026-08-14,2026-09-18,730.0,C,0.07,0.24,0.155,89.8439,0.005075,0.000154,-0.020093,0.015529,35,342.27,6,913,84.89
TSLA,2026-08-14,2026-09-18,740.0,C,0.06,0.12,0.09,86.5236,0.003161,0.000105,-0.012665,0.010164,35,342.27,3,879,84.89
TSLA,2026-08-14,2026-09-18,750.0,C,0.06,0.1,0.08,86.7189,0.00277,9.3e-05,-0.011268,0.009024,35,342.27,10,6064,84.89
TSLA,2026-08-14,2026-09-18,760.0,C,0.06,0.25,0.155,93.8477,0.004834,0.000141,-0.020092,0.014872,35,342.27,3,1096,84.89
TSLA,2026-08-14,2026-09-18,770.0,C,0.05,0.25,0.15,94.9219,0.00467,0.000135,-0.019703,0.014421,35,342.27,7,317,84.89
TSLA,2026-08-14,2026-09-18,780.0,C,0.04,0.22,0.13,94.8243,0.004069,0.00012,-0.017402,0.012751,35,342.27,1,443,84.89
TSLA,2026-08-14,2026-09-18,790.0,C,0.04,0.25,0.145,97.0703,0.004389,0.000125,-0.01906,0.013644,35,342.27,4,580,84.89
TSLA,2026-08-14,2026-09-18,800.0,C,0.04,0.24,0.14,98.0469,0.004233,0.00012,-0.018637,0.01321,35,342.27,8,8823,84.89
TSLA,2026-08-14,2026-09-18,810.0,C,0.05,0.24,0.145,99.6094,0.004306,0.00012,-0.019224,0.013414,35,342.27,1,874,84.89
TSLA,2026-08-14,2026-09-18,820.0,C,0.03,0.24,0.135,100.1958,0.004032,0.000112,-0.018228,0.012645,35,342.27,5,699,84.89
TSLA,2026-08-14,2026-09-18,830.0,C,0.03,0.24,0.135,101.3677,0.00398,0.00011,-0.018226,0.012499,35,342.27,3,494,84.89
TSLA,2026-08-14,2026-09-18,840.0,C,0.03,0.09,0.06,95.3125,0.001974,6.2e-05,-0.009104,0.00664,35,342.27,100,1190,84.89
TSLA,2026-08-14,2026-09-18,850.0,C,0.03,0.23,0.13,103.3208,0.003769,0.000103,-0.017692,0.011906,35,342.27,15,3470,84.89
TSLA,2026-08-14,2026-09-18,860.0,C,0.02,0.1,0.06,97.2657,0.001886,5.8e-05,-0.008914,0.006372,35,342.27,2,2382,84.89
TSLA,2026-08-14,2026-09-18,870.0,C,0.01,0.1,0.055,97.6563,0.001739,5.4e-05,-0.008311,0.005918,35,342.27,4,279,84.89
TSLA,2026-08-14,2026-09-18,880.0,C,0.01,0.1,0.055,98.8281,0.001744,5.3e-05,-0.008432,0.005933,35,342.27,2,923,84.89
TSLA,2026-08-14,2026-09-18,890.0,C,0.01,0.1,0.055,99.8047,0.001716,5.2e-05,-0.008392,0.005848,35,342.27,1,722,84.89
TSLA,2026-08-14,2026-09-18,900.0,C,0.03,0.1,0.065,102.3442,0.001982,5.8e-05,-0.009809,0.006666,35,342.27,1462,7007,84.89
TSLA,2026-08-14,2026-09-18,910.0,C,0.01,0.1,0.055,101.9536,0.001705,5.1e-05,-0.008518,0.005811,35,342.27,2,615,84.89
TSLA,2026-08-14,2026-09-18,920.0,C,0.0,0.1,0.05,101.9536,0.001524,4.6e-05,-0.007692,0.005248,35,342.27,1,1222,84.89
TSLA,2026-08-14,2026-09-18,930.0,C,0.0,0.1,0.05,103.1255,0.001541,4.6e-05,-0.007859,0.005302,35,342.27,1,1182,84.89
TSLA,2026-08-14,2026-09-18,940.0,C,0.0,0.1,0.05,103.9067,0.001499,4.4e-05,-0.007719,0.005168,35,342.27,21,10402,84.89
TSLA,2026-08-14,2026-09-18,950.0,C,0.0,0.1,0.05,105.0786,0.001519,4.4e-05,-0.007904,0.005233,35,342.27,5,325,84.89
TSLA,2026-08-14,2026-09-18,960.0,C,0.01,0.05,0.03,101.563,0.000933,2.9e-05,-0.004889,0.003349,35,342.27,2,1346,84.89
TSLA,2026-08-14,2026-09-18,970.0,C,0.0,0.1,0.05,106.6411,0.001448,4.2e-05,-0.007674,0.005007,35,342.27,18,2322,84.89
TSLA,2026-08-14,2026-09-18,980.0,C,0.02,0.04,0.03,103.5161,0.000934,2.9e-05,-0.004988,0.003353,35,342.27,1,6838,84.89
TSLA,2026-08-14,2026-09-18,990.0,C,0.02,0.05,0.035,105.4692,0.001042,3.1e-05,-0.005619,0.003707,35,342.27,2776,38884,84.89
TSLA,2026-08-14,2026-09-18,5.0,P,0.0,0.01,0.005,400.0005,-2.7e-05,0.0,-0.000705,0.000124,35,342.27,20,1157,84.89
TSLA,2026-08-14,2026-09-18,10.0,P,0.0,0.01,0.005,331.2502,-3.7e-05,0.0,-0.000783,0.000166,35,342.27,2,911,84.89
TSLA,2026-08-14,2026-09-18,15.0,P,0.0,0.01,0.005,293.7503,-4.9e-05,1e-06,-0.000892,0.000213,35,342.27,3,871,84.89
TSLA,2026-08-14,2026-09-18,20.0,P,0.0,0.01,0.005,262.5003,-4.7e-05,1e-06,-0.000774,0.000207,35,342.27,2,2874,84.89
TSLA,2026-08-14,2026-09-18,25.0,P,0.0,0.01,0.005,243.7504,-5.9e-05,1e-06,-0.000891,0.000257,35,342.27,1,5082,84.89
TSLA,2026-08-14,2026-09-18,30.0,P,0.0,0.01,0.005,225.0004,-6e-05,1e-06,-0.000827,0.000258,35,342.27,101,870,84.89
TSLA,2026-08-14,2026-09-18,35.0,P,0.0,0.01,0.005,212.5005,-7.2e-05,1e-06,-0.000938,0.00031,35,342.27,2,1519,84.89
TSLA,2026-08-14,2026-09-18,40.0,P,0.0,0.05,0.025,223.4379,-0.000276,4e-06,-0.003456,0.001086,35,342.27,3,864,84.89
TSLA,2026-08-14,2026-09-18,45.0,P,0.0,0.03,0.015,203.1255,-0.000196,3e-06,-0.002276,0.000787,35,342.27,17,417,84.89
TSLA,2026-08-14,2026-09-18,50.0,P,0.0,0.05,0.025,200.0005,-0.000312,5e-06,-0.003457,0.001214,35,342.27,3,1468,84.89
TSLA,2026-08-14,2026-09-18,60.0,P,0.0,0.05,0.025,181.2501,-0.00035,7e-06,-0.003492,0.001354,35,342.27,6,1215,84.89
TSLA,2026-08-14,2026-09-18,70.0,P,0.0,0.04,0.02,162.5002,-0.000322,7e-06,-0.002891,0.001251,35,342.27,25,690,84.89
TSLA,2026-08-14,2026-09-18,80.0,P,0.01,0.04,0.025,151.5627,-0.00042,9e-06,-0.003453,0.001602,35,342.27,5,681,84.89
TSLA,2026-08-14,2026-09-18,90.0,P,0.01,0.09,0.05,148.8284,-0.000855,1.8e-05,-0.006534,0.003089,35,342.27,25,3474,84.89
TSLA,2026-08-14,2026-09-18,100.0,P,0.01,0.09,0.05,137.5003,-0.000932,2.2e-05,-0.006536,0.003346,35,342.27,15,6597,84.89
TSLA,2026-08-14,2026-09-18,110.0,P,0.01,0.09,0.05,127.3441,-0.001019,2.5e-05,-0.006564,0.00363,35,342.27,8,601,84.89
TSLA,2026-08-14,2026-09-18,115.0,P,0.0,0.1,0.05,122.266,-0.001037,2.7e-05,-0.006405,0.00369,35,342.27,1,569,84.89
TSLA,2026-08-14,2026-09-18,120.0,P,0.02,0.06,0.04,115.2348,-0.000887,2.5e-05,-0.00523,0.003198,35,342.27,13,2653,84.89
TSLA,2026-08-14,2026-09-18,125.0,P,0.0,0.1,0.05,113.2817,-0.001118,3.1e-05,-0.006354,0.003953,35,342.27,1,200,84.89
TSLA,2026-08-14,2026-09-18,130.0,P,0.0,0.1,0.05,108.9848,-0.001153,3.3e-05,-0.006286,0.004066,35,342.27,2,356,84.89
TSLA,2026-08-14,2026-09-18,135.0,P,0.0,0.1,0.05,105.0786,-0.001212,3.6e-05,-0.006342,0.004256,35,342.27,2,187,84.89
TSLA,2026-08-14,2026-09-18,140.0,P,0.02,0.1,0.06,103.1255,-0.001488,4.4e-05,-0.007508,0.005135,35,342.27,3,995,84.89
TSLA,2026-08-14,2026-09-18,145.0,P,0.05,0.1,0.075,101.3677,-0.00184,5.5e-05,-0.00895,0.006229,35,342.27,30,219,84.89
TSLA,2026-08-14,2026-09-18,150.0,P,0.03,0.15,0.09,99.4141,-0.002219,6.6e-05,-0.010402,0.007384,35,342.27,10,4097,84.89
TSLA,2026-08-14,2026-09-18,155.0,P,0.03,0.15,0.09,95.7032,-0.002304,7.1e-05,-0.010359,0.007641,35,342.27,1,306,84.89
TSLA,2026-08-14,2026-09-18,160.0,P,0.04,0.1,0.07,89.8439,-0.001956,6.5e-05,-0.00838,0.006587,35,342.27,7,400,84.89
TSLA,2026-08-14,2026-09-18,165.0,P,0.05,0.15,0.1,89.6485,-0.002718,8.8e-05,-0.01126,0.008872,35,342.27,1,565,84.89
TSLA,2026-08-14,2026-09-18,170.0,P,0.07,0.1,0.085,84.7658,-0.002471,8.5e-05,-0.009763,0.008139,35,342.27,312,4681,84.89
TSLA,2026-08-14,2026-09-18,175.0,P,0.08,0.11,0.095,82.4221,-0.002805,9.9e-05,-0.01064,0.009126,35,342.27,117,1751,84.89
TSLA,2026-08-14,2026-09-18,180.0,P,0.1,0.14,0.12,81.2502,-0.003529,0.000123,-0.012893,0.011222,35,342.27,13,1437,84.89
TSLA,2026-08-14,2026-09-18,185.0,P,0.09,0.15,0.12,78.1252,-0.003695,0.000133,-0.012914,0.011695,35,342.27,4,744,84.89
TSLA,2026-08-14,2026-09-18,190.0,P,0.1,0.14,0.12,75.0003,-0.003842,0.000144,-0.012833,0.012111,35,342.27,8474,582,84.89
TSLA,2026-08-14,2026-09-18,195.0,P,0.11,0.2,0.155,74.1214,-0.004921,0.000181,-0.015815,0.015109,35,342.27,2,681,84.89
TSLA,2026-08-14,2026-09-18,200.0,P,0.14,0.17,0.155,71.094,-0.005134,0.000196,-0.015744,0.01569,35,342.27,148,7494,84.89
TSLA,2026-08-14,2026-09-18,205.0,P,0.13,0.23,0.18,69.3362,-0.006015,0.000232,-0.017666,0.018062,35,342.27,1,120,84.89
TSLA,2026-08-14,2026-09-18,210.0,P,0.16,0.22,0.19,66.8949,-0.00659,0.000261,-0.018468,0.019581,35,342.27,126,1636,84.89
TSLA,2026-08-14,2026-09-18,215.0,P,0.15,0.26,0.205,64.5511,-0.007267,0.000294,-0.019417,0.021348,35,342.27,1,215,84.89
TSLA,2026-08-14,2026-09-18,220.0,P,0.18,0.25,0.215,62.1098,-0.00792,0.00033,-0.020139,0.023027,35,342.27,123,1680,84.89
TSLA,2026-08-14,2026-09-18,225.0,P,0.18,0.28,0.23,59.766,-0.008695,0.000372,-0.021019,0.024995,35,342.27,28,437,84.89
TSLA,2026-08-14,2026-09-18,230.0,P,0.25,0.26,0.255,57.8129,-0.009908,0.000431,-0.022778,0.028022,35,342.27,87,1649,84.89
TSLA,2026-08-14,2026-09-18,235.0,P,0.26,0.29,0.275,55.5669,-0.010956,0.00049,-0.023877,0.030588,35,342.27,18,451,84.89
TSLA,2026-08-14,2026-09-18,240.0,P,0.29,0.31,0.3,53.5161,-0.012346,0.000564,-0.025485,0.033929,35,342.27,161,2996,84.89
TSLA,2026-08-14,2026-09-18,245.0,P,0.31,0.34,0.325,51.3677,-0.013772,0.000646,-0.02686,0.037292,35,342.27,52,348,84.89
TSLA,2026-08-14,2026-09-18,250.0,P,0.35,0.38,0.365,49.8296,-0.01634,0.000772,-0.03015,0.043197,35,342.27,315,9759,84.89
TSLA,2026-08-14,2026-09-18,255.0,P,0.4,0.42,0.41,47.8521,-0.018564,0.000896,-0.032247,0.048168,35,342.27,27,479,84.89
TSLA,2026-08-14,2026-09-18,260.0,P,0.46,0.49,0.475,46.2896,-0.021987,0.001069,-0.035963,0.055601,35,342.27,1677,6679,84.89
TSLA,2026-08-14,2026-09-18,265.0,P,0.55,0.58,0.565,44.8492,-0.026352,0.001285,-0.040513,0.064737,35,342.27,146,1436,84.89
TSLA,2026-08-14,2026-09-18,270.0,P,0.66,0.7,0.68,43.5797,-0.032065,0.001557,-0.046266,0.0762,35,342.27,140,5147,84.89
TSLA,2026-08-14,2026-09-18,275.0,P,0.81,0.85,0.83,42.359,-0.039128,0.001885,-0.052855,0.08971,35,342.27,256,1332,84.89
TSLA,2026-08-14,2026-09-18,280.0,P,1.01,1.05,1.03,41.2848,-0.048216,0.00229,-0.060861,0.106184,35,342.27,489,8656,84.89
TSLA,2026-08-14,2026-09-18,285.0,P,1.27,1.31,1.29,40.3448,-0.059792,0.002778,-0.070381,0.125914,35,342.27,481,1469,84.89
TSLA,2026-08-14,2026-09-18,290.0,P,1.61,1.66,1.635,39.588,-0.074646,0.003362,-0.081806,0.149491,35,342.27,8622,6092,84.89
TSLA,2026-08-14,2026-09-18,295.0,P,2.06,2.11,2.085,38.941,-0.093048,0.004033,-0.094724,0.176416,35,342.27,609,2865,84.89
TSLA,2026-08-14,2026-09-18,300.0,P,2.62,2.69,2.655,38.4222,-0.115616,0.004785,-0.109097,0.206508,35,342.27,2088,19825,84.89
TSLA,2026-08-14,2026-09-18,305.0,P,3.35,3.45,3.4,38.111,-0.143226,0.005596,-0.125152,0.239573,35,342.27,392,1860,84.89
TSLA,2026-08-14,2026-09-18,310.0,P,4.25,4.35,4.3,37.7326,-0.174563,0.006435,-0.140583,0.272777,35,342.27,2770,8200,84.89
TSLA,2026-08-14,2026-09-18,315.0,P,5.3,5.45,5.375,37.4274,-0.210434,0.007274,-0.155718,0.305829,35,342.27,732,2800,84.89
TSLA,2026-08-14,2026-09-18,320.0,P,6.65,6.8,6.725,37.2748,-0.251014,0.008061,-0.170394,0.337528,35,342.27,2273,9240,84.89
TSLA,2026-08-14,2026-09-18,325.0,P,8.2,8.35,8.275,37.0551,-0.294777,0.008782,-0.182511,0.365568,35,342.27,918,4372,84.89
TSLA,2026-08-14,2026-09-18,330.0,P,10.0,10.15,10.075,36.8781,-0.3417,0.009392,-0.192177,0.38909,35,342.27,1003,8121,84.89
TSLA,2026-08-14,2026-09-18,335.0,P,12.1,12.25,12.175,36.8353,-0.391147,0.009836,-0.19944,0.406991,35,342.27,693,1811,84.89
TSLA,2026-08-14,2026-09-18,340.0,P,14.45,14.6,14.525,36.7804,-0.441764,0.010125,-0.203087,0.418318,35,342.27,9910,10065,84.89
TSLA,2026-08-14,2026-09-18,345.0,P,17.05,17.25,17.15,36.8353,-0.492635,0.010217,-0.203727,0.422759,35,342.27,1290,2779,84.89
TSLA,2026-08-14,2026-09-18,350.0,P,19.9,20.25,20.075,37.1283,-0.542181,0.010081,-0.202266,0.420465,35,342.27,1836,10656,84.89
TSLA,2026-08-14,2026-09-18,355.0,P,22.8,23.4,23.1,37.226,-0.590332,0.009851,-0.196339,0.411944,35,342.27,154,1419,84.89
TSLA,2026-08-14,2026-09-18,360.0,P,26.15,26.8,26.475,37.3969,-0.635931,0.009475,-0.187999,0.398042,35,342.27,183,8001,84.89
TSLA,2026-08-14,2026-09-18,365.0,P,29.5,30.35,29.925,37.4213,-0.679511,0.009022,-0.176235,0.379266,35,342.27,141,1863,84.89
TSLA,2026-08-14,2026-09-18,370.0,P,33.15,34.45,33.8,38.4467,-0.713978,0.008346,-0.169848,0.360443,35,342.27,193,5132,84.89
TSLA,2026-08-14,2026-09-18,375.0,P,37.45,38.5,37.975,38.941,-0.747826,0.007735,-0.158524,0.338351,35,342.27,45,2484,84.89
TSLA,2026-08-14,2026-09-18,380.0,P,41.15,42.8,41.975,39.8016,-0.775792,0.007095,-0.149277,0.317236,35,342.27,70,8610,84.89
TSLA,2026-08-14,2026-09-18,385.0,P,45.3,46.9,46.1,39.649,-0.80728,0.006514,-0.131729,0.29013,35,342.27,17,2479,84.89
TSLA,2026-08-14,2026-09-18,390.0,P,49.65,51.35,50.5,40.3021,-0.830272,0.005918,-0.120411,0.267931,35,342.27,56,6064,84.89
TSLA,2026-08-14,2026-09-18,395.0,P,54.15,55.85,55.0,40.8392,-0.851238,0.005357,-0.10835,0.245757,35,342.27,15,2320,84.89
TSLA,2026-08-14,2026-09-18,400.0,P,58.7,60.45,59.575,41.4923,-0.86891,0.004838,-0.097566,0.22551,35,342.27,322,14382,84.89
TSLA,2026-08-14,2026-09-18,405.0,P,63.1,65.1,64.1,42.1148,-0.884546,0.004361,-0.087005,0.206303,35,342.27,4,1727,84.89
TSLA,2026-08-14,2026-09-18,410.0,P,68.25,70.0,69.125,43.7628,-0.892225,0.003995,-0.084904,0.196389,35,342.27,11,3108,84.89
TSLA,2026-08-14,2026-09-18,415.0,P,72.65,74.75,73.7,44.5196,-0.903711,0.003618,-0.076314,0.180924,35,342.27,3,873,84.89
TSLA,2026-08-14,2026-09-18,420.0,P,77.45,79.6,78.525,45.6548,-0.911786,0.003306,-0.071072,0.169566,35,342.27,19,2429,84.89
TSLA,2026-08-14,2026-09-18,425.0,P,82.3,84.4,83.35,46.3628,-0.920943,0.002998,-0.063107,0.15616,35,342.27,2,2775,84.89
TSLA,2026-08-14,2026-09-18,430.0,P,87.15,89.3,88.225,47.5713,-0.926651,0.00276,-0.059227,0.147503,35,342.27,1,3475,84.89
TSLA,2026-08-14,2026-09-18,435.0,P,92.55,94.25,93.4,49.0362,-0.930511,0.002569,-0.057481,0.141508,35,342.27,200,1253,84.89
TSLA,2026-08-14,2026-09-18,440.0,P,97.05,99.2,98.125,50.4399,-0.934134,0.002396,-0.055561,0.135772,35,342.27,19,6170,84.89
TSLA,2026-08-14,2026-09-18,445.0,P,102.15,104.1,103.125,51.4043,-0.939076,0.002213,-0.050893,0.127775,35,342.27,1,284,84.89
TSLA,2026-08-14,2026-09-18,450.0,P,107.2,109.05,108.125,52.686,-0.942255,0.00207,-0.048666,0.122517,35,342.27,1,1543,84.89
TSLA,2026-08-14,2026-09-18,455.0,P,110.8,115.5,113.15,63.8859,-0.90696,0.002458,-0.118024,0.176404,35,342.27,1,8,84.89
TSLA,2026-08-14,2026-09-18,460.0,P,116.65,118.95,117.8,55.0786,-0.948156,0.001818,-0.043774,0.112508,35,342.27,2,135,84.89
TSLA,2026-08-14,2026-09-18,465.0,P,120.25,125.45,122.85,67.1146,-0.912053,0.002244,-0.118057,0.169184,35,342.27,1,0,84.89
TSLA,2026-08-14,2026-09-18,470.0,P,125.2,130.4,127.8,68.5184,-0.914949,0.002144,-0.116756,0.165,35,342.27,1,39,84.89
TSLA,2026-08-14,2026-09-18,475.0,P,131.05,134.45,132.75,63.8431,-0.938326,0.001799,-0.071682,0.129001,35,342.27,445,9,84.89
TSLA,2026-08-14,2026-09-18,480.0,P,135.15,140.35,137.75,71.5335,-0.919237,0.001975,-0.116274,0.158702,35,342.27,140,53,84.89
TSLA,2026-08-14,2026-09-18,485.0,P,140.1,145.35,142.725,73.1448,-0.920721,0.001905,-0.117063,0.156493,35,342.27,8,0,84.89
TSLA,2026-08-14,2026-09-18,490.0,P,145.1,150.35,147.725,74.7317,-0.922117,0.001839,-0.117823,0.1544,35,342.27,2,6,84.89
TSLA,2026-08-14,2026-09-18,495.0,P,150.05,155.35,152.7,76.2942,-0.923436,0.001778,-0.11855,0.152409,35,342.27,1,0,84.89
TSLA,2026-08-14,2026-09-18,500.0,P,156.45,158.8,157.625,65.3812,-0.960222,0.001238,-0.035732,0.090921,35,342.27,10,354,84.89
TSLA,2026-08-14,2026-09-18,505.0,P,160.05,165.3,162.675,79.0285,-0.926825,0.001658,-0.117539,0.147234,35,342.27,53,0,84.89
TSLA,2026-08-14,2026-09-18,510.0,P,165.05,170.3,167.675,80.5056,-0.927977,0.001608,-0.118058,0.145456,35,342.27,108,3,84.89
TSLA,2026-08-14,2026-09-18,515.0,P,170.05,175.3,172.675,81.9826,-0.929011,0.001562,-0.118706,0.143851,35,342.27,38,0,84.89
TSLA,2026-08-14,2026-09-18,520.0,P,175.05,180.3,177.675,83.423,-0.93004,0.001518,-0.119213,0.142245,35,342.27,8,8,84.89
TSLA,2026-08-14,2026-09-18,525.0,P,180.25,185.05,182.65,83.0812,-0.935797,0.001426,-0.10699,0.133105,35,342.27,237,0,84.89
TSLA,2026-08-14,2026-09-18,530.0,P,185.05,190.3,187.675,86.255,-0.931929,0.001437,-0.120234,0.139275,35,342.27,2,1,84.89
TSLA,2026-08-14,2026-09-18,535.0,P,190.05,195.3,192.675,87.6344,-0.932832,0.0014,-0.120653,0.137846,35,342.27,272,0,84.89
TSLA,2026-08-14,2026-09-18,540.0,P,195.05,200.3,197.675,89.0016,-0.93368,0.001365,-0.121097,0.136497,35,342.27,66,0,84.89
TSLA,2026-08-14,2026-09-18,545.0,P,200.05,205.3,202.675,90.3565,-0.934478,0.001332,-0.121561,0.135223,35,342.27,16,0,84.89
TSLA,2026-08-14,2026-09-18,550.0,P,205.25,210.05,207.65,89.8316,-0.939822,0.001254,-0.108751,0.126549,35,342.27,314,1,84.89
TSLA,2026-08-14,2026-09-18,560.0,P,215.05,220.3,217.675,94.2994,-0.93673,0.001242,-0.122703,0.131598,35,342.27,857,0,84.89
TSLA,2026-08-14,2026-09-18,565.0,P,220.05,225.3,222.675,95.5811,-0.937422,0.001215,-0.12305,0.130474,35,342.27,10,0,84.89
TSLA,2026-08-14,2026-09-18,570.0,P,225.05,230.3,227.675,96.8384,-0.938109,0.001189,-0.123319,0.129356,35,342.27,136,0,84.89
TSLA,2026-08-14,2026-09-18,575.0,P,230.25,235.05,232.65,96.1548,-0.943117,0.001121,-0.110027,0.121076,35,342.27,3,0,84.89
TSLA,2026-08-14,2026-09-18,580.0,P,235.15,240.15,237.65,98.169,-0.941949,0.001116,-0.115773,0.123027,35,342.27,61,0,84.89
TSLA,2026-08-14,2026-09-18,590.0,P,245.1,250.3,247.7,101.7461,-0.940559,0.001097,-0.124439,0.125334,35,342.27,4,0,84.89
TSLA,2026-08-14,2026-09-18,600.0,P,255.25,260.05,257.65,102.1123,-0.945853,0.001015,-0.110973,0.116455,35,342.27,18,0,84.89
TSLA,2026-08-14,2026-09-18,610.0,P,214.8,216.3,215.55,0.001,-1.0,0.0,0.061567,0.0,35,342.27,15,4,84.89
TSLA,2026-08-14,2026-09-18,620.0,P,224.8,226.3,225.55,0.001,-1.0,0.0,0.062576,0.0,35,342.27,20,0,84.89
TSLA,2026-08-14,2026-09-18,630.0,P,229.55,232.2,230.875,0.001,-1.0,0.0,0.063585,0.0,35,342.27,4,0,84.89
TSLA,2026-08-14,2026-09-18,640.0,P,295.05,300.3,297.675,113.0864,-0.945426,0.000922,-0.126357,0.117181,35,342.27,1,0,84.89
TSLA,2026-08-14,2026-09-18,650.0,P,305.25,310.05,307.65,113.0742,-0.950172,0.000858,-0.111991,0.109011,35,342.27,1,0,84.89
TSLA,2026-08-14,2026-09-18,660.0,P,315.05,320.3,317.675,117.2856,-0.947021,0.000869,-0.126755,0.11446,35,342.27,55,0,84.89
TSLA,2026-08-14,2026-09-18,680.0,P,335.05,340.3,337.675,121.3139,-0.948465,0.000822,-0.126967,0.111975,35,342.27,1,0,84.89
TSLA,2026-08-14,2026-09-18,690.0,P,345.05,350.3,347.675,123.2792,-0.949119,0.0008,-0.127087,0.110844,35,342.27,1,0,84.89
TSLA,2026-08-14,2026-09-18,700.0,P,355.35,360.05,357.7,122.9618,-0.953459,0.000747,-0.112053,0.103218,35,342.27,6,0,84.89
TSLA,2026-08-14,2026-09-18,720.0,P,375.1,380.3,377.7,128.9554,-0.950909,0.000744,-0.127237,0.107723,35,342.27,1,0,84.89
TSLA,2026-08-14,2026-09-18,740.0,P,344.85,346.3,345.575,0.001,-1.0,0.0,0.074688,0.0,35,342.27,5,0,84.89
TSLA,2026-08-14,2026-09-18,750.0,P,354.9,356.2,355.55,0.001,-1.0,0.0,0.075697,0.0,35,342.27,20,0,84.89
TSLA,2026-08-14,2026-09-18,760.0,P,333.45,337.3,335.375,0.001,-1.0,0.0,0.076706,0.0,35,342.27,1,4,84.89
TSLA,2026-08-14,2026-09-18,770.0,P,366.15,368.85,367.5,0.001,-1.0,0.0,0.077716,0.0,35,342.27,1,0,84.89
TSLA,2026-08-14,2026-09-18,780.0,P,377.8,380.65,379.225,0.001,-1.0,0.0,0.078725,0.0,35,342.27,1,0,84.89
TSLA,2026-08-14,2026-09-18,790.0,P,397.6,400.15,398.875,0.001,-1.0,0.0,0.079734,0.0,35,342.27,17,0,84.89
TSLA,2026-08-14,2026-09-18,810.0,P,384.5,387.25,385.875,0.001,-1.0,0.0,0.081753,0.0,35,342.27,1,26,84.89
TSLA,2026-08-14,2026-09-18,820.0,P,418.6,420.1,419.35,0.001,-1.0,0.0,0.082762,0.0,35,342.27,6,7,84.89
TSLA,2026-08-14,2026-09-18,830.0,P,430.15,431.95,431.05,0.001,-1.0,0.0,0.083771,0.0,35,342.27,6,9,84.89
TSLA,2026-08-14,2026-09-18,840.0,P,410.05,413.6,411.825,0.001,-1.0,0.0,0.084781,0.0,35,342.27,2,0,84.89
TSLA,2026-08-14,2026-09-18,850.0,P,432.0,434.15,433.075,0.001,-1.0,0.0,0.08579,0.0,35,342.27,1,9,84.89
TSLA,2026-08-14,2026-09-18,860.0,P,438.0,443.85,440.925,0.001,-1.0,0.0,0.086799,0.0,35,342.27,2,7,84.89
TSLA,2026-08-14,2026-09-18,870.0,P,441.75,447.15,444.45,0.001,-1.0,0.0,0.087808,0.0,35,342.27,2,0,84.89
TSLA,2026-08-14,2026-09-18,880.0,P,451.25,456.75,454.0,0.001,-1.0,0.0,0.088818,0.0,35,342.27,5,0,84.89
TSLA,2026-08-14,2026-09-18,890.0,P,485.4,487.9,486.65,0.001,-1.0,0.0,0.089827,0.0,35,342.27,0,2,84.89
TSLA,2026-08-14,2026-09-18,900.0,P,471.45,476.65,474.05,0.001,-1.0,0.0,0.090836,0.0,35,342.27,2,0,84.89
TSLA,2026-08-14,2026-09-18,910.0,P,490.55,492.3,491.425,0.001,-1.0,0.0,0.091846,0.0,35,342.27,2,4,84.89
TSLA,2026-08-14,2026-09-18,920.0,P,490.2,498.0,494.1,0.001,-1.0,0.0,0.092855,0.0,35,342.27,10,0,84.89
TSLA,2026-08-14,2026-09-18,930.0,P,495.25,501.65,498.45,0.001,-1.0,0.0,0.093864,0.0,35,342.27,2,0,84.89
TSLA,2026-08-14,2026-09-18,940.0,P,536.2,539.0,537.6,0.001,-1.0,0.0,0.094873,0.0,35,342.27,2,0,84.89
TSLA,2026-08-14,2026-09-18,950.0,P,546.1,548.75,547.425,0.001,-1.0,0.0,0.095883,0.0,35,342.27,0,0,84.89
TSLA,2026-08-14,2026-09-18,980.0,P,570.0,572.15,571.075,0.001,-1.0,0.0,0.098911,0.0,35,342.27,0,0,84.89
TSLA,2026-08-14,2026-09-18,990.0,P,645.05,650.3,647.675,169.3727,-0.96046,0.000476,-0.12013,0.090478,35,342.27,4,0,84.89
TSLA,2026-08-14,2026-09-25,230.0,C,111.75,116.55,114.15,74.8049,0.956387,0.001064,-0.117075,0.107309,42,342.27,1,1,84.89
TSLA,2026-08-14,2026-09-25,270.0,C,73.15,76.3,74.725,52.7837,0.924772,0.002315,-0.127913,0.164733,42,342.27,1,2,84.89
TSLA,2026-08-14,2026-09-25,280.0,C,64.1,66.3,65.2,53.8762,0.887518,0.003054,-0.166245,0.221832,42,342.27,4,8,84.89
TSLA,2026-08-14,2026-09-25,285.0,C,59.5,61.7,60.6,52.0757,0.874718,0.00341,-0.172392,0.23938,42,342.27,3,2,84.89
TSLA,2026-08-14,2026-09-25,290.0,C,55.15,57.15,56.15,50.2996,0.860261,0.003806,-0.178497,0.258093,42,342.27,1,12,84.89
TSLA,2026-08-14,2026-09-25,295.0,C,50.6,52.7,51.65,48.6944,0.843301,0.004245,-0.185349,0.278657,42,342.27,2,7,84.89
TSLA,2026-08-14,2026-09-25,300.0,C,46.65,47.9,47.275,45.7464,0.830073,0.004763,-0.183803,0.293724,42,342.27,161,124,84.89
TSLA,2026-08-14,2026-09-25,310.0,C,38.85,39.75,39.3,43.7719,0.779298,0.005837,-0.202379,0.344405,42,342.27,6,11,84.89
TSLA,2026-08-14,2026-09-25,315.0,C,34.85,36.45,35.65,44.3182,0.744006,0.006253,-0.219128,0.37358,42,342.27,1,224,84.89
TSLA,2026-08-14,2026-09-25,320.0,C,31.35,32.4,31.875,42.5055,0.715053,0.006879,-0.220878,0.394138,42,342.27,9,78,84.89
TSLA,2026-08-14,2026-09-25,325.0,C,28.45,29.35,28.9,42.7496,0.676838,0.007234,-0.232598,0.416901,42,342.27,28,62,84.89
TSLA,2026-08-14,2026-09-25,330.0,C,25.3,25.8,25.55,41.4007,0.640749,0.007778,-0.233469,0.434053,42,342.27,132,327,84.89
TSLA,2026-08-14,2026-09-25,335.0,C,22.55,23.0,22.775,41.3214,0.600098,0.008052,-0.239061,0.44853,42,342.27,170,325,84.89
TSLA,2026-08-14,2026-09-25,340.0,C,19.75,20.4,20.075,41.2268,0.558799,0.008244,-0.242113,0.458148,42,342.27,252,298,84.89
TSLA,2026-08-14,2026-09-25,345.0,C,17.5,17.85,17.675,40.7995,0.516964,0.008414,-0.24084,0.462769,42,342.27,363,109,84.89
TSLA,2026-08-14,2026-09-25,350.0,C,15.45,15.7,15.575,40.7934,0.475496,0.008407,-0.239371,0.462314,42,342.27,807,589,84.89
TSLA,2026-08-14,2026-09-25,355.0,C,13.5,13.75,13.625,40.7904,0.43487,0.008311,-0.235568,0.457001,42,342.27,114,87,84.89
TSLA,2026-08-14,2026-09-25,360.0,C,11.8,12.0,11.9,40.8087,0.395548,0.00813,-0.229734,0.447219,42,342.27,279,114,84.89
TSLA,2026-08-14,2026-09-25,365.0,C,10.3,10.45,10.375,40.8758,0.35804,0.007868,-0.222297,0.433544,42,342.27,158,183,84.89
TSLA,2026-08-14,2026-09-25,370.0,C,8.95,9.15,9.05,41.1383,0.323479,0.007521,-0.214521,0.41707,42,342.27,204,458,84.89
TSLA,2026-08-14,2026-09-25,375.0,C,7.75,8.0,7.875,41.4099,0.291287,0.007134,-0.205597,0.398253,42,342.27,242,92,84.89
TSLA,2026-08-14,2026-09-25,380.0,C,6.75,7.0,6.875,41.7242,0.261734,0.006719,-0.196053,0.377891,42,342.27,566,542,84.89
TSLA,2026-08-14,2026-09-25,385.0,C,5.9,6.1,6.0,41.9867,0.234252,0.006293,-0.185513,0.356161,42,342.27,463,185,84.89
TSLA,2026-08-14,2026-09-25,390.0,C,5.15,5.35,5.25,42.3651,0.209848,0.005857,-0.175411,0.33447,42,342.27,80,127,84.89
TSLA,2026-08-14,2026-09-25,395.0,C,4.5,4.65,4.575,42.6153,0.18687,0.005429,-0.16421,0.311855,42,342.27,38,80,84.89
TSLA,2026-08-14,2026-09-25,400.0,C,3.95,4.05,4.0,42.9022,0.166271,0.005008,-0.153279,0.289643,42,342.27,793,556,84.89
TSLA,2026-08-14,2026-09-25,405.0,C,3.45,3.6,3.525,43.4698,0.149476,0.004609,-0.144575,0.270075,42,342.27,27,241,84.89
TSLA,2026-08-14,2026-09-25,410.0,C,3.05,3.2,3.125,44.013,0.134316,0.004234,-0.13595,0.251206,42,342.27,107,87,84.89
TSLA,2026-08-14,2026-09-25,415.0,C,2.73,2.83,2.78,44.4708,0.12027,0.00388,-0.127033,0.232623,42,342.27,183,75,84.89
TSLA,2026-08-14,2026-09-25,420.0,C,2.44,2.5,2.47,44.898,0.10755,0.003549,-0.118288,0.21481,42,342.27,553,133,84.89
TSLA,2026-08-14,2026-09-25,425.0,C,2.18,2.27,2.225,45.6182,0.097808,0.00326,-0.112035,0.200483,42,342.27,111,91,84.89
TSLA,2026-08-14,2026-09-25,430.0,C,1.96,2.05,2.005,46.2408,0.088638,0.002991,-0.105483,0.186416,42,342.27,284,323,84.89
TSLA,2026-08-14,2026-09-25,435.0,C,1.77,1.86,1.815,46.8938,0.080626,0.002747,-0.099534,0.173627,42,342.27,19,71,84.89
TSLA,2026-08-14,2026-09-25,440.0,C,1.61,1.69,1.65,47.5347,0.073431,0.002524,-0.093888,0.161719,42,342.27,53,40,84.89
TSLA,2026-08-14,2026-09-25,445.0,C,1.47,1.54,1.505,48.1695,0.066988,0.002321,-0.088579,0.15069,42,342.27,16,111,84.89
TSLA,2026-08-14,2026-09-25,450.0,C,1.34,1.42,1.38,48.8897,0.061601,0.002142,-0.084163,0.141183,42,342.27,67,115,84.89
TSLA,2026-08-14,2026-09-25,455.0,C,1.24,1.31,1.275,49.5977,0.056738,0.00198,-0.079989,0.132365,42,342.27,1,14,84.89
TSLA,2026-08-14,2026-09-25,460.0,C,1.14,1.21,1.175,50.0005,0.051225,0.001811,-0.074322,0.122076,42,342.27,14,67,84.89
TSLA,2026-08-14,2026-09-25,470.0,C,0.99,1.05,1.02,51.4653,0.044107,0.001561,-0.067773,0.108288,42,342.27,2,47,84.89
TSLA,2026-08-14,2026-09-25,480.0,C,0.86,0.91,0.885,52.8081,0.037984,0.001348,-0.061533,0.095925,42,342.27,69,48,84.89
TSLA,2026-08-14,2026-09-25,500.0,C,0.68,0.73,0.705,55.7377,0.029544,0.001038,-0.052712,0.078003,42,342.27,6,223,84.89
TSLA,2026-08-14,2026-09-25,510.0,C,0.62,0.66,0.64,57.227,0.026468,0.000923,-0.049345,0.071177,42,342.27,221,5,84.89
TSLA,2026-08-14,2026-09-25,530.0,C,0.51,0.55,0.53,60.0102,0.021412,0.000736,-0.04324,0.05956,42,342.27,243,88,84.89
TSLA,2026-08-14,2026-09-25,565.0,C,0.37,0.42,0.395,64.5023,0.015312,0.000515,-0.034858,0.044754,42,342.27,1,6,84.89
TSLA,2026-08-14,2026-09-25,600.0,C,0.28,0.33,0.305,68.6527,0.011433,0.000376,-0.028786,0.034773,42,342.27,3,6,84.89
TSLA,2026-08-14,2026-09-25,615.0,C,0.25,0.3,0.275,70.3128,0.010173,0.000331,-0.02662,0.031412,42,342.27,2,34,84.89
TSLA,2026-08-14,2026-09-25,170.0,P,0.06,0.12,0.09,78.0276,-0.002616,8.9e-05,-0.008623,0.009389,42,342.27,30,5,84.89
TSLA,2026-08-14,2026-09-25,180.0,P,0.08,0.21,0.145,76.0745,-0.004197,0.00014,-0.012846,0.014359,42,342.27,201,6,84.89
TSLA,2026-08-14,2026-09-25,190.0,P,0.09,0.25,0.17,71.4847,-0.005144,0.000179,-0.014459,0.017217,42,342.27,1,29,84.89
TSLA,2026-08-14,2026-09-25,200.0,P,0.12,0.27,0.195,66.8949,-0.006211,0.000226,-0.015977,0.020354,42,342.27,4,58,84.89
TSLA,2026-08-14,2026-09-25,220.0,P,0.23,0.29,0.26,58.3012,-0.009256,0.000368,-0.019731,0.028923,42,342.27,2,18,84.89
TSLA,2026-08-14,2026-09-25,230.0,P,0.29,0.34,0.315,54.4926,-0.011727,0.000484,-0.022626,0.035547,42,342.27,11,135,84.89
TSLA,2026-08-14,2026-09-25,235.0,P,0.32,0.38,0.35,52.686,-0.013308,0.000558,-0.024384,0.039662,42,342.27,2,9,84.89
TSLA,2026-08-14,2026-09-25,240.0,P,0.36,0.42,0.39,50.9282,-0.015168,0.000647,-0.026354,0.044391,42,342.27,5,242,84.89
TSLA,2026-08-14,2026-09-25,250.0,P,0.48,0.54,0.51,48.2671,-0.021358,0.000913,-0.033362,0.059431,42,342.27,45,31,84.89
TSLA,2026-08-14,2026-09-25,255.0,P,0.56,0.62,0.59,46.7779,-0.024936,0.001074,-0.036787,0.06771,42,342.27,11,25,84.89
TSLA,2026-08-14,2026-09-25,260.0,P,0.66,0.72,0.69,45.3619,-0.029298,0.001267,-0.040752,0.077462,42,342.27,38,59,84.89
TSLA,2026-08-14,2026-09-25,265.0,P,0.79,0.85,0.82,44.0924,-0.034843,0.001504,-0.045635,0.089384,42,342.27,15,50,84.89
TSLA,2026-08-14,2026-09-25,270.0,P,0.96,1.03,0.995,43.0548,-0.042164,0.001799,-0.051967,0.104418,42,342.27,15,108,84.89
TSLA,2026-08-14,2026-09-25,275.0,P,1.17,1.25,1.21,42.066,-0.051056,0.002147,-0.059091,0.121755,42,342.27,102,179,84.89
TSLA,2026-08-14,2026-09-25,280.0,P,1.45,1.53,1.49,41.1871,-0.062073,0.002558,-0.06735,0.142028,42,342.27,40,146,84.89
TSLA,2026-08-14,2026-09-25,285.0,P,1.81,1.89,1.85,40.4303,-0.075681,0.003036,-0.076857,0.165488,42,342.27,54,303,84.89
TSLA,2026-08-14,2026-09-25,290.0,P,2.26,2.35,2.305,39.8199,-0.092438,0.003583,-0.087749,0.192317,42,342.27,149,192,84.89
TSLA,2026-08-14,2026-09-25,295.0,P,2.82,2.93,2.875,39.3195,-0.112586,0.004188,-0.099735,0.221979,42,342.27,176,293,84.89
TSLA,2026-08-14,2026-09-25,300.0,P,3.5,3.6,3.55,38.7274,-0.135346,0.004837,-0.111402,0.252526,42,342.27,307,358,84.89
TSLA,2026-08-14,2026-09-25,305.0,P,4.35,4.55,4.45,38.6603,-0.164256,0.005514,-0.126143,0.287365,42,342.27,89,335,84.89
TSLA,2026-08-14,2026-09-25,310.0,P,5.4,5.6,5.5,38.3673,-0.195269,0.006195,-0.139044,0.320378,42,342.27,143,147,84.89
TSLA,2026-08-14,2026-09-25,315.0,P,6.6,6.8,6.7,38.0133,-0.229242,0.006867,-0.150664,0.351896,42,342.27,606,979,84.89
TSLA,2026-08-14,2026-09-25,320.0,P,8.05,8.25,8.15,37.8241,-0.267079,0.007488,-0.161886,0.381799,42,342.27,2236,171,84.89
TSLA,2026-08-14,2026-09-25,325.0,P,9.7,9.95,9.825,37.7448,-0.307968,0.008027,-0.17191,0.408431,42,342.27,536,1008,84.89
TSLA,2026-08-14,2026-09-25,330.0,P,11.6,11.85,11.725,37.6135,-0.350763,0.008488,-0.179436,0.430388,42,342.27,78,163,84.89
TSLA,2026-08-14,2026-09-25,335.0,P,13.75,14.0,13.875,37.5433,-0.39525,0.008835,-0.184806,0.447128,42,342.27,183,284,84.89
TSLA,2026-08-14,2026-09-25,340.0,P,16.1,16.35,16.225,37.4121,-0.440616,0.009082,-0.187168,0.458047,42,342.27,294,42,84.89
TSLA,2026-08-14,2026-09-25,350.0,P,21.5,21.9,21.7,37.522,-0.531245,0.009129,-0.18574,0.461766,42,342.27,80,39,84.89
TSLA,2026-08-14,2026-09-25,360.0,P,27.3,28.35,27.825,37.7326,-0.616898,0.008713,-0.174931,0.443158,42,342.27,19,42,84.89
TSLA,2026-08-14,2026-09-25,365.0,P,30.75,31.85,31.3,37.7997,-0.656953,0.008377,-0.166215,0.426861,42,342.27,9,32,84.89
TSLA,2026-08-14,2026-09-25,370.0,P,34.4,35.55,34.975,37.9218,-0.694348,0.007963,-0.156237,0.407073,42,342.27,20,47,84.89
TSLA,2026-08-14,2026-09-25,375.0,P,38.2,39.8,39.0,39.057,-0.722727,0.007388,-0.151915,0.388975,42,342.27,30,24,84.89
TSLA,2026-08-14,2026-09-25,385.0,P,46.35,48.05,47.2,39.7589,-0.780328,0.006409,-0.13081,0.343482,42,342.27,5,8,84.89
TSLA,2026-08-14,2026-09-25,400.0,P,59.5,61.2,60.35,40.8575,-0.847225,0.004975,-0.09788,0.274026,42,342.27,5,8,84.89
TSLA,2026-08-14,2026-09-25,405.0,P,64.05,65.4,64.725,39.8321,-0.874194,0.004471,-0.077081,0.240078,42,342.27,2,2,84.89
TSLA,2026-08-14,2026-09-25,420.0,P,76.0,81.5,78.75,50.2996,-0.861967,0.003775,-0.1153,0.255943,42,342.27,3,3,84.89
TSLA,2026-08-14,2026-10-16,50.0,C,288.95,296.8,292.875,213.477,0.995597,4.3e-05,-0.035922,0.018355,63,342.27,2,2,84.89
TSLA,2026-08-14,2026-10-16,60.0,C,279.0,286.85,282.925,195.3125,0.994759,5.4e-05,-0.039035,0.021443,63,342.27,1,1,84.89
TSLA,2026-08-14,2026-10-16,85.0,C,254.2,262.05,258.125,163.2326,0.991858,9.6e-05,-0.0492,0.031653,63,342.27,1,0,84.89
TSLA,2026-08-14,2026-10-16,100.0,C,239.9,247.0,243.45,152.6858,0.988303,0.000141,-0.062189,0.04344,63,342.27,1,139,84.89
TSLA,2026-08-14,2026-10-16,105.0,C,234.4,242.25,238.325,144.2386,0.98876,0.000144,-0.058115,0.041962,63,342.27,10,154,84.89
TSLA,2026-08-14,2026-10-16,110.0,C,229.45,237.3,233.375,139.9417,0.987904,0.000158,-0.060217,0.04472,63,342.27,2,130,84.89
TSLA,2026-08-14,2026-10-16,120.0,C,220.4,226.35,223.375,129.8832,0.986925,0.000182,-0.060833,0.047837,63,342.27,1,350,84.89
TSLA,2026-08-14,2026-10-16,125.0,C,268.65,273.95,271.3,427.7715,0.927714,0.000226,-0.669111,0.195696,63,342.27,2,63,84.89
TSLA,2026-08-14,2026-10-16,130.0,C,210.5,216.45,213.475,122.4613,0.984984,0.000218,-0.064836,0.053899,63,342.27,1,95,84.89
TSLA,2026-08-14,2026-10-16,140.0,C,200.6,206.55,203.575,115.4301,0.982879,0.000258,-0.06863,0.060315,63,342.27,1,45,84.89
TSLA,2026-08-14,2026-10-16,150.0,C,190.75,196.6,193.675,108.7407,0.98059,0.000305,-0.07222,0.067122,63,342.27,1,38,84.89
TSLA,2026-08-14,2026-10-16,165.0,C,175.85,181.8,178.825,99.292,0.976734,0.00039,-0.07731,0.078239,63,342.27,33,45,84.89
TSLA,2026-08-14,2026-10-16,175.0,C,166.55,171.55,169.05,94.629,0.972514,0.00047,-0.084058,0.089963,63,342.27,2,105,84.89
TSLA,2026-08-14,2026-10-16,180.0,C,161.05,166.95,164.0,90.6251,0.972066,0.000498,-0.082571,0.091184,63,342.27,2,90,84.89
TSLA,2026-08-14,2026-10-16,190.0,C,151.15,157.05,154.1,84.9245,0.968747,0.000583,-0.085329,0.100089,63,342.27,1,51,84.89
TSLA,2026-08-14,2026-10-16,195.0,C,146.2,152.1,149.15,82.1413,0.966963,0.000631,-0.086615,0.104782,63,342.27,1,57,84.89
TSLA,2026-08-14,2026-10-16,200.0,C,141.6,147.1,144.35,80.6643,0.96326,0.000701,-0.091856,0.114331,63,342.27,2,110,84.89
TSLA,2026-08-14,2026-10-16,205.0,C,136.4,142.2,139.3,77.0998,0.96249,0.000746,-0.090299,0.116285,63,342.27,5,38,84.89
TSLA,2026-08-14,2026-10-16,210.0,C,131.45,137.25,134.35,74.4143,0.960395,0.000808,-0.091357,0.121551,63,342.27,2,50,84.89
TSLA,2026-08-14,2026-10-16,215.0,C,126.6,132.3,129.45,72.1438,0.957506,0.000882,-0.093651,0.128696,63,342.27,1,63,84.89
TSLA,2026-08-14,2026-10-16,220.0,C,122.05,127.05,124.55,69.8489,0.954498,0.000963,-0.095742,0.135993,63,342.27,4,523,84.89
TSLA,2026-08-14,2026-10-16,225.0,C,116.9,122.3,119.6,67.2367,0.951971,0.001045,-0.096549,0.142019,63,342.27,1,65,84.89
TSLA,2026-08-14,2026-10-16,230.0,C,113.05,116.5,114.775,65.43,0.947573,0.001151,-0.100182,0.152293,63,342.27,21,116,84.89
TSLA,2026-08-14,2026-10-16,235.0,C,107.85,112.25,110.05,64.1483,0.94157,0.001279,-0.105832,0.165903,63,342.27,15,72,84.89
TSLA,2026-08-14,2026-10-16,240.0,C,103.1,107.15,105.125,61.6581,0.938059,0.001393,-0.106723,0.173659,63,342.27,1,230,84.89
TSLA,2026-08-14,2026-10-16,245.0,C,98.45,102.25,100.35,59.9613,0.93219,0.001537,-0.110681,0.186304,63,342.27,3,43,84.89
TSLA,2026-08-14,2026-10-16,250.0,C,93.85,96.1,94.975,55.2129,0.934733,0.00162,-0.101908,0.180873,63,342.27,2,217,84.89
TSLA,2026-08-14,2026-10-16,255.0,C,89.3,92.25,90.775,56.226,0.919863,0.001862,-0.117019,0.211674,63,342.27,1,86,84.89
TSLA,2026-08-14,2026-10-16,260.0,C,84.45,87.2,85.825,53.5893,0.915402,0.002035,-0.116682,0.220486,63,342.27,6,75,84.89
TSLA,2026-08-14,2026-10-16,265.0,C,80.25,82.2,81.225,52.3808,0.905561,0.002259,-0.12251,0.239294,63,342.27,1,81,84.89
TSLA,2026-08-14,2026-10-16,270.0,C,75.8,77.4,76.6,50.9282,0.895608,0.0025,-0.127226,0.257481,63,342.27,26,138,84.89
TSLA,2026-08-14,2026-10-16,275.0,C,71.05,73.0,72.025,52.7532,0.872265,0.002786,-0.147131,0.297168,63,342.27,2,172,84.89
TSLA,2026-08-14,2026-10-16,280.0,C,66.95,68.4,67.675,50.9526,0.860954,0.003058,-0.150182,0.315031,63,342.27,90,153,84.89
TSLA,2026-08-14,2026-10-16,285.0,C,62.25,64.25,63.25,50.3362,0.843916,0.003344,-0.158608,0.340401,63,342.27,5,62,84.89
TSLA,2026-08-14,2026-10-16,290.0,C,58.5,59.75,59.125,48.5601,0.82994,0.003666,-0.161303,0.359917,63,342.27,37,168,84.89
TSLA,2026-08-14,2026-10-16,295.0,C,54.05,55.75,54.9,47.9253,0.810043,0.003981,-0.16906,0.385822,63,342.27,5,98,84.89
TSLA,2026-08-14,2026-10-16,300.0,C,50.3,51.65,50.975,46.8145,0.790398,0.004325,-0.17414,0.409359,63,342.27,35,537,84.89
TSLA,2026-08-14,2026-10-16,305.0,C,46.45,47.85,47.15,46.1797,0.767335,0.004654,-0.180905,0.434564,63,342.27,32,564,84.89
TSLA,2026-08-14,2026-10-16,310.0,C,42.85,44.15,43.5,45.5053,0.742827,0.004984,-0.186801,0.458636,63,342.27,113,2018,84.89
TSLA,2026-08-14,2026-10-16,315.0,C,39.6,40.85,40.225,45.3924,0.715116,0.005259,-0.194427,0.482668,63,342.27,6,443,84.89
TSLA,2026-08-14,2026-10-16,320.0,C,36.3,37.35,36.825,44.5989,0.687999,0.005578,-0.198026,0.503067,63,342.27,176,1353,84.89
TSLA,2026-08-14,2026-10-16,325.0,C,33.45,33.9,33.675,43.6529,0.659591,0.005906,-0.199923,0.521267,63,342.27,311,1121,84.89
TSLA,2026-08-14,2026-10-16,330.0,C,30.45,30.9,30.675,43.2867,0.628697,0.006141,-0.203225,0.537506,63,342.27,302,2150,84.89
TSLA,2026-08-14,2026-10-16,335.0,C,27.5,28.3,27.9,43.3538,0.596649,0.00628,-0.20716,0.550557,63,342.27,261,2782,84.89
TSLA,2026-08-14,2026-10-16,340.0,C,25.25,25.85,25.55,43.3935,0.564523,0.006381,-0.209675,0.559851,63,342.27,518,1629,84.89
TSLA,2026-08-14,2026-10-16,345.0,C,22.85,23.4,23.125,43.1524,0.532247,0.00648,-0.20965,0.565433,63,342.27,406,760,84.89
TSLA,2026-08-14,2026-10-16,350.0,C,20.65,21.0,20.825,42.7252,0.499554,0.006566,-0.207476,0.567287,63,342.27,1464,3817,84.89
TSLA,2026-08-14,2026-10-16,355.0,C,18.65,19.0,18.825,42.7221,0.467702,0.006545,-0.205936,0.565427,63,342.27,1279,715,84.89
TSLA,2026-08-14,2026-10-16,360.0,C,16.9,17.15,17.025,42.7191,0.436491,0.006484,-0.203221,0.560083,63,342.27,1012,2872,84.89
TSLA,2026-08-14,2026-10-16,365.0,C,15.15,15.6,15.375,42.9998,0.407153,0.006347,-0.200806,0.551853,63,342.27,348,1484,84.89
TSLA,2026-08-14,2026-10-16,370.0,C,13.8,14.0,13.9,42.9419,0.377635,0.006224,-0.195788,0.540388,63,342.27,582,1570,84.89
TSLA,2026-08-14,2026-10-16,375.0,C,12.2,12.6,12.4,43.0151,0.349758,0.006054,-0.190564,0.526566,63,342.27,805,1724,84.89
TSLA,2026-08-14,2026-10-16,380.0,C,11.1,11.4,11.25,43.244,0.323941,0.005845,-0.185445,0.511105,63,342.27,977,3780,84.89
TSLA,2026-08-14,2026-10-16,385.0,C,9.95,10.25,10.1,43.3538,0.298864,0.00563,-0.179105,0.493562,63,342.27,533,891,84.89
TSLA,2026-08-14,2026-10-16,390.0,C,8.95,9.2,9.075,43.4515,0.275068,0.005401,-0.172211,0.474531,63,342.27,354,1511,84.89
TSLA,2026-08-14,2026-10-16,395.0,C,8.05,8.35,8.2,43.7811,0.254072,0.005148,-0.166284,0.455739,63,342.27,328,1581,84.89
TSLA,2026-08-14,2026-10-16,400.0,C,7.3,7.45,7.375,43.8055,0.23258,0.004905,-0.158329,0.434475,63,342.27,3118,8356,84.89
TSLA,2026-08-14,2026-10-16,405.0,C,6.55,6.8,6.675,44.2327,0.21501,0.004646,-0.1526,0.415499,63,342.27,73,505,84.89
TSLA,2026-08-14,2026-10-16,410.0,C,5.9,6.15,6.025,44.4952,0.197721,0.004394,-0.145822,0.395359,63,342.27,130,1820,84.89
TSLA,2026-08-14,2026-10-16,415.0,C,5.35,5.65,5.5,44.9957,0.183233,0.004147,-0.140497,0.377307,63,342.27,41,676,84.89
TSLA,2026-08-14,2026-10-16,420.0,C,4.85,5.05,4.95,45.0689,0.167197,0.003907,-0.132606,0.356011,63,342.27,412,2304,84.89
TSLA,2026-08-14,2026-10-16,425.0,C,4.4,4.6,4.5,45.4229,0.154095,0.003675,-0.126538,0.337531,63,342.27,477,2037,84.89
TSLA,2026-08-14,2026-10-16,430.0,C,4.0,4.2,4.1,45.7891,0.14212,0.003453,-0.120681,0.319741,63,342.27,455,7421,84.89
TSLA,2026-08-14,2026-10-16,435.0,C,3.65,3.85,3.75,46.198,0.131377,0.003244,-0.115249,0.303011,63,342.27,155,1330,84.89
TSLA,2026-08-14,2026-10-16,440.0,C,3.35,3.5,3.425,46.4849,0.120802,0.003041,-0.109256,0.285791,63,342.27,227,1171,84.89
TSLA,2026-08-14,2026-10-16,445.0,C,3.05,3.2,3.125,46.8389,0.111472,0.00285,-0.103875,0.269941,63,342.27,80,1455,84.89
TSLA,2026-08-14,2026-10-16,450.0,C,2.83,2.9,2.865,47.0708,0.102237,0.002665,-0.097983,0.253611,63,342.27,682,5724,84.89
TSLA,2026-08-14,2026-10-16,455.0,C,2.57,2.74,2.655,47.7666,0.096247,0.002512,-0.095041,0.242658,63,342.27,143,360,84.89
TSLA,2026-08-14,2026-10-16,460.0,C,2.37,2.53,2.45,48.1817,0.08933,0.002357,-0.090644,0.229637,63,342.27,68,1865,84.89
TSLA,2026-08-14,2026-10-16,465.0,C,2.21,2.34,2.275,48.5967,0.08299,0.002212,-0.086455,0.217332,63,342.27,251,1059,84.89
TSLA,2026-08-14,2026-10-16,470.0,C,2.05,2.17,2.11,49.0301,0.077266,0.002077,-0.082573,0.205902,63,342.27,50,1987,84.89
TSLA,2026-08-14,2026-10-16,475.0,C,1.91,2.02,1.965,49.4878,0.07213,0.001952,-0.079023,0.195371,63,342.27,54,1814,84.89
TSLA,2026-08-14,2026-10-16,480.0,C,1.77,1.91,1.84,50.0859,0.068043,0.001844,-0.076413,0.186798,63,342.27,218,1177,84.89
TSLA,2026-08-14,2026-10-16,485.0,C,1.61,1.84,1.725,50.1958,0.062208,0.001717,-0.071391,0.174243,63,342.27,5,164,84.89
TSLA,2026-08-14,2026-10-16,490.0,C,1.51,1.73,1.62,50.6841,0.058395,0.001618,-0.06856,0.165827,63,342.27,9,469,84.89
TSLA,2026-08-14,2026-10-16,495.0,C,1.41,1.63,1.52,51.1602,0.054845,0.001526,-0.065827,0.15783,63,342.27,24,358,84.89
TSLA,2026-08-14,2026-10-16,500.0,C,1.4,1.44,1.42,51.563,0.051304,0.001436,-0.06289,0.149694,63,342.27,722,5791,84.89
TSLA,2026-08-14,2026-10-16,505.0,C,1.29,1.46,1.375,52.3076,0.049286,0.001371,-0.061753,0.144982,63,342.27,1,252,84.89
TSLA,2026-08-14,2026-10-16,510.0,C,1.18,1.39,1.285,52.686,0.046149,0.001291,-0.058979,0.137544,63,342.27,3,516,84.89
TSLA,2026-08-14,2026-10-16,515.0,C,1.11,1.33,1.22,53.1987,0.043707,0.001224,-0.056975,0.131655,63,342.27,1,370,84.89
TSLA,2026-08-14,2026-10-16,520.0,C,1.09,1.23,1.16,53.7236,0.041493,0.001162,-0.055142,0.126235,63,342.27,3,2480,84.89
TSLA,2026-08-14,2026-10-16,525.0,C,1.04,1.17,1.105,54.2363,0.039409,0.001104,-0.053363,0.121064,63,342.27,15,297,84.89
TSLA,2026-08-14,2026-10-16,530.0,C,0.95,1.13,1.04,54.6269,0.037118,0.001044,-0.051163,0.115291,63,342.27,2,397,84.89
TSLA,2026-08-14,2026-10-16,535.0,C,0.91,1.11,1.01,55.2983,0.035805,0.001001,-0.050267,0.111945,63,342.27,2,310,84.89
TSLA,2026-08-14,2026-10-16,540.0,C,0.86,1.06,0.96,55.75,0.033979,0.000951,-0.048526,0.107236,63,342.27,6,468,84.89
TSLA,2026-08-14,2026-10-16,545.0,C,0.81,1.02,0.915,56.2138,0.032318,0.000905,-0.046933,0.102898,63,342.27,2,301,84.89
TSLA,2026-08-14,2026-10-16,550.0,C,0.82,0.93,0.875,56.6899,0.030807,0.000863,-0.045478,0.098907,63,342.27,13,2482,84.89
TSLA,2026-08-14,2026-10-16,555.0,C,0.74,0.94,0.84,57.2026,0.029495,0.000825,-0.044247,0.095401,63,342.27,1,13,84.89
TSLA,2026-08-14,2026-10-16,560.0,C,0.72,0.91,0.815,57.7885,0.028452,0.000792,-0.043367,0.092587,63,342.27,1,878,84.89
TSLA,2026-08-14,2026-10-16,570.0,C,0.68,0.83,0.755,58.7895,0.026191,0.000727,-0.041148,0.08641,63,342.27,57,255,84.89
TSLA,2026-08-14,2026-10-16,580.0,C,0.6,0.78,0.69,59.6195,0.023865,0.000663,-0.038577,0.079929,63,342.27,3,369,84.89
TSLA,2026-08-14,2026-10-16,590.0,C,0.6,0.7,0.65,60.6693,0.022269,0.000615,-0.037011,0.075401,63,342.27,2,252,84.89
TSLA,2026-08-14,2026-10-16,600.0,C,0.59,0.65,0.62,61.768,0.020964,0.000574,-0.035788,0.071651,63,342.27,75,3698,84.89
TSLA,2026-08-14,2026-10-16,610.0,C,0.48,0.65,0.565,62.4515,0.019093,0.000524,-0.03341,0.066188,63,342.27,91,293,84.89
TSLA,2026-08-14,2026-10-16,620.0,C,0.45,0.61,0.53,63.3549,0.017805,0.000487,-0.031922,0.062366,63,342.27,10,199,84.89
TSLA,2026-08-14,2026-10-16,630.0,C,0.44,0.55,0.495,64.1849,0.016555,0.000452,-0.030377,0.058605,63,342.27,1,1797,84.89
TSLA,2026-08-14,2026-10-16,640.0,C,0.39,0.55,0.47,65.1127,0.015589,0.000423,-0.029258,0.055663,63,342.27,84,300,84.89
TSLA,2026-08-14,2026-10-16,650.0,C,0.38,0.51,0.445,65.9916,0.014666,0.000396,-0.028125,0.052817,63,342.27,1,459,84.89
TSLA,2026-08-14,2026-10-16,660.0,C,0.34,0.45,0.395,66.3089,0.013119,0.000358,-0.025663,0.047976,63,342.27,6,114,84.89
TSLA,2026-08-14,2026-10-16,670.0,C,0.36,0.44,0.4,67.6761,0.013019,0.000348,-0.02601,0.047661,63,342.27,6,1365,84.89
TSLA,2026-08-14,2026-10-16,680.0,C,0.34,0.42,0.38,68.4818,0.012282,0.000327,-0.025017,0.045316,63,342.27,2,1507,84.89
TSLA,2026-08-14,2026-10-16,690.0,C,0.29,0.42,0.355,69.1409,0.011457,0.000305,-0.023772,0.042664,63,342.27,7,268,84.89
TSLA,2026-08-14,2026-10-16,700.0,C,0.3,0.38,0.34,69.971,0.010897,0.000289,-0.023025,0.040844,63,342.27,53,1046,84.89
TSLA,2026-08-14,2026-10-16,710.0,C,0.26,0.36,0.31,70.3616,0.009953,0.000265,-0.02139,0.037743,63,342.27,1,288,84.89
TSLA,2026-08-14,2026-10-16,720.0,C,0.25,0.34,0.295,71.094,0.009426,0.00025,-0.020604,0.03599,63,342.27,1,158,84.89
TSLA,2026-08-14,2026-10-16,730.0,C,0.24,0.36,0.3,72.3636,0.009439,0.000246,-0.020993,0.036036,63,342.27,1,202,84.89
TSLA,2026-08-14,2026-10-16,740.0,C,0.22,0.31,0.265,72.4124,0.008393,0.000222,-0.018948,0.032511,63,342.27,1,80,84.89
TSLA,2026-08-14,2026-10-16,750.0,C,0.22,0.3,0.26,73.3401,0.008168,0.000214,-0.018734,0.031743,63,342.27,1,245,84.89
TSLA,2026-08-14,2026-10-16,760.0,C,0.2,0.29,0.245,73.8772,0.007658,0.000201,-0.017828,0.029995,63,342.27,1,292,84.89
TSLA,2026-08-14,2026-10-16,770.0,C,0.2,0.28,0.24,74.7561,0.007451,0.000194,-0.017605,0.029279,63,342.27,6,281,84.89
TSLA,2026-08-14,2026-10-16,780.0,C,0.19,0.27,0.23,75.3909,0.007087,0.000184,-0.016984,0.028014,63,342.27,1,141,84.89
TSLA,2026-08-14,2026-10-16,790.0,C,0.18,0.27,0.225,76.2209,0.006891,0.000177,-0.016748,0.027328,63,342.27,10,42,84.89
TSLA,2026-08-14,2026-10-16,800.0,C,0.19,0.26,0.225,77.1975,0.006814,0.000173,-0.016791,0.027057,63,342.27,34,4668,84.89
TSLA,2026-08-14,2026-10-16,810.0,C,0.16,0.25,0.205,77.3928,0.006235,0.00016,-0.015561,0.025016,63,342.27,3,857,84.89
TSLA,2026-08-14,2026-10-16,820.0,C,0.18,0.24,0.21,78.5158,0.006284,0.000159,-0.015893,0.025188,63,342.27,1,1436,84.89
TSLA,2026-08-14,2026-10-16,830.0,C,0.14,0.26,0.2,79.0529,0.005977,0.000151,-0.015304,0.024095,63,342.27,10,54,84.89
TSLA,2026-08-14,2026-10-16,840.0,C,0.14,0.22,0.18,79.1018,0.005414,0.000138,-0.014025,0.022069,63,342.27,1,119,84.89
TSLA,2026-08-14,2026-10-16,850.0,C,0.14,0.21,0.175,79.7854,0.005245,0.000133,-0.013751,0.021456,63,342.27,4,830,84.89
TSLA,2026-08-14,2026-10-16,860.0,C,0.12,0.24,0.18,80.8596,0.0053,0.000132,-0.014063,0.021655,63,342.27,1,68,84.89
TSLA,2026-08-14,2026-10-16,870.0,C,0.13,0.2,0.165,81.0549,0.004897,0.000123,-0.013138,0.020185,63,342.27,2,679,84.89
TSLA,2026-08-14,2026-10-16,880.0,C,0.12,0.19,0.155,81.3478,0.004576,0.000116,-0.012411,0.019001,63,342.27,10,525,84.89
TSLA,2026-08-14,2026-10-16,890.0,C,0.12,0.18,0.15,81.9338,0.004417,0.000111,-0.012109,0.018408,63,342.27,1,216,84.89
TSLA,2026-08-14,2026-10-16,900.0,C,0.13,0.17,0.15,82.8127,0.004403,0.00011,-0.012203,0.018357,63,342.27,41,2990,84.89
TSLA,2026-08-14,2026-10-16,50.0,P,0.01,0.08,0.045,158.594,-0.00056,9e-06,-0.003508,0.002806,63,342.27,217,5565,84.89
TSLA,2026-08-14,2026-10-16,55.0,P,0.01,0.11,0.06,154.6877,-0.000746,1.2e-05,-0.00446,0.003658,63,342.27,1337,4609,84.89
TSLA,2026-08-14,2026-10-16,60.0,P,0.0,0.08,0.04,142.1878,-0.000569,1e-05,-0.003192,0.00285,63,342.27,9,2884,84.89
TSLA,2026-08-14,2026-10-16,65.0,P,0.0,0.08,0.04,135.1566,-0.000576,1.1e-05,-0.003066,0.00288,63,342.27,9,659,84.89
TSLA,2026-08-14,2026-10-16,70.0,P,0.0,0.08,0.04,129.6879,-0.000626,1.2e-05,-0.003175,0.003109,63,342.27,12,1370,84.89
TSLA,2026-08-14,2026-10-16,75.0,P,0.0,0.38,0.19,145.3128,-0.002349,3.5e-05,-0.01193,0.01043,63,342.27,1070,815,84.89
TSLA,2026-08-14,2026-10-16,80.0,P,0.0,0.19,0.095,129.1019,-0.001394,2.5e-05,-0.006594,0.006491,63,342.27,84,1140,84.89
TSLA,2026-08-14,2026-10-16,85.0,P,0.0,0.3,0.15,130.0785,-0.002121,3.6e-05,-0.00973,0.00951,63,342.27,131,207,84.89
TSLA,2026-08-14,2026-10-16,90.0,P,0.0,0.7,0.35,138.1839,-0.004333,6.5e-05,-0.019663,0.018096,63,342.27,1,459,84.89
TSLA,2026-08-14,2026-10-16,95.0,P,0.0,0.65,0.325,131.5433,-0.004266,6.7e-05,-0.018453,0.017846,63,342.27,196,190,84.89
TSLA,2026-08-14,2026-10-16,100.0,P,0.07,0.08,0.075,107.0317,-0.001333,2.9e-05,-0.00524,0.006231,63,342.27,212,1462,84.89
TSLA,2026-08-14,2026-10-16,105.0,P,0.02,0.78,0.4,125.0004,-0.005428,8.8e-05,-0.02172,0.02212,63,342.27,225,241,84.89
TSLA,2026-08-14,2026-10-16,110.0,P,0.03,0.16,0.095,101.563,-0.001771,3.9e-05,-0.006437,0.008073,63,342.27,34,314,84.89
TSLA,2026-08-14,2026-10-16,115.0,P,0.04,0.45,0.245,108.7895,-0.003986,7.6e-05,-0.01434,0.016794,63,342.27,13,73,84.89
TSLA,2026-08-14,2026-10-16,120.0,P,0.05,0.18,0.115,96.0938,-0.002249,5.2e-05,-0.00756,0.010028,63,342.27,4,1089,84.89
TSLA,2026-08-14,2026-10-16,125.0,P,0.06,0.18,0.12,92.9688,-0.00242,5.7e-05,-0.007811,0.010714,63,342.27,2,92,84.89
TSLA,2026-08-14,2026-10-16,130.0,P,0.08,0.17,0.125,89.8439,-0.002577,6.2e-05,-0.007987,0.011342,63,342.27,22,101,84.89
TSLA,2026-08-14,2026-10-16,135.0,P,0.09,0.17,0.13,86.9142,-0.002763,6.9e-05,-0.008225,0.012079,63,342.27,2,17,84.89
TSLA,2026-08-14,2026-10-16,140.0,P,0.1,0.19,0.145,84.7658,-0.003141,7.9e-05,-0.009,0.01356,63,342.27,13,103,84.89
TSLA,2026-08-14,2026-10-16,145.0,P,0.12,0.21,0.165,82.8127,-0.003606,9.2e-05,-0.009949,0.01535,63,342.27,62,156,84.89
TSLA,2026-08-14,2026-10-16,150.0,P,0.15,0.2,0.175,80.3713,-0.003945,0.000102,-0.010462,0.01664,63,342.27,2,1459,84.89
TSLA,2026-08-14,2026-10-16,155.0,P,0.13,0.26,0.195,78.4182,-0.004474,0.000117,-0.011417,0.018622,63,342.27,8,50,84.89
TSLA,2026-08-14,2026-10-16,160.0,P,0.15,0.25,0.2,75.6838,-0.004717,0.000128,-0.011544,0.01952,63,342.27,2,208,84.89
TSLA,2026-08-14,2026-10-16,165.0,P,0.2,0.29,0.245,74.7073,-0.005758,0.000154,-0.0136,0.023311,63,342.27,2,129,84.89
TSLA,2026-08-14,2026-10-16,170.0,P,0.2,0.31,0.255,72.2659,-0.006171,0.00017,-0.013979,0.024786,63,342.27,1,264,84.89
TSLA,2026-08-14,2026-10-16,175.0,P,0.2,0.28,0.24,68.9456,-0.006081,0.000176,-0.013156,0.024466,63,342.27,22,336,84.89
TSLA,2026-08-14,2026-10-16,180.0,P,0.21,0.35,0.28,67.6761,-0.007164,0.000207,-0.014917,0.028282,63,342.27,1,246,84.89
TSLA,2026-08-14,2026-10-16,185.0,P,0.22,0.37,0.295,65.4789,-0.007737,0.000229,-0.015433,0.030265,63,342.27,1,331,84.89
TSLA,2026-08-14,2026-10-16,190.0,P,0.3,0.39,0.345,64.2582,-0.009086,0.000268,-0.017429,0.034853,63,342.27,27,308,84.89
TSLA,2026-08-14,2026-10-16,195.0,P,0.3,0.41,0.355,61.9633,-0.009669,0.000294,-0.01773,0.0368,63,342.27,4,292,84.89
TSLA,2026-08-14,2026-10-16,200.0,P,0.35,0.4,0.375,59.9125,-0.010482,0.000326,-0.018379,0.039487,63,342.27,149,999,84.89
TSLA,2026-08-14,2026-10-16,205.0,P,0.3,0.44,0.37,57.3246,-0.010776,0.000349,-0.017996,0.040449,63,342.27,4,137,84.89
TSLA,2026-08-14,2026-10-16,210.0,P,0.37,0.48,0.425,56.0307,-0.012471,0.000405,-0.01995,0.045921,63,342.27,2,1088,84.89
TSLA,2026-08-14,2026-10-16,215.0,P,0.41,0.55,0.48,54.6391,-0.014266,0.000467,-0.021828,0.051576,63,342.27,3,517,84.89
TSLA,2026-08-14,2026-10-16,220.0,P,0.45,0.57,0.51,52.7348,-0.015542,0.000521,-0.022652,0.055519,63,342.27,37,988,84.89
TSLA,2026-08-14,2026-10-16,225.0,P,0.49,0.65,0.57,51.27,-0.017606,0.000596,-0.024474,0.061772,63,342.27,8,571,84.89
TSLA,2026-08-14,2026-10-16,230.0,P,0.6,0.73,0.665,50.2202,-0.020666,0.000697,-0.027439,0.070789,63,342.27,43,380,84.89
TSLA,2026-08-14,2026-10-16,235.0,P,0.66,0.79,0.725,49.3169,-0.024488,0.000819,-0.03105,0.081678,63,342.27,4,1244,84.89
TSLA,2026-08-14,2026-10-16,240.0,P,0.8,0.91,0.855,48.1817,-0.028375,0.000948,-0.03426,0.09238,63,342.27,11,2444,84.89
TSLA,2026-08-14,2026-10-16,245.0,P,0.91,1.08,0.995,47.3394,-0.033568,0.001109,-0.038628,0.106168,63,342.27,17,865,84.89
TSLA,2026-08-14,2026-10-16,250.0,P,1.07,1.19,1.13,45.8257,-0.037642,0.001259,-0.041003,0.116621,63,342.27,61,3305,84.89
TSLA,2026-08-14,2026-10-16,255.0,P,1.26,1.4,1.33,44.9346,-0.044173,0.001461,-0.045698,0.132786,63,342.27,68,1435,84.89
TSLA,2026-08-14,2026-10-16,260.0,P,1.5,1.65,1.575,44.0924,-0.051847,0.001693,-0.050878,0.150953,63,342.27,70,4095,84.89
TSLA,2026-08-14,2026-10-16,265.0,P,1.8,1.95,1.875,43.3111,-0.060881,0.001956,-0.056607,0.171333,63,342.27,38,1287,84.89
TSLA,2026-08-14,2026-10-16,270.0,P,2.15,2.31,2.23,42.597,-0.071495,0.002253,-0.062915,0.194051,63,342.27,85,1796,84.89
TSLA,2026-08-14,2026-10-16,275.0,P,2.6,2.74,2.67,41.9378,-0.08384,0.002583,-0.069737,0.219003,63,342.27,306,3934,84.89
TSLA,2026-08-14,2026-10-16,280.0,P,3.1,3.3,3.2,41.5167,-0.098966,0.00295,-0.077873,0.247665,63,342.27,1195,10779,84.89
TSLA,2026-08-14,2026-10-16,285.0,P,3.75,3.95,3.85,41.1017,-0.116027,0.003342,-0.086222,0.277759,63,342.27,70,1813,84.89
TSLA,2026-08-14,2026-10-16,290.0,P,4.45,4.65,4.55,40.5401,-0.134357,0.003754,-0.093926,0.307728,63,342.27,145,3215,84.89
TSLA,2026-08-14,2026-10-16,295.0,P,5.3,5.5,5.4,40.119,-0.155454,0.004185,-0.1022,0.339495,63,342.27,54,3654,84.89
TSLA,2026-08-14,2026-10-16,300.0,P,6.35,6.5,6.425,39.7772,-0.179075,0.004624,-0.110603,0.371921,63,342.27,434,7358,84.89
TSLA,2026-08-14,2026-10-16,305.0,P,7.5,7.75,7.625,39.7162,-0.206143,0.005048,-0.119905,0.405356,63,342.27,377,2553,84.89
TSLA,2026-08-14,2026-10-16,310.0,P,8.8,9.1,8.95,39.527,-0.234534,0.005461,-0.127952,0.436496,63,342.27,147,3319,84.89
TSLA,2026-08-14,2026-10-16,315.0,P,10.3,10.6,10.45,39.3164,-0.264661,0.005855,-0.135071,0.465457,63,342.27,148,1886,84.89
TSLA,2026-08-14,2026-10-16,320.0,P,12.0,12.3,12.15,39.176,-0.296688,0.00621,-0.141507,0.491919,63,342.27,218,5596,84.89
TSLA,2026-08-14,2026-10-16,325.0,P,13.85,14.2,14.025,39.0875,-0.330216,0.006517,-0.147008,0.515102,63,342.27,147,3787,84.89
TSLA,2026-08-14,2026-10-16,330.0,P,15.9,16.25,16.075,38.9441,-0.364681,0.006786,-0.150972,0.534331,63,342.27,1106,10630,84.89
TSLA,2026-08-14,2026-10-16,335.0,P,18.15,18.5,18.325,38.8403,-0.400027,0.006995,-0.153727,0.54938,63,342.27,213,1417,84.89
TSLA,2026-08-14,2026-10-16,340.0,P,20.55,20.95,20.75,38.7701,-0.435864,0.007143,-0.155189,0.55994,63,342.27,393,3804,84.89
TSLA,2026-08-14,2026-10-16,345.0,P,23.15,23.55,23.35,38.6481,-0.47188,0.007241,-0.154966,0.565877,63,342.27,145,1182,84.89
TSLA,2026-08-14,2026-10-16,350.0,P,25.95,26.4,26.175,38.6542,-0.507595,0.007257,-0.153877,0.567184,63,342.27,409,3105,84.89
TSLA,2026-08-14,2026-10-16,355.0,P,28.9,29.4,29.15,38.6237,-0.542835,0.007222,-0.151252,0.564014,63,342.27,12,1118,84.89
TSLA,2026-08-14,2026-10-16,360.0,P,32.05,32.6,32.325,38.6542,-0.577092,0.007122,-0.14763,0.556662,63,342.27,32,4744,84.89
TSLA,2026-08-14,2026-10-16,365.0,P,35.25,35.9,35.575,38.5748,-0.610743,0.006991,-0.142306,0.545287,63,342.27,9,1102,84.89
TSLA,2026-08-14,2026-10-16,370.0,P,38.6,39.6,39.1,38.9655,-0.640901,0.006746,-0.138329,0.531526,63,342.27,10,1883,84.89
TSLA,2026-08-14,2026-10-16,375.0,P,42.2,43.35,42.775,39.2035,-0.67007,0.006496,-0.132785,0.514924,63,342.27,6,733,84.89
TSLA,2026-08-14,2026-10-16,380.0,P,46.0,47.0,46.5,38.9868,-0.700288,0.006269,-0.124077,0.494196,63,342.27,43,9581,84.89
TSLA,2026-08-14,2026-10-16,385.0,P,49.8,50.9,50.35,39.0204,-0.727501,0.005986,-0.116107,0.472334,63,342.27,39,1259,84.89
TSLA,2026-08-14,2026-10-16,390.0,P,53.9,55.0,54.45,39.2462,-0.751746,0.005673,-0.108808,0.45019,63,342.27,8,3488,84.89
TSLA,2026-08-14,2026-10-16,395.0,P,58.0,59.1,58.55,39.2493,-0.77579,0.005363,-0.099923,0.425619,63,342.27,16,2261,84.89
TSLA,2026-08-14,2026-10-16,400.0,P,62.25,63.35,62.8,39.3835,-0.797235,0.00504,-0.091636,0.401389,63,342.27,96,5488,84.89
TSLA,2026-08-14,2026-10-16,405.0,P,66.3,67.95,67.125,40.235,-0.811922,0.004713,-0.087656,0.383466,63,342.27,4,327,84.89
TSLA,2026-08-14,2026-10-16,410.0,P,70.7,72.25,71.475,40.1129,-0.831932,0.004404,-0.0778,0.357204,63,342.27,6,547,84.89
TSLA,2026-08-14,2026-10-16,415.0,P,75.15,76.8,75.975,40.5157,-0.846755,0.004105,-0.071251,0.336297,63,342.27,2,784,84.89
TSLA,2026-08-14,2026-10-16,420.0,P,79.7,81.4,80.55,40.9186,-0.860225,0.003821,-0.064856,0.316154,63,342.27,11,756,84.89
TSLA,2026-08-14,2026-10-16,425.0,P,84.3,85.95,85.125,40.9918,-0.874636,0.003539,-0.056654,0.293314,63,342.27,11,542,84.89
TSLA,2026-08-14,2026-10-16,430.0,P,88.9,90.65,89.775,41.4374,-0.885383,0.003286,-0.050942,0.275355,63,342.27,6,574,84.89
TSLA,2026-08-14,2026-10-16,435.0,P,93.45,95.5,94.475,42.3407,-0.89227,0.003077,-0.048174,0.263404,63,342.27,1,220,84.89
TSLA,2026-08-14,2026-10-16,440.0,P,98.15,100.2,99.175,42.5604,-0.902516,0.002846,-0.041572,0.244944,63,342.27,1,317,84.89
TSLA,2026-08-14,2026-10-16,445.0,P,102.9,105.0,103.95,43.0792,-0.910105,0.002649,-0.03697,0.230715,63,342.27,2,213,84.89
TSLA,2026-08-14,2026-10-16,450.0,P,107.7,109.8,108.75,43.4942,-0.917541,0.002459,-0.032009,0.216283,63,342.27,3,398,84.89
TSLA,2026-08-14,2026-10-16,455.0,P,111.7,116.65,114.175,52.332,-0.879282,0.0027,-0.076623,0.285652,63,342.27,16,18,84.89
TSLA,2026-08-14,2026-10-16,460.0,P,115.3,121.5,118.4,53.1865,-0.884643,0.002572,-0.074074,0.276618,63,342.27,3,54,84.89
TSLA,2026-08-14,2026-10-16,465.0,P,120.1,126.35,123.225,53.9861,-0.88984,0.002452,-0.071325,0.267662,63,342.27,3,24,84.89
TSLA,2026-08-14,2026-10-16,470.0,P,125.0,131.3,128.15,55.1213,-0.892968,0.002352,-0.070729,0.262172,63,342.27,1,19,84.89
TSLA,2026-08-14,2026-10-16,475.0,P,132.0,134.25,133.125,46.729,-0.940397,0.001783,-0.016596,0.168512,63,342.27,1,787,84.89
TSLA,2026-08-14,2026-10-16,480.0,P,134.8,141.1,137.95,56.9096,-0.900631,0.002159,-0.06698,0.248402,63,342.27,5,2,84.89
TSLA,2026-08-14,2026-10-16,485.0,P,139.75,146.0,142.875,57.7458,-0.904274,0.00207,-0.064934,0.241692,63,342.27,1,2,84.89
TSLA,2026-08-14,2026-10-16,490.0,P,145.6,150.6,148.1,57.227,-0.913628,0.001935,-0.05509,0.22394,63,342.27,19,0,84.89
TSLA,2026-08-14,2026-10-16,495.0,P,149.65,156.0,152.825,60.1811,-0.907439,0.001938,-0.065662,0.23577,63,342.27,1,0,84.89
TSLA,2026-08-14,2026-10-16,500.0,P,154.9,160.75,157.825,60.2665,-0.913567,0.001839,-0.05953,0.224058,63,342.27,3,0,84.89
TSLA,2026-08-14,2026-10-16,505.0,P,159.55,166.0,162.775,62.537,-0.9103,0.001822,-0.066272,0.230344,63,342.27,1,0,84.89
TSLA,2026-08-14,2026-10-16,510.0,P,164.5,171.0,167.75,63.6844,-0.911641,0.001769,-0.066523,0.227776,63,342.27,1,0,84.89
TSLA,2026-08-14,2026-10-16,515.0,P,169.5,175.95,172.725,64.6,-0.913772,0.001712,-0.065496,0.223661,63,342.27,1,0,84.89
TSLA,2026-08-14,2026-10-16,520.0,P,174.5,180.95,177.725,65.7108,-0.914985,0.001666,-0.065693,0.221301,63,342.27,4,0,84.89
TSLA,2026-08-14,2026-10-16,525.0,P,179.75,185.65,182.7,65.4056,-0.921465,0.001576,-0.057795,0.208462,63,342.27,3,0,84.89
TSLA,2026-08-14,2026-10-16,530.0,P,184.45,190.9,187.675,67.6639,-0.918079,0.001573,-0.06475,0.215221,63,342.27,2,0,84.89
TSLA,2026-08-14,2026-10-16,535.0,P,143.2,144.2,143.7,0.001,-1.0,0.0,0.053844,0.0,63,342.27,0,6,84.89
TSLA,2026-08-14,2026-10-16,540.0,P,216.05,224.25,220.15,123.0869,-0.733521,0.001877,-0.408898,0.467075,63,342.27,2,2,84.89
TSLA,2026-08-14,2026-10-16,545.0,P,199.45,205.9,202.675,70.8255,-0.921043,0.001462,-0.065216,0.209311,63,342.27,30,0,84.89
TSLA,2026-08-14,2026-10-16,550.0,P,204.75,210.6,207.675,70.3616,-0.927111,0.001384,-0.056858,0.196945,63,342.27,106,0,84.89
TSLA,2026-08-14,2026-10-16,560.0,P,214.45,220.9,217.675,73.8589,-0.923679,0.001366,-0.065532,0.203983,63,342.27,22,0,84.89
TSLA,2026-08-14,2026-10-16,570.0,P,224.45,230.9,227.675,75.8181,-0.925273,0.001309,-0.065685,0.20073,63,342.27,22,0,84.89
TSLA,2026-08-14,2026-10-16,580.0,P,234.45,240.9,237.675,77.7285,-0.926756,0.001258,-0.065788,0.197678,63,342.27,1,0,84.89
TSLA,2026-08-14,2026-10-16,590.0,P,244.45,250.9,247.675,79.59,-0.928149,0.00121,-0.065832,0.194792,63,342.27,1,0,84.89
TSLA,2026-08-14,2026-10-16,600.0,P,254.75,260.6,257.675,79.8098,-0.934209,0.001128,-0.056881,0.181997,63,342.27,1,0,84.89
TSLA,2026-08-14,2026-10-16,650.0,P,304.75,310.6,307.675,88.2325,-0.939307,0.000958,-0.056082,0.170919,63,342.27,17,0,84.89
TSLA,2026-08-14,2026-10-16,660.0,P,314.45,320.9,317.675,91.5284,-0.935733,0.000966,-0.065304,0.178716,63,342.27,2,0,84.89
TSLA,2026-08-14,2026-10-16,700.0,P,354.75,360.6,357.675,95.8374,-0.943159,0.000838,-0.054713,0.162347,63,342.27,0,0,84.89
TSLA,2026-08-14,2026-10-16,800.0,P,392.9,393.9,393.4,0.001,-1.0,0.0,0.080515,0.0,63,342.27,1,0,84.89
