symbol,quote_date,expiration,strike,option_type,bid,ask,mid,implied_volatility,delta,gamma,theta,vega,dte,underlying_price,volume,open_interest,iv_rank
TSLA,2026-08-26,2026-09-02,165.0,C,178.55,183.55,181.05,212.1098,0.99619,0.000112,-0.098824,0.005432,7,345.82,245,245,-0.37
TSLA,2026-08-26,2026-09-02,170.0,C,174.5,177.35,175.925,186.3282,0.998035,7e-05,-0.056863,0.002988,7,345.82,1,1,-0.37
TSLA,2026-08-26,2026-09-02,175.0,C,169.9,172.35,171.125,203.7114,0.994736,0.000155,-0.122962,0.007249,7,345.82,14,407,-0.37
TSLA,2026-08-26,2026-09-02,230.0,C,113.3,118.3,115.8,188.1348,0.95528,0.001047,-0.62845,0.045167,7,345.82,1,1,-0.37
TSLA,2026-08-26,2026-09-02,270.0,C,74.65,77.45,76.05,79.4924,0.989548,0.000728,-0.102222,0.013266,7,345.82,0,1,-0.37
TSLA,2026-08-26,2026-09-02,285.0,C,60.1,62.45,61.275,71.8265,0.977329,0.001565,-0.160236,0.025781,7,345.82,2,10,-0.37
TSLA,2026-08-26,2026-09-02,290.0,C,54.75,57.45,56.1,61.0355,0.98355,0.001402,-0.114287,0.01963,7,345.82,2,11,-0.37
TSLA,2026-08-26,2026-09-02,295.0,C,49.85,52.4,51.125,56.7875,0.980746,0.001724,-0.120177,0.022451,7,345.82,176,27,-0.37
TSLA,2026-08-26,2026-09-02,297.5,C,47.4,49.9,48.65,54.9809,0.978517,0.001954,-0.126033,0.024636,7,345.82,1,18,-0.37
TSLA,2026-08-26,2026-09-02,300.0,C,45.35,47.3,46.325,56.7387,0.96836,0.002617,-0.167177,0.034053,7,345.82,2,39,-0.37
TSLA,2026-08-26,2026-09-02,302.5,C,42.55,44.85,43.7,51.1724,0.973444,0.002508,-0.137215,0.02944,7,345.82,30,20,-0.37
TSLA,2026-08-26,2026-09-02,305.0,C,40.6,41.9,41.25,60.767,0.938595,0.004168,-0.280731,0.058092,7,345.82,109,9,-0.37
TSLA,2026-08-26,2026-09-02,307.5,C,37.85,39.75,38.8,62.0853,0.921784,0.004915,-0.338611,0.069992,7,345.82,80,5,-0.37
TSLA,2026-08-26,2026-09-02,310.0,C,35.85,36.8,36.325,53.3208,0.936661,0.004866,-0.255694,0.059513,7,345.82,108,11,-0.37
TSLA,2026-08-26,2026-09-02,312.5,C,33.55,34.25,33.9,49.6587,0.935481,0.005301,-0.243393,0.060373,7,345.82,104,5,-0.37
TSLA,2026-08-26,2026-09-02,315.0,C,31.15,31.8,31.475,47.2906,0.929068,0.005989,-0.248694,0.064959,7,345.82,106,29,-0.37
TSLA,2026-08-26,2026-09-02,317.5,C,28.8,30.8,29.8,58.7284,0.864314,0.007746,-0.464832,0.104342,7,345.82,54,23,-0.37
TSLA,2026-08-26,2026-09-02,320.0,C,26.5,27.15,26.825,44.9468,0.901326,0.008074,-0.295987,0.083231,7,345.82,55,52,-0.37
TSLA,2026-08-26,2026-09-02,322.5,C,24.2,26.15,25.175,54.1142,0.836093,0.009537,-0.484149,0.11837,7,345.82,1,35,-0.37
TSLA,2026-08-26,2026-09-02,325.0,C,22.0,23.9,22.95,52.1001,0.817661,0.010602,-0.497653,0.126686,7,345.82,25,17,-0.37
TSLA,2026-08-26,2026-09-02,330.0,C,17.8,18.3,18.05,40.2472,0.810759,0.014044,-0.399202,0.12964,7,345.82,23,46,-0.37
TSLA,2026-08-26,2026-09-02,332.5,C,15.85,16.3,16.075,39.5514,0.775603,0.01581,-0.430645,0.143412,7,345.82,19,13,-0.37
TSLA,2026-08-26,2026-09-02,335.0,C,14.0,14.4,14.2,38.9471,0.735474,0.017545,-0.460271,0.156721,7,345.82,61,69,-0.37
TSLA,2026-08-26,2026-09-02,337.5,C,12.3,12.8,12.55,39.4415,0.68656,0.018767,-0.50101,0.169765,7,345.82,23,67,-0.37
TSLA,2026-08-26,2026-09-02,340.0,C,10.7,11.05,10.875,38.5016,0.639925,0.020291,-0.514057,0.179181,7,345.82,132,717,-0.37
TSLA,2026-08-26,2026-09-02,342.5,C,9.2,9.55,9.375,38.2697,0.587794,0.021238,-0.529186,0.186412,7,345.82,394,40,-0.37
TSLA,2026-08-26,2026-09-02,345.0,C,7.9,8.4,8.15,39.1364,0.533455,0.02121,-0.550052,0.190385,7,345.82,1926,455,-0.37
TSLA,2026-08-26,2026-09-02,347.5,C,6.85,7.0,6.925,38.1537,0.479301,0.021804,-0.536068,0.1908,7,345.82,858,84,-0.37
TSLA,2026-08-26,2026-09-02,350.0,C,5.8,6.4,6.1,40.5157,0.431142,0.020253,-0.559127,0.188204,7,345.82,3460,563,-0.37
TSLA,2026-08-26,2026-09-02,352.5,C,4.9,5.0,4.95,38.2819,0.374094,0.020667,-0.508804,0.181461,7,345.82,712,388,-0.37
TSLA,2026-08-26,2026-09-02,355.0,C,4.1,4.2,4.15,38.4772,0.325721,0.01955,-0.485158,0.172523,7,345.82,1681,811,-0.37
TSLA,2026-08-26,2026-09-02,357.5,C,3.4,3.5,3.45,38.6359,0.280673,0.018214,-0.454911,0.161399,7,345.82,244,335,-0.37
TSLA,2026-08-26,2026-09-02,360.0,C,2.82,3.1,2.96,40.0275,0.246839,0.016465,-0.440528,0.151157,7,345.82,1725,1069,-0.37
TSLA,2026-08-26,2026-09-02,362.5,C,2.34,2.43,2.385,39.2706,0.20441,0.015082,-0.387963,0.135837,7,345.82,487,445,-0.37
TSLA,2026-08-26,2026-09-02,365.0,C,1.93,2.18,2.055,40.7965,0.180186,0.013439,-0.372543,0.125747,7,345.82,736,438,-0.37
TSLA,2026-08-26,2026-09-02,367.5,C,1.6,1.68,1.64,40.0763,0.145692,0.011913,-0.318418,0.109504,7,345.82,151,249,-0.37
TSLA,2026-08-26,2026-09-02,370.0,C,1.33,1.38,1.355,40.3815,0.121418,0.01043,-0.282752,0.096596,7,345.82,781,1125,-0.37
TSLA,2026-08-26,2026-09-02,372.5,C,1.1,1.3,1.2,42.3468,0.110119,0.009279,-0.27634,0.090122,7,345.82,283,217,-0.37
TSLA,2026-08-26,2026-09-02,375.0,C,0.91,0.95,0.93,41.2848,0.084424,0.00783,-0.221518,0.074143,7,345.82,1106,725,-0.37
TSLA,2026-08-26,2026-09-02,377.5,C,0.76,0.8,0.78,41.9195,0.070961,0.006759,-0.196985,0.06498,7,345.82,110,162,-0.37
TSLA,2026-08-26,2026-09-02,380.0,C,0.64,0.67,0.655,42.481,0.059299,0.005802,-0.173543,0.056526,7,345.82,300,659,-0.37
TSLA,2026-08-26,2026-09-02,382.5,C,0.53,0.59,0.56,43.5064,0.05141,0.005061,-0.158683,0.050499,7,345.82,165,196,-0.37
TSLA,2026-08-26,2026-09-02,385.0,C,0.46,0.49,0.475,43.9459,0.042584,0.004308,-0.137739,0.043417,7,345.82,187,191,-0.37
TSLA,2026-08-26,2026-09-02,387.5,C,0.39,0.54,0.465,46.9244,0.043837,0.00413,-0.150465,0.044446,7,345.82,82,189,-0.37
TSLA,2026-08-26,2026-09-02,390.0,C,0.34,0.37,0.355,45.5572,0.031238,0.003225,-0.110714,0.033695,7,345.82,223,295,-0.37
TSLA,2026-08-26,2026-09-02,392.5,C,0.3,0.34,0.32,46.8267,0.028118,0.002875,-0.104239,0.030878,7,345.82,41,43,-0.37
TSLA,2026-08-26,2026-09-02,395.0,C,0.26,0.28,0.27,47.1197,0.023064,0.00242,-0.088822,0.026157,7,345.82,23,170,-0.37
TSLA,2026-08-26,2026-09-02,397.5,C,0.23,0.26,0.245,48.3404,0.020853,0.002167,-0.08366,0.024023,7,345.82,23,77,-0.37
TSLA,2026-08-26,2026-09-02,400.0,C,0.21,0.23,0.22,49.1704,0.018175,0.001895,-0.075694,0.021375,7,345.82,461,1642,-0.37
TSLA,2026-08-26,2026-09-02,402.5,C,0.19,0.21,0.2,50.1958,0.016239,0.001686,-0.070164,0.019415,7,345.82,4,174,-0.37
TSLA,2026-08-26,2026-09-02,405.0,C,0.17,0.19,0.18,50.7329,0.013789,0.00145,-0.0616,0.016869,7,345.82,4,108,-0.37
TSLA,2026-08-26,2026-09-02,407.5,C,0.15,0.17,0.16,51.4653,0.011998,0.001267,-0.055387,0.014956,7,345.82,5,28,-0.37
TSLA,2026-08-26,2026-09-02,410.0,C,0.14,0.16,0.15,52.6372,0.011032,0.001152,-0.052655,0.013905,7,345.82,19,234,-0.37
TSLA,2026-08-26,2026-09-02,412.5,C,0.13,0.15,0.14,53.7114,0.01007,0.001042,-0.049612,0.012842,7,345.82,71,75,-0.37
TSLA,2026-08-26,2026-09-02,415.0,C,0.12,0.14,0.13,54.7856,0.009228,0.000947,-0.046877,0.011899,7,345.82,3,95,-0.37
TSLA,2026-08-26,2026-09-02,417.5,C,0.11,0.13,0.12,55.6645,0.008291,0.000849,-0.043354,0.010833,7,345.82,2,8,-0.37
TSLA,2026-08-26,2026-09-02,420.0,C,0.11,0.12,0.115,56.8364,0.007746,0.000783,-0.041688,0.010204,7,345.82,55,310,-0.37
TSLA,2026-08-26,2026-09-02,422.5,C,0.1,0.12,0.11,58.0082,0.007262,0.000725,-0.040189,0.00964,7,345.82,1,25,-0.37
TSLA,2026-08-26,2026-09-02,425.0,C,0.09,0.11,0.1,58.7895,0.006515,0.00065,-0.037001,0.008759,7,345.82,13,50,-0.37
TSLA,2026-08-26,2026-09-02,427.5,C,0.09,0.11,0.1,60.2543,0.006371,0.000621,-0.037177,0.008588,7,345.82,7,2,-0.37
TSLA,2026-08-26,2026-09-02,430.0,C,0.09,0.17,0.13,63.7699,0.007871,0.000708,-0.047404,0.010348,7,345.82,3,270,-0.37
TSLA,2026-08-26,2026-09-02,432.5,C,0.08,0.1,0.09,62.3051,0.005529,0.00053,-0.03389,0.007573,7,345.82,1,1,-0.37
TSLA,2026-08-26,2026-09-02,435.0,C,0.08,0.09,0.085,63.2816,0.005143,0.000489,-0.032271,0.007101,7,345.82,2,8,-0.37
TSLA,2026-08-26,2026-09-02,440.0,C,0.07,0.08,0.075,65.0394,0.004381,0.000413,-0.028741,0.006155,7,345.82,450,58,-0.37
TSLA,2026-08-26,2026-09-02,445.0,C,0.06,0.08,0.07,67.1878,0.003955,0.000364,-0.027087,0.005616,7,345.82,1,40,-0.37
TSLA,2026-08-26,2026-09-02,450.0,C,0.06,0.2,0.13,75.0003,0.006632,0.000517,-0.047893,0.008898,7,345.82,2,13,-0.37
TSLA,2026-08-26,2026-09-02,455.0,C,0.02,0.19,0.105,75.7815,0.005305,0.00042,-0.039695,0.0073,7,345.82,4,51,-0.37
TSLA,2026-08-26,2026-09-02,460.0,C,0.02,0.09,0.055,73.0471,0.002865,0.000251,-0.022032,0.004204,7,345.82,3,40,-0.37
TSLA,2026-08-26,2026-09-02,465.0,C,0.02,0.19,0.105,80.8596,0.00491,0.000367,-0.039518,0.006813,7,345.82,8,6,-0.37
TSLA,2026-08-26,2026-09-02,470.0,C,0.01,0.19,0.1,83.008,0.004588,0.000337,-0.038186,0.006414,7,345.82,8,5,-0.37
TSLA,2026-08-26,2026-09-02,475.0,C,0.01,0.26,0.135,88.4767,0.005812,0.00039,-0.05022,0.007916,7,345.82,9,2,-0.37
TSLA,2026-08-26,2026-09-02,480.0,C,0.02,0.2,0.11,88.8673,0.004704,0.000322,-0.041791,0.006559,7,345.82,135,3,-0.37
TSLA,2026-08-26,2026-09-02,485.0,C,0.03,0.1,0.065,86.3283,0.00286,0.000212,-0.025972,0.004196,7,345.82,17,17,-0.37
TSLA,2026-08-26,2026-09-02,490.0,C,0.02,0.1,0.06,87.8907,0.002583,0.00019,-0.024122,0.003829,7,345.82,3,3,-0.37
TSLA,2026-08-26,2026-09-02,495.0,C,0.02,0.1,0.06,90.0392,0.002491,0.000179,-0.023909,0.003704,7,345.82,3,9,-0.37
TSLA,2026-08-26,2026-09-02,500.0,C,0.03,0.05,0.04,88.672,0.001666,0.000126,-0.016347,0.002572,7,345.82,125,418,-0.37
TSLA,2026-08-26,2026-09-02,505.0,C,0.02,0.1,0.06,94.5313,0.00239,0.000165,-0.024178,0.003569,7,345.82,4,5,-0.37
TSLA,2026-08-26,2026-09-02,510.0,C,0.01,0.1,0.055,95.7032,0.002121,0.000146,-0.02196,0.003202,7,345.82,1,17,-0.37
TSLA,2026-08-26,2026-09-02,515.0,C,0.01,0.1,0.055,97.8516,0.002079,0.00014,-0.022052,0.003145,7,345.82,1,42,-0.37
TSLA,2026-08-26,2026-09-02,520.0,C,0.01,0.05,0.03,94.5313,0.001163,8.5e-05,-0.012546,0.001852,7,345.82,6,7,-0.37
TSLA,2026-08-26,2026-09-02,525.0,C,0.0,0.05,0.025,94.5313,0.00091,6.8e-05,-0.010015,0.001479,7,345.82,10,9,-0.37
TSLA,2026-08-26,2026-09-02,530.0,C,0.01,0.05,0.03,98.4375,0.001112,7.9e-05,-0.012532,0.001777,7,345.82,1,11,-0.37
TSLA,2026-08-26,2026-09-02,535.0,C,0.02,0.05,0.035,101.563,0.001235,8.4e-05,-0.014235,0.001956,7,345.82,20,13,-0.37
TSLA,2026-08-26,2026-09-02,540.0,C,0.0,0.05,0.025,100.7817,0.00091,6.4e-05,-0.010673,0.001478,7,345.82,13,11,-0.37
TSLA,2026-08-26,2026-09-02,545.0,C,0.0,0.05,0.025,102.3442,0.000864,6e-05,-0.010332,0.001409,7,345.82,3,5,-0.37
TSLA,2026-08-26,2026-09-02,550.0,C,0.0,0.05,0.025,103.9067,0.000823,5.7e-05,-0.010032,0.001348,7,345.82,42,54,-0.37
TSLA,2026-08-26,2026-09-02,555.0,C,0.0,0.05,0.025,106.2505,0.000855,5.7e-05,-0.010623,0.001396,7,345.82,4,2,-0.37
TSLA,2026-08-26,2026-09-02,560.0,C,0.0,0.05,0.025,107.813,0.000819,5.4e-05,-0.010364,0.001342,7,345.82,8,24,-0.37
TSLA,2026-08-26,2026-09-02,565.0,C,0.0,0.05,0.025,109.3755,0.000787,5.2e-05,-0.010138,0.001294,7,345.82,5,3,-0.37
TSLA,2026-08-26,2026-09-02,570.0,C,0.0,0.05,0.025,111.7192,0.000822,5.3e-05,-0.010773,0.001347,7,345.82,3,6,-0.37
TSLA,2026-08-26,2026-09-02,575.0,C,0.0,0.05,0.025,113.2817,0.000794,5e-05,-0.010581,0.001304,7,345.82,5,23,-0.37
TSLA,2026-08-26,2026-09-02,580.0,C,0.0,0.05,0.025,114.8442,0.000769,4.8e-05,-0.010415,0.001266,7,345.82,7,14,-0.37
TSLA,2026-08-26,2026-09-02,585.0,C,0.0,0.05,0.025,116.4067,0.000747,4.6e-05,-0.010273,0.001232,7,345.82,6,4,-0.37
TSLA,2026-08-26,2026-09-02,590.0,C,0.0,0.05,0.025,117.9692,0.000727,4.4e-05,-0.010153,0.001202,7,345.82,9,12,-0.37
TSLA,2026-08-26,2026-09-02,600.0,C,0.0,0.05,0.025,121.8754,0.000746,4.4e-05,-0.010751,0.001232,7,345.82,17,26,-0.37
TSLA,2026-08-26,2026-09-02,610.0,C,0.0,0.05,0.025,125.0004,0.000717,4.1e-05,-0.010619,0.001187,7,345.82,4,7,-0.37
TSLA,2026-08-26,2026-09-02,620.0,C,0.0,0.05,0.025,128.1254,0.000693,3.9e-05,-0.010555,0.001151,7,345.82,2,15,-0.37
TSLA,2026-08-26,2026-09-02,630.0,C,0.0,0.05,0.025,131.2503,0.000675,3.7e-05,-0.010551,0.001123,7,345.82,140,29,-0.37
TSLA,2026-08-26,2026-09-02,160.0,P,0.0,0.03,0.015,167.1877,-0.000283,1.3e-05,-0.005974,0.000501,7,345.82,3,348,-0.37
TSLA,2026-08-26,2026-09-02,165.0,P,0.0,0.05,0.025,168.7502,-0.000508,2.2e-05,-0.010384,0.000863,7,345.82,79,22,-0.37
TSLA,2026-08-26,2026-09-02,170.0,P,0.0,0.05,0.025,161.7189,-0.000508,2.3e-05,-0.009962,0.000864,7,345.82,80,24,-0.37
TSLA,2026-08-26,2026-09-02,175.0,P,0.0,0.05,0.025,155.469,-0.000529,2.5e-05,-0.00994,0.000897,7,345.82,50,211,-0.37
TSLA,2026-08-26,2026-09-02,180.0,P,0.01,0.05,0.03,151.5627,-0.000643,3.1e-05,-0.011596,0.001073,7,345.82,60,206,-0.37
TSLA,2026-08-26,2026-09-02,185.0,P,0.0,0.05,0.025,143.7503,-0.000586,3e-05,-0.010104,0.000986,7,345.82,13,194,-0.37
TSLA,2026-08-26,2026-09-02,190.0,P,0.0,0.05,0.025,137.5003,-0.000589,3.1e-05,-0.009707,0.000991,7,345.82,188,58,-0.37
TSLA,2026-08-26,2026-09-02,195.0,P,0.0,0.05,0.025,132.0316,-0.000622,3.4e-05,-0.009797,0.001041,7,345.82,6,3,-0.37
TSLA,2026-08-26,2026-09-02,215.0,P,0.0,0.05,0.025,110.9379,-0.000749,4.9e-05,-0.009769,0.001236,7,345.82,0,30,-0.37
TSLA,2026-08-26,2026-09-02,220.0,P,0.0,0.1,0.05,113.2817,-0.001508,9e-05,-0.018951,0.002349,7,345.82,160,65,-0.37
TSLA,2026-08-26,2026-09-02,225.0,P,0.0,0.1,0.05,108.2036,-0.001599,0.0001,-0.019086,0.002477,7,345.82,0,8,-0.37
TSLA,2026-08-26,2026-09-02,230.0,P,0.0,0.1,0.05,103.1255,-0.001683,0.00011,-0.01906,0.002596,7,345.82,0,4,-0.37
TSLA,2026-08-26,2026-09-02,235.0,P,0.0,0.1,0.05,98.0469,-0.001759,0.00012,-0.018861,0.002702,7,345.82,3,63,-0.37
TSLA,2026-08-26,2026-09-02,240.0,P,0.0,0.04,0.02,85.1564,-0.000782,6.6e-05,-0.007798,0.001287,7,345.82,4,80,-0.37
TSLA,2026-08-26,2026-09-02,245.0,P,0.0,0.1,0.05,88.2814,-0.00195,0.000147,-0.018644,0.002968,7,345.82,1,13,-0.37
TSLA,2026-08-26,2026-09-02,250.0,P,0.01,0.1,0.055,84.3752,-0.002247,0.000174,-0.020255,0.003374,7,345.82,24,162,-0.37
TSLA,2026-08-26,2026-09-02,255.0,P,0.01,0.1,0.055,79.6877,-0.002384,0.000195,-0.020182,0.003561,7,345.82,54,82,-0.37
TSLA,2026-08-26,2026-09-02,260.0,P,0.02,0.1,0.06,75.9768,-0.0028,0.000236,-0.022246,0.004118,7,345.82,20,100,-0.37
TSLA,2026-08-26,2026-09-02,265.0,P,0.02,0.08,0.05,69.9222,-0.002518,0.000233,-0.018594,0.003741,7,345.82,51,15,-0.37
TSLA,2026-08-26,2026-09-02,270.0,P,0.05,0.1,0.075,68.555,-0.003886,0.000352,-0.026931,0.005528,7,345.82,2,41,-0.37
TSLA,2026-08-26,2026-09-02,275.0,P,0.04,0.17,0.105,66.6996,-0.005628,0.000503,-0.036452,0.007694,7,345.82,1,16,-0.37
TSLA,2026-08-26,2026-09-02,280.0,P,0.04,0.15,0.095,61.3285,-0.005595,0.000544,-0.033326,0.007654,7,345.82,3,90,-0.37
TSLA,2026-08-26,2026-09-02,285.0,P,0.05,0.11,0.08,55.4692,-0.005149,0.000559,-0.027977,0.007108,7,345.82,5,8,-0.37
TSLA,2026-08-26,2026-09-02,290.0,P,0.1,0.13,0.115,53.5161,-0.00772,0.000829,-0.038611,0.010173,7,345.82,41,47,-0.37
TSLA,2026-08-26,2026-09-02,295.0,P,0.13,0.15,0.14,50.2935,-0.009981,0.001105,-0.045421,0.012743,7,345.82,46,22,-0.37
TSLA,2026-08-26,2026-09-02,297.5,P,0.15,0.17,0.16,49.4146,-0.01242,0.00136,-0.053948,0.015411,7,345.82,3,10,-0.37
TSLA,2026-08-26,2026-09-02,300.0,P,0.17,0.19,0.18,47.8521,-0.01431,0.001587,-0.059017,0.017416,7,345.82,85,182,-0.37
TSLA,2026-08-26,2026-09-02,302.5,P,0.08,0.22,0.15,46.5337,-0.017001,0.001892,-0.066504,0.020191,7,345.82,1,1,-0.37
TSLA,2026-08-26,2026-09-02,305.0,P,0.23,0.25,0.24,45.0689,-0.019938,0.002237,-0.073737,0.023127,7,345.82,24,403,-0.37
TSLA,2026-08-26,2026-09-02,307.5,P,0.26,0.3,0.28,43.9947,-0.024435,0.002721,-0.085414,0.027459,7,345.82,21,70,-0.37
TSLA,2026-08-26,2026-09-02,310.0,P,0.31,0.36,0.335,42.8717,-0.029826,0.003298,-0.09824,0.032429,7,345.82,28,448,-0.37
TSLA,2026-08-26,2026-09-02,312.5,P,0.41,0.43,0.42,41.7486,-0.036446,0.003995,-0.112769,0.038253,7,345.82,10,38,-0.37
TSLA,2026-08-26,2026-09-02,315.0,P,0.5,0.53,0.515,40.8697,-0.045508,0.004887,-0.13209,0.045806,7,345.82,82,313,-0.37
TSLA,2026-08-26,2026-09-02,317.5,P,0.63,0.66,0.645,40.0885,-0.057109,0.005969,-0.1551,0.054879,7,345.82,61,267,-0.37
TSLA,2026-08-26,2026-09-02,320.0,P,0.79,0.83,0.81,39.4293,-0.071958,0.007263,-0.182399,0.065679,7,345.82,285,165,-0.37
TSLA,2026-08-26,2026-09-02,322.5,P,1.0,1.04,1.02,38.7701,-0.090066,0.008751,-0.212258,0.077813,7,345.82,77,192,-0.37
TSLA,2026-08-26,2026-09-02,325.0,P,1.27,1.31,1.29,38.233,-0.112645,0.010446,-0.246102,0.091597,7,345.82,209,215,-0.37
TSLA,2026-08-26,2026-09-02,327.5,P,1.41,1.86,1.635,39.4537,-0.149989,0.012339,-0.309265,0.111656,7,345.82,96,74,-0.37
TSLA,2026-08-26,2026-09-02,330.0,P,2.02,2.09,2.055,37.525,-0.173435,0.014262,-0.322772,0.122748,7,345.82,413,362,-0.37
TSLA,2026-08-26,2026-09-02,332.5,P,2.31,2.6,2.455,37.1466,-0.210981,0.016245,-0.359625,0.1384,7,345.82,253,236,-0.37
TSLA,2026-08-26,2026-09-02,335.0,P,3.15,3.25,3.2,37.0246,-0.254817,0.018103,-0.397352,0.153725,7,345.82,640,205,-0.37
TSLA,2026-08-26,2026-09-02,337.5,P,3.9,4.0,3.95,36.8292,-0.302628,0.01979,-0.42883,0.167168,7,345.82,421,158,-0.37
TSLA,2026-08-26,2026-09-02,340.0,P,4.3,4.9,4.6,36.7926,-0.354769,0.021124,-0.455613,0.178253,7,345.82,799,305,-0.37
TSLA,2026-08-26,2026-09-02,342.5,P,5.8,5.9,5.85,36.6217,-0.409231,0.022155,-0.471936,0.18609,7,345.82,1650,261,-0.37
TSLA,2026-08-26,2026-09-02,345.0,P,6.95,7.05,7.0,36.5363,-0.465652,0.022715,-0.479827,0.190348,7,345.82,1616,384,-0.37
TSLA,2026-08-26,2026-09-02,347.5,P,8.25,8.55,8.4,37.525,-0.521395,0.022167,-0.492335,0.190782,7,345.82,592,149,-0.37
TSLA,2026-08-26,2026-09-02,350.0,P,9.65,10.0,9.825,37.6349,-0.575694,0.021735,-0.483254,0.187608,7,345.82,482,669,-0.37
TSLA,2026-08-26,2026-09-02,352.5,P,10.85,11.85,11.35,39.1608,-0.622716,0.020257,-0.486034,0.181945,7,345.82,32,337,-0.37
TSLA,2026-08-26,2026-09-02,355.0,P,12.55,13.55,13.05,39.3927,-0.670034,0.019196,-0.463259,0.173429,7,345.82,143,261,-0.37
TSLA,2026-08-26,2026-09-02,357.5,P,13.3,15.15,14.225,38.4772,-0.720207,0.018261,-0.416262,0.161154,7,345.82,36,236,-0.37
TSLA,2026-08-26,2026-09-02,360.0,P,16.25,17.25,16.75,39.8566,-0.754161,0.0165,-0.401346,0.150829,7,345.82,148,136,-0.37
TSLA,2026-08-26,2026-09-02,362.5,P,18.35,19.3,18.825,40.5279,-0.787748,0.014942,-0.372628,0.138887,7,345.82,50,114,-0.37
TSLA,2026-08-26,2026-09-02,365.0,P,19.3,21.55,20.425,42.1393,-0.811566,0.013378,-0.358691,0.129299,7,345.82,26,65,-0.37
TSLA,2026-08-26,2026-09-02,367.5,P,22.2,23.7,22.95,42.7252,-0.837963,0.01199,-0.326922,0.11749,7,345.82,15,11,-0.37
TSLA,2026-08-26,2026-09-02,370.0,P,24.8,25.75,25.275,42.0416,-0.868549,0.010588,-0.273663,0.102091,7,345.82,11,41,-0.37
TSLA,2026-08-26,2026-09-02,372.5,P,26.7,28.15,27.425,43.9337,-0.880892,0.009458,-0.265468,0.095298,7,345.82,1,12,-0.37
TSLA,2026-08-26,2026-09-02,375.0,P,29.15,30.5,29.825,45.191,-0.89468,0.00842,-0.247406,0.087274,7,345.82,2,50,-0.37
TSLA,2026-08-26,2026-09-02,380.0,P,33.5,35.45,34.475,49.7808,-0.906992,0.00698,-0.248114,0.079688,7,345.82,4,30,-0.37
TSLA,2026-08-26,2026-09-02,385.0,P,38.7,40.0,39.35,49.1216,-0.937397,0.005235,-0.17015,0.058973,7,345.82,17,37,-0.37
TSLA,2026-08-26,2026-09-02,387.5,P,40.2,43.65,41.925,64.2826,-0.889873,0.006113,-0.378371,0.090127,7,345.82,1,2,-0.37
TSLA,2026-08-26,2026-09-02,392.5,P,45.1,48.55,46.825,68.262,-0.900544,0.005347,-0.371849,0.083713,7,345.82,1,1,-0.37
TSLA,2026-08-26,2026-09-02,395.0,P,47.6,51.0,49.3,70.1541,-0.905371,0.005016,-0.367703,0.080711,7,345.82,0,1,-0.37
TSLA,2026-08-26,2026-09-02,400.0,P,53.05,55.75,54.4,72.0462,-0.919511,0.004329,-0.330366,0.071526,7,345.82,4,0,-0.37
TSLA,2026-08-26,2026-09-02,450.0,P,102.95,105.3,104.125,104.7368,-0.958904,0.001756,-0.271492,0.042185,7,345.82,0,0,-0.37
TSLA,2026-08-26,2026-09-02,600.0,P,252.75,255.6,254.175,195.2637,-0.971274,0.000702,-0.378694,0.031432,7,345.82,0,0,-0.37
TSLA,2026-08-26,2026-09-04,100.0,C,244.2,247.65,245.925,282.4222,0.998743,2.7e-05,-0.045439,0.002255,9,345.82,1,2,-0.37
TSLA,2026-08-26,2026-09-04,120.0,C,224.05,229.05,226.55,309.9612,0.992236,0.000127,-0.211439,0.011594,9,345.82,2,2,-0.37
TSLA,2026-08-26,2026-09-04,140.0,C,204.25,207.75,206.0,221.8754,0.997217,7.1e-05,-0.071268,0.004643,9,345.82,6,6,-0.37
TSLA,2026-08-26,2026-09-04,150.0,C,193.5,198.5,196.0,206.0552,0.996985,8.2e-05,-0.07217,0.004991,9,345.82,1,10,-0.37
TSLA,2026-08-26,2026-09-04,160.0,C,184.25,187.5,185.875,167.9689,0.998884,4.1e-05,-0.034986,0.002022,9,345.82,0,1,-0.37
TSLA,2026-08-26,2026-09-04,170.0,C,174.7,176.35,175.525,204.5903,0.991199,0.000215,-0.163945,0.012944,9,345.82,8,6,-0.37
TSLA,2026-08-26,2026-09-04,180.0,C,164.55,167.55,166.05,168.9455,0.995303,0.000149,-0.087704,0.007426,9,345.82,831,10,-0.37
TSLA,2026-08-26,2026-09-04,190.0,C,154.65,157.8,156.225,168.6525,0.991741,0.000246,-0.133564,0.012241,9,345.82,1,2,-0.37
TSLA,2026-08-26,2026-09-04,200.0,C,144.35,147.3,145.825,98.4375,0.999856,1e-05,-0.021851,0.000303,9,345.82,1,34,-0.37
TSLA,2026-08-26,2026-09-04,210.0,C,134.7,137.8,136.25,144.4339,0.989741,0.000347,-0.139571,0.014799,9,345.82,1,1,-0.37
TSLA,2026-08-26,2026-09-04,220.0,C,124.4,127.8,126.1,124.4144,0.992185,0.000318,-0.102524,0.01166,9,345.82,5,2,-0.37
TSLA,2026-08-26,2026-09-04,230.0,C,114.4,117.85,116.125,114.8442,0.990782,0.000398,-0.108882,0.013478,9,345.82,1,10,-0.37
TSLA,2026-08-26,2026-09-04,235.0,C,109.4,112.85,111.125,109.4731,0.990323,0.000436,-0.108911,0.014064,9,345.82,0,8,-0.37
TSLA,2026-08-26,2026-09-04,240.0,C,104.85,107.85,106.35,113.477,0.983989,0.00065,-0.160752,0.021748,9,345.82,545,550,-0.37
TSLA,2026-08-26,2026-09-04,245.0,C,99.45,102.9,101.175,101.27,0.987858,0.000574,-0.120697,0.017134,9,345.82,1,15,-0.37
TSLA,2026-08-26,2026-09-04,250.0,C,94.65,97.7,96.175,95.9961,0.987253,0.000631,-0.120092,0.017872,9,345.82,7,19,-0.37
TSLA,2026-08-26,2026-09-04,255.0,C,89.5,92.9,91.2,91.8946,0.985728,0.000727,-0.125821,0.019703,9,345.82,2,26,-0.37
TSLA,2026-08-26,2026-09-04,260.0,C,84.9,87.85,86.375,92.4317,0.979526,0.000984,-0.163229,0.02682,9,345.82,17,41,-0.37
TSLA,2026-08-26,2026-09-04,265.0,C,79.55,82.9,81.225,82.6174,0.983153,0.000932,-0.130419,0.022718,9,345.82,2,33,-0.37
TSLA,2026-08-26,2026-09-04,270.0,C,74.55,77.85,76.2,76.8069,0.982994,0.001011,-0.12437,0.022901,9,345.82,2,31,-0.37
TSLA,2026-08-26,2026-09-04,275.0,C,70.0,72.95,71.475,79.1506,0.972135,0.001489,-0.179556,0.03475,9,345.82,26,50,-0.37
TSLA,2026-08-26,2026-09-04,280.0,C,64.65,67.95,66.3,69.8245,0.976634,0.001456,-0.14375,0.029986,9,345.82,12,79,-0.37
TSLA,2026-08-26,2026-09-04,285.0,C,59.7,62.7,61.2,62.2562,0.979166,0.001483,-0.122173,0.027219,9,345.82,22,57,-0.37
TSLA,2026-08-26,2026-09-04,290.0,C,54.8,57.8,56.3,59.9613,0.972972,0.001916,-0.141163,0.033877,9,345.82,11,122,-0.37
TSLA,2026-08-26,2026-09-04,292.5,C,52.4,55.4,53.9,59.644,0.967444,0.002248,-0.159361,0.039534,9,345.82,2,2,-0.37
TSLA,2026-08-26,2026-09-04,295.0,C,50.6,52.6,51.6,60.7426,0.957611,0.002738,-0.193774,0.049049,9,345.82,23,156,-0.37
TSLA,2026-08-26,2026-09-04,300.0,C,45.65,47.65,46.65,56.2993,0.951771,0.003278,-0.198749,0.054416,9,345.82,2,443,-0.37
TSLA,2026-08-26,2026-09-04,305.0,C,41.25,42.15,41.7,51.7583,0.9449,0.003964,-0.202762,0.060495,9,345.82,4,372,-0.37
TSLA,2026-08-26,2026-09-04,307.5,C,38.55,39.85,39.2,56.5678,0.915716,0.005034,-0.291865,0.083966,9,345.82,66,1,-0.37
TSLA,2026-08-26,2026-09-04,310.0,C,36.4,37.15,36.775,51.6362,0.919293,0.005337,-0.261516,0.081269,9,345.82,96,897,-0.37
TSLA,2026-08-26,2026-09-04,312.5,C,34.0,34.85,34.425,50.7573,0.906985,0.006037,-0.282998,0.090363,9,345.82,49,16,-0.37
TSLA,2026-08-26,2026-09-04,315.0,C,31.7,32.55,32.125,49.6221,0.894095,0.00679,-0.301877,0.099357,9,345.82,65,730,-0.37
TSLA,2026-08-26,2026-09-04,317.5,C,29.45,30.3,29.875,48.6822,0.878558,0.007631,-0.32393,0.109545,9,345.82,15,49,-0.37
TSLA,2026-08-26,2026-09-04,320.0,C,27.3,27.95,27.625,46.729,0.865767,0.008523,-0.332335,0.117442,9,345.82,30,742,-0.37
TSLA,2026-08-26,2026-09-04,322.5,C,25.1,25.9,25.5,46.7168,0.841535,0.009531,-0.367572,0.131294,9,345.82,17,56,-0.37
TSLA,2026-08-26,2026-09-04,325.0,C,23.0,23.65,23.325,45.0201,0.822922,0.010623,-0.379124,0.14103,9,345.82,45,569,-0.37
TSLA,2026-08-26,2026-09-04,327.5,C,21.0,21.55,21.275,44.0069,0.798251,0.011777,-0.399373,0.152824,9,345.82,49,159,-0.37
TSLA,2026-08-26,2026-09-04,330.0,C,19.05,19.95,19.5,45.4473,0.759464,0.012612,-0.451304,0.169019,9,345.82,316,2116,-0.37
TSLA,2026-08-26,2026-09-04,332.5,C,17.4,17.6,17.5,42.3834,0.73798,0.01415,-0.440441,0.176843,9,345.82,35,62,-0.37
TSLA,2026-08-26,2026-09-04,335.0,C,15.6,16.35,15.975,44.605,0.692114,0.014522,-0.495893,0.191005,9,345.82,159,1104,-0.37
TSLA,2026-08-26,2026-09-04,337.5,C,13.95,14.7,14.325,44.306,0.654648,0.015319,-0.514088,0.20015,9,345.82,220,216,-0.37
TSLA,2026-08-26,2026-09-04,340.0,C,12.3,12.6,12.45,41.5411,0.620487,0.016872,-0.497435,0.206681,9,345.82,662,1006,-0.37
TSLA,2026-08-26,2026-09-04,342.5,C,10.95,11.1,11.025,41.1322,0.577593,0.017522,-0.504753,0.212528,9,345.82,2295,409,-0.37
TSLA,2026-08-26,2026-09-04,345.0,C,9.55,9.8,9.675,41.1505,0.533126,0.017791,-0.511237,0.215891,9,345.82,4090,1248,-0.37
TSLA,2026-08-26,2026-09-04,347.5,C,8.45,9.0,8.725,42.8961,0.490123,0.017121,-0.532377,0.216572,9,345.82,997,507,-0.37
TSLA,2026-08-26,2026-09-04,350.0,C,7.35,7.5,7.425,41.1139,0.444437,0.017695,-0.504832,0.214534,9,345.82,3938,2562,-0.37
TSLA,2026-08-26,2026-09-04,352.5,C,6.35,6.5,6.425,41.0711,0.401177,0.017336,-0.492469,0.209957,9,345.82,875,875,-0.37
TSLA,2026-08-26,2026-09-04,355.0,C,5.5,5.6,5.55,41.0284,0.359302,0.016781,-0.474789,0.203021,9,345.82,4271,1899,-0.37
TSLA,2026-08-26,2026-09-04,357.5,C,4.7,4.85,4.775,41.2604,0.320519,0.015972,-0.456191,0.194326,9,345.82,400,663,-0.37
TSLA,2026-08-26,2026-09-04,360.0,C,4.05,4.15,4.1,41.3092,0.283305,0.015091,-0.431409,0.183834,9,345.82,5064,4030,-0.37
TSLA,2026-08-26,2026-09-04,362.5,C,3.35,3.65,3.5,41.9928,0.252192,0.014,-0.41292,0.173361,9,345.82,324,1179,-0.37
TSLA,2026-08-26,2026-09-04,365.0,C,2.96,3.05,3.005,41.7486,0.218657,0.013015,-0.378984,0.160223,9,345.82,1376,2328,-0.37
TSLA,2026-08-26,2026-09-04,367.5,C,2.52,2.57,2.545,41.773,0.189347,0.011937,-0.347646,0.147048,9,345.82,250,571,-0.37
TSLA,2026-08-26,2026-09-04,370.0,C,2.15,2.2,2.175,42.1148,0.164744,0.010843,-0.320636,0.134663,9,345.82,2189,4832,-0.37
TSLA,2026-08-26,2026-09-04,372.5,C,1.83,1.87,1.85,42.3834,0.142371,0.009781,-0.292667,0.12225,9,345.82,234,301,-0.37
TSLA,2026-08-26,2026-09-04,375.0,C,1.56,1.59,1.575,42.6764,0.12267,0.008767,-0.265715,0.110322,9,345.82,1422,1959,-0.37
TSLA,2026-08-26,2026-09-04,377.5,C,1.32,1.36,1.34,43.0792,0.105929,0.007823,-0.241416,0.099373,9,345.82,142,479,-0.37
TSLA,2026-08-26,2026-09-04,380.0,C,1.13,1.17,1.15,43.5553,0.091661,0.00696,-0.219401,0.089388,9,345.82,2267,2831,-0.37
TSLA,2026-08-26,2026-09-04,382.5,C,0.97,1.12,1.045,45.2154,0.085104,0.006343,-0.215337,0.084578,9,345.82,233,373,-0.37
TSLA,2026-08-26,2026-09-04,385.0,C,0.83,0.87,0.85,44.5318,0.068529,0.005462,-0.179779,0.071728,9,345.82,455,1553,-0.37
TSLA,2026-08-26,2026-09-04,387.5,C,0.72,0.76,0.74,45.1422,0.059724,0.004842,-0.163671,0.064455,9,345.82,128,199,-0.37
TSLA,2026-08-26,2026-09-04,390.0,C,0.63,0.66,0.645,45.6793,0.051805,0.004277,-0.147956,0.057609,9,345.82,900,3086,-0.37
TSLA,2026-08-26,2026-09-04,392.5,C,0.55,0.58,0.565,46.314,0.045307,0.00379,-0.134703,0.051755,9,345.82,75,610,-0.37
TSLA,2026-08-26,2026-09-04,395.0,C,0.49,0.51,0.5,46.9244,0.039598,0.003354,-0.122337,0.046412,9,345.82,356,991,-0.37
TSLA,2026-08-26,2026-09-04,397.5,C,0.43,0.46,0.445,47.7544,0.035326,0.003002,-0.113371,0.042281,9,345.82,38,218,-0.37
TSLA,2026-08-26,2026-09-04,400.0,C,0.39,0.41,0.4,48.438,0.031192,0.002672,-0.10375,0.038161,9,345.82,1479,5570,-0.37
TSLA,2026-08-26,2026-09-04,402.5,C,0.35,0.37,0.36,49.2193,0.02785,0.002393,-0.095923,0.034734,9,345.82,4,73,-0.37
TSLA,2026-08-26,2026-09-04,405.0,C,0.32,0.34,0.33,50.147,0.025282,0.002166,-0.090111,0.032037,9,345.82,276,895,-0.37
TSLA,2026-08-26,2026-09-04,407.5,C,0.29,0.31,0.3,50.6841,0.022166,0.001919,-0.081518,0.028683,9,345.82,8,66,-0.37
TSLA,2026-08-26,2026-09-04,410.0,C,0.26,0.28,0.27,51.3677,0.01975,0.001717,-0.074908,0.026014,9,345.82,140,1258,-0.37
TSLA,2026-08-26,2026-09-04,412.5,C,0.24,0.26,0.25,52.2466,0.017996,0.00156,-0.070372,0.024034,9,345.82,23,94,-0.37
TSLA,2026-08-26,2026-09-04,415.0,C,0.22,0.24,0.23,53.0766,0.016363,0.001416,-0.065892,0.022158,9,345.82,145,550,-0.37
TSLA,2026-08-26,2026-09-04,417.5,C,0.2,0.25,0.225,54.395,0.015701,0.001333,-0.065163,0.021387,9,345.82,5,55,-0.37
TSLA,2026-08-26,2026-09-04,420.0,C,0.2,0.21,0.205,55.0786,0.014146,0.001204,-0.060313,0.019554,9,345.82,199,1105,-0.37
TSLA,2026-08-26,2026-09-04,422.5,C,0.18,0.2,0.19,55.8598,0.012908,0.001097,-0.056505,0.018067,9,345.82,15,55,-0.37
TSLA,2026-08-26,2026-09-04,425.0,C,0.17,0.19,0.18,56.8364,0.012059,0.001016,-0.054191,0.017033,9,345.82,87,392,-0.37
TSLA,2026-08-26,2026-09-04,427.5,C,0.15,0.18,0.165,57.52,0.010944,0.000923,-0.050401,0.015656,9,345.82,29,28,-0.37
TSLA,2026-08-26,2026-09-04,430.0,C,0.15,0.17,0.16,58.5942,0.010389,0.000866,-0.049059,0.014963,9,345.82,14,807,-0.37
TSLA,2026-08-26,2026-09-04,432.5,C,0.14,0.16,0.15,59.3754,0.009577,0.000796,-0.046295,0.013936,9,345.82,11,78,-0.37
TSLA,2026-08-26,2026-09-04,435.0,C,0.13,0.15,0.14,60.1566,0.008848,0.000733,-0.043759,0.013004,9,345.82,40,345,-0.37
TSLA,2026-08-26,2026-09-04,437.5,C,0.01,0.26,0.135,61.1332,0.008374,0.000687,-0.042365,0.01239,9,345.82,7,66,-0.37
TSLA,2026-08-26,2026-09-04,440.0,C,0.12,0.14,0.13,62.1098,0.007944,0.000646,-0.041087,0.011829,9,345.82,272,424,-0.37
TSLA,2026-08-26,2026-09-04,442.5,C,0.11,0.13,0.12,62.7933,0.007311,0.000594,-0.038604,0.010995,9,345.82,10,20,-0.37
TSLA,2026-08-26,2026-09-04,445.0,C,0.11,0.13,0.12,64.0629,0.007197,0.000574,-0.03884,0.010844,9,345.82,24,389,-0.37
TSLA,2026-08-26,2026-09-04,450.0,C,0.1,0.11,0.105,65.43,0.006161,0.00049,-0.03457,0.009453,9,345.82,15,750,-0.37
TSLA,2026-08-26,2026-09-04,455.0,C,0.06,0.1,0.08,65.6253,0.004631,0.000379,-0.026893,0.007333,9,345.82,11,1284,-0.37
TSLA,2026-08-26,2026-09-04,460.0,C,0.08,0.09,0.085,68.3597,0.004719,0.00037,-0.028482,0.007458,9,345.82,8,723,-0.37
TSLA,2026-08-26,2026-09-04,465.0,C,0.07,0.09,0.08,70.1175,0.004318,0.000333,-0.026981,0.006889,9,345.82,1,48,-0.37
TSLA,2026-08-26,2026-09-04,470.0,C,0.06,0.08,0.07,71.2893,0.003718,0.000287,-0.023987,0.006025,9,345.82,2,229,-0.37
TSLA,2026-08-26,2026-09-04,475.0,C,0.06,0.08,0.07,73.4378,0.003607,0.000271,-0.024043,0.005863,9,345.82,2,210,-0.37
TSLA,2026-08-26,2026-09-04,480.0,C,0.05,0.07,0.06,74.4143,0.003075,0.000232,-0.021106,0.00508,9,345.82,2,161,-0.37
TSLA,2026-08-26,2026-09-04,485.0,C,0.05,0.19,0.12,82.4221,0.005517,0.000353,-0.039432,0.008571,9,345.82,3,43,-0.37
TSLA,2026-08-26,2026-09-04,490.0,C,0.04,0.06,0.05,76.9534,0.002431,0.000181,-0.017652,0.00411,9,345.82,39,41,-0.37
TSLA,2026-08-26,2026-09-04,495.0,C,0.04,0.12,0.08,83.008,0.003689,0.000244,-0.027714,0.005983,9,345.82,197,113,-0.37
TSLA,2026-08-26,2026-09-04,500.0,C,0.04,0.05,0.045,80.0783,0.002105,0.000153,-0.016118,0.003607,9,345.82,273,1597,-0.37
TSLA,2026-08-26,2026-09-04,505.0,C,0.03,0.05,0.04,81.2502,0.001885,0.000136,-0.014789,0.003262,9,345.82,9,25,-0.37
TSLA,2026-08-26,2026-09-04,510.0,C,0.03,0.05,0.04,83.2033,0.001859,0.000131,-0.014952,0.003221,9,345.82,1,267,-0.37
TSLA,2026-08-26,2026-09-04,515.0,C,0.02,0.05,0.035,83.5939,0.001531,0.00011,-0.012593,0.0027,9,345.82,150,23,-0.37
TSLA,2026-08-26,2026-09-04,520.0,C,0.02,0.05,0.035,85.547,0.001525,0.000107,-0.012837,0.00269,9,345.82,5,397,-0.37
TSLA,2026-08-26,2026-09-04,525.0,C,0.02,0.05,0.035,87.5001,0.001523,0.000104,-0.01311,0.002686,9,345.82,2,753,-0.37
TSLA,2026-08-26,2026-09-04,530.0,C,0.03,0.04,0.035,89.0626,0.001458,9.8e-05,-0.012824,0.002582,9,345.82,30,158,-0.37
TSLA,2026-08-26,2026-09-04,535.0,C,0.02,0.05,0.035,91.0157,0.001464,9.7e-05,-0.013151,0.002591,9,345.82,10,627,-0.37
TSLA,2026-08-26,2026-09-04,540.0,C,0.01,0.05,0.03,91.4063,0.001236,8.2e-05,-0.011316,0.00222,9,345.82,4,84,-0.37
TSLA,2026-08-26,2026-09-04,545.0,C,0.01,0.05,0.03,92.9688,0.001196,7.9e-05,-0.01117,0.002155,9,345.82,13,52,-0.37
TSLA,2026-08-26,2026-09-04,550.0,C,0.01,0.03,0.02,91.4063,0.000804,5.5e-05,-0.007621,0.001496,9,345.82,20,1261,-0.37
TSLA,2026-08-26,2026-09-04,555.0,C,0.01,0.05,0.03,96.0938,0.001131,7.2e-05,-0.010965,0.002047,9,345.82,4,47,-0.37
TSLA,2026-08-26,2026-09-04,560.0,C,0.01,0.05,0.03,98.0469,0.001152,7.2e-05,-0.01138,0.002082,9,345.82,11,81,-0.37
TSLA,2026-08-26,2026-09-04,565.0,C,0.01,0.05,0.03,99.6094,0.001127,6.9e-05,-0.01133,0.002041,9,345.82,12,28,-0.37
TSLA,2026-08-26,2026-09-04,570.0,C,0.0,0.05,0.025,99.6094,0.000933,5.8e-05,-0.009524,0.001715,9,345.82,1,4,-0.37
TSLA,2026-08-26,2026-09-04,575.0,C,0.0,0.05,0.025,101.1724,0.000919,5.7e-05,-0.009539,0.001692,9,345.82,4,10,-0.37
TSLA,2026-08-26,2026-09-04,580.0,C,0.0,0.05,0.025,102.7349,0.000907,5.5e-05,-0.00957,0.001671,9,345.82,18,47,-0.37
TSLA,2026-08-26,2026-09-04,585.0,C,0.0,0.05,0.025,103.9067,0.00086,5.2e-05,-0.009218,0.001592,9,345.82,2,26,-0.37
TSLA,2026-08-26,2026-09-04,590.0,C,0.0,0.05,0.025,105.4692,0.000853,5.1e-05,-0.009282,0.001579,9,345.82,24,47,-0.37
TSLA,2026-08-26,2026-09-04,595.0,C,0.0,0.05,0.025,107.0317,0.000847,5e-05,-0.009361,0.00157,9,345.82,4,22,-0.37
TSLA,2026-08-26,2026-09-04,600.0,C,0.01,0.05,0.03,110.1567,0.000988,5.6e-05,-0.011102,0.001809,9,345.82,103,622,-0.37
TSLA,2026-08-26,2026-09-04,605.0,C,0.0,0.05,0.025,110.1567,0.00084,4.8e-05,-0.009559,0.001557,9,345.82,10,23,-0.37
TSLA,2026-08-26,2026-09-04,610.0,C,0.01,0.05,0.03,113.2817,0.000979,5.4e-05,-0.01132,0.001793,9,345.82,10,465,-0.37
TSLA,2026-08-26,2026-09-04,615.0,C,0.0,0.05,0.025,113.2817,0.000838,4.7e-05,-0.00981,0.001554,9,345.82,10,43,-0.37
TSLA,2026-08-26,2026-09-04,620.0,C,0.0,0.05,0.025,114.8442,0.000839,4.6e-05,-0.009954,0.001556,9,345.82,15,34,-0.37
TSLA,2026-08-26,2026-09-04,625.0,C,0.0,0.05,0.025,115.6254,0.000778,4.3e-05,-0.009356,0.001452,9,345.82,6,76,-0.37
TSLA,2026-08-26,2026-09-04,630.0,C,0.01,0.05,0.03,118.7504,0.000909,4.8e-05,-0.01108,0.001675,9,345.82,8,103,-0.37
TSLA,2026-08-26,2026-09-04,640.0,C,0.0,0.02,0.01,112.5004,0.000348,2.1e-05,-0.004324,0.00069,9,345.82,391,105,-0.37
TSLA,2026-08-26,2026-09-04,650.0,C,0.0,0.05,0.025,122.6566,0.000748,3.9e-05,-0.009566,0.0014,9,345.82,30,57,-0.37
TSLA,2026-08-26,2026-09-04,660.0,C,0.0,0.05,0.025,125.0004,0.000711,3.6e-05,-0.009306,0.001337,9,345.82,3,97,-0.37
TSLA,2026-08-26,2026-09-04,670.0,C,0.0,0.05,0.025,128.1254,0.000731,3.6e-05,-0.009781,0.001371,9,345.82,182,204,-0.37
TSLA,2026-08-26,2026-09-04,680.0,C,0.0,0.05,0.025,130.4691,0.000703,3.4e-05,-0.009601,0.001321,9,345.82,89,136,-0.37
TSLA,2026-08-26,2026-09-04,50.0,P,0.0,0.01,0.005,337.5002,-4.5e-05,1e-06,-0.0019,0.000101,9,345.82,0,1,-0.37
TSLA,2026-08-26,2026-09-04,60.0,P,0.0,0.01,0.005,306.2502,-5.1e-05,1e-06,-0.001946,0.000115,9,345.82,3,2,-0.37
TSLA,2026-08-26,2026-09-04,80.0,P,0.0,0.01,0.005,256.2504,-6.1e-05,2e-06,-0.001924,0.000135,9,345.82,0,1,-0.37
TSLA,2026-08-26,2026-09-04,90.0,P,0.0,0.01,0.005,237.5004,-7.3e-05,2e-06,-0.002102,0.00016,9,345.82,3,2,-0.37
TSLA,2026-08-26,2026-09-04,100.0,P,0.0,0.01,0.005,218.7505,-7.6e-05,3e-06,-0.002025,0.000167,9,345.82,9,437,-0.37
TSLA,2026-08-26,2026-09-04,110.0,P,0.0,0.05,0.025,228.1254,-0.000363,1.1e-05,-0.009085,0.000718,9,345.82,1226,3,-0.37
TSLA,2026-08-26,2026-09-04,120.0,P,0.0,0.01,0.005,187.5001,-9e-05,4e-06,-0.002027,0.000195,9,345.82,2,17,-0.37
TSLA,2026-08-26,2026-09-04,130.0,P,0.0,0.01,0.005,175.0001,-0.000107,4e-06,-0.00223,0.00023,9,345.82,973,27,-0.37
TSLA,2026-08-26,2026-09-04,140.0,P,0.0,0.01,0.005,162.5002,-0.000119,5e-06,-0.002279,0.000253,9,345.82,6826,4926,-0.37
TSLA,2026-08-26,2026-09-04,150.0,P,0.01,0.05,0.03,171.8751,-0.000612,2.3e-05,-0.011086,0.001163,9,345.82,341,360,-0.37
TSLA,2026-08-26,2026-09-04,160.0,P,0.01,0.05,0.03,159.3752,-0.000667,2.7e-05,-0.011129,0.00126,9,345.82,250,1750,-0.37
TSLA,2026-08-26,2026-09-04,170.0,P,0.0,0.05,0.025,144.5315,-0.000584,2.6e-05,-0.008929,0.001115,9,345.82,150,173,-0.37
TSLA,2026-08-26,2026-09-04,180.0,P,0.01,0.05,0.03,135.9378,-0.000762,3.6e-05,-0.010731,0.001425,9,345.82,1,2140,-0.37
TSLA,2026-08-26,2026-09-04,190.0,P,0.0,0.05,0.025,123.4379,-0.000708,3.7e-05,-0.0091,0.001331,9,345.82,60,85,-0.37
TSLA,2026-08-26,2026-09-04,200.0,P,0.01,0.05,0.03,115.6254,-0.00093,5e-05,-0.01095,0.00171,9,345.82,14,451,-0.37
TSLA,2026-08-26,2026-09-04,210.0,P,0.0,0.05,0.025,103.9067,-0.000832,5e-05,-0.008887,0.001545,9,345.82,2,113,-0.37
TSLA,2026-08-26,2026-09-04,220.0,P,0.02,0.04,0.03,96.4844,-0.001081,6.9e-05,-0.010487,0.001964,9,345.82,3,3639,-0.37
TSLA,2026-08-26,2026-09-04,230.0,P,0.02,0.05,0.035,89.0626,-0.001383,9.4e-05,-0.012123,0.00246,9,345.82,3,556,-0.37
TSLA,2026-08-26,2026-09-04,235.0,P,0.02,0.05,0.035,84.7658,-0.001461,0.000103,-0.012128,0.002587,9,345.82,17,114,-0.37
TSLA,2026-08-26,2026-09-04,240.0,P,0.04,0.05,0.045,82.4221,-0.001901,0.000135,-0.014989,0.003288,9,345.82,10,1969,-0.37
TSLA,2026-08-26,2026-09-04,245.0,P,0.03,0.1,0.065,81.2502,-0.002783,0.000194,-0.020855,0.004643,9,345.82,336,764,-0.37
TSLA,2026-08-26,2026-09-04,250.0,P,0.05,0.1,0.075,78.3205,-0.003394,0.00024,-0.024032,0.005551,9,345.82,50,558,-0.37
TSLA,2026-08-26,2026-09-04,255.0,P,0.05,0.1,0.075,73.8284,-0.003533,0.000264,-0.023479,0.005756,9,345.82,15,838,-0.37
TSLA,2026-08-26,2026-09-04,260.0,P,0.06,0.14,0.1,72.0706,-0.004868,0.000361,-0.030524,0.007668,9,345.82,222,693,-0.37
TSLA,2026-08-26,2026-09-04,265.0,P,0.06,0.16,0.11,68.555,-0.005622,0.000431,-0.032991,0.008716,9,345.82,49,396,-0.37
TSLA,2026-08-26,2026-09-04,270.0,P,0.06,0.11,0.085,62.3051,-0.004828,0.000414,-0.026169,0.007611,9,345.82,63,1526,-0.37
TSLA,2026-08-26,2026-09-04,275.0,P,0.1,0.12,0.11,59.9613,-0.006379,0.000551,-0.032242,0.009748,9,345.82,53,535,-0.37
TSLA,2026-08-26,2026-09-04,280.0,P,0.12,0.14,0.13,57.0317,-0.007923,0.000702,-0.037107,0.011802,9,345.82,30,3688,-0.37
TSLA,2026-08-26,2026-09-04,285.0,P,0.14,0.16,0.15,53.9067,-0.009689,0.000886,-0.041816,0.014079,9,345.82,8,1865,-0.37
TSLA,2026-08-26,2026-09-04,290.0,P,0.16,0.2,0.18,50.9771,-0.012207,0.001145,-0.048314,0.017215,9,345.82,130,1374,-0.37
TSLA,2026-08-26,2026-09-04,292.5,P,0.08,0.22,0.15,50.3911,-0.015106,0.001392,-0.057376,0.020689,9,345.82,8,67,-0.37
TSLA,2026-08-26,2026-09-04,295.0,P,0.22,0.25,0.235,49.1704,-0.017475,0.001617,-0.0634,0.023439,9,345.82,78,1190,-0.37
TSLA,2026-08-26,2026-09-04,297.5,P,0.26,0.28,0.27,47.8521,-0.020054,0.001868,-0.069336,0.026352,9,345.82,24,14,-0.37
TSLA,2026-08-26,2026-09-04,300.0,P,0.3,0.32,0.31,46.6314,-0.023287,0.002174,-0.076625,0.029901,9,345.82,270,3449,-0.37
TSLA,2026-08-26,2026-09-04,302.5,P,0.36,0.38,0.37,45.7525,-0.027972,0.002584,-0.087603,0.034861,9,345.82,13,43,-0.37
TSLA,2026-08-26,2026-09-04,305.0,P,0.42,0.45,0.435,44.8736,-0.033571,0.003064,-0.099876,0.040547,9,345.82,1139,805,-0.37
TSLA,2026-08-26,2026-09-04,307.5,P,0.44,0.53,0.485,43.897,-0.039933,0.00361,-0.112529,0.046731,9,345.82,49,264,-0.37
TSLA,2026-08-26,2026-09-04,310.0,P,0.62,0.64,0.63,43.1646,-0.048401,0.004287,-0.129122,0.054571,9,345.82,186,1075,-0.37
TSLA,2026-08-26,2026-09-04,312.5,P,0.64,0.78,0.71,42.5543,-0.059002,0.005088,-0.148808,0.063842,9,345.82,211,266,-0.37
TSLA,2026-08-26,2026-09-04,315.0,P,0.92,0.96,0.94,42.0904,-0.072263,0.00602,-0.172107,0.074715,9,345.82,448,2669,-0.37
TSLA,2026-08-26,2026-09-04,317.5,P,1.13,1.17,1.15,41.5411,-0.087489,0.007049,-0.196115,0.086344,9,345.82,435,299,-0.37
TSLA,2026-08-26,2026-09-04,320.0,P,1.38,1.42,1.4,40.9918,-0.105314,0.008186,-0.221556,0.098956,9,345.82,772,1717,-0.37
TSLA,2026-08-26,2026-09-04,322.5,P,1.5,1.94,1.72,42.1637,-0.135378,0.009501,-0.271811,0.118128,9,345.82,480,759,-0.37
TSLA,2026-08-26,2026-09-04,325.0,P,2.07,2.12,2.095,40.296,-0.152133,0.010756,-0.28062,0.127807,9,345.82,879,1873,-0.37
TSLA,2026-08-26,2026-09-04,327.5,P,2.4,2.81,2.605,41.4679,-0.188772,0.012003,-0.331288,0.146773,9,345.82,191,296,-0.37
TSLA,2026-08-26,2026-09-04,330.0,P,3.0,3.15,3.075,39.9664,-0.214178,0.013433,-0.343753,0.158316,9,345.82,1282,2063,-0.37
TSLA,2026-08-26,2026-09-04,332.5,P,3.65,3.75,3.7,39.588,-0.249021,0.014751,-0.369694,0.172203,9,345.82,155,544,-0.37
TSLA,2026-08-26,2026-09-04,335.0,P,4.35,4.5,4.425,39.5209,-0.288451,0.01591,-0.396608,0.185414,9,345.82,1223,1124,-0.37
TSLA,2026-08-26,2026-09-04,337.5,P,5.0,5.3,5.15,39.2096,-0.329572,0.017,-0.416155,0.196556,9,345.82,530,262,-0.37
TSLA,2026-08-26,2026-09-04,340.0,P,6.0,6.25,6.125,39.1241,-0.373803,0.01783,-0.433473,0.205707,9,345.82,2336,1145,-0.37
TSLA,2026-08-26,2026-09-04,342.5,P,7.2,7.35,7.275,39.2218,-0.41988,0.018352,-0.447138,0.212255,9,345.82,1075,746,-0.37
TSLA,2026-08-26,2026-09-04,345.0,P,8.35,8.5,8.425,39.0509,-0.466444,0.018746,-0.451227,0.215871,9,345.82,3888,1281,-0.37
TSLA,2026-08-26,2026-09-04,347.5,P,9.65,9.9,9.775,39.4781,-0.512965,0.018599,-0.456016,0.216524,9,345.82,1500,316,-0.37
TSLA,2026-08-26,2026-09-04,350.0,P,11.05,11.35,11.2,39.6551,-0.558513,0.018327,-0.451516,0.214304,9,345.82,1316,1069,-0.37
TSLA,2026-08-26,2026-09-04,352.5,P,12.55,12.75,12.65,39.1302,-0.604819,0.018123,-0.432231,0.209117,9,345.82,380,671,-0.37
TSLA,2026-08-26,2026-09-04,355.0,P,14.2,14.4,14.3,39.2584,-0.647809,0.017414,-0.415641,0.201593,9,345.82,224,578,-0.37
TSLA,2026-08-26,2026-09-04,357.5,P,15.9,16.1,16.0,39.1608,-0.68957,0.0166,-0.391377,0.191694,9,345.82,60,243,-0.37
TSLA,2026-08-26,2026-09-04,360.0,P,17.75,17.95,17.85,39.3561,-0.727288,0.015549,-0.367361,0.180447,9,345.82,306,627,-0.37
TSLA,2026-08-26,2026-09-04,362.5,P,19.65,20.05,19.85,40.4791,-0.75647,0.014255,-0.354245,0.170157,9,345.82,12,173,-0.37
TSLA,2026-08-26,2026-09-04,365.0,P,21.4,22.35,21.875,42.4444,-0.777244,0.012938,-0.352483,0.161937,9,345.82,38,209,-0.37
TSLA,2026-08-26,2026-09-04,367.5,P,23.35,24.4,23.875,42.713,-0.80496,0.011888,-0.324772,0.149737,9,345.82,2,92,-0.37
TSLA,2026-08-26,2026-09-04,370.0,P,25.35,26.5,25.925,42.9205,-0.83036,0.010843,-0.295572,0.13723,9,345.82,35,152,-0.37
TSLA,2026-08-26,2026-09-04,372.5,P,27.2,28.85,28.025,44.544,-0.844835,0.009858,-0.28805,0.129489,9,345.82,3,11,-0.37
TSLA,2026-08-26,2026-09-04,375.0,P,29.95,30.85,30.4,43.3355,-0.87349,0.008821,-0.237791,0.112725,9,345.82,40,59,-0.37
TSLA,2026-08-26,2026-09-04,377.5,P,31.8,33.35,32.575,45.7281,-0.879424,0.008083,-0.242838,0.108995,9,345.82,1,14,-0.37
TSLA,2026-08-26,2026-09-04,380.0,P,34.45,35.65,35.05,46.3628,-0.893571,0.007293,-0.222044,0.099713,9,345.82,13,114,-0.37
TSLA,2026-08-26,2026-09-04,382.5,P,36.5,38.35,37.425,50.3911,-0.889327,0.006902,-0.252201,0.102557,9,345.82,12,15,-0.37
TSLA,2026-08-26,2026-09-04,385.0,P,38.95,40.4,39.675,48.3892,-0.91348,0.006001,-0.194232,0.085629,9,345.82,7,133,-0.37
TSLA,2026-08-26,2026-09-04,387.5,P,40.8,43.5,42.15,56.2138,-0.891536,0.006098,-0.280177,0.101083,9,345.82,4,57,-0.37
TSLA,2026-08-26,2026-09-04,390.0,P,43.7,45.25,44.475,50.9282,-0.926754,0.005027,-0.176674,0.075492,9,345.82,59,193,-0.37
TSLA,2026-08-26,2026-09-04,395.0,P,48.75,50.2,49.475,54.3217,-0.933903,0.004354,-0.172836,0.069753,9,345.82,108,146,-0.37
TSLA,2026-08-26,2026-09-04,400.0,P,53.45,55.1,54.275,56.8608,-0.942402,0.003736,-0.159433,0.062646,9,345.82,46,70,-0.37
TSLA,2026-08-26,2026-09-04,405.0,P,58.4,60.6,59.5,66.785,-0.9258,0.003871,-0.244451,0.076242,9,345.82,6,4,-0.37
TSLA,2026-08-26,2026-09-04,410.0,P,63.35,65.5,64.425,50.6353,-0.981685,0.001634,-0.027841,0.024397,9,345.82,2,28,-0.37
TSLA,2026-08-26,2026-09-04,415.0,P,67.95,70.5,69.225,73.1204,-0.936109,0.003151,-0.236193,0.067939,9,345.82,1,3,-0.37
TSLA,2026-08-26,2026-09-04,420.0,P,73.3,75.55,74.425,56.5434,-0.983583,0.001333,-0.027935,0.02222,9,345.82,3,23,-0.37
TSLA,2026-08-26,2026-09-04,425.0,P,78.3,80.45,79.375,57.52,-0.987039,0.001069,-0.01545,0.018131,9,345.82,2,4,-0.37
TSLA,2026-08-26,2026-09-04,430.0,P,83.3,85.6,84.45,63.1351,-0.983775,0.001182,-0.034272,0.021997,9,345.82,1,2,-0.37
TSLA,2026-08-26,2026-09-04,435.0,P,88.3,90.6,89.45,65.9183,-0.984456,0.001091,-0.034239,0.021204,9,345.82,14,1,-0.37
TSLA,2026-08-26,2026-09-04,440.0,P,92.85,95.6,94.225,55.0786,-0.996844,0.00032,0.02842,0.005201,9,345.82,1,0,-0.37
TSLA,2026-08-26,2026-09-04,445.0,P,97.85,100.6,99.225,57.4223,-0.99694,0.000299,0.028709,0.005057,9,345.82,2,0,-0.37
TSLA,2026-08-26,2026-09-04,450.0,P,103.0,105.45,104.225,59.766,-0.997014,0.000281,0.028921,0.004948,9,345.82,4,1,-0.37
TSLA,2026-08-26,2026-09-04,480.0,P,133.3,135.6,134.45,88.965,-0.988414,0.000627,-0.033217,0.016452,9,345.82,0,0,-0.37
TSLA,2026-08-26,2026-09-04,500.0,P,153.3,155.45,154.375,94.2383,-0.992053,0.000426,-0.011716,0.011833,9,345.82,0,0,-0.37
TSLA,2026-08-26,2026-09-04,550.0,P,203.3,205.45,204.375,114.6489,-0.993473,0.000294,-0.008026,0.009948,9,345.82,0,1,-0.37
TSLA,2026-08-26,2026-09-11,50.0,C,292.7,300.2,296.45,418.3599,0.995947,4e-05,-0.118317,0.008679,16,345.82,0,1,-0.37
TSLA,2026-08-26,2026-09-11,100.0,C,242.85,249.4,246.125,244.9223,0.996309,6.2e-05,-0.071022,0.007981,16,345.82,0,4,-0.37
TSLA,2026-08-26,2026-09-11,110.0,C,233.75,238.75,236.25,237.4028,0.99471,8.8e-05,-0.092555,0.011009,16,345.82,0,1,-0.37
TSLA,2026-08-26,2026-09-11,150.0,C,193.65,198.65,196.15,170.4103,0.994199,0.000134,-0.078534,0.011947,16,345.82,3,3,-0.37
TSLA,2026-08-26,2026-09-11,160.0,C,182.95,188.6,185.775,226.8071,0.968834,0.000428,-0.375204,0.050846,16,345.82,2,2,-0.37
TSLA,2026-08-26,2026-09-11,180.0,C,163.8,168.8,166.3,143.262,0.990157,0.000253,-0.102991,0.019032,16,345.82,0,2,-0.37
TSLA,2026-08-26,2026-09-11,190.0,C,154.45,157.95,156.2,128.1254,0.991171,0.000258,-0.088129,0.017306,16,345.82,0,1,-0.37
TSLA,2026-08-26,2026-09-11,200.0,C,144.5,147.5,146.0,107.0317,0.99481,0.000193,-0.056191,0.010823,16,345.82,0,1,-0.37
TSLA,2026-08-26,2026-09-11,210.0,C,134.5,138.05,136.275,111.6704,0.988005,0.000386,-0.099631,0.022607,16,345.82,1,26,-0.37
TSLA,2026-08-26,2026-09-11,230.0,C,115.0,118.0,116.5,99.8047,0.98049,0.000656,-0.129537,0.034327,16,345.82,1,1,-0.37
TSLA,2026-08-26,2026-09-11,240.0,C,105.0,108.15,106.575,92.3829,0.976901,0.000818,-0.137665,0.039595,16,345.82,1,1,-0.37
TSLA,2026-08-26,2026-09-11,245.0,C,100.0,103.2,101.6,88.4279,0.975172,0.000908,-0.140057,0.042072,16,345.82,0,1,-0.37
TSLA,2026-08-26,2026-09-11,250.0,C,95.05,98.1,96.575,83.4963,0.97457,0.000981,-0.136286,0.042926,16,345.82,1,63,-0.37
TSLA,2026-08-26,2026-09-11,255.0,C,90.1,93.05,91.575,79.175,0.973226,0.00108,-0.135621,0.044815,16,345.82,10,77,-0.37
TSLA,2026-08-26,2026-09-11,260.0,C,85.15,88.05,86.6,75.342,0.97111,0.001209,-0.137586,0.047747,16,345.82,10,25,-0.37
TSLA,2026-08-26,2026-09-11,265.0,C,79.85,83.2,81.525,69.7757,0.971689,0.001284,-0.128073,0.04695,16,345.82,4,28,-0.37
TSLA,2026-08-26,2026-09-11,270.0,C,75.3,78.2,76.75,69.2874,0.963255,0.001603,-0.151954,0.058222,16,345.82,1,18,-0.37
TSLA,2026-08-26,2026-09-11,275.0,C,70.7,72.85,71.775,65.3812,0.960305,0.001809,-0.152978,0.062007,16,345.82,28,53,-0.37
TSLA,2026-08-26,2026-09-11,280.0,C,65.8,68.0,66.9,62.7933,0.953904,0.002126,-0.16386,0.069971,16,345.82,30,73,-0.37
TSLA,2026-08-26,2026-09-11,285.0,C,60.95,62.85,61.9,58.5209,0.95085,0.002401,-0.161662,0.073659,16,345.82,58,17,-0.37
TSLA,2026-08-26,2026-09-11,290.0,C,55.6,58.0,56.8,53.1011,0.950888,0.002644,-0.149625,0.073614,16,345.82,26,26,-0.37
TSLA,2026-08-26,2026-09-11,295.0,C,51.0,52.9,51.95,50.5864,0.941668,0.003181,-0.161004,0.084364,16,345.82,2,33,-0.37
TSLA,2026-08-26,2026-09-11,300.0,C,46.7,47.55,47.125,51.7095,0.916505,0.004101,-0.206847,0.111167,16,345.82,4,346,-0.37
TSLA,2026-08-26,2026-09-11,305.0,C,42.05,42.95,42.5,50.1104,0.89708,0.00494,-0.230196,0.12976,16,345.82,20,526,-0.37
TSLA,2026-08-26,2026-09-11,310.0,C,37.45,38.2,37.825,47.0098,0.880325,0.005866,-0.239262,0.144561,16,345.82,12,121,-0.37
TSLA,2026-08-26,2026-09-11,315.0,C,33.05,33.7,33.375,45.0445,0.854079,0.007018,-0.259722,0.16573,16,345.82,11,188,-0.37
TSLA,2026-08-26,2026-09-11,320.0,C,28.8,29.8,29.3,45.4351,0.810649,0.008232,-0.303701,0.196067,16,345.82,9,251,-0.37
TSLA,2026-08-26,2026-09-11,325.0,C,24.85,25.5,25.175,42.9937,0.774209,0.009654,-0.316811,0.217581,16,345.82,34,401,-0.37
TSLA,2026-08-26,2026-09-11,330.0,C,21.1,21.6,21.35,41.5289,0.725954,0.011078,-0.336187,0.241179,16,345.82,45,549,-0.37
TSLA,2026-08-26,2026-09-11,335.0,C,17.7,18.2,17.95,41.0406,0.667031,0.012231,-0.358971,0.263148,16,345.82,97,545,-0.37
TSLA,2026-08-26,2026-09-11,337.5,C,16.15,16.95,16.55,41.9867,0.63284,0.012389,-0.378201,0.272686,16,345.82,32,10,-0.37
TSLA,2026-08-26,2026-09-11,340.0,C,14.7,15.05,14.875,40.3692,0.60342,0.013188,-0.371661,0.27909,16,345.82,105,1375,-0.37
TSLA,2026-08-26,2026-09-11,342.5,C,13.3,13.65,13.475,40.2228,0.5698,0.013488,-0.37605,0.284418,16,345.82,290,35,-0.37
TSLA,2026-08-26,2026-09-11,345.0,C,12.0,12.3,12.15,39.9786,0.535673,0.013727,-0.376919,0.287695,16,345.82,677,2651,-0.37
TSLA,2026-08-26,2026-09-11,347.5,C,10.8,11.1,10.95,39.9542,0.501288,0.013791,-0.377061,0.288849,16,345.82,723,51,-0.37
TSLA,2026-08-26,2026-09-11,350.0,C,9.8,9.95,9.875,39.8199,0.466916,0.01379,-0.373531,0.287857,16,345.82,1008,3282,-0.37
TSLA,2026-08-26,2026-09-11,352.5,C,8.8,8.9,8.85,39.7406,0.432938,0.013668,-0.36789,0.28476,16,345.82,385,369,-0.37
TSLA,2026-08-26,2026-09-11,355.0,C,7.85,8.0,7.925,39.9115,0.400369,0.013373,-0.362173,0.279796,16,345.82,469,956,-0.37
TSLA,2026-08-26,2026-09-11,357.5,C,7.0,7.1,7.05,39.8138,0.367907,0.013074,-0.351657,0.272869,16,345.82,102,232,-0.37
TSLA,2026-08-26,2026-09-11,360.0,C,6.2,6.35,6.275,39.9908,0.337693,0.012621,-0.341856,0.264602,16,345.82,816,1979,-0.37
TSLA,2026-08-26,2026-09-11,362.5,C,5.5,5.65,5.575,40.1007,0.308602,0.012127,-0.329702,0.254933,16,345.82,238,242,-0.37
TSLA,2026-08-26,2026-09-11,365.0,C,4.9,5.0,4.95,40.1495,0.280665,0.011593,-0.315474,0.244009,16,345.82,319,1393,-0.37
TSLA,2026-08-26,2026-09-11,367.5,C,4.35,4.45,4.4,40.3631,0.25523,0.010993,-0.301887,0.232607,16,345.82,111,123,-0.37
TSLA,2026-08-26,2026-09-11,370.0,C,3.85,3.95,3.9,40.5585,0.231358,0.010374,-0.287277,0.220578,16,345.82,6908,3854,-0.37
TSLA,2026-08-26,2026-09-11,372.5,C,3.4,3.5,3.45,40.7477,0.209111,0.009744,-0.272022,0.20815,16,345.82,24,123,-0.37
TSLA,2026-08-26,2026-09-11,375.0,C,3.0,3.1,3.05,40.9552,0.188623,0.00911,-0.256637,0.195602,16,345.82,481,1810,-0.37
TSLA,2026-08-26,2026-09-11,377.5,C,2.66,2.72,2.69,41.0528,0.169036,0.008482,-0.239847,0.182554,16,345.82,49,55,-0.37
TSLA,2026-08-26,2026-09-11,380.0,C,2.35,2.4,2.375,41.2481,0.151629,0.007863,-0.224248,0.170035,16,345.82,469,1062,-0.37
TSLA,2026-08-26,2026-09-11,382.5,C,2.08,2.12,2.1,41.4801,0.135942,0.007264,-0.209299,0.157954,16,345.82,41,42,-0.37
TSLA,2026-08-26,2026-09-11,385.0,C,1.84,1.88,1.86,41.773,0.122028,0.006692,-0.195404,0.146556,16,345.82,304,879,-0.37
TSLA,2026-08-26,2026-09-11,390.0,C,1.44,1.49,1.465,42.4444,0.098476,0.005647,-0.169963,0.125649,16,345.82,732,4047,-0.37
TSLA,2026-08-26,2026-09-11,395.0,C,1.15,1.19,1.17,43.189,0.079658,0.004739,-0.147483,0.107292,16,345.82,310,478,-0.37
TSLA,2026-08-26,2026-09-11,400.0,C,0.92,0.96,0.94,44.0069,0.064754,0.003968,-0.128055,0.091534,16,345.82,994,6500,-0.37
TSLA,2026-08-26,2026-09-11,405.0,C,0.75,0.78,0.765,44.8492,0.052818,0.003318,-0.111101,0.078003,16,345.82,219,1696,-0.37
TSLA,2026-08-26,2026-09-11,410.0,C,0.62,0.65,0.635,45.8746,0.043857,0.002795,-0.097843,0.067222,16,345.82,48,664,-0.37
TSLA,2026-08-26,2026-09-11,415.0,C,0.52,0.55,0.535,46.9732,0.036838,0.002369,-0.086881,0.058342,16,345.82,88,574,-0.37
TSLA,2026-08-26,2026-09-11,420.0,C,0.46,0.59,0.525,50.0737,0.037065,0.002234,-0.092997,0.058636,16,345.82,196,1180,-0.37
TSLA,2026-08-26,2026-09-11,425.0,C,0.39,0.41,0.4,49.3413,0.026901,0.001739,-0.07028,0.044993,16,345.82,43,303,-0.37
TSLA,2026-08-26,2026-09-11,430.0,C,0.34,0.36,0.35,50.3423,0.022806,0.001484,-0.062393,0.039172,16,345.82,89,938,-0.37
TSLA,2026-08-26,2026-09-11,435.0,C,0.3,0.32,0.31,51.563,0.019881,0.00129,-0.056872,0.03488,16,345.82,11,92,-0.37
TSLA,2026-08-26,2026-09-11,440.0,C,0.27,0.29,0.28,52.8813,0.017626,0.001136,-0.05262,0.031483,16,345.82,34,339,-0.37
TSLA,2026-08-26,2026-09-11,445.0,C,0.25,0.27,0.26,54.395,0.016059,0.00102,-0.049958,0.029072,16,345.82,12,112,-0.37
TSLA,2026-08-26,2026-09-11,450.0,C,0.22,0.24,0.23,55.4692,0.014066,0.000892,-0.045444,0.025944,16,345.82,158,803,-0.37
TSLA,2026-08-26,2026-09-11,455.0,C,0.21,0.23,0.22,57.0317,0.013054,0.000814,-0.043791,0.024325,16,345.82,2,110,-0.37
TSLA,2026-08-26,2026-09-11,460.0,C,0.19,0.21,0.2,58.2035,0.011693,0.000725,-0.040611,0.022112,16,345.82,17,307,-0.37
TSLA,2026-08-26,2026-09-11,465.0,C,0.18,0.2,0.19,59.6684,0.010869,0.000663,-0.039057,0.020751,16,345.82,2,167,-0.37
TSLA,2026-08-26,2026-09-11,470.0,C,0.17,0.18,0.175,60.9379,0.009948,0.000601,-0.036914,0.01921,16,345.82,12,37,-0.37
TSLA,2026-08-26,2026-09-11,475.0,C,0.15,0.17,0.16,62.0121,0.00896,0.000539,-0.034273,0.017531,16,345.82,11,303,-0.37
TSLA,2026-08-26,2026-09-11,480.0,C,0.14,0.16,0.15,63.2816,0.008284,0.000493,-0.032639,0.016365,16,345.82,1,45,-0.37
TSLA,2026-08-26,2026-09-11,485.0,C,0.13,0.15,0.14,64.4535,0.007613,0.00045,-0.030857,0.015193,16,345.82,20,39,-0.37
TSLA,2026-08-26,2026-09-11,490.0,C,0.13,0.15,0.14,66.1136,0.007411,0.000428,-0.030905,0.014838,16,345.82,19,250,-0.37
TSLA,2026-08-26,2026-09-11,495.0,C,0.12,0.14,0.13,67.1878,0.0068,0.00039,-0.029103,0.013753,16,345.82,16,169,-0.37
TSLA,2026-08-26,2026-09-11,500.0,C,0.11,0.13,0.12,68.1644,0.006197,0.000355,-0.027194,0.012669,16,345.82,11,581,-0.37
TSLA,2026-08-26,2026-09-11,505.0,C,0.1,0.24,0.17,72.6565,0.008144,0.000423,-0.036876,0.016122,16,345.82,3,109,-0.37
TSLA,2026-08-26,2026-09-11,510.0,C,0.1,0.12,0.11,70.7034,0.005551,0.00031,-0.025573,0.01149,16,345.82,5,138,-0.37
TSLA,2026-08-26,2026-09-11,515.0,C,0.09,0.23,0.16,75.2932,0.0074,0.000375,-0.035113,0.014819,16,345.82,4,7,-0.37
TSLA,2026-08-26,2026-09-11,520.0,C,0.09,0.11,0.1,72.8518,0.004835,0.000266,-0.023293,0.01016,16,345.82,3,273,-0.37
TSLA,2026-08-26,2026-09-11,525.0,C,0.08,0.1,0.09,73.6331,0.004391,0.000242,-0.021601,0.009324,16,345.82,1,47,-0.37
TSLA,2026-08-26,2026-09-11,530.0,C,0.08,0.1,0.09,75.0003,0.004267,0.000231,-0.021443,0.009088,16,345.82,34,126,-0.37
TSLA,2026-08-26,2026-09-11,535.0,C,0.06,0.11,0.085,75.9768,0.003985,0.000215,-0.020428,0.008548,16,345.82,10,219,-0.37
TSLA,2026-08-26,2026-09-11,540.0,C,0.06,0.1,0.08,76.9534,0.003732,0.0002,-0.019509,0.008061,16,345.82,5,1326,-0.37
TSLA,2026-08-26,2026-09-11,545.0,C,0.06,0.11,0.085,78.9065,0.003896,0.000203,-0.020788,0.008378,16,345.82,2,1001,-0.37
TSLA,2026-08-26,2026-09-11,550.0,C,0.07,0.13,0.1,81.6408,0.004401,0.000218,-0.023985,0.009344,16,345.82,26,96,-0.37
TSLA,2026-08-26,2026-09-11,555.0,C,0.05,0.13,0.09,82.0314,0.003918,0.000196,-0.021717,0.008421,16,345.82,8,152,-0.37
TSLA,2026-08-26,2026-09-11,560.0,C,0.05,0.27,0.16,88.7696,0.006354,0.000278,-0.036138,0.012952,16,345.82,8,175,-0.37
TSLA,2026-08-26,2026-09-11,565.0,C,0.04,0.11,0.075,83.2033,0.003248,0.000163,-0.018608,0.007115,16,345.82,1,47,-0.37
TSLA,2026-08-26,2026-09-11,570.0,C,0.04,0.28,0.16,91.6016,0.006187,0.000263,-0.036417,0.012651,16,345.82,2,31,-0.37
TSLA,2026-08-26,2026-09-11,575.0,C,0.03,0.08,0.055,83.2033,0.002384,0.000123,-0.014073,0.005382,16,345.82,5,7,-0.37
TSLA,2026-08-26,2026-09-11,580.0,C,0.03,0.19,0.11,90.6251,0.004371,0.000195,-0.026445,0.009287,16,345.82,5,62,-0.37
TSLA,2026-08-26,2026-09-11,585.0,C,0.04,0.08,0.06,86.3283,0.002484,0.000123,-0.015152,0.005586,16,345.82,6,5,-0.37
TSLA,2026-08-26,2026-09-11,590.0,C,0.04,0.08,0.06,87.6954,0.002486,0.000122,-0.015402,0.00559,16,345.82,2,16,-0.37
TSLA,2026-08-26,2026-09-11,595.0,C,0.02,0.27,0.145,97.2657,0.005311,0.000217,-0.033753,0.011047,16,345.82,8,62,-0.37
TSLA,2026-08-26,2026-09-11,600.0,C,0.03,0.06,0.045,87.8907,0.001905,9.5e-05,-0.012124,0.004391,16,345.82,14,44,-0.37
TSLA,2026-08-26,2026-09-11,605.0,C,0.01,0.1,0.055,90.6251,0.002225,0.000106,-0.014395,0.005057,16,345.82,8,28,-0.37
TSLA,2026-08-26,2026-09-11,610.0,C,0.02,0.1,0.06,92.5782,0.002381,0.000111,-0.015631,0.005376,16,345.82,5,253,-0.37
TSLA,2026-08-26,2026-09-11,615.0,C,0.01,0.07,0.04,90.2345,0.001619,8e-05,-0.010732,0.003787,16,345.82,15,884,-0.37
TSLA,2026-08-26,2026-09-11,70.0,P,0.0,0.05,0.025,242.1879,-0.000328,7e-06,-0.006579,0.000871,16,345.82,0,5,-0.37
TSLA,2026-08-26,2026-09-11,100.0,P,0.0,0.01,0.005,168.7502,-0.000111,4e-06,-0.00166,0.000316,16,345.82,1,5,-0.37
TSLA,2026-08-26,2026-09-11,140.0,P,0.0,0.02,0.01,129.6879,-0.000258,1e-05,-0.002813,0.000697,16,345.82,2,24,-0.37
TSLA,2026-08-26,2026-09-11,150.0,P,0.01,0.03,0.02,126.5629,-0.0005,1.9e-05,-0.005066,0.001286,16,345.82,0,4,-0.37
TSLA,2026-08-26,2026-09-11,160.0,P,0.01,0.05,0.03,121.8754,-0.000804,3.1e-05,-0.007568,0.001995,16,345.82,6,223,-0.37
TSLA,2026-08-26,2026-09-11,170.0,P,0.0,0.05,0.025,110.9379,-0.000735,3.2e-05,-0.006343,0.001838,16,345.82,6,59,-0.37
TSLA,2026-08-26,2026-09-11,180.0,P,0.02,0.04,0.03,104.2974,-0.000946,4.2e-05,-0.007513,0.002316,16,345.82,2,16,-0.37
TSLA,2026-08-26,2026-09-11,190.0,P,0.01,0.04,0.025,94.5313,-0.000865,4.3e-05,-0.006271,0.002134,16,345.82,2,48,-0.37
TSLA,2026-08-26,2026-09-11,200.0,P,0.02,0.08,0.05,92.9688,-0.001756,8.4e-05,-0.011786,0.004079,16,345.82,6,81,-0.37
TSLA,2026-08-26,2026-09-11,210.0,P,0.03,0.1,0.065,87.5001,-0.002377,0.000117,-0.014593,0.005369,16,345.82,5,133,-0.37
TSLA,2026-08-26,2026-09-11,220.0,P,0.04,0.1,0.07,80.6643,-0.002785,0.000146,-0.015512,0.006194,16,345.82,6,606,-0.37
TSLA,2026-08-26,2026-09-11,230.0,P,0.06,0.1,0.08,74.4143,-0.003405,0.00019,-0.01714,0.007424,16,345.82,189,283,-0.37
TSLA,2026-08-26,2026-09-11,235.0,P,0.05,0.63,0.34,85.3517,-0.011901,0.000502,-0.059444,0.022453,16,345.82,3,20,-0.37
TSLA,2026-08-26,2026-09-11,240.0,P,0.06,0.11,0.085,67.7738,-0.003947,0.000239,-0.017806,0.008475,16,345.82,49,297,-0.37
TSLA,2026-08-26,2026-09-11,245.0,P,0.07,0.13,0.1,65.5277,-0.004763,0.000292,-0.020357,0.010026,16,345.82,47,540,-0.37
TSLA,2026-08-26,2026-09-11,250.0,P,0.1,0.14,0.12,63.4769,-0.005868,0.000363,-0.02373,0.012071,16,345.82,111,362,-0.37
TSLA,2026-08-26,2026-09-11,255.0,P,0.11,0.13,0.12,59.9613,-0.006168,0.000401,-0.023414,0.012615,16,345.82,46,89,-0.37
TSLA,2026-08-26,2026-09-11,260.0,P,0.13,0.15,0.14,57.7153,-0.007461,0.000493,-0.026647,0.014925,16,345.82,64,308,-0.37
TSLA,2026-08-26,2026-09-11,265.0,P,0.15,0.17,0.16,55.2251,-0.008799,0.000596,-0.029456,0.017253,16,345.82,19,142,-0.37
TSLA,2026-08-26,2026-09-11,270.0,P,0.18,0.2,0.19,53.0278,-0.010744,0.000739,-0.033652,0.020543,16,345.82,29,401,-0.37
TSLA,2026-08-26,2026-09-11,275.0,P,0.21,0.24,0.225,50.8306,-0.013156,0.000919,-0.038422,0.024489,16,345.82,67,349,-0.37
TSLA,2026-08-26,2026-09-11,280.0,P,0.26,0.28,0.27,48.9751,-0.016749,0.001174,-0.045521,0.03014,16,345.82,14,1240,-0.37
TSLA,2026-08-26,2026-09-11,285.0,P,0.24,0.35,0.295,47.1197,-0.021362,0.001501,-0.053807,0.037068,16,345.82,9,206,-0.37
TSLA,2026-08-26,2026-09-11,290.0,P,0.42,0.44,0.43,45.2886,-0.027366,0.001922,-0.063601,0.04564,16,345.82,50,498,-0.37
TSLA,2026-08-26,2026-09-11,295.0,P,0.55,0.58,0.565,43.8482,-0.03634,0.00251,-0.07774,0.057696,16,345.82,98,748,-0.37
TSLA,2026-08-26,2026-09-11,300.0,P,0.74,0.77,0.755,42.481,-0.048384,0.003266,-0.09481,0.072741,16,345.82,281,1224,-0.37
TSLA,2026-08-26,2026-09-11,305.0,P,1.0,1.05,1.025,41.4068,-0.065411,0.00425,-0.116998,0.092255,16,345.82,78,332,-0.37
TSLA,2026-08-26,2026-09-11,310.0,P,1.39,1.44,1.415,40.4791,-0.088241,0.00546,-0.143354,0.115863,16,345.82,162,761,-0.37
TSLA,2026-08-26,2026-09-11,315.0,P,1.92,1.98,1.95,39.6979,-0.118185,0.006885,-0.17345,0.143288,16,345.82,367,651,-0.37
TSLA,2026-08-26,2026-09-11,320.0,P,2.65,2.71,2.68,39.0631,-0.156378,0.008474,-0.206135,0.173541,16,345.82,400,1223,-0.37
TSLA,2026-08-26,2026-09-11,325.0,P,3.6,3.7,3.65,38.6481,-0.203888,0.010121,-0.240189,0.205054,16,345.82,196,608,-0.37
TSLA,2026-08-26,2026-09-11,330.0,P,4.85,4.95,4.9,38.2208,-0.25934,0.011706,-0.270619,0.234546,16,345.82,460,785,-0.37
TSLA,2026-08-26,2026-09-11,335.0,P,6.4,6.55,6.475,38.0011,-0.322886,0.013046,-0.296733,0.259894,16,345.82,232,1352,-0.37
TSLA,2026-08-26,2026-09-11,337.5,P,7.3,7.45,7.375,37.8119,-0.356574,0.01362,-0.305844,0.269976,16,345.82,77,127,-0.37
TSLA,2026-08-26,2026-09-11,340.0,P,8.2,8.45,8.325,37.6715,-0.391605,0.014083,-0.312926,0.278122,16,345.82,638,2015,-0.37
TSLA,2026-08-26,2026-09-11,342.5,P,9.45,9.55,9.5,37.58,-0.427593,0.01442,-0.317761,0.28408,16,345.82,188,110,-0.37
TSLA,2026-08-26,2026-09-11,345.0,P,10.3,10.75,10.525,37.525,-0.464109,0.014624,-0.320101,0.287681,16,345.82,228,602,-0.37
TSLA,2026-08-26,2026-09-11,347.5,P,11.9,12.05,11.975,37.5067,-0.500739,0.01469,-0.319897,0.28885,16,345.82,213,134,-0.37
TSLA,2026-08-26,2026-09-11,350.0,P,13.3,13.6,13.45,38.0316,-0.536159,0.014428,-0.321832,0.287664,16,345.82,248,715,-0.37
TSLA,2026-08-26,2026-09-11,352.5,P,14.7,15.05,14.875,37.9401,-0.571727,0.014287,-0.315478,0.28417,16,345.82,32,210,-0.37
TSLA,2026-08-26,2026-09-11,355.0,P,16.3,16.65,16.475,38.0743,-0.605846,0.013959,-0.308719,0.278624,16,345.82,170,289,-0.37
TSLA,2026-08-26,2026-09-11,357.5,P,17.9,18.3,18.1,38.1049,-0.639152,0.013571,-0.298691,0.271096,16,345.82,14,47,-0.37
TSLA,2026-08-26,2026-09-11,360.0,P,19.65,20.05,19.85,38.2269,-0.670708,0.013073,-0.287562,0.261985,16,345.82,22,415,-0.37
TSLA,2026-08-26,2026-09-11,362.5,P,21.45,21.85,21.65,38.2697,-0.701131,0.012527,-0.273904,0.251313,16,345.82,6,7,-0.37
TSLA,2026-08-26,2026-09-11,365.0,P,23.1,23.95,23.525,39.2401,-0.724498,0.011755,-0.268844,0.241809,16,345.82,3,466,-0.37
TSLA,2026-08-26,2026-09-11,367.5,P,24.65,26.0,25.325,39.8321,-0.747937,0.011067,-0.258943,0.231086,16,345.82,9,8,-0.37
TSLA,2026-08-26,2026-09-11,370.0,P,27.05,27.9,27.475,39.5514,-0.774941,0.010475,-0.238594,0.217182,16,345.82,7,240,-0.37
TSLA,2026-08-26,2026-09-11,372.5,P,28.7,30.1,29.4,40.3815,-0.793213,0.009768,-0.230242,0.206781,16,345.82,3,2,-0.37
TSLA,2026-08-26,2026-09-11,375.0,P,31.1,32.0,31.55,39.5697,-0.82039,0.009146,-0.20277,0.18973,16,345.82,1,96,-0.37
TSLA,2026-08-26,2026-09-11,380.0,P,35.1,36.35,35.725,39.942,-0.856769,0.007816,-0.170731,0.163665,16,345.82,2,29,-0.37
TSLA,2026-08-26,2026-09-11,382.5,P,37.35,38.8,38.075,41.4923,-0.863982,0.007264,-0.170834,0.158014,16,345.82,2,3,-0.37
TSLA,2026-08-26,2026-09-11,385.0,P,39.65,41.1,40.375,42.0416,-0.876344,0.006712,-0.159625,0.147924,16,345.82,3,18,-0.37
TSLA,2026-08-26,2026-09-11,390.0,P,44.6,45.75,45.175,43.0426,-0.898156,0.005707,-0.137259,0.128772,16,345.82,2,55,-0.37
TSLA,2026-08-26,2026-09-11,395.0,P,48.8,50.6,49.7,45.1177,-0.910406,0.004954,-0.128352,0.117183,16,345.82,2,6,-0.37
TSLA,2026-08-26,2026-09-11,400.0,P,54.05,55.6,54.825,48.2183,-0.915466,0.004439,-0.131523,0.112204,16,345.82,3,316,-0.37
TSLA,2026-08-26,2026-09-11,405.0,P,57.75,61.3,59.525,56.6899,-0.895794,0.004406,-0.194527,0.130934,16,345.82,1,8,-0.37
TSLA,2026-08-26,2026-09-11,410.0,P,63.3,65.2,64.25,50.2935,-0.939273,0.003302,-0.097488,0.087066,16,345.82,5,33,-0.37
TSLA,2026-08-26,2026-09-11,415.0,P,68.2,70.1,69.15,51.9048,-0.946175,0.00291,-0.088343,0.07918,16,345.82,1,4,-0.37
TSLA,2026-08-26,2026-09-11,425.0,P,78.7,80.85,79.775,52.6128,-0.964218,0.002066,-0.05197,0.05697,16,345.82,1,2,-0.37
TSLA,2026-08-26,2026-09-11,430.0,P,82.45,86.0,84.225,68.97,-0.922971,0.002893,-0.184564,0.104596,16,345.82,0,1,-0.37
TSLA,2026-08-26,2026-09-11,445.0,P,97.45,101.0,99.225,76.9045,-0.929959,0.002412,-0.191109,0.097259,16,345.82,0,2,-0.37
TSLA,2026-08-26,2026-09-11,450.0,P,102.65,105.8,104.225,77.4783,-0.937269,0.002199,-0.172845,0.089302,16,345.82,0,0,-0.37
TSLA,2026-08-26,2026-09-11,455.0,P,107.45,111.0,109.225,81.9582,-0.933679,0.00217,-0.195056,0.093248,16,345.82,0,6,-0.37
TSLA,2026-08-26,2026-09-11,560.0,P,212.45,216.0,214.225,78.3205,-0.997798,0.000122,0.044188,0.00501,16,345.82,5,5,-0.37
TSLA,2026-08-26,2026-09-18,25.0,C,317.7,325.15,321.425,483.2035,0.997233,2e-05,-0.079932,0.007384,23,345.82,1,101,-0.37
TSLA,2026-08-26,2026-09-18,30.0,C,312.75,320.2,316.475,452.3442,0.996763,2.5e-05,-0.086483,0.008504,23,345.82,44,45,-0.37
TSLA,2026-08-26,2026-09-18,40.0,C,302.8,310.2,306.5,398.4375,0.996082,3.4e-05,-0.091279,0.010095,23,345.82,1,9,-0.37
TSLA,2026-08-26,2026-09-18,45.0,C,295.65,301.65,298.65,387.5,0.995134,4.2e-05,-0.107513,0.012253,23,345.82,2,0,-0.37
TSLA,2026-08-26,2026-09-18,50.0,C,292.45,300.25,296.35,343.4572,0.996284,3.7e-05,-0.076749,0.009627,23,345.82,10,35,-0.37
TSLA,2026-08-26,2026-09-18,70.0,C,272.85,279.4,276.125,263.6722,0.997001,4e-05,-0.05244,0.00794,23,345.82,1,62,-0.37
TSLA,2026-08-26,2026-09-18,80.0,C,267.6,271.0,269.3,361.5235,0.980746,0.000149,-0.326928,0.040697,23,345.82,1,20,-0.37
TSLA,2026-08-26,2026-09-18,90.0,C,258.25,261.05,259.65,340.5275,0.977512,0.000181,-0.351537,0.046414,23,345.82,2,30,-0.37
TSLA,2026-08-26,2026-09-18,100.0,C,242.8,249.45,246.125,206.1528,0.996103,6.5e-05,-0.054953,0.010047,23,345.82,49,266,-0.37
TSLA,2026-08-26,2026-09-18,110.0,C,232.65,240.4,236.525,214.3559,0.991849,0.00012,-0.100888,0.019343,23,345.82,20,104,-0.37
TSLA,2026-08-26,2026-09-18,115.0,C,228.0,235.15,231.575,208.6919,0.991058,0.000133,-0.106407,0.020981,23,345.82,31,146,-0.37
TSLA,2026-08-26,2026-09-18,120.0,C,222.8,230.4,226.6,202.1489,0.990463,0.000146,-0.109248,0.022197,23,345.82,90,191,-0.37
TSLA,2026-08-26,2026-09-18,125.0,C,218.0,225.45,221.725,199.4141,0.988925,0.000168,-0.121773,0.025289,23,345.82,6,221,-0.37
TSLA,2026-08-26,2026-09-18,130.0,C,212.85,220.25,216.55,185.9376,0.990216,0.000162,-0.104464,0.0227,23,345.82,100,306,-0.37
TSLA,2026-08-26,2026-09-18,135.0,C,208.05,215.45,211.75,186.2305,0.987802,0.000196,-0.124444,0.0275,23,345.82,5,152,-0.37
TSLA,2026-08-26,2026-09-18,145.0,C,203.05,206.2,204.625,227.5883,0.964939,0.000392,-0.345397,0.067173,23,345.82,1,227,-0.37
TSLA,2026-08-26,2026-09-18,150.0,C,192.8,199.8,196.3,150.9768,0.991794,0.000171,-0.078669,0.019459,23,345.82,1,95,-0.37
TSLA,2026-08-26,2026-09-18,155.0,C,188.15,195.55,191.85,163.8185,0.984719,0.000271,-0.133968,0.033403,23,345.82,8,120,-0.37
TSLA,2026-08-26,2026-09-18,160.0,C,183.15,190.6,186.875,158.594,0.983859,0.000293,-0.136185,0.03501,23,345.82,6,138,-0.37
TSLA,2026-08-26,2026-09-18,165.0,C,178.15,185.4,181.775,150.342,0.984442,0.000299,-0.126884,0.033923,23,345.82,1,189,-0.37
TSLA,2026-08-26,2026-09-18,170.0,C,173.05,180.65,176.85,146.7776,0.982906,0.000332,-0.133787,0.036771,23,345.82,12,72,-0.37
TSLA,2026-08-26,2026-09-18,175.0,C,168.6,175.35,171.975,144.2386,0.980711,0.000375,-0.144684,0.04076,23,345.82,1,127,-0.37
TSLA,2026-08-26,2026-09-18,180.0,C,163.25,170.65,166.95,138.4036,0.980292,0.000398,-0.142261,0.04151,23,345.82,10,256,-0.37
TSLA,2026-08-26,2026-09-18,185.0,C,158.25,165.65,161.95,133.2523,0.979541,0.000427,-0.141967,0.042848,23,345.82,3,81,-0.37
TSLA,2026-08-26,2026-09-18,190.0,C,153.25,160.7,156.975,128.7601,0.978396,0.000462,-0.143898,0.044868,23,345.82,1,182,-0.37
TSLA,2026-08-26,2026-09-18,195.0,C,148.25,155.75,152.0,124.3168,0.977216,0.000501,-0.145593,0.046928,23,345.82,10,115,-0.37
TSLA,2026-08-26,2026-09-18,200.0,C,143.1,147.95,145.525,134.2777,0.964071,0.000677,-0.21878,0.068534,23,345.82,1,564,-0.37
TSLA,2026-08-26,2026-09-18,210.0,C,133.6,140.9,137.25,114.3315,0.970595,0.000674,-0.164414,0.058093,23,345.82,25,182,-0.37
TSLA,2026-08-26,2026-09-18,215.0,C,128.4,135.7,132.05,106.5678,0.972515,0.000684,-0.147846,0.054919,23,345.82,1,10,-0.37
TSLA,2026-08-26,2026-09-18,220.0,C,123.2,130.85,127.025,101.7339,0.971795,0.000732,-0.145201,0.056115,23,345.82,3,668,-0.37
TSLA,2026-08-26,2026-09-18,225.0,C,118.45,125.7,122.075,98.169,0.96973,0.000804,-0.148521,0.059508,23,345.82,2,2,-0.37
TSLA,2026-08-26,2026-09-18,230.0,C,113.15,120.9,117.025,93.1641,0.969312,0.000857,-0.143916,0.060187,23,345.82,4,214,-0.37
TSLA,2026-08-26,2026-09-18,235.0,C,108.5,115.6,112.05,89.3312,0.967504,0.000937,-0.145003,0.063103,23,345.82,1,29,-0.37
TSLA,2026-08-26,2026-09-18,240.0,C,103.2,110.35,106.775,81.1525,0.971699,0.00092,-0.122411,0.056274,23,345.82,1,509,-0.37
TSLA,2026-08-26,2026-09-18,245.0,C,98.5,105.75,102.125,82.1535,0.962923,0.001136,-0.148889,0.070321,23,345.82,11,23,-0.37
TSLA,2026-08-26,2026-09-18,250.0,C,93.25,100.3,96.775,73.4378,0.968897,0.0011,-0.121207,0.060861,23,345.82,4,674,-0.37
TSLA,2026-08-26,2026-09-18,255.0,C,87.05,95.75,91.4,63.5746,0.977431,0.000972,-0.089222,0.046554,23,345.82,1,83,-0.37
TSLA,2026-08-26,2026-09-18,260.0,C,83.35,90.85,87.1,69.9954,0.957688,0.001484,-0.143768,0.078295,23,345.82,1,482,-0.37
TSLA,2026-08-26,2026-09-18,265.0,C,78.75,85.95,82.35,68.7869,0.949641,0.001737,-0.15948,0.090044,23,345.82,1,35,-0.37
TSLA,2026-08-26,2026-09-18,270.0,C,74.7,78.05,76.375,52.8813,0.974312,0.001302,-0.085954,0.051902,23,345.82,46,615,-0.37
TSLA,2026-08-26,2026-09-18,275.0,C,69.85,74.55,72.2,59.5829,0.94764,0.002069,-0.146088,0.092878,23,345.82,46,113,-0.37
TSLA,2026-08-26,2026-09-18,280.0,C,66.2,68.15,67.175,55.5791,0.945168,0.0023,-0.142601,0.096336,23,345.82,72,580,-0.37
TSLA,2026-08-26,2026-09-18,285.0,C,61.9,63.15,62.525,54.8222,0.932053,0.002757,-0.161978,0.113913,23,345.82,72,96,-0.37
TSLA,2026-08-26,2026-09-18,290.0,C,56.8,58.2,57.5,50.7939,0.928213,0.003105,-0.157811,0.118836,23,345.82,2,894,-0.37
TSLA,2026-08-26,2026-09-18,295.0,C,52.4,53.25,52.825,52.0146,0.903267,0.003793,-0.194282,0.148688,23,345.82,1,115,-0.37
TSLA,2026-08-26,2026-09-18,300.0,C,47.7,49.25,48.475,53.4917,0.873476,0.004471,-0.235089,0.180217,23,345.82,90,2559,-0.37
TSLA,2026-08-26,2026-09-18,305.0,C,43.2,43.8,43.5,46.8633,0.874168,0.005084,-0.208992,0.17953,23,345.82,20,1130,-0.37
TSLA,2026-08-26,2026-09-18,310.0,C,38.85,40.55,39.7,50.6047,0.827058,0.005824,-0.269112,0.222096,23,345.82,20,3229,-0.37
TSLA,2026-08-26,2026-09-18,315.0,C,34.6,36.55,35.575,49.8906,0.795749,0.006546,-0.291024,0.246112,23,345.82,25,2485,-0.37
TSLA,2026-08-26,2026-09-18,320.0,C,30.65,32.05,31.35,46.7901,0.770101,0.007474,-0.291713,0.26353,23,345.82,136,3317,-0.37
TSLA,2026-08-26,2026-09-18,325.0,C,26.9,28.0,27.45,44.9285,0.734856,0.0084,-0.300629,0.284417,23,345.82,84,5109,-0.37
TSLA,2026-08-26,2026-09-18,330.0,C,23.35,23.8,23.575,42.0904,0.697778,0.009547,-0.299064,0.302836,23,345.82,133,5087,-0.37
TSLA,2026-08-26,2026-09-18,335.0,C,20.1,20.8,20.45,42.4139,0.645663,0.010105,-0.318245,0.322971,23,345.82,257,2519,-0.37
TSLA,2026-08-26,2026-09-18,337.5,C,18.6,19.4,19.0,42.5665,0.619093,0.010312,-0.325751,0.330772,23,345.82,131,7,-0.37
TSLA,2026-08-26,2026-09-18,340.0,C,17.2,17.65,17.425,41.5106,0.593788,0.010764,-0.322806,0.336705,23,345.82,771,4281,-0.37
TSLA,2026-08-26,2026-09-18,342.5,C,15.85,16.15,16.0,40.9979,0.566624,0.011053,-0.322512,0.341479,23,345.82,290,30,-0.37
TSLA,2026-08-26,2026-09-18,345.0,C,14.55,15.35,14.95,42.2857,0.538774,0.010817,-0.334128,0.344683,23,345.82,2305,3164,-0.37
TSLA,2026-08-26,2026-09-18,347.5,C,13.35,13.65,13.5,40.8331,0.510633,0.011251,-0.323776,0.346197,23,345.82,382,73,-0.37
TSLA,2026-08-26,2026-09-18,350.0,C,12.35,12.5,12.425,40.7416,0.482609,0.011269,-0.322043,0.345991,23,345.82,2780,5861,-0.37
TSLA,2026-08-26,2026-09-18,352.5,C,11.3,11.45,11.375,40.7416,0.454936,0.011208,-0.319516,0.344108,23,345.82,505,334,-0.37
TSLA,2026-08-26,2026-09-18,355.0,C,10.3,10.45,10.375,40.6988,0.427555,0.011105,-0.315233,0.340594,23,345.82,1249,2921,-0.37
TSLA,2026-08-26,2026-09-18,357.5,C,9.4,9.55,9.475,40.7599,0.400999,0.010926,-0.310424,0.335601,23,345.82,222,523,-0.37
TSLA,2026-08-26,2026-09-18,360.0,C,8.55,8.7,8.625,40.7843,0.375008,0.01071,-0.304088,0.32918,23,345.82,1594,5717,-0.37
TSLA,2026-08-26,2026-09-18,362.5,C,7.75,7.9,7.825,40.7782,0.349642,0.01046,-0.296362,0.321422,23,345.82,65,201,-0.37
TSLA,2026-08-26,2026-09-18,365.0,C,7.05,7.2,7.125,40.9064,0.325747,0.010145,-0.288768,0.312734,23,345.82,557,2864,-0.37
TSLA,2026-08-26,2026-09-18,367.5,C,6.4,6.55,6.475,41.0223,0.302785,0.009804,-0.280219,0.303089,23,345.82,59,101,-0.37
TSLA,2026-08-26,2026-09-18,370.0,C,5.8,5.95,5.875,41.1383,0.280852,0.00944,-0.270944,0.292652,23,345.82,2000,9858,-0.37
TSLA,2026-08-26,2026-09-18,372.5,C,5.3,5.4,5.35,41.2604,0.260013,0.009056,-0.261124,0.281587,23,345.82,51,359,-0.37
TSLA,2026-08-26,2026-09-18,375.0,C,4.8,4.9,4.85,41.4068,0.2404,0.008656,-0.251057,0.270113,23,345.82,1086,3860,-0.37
TSLA,2026-08-26,2026-09-18,377.5,C,4.3,4.45,4.375,41.5777,0.222031,0.008247,-0.240871,0.258393,23,345.82,54,57,-0.37
TSLA,2026-08-26,2026-09-18,380.0,C,3.9,4.0,3.95,41.6021,0.203822,0.00784,-0.229031,0.245803,23,345.82,914,8596,-0.37
TSLA,2026-08-26,2026-09-18,382.5,C,3.55,3.65,3.6,41.8829,0.188304,0.007423,-0.219527,0.234274,23,345.82,500,150,-0.37
TSLA,2026-08-26,2026-09-18,385.0,C,3.2,3.3,3.25,42.0294,0.172978,0.007013,-0.208673,0.222126,23,345.82,280,2670,-0.37
TSLA,2026-08-26,2026-09-18,390.0,C,2.65,2.7,2.675,42.3712,0.145639,0.006215,-0.187616,0.198445,23,345.82,550,11133,-0.37
TSLA,2026-08-26,2026-09-18,395.0,C,2.18,2.23,2.205,42.8534,0.122889,0.005468,-0.168581,0.176583,23,345.82,388,3684,-0.37
TSLA,2026-08-26,2026-09-18,400.0,C,1.8,1.85,1.825,43.3966,0.103789,0.004786,-0.151119,0.15653,23,345.82,6812,21314,-0.37
TSLA,2026-08-26,2026-09-18,405.0,C,1.5,1.54,1.52,43.9581,0.087656,0.004173,-0.135007,0.138228,23,345.82,441,4439,-0.37
TSLA,2026-08-26,2026-09-18,410.0,C,1.25,1.29,1.27,44.5684,0.07424,0.00363,-0.120608,0.121932,23,345.82,360,4925,-0.37
TSLA,2026-08-26,2026-09-18,415.0,C,1.06,1.1,1.08,45.3375,0.063629,0.003169,-0.10882,0.108261,23,345.82,444,2303,-0.37
TSLA,2026-08-26,2026-09-18,420.0,C,0.93,0.94,0.935,46.0699,0.054523,0.002762,-0.097868,0.095906,23,345.82,982,16067,-0.37
TSLA,2026-08-26,2026-09-18,425.0,C,0.78,0.82,0.8,46.9732,0.04748,0.002427,-0.089305,0.085906,23,345.82,213,7056,-0.37
TSLA,2026-08-26,2026-09-18,430.0,C,0.68,0.71,0.695,47.7544,0.041096,0.002125,-0.080753,0.076467,23,345.82,240,4501,-0.37
TSLA,2026-08-26,2026-09-18,435.0,C,0.61,0.63,0.62,48.731,0.036299,0.001882,-0.074424,0.069111,23,345.82,47,2454,-0.37
TSLA,2026-08-26,2026-09-18,440.0,C,0.54,0.57,0.555,49.8052,0.032491,0.001681,-0.069398,0.063096,23,345.82,414,8543,-0.37
TSLA,2026-08-26,2026-09-18,445.0,C,0.49,0.52,0.505,50.6597,0.028652,0.001489,-0.063569,0.056855,23,345.82,139,1152,-0.37
TSLA,2026-08-26,2026-09-18,450.0,C,0.46,0.47,0.465,51.8071,0.026072,0.001346,-0.060054,0.052552,23,345.82,808,14278,-0.37
TSLA,2026-08-26,2026-09-18,455.0,C,0.41,0.44,0.425,52.8325,0.023571,0.001213,-0.056247,0.048289,23,345.82,852,1136,-0.37
TSLA,2026-08-26,2026-09-18,460.0,C,0.38,0.4,0.39,53.8579,0.021407,0.001097,-0.052841,0.044523,23,345.82,57,4005,-0.37
TSLA,2026-08-26,2026-09-18,465.0,C,0.35,0.37,0.36,54.8833,0.019528,0.000996,-0.049792,0.041188,23,345.82,22,1712,-0.37
TSLA,2026-08-26,2026-09-18,470.0,C,0.33,0.35,0.34,56.0551,0.01815,0.000916,-0.047765,0.038702,23,345.82,1016,4293,-0.37
TSLA,2026-08-26,2026-09-18,475.0,C,0.3,0.33,0.315,57.0317,0.016619,0.000835,-0.045058,0.035896,23,345.82,6,3118,-0.37
TSLA,2026-08-26,2026-09-18,480.0,C,0.29,0.31,0.3,58.2035,0.015578,0.000774,-0.043487,0.03396,23,345.82,70,5843,-0.37
TSLA,2026-08-26,2026-09-18,485.0,C,0.27,0.29,0.28,59.1801,0.014377,0.000711,-0.041257,0.031697,23,345.82,2,1516,-0.37
TSLA,2026-08-26,2026-09-18,490.0,C,0.25,0.28,0.265,60.2543,0.013449,0.000659,-0.039645,0.029925,23,345.82,4,4934,-0.37
TSLA,2026-08-26,2026-09-18,495.0,C,0.24,0.26,0.25,61.2797,0.012565,0.000611,-0.038005,0.028216,23,345.82,103,4070,-0.37
TSLA,2026-08-26,2026-09-18,500.0,C,0.23,0.24,0.235,62.2074,0.011663,0.000564,-0.036158,0.026452,23,345.82,704,16624,-0.37
TSLA,2026-08-26,2026-09-18,505.0,C,0.22,0.24,0.23,63.4769,0.011245,0.000536,-0.035735,0.025626,23,345.82,3,2717,-0.37
TSLA,2026-08-26,2026-09-18,510.0,C,0.17,0.23,0.2,63.7699,0.009842,0.000475,-0.031958,0.022817,23,345.82,4,1421,-0.37
TSLA,2026-08-26,2026-09-18,515.0,C,0.16,0.22,0.19,64.7464,0.009268,0.000444,-0.030779,0.021649,23,345.82,401,1100,-0.37
TSLA,2026-08-26,2026-09-18,520.0,C,0.18,0.21,0.195,66.2601,0.009254,0.000433,-0.031451,0.021622,23,345.82,504,3313,-0.37
TSLA,2026-08-26,2026-09-18,525.0,C,0.18,0.2,0.19,67.3831,0.008899,0.000411,-0.030899,0.020892,23,345.82,1,1409,-0.37
TSLA,2026-08-26,2026-09-18,530.0,C,0.17,0.19,0.18,68.262,0.008369,0.000385,-0.029655,0.019797,23,345.82,40,1110,-0.37
TSLA,2026-08-26,2026-09-18,535.0,C,0.16,0.18,0.17,69.0433,0.007812,0.000358,-0.028228,0.018635,23,345.82,5,804,-0.37
TSLA,2026-08-26,2026-09-18,540.0,C,0.15,0.25,0.2,71.68,0.008802,0.000383,-0.032535,0.020693,23,345.82,1,2179,-0.37
TSLA,2026-08-26,2026-09-18,545.0,C,0.15,0.17,0.16,71.094,0.007212,0.000324,-0.02708,0.017368,23,345.82,1,686,-0.37
TSLA,2026-08-26,2026-09-18,550.0,C,0.14,0.16,0.15,71.7776,0.006714,0.000301,-0.025663,0.016305,23,345.82,54,8367,-0.37
TSLA,2026-08-26,2026-09-18,555.0,C,0.08,0.26,0.17,74.0237,0.007337,0.000316,-0.028616,0.017632,23,345.82,3,110,-0.37
TSLA,2026-08-26,2026-09-18,560.0,C,0.13,0.15,0.14,73.6331,0.006161,0.000272,-0.02439,0.01511,23,345.82,7,1161,-0.37
TSLA,2026-08-26,2026-09-18,565.0,C,0.12,0.14,0.13,74.219,0.005715,0.000253,-0.022996,0.014136,23,345.82,5,28,-0.37
TSLA,2026-08-26,2026-09-18,570.0,C,0.12,0.14,0.13,75.2932,0.005588,0.000244,-0.022866,0.013858,23,345.82,4,1731,-0.37
TSLA,2026-08-26,2026-09-18,575.0,C,0.11,0.25,0.18,79.2971,0.007281,0.000293,-0.03043,0.017514,23,345.82,6,79,-0.37
TSLA,2026-08-26,2026-09-18,580.0,C,0.11,0.13,0.12,76.9534,0.00511,0.000221,-0.021577,0.012798,23,345.82,3,2011,-0.37
TSLA,2026-08-26,2026-09-18,585.0,C,0.1,0.24,0.17,81.0549,0.006746,0.000268,-0.029073,0.016374,23,345.82,40,202,-0.37
TSLA,2026-08-26,2026-09-18,590.0,C,0.1,0.12,0.11,78.3205,0.004567,0.000196,-0.019863,0.011578,23,345.82,3,1288,-0.37
TSLA,2026-08-26,2026-09-18,595.0,C,0.1,0.12,0.11,79.4924,0.004554,0.000193,-0.020108,0.011549,23,345.82,4,1827,-0.37
TSLA,2026-08-26,2026-09-18,600.0,C,0.09,0.13,0.11,80.4689,0.004457,0.000187,-0.019966,0.01133,23,345.82,10,10733,-0.37
TSLA,2026-08-26,2026-09-18,605.0,C,0.08,0.16,0.12,82.3244,0.004772,0.000194,-0.021707,0.012042,23,345.82,1,221,-0.37
TSLA,2026-08-26,2026-09-18,610.0,C,0.08,0.19,0.135,84.3752,0.005193,0.000204,-0.023985,0.012983,23,345.82,1,3198,-0.37
TSLA,2026-08-26,2026-09-18,615.0,C,0.09,0.15,0.12,84.3752,0.004645,0.000185,-0.021711,0.011754,23,345.82,1203,1008,-0.37
TSLA,2026-08-26,2026-09-18,620.0,C,0.07,0.11,0.09,83.008,0.003611,0.00015,-0.017052,0.009384,23,345.82,1,2529,-0.37
TSLA,2026-08-26,2026-09-18,625.0,C,0.06,0.23,0.145,88.1837,0.005349,0.000201,-0.025728,0.01333,23,345.82,26,87,-0.37
TSLA,2026-08-26,2026-09-18,630.0,C,0.08,0.15,0.115,87.1095,0.004358,0.000169,-0.021169,0.011103,23,345.82,2,2613,-0.37
TSLA,2026-08-26,2026-09-18,635.0,C,0.04,0.22,0.13,89.2579,0.004801,0.00018,-0.023648,0.012106,23,345.82,1,32,-0.37
TSLA,2026-08-26,2026-09-18,640.0,C,0.07,0.11,0.09,86.9142,0.00345,0.000138,-0.017132,0.009008,23,345.82,3,917,-0.37
TSLA,2026-08-26,2026-09-18,650.0,C,0.06,0.1,0.08,87.8907,0.003077,0.000123,-0.015629,0.008127,23,345.82,26,4388,-0.37
TSLA,2026-08-26,2026-09-18,660.0,C,0.06,0.22,0.14,94.8243,0.004848,0.000171,-0.025332,0.012212,23,345.82,16,775,-0.37
TSLA,2026-08-26,2026-09-18,670.0,C,0.03,0.21,0.12,95.1172,0.004136,0.000148,-0.022047,0.010597,23,345.82,2,768,-0.37
TSLA,2026-08-26,2026-09-18,680.0,C,0.05,0.21,0.13,97.8516,0.00439,0.000152,-0.023918,0.011177,23,345.82,2,1105,-0.37
TSLA,2026-08-26,2026-09-18,690.0,C,0.01,0.21,0.11,98.0469,0.003746,0.000131,-0.020793,0.009698,23,345.82,2,875,-0.37
TSLA,2026-08-26,2026-09-18,700.0,C,0.02,0.1,0.06,94.1407,0.002145,8.3e-05,-0.012074,0.005865,23,345.82,8,6498,-0.37
TSLA,2026-08-26,2026-09-18,710.0,C,0.0,0.09,0.045,93.3594,0.001629,6.5e-05,-0.00932,0.004566,23,345.82,1,4256,-0.37
TSLA,2026-08-26,2026-09-18,720.0,C,0.0,0.1,0.05,96.0938,0.001808,6.9e-05,-0.010549,0.005022,23,345.82,4,616,-0.37
TSLA,2026-08-26,2026-09-18,730.0,C,0.0,0.08,0.04,95.7032,0.001441,5.7e-05,-0.008541,0.004083,23,345.82,1,917,-0.37
TSLA,2026-08-26,2026-09-18,740.0,C,0.0,0.1,0.05,99.2188,0.001747,6.5e-05,-0.010557,0.004868,23,345.82,4,857,-0.37
TSLA,2026-08-26,2026-09-18,750.0,C,0.02,0.07,0.045,99.6094,0.00153,5.7e-05,-0.009387,0.004312,23,345.82,36,6107,-0.37
TSLA,2026-08-26,2026-09-18,760.0,C,0.0,0.1,0.05,102.3442,0.001709,6.2e-05,-0.010671,0.004771,23,345.82,2,1102,-0.37
TSLA,2026-08-26,2026-09-18,770.0,C,0.02,0.1,0.06,105.4692,0.001974,6.8e-05,-0.012534,0.005439,23,345.82,8,324,-0.37
TSLA,2026-08-26,2026-09-18,780.0,C,0.02,0.05,0.035,101.9536,0.001179,4.4e-05,-0.007571,0.003398,23,345.82,5,580,-0.37
TSLA,2026-08-26,2026-09-18,790.0,C,0.0,0.1,0.05,106.6411,0.001623,5.7e-05,-0.010603,0.004551,23,345.82,1,595,-0.37
TSLA,2026-08-26,2026-09-18,800.0,C,0.01,0.08,0.045,107.0317,0.001448,5.1e-05,-0.009591,0.004102,23,345.82,12,8896,-0.37
TSLA,2026-08-26,2026-09-18,810.0,C,0.0,0.1,0.05,109.3755,0.001568,5.3e-05,-0.010536,0.00441,23,345.82,1,945,-0.37
TSLA,2026-08-26,2026-09-18,820.0,C,0.0,0.04,0.02,103.1255,0.000695,2.7e-05,-0.004711,0.002091,23,345.82,527,1166,-0.37
TSLA,2026-08-26,2026-09-18,830.0,C,0.0,0.1,0.05,112.1098,0.001528,5.1e-05,-0.01055,0.004309,23,345.82,4,498,-0.37
TSLA,2026-08-26,2026-09-18,840.0,C,0.0,0.06,0.03,108.9848,0.000972,3.5e-05,-0.006778,0.002848,23,345.82,10,1300,-0.37
TSLA,2026-08-26,2026-09-18,850.0,C,0.0,0.1,0.05,114.8442,0.001502,4.9e-05,-0.010638,0.004242,23,345.82,375,3489,-0.37
TSLA,2026-08-26,2026-09-18,860.0,C,0.0,0.1,0.05,116.016,0.001467,4.7e-05,-0.010516,0.004151,23,345.82,1,2382,-0.37
TSLA,2026-08-26,2026-09-18,870.0,C,0.0,0.1,0.05,117.5785,0.001488,4.7e-05,-0.010793,0.004204,23,345.82,1,275,-0.37
TSLA,2026-08-26,2026-09-18,880.0,C,0.0,0.04,0.02,110.1567,0.000617,2.3e-05,-0.004506,0.001873,23,345.82,2,933,-0.37
TSLA,2026-08-26,2026-09-18,890.0,C,0.0,0.04,0.02,111.7192,0.000636,2.3e-05,-0.004701,0.001927,23,345.82,1,723,-0.37
TSLA,2026-08-26,2026-09-18,900.0,C,0.01,0.03,0.02,112.5004,0.000603,2.2e-05,-0.004506,0.001835,23,345.82,563,7353,-0.37
TSLA,2026-08-26,2026-09-18,910.0,C,0.0,0.1,0.05,122.6566,0.001437,4.4e-05,-0.010909,0.004074,23,345.82,151,617,-0.37
TSLA,2026-08-26,2026-09-18,920.0,C,0.0,0.1,0.05,123.8285,0.001419,4.3e-05,-0.010882,0.004025,23,345.82,8,1225,-0.37
TSLA,2026-08-26,2026-09-18,930.0,C,0.0,0.05,0.025,117.9692,0.000725,2.4e-05,-0.005597,0.002173,23,345.82,3,1190,-0.37
TSLA,2026-08-26,2026-09-18,940.0,C,0.0,0.03,0.015,114.8442,0.000456,1.6e-05,-0.003551,0.001416,23,345.82,15,10377,-0.37
TSLA,2026-08-26,2026-09-18,950.0,C,0.0,0.05,0.025,120.3129,0.000718,2.4e-05,-0.005661,0.002155,23,345.82,2,325,-0.37
TSLA,2026-08-26,2026-09-18,960.0,C,0.01,0.05,0.03,123.4379,0.000866,2.8e-05,-0.006902,0.002562,23,345.82,73,1361,-0.37
TSLA,2026-08-26,2026-09-18,970.0,C,0.01,0.05,0.03,124.2191,0.000833,2.6e-05,-0.006697,0.00247,23,345.82,364,2332,-0.37
TSLA,2026-08-26,2026-09-18,980.0,C,0.0,0.05,0.025,123.8285,0.000716,2.3e-05,-0.00581,0.00215,23,345.82,3,6794,-0.37
TSLA,2026-08-26,2026-09-18,990.0,C,0.01,0.02,0.015,120.3129,0.000444,1.5e-05,-0.003628,0.001382,23,345.82,5,42000,-0.37
TSLA,2026-08-26,2026-09-18,10.0,P,0.0,0.01,0.005,412.5005,-4e-05,0.0,-0.00131,0.000146,23,345.82,2,911,-0.37
TSLA,2026-08-26,2026-09-18,15.0,P,0.0,0.01,0.005,362.5001,-4.7e-05,1e-06,-0.001326,0.000169,23,345.82,100,811,-0.37
TSLA,2026-08-26,2026-09-18,20.0,P,0.0,0.01,0.005,325.0002,-4.7e-05,1e-06,-0.001196,0.00017,23,345.82,2,2874,-0.37
TSLA,2026-08-26,2026-09-18,25.0,P,0.0,0.01,0.005,300.0002,-5.5e-05,1e-06,-0.001271,0.000195,23,345.82,1,5082,-0.37
TSLA,2026-08-26,2026-09-18,30.0,P,0.0,0.01,0.005,275.0003,-5e-05,1e-06,-0.00107,0.000179,23,345.82,6,870,-0.37
TSLA,2026-08-26,2026-09-18,35.0,P,0.0,0.01,0.005,256.2504,-5.1e-05,1e-06,-0.001012,0.000182,23,345.82,3,1515,-0.37
TSLA,2026-08-26,2026-09-18,40.0,P,0.0,0.01,0.005,243.7504,-6.3e-05,1e-06,-0.001172,0.000222,23,345.82,3,864,-0.37
TSLA,2026-08-26,2026-09-18,45.0,P,0.0,0.01,0.005,231.2504,-7e-05,1e-06,-0.001237,0.000247,23,345.82,17,417,-0.37
TSLA,2026-08-26,2026-09-18,50.0,P,0.0,0.01,0.005,218.7505,-7.2e-05,2e-06,-0.0012,0.000253,23,345.82,1,1469,-0.37
TSLA,2026-08-26,2026-09-18,60.0,P,0.0,0.01,0.005,196.875,-7.4e-05,2e-06,-0.001098,0.000257,23,345.82,1,1209,-0.37
TSLA,2026-08-26,2026-09-18,70.0,P,0.0,0.03,0.015,195.3125,-0.000226,5e-06,-0.003118,0.000737,23,345.82,1,686,-0.37
TSLA,2026-08-26,2026-09-18,80.0,P,0.0,0.03,0.015,179.6876,-0.000254,6e-06,-0.003206,0.000823,23,345.82,1,677,-0.37
TSLA,2026-08-26,2026-09-18,90.0,P,0.0,0.03,0.015,165.6252,-0.000279,7e-06,-0.003221,0.000898,23,345.82,2,3476,-0.37
TSLA,2026-08-26,2026-09-18,100.0,P,0.0,0.05,0.025,159.3752,-0.000471,1.2e-05,-0.005041,0.00146,23,345.82,28,5293,-0.37
TSLA,2026-08-26,2026-09-18,110.0,P,0.01,0.05,0.03,150.0002,-0.000605,1.6e-05,-0.005978,0.00184,23,345.82,54,602,-0.37
TSLA,2026-08-26,2026-09-18,115.0,P,0.01,0.04,0.025,142.1878,-0.000538,1.5e-05,-0.005087,0.001652,23,345.82,107,569,-0.37
TSLA,2026-08-26,2026-09-18,120.0,P,0.0,0.03,0.015,131.2503,-0.000357,1.1e-05,-0.003206,0.001128,23,345.82,8,2677,-0.37
TSLA,2026-08-26,2026-09-18,125.0,P,0.0,0.03,0.015,126.5629,-0.000377,1.2e-05,-0.003253,0.001187,23,345.82,4,200,-0.37
TSLA,2026-08-26,2026-09-18,130.0,P,0.01,0.05,0.03,128.9066,-0.000705,2.2e-05,-0.005913,0.00212,23,345.82,1,499,-0.37
TSLA,2026-08-26,2026-09-18,135.0,P,0.01,0.05,0.03,124.2191,-0.000736,2.4e-05,-0.005929,0.002206,23,345.82,112,186,-0.37
TSLA,2026-08-26,2026-09-18,140.0,P,0.01,0.04,0.025,117.1879,-0.000621,2.1e-05,-0.00478,0.001886,23,345.82,42,1005,-0.37
TSLA,2026-08-26,2026-09-18,145.0,P,0.0,0.05,0.025,113.2817,-0.000671,2.4e-05,-0.004959,0.002024,23,345.82,30,229,-0.37
TSLA,2026-08-26,2026-09-18,150.0,P,0.03,0.05,0.04,113.6723,-0.001042,3.5e-05,-0.007459,0.003035,23,345.82,28,4078,-0.37
TSLA,2026-08-26,2026-09-18,155.0,P,0.0,0.1,0.05,111.7192,-0.001306,4.4e-05,-0.009017,0.003733,23,345.82,18,298,-0.37
TSLA,2026-08-26,2026-09-18,160.0,P,0.0,0.08,0.04,105.4692,-0.001135,4.1e-05,-0.007486,0.003284,23,345.82,3,407,-0.37
TSLA,2026-08-26,2026-09-18,165.0,P,0.0,0.1,0.05,103.5161,-0.001411,5.1e-05,-0.00896,0.004005,23,345.82,10,574,-0.37
TSLA,2026-08-26,2026-09-18,170.0,P,0.0,0.06,0.03,94.9219,-0.000938,3.9e-05,-0.005654,0.002757,23,345.82,8,4413,-0.37
TSLA,2026-08-26,2026-09-18,175.0,P,0.0,0.08,0.04,93.7501,-0.001256,5.1e-05,-0.007295,0.003602,23,345.82,1,1774,-0.37
TSLA,2026-08-26,2026-09-18,180.0,P,0.05,0.1,0.075,95.8985,-0.002238,8.4e-05,-0.012624,0.006096,23,345.82,16,4691,-0.37
TSLA,2026-08-26,2026-09-18,185.0,P,0.02,0.1,0.06,90.2345,-0.001956,7.9e-05,-0.010505,0.005393,23,345.82,14,753,-0.37
TSLA,2026-08-26,2026-09-18,190.0,P,0.03,0.1,0.065,87.1095,-0.002126,8.9e-05,-0.010938,0.005818,23,345.82,14,9006,-0.37
TSLA,2026-08-26,2026-09-18,195.0,P,0.05,0.1,0.075,84.9611,-0.002525,0.000106,-0.012461,0.006798,23,345.82,12,679,-0.37
TSLA,2026-08-26,2026-09-18,200.0,P,0.06,0.11,0.085,82.6174,-0.002932,0.000125,-0.013862,0.007779,23,345.82,20,15709,-0.37
TSLA,2026-08-26,2026-09-18,205.0,P,0.07,0.12,0.095,80.0783,-0.00333,0.000145,-0.015064,0.008724,23,345.82,2,145,-0.37
TSLA,2026-08-26,2026-09-18,210.0,P,0.08,0.13,0.105,77.5393,-0.00377,0.000167,-0.016301,0.009754,23,345.82,18,1733,-0.37
TSLA,2026-08-26,2026-09-18,215.0,P,0.08,0.15,0.115,75.0003,-0.004257,0.000192,-0.017572,0.010874,23,345.82,23,229,-0.37
TSLA,2026-08-26,2026-09-18,220.0,P,0.1,0.14,0.12,72.0706,-0.004616,0.000215,-0.018144,0.01169,23,345.82,5,1733,-0.37
TSLA,2026-08-26,2026-09-18,225.0,P,0.1,0.17,0.135,69.8245,-0.005338,0.000253,-0.019998,0.013305,23,345.82,1,436,-0.37
TSLA,2026-08-26,2026-09-18,230.0,P,0.12,0.19,0.155,67.7738,-0.006281,0.000301,-0.022414,0.01537,23,345.82,21,1437,-0.37
TSLA,2026-08-26,2026-09-18,235.0,P,0.12,0.21,0.165,65.0394,-0.006905,0.000341,-0.023377,0.016714,23,345.82,25,2153,-0.37
TSLA,2026-08-26,2026-09-18,240.0,P,0.16,0.18,0.17,62.1098,-0.007431,0.000381,-0.023802,0.017831,23,345.82,27,3193,-0.37
TSLA,2026-08-26,2026-09-18,245.0,P,0.17,0.2,0.185,59.5707,-0.008307,0.000438,-0.025164,0.019668,23,345.82,32,349,-0.37
TSLA,2026-08-26,2026-09-18,250.0,P,0.2,0.22,0.21,57.4711,-0.009713,0.000521,-0.027823,0.022555,23,345.82,24,9473,-0.37
TSLA,2026-08-26,2026-09-18,255.0,P,0.22,0.25,0.235,55.2251,-0.011194,0.000613,-0.030234,0.025526,23,345.82,43,546,-0.37
TSLA,2026-08-26,2026-09-18,260.0,P,0.26,0.28,0.27,53.1743,-0.013173,0.000734,-0.033495,0.029394,23,345.82,18,7390,-0.37
TSLA,2026-08-26,2026-09-18,265.0,P,0.3,0.33,0.315,51.27,-0.01575,0.000887,-0.037633,0.034282,23,345.82,6,1349,-0.37
TSLA,2026-08-26,2026-09-18,270.0,P,0.36,0.38,0.37,49.6099,-0.019305,0.001091,-0.043281,0.040787,23,345.82,37,5385,-0.37
TSLA,2026-08-26,2026-09-18,275.0,P,0.43,0.46,0.445,47.9497,-0.023669,0.001341,-0.049646,0.048459,23,345.82,102,1237,-0.37
TSLA,2026-08-26,2026-09-18,280.0,P,0.53,0.56,0.545,46.3628,-0.029228,0.001654,-0.057189,0.057802,23,345.82,34,8798,-0.37
TSLA,2026-08-26,2026-09-18,285.0,P,0.67,0.7,0.685,44.9957,-0.036761,0.002059,-0.066961,0.069831,23,345.82,58,2342,-0.37
TSLA,2026-08-26,2026-09-18,290.0,P,0.86,0.89,0.875,43.7872,-0.046706,0.002569,-0.078994,0.084782,23,345.82,315,13913,-0.37
TSLA,2026-08-26,2026-09-18,295.0,P,1.11,1.15,1.13,42.774,-0.059899,0.003204,-0.093836,0.103274,23,345.82,316,3845,-0.37
TSLA,2026-08-26,2026-09-18,300.0,P,1.44,1.49,1.465,41.8341,-0.076625,0.003962,-0.110784,0.124907,23,345.82,2368,21873,-0.37
TSLA,2026-08-26,2026-09-18,305.0,P,1.88,2.05,1.965,41.6998,-0.101244,0.004892,-0.135635,0.153729,23,345.82,579,2108,-0.37
TSLA,2026-08-26,2026-09-18,310.0,P,2.48,2.54,2.51,40.4181,-0.124788,0.00586,-0.152238,0.178489,23,345.82,976,9728,-0.37
TSLA,2026-08-26,2026-09-18,315.0,P,3.2,3.3,3.25,39.8444,-0.157079,0.00695,-0.174963,0.208681,23,345.82,462,3691,-0.37
TSLA,2026-08-26,2026-09-18,320.0,P,4.15,4.3,4.225,39.5209,-0.196216,0.008067,-0.199152,0.240247,23,345.82,1998,10133,-0.37
TSLA,2026-08-26,2026-09-18,325.0,P,5.35,5.45,5.4,38.9594,-0.2396,0.009184,-0.219471,0.269622,23,345.82,358,5183,-0.37
TSLA,2026-08-26,2026-09-18,330.0,P,6.8,6.9,6.85,38.6298,-0.289327,0.010196,-0.238508,0.296829,23,345.82,1412,10620,-0.37
TSLA,2026-08-26,2026-09-18,335.0,P,8.55,8.65,8.6,38.41,-0.343838,0.011036,-0.253891,0.319436,23,345.82,494,4015,-0.37
TSLA,2026-08-26,2026-09-18,337.5,P,9.5,9.65,9.575,38.3612,-0.372519,0.011363,-0.259997,0.328484,23,345.82,72,274,-0.37
TSLA,2026-08-26,2026-09-18,340.0,P,10.55,10.7,10.625,38.2452,-0.401675,0.011649,-0.264085,0.335748,23,345.82,1618,20357,-0.37
TSLA,2026-08-26,2026-09-18,342.5,P,11.7,11.85,11.775,38.2086,-0.431413,0.011849,-0.267185,0.341189,23,345.82,646,127,-0.37
TSLA,2026-08-26,2026-09-18,345.0,P,12.9,13.05,12.975,38.0988,-0.461381,0.012006,-0.268109,0.344696,23,345.82,1097,3270,-0.37
TSLA,2026-08-26,2026-09-18,347.5,P,14.2,14.35,14.275,38.0682,-0.491464,0.012069,-0.267978,0.346241,23,345.82,436,587,-0.37
TSLA,2026-08-26,2026-09-18,350.0,P,15.55,15.75,15.65,38.111,-0.521313,0.012041,-0.266773,0.345826,23,345.82,2003,11358,-0.37
TSLA,2026-08-26,2026-09-18,352.5,P,17.0,17.3,17.15,38.3795,-0.550245,0.011879,-0.265745,0.34357,23,345.82,183,252,-0.37
TSLA,2026-08-26,2026-09-18,355.0,P,17.85,18.85,18.35,38.4528,-0.578896,0.011717,-0.261755,0.339525,23,345.82,144,2420,-0.37
TSLA,2026-08-26,2026-09-18,357.5,P,19.75,20.45,20.1,38.4772,-0.607011,0.011511,-0.255991,0.333785,23,345.82,20,649,-0.37
TSLA,2026-08-26,2026-09-18,360.0,P,21.6,22.1,21.85,38.4528,-0.634564,0.011265,-0.248535,0.326427,23,345.82,331,7904,-0.37
TSLA,2026-08-26,2026-09-18,362.5,P,23.35,23.85,23.6,38.5382,-0.660755,0.010943,-0.24083,0.317808,23,345.82,3,22,-0.37
TSLA,2026-08-26,2026-09-18,365.0,P,24.65,25.65,25.15,38.5992,-0.686037,0.010587,-0.231911,0.307945,23,345.82,85,2731,-0.37
TSLA,2026-08-26,2026-09-18,367.5,P,26.95,27.5,27.225,38.6359,-0.710374,0.0102,-0.221904,0.296973,23,345.82,11,24,-0.37
TSLA,2026-08-26,2026-09-18,370.0,P,28.8,29.45,29.125,38.8312,-0.732619,0.009761,-0.212616,0.28563,23,345.82,128,4459,-0.37
TSLA,2026-08-26,2026-09-18,372.5,P,30.3,31.7,31.0,39.9298,-0.747977,0.009207,-0.211218,0.277039,23,345.82,1,2,-0.37
TSLA,2026-08-26,2026-09-18,375.0,P,32.8,33.4,33.1,38.8922,-0.77551,0.008872,-0.189444,0.260018,23,345.82,633,2814,-0.37
TSLA,2026-08-26,2026-09-18,377.5,P,34.55,35.45,35.0,38.9471,-0.794994,0.008404,-0.177551,0.246652,23,345.82,4,4,-0.37
TSLA,2026-08-26,2026-09-18,380.0,P,36.95,37.6,37.275,39.2462,-0.81161,0.007923,-0.167852,0.23434,23,345.82,11,8544,-0.37
TSLA,2026-08-26,2026-09-18,382.5,P,38.8,40.0,39.4,40.4913,-0.820718,0.007446,-0.167366,0.227217,23,345.82,1,2,-0.37
TSLA,2026-08-26,2026-09-18,385.0,P,41.15,41.95,41.55,39.6368,-0.842682,0.006993,-0.146388,0.20889,23,345.82,3,2468,-0.37
TSLA,2026-08-26,2026-09-18,390.0,P,45.6,46.5,46.05,40.4547,-0.866553,0.006134,-0.129548,0.186988,23,345.82,9,6126,-0.37
TSLA,2026-08-26,2026-09-18,395.0,P,50.1,51.05,50.575,40.8087,-0.889539,0.005324,-0.109084,0.163723,23,345.82,3,2313,-0.37
TSLA,2026-08-26,2026-09-18,400.0,P,54.7,55.8,55.25,41.9439,-0.904497,0.00466,-0.097145,0.147296,23,345.82,10,14473,-0.37
TSLA,2026-08-26,2026-09-18,405.0,P,59.4,60.55,59.975,42.7496,-0.918751,0.004053,-0.083207,0.130575,23,345.82,14,1724,-0.37
TSLA,2026-08-26,2026-09-18,410.0,P,64.15,65.4,64.775,44.0313,-0.92839,0.003575,-0.074568,0.118612,23,345.82,1,3443,-0.37
TSLA,2026-08-26,2026-09-18,415.0,P,69.0,70.2,69.6,44.6295,-0.939548,0.003093,-0.061078,0.104019,23,345.82,3,1733,-0.37
TSLA,2026-08-26,2026-09-18,420.0,P,73.9,75.1,74.5,45.899,-0.94618,0.002744,-0.054149,0.094926,23,345.82,2,2468,-0.37
TSLA,2026-08-26,2026-09-18,425.0,P,78.75,80.0,79.375,46.9976,-0.952428,0.002429,-0.046624,0.086039,23,345.82,203,3078,-0.37
TSLA,2026-08-26,2026-09-18,430.0,P,82.75,86.25,84.5,59.8393,-0.913055,0.003047,-0.138195,0.137389,23,345.82,1,3513,-0.37
TSLA,2026-08-26,2026-09-18,435.0,P,87.75,89.75,88.75,47.9253,-0.966193,0.001805,-0.025175,0.065193,23,345.82,400,1253,-0.37
TSLA,2026-08-26,2026-09-18,440.0,P,90.0,95.8,92.9,60.9501,-0.9309,0.002512,-0.110791,0.115402,23,345.82,12,6551,-0.37
TSLA,2026-08-26,2026-09-18,445.0,P,96.05,102.3,99.175,73.6697,-0.895892,0.002826,-0.209701,0.156878,23,345.82,100,281,-0.37
TSLA,2026-08-26,2026-09-18,450.0,P,101.0,107.5,104.25,77.2097,-0.894305,0.002726,-0.224207,0.158606,23,345.82,61,4487,-0.37
TSLA,2026-08-26,2026-09-18,455.0,P,105.3,112.45,108.875,79.1872,-0.89782,0.002593,-0.223787,0.154763,23,345.82,1,6,-0.37
TSLA,2026-08-26,2026-09-18,460.0,P,110.75,117.45,114.1,81.4211,-0.90014,0.00248,-0.226171,0.152194,23,345.82,150,141,-0.37
TSLA,2026-08-26,2026-09-18,465.0,P,115.25,122.45,118.85,83.6183,-0.90229,0.002377,-0.228489,0.149788,23,345.82,1,1,-0.37
TSLA,2026-08-26,2026-09-18,470.0,P,119.95,127.7,123.825,87.3536,-0.899542,0.002322,-0.24605,0.152858,23,345.82,50,39,-0.37
TSLA,2026-08-26,2026-09-18,475.0,P,125.45,132.4,128.925,87.5612,-0.907172,0.002186,-0.229594,0.144241,23,345.82,5,9,-0.37
TSLA,2026-08-26,2026-09-18,480.0,P,130.65,136.0,133.325,78.9431,-0.938668,0.001768,-0.134103,0.105202,23,345.82,12,53,-0.37
TSLA,2026-08-26,2026-09-18,485.0,P,134.65,136.85,135.75,0.001,-1.0,0.0,0.048918,0.0,23,345.82,8,0,-0.37
TSLA,2026-08-26,2026-09-18,490.0,P,140.0,147.45,143.725,94.0186,-0.911286,0.001968,-0.23843,0.139469,23,345.82,2,6,-0.37
TSLA,2026-08-26,2026-09-18,495.0,P,145.0,152.45,148.725,95.9961,-0.912792,0.001903,-0.240177,0.1377,23,345.82,1,0,-0.37
TSLA,2026-08-26,2026-09-18,500.0,P,149.85,157.7,153.775,99.6582,-0.909779,0.00188,-0.25836,0.141228,23,345.82,400,364,-0.37
TSLA,2026-08-26,2026-09-18,505.0,P,154.9,157.1,156.0,0.001,-1.0,0.0,0.050935,0.0,23,345.82,53,0,-0.37
TSLA,2026-08-26,2026-09-18,510.0,P,159.9,162.1,161.0,0.001,-1.0,0.0,0.051439,0.0,23,345.82,108,3,-0.37
TSLA,2026-08-26,2026-09-18,515.0,P,164.9,166.5,165.7,0.001,-1.0,0.0,0.051943,0.0,23,345.82,38,0,-0.37
TSLA,2026-08-26,2026-09-18,520.0,P,170.1,177.45,173.775,105.4448,-0.919234,0.001636,-0.248041,0.129989,23,345.82,8,8,-0.37
TSLA,2026-08-26,2026-09-18,525.0,P,174.35,176.5,175.425,0.001,-1.0,0.0,0.052952,0.0,23,345.82,237,0,-0.37
TSLA,2026-08-26,2026-09-18,530.0,P,179.35,181.5,180.425,0.001,-1.0,0.0,0.053456,0.0,23,345.82,2,1,-0.37
TSLA,2026-08-26,2026-09-18,535.0,P,184.35,186.5,185.425,0.001,-1.0,0.0,0.053961,0.0,23,345.82,272,0,-0.37
TSLA,2026-08-26,2026-09-18,540.0,P,189.35,191.5,190.425,0.001,-1.0,0.0,0.054465,0.0,23,345.82,66,0,-0.37
TSLA,2026-08-26,2026-09-18,545.0,P,194.35,196.5,195.425,0.001,-1.0,0.0,0.054969,0.0,23,345.82,16,0,-0.37
TSLA,2026-08-26,2026-09-18,550.0,P,199.35,201.5,200.425,0.001,-1.0,0.0,0.055474,0.0,23,345.82,314,1,-0.37
TSLA,2026-08-26,2026-09-18,560.0,P,209.35,211.5,210.425,0.001,-1.0,0.0,0.056482,0.0,23,345.82,857,0,-0.37
TSLA,2026-08-26,2026-09-18,565.0,P,214.65,216.85,215.75,0.001,-1.0,0.0,0.056987,0.0,23,345.82,10,0,-0.37
TSLA,2026-08-26,2026-09-18,570.0,P,219.65,221.85,220.75,0.001,-1.0,0.0,0.057491,0.0,23,345.82,136,0,-0.37
TSLA,2026-08-26,2026-09-18,575.0,P,224.65,226.85,225.75,0.001,-1.0,0.0,0.057995,0.0,23,345.82,3,0,-0.37
TSLA,2026-08-26,2026-09-18,580.0,P,229.65,231.85,230.75,0.001,-1.0,0.0,0.058499,0.0,23,345.82,61,0,-0.37
TSLA,2026-08-26,2026-09-18,590.0,P,240.55,247.55,244.05,129.4437,-0.929813,0.001197,-0.271298,0.116796,23,345.82,4,0,-0.37
TSLA,2026-08-26,2026-09-18,600.0,P,249.65,251.85,250.75,0.001,-1.0,0.0,0.060517,0.0,23,345.82,18,0,-0.37
TSLA,2026-08-26,2026-09-18,610.0,P,214.8,216.3,215.55,0.001,-1.0,0.0,0.061525,0.0,23,345.82,15,4,-0.37
TSLA,2026-08-26,2026-09-18,620.0,P,224.8,226.3,225.55,0.001,-1.0,0.0,0.062534,0.0,23,345.82,20,0,-0.37
TSLA,2026-08-26,2026-09-18,630.0,P,229.55,232.2,230.875,0.001,-1.0,0.0,0.063542,0.0,23,345.82,4,0,-0.37
TSLA,2026-08-26,2026-09-18,640.0,P,289.65,291.85,290.75,0.001,-1.0,0.0,0.064551,0.0,23,345.82,1,0,-0.37
TSLA,2026-08-26,2026-09-18,650.0,P,299.65,301.85,300.75,0.001,-1.0,0.0,0.06556,0.0,23,345.82,1,0,-0.37
TSLA,2026-08-26,2026-09-18,660.0,P,309.65,311.85,310.75,0.001,-1.0,0.0,0.066568,0.0,23,345.82,55,0,-0.37
TSLA,2026-08-26,2026-09-18,680.0,P,329.65,331.85,330.75,0.001,-1.0,0.0,0.068586,0.0,23,345.82,1,0,-0.37
TSLA,2026-08-26,2026-09-18,690.0,P,339.65,341.85,340.75,0.001,-1.0,0.0,0.069594,0.0,23,345.82,1,0,-0.37
TSLA,2026-08-26,2026-09-18,700.0,P,349.65,351.85,350.75,0.001,-1.0,0.0,0.070603,0.0,23,345.82,6,0,-0.37
TSLA,2026-08-26,2026-09-18,720.0,P,370.2,377.75,373.975,165.674,-0.939403,0.000835,-0.304513,0.104215,23,345.82,1,0,-0.37
TSLA,2026-08-26,2026-09-18,740.0,P,344.85,346.3,345.575,0.001,-1.0,0.0,0.074637,0.0,23,345.82,5,0,-0.37
TSLA,2026-08-26,2026-09-18,750.0,P,354.9,356.2,355.55,0.001,-1.0,0.0,0.075646,0.0,23,345.82,20,0,-0.37
TSLA,2026-08-26,2026-09-18,760.0,P,333.45,337.3,335.375,0.001,-1.0,0.0,0.076654,0.0,23,345.82,1,4,-0.37
TSLA,2026-08-26,2026-09-18,770.0,P,366.15,368.85,367.5,0.001,-1.0,0.0,0.077663,0.0,23,345.82,1,0,-0.37
TSLA,2026-08-26,2026-09-18,780.0,P,377.8,380.65,379.225,0.001,-1.0,0.0,0.078672,0.0,23,345.82,1,0,-0.37
TSLA,2026-08-26,2026-09-18,790.0,P,397.6,400.15,398.875,0.001,-1.0,0.0,0.07968,0.0,23,345.82,17,0,-0.37
TSLA,2026-08-26,2026-09-18,810.0,P,384.5,387.25,385.875,0.001,-1.0,0.0,0.081697,0.0,23,345.82,1,26,-0.37
TSLA,2026-08-26,2026-09-18,820.0,P,418.6,420.1,419.35,0.001,-1.0,0.0,0.082706,0.0,23,345.82,6,7,-0.37
TSLA,2026-08-26,2026-09-18,830.0,P,430.15,431.95,431.05,0.001,-1.0,0.0,0.083715,0.0,23,345.82,6,9,-0.37
TSLA,2026-08-26,2026-09-18,840.0,P,410.05,413.6,411.825,0.001,-1.0,0.0,0.084723,0.0,23,345.82,2,0,-0.37
TSLA,2026-08-26,2026-09-18,850.0,P,432.0,434.15,433.075,0.001,-1.0,0.0,0.085732,0.0,23,345.82,1,9,-0.37
TSLA,2026-08-26,2026-09-18,860.0,P,438.0,443.85,440.925,0.001,-1.0,0.0,0.086741,0.0,23,345.82,2,7,-0.37
TSLA,2026-08-26,2026-09-18,870.0,P,441.75,447.15,444.45,0.001,-1.0,0.0,0.087749,0.0,23,345.82,2,0,-0.37
TSLA,2026-08-26,2026-09-18,880.0,P,451.25,456.75,454.0,0.001,-1.0,0.0,0.088758,0.0,23,345.82,5,0,-0.37
TSLA,2026-08-26,2026-09-18,890.0,P,485.4,487.9,486.65,0.001,-1.0,0.0,0.089766,0.0,23,345.82,0,2,-0.37
TSLA,2026-08-26,2026-09-18,900.0,P,471.45,476.65,474.05,0.001,-1.0,0.0,0.090775,0.0,23,345.82,2,0,-0.37
TSLA,2026-08-26,2026-09-18,910.0,P,490.55,492.3,491.425,0.001,-1.0,0.0,0.091784,0.0,23,345.82,2,4,-0.37
TSLA,2026-08-26,2026-09-18,920.0,P,490.2,498.0,494.1,0.001,-1.0,0.0,0.092792,0.0,23,345.82,10,0,-0.37
TSLA,2026-08-26,2026-09-18,930.0,P,495.25,501.65,498.45,0.001,-1.0,0.0,0.093801,0.0,23,345.82,2,0,-0.37
TSLA,2026-08-26,2026-09-18,940.0,P,536.2,539.0,537.6,0.001,-1.0,0.0,0.094809,0.0,23,345.82,2,0,-0.37
TSLA,2026-08-26,2026-09-18,950.0,P,546.1,548.75,547.425,0.001,-1.0,0.0,0.095818,0.0,23,345.82,0,0,-0.37
TSLA,2026-08-26,2026-09-18,980.0,P,570.0,572.15,571.075,0.001,-1.0,0.0,0.098844,0.0,23,345.82,0,0,-0.37
TSLA,2026-08-26,2026-09-18,990.0,P,640.25,647.4,643.825,213.1841,-0.95482,0.000514,-0.284004,0.082549,23,345.82,4,0,-0.37
TSLA,2026-08-26,2026-09-25,170.0,C,171.85,180.75,176.3,114.5024,0.99027,0.000229,-0.065987,0.025799,30,345.82,1,2,-0.37
TSLA,2026-08-26,2026-09-25,200.0,C,143.55,150.9,147.225,108.643,0.972797,0.000582,-0.13168,0.062185,30,345.82,0,1,-0.37
TSLA,2026-08-26,2026-09-25,210.0,C,132.05,140.95,136.5,88.0861,0.982721,0.00049,-0.082727,0.042385,30,345.82,3,5,-0.37
TSLA,2026-08-26,2026-09-25,220.0,C,123.65,131.0,127.325,93.4815,0.966595,0.000802,-0.135738,0.073726,30,345.82,2,5,-0.37
TSLA,2026-08-26,2026-09-25,230.0,C,113.2,120.95,117.075,82.6174,0.968067,0.000875,-0.119767,0.071037,30,345.82,1,1,-0.37
TSLA,2026-08-26,2026-09-25,235.0,C,107.4,116.15,111.775,74.9026,0.972607,0.00085,-0.100725,0.062547,30,345.82,1,1,-0.37
TSLA,2026-08-26,2026-09-25,240.0,C,103.8,111.25,107.525,80.2492,0.956912,0.00115,-0.143895,0.090742,30,345.82,0,2,-0.37
TSLA,2026-08-26,2026-09-25,260.0,C,85.15,89.35,87.25,63.0619,0.953993,0.001543,-0.125012,0.095662,30,345.82,199,29,-0.37
TSLA,2026-08-26,2026-09-25,265.0,C,80.4,84.35,82.375,60.7426,0.94877,0.001746,-0.130319,0.10425,30,345.82,198,42,-0.37
TSLA,2026-08-26,2026-09-25,270.0,C,76.0,79.15,77.575,58.936,0.941468,0.001999,-0.138785,0.11583,30,345.82,3,23,-0.37
TSLA,2026-08-26,2026-09-25,275.0,C,70.0,74.0,72.0,50.6353,0.952737,0.001964,-0.108456,0.097753,30,345.82,48,23,-0.37
TSLA,2026-08-26,2026-09-25,280.0,C,65.1,70.1,67.6,52.1977,0.933959,0.00248,-0.136469,0.127267,30,345.82,48,26,-0.37
TSLA,2026-08-26,2026-09-25,285.0,C,62.0,64.1,63.05,51.7217,0.919104,0.002924,-0.153825,0.148639,30,345.82,72,18,-0.37
TSLA,2026-08-26,2026-09-25,290.0,C,57.45,59.3,58.375,50.0615,0.90649,0.003366,-0.16392,0.165628,30,345.82,2,89,-0.37
TSLA,2026-08-26,2026-09-25,295.0,C,52.9,54.6,53.75,52.5273,0.875113,0.00395,-0.203578,0.203962,30,345.82,14,90,-0.37
TSLA,2026-08-26,2026-09-25,300.0,C,48.4,50.1,49.25,50.8062,0.857573,0.004471,-0.213908,0.223257,30,345.82,14,182,-0.37
TSLA,2026-08-26,2026-09-25,305.0,C,44.05,45.6,44.825,48.8042,0.838755,0.005054,-0.221871,0.242452,30,345.82,2,19,-0.37
TSLA,2026-08-26,2026-09-25,310.0,C,39.8,41.35,40.575,47.4615,0.814323,0.005686,-0.234053,0.265244,30,345.82,5,44,-0.37
TSLA,2026-08-26,2026-09-25,315.0,C,35.75,37.2,36.475,46.0821,0.78686,0.006363,-0.245068,0.288227,30,345.82,8,250,-0.37
TSLA,2026-08-26,2026-09-25,320.0,C,31.95,33.4,32.675,45.3985,0.753195,0.007012,-0.259666,0.312902,30,345.82,8,104,-0.37
TSLA,2026-08-26,2026-09-25,325.0,C,28.3,29.65,28.975,44.3548,0.717603,0.007686,-0.269784,0.335117,30,345.82,4,48,-0.37
TSLA,2026-08-26,2026-09-25,330.0,C,25.3,26.7,26.0,45.0262,0.673928,0.008073,-0.288967,0.357313,30,345.82,212,656,-0.37
TSLA,2026-08-26,2026-09-25,335.0,C,22.1,22.9,22.5,42.835,0.634934,0.008851,-0.285913,0.37268,30,345.82,30,306,-0.37
TSLA,2026-08-26,2026-09-25,340.0,C,19.3,20.15,19.725,42.8717,0.588708,0.009153,-0.294115,0.385707,30,345.82,125,529,-0.37
TSLA,2026-08-26,2026-09-25,345.0,C,16.75,17.1,16.925,41.5716,0.541795,0.009626,-0.289728,0.393353,30,345.82,810,458,-0.37
TSLA,2026-08-26,2026-09-25,350.0,C,14.5,14.65,14.575,41.1993,0.493224,0.009765,-0.287293,0.395468,30,345.82,648,843,-0.37
TSLA,2026-08-26,2026-09-25,355.0,C,12.35,12.55,12.45,41.1139,0.445275,0.009695,-0.282755,0.391798,30,345.82,819,501,-0.37
TSLA,2026-08-26,2026-09-25,360.0,C,10.55,10.7,10.625,41.0925,0.398797,0.009475,-0.27497,0.38273,30,345.82,590,1072,-0.37
TSLA,2026-08-26,2026-09-25,365.0,C,8.95,9.6,9.275,42.4994,0.360467,0.008883,-0.274467,0.371079,30,345.82,1151,753,-0.37
TSLA,2026-08-26,2026-09-25,370.0,C,7.55,7.7,7.625,41.242,0.313189,0.008666,-0.251654,0.351325,30,345.82,512,855,-0.37
TSLA,2026-08-26,2026-09-25,375.0,C,6.35,6.5,6.425,41.3763,0.274911,0.008133,-0.237045,0.330762,30,345.82,181,831,-0.37
TSLA,2026-08-26,2026-09-25,380.0,C,5.35,5.5,5.425,41.6266,0.240498,0.007541,-0.221921,0.308559,30,345.82,629,1263,-0.37
TSLA,2026-08-26,2026-09-25,385.0,C,4.5,4.65,4.575,41.9134,0.209589,0.006928,-0.206228,0.285404,30,345.82,205,625,-0.37
TSLA,2026-08-26,2026-09-25,390.0,C,3.8,4.5,4.15,44.3365,0.195321,0.006279,-0.208564,0.273621,30,345.82,600,946,-0.37
TSLA,2026-08-26,2026-09-25,395.0,C,3.2,3.3,3.25,42.481,0.157212,0.005711,-0.174,0.238463,30,345.82,99,395,-0.37
TSLA,2026-08-26,2026-09-25,400.0,C,2.72,2.79,2.755,42.8411,0.135903,0.005135,-0.158874,0.216244,30,345.82,515,4168,-0.37
TSLA,2026-08-26,2026-09-25,405.0,C,2.3,2.36,2.33,43.2135,0.117288,0.004594,-0.144415,0.195149,30,345.82,103,2301,-0.37
TSLA,2026-08-26,2026-09-25,410.0,C,1.96,2.02,1.99,43.7261,0.10184,0.004102,-0.131858,0.176324,30,345.82,215,526,-0.37
TSLA,2026-08-26,2026-09-25,415.0,C,1.67,1.74,1.705,44.2877,0.088686,0.003658,-0.120473,0.159248,30,345.82,54,532,-0.37
TSLA,2026-08-26,2026-09-25,420.0,C,1.44,1.49,1.465,44.7637,0.076861,0.00325,-0.109217,0.142987,30,345.82,366,1069,-0.37
TSLA,2026-08-26,2026-09-25,425.0,C,1.26,1.29,1.275,45.3375,0.067084,0.002891,-0.099557,0.128819,30,345.82,38,572,-0.37
TSLA,2026-08-26,2026-09-25,430.0,C,1.09,1.13,1.11,45.9966,0.059,0.002578,-0.091306,0.116557,30,345.82,96,610,-0.37
TSLA,2026-08-26,2026-09-25,435.0,C,0.96,0.99,0.975,46.6314,0.05191,0.002298,-0.083594,0.105349,30,345.82,99,162,-0.37
TSLA,2026-08-26,2026-09-25,440.0,C,0.85,0.88,0.865,47.3638,0.046135,0.002059,-0.077212,0.095877,30,345.82,40,491,-0.37
TSLA,2026-08-26,2026-09-25,445.0,C,0.76,0.79,0.775,48.145,0.041294,0.001853,-0.071716,0.087672,30,345.82,24,332,-0.37
TSLA,2026-08-26,2026-09-25,450.0,C,0.68,0.72,0.7,49.0239,0.037395,0.001678,-0.067318,0.080875,30,345.82,234,628,-0.37
TSLA,2026-08-26,2026-09-25,455.0,C,0.62,0.65,0.635,49.7808,0.03363,0.001515,-0.062622,0.074136,30,345.82,3,71,-0.37
TSLA,2026-08-26,2026-09-25,460.0,C,0.57,0.6,0.585,50.4888,0.030207,0.001367,-0.05809,0.067845,30,345.82,6,299,-0.37
TSLA,2026-08-26,2026-09-25,465.0,C,0.52,0.55,0.535,51.2944,0.027461,0.001243,-0.054492,0.062677,30,345.82,75,216,-0.37
TSLA,2026-08-26,2026-09-25,470.0,C,0.48,0.51,0.495,52.1733,0.025223,0.001138,-0.051597,0.058378,30,345.82,33,145,-0.37
TSLA,2026-08-26,2026-09-25,475.0,C,0.45,0.48,0.465,53.1255,0.023413,0.00105,-0.04933,0.054839,30,345.82,14,128,-0.37
TSLA,2026-08-26,2026-09-25,480.0,C,0.42,0.45,0.435,54.0288,0.021709,0.000969,-0.04705,0.051453,30,345.82,20,137,-0.37
TSLA,2026-08-26,2026-09-25,485.0,C,0.39,0.42,0.405,54.8833,0.020102,0.000894,-0.044763,0.04821,30,345.82,10,72,-0.37
TSLA,2026-08-26,2026-09-25,490.0,C,0.37,0.4,0.385,55.8354,0.018853,0.000832,-0.043108,0.045654,30,345.82,1,31,-0.37
TSLA,2026-08-26,2026-09-25,495.0,C,0.35,0.38,0.365,56.7387,0.017654,0.000774,-0.041406,0.043169,30,345.82,100,108,-0.37
TSLA,2026-08-26,2026-09-25,500.0,C,0.33,0.36,0.345,57.6176,0.016543,0.000721,-0.03976,0.040836,30,345.82,86,393,-0.37
TSLA,2026-08-26,2026-09-25,505.0,C,0.32,0.34,0.33,58.5942,0.0157,0.000678,-0.038648,0.039045,30,345.82,5,105,-0.37
TSLA,2026-08-26,2026-09-25,510.0,C,0.3,0.32,0.31,59.3266,0.014583,0.000628,-0.036715,0.036646,30,345.82,2,49,-0.37
TSLA,2026-08-26,2026-09-25,515.0,C,0.28,0.31,0.295,60.2055,0.013782,0.00059,-0.03548,0.034906,30,345.82,1,74,-0.37
TSLA,2026-08-26,2026-09-25,520.0,C,0.27,0.3,0.285,61.1332,0.013126,0.000557,-0.03453,0.033465,30,345.82,1,47,-0.37
TSLA,2026-08-26,2026-09-25,525.0,C,0.25,0.28,0.265,61.768,0.012165,0.000516,-0.03266,0.031336,30,345.82,136,57,-0.37
TSLA,2026-08-26,2026-09-25,530.0,C,0.24,0.27,0.255,62.6469,0.011587,0.000488,-0.031746,0.03004,30,345.82,3,106,-0.37
TSLA,2026-08-26,2026-09-25,535.0,C,0.23,0.26,0.245,63.4769,0.011008,0.00046,-0.030758,0.028731,30,345.82,4,16,-0.37
TSLA,2026-08-26,2026-09-25,540.0,C,0.22,0.25,0.235,64.307,0.010482,0.000436,-0.029853,0.027532,30,345.82,5,13,-0.37
TSLA,2026-08-26,2026-09-25,545.0,C,0.21,0.24,0.225,65.1371,0.010004,0.000413,-0.029025,0.026433,30,345.82,5,9,-0.37
TSLA,2026-08-26,2026-09-25,550.0,C,0.2,0.23,0.215,65.8207,0.009425,0.000388,-0.027836,0.025092,30,345.82,7,76,-0.37
TSLA,2026-08-26,2026-09-25,555.0,C,0.19,0.22,0.205,66.6019,0.008988,0.000368,-0.027015,0.024071,30,345.82,7,18,-0.37
TSLA,2026-08-26,2026-09-25,560.0,C,0.19,0.22,0.205,67.6761,0.008853,0.000357,-0.027082,0.023753,30,345.82,3,31,-0.37
TSLA,2026-08-26,2026-09-25,565.0,C,0.18,0.21,0.195,68.3109,0.00835,0.000336,-0.025964,0.022565,30,345.82,1,8,-0.37
TSLA,2026-08-26,2026-09-25,570.0,C,0.17,0.2,0.185,68.9456,0.00789,0.000317,-0.024927,0.021468,30,345.82,1,6,-0.37
TSLA,2026-08-26,2026-09-25,575.0,C,0.17,0.2,0.185,69.9222,0.007738,0.000307,-0.024848,0.021104,30,345.82,1,1,-0.37
TSLA,2026-08-26,2026-09-25,580.0,C,0.16,0.19,0.175,70.5081,0.007301,0.000289,-0.023802,0.020051,30,345.82,1,2,-0.37
TSLA,2026-08-26,2026-09-25,585.0,C,0.15,0.18,0.165,71.094,0.0069,0.000273,-0.02283,0.019077,30,345.82,1,3,-0.37
TSLA,2026-08-26,2026-09-25,590.0,C,0.15,0.18,0.165,72.0706,0.006804,0.000266,-0.022854,0.018841,30,345.82,1,12,-0.37
TSLA,2026-08-26,2026-09-25,595.0,C,0.14,0.17,0.155,72.5589,0.006387,0.00025,-0.021755,0.017816,30,345.82,1,2,-0.37
TSLA,2026-08-26,2026-09-25,600.0,C,0.14,0.17,0.155,73.5354,0.006318,0.000244,-0.021834,0.017646,30,345.82,1,54,-0.37
TSLA,2026-08-26,2026-09-25,605.0,C,0.13,0.16,0.145,73.926,0.005889,0.000228,-0.020621,0.01658,30,345.82,4,5,-0.37
TSLA,2026-08-26,2026-09-25,610.0,C,0.13,0.16,0.145,74.8049,0.005785,0.000222,-0.020536,0.01632,30,345.82,4,7,-0.37
TSLA,2026-08-26,2026-09-25,615.0,C,0.13,0.15,0.14,75.4885,0.005576,0.000213,-0.020055,0.015795,30,345.82,5,70,-0.37
TSLA,2026-08-26,2026-09-25,110.0,P,0.0,0.1,0.05,138.2816,-0.000983,2.4e-05,-0.007538,0.003288,30,345.82,2,1,-0.37
TSLA,2026-08-26,2026-09-25,120.0,P,0.0,0.1,0.05,128.1254,-0.001058,2.8e-05,-0.007468,0.003516,30,345.82,0,2,-0.37
TSLA,2026-08-26,2026-09-25,140.0,P,0.0,0.1,0.05,110.1567,-0.001219,3.7e-05,-0.007303,0.004003,30,345.82,2,2,-0.37
TSLA,2026-08-26,2026-09-25,150.0,P,0.0,0.06,0.03,97.6563,-0.000861,3e-05,-0.004705,0.002911,30,345.82,18,37,-0.37
TSLA,2026-08-26,2026-09-25,160.0,P,0.0,0.09,0.045,93.7501,-0.001292,4.6e-05,-0.006547,0.004222,30,345.82,56,5,-0.37
TSLA,2026-08-26,2026-09-25,170.0,P,0.0,0.13,0.065,89.8439,-0.001881,6.7e-05,-0.00883,0.005944,30,345.82,38,205,-0.37
TSLA,2026-08-26,2026-09-25,180.0,P,0.05,0.14,0.095,86.5236,-0.002815,0.000101,-0.012245,0.008565,30,345.82,51,216,-0.37
TSLA,2026-08-26,2026-09-25,190.0,P,0.07,0.15,0.11,81.2502,-0.003461,0.000129,-0.01384,0.010316,30,345.82,25,906,-0.37
TSLA,2026-08-26,2026-09-25,200.0,P,0.11,0.13,0.12,75.5862,-0.004032,0.000159,-0.014752,0.01183,30,345.82,1,295,-0.37
TSLA,2026-08-26,2026-09-25,210.0,P,0.1,0.2,0.15,71.1917,-0.005221,0.000213,-0.017482,0.014898,30,345.82,100,193,-0.37
TSLA,2026-08-26,2026-09-25,220.0,P,0.12,0.18,0.15,65.1371,-0.005677,0.000251,-0.017212,0.016049,30,345.82,98,129,-0.37
TSLA,2026-08-26,2026-09-25,230.0,P,0.18,0.21,0.195,61.3773,-0.007697,0.000348,-0.021203,0.021006,30,345.82,4,178,-0.37
TSLA,2026-08-26,2026-09-25,235.0,P,0.2,0.23,0.215,59.2289,-0.008705,0.000402,-0.022781,0.023405,30,345.82,9,113,-0.37
TSLA,2026-08-26,2026-09-25,240.0,P,0.1,0.26,0.18,55.0297,-0.007901,0.000397,-0.019424,0.021496,30,345.82,3,323,-0.37
TSLA,2026-08-26,2026-09-25,245.0,P,0.25,0.29,0.27,55.2739,-0.011502,0.000549,-0.027072,0.029848,30,345.82,10,31,-0.37
TSLA,2026-08-26,2026-09-25,250.0,P,0.29,0.33,0.31,53.4673,-0.013445,0.00065,-0.029951,0.034168,30,345.82,9,533,-0.37
TSLA,2026-08-26,2026-09-25,255.0,P,0.34,0.37,0.355,51.6606,-0.015717,0.00077,-0.03307,0.039082,30,345.82,38,194,-0.37
TSLA,2026-08-26,2026-09-25,260.0,P,0.4,0.43,0.415,50.0005,-0.018641,0.00092,-0.036994,0.045217,30,345.82,4,63,-0.37
TSLA,2026-08-26,2026-09-25,265.0,P,0.47,0.5,0.485,48.6333,-0.022717,0.001118,-0.042496,0.053462,30,345.82,2,59,-0.37
TSLA,2026-08-26,2026-09-25,270.0,P,0.57,0.6,0.585,47.1929,-0.027471,0.001352,-0.0483,0.062695,30,345.82,11,214,-0.37
TSLA,2026-08-26,2026-09-25,275.0,P,0.7,0.73,0.715,45.899,-0.033607,0.001642,-0.055442,0.074094,30,345.82,17,370,-0.37
TSLA,2026-08-26,2026-09-25,280.0,P,0.86,0.9,0.88,44.7515,-0.041513,0.002002,-0.064141,0.088049,30,345.82,63,249,-0.37
TSLA,2026-08-26,2026-09-25,285.0,P,0.88,1.12,1.0,43.7017,-0.051475,0.002436,-0.074322,0.104647,30,345.82,71,283,-0.37
TSLA,2026-08-26,2026-09-25,290.0,P,1.36,1.41,1.385,42.7984,-0.064158,0.002958,-0.086396,0.124442,30,345.82,91,530,-0.37
TSLA,2026-08-26,2026-09-25,295.0,P,1.72,1.78,1.75,41.9806,-0.079862,0.003567,-0.100041,0.147201,30,345.82,235,387,-0.37
TSLA,2026-08-26,2026-09-25,300.0,P,2.2,2.26,2.23,41.3092,-0.099397,0.004266,-0.115586,0.173228,30,345.82,217,1016,-0.37
TSLA,2026-08-26,2026-09-25,305.0,P,2.79,2.86,2.825,40.6988,-0.122854,0.00504,-0.132213,0.201631,30,345.82,111,963,-0.37
TSLA,2026-08-26,2026-09-25,310.0,P,3.5,3.65,3.575,40.3326,-0.151576,0.005872,-0.150839,0.232776,30,345.82,129,587,-0.37
TSLA,2026-08-26,2026-09-25,315.0,P,4.45,4.55,4.5,39.7711,-0.183452,0.006734,-0.16767,0.263263,30,345.82,449,1711,-0.37
TSLA,2026-08-26,2026-09-25,320.0,P,5.55,5.7,5.625,39.4659,-0.220888,0.007585,-0.185285,0.294236,30,345.82,210,1026,-0.37
TSLA,2026-08-26,2026-09-25,325.0,P,6.9,7.05,6.975,39.1486,-0.262264,0.008394,-0.200935,0.323023,30,345.82,265,1611,-0.37
TSLA,2026-08-26,2026-09-25,330.0,P,8.45,8.6,8.525,38.7701,-0.30708,0.00914,-0.21353,0.348324,30,345.82,287,819,-0.37
TSLA,2026-08-26,2026-09-25,335.0,P,10.0,10.45,10.225,38.5687,-0.355617,0.009742,-0.223986,0.36933,30,345.82,54,500,-0.37
TSLA,2026-08-26,2026-09-25,340.0,P,11.15,12.55,11.85,38.3612,-0.406369,0.010199,-0.23048,0.384581,30,345.82,116,426,-0.37
TSLA,2026-08-26,2026-09-25,345.0,P,14.75,14.95,14.85,38.2636,-0.45853,0.010459,-0.233409,0.393387,30,345.82,138,839,-0.37
TSLA,2026-08-26,2026-09-25,350.0,P,17.35,17.75,17.55,38.5199,-0.510418,0.010443,-0.234286,0.395391,30,345.82,102,605,-0.37
TSLA,2026-08-26,2026-09-25,355.0,P,20.25,20.65,20.45,38.3978,-0.561748,0.010354,-0.228448,0.390778,30,345.82,49,203,-0.37
TSLA,2026-08-26,2026-09-25,360.0,P,23.0,23.9,23.45,38.5596,-0.610571,0.010032,-0.220696,0.380235,30,345.82,85,113,-0.37
TSLA,2026-08-26,2026-09-25,365.0,P,26.45,27.35,26.9,38.6603,-0.656981,0.009592,-0.209225,0.364494,30,345.82,15,267,-0.37
TSLA,2026-08-26,2026-09-25,370.0,P,29.75,31.1,30.425,39.0326,-0.698783,0.009001,-0.197194,0.345345,30,345.82,4,111,-0.37
TSLA,2026-08-26,2026-09-25,375.0,P,33.7,35.45,34.575,40.6927,-0.729085,0.008209,-0.19374,0.328368,30,345.82,10,78,-0.37
TSLA,2026-08-26,2026-09-25,380.0,P,37.75,39.6,38.675,41.3824,-0.761012,0.00756,-0.18159,0.3075,30,345.82,2,70,-0.37
TSLA,2026-08-26,2026-09-25,385.0,P,40.8,44.35,42.575,43.7017,-0.779281,0.006847,-0.182606,0.294107,30,345.82,1,13,-0.37
TSLA,2026-08-26,2026-09-25,390.0,P,45.3,48.4,46.85,43.3233,-0.810968,0.006298,-0.160528,0.268197,30,345.82,2,55,-0.37
TSLA,2026-08-26,2026-09-25,395.0,P,50.2,52.75,51.475,43.598,-0.835728,0.005726,-0.143889,0.245403,30,345.82,11,30,-0.37
TSLA,2026-08-26,2026-09-25,400.0,P,54.55,57.1,55.825,43.4454,-0.860354,0.005159,-0.123783,0.220291,30,345.82,14,109,-0.37
TSLA,2026-08-26,2026-09-25,405.0,P,59.75,62.6,61.175,48.1695,-0.853802,0.004799,-0.14637,0.227224,30,345.82,1,6,-0.37
TSLA,2026-08-26,2026-09-25,410.0,P,63.1,67.35,65.225,49.5244,-0.86578,0.004404,-0.140023,0.214404,30,345.82,4,4,-0.37
TSLA,2026-08-26,2026-09-25,415.0,P,67.85,72.1,69.975,50.7085,-0.877148,0.004045,-0.132583,0.20163,30,345.82,0,0,-0.37
TSLA,2026-08-26,2026-09-25,420.0,P,72.65,76.9,74.775,51.9963,-0.886628,0.003727,-0.126447,0.190496,30,345.82,6,10,-0.37
TSLA,2026-08-26,2026-09-25,425.0,P,77.5,81.75,79.625,53.4184,-0.894325,0.003449,-0.121853,0.181116,30,345.82,2,27,-0.37
TSLA,2026-08-26,2026-09-25,450.0,P,100.2,107.8,104.0,69.4949,-0.886256,0.002795,-0.179423,0.190941,30,345.82,4,4,-0.37
TSLA,2026-08-26,2026-09-25,475.0,P,125.15,132.55,128.85,77.9055,-0.902483,0.002231,-0.177007,0.170823,30,345.82,2,12,-0.37
TSLA,2026-08-26,2026-09-25,490.0,P,140.1,147.85,143.975,85.0587,-0.902289,0.002046,-0.196192,0.171072,30,345.82,0,0,-0.37
TSLA,2026-08-26,2026-10-02,130.0,C,211.95,220.5,216.225,135.7425,0.993587,0.000121,-0.049261,0.019858,37,345.82,0,5,-0.37
TSLA,2026-08-26,2026-10-02,150.0,C,193.1,200.65,196.875,135.5472,0.984611,0.000259,-0.09255,0.042624,37,345.82,0,5,-0.37
TSLA,2026-08-26,2026-10-02,230.0,C,113.5,121.2,117.35,77.6369,0.963165,0.000943,-0.114813,0.088715,37,345.82,0,1,-0.37
TSLA,2026-08-26,2026-10-02,235.0,C,108.65,116.5,112.575,76.3918,0.957772,0.001071,-0.124382,0.099145,37,345.82,2,1,-0.37
TSLA,2026-08-26,2026-10-02,240.0,C,103.45,111.6,107.525,72.4734,0.956793,0.00115,-0.121422,0.100999,37,345.82,2,1,-0.37
TSLA,2026-08-26,2026-10-02,250.0,C,93.8,101.7,97.75,67.6151,0.948679,0.001414,-0.129146,0.11594,37,345.82,18,18,-0.37
TSLA,2026-08-26,2026-10-02,255.0,C,90.7,94.35,92.525,62.476,0.950513,0.001487,-0.118885,0.112627,37,345.82,1,1,-0.37
TSLA,2026-08-26,2026-10-02,260.0,C,85.95,89.35,87.65,60.2055,0.945577,0.001664,-0.122941,0.121466,37,345.82,1,1,-0.37
TSLA,2026-08-26,2026-10-02,265.0,C,81.65,84.15,82.9,58.7406,0.93783,0.001894,-0.131372,0.134852,37,345.82,1,0,-0.37
TSLA,2026-08-26,2026-10-02,270.0,C,76.65,79.25,77.95,55.811,0.933544,0.002099,-0.131791,0.142024,37,345.82,3,4,-0.37
TSLA,2026-08-26,2026-10-02,280.0,C,67.75,69.15,68.45,52.21,0.915546,0.002694,-0.145306,0.170506,37,345.82,8,19,-0.37
TSLA,2026-08-26,2026-10-02,285.0,C,63.1,64.45,63.775,50.562,0.904101,0.003057,-0.153119,0.187391,37,345.82,15,16,-0.37
TSLA,2026-08-26,2026-10-02,290.0,C,58.5,59.85,59.175,52.0391,0.878577,0.00352,-0.18077,0.222089,37,345.82,2,3,-0.37
TSLA,2026-08-26,2026-10-02,300.0,C,49.75,50.9,50.325,48.8653,0.845047,0.004428,-0.197541,0.262313,37,345.82,3,6,-0.37
TSLA,2026-08-26,2026-10-02,305.0,C,45.55,46.5,46.025,47.1868,0.825383,0.004955,-0.204815,0.283427,37,345.82,14,46,-0.37
TSLA,2026-08-26,2026-10-02,310.0,C,41.4,42.55,41.975,46.6741,0.798224,0.005477,-0.218995,0.30989,37,345.82,3,27,-0.37
TSLA,2026-08-26,2026-10-02,315.0,C,37.55,38.65,38.1,45.8807,0.769639,0.006016,-0.230405,0.334623,37,345.82,2,19,-0.37
TSLA,2026-08-26,2026-10-02,320.0,C,33.95,34.65,34.3,44.428,0.740778,0.006621,-0.236423,0.356588,37,345.82,132,30,-0.37
TSLA,2026-08-26,2026-10-02,325.0,C,30.3,31.4,30.85,44.5684,0.703639,0.007046,-0.250658,0.380703,37,345.82,1,19,-0.37
TSLA,2026-08-26,2026-10-02,330.0,C,27.2,28.05,27.625,43.9672,0.666845,0.007509,-0.258238,0.400255,37,345.82,18,165,-0.37
TSLA,2026-08-26,2026-10-02,335.0,C,24.15,24.95,24.55,43.5186,0.627673,0.007896,-0.264351,0.416562,37,345.82,6,239,-0.37
TSLA,2026-08-26,2026-10-02,340.0,C,21.4,21.85,21.625,42.6153,0.58726,0.008298,-0.265162,0.428703,37,345.82,65,253,-0.37
TSLA,2026-08-26,2026-10-02,345.0,C,18.8,19.45,19.125,42.8473,0.544997,0.008402,-0.269765,0.436456,37,345.82,273,113,-0.37
TSLA,2026-08-26,2026-10-02,350.0,C,16.5,16.9,16.7,42.2674,0.502315,0.008572,-0.266709,0.439245,37,345.82,271,537,-0.37
TSLA,2026-08-26,2026-10-02,355.0,C,14.45,14.7,14.575,42.0141,0.459771,0.00858,-0.26268,0.437018,37,345.82,332,304,-0.37
TSLA,2026-08-26,2026-10-02,360.0,C,12.6,12.75,12.675,41.8707,0.418111,0.008471,-0.256587,0.429966,37,345.82,127,331,-0.37
TSLA,2026-08-26,2026-10-02,365.0,C,10.9,11.1,11.0,41.9714,0.37861,0.00823,-0.249605,0.418758,37,345.82,101,241,-0.37
TSLA,2026-08-26,2026-10-02,370.0,C,9.4,9.6,9.5,42.005,0.340715,0.007929,-0.240111,0.403758,37,345.82,102,255,-0.37
TSLA,2026-08-26,2026-10-02,375.0,C,8.1,8.3,8.2,42.1209,0.305339,0.007557,-0.229455,0.385863,37,345.82,73,164,-0.37
TSLA,2026-08-26,2026-10-02,380.0,C,7.0,7.15,7.075,42.2339,0.272295,0.007141,-0.217441,0.365595,37,345.82,250,430,-0.37
TSLA,2026-08-26,2026-10-02,385.0,C,6.0,6.15,6.075,42.3773,0.241881,0.006691,-0.204674,0.343741,37,345.82,50,226,-0.37
TSLA,2026-08-26,2026-10-02,390.0,C,5.2,5.3,5.25,42.5909,0.214405,0.006221,-0.191818,0.321197,37,345.82,79,323,-0.37
TSLA,2026-08-26,2026-10-02,395.0,C,4.45,4.6,4.525,42.9449,0.19031,0.005745,-0.179753,0.299085,37,345.82,76,262,-0.37
TSLA,2026-08-26,2026-10-02,400.0,C,3.85,3.95,3.9,43.1524,0.167665,0.005279,-0.166498,0.276158,37,345.82,170,575,-0.37
TSLA,2026-08-26,2026-10-02,405.0,C,3.3,3.45,3.375,43.6102,0.148859,0.004831,-0.155375,0.255413,37,345.82,53,120,-0.37
TSLA,2026-08-26,2026-10-02,410.0,C,2.87,2.96,2.915,43.8299,0.130645,0.004399,-0.142697,0.233719,37,345.82,133,318,-0.37
TSLA,2026-08-26,2026-10-02,415.0,C,2.49,2.56,2.525,44.1534,0.115008,0.003993,-0.131284,0.213726,37,345.82,32,190,-0.37
TSLA,2026-08-26,2026-10-02,420.0,C,2.16,2.23,2.195,44.5684,0.101647,0.003619,-0.121101,0.195547,37,345.82,135,252,-0.37
TSLA,2026-08-26,2026-10-02,425.0,C,1.89,2.15,2.02,46.0882,0.095749,0.00335,-0.119706,0.187176,37,345.82,30,182,-0.37
TSLA,2026-08-26,2026-10-02,430.0,C,1.66,1.72,1.69,45.5206,0.080015,0.002967,-0.10333,0.163712,37,345.82,39,211,-0.37
TSLA,2026-08-26,2026-10-02,435.0,C,1.46,1.52,1.49,46.021,0.071188,0.002684,-0.095472,0.149759,37,345.82,24,124,-0.37
TSLA,2026-08-26,2026-10-02,440.0,C,1.3,1.35,1.325,46.5704,0.063625,0.002432,-0.088499,0.137305,37,345.82,48,116,-0.37
TSLA,2026-08-26,2026-10-02,445.0,C,1.16,1.21,1.185,47.1685,0.057162,0.002208,-0.08236,0.126264,37,345.82,20,235,-0.37
TSLA,2026-08-26,2026-10-02,450.0,C,1.04,1.09,1.065,47.8033,0.051605,0.002009,-0.076921,0.11645,37,345.82,170,842,-0.37
TSLA,2026-08-26,2026-10-02,455.0,C,0.94,0.99,0.965,48.4624,0.046786,0.001833,-0.072056,0.107679,37,345.82,1,51,-0.37
TSLA,2026-08-26,2026-10-02,460.0,C,0.85,0.9,0.875,49.1216,0.042522,0.001674,-0.067579,0.099702,37,345.82,15,120,-0.37
TSLA,2026-08-26,2026-10-02,465.0,C,0.78,0.82,0.8,49.7564,0.038663,0.00153,-0.063327,0.092293,37,345.82,5,37,-0.37
TSLA,2026-08-26,2026-10-02,470.0,C,0.71,0.76,0.735,50.2446,0.034796,0.00139,-0.058634,0.084671,37,345.82,2,214,-0.37
TSLA,2026-08-26,2026-10-02,475.0,C,0.66,0.7,0.68,50.9771,0.032058,0.001281,-0.055575,0.079146,37,345.82,5,68,-0.37
TSLA,2026-08-26,2026-10-02,480.0,C,0.6,0.66,0.63,51.6851,0.029553,0.001181,-0.052649,0.07399,37,345.82,1,155,-0.37
TSLA,2026-08-26,2026-10-02,485.0,C,0.57,0.61,0.59,52.4663,0.027501,0.001096,-0.050314,0.06969,37,345.82,1,4,-0.37
TSLA,2026-08-26,2026-10-02,490.0,C,0.53,0.57,0.55,53.1743,0.025489,0.001015,-0.047835,0.065404,37,345.82,1,150,-0.37
TSLA,2026-08-26,2026-10-02,495.0,C,0.49,0.54,0.515,53.9067,0.023741,0.000943,-0.045666,0.061618,37,345.82,2,73,-0.37
TSLA,2026-08-26,2026-10-02,500.0,C,0.46,0.51,0.485,54.6391,0.02217,0.000878,-0.043675,0.058165,37,345.82,58,445,-0.37
TSLA,2026-08-26,2026-10-02,505.0,C,0.44,0.48,0.46,55.4204,0.020853,0.000822,-0.042048,0.055231,37,345.82,2,178,-0.37
TSLA,2026-08-26,2026-10-02,510.0,C,0.41,0.45,0.43,56.0795,0.019433,0.000765,-0.040064,0.052025,37,345.82,2,336,-0.37
TSLA,2026-08-26,2026-10-02,515.0,C,0.39,0.43,0.41,56.8608,0.01837,0.000719,-0.03871,0.049594,37,345.82,1,345,-0.37
TSLA,2026-08-26,2026-10-02,520.0,C,0.37,0.41,0.39,57.6176,0.017366,0.000677,-0.037376,0.047271,37,345.82,1,18,-0.37
TSLA,2026-08-26,2026-10-02,525.0,C,0.35,0.39,0.37,58.3012,0.016335,0.000635,-0.03588,0.044862,37,345.82,1,2,-0.37
TSLA,2026-08-26,2026-10-02,530.0,C,0.33,0.37,0.35,58.9848,0.015399,0.000596,-0.0345,0.042649,37,345.82,22,179,-0.37
TSLA,2026-08-26,2026-10-02,535.0,C,0.32,0.35,0.335,59.7172,0.01462,0.000563,-0.033393,0.040786,37,345.82,1,2,-0.37
TSLA,2026-08-26,2026-10-02,540.0,C,0.3,0.34,0.32,60.4008,0.013841,0.000531,-0.03221,0.038907,37,345.82,1,83,-0.37
TSLA,2026-08-26,2026-10-02,545.0,C,0.29,0.33,0.31,61.2309,0.013326,0.000507,-0.031593,0.037655,37,345.82,1,26,-0.37
TSLA,2026-08-26,2026-10-02,550.0,C,0.28,0.32,0.3,62.0121,0.012793,0.000484,-0.030879,0.03635,37,345.82,7,54,-0.37
TSLA,2026-08-26,2026-10-02,555.0,C,0.26,0.3,0.28,62.4515,0.011884,0.00045,-0.029169,0.034102,37,345.82,1,53,-0.37
TSLA,2026-08-26,2026-10-02,560.0,C,0.25,0.29,0.27,63.184,0.011396,0.000429,-0.028448,0.032882,37,345.82,1,1,-0.37
TSLA,2026-08-26,2026-10-02,565.0,C,0.24,0.28,0.26,63.8675,0.010893,0.000408,-0.027643,0.031616,37,345.82,1,81,-0.37
TSLA,2026-08-26,2026-10-02,570.0,C,0.23,0.27,0.25,64.5023,0.010378,0.000388,-0.026759,0.03031,37,345.82,1,124,-0.37
TSLA,2026-08-26,2026-10-02,575.0,C,0.22,0.26,0.24,65.1371,0.009904,0.000369,-0.025937,0.029099,37,345.82,12,9,-0.37
TSLA,2026-08-26,2026-10-02,580.0,C,0.22,0.25,0.235,65.9183,0.009613,0.000355,-0.025567,0.02835,37,345.82,3,1,-0.37
TSLA,2026-08-26,2026-10-02,585.0,C,0.21,0.25,0.23,66.6996,0.009345,0.000342,-0.025234,0.027658,37,345.82,13,92,-0.37
TSLA,2026-08-26,2026-10-02,590.0,C,0.2,0.24,0.22,67.2855,0.008917,0.000325,-0.024428,0.026546,37,345.82,1,5,-0.37
TSLA,2026-08-26,2026-10-02,595.0,C,0.19,0.23,0.21,67.7738,0.008435,0.000308,-0.02343,0.025283,37,345.82,1,4,-0.37
TSLA,2026-08-26,2026-10-02,600.0,C,0.19,0.22,0.205,68.4573,0.008155,0.000296,-0.022972,0.024545,37,345.82,1,77,-0.37
TSLA,2026-08-26,2026-10-02,605.0,C,0.18,0.22,0.2,69.1409,0.007896,0.000285,-0.022548,0.023858,37,345.82,1,2,-0.37
TSLA,2026-08-26,2026-10-02,610.0,C,0.17,0.21,0.19,69.6292,0.007501,0.00027,-0.021701,0.022804,37,345.82,4,111,-0.37
TSLA,2026-08-26,2026-10-02,615.0,C,0.17,0.2,0.185,70.3128,0.007283,0.000261,-0.021349,0.022219,37,345.82,1,69,-0.37
TSLA,2026-08-26,2026-10-02,90.0,P,0.0,0.1,0.05,145.7034,-0.00084,1.8e-05,-0.006184,0.003158,37,345.82,0,18,-0.37
TSLA,2026-08-26,2026-10-02,100.0,P,0.0,0.1,0.05,134.766,-0.00092,2.1e-05,-0.006217,0.003434,37,345.82,25,5,-0.37
TSLA,2026-08-26,2026-10-02,140.0,P,0.0,0.1,0.05,99.6094,-0.001257,3.8e-05,-0.006105,0.004571,37,345.82,1,2,-0.37
TSLA,2026-08-26,2026-10-02,150.0,P,0.0,0.15,0.075,96.0938,-0.001894,5.7e-05,-0.008554,0.006643,37,345.82,1,5,-0.37
TSLA,2026-08-26,2026-10-02,160.0,P,0.0,0.13,0.065,87.6954,-0.001787,5.9e-05,-0.007401,0.006303,37,345.82,169,10,-0.37
TSLA,2026-08-26,2026-10-02,170.0,P,0.03,0.11,0.07,81.8361,-0.002052,7.2e-05,-0.007825,0.007146,37,345.82,5,21,-0.37
TSLA,2026-08-26,2026-10-02,180.0,P,0.06,0.11,0.085,77.344,-0.002636,9.6e-05,-0.00927,0.008965,37,345.82,3,41,-0.37
TSLA,2026-08-26,2026-10-02,190.0,P,0.08,0.22,0.15,75.9768,-0.004498,0.000157,-0.014704,0.014487,37,345.82,10,34,-0.37
TSLA,2026-08-26,2026-10-02,200.0,P,0.11,0.19,0.15,70.0198,-0.004875,0.000183,-0.014545,0.015565,37,345.82,2,26,-0.37
TSLA,2026-08-26,2026-10-02,210.0,P,0.16,0.2,0.18,65.8207,-0.00616,0.00024,-0.016813,0.019162,37,345.82,26,37,-0.37
TSLA,2026-08-26,2026-10-02,220.0,P,0.2,0.24,0.22,61.8168,-0.007858,0.000317,-0.019552,0.023757,37,345.82,5,49,-0.37
TSLA,2026-08-26,2026-10-02,230.0,P,0.25,0.3,0.275,58.0571,-0.010197,0.000424,-0.023037,0.029848,37,345.82,54,121,-0.37
TSLA,2026-08-26,2026-10-02,235.0,P,0.29,0.33,0.31,56.2993,-0.011733,0.000494,-0.02522,0.033724,37,345.82,1,26,-0.37
TSLA,2026-08-26,2026-10-02,240.0,P,0.33,0.37,0.35,54.5415,-0.013488,0.000575,-0.027542,0.038049,37,345.82,2,460,-0.37
TSLA,2026-08-26,2026-10-02,245.0,P,0.37,0.42,0.395,52.8081,-0.015533,0.000671,-0.030084,0.042966,37,345.82,1,51,-0.37
TSLA,2026-08-26,2026-10-02,250.0,P,0.44,0.48,0.46,51.3188,-0.018293,0.000794,-0.033591,0.049417,37,345.82,7,152,-0.37
TSLA,2026-08-26,2026-10-02,255.0,P,0.51,0.56,0.535,50.2446,-0.022333,0.000961,-0.038908,0.058525,37,345.82,4,103,-0.37
TSLA,2026-08-26,2026-10-02,260.0,P,0.6,0.65,0.625,48.7554,-0.026237,0.001134,-0.043173,0.067007,37,345.82,8,235,-0.37
TSLA,2026-08-26,2026-10-02,265.0,P,0.72,0.77,0.745,47.4615,-0.031312,0.001349,-0.04862,0.07762,37,345.82,6,35,-0.37
TSLA,2026-08-26,2026-10-02,270.0,P,0.87,0.92,0.895,46.2408,-0.03753,0.001607,-0.054895,0.090079,37,345.82,194,81,-0.37
TSLA,2026-08-26,2026-10-02,275.0,P,1.06,1.11,1.085,45.1422,-0.045302,0.001917,-0.062326,0.104928,37,345.82,11,49,-0.37
TSLA,2026-08-26,2026-10-02,280.0,P,1.3,1.35,1.325,44.1412,-0.054893,0.002285,-0.070908,0.122293,37,345.82,9,187,-0.37
TSLA,2026-08-26,2026-10-02,285.0,P,1.6,1.66,1.63,43.2989,-0.066915,0.00272,-0.081056,0.142782,37,345.82,72,544,-0.37
TSLA,2026-08-26,2026-10-02,290.0,P,1.99,2.06,2.025,42.5909,-0.081725,0.003222,-0.092697,0.166345,37,345.82,26,1173,-0.37
TSLA,2026-08-26,2026-10-02,295.0,P,2.47,2.55,2.51,41.9439,-0.0994,0.003783,-0.105338,0.192384,37,345.82,49,153,-0.37
TSLA,2026-08-26,2026-10-02,300.0,P,3.05,3.2,3.125,41.5533,-0.121248,0.004404,-0.120052,0.221864,37,345.82,80,701,-0.37
TSLA,2026-08-26,2026-10-02,305.0,P,3.8,3.9,3.85,40.8819,-0.144841,0.00506,-0.133116,0.250768,37,345.82,40,237,-0.37
TSLA,2026-08-26,2026-10-02,310.0,P,4.65,4.85,4.75,40.6317,-0.173905,0.005739,-0.148691,0.282693,37,345.82,287,840,-0.37
TSLA,2026-08-26,2026-10-02,315.0,P,5.7,5.9,5.8,40.1739,-0.205258,0.006428,-0.162237,0.313069,37,345.82,261,471,-0.37
TSLA,2026-08-26,2026-10-02,320.0,P,7.0,7.15,7.075,39.8077,-0.240365,0.007099,-0.175209,0.342568,37,345.82,105,758,-0.37
TSLA,2026-08-26,2026-10-02,325.0,P,8.45,8.65,8.55,39.6002,-0.279209,0.00771,-0.187494,0.370128,37,345.82,351,353,-0.37
TSLA,2026-08-26,2026-10-02,330.0,P,9.15,10.35,9.75,39.3683,-0.320574,0.008256,-0.197445,0.39404,37,345.82,265,371,-0.37
TSLA,2026-08-26,2026-10-02,335.0,P,11.45,12.25,11.85,39.0997,-0.364055,0.008723,-0.20459,0.413496,37,345.82,22,298,-0.37
TSLA,2026-08-26,2026-10-02,340.0,P,14.2,14.4,14.3,38.8922,-0.409361,0.009075,-0.209189,0.427867,37,345.82,105,382,-0.37
TSLA,2026-08-26,2026-10-02,345.0,P,16.6,16.8,16.7,38.7274,-0.455713,0.009298,-0.210921,0.436543,37,345.82,99,283,-0.37
TSLA,2026-08-26,2026-10-02,350.0,P,19.25,19.45,19.35,38.6145,-0.502325,0.009383,-0.209774,0.439245,37,345.82,189,237,-0.37
TSLA,2026-08-26,2026-10-02,355.0,P,22.1,22.45,22.275,38.7824,-0.547817,0.009275,-0.207232,0.436094,37,345.82,14,138,-0.37
TSLA,2026-08-26,2026-10-02,360.0,P,25.1,25.65,25.375,38.9166,-0.591802,0.009063,-0.201686,0.427571,37,345.82,50,84,-0.37
TSLA,2026-08-26,2026-10-02,365.0,P,28.25,28.95,28.6,38.8068,-0.634888,0.008798,-0.192048,0.413899,37,345.82,14,37,-0.37
TSLA,2026-08-26,2026-10-02,370.0,P,31.8,32.45,32.125,38.703,-0.675984,0.008435,-0.180211,0.395789,37,345.82,36,88,-0.37
TSLA,2026-08-26,2026-10-02,375.0,P,35.45,36.25,35.85,38.9105,-0.712858,0.007953,-0.168794,0.375137,37,345.82,27,17,-0.37
TSLA,2026-08-26,2026-10-02,380.0,P,39.35,40.3,39.825,39.3866,-0.745077,0.007403,-0.158159,0.3535,37,345.82,31,50,-0.37
TSLA,2026-08-26,2026-10-02,385.0,P,43.25,44.3,43.775,39.3256,-0.777775,0.006878,-0.142717,0.327895,37,345.82,24,70,-0.37
TSLA,2026-08-26,2026-10-02,390.0,P,47.45,48.55,48.0,39.6307,-0.805135,0.006316,-0.12959,0.30344,37,345.82,8,17,-0.37
TSLA,2026-08-26,2026-10-02,395.0,P,51.75,52.85,52.3,39.7406,-0.830984,0.005762,-0.114822,0.277587,37,345.82,17,32,-0.37
TSLA,2026-08-26,2026-10-02,400.0,P,56.2,57.3,56.75,40.0397,-0.852825,0.005222,-0.101687,0.253475,37,345.82,1,14,-0.37
TSLA,2026-08-26,2026-10-02,405.0,P,60.7,61.85,61.275,40.4303,-0.871553,0.004713,-0.089628,0.230988,37,345.82,3,9,-0.37
TSLA,2026-08-26,2026-10-02,410.0,P,65.3,66.45,65.875,40.7355,-0.88856,0.004232,-0.077405,0.208973,37,345.82,1,2,-0.37
TSLA,2026-08-26,2026-10-02,415.0,P,67.7,73.35,70.525,50.9038,-0.84639,0.004226,-0.142556,0.260807,37,345.82,1,2,-0.37
TSLA,2026-08-26,2026-10-02,420.0,P,73.4,77.85,75.625,51.0991,-0.862179,0.003914,-0.129573,0.242463,37,345.82,4,6,-0.37
TSLA,2026-08-26,2026-10-02,425.0,P,77.25,82.45,79.85,51.4836,-0.875544,0.00362,-0.118424,0.225963,37,345.82,2,3,-0.37
TSLA,2026-08-26,2026-10-02,430.0,P,82.0,86.95,84.475,51.1724,-0.891174,0.003312,-0.102286,0.205447,37,345.82,1,0,-0.37
TSLA,2026-08-26,2026-10-02,435.0,P,86.8,92.5,89.65,55.6889,-0.881836,0.003227,-0.123943,0.217869,37,345.82,9,19,-0.37
TSLA,2026-08-26,2026-10-02,440.0,P,91.7,97.4,94.55,57.1537,-0.887256,0.003041,-0.122051,0.210719,37,345.82,8,2,-0.37
TSLA,2026-08-26,2026-10-02,460.0,P,110.2,118.2,114.2,68.2742,-0.88231,0.002625,-0.157824,0.21725,37,345.82,6,3,-0.37
TSLA,2026-08-26,2026-10-02,465.0,P,115.0,122.5,118.75,66.7118,-0.898018,0.002424,-0.133111,0.196016,37,345.82,6,3,-0.37
TSLA,2026-08-26,2026-10-02,500.0,P,150.25,157.95,154.1,80.5178,-0.902411,0.001945,-0.159209,0.18981,37,345.82,0,0,-0.37
TSLA,2026-08-26,2026-10-16,50.0,C,293.05,300.5,296.775,254.8832,0.993991,5.2e-05,-0.059729,0.02201,51,345.82,2,2,-0.37
TSLA,2026-08-26,2026-10-16,60.0,C,286.1,293.5,289.8,302.8323,0.982908,0.000108,-0.167608,0.054751,51,345.82,1,1,-0.37
TSLA,2026-08-26,2026-10-16,85.0,C,261.75,268.65,265.2,248.3158,0.976231,0.000175,-0.183594,0.072416,51,345.82,1,0,-0.37
TSLA,2026-08-26,2026-10-16,100.0,C,248.0,251.7,249.85,216.602,0.97403,0.000215,-0.174397,0.077997,51,345.82,1,139,-0.37
TSLA,2026-08-26,2026-10-16,105.0,C,243.15,246.8,244.975,210.0835,0.972385,0.000234,-0.178299,0.082102,51,345.82,10,154,-0.37
TSLA,2026-08-26,2026-10-16,110.0,C,238.1,241.8,239.95,202.1733,0.971308,0.000251,-0.17767,0.08476,51,345.82,2,130,-0.37
TSLA,2026-08-26,2026-10-16,120.0,C,222.85,230.75,226.8,142.3343,0.988246,0.000167,-0.066906,0.039657,51,345.82,1,350,-0.37
TSLA,2026-08-26,2026-10-16,125.0,C,268.65,273.95,271.3,456.2748,0.926811,0.000236,-0.808435,0.179601,51,345.82,2,63,-0.37
TSLA,2026-08-26,2026-10-16,130.0,C,218.75,222.0,220.375,179.1993,0.964324,0.000339,-0.189653,0.101465,51,345.82,1,95,-0.37
TSLA,2026-08-26,2026-10-16,140.0,C,208.85,212.05,210.45,167.7248,0.961137,0.000388,-0.191208,0.108812,51,345.82,1,45,-0.37
TSLA,2026-08-26,2026-10-16,150.0,C,193.45,201.0,197.225,121.7777,0.980955,0.000295,-0.085973,0.06004,51,345.82,1,38,-0.37
TSLA,2026-08-26,2026-10-16,165.0,C,184.1,187.25,185.675,142.5662,0.952011,0.000542,-0.194786,0.129018,51,345.82,33,45,-0.37
TSLA,2026-08-26,2026-10-16,175.0,C,169.5,176.2,172.85,108.9848,0.970508,0.000476,-0.109038,0.086719,51,345.82,6,100,-0.37
TSLA,2026-08-26,2026-10-16,180.0,C,163.5,170.9,167.2,97.461,0.976629,0.000438,-0.085375,0.071392,51,345.82,15,105,-0.37
TSLA,2026-08-26,2026-10-16,190.0,C,154.15,161.5,157.825,97.2412,0.967377,0.00058,-0.107655,0.09427,51,345.82,4,55,-0.37
TSLA,2026-08-26,2026-10-16,195.0,C,149.2,156.55,152.875,94.0796,0.965593,0.000627,-0.109064,0.098493,51,345.82,1,57,-0.37
TSLA,2026-08-26,2026-10-16,200.0,C,144.25,151.65,147.95,91.211,0.963411,0.00068,-0.111268,0.103586,51,345.82,1,119,-0.37
TSLA,2026-08-26,2026-10-16,205.0,C,138.45,146.65,142.55,83.9845,0.967046,0.000677,-0.097574,0.095056,51,345.82,1,37,-0.37
TSLA,2026-08-26,2026-10-16,210.0,C,133.9,141.55,137.725,82.3,0.963434,0.000753,-0.103203,0.103533,51,345.82,10,56,-0.37
TSLA,2026-08-26,2026-10-16,215.0,C,129.4,136.8,133.1,82.1413,0.957123,0.000859,-0.114814,0.117844,51,345.82,1,64,-0.37
TSLA,2026-08-26,2026-10-16,220.0,C,126.25,130.65,128.45,81.4211,0.951058,0.000963,-0.124793,0.131065,51,345.82,3,535,-0.37
TSLA,2026-08-26,2026-10-16,225.0,C,119.3,126.75,123.025,74.988,0.954671,0.000984,-0.11145,0.123248,51,345.82,1,73,-0.37
TSLA,2026-08-26,2026-10-16,230.0,C,114.6,121.35,117.975,71.4358,0.953537,0.001053,-0.109358,0.125721,51,345.82,4,133,-0.37
TSLA,2026-08-26,2026-10-16,235.0,C,109.1,116.85,112.975,68.3353,0.951577,0.001138,-0.108805,0.129951,51,345.82,2,77,-0.37
TSLA,2026-08-26,2026-10-16,240.0,C,106.45,109.7,108.075,65.9671,0.947978,0.001248,-0.111099,0.137595,51,345.82,1,228,-0.37
TSLA,2026-08-26,2026-10-16,245.0,C,101.75,104.75,103.25,64.0629,0.943009,0.001382,-0.115309,0.147889,51,345.82,1,164,-0.37
TSLA,2026-08-26,2026-10-16,250.0,C,97.3,99.45,98.375,61.7924,0.938526,0.00152,-0.117834,0.156939,51,345.82,10,239,-0.37
TSLA,2026-08-26,2026-10-16,255.0,C,91.9,94.85,93.375,58.7834,0.935721,0.001654,-0.116808,0.162489,51,345.82,72,93,-0.37
TSLA,2026-08-26,2026-10-16,260.0,C,87.95,89.45,88.7,57.5749,0.927431,0.001855,-0.124066,0.178433,51,345.82,16,72,-0.37
TSLA,2026-08-26,2026-10-16,265.0,C,82.8,84.8,83.8,55.0847,0.922307,0.002042,-0.125171,0.187964,51,345.82,69,70,-0.37
TSLA,2026-08-26,2026-10-16,270.0,C,78.55,79.75,79.15,53.748,0.912768,0.002284,-0.131869,0.205091,51,345.82,1,123,-0.37
TSLA,2026-08-26,2026-10-16,275.0,C,73.8,75.05,74.425,51.9353,0.90388,0.002539,-0.136175,0.220378,51,345.82,3,188,-0.37
TSLA,2026-08-26,2026-10-16,280.0,C,69.35,70.45,69.9,50.8123,0.891341,0.002838,-0.144009,0.240936,51,345.82,3,170,-0.37
TSLA,2026-08-26,2026-10-16,285.0,C,64.85,65.95,65.4,51.5325,0.870179,0.003173,-0.161673,0.273197,51,345.82,2,61,-0.37
TSLA,2026-08-26,2026-10-16,290.0,C,60.3,61.5,60.9,50.1348,0.855556,0.003508,-0.168029,0.293868,51,345.82,6,160,-0.37
TSLA,2026-08-26,2026-10-16,295.0,C,56.05,57.1,56.575,48.7127,0.839463,0.003872,-0.174009,0.315212,51,345.82,1,100,-0.37
TSLA,2026-08-26,2026-10-16,300.0,C,51.9,52.8,52.35,47.3943,0.82121,0.004265,-0.180211,0.337762,51,345.82,28,578,-0.37
TSLA,2026-08-26,2026-10-16,305.0,C,47.8,48.95,48.375,47.0647,0.79708,0.004642,-0.191262,0.365056,51,345.82,5,570,-0.37
TSLA,2026-08-26,2026-10-16,310.0,C,44.05,46.05,45.05,48.731,0.764136,0.004888,-0.212135,0.398045,51,345.82,29,1991,-0.37
TSLA,2026-08-26,2026-10-16,315.0,C,40.2,41.3,40.75,45.5663,0.746486,0.005435,-0.206695,0.41382,51,345.82,5,449,-0.37
TSLA,2026-08-26,2026-10-16,320.0,C,36.95,37.55,37.25,44.5562,0.71909,0.005854,-0.211636,0.435828,51,345.82,25,1367,-0.37
TSLA,2026-08-26,2026-10-16,325.0,C,33.65,34.3,33.975,44.3426,0.687436,0.006177,-0.219449,0.457678,51,345.82,50,1097,-0.37
TSLA,2026-08-26,2026-10-16,330.0,C,30.5,31.0,30.75,43.6804,0.655423,0.006522,-0.223565,0.476052,51,345.82,35,2330,-0.37
TSLA,2026-08-26,2026-10-16,335.0,C,27.6,28.0,27.8,43.2989,0.621409,0.006795,-0.227517,0.491633,51,345.82,140,2651,-0.37
TSLA,2026-08-26,2026-10-16,340.0,C,24.85,25.25,25.05,43.0731,0.586263,0.006997,-0.230536,0.503599,51,345.82,160,2154,-0.37
TSLA,2026-08-26,2026-10-16,345.0,C,22.3,22.65,22.475,42.7984,0.550553,0.007153,-0.231539,0.511556,51,345.82,513,946,-0.37
TSLA,2026-08-26,2026-10-16,350.0,C,20.0,20.35,20.175,42.7588,0.514759,0.007213,-0.231916,0.515349,51,345.82,760,3980,-0.37
TSLA,2026-08-26,2026-10-16,355.0,C,17.9,18.15,18.025,42.5756,0.479004,0.007239,-0.229818,0.514988,51,345.82,444,1246,-0.37
TSLA,2026-08-26,2026-10-16,360.0,C,15.95,16.45,16.2,43.0365,0.44539,0.007104,-0.229406,0.510863,51,345.82,359,3242,-0.37
TSLA,2026-08-26,2026-10-16,365.0,C,14.2,14.4,14.3,42.4933,0.409841,0.007076,-0.22216,0.502476,51,345.82,115,1886,-0.37
TSLA,2026-08-26,2026-10-16,370.0,C,12.6,12.8,12.7,42.5238,0.377037,0.00691,-0.216549,0.491008,51,345.82,231,2135,-0.37
TSLA,2026-08-26,2026-10-16,375.0,C,11.2,11.35,11.275,42.5604,0.345596,0.006701,-0.209756,0.476577,51,345.82,679,3307,-0.37
TSLA,2026-08-26,2026-10-16,380.0,C,9.9,10.1,10.0,42.7343,0.316364,0.006442,-0.202753,0.460052,51,345.82,504,6836,-0.37
TSLA,2026-08-26,2026-10-16,385.0,C,8.55,8.95,8.75,42.8534,0.288517,0.006164,-0.194609,0.441422,51,345.82,401,1052,-0.37
TSLA,2026-08-26,2026-10-16,390.0,C,7.75,7.95,7.85,43.0487,0.262828,0.005861,-0.186309,0.421634,51,345.82,251,2664,-0.37
TSLA,2026-08-26,2026-10-16,395.0,C,6.9,7.1,7.0,43.3599,0.239617,0.005542,-0.178318,0.401508,51,345.82,152,1908,-0.37
TSLA,2026-08-26,2026-10-16,400.0,C,6.1,6.2,6.15,43.2989,0.215794,0.005232,-0.167578,0.378515,51,345.82,1572,10232,-0.37
TSLA,2026-08-26,2026-10-16,405.0,C,5.4,5.5,5.45,43.5308,0.195511,0.004907,-0.158607,0.356968,51,345.82,223,988,-0.37
TSLA,2026-08-26,2026-10-16,410.0,C,4.8,4.9,4.85,43.8299,0.177303,0.004587,-0.150065,0.335988,51,345.82,200,1901,-0.37
TSLA,2026-08-26,2026-10-16,415.0,C,4.25,4.35,4.3,44.0801,0.160338,0.004276,-0.141265,0.314957,51,345.82,208,1297,-0.37
TSLA,2026-08-26,2026-10-16,420.0,C,3.75,3.9,3.825,44.4647,0.145688,0.003978,-0.133535,0.29557,51,345.82,281,2858,-0.37
TSLA,2026-08-26,2026-10-16,425.0,C,3.35,3.45,3.4,44.66,0.131218,0.003688,-0.124736,0.275227,51,345.82,130,2403,-0.37
TSLA,2026-08-26,2026-10-16,430.0,C,3.0,3.1,3.05,45.0567,0.119248,0.003419,-0.117568,0.257443,51,345.82,263,7431,-0.37
TSLA,2026-08-26,2026-10-16,435.0,C,2.7,2.76,2.73,45.3253,0.107672,0.00316,-0.109841,0.239358,51,345.82,64,1443,-0.37
TSLA,2026-08-26,2026-10-16,440.0,C,2.43,2.48,2.455,45.6915,0.097725,0.002922,-0.103087,0.223073,51,345.82,169,1603,-0.37
TSLA,2026-08-26,2026-10-16,445.0,C,2.18,2.24,2.21,46.1065,0.088991,0.002702,-0.096976,0.208166,51,345.82,46,1474,-0.37
TSLA,2026-08-26,2026-10-16,450.0,C,1.97,2.03,2.0,46.5398,0.081197,0.002499,-0.091303,0.194345,51,345.82,560,6544,-0.37
TSLA,2026-08-26,2026-10-16,455.0,C,1.79,1.84,1.815,46.961,0.0741,0.00231,-0.085875,0.181307,51,345.82,72,469,-0.37
TSLA,2026-08-26,2026-10-16,460.0,C,1.63,1.68,1.655,47.437,0.067945,0.00214,-0.081089,0.169624,51,345.82,417,1737,-0.37
TSLA,2026-08-26,2026-10-16,465.0,C,1.48,1.53,1.505,47.8643,0.062172,0.00198,-0.076312,0.158327,51,345.82,4,1713,-0.37
TSLA,2026-08-26,2026-10-16,470.0,C,1.36,1.41,1.385,48.3892,0.057363,0.001838,-0.07238,0.148649,51,345.82,94,1785,-0.37
TSLA,2026-08-26,2026-10-16,475.0,C,1.25,1.3,1.275,48.9019,0.052966,0.001708,-0.068634,0.139573,51,345.82,11,1829,-0.37
TSLA,2026-08-26,2026-10-16,480.0,C,1.16,1.2,1.18,49.4024,0.048941,0.001588,-0.065066,0.131061,51,345.82,32,1431,-0.37
TSLA,2026-08-26,2026-10-16,485.0,C,1.07,1.11,1.09,49.9028,0.045294,0.001477,-0.061731,0.123172,51,345.82,2,282,-0.37
TSLA,2026-08-26,2026-10-16,490.0,C,1.0,1.04,1.02,50.3301,0.041738,0.001371,-0.05825,0.115305,51,345.82,76,467,-0.37
TSLA,2026-08-26,2026-10-16,495.0,C,0.94,0.97,0.955,50.9038,0.038986,0.001283,-0.055708,0.109091,51,345.82,223,486,-0.37
TSLA,2026-08-26,2026-10-16,500.0,C,0.88,0.91,0.895,51.4653,0.036446,0.001201,-0.053281,0.103255,51,345.82,639,6545,-0.37
TSLA,2026-08-26,2026-10-16,505.0,C,0.82,0.98,0.9,52.6372,0.035945,0.001161,-0.053849,0.102091,51,345.82,3,264,-0.37
TSLA,2026-08-26,2026-10-16,510.0,C,0.78,0.81,0.795,52.6372,0.032165,0.001059,-0.049127,0.093175,51,345.82,14,1413,-0.37
TSLA,2026-08-26,2026-10-16,515.0,C,0.74,0.89,0.815,53.9311,0.03222,0.001035,-0.050379,0.093308,51,345.82,1,365,-0.37
TSLA,2026-08-26,2026-10-16,520.0,C,0.69,0.85,0.77,54.4682,0.030304,0.000974,-0.048344,0.088694,51,345.82,5,2808,-0.37
TSLA,2026-08-26,2026-10-16,525.0,C,0.66,0.7,0.68,54.4438,0.027158,0.00089,-0.044099,0.080969,51,345.82,16,321,-0.37
TSLA,2026-08-26,2026-10-16,530.0,C,0.63,0.66,0.645,55.0053,0.025668,0.00084,-0.042483,0.077237,51,345.82,20,426,-0.37
TSLA,2026-08-26,2026-10-16,535.0,C,0.6,0.63,0.615,55.5913,0.024354,0.000796,-0.041071,0.073909,51,345.82,1,316,-0.37
TSLA,2026-08-26,2026-10-16,540.0,C,0.57,0.6,0.585,56.1528,0.023095,0.000753,-0.03966,0.070682,51,345.82,3,459,-0.37
TSLA,2026-08-26,2026-10-16,545.0,C,0.53,0.7,0.615,57.52,0.023623,0.00075,-0.041389,0.072041,51,345.82,2,426,-0.37
TSLA,2026-08-26,2026-10-16,550.0,C,0.52,0.56,0.54,57.3735,0.021062,0.000682,-0.037465,0.065395,51,345.82,11,2498,-0.37
TSLA,2026-08-26,2026-10-16,555.0,C,0.5,0.53,0.515,57.9106,0.020025,0.000647,-0.03622,0.062654,51,345.82,64,77,-0.37
TSLA,2026-08-26,2026-10-16,560.0,C,0.48,0.51,0.495,58.4965,0.019155,0.000617,-0.035223,0.060337,51,345.82,8,1104,-0.37
TSLA,2026-08-26,2026-10-16,570.0,C,0.44,0.48,0.46,59.6684,0.017609,0.000563,-0.033423,0.056161,51,345.82,1,362,-0.37
TSLA,2026-08-26,2026-10-16,580.0,C,0.41,0.44,0.425,60.7426,0.016128,0.000513,-0.031546,0.052097,51,345.82,20,354,-0.37
TSLA,2026-08-26,2026-10-16,590.0,C,0.38,0.41,0.395,61.8168,0.014852,0.00047,-0.029896,0.048539,51,345.82,204,917,-0.37
TSLA,2026-08-26,2026-10-16,600.0,C,0.36,0.39,0.375,62.9887,0.013882,0.000435,-0.028728,0.045795,51,345.82,16,3681,-0.37
TSLA,2026-08-26,2026-10-16,610.0,C,0.33,0.36,0.345,63.9164,0.012728,0.000398,-0.027035,0.042488,51,345.82,4,291,-0.37
TSLA,2026-08-26,2026-10-16,620.0,C,0.31,0.34,0.325,64.9418,0.011839,0.000368,-0.025789,0.039905,51,345.82,2,211,-0.37
TSLA,2026-08-26,2026-10-16,630.0,C,0.29,0.32,0.305,65.9671,0.011062,0.000341,-0.024686,0.03762,51,345.82,39,1797,-0.37
TSLA,2026-08-26,2026-10-16,640.0,C,0.27,0.3,0.285,66.846,0.010227,0.000315,-0.023355,0.035134,51,345.82,1,302,-0.37
TSLA,2026-08-26,2026-10-16,650.0,C,0.25,0.28,0.265,67.6761,0.009445,0.00029,-0.022051,0.032777,51,345.82,36,475,-0.37
TSLA,2026-08-26,2026-10-16,660.0,C,0.24,0.27,0.255,68.7991,0.009026,0.000274,-0.021536,0.031499,51,345.82,1,112,-0.37
TSLA,2026-08-26,2026-10-16,670.0,C,0.2,0.25,0.225,69.1409,0.007981,0.000245,-0.019423,0.028275,51,345.82,2,1367,-0.37
TSLA,2026-08-26,2026-10-16,680.0,C,0.21,0.24,0.225,70.4593,0.007845,0.000237,-0.01949,0.02785,51,345.82,47,1463,-0.37
TSLA,2026-08-26,2026-10-16,690.0,C,0.2,0.23,0.215,71.387,0.007427,0.000222,-0.018813,0.02654,51,345.82,1,277,-0.37
TSLA,2026-08-26,2026-10-16,700.0,C,0.19,0.22,0.205,72.2659,0.007019,0.000209,-0.018114,0.02525,51,345.82,272,1113,-0.37
TSLA,2026-08-26,2026-10-16,710.0,C,0.18,0.21,0.195,73.1448,0.006654,0.000197,-0.017487,0.024088,51,345.82,1,326,-0.37
TSLA,2026-08-26,2026-10-16,720.0,C,0.17,0.2,0.185,73.926,0.006263,0.000185,-0.016748,0.022831,51,345.82,1,160,-0.37
TSLA,2026-08-26,2026-10-16,730.0,C,0.16,0.19,0.175,74.7073,0.005912,0.000174,-0.016079,0.021694,51,345.82,3,241,-0.37
TSLA,2026-08-26,2026-10-16,740.0,C,0.15,0.18,0.165,75.3909,0.005539,0.000163,-0.01531,0.020473,51,345.82,1,79,-0.37
TSLA,2026-08-26,2026-10-16,750.0,C,0.14,0.17,0.155,76.0745,0.005202,0.000152,-0.014609,0.019364,51,345.82,4,255,-0.37
TSLA,2026-08-26,2026-10-16,760.0,C,0.14,0.17,0.155,77.1487,0.005109,0.000148,-0.014576,0.019055,51,345.82,22,302,-0.37
TSLA,2026-08-26,2026-10-16,770.0,C,0.13,0.16,0.145,77.7346,0.004774,0.000138,-0.013822,0.017937,51,345.82,4,278,-0.37
TSLA,2026-08-26,2026-10-16,780.0,C,0.13,0.15,0.14,78.5158,0.004566,0.000131,-0.013416,0.017239,51,345.82,1,141,-0.37
TSLA,2026-08-26,2026-10-16,790.0,C,0.12,0.15,0.135,79.2971,0.004378,0.000125,-0.013047,0.016602,51,345.82,1,42,-0.37
TSLA,2026-08-26,2026-10-16,800.0,C,0.11,0.14,0.125,79.7854,0.004075,0.000117,-0.012311,0.015572,51,345.82,2,4597,-0.37
TSLA,2026-08-26,2026-10-16,810.0,C,0.11,0.17,0.14,81.6408,0.004403,0.000122,-0.013498,0.016688,51,345.82,1,857,-0.37
TSLA,2026-08-26,2026-10-16,820.0,C,0.1,0.29,0.195,85.4494,0.005748,0.000148,-0.017908,0.02116,51,345.82,1,1437,-0.37
TSLA,2026-08-26,2026-10-16,830.0,C,0.08,0.16,0.12,82.4221,0.003782,0.000106,-0.01189,0.014565,51,345.82,50,180,-0.37
TSLA,2026-08-26,2026-10-16,840.0,C,0.08,0.16,0.12,83.3986,0.003743,0.000104,-0.011917,0.014429,51,345.82,1,119,-0.37
TSLA,2026-08-26,2026-10-16,850.0,C,0.07,0.21,0.14,85.6447,0.004232,0.000113,-0.013659,0.016107,51,345.82,1,830,-0.37
TSLA,2026-08-26,2026-10-16,860.0,C,0.05,0.26,0.155,87.5001,0.00458,0.000118,-0.014973,0.017285,51,345.82,1,68,-0.37
TSLA,2026-08-26,2026-10-16,870.0,C,0.06,0.2,0.13,86.9142,0.003891,0.000103,-0.012854,0.01494,51,345.82,2,679,-0.37
TSLA,2026-08-26,2026-10-16,880.0,C,0.06,0.12,0.09,84.9611,0.002838,7.9e-05,-0.009461,0.011249,51,345.82,4,529,-0.37
TSLA,2026-08-26,2026-10-16,890.0,C,0.05,0.35,0.2,92.5782,0.005484,0.000131,-0.018591,0.020293,51,345.82,3,217,-0.37
TSLA,2026-08-26,2026-10-16,900.0,C,0.07,0.1,0.085,86.2306,0.002634,7.3e-05,-0.008974,0.010515,51,345.82,265,5073,-0.37
TSLA,2026-08-26,2026-10-16,50.0,P,0.01,0.05,0.03,170.3126,-0.000384,6e-06,-0.002987,0.001798,51,345.82,51,5610,-0.37
TSLA,2026-08-26,2026-10-16,55.0,P,0.0,0.05,0.025,159.3752,-0.000346,6e-06,-0.002537,0.001633,51,345.82,13,4167,-0.37
TSLA,2026-08-26,2026-10-16,60.0,P,0.0,0.05,0.025,151.5627,-0.000357,7e-06,-0.002484,0.001681,51,345.82,2,2882,-0.37
TSLA,2026-08-26,2026-10-16,65.0,P,0.0,0.03,0.015,139.0628,-0.000246,5e-06,-0.001608,0.001187,51,345.82,1,652,-0.37
TSLA,2026-08-26,2026-10-16,70.0,P,0.0,0.03,0.015,132.8128,-0.000254,6e-06,-0.001585,0.001225,51,345.82,4,1355,-0.37
TSLA,2026-08-26,2026-10-16,75.0,P,0.0,0.05,0.025,132.8128,-0.000423,9e-06,-0.002545,0.001967,51,345.82,1,630,-0.37
TSLA,2026-08-26,2026-10-16,80.0,P,0.0,0.05,0.025,127.3441,-0.000443,1e-05,-0.002548,0.002055,51,345.82,3,1217,-0.37
TSLA,2026-08-26,2026-10-16,85.0,P,0.0,0.1,0.05,129.6879,-0.000823,1.7e-05,-0.004593,0.003638,51,345.82,8,190,-0.37
TSLA,2026-08-26,2026-10-16,90.0,P,0.0,0.1,0.05,124.6098,-0.000862,1.8e-05,-0.004607,0.003799,51,345.82,6,680,-0.37
TSLA,2026-08-26,2026-10-16,95.0,P,0.0,0.1,0.05,119.5317,-0.000884,1.9e-05,-0.004519,0.003887,51,345.82,557,593,-0.37
TSLA,2026-08-26,2026-10-16,100.0,P,0.0,0.1,0.05,115.2348,-0.000942,2.1e-05,-0.004619,0.004122,51,345.82,52,3021,-0.37
TSLA,2026-08-26,2026-10-16,105.0,P,0.0,0.1,0.05,110.9379,-0.000987,2.3e-05,-0.004638,0.0043,51,345.82,83,905,-0.37
TSLA,2026-08-26,2026-10-16,110.0,P,0.01,0.08,0.045,105.4692,-0.000918,2.3e-05,-0.004124,0.004023,51,345.82,1,1266,-0.37
TSLA,2026-08-26,2026-10-16,115.0,P,0.0,0.1,0.05,102.7349,-0.001062,2.7e-05,-0.00459,0.004598,51,345.82,336,390,-0.37
TSLA,2026-08-26,2026-10-16,120.0,P,0.0,0.08,0.04,96.875,-0.00091,2.5e-05,-0.003755,0.003991,51,345.82,9,2001,-0.37
TSLA,2026-08-26,2026-10-16,125.0,P,0.0,0.08,0.04,93.3594,-0.000951,2.7e-05,-0.003766,0.004155,51,345.82,15,186,-0.37
TSLA,2026-08-26,2026-10-16,130.0,P,0.0,0.14,0.07,94.7266,-0.001565,4.1e-05,-0.006027,0.006556,51,345.82,17,669,-0.37
TSLA,2026-08-26,2026-10-16,135.0,P,0.0,0.15,0.075,91.797,-0.001706,4.6e-05,-0.006318,0.007094,51,345.82,62,67,-0.37
TSLA,2026-08-26,2026-10-16,140.0,P,0.05,0.15,0.1,91.211,-0.002271,6e-05,-0.008136,0.009197,51,345.82,90,106,-0.37
TSLA,2026-08-26,2026-10-16,145.0,P,0.05,0.11,0.08,85.7423,-0.001937,5.6e-05,-0.006617,0.00796,51,345.82,50,238,-0.37
TSLA,2026-08-26,2026-10-16,150.0,P,0.1,0.11,0.105,84.9611,-0.002515,7.1e-05,-0.008304,0.010086,51,345.82,51,1487,-0.37
TSLA,2026-08-26,2026-10-16,155.0,P,0.08,0.16,0.12,83.1056,-0.002933,8.3e-05,-0.009328,0.011588,51,345.82,2,50,-0.37
TSLA,2026-08-26,2026-10-16,160.0,P,0.11,0.17,0.14,81.4455,-0.003459,9.9e-05,-0.010599,0.013441,51,345.82,1,216,-0.37
TSLA,2026-08-26,2026-10-16,165.0,P,0.1,0.19,0.145,78.7112,-0.003685,0.000108,-0.010838,0.014229,51,345.82,1,132,-0.37
TSLA,2026-08-26,2026-10-16,170.0,P,0.11,0.21,0.16,76.6604,-0.004153,0.000124,-0.011743,0.015837,51,345.82,16,465,-0.37
TSLA,2026-08-26,2026-10-16,175.0,P,0.12,0.23,0.175,74.512,-0.004617,0.00014,-0.012541,0.01741,51,345.82,5,341,-0.37
TSLA,2026-08-26,2026-10-16,180.0,P,0.13,0.25,0.19,72.3636,-0.00511,0.000158,-0.013326,0.019059,51,345.82,6,244,-0.37
TSLA,2026-08-26,2026-10-16,185.0,P,0.2,0.27,0.235,71.4847,-0.006316,0.000193,-0.015878,0.023001,51,345.82,13,336,-0.37
TSLA,2026-08-26,2026-10-16,190.0,P,0.16,0.29,0.225,68.3109,-0.006328,0.000202,-0.01519,0.023041,51,345.82,37,332,-0.37
TSLA,2026-08-26,2026-10-16,195.0,P,0.23,0.26,0.245,66.3089,-0.007021,0.000228,-0.016153,0.025258,51,345.82,77,289,-0.37
TSLA,2026-08-26,2026-10-16,200.0,P,0.25,0.28,0.265,64.3558,-0.007802,0.000258,-0.017191,0.027717,51,345.82,42,2690,-0.37
TSLA,2026-08-26,2026-10-16,205.0,P,0.27,0.3,0.285,62.3051,-0.008567,0.000289,-0.018056,0.03009,51,345.82,39,216,-0.37
TSLA,2026-08-26,2026-10-16,210.0,P,0.3,0.32,0.31,60.4496,-0.009557,0.000328,-0.019264,0.033114,51,345.82,141,1106,-0.37
TSLA,2026-08-26,2026-10-16,215.0,P,0.33,0.35,0.34,58.643,-0.010687,0.000373,-0.020586,0.036508,51,345.82,87,486,-0.37
TSLA,2026-08-26,2026-10-16,220.0,P,0.36,0.4,0.38,57.0073,-0.012122,0.000428,-0.022306,0.04073,51,345.82,34,1210,-0.37
TSLA,2026-08-26,2026-10-16,225.0,P,0.4,0.44,0.42,55.3227,-0.013664,0.000489,-0.023988,0.045176,51,345.82,4,727,-0.37
TSLA,2026-08-26,2026-10-16,230.0,P,0.45,0.48,0.465,53.6626,-0.015418,0.000559,-0.02579,0.050123,51,345.82,31,341,-0.37
TSLA,2026-08-26,2026-10-16,235.0,P,0.51,0.54,0.525,52.1489,-0.017611,0.000645,-0.028054,0.056167,51,345.82,1,1237,-0.37
TSLA,2026-08-26,2026-10-16,240.0,P,0.58,0.61,0.595,50.7329,-0.020271,0.000747,-0.030726,0.063307,51,345.82,6,2415,-0.37
TSLA,2026-08-26,2026-10-16,245.0,P,0.66,0.7,0.68,49.6099,-0.023901,0.000878,-0.034487,0.072753,51,345.82,26,891,-0.37
TSLA,2026-08-26,2026-10-16,250.0,P,0.77,0.81,0.79,48.3892,-0.027891,0.001024,-0.038227,0.082786,51,345.82,104,3757,-0.37
TSLA,2026-08-26,2026-10-16,255.0,P,0.91,0.95,0.93,47.2906,-0.032812,0.001199,-0.042683,0.094719,51,345.82,91,1442,-0.37
TSLA,2026-08-26,2026-10-16,260.0,P,1.08,1.12,1.1,46.2652,-0.038729,0.001404,-0.047762,0.108506,51,345.82,155,3939,-0.37
TSLA,2026-08-26,2026-10-16,265.0,P,1.28,1.33,1.305,45.3253,-0.045872,0.001643,-0.053571,0.124434,51,345.82,177,1235,-0.37
TSLA,2026-08-26,2026-10-16,270.0,P,1.54,1.58,1.56,44.4097,-0.05425,0.001917,-0.059894,0.142246,51,345.82,104,2019,-0.37
TSLA,2026-08-26,2026-10-16,275.0,P,1.85,1.9,1.875,43.6773,-0.064666,0.002237,-0.067472,0.16325,51,345.82,112,3781,-0.37
TSLA,2026-08-26,2026-10-16,280.0,P,2.23,2.3,2.265,43.0548,-0.07717,0.002599,-0.076028,0.187002,51,345.82,410,16543,-0.37
TSLA,2026-08-26,2026-10-16,285.0,P,2.7,2.76,2.73,42.3895,-0.091346,0.002996,-0.08476,0.212244,51,345.82,32,1962,-0.37
TSLA,2026-08-26,2026-10-16,290.0,P,3.25,3.35,3.3,41.9317,-0.108531,0.003436,-0.094863,0.240732,51,345.82,152,7078,-0.37
TSLA,2026-08-26,2026-10-16,295.0,P,3.9,4.0,3.95,41.3458,-0.127339,0.003902,-0.104448,0.269563,51,345.82,73,3793,-0.37
TSLA,2026-08-26,2026-10-16,300.0,P,4.7,4.85,4.775,41.065,-0.150031,0.004393,-0.115666,0.30144,51,345.82,749,8384,-0.37
TSLA,2026-08-26,2026-10-16,305.0,P,5.65,5.75,5.7,40.5524,-0.174012,0.0049,-0.125387,0.332023,51,345.82,175,2864,-0.37
TSLA,2026-08-26,2026-10-16,310.0,P,6.7,6.85,6.775,40.2228,-0.201371,0.005407,-0.135621,0.363387,51,345.82,156,3565,-0.37
TSLA,2026-08-26,2026-10-16,315.0,P,7.95,8.1,8.025,39.8932,-0.231136,0.005904,-0.145103,0.3936,51,345.82,120,2178,-0.37
TSLA,2026-08-26,2026-10-16,320.0,P,9.4,9.55,9.475,39.649,-0.263542,0.006373,-0.154014,0.422219,51,345.82,285,6114,-0.37
TSLA,2026-08-26,2026-10-16,325.0,P,11.0,11.2,11.1,39.4568,-0.298158,0.006798,-0.161899,0.448198,51,345.82,70,4314,-0.37
TSLA,2026-08-26,2026-10-16,330.0,P,12.8,13.0,12.9,39.1913,-0.334297,0.007185,-0.167883,0.47055,51,345.82,367,16569,-0.37
TSLA,2026-08-26,2026-10-16,335.0,P,14.85,15.05,14.95,39.0509,-0.372184,0.007494,-0.172777,0.489002,51,345.82,113,1600,-0.37
TSLA,2026-08-26,2026-10-16,340.0,P,16.8,17.25,17.025,38.822,-0.410971,0.007751,-0.175364,0.502807,51,345.82,547,7470,-0.37
TSLA,2026-08-26,2026-10-16,345.0,P,19.2,19.7,19.45,38.6969,-0.450507,0.007914,-0.17651,0.511728,51,345.82,375,1556,-0.37
TSLA,2026-08-26,2026-10-16,350.0,P,21.85,22.35,22.1,38.5809,-0.490208,0.007997,-0.175725,0.515547,51,345.82,277,3929,-0.37
TSLA,2026-08-26,2026-10-16,355.0,P,24.9,25.3,25.1,38.6694,-0.52922,0.00796,-0.174053,0.514318,51,345.82,38,1462,-0.37
TSLA,2026-08-26,2026-10-16,360.0,P,27.25,28.4,27.825,38.6908,-0.567454,0.007862,-0.170241,0.508313,51,345.82,24,4762,-0.37
TSLA,2026-08-26,2026-10-16,365.0,P,30.95,31.65,31.3,38.6542,-0.604748,0.007707,-0.164458,0.497822,51,345.82,5,1133,-0.37
TSLA,2026-08-26,2026-10-16,370.0,P,34.55,35.1,34.825,38.6786,-0.64039,0.00748,-0.157533,0.483431,51,345.82,4,2205,-0.37
TSLA,2026-08-26,2026-10-16,375.0,P,37.95,38.7,38.325,38.6816,-0.674472,0.007203,-0.149222,0.465561,51,345.82,8,806,-0.37
TSLA,2026-08-26,2026-10-16,380.0,P,41.85,42.45,42.15,38.6847,-0.706726,0.006881,-0.139866,0.444809,51,345.82,3,9582,-0.37
TSLA,2026-08-26,2026-10-16,385.0,P,44.4,47.9,46.15,42.3407,-0.714441,0.006209,-0.152696,0.439273,51,345.82,7,1240,-0.37
TSLA,2026-08-26,2026-10-16,390.0,P,49.7,50.5,50.1,39.0631,-0.762715,0.006118,-0.121353,0.399363,51,345.82,28,3522,-0.37
TSLA,2026-08-26,2026-10-16,395.0,P,52.5,55.9,54.2,42.4139,-0.766354,0.005587,-0.132394,0.395972,51,345.82,14,2272,-0.37
TSLA,2026-08-26,2026-10-16,400.0,P,58.15,58.85,58.5,39.0692,-0.812808,0.005324,-0.098959,0.347582,51,345.82,16,5437,-0.37
TSLA,2026-08-26,2026-10-16,405.0,P,62.2,63.3,62.75,39.4598,-0.832041,0.004923,-0.090277,0.324587,51,345.82,18,326,-0.37
TSLA,2026-08-26,2026-10-16,410.0,P,66.65,67.75,67.2,39.6246,-0.850943,0.004533,-0.080195,0.300132,51,345.82,3,560,-0.37
TSLA,2026-08-26,2026-10-16,415.0,P,71.15,72.25,71.7,39.7223,-0.868473,0.004153,-0.069895,0.275675,51,345.82,6,785,-0.37
TSLA,2026-08-26,2026-10-16,420.0,P,75.75,76.8,76.275,39.7528,-0.884702,0.003784,-0.059483,0.251374,51,345.82,1,745,-0.37
TSLA,2026-08-26,2026-10-16,425.0,P,80.4,81.45,80.925,39.9664,-0.898106,0.003444,-0.050694,0.229986,51,345.82,1,540,-0.37
TSLA,2026-08-26,2026-10-16,430.0,P,84.9,86.4,85.65,41.3702,-0.902889,0.003212,-0.049975,0.222046,51,345.82,4,570,-0.37
TSLA,2026-08-26,2026-10-16,435.0,P,89.55,91.15,90.35,41.7547,-0.912906,0.002936,-0.042945,0.204847,51,345.82,1,226,-0.37
TSLA,2026-08-26,2026-10-16,440.0,P,94.45,96.2,95.325,43.543,-0.914145,0.002785,-0.045053,0.202664,51,345.82,21,306,-0.37
TSLA,2026-08-26,2026-10-16,445.0,P,97.8,102.15,99.975,49.439,-0.89328,0.002879,-0.073944,0.237832,51,345.82,2,215,-0.37
TSLA,2026-08-26,2026-10-16,450.0,P,104.15,105.35,104.75,41.4679,-0.943863,0.002109,-0.015994,0.14614,51,345.82,6,410,-0.37
TSLA,2026-08-26,2026-10-16,455.0,P,108.8,112.25,110.525,52.9546,-0.896368,0.002631,-0.078422,0.23283,51,345.82,20,22,-0.37
TSLA,2026-08-26,2026-10-16,460.0,P,112.25,117.2,114.725,54.2424,-0.899785,0.002507,-0.07776,0.227217,51,345.82,14,58,-0.37
TSLA,2026-08-26,2026-10-16,465.0,P,117.15,122.05,119.6,55.0359,-0.905152,0.002373,-0.074003,0.218229,51,345.82,3,24,-0.37
TSLA,2026-08-26,2026-10-16,470.0,P,122.15,126.85,124.5,55.5241,-0.911437,0.002236,-0.068461,0.207419,51,345.82,1,19,-0.37
TSLA,2026-08-26,2026-10-16,475.0,P,128.6,130.0,129.3,45.0323,-0.9617,0.001429,-0.000952,0.107526,51,345.82,100,1224,-0.37
TSLA,2026-08-26,2026-10-16,480.0,P,130.2,138.2,134.2,64.3436,-0.88905,0.002275,-0.109474,0.244572,51,345.82,5,2,-0.37
TSLA,2026-08-26,2026-10-16,485.0,P,134.85,137.1,135.975,0.001,-1.0,0.0,0.048779,0.0,51,345.82,1,2,-0.37
TSLA,2026-08-26,2026-10-16,490.0,P,140.15,147.45,143.8,63.892,-0.906274,0.002026,-0.089164,0.216321,51,345.82,19,0,-0.37
TSLA,2026-08-26,2026-10-16,495.0,P,145.05,152.45,148.75,65.2347,-0.907859,0.00196,-0.089719,0.21361,51,345.82,1,0,-0.37
TSLA,2026-08-26,2026-10-16,500.0,P,150.15,157.45,153.8,66.5592,-0.90935,0.001898,-0.090263,0.211043,51,345.82,500,500,-0.37
TSLA,2026-08-26,2026-10-16,505.0,P,154.7,157.0,155.85,0.001,-1.0,0.0,0.050791,0.0,51,345.82,1,0,-0.37
TSLA,2026-08-26,2026-10-16,510.0,P,160.0,167.95,163.975,71.4725,-0.903415,0.001852,-0.106672,0.221162,51,345.82,1,0,-0.37
TSLA,2026-08-26,2026-10-16,515.0,P,164.7,166.95,165.825,0.001,-1.0,0.0,0.051797,0.0,51,345.82,1,0,-0.37
TSLA,2026-08-26,2026-10-16,520.0,P,169.7,171.95,170.825,0.001,-1.0,0.0,0.0523,0.0,51,345.82,4,0,-0.37
TSLA,2026-08-26,2026-10-16,525.0,P,174.7,176.95,175.825,0.001,-1.0,0.0,0.052802,0.0,51,345.82,3,0,-0.37
TSLA,2026-08-26,2026-10-16,530.0,P,179.7,181.95,180.825,0.001,-1.0,0.0,0.053305,0.0,51,345.82,2,0,-0.37
TSLA,2026-08-26,2026-10-16,535.0,P,143.2,144.2,143.7,0.001,-1.0,0.0,0.053808,0.0,51,345.82,0,6,-0.37
TSLA,2026-08-26,2026-10-16,540.0,P,216.05,224.25,220.15,142.4594,-0.712582,0.001851,-0.568542,0.440627,51,345.82,2,2,-0.37
TSLA,2026-08-26,2026-10-16,545.0,P,194.55,196.8,195.675,0.001,-1.0,0.0,0.054814,0.0,51,345.82,30,0,-0.37
TSLA,2026-08-26,2026-10-16,550.0,P,199.55,201.8,200.675,0.001,-1.0,0.0,0.055317,0.0,51,345.82,106,0,-0.37
TSLA,2026-08-26,2026-10-16,560.0,P,209.55,211.85,210.7,0.001,-1.0,0.0,0.056323,0.0,51,345.82,22,0,-0.37
TSLA,2026-08-26,2026-10-16,570.0,P,219.55,221.8,220.675,0.001,-1.0,0.0,0.057328,0.0,51,345.82,22,0,-0.37
TSLA,2026-08-26,2026-10-16,580.0,P,229.85,232.15,231.0,0.001,-1.0,0.0,0.058334,0.0,51,345.82,1,0,-0.37
TSLA,2026-08-26,2026-10-16,590.0,P,239.85,242.15,241.0,0.001,-1.0,0.0,0.05934,0.0,51,345.82,1,0,-0.37
TSLA,2026-08-26,2026-10-16,600.0,P,250.15,257.6,253.875,90.2833,-0.926291,0.001197,-0.101721,0.180575,51,345.82,1,0,-0.37
TSLA,2026-08-26,2026-10-16,650.0,P,299.3,301.55,300.425,0.001,-1.0,0.0,0.065374,0.0,51,345.82,17,0,-0.37
TSLA,2026-08-26,2026-10-16,660.0,P,309.85,317.45,313.65,100.7451,-0.935024,0.000973,-0.097408,0.163857,51,345.82,2,0,-0.37
TSLA,2026-08-26,2026-10-16,700.0,P,349.3,351.55,350.425,0.001,-1.0,0.0,0.070403,0.0,51,345.82,0,0,-0.37
TSLA,2026-08-26,2026-10-16,800.0,P,392.9,393.9,393.4,0.001,-1.0,0.0,0.080461,0.0,51,345.82,1,0,-0.37
TSLA,2026-08-26,2026-11-20,5.0,C,337.85,345.35,341.6,475.7817,0.998618,6e-06,-0.021399,0.007599,86,345.82,2,32,-0.37
TSLA,2026-08-26,2026-11-20,20.0,C,326.5,333.7,330.1,415.7231,0.992361,3e-05,-0.086715,0.035331,86,345.82,1,1,-0.37
TSLA,2026-08-26,2026-11-20,25.0,C,316.55,325.45,321.0,216.0161,0.998809,1.1e-05,-0.010778,0.006634,86,345.82,20,7,-0.37
TSLA,2026-08-26,2026-11-20,95.0,C,253.75,257.45,255.6,181.0792,0.972529,0.000208,-0.119857,0.106152,86,345.82,8,3,-0.37
TSLA,2026-08-26,2026-11-20,100.0,C,244.0,251.35,247.675,142.7005,0.984228,0.000165,-0.06436,0.06637,86,345.82,1,152,-0.37
TSLA,2026-08-26,2026-11-20,130.0,C,219.25,222.95,221.1,143.6404,0.961161,0.000349,-0.129108,0.141228,86,345.82,3,94,-0.37
TSLA,2026-08-26,2026-11-20,140.0,C,209.45,213.1,211.275,135.0589,0.95732,0.000401,-0.131733,0.152459,86,345.82,1,89,-0.37
TSLA,2026-08-26,2026-11-20,150.0,C,194.65,202.15,198.4,105.9331,0.97118,0.00037,-0.081822,0.110472,86,345.82,40,120,-0.37
TSLA,2026-08-26,2026-11-20,155.0,C,188.4,196.95,192.675,95.6543,0.976105,0.00035,-0.067054,0.094452,86,345.82,1,133,-0.37
TSLA,2026-08-26,2026-11-20,160.0,C,184.45,192.0,188.225,97.2168,0.970465,0.000412,-0.078503,0.112746,86,345.82,1,277,-0.37
TSLA,2026-08-26,2026-11-20,165.0,C,179.45,187.15,183.3,94.397,0.96877,0.000444,-0.080019,0.118083,86,345.82,4,9,-0.37
TSLA,2026-08-26,2026-11-20,170.0,C,174.55,182.35,178.45,92.212,0.966355,0.000483,-0.082934,0.125566,86,345.82,1,35,-0.37
TSLA,2026-08-26,2026-11-20,175.0,C,169.65,177.45,173.55,89.6607,0.964277,0.000522,-0.084793,0.131901,86,345.82,1,17,-0.37
TSLA,2026-08-26,2026-11-20,185.0,C,159.85,167.65,163.75,84.6681,0.959834,0.000608,-0.08831,0.145141,86,345.82,2,35,-0.37
TSLA,2026-08-26,2026-11-20,190.0,C,155.0,162.75,158.875,82.3732,0.957238,0.000658,-0.090391,0.152698,86,345.82,3,87,-0.37
TSLA,2026-08-26,2026-11-20,195.0,C,149.2,157.85,153.525,77.1731,0.959064,0.000678,-0.083995,0.147396,86,345.82,2,32,-0.37
TSLA,2026-08-26,2026-11-20,200.0,C,145.6,153.05,149.325,78.9309,0.949863,0.00078,-0.097585,0.173503,86,345.82,2,84,-0.37
TSLA,2026-08-26,2026-11-20,210.0,C,137.15,141.0,139.075,71.7654,0.94856,0.000876,-0.092833,0.177084,86,345.82,2,46,-0.37
TSLA,2026-08-26,2026-11-20,220.0,C,127.7,131.1,129.4,67.8348,0.941167,0.00103,-0.097317,0.196906,86,345.82,1,69,-0.37
TSLA,2026-08-26,2026-11-20,225.0,C,122.75,126.25,124.5,65.5643,0.937854,0.001113,-0.098382,0.205531,86,345.82,121,62,-0.37
TSLA,2026-08-26,2026-11-20,230.0,C,117.05,123.3,120.175,65.7596,0.928476,0.001237,-0.107754,0.229147,86,345.82,1,135,-0.37
TSLA,2026-08-26,2026-11-20,235.0,C,113.7,116.35,115.025,62.4149,0.927215,0.00132,-0.104891,0.232237,86,345.82,1,91,-0.37
TSLA,2026-08-26,2026-11-20,240.0,C,109.4,111.35,110.375,61.1027,0.92061,0.001441,-0.108997,0.248112,86,345.82,1,245,-0.37
TSLA,2026-08-26,2026-11-20,245.0,C,104.8,106.4,105.6,59.2533,0.915025,0.001564,-0.111106,0.261151,86,345.82,6,72,-0.37
TSLA,2026-08-26,2026-11-20,250.0,C,100.35,101.65,101.0,57.9838,0.907315,0.001705,-0.115254,0.278598,86,345.82,15,202,-0.37
TSLA,2026-08-26,2026-11-20,255.0,C,95.8,97.1,96.45,56.7814,0.898793,0.001857,-0.119604,0.297186,86,345.82,41,89,-0.37
TSLA,2026-08-26,2026-11-20,260.0,C,91.3,92.35,91.825,55.2556,0.890651,0.002019,-0.122647,0.314299,86,345.82,7,105,-0.37
TSLA,2026-08-26,2026-11-20,265.0,C,86.85,88.15,87.5,54.5171,0.879214,0.002196,-0.128639,0.33734,86,345.82,6,47,-0.37
TSLA,2026-08-26,2026-11-20,270.0,C,82.5,83.8,83.15,53.5588,0.867666,0.002382,-0.133695,0.359495,86,345.82,4,167,-0.37
TSLA,2026-08-26,2026-11-20,275.0,C,78.25,79.5,78.875,52.6616,0.855031,0.002578,-0.138866,0.382541,86,345.82,1,97,-0.37
TSLA,2026-08-26,2026-11-20,280.0,C,74.15,75.25,74.7,51.859,0.841134,0.002782,-0.144252,0.406531,86,345.82,4,103,-0.37
TSLA,2026-08-26,2026-11-20,285.0,C,70.1,71.2,70.65,51.1846,0.825816,0.002991,-0.149942,0.431425,86,345.82,1,90,-0.37
TSLA,2026-08-26,2026-11-20,290.0,C,66.25,67.25,66.75,50.6658,0.808971,0.003201,-0.155991,0.457032,86,345.82,2,163,-0.37
TSLA,2026-08-26,2026-11-20,295.0,C,62.25,63.4,62.825,51.0625,0.788223,0.003379,-0.165315,0.486177,86,345.82,8,166,-0.37
TSLA,2026-08-26,2026-11-20,300.0,C,58.7,59.6,59.15,50.3423,0.770174,0.003592,-0.16986,0.509495,86,345.82,4,446,-0.37
TSLA,2026-08-26,2026-11-20,305.0,C,55.1,56.05,55.575,49.9212,0.750286,0.00379,-0.175131,0.533102,86,345.82,3,555,-0.37
TSLA,2026-08-26,2026-11-20,310.0,C,51.45,52.45,51.95,49.2254,0.730222,0.004,-0.178851,0.5548,86,345.82,32,1215,-0.37
TSLA,2026-08-26,2026-11-20,315.0,C,48.3,49.15,48.725,48.8744,0.708407,0.004183,-0.183339,0.576073,86,345.82,2,450,-0.37
TSLA,2026-08-26,2026-11-20,320.0,C,45.1,45.85,45.475,48.3343,0.6862,0.004371,-0.186504,0.595336,86,345.82,8,1462,-0.37
TSLA,2026-08-26,2026-11-20,325.0,C,42.05,42.85,42.45,48.1023,0.662727,0.004524,-0.190173,0.61316,86,345.82,13,910,-0.37
TSLA,2026-08-26,2026-11-20,330.0,C,39.3,39.9,39.6,47.7544,0.638861,0.004672,-0.192713,0.628685,86,345.82,21,1330,-0.37
TSLA,2026-08-26,2026-11-20,335.0,C,36.5,37.2,36.85,47.6079,0.614369,0.004785,-0.195274,0.641962,86,345.82,34,811,-0.37
TSLA,2026-08-26,2026-11-20,340.0,C,34.0,36.0,35.0,49.5366,0.589777,0.004676,-0.204818,0.652644,86,345.82,72,1452,-0.37
TSLA,2026-08-26,2026-11-20,345.0,C,31.55,33.0,32.275,48.5479,0.565447,0.004829,-0.202781,0.660641,86,345.82,54,492,-0.37
TSLA,2026-08-26,2026-11-20,350.0,C,29.3,30.3,29.8,47.8399,0.540546,0.004942,-0.201018,0.666212,86,345.82,447,16367,-0.37
TSLA,2026-08-26,2026-11-20,355.0,C,27.05,28.35,27.7,48.0718,0.516612,0.00494,-0.202088,0.669093,86,345.82,46,566,-0.37
TSLA,2026-08-26,2026-11-20,360.0,C,25.0,25.45,25.225,46.7168,0.489832,0.005086,-0.196278,0.669456,86,345.82,119,3362,-0.37
TSLA,2026-08-26,2026-11-20,365.0,C,23.2,24.9,24.05,48.6944,0.470741,0.004868,-0.20292,0.667871,86,345.82,172,1380,-0.37
TSLA,2026-08-26,2026-11-20,370.0,C,21.35,21.75,21.55,46.6131,0.441509,0.005044,-0.192674,0.662463,86,345.82,196,2081,-0.37
TSLA,2026-08-26,2026-11-20,375.0,C,19.7,20.7,20.2,47.5286,0.421487,0.004903,-0.194009,0.656662,86,345.82,88,1614,-0.37
TSLA,2026-08-26,2026-11-20,380.0,C,18.15,19.2,18.675,47.614,0.399504,0.004832,-0.191411,0.648312,86,345.82,53,1733,-0.37
TSLA,2026-08-26,2026-11-20,385.0,C,16.75,17.1,16.925,46.5948,0.373348,0.004841,-0.183439,0.635636,86,345.82,23,1954,-0.37
TSLA,2026-08-26,2026-11-20,390.0,C,15.5,15.95,15.725,46.9152,0.353494,0.00472,-0.180874,0.623992,86,345.82,32,1335,-0.37
TSLA,2026-08-26,2026-11-20,395.0,C,14.25,15.1,14.675,47.5957,0.33637,0.004567,-0.17966,0.612521,86,345.82,114,781,-0.37
TSLA,2026-08-26,2026-11-20,400.0,C,13.2,13.4,13.3,46.7229,0.31206,0.004511,-0.170824,0.593911,86,345.82,1808,7291,-0.37
TSLA,2026-08-26,2026-11-20,405.0,C,12.1,13.2,12.65,48.2732,0.301569,0.004301,-0.173338,0.585019,86,345.82,102,554,-0.37
TSLA,2026-08-26,2026-11-20,410.0,C,11.15,11.45,11.3,46.9976,0.276234,0.004239,-0.161826,0.561343,86,345.82,264,1212,-0.37
TSLA,2026-08-26,2026-11-20,415.0,C,10.35,10.55,10.45,47.08,0.259247,0.004098,-0.156759,0.543672,86,345.82,20,1861,-0.37
TSLA,2026-08-26,2026-11-20,420.0,C,9.55,9.75,9.65,47.2234,0.243446,0.003952,-0.151863,0.525893,86,345.82,529,2566,-0.37
TSLA,2026-08-26,2026-11-20,425.0,C,8.8,9.05,8.925,47.4523,0.22899,0.003803,-0.14732,0.508455,86,345.82,106,1780,-0.37
TSLA,2026-08-26,2026-11-20,430.0,C,8.1,8.35,8.225,47.5713,0.214649,0.003656,-0.142143,0.490011,86,345.82,35,1686,-0.37
TSLA,2026-08-26,2026-11-20,435.0,C,7.4,7.8,7.6,47.8979,0.20238,0.003507,-0.138048,0.473295,86,345.82,25,852,-0.37
TSLA,2026-08-26,2026-11-20,440.0,C,6.8,7.15,6.975,47.907,0.188863,0.003362,-0.132251,0.45384,86,345.82,50,831,-0.37
TSLA,2026-08-26,2026-11-20,445.0,C,6.4,6.65,6.525,48.1512,0.177539,0.003218,-0.127745,0.43667,86,345.82,154,918,-0.37
TSLA,2026-08-26,2026-11-20,450.0,C,5.9,6.15,6.025,48.3037,0.166328,0.003077,-0.122791,0.418855,86,345.82,204,3747,-0.37
TSLA,2026-08-26,2026-11-20,455.0,C,5.4,5.75,5.575,48.615,0.156753,0.002942,-0.118767,0.402971,86,345.82,236,844,-0.37
TSLA,2026-08-26,2026-11-20,460.0,C,5.1,5.4,5.25,48.9751,0.148077,0.002812,-0.115089,0.388027,86,345.82,46,739,-0.37
TSLA,2026-08-26,2026-11-20,465.0,C,4.65,5.0,4.825,49.1277,0.138725,0.002682,-0.110372,0.371304,86,345.82,27,641,-0.37
TSLA,2026-08-26,2026-11-20,470.0,C,4.4,4.6,4.5,49.1887,0.129403,0.002554,-0.105265,0.353975,86,345.82,11,1341,-0.37
TSLA,2026-08-26,2026-11-20,475.0,C,4.0,4.35,4.175,49.6099,0.122711,0.00244,-0.102214,0.34111,86,345.82,17,601,-0.37
TSLA,2026-08-26,2026-11-20,480.0,C,3.8,4.0,3.9,49.6587,0.114372,0.002319,-0.097277,0.324557,86,345.82,84,1467,-0.37
TSLA,2026-08-26,2026-11-20,485.0,C,3.5,3.8,3.65,50.1165,0.108789,0.002217,-0.094641,0.313141,86,345.82,1,718,-0.37
TSLA,2026-08-26,2026-11-20,490.0,C,3.3,3.6,3.45,50.0066,0.100538,0.002099,-0.089134,0.295752,86,345.82,53,490,-0.37
TSLA,2026-08-26,2026-11-20,495.0,C,3.05,3.35,3.2,50.1531,0.094129,0.001994,-0.085119,0.281798,86,345.82,111,396,-0.37
TSLA,2026-08-26,2026-11-20,500.0,C,2.95,3.1,3.025,50.5193,0.089244,0.001903,-0.082363,0.270888,86,345.82,148,3924,-0.37
TSLA,2026-08-26,2026-11-20,505.0,C,2.75,2.94,2.845,50.8123,0.084319,0.001813,-0.079348,0.259637,86,345.82,10,548,-0.37
TSLA,2026-08-26,2026-11-20,510.0,C,2.54,2.77,2.655,51.0076,0.079245,0.001724,-0.075966,0.24777,86,345.82,12,1018,-0.37
TSLA,2026-08-26,2026-11-20,515.0,C,2.44,2.61,2.525,51.4043,0.075435,0.001648,-0.073698,0.238668,86,345.82,109,335,-0.37
TSLA,2026-08-26,2026-11-20,520.0,C,2.3,2.5,2.4,51.7827,0.071791,0.001575,-0.07144,0.229803,86,345.82,2,716,-0.37
TSLA,2026-08-26,2026-11-20,525.0,C,2.15,2.33,2.24,51.9536,0.067472,0.001497,-0.068296,0.219083,86,345.82,2,835,-0.37
TSLA,2026-08-26,2026-11-20,530.0,C,2.05,2.19,2.12,52.271,0.064051,0.001429,-0.065961,0.210421,86,345.82,160,893,-0.37
TSLA,2026-08-26,2026-11-20,535.0,C,1.9,2.09,1.995,52.5151,0.060545,0.001361,-0.063392,0.201384,86,345.82,4,274,-0.37
TSLA,2026-08-26,2026-11-20,540.0,C,1.81,1.99,1.9,52.8691,0.057701,0.001302,-0.061424,0.193926,86,345.82,10,380,-0.37
TSLA,2026-08-26,2026-11-20,545.0,C,1.72,1.89,1.805,53.1865,0.054895,0.001244,-0.059383,0.186452,86,345.82,4,268,-0.37
TSLA,2026-08-26,2026-11-20,550.0,C,1.68,1.8,1.74,53.6504,0.052817,0.001196,-0.05807,0.180839,86,345.82,16,1543,-0.37
TSLA,2026-08-26,2026-11-20,555.0,C,1.53,1.77,1.65,53.9311,0.050199,0.001143,-0.056037,0.173676,86,345.82,2,111,-0.37
TSLA,2026-08-26,2026-11-20,560.0,C,1.5,1.64,1.57,54.2363,0.04783,0.001093,-0.054196,0.167095,86,345.82,24,764,-0.37
TSLA,2026-08-26,2026-11-20,565.0,C,1.42,1.75,1.585,55.1152,0.047589,0.001072,-0.054824,0.166422,86,345.82,25,189,-0.37
TSLA,2026-08-26,2026-11-20,570.0,C,1.36,1.5,1.43,54.8833,0.043638,0.001004,-0.050903,0.155219,86,345.82,38,669,-0.37
TSLA,2026-08-26,2026-11-20,575.0,C,1.31,1.43,1.37,55.2251,0.04179,0.000963,-0.049439,0.149881,86,345.82,29,264,-0.37
TSLA,2026-08-26,2026-11-20,580.0,C,1.27,1.37,1.32,55.6157,0.040205,0.000927,-0.048234,0.145254,86,345.82,13,259,-0.37
TSLA,2026-08-26,2026-11-20,585.0,C,1.23,1.32,1.275,56.0185,0.038751,0.000893,-0.047132,0.140968,86,345.82,62,388,-0.37
TSLA,2026-08-26,2026-11-20,590.0,C,1.16,1.27,1.215,56.2871,0.036986,0.000856,-0.045574,0.135705,86,345.82,1,240,-0.37
TSLA,2026-08-26,2026-11-20,595.0,C,1.11,1.22,1.165,56.6166,0.035498,0.000823,-0.044311,0.13122,86,345.82,7,447,-0.37
TSLA,2026-08-26,2026-11-20,600.0,C,1.12,1.15,1.135,57.0683,0.034438,0.000796,-0.043551,0.127994,86,345.82,23,3415,-0.37
TSLA,2026-08-26,2026-11-20,605.0,C,1.03,1.14,1.085,57.3369,0.03294,0.000764,-0.042172,0.123396,86,345.82,1,145,-0.37
TSLA,2026-08-26,2026-11-20,610.0,C,0.8,1.34,1.07,57.8862,0.032271,0.000744,-0.041847,0.121324,86,345.82,29,389,-0.37
TSLA,2026-08-26,2026-11-20,615.0,C,0.79,1.33,1.06,58.4721,0.031739,0.000726,-0.04168,0.119671,86,345.82,11,154,-0.37
TSLA,2026-08-26,2026-11-20,620.0,C,0.93,1.03,0.98,58.4233,0.029636,0.000687,-0.039338,0.113066,86,345.82,4,568,-0.37
TSLA,2026-08-26,2026-11-20,625.0,C,0.9,1.06,0.98,59.058,0.029322,0.000673,-0.039403,0.112071,86,345.82,40,245,-0.37
TSLA,2026-08-26,2026-11-20,630.0,C,0.87,0.96,0.915,59.0824,0.027572,0.00064,-0.037443,0.106478,86,345.82,2,264,-0.37
TSLA,2026-08-26,2026-11-20,635.0,C,0.84,0.93,0.885,59.4242,0.026652,0.000618,-0.036598,0.103503,86,345.82,10,365,-0.37
TSLA,2026-08-26,2026-11-20,640.0,C,0.75,0.91,0.83,59.4731,0.025127,0.000588,-0.034858,0.098524,86,345.82,2,85,-0.37
TSLA,2026-08-26,2026-11-20,645.0,C,0.69,0.88,0.785,59.6195,0.023898,0.000562,-0.033497,0.094465,86,345.82,2,727,-0.37
TSLA,2026-08-26,2026-11-20,650.0,C,0.76,0.86,0.81,60.474,0.024225,0.000561,-0.034357,0.09555,86,345.82,13,332,-0.37
TSLA,2026-08-26,2026-11-20,655.0,C,0.68,0.83,0.755,60.474,0.022777,0.000532,-0.032614,0.090721,86,345.82,4,106,-0.37
TSLA,2026-08-26,2026-11-20,660.0,C,0.69,0.81,0.75,61.0111,0.022483,0.000522,-0.032536,0.089731,86,345.82,13,1477,-0.37
TSLA,2026-08-26,2026-11-20,665.0,C,0.63,0.84,0.735,61.4018,0.021918,0.000508,-0.032042,0.087826,86,345.82,1,130,-0.37
TSLA,2026-08-26,2026-11-20,670.0,C,0.65,0.77,0.71,61.6947,0.021195,0.000491,-0.031288,0.08537,86,345.82,12,1702,-0.37
TSLA,2026-08-26,2026-11-20,675.0,C,0.64,0.76,0.7,62.1342,0.020782,0.00048,-0.030984,0.083963,86,345.82,1,2146,-0.37
TSLA,2026-08-26,2026-11-20,680.0,C,0.61,0.73,0.67,62.3051,0.019899,0.000461,-0.029941,0.080928,86,345.82,2,3071,-0.37
TSLA,2026-08-26,2026-11-20,685.0,C,0.72,0.91,0.815,64.6,0.023009,0.000503,-0.035085,0.091499,86,345.82,6,287,-0.37
TSLA,2026-08-26,2026-11-20,690.0,C,0.47,0.82,0.645,63.0863,0.019027,0.000438,-0.029171,0.077903,86,345.82,1,2309,-0.37
TSLA,2026-08-26,2026-11-20,695.0,C,0.57,0.67,0.62,63.306,0.018331,0.000423,-0.028354,0.075472,86,345.82,6,2205,-0.37
TSLA,2026-08-26,2026-11-20,700.0,C,0.56,0.65,0.605,63.6234,0.017831,0.000411,-0.027827,0.073713,86,345.82,101,17734,-0.37
TSLA,2026-08-26,2026-11-20,705.0,C,0.55,0.64,0.595,64.014,0.017474,0.000402,-0.027514,0.072452,86,345.82,16,473,-0.37
TSLA,2026-08-26,2026-11-20,710.0,C,0.4,0.76,0.58,64.3314,0.017018,0.000391,-0.027027,0.070833,86,345.82,1,2003,-0.37
TSLA,2026-08-26,2026-11-20,720.0,C,0.35,0.76,0.555,64.9906,0.016205,0.000371,-0.026176,0.06793,86,345.82,1,347,-0.37
TSLA,2026-08-26,2026-11-20,730.0,C,0.34,0.69,0.515,65.3812,0.015076,0.000347,-0.024743,0.063846,86,345.82,2,544,-0.37
TSLA,2026-08-26,2026-11-20,740.0,C,0.44,0.54,0.49,65.9427,0.014283,0.000328,-0.023814,0.060947,86,345.82,1,208,-0.37
TSLA,2026-08-26,2026-11-20,750.0,C,0.41,0.52,0.465,66.4798,0.013527,0.00031,-0.022902,0.058155,86,345.82,1,456,-0.37
TSLA,2026-08-26,2026-11-20,760.0,C,0.31,0.62,0.465,67.432,0.013366,0.000303,-0.022984,0.057558,86,345.82,1,460,-0.37
TSLA,2026-08-26,2026-11-20,770.0,C,0.41,0.53,0.47,68.4573,0.013325,0.000298,-0.023264,0.057403,86,345.82,1,909,-0.37
TSLA,2026-08-26,2026-11-20,780.0,C,0.28,0.62,0.45,68.9945,0.012699,0.000283,-0.022486,0.055066,86,345.82,1,362,-0.37
TSLA,2026-08-26,2026-11-20,790.0,C,0.36,0.45,0.405,69.0189,0.011531,0.00026,-0.020684,0.050647,86,345.82,1,757,-0.37
TSLA,2026-08-26,2026-11-20,800.0,C,0.36,0.44,0.4,69.8001,0.011294,0.000253,-0.020539,0.049742,86,345.82,1,1642,-0.37
TSLA,2026-08-26,2026-11-20,810.0,C,0.32,0.41,0.365,69.9222,0.010379,0.000235,-0.019112,0.046215,86,345.82,2,701,-0.37
TSLA,2026-08-26,2026-11-20,820.0,C,0.22,0.51,0.365,70.7522,0.010253,0.000229,-0.01913,0.045726,86,345.82,2,497,-0.37
TSLA,2026-08-26,2026-11-20,830.0,C,0.18,0.51,0.345,71.1429,0.009708,0.000217,-0.018336,0.043597,86,345.82,2,469,-0.37
TSLA,2026-08-26,2026-11-20,840.0,C,0.16,0.4,0.28,70.3128,0.008105,0.000188,-0.015468,0.037217,86,345.82,21,119,-0.37
TSLA,2026-08-26,2026-11-20,850.0,C,0.3,0.53,0.415,74.3167,0.011053,0.000233,-0.021436,0.048817,86,345.82,5,773,-0.37
TSLA,2026-08-26,2026-11-20,860.0,C,0.29,0.35,0.32,72.9495,0.008866,0.000196,-0.017356,0.040269,86,345.82,1,471,-0.37
TSLA,2026-08-26,2026-11-20,870.0,C,0.16,0.34,0.25,71.7776,0.007167,0.000165,-0.014162,0.033398,86,345.82,16,1101,-0.37
TSLA,2026-08-26,2026-11-20,880.0,C,0.24,0.5,0.37,75.6838,0.009771,0.000206,-0.019595,0.043842,86,345.82,1,15,-0.37
TSLA,2026-08-26,2026-11-20,890.0,C,0.23,0.37,0.3,74.7073,0.008164,0.000178,-0.016524,0.037457,86,345.82,5,33,-0.37
TSLA,2026-08-26,2026-11-20,900.0,C,0.2,0.32,0.26,74.3167,0.007203,0.00016,-0.014719,0.033546,86,345.82,2,641,-0.37
TSLA,2026-08-26,2026-11-20,5.0,P,0.0,0.01,0.005,262.5003,-3.6e-05,0.0,-0.000387,0.000254,86,345.82,1,4148,-0.37
TSLA,2026-08-26,2026-11-20,15.0,P,0.0,0.01,0.005,187.5001,-4.6e-05,1e-06,-0.000344,0.000318,86,345.82,13,13,-0.37
TSLA,2026-08-26,2026-11-20,20.0,P,0.0,0.08,0.04,201.563,-0.000323,4e-06,-0.002318,0.001991,86,345.82,1,28,-0.37
TSLA,2026-08-26,2026-11-20,25.0,P,0.01,0.09,0.05,188.6719,-0.000425,5e-06,-0.002796,0.002567,86,345.82,11,24,-0.37
TSLA,2026-08-26,2026-11-20,30.0,P,0.0,0.3,0.15,196.0938,-0.001131,1.1e-05,-0.007161,0.006328,86,345.82,2,639,-0.37
TSLA,2026-08-26,2026-11-20,35.0,P,0.0,0.35,0.175,186.5235,-0.001385,1.4e-05,-0.008193,0.007615,86,345.82,2,502,-0.37
TSLA,2026-08-26,2026-11-20,40.0,P,0.0,0.08,0.04,150.7815,-0.000442,6e-06,-0.002314,0.002662,86,345.82,2,55,-0.37
TSLA,2026-08-26,2026-11-20,45.0,P,0.01,0.08,0.045,143.7503,-0.000512,8e-06,-0.002526,0.003049,86,345.82,141,548,-0.37
TSLA,2026-08-26,2026-11-20,50.0,P,0.0,0.08,0.04,135.1566,-0.000503,8e-06,-0.002334,0.002998,86,345.82,2,4988,-0.37
TSLA,2026-08-26,2026-11-20,55.0,P,0.0,0.08,0.04,128.1254,-0.000517,9e-06,-0.00227,0.003076,86,345.82,1,71,-0.37
TSLA,2026-08-26,2026-11-20,60.0,P,0.0,0.05,0.025,117.1879,-0.000364,7e-06,-0.001499,0.002222,86,345.82,81,171,-0.37
TSLA,2026-08-26,2026-11-20,65.0,P,0.0,1.02,0.51,154.9807,-0.004532,5.1e-05,-0.019829,0.022235,86,345.82,267,309,-0.37
TSLA,2026-08-26,2026-11-20,70.0,P,0.0,0.3,0.15,127.3441,-0.001822,2.7e-05,-0.007163,0.00978,86,345.82,192,502,-0.37
TSLA,2026-08-26,2026-11-20,75.0,P,0.0,0.11,0.055,110.1567,-0.000839,1.5e-05,-0.003046,0.004809,86,345.82,310,584,-0.37
TSLA,2026-08-26,2026-11-20,80.0,P,0.0,0.15,0.075,108.5942,-0.001117,2e-05,-0.003904,0.006256,86,345.82,125,536,-0.37
TSLA,2026-08-26,2026-11-20,85.0,P,0.01,0.59,0.3,121.6801,-0.003617,5.3e-05,-0.012701,0.018171,86,345.82,28,367,-0.37
TSLA,2026-08-26,2026-11-20,90.0,P,0.0,0.12,0.06,98.0469,-0.001019,2.1e-05,-0.003237,0.00575,86,345.82,4,353,-0.37
TSLA,2026-08-26,2026-11-20,95.0,P,0.0,0.51,0.255,110.1567,-0.003467,5.6e-05,-0.011059,0.017494,86,345.82,4,102,-0.37
TSLA,2026-08-26,2026-11-20,100.0,P,0.1,0.12,0.11,96.2891,-0.001825,3.6e-05,-0.005409,0.009793,86,345.82,1,6140,-0.37
TSLA,2026-08-26,2026-11-20,110.0,P,0.0,0.15,0.075,85.7423,-0.001436,3.3e-05,-0.003867,0.007871,86,345.82,31,476,-0.37
TSLA,2026-08-26,2026-11-20,120.0,P,0.11,0.22,0.165,86.4259,-0.002948,6.2e-05,-0.00748,0.01512,86,345.82,2,272,-0.37
TSLA,2026-08-26,2026-11-20,130.0,P,0.2,0.29,0.245,84.0822,-0.004364,9.1e-05,-0.010334,0.021496,86,345.82,1,218,-0.37
TSLA,2026-08-26,2026-11-20,140.0,P,0.22,0.29,0.255,78.5158,-0.004854,0.000107,-0.010599,0.02364,86,345.82,3,255,-0.37
TSLA,2026-08-26,2026-11-20,150.0,P,0.27,0.37,0.32,75.0491,-0.006229,0.00014,-0.012627,0.029503,86,345.82,1,2445,-0.37
TSLA,2026-08-26,2026-11-20,155.0,P,0.27,0.42,0.345,73.0471,-0.006849,0.000156,-0.013357,0.032089,86,345.82,4,175,-0.37
TSLA,2026-08-26,2026-11-20,160.0,P,0.3,0.38,0.34,70.264,-0.007028,0.000166,-0.013133,0.032825,86,345.82,4,417,-0.37
TSLA,2026-08-26,2026-11-20,165.0,P,0.32,0.47,0.395,69.0433,-0.008165,0.000193,-0.014716,0.037459,86,345.82,1,269,-0.37
TSLA,2026-08-26,2026-11-20,170.0,P,0.22,0.5,0.36,65.6742,-0.007884,0.000196,-0.013562,0.036324,86,345.82,1,172,-0.37
TSLA,2026-08-26,2026-11-20,175.0,P,0.4,0.45,0.425,64.6976,-0.009296,0.00023,-0.015425,0.041974,86,345.82,1,784,-0.37
TSLA,2026-08-26,2026-11-20,180.0,P,0.45,0.51,0.48,63.3793,-0.010596,0.000263,-0.016926,0.047057,86,345.82,1,224,-0.37
TSLA,2026-08-26,2026-11-20,185.0,P,0.5,0.55,0.525,61.768,-0.011746,0.000296,-0.018024,0.051465,86,345.82,3,166,-0.37
TSLA,2026-08-26,2026-11-20,190.0,P,0.54,0.6,0.57,60.1566,-0.012981,0.000331,-0.019124,0.056123,86,345.82,2,764,-0.37
TSLA,2026-08-26,2026-11-20,195.0,P,0.54,0.66,0.6,58.2768,-0.013992,0.000365,-0.019745,0.059877,86,345.82,1,281,-0.37
TSLA,2026-08-26,2026-11-20,200.0,P,0.63,0.72,0.675,57.0317,-0.01586,0.000415,-0.021498,0.066688,86,345.82,34,915,-0.37
TSLA,2026-08-26,2026-11-20,210.0,P,0.83,0.9,0.865,54.7612,-0.020568,0.000539,-0.025701,0.083227,86,345.82,26,950,-0.37
TSLA,2026-08-26,2026-11-20,220.0,P,0.99,1.14,1.065,52.2222,-0.025869,0.000686,-0.029652,0.100955,86,345.82,63,1078,-0.37
TSLA,2026-08-26,2026-11-20,225.0,P,1.13,1.31,1.22,51.2944,-0.029668,0.000783,-0.032603,0.113168,86,345.82,20,272,-0.37
TSLA,2026-08-26,2026-11-20,230.0,P,1.41,1.49,1.45,50.7695,-0.034882,0.000904,-0.03683,0.129348,86,345.82,5,2424,-0.37
TSLA,2026-08-26,2026-11-20,235.0,P,1.59,1.7,1.645,50.1592,-0.040562,0.001035,-0.041094,0.146303,86,345.82,116,1616,-0.37
TSLA,2026-08-26,2026-11-20,240.0,P,1.84,1.95,1.895,49.3535,-0.046397,0.001173,-0.044993,0.163069,86,345.82,104,1241,-0.37
TSLA,2026-08-26,2026-11-20,245.0,P,2.11,2.25,2.18,48.6455,-0.053207,0.001327,-0.049381,0.181898,86,345.82,3,499,-0.37
TSLA,2026-08-26,2026-11-20,250.0,P,2.43,2.58,2.505,47.9009,-0.06068,0.001495,-0.053827,0.201734,86,345.82,19,15672,-0.37
TSLA,2026-08-26,2026-11-20,255.0,P,2.82,3.0,2.91,47.376,-0.06976,0.001684,-0.059206,0.224791,86,345.82,1,2756,-0.37
TSLA,2026-08-26,2026-11-20,260.0,P,3.25,3.45,3.35,46.7596,-0.079492,0.001885,-0.064425,0.248356,86,345.82,12,4615,-0.37
TSLA,2026-08-26,2026-11-20,265.0,P,3.75,4.0,3.875,46.2957,-0.090843,0.002104,-0.070341,0.274487,86,345.82,9,2220,-0.37
TSLA,2026-08-26,2026-11-20,270.0,P,4.4,4.55,4.475,45.6243,-0.10248,0.002333,-0.075553,0.299901,86,345.82,87,3044,-0.37
TSLA,2026-08-26,2026-11-20,275.0,P,5.05,5.25,5.15,45.2154,-0.116354,0.002579,-0.081819,0.328545,86,345.82,334,2239,-0.37
TSLA,2026-08-26,2026-11-20,280.0,P,5.8,6.05,5.925,44.8492,-0.131654,0.002835,-0.088248,0.358222,86,345.82,314,4171,-0.37
TSLA,2026-08-26,2026-11-20,285.0,P,6.65,7.0,6.825,44.6325,-0.148872,0.003096,-0.095201,0.389419,86,345.82,41,930,-0.37
TSLA,2026-08-26,2026-11-20,290.0,P,7.7,7.9,7.8,44.0649,-0.165871,0.003367,-0.100588,0.41811,86,345.82,123,2962,-0.37
TSLA,2026-08-26,2026-11-20,295.0,P,8.8,9.0,8.9,43.7323,-0.185167,0.003638,-0.106684,0.448326,86,345.82,388,3054,-0.37
TSLA,2026-08-26,2026-11-20,300.0,P,10.05,10.3,10.175,43.5858,-0.206478,0.0039,-0.113201,0.478977,86,345.82,79,6574,-0.37
TSLA,2026-08-26,2026-11-20,305.0,P,11.4,11.65,11.525,43.2928,-0.22839,0.004162,-0.118723,0.507706,86,345.82,39,2885,-0.37
TSLA,2026-08-26,2026-11-20,310.0,P,12.9,13.15,13.025,43.0548,-0.251649,0.004412,-0.123968,0.535286,86,345.82,289,4451,-0.37
TSLA,2026-08-26,2026-11-20,315.0,P,14.5,14.8,14.65,42.8564,-0.27608,0.004647,-0.128793,0.561189,86,345.82,11,2182,-0.37
TSLA,2026-08-26,2026-11-20,320.0,P,16.3,16.6,16.45,42.6855,-0.301507,0.004863,-0.133075,0.584966,86,345.82,171,3492,-0.37
TSLA,2026-08-26,2026-11-20,325.0,P,18.2,18.55,18.375,42.536,-0.32777,0.005058,-0.136726,0.606252,86,345.82,11,4996,-0.37
TSLA,2026-08-26,2026-11-20,330.0,P,20.3,20.6,20.45,42.3224,-0.354584,0.005238,-0.139372,0.624677,86,345.82,26,5014,-0.37
TSLA,2026-08-26,2026-11-20,335.0,P,22.05,22.85,22.45,42.2064,-0.382076,0.005383,-0.141582,0.6402,86,345.82,9,2677,-0.37
TSLA,2026-08-26,2026-11-20,340.0,P,24.85,25.2,25.025,42.0233,-0.409893,0.005511,-0.142711,0.652518,86,345.82,161,1725,-0.37
TSLA,2026-08-26,2026-11-20,345.0,P,26.8,27.75,27.275,41.9348,-0.437957,0.005599,-0.143351,0.661558,86,345.82,322,2014,-0.37
TSLA,2026-08-26,2026-11-20,350.0,P,29.4,30.4,29.9,41.7853,-0.466114,0.005667,-0.142918,0.667256,86,345.82,171,8451,-0.37
TSLA,2026-08-26,2026-11-20,355.0,P,32.8,33.2,33.0,41.654,-0.494209,0.005705,-0.141723,0.669603,86,345.82,15,2980,-0.37
TSLA,2026-08-26,2026-11-20,360.0,P,35.0,36.15,35.575,41.5472,-0.522057,0.005712,-0.139816,0.66865,86,345.82,166,2407,-0.37
TSLA,2026-08-26,2026-11-20,365.0,P,37.9,39.25,38.575,41.4679,-0.549474,0.005687,-0.13725,0.664517,86,345.82,64,815,-0.37
TSLA,2026-08-26,2026-11-20,370.0,P,42.05,42.5,42.275,41.4221,-0.57627,0.005632,-0.134104,0.657397,86,345.82,6,4514,-0.37
TSLA,2026-08-26,2026-11-20,375.0,P,43.7,45.85,44.775,41.3427,-0.60257,0.005557,-0.130154,0.647416,86,345.82,6,1432,-0.37
TSLA,2026-08-26,2026-11-20,380.0,P,47.0,49.4,48.2,41.3946,-0.62754,0.005445,-0.126176,0.635153,86,345.82,14,5068,-0.37
TSLA,2026-08-26,2026-11-20,385.0,P,52.35,53.0,52.675,41.3489,-0.652123,0.005325,-0.121242,0.620377,86,345.82,2,2112,-0.37
TSLA,2026-08-26,2026-11-20,390.0,P,54.15,58.6,56.375,44.4433,-0.658783,0.004918,-0.130456,0.615903,86,345.82,2,2301,-0.37
TSLA,2026-08-26,2026-11-20,395.0,P,59.5,60.55,60.025,41.3183,-0.698241,0.005026,-0.110322,0.585185,86,345.82,3,731,-0.37
TSLA,2026-08-26,2026-11-20,400.0,P,63.7,64.4,64.05,41.181,-0.720617,0.004864,-0.10373,0.564459,86,345.82,13,3140,-0.37
TSLA,2026-08-26,2026-11-20,405.0,P,67.4,68.6,68.0,41.5197,-0.738883,0.004664,-0.099257,0.545689,86,345.82,2,617,-0.37
TSLA,2026-08-26,2026-11-20,410.0,P,71.45,72.65,72.05,41.4343,-0.758863,0.004481,-0.092465,0.523184,86,345.82,7,922,-0.37
TSLA,2026-08-26,2026-11-20,415.0,P,75.6,76.8,76.2,41.3885,-0.777561,0.004289,-0.085724,0.500173,86,345.82,6,345,-0.37
TSLA,2026-08-26,2026-11-20,420.0,P,79.8,81.0,80.4,41.2878,-0.795625,0.004092,-0.078599,0.476075,86,345.82,6,744,-0.37
TSLA,2026-08-26,2026-11-20,425.0,P,84.1,85.3,84.7,41.2542,-0.812199,0.003891,-0.071789,0.452265,86,345.82,16,788,-0.37
TSLA,2026-08-26,2026-11-20,430.0,P,88.5,89.7,89.1,41.3092,-0.827137,0.003688,-0.065468,0.42934,86,345.82,2,1164,-0.37
TSLA,2026-08-26,2026-11-20,435.0,P,90.45,96.0,93.225,45.7586,-0.811308,0.003518,-0.082944,0.453586,86,345.82,3,195,-0.37
TSLA,2026-08-26,2026-11-20,440.0,P,97.4,98.6,98.0,41.2542,-0.855255,0.003287,-0.052143,0.382144,86,345.82,2,799,-0.37
TSLA,2026-08-26,2026-11-20,445.0,P,101.95,103.1,102.525,41.1444,-0.868468,0.003088,-0.045212,0.357991,86,345.82,3,335,-0.37
TSLA,2026-08-26,2026-11-20,450.0,P,106.5,107.65,107.075,41.0406,-0.880721,0.002891,-0.038478,0.334367,86,345.82,1,1016,-0.37
TSLA,2026-08-26,2026-11-20,455.0,P,111.1,112.3,111.7,41.12,-0.890895,0.002708,-0.032894,0.313794,86,345.82,1,126,-0.37
TSLA,2026-08-26,2026-11-20,460.0,P,115.8,116.95,116.375,41.0772,-0.901058,0.002525,-0.026868,0.292314,86,345.82,2,206,-0.37
TSLA,2026-08-26,2026-11-20,465.0,P,119.55,122.5,121.025,44.1046,-0.891683,0.002512,-0.036872,0.312162,86,345.82,2,120,-0.37
TSLA,2026-08-26,2026-11-20,470.0,P,124.9,126.5,125.7,41.5899,-0.915556,0.002218,-0.018447,0.259926,86,345.82,20,226,-0.37
TSLA,2026-08-26,2026-11-20,475.0,P,129.8,131.3,130.55,41.8219,-0.922074,0.002076,-0.014373,0.244638,86,345.82,93,427,-0.37
TSLA,2026-08-26,2026-11-20,480.0,P,131.7,136.7,134.2,44.5074,-0.914556,0.002091,-0.022464,0.262229,86,345.82,1,129,-0.37
TSLA,2026-08-26,2026-11-20,485.0,P,139.45,140.9,140.175,42.0172,-0.934958,0.001799,-0.005499,0.212946,86,345.82,1,192,-0.37
TSLA,2026-08-26,2026-11-20,490.0,P,142.35,147.35,144.85,49.0484,-0.904591,0.002059,-0.035051,0.284616,86,345.82,5,57,-0.37
TSLA,2026-08-26,2026-11-20,495.0,P,149.0,152.2,150.6,49.5305,-0.909116,0.001967,-0.032315,0.274579,86,345.82,1,66,-0.37
TSLA,2026-08-26,2026-11-20,500.0,P,153.15,157.2,155.175,50.5437,-0.910632,0.001904,-0.032377,0.271168,86,345.82,4,29,-0.37
TSLA,2026-08-26,2026-11-20,505.0,P,155.4,157.45,156.425,0.001,-1.0,0.0,0.050611,0.0,86,345.82,6,0,-0.37
TSLA,2026-08-26,2026-11-20,510.0,P,161.8,167.3,164.55,52.9057,-0.911576,0.001805,-0.034399,0.269032,86,345.82,1,12,-0.37
TSLA,2026-08-26,2026-11-20,515.0,P,165.2,167.25,166.225,0.001,-1.0,0.0,0.051614,0.0,86,345.82,20,87,-0.37
TSLA,2026-08-26,2026-11-20,520.0,P,172.8,177.15,174.975,54.2485,-0.916882,0.00168,-0.031487,0.256853,86,345.82,2,28,-0.37
TSLA,2026-08-26,2026-11-20,525.0,P,175.0,177.1,176.05,0.001,-1.0,0.0,0.052616,0.0,86,345.82,1,0,-0.37
TSLA,2026-08-26,2026-11-20,530.0,P,179.9,182.35,181.125,0.001,-1.0,0.0,0.053117,0.0,86,345.82,10,0,-0.37
TSLA,2026-08-26,2026-11-20,535.0,P,184.85,187.05,185.95,0.001,-1.0,0.0,0.053618,0.0,86,345.82,10,1,-0.37
TSLA,2026-08-26,2026-11-20,540.0,P,143.15,145.6,144.375,0.001,-1.0,0.0,0.054119,0.0,86,345.82,2,8,-0.37
TSLA,2026-08-26,2026-11-20,550.0,P,199.9,208.0,203.95,63.0375,-0.909062,0.001547,-0.048333,0.274699,86,345.82,1,0,-0.37
TSLA,2026-08-26,2026-11-20,555.0,P,204.7,206.75,205.725,0.001,-1.0,0.0,0.055623,0.0,86,345.82,2,0,-0.37
TSLA,2026-08-26,2026-11-20,560.0,P,160.4,162.8,161.6,0.001,-1.0,0.0,0.056124,0.0,86,345.82,1,6,-0.37
TSLA,2026-08-26,2026-11-20,565.0,P,242.4,247.9,245.15,115.8482,-0.717814,0.001738,-0.332613,0.56719,86,345.82,13,6,-0.37
TSLA,2026-08-26,2026-11-20,570.0,P,219.65,221.8,220.725,0.001,-1.0,0.0,0.057126,0.0,86,345.82,96,0,-0.37
TSLA,2026-08-26,2026-11-20,575.0,P,224.65,226.8,225.725,0.001,-1.0,0.0,0.057627,0.0,86,345.82,22,0,-0.37
TSLA,2026-08-26,2026-11-20,580.0,P,229.65,231.8,230.725,0.001,-1.0,0.0,0.058128,0.0,86,345.82,28,0,-0.37
TSLA,2026-08-26,2026-11-20,585.0,P,234.65,236.8,235.725,0.001,-1.0,0.0,0.058629,0.0,86,345.82,39,0,-0.37
TSLA,2026-08-26,2026-11-20,590.0,P,239.25,241.7,240.475,0.001,-1.0,0.0,0.05913,0.0,86,345.82,75,0,-0.37
TSLA,2026-08-26,2026-11-20,595.0,P,244.8,246.4,245.6,0.001,-1.0,0.0,0.059631,0.0,86,345.82,24,0,-0.37
TSLA,2026-08-26,2026-11-20,600.0,P,248.5,253.5,251.0,0.001,-1.0,0.0,0.060132,0.0,86,345.82,64,0,-0.37
TSLA,2026-08-26,2026-11-20,610.0,P,259.5,261.9,260.7,0.001,-1.0,0.0,0.061135,0.0,86,345.82,392,0,-0.37
TSLA,2026-08-26,2026-11-20,615.0,P,264.45,266.9,265.675,0.001,-1.0,0.0,0.061636,0.0,86,345.82,62,0,-0.37
TSLA,2026-08-26,2026-11-20,620.0,P,269.45,271.9,270.675,0.001,-1.0,0.0,0.062137,0.0,86,345.82,1,0,-0.37
TSLA,2026-08-26,2026-11-20,625.0,P,226.75,230.15,228.45,0.001,-1.0,0.0,0.062638,0.0,86,345.82,22,52,-0.37
TSLA,2026-08-26,2026-11-20,630.0,P,279.45,281.95,280.7,0.001,-1.0,0.0,0.063139,0.0,86,345.82,2,0,-0.37
TSLA,2026-08-26,2026-11-20,635.0,P,229.35,231.0,230.175,0.001,-1.0,0.0,0.06364,0.0,86,345.82,1,1,-0.37
TSLA,2026-08-26,2026-11-20,645.0,P,321.05,328.45,324.75,131.0245,-0.741642,0.00147,-0.355207,0.542706,86,345.82,12,0,-0.37
TSLA,2026-08-26,2026-11-20,650.0,P,299.45,301.9,300.675,0.001,-1.0,0.0,0.065143,0.0,86,345.82,15,0,-0.37
TSLA,2026-08-26,2026-11-20,655.0,P,255.4,258.7,257.05,0.001,-1.0,0.0,0.065645,0.0,86,345.82,20,0,-0.37
TSLA,2026-08-26,2026-11-20,660.0,P,252.6,254.8,253.7,0.001,-1.0,0.0,0.066146,0.0,86,345.82,10,0,-0.37
TSLA,2026-08-26,2026-11-20,665.0,P,315.3,322.45,318.875,78.5891,-0.933261,0.000981,-0.034606,0.217238,86,345.82,2,0,-0.37
TSLA,2026-08-26,2026-11-20,670.0,P,346.05,354.25,350.15,136.1392,-0.744487,0.001407,-0.366235,0.539589,86,345.82,11,0,-0.37
TSLA,2026-08-26,2026-11-20,675.0,P,351.05,359.25,355.15,136.9876,-0.745452,0.001395,-0.367512,0.538522,86,345.82,2,0,-0.37
TSLA,2026-08-26,2026-11-20,680.0,P,356.1,364.25,360.175,137.8726,-0.746256,0.001384,-0.369036,0.537629,86,345.82,4,0,-0.37
TSLA,2026-08-26,2026-11-20,685.0,P,361.05,369.25,365.15,138.6569,-0.747324,0.001373,-0.369992,0.536437,86,345.82,2,0,-0.37
TSLA,2026-08-26,2026-11-20,690.0,P,366.05,373.4,369.725,138.6844,-0.75068,0.001363,-0.366453,0.532655,86,345.82,11,0,-0.37
TSLA,2026-08-26,2026-11-20,695.0,P,286.3,288.7,287.5,0.001,-1.0,0.0,0.069653,0.0,86,345.82,10,0,-0.37
TSLA,2026-08-26,2026-11-20,700.0,P,349.8,351.4,350.6,0.001,-1.0,0.0,0.070155,0.0,86,345.82,1,0,-0.37
TSLA,2026-08-26,2026-11-20,705.0,P,381.05,388.45,384.75,141.1441,-0.753137,0.001332,-0.370176,0.529849,86,345.82,1,0,-0.37
TSLA,2026-08-26,2026-11-20,720.0,P,324.7,326.4,325.55,0.001,-1.0,0.0,0.072159,0.0,86,345.82,11,0,-0.37
TSLA,2026-08-26,2026-11-20,730.0,P,334.7,336.4,335.55,0.001,-1.0,0.0,0.073161,0.0,86,345.82,22,0,-0.37
TSLA,2026-08-26,2026-11-20,760.0,P,358.0,361.25,359.625,0.001,-1.0,0.0,0.076168,0.0,86,345.82,20,0,-0.37
TSLA,2026-08-26,2026-11-20,810.0,P,417.5,420.2,418.85,0.001,-1.0,0.0,0.081179,0.0,86,345.82,0,0,-0.37
TSLA,2026-08-26,2026-11-20,820.0,P,427.5,430.2,428.85,0.001,-1.0,0.0,0.082181,0.0,86,345.82,0,0,-0.37
TSLA,2026-08-26,2026-11-20,850.0,P,445.85,448.55,447.2,0.001,-1.0,0.0,0.085188,0.0,86,345.82,2,0,-0.37
TSLA,2026-08-26,2026-11-20,870.0,P,459.8,463.8,461.8,0.001,-1.0,0.0,0.087192,0.0,86,345.82,1,0,-0.37
