symbol,quote_date,expiration,strike,option_type,bid,ask,mid,implied_volatility,delta,gamma,theta,vega,dte,underlying_price,volume,open_interest,iv_rank
TSLA,2026-09-14,2026-09-21,300.0,C,56.3,62.55,59.425,67.0413,0.976565,0.001661,-0.163158,0.027519,7,358.97,1,16,0.0
TSLA,2026-09-14,2026-09-21,305.0,C,51.4,57.5,54.45,62.4515,0.973555,0.001973,-0.167644,0.030453,7,358.97,0,14,0.0
TSLA,2026-09-14,2026-09-21,310.0,C,48.1,52.45,50.275,71.094,0.939018,0.003414,-0.335496,0.059976,7,358.97,0,13,0.0
TSLA,2026-09-14,2026-09-21,312.5,C,44.15,49.9,47.025,56.2504,0.966249,0.002682,-0.182113,0.037282,7,358.97,0,3,0.0
TSLA,2026-09-14,2026-09-21,315.0,C,41.8,47.3,44.55,54.0776,0.963458,0.002978,-0.186186,0.039793,7,358.97,0,14,0.0
TSLA,2026-09-14,2026-09-21,320.0,C,38.65,40.75,39.7,51.27,0.95201,0.003916,-0.214265,0.049617,7,358.97,1,15,0.0
TSLA,2026-09-14,2026-09-21,325.0,C,34.45,35.2,34.825,52.1245,0.922742,0.005588,-0.299904,0.071977,7,358.97,1,12,0.0
TSLA,2026-09-14,2026-09-21,327.5,C,31.9,32.95,32.425,51.7339,0.907747,0.006431,-0.335418,0.082221,7,358.97,22,1,0.0
TSLA,2026-09-14,2026-09-21,330.0,C,29.5,30.6,30.05,50.0493,0.89609,0.007253,-0.352111,0.089713,7,358.97,0,10,0.0
TSLA,2026-09-14,2026-09-21,332.5,C,27.15,28.25,27.7,48.1817,0.883499,0.008179,-0.366313,0.097385,7,358.97,1,2,0.0
TSLA,2026-09-14,2026-09-21,335.0,C,24.85,25.95,25.4,46.5459,0.867802,0.009249,-0.384511,0.106388,7,358.97,4,13,0.0
TSLA,2026-09-14,2026-09-21,337.5,C,22.75,23.45,23.1,43.1646,0.858643,0.010441,-0.374102,0.111374,7,358.97,13,1,0.0
TSLA,2026-09-14,2026-09-21,340.0,C,20.4,21.5,20.95,43.6773,0.826475,0.011808,-0.42733,0.127458,7,358.97,11,15,0.0
TSLA,2026-09-14,2026-09-21,342.5,C,18.35,19.15,18.75,41.004,0.807521,0.013419,-0.427466,0.135977,7,358.97,1,2,0.0
TSLA,2026-09-14,2026-09-21,345.0,C,16.3,17.35,16.825,41.4923,0.768122,0.014788,-0.477293,0.151636,7,358.97,6,12,0.0
TSLA,2026-09-14,2026-09-21,347.5,C,14.4,15.25,14.825,39.704,0.73625,0.016555,-0.487548,0.162437,7,358.97,3,40,0.0
TSLA,2026-09-14,2026-09-21,350.0,C,12.95,13.3,13.125,38.3612,0.697462,0.018302,-0.500999,0.173502,7,358.97,23,65,0.0
TSLA,2026-09-14,2026-09-21,352.5,C,11.25,11.5,11.375,37.3419,0.652532,0.0199,-0.513875,0.183643,7,358.97,18,5,0.0
TSLA,2026-09-14,2026-09-21,355.0,C,9.75,9.95,9.85,37.0246,0.601508,0.02097,-0.529656,0.191867,7,358.97,192,63,0.0
TSLA,2026-09-14,2026-09-21,357.5,C,8.35,8.6,8.475,37.0734,0.547875,0.02149,-0.541705,0.196892,7,358.97,1154,23,0.0
TSLA,2026-09-14,2026-09-21,360.0,C,7.2,7.3,7.25,36.756,0.493612,0.021831,-0.53897,0.198297,7,358.97,1518,125,0.0
TSLA,2026-09-14,2026-09-21,362.5,C,6.1,6.2,6.15,36.7926,0.439685,0.021562,-0.53162,0.196051,7,358.97,1179,85,0.0
TSLA,2026-09-14,2026-09-21,365.0,C,5.1,5.25,5.175,36.9635,0.387786,0.020846,-0.51725,0.190424,7,358.97,1396,212,0.0
TSLA,2026-09-14,2026-09-21,367.5,C,4.25,4.4,4.325,37.049,0.338207,0.019854,-0.493709,0.18178,7,358.97,789,162,0.0
TSLA,2026-09-14,2026-09-21,370.0,C,3.55,3.65,3.6,37.0856,0.291535,0.018613,-0.462807,0.170587,7,358.97,1211,389,0.0
TSLA,2026-09-14,2026-09-21,372.5,C,2.94,3.05,2.995,37.3908,0.250138,0.017101,-0.431422,0.158019,7,358.97,417,63,0.0
TSLA,2026-09-14,2026-09-21,375.0,C,2.43,2.5,2.465,37.464,0.211403,0.015535,-0.392839,0.143831,7,358.97,1127,409,0.0
TSLA,2026-09-14,2026-09-21,377.5,C,1.99,2.05,2.02,37.6593,0.177602,0.013898,-0.354623,0.129348,7,358.97,180,74,0.0
TSLA,2026-09-14,2026-09-21,380.0,C,1.64,1.68,1.66,37.9157,0.148324,0.012278,-0.31715,0.115041,7,358.97,1321,803,0.0
TSLA,2026-09-14,2026-09-21,382.5,C,1.35,1.38,1.365,38.2452,0.123431,0.010732,-0.28175,0.101433,7,358.97,492,53,0.0
TSLA,2026-09-14,2026-09-21,385.0,C,1.1,1.14,1.12,38.6725,0.102708,0.009308,-0.249608,0.088959,7,358.97,456,480,0.0
TSLA,2026-09-14,2026-09-21,387.5,C,0.9,0.94,0.92,39.1119,0.085198,0.008017,-0.219704,0.077491,7,358.97,95,129,0.0
TSLA,2026-09-14,2026-09-21,390.0,C,0.74,0.77,0.755,39.4781,0.07006,0.006846,-0.19099,0.066792,7,358.97,849,693,0.0
TSLA,2026-09-14,2026-09-21,392.5,C,0.61,0.64,0.625,40.0152,0.058195,0.005847,-0.167453,0.057816,7,358.97,151,58,0.0
TSLA,2026-09-14,2026-09-21,395.0,C,0.51,0.53,0.52,40.4791,0.047982,0.004959,-0.145258,0.049611,7,358.97,148,86,0.0
TSLA,2026-09-14,2026-09-21,397.5,C,0.42,0.45,0.435,41.1627,0.040333,0.00424,-0.128331,0.043128,7,358.97,121,17,0.0
TSLA,2026-09-14,2026-09-21,400.0,C,0.36,0.38,0.37,41.7975,0.033794,0.003613,-0.112702,0.037321,7,358.97,815,614,0.0
TSLA,2026-09-14,2026-09-21,402.5,C,0.3,0.32,0.31,42.3834,0.028207,0.003068,-0.098357,0.032137,7,358.97,31,28,0.0
TSLA,2026-09-14,2026-09-21,405.0,C,0.26,0.28,0.27,43.2135,0.024219,0.002649,-0.08824,0.02829,7,358.97,292,114,0.0
TSLA,2026-09-14,2026-09-21,407.5,C,0.22,0.24,0.23,43.897,0.020523,0.002268,-0.077917,0.024602,7,358.97,10,6,0.0
TSLA,2026-09-14,2026-09-21,410.0,C,0.19,0.21,0.2,44.6783,0.01764,0.001959,-0.069699,0.021631,7,358.97,24,133,0.0
TSLA,2026-09-14,2026-09-21,412.5,C,0.17,0.19,0.18,45.7037,0.015678,0.001731,-0.064429,0.019554,7,358.97,11,22,0.0
TSLA,2026-09-14,2026-09-21,415.0,C,0.16,0.17,0.165,46.5826,0.013749,0.001517,-0.058635,0.017466,7,358.97,7,297,0.0
TSLA,2026-09-14,2026-09-21,417.5,C,0.13,0.15,0.14,47.3638,0.011957,0.001322,-0.052818,0.015478,7,358.97,2,3,0.0
TSLA,2026-09-14,2026-09-21,420.0,C,0.11,0.13,0.12,47.9497,0.01017,0.001135,-0.046436,0.013446,7,358.97,25,128,0.0
TSLA,2026-09-14,2026-09-21,422.5,C,0.1,0.12,0.11,48.9263,0.009138,0.001013,-0.043141,0.012246,7,358.97,0,45,0.0
TSLA,2026-09-14,2026-09-21,425.0,C,0.09,0.11,0.1,49.9028,0.008247,0.000907,-0.040204,0.011191,7,358.97,6,67,0.0
TSLA,2026-09-14,2026-09-21,430.0,C,0.08,0.1,0.09,51.563,0.00653,0.000715,-0.0338,0.00911,7,358.97,156,285,0.0
TSLA,2026-09-14,2026-09-21,280.0,P,0.09,0.12,0.105,71.2893,-0.005033,0.00041,-0.036614,0.00723,7,358.97,5,25,0.0
TSLA,2026-09-14,2026-09-21,290.0,P,0.13,0.15,0.14,64.7464,-0.007492,0.000643,-0.047267,0.010285,7,358.97,56,5,0.0
TSLA,2026-09-14,2026-09-21,295.0,P,0.15,0.17,0.16,61.3285,-0.009083,0.000804,-0.052998,0.012181,7,358.97,0,14,0.0
TSLA,2026-09-14,2026-09-21,300.0,P,0.17,0.2,0.185,57.9106,-0.011092,0.001013,-0.059545,0.014502,7,358.97,74,50,0.0
TSLA,2026-09-14,2026-09-21,305.0,P,0.2,0.23,0.215,54.4926,-0.013666,0.00129,-0.067088,0.017375,7,358.97,19,3,0.0
TSLA,2026-09-14,2026-09-21,310.0,P,0.24,0.27,0.255,51.1724,-0.017185,0.001673,-0.076634,0.021153,7,358.97,28,251,0.0
TSLA,2026-09-14,2026-09-21,312.5,P,0.26,0.29,0.275,49.9028,-0.020108,0.001961,-0.085389,0.024179,7,358.97,114,2,0.0
TSLA,2026-09-14,2026-09-21,315.0,P,0.29,0.32,0.305,48.2915,-0.022828,0.002255,-0.091942,0.026917,7,358.97,160,69,0.0
TSLA,2026-09-14,2026-09-21,317.5,P,0.33,0.35,0.34,46.5826,-0.025771,0.002589,-0.098143,0.029803,7,358.97,11,20,0.0
TSLA,2026-09-14,2026-09-21,320.0,P,0.37,0.4,0.385,45.2642,-0.030282,0.003047,-0.109012,0.034088,7,358.97,220,33,0.0
TSLA,2026-09-14,2026-09-21,322.5,P,0.42,0.45,0.435,43.7506,-0.035069,0.003559,-0.118845,0.038475,7,358.97,20,54,0.0
TSLA,2026-09-14,2026-09-21,325.0,P,0.49,0.52,0.505,42.4322,-0.041457,0.004206,-0.132021,0.044101,7,358.97,570,402,0.0
TSLA,2026-09-14,2026-09-21,327.5,P,0.57,0.6,0.585,41.0895,-0.049051,0.004972,-0.146249,0.050492,7,358.97,500,34,0.0
TSLA,2026-09-14,2026-09-21,330.0,P,0.68,0.72,0.7,40.0885,-0.05973,0.005956,-0.166603,0.059009,7,358.97,693,262,0.0
TSLA,2026-09-14,2026-09-21,332.5,P,0.82,0.86,0.84,39.0387,-0.072442,0.007103,-0.188215,0.068528,7,358.97,161,94,0.0
TSLA,2026-09-14,2026-09-21,335.0,P,1.03,1.06,1.045,38.2819,-0.089424,0.008492,-0.216144,0.080343,7,358.97,249,245,0.0
TSLA,2026-09-14,2026-09-21,337.5,P,1.25,1.3,1.275,37.525,-0.109856,0.01007,-0.245954,0.093388,7,358.97,169,25,0.0
TSLA,2026-09-14,2026-09-21,340.0,P,1.55,1.61,1.58,36.9147,-0.135151,0.01184,-0.279445,0.108016,7,358.97,412,171,0.0
TSLA,2026-09-14,2026-09-21,342.5,P,1.94,2.0,1.97,36.4142,-0.165638,0.013747,-0.315186,0.12371,7,358.97,90,23,0.0
TSLA,2026-09-14,2026-09-21,345.0,P,2.42,2.49,2.455,36.048,-0.201797,0.015707,-0.35225,0.139923,7,358.97,643,740,0.0
TSLA,2026-09-14,2026-09-21,347.5,P,3.0,3.1,3.05,35.8527,-0.243816,0.017592,-0.389447,0.15587,7,358.97,277,87,0.0
TSLA,2026-09-14,2026-09-21,350.0,P,3.7,3.8,3.75,35.5475,-0.289791,0.019364,-0.420354,0.170109,7,358.97,1033,326,0.0
TSLA,2026-09-14,2026-09-21,352.5,P,4.55,4.65,4.6,35.4255,-0.340663,0.020822,-0.447627,0.182285,7,358.97,387,117,0.0
TSLA,2026-09-14,2026-09-21,355.0,P,5.5,5.6,5.55,35.1813,-0.394307,0.022005,-0.464978,0.191321,7,358.97,647,294,0.0
TSLA,2026-09-14,2026-09-21,357.5,P,6.6,6.75,6.675,35.2729,-0.450706,0.022578,-0.477747,0.196806,7,358.97,805,74,0.0
TSLA,2026-09-14,2026-09-21,360.0,P,7.85,8.05,7.95,35.4377,-0.507367,0.022642,-0.481484,0.198288,7,358.97,6214,471,0.0
TSLA,2026-09-14,2026-09-21,362.5,P,9.2,9.5,9.35,35.7001,-0.562751,0.0222,-0.47672,0.195863,7,358.97,774,93,0.0
TSLA,2026-09-14,2026-09-21,365.0,P,10.7,11.0,10.85,35.5963,-0.617139,0.021566,-0.457356,0.18971,7,358.97,658,445,0.0
TSLA,2026-09-14,2026-09-21,367.5,P,12.4,12.95,12.675,37.1588,-0.661286,0.019807,-0.455842,0.181885,7,358.97,498,88,0.0
TSLA,2026-09-14,2026-09-21,370.0,P,14.2,14.6,14.4,36.6583,-0.71086,0.018757,-0.415935,0.169929,7,358.97,83,271,0.0
TSLA,2026-09-14,2026-09-21,372.5,P,15.65,16.7,16.175,38.0866,-0.745625,0.016938,-0.403123,0.159425,7,358.97,6,15,0.0
TSLA,2026-09-14,2026-09-21,375.0,P,17.6,18.8,18.2,39.1486,-0.777801,0.015301,-0.381891,0.148034,7,358.97,115,118,0.0
TSLA,2026-09-14,2026-09-21,377.5,P,19.7,20.9,20.3,39.8199,-0.80825,0.013786,-0.352394,0.135662,7,358.97,1,2,0.0
TSLA,2026-09-14,2026-09-21,380.0,P,21.8,23.05,22.425,40.4425,-0.835232,0.012336,-0.321406,0.123289,7,358.97,10,22,0.0
TSLA,2026-09-14,2026-09-21,382.5,P,23.95,25.25,24.6,41.0406,-0.858901,0.010968,-0.290187,0.111236,7,358.97,2,2,0.0
TSLA,2026-09-14,2026-09-21,385.0,P,26.3,27.6,26.95,42.5543,-0.874026,0.009784,-0.276004,0.10289,7,358.97,2,8,0.0
TSLA,2026-09-14,2026-09-21,387.5,P,28.55,29.85,29.2,42.9327,-0.893227,0.008624,-0.242853,0.091495,7,358.97,0,1,0.0
TSLA,2026-09-14,2026-09-21,390.0,P,30.9,32.2,31.55,43.9581,-0.906431,0.007648,-0.222388,0.083087,7,358.97,32,2,0.0
TSLA,2026-09-14,2026-09-21,395.0,P,35.7,36.95,36.325,45.8746,-0.928117,0.006009,-0.183372,0.068122,7,358.97,0,2,0.0
TSLA,2026-09-14,2026-09-21,397.5,P,38.1,39.35,38.725,46.8267,-0.936765,0.005332,-0.165921,0.061697,7,358.97,0,0,0.0
TSLA,2026-09-14,2026-09-21,400.0,P,40.55,41.75,41.15,47.6079,-0.94488,0.004708,-0.147361,0.055396,7,358.97,1,5,0.0
TSLA,2026-09-14,2026-09-21,402.5,P,39.85,47.45,43.65,79.4924,-0.835916,0.006259,-0.660791,0.122957,7,358.97,0,1,0.0
TSLA,2026-09-14,2026-09-21,410.0,P,47.45,54.85,51.15,86.6456,-0.851166,0.005385,-0.674874,0.115305,7,358.97,0,15,0.0
TSLA,2026-09-14,2026-09-23,310.0,C,48.65,50.95,49.8,57.2514,0.954216,0.002978,-0.203867,0.054177,9,358.97,5,10,0.0
TSLA,2026-09-14,2026-09-23,315.0,C,43.4,47.25,45.325,58.7406,0.929658,0.00407,-0.279003,0.075969,9,358.97,1,18,0.0
TSLA,2026-09-14,2026-09-23,320.0,C,39.4,40.65,40.025,50.0005,0.935148,0.004491,-0.23005,0.071345,9,358.97,1,12,0.0
TSLA,2026-09-14,2026-09-23,322.5,C,37.0,38.25,37.625,54.6269,0.903742,0.005542,-0.322801,0.096199,9,358.97,0,6,0.0
TSLA,2026-09-14,2026-09-23,325.0,C,34.6,35.85,35.225,52.625,0.89546,0.00611,-0.329504,0.102172,9,358.97,26,5,0.0
TSLA,2026-09-14,2026-09-23,327.5,C,32.25,33.5,32.875,50.9404,0.884765,0.00677,-0.340721,0.109571,9,358.97,0,15,0.0
TSLA,2026-09-14,2026-09-23,330.0,C,29.9,31.2,30.55,49.4878,0.871639,0.007517,-0.355344,0.1182,9,358.97,10,2,0.0
TSLA,2026-09-14,2026-09-23,335.0,C,25.5,26.3,25.9,44.0924,0.852398,0.009281,-0.34865,0.130019,9,358.97,5,3,0.0
TSLA,2026-09-14,2026-09-23,337.5,C,23.4,24.4,23.9,44.7881,0.822746,0.010294,-0.393709,0.146485,9,358.97,2,1,0.0
TSLA,2026-09-14,2026-09-23,340.0,C,21.25,22.05,21.65,42.359,0.806233,0.011503,-0.393153,0.154813,9,358.97,11,24,0.0
TSLA,2026-09-14,2026-09-23,342.5,C,19.1,20.4,19.75,43.6285,0.768521,0.012391,-0.443909,0.171775,9,358.97,3,4,0.0
TSLA,2026-09-14,2026-09-23,345.0,C,17.2,18.45,17.825,42.7862,0.738539,0.013488,-0.462477,0.183366,9,358.97,3,15,0.0
TSLA,2026-09-14,2026-09-23,347.5,C,15.35,16.6,15.975,42.1026,0.705031,0.014538,-0.480414,0.19448,9,358.97,4,3,0.0
TSLA,2026-09-14,2026-09-23,350.0,C,13.65,14.85,14.25,41.5045,0.668493,0.015508,-0.495852,0.204508,9,358.97,21,19,0.0
TSLA,2026-09-14,2026-09-23,352.5,C,12.3,13.0,12.65,40.0763,0.631528,0.016691,-0.49628,0.212541,9,358.97,26,3,0.0
TSLA,2026-09-14,2026-09-23,355.0,C,10.95,11.5,11.225,39.8077,0.588889,0.017336,-0.506506,0.219271,9,358.97,33,16,0.0
TSLA,2026-09-14,2026-09-23,357.5,C,9.65,9.95,9.8,38.88,0.545235,0.018086,-0.502666,0.223429,9,358.97,76,8,0.0
TSLA,2026-09-14,2026-09-23,360.0,C,8.45,8.6,8.525,38.3673,0.49947,0.018447,-0.497761,0.224876,9,358.97,455,120,0.0
TSLA,2026-09-14,2026-09-23,362.5,C,7.35,7.45,7.4,38.233,0.453503,0.018385,-0.491183,0.223347,9,358.97,577,77,0.0
TSLA,2026-09-14,2026-09-23,365.0,C,6.35,6.45,6.4,38.288,0.408705,0.017999,-0.480911,0.218962,9,358.97,922,244,0.0
TSLA,2026-09-14,2026-09-23,367.5,C,5.45,5.55,5.5,38.3307,0.365438,0.017404,-0.464942,0.211959,9,358.97,375,431,0.0
TSLA,2026-09-14,2026-09-23,370.0,C,4.65,4.75,4.7,38.3795,0.324216,0.01662,-0.444213,0.202676,9,358.97,384,272,0.0
TSLA,2026-09-14,2026-09-23,372.5,C,3.95,4.1,4.025,38.7213,0.287012,0.015607,-0.423749,0.192011,9,358.97,194,211,0.0
TSLA,2026-09-14,2026-09-23,375.0,C,3.35,3.5,3.425,38.9044,0.251845,0.014547,-0.398062,0.179823,9,358.97,1095,312,0.0
TSLA,2026-09-14,2026-09-23,377.5,C,2.88,2.94,2.91,38.8922,0.218366,0.013448,-0.367244,0.166188,9,358.97,60,109,0.0
TSLA,2026-09-14,2026-09-23,380.0,C,2.43,2.5,2.465,39.1608,0.189617,0.012278,-0.33947,0.152773,9,358.97,301,446,0.0
TSLA,2026-09-14,2026-09-23,382.5,C,2.06,2.12,2.09,39.4293,0.163837,0.011118,-0.311242,0.139284,9,358.97,147,59,0.0
TSLA,2026-09-14,2026-09-23,385.0,C,1.74,1.78,1.76,39.6002,0.140275,0.009985,-0.281647,0.125629,9,358.97,256,88,0.0
TSLA,2026-09-14,2026-09-23,387.5,C,1.47,1.52,1.495,40.0152,0.12095,0.008918,-0.256606,0.113387,9,358.97,26,13,0.0
TSLA,2026-09-14,2026-09-23,390.0,C,1.24,1.28,1.26,40.2838,0.10317,0.007906,-0.230357,0.101199,9,358.97,445,579,0.0
TSLA,2026-09-14,2026-09-23,392.5,C,1.05,1.09,1.07,40.6988,0.088485,0.00699,-0.207696,0.090387,9,358.97,34,14,0.0
TSLA,2026-09-14,2026-09-23,395.0,C,0.89,0.93,0.91,41.1383,0.075883,0.006159,-0.186849,0.080507,9,358.97,155,103,0.0
TSLA,2026-09-14,2026-09-23,397.5,C,0.76,0.79,0.775,41.5289,0.064762,0.005401,-0.166864,0.071268,9,358.97,105,59,0.0
TSLA,2026-09-14,2026-09-23,400.0,C,0.65,0.68,0.665,42.0416,0.05573,0.004743,-0.150087,0.063361,9,358.97,640,287,0.0
TSLA,2026-09-14,2026-09-23,402.5,C,0.57,0.58,0.575,42.4566,0.047568,0.004141,-0.133557,0.055864,9,358.97,25,15,0.0
TSLA,2026-09-14,2026-09-23,405.0,C,0.49,0.51,0.5,43.1158,0.041475,0.003651,-0.121382,0.050023,9,358.97,30,25,0.0
TSLA,2026-09-14,2026-09-23,407.5,C,0.42,0.45,0.435,43.7994,0.036313,0.003226,-0.110599,0.04489,9,358.97,0,6,0.0
TSLA,2026-09-14,2026-09-23,410.0,C,0.37,0.4,0.385,44.5318,0.032015,0.00286,-0.101336,0.040473,9,358.97,212,111,0.0
TSLA,2026-09-14,2026-09-23,412.5,C,0.32,0.35,0.335,45.1177,0.027886,0.002518,-0.091521,0.036094,9,358.97,6,2,0.0
TSLA,2026-09-14,2026-09-23,415.0,C,0.29,0.31,0.3,45.7525,0.024454,0.002225,-0.083123,0.03234,9,358.97,62,195,0.0
TSLA,2026-09-14,2026-09-23,417.5,C,0.25,0.28,0.265,46.5337,0.021832,0.001988,-0.076812,0.029394,9,358.97,0,17,0.0
TSLA,2026-09-14,2026-09-23,420.0,C,0.23,0.25,0.24,47.1685,0.019237,0.001762,-0.069919,0.026405,9,358.97,63,122,0.0
TSLA,2026-09-14,2026-09-23,422.5,C,0.2,0.23,0.215,48.0474,0.017463,0.001593,-0.065567,0.024317,9,358.97,5,1,0.0
TSLA,2026-09-14,2026-09-23,425.0,C,0.18,0.21,0.195,48.8286,0.015731,0.001433,-0.060914,0.022237,9,358.97,15,367,0.0
TSLA,2026-09-14,2026-09-23,430.0,C,0.15,0.17,0.16,50.0982,0.012436,0.001141,-0.051009,0.018159,9,358.97,112,16,0.0
TSLA,2026-09-14,2026-09-23,432.5,C,0.14,0.16,0.15,50.5864,0.010897,0.001007,-0.045913,0.016191,9,358.97,5,12,0.0
TSLA,2026-09-14,2026-09-23,280.0,P,0.16,0.19,0.175,68.262,-0.008645,0.00061,-0.049811,0.013226,9,358.97,22,176,0.0
TSLA,2026-09-14,2026-09-23,285.0,P,0.18,0.21,0.195,64.9418,-0.010082,0.000733,-0.054186,0.015131,9,358.97,18,1,0.0
TSLA,2026-09-14,2026-09-23,290.0,P,0.2,0.23,0.215,61.5238,-0.011701,0.000881,-0.058405,0.017224,9,358.97,0,2,0.0
TSLA,2026-09-14,2026-09-23,295.0,P,0.23,0.26,0.245,58.3989,-0.014022,0.001086,-0.064793,0.020144,9,358.97,3,14,0.0
TSLA,2026-09-14,2026-09-23,300.0,P,0.27,0.3,0.285,55.3715,-0.017063,0.001355,-0.072655,0.02384,9,358.97,32,11,0.0
TSLA,2026-09-14,2026-09-23,305.0,P,0.31,0.34,0.325,52.1489,-0.020555,0.001686,-0.080105,0.027933,9,358.97,2,3,0.0
TSLA,2026-09-14,2026-09-23,310.0,P,0.38,0.41,0.395,49.7075,-0.026773,0.002209,-0.095278,0.034888,9,358.97,73,10,0.0
TSLA,2026-09-14,2026-09-23,312.5,P,0.42,0.45,0.435,48.2915,-0.030128,0.002508,-0.102061,0.03849,9,358.97,6,1,0.0
TSLA,2026-09-14,2026-09-23,315.0,P,0.46,0.5,0.48,46.9732,-0.034264,0.002868,-0.11033,0.042802,9,358.97,42,24,0.0
TSLA,2026-09-14,2026-09-23,317.5,P,0.53,0.56,0.545,45.6548,-0.039055,0.003284,-0.119275,0.047639,9,358.97,2,1,0.0
TSLA,2026-09-14,2026-09-23,320.0,P,0.6,0.63,0.615,44.3853,-0.044793,0.003775,-0.129476,0.053231,9,358.97,64,17,0.0
TSLA,2026-09-14,2026-09-23,322.5,P,0.68,0.72,0.7,43.2623,-0.052048,0.004367,-0.142189,0.060023,9,358.97,29,3,0.0
TSLA,2026-09-14,2026-09-23,325.0,P,0.79,0.83,0.81,42.1881,-0.06076,0.005059,-0.156516,0.067812,9,358.97,90,74,0.0
TSLA,2026-09-14,2026-09-23,327.5,P,0.93,0.97,0.95,41.2604,-0.071666,0.005878,-0.173794,0.077064,9,358.97,63,40,0.0
TSLA,2026-09-14,2026-09-23,330.0,P,1.1,1.14,1.12,40.357,-0.084594,0.006816,-0.192582,0.087399,9,358.97,59,79,0.0
TSLA,2026-09-14,2026-09-23,332.5,P,1.3,1.36,1.33,39.649,-0.100796,0.007898,-0.215151,0.099499,9,358.97,42,14,0.0
TSLA,2026-09-14,2026-09-23,335.0,P,1.57,1.62,1.595,38.941,-0.119673,0.009096,-0.238699,0.112542,9,358.97,159,62,0.0
TSLA,2026-09-14,2026-09-23,337.5,P,1.89,1.95,1.92,38.4039,-0.142549,0.010408,-0.265282,0.127006,9,358.97,41,15,0.0
TSLA,2026-09-14,2026-09-23,340.0,P,2.28,2.34,2.31,37.879,-0.168819,0.011799,-0.292086,0.142004,9,358.97,94,51,0.0
TSLA,2026-09-14,2026-09-23,342.5,P,2.76,2.82,2.79,37.4945,-0.199435,0.013224,-0.320183,0.157541,9,358.97,70,38,0.0
TSLA,2026-09-14,2026-09-23,345.0,P,3.3,3.4,3.35,37.2199,-0.234227,0.014621,-0.348143,0.172905,9,358.97,169,70,0.0
TSLA,2026-09-14,2026-09-23,347.5,P,3.95,4.1,4.025,37.11,-0.273233,0.015901,-0.37557,0.187486,9,358.97,46,130,0.0
TSLA,2026-09-14,2026-09-23,350.0,P,4.75,4.9,4.825,36.9879,-0.315101,0.017041,-0.398861,0.200268,9,358.97,763,153,0.0
TSLA,2026-09-14,2026-09-23,352.5,P,5.65,5.75,5.7,36.6217,-0.35871,0.018101,-0.414074,0.210621,9,358.97,66,65,0.0
TSLA,2026-09-14,2026-09-23,355.0,P,6.65,6.8,6.725,36.6583,-0.405617,0.018764,-0.428732,0.218553,9,358.97,290,99,0.0
TSLA,2026-09-14,2026-09-23,357.5,P,7.8,7.9,7.85,36.4264,-0.45331,0.019296,-0.43363,0.223334,9,358.97,449,60,0.0
TSLA,2026-09-14,2026-09-23,360.0,P,9.05,9.3,9.175,36.9757,-0.501438,0.019141,-0.441599,0.224875,9,358.97,460,163,0.0
TSLA,2026-09-14,2026-09-23,362.5,P,10.4,10.65,10.525,36.8353,-0.549138,0.019068,-0.434363,0.223168,9,358.97,258,155,0.0
TSLA,2026-09-14,2026-09-23,365.0,P,11.9,12.2,12.05,37.0734,-0.594982,0.018547,-0.425702,0.218472,9,358.97,252,212,0.0
TSLA,2026-09-14,2026-09-23,367.5,P,13.4,14.2,13.8,38.8678,-0.632458,0.017196,-0.432629,0.212364,9,358.97,128,82,0.0
TSLA,2026-09-14,2026-09-23,370.0,P,14.95,15.95,15.45,39.173,-0.672011,0.016361,-0.415512,0.203634,9,358.97,39,81,0.0
TSLA,2026-09-14,2026-09-23,372.5,P,16.45,17.9,17.175,40.0397,-0.705949,0.015265,-0.402808,0.1942,9,358.97,20,10,0.0
TSLA,2026-09-14,2026-09-23,375.0,P,18.35,19.45,18.9,38.4894,-0.750658,0.014626,-0.351409,0.178874,9,358.97,16,36,0.0
TSLA,2026-09-14,2026-09-23,377.5,P,20.35,21.8,21.075,40.711,-0.770406,0.013219,-0.354642,0.170991,9,358.97,0,27,0.0
TSLA,2026-09-14,2026-09-23,380.0,P,22.4,23.9,23.15,41.3458,-0.796589,0.012135,-0.332842,0.159415,9,358.97,2,18,0.0
TSLA,2026-09-14,2026-09-23,382.5,P,24.65,26.05,25.35,41.9806,-0.82002,0.011088,-0.310466,0.147899,9,358.97,0,448,0.0
TSLA,2026-09-14,2026-09-23,385.0,P,26.65,28.25,27.45,42.6519,-0.84068,0.010092,-0.288569,0.136768,9,358.97,1,16,0.0
TSLA,2026-09-14,2026-09-23,387.5,P,28.9,30.45,29.675,43.0426,-0.860676,0.009144,-0.262503,0.12505,9,358.97,1,6,0.0
TSLA,2026-09-14,2026-09-23,390.0,P,31.2,32.5,31.85,41.9195,-0.887218,0.008101,-0.213517,0.107904,9,358.97,0,2,0.0
TSLA,2026-09-14,2026-09-23,395.0,P,35.85,37.35,36.6,45.0079,-0.90393,0.006717,-0.201249,0.096061,9,358.97,1,1,0.0
TSLA,2026-09-14,2026-09-23,405.0,P,45.5,46.95,46.225,48.8775,-0.935861,0.004555,-0.150856,0.070735,9,358.97,0,2,0.0
TSLA,2026-09-14,2026-09-23,425.0,P,64.85,67.25,66.05,67.2122,-0.937962,0.003227,-0.213885,0.068924,9,358.97,24,1,0.0
TSLA,2026-09-14,2026-09-25,50.0,C,305.15,313.55,309.35,471.0942,0.997604,2.5e-05,-0.104921,0.004654,11,358.97,2,9,0.0
TSLA,2026-09-14,2026-09-25,120.0,C,235.3,243.2,239.25,255.0785,0.996518,6.6e-05,-0.08835,0.006519,11,358.97,2,2,0.0
TSLA,2026-09-14,2026-09-25,140.0,C,215.8,222.8,219.3,225.7817,0.995356,9.6e-05,-0.101448,0.008436,11,358.97,6,1,0.0
TSLA,2026-09-14,2026-09-25,150.0,C,205.35,213.05,209.2,200.7817,0.996332,8.8e-05,-0.078344,0.006832,11,358.97,4,7,0.0
TSLA,2026-09-14,2026-09-25,160.0,C,196.8,203.05,199.925,228.809,0.987322,0.00023,-0.228968,0.020413,11,358.97,1,2,0.0
TSLA,2026-09-14,2026-09-25,170.0,C,185.5,193.05,189.275,180.2735,0.994592,0.000138,-0.097247,0.009662,11,358.97,1,10,0.0
TSLA,2026-09-14,2026-09-25,180.0,C,175.55,183.05,179.3,169.3361,0.993776,0.000166,-0.103367,0.010946,11,358.97,0,2,0.0
TSLA,2026-09-14,2026-09-25,190.0,C,167.85,173.1,170.475,200.1958,0.977668,0.000426,-0.320886,0.033124,11,358.97,1,2,0.0
TSLA,2026-09-14,2026-09-25,200.0,C,157.45,161.25,159.35,148.5354,0.991845,0.000241,-0.114982,0.013892,11,358.97,2,10,0.0
TSLA,2026-09-14,2026-09-25,210.0,C,145.55,153.2,149.375,138.5745,0.99071,0.000289,-0.12032,0.015574,11,358.97,1,6,0.0
TSLA,2026-09-14,2026-09-25,220.0,C,135.6,140.75,138.175,165.0392,0.968293,0.000693,-0.355306,0.044389,11,358.97,1,16,0.0
TSLA,2026-09-14,2026-09-25,230.0,C,126.8,133.2,130.0,136.9144,0.977073,0.000637,-0.234552,0.033866,11,358.97,7,8,0.0
TSLA,2026-09-14,2026-09-25,235.0,C,122.15,128.2,125.175,135.1077,0.973109,0.000738,-0.261904,0.038712,11,358.97,1,2,0.0
TSLA,2026-09-14,2026-09-25,240.0,C,117.2,121.2,119.2,99.1211,0.992505,0.000335,-0.083648,0.012898,11,358.97,10,12,0.0
TSLA,2026-09-14,2026-09-25,250.0,C,105.7,110.75,108.225,128.1254,0.959338,0.001094,-0.342138,0.054422,11,358.97,20,51,0.0
TSLA,2026-09-14,2026-09-25,255.0,C,100.75,108.35,104.55,98.6817,0.981637,0.000732,-0.152565,0.02806,11,358.97,2,2,0.0
TSLA,2026-09-14,2026-09-25,260.0,C,96.95,101.95,99.45,90.9181,0.983418,0.000728,-0.133608,0.02572,11,358.97,1,57,0.0
TSLA,2026-09-14,2026-09-25,265.0,C,90.8,98.35,94.575,89.6974,0.979055,0.000901,-0.155604,0.031377,11,358.97,16,60,0.0
TSLA,2026-09-14,2026-09-25,270.0,C,85.8,93.4,89.6,85.5958,0.977197,0.001014,-0.159303,0.033712,11,358.97,1,43,0.0
TSLA,2026-09-14,2026-09-25,275.0,C,80.85,85.9,83.375,101.856,0.945433,0.001742,-0.346282,0.068891,11,358.97,1,27,0.0
TSLA,2026-09-14,2026-09-25,280.0,C,75.85,83.3,79.575,75.6838,0.975333,0.001225,-0.153042,0.036014,11,358.97,3,28,0.0
TSLA,2026-09-14,2026-09-25,285.0,C,70.9,78.5,74.7,73.6819,0.969755,0.001492,-0.172431,0.042689,11,358.97,1,20,0.0
TSLA,2026-09-14,2026-09-25,290.0,C,68.65,73.5,71.075,87.4025,0.931867,0.002414,-0.353965,0.081947,11,358.97,202,134,0.0
TSLA,2026-09-14,2026-09-25,295.0,C,63.05,66.55,64.8,66.1136,0.962276,0.001994,-0.184098,0.051199,11,358.97,12,108,0.0
TSLA,2026-09-14,2026-09-25,300.0,C,59.5,61.55,60.525,70.8499,0.937015,0.002802,-0.278038,0.077103,11,358.97,46,295,0.0
TSLA,2026-09-14,2026-09-25,302.5,C,55.75,59.05,57.4,60.6205,0.954513,0.002531,-0.194911,0.059582,11,358.97,6,12,0.0
TSLA,2026-09-14,2026-09-25,305.0,C,54.05,56.55,55.3,63.2572,0.939353,0.003047,-0.245627,0.07486,11,358.97,32,100,0.0
TSLA,2026-09-14,2026-09-25,307.5,C,50.95,54.0,52.475,56.9096,0.948228,0.00299,-0.201952,0.066078,11,358.97,6,11,0.0
TSLA,2026-09-14,2026-09-25,310.0,C,48.6,51.5,50.05,55.4692,0.943354,0.003294,-0.209996,0.070955,11,358.97,10,90,0.0
TSLA,2026-09-14,2026-09-25,312.5,C,44.75,50.5,47.625,53.9311,0.938248,0.003625,-0.217281,0.075924,11,358.97,1,2,0.0
TSLA,2026-09-14,2026-09-25,315.0,C,44.85,45.65,45.25,52.8569,0.930937,0.004034,-0.230088,0.082808,11,358.97,6,258,0.0
TSLA,2026-09-14,2026-09-25,317.5,C,42.45,43.25,42.85,51.3921,0.924198,0.004456,-0.238878,0.088932,11,358.97,0,10,0.0
TSLA,2026-09-14,2026-09-25,320.0,C,40.05,40.85,40.45,53.3086,0.903346,0.005153,-0.289031,0.106674,11,358.97,25,125,0.0
TSLA,2026-09-14,2026-09-25,322.5,C,37.7,38.5,38.1,51.8682,0.893988,0.005665,-0.299457,0.114104,11,358.97,25,2,0.0
TSLA,2026-09-14,2026-09-25,325.0,C,35.35,35.9,35.625,48.4258,0.89227,0.006138,-0.284745,0.115435,11,358.97,30,140,0.0
TSLA,2026-09-14,2026-09-25,327.5,C,33.05,33.85,33.45,48.9751,0.871941,0.006859,-0.320516,0.130461,11,358.97,6,12,0.0
TSLA,2026-09-14,2026-09-25,330.0,C,30.8,31.55,31.175,47.5103,0.859002,0.007554,-0.330827,0.139374,11,358.97,86,527,0.0
TSLA,2026-09-14,2026-09-25,332.5,C,28.6,29.35,28.975,46.5093,0.842254,0.008317,-0.347008,0.150221,11,358.97,1,20,0.0
TSLA,2026-09-14,2026-09-25,335.0,C,26.45,27.15,26.8,45.3008,0.824633,0.009143,-0.360202,0.160852,11,358.97,4,340,0.0
TSLA,2026-09-14,2026-09-25,337.5,C,24.35,25.05,24.7,44.4341,0.803299,0.01001,-0.377244,0.172722,11,358.97,10,1,0.0
TSLA,2026-09-14,2026-09-25,340.0,C,22.45,22.8,22.625,42.5665,0.784571,0.011028,-0.380623,0.182295,11,358.97,52,569,0.0
TSLA,2026-09-14,2026-09-25,342.5,C,20.45,21.05,20.75,42.9449,0.752751,0.011804,-0.411162,0.196866,11,358.97,68,51,0.0
TSLA,2026-09-14,2026-09-25,345.0,C,18.6,19.0,18.8,41.5655,0.726619,0.012844,-0.417799,0.20733,11,358.97,36,705,0.0
TSLA,2026-09-14,2026-09-25,347.5,C,16.95,17.25,17.1,41.2481,0.693526,0.013656,-0.435133,0.21875,11,358.97,58,4,0.0
TSLA,2026-09-14,2026-09-25,350.0,C,15.3,15.55,15.425,40.7965,0.658901,0.01443,-0.447786,0.228618,11,358.97,358,1501,0.0
TSLA,2026-09-14,2026-09-25,352.5,C,13.75,14.1,13.925,41.0101,0.620856,0.014888,-0.464528,0.237113,11,358.97,86,58,0.0
TSLA,2026-09-14,2026-09-25,355.0,C,12.3,12.55,12.425,40.4547,0.583304,0.015478,-0.468396,0.24317,11,358.97,934,1552,0.0
TSLA,2026-09-14,2026-09-25,357.5,C,10.95,11.2,11.075,40.3265,0.544017,0.015778,-0.472801,0.247095,11,358.97,296,46,0.0
TSLA,2026-09-14,2026-09-25,360.0,C,9.8,9.9,9.85,40.0275,0.504219,0.015993,-0.470775,0.248596,11,358.97,4332,1365,0.0
TSLA,2026-09-14,2026-09-25,362.5,C,8.65,8.8,8.725,40.1312,0.464698,0.01589,-0.468786,0.247636,11,358.97,1198,175,0.0
TSLA,2026-09-14,2026-09-25,365.0,C,7.6,7.75,7.675,40.0702,0.425576,0.015698,-0.460571,0.244271,11,358.97,6589,1263,0.0
TSLA,2026-09-14,2026-09-25,367.5,C,6.7,6.8,6.75,40.0458,0.387442,0.015346,-0.448691,0.238648,11,358.97,552,423,0.0
TSLA,2026-09-14,2026-09-25,370.0,C,5.85,5.95,5.9,40.0641,0.350745,0.014847,-0.433636,0.231001,11,358.97,2170,3670,0.0
TSLA,2026-09-14,2026-09-25,372.5,C,5.1,5.2,5.15,40.1617,0.316043,0.014214,-0.416395,0.221686,11,358.97,366,212,0.0
TSLA,2026-09-14,2026-09-25,375.0,C,4.4,4.55,4.475,40.357,0.283792,0.013472,-0.397835,0.211138,11,358.97,882,1756,0.0
TSLA,2026-09-14,2026-09-25,377.5,C,3.85,3.95,3.9,40.4669,0.2532,0.012686,-0.376113,0.199364,11,358.97,169,147,0.0
TSLA,2026-09-14,2026-09-25,380.0,C,3.3,3.45,3.375,40.7355,0.22574,0.011836,-0.355096,0.187245,11,358.97,2768,2514,0.0
TSLA,2026-09-14,2026-09-25,382.5,C,2.89,2.95,2.92,40.6988,0.198637,0.010993,-0.328818,0.173747,11,358.97,376,101,0.0
TSLA,2026-09-14,2026-09-25,385.0,C,2.49,2.55,2.52,40.8941,0.175181,0.010122,-0.305323,0.160744,11,358.97,688,5632,0.0
TSLA,2026-09-14,2026-09-25,387.5,C,2.15,2.21,2.18,41.1505,0.154285,0.009264,-0.282663,0.148041,11,358.97,67,97,0.0
TSLA,2026-09-14,2026-09-25,390.0,C,1.85,1.9,1.875,41.3336,0.135008,0.00843,-0.259258,0.135308,11,358.97,3072,2368,0.0
TSLA,2026-09-14,2026-09-25,392.5,C,1.6,1.64,1.62,41.5899,0.118151,0.007634,-0.237508,0.1233,11,358.97,126,92,0.0
TSLA,2026-09-14,2026-09-25,395.0,C,1.39,1.41,1.4,41.8219,0.102978,0.006879,-0.216246,0.111728,11,358.97,455,1068,0.0
TSLA,2026-09-14,2026-09-25,397.5,C,1.19,1.23,1.21,42.2247,0.090436,0.006194,-0.198312,0.101561,11,358.97,130,89,0.0
TSLA,2026-09-14,2026-09-25,400.0,C,1.03,1.07,1.05,42.6031,0.079225,0.005559,-0.181056,0.091965,11,358.97,2269,5441,0.0
TSLA,2026-09-14,2026-09-25,402.5,C,0.9,0.93,0.915,42.9693,0.069279,0.004974,-0.164723,0.083008,11,358.97,74,83,0.0
TSLA,2026-09-14,2026-09-25,405.0,C,0.78,0.81,0.795,43.3355,0.06053,0.004442,-0.149506,0.074747,11,358.97,622,2877,0.0
TSLA,2026-09-14,2026-09-25,407.5,C,0.68,0.71,0.695,43.775,0.053156,0.003969,-0.136257,0.067477,11,358.97,31,26,0.0
TSLA,2026-09-14,2026-09-25,410.0,C,0.6,0.63,0.615,44.3365,0.04716,0.003562,-0.125378,0.061336,11,358.97,1141,2737,0.0
TSLA,2026-09-14,2026-09-25,412.5,C,0.53,0.56,0.545,44.8736,0.041805,0.003194,-0.115095,0.055658,11,358.97,39,26,0.0
TSLA,2026-09-14,2026-09-25,415.0,C,0.47,0.5,0.485,45.4107,0.0371,0.002864,-0.105644,0.050507,11,358.97,218,1473,0.0
TSLA,2026-09-14,2026-09-25,417.5,C,0.42,0.44,0.43,45.8502,0.032667,0.002555,-0.096045,0.045496,11,358.97,19,31,0.0
TSLA,2026-09-14,2026-09-25,420.0,C,0.37,0.39,0.38,46.3384,0.02892,0.002286,-0.087718,0.04113,11,358.97,1085,2156,0.0
TSLA,2026-09-14,2026-09-25,422.5,C,0.33,0.36,0.345,47.1197,0.026393,0.002083,-0.08262,0.038112,11,358.97,31,30,0.0
TSLA,2026-09-14,2026-09-25,425.0,C,0.3,0.31,0.305,47.315,0.022741,0.001831,-0.073191,0.033635,11,358.97,449,1121,0.0
TSLA,2026-09-14,2026-09-25,427.5,C,0.27,0.29,0.28,48.145,0.020954,0.001679,-0.069478,0.031389,11,358.97,92,33,0.0
TSLA,2026-09-14,2026-09-25,430.0,C,0.25,0.26,0.255,48.6822,0.018761,0.001512,-0.063939,0.028577,11,358.97,786,1571,0.0
TSLA,2026-09-14,2026-09-25,432.5,C,0.22,0.24,0.23,49.3657,0.0171,0.001377,-0.059891,0.026405,11,358.97,112,63,0.0
TSLA,2026-09-14,2026-09-25,435.0,C,0.21,0.22,0.215,50.0005,0.015537,0.001253,-0.055864,0.024323,11,358.97,180,873,0.0
TSLA,2026-09-14,2026-09-25,437.5,C,0.18,0.21,0.195,50.3911,0.013753,0.001119,-0.05068,0.021901,11,358.97,28,54,0.0
TSLA,2026-09-14,2026-09-25,440.0,C,0.17,0.19,0.18,51.0747,0.012616,0.001025,-0.047664,0.020327,11,358.97,655,1405,0.0
TSLA,2026-09-14,2026-09-25,442.5,C,0.15,0.18,0.165,51.6606,0.011464,0.000932,-0.04436,0.018708,11,358.97,0,23,0.0
TSLA,2026-09-14,2026-09-25,445.0,C,0.15,0.16,0.155,52.3442,0.010563,0.000857,-0.041846,0.017421,11,358.97,34,785,0.0
TSLA,2026-09-14,2026-09-25,447.5,C,0.13,0.15,0.14,52.8325,0.009522,0.000776,-0.038573,0.015914,11,358.97,18,10,0.0
TSLA,2026-09-14,2026-09-25,450.0,C,0.12,0.14,0.13,53.5161,0.00881,0.000715,-0.036495,0.014867,11,358.97,94,1728,0.0
TSLA,2026-09-14,2026-09-25,455.0,C,0.1,0.12,0.11,54.5903,0.007312,0.000595,-0.03159,0.01262,11,358.97,9,538,0.0
TSLA,2026-09-14,2026-09-25,460.0,C,0.09,0.1,0.095,55.7622,0.00619,0.000503,-0.027841,0.010893,11,358.97,53,540,0.0
TSLA,2026-09-14,2026-09-25,465.0,C,0.08,0.1,0.09,57.4223,0.005632,0.000449,-0.026355,0.010017,11,358.97,3,659,0.0
TSLA,2026-09-14,2026-09-25,470.0,C,0.07,0.09,0.08,58.7895,0.00497,0.000393,-0.024136,0.008962,11,358.97,3,441,0.0
TSLA,2026-09-14,2026-09-25,475.0,C,0.06,0.07,0.065,59.3754,0.003976,0.000318,-0.019965,0.007342,11,358.97,22,349,0.0
TSLA,2026-09-14,2026-09-25,480.0,C,0.05,0.06,0.055,60.352,0.00337,0.00027,-0.017491,0.00633,11,358.97,13,314,0.0
TSLA,2026-09-14,2026-09-25,485.0,C,0.04,0.07,0.055,62.1098,0.003207,0.000251,-0.017211,0.006054,11,358.97,12,129,0.0
TSLA,2026-09-14,2026-09-25,490.0,C,0.01,0.15,0.08,66.6019,0.004355,0.000308,-0.024281,0.007967,11,358.97,12,368,0.0
TSLA,2026-09-14,2026-09-25,495.0,C,0.03,0.15,0.09,69.3362,0.004669,0.000315,-0.02689,0.008477,11,358.97,41,549,0.0
TSLA,2026-09-14,2026-09-25,500.0,C,0.04,0.15,0.095,71.68,0.004782,0.000311,-0.028393,0.00866,11,358.97,166,1071,0.0
TSLA,2026-09-14,2026-09-25,505.0,C,0.03,0.14,0.085,72.6565,0.004224,0.000275,-0.02576,0.007752,11,358.97,12,93,0.0
TSLA,2026-09-14,2026-09-25,510.0,C,0.03,0.14,0.085,74.6096,0.004178,0.000265,-0.026186,0.007675,11,358.97,7,105,0.0
TSLA,2026-09-14,2026-09-25,515.0,C,0.01,0.05,0.03,68.7503,0.001566,0.000118,-0.009942,0.003163,11,358.97,3,191,0.0
TSLA,2026-09-14,2026-09-25,520.0,C,0.01,0.1,0.055,74.6096,0.002658,0.000176,-0.017432,0.005111,11,358.97,18,205,0.0
TSLA,2026-09-14,2026-09-25,525.0,C,0.02,0.03,0.025,71.094,0.001311,9.7e-05,-0.008738,0.002689,11,358.97,18,2027,0.0
TSLA,2026-09-14,2026-09-25,530.0,C,0.01,0.05,0.03,73.8284,0.001505,0.000106,-0.01029,0.00305,11,358.97,12,137,0.0
TSLA,2026-09-14,2026-09-25,535.0,C,0.01,0.05,0.03,75.3909,0.001468,0.000102,-0.010273,0.002982,11,358.97,11,50,0.0
TSLA,2026-09-14,2026-09-25,540.0,C,0.01,0.05,0.03,76.9534,0.001437,9.8e-05,-0.010282,0.002924,11,358.97,4,20,0.0
TSLA,2026-09-14,2026-09-25,545.0,C,0.01,0.04,0.025,77.344,0.001207,8.3e-05,-0.008813,0.002494,11,358.97,3,34,0.0
TSLA,2026-09-14,2026-09-25,550.0,C,0.01,0.05,0.03,80.0783,0.001389,9.1e-05,-0.010372,0.002835,11,358.97,3,167,0.0
TSLA,2026-09-14,2026-09-25,555.0,C,0.01,0.05,0.03,81.2502,0.001305,8.5e-05,-0.009939,0.002678,11,358.97,5,29,0.0
TSLA,2026-09-14,2026-09-25,560.0,C,0.01,0.05,0.03,82.8127,0.001293,8.3e-05,-0.010041,0.002655,11,358.97,1,46,0.0
TSLA,2026-09-14,2026-09-25,565.0,C,0.0,0.05,0.025,83.2033,0.001107,7.1e-05,-0.008754,0.002304,11,358.97,4,21,0.0
TSLA,2026-09-14,2026-09-25,570.0,C,0.0,0.05,0.025,84.3752,0.001051,6.7e-05,-0.008461,0.002196,11,358.97,4,48,0.0
TSLA,2026-09-14,2026-09-25,575.0,C,0.0,0.05,0.025,85.9376,0.001051,6.6e-05,-0.008618,0.002196,11,358.97,126,15,0.0
TSLA,2026-09-14,2026-09-25,580.0,C,0.0,0.05,0.025,87.5001,0.001053,6.5e-05,-0.00879,0.0022,11,358.97,9,43,0.0
TSLA,2026-09-14,2026-09-25,585.0,C,0.0,0.05,0.025,89.0626,0.001057,6.4e-05,-0.008977,0.002208,11,358.97,1,27,0.0
TSLA,2026-09-14,2026-09-25,590.0,C,0.0,0.05,0.025,90.2345,0.001014,6.1e-05,-0.008754,0.002125,11,358.97,4,49,0.0
TSLA,2026-09-14,2026-09-25,595.0,C,0.0,0.05,0.025,91.4063,0.000975,5.8e-05,-0.008555,0.00205,11,358.97,2,22,0.0
TSLA,2026-09-14,2026-09-25,600.0,C,0.01,0.05,0.03,94.5313,0.001179,6.6e-05,-0.01053,0.00244,11,358.97,1,334,0.0
TSLA,2026-09-14,2026-09-25,605.0,C,0.01,0.03,0.02,92.1876,0.000751,4.5e-05,-0.006786,0.001613,11,358.97,4,270,0.0
TSLA,2026-09-14,2026-09-25,610.0,C,0.01,0.05,0.03,96.875,0.001101,6.1e-05,-0.010129,0.002291,11,358.97,64,98,0.0
TSLA,2026-09-14,2026-09-25,615.0,C,0.01,0.03,0.02,95.3125,0.000778,4.5e-05,-0.007249,0.001667,11,358.97,17,720,0.0
TSLA,2026-09-14,2026-09-25,50.0,P,0.0,0.01,0.005,312.5002,-4.7e-05,1e-06,-0.001709,0.00012,11,358.97,2,16,0.0
TSLA,2026-09-14,2026-09-25,100.0,P,0.0,0.01,0.005,206.2505,-8.8e-05,3e-06,-0.002042,0.000218,11,358.97,182,216,0.0
TSLA,2026-09-14,2026-09-25,110.0,P,0.0,0.01,0.005,187.5001,-7.2e-05,2e-06,-0.001547,0.000182,11,358.97,1,153,0.0
TSLA,2026-09-14,2026-09-25,120.0,P,0.0,0.01,0.005,175.0001,-8.4e-05,3e-06,-0.001664,0.00021,11,358.97,32,34,0.0
TSLA,2026-09-14,2026-09-25,130.0,P,0.0,0.01,0.005,162.5002,-9e-05,4e-06,-0.001645,0.000223,11,358.97,1797,7206,0.0
TSLA,2026-09-14,2026-09-25,140.0,P,0.01,0.02,0.015,165.6252,-0.00031,1.1e-05,-0.005337,0.000711,11,358.97,10699,1787,0.0
TSLA,2026-09-14,2026-09-25,150.0,P,0.01,0.02,0.015,153.1252,-0.000313,1.2e-05,-0.004979,0.000717,11,358.97,603,80,0.0
TSLA,2026-09-14,2026-09-25,160.0,P,0.01,0.03,0.02,146.094,-0.000454,1.8e-05,-0.006706,0.001013,11,358.97,17,64,0.0
TSLA,2026-09-14,2026-09-25,170.0,P,0.02,0.03,0.025,138.2816,-0.000601,2.4e-05,-0.008223,0.001312,11,358.97,50,453,0.0
TSLA,2026-09-14,2026-09-25,180.0,P,0.01,0.03,0.02,125.7816,-0.000527,2.4e-05,-0.006623,0.001162,11,358.97,2,222,0.0
TSLA,2026-09-14,2026-09-25,190.0,P,0.02,0.04,0.03,120.7035,-0.000826,3.8e-05,-0.009621,0.00176,11,358.97,10,1315,0.0
TSLA,2026-09-14,2026-09-25,200.0,P,0.02,0.04,0.03,111.7192,-0.000907,4.4e-05,-0.009708,0.001919,11,358.97,275,850,0.0
TSLA,2026-09-14,2026-09-25,210.0,P,0.02,0.05,0.035,104.2974,-0.001114,5.7e-05,-0.010933,0.002316,11,358.97,65,218,0.0
TSLA,2026-09-14,2026-09-25,220.0,P,0.05,0.1,0.075,103.5161,-0.002394,0.000116,-0.021782,0.00465,11,358.97,1936,352,0.0
TSLA,2026-09-14,2026-09-25,230.0,P,0.05,0.14,0.095,97.461,-0.003238,0.000161,-0.02692,0.006107,11,358.97,2,652,0.0
TSLA,2026-09-14,2026-09-25,235.0,P,0.05,0.1,0.075,90.6251,-0.002726,0.000149,-0.021431,0.00523,11,358.97,51,193,0.0
TSLA,2026-09-14,2026-09-25,240.0,P,0.08,0.1,0.09,88.2814,-0.003351,0.000184,-0.025136,0.006298,11,358.97,576,481,0.0
TSLA,2026-09-14,2026-09-25,245.0,P,0.09,0.12,0.105,85.7423,-0.004041,0.000224,-0.028873,0.00745,11,358.97,508,66,0.0
TSLA,2026-09-14,2026-09-25,250.0,P,0.08,0.14,0.11,82.0314,-0.004397,0.000252,-0.029779,0.008034,11,358.97,309,663,0.0
TSLA,2026-09-14,2026-09-25,255.0,P,0.12,0.15,0.135,79.9807,-0.005528,0.000317,-0.035594,0.009852,11,358.97,667,380,0.0
TSLA,2026-09-14,2026-09-25,260.0,P,0.14,0.16,0.15,76.9534,-0.006384,0.000375,-0.038897,0.011194,11,358.97,20,367,0.0
TSLA,2026-09-14,2026-09-25,265.0,P,0.16,0.18,0.17,74.0237,-0.007439,0.000446,-0.042813,0.012813,11,358.97,62,358,0.0
TSLA,2026-09-14,2026-09-25,270.0,P,0.18,0.2,0.19,71.094,-0.008679,0.000531,-0.047065,0.014673,11,358.97,455,363,0.0
TSLA,2026-09-14,2026-09-25,275.0,P,0.2,0.23,0.215,68.1644,-0.010143,0.000635,-0.051692,0.016816,11,358.97,38,539,0.0
TSLA,2026-09-14,2026-09-25,280.0,P,0.23,0.25,0.24,65.1371,-0.011782,0.000757,-0.056244,0.019156,11,358.97,2769,530,0.0
TSLA,2026-09-14,2026-09-25,285.0,P,0.26,0.28,0.27,62.2074,-0.013843,0.000912,-0.061719,0.022024,11,358.97,61,358,0.0
TSLA,2026-09-14,2026-09-25,290.0,P,0.29,0.31,0.3,59.0824,-0.016056,0.00109,-0.066544,0.025018,11,358.97,75,755,0.0
TSLA,2026-09-14,2026-09-25,295.0,P,0.33,0.36,0.345,56.2504,-0.019188,0.001333,-0.073708,0.029129,11,358.97,30,636,0.0
TSLA,2026-09-14,2026-09-25,300.0,P,0.38,0.4,0.39,53.272,-0.022775,0.001628,-0.080632,0.033676,11,358.97,294,2520,0.0
TSLA,2026-09-14,2026-09-25,302.5,P,0.42,0.45,0.435,52.1977,-0.025753,0.001842,-0.087559,0.037339,11,358.97,155,77,0.0
TSLA,2026-09-14,2026-09-25,305.0,P,0.45,0.48,0.465,50.6841,-0.02812,0.002041,-0.091445,0.040182,11,358.97,99,1233,0.0
TSLA,2026-09-14,2026-09-25,307.5,P,0.5,0.53,0.515,49.8052,-0.03238,0.002335,-0.100953,0.045166,11,358.97,166,108,0.0
TSLA,2026-09-14,2026-09-25,310.0,P,0.55,0.58,0.565,48.5113,-0.036108,0.002622,-0.107482,0.049399,11,358.97,174,1033,0.0
TSLA,2026-09-14,2026-09-25,312.5,P,0.61,0.64,0.625,47.2662,-0.04049,0.002955,-0.114901,0.054235,11,358.97,113,80,0.0
TSLA,2026-09-14,2026-09-25,315.0,P,0.68,0.72,0.7,46.2164,-0.046138,0.003358,-0.124759,0.060267,11,358.97,479,1283,0.0
TSLA,2026-09-14,2026-09-25,317.5,P,0.77,0.81,0.79,45.1422,-0.052529,0.003813,-0.135058,0.066845,11,358.97,117,90,0.0
TSLA,2026-09-14,2026-09-25,320.0,P,0.87,0.91,0.89,44.0435,-0.059768,0.004327,-0.145773,0.074009,11,358.97,440,2259,0.0
TSLA,2026-09-14,2026-09-25,322.5,P,1.0,1.04,1.02,43.1158,-0.068822,0.004932,-0.159097,0.082585,11,358.97,174,63,0.0
TSLA,2026-09-14,2026-09-25,325.0,P,1.16,1.2,1.18,42.2857,-0.079696,0.005625,-0.174368,0.092378,11,358.97,507,1410,0.0
TSLA,2026-09-14,2026-09-25,327.5,P,1.34,1.39,1.365,41.5045,-0.092439,0.006404,-0.191038,0.103224,11,358.97,160,58,0.0
TSLA,2026-09-14,2026-09-25,330.0,P,1.57,1.62,1.595,40.7965,-0.107436,0.007272,-0.209336,0.115208,11,358.97,1606,1527,0.0
TSLA,2026-09-14,2026-09-25,332.5,P,1.85,1.9,1.875,40.1861,-0.1251,0.008225,-0.229442,0.128354,11,358.97,103,99,0.0
TSLA,2026-09-14,2026-09-25,335.0,P,2.18,2.24,2.21,39.6857,-0.145766,0.009249,-0.251279,0.142539,11,358.97,364,952,0.0
TSLA,2026-09-14,2026-09-25,337.5,P,2.58,2.64,2.61,39.234,-0.169294,0.010322,-0.273682,0.157276,11,358.97,94,234,0.0
TSLA,2026-09-14,2026-09-25,340.0,P,3.05,3.1,3.075,38.7824,-0.19553,0.011427,-0.295521,0.172098,11,358.97,1858,3403,0.0
TSLA,2026-09-14,2026-09-25,342.5,P,3.6,3.7,3.65,38.6969,-0.22651,0.012484,-0.320871,0.187606,11,358.97,302,173,0.0
TSLA,2026-09-14,2026-09-25,345.0,P,4.25,4.35,4.3,38.465,-0.259271,0.013512,-0.342451,0.201843,11,358.97,528,2996,0.0
TSLA,2026-09-14,2026-09-25,347.5,P,4.95,5.1,5.025,38.3063,-0.294799,0.014449,-0.362363,0.214948,11,358.97,487,171,0.0
TSLA,2026-09-14,2026-09-25,350.0,P,5.8,5.95,5.875,38.1842,-0.332584,0.015267,-0.379467,0.226384,11,358.97,2533,2691,0.0
TSLA,2026-09-14,2026-09-25,352.5,P,6.75,6.85,6.8,37.879,-0.371643,0.016018,-0.390638,0.235628,11,358.97,162,139,0.0
TSLA,2026-09-14,2026-09-25,355.0,P,7.8,7.95,7.875,37.9889,-0.413096,0.01645,-0.402286,0.242688,11,358.97,1255,2790,0.0
TSLA,2026-09-14,2026-09-25,357.5,P,8.95,9.1,9.025,37.8973,-0.454899,0.016784,-0.406999,0.247019,11,358.97,397,78,0.0
TSLA,2026-09-14,2026-09-25,360.0,P,10.2,10.4,10.3,37.9889,-0.497004,0.016851,-0.408994,0.248603,11,358.97,2409,1486,0.0
TSLA,2026-09-14,2026-09-25,362.5,P,11.55,11.8,11.675,38.0866,-0.53864,0.01673,-0.406329,0.247443,11,358.97,541,271,0.0
TSLA,2026-09-14,2026-09-25,365.0,P,13.05,13.3,13.175,38.1903,-0.579349,0.01643,-0.399221,0.243676,11,358.97,2360,1287,0.0
TSLA,2026-09-14,2026-09-25,367.5,P,14.6,14.95,14.775,38.5199,-0.617921,0.015888,-0.390684,0.237669,11,358.97,278,210,0.0
TSLA,2026-09-14,2026-09-25,370.0,P,16.25,16.75,16.5,39.118,-0.653298,0.015142,-0.381986,0.230021,11,358.97,223,1087,0.0
TSLA,2026-09-14,2026-09-25,372.5,P,18.0,18.3,18.15,38.3063,-0.69332,0.014709,-0.35227,0.218815,11,358.97,43,63,0.0
TSLA,2026-09-14,2026-09-25,375.0,P,19.6,20.4,20.0,39.5514,-0.720615,0.013643,-0.346716,0.209551,11,358.97,20,343,0.0
TSLA,2026-09-14,2026-09-25,377.5,P,21.5,22.35,21.925,39.8505,-0.75042,0.012785,-0.327012,0.197853,11,358.97,2,4,0.0
TSLA,2026-09-14,2026-09-25,380.0,P,23.45,24.25,23.85,39.5758,-0.781437,0.011961,-0.297898,0.183824,11,358.97,23,504,0.0
TSLA,2026-09-14,2026-09-25,382.5,P,25.5,26.45,25.975,40.5401,-0.802363,0.011003,-0.285368,0.173219,11,358.97,3,31,0.0
TSLA,2026-09-14,2026-09-25,385.0,P,27.6,28.55,28.075,40.7232,-0.825904,0.010124,-0.261407,0.160111,11,358.97,5,70,0.0
TSLA,2026-09-14,2026-09-25,387.5,P,29.7,30.75,30.225,41.2237,-0.845255,0.009266,-0.241993,0.148333,11,358.97,0,18,0.0
TSLA,2026-09-14,2026-09-25,390.0,P,32.2,32.95,32.575,41.4801,-0.864089,0.008438,-0.219364,0.135928,11,358.97,48,280,0.0
TSLA,2026-09-14,2026-09-25,392.5,P,34.15,35.25,34.7,42.1881,-0.878286,0.007685,-0.203731,0.12591,11,358.97,4,1,0.0
TSLA,2026-09-14,2026-09-25,395.0,P,36.45,37.5,36.975,42.3101,-0.894227,0.006933,-0.180505,0.113918,11,358.97,10,60,0.0
TSLA,2026-09-14,2026-09-25,397.5,P,38.75,39.85,39.3,43.0181,-0.905245,0.006293,-0.166303,0.105128,11,358.97,0,4,0.0
TSLA,2026-09-14,2026-09-25,400.0,P,41.1,42.2,41.65,43.5553,-0.915874,0.005689,-0.150574,0.096222,11,358.97,10,523,0.0
TSLA,2026-09-14,2026-09-25,405.0,P,45.85,46.95,46.4,44.605,-0.933714,0.004631,-0.121524,0.080224,11,358.97,1,14,0.0
TSLA,2026-09-14,2026-09-25,410.0,P,50.7,51.8,51.25,46.2164,-0.945399,0.00384,-0.102689,0.068925,11,358.97,6,22,0.0
TSLA,2026-09-14,2026-09-25,415.0,P,55.6,56.7,56.15,48.0718,-0.95372,0.003236,-0.089056,0.060415,11,358.97,15,15,0.0
TSLA,2026-09-14,2026-09-25,420.0,P,57.3,64.9,61.1,79.2116,-0.85644,0.004586,-0.467934,0.141083,11,358.97,5,21,0.0
TSLA,2026-09-14,2026-09-25,425.0,P,62.5,69.65,66.075,81.4333,-0.867645,0.004221,-0.453071,0.133474,11,358.97,13,40,0.0
TSLA,2026-09-14,2026-09-25,430.0,P,67.25,74.85,71.05,86.5724,-0.868278,0.003957,-0.481936,0.133034,11,358.97,38,43,0.0
TSLA,2026-09-14,2026-09-25,435.0,P,72.25,79.85,76.05,90.2833,-0.87281,0.003703,-0.490578,0.129845,11,358.97,9,5,0.0
TSLA,2026-09-14,2026-09-25,440.0,P,77.25,84.8,81.025,93.5303,-0.878001,0.003472,-0.493159,0.126117,11,358.97,1,1,0.0
TSLA,2026-09-14,2026-09-25,445.0,P,82.2,89.9,86.05,97.7905,-0.879727,0.003288,-0.511377,0.124859,11,358.97,0,2,0.0
TSLA,2026-09-14,2026-09-25,450.0,P,87.5,94.6,91.05,98.999,-0.889189,0.003064,-0.485584,0.117798,11,358.97,10,11,0.0
TSLA,2026-09-14,2026-09-25,455.0,P,92.25,99.9,96.075,104.6391,-0.886409,0.002951,-0.525335,0.119902,11,358.97,1,0,0.0
TSLA,2026-09-14,2026-09-25,465.0,P,102.25,109.8,106.025,110.4253,-0.893984,0.002661,-0.526425,0.114107,11,358.97,0,0,0.0
TSLA,2026-09-14,2026-09-25,475.0,P,112.5,119.6,116.05,53.1255,-0.998549,0.000143,0.043968,0.002951,11,358.97,2,0,0.0
TSLA,2026-09-14,2026-09-25,480.0,P,119.75,122.3,121.025,93.9454,-0.954744,0.001626,-0.203343,0.059338,11,358.97,0,0,0.0
TSLA,2026-09-14,2026-09-25,490.0,P,127.25,134.8,131.025,125.7572,-0.905024,0.002156,-0.552531,0.105308,11,358.97,1,1,0.0
TSLA,2026-09-14,2026-09-25,500.0,P,137.5,143.55,140.525,119.6781,-0.931276,0.001775,-0.397358,0.082495,11,358.97,0,0,0.0
TSLA,2026-09-14,2026-09-25,520.0,P,159.8,162.3,161.05,68.7503,-0.998799,9.3e-05,0.048194,0.002482,11,358.97,0,0,0.0
TSLA,2026-09-14,2026-10-02,80.0,C,275.35,283.65,279.5,298.3401,0.99534,5.7e-05,-0.098093,0.010825,18,358.97,0,1,0.0
TSLA,2026-09-14,2026-10-02,100.0,C,255.4,263.7,259.55,258.5941,0.994067,8.2e-05,-0.106877,0.01342,18,358.97,0,2,0.0
TSLA,2026-09-14,2026-10-02,130.0,C,225.5,234.15,229.825,220.4594,0.989922,0.000153,-0.144519,0.021391,18,358.97,0,5,0.0
TSLA,2026-09-14,2026-10-02,150.0,C,205.45,213.4,209.425,174.4142,0.992889,0.000142,-0.092142,0.015752,18,358.97,0,5,0.0
TSLA,2026-09-14,2026-10-02,200.0,C,157.85,161.45,159.65,128.7601,0.985932,0.000349,-0.123092,0.028568,18,358.97,2,2,0.0
TSLA,2026-09-14,2026-10-02,210.0,C,145.75,153.65,149.7,120.557,0.983971,0.000417,-0.128933,0.031958,18,358.97,0,22,0.0
TSLA,2026-09-14,2026-10-02,220.0,C,135.7,141.15,138.425,136.8656,0.961574,0.000764,-0.274752,0.066487,18,358.97,0,1,0.0
TSLA,2026-09-14,2026-10-02,230.0,C,126.25,131.1,128.675,125.7328,0.959148,0.000875,-0.267031,0.06988,18,358.97,1,3,0.0
TSLA,2026-09-14,2026-10-02,235.0,C,121.0,128.75,124.875,101.856,0.97696,0.000672,-0.147392,0.043501,18,358.97,2,1,0.0
TSLA,2026-09-14,2026-10-02,240.0,C,115.9,123.8,119.85,96.9727,0.976496,0.000718,-0.143998,0.044238,18,358.97,545,545,0.0
TSLA,2026-09-14,2026-10-02,250.0,C,106.0,113.8,109.9,89.4044,0.973273,0.000867,-0.148139,0.049269,18,358.97,31,48,0.0
TSLA,2026-09-14,2026-10-02,255.0,C,101.0,108.85,104.925,85.6691,0.971471,0.000956,-0.150043,0.052022,18,358.97,1,0,0.0
TSLA,2026-09-14,2026-10-02,260.0,C,96.05,103.85,99.95,81.9338,0.969563,0.001054,-0.151644,0.054894,18,358.97,1,4,0.0
TSLA,2026-09-14,2026-10-02,265.0,C,91.15,98.85,95.0,78.6135,0.966891,0.001178,-0.155644,0.058847,18,358.97,2,3,0.0
TSLA,2026-09-14,2026-10-02,270.0,C,86.25,93.85,90.05,75.2688,0.964003,0.001318,-0.159349,0.063033,18,358.97,56,23,0.0
TSLA,2026-09-14,2026-10-02,275.0,C,81.6,88.45,85.025,70.8987,0.962747,0.001439,-0.155718,0.064825,18,358.97,56,35,0.0
TSLA,2026-09-14,2026-10-02,280.0,C,78.55,81.7,80.125,68.2132,0.958067,0.001647,-0.163641,0.071375,18,358.97,12,47,0.0
TSLA,2026-09-14,2026-10-02,285.0,C,72.7,78.6,75.65,69.8733,0.942624,0.002065,-0.206243,0.091685,18,358.97,190,66,0.0
TSLA,2026-09-14,2026-10-02,290.0,C,67.1,73.5,70.3,62.1952,0.948224,0.002139,-0.17512,0.084533,18,358.97,202,31,0.0
TSLA,2026-09-14,2026-10-02,295.0,C,63.9,67.45,65.675,61.7435,0.935,0.002576,-0.202423,0.101076,18,358.97,198,53,0.0
TSLA,2026-09-14,2026-10-02,300.0,C,59.55,61.5,60.525,56.2993,0.934912,0.002828,-0.187851,0.101181,18,358.97,8,51,0.0
TSLA,2026-09-14,2026-10-02,305.0,C,55.35,56.25,55.8,54.4926,0.92262,0.003337,-0.204571,0.115559,18,358.97,40,83,0.0
TSLA,2026-09-14,2026-10-02,310.0,C,50.6,51.45,51.025,51.9658,0.91076,0.003895,-0.215397,0.128638,18,358.97,55,52,0.0
TSLA,2026-09-14,2026-10-02,315.0,C,45.95,46.75,46.35,52.3076,0.884867,0.004659,-0.254181,0.154859,18,358.97,4,70,0.0
TSLA,2026-09-14,2026-10-02,320.0,C,41.35,42.0,41.675,49.2193,0.869449,0.005407,-0.260324,0.16913,18,358.97,12,61,0.0
TSLA,2026-09-14,2026-10-02,325.0,C,36.9,37.7,37.3,48.1389,0.84172,0.006296,-0.286014,0.192591,18,358.97,2,32,0.0
TSLA,2026-09-14,2026-10-02,330.0,C,32.65,33.3,32.975,46.0149,0.814218,0.007296,-0.300591,0.213344,18,358.97,34,307,0.0
TSLA,2026-09-14,2026-10-02,335.0,C,28.65,29.3,28.975,45.0384,0.776486,0.008322,-0.324853,0.238182,18,358.97,6,280,0.0
TSLA,2026-09-14,2026-10-02,340.0,C,24.85,25.25,25.05,43.189,0.737049,0.009476,-0.337797,0.260075,18,358.97,57,404,0.0
TSLA,2026-09-14,2026-10-02,345.0,C,21.45,21.7,21.575,42.4322,0.687566,0.010465,-0.356868,0.28219,18,358.97,47,293,0.0
TSLA,2026-09-14,2026-10-02,350.0,C,18.25,18.5,18.375,41.9928,0.63262,0.011253,-0.372754,0.300284,18,358.97,101,733,0.0
TSLA,2026-09-14,2026-10-02,355.0,C,15.35,15.6,15.475,41.6266,0.574373,0.011813,-0.381864,0.31248,18,358.97,128,2857,0.0
TSLA,2026-09-14,2026-10-02,360.0,C,12.85,13.0,12.925,41.297,0.514268,0.012111,-0.383086,0.317819,18,358.97,1089,2006,0.0
TSLA,2026-09-14,2026-10-02,365.0,C,10.65,10.75,10.7,41.1444,0.454065,0.012083,-0.377476,0.315912,18,358.97,928,1002,0.0
TSLA,2026-09-14,2026-10-02,370.0,C,8.7,8.85,8.775,41.1993,0.395955,0.011732,-0.365883,0.307145,18,358.97,935,1711,0.0
TSLA,2026-09-14,2026-10-02,375.0,C,7.1,7.2,7.15,41.1993,0.340703,0.011165,-0.346959,0.29232,18,358.97,1145,1337,0.0
TSLA,2026-09-14,2026-10-02,380.0,C,5.75,5.85,5.8,41.3824,0.290319,0.010382,-0.324449,0.273013,18,358.97,977,2981,0.0
TSLA,2026-09-14,2026-10-02,385.0,C,4.6,4.75,4.675,41.6937,0.245467,0.009468,-0.299533,0.250857,18,358.97,608,1002,0.0
TSLA,2026-09-14,2026-10-02,390.0,C,3.7,3.8,3.75,41.8524,0.204773,0.008511,-0.27067,0.226346,18,358.97,253,1976,0.0
TSLA,2026-09-14,2026-10-02,395.0,C,2.99,3.05,3.02,42.1637,0.17005,0.00753,-0.242573,0.201763,18,358.97,242,987,0.0
TSLA,2026-09-14,2026-10-02,400.0,C,2.4,2.45,2.425,42.5543,0.140638,0.006582,-0.215573,0.177979,18,358.97,2187,2633,0.0
TSLA,2026-09-14,2026-10-02,405.0,C,1.93,1.97,1.95,42.9815,0.115858,0.005695,-0.19,0.155551,18,358.97,371,1366,0.0
TSLA,2026-09-14,2026-10-02,410.0,C,1.55,1.59,1.57,43.482,0.095411,0.004892,-0.166788,0.135164,18,358.97,667,1257,0.0
TSLA,2026-09-14,2026-10-02,415.0,C,1.27,1.3,1.285,44.1168,0.079026,0.004188,-0.146819,0.117418,18,358.97,72,508,0.0
TSLA,2026-09-14,2026-10-02,420.0,C,1.03,1.07,1.05,44.8004,0.065651,0.003578,-0.129195,0.10186,18,358.97,316,1585,0.0
TSLA,2026-09-14,2026-10-02,425.0,C,0.86,0.89,0.875,45.5572,0.054885,0.003058,-0.11407,0.088531,18,358.97,241,584,0.0
TSLA,2026-09-14,2026-10-02,430.0,C,0.72,0.75,0.735,46.4117,0.046344,0.002623,-0.101466,0.077369,18,358.97,262,847,0.0
TSLA,2026-09-14,2026-10-02,435.0,C,0.61,0.63,0.62,47.1685,0.038941,0.002242,-0.089509,0.067211,18,358.97,181,856,0.0
TSLA,2026-09-14,2026-10-02,440.0,C,0.52,0.54,0.53,48.0718,0.033249,0.001933,-0.080088,0.059052,18,358.97,148,732,0.0
TSLA,2026-09-14,2026-10-02,445.0,C,0.45,0.47,0.46,49.0728,0.028775,0.00168,-0.07249,0.052395,18,358.97,111,389,0.0
TSLA,2026-09-14,2026-10-02,450.0,C,0.39,0.41,0.4,50.0249,0.024913,0.001461,-0.065478,0.046455,18,358.97,232,1156,0.0
TSLA,2026-09-14,2026-10-02,455.0,C,0.34,0.36,0.35,50.7817,0.021253,0.001259,-0.058111,0.040636,18,358.97,193,220,0.0
TSLA,2026-09-14,2026-10-02,460.0,C,0.3,0.32,0.31,51.7583,0.018617,0.001104,-0.052905,0.036317,18,358.97,67,448,0.0
TSLA,2026-09-14,2026-10-02,465.0,C,0.26,0.29,0.275,52.7348,0.016389,0.000972,-0.048323,0.032573,18,358.97,20,119,0.0
TSLA,2026-09-14,2026-10-02,470.0,C,0.23,0.26,0.245,53.6626,0.014423,0.000856,-0.044043,0.029187,18,358.97,137,667,0.0
TSLA,2026-09-14,2026-10-02,475.0,C,0.21,0.23,0.22,54.6391,0.012821,0.000759,-0.040495,0.026368,18,358.97,21,267,0.0
TSLA,2026-09-14,2026-10-02,480.0,C,0.18,0.21,0.195,55.4692,0.011263,0.000669,-0.036729,0.023566,18,358.97,16,210,0.0
TSLA,2026-09-14,2026-10-02,485.0,C,0.17,0.19,0.18,56.5922,0.010277,0.000605,-0.034586,0.021758,18,358.97,9,33,0.0
TSLA,2026-09-14,2026-10-02,490.0,C,0.15,0.17,0.16,57.4223,0.009108,0.000537,-0.031568,0.019579,18,358.97,5,219,0.0
TSLA,2026-09-14,2026-10-02,495.0,C,0.13,0.16,0.145,58.3012,0.008151,0.000479,-0.029069,0.017763,18,358.97,3,270,0.0
TSLA,2026-09-14,2026-10-02,500.0,C,0.12,0.14,0.13,59.0824,0.007239,0.000426,-0.026528,0.016,18,358.97,148,1171,0.0
TSLA,2026-09-14,2026-10-02,505.0,C,0.11,0.13,0.12,60.059,0.006608,0.000387,-0.024874,0.014763,18,358.97,3,226,0.0
TSLA,2026-09-14,2026-10-02,510.0,C,0.1,0.12,0.11,60.9379,0.005985,0.000349,-0.023114,0.013524,18,358.97,42,409,0.0
TSLA,2026-09-14,2026-10-02,515.0,C,0.09,0.11,0.1,61.7191,0.005376,0.000313,-0.021277,0.012294,18,358.97,10,353,0.0
TSLA,2026-09-14,2026-10-02,520.0,C,0.08,0.1,0.09,62.5004,0.004845,0.000282,-0.019639,0.011208,18,358.97,3,199,0.0
TSLA,2026-09-14,2026-10-02,525.0,C,0.07,0.09,0.08,63.0863,0.004273,0.00025,-0.017717,0.01002,18,358.97,1,43,0.0
TSLA,2026-09-14,2026-10-02,530.0,C,0.07,0.09,0.08,64.4535,0.004181,0.00024,-0.017746,0.009825,18,358.97,10,176,0.0
TSLA,2026-09-14,2026-10-02,535.0,C,0.06,0.08,0.07,64.8441,0.00362,0.00021,-0.01569,0.008636,18,358.97,10,9,0.0
TSLA,2026-09-14,2026-10-02,540.0,C,0.06,0.16,0.11,69.5316,0.005314,0.000275,-0.023699,0.012169,18,358.97,183,260,0.0
TSLA,2026-09-14,2026-10-02,545.0,C,0.01,0.15,0.08,68.555,0.003979,0.000216,-0.018048,0.0094,18,358.97,1,45,0.0
TSLA,2026-09-14,2026-10-02,550.0,C,0.01,0.1,0.055,67.1878,0.002785,0.00016,-0.012832,0.00682,18,358.97,1,236,0.0
TSLA,2026-09-14,2026-10-02,555.0,C,0.05,0.08,0.065,69.5316,0.003146,0.000172,-0.014819,0.007613,18,358.97,21,143,0.0
TSLA,2026-09-14,2026-10-02,560.0,C,0.01,0.15,0.08,72.4612,0.003781,0.000195,-0.018212,0.008979,18,358.97,1,70,0.0
TSLA,2026-09-14,2026-10-02,565.0,C,0.01,0.1,0.055,70.8987,0.002636,0.000144,-0.012881,0.006491,18,358.97,1,84,0.0
TSLA,2026-09-14,2026-10-02,570.0,C,0.01,0.1,0.055,72.2659,0.002644,0.000142,-0.01316,0.006507,18,358.97,2,126,0.0
TSLA,2026-09-14,2026-10-02,575.0,C,0.01,0.09,0.05,72.6565,0.002347,0.000127,-0.011881,0.005844,18,358.97,5,16,0.0
TSLA,2026-09-14,2026-10-02,580.0,C,0.01,0.1,0.055,74.6096,0.002545,0.000133,-0.013126,0.006288,18,358.97,4,10,0.0
TSLA,2026-09-14,2026-10-02,585.0,C,0.01,0.08,0.045,74.219,0.002059,0.00011,-0.010776,0.00519,18,358.97,4,100,0.0
TSLA,2026-09-14,2026-10-02,590.0,C,0.01,0.1,0.055,76.9534,0.002471,0.000125,-0.013176,0.006121,18,358.97,4,15,0.0
TSLA,2026-09-14,2026-10-02,595.0,C,0.01,0.1,0.055,78.1252,0.002441,0.000122,-0.013229,0.006055,18,358.97,3,11,0.0
TSLA,2026-09-14,2026-10-02,600.0,C,0.01,0.1,0.055,79.2971,0.002416,0.000119,-0.0133,0.005998,18,358.97,1,100,0.0
TSLA,2026-09-14,2026-10-02,605.0,C,0.01,0.08,0.045,78.9065,0.001987,0.0001,-0.011085,0.005024,18,358.97,3,21,0.0
TSLA,2026-09-14,2026-10-02,610.0,C,0.01,0.06,0.035,78.1252,0.001547,8.1e-05,-0.00874,0.004001,18,358.97,53,211,0.0
TSLA,2026-09-14,2026-10-02,615.0,C,0.01,0.06,0.035,79.2971,0.001547,7.9e-05,-0.008869,0.004,18,358.97,10,313,0.0
TSLA,2026-09-14,2026-10-02,60.0,P,0.0,0.01,0.005,225.0004,-6.3e-05,1e-06,-0.001275,0.000204,18,358.97,0,65,0.0
TSLA,2026-09-14,2026-10-02,70.0,P,0.0,0.01,0.005,206.2505,-7.2e-05,2e-06,-0.001318,0.000231,18,358.97,0,52,0.0
TSLA,2026-09-14,2026-10-02,90.0,P,0.0,0.01,0.005,175.0001,-8.5e-05,2e-06,-0.001317,0.000272,18,358.97,0,18,0.0
TSLA,2026-09-14,2026-10-02,100.0,P,0.0,0.01,0.005,162.5002,-9.7e-05,3e-06,-0.001376,0.000306,18,358.97,2,234,0.0
TSLA,2026-09-14,2026-10-02,110.0,P,0.0,0.01,0.005,150.0002,-9.8e-05,3e-06,-0.001291,0.000311,18,358.97,44,47,0.0
TSLA,2026-09-14,2026-10-02,120.0,P,0.0,0.02,0.01,146.8753,-0.000209,7e-06,-0.002559,0.000629,18,358.97,45,48,0.0
TSLA,2026-09-14,2026-10-02,130.0,P,0.01,0.02,0.015,140.6253,-0.000319,1e-05,-0.003635,0.000934,18,358.97,96,163,0.0
TSLA,2026-09-14,2026-10-02,140.0,P,0.0,0.03,0.015,131.2503,-0.000359,1.2e-05,-0.00378,0.001041,18,358.97,2,33,0.0
TSLA,2026-09-14,2026-10-02,150.0,P,0.0,0.04,0.02,125.0004,-0.000502,1.8e-05,-0.004918,0.001422,18,358.97,5,110,0.0
TSLA,2026-09-14,2026-10-02,160.0,P,0.01,0.05,0.03,120.3129,-0.000775,2.8e-05,-0.007061,0.002123,18,358.97,2,164,0.0
TSLA,2026-09-14,2026-10-02,170.0,P,0.01,0.05,0.03,111.7192,-0.000832,3.2e-05,-0.006997,0.002266,18,358.97,1,259,0.0
TSLA,2026-09-14,2026-10-02,180.0,P,0.01,0.1,0.055,109.7661,-0.00153,5.7e-05,-0.012012,0.00396,18,358.97,2,57,0.0
TSLA,2026-09-14,2026-10-02,190.0,P,0.01,0.1,0.055,101.563,-0.001629,6.5e-05,-0.011767,0.004195,18,358.97,13,41,0.0
TSLA,2026-09-14,2026-10-02,200.0,P,0.05,0.1,0.075,96.875,-0.002288,9.3e-05,-0.015269,0.005709,18,358.97,37,10104,0.0
TSLA,2026-09-14,2026-10-02,210.0,P,0.06,0.12,0.09,91.211,-0.00291,0.000122,-0.01786,0.007096,18,358.97,84,619,0.0
TSLA,2026-09-14,2026-10-02,220.0,P,0.04,0.14,0.09,83.9845,-0.003178,0.000144,-0.01779,0.007681,18,358.97,87,346,0.0
TSLA,2026-09-14,2026-10-02,230.0,P,0.14,0.17,0.155,82.0314,-0.005457,0.000239,-0.028168,0.01246,18,358.97,105,204,0.0
TSLA,2026-09-14,2026-10-02,235.0,P,0.15,0.18,0.165,79.0041,-0.005977,0.000269,-0.029397,0.013507,18,358.97,2,47,0.0
TSLA,2026-09-14,2026-10-02,240.0,P,0.17,0.2,0.185,76.5627,-0.006863,0.000314,-0.032186,0.015266,18,358.97,34,528,0.0
TSLA,2026-09-14,2026-10-02,245.0,P,0.2,0.22,0.21,74.3167,-0.008002,0.00037,-0.035752,0.017478,18,358.97,1,310,0.0
TSLA,2026-09-14,2026-10-02,250.0,P,0.22,0.24,0.23,71.68,-0.009026,0.000426,-0.038309,0.019425,18,358.97,84,304,0.0
TSLA,2026-09-14,2026-10-02,255.0,P,0.24,0.27,0.255,69.1409,-0.010261,0.000495,-0.041314,0.021729,18,358.97,1,192,0.0
TSLA,2026-09-14,2026-10-02,260.0,P,0.27,0.3,0.285,66.6996,-0.011761,0.000577,-0.044854,0.024468,18,358.97,69,391,0.0
TSLA,2026-09-14,2026-10-02,265.0,P,0.31,0.33,0.32,64.3558,-0.013596,0.000678,-0.049035,0.02774,18,358.97,88,69,0.0
TSLA,2026-09-14,2026-10-02,270.0,P,0.34,0.37,0.355,61.8656,-0.015544,0.000792,-0.052859,0.031127,18,358.97,74,227,0.0
TSLA,2026-09-14,2026-10-02,275.0,P,0.38,0.41,0.395,59.4242,-0.017867,0.000929,-0.057157,0.035066,18,358.97,1,106,0.0
TSLA,2026-09-14,2026-10-02,280.0,P,0.43,0.46,0.445,57.0317,-0.020658,0.001095,-0.062009,0.039671,18,358.97,117,352,0.0
TSLA,2026-09-14,2026-10-02,285.0,P,0.5,0.53,0.515,54.9321,-0.024506,0.001313,-0.068918,0.045817,18,358.97,22,764,0.0
TSLA,2026-09-14,2026-10-02,290.0,P,0.57,0.61,0.59,52.7104,-0.028859,0.001568,-0.075732,0.052522,18,358.97,1546,5829,0.0
TSLA,2026-09-14,2026-10-02,295.0,P,0.67,0.7,0.685,50.5864,-0.034339,0.001886,-0.083819,0.06064,18,358.97,32,373,0.0
TSLA,2026-09-14,2026-10-02,300.0,P,0.79,0.82,0.805,48.731,-0.041784,0.002298,-0.094648,0.071171,18,358.97,243,1739,0.0
TSLA,2026-09-14,2026-10-02,305.0,P,0.95,0.99,0.97,46.961,-0.051228,0.002809,-0.107269,0.083821,18,358.97,91,649,0.0
TSLA,2026-09-14,2026-10-02,310.0,P,1.17,1.21,1.19,45.2886,-0.063269,0.003439,-0.121955,0.098977,18,358.97,67,1413,0.0
TSLA,2026-09-14,2026-10-02,315.0,P,1.46,1.51,1.485,43.8482,-0.079193,0.004221,-0.14004,0.117606,18,358.97,183,1009,0.0
TSLA,2026-09-14,2026-10-02,320.0,P,1.86,1.91,1.885,42.5787,-0.099718,0.00516,-0.161087,0.139613,18,358.97,171,1931,0.0
TSLA,2026-09-14,2026-10-02,325.0,P,2.39,2.45,2.42,41.5289,-0.12608,0.006256,-0.185329,0.165087,18,358.97,1108,1623,0.0
TSLA,2026-09-14,2026-10-02,330.0,P,3.1,3.2,3.15,40.8392,-0.159973,0.007473,-0.213508,0.193938,18,358.97,1268,1544,0.0
TSLA,2026-09-14,2026-10-02,335.0,P,4.0,4.1,4.05,40.0152,-0.199342,0.008759,-0.239463,0.222734,18,358.97,203,1070,0.0
TSLA,2026-09-14,2026-10-02,340.0,P,5.2,5.3,5.25,39.5514,-0.246937,0.010013,-0.26641,0.251662,18,358.97,845,1401,0.0
TSLA,2026-09-14,2026-10-02,345.0,P,6.65,6.75,6.7,39.0814,-0.300444,0.011168,-0.288795,0.277353,18,358.97,182,816,0.0
TSLA,2026-09-14,2026-10-02,350.0,P,8.4,8.55,8.475,38.8434,-0.3598,0.01208,-0.306944,0.298176,18,358.97,649,1281,0.0
TSLA,2026-09-14,2026-10-02,355.0,P,10.55,10.7,10.625,38.7457,-0.422765,0.012673,-0.318399,0.312044,18,358.97,241,770,0.0
TSLA,2026-09-14,2026-10-02,360.0,P,12.95,13.15,13.05,38.6115,-0.487201,0.012955,-0.32072,0.317859,18,358.97,656,711,0.0
TSLA,2026-09-14,2026-10-02,365.0,P,15.75,15.95,15.85,38.587,-0.551287,0.012862,-0.315082,0.315391,18,358.97,199,498,0.0
TSLA,2026-09-14,2026-10-02,370.0,P,18.8,19.05,18.925,38.5565,-0.613321,0.012452,-0.301067,0.305105,18,358.97,122,639,0.0
TSLA,2026-09-14,2026-10-02,375.0,P,22.2,22.5,22.35,38.7457,-0.670815,0.011713,-0.282104,0.288406,18,358.97,67,475,0.0
TSLA,2026-09-14,2026-10-02,380.0,P,25.5,26.5,26.0,40.0214,-0.717123,0.010603,-0.269276,0.269671,18,358.97,57,546,0.0
TSLA,2026-09-14,2026-10-02,385.0,P,29.4,30.4,29.9,40.2106,-0.763493,0.009621,-0.241856,0.245835,18,358.97,2,117,0.0
TSLA,2026-09-14,2026-10-02,390.0,P,33.4,34.55,33.975,40.65,-0.802836,0.008565,-0.21514,0.221261,18,358.97,24,76,0.0
TSLA,2026-09-14,2026-10-02,395.0,P,37.65,38.9,38.275,41.3092,-0.835373,0.007527,-0.190305,0.197592,18,358.97,2,59,0.0
TSLA,2026-09-14,2026-10-02,400.0,P,42.05,43.35,42.7,41.8585,-0.863663,0.006551,-0.164606,0.174252,18,358.97,22,28,0.0
TSLA,2026-09-14,2026-10-02,405.0,P,46.6,47.9,47.25,42.3834,-0.887658,0.00565,-0.139736,0.152174,18,358.97,1,30,0.0
TSLA,2026-09-14,2026-10-02,410.0,P,51.25,52.5,51.875,42.6397,-0.909206,0.004809,-0.11358,0.130299,18,358.97,1,32,0.0
TSLA,2026-09-14,2026-10-02,415.0,P,56.0,57.3,56.65,43.897,-0.922081,0.004164,-0.099886,0.116169,18,358.97,3,11,0.0
TSLA,2026-09-14,2026-10-02,420.0,P,60.75,62.1,61.425,44.8248,-0.934237,0.003581,-0.084244,0.101995,18,358.97,8,26,0.0
TSLA,2026-09-14,2026-10-02,425.0,P,65.6,66.95,66.275,45.899,-0.943694,0.003097,-0.071533,0.090335,18,358.97,2,16,0.0
TSLA,2026-09-14,2026-10-02,430.0,P,70.55,71.8,71.175,46.6558,-0.952743,0.002651,-0.057338,0.07859,18,358.97,2,11,0.0
TSLA,2026-09-14,2026-10-02,435.0,P,72.5,79.8,76.15,71.4725,-0.868382,0.003745,-0.295584,0.170084,18,358.97,2,36,0.0
TSLA,2026-09-14,2026-10-02,440.0,P,77.45,83.55,80.5,66.6019,-0.901314,0.003274,-0.212558,0.138555,18,358.97,3,25,0.0
TSLA,2026-09-14,2026-10-02,445.0,P,82.35,90.0,86.175,78.29,-0.872356,0.003347,-0.318773,0.16651,18,358.97,0,3,0.0
TSLA,2026-09-14,2026-10-02,450.0,P,87.35,95.0,91.175,81.0549,-0.875921,0.003169,-0.323553,0.163253,18,358.97,2,4,0.0
TSLA,2026-09-14,2026-10-02,460.0,P,97.3,105.0,101.15,86.4015,-0.882271,0.002865,-0.332258,0.157328,18,358.97,1,9,0.0
TSLA,2026-09-14,2026-10-02,465.0,P,102.3,109.95,106.125,88.6964,-0.886009,0.002728,-0.332829,0.153764,18,358.97,5,0,0.0
TSLA,2026-09-14,2026-10-02,500.0,P,137.0,144.8,140.9,104.5293,-0.90373,0.002048,-0.344613,0.136058,18,358.97,2,0,0.0
TSLA,2026-09-14,2026-10-09,150.0,C,205.7,213.55,209.625,157.2268,0.990174,0.000178,-0.093224,0.024658,25,358.97,6,7,0.0
TSLA,2026-09-14,2026-10-09,180.0,C,175.8,183.7,179.75,130.4691,0.986104,0.000289,-0.105664,0.033311,25,358.97,0,0,0.0
TSLA,2026-09-14,2026-10-09,240.0,C,116.4,124.0,120.2,88.2325,0.969302,0.000837,-0.139474,0.065154,25,358.97,1,1,0.0
TSLA,2026-09-14,2026-10-09,250.0,C,106.4,114.05,110.225,80.9572,0.966087,0.00099,-0.139978,0.070734,25,358.97,1,1,0.0
TSLA,2026-09-14,2026-10-09,255.0,C,101.5,109.05,105.275,77.8323,0.963588,0.001092,-0.142609,0.074985,25,358.97,0,13,0.0
TSLA,2026-09-14,2026-10-09,260.0,C,96.65,104.05,100.35,75.0003,0.960386,0.001213,-0.146773,0.080321,25,358.97,0,13,0.0
TSLA,2026-09-14,2026-10-09,265.0,C,94.05,98.9,96.475,81.7263,0.938044,0.001591,-0.213422,0.114754,25,358.97,0,23,0.0
TSLA,2026-09-14,2026-10-09,270.0,C,88.0,93.85,90.925,73.1936,0.944834,0.001622,-0.180059,0.104757,25,358.97,0,22,0.0
TSLA,2026-09-14,2026-10-09,275.0,C,82.25,88.85,85.55,66.0648,0.94983,0.001666,-0.155846,0.097155,25,358.97,0,29,0.0
TSLA,2026-09-14,2026-10-09,280.0,C,77.55,83.75,80.65,63.3427,0.944963,0.00187,-0.160283,0.104564,25,358.97,120,41,0.0
TSLA,2026-09-14,2026-10-09,285.0,C,72.85,78.45,75.65,59.7172,0.942006,0.002067,-0.158382,0.108966,25,358.97,1,13,0.0
TSLA,2026-09-14,2026-10-09,290.0,C,68.3,73.5,70.9,58.0815,0.932849,0.002383,-0.170304,0.122162,25,358.97,92,32,0.0
TSLA,2026-09-14,2026-10-09,295.0,C,65.45,66.9,66.175,56.3725,0.922535,0.002739,-0.18218,0.1363,25,358.97,140,10,0.0
TSLA,2026-09-14,2026-10-09,300.0,C,60.65,62.1,61.375,53.9433,0.913216,0.003119,-0.188855,0.148479,25,358.97,184,63,0.0
TSLA,2026-09-14,2026-10-09,305.0,C,56.05,57.05,56.55,51.2334,0.903585,0.00355,-0.193296,0.160523,25,358.97,27,2,0.0
TSLA,2026-09-14,2026-10-09,310.0,C,51.6,52.75,52.175,50.7573,0.883136,0.004117,-0.215737,0.184447,25,358.97,10,20,0.0
TSLA,2026-09-14,2026-10-09,315.0,C,47.05,47.5,47.275,48.3648,0.86798,0.004706,-0.222714,0.200869,25,358.97,1,7,0.0
TSLA,2026-09-14,2026-10-09,320.0,C,42.6,43.5,43.05,48.615,0.838428,0.005361,-0.251383,0.230047,25,358.97,2,63,0.0
TSLA,2026-09-14,2026-10-09,325.0,C,38.35,39.35,38.85,47.6202,0.81101,0.006046,-0.269107,0.254104,25,358.97,1,31,0.0
TSLA,2026-09-14,2026-10-09,330.0,C,34.25,35.0,34.625,45.4656,0.785038,0.00684,-0.276147,0.274475,25,358.97,28,174,0.0
TSLA,2026-09-14,2026-10-09,335.0,C,30.4,31.0,30.7,44.1168,0.751629,0.007641,-0.288204,0.297504,25,358.97,18,178,0.0
TSLA,2026-09-14,2026-10-09,340.0,C,26.75,27.35,27.05,43.3538,0.711919,0.008378,-0.302535,0.320581,25,358.97,28,93,0.0
TSLA,2026-09-14,2026-10-09,345.0,C,23.45,23.9,23.675,42.5848,0.668608,0.009067,-0.313525,0.3408,25,358.97,38,149,0.0
TSLA,2026-09-14,2026-10-09,350.0,C,20.4,20.8,20.6,42.182,0.621278,0.009598,-0.32324,0.357339,25,358.97,145,301,0.0
TSLA,2026-09-14,2026-10-09,355.0,C,17.55,17.95,17.75,41.8127,0.571805,0.009991,-0.328505,0.368706,25,358.97,116,486,0.0
TSLA,2026-09-14,2026-10-09,360.0,C,15.05,15.25,15.15,41.1932,0.520866,0.010295,-0.326853,0.374281,25,358.97,382,625,0.0
TSLA,2026-09-14,2026-10-09,365.0,C,12.8,13.0,12.9,41.0956,0.469689,0.010303,-0.323921,0.373711,25,358.97,639,562,0.0
TSLA,2026-09-14,2026-10-09,370.0,C,10.85,11.0,10.925,41.0162,0.419507,0.010142,-0.316214,0.367138,25,358.97,146,889,0.0
TSLA,2026-09-14,2026-10-09,375.0,C,9.1,9.25,9.175,40.9796,0.371232,0.009818,-0.304399,0.355096,25,358.97,325,849,0.0
TSLA,2026-09-14,2026-10-09,380.0,C,7.6,7.75,7.675,41.0345,0.325871,0.009346,-0.289576,0.338498,25,358.97,924,866,0.0
TSLA,2026-09-14,2026-10-09,385.0,C,6.35,6.5,6.425,41.2359,0.284427,0.008755,-0.273098,0.318643,25,358.97,230,823,0.0
TSLA,2026-09-14,2026-10-09,390.0,C,5.25,5.4,5.325,41.3458,0.245983,0.008111,-0.253683,0.295971,25,358.97,178,627,0.0
TSLA,2026-09-14,2026-10-09,395.0,C,4.35,4.5,4.425,41.6021,0.212062,0.007416,-0.2343,0.272311,25,358.97,136,336,0.0
TSLA,2026-09-14,2026-10-09,400.0,C,3.65,3.75,3.7,41.9012,0.182069,0.006714,-0.214717,0.248288,25,358.97,872,1157,0.0
TSLA,2026-09-14,2026-10-09,405.0,C,3.0,3.1,3.05,42.127,0.155118,0.006024,-0.194383,0.223976,25,358.97,75,573,0.0
TSLA,2026-09-14,2026-10-09,410.0,C,2.49,2.56,2.525,42.3834,0.131668,0.00536,-0.174781,0.200499,25,358.97,170,677,0.0
TSLA,2026-09-14,2026-10-09,415.0,C,2.08,2.13,2.105,42.7557,0.111963,0.004741,-0.157093,0.178905,25,358.97,183,710,0.0
TSLA,2026-09-14,2026-10-09,420.0,C,1.74,1.79,1.765,43.2501,0.095645,0.00418,-0.141551,0.15958,25,358.97,495,820,0.0
TSLA,2026-09-14,2026-10-09,425.0,C,1.46,1.52,1.49,43.836,0.082122,0.003682,-0.127911,0.142454,25,358.97,87,498,0.0
TSLA,2026-09-14,2026-10-09,430.0,C,1.25,1.29,1.27,44.3853,0.070378,0.003233,-0.11503,0.126663,25,358.97,302,506,0.0
TSLA,2026-09-14,2026-10-09,435.0,C,1.07,1.11,1.09,45.0567,0.060892,0.002847,-0.10426,0.113211,25,358.97,81,175,0.0
TSLA,2026-09-14,2026-10-09,440.0,C,0.92,0.96,0.94,45.7525,0.052892,0.002509,-0.094664,0.101323,25,358.97,61,369,0.0
TSLA,2026-09-14,2026-10-09,445.0,C,0.8,0.84,0.82,46.5093,0.046286,0.002219,-0.086435,0.091089,25,358.97,81,668,0.0
TSLA,2026-09-14,2026-10-09,450.0,C,0.71,0.74,0.725,47.2906,0.040715,0.001968,-0.07918,0.08213,25,358.97,260,853,0.0
TSLA,2026-09-14,2026-10-09,455.0,C,0.63,0.66,0.645,48.145,0.036167,0.001755,-0.073138,0.074572,25,358.97,65,153,0.0
TSLA,2026-09-14,2026-10-09,460.0,C,0.56,0.59,0.575,48.9751,0.032181,0.001567,-0.067542,0.067745,25,358.97,56,206,0.0
TSLA,2026-09-14,2026-10-09,465.0,C,0.5,0.53,0.515,49.8052,0.028741,0.001403,-0.062507,0.061688,25,358.97,83,185,0.0
TSLA,2026-09-14,2026-10-09,470.0,C,0.45,0.48,0.465,50.4155,0.025227,0.001243,-0.056714,0.055325,25,358.97,37,192,0.0
TSLA,2026-09-14,2026-10-09,475.0,C,0.4,0.44,0.42,51.2212,0.022633,0.001117,-0.05257,0.050502,25,358.97,59,213,0.0
TSLA,2026-09-14,2026-10-09,480.0,C,0.37,0.4,0.385,52.1245,0.020581,0.001013,-0.049343,0.046605,25,358.97,62,205,0.0
TSLA,2026-09-14,2026-10-09,485.0,C,0.35,0.37,0.36,53.1255,0.018977,0.000928,-0.04692,0.043502,25,358.97,1,127,0.0
TSLA,2026-09-14,2026-10-09,490.0,C,0.31,0.34,0.325,53.8579,0.017087,0.000837,-0.043481,0.039782,25,358.97,1,49,0.0
TSLA,2026-09-14,2026-10-09,495.0,C,0.28,0.31,0.295,54.5903,0.015435,0.000757,-0.040379,0.036463,25,358.97,2,41,0.0
TSLA,2026-09-14,2026-10-09,500.0,C,0.25,0.28,0.265,55.2251,0.013839,0.000681,-0.037173,0.033194,25,358.97,154,317,0.0
TSLA,2026-09-14,2026-10-09,505.0,C,0.23,0.26,0.245,56.0551,0.012713,0.000623,-0.03505,0.030847,25,358.97,14,53,0.0
TSLA,2026-09-14,2026-10-09,510.0,C,0.21,0.24,0.225,56.7875,0.01159,0.000568,-0.032764,0.028472,25,358.97,2,24,0.0
TSLA,2026-09-14,2026-10-09,515.0,C,0.19,0.23,0.21,57.6176,0.010716,0.000523,-0.031042,0.026595,25,358.97,2,3,0.0
TSLA,2026-09-14,2026-10-09,520.0,C,0.18,0.21,0.195,58.3989,0.009885,0.000481,-0.029314,0.024787,25,358.97,2,23,0.0
TSLA,2026-09-14,2026-10-09,525.0,C,0.16,0.2,0.18,59.0824,0.009043,0.00044,-0.02743,0.022932,25,358.97,21,181,0.0
TSLA,2026-09-14,2026-10-09,530.0,C,0.15,0.18,0.165,59.766,0.008296,0.000403,-0.025719,0.021261,25,358.97,2,11,0.0
TSLA,2026-09-14,2026-10-09,535.0,C,0.14,0.17,0.155,60.5473,0.007719,0.000373,-0.024449,0.019955,25,358.97,3,5,0.0
TSLA,2026-09-14,2026-10-09,540.0,C,0.13,0.16,0.145,61.2309,0.00712,0.000344,-0.023019,0.018583,25,358.97,1,21,0.0
TSLA,2026-09-14,2026-10-09,545.0,C,0.12,0.15,0.135,61.9144,0.006584,0.000317,-0.021717,0.017342,25,358.97,1,17,0.0
TSLA,2026-09-14,2026-10-09,550.0,C,0.11,0.14,0.125,62.598,0.006104,0.000294,-0.020529,0.016218,25,358.97,5,13,0.0
TSLA,2026-09-14,2026-10-09,555.0,C,0.1,0.13,0.115,63.184,0.005605,0.00027,-0.019209,0.015038,25,358.97,3,22,0.0
TSLA,2026-09-14,2026-10-09,560.0,C,0.09,0.12,0.105,63.6722,0.005097,0.000246,-0.017786,0.01382,25,358.97,3,5,0.0
TSLA,2026-09-14,2026-10-09,565.0,C,0.09,0.12,0.105,64.7464,0.004995,0.000237,-0.017758,0.013571,25,358.97,2,6,0.0
TSLA,2026-09-14,2026-10-09,570.0,C,0.08,0.11,0.095,65.1371,0.004508,0.000215,-0.016302,0.012387,25,358.97,2,207,0.0
TSLA,2026-09-14,2026-10-09,575.0,C,0.08,0.1,0.09,65.8207,0.004229,0.000201,-0.015555,0.011699,25,358.97,2,3,0.0
TSLA,2026-09-14,2026-10-09,580.0,C,0.03,0.29,0.16,71.1917,0.006803,0.000284,-0.025666,0.017852,25,358.97,4,5,0.0
TSLA,2026-09-14,2026-10-09,585.0,C,0.04,0.14,0.09,67.9691,0.004128,0.000191,-0.015715,0.011449,25,358.97,10,3,0.0
TSLA,2026-09-14,2026-10-09,590.0,C,0.01,0.12,0.065,66.7972,0.003077,0.000149,-0.01186,0.008793,25,358.97,8,14,0.0
TSLA,2026-09-14,2026-10-09,595.0,C,0.05,0.12,0.085,69.6292,0.003825,0.000174,-0.015031,0.010693,25,358.97,2,2,0.0
TSLA,2026-09-14,2026-10-09,600.0,C,0.05,0.11,0.08,70.1175,0.003542,0.000161,-0.014125,0.00998,25,358.97,1,45,0.0
TSLA,2026-09-14,2026-10-09,605.0,C,0.02,0.32,0.17,77.051,0.006673,0.000258,-0.027288,0.017551,25,358.97,3,22,0.0
TSLA,2026-09-14,2026-10-09,610.0,C,0.02,0.12,0.07,71.2893,0.003127,0.000142,-0.012836,0.008922,25,358.97,1,15,0.0
TSLA,2026-09-14,2026-10-09,615.0,C,0.01,0.11,0.06,71.094,0.002668,0.000123,-0.011091,0.007732,25,358.97,15,65,0.0
TSLA,2026-09-14,2026-10-09,50.0,P,0.0,0.05,0.025,240.6254,-0.000281,5e-06,-0.004692,0.000978,25,358.97,0,1,0.0
TSLA,2026-09-14,2026-10-09,100.0,P,0.0,0.05,0.025,157.0315,-0.000447,1.1e-05,-0.004707,0.001505,25,358.97,0,5,0.0
TSLA,2026-09-14,2026-10-09,110.0,P,0.0,0.05,0.025,145.3128,-0.000471,1.2e-05,-0.004571,0.00158,25,358.97,6,6,0.0
TSLA,2026-09-14,2026-10-09,120.0,P,0.0,0.09,0.045,142.5784,-0.000873,2.2e-05,-0.007925,0.002793,25,358.97,10,15,0.0
TSLA,2026-09-14,2026-10-09,130.0,P,0.02,0.09,0.055,135.1566,-0.001122,2.9e-05,-0.009452,0.003515,25,358.97,7,19,0.0
TSLA,2026-09-14,2026-10-09,140.0,P,0.02,0.09,0.055,125.7816,-0.00121,3.4e-05,-0.009425,0.003767,25,358.97,11,47,0.0
TSLA,2026-09-14,2026-10-09,150.0,P,0.01,0.09,0.05,115.6254,-0.001168,3.6e-05,-0.008384,0.003647,25,358.97,3,26,0.0
TSLA,2026-09-14,2026-10-09,160.0,P,0.01,0.09,0.05,107.813,-0.001287,4.2e-05,-0.008541,0.003986,25,358.97,7,46,0.0
TSLA,2026-09-14,2026-10-09,170.0,P,0.01,0.1,0.055,100.9771,-0.001486,5.1e-05,-0.009116,0.004545,25,358.97,2,40,0.0
TSLA,2026-09-14,2026-10-09,180.0,P,0.01,0.1,0.055,93.7501,-0.001604,5.9e-05,-0.009071,0.004873,25,358.97,10,81,0.0
TSLA,2026-09-14,2026-10-09,190.0,P,0.02,0.13,0.075,89.6485,-0.002252,8.4e-05,-0.011801,0.006634,25,358.97,5,209,0.0
TSLA,2026-09-14,2026-10-09,200.0,P,0.04,0.22,0.13,88.0861,-0.003858,0.000139,-0.018824,0.010776,25,358.97,1,58,0.0
TSLA,2026-09-14,2026-10-09,210.0,P,0.14,0.17,0.155,83.008,-0.004814,0.000179,-0.021602,0.013133,25,358.97,13,36,0.0
TSLA,2026-09-14,2026-10-09,220.0,P,0.18,0.21,0.195,78.6135,-0.006285,0.00024,-0.025909,0.016644,25,358.97,7,194,0.0
TSLA,2026-09-14,2026-10-09,230.0,P,0.22,0.26,0.24,74.1214,-0.008071,0.000317,-0.03043,0.020752,25,358.97,6,56,0.0
TSLA,2026-09-14,2026-10-09,235.0,P,0.25,0.28,0.265,71.8753,-0.009123,0.000364,-0.032842,0.023108,25,358.97,1,12,0.0
TSLA,2026-09-14,2026-10-09,240.0,P,0.28,0.31,0.295,69.7269,-0.010382,0.00042,-0.035651,0.025872,25,358.97,32,29,0.0
TSLA,2026-09-14,2026-10-09,245.0,P,0.31,0.34,0.325,67.4808,-0.011711,0.000482,-0.038292,0.02873,25,358.97,3,98,0.0
TSLA,2026-09-14,2026-10-09,250.0,P,0.34,0.38,0.36,65.2836,-0.013255,0.000555,-0.041212,0.031981,25,358.97,4,48,0.0
TSLA,2026-09-14,2026-10-09,255.0,P,0.38,0.42,0.4,63.184,-0.015116,0.000642,-0.044636,0.035814,25,358.97,12,22,0.0
TSLA,2026-09-14,2026-10-09,260.0,P,0.42,0.46,0.44,60.9379,-0.017038,0.000738,-0.047665,0.039683,25,358.97,8,258,0.0
TSLA,2026-09-14,2026-10-09,265.0,P,0.47,0.51,0.49,58.8383,-0.019438,0.000855,-0.051451,0.044399,25,358.97,1,164,0.0
TSLA,2026-09-14,2026-10-09,270.0,P,0.53,0.57,0.55,56.7875,-0.022276,0.000994,-0.055682,0.04983,25,358.97,7,64,0.0
TSLA,2026-09-14,2026-10-09,275.0,P,0.6,0.64,0.62,54.81,-0.025699,0.001162,-0.060544,0.05619,25,358.97,8,46,0.0
TSLA,2026-09-14,2026-10-09,280.0,P,0.68,0.72,0.7,52.8325,-0.029682,0.001359,-0.065738,0.063361,25,358.97,2,489,0.0
TSLA,2026-09-14,2026-10-09,285.0,P,0.78,0.82,0.8,50.9526,-0.034585,0.001599,-0.071843,0.071886,25,358.97,4,251,0.0
TSLA,2026-09-14,2026-10-09,290.0,P,0.9,0.95,0.925,49.4512,-0.041449,0.001909,-0.080723,0.08333,25,358.97,73,211,0.0
TSLA,2026-09-14,2026-10-09,295.0,P,1.05,1.1,1.075,47.6812,-0.048782,0.002258,-0.088608,0.095004,25,358.97,13,361,0.0
TSLA,2026-09-14,2026-10-09,300.0,P,1.24,1.3,1.27,46.1187,-0.058266,0.002687,-0.0985,0.109367,25,358.97,53,535,0.0
TSLA,2026-09-14,2026-10-09,305.0,P,1.5,1.56,1.53,44.7149,-0.070269,0.003206,-0.110273,0.126512,25,358.97,68,248,0.0
TSLA,2026-09-14,2026-10-09,310.0,P,1.82,1.89,1.855,43.421,-0.085159,0.00382,-0.123656,0.146394,25,358.97,53,363,0.0
TSLA,2026-09-14,2026-10-09,315.0,P,2.24,2.31,2.275,42.2491,-0.103582,0.004536,-0.138702,0.169154,25,358.97,67,410,0.0
TSLA,2026-09-14,2026-10-09,320.0,P,2.79,2.87,2.83,41.3214,-0.126802,0.005356,-0.156244,0.195332,25,358.97,169,567,0.0
TSLA,2026-09-14,2026-10-09,325.0,P,3.45,3.6,3.525,40.6134,-0.155337,0.006254,-0.175736,0.224185,25,358.97,213,524,0.0
TSLA,2026-09-14,2026-10-09,330.0,P,4.35,4.45,4.4,39.7955,-0.187839,0.007207,-0.193778,0.253148,25,358.97,291,543,0.0
TSLA,2026-09-14,2026-10-09,335.0,P,5.45,5.55,5.5,39.2523,-0.226528,0.008164,-0.212726,0.282839,25,358.97,48,249,0.0
TSLA,2026-09-14,2026-10-09,340.0,P,6.75,6.9,6.825,38.8556,-0.270514,0.009067,-0.230468,0.310926,25,358.97,289,678,0.0
TSLA,2026-09-14,2026-10-09,345.0,P,8.4,8.55,8.475,38.6481,-0.319298,0.00984,-0.246234,0.335655,25,358.97,136,340,0.0
TSLA,2026-09-14,2026-10-09,350.0,P,10.3,10.4,10.35,38.288,-0.370874,0.010505,-0.256431,0.354985,25,358.97,109,566,0.0
TSLA,2026-09-14,2026-10-09,355.0,P,12.45,12.6,12.525,38.1659,-0.425335,0.010931,-0.263321,0.36821,25,358.97,101,308,0.0
TSLA,2026-09-14,2026-10-09,360.0,P,14.9,15.05,14.975,37.9767,-0.480864,0.011169,-0.264194,0.374362,25,358.97,233,319,0.0
TSLA,2026-09-14,2026-10-09,365.0,P,17.6,17.9,17.75,38.1293,-0.53587,0.011092,-0.26208,0.373277,25,358.97,171,230,0.0
TSLA,2026-09-14,2026-10-09,370.0,P,20.6,20.95,20.775,38.1232,-0.589567,0.010857,-0.253556,0.365307,25,358.97,137,225,0.0
TSLA,2026-09-14,2026-10-09,375.0,P,23.85,24.8,24.325,39.6551,-0.634234,0.010096,-0.253144,0.353371,25,358.97,30,149,0.0
TSLA,2026-09-14,2026-10-09,380.0,P,26.95,28.55,27.75,40.3692,-0.677434,0.009461,-0.242969,0.337083,25,358.97,10,179,0.0
TSLA,2026-09-14,2026-10-09,385.0,P,30.95,32.35,31.65,40.6866,-0.718665,0.008827,-0.226745,0.316975,25,358.97,5,30,0.0
TSLA,2026-09-14,2026-10-09,390.0,P,35.0,36.25,35.625,40.7538,-0.75764,0.008163,-0.206203,0.293613,25,358.97,3,107,0.0
TSLA,2026-09-14,2026-10-09,395.0,P,38.85,40.4,39.625,41.1383,-0.790892,0.007438,-0.187366,0.270079,25,358.97,3,16,0.0
TSLA,2026-09-14,2026-10-09,400.0,P,43.3,44.7,44.0,41.596,-0.819896,0.006717,-0.168728,0.246606,25,358.97,1,58,0.0
TSLA,2026-09-14,2026-10-09,405.0,P,47.75,49.1,48.425,42.0111,-0.845621,0.006021,-0.1497,0.22327,25,358.97,4,13,0.0
TSLA,2026-09-14,2026-10-09,410.0,P,51.5,53.6,52.55,42.4444,-0.867954,0.005363,-0.131293,0.200895,25,358.97,6,20,0.0
TSLA,2026-09-14,2026-10-09,415.0,P,56.15,58.2,57.175,42.9937,-0.886631,0.004757,-0.114752,0.180508,25,358.97,1,11,0.0
TSLA,2026-09-14,2026-10-09,420.0,P,60.9,62.9,61.9,43.7506,-0.901565,0.004221,-0.101068,0.162984,25,358.97,3,36,0.0
TSLA,2026-09-14,2026-10-09,425.0,P,65.65,67.65,66.65,44.5196,-0.914314,0.003743,-0.088404,0.147073,25,358.97,2,7,0.0
TSLA,2026-09-14,2026-10-09,430.0,P,70.5,72.4,71.45,45.0201,-0.92655,0.003294,-0.074314,0.130883,25,358.97,1,19,0.0
TSLA,2026-09-14,2026-10-09,435.0,P,75.4,77.25,76.325,45.9966,-0.934896,0.002938,-0.065341,0.119267,25,358.97,3,5,0.0
TSLA,2026-09-14,2026-10-09,440.0,P,80.3,82.1,81.2,46.7901,-0.942819,0.002609,-0.055639,0.107763,25,358.97,20,20,0.0
TSLA,2026-09-14,2026-10-09,445.0,P,85.25,87.0,86.125,47.8521,-0.948589,0.002346,-0.048852,0.099064,25,358.97,2,7,0.0
TSLA,2026-09-14,2026-10-09,450.0,P,89.65,94.75,92.2,51.6728,-0.943368,0.002345,-0.064213,0.106947,25,358.97,2,5,0.0
TSLA,2026-09-14,2026-10-09,455.0,P,92.45,99.7,96.075,70.0687,-0.882257,0.002998,-0.215111,0.185428,25,358.97,1,7,0.0
TSLA,2026-09-14,2026-10-09,460.0,P,97.4,104.7,101.05,72.3025,-0.885259,0.002853,-0.217873,0.182061,25,358.97,2,6,0.0
TSLA,2026-09-14,2026-10-09,465.0,P,102.35,109.7,106.025,74.4998,-0.888014,0.002721,-0.220568,0.178932,25,358.97,0,1,0.0
TSLA,2026-09-14,2026-10-09,470.0,P,107.35,114.7,111.025,76.6482,-0.890599,0.002601,-0.223066,0.175962,25,358.97,28,25,0.0
TSLA,2026-09-14,2026-10-09,480.0,P,116.55,124.95,120.75,82.2145,-0.890696,0.002423,-0.241369,0.175851,25,358.97,0,0,0.0
TSLA,2026-09-14,2026-10-09,500.0,P,136.8,144.9,140.85,89.9415,-0.899484,0.002085,-0.247435,0.165496,25,358.97,1,1,0.0
TSLA,2026-09-14,2026-10-16,50.0,C,305.45,313.85,309.65,307.9104,0.995626,3.9e-05,-0.07076,0.01364,32,358.97,47,47,0.0
TSLA,2026-09-14,2026-10-16,60.0,C,286.1,293.5,289.8,0.001,1.0,0.0,-0.006446,0.0,32,358.97,1,1,0.0
TSLA,2026-09-14,2026-10-16,85.0,C,261.75,268.65,265.2,0.001,1.0,0.0,-0.009132,0.0,32,358.97,1,0,0.0
TSLA,2026-09-14,2026-10-16,100.0,C,255.65,263.65,259.65,200.6841,0.992932,9.2e-05,-0.075912,0.020891,32,358.97,49,189,0.0
TSLA,2026-09-14,2026-10-16,105.0,C,243.15,246.8,244.975,0.001,1.0,0.0,-0.011281,0.0,32,358.97,10,154,0.0
TSLA,2026-09-14,2026-10-16,110.0,C,238.1,241.8,239.95,0.001,1.0,0.0,-0.011818,0.0,32,358.97,2,130,0.0
TSLA,2026-09-14,2026-10-16,120.0,C,235.75,243.55,239.65,173.4376,0.99174,0.000122,-0.077446,0.023963,32,358.97,1,350,0.0
TSLA,2026-09-14,2026-10-16,125.0,C,268.65,273.95,271.3,490.3935,0.927153,0.000266,-1.134222,0.147146,32,358.97,2,63,0.0
TSLA,2026-09-14,2026-10-16,130.0,C,218.75,222.0,220.375,0.001,1.0,0.0,-0.013967,0.0,32,358.97,1,95,0.0
TSLA,2026-09-14,2026-10-16,140.0,C,215.75,223.65,219.7,152.1487,0.989911,0.000166,-0.082451,0.028549,32,358.97,1,45,0.0
TSLA,2026-09-14,2026-10-16,150.0,C,201.05,208.75,204.9,0.001,1.0,0.0,-0.016116,0.0,32,358.97,1,38,0.0
TSLA,2026-09-14,2026-10-16,165.0,C,190.95,198.8,194.875,132.0316,0.985831,0.000257,-0.096157,0.038325,32,358.97,1,249,0.0
TSLA,2026-09-14,2026-10-16,170.0,C,186.15,193.85,190.0,130.2005,0.983843,0.000292,-0.104818,0.042901,32,358.97,0,1,0.0
TSLA,2026-09-14,2026-10-16,175.0,C,180.95,188.05,184.5,113.184,0.989874,0.000224,-0.069007,0.028638,32,358.97,3,91,0.0
TSLA,2026-09-14,2026-10-16,180.0,C,178.45,183.9,181.175,139.6976,0.970216,0.000456,-0.174888,0.071889,32,358.97,2,886,0.0
TSLA,2026-09-14,2026-10-16,185.0,C,171.15,178.9,175.025,117.4321,0.981701,0.00036,-0.106624,0.047718,32,358.97,1,31,0.0
TSLA,2026-09-14,2026-10-16,190.0,C,166.15,173.95,170.05,113.6723,0.980717,0.000389,-0.108177,0.049892,32,358.97,4,55,0.0
TSLA,2026-09-14,2026-10-16,195.0,C,161.15,169.0,165.075,110.0102,0.979666,0.00042,-0.10977,0.052192,32,358.97,4,56,0.0
TSLA,2026-09-14,2026-10-16,200.0,C,158.45,161.7,160.075,105.9819,0.978916,0.000449,-0.109684,0.053816,32,358.97,33,105,0.0
TSLA,2026-09-14,2026-10-16,205.0,C,151.25,159.05,155.15,103.272,0.977049,0.000496,-0.114311,0.057813,32,358.97,4,37,0.0
TSLA,2026-09-14,2026-10-16,210.0,C,146.4,151.55,148.975,51.563,0.999847,1.1e-05,-0.02306,0.000626,32,358.97,1,88,0.0
TSLA,2026-09-14,2026-10-16,215.0,C,141.4,149.1,145.25,97.0215,0.973811,0.000589,-0.119872,0.064586,32,358.97,1,64,0.0
TSLA,2026-09-14,2026-10-16,220.0,C,136.45,144.15,140.3,93.9454,0.972038,0.000643,-0.122557,0.068214,32,358.97,1,532,0.0
TSLA,2026-09-14,2026-10-16,225.0,C,131.55,139.15,135.35,90.8692,0.970187,0.000701,-0.125039,0.071946,32,358.97,2,77,0.0
TSLA,2026-09-14,2026-10-16,230.0,C,126.6,134.2,130.4,87.8419,0.968191,0.000765,-0.127534,0.075913,32,358.97,8,127,0.0
TSLA,2026-09-14,2026-10-16,235.0,C,121.6,129.2,125.4,84.2287,0.966914,0.000824,-0.127034,0.078418,32,358.97,2,77,0.0
TSLA,2026-09-14,2026-10-16,240.0,C,116.65,124.25,120.45,81.238,0.964724,0.000901,-0.129203,0.082661,32,358.97,2,226,0.0
TSLA,2026-09-14,2026-10-16,245.0,C,113.95,117.05,115.5,78.2717,0.962377,0.000985,-0.131285,0.087135,32,358.97,13,174,0.0
TSLA,2026-09-14,2026-10-16,250.0,C,109.05,112.1,110.575,75.5618,0.959446,0.001085,-0.13449,0.092622,32,358.97,14,269,0.0
TSLA,2026-09-14,2026-10-16,255.0,C,102.15,109.15,105.65,72.8274,0.956339,0.001195,-0.137431,0.098324,32,358.97,6,85,0.0
TSLA,2026-09-14,2026-10-16,260.0,C,97.3,104.1,100.7,69.8733,0.953443,0.001312,-0.139007,0.10354,32,358.97,1,56,0.0
TSLA,2026-09-14,2026-10-16,265.0,C,94.55,99.1,96.825,74.9636,0.932401,0.00164,-0.188296,0.138922,32,358.97,5,79,0.0
TSLA,2026-09-14,2026-10-16,270.0,C,90.2,92.3,91.25,67.3953,0.938747,0.00169,-0.161921,0.128678,32,358.97,3,139,0.0
TSLA,2026-09-14,2026-10-16,275.0,C,83.65,89.0,86.325,64.4657,0.934417,0.001863,-0.16347,0.135705,32,358.97,1,189,0.0
TSLA,2026-09-14,2026-10-16,280.0,C,78.45,83.9,81.175,60.0224,0.933997,0.002011,-0.155217,0.136378,32,358.97,1,141,0.0
TSLA,2026-09-14,2026-10-16,285.0,C,75.3,77.4,76.35,57.7885,0.927065,0.002256,-0.160553,0.147281,32,358.97,1,84,0.0
TSLA,2026-09-14,2026-10-16,290.0,C,71.2,72.45,71.825,57.1782,0.913914,0.002585,-0.176723,0.166974,32,358.97,9,182,0.0
TSLA,2026-09-14,2026-10-16,295.0,C,65.3,68.25,66.775,53.449,0.910051,0.002857,-0.172026,0.17253,32,358.97,1,97,0.0
TSLA,2026-09-14,2026-10-16,300.0,C,61.6,62.55,62.075,51.5447,0.898801,0.003231,-0.179556,0.188164,32,358.97,62,573,0.0
TSLA,2026-09-14,2026-10-16,305.0,C,56.6,58.25,57.425,53.3269,0.87132,0.003706,-0.213397,0.223264,32,358.97,12,583,0.0
TSLA,2026-09-14,2026-10-16,310.0,C,52.45,53.35,52.9,50.0371,0.861549,0.004153,-0.211081,0.234789,32,358.97,95,1991,0.0
TSLA,2026-09-14,2026-10-16,315.0,C,47.8,49.0,48.4,48.7798,0.841534,0.004663,-0.223084,0.256986,32,358.97,2,435,0.0
TSLA,2026-09-14,2026-10-16,320.0,C,43.85,44.55,44.2,46.8633,0.821846,0.005234,-0.229835,0.277098,32,358.97,53,1355,0.0
TSLA,2026-09-14,2026-10-16,325.0,C,39.8,40.3,40.05,45.3619,0.797579,0.005849,-0.238891,0.299723,32,358.97,82,1255,0.0
TSLA,2026-09-14,2026-10-16,330.0,C,35.8,36.3,36.05,44.2877,0.768392,0.006476,-0.249967,0.324002,32,358.97,399,2089,0.0
TSLA,2026-09-14,2026-10-16,335.0,C,32.2,32.65,32.425,43.7933,0.733817,0.007053,-0.263581,0.348929,32,358.97,57,3108,0.0
TSLA,2026-09-14,2026-10-16,340.0,C,28.6,29.15,28.875,43.2257,0.696777,0.007604,-0.274571,0.371338,32,358.97,176,2051,0.0
TSLA,2026-09-14,2026-10-16,345.0,C,25.45,25.7,25.575,42.3101,0.658006,0.008166,-0.280684,0.390321,32,358.97,117,1162,0.0
TSLA,2026-09-14,2026-10-16,350.0,C,22.45,22.7,22.575,42.0233,0.61536,0.008556,-0.288024,0.406176,32,358.97,424,4341,0.0
TSLA,2026-09-14,2026-10-16,355.0,C,19.7,19.9,19.8,41.6937,0.571327,0.008858,-0.29174,0.417235,32,358.97,788,1926,0.0
TSLA,2026-09-14,2026-10-16,360.0,C,17.2,17.4,17.3,41.5594,0.526422,0.009012,-0.29321,0.4231,32,358.97,2676,4209,0.0
TSLA,2026-09-14,2026-10-16,365.0,C,14.95,15.1,15.025,41.3702,0.481423,0.009063,-0.290775,0.42357,32,358.97,3053,2963,0.0
TSLA,2026-09-14,2026-10-16,370.0,C,12.95,13.1,13.025,41.3824,0.437397,0.008958,-0.286287,0.418799,32,358.97,1409,3577,0.0
TSLA,2026-09-14,2026-10-16,375.0,C,11.15,11.3,11.225,41.3824,0.394688,0.008752,-0.278605,0.409169,32,358.97,972,3763,0.0
TSLA,2026-09-14,2026-10-16,380.0,C,9.55,9.7,9.625,41.3885,0.353776,0.008452,-0.268215,0.395218,32,358.97,2700,7521,0.0
TSLA,2026-09-14,2026-10-16,385.0,C,8.2,8.3,8.25,41.4343,0.315207,0.008069,-0.255807,0.377683,32,358.97,1486,2076,0.0
TSLA,2026-09-14,2026-10-16,390.0,C,7.0,7.1,7.05,41.5655,0.279582,0.007614,-0.242249,0.357533,32,358.97,1317,3149,0.0
TSLA,2026-09-14,2026-10-16,395.0,C,5.95,6.05,6.0,41.6998,0.246678,0.007119,-0.227394,0.335361,32,358.97,307,3155,0.0
TSLA,2026-09-14,2026-10-16,400.0,C,5.05,5.15,5.1,41.8707,0.216773,0.006597,-0.211979,0.312046,32,358.97,4443,11482,0.0
TSLA,2026-09-14,2026-10-16,405.0,C,4.3,4.4,4.35,42.1393,0.190265,0.006064,-0.196959,0.288678,32,358.97,469,1469,0.0
TSLA,2026-09-14,2026-10-16,410.0,C,3.65,3.75,3.7,42.3956,0.166371,0.005538,-0.181748,0.265259,32,358.97,985,2815,0.0
TSLA,2026-09-14,2026-10-16,415.0,C,3.1,3.2,3.15,42.6886,0.145258,0.005029,-0.167056,0.242545,32,358.97,274,2017,0.0
TSLA,2026-09-14,2026-10-16,420.0,C,2.66,2.72,2.69,42.951,0.126326,0.004543,-0.152519,0.220416,32,358.97,2108,7093,0.0
TSLA,2026-09-14,2026-10-16,425.0,C,2.3,2.34,2.32,43.3599,0.110455,0.004092,-0.139829,0.200452,32,358.97,253,2889,0.0
TSLA,2026-09-14,2026-10-16,430.0,C,1.96,2.01,1.985,43.7506,0.096403,0.003674,-0.127655,0.181596,32,358.97,1653,8467,0.0
TSLA,2026-09-14,2026-10-16,435.0,C,1.71,1.75,1.73,44.2755,0.084795,0.003301,-0.117308,0.165095,32,358.97,207,2190,0.0
TSLA,2026-09-14,2026-10-16,440.0,C,1.47,1.52,1.495,44.7515,0.074403,0.002958,-0.107284,0.149543,32,358.97,440,1654,0.0
TSLA,2026-09-14,2026-10-16,445.0,C,1.3,1.33,1.315,45.2764,0.065552,0.002652,-0.098364,0.135655,32,358.97,75,1904,0.0
TSLA,2026-09-14,2026-10-16,450.0,C,1.13,1.17,1.15,45.8379,0.057982,0.00238,-0.090402,0.123261,32,358.97,1085,8152,0.0
TSLA,2026-09-14,2026-10-16,455.0,C,1.01,1.05,1.03,46.5582,0.052011,0.002151,-0.084191,0.113116,32,358.97,206,795,0.0
TSLA,2026-09-14,2026-10-16,460.0,C,0.91,0.94,0.925,47.2173,0.046556,0.001941,-0.078091,0.103539,32,358.97,718,2769,0.0
TSLA,2026-09-14,2026-10-16,465.0,C,0.81,0.85,0.83,47.9497,0.042035,0.00176,-0.072978,0.095354,32,358.97,512,1964,0.0
TSLA,2026-09-14,2026-10-16,470.0,C,0.74,0.77,0.755,48.6577,0.037985,0.001598,-0.068155,0.087818,32,358.97,83,1937,0.0
TSLA,2026-09-14,2026-10-16,475.0,C,0.67,0.7,0.685,49.3657,0.034423,0.001453,-0.06375,0.081016,32,358.97,48,2501,0.0
TSLA,2026-09-14,2026-10-16,480.0,C,0.61,0.64,0.625,50.0982,0.031353,0.001325,-0.059865,0.075012,32,358.97,91,1995,0.0
TSLA,2026-09-14,2026-10-16,485.0,C,0.56,0.59,0.575,50.6597,0.028191,0.0012,-0.055394,0.068679,32,358.97,86,406,0.0
TSLA,2026-09-14,2026-10-16,490.0,C,0.51,0.54,0.525,51.3188,0.025641,0.001094,-0.051817,0.063451,32,358.97,77,635,0.0
TSLA,2026-09-14,2026-10-16,495.0,C,0.47,0.5,0.485,52.0513,0.023549,0.001005,-0.04891,0.059079,32,358.97,1870,719,0.0
TSLA,2026-09-14,2026-10-16,500.0,C,0.44,0.47,0.455,52.8813,0.0219,0.00093,-0.046718,0.055572,32,358.97,2524,7272,0.0
TSLA,2026-09-14,2026-10-16,505.0,C,0.4,0.44,0.42,53.5649,0.020134,0.000855,-0.044052,0.051754,32,358.97,7,269,0.0
TSLA,2026-09-14,2026-10-16,510.0,C,0.37,0.41,0.39,54.2729,0.018604,0.000789,-0.041719,0.048394,32,358.97,1019,1515,0.0
TSLA,2026-09-14,2026-10-16,515.0,C,0.35,0.38,0.365,55.0297,0.017323,0.000732,-0.039789,0.045538,32,358.97,41,402,0.0
TSLA,2026-09-14,2026-10-16,520.0,C,0.32,0.35,0.335,55.5669,0.01581,0.000671,-0.03714,0.042111,32,358.97,1572,2421,0.0
TSLA,2026-09-14,2026-10-16,525.0,C,0.3,0.33,0.315,56.2993,0.01476,0.000624,-0.03546,0.039697,32,358.97,932,359,0.0
TSLA,2026-09-14,2026-10-16,530.0,C,0.28,0.31,0.295,56.9829,0.013743,0.00058,-0.03374,0.037331,32,358.97,1147,607,0.0
TSLA,2026-09-14,2026-10-16,535.0,C,0.26,0.29,0.275,57.6176,0.012761,0.000538,-0.031987,0.035013,32,358.97,3,331,0.0
TSLA,2026-09-14,2026-10-16,540.0,C,0.24,0.27,0.255,58.2035,0.011812,0.000498,-0.030212,0.032746,32,358.97,1,501,0.0
TSLA,2026-09-14,2026-10-16,545.0,C,0.23,0.26,0.245,59.0336,0.011255,0.000471,-0.029375,0.031401,32,358.97,2,427,0.0
TSLA,2026-09-14,2026-10-16,550.0,C,0.21,0.24,0.225,59.4731,0.010297,0.000433,-0.02738,0.02906,32,358.97,3913,2705,0.0
TSLA,2026-09-14,2026-10-16,555.0,C,0.2,0.23,0.215,60.2543,0.009804,0.000409,-0.026571,0.027843,32,358.97,2,92,0.0
TSLA,2026-09-14,2026-10-16,560.0,C,0.18,0.21,0.195,60.5473,0.008855,0.000372,-0.024419,0.025469,32,358.97,3,1100,0.0
TSLA,2026-09-14,2026-10-16,570.0,C,0.16,0.19,0.175,61.8168,0.007848,0.000328,-0.022413,0.022908,32,358.97,10,699,0.0
TSLA,2026-09-14,2026-10-16,580.0,C,0.14,0.17,0.155,62.9887,0.006932,0.000289,-0.020463,0.020534,32,358.97,3324,370,0.0
TSLA,2026-09-14,2026-10-16,590.0,C,0.12,0.15,0.135,63.8675,0.005956,0.000249,-0.018135,0.017955,32,358.97,6,944,0.0
TSLA,2026-09-14,2026-10-16,600.0,C,0.11,0.14,0.125,65.2347,0.005463,0.000226,-0.01715,0.01663,32,358.97,87,4658,0.0
TSLA,2026-09-14,2026-10-16,610.0,C,0.1,0.12,0.11,66.2113,0.004814,0.000199,-0.015546,0.014858,32,358.97,1,1104,0.0
TSLA,2026-09-14,2026-10-16,620.0,C,0.09,0.11,0.1,67.2855,0.004319,0.000177,-0.014336,0.013487,32,358.97,1,355,0.0
TSLA,2026-09-14,2026-10-16,630.0,C,0.02,0.12,0.07,66.6019,0.003108,0.000133,-0.01056,0.010039,32,358.97,1001,1541,0.0
TSLA,2026-09-14,2026-10-16,640.0,C,0.04,0.19,0.115,71.68,0.004634,0.000177,-0.016252,0.014361,32,358.97,1,348,0.0
TSLA,2026-09-14,2026-10-16,650.0,C,0.05,0.18,0.115,73.3401,0.004531,0.00017,-0.016296,0.014078,32,358.97,10,1175,0.0
TSLA,2026-09-14,2026-10-16,660.0,C,0.02,0.18,0.1,73.926,0.003942,0.000149,-0.014498,0.012428,32,358.97,11,192,0.0
TSLA,2026-09-14,2026-10-16,670.0,C,0.02,0.18,0.1,75.4885,0.003853,0.000143,-0.014501,0.012176,32,358.97,91,1350,0.0
TSLA,2026-09-14,2026-10-16,680.0,C,0.03,0.06,0.045,71.4847,0.001889,7.9e-05,-0.007215,0.006398,32,358.97,183,1495,0.0
TSLA,2026-09-14,2026-10-16,690.0,C,0.01,0.17,0.09,77.7346,0.003375,0.000123,-0.013253,0.010811,32,358.97,6,281,0.0
TSLA,2026-09-14,2026-10-16,700.0,C,0.01,0.1,0.055,75.7815,0.002194,8.6e-05,-0.00876,0.007331,32,358.97,1,1547,0.0
TSLA,2026-09-14,2026-10-16,710.0,C,0.01,0.1,0.055,77.1487,0.002143,8.2e-05,-0.008725,0.007173,32,358.97,14,381,0.0
TSLA,2026-09-14,2026-10-16,720.0,C,0.01,0.1,0.055,78.5158,0.0021,7.9e-05,-0.008717,0.007043,32,358.97,2,307,0.0
TSLA,2026-09-14,2026-10-16,730.0,C,0.01,0.1,0.055,79.883,0.002065,7.7e-05,-0.008733,0.006937,32,358.97,3,241,0.0
TSLA,2026-09-14,2026-10-16,740.0,C,0.01,0.1,0.055,81.2502,0.002037,7.5e-05,-0.008773,0.006852,32,358.97,4,79,0.0
TSLA,2026-09-14,2026-10-16,750.0,C,0.02,0.1,0.06,83.2033,0.002161,7.7e-05,-0.009475,0.007228,32,358.97,10,266,0.0
TSLA,2026-09-14,2026-10-16,760.0,C,0.01,0.1,0.055,83.9845,0.002,7.1e-05,-0.008916,0.00674,32,358.97,10,297,0.0
TSLA,2026-09-14,2026-10-16,770.0,C,0.01,0.1,0.055,85.1564,0.001945,6.8e-05,-0.008813,0.006571,32,358.97,5,286,0.0
TSLA,2026-09-14,2026-10-16,780.0,C,0.01,0.1,0.055,86.3283,0.001897,6.6e-05,-0.008733,0.006424,32,358.97,8,144,0.0
TSLA,2026-09-14,2026-10-16,790.0,C,0.01,0.1,0.055,87.6954,0.001898,6.5e-05,-0.008872,0.006425,32,358.97,4,45,0.0
TSLA,2026-09-14,2026-10-16,800.0,C,0.01,0.1,0.055,89.0626,0.001902,6.4e-05,-0.009029,0.006439,32,358.97,11,4442,0.0
TSLA,2026-09-14,2026-10-16,810.0,C,0.01,0.1,0.055,90.2345,0.001869,6.2e-05,-0.009003,0.006338,32,358.97,8,1007,0.0
TSLA,2026-09-14,2026-10-16,820.0,C,0.01,0.05,0.03,86.7189,0.001051,3.8e-05,-0.005115,0.003747,32,358.97,11,1446,0.0
TSLA,2026-09-14,2026-10-16,830.0,C,0.01,0.05,0.03,87.8907,0.001044,3.7e-05,-0.00515,0.003723,32,358.97,10,343,0.0
TSLA,2026-09-14,2026-10-16,840.0,C,0.0,0.05,0.025,87.8907,0.000894,3.3e-05,-0.004465,0.003228,32,358.97,44,202,0.0
TSLA,2026-09-14,2026-10-16,850.0,C,0.0,0.05,0.025,89.0626,0.000893,3.2e-05,-0.004519,0.003224,32,358.97,12,879,0.0
TSLA,2026-09-14,2026-10-16,860.0,C,0.0,0.05,0.025,89.8439,0.00085,3e-05,-0.004356,0.003081,32,358.97,2,74,0.0
TSLA,2026-09-14,2026-10-16,870.0,C,0.0,0.05,0.025,91.0157,0.000852,3e-05,-0.004426,0.00309,32,358.97,12,700,0.0
TSLA,2026-09-14,2026-10-16,880.0,C,0.01,0.02,0.015,89.0626,0.000566,2.1e-05,-0.00297,0.002119,32,358.97,3,734,0.0
TSLA,2026-09-14,2026-10-16,890.0,C,0.0,0.02,0.01,87.5001,0.000387,1.5e-05,-0.002052,0.00149,32,358.97,8,1423,0.0
TSLA,2026-09-14,2026-10-16,900.0,C,0.01,0.02,0.015,90.6251,0.000522,1.9e-05,-0.002802,0.001966,32,358.97,168,8423,0.0
TSLA,2026-09-14,2026-10-16,50.0,P,0.0,0.01,0.005,187.5001,-6.3e-05,1e-06,-0.000794,0.000272,32,358.97,6,5609,0.0
TSLA,2026-09-14,2026-10-16,55.0,P,0.0,0.02,0.01,190.625,-0.000152,3e-06,-0.001849,0.000623,32,358.97,118,4046,0.0
TSLA,2026-09-14,2026-10-16,60.0,P,0.0,0.01,0.005,171.8751,-8e-05,2e-06,-0.000908,0.000339,32,358.97,2,2882,0.0
TSLA,2026-09-14,2026-10-16,65.0,P,0.0,0.01,0.005,162.5002,-7.3e-05,2e-06,-0.000787,0.000311,32,358.97,1,596,0.0
TSLA,2026-09-14,2026-10-16,70.0,P,0.0,0.01,0.005,156.2502,-8.1e-05,2e-06,-0.000838,0.000345,32,358.97,289,1153,0.0
TSLA,2026-09-14,2026-10-16,75.0,P,0.0,0.02,0.01,157.8127,-0.000164,4e-06,-0.001644,0.00067,32,358.97,147,433,0.0
TSLA,2026-09-14,2026-10-16,80.0,P,0.0,0.01,0.005,143.7503,-8.9e-05,2e-06,-0.000845,0.000378,32,358.97,3,1223,0.0
TSLA,2026-09-14,2026-10-16,85.0,P,0.0,0.01,0.005,137.5003,-8.8e-05,2e-06,-0.0008,0.000374,32,358.97,6,180,0.0
TSLA,2026-09-14,2026-10-16,90.0,P,0.0,0.02,0.01,140.6253,-0.000201,5e-06,-0.001768,0.000809,32,358.97,93,632,0.0
TSLA,2026-09-14,2026-10-16,95.0,P,0.0,0.05,0.025,145.3128,-0.000462,1.1e-05,-0.003965,0.001755,32,358.97,17,613,0.0
TSLA,2026-09-14,2026-10-16,100.0,P,0.01,0.02,0.015,134.3753,-0.000313,8e-06,-0.002557,0.001224,32,358.97,100,3320,0.0
TSLA,2026-09-14,2026-10-16,105.0,P,0.0,0.04,0.02,131.2503,-0.000381,1e-05,-0.002993,0.001468,32,358.97,86,885,0.0
TSLA,2026-09-14,2026-10-16,110.0,P,0.0,0.02,0.01,120.3129,-0.000226,7e-06,-0.001686,0.000902,32,358.97,37,1269,0.0
TSLA,2026-09-14,2026-10-16,115.0,P,0.01,0.05,0.03,126.5629,-0.00061,1.6e-05,-0.004464,0.00227,32,358.97,3,451,0.0
TSLA,2026-09-14,2026-10-16,120.0,P,0.0,0.03,0.015,115.6254,-0.00036,1.1e-05,-0.002501,0.001393,32,358.97,1,2001,0.0
TSLA,2026-09-14,2026-10-16,125.0,P,0.01,0.07,0.04,120.7035,-0.000845,2.2e-05,-0.005743,0.003064,32,358.97,14,227,0.0
TSLA,2026-09-14,2026-10-16,130.0,P,0.01,0.04,0.025,111.7192,-0.000584,1.7e-05,-0.003785,0.002182,32,358.97,2,688,0.0
TSLA,2026-09-14,2026-10-16,135.0,P,0.01,0.09,0.05,114.4536,-0.001087,3e-05,-0.006862,0.003863,32,358.97,5,256,0.0
TSLA,2026-09-14,2026-10-16,140.0,P,0.02,0.05,0.035,107.0317,-0.000843,2.5e-05,-0.005082,0.00306,32,358.97,7,130,0.0
TSLA,2026-09-14,2026-10-16,145.0,P,0.03,0.05,0.04,104.2974,-0.000964,2.9e-05,-0.0056,0.003462,32,358.97,2,239,0.0
TSLA,2026-09-14,2026-10-16,150.0,P,0.01,0.06,0.035,99.2188,-0.000877,2.8e-05,-0.004883,0.003173,32,358.97,1,2503,0.0
TSLA,2026-09-14,2026-10-16,155.0,P,0.01,0.09,0.05,99.2188,-0.001275,4e-05,-0.006879,0.004472,32,358.97,10,58,0.0
TSLA,2026-09-14,2026-10-16,160.0,P,0.01,0.15,0.08,100.1958,-0.001965,5.9e-05,-0.010299,0.006632,32,358.97,2,223,0.0
TSLA,2026-09-14,2026-10-16,165.0,P,0.02,0.12,0.07,95.3125,-0.001821,5.7e-05,-0.00914,0.006189,32,358.97,23,134,0.0
TSLA,2026-09-14,2026-10-16,170.0,P,0.02,0.2,0.11,96.2891,-0.002749,8.3e-05,-0.013407,0.008988,32,358.97,8,473,0.0
TSLA,2026-09-14,2026-10-16,175.0,P,0.04,0.23,0.135,94.9219,-0.003374,0.000101,-0.015888,0.010808,32,358.97,1,366,0.0
TSLA,2026-09-14,2026-10-16,180.0,P,0.04,0.18,0.11,89.4532,-0.002965,9.5e-05,-0.013325,0.009622,32,358.97,1,338,0.0
TSLA,2026-09-14,2026-10-16,185.0,P,0.06,0.17,0.115,86.5236,-0.003176,0.000105,-0.013707,0.010237,32,358.97,1,369,0.0
TSLA,2026-09-14,2026-10-16,190.0,P,0.14,0.17,0.155,86.2306,-0.004232,0.000136,-0.017666,0.013244,32,358.97,7,341,0.0
TSLA,2026-09-14,2026-10-16,195.0,P,0.17,0.19,0.18,84.4728,-0.004959,0.00016,-0.01993,0.015258,32,358.97,2,278,0.0
TSLA,2026-09-14,2026-10-16,200.0,P,0.18,0.21,0.195,82.0314,-0.005482,0.00018,-0.021151,0.016681,32,358.97,71,3529,0.0
TSLA,2026-09-14,2026-10-16,205.0,P,0.2,0.23,0.215,79.883,-0.006185,0.000206,-0.022914,0.018566,32,358.97,12,233,0.0
TSLA,2026-09-14,2026-10-16,210.0,P,0.23,0.25,0.24,77.8323,-0.007013,0.000236,-0.024937,0.020747,32,358.97,29,1387,0.0
TSLA,2026-09-14,2026-10-16,215.0,P,0.25,0.28,0.265,75.6838,-0.00787,0.000269,-0.02683,0.022966,32,358.97,2,543,0.0
TSLA,2026-09-14,2026-10-16,220.0,P,0.28,0.31,0.295,73.7307,-0.00895,0.000309,-0.029245,0.02571,32,358.97,21,1145,0.0
TSLA,2026-09-14,2026-10-16,225.0,P,0.31,0.34,0.325,71.6311,-0.010041,0.000351,-0.031401,0.02843,32,358.97,37,760,0.0
TSLA,2026-09-14,2026-10-16,230.0,P,0.34,0.36,0.35,69.3362,-0.011075,0.000395,-0.033084,0.030964,32,358.97,3,470,0.0
TSLA,2026-09-14,2026-10-16,235.0,P,0.37,0.39,0.38,67.139,-0.012292,0.000447,-0.03505,0.033898,32,358.97,70,1355,0.0
TSLA,2026-09-14,2026-10-16,240.0,P,0.41,0.44,0.425,65.2836,-0.014001,0.000514,-0.038112,0.037933,32,358.97,12,2301,0.0
TSLA,2026-09-14,2026-10-16,245.0,P,0.45,0.48,0.465,63.2328,-0.01569,0.000586,-0.040684,0.041836,32,358.97,8,850,0.0
TSLA,2026-09-14,2026-10-16,250.0,P,0.49,0.52,0.505,61.0844,-0.01744,0.000664,-0.042991,0.0458,32,358.97,46,4141,0.0
TSLA,2026-09-14,2026-10-16,255.0,P,0.54,0.58,0.56,59.1801,-0.019752,0.000762,-0.046269,0.050921,32,358.97,3,1806,0.0
TSLA,2026-09-14,2026-10-16,260.0,P,0.6,0.64,0.62,57.2514,-0.022327,0.000873,-0.049606,0.056484,32,358.97,3,3993,0.0
TSLA,2026-09-14,2026-10-16,265.0,P,0.67,0.71,0.69,55.3715,-0.025337,0.001004,-0.053307,0.062821,32,358.97,7,1396,0.0
TSLA,2026-09-14,2026-10-16,270.0,P,0.75,0.79,0.77,53.5405,-0.028872,0.001158,-0.057417,0.070055,32,358.97,32,1948,0.0
TSLA,2026-09-14,2026-10-16,275.0,P,0.85,0.89,0.87,51.8071,-0.033157,0.001342,-0.062225,0.078556,32,358.97,54,2741,0.0
TSLA,2026-09-14,2026-10-16,280.0,P,0.96,1.01,0.985,50.0982,-0.038171,0.001558,-0.067447,0.088168,32,358.97,190,7174,0.0
TSLA,2026-09-14,2026-10-16,285.0,P,1.11,1.15,1.13,48.7066,-0.044938,0.001829,-0.07474,0.100637,32,358.97,184,1880,0.0
TSLA,2026-09-14,2026-10-16,290.0,P,1.28,1.31,1.295,47.0464,-0.05197,0.002127,-0.080965,0.113046,32,358.97,106,7460,0.0
TSLA,2026-09-14,2026-10-16,295.0,P,1.5,1.54,1.52,45.7159,-0.061405,0.002496,-0.089571,0.128927,32,358.97,121,4048,0.0
TSLA,2026-09-14,2026-10-16,300.0,P,1.77,1.81,1.79,44.3975,-0.072545,0.002924,-0.098772,0.146678,32,358.97,473,10499,0.0
TSLA,2026-09-14,2026-10-16,305.0,P,2.12,2.18,2.15,43.3599,-0.086898,0.003433,-0.110349,0.168151,32,358.97,235,3298,0.0
TSLA,2026-09-14,2026-10-16,310.0,P,2.55,2.6,2.575,42.2247,-0.103257,0.004003,-0.121727,0.19094,32,358.97,213,4210,0.0
TSLA,2026-09-14,2026-10-16,315.0,P,3.1,3.2,3.15,41.5472,-0.124718,0.004654,-0.136677,0.218454,32,358.97,210,3922,0.0
TSLA,2026-09-14,2026-10-16,320.0,P,3.75,3.85,3.8,40.6195,-0.148172,0.005356,-0.149894,0.2458,32,358.97,511,8022,0.0
TSLA,2026-09-14,2026-10-16,325.0,P,4.6,4.7,4.65,39.9786,-0.176663,0.006103,-0.164879,0.275632,32,358.97,305,5064,0.0
TSLA,2026-09-14,2026-10-16,330.0,P,5.65,5.75,5.7,39.4965,-0.209689,0.006859,-0.180195,0.306058,32,358.97,1482,10612,0.0
TSLA,2026-09-14,2026-10-16,335.0,P,6.9,7.0,6.95,39.0814,-0.246708,0.007596,-0.194556,0.335382,32,358.97,743,2445,0.0
TSLA,2026-09-14,2026-10-16,340.0,P,8.35,8.5,8.425,38.8068,-0.287745,0.008268,-0.207815,0.362496,32,358.97,738,8315,0.0
TSLA,2026-09-14,2026-10-16,345.0,P,10.05,10.25,10.15,38.6115,-0.331947,0.008845,-0.218894,0.385828,32,358.97,560,2176,0.0
TSLA,2026-09-14,2026-10-16,350.0,P,12.05,12.2,12.125,38.3429,-0.378262,0.00933,-0.226246,0.404131,32,358.97,899,7212,0.0
TSLA,2026-09-14,2026-10-16,355.0,P,14.25,14.45,14.35,38.2269,-0.426487,0.009652,-0.230986,0.416811,32,358.97,573,2708,0.0
TSLA,2026-09-14,2026-10-16,360.0,P,16.75,16.95,16.85,38.1232,-0.475433,0.009827,-0.231976,0.423226,32,358.97,1199,9520,0.0
TSLA,2026-09-14,2026-10-16,365.0,P,19.5,19.7,19.6,38.0499,-0.524284,0.009846,-0.229323,0.423244,32,358.97,722,2641,0.0
TSLA,2026-09-14,2026-10-16,370.0,P,22.45,22.7,22.575,38.0072,-0.57221,0.009713,-0.223199,0.417065,32,358.97,296,3296,0.0
TSLA,2026-09-14,2026-10-16,375.0,P,25.65,25.95,25.8,38.0316,-0.618298,0.009432,-0.214209,0.405248,32,358.97,160,1388,0.0
TSLA,2026-09-14,2026-10-16,380.0,P,29.05,29.4,29.225,38.0255,-0.66229,0.009042,-0.202116,0.388441,32,358.97,184,10093,0.0
TSLA,2026-09-14,2026-10-16,385.0,P,32.65,33.0,32.825,37.8912,-0.704406,0.008575,-0.186636,0.367072,32,358.97,51,1302,0.0
TSLA,2026-09-14,2026-10-16,390.0,P,36.4,37.2,36.8,38.9532,-0.73606,0.007895,-0.179101,0.347432,32,358.97,42,3746,0.0
TSLA,2026-09-14,2026-10-16,395.0,P,40.25,41.2,40.725,39.0448,-0.770255,0.007312,-0.162664,0.322543,32,358.97,27,2315,0.0
TSLA,2026-09-14,2026-10-16,400.0,P,44.25,45.3,44.775,38.996,-0.802253,0.006709,-0.144289,0.295542,32,358.97,900,5607,0.0
TSLA,2026-09-14,2026-10-16,405.0,P,48.05,50.8,49.425,43.4088,-0.801661,0.006037,-0.164464,0.296077,32,358.97,25,360,0.0
TSLA,2026-09-14,2026-10-16,410.0,P,51.95,55.0,53.475,43.2257,-0.828326,0.005543,-0.144968,0.270659,32,358.97,12,553,0.0
TSLA,2026-09-14,2026-10-16,415.0,P,57.0,58.8,57.9,40.8941,-0.866242,0.004964,-0.106814,0.229312,32,358.97,1,794,0.0
TSLA,2026-09-14,2026-10-16,420.0,P,61.65,63.7,62.675,42.7435,-0.874948,0.004532,-0.105598,0.218862,32,358.97,11,1070,0.0
TSLA,2026-09-14,2026-10-16,425.0,P,65.3,68.4,66.85,43.5308,-0.888541,0.004103,-0.095626,0.201757,32,358.97,4,560,0.0
TSLA,2026-09-14,2026-10-16,430.0,P,69.3,73.25,71.275,44.8858,-0.897255,0.003752,-0.090971,0.190251,32,358.97,13,567,0.0
TSLA,2026-09-14,2026-10-16,435.0,P,74.3,78.2,76.25,46.6802,-0.902483,0.003473,-0.090381,0.183134,32,358.97,19,216,0.0
TSLA,2026-09-14,2026-10-16,440.0,P,80.1,83.0,81.55,47.5469,-0.911627,0.00317,-0.082438,0.170275,32,358.97,46,304,0.0
TSLA,2026-09-14,2026-10-16,445.0,P,83.9,87.95,85.925,49.1826,-0.916014,0.00295,-0.0812,0.163913,32,358.97,1,214,0.0
TSLA,2026-09-14,2026-10-16,450.0,P,90.2,92.5,91.35,48.1206,-0.93199,0.002567,-0.059073,0.139575,32,358.97,414,574,0.0
TSLA,2026-09-14,2026-10-16,455.0,P,93.65,97.9,95.775,52.6006,-0.922495,0.002596,-0.080707,0.154267,32,358.97,10,28,0.0
TSLA,2026-09-14,2026-10-16,460.0,P,99.6,102.7,101.15,53.0644,-0.930271,0.002373,-0.071075,0.142286,32,358.97,34,70,0.0
TSLA,2026-09-14,2026-10-16,465.0,P,103.5,107.6,105.55,54.102,-0.934976,0.002206,-0.06635,0.134806,32,358.97,10,25,0.0
TSLA,2026-09-14,2026-10-16,470.0,P,108.2,113.65,110.925,62.537,-0.910556,0.002432,-0.120572,0.171809,32,358.97,28,63,0.0
TSLA,2026-09-14,2026-10-16,475.0,P,114.2,117.9,116.05,59.6195,-0.930398,0.00211,-0.083826,0.142087,32,358.97,26,3762,0.0
TSLA,2026-09-14,2026-10-16,480.0,P,118.4,123.65,121.025,66.0892,-0.914546,0.002224,-0.122939,0.166056,32,358.97,1,4,0.0
TSLA,2026-09-14,2026-10-16,485.0,P,123.4,128.65,126.025,67.8104,-0.916379,0.002133,-0.123959,0.163377,32,358.97,4,3,0.0
TSLA,2026-09-14,2026-10-16,490.0,P,128.4,133.65,131.025,69.5071,-0.918081,0.002049,-0.124963,0.160869,32,358.97,15,0,0.0
TSLA,2026-09-14,2026-10-16,495.0,P,138.0,142.5,140.25,79.8464,-0.889957,0.002216,-0.200051,0.199916,32,358.97,1,0,0.0
TSLA,2026-09-14,2026-10-16,500.0,P,138.4,143.65,141.025,72.8152,-0.921195,0.001899,-0.126802,0.156226,32,358.97,6,0,0.0
TSLA,2026-09-14,2026-10-16,505.0,P,154.7,157.0,155.85,106.1589,-0.820619,0.00232,-0.413279,0.278298,32,358.97,1,0,0.0
TSLA,2026-09-14,2026-10-16,510.0,P,146.45,154.95,150.7,83.4779,-0.900291,0.001974,-0.191445,0.186138,32,358.97,1,0,0.0
TSLA,2026-09-14,2026-10-16,515.0,P,164.7,166.95,165.825,109.8515,-0.825469,0.002204,-0.419875,0.273519,32,358.97,1,0,0.0
TSLA,2026-09-14,2026-10-16,520.0,P,169.7,171.95,170.825,111.6948,-0.82761,0.002151,-0.423399,0.271379,32,358.97,4,0,0.0
TSLA,2026-09-14,2026-10-16,525.0,P,174.7,176.95,175.825,113.5136,-0.829642,0.0021,-0.426861,0.26933,32,358.97,3,0,0.0
TSLA,2026-09-14,2026-10-16,530.0,P,179.7,181.95,180.825,115.3019,-0.831594,0.002052,-0.430198,0.267345,32,358.97,2,0,0.0
TSLA,2026-09-14,2026-10-16,535.0,P,143.2,144.2,143.7,0.001,-1.0,0.0,0.057479,0.0,32,358.97,0,6,0.0
TSLA,2026-09-14,2026-10-16,540.0,P,216.05,224.25,220.15,202.2588,-0.646776,0.001729,-1.199844,0.394997,32,358.97,2,2,0.0
TSLA,2026-09-14,2026-10-16,545.0,P,194.55,196.8,195.675,119.9467,-0.838519,0.00192,-0.434299,0.260174,32,358.97,30,0,0.0
TSLA,2026-09-14,2026-10-16,550.0,P,187.4,194.6,191.0,93.9942,-0.916446,0.001538,-0.183574,0.163279,32,358.97,69,0,0.0
TSLA,2026-09-14,2026-10-16,560.0,P,209.55,211.85,210.7,125.0187,-0.843014,0.001808,-0.44382,0.255407,32,358.97,22,0,0.0
TSLA,2026-09-14,2026-10-16,570.0,P,219.55,221.8,220.675,128.1254,-0.846154,0.001741,-0.448255,0.252025,32,358.97,22,0,0.0
TSLA,2026-09-14,2026-10-16,580.0,P,229.85,232.15,231.0,132.4955,-0.84567,0.001687,-0.465461,0.252549,32,358.97,1,0,0.0
TSLA,2026-09-14,2026-10-16,590.0,P,239.85,242.15,241.0,135.5472,-0.848207,0.001631,-0.470486,0.249789,32,358.97,1,0,0.0
TSLA,2026-09-14,2026-10-16,600.0,P,243.6,248.15,245.875,115.2348,-0.907384,0.001354,-0.256073,0.176308,32,358.97,1,0,0.0
TSLA,2026-09-14,2026-10-16,650.0,P,299.3,301.55,300.425,149.9575,-0.865943,0.001356,-0.472506,0.229664,32,358.97,17,0,0.0
TSLA,2026-09-14,2026-10-16,660.0,P,303.6,308.15,305.875,130.225,-0.915847,0.001116,-0.265871,0.164156,32,358.97,2,0,0.0
TSLA,2026-09-14,2026-10-16,700.0,P,349.3,351.55,350.425,162.2499,-0.873431,0.001204,-0.488263,0.220711,32,358.97,0,0,0.0
TSLA,2026-09-14,2026-10-16,800.0,P,392.9,393.9,393.4,0.001,-1.0,0.0,0.08595,0.0,32,358.97,1,0,0.0
TSLA,2026-09-14,2026-10-23,200.0,C,156.45,164.35,160.4,100.9038,0.974475,0.000502,-0.11062,0.069785,39,358.97,0,0,0.0
TSLA,2026-09-14,2026-10-23,210.0,C,148.65,152.4,150.525,95.0684,0.970897,0.000595,-0.116156,0.077853,39,358.97,13,2,0.0
TSLA,2026-09-14,2026-10-23,220.0,C,138.8,142.45,140.625,89.0626,0.967247,0.0007,-0.120218,0.085852,39,358.97,16,46,0.0
TSLA,2026-09-14,2026-10-23,230.0,C,126.75,134.65,130.7,82.9103,0.96356,0.000821,-0.122727,0.093714,39,358.97,2,2,0.0
TSLA,2026-09-14,2026-10-23,235.0,C,121.9,129.75,125.825,80.7009,0.960271,0.000905,-0.127551,0.100559,39,358.97,0,1,0.0
TSLA,2026-09-14,2026-10-23,250.0,C,107.25,114.75,111.0,72.2293,0.952358,0.001171,-0.13262,0.116436,39,358.97,2,1,0.0
TSLA,2026-09-14,2026-10-23,255.0,C,104.55,107.65,106.1,69.7513,0.948694,0.001286,-0.135649,0.123529,39,358.97,1,1,0.0
TSLA,2026-09-14,2026-10-23,270.0,C,88.6,94.5,91.55,63.1229,0.933697,0.001738,-0.148438,0.151086,39,358.97,5,3,0.0
TSLA,2026-09-14,2026-10-23,290.0,C,71.45,73.65,72.55,55.4448,0.901657,0.002665,-0.171579,0.203428,39,358.97,3,3,0.0
TSLA,2026-09-14,2026-10-23,295.0,C,66.9,69.05,67.975,54.0166,0.889456,0.002977,-0.180337,0.221422,39,358.97,0,2,0.0
TSLA,2026-09-14,2026-10-23,300.0,C,62.95,64.0,63.475,52.6921,0.875428,0.003321,-0.189725,0.240968,39,358.97,48,8,0.0
TSLA,2026-09-14,2026-10-23,305.0,C,58.55,59.55,59.05,51.4226,0.859561,0.003697,-0.199353,0.261727,39,358.97,2,1,0.0
TSLA,2026-09-14,2026-10-23,310.0,C,53.7,55.6,54.65,50.0005,0.842507,0.004104,-0.207752,0.28256,39,358.97,10,14,0.0
TSLA,2026-09-14,2026-10-23,315.0,C,49.6,51.4,50.5,51.9048,0.810504,0.004448,-0.237285,0.317899,39,358.97,1,2,0.0
TSLA,2026-09-14,2026-10-23,320.0,C,46.0,47.0,46.5,49.854,0.791737,0.004903,-0.240581,0.336524,39,358.97,11,44,0.0
TSLA,2026-09-14,2026-10-23,325.0,C,41.65,43.4,42.525,49.7808,0.763664,0.005277,-0.255648,0.361715,39,358.97,4,24,0.0
TSLA,2026-09-14,2026-10-23,330.0,C,38.45,39.3,38.875,48.0413,0.739281,0.005762,-0.259053,0.38115,39,358.97,1,30,0.0
TSLA,2026-09-14,2026-10-23,335.0,C,35.0,35.8,35.4,47.5164,0.708727,0.006152,-0.268682,0.402482,39,358.97,58,54,0.0
TSLA,2026-09-14,2026-10-23,340.0,C,31.75,32.35,32.05,46.7413,0.676978,0.006546,-0.275085,0.421262,39,358.97,131,50,0.0
TSLA,2026-09-14,2026-10-23,345.0,C,28.55,29.35,28.95,46.6253,0.642161,0.006824,-0.283487,0.438072,39,358.97,16,36,0.0
TSLA,2026-09-14,2026-10-23,350.0,C,25.75,26.25,26.0,45.899,0.607076,0.007139,-0.286087,0.451152,39,358.97,26,155,0.0
TSLA,2026-09-14,2026-10-23,355.0,C,22.95,23.75,23.35,46.0821,0.570268,0.007263,-0.291718,0.460836,39,358.97,77,118,0.0
TSLA,2026-09-14,2026-10-23,360.0,C,20.7,21.05,20.875,45.4534,0.533195,0.007454,-0.290162,0.466495,39,358.97,148,167,0.0
TSLA,2026-09-14,2026-10-23,365.0,C,18.5,18.75,18.625,45.2886,0.495968,0.007507,-0.288916,0.468093,39,358.97,87,125,0.0
TSLA,2026-09-14,2026-10-23,370.0,C,16.45,16.7,16.575,45.2703,0.459333,0.007471,-0.286215,0.465682,39,358.97,186,403,0.0
TSLA,2026-09-14,2026-10-23,375.0,C,14.55,14.8,14.675,45.2062,0.423359,0.007382,-0.281039,0.459452,39,358.97,39,177,0.0
TSLA,2026-09-14,2026-10-23,380.0,C,12.85,13.1,12.975,45.2123,0.388633,0.007225,-0.274298,0.449756,39,358.97,67,203,0.0
TSLA,2026-09-14,2026-10-23,385.0,C,11.35,11.6,11.475,45.313,0.355624,0.007006,-0.266425,0.437117,39,358.97,66,153,0.0
TSLA,2026-09-14,2026-10-23,390.0,C,10.0,10.2,10.1,45.3069,0.3237,0.006759,-0.256312,0.421627,39,358.97,95,220,0.0
TSLA,2026-09-14,2026-10-23,395.0,C,8.8,9.0,8.9,45.4473,0.294165,0.006462,-0.245984,0.404333,39,358.97,57,104,0.0
TSLA,2026-09-14,2026-10-23,400.0,C,7.7,7.9,7.8,45.5267,0.266123,0.006145,-0.234242,0.385163,39,358.97,671,854,0.0
TSLA,2026-09-14,2026-10-23,405.0,C,6.75,6.95,6.85,45.6915,0.240416,0.005804,-0.222426,0.365122,39,358.97,19,251,0.0
TSLA,2026-09-14,2026-10-23,410.0,C,6.0,6.1,6.05,45.844,0.21652,0.005454,-0.210046,0.344257,39,358.97,54,251,0.0
TSLA,2026-09-14,2026-10-23,415.0,C,5.2,5.4,5.3,46.1614,0.195472,0.005098,-0.198716,0.323991,39,358.97,38,111,0.0
TSLA,2026-09-14,2026-10-23,420.0,C,4.55,4.75,4.65,46.3873,0.175674,0.004747,-0.186601,0.30321,39,358.97,73,362,0.0
TSLA,2026-09-14,2026-10-23,425.0,C,4.0,4.15,4.075,46.5215,0.157046,0.004403,-0.173838,0.282033,39,358.97,39,387,0.0
TSLA,2026-09-14,2026-10-23,430.0,C,3.55,3.7,3.625,46.961,0.141857,0.004075,-0.163739,0.263515,39,358.97,42,187,0.0
TSLA,2026-09-14,2026-10-23,435.0,C,3.1,3.25,3.175,47.1868,0.126914,0.003757,-0.152241,0.244121,39,358.97,80,180,0.0
TSLA,2026-09-14,2026-10-23,440.0,C,2.77,2.87,2.82,47.4859,0.113799,0.003458,-0.141718,0.226063,39,358.97,74,253,0.0
TSLA,2026-09-14,2026-10-23,445.0,C,2.47,2.55,2.51,47.8521,0.102331,0.003178,-0.132158,0.209416,39,358.97,63,113,0.0
TSLA,2026-09-14,2026-10-23,450.0,C,2.2,2.25,2.225,48.1328,0.091581,0.002913,-0.122415,0.193026,39,358.97,249,238,0.0
TSLA,2026-09-14,2026-10-23,455.0,C,1.97,2.05,2.01,48.7676,0.083637,0.002687,-0.115799,0.18039,39,358.97,34,60,0.0
TSLA,2026-09-14,2026-10-23,460.0,C,1.76,1.84,1.8,49.2071,0.075615,0.002467,-0.108169,0.167138,39,358.97,73,178,0.0
TSLA,2026-09-14,2026-10-23,465.0,C,1.59,1.66,1.625,49.6953,0.068632,0.002268,-0.10134,0.155172,39,358.97,31,166,0.0
TSLA,2026-09-14,2026-10-23,470.0,C,1.42,1.51,1.465,50.2446,0.06262,0.002089,-0.095358,0.144524,39,358.97,52,106,0.0
TSLA,2026-09-14,2026-10-23,475.0,C,1.3,1.38,1.34,50.5254,0.056167,0.001908,-0.087996,0.132713,39,358.97,13,40,0.0
TSLA,2026-09-14,2026-10-23,480.0,C,1.19,1.26,1.225,51.0869,0.051423,0.001759,-0.082912,0.123753,39,358.97,12,130,0.0
TSLA,2026-09-14,2026-10-23,485.0,C,1.08,1.15,1.115,51.5874,0.046946,0.00162,-0.077803,0.115071,39,358.97,17,31,0.0
TSLA,2026-09-14,2026-10-23,490.0,C,1.02,1.05,1.035,52.2466,0.043449,0.001503,-0.073994,0.108122,39,358.97,23,9,0.0
TSLA,2026-09-14,2026-10-23,495.0,C,0.91,0.98,0.945,52.7348,0.039762,0.001386,-0.069471,0.100628,39,358.97,4,62,0.0
TSLA,2026-09-14,2026-10-23,500.0,C,0.84,0.91,0.875,53.3208,0.036732,0.001285,-0.065811,0.094328,39,358.97,19,157,0.0
TSLA,2026-09-14,2026-10-23,505.0,C,0.78,0.85,0.815,53.9555,0.034134,0.001196,-0.062675,0.088821,39,358.97,1,30,0.0
TSLA,2026-09-14,2026-10-23,510.0,C,0.72,0.79,0.755,54.5171,0.03159,0.00111,-0.059384,0.083328,39,358.97,0,7,0.0
TSLA,2026-09-14,2026-10-23,515.0,C,0.67,0.74,0.705,55.1274,0.029412,0.001035,-0.056573,0.07854,39,358.97,0,6,0.0
TSLA,2026-09-14,2026-10-23,520.0,C,0.63,0.69,0.66,55.7377,0.027438,0.000966,-0.053963,0.074127,39,358.97,6,2,0.0
TSLA,2026-09-14,2026-10-23,530.0,C,0.55,0.61,0.58,56.934,0.023964,0.000844,-0.049177,0.066186,39,358.97,0,3,0.0
TSLA,2026-09-14,2026-10-23,535.0,C,0.52,0.58,0.55,57.6176,0.022633,0.000795,-0.047413,0.063078,39,358.97,1,14,0.0
TSLA,2026-09-14,2026-10-23,540.0,C,0.48,0.54,0.51,58.0571,0.020945,0.000739,-0.044733,0.059081,39,358.97,16,50,0.0
TSLA,2026-09-14,2026-10-23,545.0,C,0.46,0.51,0.485,58.7162,0.019812,0.000697,-0.043143,0.056361,39,358.97,1,2,0.0
TSLA,2026-09-14,2026-10-23,550.0,C,0.43,0.49,0.46,59.3266,0.01869,0.000657,-0.041471,0.053637,39,358.97,100,109,0.0
TSLA,2026-09-14,2026-10-23,555.0,C,0.4,0.46,0.43,59.8149,0.01746,0.000615,-0.039443,0.050612,39,358.97,0,2,0.0
TSLA,2026-09-14,2026-10-23,580.0,C,0.31,0.36,0.335,62.7445,0.013337,0.000465,-0.032784,0.040157,39,358.97,1,2,0.0
TSLA,2026-09-14,2026-10-23,585.0,C,0.29,0.35,0.32,63.2816,0.012636,0.00044,-0.031551,0.038328,39,358.97,0,2,0.0
TSLA,2026-09-14,2026-10-23,600.0,C,0.25,0.31,0.28,64.9906,0.010952,0.000378,-0.028601,0.033852,39,358.97,1,6,0.0
TSLA,2026-09-14,2026-10-23,605.0,C,0.24,0.29,0.265,65.43,0.010333,0.000357,-0.027368,0.032181,39,358.97,0,2,0.0
TSLA,2026-09-14,2026-10-23,610.0,C,0.23,0.28,0.255,66.016,0.009911,0.000341,-0.026619,0.03103,39,358.97,25,1,0.0
TSLA,2026-09-14,2026-10-23,615.0,C,0.22,0.27,0.245,66.5531,0.009471,0.000325,-0.025787,0.029822,39,358.97,3,42,0.0
TSLA,2026-09-14,2026-10-23,100.0,P,0.0,0.15,0.075,139.8441,-0.001208,2.4e-05,-0.008369,0.004698,39,358.97,15,11,0.0
TSLA,2026-09-14,2026-10-23,110.0,P,0.01,0.13,0.07,128.9066,-0.001232,2.7e-05,-0.007854,0.004785,39,358.97,44,5,0.0
TSLA,2026-09-14,2026-10-23,120.0,P,0.01,0.16,0.085,122.266,-0.001578,3.6e-05,-0.009333,0.005998,39,358.97,14,6,0.0
TSLA,2026-09-14,2026-10-23,130.0,P,0.01,0.34,0.175,122.8519,-0.003067,6.5e-05,-0.017113,0.010951,39,358.97,14,15,0.0
TSLA,2026-09-14,2026-10-23,140.0,P,0.05,0.13,0.09,106.4458,-0.001913,4.9e-05,-0.009667,0.007144,39,358.97,20,92,0.0
TSLA,2026-09-14,2026-10-23,150.0,P,0.02,0.18,0.1,100.0005,-0.002215,5.9e-05,-0.010369,0.008162,39,358.97,1,49,0.0
TSLA,2026-09-14,2026-10-23,160.0,P,0.05,0.26,0.155,97.7539,-0.003448,9e-05,-0.015103,0.012169,39,358.97,2,73,0.0
TSLA,2026-09-14,2026-10-23,170.0,P,0.07,0.31,0.19,93.0665,-0.004359,0.000117,-0.017727,0.015014,39,358.97,3,12,0.0
TSLA,2026-09-14,2026-10-23,180.0,P,0.06,0.35,0.205,87.3048,-0.004994,0.000141,-0.018759,0.016949,39,358.97,1,5,0.0
TSLA,2026-09-14,2026-10-23,190.0,P,0.2,0.26,0.23,82.1291,-0.005872,0.000173,-0.020361,0.019573,39,358.97,9,15,0.0
TSLA,2026-09-14,2026-10-23,200.0,P,0.25,0.31,0.28,78.0276,-0.007398,0.000223,-0.023705,0.024009,39,358.97,4,46,0.0
TSLA,2026-09-14,2026-10-23,210.0,P,0.3,0.36,0.33,73.7796,-0.009111,0.000284,-0.026886,0.028829,39,358.97,1,55,0.0
TSLA,2026-09-14,2026-10-23,220.0,P,0.36,0.43,0.395,69.7757,-0.01133,0.000363,-0.030714,0.034866,39,358.97,6,49,0.0
TSLA,2026-09-14,2026-10-23,230.0,P,0.44,0.51,0.475,65.9183,-0.014146,0.000466,-0.035114,0.04225,39,358.97,2,9,0.0
TSLA,2026-09-14,2026-10-23,235.0,P,0.49,0.55,0.52,63.9896,-0.015773,0.000527,-0.037404,0.046397,39,358.97,1,8,0.0
TSLA,2026-09-14,2026-10-23,240.0,P,0.54,0.59,0.565,62.0121,-0.017505,0.000594,-0.039595,0.050723,39,358.97,0,3,0.0
TSLA,2026-09-14,2026-10-23,250.0,P,0.67,0.74,0.705,58.6674,-0.022518,0.000778,-0.046302,0.062807,39,358.97,8,72,0.0
TSLA,2026-09-14,2026-10-23,255.0,P,0.75,0.82,0.785,56.9829,-0.025489,0.000888,-0.049859,0.0697,39,358.97,5,2,0.0
TSLA,2026-09-14,2026-10-23,260.0,P,0.85,0.92,0.885,55.4204,-0.029091,0.00102,-0.054087,0.077826,39,358.97,4,250,0.0
TSLA,2026-09-14,2026-10-23,265.0,P,0.96,1.04,1.0,53.8823,-0.033242,0.001171,-0.058653,0.086906,39,358.97,3,17,0.0
TSLA,2026-09-14,2026-10-23,270.0,P,1.1,1.18,1.14,52.4663,-0.038281,0.001351,-0.064035,0.097563,39,358.97,14,48,0.0
TSLA,2026-09-14,2026-10-23,275.0,P,1.26,1.35,1.305,51.0991,-0.044191,0.001558,-0.069971,0.109608,39,358.97,3,71,0.0
TSLA,2026-09-14,2026-10-23,280.0,P,1.46,1.55,1.505,50.147,-0.052264,0.001816,-0.078424,0.12536,39,358.97,54,53,0.0
TSLA,2026-09-14,2026-10-23,285.0,P,1.71,1.8,1.755,48.9629,-0.060807,0.002095,-0.086138,0.141247,39,358.97,81,114,0.0
TSLA,2026-09-14,2026-10-23,290.0,P,2.01,2.1,2.055,47.8521,-0.070901,0.002415,-0.094663,0.159106,39,358.97,11,248,0.0
TSLA,2026-09-14,2026-10-23,295.0,P,2.37,2.48,2.425,46.9244,-0.083233,0.002782,-0.104665,0.179734,39,358.97,41,121,0.0
TSLA,2026-09-14,2026-10-23,300.0,P,2.82,2.9,2.86,45.8868,-0.096894,0.003185,-0.114348,0.201226,39,358.97,97,289,0.0
TSLA,2026-09-14,2026-10-23,305.0,P,3.35,3.5,3.425,45.3375,-0.11471,0.003642,-0.127366,0.22735,39,358.97,80,97,0.0
TSLA,2026-09-14,2026-10-23,310.0,P,4.0,4.15,4.075,44.605,-0.134006,0.004127,-0.13936,0.253476,39,358.97,15,171,0.0
TSLA,2026-09-14,2026-10-23,315.0,P,4.75,4.95,4.85,44.0435,-0.156538,0.004641,-0.152367,0.281431,39,358.97,19,130,0.0
TSLA,2026-09-14,2026-10-23,320.0,P,5.7,5.9,5.8,43.5675,-0.182027,0.005169,-0.165562,0.310067,39,358.97,59,232,0.0
TSLA,2026-09-14,2026-10-23,325.0,P,6.8,7.0,6.9,43.128,-0.210267,0.005699,-0.17829,0.338427,39,358.97,44,146,0.0
TSLA,2026-09-14,2026-10-23,330.0,P,8.05,8.25,8.15,42.6825,-0.241025,0.006222,-0.189922,0.365624,39,358.97,113,262,0.0
TSLA,2026-09-14,2026-10-23,335.0,P,9.5,9.75,9.625,42.4505,-0.275014,0.006699,-0.201469,0.391539,39,358.97,61,165,0.0
TSLA,2026-09-14,2026-10-23,340.0,P,11.15,11.4,11.275,42.1454,-0.310828,0.007142,-0.210758,0.414447,39,358.97,51,210,0.0
TSLA,2026-09-14,2026-10-23,345.0,P,13.05,13.3,13.175,41.9775,-0.34881,0.007511,-0.218768,0.434084,39,358.97,34,109,0.0
TSLA,2026-09-14,2026-10-23,350.0,P,15.1,15.35,15.225,41.709,-0.387968,0.007828,-0.223807,0.449535,39,358.97,60,216,0.0
TSLA,2026-09-14,2026-10-23,355.0,P,17.4,17.7,17.55,41.6571,-0.428328,0.00803,-0.227579,0.460542,39,358.97,78,288,0.0
TSLA,2026-09-14,2026-10-23,360.0,P,19.95,20.25,20.1,41.596,-0.46898,0.008149,-0.228664,0.466701,39,358.97,252,719,0.0
TSLA,2026-09-14,2026-10-23,365.0,P,22.65,23.05,22.85,41.6449,-0.509344,0.008162,-0.227787,0.467988,39,358.97,72,247,0.0
TSLA,2026-09-14,2026-10-23,370.0,P,25.55,26.0,25.775,41.596,-0.549214,0.008111,-0.223807,0.46455,39,358.97,62,298,0.0
TSLA,2026-09-14,2026-10-23,375.0,P,28.65,29.1,28.875,41.4648,-0.588439,0.007997,-0.216936,0.456567,39,358.97,6,52,0.0
TSLA,2026-09-14,2026-10-23,380.0,P,31.95,32.55,32.25,41.709,-0.624976,0.007748,-0.210377,0.444954,39,358.97,10,68,0.0
TSLA,2026-09-14,2026-10-23,385.0,P,35.4,36.2,35.8,42.0416,-0.659132,0.007435,-0.202701,0.430363,39,358.97,13,14,0.0
TSLA,2026-09-14,2026-10-23,390.0,P,38.55,40.05,39.3,42.4994,-0.690431,0.00707,-0.194535,0.413715,39,358.97,4,34,0.0
TSLA,2026-09-14,2026-10-23,395.0,P,42.35,44.15,43.25,43.2653,-0.717647,0.006658,-0.18761,0.396591,39,358.97,2,24,0.0
TSLA,2026-09-14,2026-10-23,400.0,P,46.7,47.55,47.125,41.8768,-0.755364,0.006392,-0.16369,0.368579,39,358.97,8,37,0.0
TSLA,2026-09-14,2026-10-23,405.0,P,50.4,51.85,51.125,42.536,-0.778744,0.005952,-0.154529,0.348569,39,358.97,24,33,0.0
TSLA,2026-09-14,2026-10-23,410.0,P,54.65,56.3,55.475,43.3905,-0.798586,0.005522,-0.146718,0.329898,39,358.97,1,4,0.0
TSLA,2026-09-14,2026-10-23,415.0,P,58.8,60.6,59.7,43.543,-0.820772,0.005122,-0.133301,0.307068,39,358.97,1,23,0.0
TSLA,2026-09-14,2026-10-23,420.0,P,63.2,64.95,64.075,43.5736,-0.841744,0.004725,-0.118955,0.283458,39,358.97,2,6,0.0
TSLA,2026-09-14,2026-10-23,425.0,P,67.7,69.45,68.575,43.8543,-0.859233,0.004341,-0.106831,0.26214,39,358.97,3,9,0.0
TSLA,2026-09-14,2026-10-23,440.0,P,78.8,86.05,82.425,55.8659,-0.841403,0.00369,-0.161666,0.283859,39,358.97,0,36,0.0
TSLA,2026-09-14,2026-10-23,450.0,P,88.2,95.5,91.85,57.819,-0.859725,0.003285,-0.150492,0.261519,39,358.97,0,6,0.0
TSLA,2026-09-14,2026-10-23,495.0,P,132.05,140.05,136.05,71.6372,-0.891983,0.002208,-0.15062,0.217774,39,358.97,0,0,0.0
TSLA,2026-09-14,2026-10-30,50.0,C,306.15,313.95,310.05,277.2464,0.993789,5e-05,-0.07234,0.02234,46,358.97,0,1,0.0
TSLA,2026-09-14,2026-10-30,255.0,C,102.75,110.3,106.525,67.1634,0.942289,0.00135,-0.132363,0.147242,46,358.97,0,6,0.0
TSLA,2026-09-14,2026-10-30,310.0,C,54.55,57.35,55.95,50.0493,0.826959,0.004013,-0.203296,0.326154,46,358.97,0,1,0.0
TSLA,2026-09-14,2026-10-30,315.0,C,50.45,53.35,51.9,53.1621,0.79189,0.004231,-0.235896,0.365321,46,358.97,0,1,0.0
TSLA,2026-09-14,2026-10-30,320.0,C,47.25,48.6,47.925,50.1287,0.77715,0.004669,-0.231853,0.380116,46,358.97,5,5,0.0
TSLA,2026-09-14,2026-10-30,330.0,C,39.95,41.3,40.625,48.9446,0.725647,0.005343,-0.249494,0.424723,46,358.97,4,1,0.0
TSLA,2026-09-14,2026-10-30,335.0,C,37.0,37.9,37.45,48.4655,0.697253,0.005653,-0.257187,0.444906,46,358.97,5,2,0.0
TSLA,2026-09-14,2026-10-30,340.0,C,33.65,34.65,34.15,47.9986,0.667467,0.005939,-0.263527,0.462915,46,358.97,3,12,0.0
TSLA,2026-09-14,2026-10-30,350.0,C,27.9,28.7,28.3,47.2448,0.604229,0.006399,-0.272332,0.490943,46,358.97,14,6,0.0
TSLA,2026-09-14,2026-10-30,355.0,C,24.75,26.15,25.45,47.2356,0.571321,0.006521,-0.276067,0.500248,46,358.97,37,3,0.0
TSLA,2026-09-14,2026-10-30,360.0,C,22.65,23.4,23.025,46.5124,0.537939,0.0067,-0.274099,0.506094,46,358.97,121,11,0.0
TSLA,2026-09-14,2026-10-30,365.0,C,20.5,21.15,20.825,46.4513,0.50459,0.006739,-0.273865,0.508361,46,358.97,186,48,0.0
TSLA,2026-09-14,2026-10-30,370.0,C,18.5,19.0,18.75,46.2682,0.471327,0.006749,-0.271159,0.507081,46,358.97,32,50,0.0
TSLA,2026-09-14,2026-10-30,375.0,C,16.4,17.1,16.75,46.2682,0.438941,0.006687,-0.267776,0.502428,46,358.97,34,64,0.0
TSLA,2026-09-14,2026-10-30,380.0,C,14.6,15.35,14.975,46.2652,0.407368,0.006583,-0.262808,0.494627,46,358.97,40,21,0.0
TSLA,2026-09-14,2026-10-30,385.0,C,13.3,13.75,13.525,46.2743,0.376831,0.00644,-0.25649,0.483967,46,358.97,70,15,0.0
TSLA,2026-09-14,2026-10-30,390.0,C,11.65,12.3,11.975,46.311,0.347558,0.00626,-0.249087,0.470811,46,358.97,18,140,0.0
TSLA,2026-09-14,2026-10-30,395.0,C,10.3,10.9,10.6,46.1736,0.318716,0.006067,-0.239466,0.454955,46,358.97,15,22,0.0
TSLA,2026-09-14,2026-10-30,400.0,C,9.4,9.9,9.65,46.6619,0.294402,0.005797,-0.233103,0.439285,46,358.97,247,89,0.0
TSLA,2026-09-14,2026-10-30,405.0,C,8.35,8.75,8.55,46.5612,0.268534,0.005557,-0.222094,0.420211,46,358.97,31,55,0.0
TSLA,2026-09-14,2026-10-30,410.0,C,7.25,7.85,7.55,46.8084,0.246055,0.005282,-0.212953,0.401538,46,358.97,192,19,0.0
TSLA,2026-09-14,2026-10-30,415.0,C,6.4,6.85,6.625,46.5582,0.222172,0.005019,-0.199872,0.379456,46,358.97,10,12,0.0
TSLA,2026-09-14,2026-10-30,420.0,C,5.9,6.2,6.05,47.0037,0.203885,0.004728,-0.191595,0.360903,46,358.97,31,19,0.0
TSLA,2026-09-14,2026-10-30,425.0,C,5.05,5.6,5.325,47.4004,0.186781,0.004445,-0.182915,0.34219,46,358.97,24,3,0.0
TSLA,2026-09-14,2026-10-30,430.0,C,4.75,4.9,4.825,47.2906,0.168038,0.004168,-0.170496,0.320085,46,358.97,35,28,0.0
TSLA,2026-09-14,2026-10-30,435.0,C,4.0,4.5,4.25,47.9314,0.155108,0.003903,-0.163787,0.303803,46,358.97,37,12,0.0
TSLA,2026-09-14,2026-10-30,440.0,C,3.6,4.0,3.8,48.0779,0.140491,0.003641,-0.153577,0.284317,46,358.97,27,44,0.0
TSLA,2026-09-14,2026-10-30,445.0,C,3.2,3.6,3.4,48.4014,0.128077,0.003394,-0.144931,0.266812,46,358.97,6,5,0.0
TSLA,2026-09-14,2026-10-30,450.0,C,2.88,3.2,3.04,48.5601,0.115835,0.003153,-0.135365,0.24863,46,358.97,11,16,0.0
TSLA,2026-09-14,2026-10-30,455.0,C,2.67,2.92,2.795,49.0423,0.106368,0.002937,-0.128483,0.233903,46,358.97,2,1,0.0
TSLA,2026-09-14,2026-10-30,460.0,C,2.24,2.65,2.445,49.439,0.097325,0.002731,-0.121299,0.219253,46,358.97,14,2,0.0
TSLA,2026-09-14,2026-10-30,465.0,C,2.04,2.4,2.22,49.8052,0.088949,0.002536,-0.114236,0.205143,46,358.97,4,6,0.0
TSLA,2026-09-14,2026-10-30,480.0,C,1.53,1.76,1.645,50.6841,0.067164,0.002014,-0.093712,0.165733,46,358.97,25,1,0.0
TSLA,2026-09-14,2026-10-30,490.0,C,1.33,1.54,1.435,51.2578,0.055717,0.001721,-0.081795,0.143219,46,358.97,28,6,0.0
TSLA,2026-09-14,2026-10-30,495.0,C,1.12,1.44,1.28,51.4165,0.050303,0.001582,-0.075616,0.132066,46,358.97,0,12,0.0
TSLA,2026-09-14,2026-10-30,500.0,C,1.15,1.3,1.225,52.2344,0.047704,0.001492,-0.073584,0.126586,46,358.97,36,13,0.0
TSLA,2026-09-14,2026-10-30,505.0,C,0.94,1.24,1.09,52.3442,0.042972,0.001369,-0.067762,0.116383,46,358.97,0,4,0.0
TSLA,2026-09-14,2026-10-30,515.0,C,0.8,1.08,0.94,53.3208,0.037058,0.001192,-0.061137,0.103187,46,358.97,0,10,0.0
TSLA,2026-09-14,2026-10-30,535.0,C,0.62,0.85,0.735,55.5424,0.028719,0.000927,-0.051518,0.083624,46,358.97,40,1,0.0
TSLA,2026-09-14,2026-10-30,540.0,C,0.62,0.8,0.71,56.2993,0.027537,0.000883,-0.050403,0.080748,46,358.97,0,1,0.0
TSLA,2026-09-14,2026-10-30,570.0,C,0.36,0.6,0.48,58.8871,0.018597,0.000607,-0.037795,0.058002,46,358.97,0,2,0.0
TSLA,2026-09-14,2026-10-30,590.0,C,0.28,0.51,0.395,60.8891,0.015091,0.000491,-0.03265,0.048513,46,358.97,1,24,0.0
TSLA,2026-09-14,2026-10-30,600.0,C,0.25,0.47,0.36,61.8656,0.013673,0.000444,-0.030455,0.044559,46,358.97,0,27,0.0
TSLA,2026-09-14,2026-10-30,610.0,C,0.28,0.44,0.36,63.5258,0.013333,0.000423,-0.030586,0.043603,46,358.97,4,55,0.0
TSLA,2026-09-14,2026-10-30,100.0,P,0.01,0.13,0.07,128.1254,-0.001151,2.3e-05,-0.006748,0.004882,46,358.97,8,13,0.0
TSLA,2026-09-14,2026-10-30,110.0,P,0.01,0.17,0.09,122.0707,-0.001551,3.2e-05,-0.008439,0.006411,46,358.97,7,1,0.0
TSLA,2026-09-14,2026-10-30,120.0,P,0.01,0.2,0.105,115.2348,-0.001895,4.1e-05,-0.009552,0.007692,46,358.97,2,1,0.0
TSLA,2026-09-14,2026-10-30,130.0,P,0.04,0.2,0.12,108.7895,-0.002285,5.2e-05,-0.010681,0.009117,46,358.97,13,6,0.0
TSLA,2026-09-14,2026-10-30,140.0,P,0.02,0.11,0.065,94.9219,-0.001453,3.9e-05,-0.006171,0.006041,46,358.97,22,20,0.0
TSLA,2026-09-14,2026-10-30,260.0,P,0.96,1.15,1.055,52.8569,-0.03294,0.001091,-0.052446,0.093678,46,358.97,12,11,0.0
TSLA,2026-09-14,2026-10-30,275.0,P,1.48,1.88,1.68,51.1602,-0.056451,0.001742,-0.078102,0.144704,46,358.97,0,1,0.0
TSLA,2026-09-14,2026-10-30,280.0,P,1.74,2.16,1.95,50.0493,-0.064877,0.001985,-0.085054,0.161344,46,358.97,11,248,0.0
TSLA,2026-09-14,2026-10-30,285.0,P,2.05,2.44,2.245,48.7554,-0.073758,0.002249,-0.091296,0.178106,46,358.97,25,5,0.0
TSLA,2026-09-14,2026-10-30,295.0,P,2.88,3.35,3.115,47.1807,-0.099374,0.002906,-0.109996,0.222624,46,358.97,45,5,0.0
TSLA,2026-09-14,2026-10-30,300.0,P,3.6,3.75,3.675,45.7952,-0.112063,0.003265,-0.116173,0.242834,46,358.97,127,116,0.0
TSLA,2026-09-14,2026-10-30,305.0,P,4.1,4.6,4.35,45.8135,-0.13273,0.003676,-0.130597,0.27348,46,358.97,81,3,0.0
TSLA,2026-09-14,2026-10-30,310.0,P,4.9,5.4,5.15,45.2642,-0.152932,0.004094,-0.14163,0.300976,46,358.97,91,423,0.0
TSLA,2026-09-14,2026-10-30,315.0,P,5.9,6.35,6.125,44.8309,-0.175731,0.004524,-0.153068,0.329367,46,358.97,60,398,0.0
TSLA,2026-09-14,2026-10-30,320.0,P,6.85,7.45,7.15,44.4647,-0.200915,0.004954,-0.164389,0.357751,46,358.97,61,76,0.0
TSLA,2026-09-14,2026-10-30,325.0,P,8.15,8.45,8.3,43.5003,-0.2257,0.00542,-0.171454,0.382868,46,358.97,8,40,0.0
TSLA,2026-09-14,2026-10-30,330.0,P,9.55,10.0,9.775,43.5553,-0.256689,0.005805,-0.183463,0.41062,46,358.97,27,28,0.0
TSLA,2026-09-14,2026-10-30,335.0,P,11.1,11.55,11.325,43.2196,-0.287925,0.006194,-0.19193,0.434746,46,358.97,9,17,0.0
TSLA,2026-09-14,2026-10-30,340.0,P,12.85,13.35,13.1,43.067,-0.321325,0.006527,-0.199919,0.45651,46,358.97,21,20,0.0
TSLA,2026-09-14,2026-10-30,345.0,P,14.8,15.35,15.075,42.9602,-0.356047,0.006807,-0.206438,0.474926,46,358.97,32,3,0.0
TSLA,2026-09-14,2026-10-30,350.0,P,17.0,17.4,17.2,42.5909,-0.391364,0.007076,-0.209665,0.489426,46,358.97,154,31,0.0
TSLA,2026-09-14,2026-10-30,355.0,P,19.0,19.9,19.45,42.7588,-0.427858,0.007201,-0.213827,0.500059,46,358.97,9,6,0.0
TSLA,2026-09-14,2026-10-30,360.0,P,21.85,22.3,22.075,42.3712,-0.464489,0.007359,-0.212963,0.506379,46,358.97,96,18,0.0
TSLA,2026-09-14,2026-10-30,365.0,P,24.55,25.05,24.8,42.3132,-0.501108,0.007398,-0.211865,0.508392,46,358.97,54,57,0.0
TSLA,2026-09-14,2026-10-30,375.0,P,30.4,31.55,30.975,43.1463,-0.569954,0.007144,-0.209446,0.500558,46,358.97,4,2,0.0
TSLA,2026-09-14,2026-10-30,380.0,P,33.75,34.55,34.15,42.5726,-0.605774,0.007093,-0.19993,0.490419,46,358.97,9,3,0.0
TSLA,2026-09-14,2026-10-30,385.0,P,36.95,38.15,37.55,42.9022,-0.637177,0.006861,-0.194316,0.478035,46,358.97,1,1,0.0
TSLA,2026-09-14,2026-10-30,390.0,P,40.45,41.65,41.05,42.7221,-0.669351,0.006657,-0.184258,0.46187,46,358.97,11,3,0.0
TSLA,2026-09-14,2026-10-30,395.0,P,44.25,45.4,44.825,42.7801,-0.698887,0.006388,-0.174618,0.443826,46,358.97,7,2,0.0
TSLA,2026-09-14,2026-10-30,400.0,P,48.05,49.15,48.6,42.536,-0.728527,0.006116,-0.162039,0.422506,46,358.97,3,1,0.0
TSLA,2026-09-14,2026-10-30,410.0,P,56.05,57.2,56.625,42.4933,-0.780184,0.005465,-0.138037,0.377148,46,358.97,1,1,0.0
TSLA,2026-09-14,2026-10-30,415.0,P,59.85,62.25,61.05,44.8828,-0.787996,0.005067,-0.143172,0.369321,46,358.97,1,2,0.0
TSLA,2026-09-14,2026-10-30,420.0,P,64.4,65.75,65.075,42.7191,-0.822992,0.004769,-0.11491,0.330879,46,358.97,8,1,0.0
TSLA,2026-09-14,2026-10-30,475.0,P,112.55,120.45,116.5,61.5604,-0.874847,0.002626,-0.129093,0.262555,46,358.97,0,3,0.0
TSLA,2026-09-14,2026-11-20,20.0,C,335.55,344.15,339.85,336.6213,0.996816,1.9e-05,-0.039219,0.014845,67,358.97,1,2,0.0
TSLA,2026-09-14,2026-11-20,25.0,C,330.55,339.05,334.8,304.4924,0.996535,2.2e-05,-0.038862,0.016021,67,358.97,20,7,0.0
TSLA,2026-09-14,2026-11-20,30.0,C,325.65,334.0,329.825,283.1058,0.996078,2.7e-05,-0.040794,0.017901,67,358.97,44,44,0.0
TSLA,2026-09-14,2026-11-20,70.0,C,285.9,294.15,290.025,190.0391,0.992319,7.2e-05,-0.053216,0.032525,67,358.97,0,4,0.0
TSLA,2026-09-14,2026-11-20,95.0,C,253.75,257.45,255.6,0.001,1.0,0.0,-0.010168,0.0,67,358.97,8,3,0.0
TSLA,2026-09-14,2026-11-20,100.0,C,256.1,264.05,260.075,150.7327,0.989642,0.000119,-0.057737,0.042267,67,358.97,1,153,0.0
TSLA,2026-09-14,2026-11-20,110.0,C,246.4,254.15,250.275,143.9456,0.987386,0.000147,-0.065038,0.05016,67,358.97,1,141,0.0
TSLA,2026-09-14,2026-11-20,130.0,C,226.45,234.4,230.425,127.2465,0.984179,0.000203,-0.071054,0.060969,67,358.97,3,91,0.0
TSLA,2026-09-14,2026-11-20,140.0,C,209.45,213.1,211.275,0.001,1.0,0.0,-0.014985,0.0,67,358.97,1,89,0.0
TSLA,2026-09-14,2026-11-20,150.0,C,206.85,214.65,210.75,114.9174,0.978982,0.000286,-0.08167,0.077666,67,358.97,1,121,0.0
TSLA,2026-09-14,2026-11-20,155.0,C,201.8,209.7,205.75,111.0112,0.978242,0.000305,-0.081822,0.07997,67,358.97,1,133,0.0
TSLA,2026-09-14,2026-11-20,160.0,C,197.0,204.8,200.9,108.9116,0.976178,0.000335,-0.086169,0.086318,67,358.97,1,278,0.0
TSLA,2026-09-14,2026-11-20,165.0,C,191.9,199.85,195.875,104.9565,0.97555,0.000355,-0.085628,0.088225,67,358.97,1,10,0.0
TSLA,2026-09-14,2026-11-20,170.0,C,187.0,194.9,190.95,102.1245,0.974025,0.000384,-0.08773,0.092814,67,358.97,4,40,0.0
TSLA,2026-09-14,2026-11-20,175.0,C,182.15,189.95,186.05,99.6094,0.972176,0.000417,-0.090517,0.098297,67,358.97,1,17,0.0
TSLA,2026-09-14,2026-11-20,185.0,C,172.35,180.1,176.225,94.3726,0.968521,0.000488,-0.095055,0.108901,67,358.97,1,36,0.0
TSLA,2026-09-14,2026-11-20,190.0,C,167.3,175.2,171.25,91.2843,0.967171,0.000522,-0.095642,0.112741,67,358.97,1,88,0.0
TSLA,2026-09-14,2026-11-20,195.0,C,162.5,170.25,166.375,89.0626,0.964771,0.000567,-0.098679,0.119476,67,358.97,3,32,0.0
TSLA,2026-09-14,2026-11-20,200.0,C,157.6,165.35,161.475,86.6456,0.962521,0.000613,-0.100979,0.125688,67,358.97,1,85,0.0
TSLA,2026-09-14,2026-11-20,210.0,C,147.75,155.55,151.65,81.6896,0.957959,0.000714,-0.104708,0.137993,67,358.97,1,46,0.0
TSLA,2026-09-14,2026-11-20,220.0,C,137.9,145.45,141.675,75.8669,0.954585,0.000818,-0.104671,0.146861,67,358.97,2,69,0.0
TSLA,2026-09-14,2026-11-20,225.0,C,133.75,140.6,137.175,75.9524,0.947431,0.000919,-0.115294,0.165071,67,358.97,1,63,0.0
TSLA,2026-09-14,2026-11-20,230.0,C,130.45,133.7,132.075,72.449,0.946586,0.000976,-0.112628,0.167172,67,358.97,1,137,0.0
TSLA,2026-09-14,2026-11-20,235.0,C,124.75,130.9,127.825,73.4805,0.936502,0.001102,-0.127322,0.191496,67,358.97,1,90,0.0
TSLA,2026-09-14,2026-11-20,240.0,C,118.7,125.85,122.275,67.8226,0.940105,0.00114,-0.115646,0.182958,67,358.97,10,248,0.0
TSLA,2026-09-14,2026-11-20,245.0,C,116.05,118.9,117.475,66.0099,0.935441,0.001242,-0.118934,0.193977,67,358.97,2,64,0.0
TSLA,2026-09-14,2026-11-20,250.0,C,111.35,114.0,112.675,64.1605,0.930537,0.001353,-0.121994,0.20528,67,358.97,4,215,0.0
TSLA,2026-09-14,2026-11-20,255.0,C,105.25,110.6,107.925,62.4882,0.924809,0.001476,-0.125715,0.218132,67,358.97,1,90,0.0
TSLA,2026-09-14,2026-11-20,260.0,C,102.2,104.2,103.2,60.8585,0.918514,0.001611,-0.129554,0.231845,67,358.97,1,144,0.0
TSLA,2026-09-14,2026-11-20,265.0,C,96.8,100.25,98.525,59.3632,0.911316,0.001759,-0.133918,0.24703,67,358.97,1,48,0.0
TSLA,2026-09-14,2026-11-20,270.0,C,92.75,95.05,93.9,57.9655,0.903217,0.001922,-0.138661,0.263525,67,358.97,3,167,0.0
TSLA,2026-09-14,2026-11-20,275.0,C,88.3,90.3,89.3,56.5556,0.894473,0.002098,-0.143283,0.280673,67,358.97,1,106,0.0
TSLA,2026-09-14,2026-11-20,280.0,C,83.8,85.6,84.7,55.0542,0.885293,0.002288,-0.14739,0.297983,67,358.97,3,90,0.0
TSLA,2026-09-14,2026-11-20,285.0,C,79.4,81.3,80.35,54.218,0.872982,0.002496,-0.154494,0.320153,67,358.97,4,94,0.0
TSLA,2026-09-14,2026-11-20,290.0,C,75.45,76.55,76.0,53.2109,0.860273,0.002716,-0.160688,0.341864,67,358.97,1,168,0.0
TSLA,2026-09-14,2026-11-20,295.0,C,71.2,72.25,71.725,52.2466,0.846366,0.002948,-0.166916,0.364342,67,358.97,7,164,0.0
TSLA,2026-09-14,2026-11-20,300.0,C,66.7,68.35,67.525,51.3188,0.831215,0.003191,-0.173093,0.387403,67,358.97,2,425,0.0
TSLA,2026-09-14,2026-11-20,305.0,C,62.65,64.3,63.475,50.5742,0.814232,0.003441,-0.17985,0.411589,67,358.97,2,546,0.0
TSLA,2026-09-14,2026-11-20,310.0,C,59.05,60.0,59.525,50.9099,0.792347,0.003657,-0.19133,0.440321,67,358.97,22,1192,0.0
TSLA,2026-09-14,2026-11-20,315.0,C,55.35,56.15,55.75,50.1714,0.773059,0.003906,-0.197255,0.463504,67,358.97,5,452,0.0
TSLA,2026-09-14,2026-11-20,320.0,C,51.65,52.45,52.05,49.5427,0.752241,0.004151,-0.203141,0.486396,67,358.97,11,1604,0.0
TSLA,2026-09-14,2026-11-20,325.0,C,48.15,48.9,48.525,48.9995,0.730036,0.004387,-0.208776,0.508491,67,358.97,10,877,0.0
TSLA,2026-09-14,2026-11-20,330.0,C,44.85,45.65,45.25,48.8042,0.705925,0.00459,-0.21525,0.529886,67,358.97,6,1322,0.0
TSLA,2026-09-14,2026-11-20,335.0,C,41.65,42.25,41.95,48.1084,0.682033,0.00482,-0.218637,0.548526,67,358.97,42,818,0.0
TSLA,2026-09-14,2026-11-20,340.0,C,38.6,39.15,38.875,47.7331,0.656546,0.00501,-0.222569,0.565696,67,358.97,47,1332,0.0
TSLA,2026-09-14,2026-11-20,345.0,C,35.7,36.25,35.975,47.4798,0.630188,0.00517,-0.226078,0.580595,67,358.97,15,554,0.0
TSLA,2026-09-14,2026-11-20,350.0,C,33.05,33.3,33.175,46.9183,0.603466,0.005342,-0.227211,0.59281,67,358.97,337,16448,0.0
TSLA,2026-09-14,2026-11-20,355.0,C,30.45,30.85,30.65,46.961,0.57604,0.005423,-0.229964,0.602384,67,358.97,18,763,0.0
TSLA,2026-09-14,2026-11-20,360.0,C,27.95,28.25,28.1,46.5368,0.548372,0.005533,-0.229586,0.609047,67,358.97,524,3716,0.0
TSLA,2026-09-14,2026-11-20,365.0,C,25.75,26.0,25.875,46.4635,0.52079,0.005575,-0.229711,0.61273,67,358.97,185,1978,0.0
TSLA,2026-09-14,2026-11-20,370.0,C,23.6,23.85,23.725,46.3323,0.493291,0.005598,-0.228543,0.613476,67,358.97,188,2415,0.0
TSLA,2026-09-14,2026-11-20,375.0,C,21.65,21.85,21.75,46.2347,0.466117,0.00559,-0.226532,0.611349,67,358.97,498,2598,0.0
TSLA,2026-09-14,2026-11-20,380.0,C,19.85,20.05,19.95,46.256,0.439696,0.005544,-0.224146,0.60654,67,358.97,818,2903,0.0
TSLA,2026-09-14,2026-11-20,385.0,C,18.1,18.35,18.225,46.2408,0.413778,0.005478,-0.220722,0.599177,67,358.97,42,2187,0.0
TSLA,2026-09-14,2026-11-20,390.0,C,16.55,16.75,16.65,46.195,0.388418,0.005394,-0.216345,0.589404,67,358.97,57,1442,0.0
TSLA,2026-09-14,2026-11-20,395.0,C,15.1,15.3,15.2,46.2103,0.364059,0.005284,-0.211556,0.577587,67,358.97,93,1213,0.0
TSLA,2026-09-14,2026-11-20,400.0,C,13.75,13.95,13.85,46.2164,0.340506,0.005158,-0.206083,0.56385,67,358.97,1441,9077,0.0
TSLA,2026-09-14,2026-11-20,405.0,C,12.55,12.75,12.65,46.314,0.318319,0.005009,-0.200561,0.548782,67,358.97,231,870,0.0
TSLA,2026-09-14,2026-11-20,410.0,C,11.45,11.6,11.525,46.3262,0.296654,0.004855,-0.194106,0.532019,67,358.97,221,2222,0.0
TSLA,2026-09-14,2026-11-20,415.0,C,10.4,10.6,10.5,46.4605,0.27665,0.004683,-0.187968,0.514689,67,358.97,113,2177,0.0
TSLA,2026-09-14,2026-11-20,420.0,C,9.5,9.65,9.575,46.5276,0.257278,0.004508,-0.181147,0.496155,67,358.97,414,2746,0.0
TSLA,2026-09-14,2026-11-20,425.0,C,8.65,8.8,8.725,46.6436,0.239205,0.004326,-0.174392,0.47725,67,358.97,227,1992,0.0
TSLA,2026-09-14,2026-11-20,430.0,C,7.85,8.05,7.95,46.8267,0.222551,0.004139,-0.167896,0.458397,67,358.97,145,2270,0.0
TSLA,2026-09-14,2026-11-20,435.0,C,7.15,7.35,7.25,46.9793,0.206705,0.003952,-0.161128,0.43913,67,358.97,10,1200,0.0
TSLA,2026-09-14,2026-11-20,440.0,C,6.55,6.7,6.625,47.1105,0.191688,0.003766,-0.154192,0.419624,67,358.97,508,1864,0.0
TSLA,2026-09-14,2026-11-20,445.0,C,5.95,6.15,6.05,47.3577,0.178323,0.003582,-0.147998,0.401195,67,358.97,19,1173,0.0
TSLA,2026-09-14,2026-11-20,450.0,C,5.45,5.55,5.5,47.3394,0.16421,0.003399,-0.140185,0.380591,67,358.97,302,4188,0.0
TSLA,2026-09-14,2026-11-20,455.0,C,4.95,5.1,5.025,47.6018,0.152688,0.003223,-0.134234,0.362854,67,358.97,10,915,0.0
TSLA,2026-09-14,2026-11-20,460.0,C,4.55,4.7,4.625,47.8948,0.14215,0.003053,-0.128596,0.345873,67,358.97,110,1428,0.0
TSLA,2026-09-14,2026-11-20,465.0,C,4.15,4.3,4.225,48.0779,0.131712,0.002887,-0.122407,0.328307,67,358.97,192,746,0.0
TSLA,2026-09-14,2026-11-20,470.0,C,3.8,3.95,3.875,48.3159,0.122319,0.002729,-0.116724,0.311827,67,358.97,364,2108,0.0
TSLA,2026-09-14,2026-11-20,475.0,C,3.5,3.65,3.575,48.6211,0.113973,0.002579,-0.111629,0.296625,67,358.97,31,943,0.0
TSLA,2026-09-14,2026-11-20,480.0,C,3.25,3.35,3.3,48.8286,0.105703,0.002433,-0.106113,0.281012,67,358.97,77,1579,0.0
TSLA,2026-09-14,2026-11-20,485.0,C,3.0,3.1,3.05,49.1338,0.098548,0.002298,-0.101381,0.26704,67,358.97,14,770,0.0
TSLA,2026-09-14,2026-11-20,490.0,C,2.77,2.86,2.815,49.3902,0.091669,0.002167,-0.096544,0.25318,67,358.97,35,831,0.0
TSLA,2026-09-14,2026-11-20,495.0,C,2.56,2.65,2.605,49.6892,0.085507,0.002045,-0.092152,0.240391,67,358.97,21,510,0.0
TSLA,2026-09-14,2026-11-20,500.0,C,2.38,2.46,2.42,50.0005,0.07986,0.001931,-0.088017,0.228341,67,358.97,410,9694,0.0
TSLA,2026-09-14,2026-11-20,505.0,C,2.21,2.29,2.25,50.1348,0.073809,0.001814,-0.083068,0.215063,67,358.97,12,558,0.0
TSLA,2026-09-14,2026-11-20,510.0,C,2.06,2.14,2.1,50.4888,0.069186,0.001714,-0.07955,0.204649,67,358.97,81,994,0.0
TSLA,2026-09-14,2026-11-20,515.0,C,1.92,2.0,1.96,50.8184,0.064801,0.001618,-0.076067,0.194542,67,358.97,100,538,0.0
TSLA,2026-09-14,2026-11-20,520.0,C,1.79,1.87,1.83,51.1479,0.06074,0.001529,-0.072751,0.184975,67,358.97,101,777,0.0
TSLA,2026-09-14,2026-11-20,525.0,C,1.68,1.76,1.72,51.5386,0.057223,0.001448,-0.069913,0.176517,67,358.97,65,810,0.0
TSLA,2026-09-14,2026-11-20,530.0,C,1.54,1.68,1.61,51.8682,0.053727,0.001369,-0.066908,0.167948,67,358.97,42,1702,0.0
TSLA,2026-09-14,2026-11-20,535.0,C,1.45,1.59,1.52,52.271,0.050759,0.001298,-0.064416,0.160535,67,358.97,54,573,0.0
TSLA,2026-09-14,2026-11-20,540.0,C,1.36,1.49,1.425,52.6006,0.047742,0.001229,-0.061696,0.15287,67,358.97,57,1328,0.0
TSLA,2026-09-14,2026-11-20,545.0,C,1.31,1.39,1.35,53.0034,0.045195,0.001167,-0.059462,0.146287,67,358.97,50,303,0.0
TSLA,2026-09-14,2026-11-20,550.0,C,1.25,1.32,1.285,53.4551,0.042991,0.001111,-0.057571,0.140507,67,358.97,55,1709,0.0
TSLA,2026-09-14,2026-11-20,555.0,C,1.07,1.26,1.165,53.4428,0.039463,0.001037,-0.053677,0.131083,67,358.97,43,124,0.0
TSLA,2026-09-14,2026-11-20,560.0,C,1.08,1.19,1.135,54.0776,0.038169,0.000997,-0.052834,0.127573,67,358.97,106,1230,0.0
TSLA,2026-09-14,2026-11-20,565.0,C,0.97,1.13,1.05,54.2241,0.035523,0.000938,-0.049935,0.120293,67,358.97,10,202,0.0
TSLA,2026-09-14,2026-11-20,570.0,C,0.94,1.1,1.02,54.81,0.03431,0.000902,-0.049035,0.116912,67,358.97,13,700,0.0
TSLA,2026-09-14,2026-11-20,575.0,C,0.85,1.03,0.94,54.9077,0.031842,0.000846,-0.046176,0.109938,67,358.97,18,271,0.0
TSLA,2026-09-14,2026-11-20,580.0,C,0.9,0.98,0.94,55.7255,0.031446,0.000825,-0.046361,0.108807,67,358.97,4,256,0.0
TSLA,2026-09-14,2026-11-20,585.0,C,0.77,0.93,0.85,55.6401,0.02877,0.000768,-0.042987,0.101073,67,358.97,17,406,0.0
TSLA,2026-09-14,2026-11-20,590.0,C,0.75,0.9,0.825,56.1772,0.027804,0.000739,-0.04217,0.098239,67,358.97,82,244,0.0
TSLA,2026-09-14,2026-11-20,595.0,C,0.78,0.85,0.815,56.8364,0.027194,0.000717,-0.041866,0.096437,67,358.97,43,469,0.0
TSLA,2026-09-14,2026-11-20,600.0,C,0.77,0.82,0.795,57.3979,0.0264,0.000693,-0.041233,0.094081,67,358.97,616,3732,0.0
TSLA,2026-09-14,2026-11-20,605.0,C,0.7,0.78,0.74,57.5444,0.024727,0.000654,-0.039121,0.089062,67,358.97,74,223,0.0
TSLA,2026-09-14,2026-11-20,610.0,C,0.67,0.75,0.71,57.9106,0.023637,0.000626,-0.037896,0.085752,67,358.97,8,391,0.0
TSLA,2026-09-14,2026-11-20,615.0,C,0.57,0.73,0.65,57.9106,0.021861,0.000586,-0.035473,0.08029,67,358.97,14,156,0.0
TSLA,2026-09-14,2026-11-20,620.0,C,0.56,0.7,0.63,58.3744,0.021122,0.000565,-0.034722,0.077989,67,358.97,16,592,0.0
TSLA,2026-09-14,2026-11-20,625.0,C,0.51,0.76,0.635,59.1313,0.020996,0.000555,-0.034984,0.077596,67,358.97,90,245,0.0
TSLA,2026-09-14,2026-11-20,630.0,C,0.53,0.73,0.63,59.766,0.020654,0.000541,-0.034862,0.076526,67,358.97,9,274,0.0
TSLA,2026-09-14,2026-11-20,635.0,C,0.55,0.61,0.58,59.766,0.019166,0.000508,-0.032711,0.07182,67,358.97,64,409,0.0
TSLA,2026-09-14,2026-11-20,640.0,C,0.47,0.6,0.535,59.7904,0.017822,0.000477,-0.030753,0.06751,67,358.97,18,82,0.0
TSLA,2026-09-14,2026-11-20,645.0,C,0.49,0.56,0.525,60.3031,0.017385,0.000463,-0.030358,0.066093,67,358.97,35,551,0.0
TSLA,2026-09-14,2026-11-20,650.0,C,0.47,0.54,0.505,60.6449,0.016694,0.000445,-0.029483,0.06384,67,358.97,203,341,0.0
TSLA,2026-09-14,2026-11-20,655.0,C,0.46,0.52,0.49,61.06,0.016159,0.00043,-0.028862,0.062086,67,358.97,25,167,0.0
TSLA,2026-09-14,2026-11-20,660.0,C,0.39,0.5,0.445,60.9379,0.014838,0.0004,-0.026766,0.057702,67,358.97,18,1467,0.0
TSLA,2026-09-14,2026-11-20,665.0,C,0.43,0.48,0.455,61.7435,0.014961,0.000398,-0.027306,0.058114,67,358.97,215,190,0.0
TSLA,2026-09-14,2026-11-20,670.0,C,0.36,0.56,0.46,62.4515,0.014947,0.000393,-0.027591,0.058068,67,358.97,5,1667,0.0
TSLA,2026-09-14,2026-11-20,675.0,C,0.3,0.45,0.375,61.475,0.012597,0.000345,-0.02343,0.0501,67,358.97,3,2083,0.0
TSLA,2026-09-14,2026-11-20,680.0,C,0.37,0.52,0.445,63.4281,0.01432,0.000373,-0.026995,0.055964,67,358.97,9,3088,0.0
TSLA,2026-09-14,2026-11-20,685.0,C,0.36,0.51,0.435,63.8431,0.013932,0.000362,-0.026531,0.054655,67,358.97,7,285,0.0
TSLA,2026-09-14,2026-11-20,690.0,C,0.36,0.48,0.42,64.1605,0.013434,0.000349,-0.025835,0.052967,67,358.97,1,2318,0.0
TSLA,2026-09-14,2026-11-20,695.0,C,0.23,0.48,0.355,63.4281,0.011643,0.000312,-0.022562,0.046795,67,358.97,3,2216,0.0
TSLA,2026-09-14,2026-11-20,700.0,C,0.33,0.37,0.35,63.9164,0.011439,0.000305,-0.022385,0.046081,67,358.97,16,17532,0.0
TSLA,2026-09-14,2026-11-20,705.0,C,0.21,0.4,0.305,63.4281,0.010136,0.000276,-0.019991,0.041476,67,358.97,29,467,0.0
TSLA,2026-09-14,2026-11-20,710.0,C,0.2,0.44,0.32,64.3558,0.010458,0.00028,-0.02084,0.042623,67,358.97,88,1998,0.0
TSLA,2026-09-14,2026-11-20,720.0,C,0.18,0.41,0.295,64.8441,0.009632,0.000259,-0.019538,0.039671,67,358.97,33,384,0.0
TSLA,2026-09-14,2026-11-20,730.0,C,0.15,0.39,0.27,65.2836,0.008845,0.000238,-0.01825,0.036817,67,358.97,84,546,0.0
TSLA,2026-09-14,2026-11-20,740.0,C,0.13,0.36,0.245,65.6253,0.00805,0.000218,-0.016886,0.033898,67,358.97,105,220,0.0
TSLA,2026-09-14,2026-11-20,750.0,C,0.23,0.34,0.285,67.7738,0.008954,0.000232,-0.019139,0.037216,67,358.97,2,444,0.0
TSLA,2026-09-14,2026-11-20,760.0,C,0.2,0.34,0.27,68.4085,0.00847,0.000219,-0.018393,0.035444,67,358.97,11,458,0.0
TSLA,2026-09-14,2026-11-20,770.0,C,0.1,0.33,0.215,67.6761,0.006906,0.000185,-0.015201,0.029616,67,358.97,68,911,0.0
TSLA,2026-09-14,2026-11-20,780.0,C,0.09,0.31,0.2,68.1644,0.006449,0.000173,-0.014408,0.027876,67,358.97,76,371,0.0
TSLA,2026-09-14,2026-11-20,790.0,C,0.08,0.29,0.185,68.555,0.005967,0.00016,-0.013524,0.026022,67,358.97,84,755,0.0
TSLA,2026-09-14,2026-11-20,800.0,C,0.08,0.21,0.145,67.7738,0.004802,0.000134,-0.01102,0.021452,67,358.97,6,1650,0.0
TSLA,2026-09-14,2026-11-20,810.0,C,0.07,0.28,0.175,70.0198,0.005564,0.000148,-0.012976,0.024458,67,358.97,1,707,0.0
TSLA,2026-09-14,2026-11-20,820.0,C,0.06,0.27,0.165,70.5081,0.00524,0.000139,-0.012385,0.023186,67,358.97,6,476,0.0
TSLA,2026-09-14,2026-11-20,830.0,C,0.05,0.27,0.16,71.1917,0.005058,0.000133,-0.012115,0.022468,67,358.97,6,458,0.0
TSLA,2026-09-14,2026-11-20,840.0,C,0.05,0.27,0.16,72.0706,0.005005,0.000131,-0.012147,0.022257,67,358.97,4,129,0.0
TSLA,2026-09-14,2026-11-20,850.0,C,0.04,0.25,0.145,72.1682,0.004529,0.000119,-0.011124,0.020359,67,358.97,5,774,0.0
TSLA,2026-09-14,2026-11-20,860.0,C,0.03,0.26,0.145,73.0471,0.004499,0.000117,-0.011192,0.020241,67,358.97,1,472,0.0
TSLA,2026-09-14,2026-11-20,870.0,C,0.02,0.25,0.135,73.3401,0.004179,0.000109,-0.010519,0.01895,67,358.97,1,1128,0.0
TSLA,2026-09-14,2026-11-20,880.0,C,0.02,0.25,0.135,74.219,0.004168,0.000108,-0.010616,0.018902,67,358.97,8,24,0.0
TSLA,2026-09-14,2026-11-20,890.0,C,0.01,0.24,0.125,74.4143,0.003839,0.0001,-0.009889,0.017564,67,358.97,5,46,0.0
TSLA,2026-09-14,2026-11-20,900.0,C,0.1,0.13,0.115,74.6096,0.003541,9.3e-05,-0.009218,0.016332,67,358.97,13,1230,0.0
TSLA,2026-09-14,2026-11-20,5.0,P,0.0,0.01,0.005,300.0002,-3.5e-05,0.0,-0.000511,0.000229,67,358.97,10,4148,0.0
TSLA,2026-09-14,2026-11-20,15.0,P,0.0,0.01,0.005,212.5005,-3.9e-05,0.0,-0.000395,0.00025,67,358.97,13,13,0.0
TSLA,2026-09-14,2026-11-20,20.0,P,0.0,0.01,0.005,193.75,-4.8e-05,1e-06,-0.000436,0.000303,67,358.97,1,28,0.0
TSLA,2026-09-14,2026-11-20,25.0,P,0.0,0.01,0.005,181.2501,-6.4e-05,1e-06,-0.000542,0.000403,67,358.97,4,17,0.0
TSLA,2026-09-14,2026-11-20,30.0,P,0.0,0.01,0.005,168.7502,-7.1e-05,1e-06,-0.000553,0.000441,67,358.97,2,639,0.0
TSLA,2026-09-14,2026-11-20,35.0,P,0.0,0.01,0.005,156.2502,-6.6e-05,1e-06,-0.000477,0.000412,67,358.97,1,500,0.0
TSLA,2026-09-14,2026-11-20,40.0,P,0.0,0.02,0.01,154.6877,-0.000129,2e-06,-0.00089,0.000776,67,358.97,2,55,0.0
TSLA,2026-09-14,2026-11-20,45.0,P,0.0,0.01,0.005,137.5003,-6.4e-05,1e-06,-0.000405,0.000398,67,358.97,25,542,0.0
TSLA,2026-09-14,2026-11-20,50.0,P,0.0,0.03,0.015,142.969,-0.000203,3e-06,-0.001252,0.001182,67,358.97,10,4977,0.0
TSLA,2026-09-14,2026-11-20,55.0,P,0.0,0.04,0.02,139.0628,-0.000272,5e-06,-0.001597,0.00155,67,358.97,3,66,0.0
TSLA,2026-09-14,2026-11-20,60.0,P,0.0,0.05,0.025,135.1566,-0.000348,6e-06,-0.001953,0.001952,67,358.97,19,132,0.0
TSLA,2026-09-14,2026-11-20,65.0,P,0.0,0.06,0.03,131.2503,-0.00043,8e-06,-0.002307,0.002376,67,358.97,10,307,0.0
TSLA,2026-09-14,2026-11-20,70.0,P,0.01,0.07,0.04,128.9066,-0.000579,1e-05,-0.002984,0.003129,67,358.97,88,565,0.0
TSLA,2026-09-14,2026-11-20,75.0,P,0.01,0.08,0.045,124.6098,-0.000656,1.2e-05,-0.003238,0.003514,67,358.97,12,689,0.0
TSLA,2026-09-14,2026-11-20,80.0,P,0.01,0.1,0.055,121.8754,-0.000817,1.5e-05,-0.003873,0.004299,67,358.97,5,598,0.0
TSLA,2026-09-14,2026-11-20,85.0,P,0.01,0.12,0.065,118.9457,-0.000981,1.8e-05,-0.004474,0.00509,67,358.97,22,564,0.0
TSLA,2026-09-14,2026-11-20,90.0,P,0.01,0.12,0.065,114.4536,-0.001031,2e-05,-0.004503,0.005326,67,358.97,3,440,0.0
TSLA,2026-09-14,2026-11-20,95.0,P,0.03,0.19,0.11,116.016,-0.001654,3e-05,-0.00703,0.008205,67,358.97,20,404,0.0
TSLA,2026-09-14,2026-11-20,100.0,P,0.06,0.13,0.095,109.9614,-0.00152,2.9e-05,-0.006164,0.007595,67,358.97,27,6968,0.0
TSLA,2026-09-14,2026-11-20,110.0,P,0.02,0.23,0.125,105.0786,-0.002063,4e-05,-0.007774,0.01003,67,358.97,6,630,0.0
TSLA,2026-09-14,2026-11-20,120.0,P,0.05,0.22,0.135,98.4375,-0.002356,4.9e-05,-0.008205,0.011311,67,358.97,3,280,0.0
TSLA,2026-09-14,2026-11-20,130.0,P,0.1,0.29,0.195,95.5079,-0.003421,7e-05,-0.011136,0.015835,67,358.97,1,220,0.0
TSLA,2026-09-14,2026-11-20,140.0,P,0.12,0.33,0.225,90.4298,-0.004113,8.7e-05,-0.012425,0.018679,67,358.97,2,273,0.0
TSLA,2026-09-14,2026-11-20,150.0,P,0.2,0.27,0.235,84.6193,-0.004552,0.000102,-0.012718,0.020455,67,358.97,3,3369,0.0
TSLA,2026-09-14,2026-11-20,155.0,P,0.18,0.4,0.29,83.8381,-0.005579,0.000124,-0.015093,0.024513,67,358.97,1,177,0.0
TSLA,2026-09-14,2026-11-20,160.0,P,0.2,0.35,0.275,80.3713,-0.005545,0.000128,-0.014384,0.024384,67,358.97,1,434,0.0
TSLA,2026-09-14,2026-11-20,165.0,P,0.28,0.36,0.32,79.0529,-0.006466,0.000149,-0.016203,0.027941,67,358.97,1,299,0.0
TSLA,2026-09-14,2026-11-20,170.0,P,0.26,0.48,0.37,77.7346,-0.007498,0.000173,-0.018147,0.031844,67,358.97,4,173,0.0
TSLA,2026-09-14,2026-11-20,175.0,P,0.26,0.38,0.32,73.5354,-0.00693,0.000171,-0.016004,0.029707,67,358.97,2,968,0.0
TSLA,2026-09-14,2026-11-20,180.0,P,0.38,0.51,0.445,74.1702,-0.00929,0.000219,-0.020872,0.038435,67,358.97,45,221,0.0
TSLA,2026-09-14,2026-11-20,185.0,P,0.39,0.5,0.445,71.4847,-0.009614,0.000234,-0.020713,0.039603,67,358.97,3,240,0.0
TSLA,2026-09-14,2026-11-20,190.0,P,0.39,0.6,0.495,69.9222,-0.010792,0.000265,-0.022393,0.043805,67,358.97,2,778,0.0
TSLA,2026-09-14,2026-11-20,195.0,P,0.5,0.64,0.57,68.7991,-0.012476,0.000305,-0.024971,0.049683,67,358.97,10,256,0.0
TSLA,2026-09-14,2026-11-20,200.0,P,0.52,0.58,0.55,65.8695,-0.012567,0.000321,-0.024038,0.049998,67,358.97,49,1245,0.0
TSLA,2026-09-14,2026-11-20,210.0,P,0.63,0.69,0.66,62.7201,-0.015527,0.000404,-0.027418,0.059997,67,358.97,50,949,0.0
TSLA,2026-09-14,2026-11-20,220.0,P,0.75,0.82,0.785,59.5707,-0.019027,0.000507,-0.030921,0.071379,67,358.97,46,1241,0.0
TSLA,2026-09-14,2026-11-20,225.0,P,0.82,0.9,0.86,58.0815,-0.021144,0.000568,-0.032934,0.078058,67,358.97,43,330,0.0
TSLA,2026-09-14,2026-11-20,230.0,P,0.95,1.02,0.985,57.0561,-0.024258,0.000649,-0.036284,0.087642,67,358.97,87,2136,0.0
TSLA,2026-09-14,2026-11-20,235.0,P,1.01,1.14,1.075,55.5669,-0.026872,0.000726,-0.038452,0.095484,67,358.97,53,1609,0.0
TSLA,2026-09-14,2026-11-20,240.0,P,1.11,1.25,1.18,54.1386,-0.029862,0.000814,-0.04085,0.104249,67,358.97,69,1278,0.0
TSLA,2026-09-14,2026-11-20,245.0,P,1.26,1.42,1.34,53.0888,-0.034011,0.000924,-0.044542,0.116075,67,358.97,144,644,0.0
TSLA,2026-09-14,2026-11-20,250.0,P,1.47,1.55,1.51,51.978,-0.038503,0.001045,-0.048203,0.128483,67,358.97,662,16236,0.0
TSLA,2026-09-14,2026-11-20,255.0,P,1.65,1.75,1.7,50.8794,-0.043549,0.00118,-0.05206,0.141979,67,358.97,56,2814,0.0
TSLA,2026-09-14,2026-11-20,260.0,P,1.89,1.96,1.925,50.0737,-0.050042,0.00134,-0.057188,0.158727,67,358.97,101,4050,0.0
TSLA,2026-09-14,2026-11-20,265.0,P,2.16,2.26,2.21,49.2925,-0.057405,0.001518,-0.062655,0.176958,67,358.97,33,2248,0.0
TSLA,2026-09-14,2026-11-20,270.0,P,2.48,2.58,2.53,48.4319,-0.065374,0.00171,-0.068017,0.195876,67,358.97,25,2469,0.0
TSLA,2026-09-14,2026-11-20,275.0,P,2.86,2.96,2.91,47.6568,-0.074578,0.001923,-0.073922,0.216772,67,358.97,20,2145,0.0
TSLA,2026-09-14,2026-11-20,280.0,P,3.3,3.4,3.35,46.9366,-0.08504,0.002156,-0.080237,0.239407,67,358.97,57,4169,0.0
TSLA,2026-09-14,2026-11-20,285.0,P,3.8,3.95,3.875,46.4117,-0.097455,0.002413,-0.087582,0.264868,67,358.97,23,1106,0.0
TSLA,2026-09-14,2026-11-20,290.0,P,4.4,4.55,4.475,45.8196,-0.110893,0.002684,-0.094726,0.290876,67,358.97,129,2221,0.0
TSLA,2026-09-14,2026-11-20,295.0,P,5.05,5.2,5.125,45.1605,-0.125396,0.00297,-0.101573,0.317297,67,358.97,7,2556,0.0
TSLA,2026-09-14,2026-11-20,300.0,P,5.85,5.95,5.9,44.5715,-0.141624,0.003272,-0.108693,0.345006,67,358.97,192,6798,0.0
TSLA,2026-09-14,2026-11-20,305.0,P,6.75,6.9,6.825,44.2694,-0.160616,0.003583,-0.117043,0.375148,67,358.97,61,4667,0.0
TSLA,2026-09-14,2026-11-20,310.0,P,7.75,7.95,7.85,43.9459,-0.181022,0.003896,-0.125032,0.405,67,358.97,66,4673,0.0
TSLA,2026-09-14,2026-11-20,315.0,P,8.9,9.1,9.0,43.5919,-0.202793,0.004211,-0.132492,0.434169,67,358.97,15,2517,0.0
TSLA,2026-09-14,2026-11-20,320.0,P,10.2,10.4,10.3,43.2959,-0.226266,0.004518,-0.139719,0.462725,67,358.97,154,4349,0.0
TSLA,2026-09-14,2026-11-20,325.0,P,11.6,11.8,11.7,42.9449,-0.25093,0.004821,-0.146054,0.489695,67,358.97,70,5688,0.0
TSLA,2026-09-14,2026-11-20,330.0,P,13.2,13.4,13.3,42.7221,-0.277361,0.0051,-0.152229,0.515337,67,358.97,240,5914,0.0
TSLA,2026-09-14,2026-11-20,335.0,P,14.95,15.2,15.075,42.6031,-0.305218,0.005348,-0.157998,0.53889,67,358.97,44,2743,0.0
TSLA,2026-09-14,2026-11-20,340.0,P,16.85,17.1,16.975,42.3956,-0.333783,0.005579,-0.162385,0.559504,67,358.97,520,2830,0.0
TSLA,2026-09-14,2026-11-20,345.0,P,18.9,19.15,19.025,42.1881,-0.36319,0.005783,-0.165716,0.577121,67,358.97,67,2350,0.0
TSLA,2026-09-14,2026-11-20,350.0,P,21.15,21.4,21.275,42.063,-0.393346,0.005945,-0.168293,0.591504,67,358.97,960,9005,0.0
TSLA,2026-09-14,2026-11-20,355.0,P,23.5,23.8,23.65,41.9317,-0.423896,0.006073,-0.169682,0.602365,67,358.97,78,3263,0.0
TSLA,2026-09-14,2026-11-20,360.0,P,26.05,26.35,26.2,41.7944,-0.454671,0.006166,-0.169865,0.609598,67,358.97,130,2348,0.0
TSLA,2026-09-14,2026-11-20,365.0,P,28.8,29.05,28.925,41.654,-0.485497,0.006223,-0.16886,0.613158,67,358.97,543,1030,0.0
TSLA,2026-09-14,2026-11-20,370.0,P,31.6,31.9,31.75,41.5136,-0.516198,0.006243,-0.166702,0.613057,67,358.97,74,4094,0.0
TSLA,2026-09-14,2026-11-20,375.0,P,34.6,34.95,34.775,41.4618,-0.546352,0.006214,-0.163853,0.609417,67,358.97,54,1904,0.0
TSLA,2026-09-14,2026-11-20,380.0,P,37.8,38.15,37.975,41.4251,-0.57587,0.006148,-0.16005,0.602434,67,358.97,66,5843,0.0
TSLA,2026-09-14,2026-11-20,385.0,P,41.05,41.45,41.25,41.3275,-0.604895,0.006058,-0.154996,0.59223,67,358.97,12,2138,0.0
TSLA,2026-09-14,2026-11-20,390.0,P,44.4,44.9,44.65,41.2604,-0.632978,0.005934,-0.149224,0.579154,67,358.97,20,2280,0.0
TSLA,2026-09-14,2026-11-20,395.0,P,47.9,48.6,48.25,41.416,-0.65895,0.005759,-0.143878,0.564193,67,358.97,7,761,0.0
TSLA,2026-09-14,2026-11-20,400.0,P,51.6,52.2,51.9,41.1841,-0.685875,0.005602,-0.135796,0.545696,67,358.97,20,3089,0.0
TSLA,2026-09-14,2026-11-20,405.0,P,55.0,56.6,55.8,42.2552,-0.704022,0.005317,-0.134501,0.531462,67,358.97,1,621,0.0
TSLA,2026-09-14,2026-11-20,410.0,P,59.25,60.0,59.625,41.2176,-0.733516,0.005182,-0.120804,0.505182,67,358.97,11,927,0.0
TSLA,2026-09-14,2026-11-20,415.0,P,62.9,64.5,63.7,42.182,-0.749276,0.004906,-0.11841,0.489482,67,358.97,2,346,0.0
TSLA,2026-09-14,2026-11-20,420.0,P,67.3,68.1,67.7,41.065,-0.777393,0.00472,-0.103357,0.458463,67,358.97,18,749,0.0
TSLA,2026-09-14,2026-11-20,425.0,P,71.25,72.75,72.0,42.0752,-0.790012,0.004454,-0.101047,0.443231,67,358.97,1,810,0.0
TSLA,2026-09-14,2026-11-20,430.0,P,75.5,77.0,76.25,42.0294,-0.80853,0.004218,-0.092232,0.419332,67,358.97,2,1153,0.0
TSLA,2026-09-14,2026-11-20,435.0,P,79.9,81.35,80.625,42.0538,-0.825375,0.00398,-0.083845,0.395913,67,358.97,1,195,0.0
TSLA,2026-09-14,2026-11-20,440.0,P,84.15,85.75,84.95,42.0416,-0.841301,0.003743,-0.07529,0.372213,67,358.97,1,804,0.0
TSLA,2026-09-14,2026-11-20,445.0,P,88.6,90.2,89.4,41.9928,-0.856334,0.003507,-0.066625,0.348362,67,358.97,1,335,0.0
TSLA,2026-09-14,2026-11-20,450.0,P,93.1,94.75,93.925,42.0843,-0.869336,0.00328,-0.05901,0.3265,67,358.97,7,1036,0.0
TSLA,2026-09-14,2026-11-20,455.0,P,97.7,99.35,98.525,42.1881,-0.881235,0.003061,-0.051675,0.30542,67,358.97,1,127,0.0
TSLA,2026-09-14,2026-11-20,460.0,P,102.35,103.95,103.15,42.1393,-0.893121,0.002842,-0.043648,0.283267,67,358.97,2,212,0.0
TSLA,2026-09-14,2026-11-20,465.0,P,107.0,108.65,107.825,42.3163,-0.902679,0.002644,-0.037256,0.2646,67,358.97,1,101,0.0
TSLA,2026-09-14,2026-11-20,470.0,P,109.2,114.65,111.925,47.2417,-0.883875,0.00269,-0.059755,0.300596,67,358.97,1,213,0.0
TSLA,2026-09-14,2026-11-20,475.0,P,114.2,118.9,116.55,45.8135,-0.901813,0.002458,-0.043688,0.266324,67,358.97,36,533,0.0
TSLA,2026-09-14,2026-11-20,480.0,P,118.95,124.35,121.65,48.7554,-0.894697,0.00243,-0.054291,0.280243,67,358.97,4,126,0.0
TSLA,2026-09-14,2026-11-20,485.0,P,123.7,129.05,126.375,48.8592,-0.902908,0.002286,-0.047818,0.264143,67,358.97,5,193,0.0
TSLA,2026-09-14,2026-11-20,490.0,P,128.55,134.9,131.725,53.2048,-0.888653,0.002318,-0.067261,0.291728,67,358.97,1,57,0.0
TSLA,2026-09-14,2026-11-20,495.0,P,133.35,139.7,136.525,53.7114,-0.894323,0.002211,-0.063316,0.280962,67,358.97,2,68,0.0
TSLA,2026-09-14,2026-11-20,500.0,P,137.95,144.65,141.3,54.7246,-0.897114,0.002129,-0.062599,0.275564,67,358.97,22,60,0.0
TSLA,2026-09-14,2026-11-20,505.0,P,155.4,157.45,156.425,75.3543,-0.808782,0.002351,-0.187827,0.418994,67,358.97,6,0,0.0
TSLA,2026-09-14,2026-11-20,510.0,P,153.45,158.1,155.775,61.0355,-0.881899,0.002107,-0.088022,0.304211,67,358.97,1,12,0.0
TSLA,2026-09-14,2026-11-20,515.0,P,152.9,158.65,155.775,54.0654,-0.9209,0.001773,-0.039112,0.226696,67,358.97,100,87,0.0
TSLA,2026-09-14,2026-11-20,520.0,P,157.85,163.5,160.675,54.4499,-0.925202,0.001687,-0.035244,0.217261,67,358.97,50,30,0.0
TSLA,2026-09-14,2026-11-20,525.0,P,162.75,169.45,166.1,59.6318,-0.908564,0.001792,-0.059423,0.252704,67,358.97,1,0,0.0
TSLA,2026-09-14,2026-11-20,530.0,P,179.9,182.35,181.125,81.0915,-0.823033,0.002082,-0.190638,0.399268,67,358.97,10,0,0.0
TSLA,2026-09-14,2026-11-20,535.0,P,184.85,187.05,185.95,81.8819,-0.826758,0.002034,-0.189063,0.393915,67,358.97,10,1,0.0
TSLA,2026-09-14,2026-11-20,540.0,P,143.15,145.6,144.375,0.001,-1.0,0.0,0.057797,0.0,67,358.97,2,8,0.0
TSLA,2026-09-14,2026-11-20,550.0,P,192.9,197.7,195.3,68.262,-0.901125,0.001658,-0.080853,0.267688,67,358.97,1,0,0.0
TSLA,2026-09-14,2026-11-20,555.0,P,204.7,206.75,205.725,86.0292,-0.836032,0.001869,-0.189993,0.380226,67,358.97,2,0,0.0
TSLA,2026-09-14,2026-11-20,560.0,P,160.4,162.8,161.6,0.001,-1.0,0.0,0.059938,0.0,67,358.97,1,6,0.0
TSLA,2026-09-14,2026-11-20,565.0,P,242.4,247.9,245.15,147.7725,-0.651164,0.001628,-0.576259,0.568971,67,358.97,13,6,0.0
TSLA,2026-09-14,2026-11-20,570.0,P,219.65,221.8,220.725,89.4044,-0.840565,0.001765,-0.193198,0.373342,67,358.97,96,0,0.0
TSLA,2026-09-14,2026-11-20,575.0,P,224.65,226.8,225.725,90.4969,-0.841978,0.001734,-0.194185,0.371169,67,358.97,22,0,0.0
TSLA,2026-09-14,2026-11-20,580.0,P,229.65,231.8,230.725,91.5742,-0.843346,0.001704,-0.195136,0.369054,67,358.97,28,0,0.0
TSLA,2026-09-14,2026-11-20,585.0,P,234.65,236.8,235.725,92.6392,-0.844662,0.001675,-0.196069,0.367008,67,358.97,39,0,0.0
TSLA,2026-09-14,2026-11-20,590.0,P,239.25,241.7,240.475,92.9993,-0.848424,0.001642,-0.192299,0.361096,67,358.97,75,0,0.0
TSLA,2026-09-14,2026-11-20,595.0,P,244.8,246.4,245.6,94.3848,-0.848392,0.001618,-0.195522,0.361148,67,358.97,24,0,0.0
TSLA,2026-09-14,2026-11-20,600.0,P,248.5,253.5,251.0,96.5088,-0.845694,0.001601,-0.203833,0.365395,67,358.97,64,0,0.0
TSLA,2026-09-14,2026-11-20,610.0,P,259.5,261.9,260.7,97.6959,-0.850877,0.001546,-0.199851,0.357192,67,358.97,392,0,0.0
TSLA,2026-09-14,2026-11-20,615.0,P,264.45,266.9,265.675,98.6145,-0.8522,0.001522,-0.200154,0.355069,67,358.97,62,0,0.0
TSLA,2026-09-14,2026-11-20,620.0,P,269.45,271.9,270.675,99.5911,-0.85325,0.0015,-0.200909,0.353377,67,358.97,1,0,0.0
TSLA,2026-09-14,2026-11-20,625.0,P,226.75,230.15,228.45,0.001,-1.0,0.0,0.066895,0.0,67,358.97,22,52,0.0
TSLA,2026-09-14,2026-11-20,630.0,P,279.45,281.95,280.7,101.5752,-0.855041,0.001459,-0.202798,0.350472,67,358.97,2,0,0.0
TSLA,2026-09-14,2026-11-20,635.0,P,229.35,231.0,230.175,0.001,-1.0,0.0,0.067966,0.0,67,358.97,1,1,0.0
TSLA,2026-09-14,2026-11-20,645.0,P,321.05,328.45,324.75,166.1348,-0.676255,0.001406,-0.624526,0.552661,67,358.97,12,0,0.0
TSLA,2026-09-14,2026-11-20,650.0,P,299.45,301.9,300.675,105.2129,-0.858976,0.001382,-0.204954,0.344016,67,358.97,15,0,0.0
TSLA,2026-09-14,2026-11-20,655.0,P,255.4,258.7,257.05,0.001,-1.0,0.0,0.070106,0.0,67,358.97,20,0,0.0
TSLA,2026-09-14,2026-11-20,660.0,P,252.6,254.8,253.7,0.001,-1.0,0.0,0.070641,0.0,67,358.97,10,0,0.0
TSLA,2026-09-14,2026-11-20,665.0,P,302.0,309.95,305.975,87.5612,-0.924592,0.001056,-0.074165,0.218612,67,358.97,2,0,0.0
TSLA,2026-09-14,2026-11-20,670.0,P,346.05,354.25,350.15,172.0949,-0.680071,0.001351,-0.642757,0.549946,67,358.97,11,0,0.0
TSLA,2026-09-14,2026-11-20,675.0,P,351.05,359.25,355.15,173.108,-0.681128,0.001341,-0.645354,0.549183,67,358.97,2,0,0.0
TSLA,2026-09-14,2026-11-20,680.0,P,356.1,364.25,360.175,174.1548,-0.682052,0.001332,-0.648199,0.548512,67,358.97,4,0,0.0
TSLA,2026-09-14,2026-11-20,685.0,P,361.05,369.25,365.15,175.1008,-0.68318,0.001322,-0.650419,0.547687,67,358.97,2,0,0.0
TSLA,2026-09-14,2026-11-20,690.0,P,366.05,373.4,369.725,175.3114,-0.686097,0.001316,-0.647856,0.545531,67,358.97,11,0,0.0
TSLA,2026-09-14,2026-11-20,695.0,P,286.3,288.7,287.5,0.001,-1.0,0.0,0.074387,0.0,67,358.97,10,0,0.0
TSLA,2026-09-14,2026-11-20,700.0,P,349.8,351.4,350.6,113.5808,-0.867411,0.001228,-0.208731,0.329813,67,358.97,1,0,0.0
TSLA,2026-09-14,2026-11-20,705.0,P,381.05,388.45,384.75,178.235,-0.688854,0.001289,-0.655289,0.543458,67,358.97,1,0,0.0
TSLA,2026-09-14,2026-11-20,720.0,P,324.7,326.4,325.55,0.001,-1.0,0.0,0.077063,0.0,67,358.97,11,0,0.0
TSLA,2026-09-14,2026-11-20,730.0,P,334.7,336.4,335.55,0.001,-1.0,0.0,0.078134,0.0,67,358.97,22,0,0.0
TSLA,2026-09-14,2026-11-20,760.0,P,358.0,361.25,359.625,0.001,-1.0,0.0,0.081345,0.0,67,358.97,20,0,0.0
TSLA,2026-09-14,2026-11-20,810.0,P,417.5,420.2,418.85,0.001,-1.0,0.0,0.086696,0.0,67,358.97,0,0,0.0
TSLA,2026-09-14,2026-11-20,820.0,P,427.5,430.2,428.85,0.001,-1.0,0.0,0.087766,0.0,67,358.97,0,0,0.0
TSLA,2026-09-14,2026-11-20,850.0,P,445.85,448.55,447.2,0.001,-1.0,0.0,0.090977,0.0,67,358.97,2,0,0.0
TSLA,2026-09-14,2026-11-20,870.0,P,459.8,463.8,461.8,0.001,-1.0,0.0,0.093118,0.0,67,358.97,1,0,0.0
