symbol,quote_date,expiration,strike,option_type,bid,ask,mid,implied_volatility,delta,gamma,theta,vega,dte,underlying_price,volume,open_interest,iv_rank
GOOGL,2026-08-11,2026-08-19,305.0,C,37.75,41.05,39.4,67.7982,0.894599,0.005284,-0.420513,0.092807,8,343.8,314,10,61.41
GOOGL,2026-08-11,2026-08-19,310.0,C,32.8,36.1,34.45,61.6215,0.882771,0.006274,-0.413057,0.10015,8,343.8,314,10,61.41
GOOGL,2026-08-11,2026-08-19,315.0,C,27.9,30.45,29.175,49.3413,0.893505,0.007315,-0.316634,0.093503,8,343.8,198,8,61.41
GOOGL,2026-08-11,2026-08-19,320.0,C,23.1,26.4,24.75,50.3667,0.843832,0.009341,-0.410656,0.121887,8,343.8,194,15,61.41
GOOGL,2026-08-11,2026-08-19,325.0,C,18.45,20.95,19.7,40.1617,0.838734,0.011964,-0.339797,0.124481,8,343.8,92,14,61.41
GOOGL,2026-08-11,2026-08-19,330.0,C,14.1,16.8,15.45,38.3795,0.777509,0.015255,-0.389456,0.151681,8,343.8,63,12,61.41
GOOGL,2026-08-11,2026-08-19,335.0,C,10.6,12.45,11.525,33.924,0.711466,0.019777,-0.392268,0.173813,8,343.8,90,13,61.41
GOOGL,2026-08-11,2026-08-19,337.5,C,8.95,10.6,9.775,32.8254,0.663375,0.021847,-0.403389,0.185781,8,343.8,62,13,61.41
GOOGL,2026-08-11,2026-08-19,340.0,C,7.45,8.95,8.2,32.1418,0.608167,0.023484,-0.413298,0.195545,8,343.8,19,11,61.41
GOOGL,2026-08-11,2026-08-19,342.5,C,6.6,7.0,6.8,29.4441,0.550711,0.026405,-0.389305,0.201413,8,343.8,4,14,61.41
GOOGL,2026-08-11,2026-08-19,345.0,C,5.45,6.3,5.875,31.9099,0.486905,0.02455,-0.421238,0.202946,8,343.8,107,13,61.41
GOOGL,2026-08-11,2026-08-19,347.5,C,4.4,5.25,4.825,32.0686,0.426805,0.024029,-0.414598,0.199628,8,343.8,388,1,61.41
GOOGL,2026-08-11,2026-08-19,350.0,C,3.1,4.15,3.625,31.3178,0.365171,0.023584,-0.386965,0.191345,8,343.8,73,8,61.41
GOOGL,2026-08-11,2026-08-19,352.5,C,2.5,3.35,2.925,31.3544,0.309402,0.022088,-0.362146,0.179415,8,343.8,161,4,61.41
GOOGL,2026-08-11,2026-08-19,355.0,C,1.93,2.71,2.32,31.5925,0.259611,0.020156,-0.334606,0.164969,8,343.8,138,61,61.41
GOOGL,2026-08-11,2026-08-19,357.5,C,1.04,1.97,1.505,30.5427,0.205119,0.018283,-0.283181,0.144665,8,343.8,47,53,61.41
GOOGL,2026-08-11,2026-08-19,360.0,C,1.2,1.43,1.315,29.9201,0.158931,0.015907,-0.236027,0.123299,8,343.8,134,108,61.41
GOOGL,2026-08-11,2026-08-19,362.5,C,0.92,1.05,0.985,29.6882,0.122118,0.013402,-0.195462,0.103078,8,343.8,38,31,61.41
GOOGL,2026-08-11,2026-08-19,365.0,C,0.65,0.95,0.8,31.3728,0.10611,0.011474,-0.186506,0.093258,8,343.8,55,58,61.41
GOOGL,2026-08-11,2026-08-19,367.5,C,0.25,0.63,0.44,30.445,0.075169,0.009151,-0.139921,0.072173,8,343.8,31,133,61.41
GOOGL,2026-08-11,2026-08-19,370.0,C,0.22,0.87,0.545,35.4743,0.087455,0.008804,-0.182383,0.080907,8,343.8,28,66,61.41
GOOGL,2026-08-11,2026-08-19,372.5,C,0.13,0.77,0.45,36.695,0.075837,0.007643,-0.169245,0.072661,8,343.8,28,204,61.41
GOOGL,2026-08-11,2026-08-19,375.0,C,0.02,0.48,0.25,35.0104,0.051105,0.005889,-0.118641,0.053416,8,343.8,72,47,61.41
GOOGL,2026-08-11,2026-08-19,377.5,C,0.01,0.47,0.24,36.9147,0.047582,0.005276,-0.118044,0.050455,8,343.8,32,51,61.41
GOOGL,2026-08-11,2026-08-19,380.0,C,0.01,0.56,0.285,40.3815,0.051445,0.005133,-0.137292,0.053699,8,343.8,36,93,61.41
GOOGL,2026-08-11,2026-08-19,382.5,C,0.05,0.48,0.265,41.1139,0.043762,0.004429,-0.122716,0.047173,8,343.8,12,294,61.41
GOOGL,2026-08-11,2026-08-19,385.0,C,0.01,0.48,0.245,43.067,0.041774,0.004072,-0.12372,0.045432,8,343.8,93,223,61.41
GOOGL,2026-08-11,2026-08-19,387.5,C,0.01,0.46,0.235,44.6295,0.038734,0.003696,-0.120509,0.042728,8,343.8,4,9,61.41
GOOGL,2026-08-11,2026-08-19,390.0,C,0.02,0.14,0.08,38.1842,0.014346,0.001875,-0.044764,0.01855,8,343.8,31,39,61.41
GOOGL,2026-08-11,2026-08-19,392.5,C,0.01,0.43,0.22,47.8033,0.034003,0.003101,-0.11591,0.038407,8,343.8,3,4,61.41
GOOGL,2026-08-11,2026-08-19,395.0,C,0.01,0.4,0.205,48.9751,0.03094,0.0028,-0.10981,0.035529,8,343.8,1,73,61.41
GOOGL,2026-08-11,2026-08-19,397.5,C,0.01,0.41,0.21,51.0259,0.030558,0.00266,-0.11319,0.035166,8,343.8,3,6,61.41
GOOGL,2026-08-11,2026-08-19,400.0,C,0.01,0.36,0.185,51.6118,0.026644,0.002347,-0.10212,0.031376,8,343.8,163,218,61.41
GOOGL,2026-08-11,2026-08-19,402.5,C,0.01,0.31,0.16,52.0024,0.022836,0.002046,-0.090379,0.027568,8,343.8,2,16,61.41
GOOGL,2026-08-11,2026-08-19,405.0,C,0.01,0.39,0.2,50.0982,0.015358,0.001516,-0.062114,0.01967,8,343.8,1,65,61.41
GOOGL,2026-08-11,2026-08-19,407.5,C,0.01,0.38,0.195,51.5142,0.01463,0.001414,-0.061241,0.018866,8,343.8,19,29,61.41
GOOGL,2026-08-11,2026-08-19,410.0,C,0.01,0.38,0.195,53.0766,0.014213,0.001338,-0.061531,0.018402,8,343.8,1,12,61.41
GOOGL,2026-08-11,2026-08-19,412.5,C,0.01,0.21,0.11,50.4888,0.008449,0.000895,-0.037224,0.011705,8,343.8,6,6,61.41
GOOGL,2026-08-11,2026-08-19,415.0,C,0.0,0.38,0.19,55.9575,0.013186,0.00119,-0.060775,0.017249,8,343.8,14,19,61.41
GOOGL,2026-08-11,2026-08-19,420.0,C,0.0,0.35,0.175,58.2035,0.011582,0.001022,-0.056473,0.015416,8,343.8,7,12,61.41
GOOGL,2026-08-11,2026-08-19,425.0,C,0.0,0.35,0.175,61.1332,0.011056,0.000935,-0.056947,0.014806,8,343.8,46,13,61.41
GOOGL,2026-08-11,2026-08-19,430.0,C,0.0,0.37,0.185,64.4535,0.011059,0.000887,-0.060033,0.014809,8,343.8,0,2,61.41
GOOGL,2026-08-11,2026-08-19,435.0,C,0.0,0.36,0.18,67.0902,0.010417,0.000809,-0.059302,0.014058,8,343.8,1,1,61.41
GOOGL,2026-08-11,2026-08-19,440.0,C,0.0,1.06,0.53,81.9826,0.024691,0.001386,-0.15167,0.029439,8,343.8,6,278,61.41
GOOGL,2026-08-11,2026-08-19,445.0,C,0.0,1.11,0.555,85.6935,0.024773,0.00133,-0.158937,0.02952,8,343.8,5,5,61.41
GOOGL,2026-08-11,2026-08-19,450.0,C,0.0,1.87,0.935,97.168,0.036435,0.001615,-0.248053,0.040646,8,343.8,0,1,61.41
GOOGL,2026-08-11,2026-08-19,250.0,P,0.0,0.7,0.35,99.5117,-0.012488,0.000638,-0.101883,0.016456,8,343.8,2,0,61.41
GOOGL,2026-08-11,2026-08-19,255.0,P,0.0,0.7,0.35,94.1407,-0.013229,0.000709,-0.101285,0.017297,8,343.8,8,1,61.41
GOOGL,2026-08-11,2026-08-19,270.0,P,0.01,0.37,0.19,71.4847,-0.009542,0.000703,-0.057827,0.013021,8,343.8,3,7,61.41
GOOGL,2026-08-11,2026-08-19,275.0,P,0.01,0.38,0.195,66.8949,-0.010378,0.000808,-0.058203,0.014011,8,343.8,18,40,61.41
GOOGL,2026-08-11,2026-08-19,280.0,P,0.01,0.39,0.2,62.4027,-0.011395,0.00094,-0.058866,0.015199,8,343.8,1,43,61.41
GOOGL,2026-08-11,2026-08-19,285.0,P,0.01,0.4,0.205,57.9594,-0.012598,0.001104,-0.059609,0.016581,8,343.8,1,5,61.41
GOOGL,2026-08-11,2026-08-19,290.0,P,0.01,0.37,0.19,52.686,-0.012832,0.001234,-0.055013,0.016847,8,343.8,1,6,61.41
GOOGL,2026-08-11,2026-08-19,295.0,P,0.01,0.4,0.205,54.4926,-0.025706,0.002157,-0.102773,0.030449,8,343.8,4,9,61.41
GOOGL,2026-08-11,2026-08-19,300.0,P,0.01,0.44,0.225,50.3911,-0.030398,0.002682,-0.10917,0.035013,8,343.8,2,7,61.41
GOOGL,2026-08-11,2026-08-19,305.0,P,0.02,0.47,0.245,45.9478,-0.035427,0.003337,-0.112794,0.039723,8,343.8,39,34,61.41
GOOGL,2026-08-11,2026-08-19,310.0,P,0.11,0.22,0.165,35.3522,-0.021739,0.002888,-0.057654,0.026446,8,343.8,48,34,61.41
GOOGL,2026-08-11,2026-08-19,315.0,P,0.12,0.3,0.21,32.569,-0.031762,0.004303,-0.07277,0.036308,8,343.8,9,21,61.41
GOOGL,2026-08-11,2026-08-19,320.0,P,0.18,0.51,0.345,31.1042,-0.054947,0.007021,-0.108017,0.056577,8,343.8,13,25,61.41
GOOGL,2026-08-11,2026-08-19,325.0,P,0.5,1.1,0.8,31.9099,-0.109106,0.01151,-0.185837,0.095148,8,343.8,34,26,61.41
GOOGL,2026-08-11,2026-08-19,330.0,P,0.92,1.71,1.315,30.1765,-0.169122,0.016421,-0.236029,0.128373,8,343.8,36,74,61.41
GOOGL,2026-08-11,2026-08-19,335.0,P,2.21,3.1,2.655,30.9821,-0.272236,0.021054,-0.317383,0.168987,8,343.8,59,50,61.41
GOOGL,2026-08-11,2026-08-19,337.5,P,2.68,4.0,3.34,31.3239,-0.330103,0.022718,-0.348952,0.184351,8,343.8,15,15,61.41
GOOGL,2026-08-11,2026-08-19,340.0,P,3.55,4.95,4.25,31.1897,-0.389166,0.024154,-0.366322,0.195168,8,343.8,74,67,61.41
GOOGL,2026-08-11,2026-08-19,342.5,P,4.9,5.85,5.375,30.146,-0.450057,0.025796,-0.363221,0.201462,8,343.8,56,4,61.41
GOOGL,2026-08-11,2026-08-19,345.0,P,5.85,7.3,6.575,30.9821,-0.514043,0.025283,-0.374198,0.20293,8,343.8,72,56,61.41
GOOGL,2026-08-11,2026-08-19,347.5,P,7.2,8.8,8.0,31.3605,-0.575243,0.024547,-0.369842,0.199433,8,343.8,15,8,61.41
GOOGL,2026-08-11,2026-08-19,350.0,P,8.7,10.45,9.575,31.8122,-0.63254,0.023266,-0.358002,0.191743,8,343.8,441,54,61.41
GOOGL,2026-08-11,2026-08-19,352.5,P,10.3,12.35,11.325,32.9108,-0.681453,0.021308,-0.348538,0.181671,8,343.8,5,23,61.41
GOOGL,2026-08-11,2026-08-19,355.0,P,12.1,14.25,13.175,33.4968,-0.727465,0.019484,-0.327018,0.169079,8,343.8,36,49,61.41
GOOGL,2026-08-11,2026-08-19,357.5,P,14.05,16.35,15.2,34.7052,-0.763903,0.017441,-0.311689,0.156814,8,343.8,1,9,61.41
GOOGL,2026-08-11,2026-08-19,360.0,P,16.05,18.65,17.35,36.756,-0.789277,0.015436,-0.308086,0.146986,8,343.8,7,70,61.41
GOOGL,2026-08-11,2026-08-19,362.5,P,18.3,20.3,19.3,34.0461,-0.843603,0.013833,-0.22795,0.122005,8,343.8,10,6,61.41
GOOGL,2026-08-11,2026-08-19,365.0,P,20.45,23.05,21.75,38.7335,-0.841479,0.012267,-0.26612,0.123091,8,343.8,4,22,61.41
GOOGL,2026-08-11,2026-08-19,367.5,P,22.35,25.85,24.1,43.7506,-0.837492,0.011038,-0.310082,0.125105,8,343.8,0,0,61.41
GOOGL,2026-08-11,2026-08-19,370.0,P,25.3,28.25,26.775,45.8013,-0.850167,0.009994,-0.306766,0.118586,8,343.8,10,96,61.41
GOOGL,2026-08-11,2026-08-19,372.5,P,27.15,30.85,29.0,49.2681,-0.853496,0.009152,-0.326633,0.116817,8,343.8,30,35,61.41
GOOGL,2026-08-11,2026-08-19,375.0,P,30.1,33.35,31.725,51.9414,-0.860052,0.008417,-0.334118,0.113259,8,343.8,2,8,61.41
GOOGL,2026-08-11,2026-08-19,377.5,P,32.65,35.7,34.175,53.3208,-0.871761,0.007721,-0.321236,0.10666,8,343.8,0,1,61.41
GOOGL,2026-08-11,2026-08-19,380.0,P,34.55,38.0,36.275,54.1142,-0.884803,0.007056,-0.29964,0.098916,8,343.8,0,8,61.41
GOOGL,2026-08-11,2026-08-19,390.0,P,44.2,47.95,46.075,63.1107,-0.90217,0.005376,-0.310197,0.087903,8,343.8,0,25,61.41
GOOGL,2026-08-11,2026-08-19,392.5,P,46.65,50.7,48.675,67.8104,-0.896394,0.005218,-0.351863,0.09166,8,343.8,0,25,61.41
GOOGL,2026-08-11,2026-08-19,400.0,P,54.5,58.3,56.4,75.5129,-0.901666,0.00451,-0.378869,0.088235,8,343.8,0,0,61.41
GOOGL,2026-08-11,2026-08-19,410.0,P,65.1,68.3,66.7,61.8168,-0.969223,0.002209,-0.095848,0.035374,8,343.8,0,0,61.41
GOOGL,2026-08-11,2026-08-21,100.0,C,242.2,246.0,244.1,302.7346,0.996706,5.8e-05,-0.095798,0.005663,10,343.8,12,132,61.41
GOOGL,2026-08-11,2026-08-21,105.0,C,237.2,240.9,239.05,284.7659,0.997059,5.5e-05,-0.083424,0.005115,10,343.8,12,4,61.41
GOOGL,2026-08-11,2026-08-21,110.0,C,232.05,235.9,233.975,262.891,0.997736,4.7e-05,-0.064212,0.004038,10,343.8,8,1,61.41
GOOGL,2026-08-11,2026-08-21,115.0,C,227.3,230.9,229.1,269.9222,0.996284,7.2e-05,-0.096764,0.006311,10,343.8,8,4,61.41
GOOGL,2026-08-11,2026-08-21,120.0,C,222.15,225.9,224.025,250.9769,0.996964,6.5e-05,-0.078161,0.005262,10,343.8,6,42,61.41
GOOGL,2026-08-11,2026-08-21,125.0,C,217.35,221.0,219.175,258.0082,0.995131,9.6e-05,-0.116224,0.008035,10,343.8,6,25,61.41
GOOGL,2026-08-11,2026-08-21,130.0,C,212.2,216.0,214.1,241.4066,0.995808,9e-05,-0.09796,0.00703,10,343.8,2,2,61.41
GOOGL,2026-08-11,2026-08-21,135.0,C,207.25,211.0,209.125,234.9614,0.995348,0.000101,-0.104242,0.007716,10,343.8,1,12,61.41
GOOGL,2026-08-11,2026-08-21,140.0,C,202.25,205.95,204.1,224.0239,0.995487,0.000104,-0.09824,0.007511,10,343.8,16,12,61.41
GOOGL,2026-08-11,2026-08-21,145.0,C,197.2,200.95,199.075,213.477,0.99564,0.000105,-0.09236,0.007282,10,343.8,8,23,61.41
GOOGL,2026-08-11,2026-08-21,150.0,C,192.55,195.7,194.125,210.2544,0.99477,0.000126,-0.105143,0.008565,10,343.8,8,874,61.41
GOOGL,2026-08-11,2026-08-21,155.0,C,187.2,191.05,189.125,202.5396,0.994566,0.000135,-0.105339,0.00886,10,343.8,6,32,61.41
GOOGL,2026-08-11,2026-08-21,160.0,C,182.6,186.1,184.35,210.0591,0.991265,0.000198,-0.157502,0.013474,10,343.8,1,102,61.41
GOOGL,2026-08-11,2026-08-21,165.0,C,177.35,181.15,179.25,196.4844,0.992304,0.000189,-0.134981,0.012056,10,343.8,2,45,61.41
GOOGL,2026-08-11,2026-08-21,170.0,C,172.3,176.1,174.2,186.1329,0.992722,0.00019,-0.123877,0.011476,10,343.8,2,56,61.41
GOOGL,2026-08-11,2026-08-21,175.0,C,167.25,171.0,169.125,174.0236,0.993647,0.000181,-0.106184,0.010178,10,343.8,1,79,61.41
GOOGL,2026-08-11,2026-08-21,180.0,C,162.6,165.3,163.95,151.7581,0.996593,0.000119,-0.062544,0.005838,10,343.8,2,193,61.41
GOOGL,2026-08-11,2026-08-21,185.0,C,157.6,160.2,158.9,139.2581,0.997509,9.8e-05,-0.049444,0.004402,10,343.8,9,105,61.41
GOOGL,2026-08-11,2026-08-21,190.0,C,152.65,156.15,154.4,169.1408,0.988148,0.000321,-0.167642,0.017584,10,343.8,2,252,61.41
GOOGL,2026-08-11,2026-08-21,195.0,C,147.65,150.25,148.95,134.3753,0.996154,0.00015,-0.063491,0.006508,10,343.8,11,105,61.41
GOOGL,2026-08-11,2026-08-21,200.0,C,142.65,145.35,144.0,133.5941,0.994843,0.000196,-0.076723,0.008458,10,343.8,6,297,61.41
GOOGL,2026-08-11,2026-08-21,205.0,C,137.65,141.2,139.425,150.6838,0.986163,0.000412,-0.171866,0.020104,10,343.8,1,256,61.41
GOOGL,2026-08-11,2026-08-21,210.0,C,132.65,136.05,134.35,141.6019,0.986951,0.000417,-0.156248,0.019111,10,343.8,4,311,61.41
GOOGL,2026-08-11,2026-08-21,215.0,C,127.25,130.8,129.025,119.141,0.993507,0.000269,-0.083515,0.010376,10,343.8,3,149,61.41
GOOGL,2026-08-11,2026-08-21,220.0,C,122.7,125.35,124.025,113.8676,0.993212,0.000293,-0.083645,0.010792,10,343.8,1,335,61.41
GOOGL,2026-08-11,2026-08-21,225.0,C,117.7,120.3,119.0,107.0317,0.993567,0.000297,-0.077809,0.010292,10,343.8,2,281,61.41
GOOGL,2026-08-11,2026-08-21,230.0,C,112.45,115.65,114.05,105.1763,0.991846,0.000372,-0.089878,0.012684,10,343.8,2,278,61.41
GOOGL,2026-08-11,2026-08-21,235.0,C,107.7,110.3,109.0,97.168,0.992905,0.000357,-0.078249,0.011222,10,343.8,14,165,61.41
GOOGL,2026-08-11,2026-08-21,240.0,C,102.7,105.4,104.05,95.2149,0.991006,0.000448,-0.089979,0.013824,10,343.8,6,801,61.41
GOOGL,2026-08-11,2026-08-21,245.0,C,97.75,100.4,99.075,91.6016,0.989751,0.000522,-0.095605,0.015496,10,343.8,50,422,61.41
GOOGL,2026-08-11,2026-08-21,250.0,C,92.75,95.45,94.1,87.8907,0.98839,0.000607,-0.100996,0.017272,10,343.8,4,673,61.41
GOOGL,2026-08-11,2026-08-21,255.0,C,87.75,90.45,89.1,83.1056,0.987724,0.000674,-0.100908,0.018128,10,343.8,210,393,61.41
GOOGL,2026-08-11,2026-08-21,260.0,C,82.75,85.45,84.1,78.4182,0.986965,0.000752,-0.100928,0.019094,10,343.8,106,1360,61.41
GOOGL,2026-08-11,2026-08-21,265.0,C,77.8,80.35,79.075,72.7542,0.987142,0.000801,-0.095221,0.018869,10,343.8,5,328,61.41
GOOGL,2026-08-11,2026-08-21,270.0,C,72.8,75.4,74.1,69.1409,0.985281,0.000947,-0.100323,0.021203,10,343.8,42,428,61.41
GOOGL,2026-08-11,2026-08-21,275.0,C,67.8,70.5,69.15,66.2113,0.982204,0.001164,-0.110016,0.024948,10,343.8,102,272,61.41
GOOGL,2026-08-11,2026-08-21,280.0,C,62.85,65.4,64.125,60.8891,0.982015,0.001277,-0.104569,0.025174,10,343.8,60,1180,61.41
GOOGL,2026-08-11,2026-08-21,285.0,C,57.85,60.55,59.2,58.3989,0.977216,0.001627,-0.118089,0.030763,10,343.8,14,823,61.41
GOOGL,2026-08-11,2026-08-21,290.0,C,52.85,55.45,54.15,52.5884,0.977802,0.001767,-0.107929,0.030094,10,343.8,1,611,61.41
GOOGL,2026-08-11,2026-08-21,295.0,C,47.9,50.55,49.225,68.2864,0.922188,0.003746,-0.310083,0.082841,10,343.8,20,826,61.41
GOOGL,2026-08-11,2026-08-21,297.5,C,45.4,48.0,46.7,64.9418,0.920566,0.004001,-0.30067,0.084147,10,343.8,162,33,61.41
GOOGL,2026-08-11,2026-08-21,300.0,C,42.95,45.6,44.275,63.0863,0.914199,0.004365,-0.308748,0.089175,10,343.8,25,1468,61.41
GOOGL,2026-08-11,2026-08-21,302.5,C,40.25,43.6,41.925,64.7342,0.895716,0.004912,-0.360287,0.102964,10,343.8,162,37,61.41
GOOGL,2026-08-11,2026-08-21,305.0,C,38.0,40.25,39.125,54.0044,0.918607,0.004901,-0.259593,0.08571,10,343.8,9,683,61.41
GOOGL,2026-08-11,2026-08-21,307.5,C,35.55,38.1,36.825,54.5048,0.902044,0.005573,-0.295886,0.098372,10,343.8,106,50,61.41
GOOGL,2026-08-11,2026-08-21,310.0,C,33.1,35.65,34.375,52.0513,0.895462,0.006119,-0.296262,0.103146,10,343.8,115,862,61.41
GOOGL,2026-08-11,2026-08-21,312.5,C,30.65,33.25,31.95,49.9761,0.886411,0.006765,-0.301338,0.109489,10,343.8,182,37,61.41
GOOGL,2026-08-11,2026-08-21,315.0,C,28.3,30.8,29.55,47.4248,0.878351,0.007484,-0.300249,0.114934,10,343.8,114,1288,61.41
GOOGL,2026-08-11,2026-08-21,317.5,C,26.4,27.9,27.15,41.358,0.887183,0.008135,-0.253628,0.108958,10,343.8,81,91,61.41
GOOGL,2026-08-11,2026-08-21,320.0,C,24.5,25.5,25.0,39.234,0.875523,0.009193,-0.257277,0.116801,10,343.8,149,6154,61.41
GOOGL,2026-08-11,2026-08-21,322.5,C,21.9,23.3,22.6,38.4284,0.853914,0.010475,-0.278083,0.130354,10,343.8,6,318,61.41
GOOGL,2026-08-11,2026-08-21,325.0,C,19.7,21.05,20.375,36.9635,0.833085,0.01189,-0.290145,0.142317,10,343.8,22,1155,61.41
GOOGL,2026-08-11,2026-08-21,327.5,C,18.0,18.9,18.45,35.8649,0.806509,0.013445,-0.30643,0.156155,10,343.8,17,1309,61.41
GOOGL,2026-08-11,2026-08-21,330.0,C,16.05,16.8,16.425,34.7052,0.776276,0.015137,-0.320761,0.170119,10,343.8,266,2846,61.41
GOOGL,2026-08-11,2026-08-21,332.5,C,13.75,14.8,14.275,33.7287,0.740486,0.016883,-0.335498,0.184406,10,343.8,3,535,61.41
GOOGL,2026-08-11,2026-08-21,335.0,C,12.0,12.9,12.45,32.8254,0.699586,0.018625,-0.348212,0.197982,10,343.8,145,3250,61.41
GOOGL,2026-08-11,2026-08-21,337.5,C,10.55,11.15,10.85,32.1662,0.652908,0.020174,-0.359775,0.210136,10,343.8,62,609,61.41
GOOGL,2026-08-11,2026-08-21,340.0,C,9.1,9.5,9.3,31.446,0.602257,0.021557,-0.36536,0.219524,10,343.8,538,4272,61.41
GOOGL,2026-08-11,2026-08-21,342.5,C,7.7,8.05,7.875,31.0615,0.547469,0.02241,-0.368513,0.225414,10,343.8,152,738,61.41
GOOGL,2026-08-11,2026-08-21,345.0,C,6.45,6.8,6.625,30.9577,0.491051,0.02264,-0.367893,0.226966,10,343.8,777,3350,61.41
GOOGL,2026-08-11,2026-08-21,347.5,C,5.4,5.6,5.5,30.5061,0.433877,0.022664,-0.356202,0.223897,10,343.8,405,2857,61.41
GOOGL,2026-08-11,2026-08-21,350.0,C,4.45,4.6,4.525,30.323,0.378035,0.02203,-0.340818,0.216329,10,343.8,5592,14422,61.41
GOOGL,2026-08-11,2026-08-21,352.5,C,3.55,3.85,3.7,30.7014,0.327707,0.02067,-0.326607,0.205507,10,343.8,512,454,61.41
GOOGL,2026-08-11,2026-08-21,355.0,C,2.9,3.0,2.95,30.0422,0.274496,0.0195,-0.294319,0.189708,10,343.8,1880,4107,61.41
GOOGL,2026-08-11,2026-08-21,357.5,C,2.24,2.42,2.33,30.1399,0.230307,0.017717,-0.268457,0.172924,10,343.8,680,1121,61.41
GOOGL,2026-08-11,2026-08-21,360.0,C,1.84,1.9,1.87,30.03,0.189182,0.015838,-0.237722,0.154014,10,343.8,4883,13760,61.41
GOOGL,2026-08-11,2026-08-21,362.5,C,1.42,1.51,1.465,30.1887,0.155168,0.013881,-0.210139,0.135697,10,343.8,226,713,61.41
GOOGL,2026-08-11,2026-08-21,365.0,C,1.12,1.2,1.16,30.4084,0.126442,0.011992,-0.183871,0.118084,10,343.8,1386,4283,61.41
GOOGL,2026-08-11,2026-08-21,367.5,C,0.9,0.96,0.93,30.738,0.102983,0.01025,-0.160343,0.102031,10,343.8,647,865,61.41
GOOGL,2026-08-11,2026-08-21,370.0,C,0.74,0.76,0.75,31.0065,0.082959,0.00866,-0.137648,0.08695,10,343.8,4849,13935,61.41
GOOGL,2026-08-11,2026-08-21,375.0,C,0.48,0.51,0.495,32.0808,0.055908,0.006173,-0.104783,0.064127,10,343.8,2099,6077,61.41
GOOGL,2026-08-11,2026-08-21,380.0,C,0.32,0.4,0.36,34.1071,0.042086,0.004627,-0.088592,0.051102,10,343.8,2042,13060,61.41
GOOGL,2026-08-11,2026-08-21,385.0,C,0.21,0.26,0.235,34.8151,0.027585,0.003203,-0.063807,0.03611,10,343.8,1491,7669,61.41
GOOGL,2026-08-11,2026-08-21,390.0,C,0.16,0.25,0.205,37.7936,0.024537,0.002675,-0.062712,0.032741,10,343.8,1857,12408,61.41
GOOGL,2026-08-11,2026-08-21,395.0,C,0.12,0.18,0.15,38.8678,0.017437,0.001948,-0.048245,0.024517,10,343.8,321,5115,61.41
GOOGL,2026-08-11,2026-08-21,400.0,C,0.1,0.12,0.11,39.4537,0.011599,0.001351,-0.034443,0.017258,10,343.8,4164,25746,61.41
GOOGL,2026-08-11,2026-08-21,405.0,C,0.08,0.22,0.15,45.9966,0.01785,0.001679,-0.058134,0.025012,10,343.8,98,1851,61.41
GOOGL,2026-08-11,2026-08-21,410.0,C,0.05,0.14,0.095,45.8013,0.01156,0.00116,-0.0398,0.017206,10,343.8,1007,6665,61.41
GOOGL,2026-08-11,2026-08-21,415.0,C,0.05,0.06,0.055,43.5553,0.005225,0.000607,-0.018817,0.008558,10,343.8,78,15451,61.41
GOOGL,2026-08-11,2026-08-21,420.0,C,0.01,0.05,0.03,45.1177,0.004273,0.00049,-0.016281,0.007152,10,343.8,295,5372,61.41
GOOGL,2026-08-11,2026-08-21,425.0,C,0.01,0.05,0.03,47.4615,0.004064,0.000445,-0.016367,0.006838,10,343.8,78,1671,61.41
GOOGL,2026-08-11,2026-08-21,430.0,C,0.01,0.05,0.03,49.8052,0.003904,0.000409,-0.016562,0.006597,10,343.8,244,3292,61.41
GOOGL,2026-08-11,2026-08-21,435.0,C,0.01,0.16,0.085,55.1762,0.005878,0.000532,-0.02641,0.0095,10,343.8,47,516,61.41
GOOGL,2026-08-11,2026-08-21,440.0,C,0.02,0.15,0.085,57.52,0.005655,0.000493,-0.026594,0.00918,10,343.8,73,3835,61.41
GOOGL,2026-08-11,2026-08-21,445.0,C,0.01,0.14,0.075,58.9848,0.004891,0.000422,-0.023963,0.008069,10,343.8,93,768,61.41
GOOGL,2026-08-11,2026-08-21,450.0,C,0.01,0.03,0.02,53.5161,0.001427,0.000153,-0.007148,0.002653,10,343.8,122,23350,61.41
GOOGL,2026-08-11,2026-08-21,455.0,C,0.01,0.15,0.08,63.8675,0.004822,0.000385,-0.025603,0.007966,10,343.8,4,530,61.41
GOOGL,2026-08-11,2026-08-21,460.0,C,0.0,0.03,0.015,56.2504,0.001071,0.000112,-0.005777,0.002041,10,343.8,26,3026,61.41
GOOGL,2026-08-11,2026-08-21,465.0,C,0.0,0.22,0.11,70.7034,0.005984,0.000422,-0.034325,0.009652,10,343.8,43,905,61.41
GOOGL,2026-08-11,2026-08-21,470.0,C,0.0,0.15,0.075,69.7269,0.004114,0.000306,-0.02424,0.006913,10,343.8,14,4708,61.41
GOOGL,2026-08-11,2026-08-21,475.0,C,0.01,0.17,0.09,73.2425,0.004697,0.000328,-0.028659,0.007782,10,343.8,67,698,61.41
GOOGL,2026-08-11,2026-08-21,480.0,C,0.0,0.48,0.24,84.7658,0.010692,0.000586,-0.068501,0.016078,10,343.8,9,3149,61.41
GOOGL,2026-08-11,2026-08-21,485.0,C,0.0,0.18,0.09,77.344,0.004451,0.000296,-0.028838,0.007418,10,343.8,26,485,61.41
GOOGL,2026-08-11,2026-08-21,490.0,C,0.0,0.2,0.1,80.2736,0.004761,0.000303,-0.031775,0.007877,10,343.8,1,550,61.41
GOOGL,2026-08-11,2026-08-21,495.0,C,0.0,0.01,0.005,62.5004,0.000268,2.8e-05,-0.001782,0.000567,10,343.8,17,455,61.41
GOOGL,2026-08-11,2026-08-21,500.0,C,0.0,0.01,0.005,64.0629,0.000261,2.7e-05,-0.001778,0.000552,10,343.8,51,4667,61.41
GOOGL,2026-08-11,2026-08-21,505.0,C,0.0,0.01,0.005,65.6253,0.000254,2.5e-05,-0.00178,0.00054,10,343.8,2,138,61.41
GOOGL,2026-08-11,2026-08-21,510.0,C,0.0,0.01,0.005,67.1878,0.00025,2.4e-05,-0.00179,0.00053,10,343.8,1,676,61.41
GOOGL,2026-08-11,2026-08-21,515.0,C,0.0,0.46,0.23,99.2188,0.008839,0.000424,-0.067835,0.013614,10,343.8,2,140,61.41
GOOGL,2026-08-11,2026-08-21,520.0,C,0.0,0.01,0.005,70.3128,0.000243,2.3e-05,-0.001827,0.000517,10,343.8,8,1257,61.41
GOOGL,2026-08-11,2026-08-21,525.0,C,0.0,0.77,0.385,110.352,0.013184,0.00054,-0.106825,0.019282,10,343.8,30,632,61.41
GOOGL,2026-08-11,2026-08-21,530.0,C,0.0,0.01,0.005,73.4378,0.00024,2.2e-05,-0.001887,0.000512,10,343.8,112,476,61.41
GOOGL,2026-08-11,2026-08-21,535.0,C,0.0,0.49,0.245,107.9106,0.008639,0.000382,-0.072288,0.013345,10,343.8,51,1871,61.41
GOOGL,2026-08-11,2026-08-21,540.0,C,0.0,2.13,1.065,135.6204,0.029075,0.000859,-0.256767,0.037727,10,343.8,2,221,61.41
GOOGL,2026-08-11,2026-08-21,545.0,C,0.0,2.13,1.065,137.8421,0.028666,0.000835,-0.257896,0.037285,10,343.8,7,130,61.41
GOOGL,2026-08-11,2026-08-21,550.0,C,0.0,0.01,0.005,79.6877,0.000243,2e-05,-0.002068,0.000517,10,343.8,1,875,61.41
GOOGL,2026-08-11,2026-08-21,555.0,C,0.0,2.13,1.065,142.139,0.027836,0.00079,-0.259478,0.036384,10,343.8,65,583,61.41
GOOGL,2026-08-11,2026-08-21,560.0,C,0.0,0.2,0.1,106.0552,0.00362,0.000179,-0.032807,0.006164,10,343.8,6,681,61.41
GOOGL,2026-08-11,2026-08-21,570.0,C,0.0,1.04,0.52,133.3011,0.014761,0.000492,-0.142149,0.021255,10,343.8,2,531,61.41
GOOGL,2026-08-11,2026-08-21,580.0,C,0.0,0.3,0.15,117.5785,0.004875,0.000211,-0.047454,0.008044,10,343.8,15,3729,61.41
GOOGL,2026-08-11,2026-08-21,590.0,C,0.0,0.1,0.05,108.2036,0.001749,9.1e-05,-0.01734,0.003194,10,343.8,4,300,61.41
GOOGL,2026-08-11,2026-08-21,600.0,C,0.0,0.05,0.025,104.688,0.000901,5.1e-05,-0.009142,0.001741,10,343.8,4,7213,61.41
GOOGL,2026-08-11,2026-08-21,610.0,C,0.0,2.13,1.065,164.1603,0.024383,0.000613,-0.268101,0.032569,10,343.8,10,55,61.41
GOOGL,2026-08-11,2026-08-21,620.0,C,0.0,2.13,1.065,167.9201,0.023916,0.000589,-0.2698,0.032044,10,343.8,12,46,61.41
GOOGL,2026-08-11,2026-08-21,630.0,C,0.0,1.5,0.75,162.842,0.017495,0.000466,-0.200752,0.024587,10,343.8,34,43,61.41
GOOGL,2026-08-11,2026-08-21,640.0,C,0.0,2.13,1.065,175.0978,0.022986,0.000547,-0.272062,0.030992,10,343.8,90,109,61.41
GOOGL,2026-08-11,2026-08-21,650.0,C,0.0,2.13,1.065,178.6134,0.022586,0.000528,-0.273431,0.030537,10,343.8,1,120,61.41
GOOGL,2026-08-11,2026-08-21,660.0,C,0.0,2.13,1.065,182.0313,0.022189,0.00051,-0.274508,0.030084,10,343.8,3,11,61.41
GOOGL,2026-08-11,2026-08-21,670.0,C,0.0,2.13,1.065,185.4005,0.021824,0.000494,-0.275691,0.029666,10,343.8,82,24,61.41
GOOGL,2026-08-11,2026-08-21,680.0,C,0.0,2.13,1.065,188.6719,0.021457,0.000479,-0.27655,0.029244,10,343.8,1,8,61.41
GOOGL,2026-08-11,2026-08-21,690.0,C,0.0,2.13,1.065,191.9434,0.021147,0.000465,-0.277886,0.028886,10,343.8,3,584,61.41
GOOGL,2026-08-11,2026-08-21,700.0,C,0.0,2.13,1.065,195.1172,0.020829,0.000451,-0.278865,0.028517,10,343.8,1,1136,61.41
GOOGL,2026-08-11,2026-08-21,710.0,C,0.0,2.13,1.065,198.2422,0.02053,0.000439,-0.279879,0.028171,10,343.8,1,16,61.41
GOOGL,2026-08-11,2026-08-21,720.0,C,0.0,2.13,1.065,201.3189,0.02025,0.000427,-0.280916,0.027845,10,343.8,1,7,61.41
GOOGL,2026-08-11,2026-08-21,730.0,C,0.0,2.13,1.065,204.2974,0.019957,0.000416,-0.281557,0.027502,10,343.8,5,119,61.41
GOOGL,2026-08-11,2026-08-21,740.0,C,0.0,2.13,1.065,207.2759,0.019705,0.000405,-0.282589,0.027208,10,343.8,5,121,61.41
GOOGL,2026-08-11,2026-08-21,750.0,C,0.0,2.13,1.065,210.1567,0.019438,0.000395,-0.283207,0.026894,10,343.8,10,193,61.41
GOOGL,2026-08-11,2026-08-21,760.0,C,0.0,0.01,0.005,128.1254,0.000142,8e-06,-0.002009,0.000313,10,343.8,11,256,61.41
GOOGL,2026-08-11,2026-08-21,770.0,C,0.0,2.13,1.065,215.8696,0.018986,0.000377,-0.285125,0.026362,10,343.8,4,47,61.41
GOOGL,2026-08-11,2026-08-21,780.0,C,0.0,2.13,1.065,218.6528,0.018771,0.000369,-0.286009,0.026108,10,343.8,7,64,61.41
GOOGL,2026-08-11,2026-08-21,790.0,C,0.0,2.13,1.065,221.3872,0.018562,0.000361,-0.286829,0.02586,10,343.8,0,0,61.41
GOOGL,2026-08-11,2026-08-21,800.0,C,0.0,0.01,0.005,134.3753,0.000116,6e-06,-0.001744,0.000259,10,343.8,1,6492,61.41
GOOGL,2026-08-11,2026-08-21,100.0,P,0.0,0.01,0.005,206.2505,-7.5e-05,3e-06,-0.00177,0.000172,10,343.8,1,295,61.41
GOOGL,2026-08-11,2026-08-21,105.0,P,0.0,0.01,0.005,196.875,-7.1e-05,3e-06,-0.001597,0.000162,10,343.8,2,92,61.41
GOOGL,2026-08-11,2026-08-21,110.0,P,0.0,0.05,0.025,217.188,-0.0004,1.2e-05,-0.008922,0.000823,10,343.8,10,398,61.41
GOOGL,2026-08-11,2026-08-21,115.0,P,0.0,0.01,0.005,184.3751,-9e-05,3e-06,-0.001885,0.000205,10,343.8,1,560,61.41
GOOGL,2026-08-11,2026-08-21,120.0,P,0.0,0.05,0.025,200.7817,-0.000424,1.3e-05,-0.008704,0.000869,10,343.8,1,128,61.41
GOOGL,2026-08-11,2026-08-21,125.0,P,0.0,1.33,0.665,279.6878,-0.007778,0.000134,-0.169858,0.012169,10,343.8,6,36,61.41
GOOGL,2026-08-11,2026-08-21,130.0,P,0.0,0.02,0.01,171.8751,-0.000182,7e-06,-0.003393,0.000396,10,343.8,2,122,61.41
GOOGL,2026-08-11,2026-08-21,135.0,P,0.0,0.06,0.03,182.0313,-0.000564,1.9e-05,-0.010266,0.00113,10,343.8,23,503,61.41
GOOGL,2026-08-11,2026-08-21,140.0,P,0.0,0.1,0.05,183.5938,-0.00093,3e-05,-0.016419,0.001793,10,343.8,2,398,61.41
GOOGL,2026-08-11,2026-08-21,145.0,P,0.0,1.69,0.845,250.684,-0.010994,0.000203,-0.206025,0.016473,10,343.8,9,1133,61.41
GOOGL,2026-08-11,2026-08-21,150.0,P,0.0,0.02,0.01,148.4378,-0.00023,1e-05,-0.003641,0.000492,10,343.8,1,2057,61.41
GOOGL,2026-08-11,2026-08-21,155.0,P,0.0,0.29,0.145,183.3985,-0.002723,8e-05,-0.04364,0.00477,10,343.8,1,70,61.41
GOOGL,2026-08-11,2026-08-21,160.0,P,0.0,0.03,0.015,142.1878,-0.000373,1.7e-05,-0.005467,0.000771,10,343.8,2,830,61.41
GOOGL,2026-08-11,2026-08-21,165.0,P,0.0,0.03,0.015,135.9378,-0.000363,1.7e-05,-0.005092,0.000751,10,343.8,83,818,61.41
GOOGL,2026-08-11,2026-08-21,170.0,P,0.0,0.03,0.015,131.2503,-0.000397,1.9e-05,-0.005341,0.000816,10,343.8,1,722,61.41
GOOGL,2026-08-11,2026-08-21,175.0,P,0.0,0.2,0.1,150.7815,-0.002294,8.4e-05,-0.03072,0.004086,10,343.8,6,403,61.41
GOOGL,2026-08-11,2026-08-21,180.0,P,0.0,0.5,0.25,161.7189,-0.005308,0.000166,-0.069963,0.008678,10,343.8,4,480,61.41
GOOGL,2026-08-11,2026-08-21,185.0,P,0.0,0.03,0.015,115.6254,-0.00042,2.3e-05,-0.004963,0.000861,10,343.8,2,616,61.41
GOOGL,2026-08-11,2026-08-21,190.0,P,0.0,0.02,0.01,107.813,-0.000315,1.9e-05,-0.003542,0.000659,10,343.8,13,876,61.41
GOOGL,2026-08-11,2026-08-21,195.0,P,0.0,1.05,0.525,159.2775,-0.01111,0.000322,-0.131954,0.016623,10,343.8,4,238,61.41
GOOGL,2026-08-11,2026-08-21,200.0,P,0.0,0.05,0.025,107.0317,-0.00081,4.6e-05,-0.008419,0.001579,10,343.8,20,1026,61.41
GOOGL,2026-08-11,2026-08-21,205.0,P,0.0,2.03,1.015,163.6232,-0.020265,0.000526,-0.227152,0.027862,10,343.8,4,424,61.41
GOOGL,2026-08-11,2026-08-21,210.0,P,0.0,0.5,0.25,126.3676,-0.006827,0.000265,-0.068279,0.010847,10,343.8,4,736,61.41
GOOGL,2026-08-11,2026-08-21,215.0,P,0.0,0.1,0.05,100.0005,-0.001723,9.7e-05,-0.015686,0.00315,10,343.8,13,442,61.41
GOOGL,2026-08-11,2026-08-21,220.0,P,0.0,0.1,0.05,95.7032,-0.001843,0.000108,-0.01596,0.003349,10,343.8,17,3343,61.41
GOOGL,2026-08-11,2026-08-21,225.0,P,0.0,0.05,0.025,85.1564,-0.001016,7e-05,-0.00824,0.001944,10,343.8,2,846,61.41
GOOGL,2026-08-11,2026-08-21,230.0,P,0.0,0.02,0.01,75.0003,-0.000469,3.9e-05,-0.003558,0.000953,10,343.8,42,4042,61.41
GOOGL,2026-08-11,2026-08-21,235.0,P,0.0,0.05,0.025,77.344,-0.001167,8.8e-05,-0.008497,0.002208,10,343.8,10,729,61.41
GOOGL,2026-08-11,2026-08-21,240.0,P,0.01,0.05,0.03,74.219,-0.00137,0.000106,-0.009437,0.002556,10,343.8,71,1284,61.41
GOOGL,2026-08-11,2026-08-21,245.0,P,0.01,0.05,0.03,70.3128,-0.00145,0.000118,-0.009414,0.002693,10,343.8,8,986,61.41
GOOGL,2026-08-11,2026-08-21,250.0,P,0.01,0.06,0.035,67.5784,-0.001788,0.000149,-0.010945,0.003258,10,343.8,102,6844,61.41
GOOGL,2026-08-11,2026-08-21,255.0,P,0.01,0.05,0.03,62.891,-0.001683,0.000151,-0.009636,0.003084,10,343.8,13,3025,61.41
GOOGL,2026-08-11,2026-08-21,260.0,P,0.01,0.16,0.085,66.2113,-0.004483,0.000348,-0.024551,0.007465,10,343.8,7,3539,61.41
GOOGL,2026-08-11,2026-08-21,265.0,P,0.01,0.16,0.085,62.1098,-0.004749,0.000391,-0.024233,0.007859,10,343.8,5,2724,61.41
GOOGL,2026-08-11,2026-08-21,270.0,P,0.02,0.17,0.095,58.9848,-0.005634,0.000479,-0.026783,0.00915,10,343.8,16,1884,61.41
GOOGL,2026-08-11,2026-08-21,275.0,P,0.04,0.1,0.07,52.9302,-0.004606,0.000446,-0.020072,0.007647,10,343.8,21,2159,61.41
GOOGL,2026-08-11,2026-08-21,280.0,P,0.07,0.12,0.095,50.9771,-0.00644,0.000624,-0.026026,0.010302,10,343.8,3,4191,61.41
GOOGL,2026-08-11,2026-08-21,285.0,P,0.04,0.12,0.08,48.5357,-0.008477,0.000835,-0.031545,0.013125,10,343.8,19,3182,61.41
GOOGL,2026-08-11,2026-08-21,290.0,P,0.07,0.14,0.105,45.606,-0.010564,0.001077,-0.035899,0.01591,10,343.8,13,3865,61.41
GOOGL,2026-08-11,2026-08-21,295.0,P,0.1,0.16,0.13,42.3834,-0.012815,0.001371,-0.039409,0.018814,10,343.8,28,5212,61.41
GOOGL,2026-08-11,2026-08-21,297.5,P,0.08,0.17,0.125,40.7232,-0.01409,0.001548,-0.041073,0.020421,10,343.8,90,111,61.41
GOOGL,2026-08-11,2026-08-21,300.0,P,0.14,0.18,0.16,39.0631,-0.015549,0.001757,-0.042853,0.022227,10,343.8,135,5205,61.41
GOOGL,2026-08-11,2026-08-21,302.5,P,0.08,0.29,0.185,40.0885,-0.024005,0.002476,-0.063566,0.032144,10,343.8,6,399,61.41
GOOGL,2026-08-11,2026-08-21,305.0,P,0.15,0.31,0.23,38.3795,-0.026626,0.002821,-0.06632,0.03506,10,343.8,96,2236,61.41
GOOGL,2026-08-11,2026-08-21,307.5,P,0.12,0.25,0.185,34.8151,-0.023689,0.00282,-0.054485,0.031789,10,343.8,13,629,61.41
GOOGL,2026-08-11,2026-08-21,310.0,P,0.26,0.34,0.3,34.6198,-0.03198,0.003641,-0.069515,0.040823,10,343.8,1705,9503,61.41
GOOGL,2026-08-11,2026-08-21,312.5,P,0.23,0.44,0.335,34.1315,-0.041285,0.004552,-0.084378,0.050313,10,343.8,18,293,61.41
GOOGL,2026-08-11,2026-08-21,315.0,P,0.44,0.48,0.46,32.447,-0.04698,0.005314,-0.088901,0.055838,10,343.8,717,7436,61.41
GOOGL,2026-08-11,2026-08-21,317.5,P,0.49,0.65,0.57,32.3005,-0.06247,0.006688,-0.11074,0.069959,10,343.8,49,105,61.41
GOOGL,2026-08-11,2026-08-21,320.0,P,0.74,0.79,0.765,31.3483,-0.076616,0.008065,-0.125572,0.081872,10,343.8,286,10058,61.41
GOOGL,2026-08-11,2026-08-21,322.5,P,0.91,1.1,1.005,31.6169,-0.102432,0.009927,-0.156976,0.101633,10,343.8,119,388,61.41
GOOGL,2026-08-11,2026-08-21,325.0,P,1.17,1.35,1.26,30.8112,-0.125443,0.01177,-0.176391,0.117433,10,343.8,419,4881,61.41
GOOGL,2026-08-11,2026-08-21,327.5,P,1.59,1.7,1.645,30.323,-0.155482,0.013838,-0.200403,0.135879,10,343.8,912,1731,61.41
GOOGL,2026-08-11,2026-08-21,330.0,P,2.06,2.19,2.125,30.1887,-0.193438,0.015971,-0.228678,0.156129,10,343.8,2904,7639,61.41
GOOGL,2026-08-11,2026-08-21,332.5,P,2.63,2.77,2.7,29.9812,-0.236114,0.018059,-0.254288,0.17533,10,343.8,1216,1398,61.41
GOOGL,2026-08-11,2026-08-21,335.0,P,3.3,3.45,3.375,29.7248,-0.283531,0.020021,-0.276154,0.19272,10,343.8,1016,4677,61.41
GOOGL,2026-08-11,2026-08-21,337.5,P,4.1,4.3,4.2,29.6943,-0.33664,0.021601,-0.296171,0.207713,10,343.8,2681,599,61.41
GOOGL,2026-08-11,2026-08-21,340.0,P,5.05,5.15,5.1,29.0779,-0.391188,0.023207,-0.303489,0.218525,10,343.8,3847,6971,61.41
GOOGL,2026-08-11,2026-08-21,342.5,P,6.1,6.35,6.225,29.383,-0.450965,0.023679,-0.314565,0.225306,10,343.8,80,311,61.41
GOOGL,2026-08-11,2026-08-21,345.0,P,7.35,7.6,7.475,29.2854,-0.510596,0.02393,-0.313642,0.226943,10,343.8,828,3768,61.41
GOOGL,2026-08-11,2026-08-21,347.5,P,8.7,9.0,8.85,29.2243,-0.569846,0.02362,-0.305746,0.223534,10,343.8,449,4346,61.41
GOOGL,2026-08-11,2026-08-21,350.0,P,10.2,10.5,10.35,28.9985,-0.628195,0.022916,-0.288933,0.215199,10,343.8,918,9307,61.41
GOOGL,2026-08-11,2026-08-21,352.5,P,11.8,12.3,12.05,29.5417,-0.679295,0.021292,-0.2758,0.20369,10,343.8,386,688,61.41
GOOGL,2026-08-11,2026-08-21,355.0,P,13.65,14.5,14.075,31.5314,-0.715173,0.018915,-0.27795,0.193141,10,343.8,612,2980,61.41
GOOGL,2026-08-11,2026-08-21,357.5,P,15.05,16.35,15.7,31.385,-0.760075,0.017403,-0.249244,0.176876,10,343.8,52,641,61.41
GOOGL,2026-08-11,2026-08-21,360.0,P,17.45,18.65,18.05,33.2526,-0.785372,0.015426,-0.246734,0.166107,10,343.8,1106,13010,61.41
GOOGL,2026-08-11,2026-08-21,362.5,P,19.2,20.75,19.975,33.6799,-0.816969,0.013835,-0.223332,0.150891,10,343.8,74,220,61.41
GOOGL,2026-08-11,2026-08-21,365.0,P,21.45,23.05,22.25,35.0348,-0.837746,0.012316,-0.213038,0.139729,10,343.8,126,4474,61.41
GOOGL,2026-08-11,2026-08-21,367.5,P,23.65,25.35,24.5,36.1701,-0.856896,0.010975,-0.199854,0.128556,10,343.8,95,414,61.41
GOOGL,2026-08-11,2026-08-21,370.0,P,26.0,27.75,26.875,37.8424,-0.86968,0.00984,-0.194832,0.120587,10,343.8,155,3010,61.41
GOOGL,2026-08-11,2026-08-21,375.0,P,30.6,32.55,31.575,40.7965,-0.892048,0.007991,-0.18073,0.105568,10,343.8,12,2449,61.41
GOOGL,2026-08-11,2026-08-21,380.0,P,36.05,37.25,36.65,42.2613,-0.916448,0.006388,-0.148768,0.087417,10,343.8,10,2694,61.41
GOOGL,2026-08-11,2026-08-21,385.0,P,40.45,42.7,41.575,50.7085,-0.902227,0.005982,-0.213072,0.098237,10,343.8,61,243,61.41
GOOGL,2026-08-11,2026-08-21,390.0,P,45.15,47.65,46.4,54.3217,-0.910846,0.005216,-0.212431,0.091764,10,343.8,1,2899,61.41
GOOGL,2026-08-11,2026-08-21,395.0,P,50.1,52.65,51.375,58.2768,-0.916264,0.00464,-0.217631,0.087561,10,343.8,66,286,61.41
GOOGL,2026-08-11,2026-08-21,400.0,P,55.1,57.65,56.375,62.1098,-0.920936,0.004169,-0.222215,0.08385,10,343.8,67,591,61.41
GOOGL,2026-08-11,2026-08-21,405.0,P,60.1,62.65,61.375,65.8451,-0.924967,0.003779,-0.226459,0.08058,10,343.8,1,19,61.41
GOOGL,2026-08-11,2026-08-21,410.0,P,65.1,67.65,66.375,69.4827,-0.928509,0.003451,-0.230315,0.077654,10,343.8,2,36,61.41
GOOGL,2026-08-11,2026-08-21,415.0,P,69.5,73.2,71.35,78.8698,-0.914449,0.003484,-0.311362,0.08898,10,343.8,95,0,61.41
GOOGL,2026-08-11,2026-08-21,420.0,P,75.1,77.65,76.375,52.7348,-0.987395,0.001086,-0.00646,0.018548,10,343.8,8,0,61.41
GOOGL,2026-08-11,2026-08-21,425.0,P,80.1,82.65,81.375,55.3715,-0.987979,0.000993,-0.006306,0.017801,10,343.8,1494,2,61.41
GOOGL,2026-08-11,2026-08-21,430.0,P,85.0,87.65,86.325,55.4692,-0.991337,0.000745,0.006501,0.013377,10,343.8,22,0,61.41
GOOGL,2026-08-11,2026-08-21,435.0,P,90.1,92.65,91.375,60.4496,-0.989026,0.00084,-0.005672,0.016446,10,343.8,100,0,61.41
GOOGL,2026-08-11,2026-08-21,440.0,P,95.1,97.65,96.375,62.9887,-0.9894,0.000782,-0.005696,0.015957,10,343.8,3057,0,61.41
GOOGL,2026-08-11,2026-08-21,445.0,P,100.1,102.65,101.375,65.43,-0.989797,0.000728,-0.005412,0.015435,10,343.8,76,0,61.41
GOOGL,2026-08-11,2026-08-21,450.0,P,105.1,107.65,106.375,67.8714,-0.99012,0.000683,-0.005323,0.015007,10,343.8,50,0,61.41
GOOGL,2026-08-11,2026-08-21,460.0,P,87.8,90.8,89.3,0.001,-1.0,0.0,0.04696,0.0,10,343.8,3,0,61.41
GOOGL,2026-08-11,2026-08-21,470.0,P,96.9,99.7,98.3,0.001,-1.0,0.0,0.047981,0.0,10,343.8,5,15,61.41
GOOGL,2026-08-11,2026-08-21,485.0,P,140.1,142.9,141.5,89.6974,-0.98734,0.000641,-0.03441,0.018618,10,343.8,0,0,61.41
GOOGL,2026-08-11,2026-08-21,490.0,P,145.1,147.65,146.375,85.7423,-0.99221,0.000439,-0.002478,0.012185,10,343.8,1,0,61.41
GOOGL,2026-08-11,2026-08-21,500.0,P,155.0,157.6,156.3,84.3752,-0.995403,0.000279,0.018679,0.007635,10,343.8,2,0,61.41
GOOGL,2026-08-11,2026-08-21,520.0,P,174.5,178.1,176.3,91.9923,-0.995788,0.000237,0.020465,0.007061,10,343.8,1,0,61.41
GOOGL,2026-08-11,2026-08-21,530.0,P,164.7,168.35,166.525,0.001,-1.0,0.0,0.054106,0.0,10,343.8,10,0,61.41
GOOGL,2026-08-11,2026-08-21,600.0,P,255.0,258.1,256.55,137.2073,-0.990201,0.000335,-0.041287,0.0149,10,343.8,0,0,61.41
GOOGL,2026-08-11,2026-08-21,740.0,P,395.0,397.65,396.325,160.7424,-0.996969,0.000101,0.033207,0.005256,10,343.8,1,0,61.41
GOOGL,2026-08-11,2026-08-21,800.0,P,455.1,457.65,456.375,180.6642,-0.996222,0.000109,0.023688,0.006405,10,343.8,15,0,61.41
GOOGL,2026-08-11,2026-08-28,100.0,C,242.4,245.95,244.175,243.5551,0.995545,7.2e-05,-0.079349,0.009679,17,343.8,2,6,61.41
GOOGL,2026-08-11,2026-08-28,195.0,C,147.75,150.6,149.175,118.4574,0.990683,0.000285,-0.084303,0.01859,17,343.8,1,1,61.41
GOOGL,2026-08-11,2026-08-28,200.0,C,142.8,145.55,144.175,113.6723,0.990308,0.000307,-0.084365,0.019242,17,343.8,1,3,61.41
GOOGL,2026-08-11,2026-08-28,210.0,C,132.65,135.6,134.125,102.3442,0.990617,0.000332,-0.077371,0.018705,17,343.8,4,6,61.41
GOOGL,2026-08-11,2026-08-28,220.0,C,122.6,126.25,124.425,103.5649,0.982867,0.000552,-0.117709,0.03149,17,343.8,1,2,61.41
GOOGL,2026-08-11,2026-08-28,225.0,C,117.55,121.25,119.4,98.3399,0.982654,0.000588,-0.11434,0.031824,17,343.8,2,1,61.41
GOOGL,2026-08-11,2026-08-28,230.0,C,112.7,116.4,114.55,97.5098,0.978498,0.000712,-0.132188,0.038196,17,343.8,2,10,61.41
GOOGL,2026-08-11,2026-08-28,235.0,C,107.4,111.1,109.25,85.4005,0.984842,0.000603,-0.094618,0.028352,17,343.8,0,1,61.41
GOOGL,2026-08-11,2026-08-28,245.0,C,97.75,101.4,99.575,84.6925,0.97468,0.00094,-0.133214,0.043829,17,343.8,0,27,61.41
GOOGL,2026-08-11,2026-08-28,250.0,C,92.95,95.7,94.325,75.0979,0.980183,0.000862,-0.103495,0.035645,17,343.8,2,2,61.41
GOOGL,2026-08-11,2026-08-28,255.0,C,88.0,91.15,89.575,76.1233,0.97203,0.001137,-0.131604,0.04763,17,343.8,2,2,61.41
GOOGL,2026-08-11,2026-08-28,260.0,C,82.8,86.0,84.4,68.6527,0.975663,0.001122,-0.111226,0.042397,17,343.8,1,5,61.41
GOOGL,2026-08-11,2026-08-28,265.0,C,78.05,81.2,79.625,68.6527,0.967327,0.001433,-0.135211,0.054178,17,343.8,0,1,61.41
GOOGL,2026-08-11,2026-08-28,270.0,C,73.05,76.35,74.7,65.6498,0.963161,0.001654,-0.141615,0.059788,17,343.8,38,42,61.41
GOOGL,2026-08-11,2026-08-28,275.0,C,67.7,71.25,69.475,58.1303,0.968304,0.001651,-0.117217,0.052836,17,343.8,4,22,61.41
GOOGL,2026-08-11,2026-08-28,280.0,C,63.1,66.0,64.55,55.3471,0.963496,0.001948,-0.123819,0.059343,17,343.8,1,28,61.41
GOOGL,2026-08-11,2026-08-28,285.0,C,58.15,61.45,59.8,54.6147,0.95205,0.002461,-0.14618,0.074006,17,343.8,1,5,61.41
GOOGL,2026-08-11,2026-08-28,290.0,C,53.2,56.4,54.8,50.5376,0.948532,0.002815,-0.144086,0.078307,17,343.8,26,23,61.41
GOOGL,2026-08-11,2026-08-28,295.0,C,48.3,51.6,49.95,61.0966,0.892534,0.004079,-0.272604,0.137198,17,343.8,26,11,61.41
GOOGL,2026-08-11,2026-08-28,300.0,C,43.45,45.8,44.625,50.8062,0.905501,0.004466,-0.213771,0.124918,17,343.8,13,110,61.41
GOOGL,2026-08-11,2026-08-28,305.0,C,38.55,41.1,39.825,48.2671,0.888453,0.005303,-0.22704,0.140919,17,343.8,86,40,61.41
GOOGL,2026-08-11,2026-08-28,310.0,C,34.0,36.5,35.25,45.9478,0.866658,0.006315,-0.242559,0.159733,17,343.8,85,123,61.41
GOOGL,2026-08-11,2026-08-28,315.0,C,29.25,31.75,30.5,42.4078,0.846293,0.007531,-0.24577,0.175825,17,343.8,106,199,61.41
GOOGL,2026-08-11,2026-08-28,320.0,C,24.75,27.3,26.025,40.0275,0.814276,0.00901,-0.259527,0.198533,17,343.8,101,596,61.41
GOOGL,2026-08-11,2026-08-28,325.0,C,21.5,23.3,22.4,38.9899,0.767618,0.010557,-0.284423,0.226595,17,343.8,2,388,61.41
GOOGL,2026-08-11,2026-08-28,330.0,C,17.2,18.45,17.825,33.7897,0.733054,0.013113,-0.266273,0.243928,17,343.8,38,945,61.41
GOOGL,2026-08-11,2026-08-28,335.0,C,13.7,14.9,14.3,32.8742,0.664741,0.014941,-0.283258,0.27039,17,343.8,45,644,61.41
GOOGL,2026-08-11,2026-08-28,340.0,C,11.05,11.45,11.25,31.1286,0.588969,0.016842,-0.283752,0.28861,17,343.8,61,882,61.41
GOOGL,2026-08-11,2026-08-28,345.0,C,8.45,8.85,8.65,30.9333,0.502876,0.017382,-0.286058,0.295994,17,343.8,355,497,61.41
GOOGL,2026-08-11,2026-08-28,350.0,C,6.35,6.65,6.5,30.677,0.416591,0.017143,-0.275172,0.289508,17,343.8,412,1035,61.41
GOOGL,2026-08-11,2026-08-28,355.0,C,4.65,4.8,4.725,30.2192,0.332759,0.016205,-0.250821,0.269595,17,343.8,900,503,61.41
GOOGL,2026-08-11,2026-08-28,360.0,C,3.35,3.45,3.4,30.207,0.258799,0.014438,-0.222055,0.240093,17,343.8,1134,1211,61.41
GOOGL,2026-08-11,2026-08-28,365.0,C,2.35,2.42,2.385,30.2009,0.195219,0.012312,-0.188451,0.204706,17,343.8,419,927,61.41
GOOGL,2026-08-11,2026-08-28,370.0,C,1.6,1.71,1.655,30.5061,0.14543,0.01009,-0.156977,0.169448,17,343.8,426,896,61.41
GOOGL,2026-08-11,2026-08-28,375.0,C,0.96,1.28,1.12,31.4216,0.110956,0.008116,-0.133512,0.140384,17,343.8,383,1026,61.41
GOOGL,2026-08-11,2026-08-28,380.0,C,0.8,0.85,0.825,31.3728,0.077936,0.006261,-0.102443,0.108143,17,343.8,1056,900,61.41
GOOGL,2026-08-11,2026-08-28,385.0,C,0.54,0.63,0.585,32.2028,0.058343,0.004877,-0.083885,0.086465,17,343.8,211,675,61.41
GOOGL,2026-08-11,2026-08-28,390.0,C,0.4,0.46,0.43,32.9108,0.04315,0.003753,-0.067283,0.067988,17,343.8,193,1535,61.41
GOOGL,2026-08-11,2026-08-28,395.0,C,0.27,0.51,0.39,36.2311,0.043251,0.003415,-0.074059,0.068117,17,343.8,62,323,61.41
GOOGL,2026-08-11,2026-08-28,400.0,C,0.25,0.28,0.265,34.9616,0.025834,0.002316,-0.046716,0.044573,17,343.8,2209,1823,61.41
GOOGL,2026-08-11,2026-08-28,405.0,C,0.15,0.36,0.255,38.9166,0.029517,0.002325,-0.058017,0.04981,17,343.8,34,287,61.41
GOOGL,2026-08-11,2026-08-28,410.0,C,0.12,0.34,0.23,40.8941,0.02671,0.002036,-0.056034,0.045833,17,343.8,47,493,61.41
GOOGL,2026-08-11,2026-08-28,415.0,C,0.01,0.31,0.16,42.5787,0.023659,0.001766,-0.052653,0.041403,17,343.8,109,237,61.41
GOOGL,2026-08-11,2026-08-28,420.0,C,0.08,0.29,0.185,44.3365,0.02137,0.001557,-0.050274,0.037998,17,343.8,147,605,61.41
GOOGL,2026-08-11,2026-08-28,425.0,C,0.04,0.2,0.12,44.0435,0.015199,0.001172,-0.03733,0.028418,17,343.8,19,164,61.41
GOOGL,2026-08-11,2026-08-28,430.0,C,0.03,0.19,0.11,45.7525,0.013945,0.001048,-0.035983,0.026388,17,343.8,44,211,61.41
GOOGL,2026-08-11,2026-08-28,435.0,C,0.01,0.16,0.085,46.6802,0.011667,0.00088,-0.031447,0.022616,17,343.8,47,208,61.41
GOOGL,2026-08-11,2026-08-28,440.0,C,0.02,0.06,0.04,43.1646,0.004894,0.000443,-0.013531,0.010526,17,343.8,3,927,61.41
GOOGL,2026-08-11,2026-08-28,445.0,C,0.01,0.18,0.095,51.27,0.011885,0.000814,-0.035057,0.022981,17,343.8,1,107,61.41
GOOGL,2026-08-11,2026-08-28,450.0,C,0.01,0.12,0.065,50.4888,0.008196,0.000598,-0.024948,0.016614,17,343.8,9,1572,61.41
GOOGL,2026-08-11,2026-08-28,455.0,C,0.01,0.22,0.115,52.0513,0.007695,0.000549,-0.024322,0.015717,17,343.8,2,275,61.41
GOOGL,2026-08-11,2026-08-28,460.0,C,0.01,0.19,0.1,52.9302,0.006632,0.000473,-0.021684,0.013784,17,343.8,1,73,61.41
GOOGL,2026-08-11,2026-08-28,465.0,C,0.01,0.21,0.11,55.1762,0.006911,0.000471,-0.023435,0.014297,17,343.8,8,24,61.41
GOOGL,2026-08-11,2026-08-28,470.0,C,0.01,0.2,0.105,56.6411,0.006522,0.000436,-0.022849,0.013583,17,343.8,9,24,61.41
GOOGL,2026-08-11,2026-08-28,475.0,C,0.01,0.21,0.11,58.5942,0.006581,0.000424,-0.023818,0.013692,17,343.8,2,29,61.41
GOOGL,2026-08-11,2026-08-28,480.0,C,0.01,0.04,0.025,51.9536,0.001837,0.000152,-0.006716,0.004354,17,343.8,42,99,61.41
GOOGL,2026-08-11,2026-08-28,485.0,C,0.01,0.2,0.105,61.5238,0.006002,0.000373,-0.023038,0.01262,17,343.8,2,37,61.41
GOOGL,2026-08-11,2026-08-28,490.0,C,0.01,0.2,0.105,63.0863,0.005838,0.000355,-0.023042,0.012313,17,343.8,32,108,61.41
GOOGL,2026-08-11,2026-08-28,495.0,C,0.0,0.69,0.345,74.9514,0.015318,0.000693,-0.063576,0.028609,17,343.8,2,118,61.41
GOOGL,2026-08-11,2026-08-28,500.0,C,0.0,0.18,0.09,65.0394,0.004857,0.000292,-0.020162,0.010455,17,343.8,4,51,61.41
GOOGL,2026-08-11,2026-08-28,505.0,C,0.0,2.03,1.015,92.5294,0.034614,0.001115,-0.155739,0.056812,17,343.8,4,16,61.41
GOOGL,2026-08-11,2026-08-28,510.0,C,0.0,0.11,0.055,64.6488,0.003032,0.000193,-0.013135,0.006854,17,343.8,38,34,61.41
GOOGL,2026-08-11,2026-08-28,515.0,C,0.0,0.23,0.115,71.4847,0.005687,0.000306,-0.025481,0.012029,17,343.8,8,31,61.41
GOOGL,2026-08-11,2026-08-28,520.0,C,0.0,0.12,0.06,68.1644,0.003192,0.000191,-0.014501,0.007179,17,343.8,22,31,61.41
GOOGL,2026-08-11,2026-08-28,525.0,C,0.0,1.98,0.99,99.4873,0.031708,0.000965,-0.15568,0.052853,17,343.8,4,30,61.41
GOOGL,2026-08-11,2026-08-28,530.0,C,0.0,1.35,0.675,95.2637,0.023077,0.000773,-0.114352,0.040544,17,343.8,20,170,61.41
GOOGL,2026-08-11,2026-08-28,535.0,C,0.0,1.97,0.985,102.9302,0.030617,0.000906,-0.156425,0.051343,17,343.8,10,24,61.41
GOOGL,2026-08-11,2026-08-28,540.0,C,0.0,0.13,0.065,74.219,0.003187,0.000175,-0.015753,0.007168,17,343.8,25,214,61.41
GOOGL,2026-08-11,2026-08-28,545.0,C,0.0,1.95,0.975,106.2016,0.029513,0.000852,-0.15652,0.049804,17,343.8,5,31,61.41
GOOGL,2026-08-11,2026-08-28,550.0,C,0.0,2.13,1.065,109.4487,0.031179,0.000865,-0.168789,0.052123,17,343.8,3,29,61.41
GOOGL,2026-08-11,2026-08-28,100.0,P,0.0,2.13,1.065,283.887,-0.010042,0.000127,-0.165277,0.019848,17,343.8,2,1,61.41
GOOGL,2026-08-11,2026-08-28,105.0,P,0.0,2.13,1.065,273.2425,-0.010467,0.000137,-0.164917,0.020578,17,343.8,2,0,61.41
GOOGL,2026-08-11,2026-08-28,110.0,P,0.0,2.13,1.065,263.0863,-0.010894,0.000147,-0.164398,0.021307,17,343.8,2,0,61.41
GOOGL,2026-08-11,2026-08-28,115.0,P,0.0,2.13,1.065,253.516,-0.011353,0.000158,-0.164187,0.022085,17,343.8,4,1,61.41
GOOGL,2026-08-11,2026-08-28,120.0,P,0.0,2.13,1.065,244.2387,-0.011795,0.00017,-0.163495,0.02283,17,343.8,2,0,61.41
GOOGL,2026-08-11,2026-08-28,125.0,P,0.0,2.13,1.065,235.4496,-0.012269,0.000182,-0.163076,0.023624,17,343.8,4,0,61.41
GOOGL,2026-08-11,2026-08-28,130.0,P,0.0,0.12,0.06,157.8127,-0.001219,3.4e-05,-0.013858,0.002996,17,343.8,4,0,61.41
GOOGL,2026-08-11,2026-08-28,135.0,P,0.0,2.13,1.065,218.8481,-0.013242,0.000209,-0.161887,0.025237,17,343.8,16,1,61.41
GOOGL,2026-08-11,2026-08-28,175.0,P,0.0,2.13,1.065,163.1349,-0.017909,0.000364,-0.156193,0.032703,17,343.8,2,1,61.41
GOOGL,2026-08-11,2026-08-28,185.0,P,0.0,2.13,1.065,151.1721,-0.019323,0.000419,-0.154359,0.03489,17,343.8,4,51,61.41
GOOGL,2026-08-11,2026-08-28,190.0,P,0.0,2.13,1.065,145.4593,-0.020103,0.000451,-0.153568,0.036082,17,343.8,6,60,61.41
GOOGL,2026-08-11,2026-08-28,195.0,P,0.0,0.89,0.445,121.4359,-0.010684,0.000313,-0.074414,0.02095,17,343.8,41,60,61.41
GOOGL,2026-08-11,2026-08-28,200.0,P,0.0,2.13,1.065,134.3753,-0.02174,0.000521,-0.151516,0.038553,17,343.8,10,36,61.41
GOOGL,2026-08-11,2026-08-28,205.0,P,0.0,0.32,0.16,97.461,-0.005061,0.000202,-0.030895,0.010844,17,343.8,2,101,61.41
GOOGL,2026-08-11,2026-08-28,210.0,P,0.0,2.13,1.065,123.7797,-0.023549,0.000605,-0.149222,0.041241,17,343.8,4,13,61.41
GOOGL,2026-08-11,2026-08-28,215.0,P,0.0,2.14,1.07,118.7748,-0.024635,0.000655,-0.148673,0.042832,17,343.8,3,40,61.41
GOOGL,2026-08-11,2026-08-28,220.0,P,0.0,1.43,0.715,105.9087,-0.01899,0.00059,-0.106355,0.034377,17,343.8,2,31,61.41
GOOGL,2026-08-11,2026-08-28,225.0,P,0.0,2.14,1.07,108.8383,-0.026817,0.000767,-0.146171,0.045985,17,343.8,10,14,61.41
GOOGL,2026-08-11,2026-08-28,230.0,P,0.0,2.15,1.075,104.102,-0.028112,0.000835,-0.145366,0.04783,17,343.8,4,14,61.41
GOOGL,2026-08-11,2026-08-28,235.0,P,0.0,0.1,0.05,64.4535,-0.002421,0.000158,-0.010516,0.005594,17,343.8,1,29,61.41
GOOGL,2026-08-11,2026-08-28,240.0,P,0.01,0.2,0.105,66.6019,-0.004876,0.000286,-0.02037,0.010491,17,343.8,7,485,61.41
GOOGL,2026-08-11,2026-08-28,245.0,P,0.02,0.21,0.115,63.8675,-0.00555,0.000335,-0.021909,0.011772,17,343.8,12,23,61.41
GOOGL,2026-08-11,2026-08-28,250.0,P,0.01,0.22,0.115,60.352,-0.005792,0.000368,-0.021491,0.012227,17,343.8,2,80,61.41
GOOGL,2026-08-11,2026-08-28,255.0,P,0.01,0.23,0.12,57.3246,-0.006367,0.000421,-0.022186,0.013297,17,343.8,2,25,61.41
GOOGL,2026-08-11,2026-08-28,260.0,P,0.04,0.24,0.14,55.0786,-0.007667,0.000517,-0.025099,0.015666,17,343.8,77,36,61.41
GOOGL,2026-08-11,2026-08-28,265.0,P,0.01,0.16,0.085,52.6372,-0.009045,0.000625,-0.027712,0.018113,17,343.8,3,77,61.41
GOOGL,2026-08-11,2026-08-28,270.0,P,0.02,0.27,0.145,53.2231,-0.014767,0.000946,-0.042857,0.027724,17,343.8,26,569,61.41
GOOGL,2026-08-11,2026-08-28,275.0,P,0.05,0.28,0.165,49.9517,-0.016125,0.001087,-0.043336,0.029898,17,343.8,10,195,61.41
GOOGL,2026-08-11,2026-08-28,280.0,P,0.05,0.31,0.18,47.2662,-0.018746,0.001307,-0.046585,0.034002,17,343.8,25,708,61.41
GOOGL,2026-08-11,2026-08-28,285.0,P,0.1,0.26,0.18,42.5299,-0.017498,0.001369,-0.03947,0.032062,17,343.8,2,4276,61.41
GOOGL,2026-08-11,2026-08-28,290.0,P,0.16,0.29,0.225,39.8444,-0.020562,0.001677,-0.042355,0.036779,17,343.8,2,446,61.41
GOOGL,2026-08-11,2026-08-28,295.0,P,0.13,0.34,0.235,37.4518,-0.025238,0.00212,-0.047233,0.04371,17,343.8,5,270,61.41
GOOGL,2026-08-11,2026-08-28,300.0,P,0.26,0.39,0.325,34.8395,-0.030521,0.00267,-0.051371,0.051211,17,343.8,69,4691,61.41
GOOGL,2026-08-11,2026-08-28,305.0,P,0.31,0.69,0.5,35.2057,-0.050822,0.004,-0.078429,0.077524,17,343.8,36,200,61.41
GOOGL,2026-08-11,2026-08-28,310.0,P,0.55,0.78,0.665,32.3005,-0.061252,0.005051,-0.083116,0.089824,17,343.8,37,732,61.41
GOOGL,2026-08-11,2026-08-28,315.0,P,0.91,1.13,1.02,31.2507,-0.087441,0.006855,-0.105221,0.117927,17,343.8,196,1311,61.41
GOOGL,2026-08-11,2026-08-28,320.0,P,1.57,1.67,1.62,30.5061,-0.125285,0.009109,-0.132709,0.152979,17,343.8,155,438,61.41
GOOGL,2026-08-11,2026-08-28,325.0,P,2.17,2.5,2.335,30.1277,-0.177711,0.011644,-0.164664,0.19313,17,343.8,256,715,61.41
GOOGL,2026-08-11,2026-08-28,330.0,P,3.35,3.55,3.45,29.4197,-0.240607,0.014261,-0.191079,0.230975,17,343.8,369,1003,61.41
GOOGL,2026-08-11,2026-08-28,335.0,P,4.55,5.3,4.925,30.03,-0.323008,0.016112,-0.223422,0.26637,17,343.8,356,660,61.41
GOOGL,2026-08-11,2026-08-28,340.0,P,6.4,7.3,6.85,29.9629,-0.408627,0.017472,-0.238932,0.288203,17,343.8,136,381,61.41
GOOGL,2026-08-11,2026-08-28,345.0,P,8.8,9.45,9.125,28.968,-0.498679,0.018561,-0.233764,0.296,17,343.8,186,851,61.41
GOOGL,2026-08-11,2026-08-28,350.0,P,11.5,12.65,12.075,30.0117,-0.585796,0.0175,-0.233404,0.28913,17,343.8,243,839,61.41
GOOGL,2026-08-11,2026-08-28,355.0,P,14.8,15.9,15.35,29.8652,-0.66938,0.016356,-0.211127,0.268904,17,343.8,86,667,61.41
GOOGL,2026-08-11,2026-08-28,360.0,P,18.6,20.0,19.3,31.623,-0.730753,0.014072,-0.200211,0.244985,17,343.8,82,586,61.41
GOOGL,2026-08-11,2026-08-28,365.0,P,22.1,24.25,23.175,33.0939,-0.781649,0.012007,-0.183047,0.218743,17,343.8,23,137,61.41
GOOGL,2026-08-11,2026-08-28,370.0,P,26.2,28.75,27.475,34.9494,-0.819371,0.010141,-0.168916,0.195118,17,343.8,33,117,61.41
GOOGL,2026-08-11,2026-08-28,375.0,P,30.65,33.35,32.0,36.7316,-0.84949,0.008575,-0.15414,0.173387,17,343.8,2,106,61.41
GOOGL,2026-08-11,2026-08-28,380.0,P,35.4,38.65,37.025,42.0904,-0.850262,0.007457,-0.180169,0.172794,17,343.8,1,39,61.41
GOOGL,2026-08-11,2026-08-28,385.0,P,40.15,43.5,41.825,44.8004,-0.865274,0.006523,-0.177207,0.16087,17,343.8,1,61,61.41
GOOGL,2026-08-11,2026-08-28,390.0,P,45.15,48.15,46.65,45.9844,-0.885587,0.005668,-0.15812,0.143493,17,343.8,1,133,61.41
GOOGL,2026-08-11,2026-08-28,395.0,P,50.0,52.9,51.45,47.4493,-0.901045,0.004947,-0.143351,0.129218,17,343.8,0,6,61.41
GOOGL,2026-08-11,2026-08-28,400.0,P,55.0,57.9,56.45,50.5254,-0.906259,0.004464,-0.146861,0.124178,17,343.8,0,3,61.41
GOOGL,2026-08-11,2026-08-28,405.0,P,60.15,62.5,61.325,50.1714,-0.92547,0.003784,-0.115424,0.104527,17,343.8,1,5,61.41
GOOGL,2026-08-11,2026-08-28,410.0,P,64.3,67.95,66.125,56.8242,-0.91316,0.00375,-0.157141,0.117322,17,343.8,1,1,61.41
GOOGL,2026-08-11,2026-08-28,420.0,P,75.1,78.05,76.575,63.2816,-0.916954,0.003257,-0.17107,0.113458,17,343.8,1,0,61.41
GOOGL,2026-08-11,2026-08-28,430.0,P,85.1,88.3,86.7,53.0766,-0.969994,0.001728,-0.035968,0.050494,17,343.8,2,0,61.41
GOOGL,2026-08-11,2026-08-28,455.0,P,110.1,113.3,111.7,63.7699,-0.974698,0.001248,-0.036585,0.043803,17,343.8,0,0,61.41
GOOGL,2026-08-11,2026-08-28,485.0,P,140.1,143.3,141.7,75.4885,-0.978307,0.000926,-0.036685,0.038484,17,343.8,1,0,61.41
GOOGL,2026-08-11,2026-09-04,115.0,C,227.5,231.15,229.325,193.0664,0.993141,0.000112,-0.079307,0.016874,24,343.8,0,2,61.41
GOOGL,2026-08-11,2026-09-04,190.0,C,152.65,156.45,154.55,116.2602,0.984085,0.000389,-0.103824,0.035127,24,343.8,0,1,61.41
GOOGL,2026-08-11,2026-09-04,195.0,C,147.65,151.3,149.475,109.8149,0.98474,0.000397,-0.096801,0.033883,24,343.8,0,1,61.41
GOOGL,2026-08-11,2026-09-04,230.0,C,112.75,116.4,114.575,83.2033,0.977373,0.000733,-0.104714,0.047381,24,343.8,0,0,61.41
GOOGL,2026-08-11,2026-09-04,235.0,C,107.5,111.6,109.55,78.882,0.976938,0.000785,-0.102203,0.048147,24,343.8,0,1,61.41
GOOGL,2026-08-11,2026-09-04,255.0,C,87.7,91.4,89.55,64.2093,0.97206,0.001133,-0.100582,0.056541,24,343.8,3,38,61.41
GOOGL,2026-08-11,2026-09-04,260.0,C,82.95,86.7,84.825,64.4535,0.963101,0.00142,-0.120633,0.071133,24,343.8,6,1,61.41
GOOGL,2026-08-11,2026-09-04,265.0,C,77.55,81.65,79.6,57.8862,0.967451,0.001426,-0.103188,0.06417,24,343.8,6,55,61.41
GOOGL,2026-08-11,2026-09-04,270.0,C,72.7,76.6,74.65,55.0786,0.963981,0.001629,-0.106211,0.069742,24,343.8,1,1,61.41
GOOGL,2026-08-11,2026-09-04,275.0,C,68.05,71.65,69.85,53.9067,0.955641,0.001972,-0.119149,0.082602,24,343.8,0,0,61.41
GOOGL,2026-08-11,2026-09-04,280.0,C,63.1,66.7,64.9,50.8794,0.951279,0.002252,-0.121138,0.089062,24,343.8,0,16,61.41
GOOGL,2026-08-11,2026-09-04,285.0,C,58.4,61.55,59.975,59.7782,0.905965,0.003183,-0.209673,0.147887,24,343.8,0,15,61.41
GOOGL,2026-08-11,2026-09-04,290.0,C,53.5,56.8,55.15,57.1415,0.894612,0.003619,-0.216927,0.160732,24,343.8,208,29,61.41
GOOGL,2026-08-11,2026-09-04,295.0,C,48.6,51.85,50.225,53.2414,0.886386,0.0041,-0.213972,0.169647,24,343.8,208,16,61.41
GOOGL,2026-08-11,2026-09-04,300.0,C,43.8,47.1,45.45,50.3545,0.872644,0.004698,-0.218677,0.183855,24,343.8,64,23,61.41
GOOGL,2026-08-11,2026-09-04,305.0,C,39.1,42.4,40.75,47.5347,0.85622,0.005408,-0.223563,0.199792,24,343.8,60,14,61.41
GOOGL,2026-08-11,2026-09-04,310.0,C,34.45,37.1,35.775,41.8341,0.851112,0.006291,-0.204324,0.204531,24,343.8,38,45,61.41
GOOGL,2026-08-11,2026-09-04,315.0,C,30.0,32.6,31.3,39.649,0.825225,0.007369,-0.21318,0.227066,24,343.8,1,105,61.41
GOOGL,2026-08-11,2026-09-04,320.0,C,26.0,28.3,27.15,37.8363,0.791949,0.008593,-0.224071,0.252683,24,343.8,99,166,61.41
GOOGL,2026-08-11,2026-09-04,325.0,C,22.2,23.75,22.975,34.6625,0.759507,0.010185,-0.22235,0.274368,24,343.8,43,110,61.41
GOOGL,2026-08-11,2026-09-04,330.0,C,18.55,19.95,19.25,33.5212,0.708195,0.011617,-0.234165,0.302647,24,343.8,21,181,61.41
GOOGL,2026-08-11,2026-09-04,335.0,C,15.35,16.45,15.9,32.5141,0.648809,0.012938,-0.242548,0.326942,24,343.8,30,103,61.41
GOOGL,2026-08-11,2026-09-04,340.0,C,12.8,13.35,13.075,31.8,0.582054,0.013928,-0.247119,0.344237,24,343.8,24,132,61.41
GOOGL,2026-08-11,2026-09-04,345.0,C,10.1,10.85,10.475,31.8183,0.511228,0.014217,-0.24988,0.351563,24,343.8,44,225,61.41
GOOGL,2026-08-11,2026-09-04,350.0,C,8.1,8.4,8.25,31.0065,0.438728,0.014422,-0.239047,0.347546,24,343.8,282,507,61.41
GOOGL,2026-08-11,2026-09-04,355.0,C,6.2,6.5,6.35,30.7685,0.368517,0.013901,-0.225362,0.332423,24,343.8,155,254,61.41
GOOGL,2026-08-11,2026-09-04,360.0,C,4.7,5.05,4.875,30.9272,0.30502,0.012848,-0.209167,0.30881,24,343.8,400,983,61.41
GOOGL,2026-08-11,2026-09-04,365.0,C,3.3,3.85,3.575,31.0004,0.247575,0.011567,-0.188297,0.278698,24,343.8,129,303,61.41
GOOGL,2026-08-11,2026-09-04,370.0,C,2.54,2.79,2.665,30.6464,0.193776,0.010166,-0.161116,0.242131,24,343.8,497,425,61.41
GOOGL,2026-08-11,2026-09-04,375.0,C,1.94,2.1,2.02,30.9211,0.152686,0.008655,-0.139136,0.20799,24,343.8,650,1551,61.41
GOOGL,2026-08-11,2026-09-04,380.0,C,1.45,1.56,1.505,31.153,0.118491,0.007219,-0.117444,0.174785,24,343.8,197,385,61.41
GOOGL,2026-08-11,2026-09-04,385.0,C,0.81,1.4,1.105,33.0085,0.102773,0.006152,-0.112007,0.157831,24,343.8,319,632,61.41
GOOGL,2026-08-11,2026-09-04,390.0,C,0.62,1.1,0.86,33.6432,0.082267,0.005119,-0.0966,0.133856,24,343.8,82,434,61.41
GOOGL,2026-08-11,2026-09-04,395.0,C,0.36,0.68,0.52,32.5446,0.055645,0.003913,-0.068995,0.098977,24,343.8,84,290,61.41
GOOGL,2026-08-11,2026-09-04,400.0,C,0.45,0.73,0.59,35.3522,0.055044,0.003572,-0.074136,0.098131,24,343.8,200,1383,61.41
GOOGL,2026-08-11,2026-09-04,405.0,C,0.13,0.61,0.37,36.3043,0.045809,0.003004,-0.065664,0.084769,24,343.8,38,352,61.41
GOOGL,2026-08-11,2026-09-04,410.0,C,0.25,0.39,0.32,35.4987,0.031295,0.002252,-0.047004,0.062121,24,343.8,233,550,61.41
GOOGL,2026-08-11,2026-09-04,415.0,C,0.08,0.46,0.27,38.5504,0.03364,0.002201,-0.054094,0.065938,24,343.8,11,171,61.41
GOOGL,2026-08-11,2026-09-04,420.0,C,0.08,0.41,0.245,39.7467,0.029432,0.001911,-0.049884,0.059041,24,343.8,21,278,61.41
GOOGL,2026-08-11,2026-09-04,425.0,C,0.05,0.32,0.185,40.0397,0.023301,0.001561,-0.041301,0.048567,24,343.8,10,1119,61.41
GOOGL,2026-08-11,2026-09-04,430.0,C,0.06,0.36,0.21,42.6519,0.024507,0.001529,-0.045852,0.050671,24,343.8,7,264,61.41
GOOGL,2026-08-11,2026-09-04,435.0,C,0.05,0.34,0.195,44.0924,0.0226,0.001381,-0.044242,0.047333,24,343.8,1,43,61.41
GOOGL,2026-08-11,2026-09-04,440.0,C,0.01,0.33,0.17,45.6548,0.021284,0.001268,-0.043513,0.044995,24,343.8,1,461,61.41
GOOGL,2026-08-11,2026-09-04,445.0,C,0.01,0.31,0.16,46.9244,0.01952,0.001147,-0.041534,0.041814,24,343.8,29,40,61.41
GOOGL,2026-08-11,2026-09-04,450.0,C,0.01,0.3,0.155,48.3892,0.018416,0.001058,-0.040734,0.039793,24,343.8,10,253,61.41
GOOGL,2026-08-11,2026-09-04,455.0,C,0.01,0.3,0.155,50.0493,0.017851,0.000996,-0.041005,0.038751,24,343.8,3,154,61.41
GOOGL,2026-08-11,2026-09-04,460.0,C,0.05,0.29,0.17,51.4165,0.01684,0.000923,-0.040057,0.036868,24,343.8,7,19,61.41
GOOGL,2026-08-11,2026-09-04,465.0,C,0.01,0.28,0.145,52.7837,0.015965,0.000859,-0.039267,0.035222,24,343.8,5,2,61.41
GOOGL,2026-08-11,2026-09-04,470.0,C,0.01,0.28,0.145,54.3462,0.015526,0.000814,-0.039455,0.034389,24,343.8,6,213,61.41
GOOGL,2026-08-11,2026-09-04,475.0,C,0.01,0.28,0.145,51.3677,0.008903,0.000532,-0.023014,0.021225,24,343.8,5,9,61.41
GOOGL,2026-08-11,2026-09-04,480.0,C,0.01,0.27,0.14,52.5395,0.008389,0.000493,-0.022334,0.020147,24,343.8,6,15,61.41
GOOGL,2026-08-11,2026-09-04,485.0,C,0.01,0.27,0.14,53.9555,0.008195,0.000471,-0.022463,0.019738,24,343.8,1,1,61.41
GOOGL,2026-08-11,2026-09-04,490.0,C,0.01,0.27,0.14,55.3715,0.008034,0.000451,-0.022644,0.019396,24,343.8,1,1,61.41
GOOGL,2026-08-11,2026-09-04,495.0,C,0.01,0.26,0.135,56.4457,0.007571,0.00042,-0.021902,0.018409,24,343.8,1,4,61.41
GOOGL,2026-08-11,2026-09-04,500.0,C,0.01,0.16,0.085,54.8833,0.005032,0.000301,-0.014829,0.012821,24,343.8,6,11,61.41
GOOGL,2026-08-11,2026-09-04,505.0,C,0.01,0.26,0.135,59.0824,0.007223,0.000385,-0.021981,0.017662,24,343.8,1,14,61.41
GOOGL,2026-08-11,2026-09-04,510.0,C,0.01,0.26,0.135,60.4496,0.007128,0.000372,-0.022222,0.017456,24,343.8,2,16,61.41
GOOGL,2026-08-11,2026-09-04,515.0,C,0.01,0.25,0.13,61.4262,0.006732,0.000348,-0.021465,0.016598,24,343.8,1,2,61.41
GOOGL,2026-08-11,2026-09-04,520.0,C,0.01,0.25,0.13,62.6957,0.006605,0.000335,-0.021536,0.016319,24,343.8,0,1,61.41
GOOGL,2026-08-11,2026-09-04,525.0,C,0.0,2.03,1.015,84.7658,0.033799,0.001005,-0.117989,0.066194,24,343.8,1,10,61.41
GOOGL,2026-08-11,2026-09-04,530.0,C,0.0,2.08,1.04,86.6212,0.033888,0.000985,-0.120807,0.066337,24,343.8,2,2,61.41
GOOGL,2026-08-11,2026-09-04,535.0,C,0.0,2.09,1.045,88.2081,0.033542,0.00096,-0.121961,0.065779,24,343.8,1,2,61.41
GOOGL,2026-08-11,2026-09-04,540.0,C,0.0,2.14,1.07,90.0392,0.033661,0.000943,-0.124833,0.065971,24,343.8,0,1,61.41
GOOGL,2026-08-11,2026-09-04,545.0,C,0.0,2.13,1.065,91.4307,0.033072,0.000915,-0.124913,0.06502,24,343.8,1,3,61.41
GOOGL,2026-08-11,2026-09-04,550.0,C,0.0,1.07,0.535,83.5451,0.019008,0.00063,-0.071771,0.04088,24,343.8,4,13,61.41
GOOGL,2026-08-11,2026-09-04,175.0,P,0.0,2.13,1.065,138.428,-0.018455,0.000371,-0.114222,0.039864,24,343.8,0,0,61.41
GOOGL,2026-08-11,2026-09-04,180.0,P,0.0,2.13,1.065,133.3011,-0.019169,0.000397,-0.113578,0.041175,24,343.8,0,1,61.41
GOOGL,2026-08-11,2026-09-04,185.0,P,0.0,2.13,1.065,128.2963,-0.019908,0.000426,-0.112852,0.042519,24,343.8,0,2,61.41
GOOGL,2026-08-11,2026-09-04,190.0,P,0.0,2.13,1.065,123.4379,-0.020695,0.000458,-0.112173,0.043939,24,343.8,0,1,61.41
GOOGL,2026-08-11,2026-09-04,195.0,P,0.0,2.13,1.065,118.6528,-0.021487,0.000492,-0.111272,0.045358,24,343.8,9,1,61.41
GOOGL,2026-08-11,2026-09-04,200.0,P,0.0,2.13,1.065,114.0141,-0.022345,0.000529,-0.110477,0.046881,24,343.8,3,1,61.41
GOOGL,2026-08-11,2026-09-04,205.0,P,0.0,2.14,1.07,109.5708,-0.023325,0.000571,-0.110044,0.048608,24,343.8,4,0,61.41
GOOGL,2026-08-11,2026-09-04,210.0,P,0.0,2.14,1.07,105.1274,-0.024274,0.000615,-0.109144,0.050267,24,343.8,10,1,61.41
GOOGL,2026-08-11,2026-09-04,215.0,P,0.0,2.14,1.07,100.7817,-0.025283,0.000664,-0.108222,0.052012,24,343.8,8,6,61.41
GOOGL,2026-08-11,2026-09-04,220.0,P,0.0,2.15,1.075,96.6065,-0.026439,0.000719,-0.10765,0.053996,24,343.8,74,66,61.41
GOOGL,2026-08-11,2026-09-04,225.0,P,0.0,2.15,1.075,92.4317,-0.027582,0.000779,-0.10665,0.055937,24,343.8,38,35,61.41
GOOGL,2026-08-11,2026-09-04,230.0,P,0.01,0.26,0.135,64.4535,-0.005708,0.000286,-0.019046,0.014341,24,343.8,14,21,61.41
GOOGL,2026-08-11,2026-09-04,235.0,P,0.01,0.27,0.14,61.6215,-0.006168,0.000321,-0.019491,0.01536,24,343.8,26,50,61.41
GOOGL,2026-08-11,2026-09-04,240.0,P,0.01,0.27,0.14,58.4965,-0.006432,0.000351,-0.019191,0.015942,24,343.8,16,22,61.41
GOOGL,2026-08-11,2026-09-04,245.0,P,0.02,0.28,0.15,55.9575,-0.007143,0.000402,-0.020124,0.017488,24,343.8,14,38,61.41
GOOGL,2026-08-11,2026-09-04,250.0,P,0.03,0.29,0.16,53.4184,-0.007926,0.000462,-0.021038,0.019166,24,343.8,27,51,61.41
GOOGL,2026-08-11,2026-09-04,255.0,P,0.03,0.3,0.165,50.6841,-0.008589,0.000522,-0.021402,0.020568,24,343.8,32,8,61.41
GOOGL,2026-08-11,2026-09-04,260.0,P,0.04,0.31,0.175,52.2954,-0.015052,0.000824,-0.035926,0.033485,24,343.8,8,14,61.41
GOOGL,2026-08-11,2026-09-04,265.0,P,0.04,0.34,0.19,49.9028,-0.017106,0.000963,-0.038217,0.037365,24,343.8,3,11,61.41
GOOGL,2026-08-11,2026-09-04,270.0,P,0.03,0.35,0.19,47.022,-0.01855,0.001096,-0.038543,0.04004,24,343.8,13,55,61.41
GOOGL,2026-08-11,2026-09-04,275.0,P,0.05,0.22,0.135,40.8697,-0.013677,0.000971,-0.025755,0.030834,24,343.8,2,67,61.41
GOOGL,2026-08-11,2026-09-04,280.0,P,0.16,0.43,0.295,42.359,-0.024608,0.001544,-0.043969,0.050846,24,343.8,4,292,61.41
GOOGL,2026-08-11,2026-09-04,285.0,P,0.13,0.5,0.315,40.3326,-0.029442,0.001884,-0.048547,0.059057,24,343.8,6,153,61.41
GOOGL,2026-08-11,2026-09-04,290.0,P,0.13,0.59,0.36,38.4039,-0.035753,0.002322,-0.054154,0.069319,24,343.8,1,231,61.41
GOOGL,2026-08-11,2026-09-04,295.0,P,0.4,0.62,0.51,35.5719,-0.039992,0.002747,-0.054832,0.075957,24,343.8,33,259,61.41
GOOGL,2026-08-11,2026-09-04,300.0,P,0.39,0.92,0.655,35.3034,-0.057312,0.003692,-0.072415,0.101306,24,343.8,22,234,61.41
GOOGL,2026-08-11,2026-09-04,305.0,P,0.83,1.0,0.915,32.569,-0.066165,0.004477,-0.074484,0.11333,24,343.8,11,234,61.41
GOOGL,2026-08-11,2026-09-04,310.0,P,0.99,1.59,1.29,33.0207,-0.097918,0.005937,-0.101226,0.152354,24,343.8,123,412,61.41
GOOGL,2026-08-11,2026-09-04,315.0,P,1.49,2.0,1.745,31.4582,-0.123985,0.00738,-0.113724,0.180446,24,343.8,121,296,61.41
GOOGL,2026-08-11,2026-09-04,320.0,P,2.3,2.82,2.56,31.1713,-0.166481,0.009085,-0.136831,0.220107,24,343.8,198,320,61.41
GOOGL,2026-08-11,2026-09-04,325.0,P,3.1,3.9,3.5,30.9333,-0.217831,0.010796,-0.15925,0.259549,24,343.8,166,308,61.41
GOOGL,2026-08-11,2026-09-04,330.0,P,4.65,5.0,4.825,29.8286,-0.272285,0.012627,-0.171871,0.29272,24,343.8,292,1397,61.41
GOOGL,2026-08-11,2026-09-04,335.0,P,5.95,6.8,6.375,29.9934,-0.341826,0.013886,-0.189605,0.323683,24,343.8,162,645,61.41
GOOGL,2026-08-11,2026-09-04,340.0,P,8.25,8.85,8.55,29.8225,-0.414631,0.014825,-0.198079,0.343619,24,343.8,314,867,61.41
GOOGL,2026-08-11,2026-09-04,345.0,P,10.35,11.25,10.8,29.5967,-0.490286,0.015285,-0.198486,0.351598,24,343.8,444,1045,61.41
GOOGL,2026-08-11,2026-09-04,350.0,P,12.9,14.0,13.45,29.3159,-0.56653,0.015221,-0.190546,0.3468,24,343.8,149,514,61.41
GOOGL,2026-08-11,2026-09-04,355.0,P,16.1,17.45,16.775,30.0361,-0.635281,0.014191,-0.183278,0.331282,24,343.8,22,479,61.41
GOOGL,2026-08-11,2026-09-04,360.0,P,19.4,21.15,20.275,30.6159,-0.697074,0.012938,-0.169798,0.307863,24,343.8,68,543,61.41
GOOGL,2026-08-11,2026-09-04,365.0,P,23.2,25.1,24.15,31.1835,-0.751008,0.011534,-0.152748,0.279547,24,343.8,6,226,61.41
GOOGL,2026-08-11,2026-09-04,370.0,P,27.0,29.15,28.075,31.3056,-0.800721,0.010122,-0.129602,0.246275,24,343.8,6,182,61.41
GOOGL,2026-08-11,2026-09-04,375.0,P,31.4,33.9,32.65,33.6493,-0.825148,0.008685,-0.126865,0.227129,24,343.8,7,665,61.41
GOOGL,2026-08-11,2026-09-04,380.0,P,35.8,38.45,37.125,34.7541,-0.853434,0.007493,-0.112723,0.202389,24,343.8,6,80,61.41
GOOGL,2026-08-11,2026-09-04,385.0,P,40.45,43.4,41.925,37.5067,-0.865039,0.006565,-0.114809,0.191371,24,343.8,1,21,61.41
GOOGL,2026-08-11,2026-09-04,390.0,P,45.2,47.9,46.55,37.5861,-0.891508,0.005619,-0.092408,0.164133,24,343.8,1,27,61.41
GOOGL,2026-08-11,2026-09-04,395.0,P,50.2,53.15,51.675,41.773,-0.888687,0.00515,-0.108947,0.167186,24,343.8,0,2,61.41
GOOGL,2026-08-11,2026-09-04,400.0,P,54.3,58.15,56.225,44.4341,-0.894408,0.004661,-0.111741,0.160958,24,343.8,2,3,61.41
GOOGL,2026-08-11,2026-09-04,410.0,P,64.2,68.35,66.275,50.7939,-0.897612,0.003987,-0.128153,0.157401,24,343.8,4,2,61.41
GOOGL,2026-08-11,2026-09-04,415.0,P,69.2,72.95,71.075,50.6353,-0.913999,0.003517,-0.106534,0.138391,24,343.8,0,2,61.41
GOOGL,2026-08-11,2026-09-04,425.0,P,79.25,83.35,81.3,58.0937,-0.908634,0.003206,-0.13489,0.144771,24,343.8,0,0,61.41
GOOGL,2026-08-11,2026-09-04,430.0,P,84.2,88.05,86.125,58.3012,-0.920041,0.002891,-0.117922,0.131011,24,343.8,0,0,61.41
GOOGL,2026-08-11,2026-09-11,180.0,C,162.25,166.25,164.25,102.686,0.989899,0.000261,-0.062559,0.026939,31,343.8,0,11,61.41
GOOGL,2026-08-11,2026-09-11,200.0,C,142.7,146.35,144.525,94.2872,0.983016,0.000446,-0.083898,0.042206,31,343.8,0,0,61.41
GOOGL,2026-08-11,2026-09-11,205.0,C,137.7,141.45,139.575,91.504,0.981426,0.000496,-0.087397,0.045557,31,343.8,1,2,61.41
GOOGL,2026-08-11,2026-09-11,220.0,C,122.85,126.45,124.65,81.8117,0.977515,0.000652,-0.092225,0.053564,31,343.8,0,1,61.41
GOOGL,2026-08-11,2026-09-11,270.0,C,73.1,76.8,74.95,51.8071,0.955144,0.001821,-0.104977,0.094725,31,343.8,0,6,61.41
GOOGL,2026-08-11,2026-09-11,290.0,C,53.8,57.1,55.45,52.0146,0.888644,0.00364,-0.184774,0.190062,31,343.8,0,5,61.41
GOOGL,2026-08-11,2026-09-11,295.0,C,49.0,52.35,50.675,49.4268,0.876318,0.004126,-0.188587,0.204729,31,343.8,1,22,61.41
GOOGL,2026-08-11,2026-09-11,300.0,C,44.3,47.6,45.95,46.7046,0.862705,0.004694,-0.191157,0.220064,31,343.8,10,16,61.41
GOOGL,2026-08-11,2026-09-11,305.0,C,39.65,43.0,41.325,44.4464,0.844638,0.005359,-0.196637,0.239117,31,343.8,0,1,61.41
GOOGL,2026-08-11,2026-09-11,310.0,C,35.15,37.75,36.45,39.5392,0.837248,0.00621,-0.1827,0.246509,31,343.8,3,2,61.41
GOOGL,2026-08-11,2026-09-11,315.0,C,30.8,33.5,32.15,38.2513,0.807567,0.007136,-0.193947,0.27402,31,343.8,3,2,61.41
GOOGL,2026-08-11,2026-09-11,320.0,C,26.6,29.85,28.225,38.4222,0.76576,0.007968,-0.214264,0.307345,31,343.8,1,6,61.41
GOOGL,2026-08-11,2026-09-11,325.0,C,22.75,25.95,24.35,37.171,0.726588,0.008934,-0.222687,0.333363,31,343.8,14,4,61.41
GOOGL,2026-08-11,2026-09-11,330.0,C,19.1,21.7,20.4,34.4611,0.687819,0.010249,-0.218969,0.354553,31,343.8,20,2,61.41
GOOGL,2026-08-11,2026-09-11,335.0,C,16.7,17.8,17.25,32.2517,0.639294,0.011585,-0.215717,0.375095,31,343.8,1,34,61.41
GOOGL,2026-08-11,2026-09-11,340.0,C,14.0,14.65,14.325,31.3544,0.580038,0.012443,-0.216904,0.391643,31,343.8,17,53,61.41
GOOGL,2026-08-11,2026-09-11,345.0,C,11.5,11.95,11.725,30.8357,0.516516,0.012902,-0.215521,0.399372,31,343.8,213,9,61.41
GOOGL,2026-08-11,2026-09-11,350.0,C,9.3,9.7,9.5,30.6525,0.452262,0.012897,-0.211073,0.39685,31,343.8,196,57,61.41
GOOGL,2026-08-11,2026-09-11,355.0,C,7.35,7.65,7.5,30.1948,0.388088,0.012664,-0.199788,0.383882,31,343.8,342,202,61.41
GOOGL,2026-08-11,2026-09-11,360.0,C,5.7,6.05,5.875,30.1277,0.328365,0.011973,-0.18687,0.362126,31,343.8,284,144,61.41
GOOGL,2026-08-11,2026-09-11,365.0,C,4.3,5.05,4.675,31.0493,0.280611,0.010832,-0.178415,0.337631,31,343.8,60,116,61.41
GOOGL,2026-08-11,2026-09-11,370.0,C,3.15,3.9,3.525,30.8906,0.230984,0.009834,-0.159652,0.304963,31,343.8,239,701,61.41
GOOGL,2026-08-11,2026-09-11,375.0,C,2.7,3.05,2.875,31.0493,0.189503,0.008709,-0.142282,0.271453,31,343.8,94,181,61.41
GOOGL,2026-08-11,2026-09-11,380.0,C,2.1,2.28,2.19,30.8357,0.150605,0.007567,-0.121552,0.234238,31,343.8,339,170,61.41
GOOGL,2026-08-11,2026-09-11,385.0,C,1.6,2.05,1.825,32.447,0.132176,0.006582,-0.116635,0.2144,31,343.8,68,157,61.41
GOOGL,2026-08-11,2026-09-11,390.0,C,0.93,1.65,1.29,32.9352,0.108856,0.005656,-0.102986,0.18699,31,343.8,109,120,61.41
GOOGL,2026-08-11,2026-09-11,395.0,C,0.76,1.35,1.055,33.5578,0.090411,0.004846,-0.091401,0.163256,31,343.8,25,165,61.41
GOOGL,2026-08-11,2026-09-11,400.0,C,0.74,0.88,0.81,32.4836,0.064439,0.00387,-0.068287,0.126187,31,343.8,186,251,61.41
GOOGL,2026-08-11,2026-09-11,405.0,C,0.6,0.94,0.77,35.0104,0.063805,0.003563,-0.072856,0.125221,31,343.8,120,90,61.41
GOOGL,2026-08-11,2026-09-11,410.0,C,0.25,0.65,0.45,34.3879,0.046923,0.002845,-0.056059,0.098218,31,343.8,12,104,61.41
GOOGL,2026-08-11,2026-09-11,415.0,C,0.35,0.7,0.525,36.7682,0.047126,0.00267,-0.060033,0.098557,31,343.8,28,53,61.41
GOOGL,2026-08-11,2026-09-11,420.0,C,0.31,0.46,0.385,35.8161,0.033222,0.002063,-0.043968,0.07417,31,343.8,39,79,61.41
GOOGL,2026-08-11,2026-09-11,425.0,C,0.01,0.56,0.285,38.819,0.036756,0.002068,-0.051693,0.080588,31,343.8,15,40,61.41
GOOGL,2026-08-11,2026-09-11,430.0,C,0.19,0.51,0.35,39.8932,0.03296,0.00184,-0.048522,0.07369,31,343.8,14,27,61.41
GOOGL,2026-08-11,2026-09-11,435.0,C,0.01,0.47,0.24,41.0162,0.029911,0.001652,-0.045994,0.068007,31,343.8,5,15,61.41
GOOGL,2026-08-11,2026-09-11,440.0,C,0.01,0.35,0.18,40.6988,0.023073,0.00134,-0.03671,0.054741,31,343.8,0,3,61.41
GOOGL,2026-08-11,2026-09-11,445.0,C,0.06,0.42,0.24,43.4576,0.025653,0.001372,-0.042802,0.059837,31,343.8,3,4,61.41
GOOGL,2026-08-11,2026-09-11,450.0,C,0.06,0.25,0.155,41.6998,0.016659,0.000992,-0.028483,0.041515,31,343.8,12,71,61.41
GOOGL,2026-08-11,2026-09-11,455.0,C,0.02,0.39,0.205,45.9966,0.022755,0.001172,-0.0409,0.054104,31,343.8,1,2,61.41
GOOGL,2026-08-11,2026-09-11,460.0,C,0.01,0.22,0.115,43.7506,0.014081,0.000818,-0.025831,0.035934,31,343.8,8,11,61.41
GOOGL,2026-08-11,2026-09-11,465.0,C,0.01,0.37,0.19,48.5357,0.020586,0.00102,-0.039606,0.049715,31,343.8,3,4,61.41
GOOGL,2026-08-11,2026-09-11,470.0,C,0.01,0.36,0.185,49.7564,0.019607,0.000955,-0.038935,0.047701,31,343.8,3,5,61.41
GOOGL,2026-08-11,2026-09-11,475.0,C,0.04,0.12,0.08,44.3365,0.007918,0.000489,-0.015831,0.021765,31,343.8,17,3,61.41
GOOGL,2026-08-11,2026-09-11,480.0,C,0.01,0.17,0.09,47.5591,0.010289,0.000573,-0.021344,0.027375,31,343.8,6,6,61.41
GOOGL,2026-08-11,2026-09-11,485.0,C,0.01,0.17,0.09,48.8286,0.010046,0.000547,-0.021452,0.026811,31,343.8,1,2,61.41
GOOGL,2026-08-11,2026-09-11,495.0,C,0.01,0.17,0.09,51.27,0.00955,0.000498,-0.021531,0.025651,31,343.8,2,2,61.41
GOOGL,2026-08-11,2026-09-11,500.0,C,0.01,0.17,0.09,52.4907,0.009355,0.000478,-0.021641,0.025193,31,343.8,6,1,61.41
GOOGL,2026-08-11,2026-09-11,505.0,C,0.01,0.16,0.085,53.3208,0.008744,0.000444,-0.020713,0.023746,31,343.8,1,3,61.41
GOOGL,2026-08-11,2026-09-11,510.0,C,0.01,0.32,0.165,54.688,0.00878,0.000434,-0.021314,0.023832,31,343.8,1,21,61.41
GOOGL,2026-08-11,2026-09-11,515.0,C,0.01,0.32,0.165,55.8598,0.008621,0.000418,-0.021418,0.023453,31,343.8,4,14,61.41
GOOGL,2026-08-11,2026-09-11,520.0,C,0.01,0.31,0.16,56.7387,0.008187,0.000393,-0.020782,0.022412,31,343.8,1,2,61.41
GOOGL,2026-08-11,2026-09-11,525.0,C,0.01,0.31,0.16,57.9106,0.008081,0.000381,-0.020965,0.022157,31,343.8,1,2,61.41
GOOGL,2026-08-11,2026-09-11,545.0,C,0.01,0.3,0.155,62.0121,0.007314,0.000326,-0.020541,0.020295,31,343.8,1,1,61.41
GOOGL,2026-08-11,2026-09-11,550.0,C,0.01,0.3,0.155,63.0863,0.007213,0.000317,-0.020639,0.020048,31,343.8,1,2,61.41
GOOGL,2026-08-11,2026-09-11,100.0,P,0.0,2.12,1.06,212.7446,-0.010531,0.000131,-0.095395,0.027937,31,343.8,0,1,61.41
GOOGL,2026-08-11,2026-09-11,180.0,P,0.0,2.14,1.07,117.9203,-0.019507,0.000401,-0.089549,0.047494,31,343.8,0,0,61.41
GOOGL,2026-08-11,2026-09-11,185.0,P,0.0,2.14,1.07,113.477,-0.02024,0.00043,-0.088885,0.049005,31,343.8,0,0,61.41
GOOGL,2026-08-11,2026-09-11,190.0,P,0.0,2.14,1.07,109.1801,-0.021033,0.000462,-0.088316,0.050627,31,343.8,8,5,61.41
GOOGL,2026-08-11,2026-09-11,195.0,P,0.0,2.14,1.07,104.9809,-0.021859,0.000496,-0.087694,0.052301,31,343.8,2,0,61.41
GOOGL,2026-08-11,2026-09-11,200.0,P,0.0,2.15,1.075,100.9526,-0.022791,0.000535,-0.087318,0.054178,31,343.8,8,1,61.41
GOOGL,2026-08-11,2026-09-11,205.0,P,0.0,2.15,1.075,96.9239,-0.023687,0.000575,-0.08656,0.055965,31,343.8,4,0,61.41
GOOGL,2026-08-11,2026-09-11,210.0,P,0.0,1.29,0.645,85.1564,-0.016869,0.000491,-0.056985,0.041963,31,343.8,4,1,61.41
GOOGL,2026-08-11,2026-09-11,215.0,P,0.0,0.32,0.16,66.8949,-0.005841,0.000248,-0.017729,0.016635,31,343.8,4,2,61.41
GOOGL,2026-08-11,2026-09-11,220.0,P,0.01,0.1,0.055,56.6411,-0.002506,0.000137,-0.007027,0.007793,31,343.8,16,11,61.41
GOOGL,2026-08-11,2026-09-11,225.0,P,0.01,0.12,0.065,54.8833,-0.002976,0.000165,-0.007946,0.009101,31,343.8,19,17,61.41
GOOGL,2026-08-11,2026-09-11,230.0,P,0.01,0.2,0.105,55.2739,-0.00472,0.000248,-0.012095,0.013763,31,343.8,25,10,61.41
GOOGL,2026-08-11,2026-09-11,235.0,P,0.02,0.33,0.175,56.0063,-0.007506,0.000369,-0.018478,0.020764,31,343.8,29,13,61.41
GOOGL,2026-08-11,2026-09-11,240.0,P,0.01,0.34,0.175,53.2231,-0.007863,0.000405,-0.018278,0.021631,31,343.8,36,8,61.41
GOOGL,2026-08-11,2026-09-11,245.0,P,0.03,0.32,0.175,50.4888,-0.008249,0.000445,-0.018069,0.022563,31,343.8,18,4,61.41
GOOGL,2026-08-11,2026-09-11,250.0,P,0.03,0.25,0.14,50.1958,-0.011521,0.000599,-0.024031,0.030208,31,343.8,15,7,61.41
GOOGL,2026-08-11,2026-09-11,255.0,P,0.04,0.34,0.19,49.7075,-0.015506,0.000782,-0.030726,0.039041,31,343.8,7,3,61.41
GOOGL,2026-08-11,2026-09-11,260.0,P,0.05,0.4,0.225,48.0962,-0.018495,0.00094,-0.034528,0.045392,31,343.8,6,7,61.41
GOOGL,2026-08-11,2026-09-11,265.0,P,0.07,0.43,0.25,45.8013,-0.020634,0.001083,-0.036036,0.049813,31,343.8,14,5,61.41
GOOGL,2026-08-11,2026-09-11,270.0,P,0.1,0.22,0.16,38.6725,-0.012924,0.00086,-0.020343,0.033371,31,343.8,7,8,61.41
GOOGL,2026-08-11,2026-09-11,275.0,P,0.09,0.52,0.305,41.5533,-0.026768,0.001486,-0.040571,0.062005,31,343.8,22,16,61.41
GOOGL,2026-08-11,2026-09-11,280.0,P,0.14,0.37,0.255,36.4752,-0.022005,0.001436,-0.030138,0.052596,31,343.8,12,13,61.41
GOOGL,2026-08-11,2026-09-11,285.0,P,0.2,0.7,0.45,38.0377,-0.037861,0.002162,-0.049261,0.082562,31,343.8,27,13,61.41
GOOGL,2026-08-11,2026-09-11,290.0,P,0.24,0.84,0.54,36.4997,-0.046204,0.002648,-0.055411,0.097008,31,343.8,5,44,61.41
GOOGL,2026-08-11,2026-09-11,295.0,P,0.54,1.04,0.79,35.1813,-0.057599,0.003273,-0.063474,0.115589,31,343.8,30,2618,61.41
GOOGL,2026-08-11,2026-09-11,300.0,P,0.94,1.28,1.11,33.8019,-0.071486,0.004029,-0.071911,0.136716,31,343.8,225,75,61.41
GOOGL,2026-08-11,2026-09-11,305.0,P,0.97,1.58,1.275,32.4226,-0.088814,0.00495,-0.080988,0.161107,31,343.8,52,56,61.41
GOOGL,2026-08-11,2026-09-11,310.0,P,1.64,1.93,1.785,30.9211,-0.109606,0.006054,-0.089693,0.187915,31,343.8,102,94,61.41
GOOGL,2026-08-11,2026-09-11,315.0,P,2.25,2.55,2.4,30.1887,-0.141319,0.007406,-0.104082,0.224432,31,343.8,125,90,61.41
GOOGL,2026-08-11,2026-09-11,320.0,P,3.1,3.3,3.2,29.3159,-0.178921,0.0089,-0.117255,0.261916,31,343.8,151,257,61.41
GOOGL,2026-08-11,2026-09-11,325.0,P,4.15,4.55,4.35,29.4074,-0.230871,0.010327,-0.136075,0.30488,31,343.8,1006,170,61.41
GOOGL,2026-08-11,2026-09-11,330.0,P,5.65,5.9,5.775,28.9314,-0.285827,0.011728,-0.148355,0.340628,31,343.8,1084,313,61.41
GOOGL,2026-08-11,2026-09-11,335.0,P,7.35,7.65,7.5,28.7452,-0.348554,0.012841,-0.158833,0.370555,31,343.8,284,180,61.41
GOOGL,2026-08-11,2026-09-11,340.0,P,8.95,9.7,9.325,28.4858,-0.415448,0.013663,-0.163989,0.390704,31,343.8,109,218,61.41
GOOGL,2026-08-11,2026-09-11,345.0,P,11.3,12.2,11.75,28.5041,-0.484953,0.013959,-0.165428,0.399431,31,343.8,296,149,61.41
GOOGL,2026-08-11,2026-09-11,350.0,P,14.1,15.4,14.75,29.4135,-0.551198,0.013425,-0.167212,0.396419,31,343.8,43,365,61.41
GOOGL,2026-08-11,2026-09-11,355.0,P,17.15,18.45,17.8,29.1633,-0.616928,0.013062,-0.156414,0.382421,31,343.8,52,622,61.41
GOOGL,2026-08-11,2026-09-11,360.0,P,20.35,22.25,21.3,30.1338,-0.671596,0.011971,-0.150243,0.362143,31,343.8,34,146,61.41
GOOGL,2026-08-11,2026-09-11,365.0,P,23.65,26.3,24.975,31.2019,-0.718281,0.0108,-0.142421,0.338275,31,343.8,6,73,61.41
GOOGL,2026-08-11,2026-09-11,370.0,P,27.6,30.75,29.175,32.9902,-0.752655,0.009559,-0.13898,0.316587,31,343.8,12,52,61.41
GOOGL,2026-08-11,2026-09-11,375.0,P,31.9,34.5,33.2,31.9709,-0.802816,0.008665,-0.111796,0.278115,31,343.8,1,33,61.41
GOOGL,2026-08-11,2026-09-11,380.0,P,36.3,38.9,37.6,32.5934,-0.834748,0.007609,-0.097694,0.248959,31,343.8,1,116,61.41
GOOGL,2026-08-11,2026-09-11,385.0,P,40.8,43.8,42.3,34.9067,-0.848635,0.006707,-0.098151,0.235024,31,343.8,16,93,61.41
GOOGL,2026-08-11,2026-09-11,390.0,P,45.45,48.55,47.0,36.402,-0.865555,0.005936,-0.092116,0.216925,31,343.8,0,2,61.41
GOOGL,2026-08-11,2026-09-11,395.0,P,50.35,53.6,51.975,39.1364,-0.871262,0.005359,-0.09693,0.210527,31,343.8,0,3,61.41
GOOGL,2026-08-11,2026-09-11,400.0,P,55.2,58.3,56.75,40.0641,-0.887094,0.004773,-0.087041,0.191949,31,343.8,0,2,61.41
GOOGL,2026-08-11,2026-09-11,405.0,P,60.15,62.95,61.55,40.4303,-0.903988,0.004205,-0.073234,0.170672,31,343.8,6,6,61.41
GOOGL,2026-08-11,2026-09-11,410.0,P,64.3,67.9,66.1,42.3224,-0.909939,0.003831,-0.072347,0.162787,31,343.8,0,10,61.41
GOOGL,2026-08-11,2026-09-11,415.0,P,69.3,73.0,71.15,45.0689,-0.9104,0.003584,-0.078573,0.162167,31,343.8,0,1,61.41
GOOGL,2026-08-11,2026-09-18,5.0,C,336.7,341.0,338.85,476.5629,0.999786,2e-06,-0.006103,0.000894,38,343.8,25,385,61.41
GOOGL,2026-08-11,2026-09-18,20.0,C,280.7,284.35,282.525,0.001,1.0,0.0,-0.002036,0.0,38,343.8,2,2,61.41
GOOGL,2026-08-11,2026-09-18,30.0,C,310.1,314.3,312.2,340.4298,0.997223,2.3e-05,-0.045308,0.009465,38,343.8,2,2,61.41
GOOGL,2026-08-11,2026-09-18,40.0,C,301.7,306.0,303.85,229.6879,0.999478,7e-06,-0.010249,0.002051,38,343.8,1,2,61.41
GOOGL,2026-08-11,2026-09-18,50.0,C,291.8,295.9,293.85,205.4692,0.999414,9e-06,-0.011239,0.002284,38,343.8,1,6,61.41
GOOGL,2026-08-11,2026-09-18,60.0,C,282.35,286.1,284.225,235.9379,0.996307,4.2e-05,-0.043924,0.012236,38,343.8,1,4,61.41
GOOGL,2026-08-11,2026-09-18,70.0,C,271.85,275.95,273.9,181.6407,0.998716,2.1e-05,-0.018294,0.004696,38,343.8,1,8,61.41
GOOGL,2026-08-11,2026-09-18,75.0,C,267.35,271.0,269.175,202.6372,0.996111,5.1e-05,-0.041633,0.012815,38,343.8,1,4,61.41
GOOGL,2026-08-11,2026-09-18,80.0,C,262.4,265.95,264.175,194.2383,0.995927,5.6e-05,-0.042101,0.013356,38,343.8,2,17,61.41
GOOGL,2026-08-11,2026-09-18,85.0,C,256.85,261.0,258.925,163.6721,0.998236,3.1e-05,-0.022095,0.006276,38,343.8,2,9,61.41
GOOGL,2026-08-11,2026-09-18,90.0,C,251.9,256.15,254.025,167.9689,0.99703,4.9e-05,-0.031266,0.010058,38,343.8,2,30,61.41
GOOGL,2026-08-11,2026-09-18,95.0,C,247.45,251.0,249.225,174.9025,0.994888,7.6e-05,-0.047104,0.016361,38,343.8,2,11,61.41
GOOGL,2026-08-11,2026-09-18,100.0,C,242.2,246.1,244.15,163.965,0.99542,7.4e-05,-0.041988,0.014833,38,343.8,2,86,61.41
GOOGL,2026-08-11,2026-09-18,105.0,C,237.45,241.2,239.325,166.6994,0.993455,9.9e-05,-0.055091,0.02037,38,343.8,1,96,61.41
GOOGL,2026-08-11,2026-09-18,110.0,C,232.5,236.1,234.3,159.3752,0.993444,0.000104,-0.053703,0.020401,38,343.8,1,38,61.41
GOOGL,2026-08-11,2026-09-18,115.0,C,227.4,231.05,229.225,150.0979,0.993987,0.000102,-0.048777,0.018897,38,343.8,2,9,61.41
GOOGL,2026-08-11,2026-09-18,120.0,C,222.3,226.1,224.2,143.3597,0.994051,0.000106,-0.047278,0.018718,38,343.8,2,61,61.41
GOOGL,2026-08-11,2026-09-18,125.0,C,217.6,221.3,219.45,147.9983,0.991,0.000148,-0.064858,0.026965,38,343.8,1,51,61.41
GOOGL,2026-08-11,2026-09-18,130.0,C,212.3,216.35,214.325,138.2816,0.992056,0.000142,-0.056877,0.024166,38,343.8,42,137,61.41
GOOGL,2026-08-11,2026-09-18,135.0,C,207.35,211.35,209.35,134.1312,0.991467,0.000156,-0.058808,0.025733,38,343.8,25,58,61.41
GOOGL,2026-08-11,2026-09-18,140.0,C,202.65,206.2,204.425,131.7386,0.990235,0.000179,-0.064047,0.028958,38,343.8,1,176,61.41
GOOGL,2026-08-11,2026-09-18,145.0,C,197.6,201.3,199.45,127.7347,0.989561,0.000195,-0.065922,0.030694,38,343.8,1,77,61.41
GOOGL,2026-08-11,2026-09-18,150.0,C,192.4,196.35,194.375,120.8988,0.990129,0.000196,-0.061371,0.029231,38,343.8,2,191,61.41
GOOGL,2026-08-11,2026-09-18,155.0,C,187.65,191.4,189.525,120.7035,0.987781,0.000237,-0.07118,0.035195,38,343.8,2,117,61.41
GOOGL,2026-08-11,2026-09-18,160.0,C,182.45,186.4,184.425,113.6723,0.988679,0.000235,-0.065101,0.03294,38,343.8,2,178,61.41
GOOGL,2026-08-11,2026-09-18,165.0,C,177.2,181.45,179.325,106.6899,0.989719,0.000231,-0.058908,0.030289,38,343.8,40,135,61.41
GOOGL,2026-08-11,2026-09-18,170.0,C,172.45,176.55,174.5,107.3247,0.986725,0.000286,-0.070173,0.037812,38,343.8,60,1869,61.41
GOOGL,2026-08-11,2026-09-18,175.0,C,167.8,171.5,169.65,106.6411,0.984057,0.000337,-0.079292,0.044268,38,343.8,1,187,61.41
GOOGL,2026-08-11,2026-09-18,180.0,C,162.5,166.5,164.5,99.4629,0.985699,0.000329,-0.070526,0.040321,38,343.8,5,503,61.41
GOOGL,2026-08-11,2026-09-18,185.0,C,157.85,161.6,159.725,100.1958,0.981714,0.000404,-0.083721,0.049771,38,343.8,9,1249,61.41
GOOGL,2026-08-11,2026-09-18,190.0,C,152.55,156.6,154.575,93.5548,0.983347,0.000399,-0.07525,0.04595,38,343.8,1,374,61.41
GOOGL,2026-08-11,2026-09-18,195.0,C,147.8,151.65,149.725,92.6514,0.980268,0.000466,-0.083806,0.0531,38,343.8,7,566,61.41
GOOGL,2026-08-11,2026-09-18,200.0,C,142.95,146.7,144.825,90.6251,0.977899,0.000524,-0.089186,0.058449,38,343.8,1,754,61.41
GOOGL,2026-08-11,2026-09-18,210.0,C,132.45,136.65,134.55,79.0529,0.981023,0.000528,-0.074073,0.051367,38,343.8,4,700,61.41
GOOGL,2026-08-11,2026-09-18,215.0,C,128.0,131.75,129.875,80.7375,0.974239,0.000669,-0.091509,0.066482,38,343.8,2,150,61.41
GOOGL,2026-08-11,2026-09-18,220.0,C,123.05,126.65,124.85,76.9778,0.973641,0.000715,-0.090016,0.067771,38,343.8,2,838,61.41
GOOGL,2026-08-11,2026-09-18,230.0,C,112.75,116.7,114.725,68.7503,0.973843,0.000796,-0.083324,0.067337,38,343.8,5,822,61.41
GOOGL,2026-08-11,2026-09-18,235.0,C,108.15,111.75,109.95,68.3597,0.968048,0.000945,-0.094221,0.079521,38,343.8,3,319,61.41
GOOGL,2026-08-11,2026-09-18,240.0,C,103.1,106.85,104.975,65.43,0.966107,0.001037,-0.095005,0.083482,38,343.8,1,851,61.41
GOOGL,2026-08-11,2026-09-18,245.0,C,98.25,101.9,100.075,63.306,0.962445,0.001166,-0.099143,0.090805,38,343.8,10,109,61.41
GOOGL,2026-08-11,2026-09-18,250.0,C,93.25,96.8,95.025,59.6684,0.961742,0.001256,-0.096373,0.09219,38,343.8,7,2116,61.41
GOOGL,2026-08-11,2026-09-18,255.0,C,88.35,92.05,90.2,58.2035,0.95596,0.001443,-0.103421,0.103336,38,343.8,1,437,61.41
GOOGL,2026-08-11,2026-09-18,260.0,C,82.9,87.05,84.975,53.0766,0.959039,0.001492,-0.09298,0.097453,38,343.8,5,1734,61.41
GOOGL,2026-08-11,2026-09-18,265.0,C,78.4,82.05,80.225,52.2222,0.950761,0.001759,-0.102774,0.113016,38,343.8,5,88,61.41
GOOGL,2026-08-11,2026-09-18,270.0,C,73.8,76.35,75.075,56.7265,0.924059,0.002271,-0.142906,0.158527,38,343.8,10,1719,61.41
GOOGL,2026-08-11,2026-09-18,275.0,C,68.9,71.4,70.15,53.687,0.918948,0.002521,-0.142559,0.166552,38,343.8,7,299,61.41
GOOGL,2026-08-11,2026-09-18,280.0,C,64.05,66.55,65.3,51.1724,0.911378,0.002828,-0.145043,0.178085,38,343.8,8,1202,61.41
GOOGL,2026-08-11,2026-09-18,285.0,C,59.2,61.7,60.45,48.6089,0.903046,0.003182,-0.147065,0.190321,38,343.8,3,335,61.41
GOOGL,2026-08-11,2026-09-18,290.0,C,54.4,56.95,55.675,46.4361,0.89189,0.003605,-0.151301,0.206007,38,343.8,1,1805,61.41
GOOGL,2026-08-11,2026-09-18,295.0,C,50.0,51.85,50.925,42.6275,0.886862,0.004057,-0.145147,0.21283,38,343.8,2,477,61.41
GOOGL,2026-08-11,2026-09-18,300.0,C,45.4,47.2,46.3,40.7171,0.871296,0.004651,-0.150556,0.233044,38,343.8,13,2991,61.41
GOOGL,2026-08-11,2026-09-18,305.0,C,40.9,42.65,41.775,38.9899,0.852134,0.005339,-0.156922,0.25618,38,343.8,16,1386,61.41
GOOGL,2026-08-11,2026-09-18,310.0,C,36.55,38.25,37.4,37.5189,0.828299,0.006119,-0.164576,0.282508,38,343.8,4,1041,61.41
GOOGL,2026-08-11,2026-09-18,315.0,C,32.4,34.0,33.2,36.2006,0.799729,0.006977,-0.172593,0.310816,38,343.8,25,1137,61.41
GOOGL,2026-08-11,2026-09-18,320.0,C,28.45,29.95,29.2,35.0837,0.765663,0.007884,-0.180884,0.340359,38,343.8,37,3332,61.41
GOOGL,2026-08-11,2026-09-18,325.0,C,24.7,26.15,25.425,34.1926,0.725773,0.008785,-0.189054,0.369631,38,343.8,38,2485,61.41
GOOGL,2026-08-11,2026-09-18,330.0,C,21.3,22.4,21.85,32.9413,0.682648,0.009752,-0.192974,0.395315,38,343.8,109,2753,61.41
GOOGL,2026-08-11,2026-09-18,335.0,C,18.25,19.2,18.725,32.4897,0.631868,0.010459,-0.198935,0.418147,38,343.8,138,1547,61.41
GOOGL,2026-08-11,2026-09-18,340.0,C,15.7,16.2,15.95,31.9038,0.57815,0.011055,-0.200804,0.43403,38,343.8,328,4076,61.41
GOOGL,2026-08-11,2026-09-18,345.0,C,13.2,13.45,13.325,31.2751,0.521695,0.011482,-0.198754,0.441894,38,343.8,454,1249,61.41
GOOGL,2026-08-11,2026-09-18,350.0,C,10.95,11.15,11.05,31.031,0.464278,0.011543,-0.195102,0.440774,38,343.8,8921,11975,61.41
GOOGL,2026-08-11,2026-09-18,355.0,C,9.0,9.2,9.1,30.9516,0.408199,0.01131,-0.188807,0.43078,38,343.8,428,2406,61.41
GOOGL,2026-08-11,2026-09-18,360.0,C,7.25,7.55,7.4,30.9699,0.354966,0.010836,-0.179958,0.412971,38,343.8,3050,7855,61.41
GOOGL,2026-08-11,2026-09-18,365.0,C,5.9,6.1,6.0,30.8845,0.304441,0.010216,-0.167825,0.38825,38,343.8,689,2580,61.41
GOOGL,2026-08-11,2026-09-18,370.0,C,4.7,4.9,4.8,30.8662,0.258284,0.009441,-0.154192,0.358591,38,343.8,2186,9284,61.41
GOOGL,2026-08-11,2026-09-18,375.0,C,3.8,3.95,3.875,31.0065,0.217865,0.00856,-0.140492,0.326621,38,343.8,1152,6616,61.41
GOOGL,2026-08-11,2026-09-18,380.0,C,3.05,3.15,3.1,31.1042,0.181771,0.007652,-0.125916,0.292873,38,343.8,2447,10576,61.41
GOOGL,2026-08-11,2026-09-18,385.0,C,2.4,2.53,2.465,31.3361,0.151398,0.006749,-0.112357,0.260247,38,343.8,2891,3711,61.41
GOOGL,2026-08-11,2026-09-18,390.0,C,1.93,2.02,1.975,31.5437,0.125116,0.005887,-0.099022,0.228502,38,343.8,4034,22516,61.41
GOOGL,2026-08-11,2026-09-18,395.0,C,1.43,1.7,1.565,32.2272,0.106433,0.005136,-0.089937,0.203697,38,343.8,246,2869,61.41
GOOGL,2026-08-11,2026-09-18,400.0,C,1.25,1.29,1.27,32.0686,0.084726,0.004364,-0.075502,0.1722,38,343.8,2470,15716,61.41
GOOGL,2026-08-11,2026-09-18,405.0,C,0.93,1.1,1.015,32.8132,0.072455,0.003788,-0.068462,0.152939,38,343.8,165,2442,61.41
GOOGL,2026-08-11,2026-09-18,410.0,C,0.8,0.94,0.87,33.5212,0.062007,0.003287,-0.061884,0.135587,38,343.8,234,12972,61.41
GOOGL,2026-08-11,2026-09-18,415.0,C,0.46,0.7,0.58,33.3014,0.048275,0.002715,-0.050369,0.111246,38,343.8,102,4304,61.41
GOOGL,2026-08-11,2026-09-18,420.0,C,0.5,0.62,0.56,34.2048,0.042393,0.002381,-0.046524,0.100205,38,343.8,759,3908,61.41
GOOGL,2026-08-11,2026-09-18,425.0,C,0.44,0.58,0.51,35.3766,0.038662,0.002136,-0.04458,0.092983,38,343.8,643,5818,61.41
GOOGL,2026-08-11,2026-09-18,430.0,C,0.36,0.47,0.415,35.6452,0.031873,0.001809,-0.038292,0.079359,38,343.8,255,2137,61.41
GOOGL,2026-08-11,2026-09-18,435.0,C,0.2,0.53,0.365,37.8912,0.033507,0.001774,-0.042354,0.082699,38,343.8,12,1055,61.41
GOOGL,2026-08-11,2026-09-18,440.0,C,0.2,0.42,0.31,37.9401,0.027276,0.001494,-0.035728,0.069734,38,343.8,2021,4732,61.41
GOOGL,2026-08-11,2026-09-18,445.0,C,0.05,0.44,0.245,39.649,0.027272,0.001429,-0.037289,0.069725,38,343.8,9,877,61.41
GOOGL,2026-08-11,2026-09-18,450.0,C,0.21,0.25,0.23,37.7448,0.017107,0.001012,-0.023928,0.047021,38,343.8,136,12227,61.41
GOOGL,2026-08-11,2026-09-18,455.0,C,0.15,0.39,0.27,41.651,0.023343,0.001194,-0.034322,0.061203,38,343.8,20,435,61.41
GOOGL,2026-08-11,2026-09-18,460.0,C,0.13,0.37,0.25,42.6519,0.02176,0.001099,-0.033101,0.057685,38,343.8,1,1203,61.41
GOOGL,2026-08-11,2026-09-18,465.0,C,0.01,0.36,0.185,43.7994,0.020743,0.001028,-0.032618,0.055396,38,343.8,2,787,61.41
GOOGL,2026-08-11,2026-09-18,470.0,C,0.06,0.29,0.175,43.7017,0.01703,0.000871,-0.027502,0.046838,38,343.8,3,1777,61.41
GOOGL,2026-08-11,2026-09-18,475.0,C,0.03,0.33,0.18,45.7769,0.018381,0.000887,-0.030724,0.049992,38,343.8,51,2286,61.41
GOOGL,2026-08-11,2026-09-18,480.0,C,0.1,0.13,0.115,41.6998,0.008558,0.000503,-0.014443,0.025799,38,343.8,210,839,61.41
GOOGL,2026-08-11,2026-09-18,485.0,C,0.05,0.31,0.18,47.8033,0.016646,0.000781,-0.029446,0.045934,38,343.8,50,178,61.41
GOOGL,2026-08-11,2026-09-18,490.0,C,0.03,0.3,0.165,48.7798,0.015858,0.000734,-0.02881,0.044065,38,343.8,1,349,61.41
GOOGL,2026-08-11,2026-09-18,495.0,C,0.08,0.27,0.175,49.2681,0.014299,0.000665,-0.026611,0.040315,38,343.8,1,1135,61.41
GOOGL,2026-08-11,2026-09-18,500.0,C,0.08,0.12,0.1,45.6548,0.007292,0.000399,-0.013706,0.022409,38,343.8,119,5263,61.41
GOOGL,2026-08-11,2026-09-18,505.0,C,0.02,0.2,0.11,49.6099,0.010788,0.000517,-0.020978,0.031586,38,343.8,7,609,61.41
GOOGL,2026-08-11,2026-09-18,510.0,C,0.01,0.27,0.14,52.6372,0.01341,0.000589,-0.026863,0.038145,38,343.8,4,505,61.41
GOOGL,2026-08-11,2026-09-18,515.0,C,0.01,0.27,0.14,53.7602,0.013192,0.000568,-0.027039,0.037607,38,343.8,3,312,61.41
GOOGL,2026-08-11,2026-09-18,520.0,C,0.01,0.27,0.14,50.6353,0.00761,0.000373,-0.015757,0.02327,38,343.8,1,450,61.41
GOOGL,2026-08-11,2026-09-18,525.0,C,0.01,0.17,0.09,52.8325,0.008766,0.000405,-0.018608,0.026348,38,343.8,4,261,61.41
GOOGL,2026-08-11,2026-09-18,530.0,C,0.01,0.15,0.08,53.0278,0.007731,0.000362,-0.01672,0.023595,38,343.8,8,206,61.41
GOOGL,2026-08-11,2026-09-18,535.0,C,0.01,0.26,0.135,53.4184,0.007007,0.000329,-0.015441,0.021637,38,343.8,3,518,61.41
GOOGL,2026-08-11,2026-09-18,540.0,C,0.01,0.25,0.13,54.1508,0.00667,0.000311,-0.014981,0.020715,38,343.8,1,75,61.41
GOOGL,2026-08-11,2026-09-18,545.0,C,0.01,0.25,0.13,55.0786,0.006537,0.0003,-0.014964,0.020348,38,343.8,3,243,61.41
GOOGL,2026-08-11,2026-09-18,550.0,C,0.02,0.14,0.08,53.2231,0.0043,0.000214,-0.009962,0.014021,38,343.8,5,362,61.41
GOOGL,2026-08-11,2026-09-18,555.0,C,0.01,0.25,0.13,56.934,0.006316,0.000282,-0.014997,0.019739,38,343.8,1,2745,61.41
GOOGL,2026-08-11,2026-09-18,560.0,C,0.01,0.24,0.125,57.6176,0.006029,0.000267,-0.014561,0.018943,38,343.8,2,94,61.41
GOOGL,2026-08-11,2026-09-18,565.0,C,0.01,0.24,0.125,58.5942,0.005994,0.000261,-0.014728,0.018845,38,343.8,3,3020,61.41
GOOGL,2026-08-11,2026-09-18,570.0,C,0.01,0.24,0.125,59.4731,0.005894,0.000254,-0.014722,0.018564,38,343.8,1,323,61.41
GOOGL,2026-08-11,2026-09-18,575.0,C,0.01,0.08,0.045,54.4926,0.002438,0.000126,-0.006116,0.008416,38,343.8,315,3282,61.41
GOOGL,2026-08-11,2026-09-18,580.0,C,0.01,0.24,0.125,61.2309,0.005726,0.00024,-0.014768,0.018095,38,343.8,8,315,61.41
GOOGL,2026-08-11,2026-09-18,590.0,C,0.03,0.16,0.095,61.1332,0.004401,0.00019,-0.011661,0.014316,38,343.8,439,1301,61.41
GOOGL,2026-08-11,2026-09-18,600.0,C,0.0,0.1,0.05,58.9848,0.002474,0.000117,-0.006701,0.008528,38,343.8,1736,10217,61.41
GOOGL,2026-08-11,2026-09-18,610.0,C,0.01,0.62,0.315,73.6331,0.011354,0.000364,-0.032363,0.033023,38,343.8,1505,107,61.41
GOOGL,2026-08-11,2026-09-18,620.0,C,0.01,0.12,0.065,63.6722,0.002993,0.000129,-0.008584,0.010128,38,343.8,347,619,61.41
GOOGL,2026-08-11,2026-09-18,630.0,C,0.01,0.13,0.07,65.6253,0.003109,0.00013,-0.009152,0.01048,38,343.8,47,1053,61.41
GOOGL,2026-08-11,2026-09-18,640.0,C,0.01,0.15,0.08,67.9691,0.003404,0.000136,-0.010281,0.01137,38,343.8,626,339,61.41
GOOGL,2026-08-11,2026-09-18,650.0,C,0.01,0.17,0.09,70.3128,0.003716,0.000142,-0.011505,0.012303,38,343.8,524,430,61.41
GOOGL,2026-08-11,2026-09-18,660.0,C,0.01,0.15,0.08,70.8987,0.003269,0.000126,-0.010335,0.010963,38,343.8,344,190,61.41
GOOGL,2026-08-11,2026-09-18,670.0,C,0.0,0.17,0.085,72.8518,0.003421,0.000127,-0.011062,0.011423,38,343.8,181,41,61.41
GOOGL,2026-08-11,2026-09-18,680.0,C,0.0,0.15,0.075,73.2425,0.002967,0.000111,-0.009781,0.010048,38,343.8,128,46,61.41
GOOGL,2026-08-11,2026-09-18,690.0,C,0.0,1.9,0.95,100.2446,0.02385,0.000505,-0.082948,0.062321,38,343.8,3,385,61.41
GOOGL,2026-08-11,2026-09-18,700.0,C,0.01,0.16,0.085,76.9534,0.003227,0.000114,-0.011079,0.010838,38,343.8,2,1304,61.41
GOOGL,2026-08-11,2026-09-18,710.0,C,0.0,0.1,0.05,74.6096,0.002014,7.7e-05,-0.007015,0.007078,38,343.8,341,1127,61.41
GOOGL,2026-08-11,2026-09-18,720.0,C,0.0,1.9,0.95,105.1518,0.02288,0.000465,-0.083977,0.060181,38,343.8,1,62,61.41
GOOGL,2026-08-11,2026-09-18,730.0,C,0.0,2.14,1.07,108.5942,0.02484,0.000483,-0.092911,0.064485,38,343.8,5,90,61.41
GOOGL,2026-08-11,2026-09-18,740.0,C,0.0,2.14,1.07,110.1567,0.024526,0.000471,-0.093233,0.0638,38,343.8,9,56,61.41
GOOGL,2026-08-11,2026-09-18,750.0,C,0.0,2.14,1.07,111.6948,0.024227,0.000459,-0.093555,0.063148,38,343.8,1,45,61.41
GOOGL,2026-08-11,2026-09-18,760.0,C,0.0,2.13,1.065,113.1352,0.023857,0.000448,-0.093532,0.062337,38,343.8,6,35,61.41
GOOGL,2026-08-11,2026-09-18,770.0,C,0.0,2.13,1.065,114.6489,0.023614,0.000438,-0.093958,0.061802,38,343.8,4,22,61.41
GOOGL,2026-08-11,2026-09-18,780.0,C,0.0,2.13,1.065,116.1137,0.023353,0.000429,-0.094261,0.061226,38,343.8,201,313,61.41
GOOGL,2026-08-11,2026-09-18,790.0,C,0.0,2.13,1.065,117.5785,0.023127,0.00042,-0.094662,0.060728,38,343.8,118,123,61.41
GOOGL,2026-08-11,2026-09-18,800.0,C,0.0,0.02,0.01,75.0003,0.0004,1.7e-05,-0.001595,0.001603,38,343.8,622,11640,61.41
GOOGL,2026-08-11,2026-09-18,5.0,P,0.0,0.01,0.005,387.5,-3e-05,0.0,-0.00072,0.000142,38,343.8,30,201,61.41
GOOGL,2026-08-11,2026-09-18,15.0,P,0.0,0.01,0.005,281.2503,-4.6e-05,1e-06,-0.000784,0.000212,38,343.8,0,1,61.41
GOOGL,2026-08-11,2026-09-18,20.0,P,0.0,0.01,0.005,256.2504,-5.7e-05,1e-06,-0.000871,0.000259,38,343.8,1,2,61.41
GOOGL,2026-08-11,2026-09-18,30.0,P,0.0,0.01,0.005,218.7505,-6.8e-05,1e-06,-0.000882,0.000307,38,343.8,21,22,61.41
GOOGL,2026-08-11,2026-09-18,40.0,P,0.0,0.4,0.2,265.2347,-0.001609,1.8e-05,-0.020067,0.005771,38,343.8,1,1,61.41
GOOGL,2026-08-11,2026-09-18,45.0,P,0.0,0.21,0.105,233.2035,-0.001022,1.3e-05,-0.011648,0.003811,38,343.8,28,28,61.41
GOOGL,2026-08-11,2026-09-18,50.0,P,0.0,2.13,1.065,298.926,-0.006473,5.5e-05,-0.079016,0.020172,38,343.8,5,220,61.41
GOOGL,2026-08-11,2026-09-18,60.0,P,0.0,0.6,0.3,225.5864,-0.002823,3.5e-05,-0.028394,0.009608,38,343.8,2,73,61.41
GOOGL,2026-08-11,2026-09-18,65.0,P,0.0,0.65,0.325,217.3833,-0.003157,4e-05,-0.030256,0.010627,38,343.8,2,34,61.41
GOOGL,2026-08-11,2026-09-18,70.0,P,0.0,0.01,0.005,140.6253,-9.1e-05,2e-06,-0.000739,0.000401,38,343.8,98,27,61.41
GOOGL,2026-08-11,2026-09-18,75.0,P,0.0,0.75,0.375,202.7349,-0.0039,5.1e-05,-0.034102,0.012848,38,343.8,97,0,61.41
GOOGL,2026-08-11,2026-09-18,85.0,P,0.0,0.42,0.21,173.4376,-0.002686,4.3e-05,-0.02085,0.009186,38,343.8,14,0,61.41
GOOGL,2026-08-11,2026-09-18,95.0,P,0.0,0.08,0.04,135.1566,-0.000746,1.7e-05,-0.005043,0.002853,38,343.8,1,65,61.41
GOOGL,2026-08-11,2026-09-18,100.0,P,0.0,0.08,0.04,129.6879,-0.000763,1.8e-05,-0.004941,0.002914,38,343.8,3,519,61.41
GOOGL,2026-08-11,2026-09-18,105.0,P,0.0,0.02,0.01,110.9379,-0.00023,7e-06,-0.001388,0.000957,38,343.8,3,74,61.41
GOOGL,2026-08-11,2026-09-18,110.0,P,0.0,2.13,1.065,178.7599,-0.011578,0.000153,-0.078495,0.033587,38,343.8,2,163,61.41
GOOGL,2026-08-11,2026-09-18,115.0,P,0.0,0.09,0.045,116.7973,-0.000952,2.5e-05,-0.005452,0.003572,38,343.8,1,1218,61.41
GOOGL,2026-08-11,2026-09-18,120.0,P,0.0,2.13,1.065,165.967,-0.012528,0.000176,-0.077998,0.035964,38,343.8,1,169,61.41
GOOGL,2026-08-11,2026-09-18,125.0,P,0.0,0.1,0.05,109.3755,-0.001128,3.1e-05,-0.005959,0.004171,38,343.8,1,333,61.41
GOOGL,2026-08-11,2026-09-18,130.0,P,0.0,1.05,0.525,138.2816,-0.007944,0.000142,-0.043644,0.024166,38,343.8,5,1675,61.41
GOOGL,2026-08-11,2026-09-18,135.0,P,0.0,0.46,0.23,119.5317,-0.004312,9.6e-05,-0.021933,0.014055,38,343.8,5,473,61.41
GOOGL,2026-08-11,2026-09-18,140.0,P,0.0,0.1,0.05,97.6563,-0.001259,3.8e-05,-0.00588,0.004614,38,343.8,2,1068,61.41
GOOGL,2026-08-11,2026-09-18,145.0,P,0.0,0.1,0.05,94.1407,-0.00132,4.2e-05,-0.005915,0.004816,38,343.8,1,717,61.41
GOOGL,2026-08-11,2026-09-18,150.0,P,0.0,0.15,0.075,94.1407,-0.001894,5.8e-05,-0.00822,0.006695,38,343.8,110,1888,61.41
GOOGL,2026-08-11,2026-09-18,155.0,P,0.0,0.69,0.345,108.4966,-0.006913,0.00016,-0.030248,0.02138,38,343.8,307,1537,61.41
GOOGL,2026-08-11,2026-09-18,160.0,P,0.0,1.22,0.61,113.2817,-0.011127,0.000233,-0.047919,0.032448,38,343.8,34,3118,61.41
GOOGL,2026-08-11,2026-09-18,165.0,P,0.01,0.3,0.155,91.0157,-0.003909,0.000115,-0.015266,0.012874,38,343.8,784,852,61.41
GOOGL,2026-08-11,2026-09-18,170.0,P,0.01,0.33,0.17,88.4767,-0.004354,0.00013,-0.016338,0.014179,38,343.8,663,5593,61.41
GOOGL,2026-08-11,2026-09-18,175.0,P,0.01,0.13,0.07,77.1487,-0.002167,8e-05,-0.007596,0.007564,38,343.8,931,2751,61.41
GOOGL,2026-08-11,2026-09-18,180.0,P,0.0,0.09,0.045,70.8987,-0.001538,6.3e-05,-0.005108,0.005537,38,343.8,3,1492,61.41
GOOGL,2026-08-11,2026-09-18,185.0,P,0.01,0.09,0.05,68.7503,-0.001739,7.3e-05,-0.005537,0.006193,38,343.8,35,1035,61.41
GOOGL,2026-08-11,2026-09-18,190.0,P,0.0,0.17,0.085,69.7269,-0.00284,0.000113,-0.008756,0.00966,38,343.8,22,7319,61.41
GOOGL,2026-08-11,2026-09-18,195.0,P,0.0,0.22,0.11,68.9456,-0.003706,0.000145,-0.010994,0.012273,38,343.8,5,1917,61.41
GOOGL,2026-08-11,2026-09-18,200.0,P,0.0,0.15,0.075,63.2816,-0.002766,0.000121,-0.00775,0.009432,38,343.8,5,2291,61.41
GOOGL,2026-08-11,2026-09-18,210.0,P,0.01,0.15,0.08,58.3989,-0.003158,0.000148,-0.00805,0.010629,38,343.8,66,3141,61.41
GOOGL,2026-08-11,2026-09-18,215.0,P,0.01,0.25,0.13,59.0824,-0.004967,0.000219,-0.012212,0.015947,38,343.8,14,1437,61.41
GOOGL,2026-08-11,2026-09-18,220.0,P,0.01,0.26,0.135,56.7387,-0.005366,0.000245,-0.012552,0.017082,38,343.8,30,3944,61.41
GOOGL,2026-08-11,2026-09-18,230.0,P,0.06,0.2,0.13,51.3677,-0.005677,0.000284,-0.011926,0.017957,38,343.8,10,3515,61.41
GOOGL,2026-08-11,2026-09-18,235.0,P,0.03,0.21,0.12,51.9536,-0.008735,0.000411,-0.017631,0.026266,38,343.8,1,1189,61.41
GOOGL,2026-08-11,2026-09-18,240.0,P,0.04,0.31,0.175,52.1977,-0.012502,0.000559,-0.024191,0.035901,38,343.8,9,3828,61.41
GOOGL,2026-08-11,2026-09-18,245.0,P,0.03,0.33,0.18,50.0005,-0.013735,0.000633,-0.025108,0.038941,38,343.8,6,2593,61.41
GOOGL,2026-08-11,2026-09-18,250.0,P,0.04,0.35,0.195,47.8033,-0.015084,0.000718,-0.025991,0.042212,38,343.8,16,6253,61.41
GOOGL,2026-08-11,2026-09-18,255.0,P,0.07,0.38,0.225,45.8013,-0.016917,0.000826,-0.02744,0.046574,38,343.8,4,2058,61.41
GOOGL,2026-08-11,2026-09-18,260.0,P,0.19,0.41,0.3,43.7506,-0.018893,0.000951,-0.028759,0.051174,38,343.8,23,4378,61.41
GOOGL,2026-08-11,2026-09-18,265.0,P,0.15,0.3,0.225,39.1608,-0.015612,0.000902,-0.021829,0.043478,38,343.8,26,1519,61.41
GOOGL,2026-08-11,2026-09-18,270.0,P,0.23,0.45,0.34,39.2584,-0.022664,0.001236,-0.030004,0.059702,38,343.8,162,5998,61.41
GOOGL,2026-08-11,2026-09-18,275.0,P,0.36,0.61,0.485,38.7701,-0.030154,0.001589,-0.037555,0.075801,38,343.8,293,5016,61.41
GOOGL,2026-08-11,2026-09-18,280.0,P,0.37,0.57,0.47,35.6696,-0.030408,0.001739,-0.034706,0.07633,38,343.8,21,10475,61.41
GOOGL,2026-08-11,2026-09-18,285.0,P,0.47,0.81,0.64,35.4987,-0.041925,0.002273,-0.044841,0.099308,38,343.8,30,3559,61.41
GOOGL,2026-08-11,2026-09-18,290.0,P,0.79,0.86,0.825,33.2282,-0.046761,0.002652,-0.045693,0.108441,38,343.8,117,3980,61.41
GOOGL,2026-08-11,2026-09-18,295.0,P,1.06,1.22,1.14,33.0939,-0.063831,0.003405,-0.058038,0.138683,38,343.8,80,3448,61.41
GOOGL,2026-08-11,2026-09-18,300.0,P,1.39,1.49,1.44,31.8366,-0.078417,0.004146,-0.065158,0.162439,38,343.8,300,11300,61.41
GOOGL,2026-08-11,2026-09-18,305.0,P,1.88,2.02,1.95,31.5192,-0.102667,0.005117,-0.078513,0.198451,38,343.8,146,2919,61.41
GOOGL,2026-08-11,2026-09-18,310.0,P,2.52,2.57,2.545,30.7075,-0.128563,0.006163,-0.089338,0.232867,38,343.8,1072,16761,61.41
GOOGL,2026-08-11,2026-09-18,315.0,P,3.2,3.35,3.275,30.2253,-0.162151,0.00732,-0.102278,0.272269,38,343.8,401,3180,61.41
GOOGL,2026-08-11,2026-09-18,320.0,P,4.2,4.35,4.275,29.8469,-0.20231,0.008514,-0.115299,0.31271,38,343.8,1589,10297,61.41
GOOGL,2026-08-11,2026-09-18,325.0,P,5.4,5.6,5.5,29.5478,-0.248809,0.00967,-0.127442,0.351618,38,343.8,1945,5826,61.41
GOOGL,2026-08-11,2026-09-18,330.0,P,6.9,7.05,6.975,29.1145,-0.299998,0.010765,-0.136554,0.385696,38,343.8,799,9782,61.41
GOOGL,2026-08-11,2026-09-18,335.0,P,8.55,9.0,8.775,29.2213,-0.358175,0.011521,-0.145853,0.41428,38,343.8,1064,4381,61.41
GOOGL,2026-08-11,2026-09-18,340.0,P,10.75,11.0,10.875,28.7483,-0.417589,0.012242,-0.1481,0.433073,38,343.8,886,8341,61.41
GOOGL,2026-08-11,2026-09-18,345.0,P,13.15,13.45,13.3,28.6079,-0.479872,0.012555,-0.148226,0.441986,38,343.8,350,2628,61.41
GOOGL,2026-08-11,2026-09-18,350.0,P,15.85,16.2,16.025,28.4492,-0.54241,0.01257,-0.144109,0.440046,38,343.8,551,5987,61.41
GOOGL,2026-08-11,2026-09-18,355.0,P,18.7,19.35,19.025,28.5255,-0.602603,0.012188,-0.137538,0.427831,38,343.8,103,2155,61.41
GOOGL,2026-08-11,2026-09-18,360.0,P,21.75,23.3,22.525,29.8835,-0.651377,0.011157,-0.136178,0.410294,38,343.8,68,4701,61.41
GOOGL,2026-08-11,2026-09-18,365.0,P,25.1,26.8,25.95,29.5905,-0.704818,0.010514,-0.121686,0.382857,38,343.8,29,1241,61.41
GOOGL,2026-08-11,2026-09-18,370.0,P,28.9,31.0,29.95,30.5976,-0.743833,0.009483,-0.114579,0.35706,38,343.8,90,1952,61.41
GOOGL,2026-08-11,2026-09-18,375.0,P,32.9,35.1,34.0,30.8662,-0.783311,0.008572,-0.101265,0.325602,38,343.8,68,846,61.41
GOOGL,2026-08-11,2026-09-18,380.0,P,37.55,39.5,38.525,31.6291,-0.813771,0.007639,-0.09125,0.297325,38,343.8,50,1204,61.41
GOOGL,2026-08-11,2026-09-18,385.0,P,41.45,43.95,42.7,32.1906,-0.841437,0.006774,-0.079738,0.268317,38,343.8,31,735,61.41
GOOGL,2026-08-11,2026-09-18,390.0,P,46.0,48.55,47.275,32.978,-0.863297,0.005986,-0.070266,0.242927,38,343.8,80,1481,61.41
GOOGL,2026-08-11,2026-09-18,395.0,P,50.65,53.2,51.925,33.6799,-0.882467,0.005276,-0.060616,0.218673,38,343.8,4,221,61.41
GOOGL,2026-08-11,2026-09-18,400.0,P,55.45,57.95,56.7,34.5954,-0.8972,0.004666,-0.05313,0.198637,38,343.8,60,2122,61.41
GOOGL,2026-08-11,2026-09-18,405.0,P,60.35,62.75,61.55,35.5475,-0.90941,0.004138,-0.046461,0.181017,38,343.8,17,261,61.41
GOOGL,2026-08-11,2026-09-18,410.0,P,65.3,67.6,66.45,36.6217,-0.918994,0.003694,-0.041185,0.166481,38,343.8,3,78,61.41
GOOGL,2026-08-11,2026-09-18,415.0,P,70.3,72.45,71.375,37.5372,-0.928046,0.003293,-0.03529,0.152127,38,343.8,3,82,61.41
GOOGL,2026-08-11,2026-09-18,420.0,P,74.3,77.95,76.125,42.4444,-0.913868,0.003338,-0.057455,0.174337,38,343.8,5,13,61.41
GOOGL,2026-08-11,2026-09-18,425.0,P,79.3,83.35,81.325,46.5215,-0.905173,0.003271,-0.074463,0.187242,38,343.8,2,0,61.41
GOOGL,2026-08-11,2026-09-18,430.0,P,84.1,87.95,86.025,46.0943,-0.919808,0.002913,-0.059069,0.165215,38,343.8,25,103,61.41
GOOGL,2026-08-11,2026-09-18,435.0,P,89.25,93.35,91.3,50.208,-0.911074,0.00289,-0.076572,0.178539,38,343.8,15,15,61.41
GOOGL,2026-08-11,2026-09-18,440.0,P,94.1,98.2,96.15,51.1235,-0.917679,0.002679,-0.071254,0.168514,38,343.8,63,0,61.41
GOOGL,2026-08-11,2026-09-18,445.0,P,74.7,77.95,76.325,0.001,-1.0,0.0,0.045299,0.0,38,343.8,1,1,61.41
GOOGL,2026-08-11,2026-09-18,450.0,P,104.3,108.35,106.325,55.4448,-0.918272,0.002456,-0.079115,0.167599,38,343.8,209,0,61.41
GOOGL,2026-08-11,2026-09-18,455.0,P,151.25,154.65,152.95,168.6586,-0.593177,0.002074,-0.918958,0.430423,38,343.8,3,0,61.41
GOOGL,2026-08-11,2026-09-18,460.0,P,114.15,118.35,116.25,58.7773,-0.922193,0.002233,-0.080577,0.161481,38,343.8,1,0,61.41
GOOGL,2026-08-11,2026-09-18,470.0,P,150.2,154.25,152.225,138.4769,-0.679998,0.002328,-0.683593,0.396701,38,343.8,1,0,61.41
GOOGL,2026-08-11,2026-09-18,475.0,P,102.85,105.6,104.225,0.001,-1.0,0.0,0.048353,0.0,38,343.8,16,0,61.41
GOOGL,2026-08-11,2026-09-18,485.0,P,139.15,143.3,141.225,66.2845,-0.931062,0.001805,-0.081224,0.147201,38,343.8,1,0,61.41
GOOGL,2026-08-11,2026-09-18,490.0,P,175.45,178.15,176.8,158.417,-0.666425,0.00207,-0.799747,0.403459,38,343.8,2,0,61.41
GOOGL,2026-08-11,2026-09-18,500.0,P,154.1,158.05,156.075,68.8724,-0.940249,0.001554,-0.070378,0.131714,38,343.8,1,0,61.41
GOOGL,2026-08-11,2026-09-18,680.0,P,334.2,338.35,336.275,74.0237,-0.996735,0.00012,0.058445,0.010954,38,343.8,0,0,61.41
GOOGL,2026-08-11,2026-09-18,790.0,P,444.2,448.2,446.2,73.4378,-0.999633,1.6e-05,0.078975,0.001481,38,343.8,0,0,61.41
GOOGL,2026-08-11,2026-09-25,205.0,C,138.15,141.75,139.95,81.8117,0.974977,0.000592,-0.084051,0.070606,45,343.8,1,1,61.41
GOOGL,2026-08-11,2026-09-25,290.0,C,54.65,58.1,56.375,47.3028,0.871885,0.003667,-0.157463,0.252796,45,343.8,1,1,61.41
GOOGL,2026-08-11,2026-09-25,300.0,C,45.75,48.35,47.05,41.5533,0.85048,0.004638,-0.154513,0.280859,45,343.8,2,1,61.41
GOOGL,2026-08-11,2026-09-25,315.0,C,32.95,35.55,34.25,37.58,0.777522,0.006569,-0.1738,0.35973,45,343.8,1,8,61.41
GOOGL,2026-08-11,2026-09-25,325.0,C,25.35,28.0,26.675,35.8588,0.707505,0.007939,-0.187211,0.414872,45,343.8,21,5,61.41
GOOGL,2026-08-11,2026-09-25,330.0,C,22.3,24.2,23.25,34.3573,0.669318,0.008739,-0.187992,0.437534,45,343.8,13,3,61.41
GOOGL,2026-08-11,2026-09-25,350.0,C,12.1,12.85,12.475,32.0869,0.475484,0.01028,-0.186712,0.480678,45,343.8,243,41,61.41
GOOGL,2026-08-11,2026-09-25,355.0,C,10.1,10.55,10.325,31.3605,0.422966,0.010341,-0.178408,0.472582,45,343.8,2015,92,61.41
GOOGL,2026-08-11,2026-09-25,360.0,C,8.5,8.85,8.675,31.385,0.374108,0.010001,-0.171708,0.457406,45,343.8,79,75,61.41
GOOGL,2026-08-11,2026-09-25,365.0,C,6.55,7.35,6.95,31.3605,0.327585,0.009538,-0.162608,0.43588,45,343.8,34,39,61.41
GOOGL,2026-08-11,2026-09-25,370.0,C,5.5,6.5,6.0,32.4226,0.291912,0.008773,-0.158883,0.414487,45,343.8,233,85,61.41
GOOGL,2026-08-11,2026-09-25,375.0,C,4.3,5.45,4.875,32.624,0.254338,0.008143,-0.148676,0.387104,45,343.8,32,34,61.41
GOOGL,2026-08-11,2026-09-25,380.0,C,3.8,4.6,4.2,32.9597,0.221408,0.007469,-0.138667,0.358741,45,343.8,38,48,61.41
GOOGL,2026-08-11,2026-09-25,385.0,C,2.73,3.85,3.29,33.2099,0.191361,0.006799,-0.127722,0.32902,45,343.8,49,31,61.41
GOOGL,2026-08-11,2026-09-25,390.0,C,2.21,3.2,2.705,33.4052,0.164256,0.006138,-0.116329,0.298782,45,343.8,81,64,61.41
GOOGL,2026-08-11,2026-09-25,395.0,C,1.7,2.69,2.195,33.7409,0.141468,0.005503,-0.10613,0.270595,45,343.8,19,28,61.41
GOOGL,2026-08-11,2026-09-25,400.0,C,1.6,1.85,1.725,32.2883,0.107817,0.004755,-0.08386,0.223742,45,343.8,246,139,61.41
GOOGL,2026-08-11,2026-09-25,405.0,C,1.02,1.93,1.475,34.5588,0.10537,0.00437,-0.087999,0.220064,45,343.8,17,4,61.41
GOOGL,2026-08-11,2026-09-25,410.0,C,0.78,1.66,1.22,35.0837,0.091662,0.003887,-0.080506,0.198712,45,343.8,8,24,61.41
GOOGL,2026-08-11,2026-09-25,415.0,C,0.59,1.43,1.01,35.5841,0.079693,0.003451,-0.073399,0.178943,45,343.8,8,531,61.41
GOOGL,2026-08-11,2026-09-25,420.0,C,0.44,1.25,0.845,36.1945,0.070036,0.003074,-0.067538,0.162147,45,343.8,25,48,61.41
GOOGL,2026-08-11,2026-09-25,430.0,C,0.23,0.98,0.605,37.5006,0.054985,0.002457,-0.057771,0.134258,45,343.8,14,13,61.41
GOOGL,2026-08-11,2026-09-25,435.0,C,0.14,0.89,0.515,38.2941,0.049632,0.002218,-0.054313,0.123769,45,343.8,1,2,61.41
GOOGL,2026-08-11,2026-09-25,445.0,C,0.02,0.74,0.38,39.8199,0.040704,0.001818,-0.048036,0.105511,45,343.8,4,4,61.41
GOOGL,2026-08-11,2026-09-25,450.0,C,0.01,0.68,0.345,40.6012,0.037155,0.001656,-0.045425,0.097956,45,343.8,9,25,61.41
GOOGL,2026-08-11,2026-09-25,490.0,C,0.01,0.48,0.245,48.0474,0.023364,0.000952,-0.036355,0.066653,45,343.8,1,1,61.41
GOOGL,2026-08-11,2026-09-25,495.0,C,0.01,0.46,0.235,48.8775,0.022149,0.000895,-0.035337,0.063721,45,343.8,1,1,61.41
GOOGL,2026-08-11,2026-09-25,500.0,C,0.01,0.46,0.235,49.9761,0.021666,0.000859,-0.035445,0.062544,45,343.8,2,3,61.41
GOOGL,2026-08-11,2026-09-25,190.0,P,0.0,2.16,1.08,91.211,-0.021372,0.000465,-0.061808,0.061827,45,343.8,1,1,61.41
GOOGL,2026-08-11,2026-09-25,295.0,P,1.03,1.96,1.495,34.4489,-0.086268,0.003784,-0.069494,0.18994,45,343.8,79,4,61.41
GOOGL,2026-08-11,2026-09-25,300.0,P,1.74,2.1,1.92,32.2456,-0.096653,0.004398,-0.07045,0.206638,45,343.8,106,10,61.41
GOOGL,2026-08-11,2026-09-25,305.0,P,2.21,2.62,2.415,31.4704,-0.118888,0.005231,-0.079472,0.239901,45,343.8,41,24,61.41
GOOGL,2026-08-11,2026-09-25,310.0,P,2.6,3.3,2.95,30.8479,-0.146387,0.00616,-0.089466,0.276906,45,343.8,104,34,61.41
GOOGL,2026-08-11,2026-09-25,315.0,P,3.45,4.05,3.75,29.9934,-0.176949,0.00717,-0.097844,0.313367,45,343.8,91,29,61.41
GOOGL,2026-08-11,2026-09-25,320.0,P,4.6,5.25,4.925,29.9445,-0.218104,0.00815,-0.110185,0.355658,45,343.8,172,193,61.41
GOOGL,2026-08-11,2026-09-25,325.0,P,6.25,6.7,6.475,29.9201,-0.26383,0.009048,-0.121259,0.394509,45,343.8,262,86,61.41
GOOGL,2026-08-11,2026-09-25,330.0,P,7.8,8.25,8.025,29.5478,-0.311689,0.009914,-0.128426,0.426885,45,343.8,133,58,61.41
GOOGL,2026-08-11,2026-09-25,335.0,P,9.35,10.0,9.675,29.0626,-0.3631,0.010695,-0.132565,0.452947,45,343.8,126,37,61.41
GOOGL,2026-08-11,2026-09-25,340.0,P,11.7,12.2,11.95,28.968,-0.418653,0.01117,-0.135908,0.471541,45,343.8,238,1364,61.41
GOOGL,2026-08-11,2026-09-25,345.0,P,14.05,15.0,14.525,29.5234,-0.47505,0.011172,-0.139548,0.480646,45,343.8,51,131,61.41
GOOGL,2026-08-11,2026-09-25,350.0,P,16.3,18.0,17.15,29.9262,-0.529411,0.011013,-0.139371,0.480279,45,343.8,50,30,61.41
GOOGL,2026-08-11,2026-09-25,355.0,P,19.2,21.25,20.225,30.3138,-0.58112,0.010676,-0.136376,0.471597,45,343.8,7,35,61.41
GOOGL,2026-08-11,2026-09-25,360.0,P,22.35,24.65,23.5,30.5183,-0.630506,0.010244,-0.129943,0.455584,45,343.8,16,21,61.41
GOOGL,2026-08-11,2026-09-25,375.0,P,32.85,36.05,34.45,31.0493,-0.758064,0.00833,-0.099869,0.376918,45,343.8,0,10,61.41
GOOGL,2026-08-11,2026-09-25,380.0,P,37.65,40.2,38.925,31.2446,-0.792682,0.007583,-0.088069,0.34528,45,343.8,3,4,61.41
GOOGL,2026-08-11,2026-09-25,385.0,P,41.8,44.5,43.15,31.4826,-0.82304,0.006831,-0.076323,0.313378,45,343.8,12,17,61.41
GOOGL,2026-08-11,2026-10-16,150.0,C,193.3,197.0,195.15,105.9575,0.981288,0.000295,-0.068137,0.066892,66,343.8,2,3,61.41
GOOGL,2026-08-11,2026-10-16,155.0,C,188.2,192.0,190.1,101.4898,0.981114,0.000311,-0.066785,0.06742,66,343.8,1,14,61.41
GOOGL,2026-08-11,2026-10-16,160.0,C,210.85,214.55,212.7,237.2074,0.897838,0.000514,-0.478095,0.2606,66,343.8,9,15,61.41
GOOGL,2026-08-11,2026-10-16,165.0,C,205.9,209.65,207.775,230.0236,0.893707,0.000546,-0.477505,0.268196,66,343.8,15,15,61.41
GOOGL,2026-08-11,2026-10-16,170.0,C,148.1,151.65,149.875,0.001,1.0,0.0,-0.017256,0.0,66,343.8,2,867,61.41
GOOGL,2026-08-11,2026-10-16,175.0,C,168.45,172.15,170.3,89.9171,0.975861,0.000432,-0.073292,0.082968,66,343.8,3,18,61.41
GOOGL,2026-08-11,2026-10-16,180.0,C,163.55,167.2,165.375,87.4269,0.974091,0.000471,-0.075523,0.088038,66,343.8,10,27,61.41
GOOGL,2026-08-11,2026-10-16,185.0,C,158.6,162.25,160.425,84.6925,0.972541,0.000511,-0.076956,0.092415,66,343.8,1,18,61.41
GOOGL,2026-08-11,2026-10-16,190.0,C,128.25,131.95,130.1,0.001,1.0,0.0,-0.019286,0.0,66,343.8,1,10,61.41
GOOGL,2026-08-11,2026-10-16,195.0,C,148.75,152.35,150.55,79.59,0.968885,0.000603,-0.080356,0.102527,66,343.8,1,9,61.41
GOOGL,2026-08-11,2026-10-16,200.0,C,143.75,147.45,145.6,76.9656,0.967081,0.000653,-0.081605,0.10741,66,343.8,12,41,61.41
GOOGL,2026-08-11,2026-10-16,205.0,C,138.85,142.55,140.7,74.7927,0.964537,0.000714,-0.084086,0.114188,66,343.8,8,32,61.41
GOOGL,2026-08-11,2026-10-16,210.0,C,133.8,137.6,135.7,71.8265,0.963174,0.000767,-0.083929,0.117771,66,343.8,1,86,61.41
GOOGL,2026-08-11,2026-10-16,215.0,C,128.9,132.65,130.775,69.4949,0.960717,0.000836,-0.085617,0.124141,66,343.8,13,18,61.41
GOOGL,2026-08-11,2026-10-16,220.0,C,123.85,127.65,125.75,66.4432,0.959527,0.000896,-0.08475,0.12719,66,343.8,6,19,61.41
GOOGL,2026-08-11,2026-10-16,225.0,C,118.95,122.6,120.775,63.8187,0.957537,0.000969,-0.085096,0.132234,66,343.8,5,36,61.41
GOOGL,2026-08-11,2026-10-16,230.0,C,114.1,117.8,115.95,62.2318,0.953213,0.001075,-0.088911,0.142979,66,343.8,5,15,61.41
GOOGL,2026-08-11,2026-10-16,235.0,C,109.25,112.85,111.05,60.12,0.949754,0.001178,-0.090822,0.15137,66,343.8,14,44,61.41
GOOGL,2026-08-11,2026-10-16,240.0,C,104.2,108.0,106.1,57.6909,0.946873,0.001283,-0.091436,0.158229,66,343.8,13,85,61.41
GOOGL,2026-08-11,2026-10-16,245.0,C,99.35,102.25,100.8,53.2353,0.949459,0.001337,-0.084242,0.152077,66,343.8,1,130,61.41
GOOGL,2026-08-11,2026-10-16,250.0,C,94.5,98.25,96.375,53.8335,0.937693,0.001559,-0.096099,0.179364,66,343.8,51,77,61.41
GOOGL,2026-08-11,2026-10-16,255.0,C,89.85,92.45,91.15,50.0127,0.938588,0.001659,-0.090705,0.177349,66,343.8,100,61,61.41
GOOGL,2026-08-11,2026-10-16,260.0,C,85.0,87.6,86.3,53.9677,0.913327,0.002001,-0.117368,0.230834,66,343.8,100,153,61.41
GOOGL,2026-08-11,2026-10-16,265.0,C,79.8,82.9,81.35,52.3442,0.905101,0.002207,-0.121091,0.246903,66,343.8,3,53,61.41
GOOGL,2026-08-11,2026-10-16,270.0,C,75.1,78.0,76.55,49.9089,0.899105,0.002421,-0.121111,0.258242,66,343.8,5,167,61.41
GOOGL,2026-08-11,2026-10-16,275.0,C,70.65,73.25,71.95,47.9925,0.890505,0.002671,-0.12327,0.273991,66,343.8,15,372,61.41
GOOGL,2026-08-11,2026-10-16,280.0,C,65.95,68.6,67.275,46.3445,0.879875,0.002955,-0.126507,0.292663,66,343.8,56,228,61.41
GOOGL,2026-08-11,2026-10-16,285.0,C,61.35,63.95,62.65,44.5989,0.868522,0.00327,-0.129143,0.311694,66,343.8,2,373,61.41
GOOGL,2026-08-11,2026-10-16,290.0,C,56.85,59.55,58.2,43.4759,0.853011,0.003619,-0.134493,0.336274,66,343.8,17,343,61.41
GOOGL,2026-08-11,2026-10-16,295.0,C,52.4,55.15,53.775,42.1759,0.836668,0.003999,-0.138804,0.36052,66,343.8,8,124,61.41
GOOGL,2026-08-11,2026-10-16,300.0,C,48.1,50.8,49.45,40.8423,0.81868,0.004415,-0.142667,0.385376,66,343.8,7,753,61.41
GOOGL,2026-08-11,2026-10-16,305.0,C,43.95,46.55,45.25,39.5758,0.798362,0.004863,-0.146464,0.411297,66,343.8,1,226,61.41
GOOGL,2026-08-11,2026-10-16,310.0,C,39.95,42.45,41.2,38.4497,0.775161,0.005333,-0.150421,0.438278,66,343.8,12,312,61.41
GOOGL,2026-08-11,2026-10-16,315.0,C,36.2,38.5,37.35,37.4213,0.749127,0.005819,-0.154198,0.465431,66,343.8,2,458,61.41
GOOGL,2026-08-11,2026-10-16,320.0,C,32.65,34.75,33.7,36.5546,0.719928,0.0063,-0.157913,0.492186,66,343.8,51,729,61.41
GOOGL,2026-08-11,2026-10-16,325.0,C,29.55,31.2,30.375,35.7978,0.687877,0.006761,-0.161143,0.517295,66,343.8,4,910,61.41
GOOGL,2026-08-11,2026-10-16,330.0,C,26.25,27.8,27.025,35.0287,0.653502,0.007206,-0.163169,0.539506,66,343.8,45,1048,61.41
GOOGL,2026-08-11,2026-10-16,335.0,C,23.85,24.6,24.225,34.3146,0.616722,0.00761,-0.164122,0.558088,66,343.8,51,1027,61.41
GOOGL,2026-08-11,2026-10-16,340.0,C,21.05,21.5,21.275,33.4632,0.577951,0.007999,-0.163027,0.572063,66,343.8,280,1111,61.41
GOOGL,2026-08-11,2026-10-16,345.0,C,18.5,19.05,18.775,33.393,0.537429,0.008136,-0.163733,0.580663,66,343.8,162,964,61.41
GOOGL,2026-08-11,2026-10-16,350.0,C,16.2,16.55,16.375,32.8986,0.49617,0.008294,-0.161006,0.583205,66,343.8,1018,2992,61.41
GOOGL,2026-08-11,2026-10-16,355.0,C,13.95,14.6,14.275,33.0054,0.456132,0.008218,-0.159402,0.579703,66,343.8,275,1533,61.41
GOOGL,2026-08-11,2026-10-16,360.0,C,12.0,12.45,12.225,32.4287,0.414477,0.008221,-0.153195,0.569779,66,343.8,609,2206,61.41
GOOGL,2026-08-11,2026-10-16,365.0,C,10.45,10.9,10.675,32.5751,0.376751,0.007974,-0.149064,0.555173,66,343.8,211,2028,61.41
GOOGL,2026-08-11,2026-10-16,370.0,C,9.0,9.45,9.225,32.5965,0.340211,0.007691,-0.143241,0.5358,66,343.8,2084,7655,61.41
GOOGL,2026-08-11,2026-10-16,375.0,C,7.8,8.0,7.9,32.2974,0.303376,0.007401,-0.134788,0.510872,66,343.8,375,12362,61.41
GOOGL,2026-08-11,2026-10-16,380.0,C,6.65,6.85,6.75,32.2791,0.270407,0.007012,-0.127051,0.483751,66,343.8,559,3597,61.41
GOOGL,2026-08-11,2026-10-16,385.0,C,5.7,5.9,5.8,32.3981,0.240805,0.006575,-0.119569,0.45531,66,343.8,463,1757,61.41
GOOGL,2026-08-11,2026-10-16,390.0,C,4.65,5.05,4.85,32.4714,0.213229,0.006126,-0.111517,0.425116,66,343.8,482,2248,61.41
GOOGL,2026-08-11,2026-10-16,395.0,C,3.95,4.45,4.2,32.9047,0.191057,0.00566,-0.105459,0.398076,66,343.8,81,967,61.41
GOOGL,2026-08-11,2026-10-16,400.0,C,3.6,3.7,3.65,32.7033,0.165849,0.005209,-0.095631,0.36411,66,343.8,4448,10524,61.41
GOOGL,2026-08-11,2026-10-16,405.0,C,3.0,3.2,3.1,32.9536,0.146648,0.004767,-0.088622,0.335751,66,343.8,150,947,61.41
GOOGL,2026-08-11,2026-10-16,410.0,C,2.62,2.74,2.68,33.1122,0.128743,0.004341,-0.081283,0.307192,66,343.8,1265,55052,61.41
GOOGL,2026-08-11,2026-10-16,415.0,C,2.1,2.6,2.35,34.1987,0.11996,0.004,-0.079681,0.29238,66,343.8,586,767,61.41
GOOGL,2026-08-11,2026-10-16,420.0,C,1.94,2.0,1.97,33.4174,0.098473,0.003552,-0.067468,0.253699,66,343.8,2153,7720,61.41
GOOGL,2026-08-11,2026-10-16,425.0,C,1.53,1.81,1.67,34.0339,0.089134,0.00324,-0.063706,0.235706,66,343.8,54,1037,61.41
GOOGL,2026-08-11,2026-10-16,430.0,C,1.33,1.74,1.535,35.102,0.083943,0.003004,-0.062689,0.225365,66,343.8,87,3532,61.41
GOOGL,2026-08-11,2026-10-16,435.0,C,1.02,1.31,1.165,34.2658,0.067376,0.002602,-0.0517,0.190593,66,343.8,313,959,61.41
GOOGL,2026-08-11,2026-10-16,440.0,C,0.86,1.36,1.11,35.8161,0.066875,0.002475,-0.053618,0.189496,66,343.8,31,1998,61.41
GOOGL,2026-08-11,2026-10-16,445.0,C,0.73,1.22,0.975,36.2677,0.060312,0.002256,-0.05003,0.174859,66,343.8,3,1133,61.41
GOOGL,2026-08-11,2026-10-16,450.0,C,0.81,0.98,0.895,35.9259,0.050344,0.001974,-0.042924,0.151605,66,343.8,575,3442,61.41
GOOGL,2026-08-11,2026-10-16,460.0,C,0.44,0.89,0.665,37.5617,0.044486,0.00171,-0.040535,0.137297,66,343.8,7,7019,61.41
GOOGL,2026-08-11,2026-10-16,470.0,C,0.5,0.73,0.615,38.4161,0.036641,0.001428,-0.035342,0.117286,66,343.8,6,3775,61.41
GOOGL,2026-08-11,2026-10-16,480.0,C,0.31,0.61,0.46,39.3317,0.030644,0.001204,-0.031177,0.10124,66,343.8,10,6422,61.41
GOOGL,2026-08-11,2026-10-16,490.0,C,0.32,0.56,0.44,40.7477,0.027463,0.001061,-0.029436,0.092427,66,343.8,73,6406,61.41
GOOGL,2026-08-11,2026-10-16,500.0,C,0.25,0.45,0.35,41.2848,0.022359,0.000882,-0.025066,0.077786,66,343.8,20,3926,61.41
GOOGL,2026-08-11,2026-10-16,510.0,C,0.09,0.46,0.275,43.2135,0.021824,0.000825,-0.025667,0.076212,66,343.8,2,3146,61.41
GOOGL,2026-08-11,2026-10-16,520.0,C,0.05,0.42,0.235,44.3853,0.019596,0.000733,-0.024037,0.06957,66,343.8,1,3588,61.41
GOOGL,2026-08-11,2026-10-16,530.0,C,0.02,0.39,0.205,45.606,0.017862,0.00066,-0.022799,0.064293,66,343.8,1,5838,61.41
GOOGL,2026-08-11,2026-10-16,540.0,C,0.01,0.37,0.19,46.9244,0.016618,0.000603,-0.022034,0.06045,66,343.8,1,6383,61.41
GOOGL,2026-08-11,2026-10-16,550.0,C,0.12,0.35,0.235,48.1695,0.015443,0.000551,-0.021221,0.056767,66,343.8,7,1813,61.41
GOOGL,2026-08-11,2026-10-16,560.0,C,0.01,0.34,0.175,49.5122,0.014631,0.000512,-0.020805,0.054191,66,343.8,45,352,61.41
GOOGL,2026-08-11,2026-10-16,570.0,C,0.01,0.33,0.17,50.8306,0.013912,0.000478,-0.020436,0.05189,66,343.8,1,45,61.41
GOOGL,2026-08-11,2026-10-16,580.0,C,0.01,0.32,0.165,52.1001,0.013232,0.000446,-0.020046,0.049694,66,343.8,1,184,61.41
GOOGL,2026-08-11,2026-10-16,590.0,C,0.01,0.31,0.16,53.3208,0.012585,0.000418,-0.019632,0.047585,66,343.8,2,51,61.41
GOOGL,2026-08-11,2026-10-16,600.0,C,0.01,0.18,0.095,51.3188,0.007937,0.00029,-0.012632,0.031823,66,343.8,5,1218,61.41
GOOGL,2026-08-11,2026-10-16,610.0,C,0.01,0.29,0.15,51.563,0.006667,0.000248,-0.010878,0.027287,66,343.8,3,61,61.41
GOOGL,2026-08-11,2026-10-16,620.0,C,0.01,0.29,0.15,52.8325,0.006527,0.000237,-0.010932,0.026779,66,343.8,2,46,61.41
GOOGL,2026-08-11,2026-10-16,630.0,C,0.02,0.28,0.15,54.102,0.006418,0.000228,-0.011024,0.026385,66,343.8,2,129,61.41
GOOGL,2026-08-11,2026-10-16,640.0,C,0.01,0.28,0.145,55.0786,0.006083,0.000214,-0.010698,0.025162,66,343.8,2,184,61.41
GOOGL,2026-08-11,2026-10-16,650.0,C,0.01,0.28,0.145,56.2504,0.005953,0.000205,-0.010713,0.024683,66,343.8,2,29,61.41
GOOGL,2026-08-11,2026-10-16,660.0,C,0.01,0.27,0.14,57.227,0.005693,0.000194,-0.010471,0.023724,66,343.8,1,20,61.41
GOOGL,2026-08-11,2026-10-16,670.0,C,0.01,0.19,0.1,56.4457,0.004248,0.000152,-0.007955,0.018279,66,343.8,1,196,61.41
GOOGL,2026-08-11,2026-10-16,680.0,C,0.01,0.27,0.14,59.4731,0.005484,0.000181,-0.010518,0.022949,66,343.8,2,11,61.41
GOOGL,2026-08-11,2026-10-16,690.0,C,0.01,0.26,0.135,60.352,0.005235,0.000171,-0.010239,0.022023,66,343.8,1,15,61.41
GOOGL,2026-08-11,2026-10-16,700.0,C,0.01,0.26,0.135,61.4262,0.005149,0.000165,-0.010264,0.021699,66,343.8,1,16,61.41
GOOGL,2026-08-11,2026-10-16,710.0,C,0.01,0.26,0.135,62.5004,0.005079,0.00016,-0.010314,0.021436,66,343.8,1,11,61.41
GOOGL,2026-08-11,2026-10-16,720.0,C,0.0,2.16,1.08,81.7385,0.026587,0.000515,-0.05653,0.089961,66,343.8,1,15,61.41
GOOGL,2026-08-11,2026-10-16,730.0,C,0.0,1.9,0.95,81.4455,0.023766,0.00047,-0.051264,0.081888,66,343.8,1,11,61.41
GOOGL,2026-08-11,2026-10-16,740.0,C,0.0,2.16,1.08,84.1554,0.025923,0.00049,-0.056955,0.088079,66,343.8,2,10,61.41
GOOGL,2026-08-11,2026-10-16,750.0,C,0.0,2.16,1.08,85.3273,0.025603,0.000478,-0.057137,0.087168,66,343.8,1,9,61.41
GOOGL,2026-08-11,2026-10-16,760.0,C,0.0,2.16,1.08,86.4992,0.025328,0.000467,-0.057385,0.086381,66,343.8,3,9,61.41
GOOGL,2026-08-11,2026-10-16,770.0,C,0.0,2.16,1.08,87.6466,0.025055,0.000457,-0.057608,0.0856,66,343.8,8,10,61.41
GOOGL,2026-08-11,2026-10-16,780.0,C,0.0,2.15,1.075,88.6964,0.024671,0.000446,-0.057537,0.084501,66,343.8,1,5,61.41
GOOGL,2026-08-11,2026-10-16,790.0,C,0.0,2.15,1.075,89.8194,0.024439,0.000437,-0.057794,0.083833,66,343.8,2,4,61.41
GOOGL,2026-08-11,2026-10-16,800.0,C,0.01,0.05,0.03,62.5004,0.001266,4.6e-05,-0.002935,0.00611,66,343.8,11,3788,61.41
GOOGL,2026-08-11,2026-10-16,150.0,P,0.01,0.1,0.055,69.7269,-0.001497,4.8e-05,-0.003704,0.00712,66,343.8,4,551,61.41
GOOGL,2026-08-11,2026-10-16,155.0,P,0.0,2.15,1.075,98.2178,-0.016488,0.000286,-0.043997,0.060043,66,343.8,13,98,61.41
GOOGL,2026-08-11,2026-10-16,160.0,P,0.0,1.22,0.61,86.4503,-0.01122,0.000233,-0.02776,0.043074,66,343.8,10,114,61.41
GOOGL,2026-08-11,2026-10-16,165.0,P,0.0,2.16,1.08,91.3331,-0.017787,0.000328,-0.043601,0.064064,66,343.8,12,64,61.41
GOOGL,2026-08-11,2026-10-16,170.0,P,0.0,2.17,1.085,88.0861,-0.018513,0.000352,-0.043482,0.066286,66,343.8,4,152,61.41
GOOGL,2026-08-11,2026-10-16,175.0,P,0.01,0.27,0.14,63.4769,-0.003888,0.000124,-0.00797,0.016884,66,343.8,4,59,61.41
GOOGL,2026-08-11,2026-10-16,180.0,P,0.01,0.1,0.055,55.2739,-0.00187,7.4e-05,-0.00358,0.008719,66,343.8,3,2679,61.41
GOOGL,2026-08-11,2026-10-16,185.0,P,0.01,0.28,0.145,58.8871,-0.004308,0.000147,-0.008093,0.018508,66,343.8,8,83,61.41
GOOGL,2026-08-11,2026-10-16,190.0,P,0.01,0.29,0.15,56.7875,-0.0046,0.000162,-0.008268,0.019625,66,343.8,8,44,61.41
GOOGL,2026-08-11,2026-10-16,195.0,P,0.01,0.3,0.155,54.688,-0.004887,0.000177,-0.008396,0.020713,66,343.8,10,32,61.41
GOOGL,2026-08-11,2026-10-16,200.0,P,0.01,0.32,0.165,52.8813,-0.005362,0.000199,-0.008809,0.022495,66,343.8,2,254,61.41
GOOGL,2026-08-11,2026-10-16,205.0,P,0.03,0.33,0.18,51.2212,-0.005973,0.000226,-0.009381,0.024758,66,343.8,10,147,61.41
GOOGL,2026-08-11,2026-10-16,210.0,P,0.04,0.35,0.195,53.6137,-0.010561,0.000357,-0.016195,0.040862,66,343.8,10,535,61.41
GOOGL,2026-08-11,2026-10-16,215.0,P,0.05,0.37,0.21,51.7583,-0.011497,0.000398,-0.016815,0.043997,66,343.8,10,983,61.41
GOOGL,2026-08-11,2026-10-16,220.0,P,0.01,0.4,0.205,50.0737,-0.012716,0.000449,-0.017732,0.048015,66,343.8,21,3807,61.41
GOOGL,2026-08-11,2026-10-16,225.0,P,0.03,0.43,0.23,48.3648,-0.014008,0.000505,-0.018595,0.052198,66,343.8,3,508,61.41
GOOGL,2026-08-11,2026-10-16,230.0,P,0.05,0.46,0.255,46.6314,-0.015372,0.000567,-0.019393,0.056541,66,343.8,2,437,61.41
GOOGL,2026-08-11,2026-10-16,235.0,P,0.14,0.51,0.325,45.1666,-0.017337,0.000649,-0.020793,0.062678,66,343.8,12,624,61.41
GOOGL,2026-08-11,2026-10-16,240.0,P,0.14,0.56,0.35,43.6529,-0.019442,0.000741,-0.022121,0.069104,66,343.8,4,1804,61.41
GOOGL,2026-08-11,2026-10-16,245.0,P,0.2,0.62,0.41,42.2125,-0.021963,0.000849,-0.023677,0.076623,66,343.8,10,783,61.41
GOOGL,2026-08-11,2026-10-16,250.0,P,0.28,0.7,0.49,40.9186,-0.025185,0.000983,-0.025704,0.085974,66,343.8,11,3402,61.41
GOOGL,2026-08-11,2026-10-16,255.0,P,0.52,0.8,0.66,39.7101,-0.029121,0.001143,-0.028102,0.097049,66,343.8,46,805,61.41
GOOGL,2026-08-11,2026-10-16,260.0,P,0.47,0.92,0.695,38.5504,-0.033822,0.001333,-0.030806,0.10983,66,343.8,19,827,61.41
GOOGL,2026-08-11,2026-10-16,265.0,P,0.62,1.07,0.845,37.4884,-0.039623,0.00156,-0.034018,0.125016,66,343.8,3,2133,61.41
GOOGL,2026-08-11,2026-10-16,270.0,P,0.91,1.15,1.03,35.8161,-0.04391,0.001775,-0.035219,0.135861,66,343.8,1545,2791,61.41
GOOGL,2026-08-11,2026-10-16,275.0,P,1.05,1.26,1.155,34.278,-0.049365,0.002037,-0.036912,0.14925,66,343.8,2072,1727,61.41
GOOGL,2026-08-11,2026-10-16,280.0,P,1.24,1.79,1.515,34.8395,-0.06614,0.002523,-0.047105,0.187882,66,343.8,47,1980,61.41
GOOGL,2026-08-11,2026-10-16,285.0,P,1.58,2.16,1.87,34.1437,-0.07913,0.002954,-0.052781,0.215551,66,343.8,24,3117,61.41
GOOGL,2026-08-11,2026-10-16,290.0,P,2.12,2.38,2.25,32.6057,-0.089252,0.003386,-0.054931,0.235938,66,343.8,383,3193,61.41
GOOGL,2026-08-11,2026-10-16,295.0,P,2.64,2.89,2.765,31.9892,-0.106936,0.00394,-0.061262,0.269368,66,343.8,229,2589,61.41
GOOGL,2026-08-11,2026-10-16,300.0,P,3.2,3.75,3.475,32.1357,-0.132436,0.004561,-0.071271,0.313259,66,343.8,357,3760,61.41
GOOGL,2026-08-11,2026-10-16,305.0,P,4.05,4.65,4.35,31.9404,-0.158841,0.005186,-0.079658,0.354019,66,343.8,65,1248,61.41
GOOGL,2026-08-11,2026-10-16,310.0,P,4.85,5.4,5.125,31.0065,-0.183536,0.00586,-0.084272,0.388312,66,343.8,85,3903,61.41
GOOGL,2026-08-11,2026-10-16,315.0,P,6.2,6.45,6.325,30.4817,-0.214236,0.006543,-0.090319,0.426283,66,343.8,153,2228,61.41
GOOGL,2026-08-11,2026-10-16,320.0,P,7.55,7.8,7.675,30.2436,-0.249974,0.007187,-0.096934,0.464547,66,343.8,358,4696,61.41
GOOGL,2026-08-11,2026-10-16,325.0,P,9.0,9.5,9.25,30.2985,-0.290049,0.007728,-0.103803,0.500469,66,343.8,332,2139,61.41
GOOGL,2026-08-11,2026-10-16,330.0,P,10.8,11.55,11.175,30.5854,-0.332915,0.008128,-0.110331,0.531299,66,343.8,585,4762,61.41
GOOGL,2026-08-11,2026-10-16,335.0,P,12.8,13.4,13.1,30.1032,-0.374767,0.008615,-0.111977,0.554254,66,343.8,175,1082,61.41
GOOGL,2026-08-11,2026-10-16,340.0,P,15.0,15.4,15.2,29.5143,-0.418766,0.009054,-0.111532,0.571099,66,343.8,233,2712,61.41
GOOGL,2026-08-11,2026-10-16,345.0,P,17.25,17.85,17.55,29.3159,-0.464746,0.009272,-0.111009,0.580953,66,343.8,111,1098,61.41
GOOGL,2026-08-11,2026-10-16,350.0,P,20.05,20.5,20.275,29.0718,-0.511252,0.009383,-0.108493,0.583,66,343.8,498,2849,61.41
GOOGL,2026-08-11,2026-10-16,355.0,P,22.55,23.5,23.025,29.0412,-0.556946,0.009301,-0.105201,0.57728,66,343.8,61,2281,61.41
GOOGL,2026-08-11,2026-10-16,360.0,P,25.45,27.25,26.35,29.9629,-0.59667,0.008839,-0.104909,0.566024,66,343.8,84,861,61.41
GOOGL,2026-08-11,2026-10-16,365.0,P,28.65,30.75,29.7,30.1185,-0.637023,0.008521,-0.09981,0.548483,66,343.8,20,1016,61.41
GOOGL,2026-08-11,2026-10-16,370.0,P,32.15,34.45,33.3,30.3199,-0.674674,0.008123,-0.093883,0.526392,66,343.8,5,603,61.41
GOOGL,2026-08-11,2026-10-16,375.0,P,35.55,38.2,36.875,30.2985,-0.711391,0.00771,-0.085916,0.499301,66,343.8,48,403,61.41
GOOGL,2026-08-11,2026-10-16,380.0,P,39.55,42.0,40.775,30.0361,-0.747661,0.007273,-0.075891,0.466866,66,343.8,55,1480,61.41
GOOGL,2026-08-11,2026-10-16,385.0,P,43.65,46.0,44.825,29.8713,-0.780665,0.006768,-0.065886,0.432121,66,343.8,38,286,61.41
GOOGL,2026-08-11,2026-10-16,390.0,P,47.9,49.4,48.65,27.6985,-0.830046,0.006248,-0.043644,0.369886,66,343.8,12,308,61.41
GOOGL,2026-08-11,2026-10-16,395.0,P,52.25,54.8,53.525,30.6495,-0.828501,0.005679,-0.051918,0.372035,66,343.8,22,285,61.41
GOOGL,2026-08-11,2026-10-16,400.0,P,56.7,59.25,57.975,30.8173,-0.850451,0.005165,-0.043736,0.340181,66,343.8,58,1804,61.41
GOOGL,2026-08-11,2026-10-16,405.0,P,61.2,63.75,62.475,30.8845,-0.87085,0.004664,-0.035178,0.307865,66,343.8,10,406,61.41
GOOGL,2026-08-11,2026-10-16,410.0,P,65.9,68.45,67.175,31.4155,-0.885109,0.004223,-0.029661,0.283575,66,343.8,2,61,61.41
GOOGL,2026-08-11,2026-10-16,415.0,P,70.65,73.2,71.925,31.9831,-0.897305,0.003827,-0.024644,0.261589,66,343.8,54,129,61.41
GOOGL,2026-08-11,2026-10-16,420.0,P,75.3,78.0,76.65,32.6118,-0.907521,0.003475,-0.020265,0.242237,66,343.8,24,84,61.41
GOOGL,2026-08-11,2026-10-16,425.0,P,80.15,82.85,81.5,33.3503,-0.915687,0.003172,-0.016769,0.226111,66,343.8,4,0,61.41
GOOGL,2026-08-11,2026-10-16,430.0,P,85.05,87.75,86.4,34.2414,-0.921816,0.002919,-0.014337,0.213595,66,343.8,28,1,61.41
GOOGL,2026-08-11,2026-10-16,435.0,P,90.0,92.7,91.35,35.3156,-0.926019,0.002713,-0.013072,0.204797,66,343.8,63,0,61.41
GOOGL,2026-08-11,2026-10-16,440.0,P,95.1,97.65,96.375,36.3532,-0.929901,0.002529,-0.01176,0.196506,66,343.8,55,56,61.41
GOOGL,2026-08-11,2026-10-16,445.0,P,100.1,102.65,101.375,37.6105,-0.932038,0.002387,-0.01173,0.191874,66,343.8,10,0,61.41
GOOGL,2026-08-11,2026-10-16,450.0,P,104.35,108.0,106.175,40.6744,-0.923767,0.00241,-0.021372,0.209533,66,343.8,20,0,61.41
GOOGL,2026-08-11,2026-10-16,460.0,P,114.35,118.35,116.35,44.8614,-0.918578,0.002297,-0.030793,0.220252,66,343.8,20,0,61.41
GOOGL,2026-08-11,2026-10-16,470.0,P,124.35,128.25,126.3,46.8267,-0.924616,0.002076,-0.028422,0.207754,66,343.8,25,0,61.41
