symbol,quote_date,expiration,strike,option_type,bid,ask,mid,implied_volatility,delta,gamma,theta,vega,dte,underlying_price,volume,open_interest,iv_rank
GOOGL,2026-07-28,2026-08-05,275.0,C,57.15,61.1,59.125,67.0902,0.977579,0.001609,-0.137989,0.026349,8,333.71,0,23,39.01
GOOGL,2026-07-28,2026-08-05,277.5,C,54.55,58.55,56.55,62.2074,0.980196,0.001562,-0.120088,0.023722,8,333.71,0,1,39.01
GOOGL,2026-07-28,2026-08-05,280.0,C,52.0,56.05,54.025,58.8871,0.980582,0.001623,-0.113992,0.023329,8,333.71,0,21,39.01
GOOGL,2026-07-28,2026-08-05,282.5,C,49.7,53.4,51.55,57.1293,0.978398,0.001831,-0.119479,0.025533,8,333.71,0,1,39.01
GOOGL,2026-07-28,2026-08-05,285.0,C,47.25,51.05,49.15,57.1782,0.972317,0.002253,-0.140716,0.031443,8,333.71,0,3,39.01
GOOGL,2026-07-28,2026-08-05,290.0,C,42.1,46.1,44.1,50.7329,0.972426,0.002531,-0.128245,0.03134,8,333.71,0,3,39.01
GOOGL,2026-07-28,2026-08-05,295.0,C,37.2,41.15,39.175,71.6556,0.889349,0.005334,-0.444163,0.093292,8,333.71,1,1,39.01
GOOGL,2026-07-28,2026-08-05,300.0,C,32.35,36.25,34.3,65.5765,0.875733,0.006328,-0.441508,0.101284,8,333.71,2,20,39.01
GOOGL,2026-07-28,2026-08-05,305.0,C,27.4,31.4,29.4,59.7172,0.857932,0.00762,-0.440801,0.111062,8,333.71,1,2,39.01
GOOGL,2026-07-28,2026-08-05,310.0,C,22.95,26.7,24.825,54.6757,0.83176,0.009306,-0.450244,0.124188,8,333.71,1,10,39.01
GOOGL,2026-07-28,2026-08-05,315.0,C,18.6,21.15,19.875,43.3721,0.827296,0.011929,-0.36861,0.126288,8,333.71,16,94,39.01
GOOGL,2026-07-28,2026-08-05,317.5,C,16.3,19.9,18.1,47.669,0.774138,0.012762,-0.46699,0.148492,8,333.71,13,16,39.01
GOOGL,2026-07-28,2026-08-05,320.0,C,14.2,17.7,15.95,45.3253,0.748895,0.014224,-0.469732,0.157364,8,333.71,3,61,39.01
GOOGL,2026-07-28,2026-08-05,322.5,C,12.8,14.45,13.625,36.7804,0.748529,0.017542,-0.386283,0.157485,8,333.71,5,124,39.01
GOOGL,2026-07-28,2026-08-05,325.0,C,10.95,12.75,11.85,36.9147,0.700672,0.019045,-0.41871,0.171602,8,333.71,12,377,39.01
GOOGL,2026-07-28,2026-08-05,327.5,C,9.35,10.85,10.1,35.401,0.655547,0.021053,-0.423946,0.181918,8,333.71,47,103,39.01
GOOGL,2026-07-28,2026-08-05,330.0,C,7.85,9.1,8.475,34.1132,0.603699,0.022867,-0.425786,0.190399,8,333.71,90,109,39.01
GOOGL,2026-07-28,2026-08-05,332.5,C,6.5,7.95,7.225,35.1203,0.544473,0.022849,-0.447865,0.19587,8,333.71,18,128,39.01
GOOGL,2026-07-28,2026-08-05,335.0,C,5.2,6.15,5.675,32.3493,0.484283,0.024943,-0.414227,0.196943,8,333.71,107,64,39.01
GOOGL,2026-07-28,2026-08-05,337.5,C,4.15,5.4,4.775,33.9423,0.427316,0.023394,-0.425322,0.193816,8,333.71,102,19,39.01
GOOGL,2026-07-28,2026-08-05,340.0,C,3.25,4.15,3.7,32.4164,0.363947,0.023447,-0.387981,0.18552,8,333.71,290,101,39.01
GOOGL,2026-07-28,2026-08-05,342.5,C,2.72,3.25,2.985,31.8977,0.305202,0.022234,-0.355286,0.173105,8,333.71,22,148,39.01
GOOGL,2026-07-28,2026-08-05,345.0,C,2.2,2.73,2.465,32.7766,0.259649,0.020017,-0.336722,0.16014,8,333.71,92,77,39.01
GOOGL,2026-07-28,2026-08-05,347.5,C,1.31,2.55,1.93,35.2423,0.231413,0.017499,-0.339285,0.15053,8,333.71,43,45,39.01
GOOGL,2026-07-28,2026-08-05,350.0,C,1.35,1.8,1.575,33.6066,0.179703,0.015788,-0.278025,0.129503,8,333.71,102,176,39.01
GOOGL,2026-07-28,2026-08-05,352.5,C,0.85,1.52,1.185,34.5343,0.151567,0.013761,-0.25543,0.115991,8,333.71,8,11,39.01
GOOGL,2026-07-28,2026-08-05,355.0,C,0.37,1.16,0.765,34.3512,0.120105,0.011794,-0.216341,0.09889,8,333.71,35,29,39.01
GOOGL,2026-07-28,2026-08-05,357.5,C,0.43,0.8,0.615,33.3747,0.088137,0.009696,-0.167726,0.078989,8,333.71,4,17,39.01
GOOGL,2026-07-28,2026-08-05,360.0,C,0.27,0.69,0.48,34.5221,0.074644,0.00827,-0.152856,0.069682,8,333.71,22,34,39.01
GOOGL,2026-07-28,2026-08-05,362.5,C,0.26,0.52,0.39,34.5221,0.057345,0.006741,-0.124479,0.056798,8,333.71,10,33,39.01
GOOGL,2026-07-28,2026-08-05,365.0,C,0.14,0.49,0.315,36.2555,0.051807,0.005923,-0.120511,0.052415,8,333.71,19,157,39.01
GOOGL,2026-07-28,2026-08-05,367.5,C,0.03,0.7,0.365,41.5045,0.063561,0.006077,-0.16182,0.061561,8,333.71,9,21,39.01
GOOGL,2026-07-28,2026-08-05,370.0,C,0.01,0.32,0.165,37.2565,0.033695,0.004069,-0.087293,0.037002,8,333.71,13,41,39.01
GOOGL,2026-07-28,2026-08-05,372.5,C,0.08,0.3,0.19,38.7213,0.030382,0.003594,-0.083233,0.03397,8,333.71,14,4,39.01
GOOGL,2026-07-28,2026-08-05,375.0,C,0.01,0.47,0.24,44.19,0.041124,0.004037,-0.121635,0.043542,8,333.71,6,23,39.01
GOOGL,2026-07-28,2026-08-05,377.5,C,0.06,0.47,0.265,46.1919,0.039481,0.003736,-0.122933,0.042124,8,333.71,5,5,39.01
GOOGL,2026-07-28,2026-08-05,380.0,C,0.01,0.25,0.13,43.0181,0.023029,0.002567,-0.073229,0.026949,8,333.71,38,63,39.01
GOOGL,2026-07-28,2026-08-05,382.5,C,0.03,0.44,0.235,49.439,0.034648,0.003137,-0.118141,0.037859,8,333.71,6,66,39.01
GOOGL,2026-07-28,2026-08-05,385.0,C,0.01,0.3,0.155,47.9497,0.024597,0.002434,-0.086184,0.028483,8,333.71,2,18,39.01
GOOGL,2026-07-28,2026-08-05,390.0,C,0.03,0.23,0.13,49.3169,0.018439,0.001855,-0.069426,0.022324,8,333.71,11,12,39.01
GOOGL,2026-07-28,2026-08-05,395.0,C,0.02,0.41,0.215,52.1489,0.016393,0.001586,-0.066356,0.020191,8,333.71,3,21,39.01
GOOGL,2026-07-28,2026-08-05,400.0,C,0.03,0.31,0.17,53.5161,0.012645,0.001236,-0.054432,0.016147,8,333.71,25,318,39.01
GOOGL,2026-07-28,2026-08-05,405.0,C,0.02,0.19,0.105,53.1255,0.007935,0.000829,-0.035964,0.010751,8,333.71,4,7,39.01
GOOGL,2026-07-28,2026-08-05,410.0,C,0.01,0.3,0.155,58.8871,0.010484,0.000955,-0.050852,0.013722,8,333.71,4,7,39.01
GOOGL,2026-07-28,2026-08-05,415.0,C,0.01,0.15,0.08,56.8364,0.005559,0.000566,-0.02807,0.007849,8,333.71,1,6,39.01
GOOGL,2026-07-28,2026-08-05,420.0,C,0.01,0.15,0.08,59.5707,0.00532,0.000519,-0.028286,0.00755,8,333.71,1,2,39.01
GOOGL,2026-07-28,2026-08-05,425.0,C,0.01,0.35,0.18,68.9456,0.010445,0.000813,-0.059281,0.013677,8,333.71,3,6,39.01
GOOGL,2026-07-28,2026-08-05,430.0,C,0.0,0.09,0.045,60.9379,0.002927,0.000297,-0.016937,0.004421,8,333.71,1,31,39.01
GOOGL,2026-07-28,2026-08-05,435.0,C,0.0,0.35,0.175,74.219,0.009387,0.000688,-0.058107,0.01246,8,333.71,2,10,39.01
GOOGL,2026-07-28,2026-08-05,440.0,C,0.0,0.31,0.155,75.7815,0.008173,0.000597,-0.052535,0.011035,8,333.71,1,14,39.01
GOOGL,2026-07-28,2026-08-05,445.0,C,0.0,0.36,0.18,79.883,0.008956,0.000613,-0.059991,0.011957,8,333.71,3,24,39.01
GOOGL,2026-07-28,2026-08-05,450.0,C,0.0,0.37,0.185,82.8127,0.00888,0.000587,-0.061722,0.011868,8,333.71,8,45,39.01
GOOGL,2026-07-28,2026-08-05,267.5,P,0.01,0.16,0.085,59.5707,-0.005218,0.00051,-0.027442,0.00742,8,333.71,1,2,39.01
GOOGL,2026-07-28,2026-08-05,270.0,P,0.01,0.18,0.095,58.2035,-0.006016,0.000593,-0.030417,0.00842,8,333.71,5,7,39.01
GOOGL,2026-07-28,2026-08-05,272.5,P,0.01,0.17,0.09,55.5669,-0.005963,0.000616,-0.028802,0.008354,8,333.71,2,3,39.01
GOOGL,2026-07-28,2026-08-05,275.0,P,0.01,0.1,0.055,50.1958,-0.004,0.000478,-0.01822,0.005852,8,333.71,11,8,39.01
GOOGL,2026-07-28,2026-08-05,280.0,P,0.01,0.22,0.115,50.5864,-0.008387,0.000914,-0.035395,0.011289,8,333.71,1,3,39.01
GOOGL,2026-07-28,2026-08-05,285.0,P,0.02,0.19,0.105,49.6099,-0.014037,0.001459,-0.054298,0.017672,8,333.71,2,17,39.01
GOOGL,2026-07-28,2026-08-05,290.0,P,0.06,0.24,0.15,46.5826,-0.018664,0.001984,-0.065012,0.022556,8,333.71,5,12,39.01
GOOGL,2026-07-28,2026-08-05,295.0,P,0.13,0.24,0.185,41.7975,-0.020836,0.002428,-0.063963,0.024765,8,333.71,16,2652,39.01
GOOGL,2026-07-28,2026-08-05,297.5,P,0.07,0.53,0.3,45.8013,-0.040934,0.00388,-0.12273,0.043379,8,333.71,0,4,39.01
GOOGL,2026-07-28,2026-08-05,300.0,P,0.16,0.52,0.34,42.9205,-0.042659,0.004282,-0.118817,0.044854,8,333.71,6,75,39.01
GOOGL,2026-07-28,2026-08-05,305.0,P,0.31,0.8,0.555,41.5533,-0.06597,0.006248,-0.162237,0.063366,8,333.71,14,95,39.01
GOOGL,2026-07-28,2026-08-05,310.0,P,0.3,1.11,0.705,39.1364,-0.094222,0.008689,-0.199686,0.082998,8,333.71,26,464,39.01
GOOGL,2026-07-28,2026-08-05,312.5,P,0.31,1.1,0.705,35.9381,-0.10092,0.009951,-0.192496,0.087285,8,333.71,3,9,39.01
GOOGL,2026-07-28,2026-08-05,315.0,P,0.99,1.16,1.075,33.3503,-0.113139,0.011644,-0.193589,0.094787,8,333.71,15,70,39.01
GOOGL,2026-07-28,2026-08-05,317.5,P,0.8,1.98,1.39,36.4752,-0.167429,0.013906,-0.276306,0.123802,8,333.71,12,13,39.01
GOOGL,2026-07-28,2026-08-05,320.0,P,1.45,2.06,1.755,33.3991,-0.186783,0.016273,-0.270326,0.132662,8,333.71,29,324,39.01
GOOGL,2026-07-28,2026-08-05,322.5,P,1.8,2.64,2.22,33.2404,-0.23096,0.018533,-0.304217,0.150366,8,333.71,26,28,39.01
GOOGL,2026-07-28,2026-08-05,325.0,P,2.5,3.2,2.85,32.3371,-0.276395,0.020938,-0.324213,0.16526,8,333.71,26,158,39.01
GOOGL,2026-07-28,2026-08-05,327.5,P,2.92,4.45,3.685,34.4245,-0.340819,0.021564,-0.377711,0.18119,8,333.71,6,41,39.01
GOOGL,2026-07-28,2026-08-05,330.0,P,4.25,5.4,4.825,34.1681,-0.396432,0.022832,-0.392504,0.190416,8,333.71,33,31,39.01
GOOGL,2026-07-28,2026-08-05,332.5,P,5.0,5.95,5.475,31.3361,-0.452535,0.025586,-0.367161,0.195699,8,333.71,17,44,39.01
GOOGL,2026-07-28,2026-08-05,335.0,P,6.15,7.8,6.975,34.0766,-0.513927,0.023682,-0.401103,0.196976,8,333.71,39,12,39.01
GOOGL,2026-07-28,2026-08-05,337.5,P,7.5,9.25,8.375,34.2414,-0.571884,0.023199,-0.394383,0.193888,8,333.71,1,2,39.01
GOOGL,2026-07-28,2026-08-05,340.0,P,8.95,10.9,9.925,34.7419,-0.626013,0.022073,-0.383852,0.18718,8,333.71,2,11,39.01
GOOGL,2026-07-28,2026-08-05,342.5,P,10.55,12.7,11.625,35.4132,-0.675075,0.02057,-0.369069,0.177798,8,333.71,12,13,39.01
GOOGL,2026-07-28,2026-08-05,345.0,P,12.4,14.2,13.3,33.8263,-0.733325,0.019662,-0.316593,0.162339,8,333.71,1,25,39.01
GOOGL,2026-07-28,2026-08-05,347.5,P,14.3,16.7,15.5,37.4152,-0.754413,0.017029,-0.336059,0.155511,8,333.71,1,7,39.01
GOOGL,2026-07-28,2026-08-05,350.0,P,15.55,19.65,17.6,43.5797,-0.756061,0.014567,-0.394087,0.154948,8,333.71,4,5,39.01
GOOGL,2026-07-28,2026-08-05,352.5,P,17.7,21.35,19.525,41.9073,-0.799157,0.013556,-0.33358,0.138664,8,333.71,0,22,39.01
GOOGL,2026-07-28,2026-08-05,355.0,P,20.0,23.9,21.95,45.3863,-0.809092,0.012138,-0.351203,0.13446,8,333.71,2,21,39.01
GOOGL,2026-07-28,2026-08-05,357.5,P,22.25,26.15,24.2,46.668,-0.829004,0.011017,-0.33489,0.125489,8,333.71,0,8,39.01
GOOGL,2026-07-28,2026-08-05,360.0,P,24.5,28.5,26.5,48.4624,-0.84365,0.01001,-0.326748,0.1184,8,333.71,7,12,39.01
GOOGL,2026-07-28,2026-08-05,362.5,P,26.9,31.15,29.025,52.4297,-0.845349,0.009186,-0.352992,0.11755,8,333.71,3,2,39.01
GOOGL,2026-07-28,2026-08-05,365.0,P,29.35,33.5,31.425,54.0166,-0.857791,0.008429,-0.342329,0.111137,8,333.71,0,0,39.01
GOOGL,2026-07-28,2026-08-05,367.5,P,31.9,35.7,33.8,54.1753,-0.875377,0.007675,-0.309922,0.101487,8,333.71,1,0,39.01
GOOGL,2026-07-28,2026-08-05,370.0,P,34.4,38.15,36.275,56.2993,-0.88238,0.007091,-0.308664,0.09744,8,333.71,0,2,39.01
GOOGL,2026-07-28,2026-08-05,372.5,P,36.7,40.85,38.775,60.6205,-0.879246,0.006709,-0.341733,0.099267,8,333.71,0,0,39.01
GOOGL,2026-07-28,2026-08-07,105.0,C,226.8,230.95,228.875,265.6253,0.997829,4.7e-05,-0.06083,0.003773,10,333.71,0,3,39.01
GOOGL,2026-07-28,2026-08-07,140.0,C,192.0,196.0,194.0,216.9926,0.995351,0.000113,-0.095439,0.007485,10,333.71,50,50,39.01
GOOGL,2026-07-28,2026-08-07,160.0,C,172.0,175.95,173.975,183.7891,0.994943,0.000144,-0.090413,0.008068,10,333.71,0,1,39.01
GOOGL,2026-07-28,2026-08-07,195.0,C,137.05,141.0,139.025,141.4065,0.992173,0.000275,-0.103746,0.011876,10,333.71,4,0,39.01
GOOGL,2026-07-28,2026-08-07,200.0,C,132.1,136.15,134.125,140.9183,0.989719,0.000351,-0.126466,0.015082,10,333.71,0,1,39.01
GOOGL,2026-07-28,2026-08-07,205.0,C,127.05,131.05,129.05,130.9574,0.990888,0.00034,-0.109625,0.013572,10,333.71,1,1,39.01
GOOGL,2026-07-28,2026-08-07,210.0,C,122.05,126.1,124.075,126.4652,0.98989,0.000385,-0.115221,0.014863,10,333.71,2,6,39.01
GOOGL,2026-07-28,2026-08-07,220.0,C,112.1,116.05,114.075,115.1371,0.9889,0.000459,-0.115049,0.016123,10,333.71,0,1,39.01
GOOGL,2026-07-28,2026-08-07,225.0,C,107.25,111.05,109.15,112.8422,0.986423,0.000558,-0.130971,0.019198,10,333.71,2,4,39.01
GOOGL,2026-07-28,2026-08-07,230.0,C,102.1,106.2,104.15,107.3247,0.98573,0.000612,-0.130683,0.02004,10,333.71,4,4,39.01
GOOGL,2026-07-28,2026-08-07,235.0,C,97.25,101.1,99.175,102.8325,0.984281,0.000694,-0.135575,0.021776,10,333.71,0,1,39.01
GOOGL,2026-07-28,2026-08-07,240.0,C,92.05,96.1,94.075,93.7501,0.986395,0.000672,-0.114353,0.019232,10,333.71,10,1,39.01
GOOGL,2026-07-28,2026-08-07,260.0,C,72.1,76.2,74.15,76.0256,0.980038,0.001151,-0.127537,0.026702,10,333.71,1,2,39.01
GOOGL,2026-07-28,2026-08-07,265.0,C,67.15,71.15,69.15,71.094,0.978655,0.001303,-0.12696,0.02826,10,333.71,70,17,39.01
GOOGL,2026-07-28,2026-08-07,270.0,C,62.3,66.2,64.25,68.6527,0.973209,0.001633,-0.144244,0.034207,10,333.71,1,23,39.01
GOOGL,2026-07-28,2026-08-07,275.0,C,57.3,61.2,59.25,63.6722,0.971185,0.001871,-0.142982,0.036347,10,333.71,67,26,39.01
GOOGL,2026-07-28,2026-08-07,280.0,C,52.25,56.25,54.25,58.6918,0.968947,0.00216,-0.141196,0.038674,10,333.71,73,49,39.01
GOOGL,2026-07-28,2026-08-07,285.0,C,47.3,51.25,49.275,54.2485,0.965127,0.002571,-0.143509,0.042553,10,333.71,81,105,39.01
GOOGL,2026-07-28,2026-08-07,290.0,C,42.4,46.45,44.425,51.856,0.95454,0.003336,-0.16509,0.052787,10,333.71,17,51,39.01
GOOGL,2026-07-28,2026-08-07,295.0,C,37.55,41.45,39.5,67.2733,0.879442,0.005401,-0.398857,0.110856,10,333.71,1,39,39.01
GOOGL,2026-07-28,2026-08-07,300.0,C,32.85,36.55,34.7,61.5971,0.865539,0.006364,-0.394348,0.119599,10,333.71,1,85,39.01
GOOGL,2026-07-28,2026-08-07,305.0,C,27.65,31.8,29.725,56.8242,0.844813,0.007598,-0.400038,0.131726,10,333.71,15,12,39.01
GOOGL,2026-07-28,2026-08-07,310.0,C,23.15,27.05,25.1,51.6973,0.820195,0.009183,-0.399816,0.144841,10,333.71,4,136,39.01
GOOGL,2026-07-28,2026-08-07,315.0,C,18.8,21.85,20.325,43.543,0.802588,0.011549,-0.359389,0.15343,10,333.71,72,204,39.01
GOOGL,2026-07-28,2026-08-07,320.0,C,15.95,17.3,16.625,38.8678,0.758118,0.014542,-0.359417,0.172445,10,333.71,128,609,39.01
GOOGL,2026-07-28,2026-08-07,322.5,C,14.1,15.35,14.725,37.8912,0.723272,0.015992,-0.373552,0.184875,10,333.71,46,110,39.01
GOOGL,2026-07-28,2026-08-07,325.0,C,12.35,13.3,12.825,36.048,0.688055,0.017766,-0.374483,0.195399,10,333.71,135,471,39.01
GOOGL,2026-07-28,2026-08-07,327.5,C,10.75,11.5,11.125,35.0104,0.644644,0.019258,-0.381095,0.205713,10,333.71,95,274,39.01
GOOGL,2026-07-28,2026-08-07,330.0,C,9.45,10.0,9.725,34.8517,0.595029,0.020133,-0.392493,0.214078,10,333.71,975,850,39.01
GOOGL,2026-07-28,2026-08-07,332.5,C,8.1,8.5,8.3,34.162,0.544085,0.021013,-0.391945,0.219013,10,333.71,219,210,39.01
GOOGL,2026-07-28,2026-08-07,335.0,C,6.85,7.25,7.05,34.0217,0.491198,0.021224,-0.39092,0.220306,10,333.71,1253,783,39.01
GOOGL,2026-07-28,2026-08-07,337.5,C,5.7,6.1,5.9,33.7775,0.438169,0.021125,-0.382139,0.217708,10,333.71,386,274,39.01
GOOGL,2026-07-28,2026-08-07,340.0,C,4.7,5.1,4.9,33.6432,0.386296,0.02059,-0.368299,0.211348,10,333.71,1902,1437,39.01
GOOGL,2026-07-28,2026-08-07,342.5,C,3.85,4.2,4.025,33.4113,0.335838,0.01976,-0.347636,0.201429,10,333.71,120,158,39.01
GOOGL,2026-07-28,2026-08-07,345.0,C,3.15,3.5,3.325,33.5944,0.290465,0.018461,-0.327479,0.189217,10,333.71,450,463,39.01
GOOGL,2026-07-28,2026-08-07,347.5,C,2.55,2.68,2.615,32.5934,0.240562,0.01729,-0.288208,0.171933,10,333.71,55,235,39.01
GOOGL,2026-07-28,2026-08-07,350.0,C,2.03,2.14,2.085,32.4958,0.20044,0.015618,-0.258278,0.154844,10,333.71,884,2599,39.01
GOOGL,2026-07-28,2026-08-07,352.5,C,1.52,1.86,1.69,33.5456,0.173548,0.013838,-0.243351,0.141633,10,333.71,86,268,39.01
GOOGL,2026-07-28,2026-08-07,355.0,C,1.28,1.37,1.325,32.7155,0.136541,0.012109,-0.202274,0.120864,10,333.71,124,458,39.01
GOOGL,2026-07-28,2026-08-07,357.5,C,0.91,1.22,1.065,33.9606,0.119273,0.010618,-0.190811,0.110022,10,333.71,100,421,39.01
GOOGL,2026-07-28,2026-08-07,360.0,C,0.78,0.88,0.83,33.2038,0.091175,0.00894,-0.153412,0.090566,10,333.71,433,2164,39.01
GOOGL,2026-07-28,2026-08-07,362.5,C,0.54,0.8,0.67,34.5466,0.080672,0.00784,-0.145445,0.082638,10,333.71,248,349,39.01
GOOGL,2026-07-28,2026-08-07,365.0,C,0.48,0.55,0.515,33.6188,0.058875,0.00632,-0.110952,0.06483,10,333.71,373,1956,39.01
GOOGL,2026-07-28,2026-08-07,367.5,C,0.34,0.51,0.425,35.0104,0.05287,0.005575,-0.106024,0.059554,10,333.71,225,269,39.01
GOOGL,2026-07-28,2026-08-07,370.0,C,0.26,0.46,0.36,36.1335,0.046587,0.004883,-0.098825,0.053835,10,333.71,97,737,39.01
GOOGL,2026-07-28,2026-08-07,375.0,C,0.11,0.3,0.205,36.7682,0.030782,0.003422,-0.071617,0.038394,10,333.71,737,708,39.01
GOOGL,2026-07-28,2026-08-07,380.0,C,0.16,0.25,0.205,38.9166,0.024512,0.002674,-0.062609,0.031753,10,333.71,156,1864,39.01
GOOGL,2026-07-28,2026-08-07,385.0,C,0.1,0.19,0.145,40.3326,0.018184,0.002004,-0.05035,0.024665,10,333.71,43,341,39.01
GOOGL,2026-07-28,2026-08-07,390.0,C,0.05,0.19,0.12,43.3599,0.016935,0.001755,-0.050888,0.023211,10,333.71,44,582,39.01
GOOGL,2026-07-28,2026-08-07,395.0,C,0.01,0.24,0.125,47.9497,0.019141,0.001761,-0.062413,0.025766,10,333.71,13,314,39.01
GOOGL,2026-07-28,2026-08-07,400.0,C,0.06,0.09,0.075,44.5318,0.008034,0.000894,-0.027329,0.012153,10,333.71,329,1771,39.01
GOOGL,2026-07-28,2026-08-07,405.0,C,0.04,0.1,0.07,47.7544,0.008267,0.000855,-0.030032,0.012462,10,333.71,193,296,39.01
GOOGL,2026-07-28,2026-08-07,410.0,C,0.01,0.09,0.05,49.6099,0.00707,0.000717,-0.027173,0.010859,10,333.71,4,238,39.01
GOOGL,2026-07-28,2026-08-07,415.0,C,0.04,0.11,0.075,51.0747,0.005797,0.000585,-0.023455,0.009109,10,333.71,91,1559,39.01
GOOGL,2026-07-28,2026-08-07,420.0,C,0.02,0.1,0.06,52.1489,0.004537,0.00046,-0.019247,0.007323,10,333.71,11,1054,39.01
GOOGL,2026-07-28,2026-08-07,425.0,C,0.01,0.12,0.065,55.0786,0.004721,0.000452,-0.021058,0.007589,10,333.71,69,237,39.01
GOOGL,2026-07-28,2026-08-07,430.0,C,0.01,0.13,0.07,57.8129,0.00479,0.000436,-0.022381,0.007687,10,333.71,2,96,39.01
GOOGL,2026-07-28,2026-08-07,435.0,C,0.01,0.05,0.03,55.0786,0.002181,0.000225,-0.010507,0.003789,10,333.71,2,78,39.01
GOOGL,2026-07-28,2026-08-07,440.0,C,0.01,0.23,0.12,66.4066,0.007119,0.000539,-0.036509,0.010924,10,333.71,2,254,39.01
GOOGL,2026-07-28,2026-08-07,445.0,C,0.01,0.09,0.05,62.3051,0.003175,0.00028,-0.016672,0.005318,10,333.71,2,776,39.01
GOOGL,2026-07-28,2026-08-07,450.0,C,0.01,0.05,0.03,61.3285,0.001961,0.000184,-0.010615,0.00344,10,333.71,5,159,39.01
GOOGL,2026-07-28,2026-08-07,455.0,C,0.01,0.07,0.04,65.0394,0.002428,0.00021,-0.013658,0.004175,10,333.71,1,4,39.01
GOOGL,2026-07-28,2026-08-07,460.0,C,0.0,0.51,0.255,83.008,0.011917,0.000677,-0.071567,0.017149,10,333.71,30,30,39.01
GOOGL,2026-07-28,2026-08-07,465.0,C,0.0,0.12,0.06,71.8753,0.003259,0.000248,-0.019675,0.005445,10,333.71,37,57,39.01
GOOGL,2026-07-28,2026-08-07,470.0,C,0.0,0.59,0.295,89.4532,0.01281,0.000669,-0.082072,0.018256,10,333.71,80,128,39.01
GOOGL,2026-07-28,2026-08-07,475.0,C,0.0,1.8,0.9,108.8383,0.031167,0.001168,-0.212095,0.03879,10,333.71,4,110,39.01
GOOGL,2026-07-28,2026-08-07,480.0,C,0.0,2.14,1.07,114.8442,0.035005,0.001218,-0.246231,0.042686,10,333.71,20,21,39.01
GOOGL,2026-07-28,2026-08-07,485.0,C,0.0,2.12,1.06,117.2367,0.034049,0.001167,-0.24568,0.041726,10,333.71,1,4,39.01
GOOGL,2026-07-28,2026-08-07,490.0,C,0.0,2.02,1.01,118.7748,0.03213,0.001098,-0.237261,0.039779,10,333.71,8,9,39.01
GOOGL,2026-07-28,2026-08-07,495.0,C,0.0,0.35,0.175,94.2383,0.00728,0.000388,-0.052744,0.011143,10,333.71,2,17,39.01
GOOGL,2026-07-28,2026-08-07,500.0,C,0.0,2.13,1.065,124.8539,0.032286,0.001048,-0.250343,0.039937,10,333.71,12,6,39.01
GOOGL,2026-07-28,2026-08-07,505.0,C,0.0,2.11,1.055,127.0756,0.031474,0.001009,-0.249469,0.039106,10,333.71,6,6,39.01
GOOGL,2026-07-28,2026-08-07,510.0,C,0.0,2.1,1.05,129.3705,0.030824,0.000974,-0.249607,0.038437,10,333.71,20,4,39.01
GOOGL,2026-07-28,2026-08-07,515.0,C,0.0,2.13,1.065,132.0316,0.030642,0.00095,-0.253476,0.038249,10,333.71,35,11,39.01
GOOGL,2026-07-28,2026-08-07,530.0,C,0.0,0.06,0.03,90.2345,0.001282,8.5e-05,-0.010577,0.002335,10,333.71,100,211,39.01
GOOGL,2026-07-28,2026-08-07,550.0,C,0.0,1.13,0.565,134.1312,0.016387,0.000551,-0.151865,0.022566,10,333.71,1,3,39.01
GOOGL,2026-07-28,2026-08-07,100.0,P,0.0,2.13,1.065,356.5431,-0.009672,0.000131,-0.254497,0.014299,10,333.71,0,11,39.01
GOOGL,2026-07-28,2026-08-07,105.0,P,0.0,2.13,1.065,342.8712,-0.010088,0.000142,-0.253899,0.014835,10,333.71,0,10,39.01
GOOGL,2026-07-28,2026-08-07,110.0,P,0.0,2.13,1.065,329.9806,-0.010531,0.000153,-0.253662,0.015401,10,333.71,0,10,39.01
GOOGL,2026-07-28,2026-08-07,115.0,P,0.0,2.13,1.065,317.5783,-0.010968,0.000165,-0.252912,0.015956,10,333.71,0,1,39.01
GOOGL,2026-07-28,2026-08-07,135.0,P,0.0,2.13,1.065,273.1448,-0.012872,0.00022,-0.249858,0.018333,10,333.71,2,122,39.01
GOOGL,2026-07-28,2026-08-07,140.0,P,0.0,2.13,1.065,263.0863,-0.013386,0.000236,-0.248917,0.018964,10,333.71,1,21,39.01
GOOGL,2026-07-28,2026-08-07,145.0,P,0.0,2.13,1.065,253.4183,-0.013926,0.000254,-0.248078,0.019623,10,333.71,0,10,39.01
GOOGL,2026-07-28,2026-08-07,150.0,P,0.0,2.13,1.065,244.0922,-0.014491,0.000273,-0.247242,0.020306,10,333.71,0,10,39.01
GOOGL,2026-07-28,2026-08-07,160.0,P,0.0,0.3,0.15,171.4845,-0.003116,0.0001,-0.044716,0.005229,10,333.71,4,230,39.01
GOOGL,2026-07-28,2026-08-07,165.0,P,0.0,2.13,1.065,217.7739,-0.016297,0.000338,-0.243929,0.022461,10,333.71,20,283,39.01
GOOGL,2026-07-28,2026-08-07,170.0,P,0.0,0.4,0.2,163.8674,-0.004319,0.00014,-0.057259,0.007008,10,333.71,8,1186,39.01
GOOGL,2026-07-28,2026-08-07,175.0,P,0.0,0.3,0.15,151.9534,-0.003506,0.000125,-0.044048,0.005815,10,333.71,1,1595,39.01
GOOGL,2026-07-28,2026-08-07,180.0,P,0.0,0.5,0.25,155.469,-0.005678,0.000189,-0.069305,0.008943,10,333.71,37,1174,39.01
GOOGL,2026-07-28,2026-08-07,185.0,P,0.0,2.13,1.065,186.1817,-0.019147,0.000454,-0.239182,0.025773,10,333.71,3,2031,39.01
GOOGL,2026-07-28,2026-08-07,190.0,P,0.0,2.13,1.065,178.8087,-0.019961,0.000489,-0.237945,0.026701,10,333.71,1,59,39.01
GOOGL,2026-07-28,2026-08-07,195.0,P,0.0,2.13,1.065,171.5822,-0.020805,0.000528,-0.236446,0.027654,10,333.71,5,1149,39.01
GOOGL,2026-07-28,2026-08-07,200.0,P,0.0,0.01,0.005,89.0626,-0.00019,1.5e-05,-0.001771,0.000399,10,333.71,12,144,39.01
GOOGL,2026-07-28,2026-08-07,205.0,P,0.0,2.13,1.065,157.6174,-0.022638,0.000618,-0.233187,0.029698,10,333.71,4,146,39.01
GOOGL,2026-07-28,2026-08-07,210.0,P,0.0,2.13,1.065,150.8792,-0.02365,0.000669,-0.231552,0.030812,10,333.71,6,89,39.01
GOOGL,2026-07-28,2026-08-07,215.0,P,0.0,2.13,1.065,144.2874,-0.024734,0.000727,-0.229885,0.031994,10,333.71,3,45,39.01
GOOGL,2026-07-28,2026-08-07,220.0,P,0.0,1.74,0.87,132.764,-0.022187,0.000721,-0.192999,0.029199,10,333.71,20,112,39.01
GOOGL,2026-07-28,2026-08-07,225.0,P,0.0,1.15,0.575,117.8227,-0.016837,0.000642,-0.135438,0.023096,10,333.71,90,260,39.01
GOOGL,2026-07-28,2026-08-07,230.0,P,0.0,1.39,0.695,115.8207,-0.020542,0.000774,-0.157667,0.027357,10,333.71,2,226,39.01
GOOGL,2026-07-28,2026-08-07,235.0,P,0.0,2.11,1.055,118.8969,-0.029676,0.001027,-0.220319,0.037246,10,333.71,11,55,39.01
GOOGL,2026-07-28,2026-08-07,240.0,P,0.0,0.49,0.245,88.379,-0.00981,0.000537,-0.063619,0.014477,10,333.71,6,52,39.01
GOOGL,2026-07-28,2026-08-07,245.0,P,0.0,0.5,0.25,83.7892,-0.010587,0.000605,-0.064437,0.015472,10,333.71,70,69,39.01
GOOGL,2026-07-28,2026-08-07,250.0,P,0.01,0.1,0.055,65.2347,-0.003088,0.000261,-0.01681,0.005187,10,333.71,1,107,39.01
GOOGL,2026-07-28,2026-08-07,255.0,P,0.01,0.16,0.085,64.2582,-0.00477,0.000391,-0.024437,0.007659,10,333.71,1,97,39.01
GOOGL,2026-07-28,2026-08-07,260.0,P,0.01,0.1,0.055,57.0317,-0.003445,0.000329,-0.016199,0.005724,10,333.71,43,164,39.01
GOOGL,2026-07-28,2026-08-07,265.0,P,0.01,0.18,0.095,56.7387,-0.00599,0.000542,-0.026392,0.009378,10,333.71,1,117,39.01
GOOGL,2026-07-28,2026-08-07,270.0,P,0.02,0.13,0.075,51.1724,-0.005299,0.000539,-0.021334,0.008411,10,333.71,7,174,39.01
GOOGL,2026-07-28,2026-08-07,275.0,P,0.05,0.1,0.075,48.9263,-0.007291,0.000747,-0.027037,0.011157,10,333.71,2,375,39.01
GOOGL,2026-07-28,2026-08-07,280.0,P,0.07,0.23,0.15,50.6353,-0.015858,0.00142,-0.05499,0.021942,10,333.71,16,214,39.01
GOOGL,2026-07-28,2026-08-07,285.0,P,0.02,0.26,0.14,47.1685,-0.019078,0.001785,-0.059921,0.025693,10,333.71,63,286,39.01
GOOGL,2026-07-28,2026-08-07,290.0,P,0.16,0.19,0.175,40.6256,-0.01631,0.001813,-0.045081,0.022476,10,333.71,119,367,39.01
GOOGL,2026-07-28,2026-08-07,295.0,P,0.2,0.38,0.29,41.065,-0.031224,0.003101,-0.078666,0.03885,10,333.71,83,1101,39.01
GOOGL,2026-07-28,2026-08-07,300.0,P,0.36,0.4,0.38,36.7926,-0.036249,0.003913,-0.07953,0.043925,10,333.71,209,619,39.01
GOOGL,2026-07-28,2026-08-07,305.0,P,0.53,0.72,0.625,36.6217,-0.062836,0.006105,-0.122692,0.068216,10,333.71,114,1492,39.01
GOOGL,2026-07-28,2026-08-07,310.0,P,0.89,1.01,0.95,34.4611,-0.090343,0.008555,-0.151802,0.089952,10,333.71,283,884,39.01
GOOGL,2026-07-28,2026-08-07,315.0,P,1.4,1.68,1.54,34.1193,-0.142722,0.011965,-0.20744,0.124558,10,333.71,217,1639,39.01
GOOGL,2026-07-28,2026-08-07,320.0,P,2.25,2.5,2.375,32.8254,-0.20661,0.015743,-0.251453,0.15767,10,333.71,466,731,39.01
GOOGL,2026-07-28,2026-08-07,322.5,P,2.83,3.05,2.94,32.2761,-0.246488,0.017691,-0.272388,0.174208,10,333.71,213,137,39.01
GOOGL,2026-07-28,2026-08-07,325.0,P,3.3,3.75,3.525,31.977,-0.29267,0.019463,-0.293193,0.189886,10,333.71,560,821,39.01
GOOGL,2026-07-28,2026-08-07,327.5,P,4.45,4.6,4.525,31.8366,-0.34371,0.020922,-0.311257,0.203226,10,333.71,201,153,39.01
GOOGL,2026-07-28,2026-08-07,330.0,P,5.4,5.55,5.475,31.5681,-0.39751,0.02212,-0.322087,0.213048,10,333.71,223,744,39.01
GOOGL,2026-07-28,2026-08-07,332.5,P,6.45,6.65,6.55,31.385,-0.453934,0.022859,-0.327253,0.218889,10,333.71,177,47,39.01
GOOGL,2026-07-28,2026-08-07,335.0,P,7.7,7.95,7.825,31.4704,-0.511267,0.022941,-0.328262,0.220272,10,333.71,323,923,39.01
GOOGL,2026-07-28,2026-08-07,337.5,P,8.7,9.35,9.025,31.4094,-0.56805,0.022659,-0.320586,0.217146,10,333.71,18,116,39.01
GOOGL,2026-07-28,2026-08-07,340.0,P,10.45,11.05,10.75,32.1052,-0.619983,0.021471,-0.315219,0.210317,10,333.71,26,253,39.01
GOOGL,2026-07-28,2026-08-07,342.5,P,11.85,12.75,12.3,32.2761,-0.670273,0.020307,-0.298415,0.19997,10,333.71,4,79,39.01
GOOGL,2026-07-28,2026-08-07,345.0,P,13.4,14.85,14.125,33.8996,-0.707658,0.01835,-0.295887,0.189787,10,333.71,14,371,39.01
GOOGL,2026-07-28,2026-08-07,347.5,P,15.3,16.7,16.0,33.8447,-0.750613,0.016976,-0.26918,0.175299,10,333.71,4,16,39.01
GOOGL,2026-07-28,2026-08-07,350.0,P,17.15,18.9,18.025,35.2668,-0.779243,0.01523,-0.260287,0.163873,10,333.71,40,614,39.01
GOOGL,2026-07-28,2026-08-07,352.5,P,18.1,22.1,20.1,42.2247,-0.768552,0.013065,-0.326716,0.168313,10,333.71,1,4,39.01
GOOGL,2026-07-28,2026-08-07,355.0,P,20.3,24.05,22.175,41.9561,-0.799824,0.012087,-0.294667,0.154722,10,333.71,6,174,39.01
GOOGL,2026-07-28,2026-08-07,357.5,P,23.15,26.35,24.75,43.4942,-0.817593,0.011013,-0.287078,0.14615,10,333.71,35,39,39.01
GOOGL,2026-07-28,2026-08-07,360.0,P,24.8,28.6,26.7,44.5074,-0.836096,0.010054,-0.27219,0.136523,10,333.71,3,957,39.01
GOOGL,2026-07-28,2026-08-07,362.5,P,27.2,30.95,29.075,46.021,-0.849604,0.009188,-0.264537,0.129014,10,333.71,1,28,39.01
GOOGL,2026-07-28,2026-08-07,365.0,P,29.6,33.3,31.45,47.3882,-0.862204,0.008412,-0.255164,0.121621,10,333.71,17,139,39.01
GOOGL,2026-07-28,2026-08-07,367.5,P,32.05,36.0,34.025,51.2944,-0.860246,0.007846,-0.281722,0.122795,10,333.71,15,3,39.01
GOOGL,2026-07-28,2026-08-07,370.0,P,34.35,38.4,36.375,52.9057,-0.869342,0.007264,-0.276408,0.117258,10,333.71,9,91,39.01
GOOGL,2026-07-28,2026-08-07,375.0,P,39.35,43.4,41.375,57.5077,-0.878415,0.006356,-0.286064,0.11152,10,333.71,1,17,39.01
GOOGL,2026-07-28,2026-08-07,380.0,P,44.3,48.35,46.325,61.5238,-0.887731,0.005615,-0.288781,0.105393,10,333.71,16,5,39.01
GOOGL,2026-07-28,2026-08-07,385.0,P,49.35,53.2,51.275,64.4535,-0.899223,0.004957,-0.277848,0.097488,10,333.71,1,0,39.01
GOOGL,2026-07-28,2026-08-07,390.0,P,54.35,58.25,56.3,69.0189,-0.902908,0.004505,-0.290412,0.094867,10,333.71,1,0,39.01
GOOGL,2026-07-28,2026-08-07,400.0,P,64.3,68.25,66.275,76.9045,-0.911762,0.003767,-0.301573,0.088388,10,333.71,1,0,39.01
GOOGL,2026-07-28,2026-08-07,405.0,P,69.3,73.25,71.275,80.7009,-0.915428,0.003478,-0.306571,0.085627,10,333.71,10,0,39.01
GOOGL,2026-07-28,2026-08-07,415.0,P,79.3,83.25,81.275,88.0128,-0.921695,0.003009,-0.315375,0.080797,10,333.71,0,0,39.01
GOOGL,2026-07-28,2026-08-07,430.0,P,94.3,98.25,96.275,98.4009,-0.929047,0.002496,-0.326727,0.074939,10,333.71,2,0,39.01
GOOGL,2026-07-28,2026-08-14,195.0,C,137.5,141.2,139.35,122.9496,0.984772,0.000433,-0.119389,0.02763,17,333.71,1,1,39.01
GOOGL,2026-07-28,2026-08-14,200.0,C,132.2,136.2,134.2,112.9399,0.987109,0.000409,-0.099585,0.023934,17,333.71,2,2,39.01
GOOGL,2026-07-28,2026-08-14,210.0,C,122.4,126.45,124.425,109.9126,0.981172,0.000581,-0.127977,0.033127,17,333.71,0,1,39.01
GOOGL,2026-07-28,2026-08-14,215.0,C,117.15,121.25,119.2,98.7305,0.985299,0.000523,-0.099402,0.026806,17,333.71,0,1,39.01
GOOGL,2026-07-28,2026-08-14,220.0,C,112.45,116.25,114.35,98.3887,0.981081,0.000652,-0.118172,0.033262,17,333.71,6,3,39.01
GOOGL,2026-07-28,2026-08-14,225.0,C,107.45,111.4,109.425,95.5567,0.978462,0.000749,-0.126682,0.037127,17,333.71,0,1,39.01
GOOGL,2026-07-28,2026-08-14,230.0,C,102.45,106.35,104.4,90.381,0.97803,0.000805,-0.123204,0.037756,17,333.71,0,1,39.01
GOOGL,2026-07-28,2026-08-14,235.0,C,97.55,101.3,99.425,86.4259,0.976306,0.000898,-0.125571,0.040237,17,333.71,0,1,39.01
GOOGL,2026-07-28,2026-08-14,240.0,C,92.5,96.3,94.4,81.4455,0.975764,0.000971,-0.122023,0.041009,17,333.71,0,1,39.01
GOOGL,2026-07-28,2026-08-14,250.0,C,82.55,86.35,84.45,73.7796,0.971575,0.001224,-0.126347,0.046857,17,333.71,1,1,39.01
GOOGL,2026-07-28,2026-08-14,260.0,C,72.5,76.4,74.45,65.2836,0.968159,0.00152,-0.124425,0.051479,17,333.71,12,16,39.01
GOOGL,2026-07-28,2026-08-14,265.0,C,67.6,71.45,69.525,62.2807,0.963709,0.001775,-0.130942,0.057326,17,333.71,0,7,39.01
GOOGL,2026-07-28,2026-08-14,270.0,C,62.55,66.45,64.5,57.7397,0.962172,0.00198,-0.127106,0.059303,17,333.71,20,11,39.01
GOOGL,2026-07-28,2026-08-14,275.0,C,57.65,61.55,59.6,54.9809,0.95589,0.002356,-0.135314,0.067175,17,333.71,28,17,39.01
GOOGL,2026-07-28,2026-08-14,280.0,C,52.8,56.6,54.7,52.0024,0.949011,0.002797,-0.142346,0.075445,17,333.71,28,31,39.01
GOOGL,2026-07-28,2026-08-14,285.0,C,48.0,51.75,49.875,64.6488,0.887475,0.004105,-0.286875,0.13764,17,333.71,1,32,39.01
GOOGL,2026-07-28,2026-08-14,290.0,C,43.1,46.95,45.025,60.8036,0.874687,0.004709,-0.290808,0.148513,17,333.71,1,35,39.01
GOOGL,2026-07-28,2026-08-14,295.0,C,38.25,42.05,40.15,56.226,0.862409,0.005432,-0.287269,0.158414,17,333.71,22,34,39.01
GOOGL,2026-07-28,2026-08-14,300.0,C,33.45,37.35,35.4,52.6494,0.843617,0.006321,-0.292443,0.172621,17,333.71,11,48,39.01
GOOGL,2026-07-28,2026-08-14,305.0,C,28.75,31.9,30.325,44.9468,0.839882,0.00752,-0.257327,0.175316,17,333.71,1,52,39.01
GOOGL,2026-07-28,2026-08-14,310.0,C,24.65,28.25,26.45,46.0699,0.790624,0.008671,-0.305007,0.207197,17,333.71,4,69,39.01
GOOGL,2026-07-28,2026-08-14,315.0,C,20.85,24.0,22.425,43.4454,0.752048,0.010112,-0.31453,0.22786,17,333.71,14,72,39.01
GOOGL,2026-07-28,2026-08-14,320.0,C,17.6,19.0,18.3,37.2687,0.720246,0.012536,-0.288417,0.24233,17,333.71,44,286,39.01
GOOGL,2026-07-28,2026-08-14,325.0,C,14.2,15.3,14.75,35.5414,0.657622,0.014353,-0.297604,0.264586,17,333.71,75,145,39.01
GOOGL,2026-07-28,2026-08-14,330.0,C,11.2,12.05,11.625,34.3146,0.583806,0.015785,-0.302375,0.280951,17,333.71,140,373,39.01
GOOGL,2026-07-28,2026-08-14,335.0,C,8.6,9.15,8.875,33.0268,0.502425,0.016772,-0.295414,0.287309,17,333.71,202,405,39.01
GOOGL,2026-07-28,2026-08-14,340.0,C,6.4,6.9,6.65,32.5873,0.418609,0.016644,-0.283309,0.281314,17,333.71,367,572,39.01
GOOGL,2026-07-28,2026-08-14,345.0,C,4.6,5.25,4.925,32.8925,0.341436,0.015492,-0.266903,0.26431,17,333.71,284,625,39.01
GOOGL,2026-07-28,2026-08-14,350.0,C,3.3,3.85,3.575,32.8437,0.270183,0.013983,-0.239007,0.238209,17,333.71,375,763,39.01
GOOGL,2026-07-28,2026-08-14,355.0,C,2.35,2.64,2.495,32.2272,0.203479,0.012187,-0.199828,0.203719,17,333.71,193,304,39.01
GOOGL,2026-07-28,2026-08-14,360.0,C,1.63,1.93,1.78,32.7277,0.155404,0.010127,-0.170626,0.171908,17,333.71,139,500,39.01
GOOGL,2026-07-28,2026-08-14,365.0,C,1.17,1.28,1.225,32.3859,0.110795,0.008104,-0.133344,0.136122,17,333.71,308,495,39.01
GOOGL,2026-07-28,2026-08-14,370.0,C,0.69,0.98,0.835,33.4601,0.085468,0.006484,-0.113586,0.11253,17,333.71,202,438,39.01
GOOGL,2026-07-28,2026-08-14,375.0,C,0.6,0.76,0.68,34.571,0.06645,0.00518,-0.096663,0.092891,17,333.71,113,388,39.01
GOOGL,2026-07-28,2026-08-14,380.0,C,0.4,0.5,0.45,34.4489,0.045849,0.003878,-0.071742,0.069298,17,333.71,81,1274,39.01
GOOGL,2026-07-28,2026-08-14,385.0,C,0.29,0.43,0.36,36.1335,0.0382,0.00319,-0.064803,0.059778,17,333.71,16,158,39.01
GOOGL,2026-07-28,2026-08-14,390.0,C,0.08,0.47,0.275,39.3805,0.038283,0.002932,-0.070633,0.059884,17,333.71,4,380,39.01
GOOGL,2026-07-28,2026-08-14,395.0,C,0.07,0.41,0.24,40.943,0.032573,0.00247,-0.064248,0.052455,17,333.71,1,251,39.01
GOOGL,2026-07-28,2026-08-14,400.0,C,0.06,0.22,0.14,39.3072,0.019092,0.001644,-0.03939,0.033521,17,333.71,36,859,39.01
GOOGL,2026-07-28,2026-08-14,405.0,C,0.12,0.26,0.19,42.5787,0.020575,0.001617,-0.045415,0.035718,17,333.71,44,539,39.01
GOOGL,2026-07-28,2026-08-14,410.0,C,0.02,0.28,0.15,45.3619,0.020863,0.001536,-0.048911,0.036141,17,333.71,1,72,39.01
GOOGL,2026-07-28,2026-08-14,415.0,C,0.05,0.3,0.175,48.0474,0.020991,0.001458,-0.052034,0.036329,17,333.71,1,1191,39.01
GOOGL,2026-07-28,2026-08-14,420.0,C,0.07,0.28,0.175,49.7075,0.019045,0.001297,-0.049534,0.033451,17,333.71,34,269,39.01
GOOGL,2026-07-28,2026-08-14,425.0,C,0.01,0.11,0.06,45.7037,0.008549,0.000706,-0.02278,0.016735,17,333.71,1,54,39.01
GOOGL,2026-07-28,2026-08-14,430.0,C,0.01,0.14,0.075,49.1216,0.01012,0.000761,-0.028358,0.019396,17,333.71,1,414,39.01
GOOGL,2026-07-28,2026-08-14,435.0,C,0.01,0.25,0.13,50.4888,0.009084,0.000674,-0.026508,0.017648,17,333.71,21,56,39.01
GOOGL,2026-07-28,2026-08-14,440.0,C,0.01,0.24,0.125,52.1489,0.00854,0.000618,-0.025924,0.016718,17,333.71,1,97,39.01
GOOGL,2026-07-28,2026-08-14,445.0,C,0.01,0.24,0.125,54.0044,0.008286,0.000581,-0.026134,0.016281,17,333.71,61,36,39.01
GOOGL,2026-07-28,2026-08-14,450.0,C,0.01,0.23,0.12,55.4692,0.007696,0.00053,-0.025146,0.015258,17,333.71,1,54,39.01
GOOGL,2026-07-28,2026-08-14,455.0,C,0.01,0.23,0.12,57.227,0.00746,0.0005,-0.025231,0.014844,17,333.71,1,266,39.01
GOOGL,2026-07-28,2026-08-14,460.0,C,0.01,0.17,0.09,57.0317,0.005673,0.000394,-0.019731,0.011651,17,333.71,1,15,39.01
GOOGL,2026-07-28,2026-08-14,465.0,C,0.01,0.22,0.115,60.4496,0.006862,0.00044,-0.024743,0.013789,17,333.71,2,182,39.01
GOOGL,2026-07-28,2026-08-14,470.0,C,0.01,0.22,0.115,62.1098,0.006665,0.000417,-0.024771,0.01344,17,333.71,9,13,39.01
GOOGL,2026-07-28,2026-08-14,475.0,C,0.01,0.21,0.11,63.4769,0.006283,0.000387,-0.024022,0.012756,17,333.71,4,8,39.01
GOOGL,2026-07-28,2026-08-14,480.0,C,0.01,0.21,0.11,65.0394,0.006086,0.000368,-0.02392,0.0124,17,333.71,2,25,39.01
GOOGL,2026-07-28,2026-08-14,485.0,C,0.01,0.21,0.11,66.6019,0.005916,0.00035,-0.023885,0.012094,17,333.71,6,7,39.01
GOOGL,2026-07-28,2026-08-14,490.0,C,0.01,0.21,0.11,68.262,0.005835,0.000337,-0.024177,0.011947,17,333.71,14,22,39.01
GOOGL,2026-07-28,2026-08-14,495.0,C,0.0,0.16,0.08,67.3831,0.004312,0.000261,-0.018228,0.009126,17,333.71,1,14,39.01
GOOGL,2026-07-28,2026-08-14,500.0,C,0.0,0.34,0.17,75.0003,0.008057,0.000408,-0.035305,0.015886,17,333.71,10,197,39.01
GOOGL,2026-07-28,2026-08-14,505.0,C,0.0,1.38,0.69,92.6759,0.024846,0.000871,-0.114933,0.041874,17,333.71,2,166,39.01
GOOGL,2026-07-28,2026-08-14,510.0,C,0.0,1.67,0.835,97.3633,0.028382,0.000927,-0.134911,0.046797,17,333.71,1,4,39.01
GOOGL,2026-07-28,2026-08-14,515.0,C,0.0,2.14,1.07,103.3208,0.033884,0.001011,-0.165736,0.054187,17,333.71,1,2,39.01
GOOGL,2026-07-28,2026-08-14,520.0,C,0.0,1.85,0.925,102.6372,0.029795,0.000915,-0.148033,0.048726,17,333.71,0,43,39.01
GOOGL,2026-07-28,2026-08-14,525.0,C,0.0,0.58,0.29,88.2814,0.011487,0.000473,-0.056603,0.021657,17,333.71,49,132,39.01
GOOGL,2026-07-28,2026-08-14,530.0,C,0.0,1.27,0.635,100.147,0.021473,0.000713,-0.109766,0.037034,17,333.71,11,30,39.01
GOOGL,2026-07-28,2026-08-14,545.0,C,0.0,2.08,1.04,113.3793,0.030386,0.000842,-0.166104,0.049525,17,333.71,6,6,39.01
GOOGL,2026-07-28,2026-08-14,550.0,C,0.0,1.47,0.735,108.9848,0.02279,0.000689,-0.125543,0.038941,17,333.71,3,6,39.01
GOOGL,2026-07-28,2026-08-14,175.0,P,0.0,0.33,0.165,120.2152,-0.004339,0.000147,-0.032284,0.009177,17,333.71,0,200,39.01
GOOGL,2026-07-28,2026-08-14,185.0,P,0.0,2.13,1.065,145.5569,-0.020647,0.000475,-0.152563,0.035824,17,333.71,0,41,39.01
GOOGL,2026-07-28,2026-08-14,190.0,P,0.0,2.13,1.065,139.7464,-0.021475,0.000511,-0.151397,0.037036,17,333.71,1,2,39.01
GOOGL,2026-07-28,2026-08-14,195.0,P,0.0,2.13,1.065,134.1312,-0.022384,0.000551,-0.150453,0.038356,17,333.71,1,3,39.01
GOOGL,2026-07-28,2026-08-14,200.0,P,0.0,2.13,1.065,128.6136,-0.023321,0.000595,-0.149295,0.039704,17,333.71,66,29,39.01
GOOGL,2026-07-28,2026-08-14,205.0,P,0.0,2.13,1.065,123.2426,-0.02433,0.000644,-0.148204,0.041143,17,333.71,3,4,39.01
GOOGL,2026-07-28,2026-08-14,210.0,P,0.0,2.13,1.065,117.9692,-0.025385,0.000697,-0.146964,0.042635,17,333.71,10,14,39.01
GOOGL,2026-07-28,2026-08-14,215.0,P,0.0,2.13,1.065,112.7934,-0.026498,0.000755,-0.145603,0.044192,17,333.71,11,22,39.01
GOOGL,2026-07-28,2026-08-14,220.0,P,0.0,2.13,1.065,107.7397,-0.027703,0.000821,-0.144286,0.045863,17,333.71,6,9,39.01
GOOGL,2026-07-28,2026-08-14,225.0,P,0.0,2.14,1.07,102.8813,-0.029099,0.000895,-0.143481,0.047779,17,333.71,6,5,39.01
GOOGL,2026-07-28,2026-08-14,230.0,P,0.0,2.14,1.07,97.9981,-0.030475,0.000977,-0.14195,0.049645,17,333.71,1,5,39.01
GOOGL,2026-07-28,2026-08-14,235.0,P,0.01,0.05,0.03,57.0317,-0.001722,0.000135,-0.006625,0.003986,17,333.71,4,5,39.01
GOOGL,2026-07-28,2026-08-14,240.0,P,0.01,0.2,0.105,61.8168,-0.005376,0.000346,-0.020001,0.011107,17,333.71,2,49,39.01
GOOGL,2026-07-28,2026-08-14,245.0,P,0.01,0.22,0.115,58.9848,-0.006124,0.000408,-0.021413,0.01247,17,333.71,4,14,39.01
GOOGL,2026-07-28,2026-08-14,250.0,P,0.04,0.23,0.135,56.6411,-0.007382,0.000501,-0.024237,0.014707,17,333.71,3,45,39.01
GOOGL,2026-07-28,2026-08-14,255.0,P,0.01,0.23,0.12,52.4419,-0.007164,0.000527,-0.021837,0.014323,17,333.71,121,42,39.01
GOOGL,2026-07-28,2026-08-14,260.0,P,0.03,0.14,0.085,50.0005,-0.008582,0.000647,-0.024386,0.01679,17,333.71,1,34,39.01
GOOGL,2026-07-28,2026-08-14,265.0,P,0.04,0.24,0.14,50.3911,-0.014248,0.000998,-0.038163,0.026093,17,333.71,210,52,39.01
GOOGL,2026-07-28,2026-08-14,270.0,P,0.06,0.2,0.13,45.606,-0.013229,0.001035,-0.032358,0.024474,17,333.71,13,97,39.01
GOOGL,2026-07-28,2026-08-14,275.0,P,0.15,0.27,0.21,44.1412,-0.017985,0.001392,-0.040722,0.031859,17,333.71,7,110,39.01
GOOGL,2026-07-28,2026-08-14,280.0,P,0.03,0.4,0.215,43.4088,-0.026268,0.001949,-0.055076,0.043872,17,333.71,284,185,39.01
GOOGL,2026-07-28,2026-08-14,285.0,P,0.2,0.49,0.345,41.2604,-0.033169,0.002488,-0.063432,0.053244,17,333.71,302,120,39.01
GOOGL,2026-07-28,2026-08-14,290.0,P,0.38,0.63,0.505,39.4537,-0.043452,0.003243,-0.075462,0.066365,17,333.71,92,507,39.01
GOOGL,2026-07-28,2026-08-14,295.0,P,0.44,0.79,0.615,37.403,-0.055973,0.004187,-0.08737,0.081232,17,333.71,24,212,39.01
GOOGL,2026-07-28,2026-08-14,300.0,P,0.84,1.0,0.92,35.34,-0.07251,0.00542,-0.100685,0.09935,17,333.71,65,1296,39.01
GOOGL,2026-07-28,2026-08-14,305.0,P,1.25,1.42,1.335,34.3268,-0.101151,0.007158,-0.125074,0.127452,17,333.71,12,229,39.01
GOOGL,2026-07-28,2026-08-14,310.0,P,1.57,2.08,1.825,33.8019,-0.142135,0.009237,-0.155934,0.161951,17,333.71,112,295,39.01
GOOGL,2026-07-28,2026-08-14,315.0,P,2.53,2.81,2.67,32.4836,-0.188593,0.011547,-0.179125,0.194543,17,333.71,34,552,39.01
GOOGL,2026-07-28,2026-08-14,320.0,P,3.55,4.25,3.9,33.1183,-0.258756,0.013566,-0.217691,0.233026,17,333.71,32,513,39.01
GOOGL,2026-07-28,2026-08-14,325.0,P,4.9,5.75,5.325,32.4836,-0.330951,0.015498,-0.237548,0.261116,17,333.71,31,277,39.01
GOOGL,2026-07-28,2026-08-14,330.0,P,6.8,7.35,7.075,30.9089,-0.410133,0.017465,-0.239734,0.279993,17,333.71,57,394,39.01
GOOGL,2026-07-28,2026-08-14,335.0,P,9.2,9.75,9.475,30.6953,-0.499475,0.018046,-0.241271,0.287314,17,333.71,31,302,39.01
GOOGL,2026-07-28,2026-08-14,340.0,P,11.9,12.65,12.275,30.7136,-0.587903,0.017596,-0.231767,0.280311,17,333.71,61,592,39.01
GOOGL,2026-07-28,2026-08-14,345.0,P,14.7,16.35,15.525,32.1967,-0.662353,0.01576,-0.224836,0.263181,17,333.71,10,447,39.01
GOOGL,2026-07-28,2026-08-14,350.0,P,18.15,20.15,19.15,32.8925,-0.729481,0.013971,-0.20351,0.238356,17,333.71,18,227,39.01
GOOGL,2026-07-28,2026-08-14,355.0,P,22.05,24.25,23.15,33.7348,-0.78495,0.012028,-0.17941,0.210461,17,333.71,2,95,39.01
GOOGL,2026-07-28,2026-08-14,360.0,P,25.45,28.25,26.85,32.8986,-0.843247,0.010132,-0.135463,0.172889,17,333.71,2,154,39.01
GOOGL,2026-07-28,2026-08-14,365.0,P,29.95,33.75,31.85,39.588,-0.837888,0.008607,-0.173581,0.176737,17,333.71,92,72,39.01
GOOGL,2026-07-28,2026-08-14,370.0,P,34.65,38.45,36.55,41.6632,-0.860743,0.007391,-0.162246,0.159719,17,333.71,102,116,39.01
GOOGL,2026-07-28,2026-08-14,375.0,P,39.55,43.3,41.425,44.3243,-0.875618,0.006426,-0.158122,0.147741,17,333.71,188,71,39.01
GOOGL,2026-07-28,2026-08-14,380.0,P,44.45,48.3,46.375,47.7544,-0.883348,0.005701,-0.16308,0.141213,17,333.71,188,2,39.01
GOOGL,2026-07-28,2026-08-14,385.0,P,49.35,53.25,51.3,50.7329,-0.891598,0.005093,-0.163903,0.134005,17,333.71,4,0,39.01
GOOGL,2026-07-28,2026-08-14,390.0,P,54.3,58.3,56.3,54.3217,-0.895451,0.004633,-0.171874,0.130548,17,333.71,1,1,39.01
GOOGL,2026-07-28,2026-08-14,395.0,P,59.3,63.25,61.275,57.0805,-0.901985,0.004207,-0.171666,0.124552,17,333.71,15,0,39.01
GOOGL,2026-07-28,2026-08-14,400.0,P,64.3,68.25,66.275,60.1322,-0.906221,0.003866,-0.175143,0.120569,17,333.71,0,0,39.01
GOOGL,2026-07-28,2026-08-14,405.0,P,69.3,73.25,71.275,63.0863,-0.910064,0.003572,-0.178148,0.116891,17,333.71,35,0,39.01
GOOGL,2026-07-28,2026-08-14,410.0,P,74.35,78.25,76.3,65.9916,-0.913421,0.00332,-0.181163,0.113623,17,333.71,0,0,39.01
GOOGL,2026-07-28,2026-08-14,430.0,P,94.3,98.25,96.275,76.9289,-0.924131,0.002578,-0.190909,0.102846,17,333.71,2,0,39.01
GOOGL,2026-07-28,2026-08-21,100.0,C,232.2,236.1,234.15,207.1294,0.994444,9e-05,-0.06869,0.01359,24,333.71,3,133,39.01
GOOGL,2026-07-28,2026-08-21,105.0,C,227.15,231.15,229.15,199.1211,0.994211,9.7e-05,-0.069019,0.014094,24,333.71,1,3,39.01
GOOGL,2026-07-28,2026-08-21,115.0,C,217.25,221.1,219.175,185.6446,0.993452,0.000116,-0.072352,0.01572,24,333.71,1,4,39.01
GOOGL,2026-07-28,2026-08-21,120.0,C,212.35,216.15,214.25,182.5196,0.992338,0.000135,-0.080689,0.018059,24,333.71,1,40,39.01
GOOGL,2026-07-28,2026-08-21,125.0,C,207.35,211.15,209.25,175.6837,0.992034,0.000145,-0.08092,0.018687,24,333.71,1,15,39.01
GOOGL,2026-07-28,2026-08-21,130.0,C,209.35,212.7,211.025,285.4007,0.951288,0.000414,-0.524914,0.086434,24,333.71,2,2,39.01
GOOGL,2026-07-28,2026-08-21,135.0,C,197.15,201.2,199.175,159.3752,0.992343,0.000155,-0.073495,0.018048,24,333.71,1,12,39.01
GOOGL,2026-07-28,2026-08-21,145.0,C,187.4,191.2,189.3,152.9788,0.990026,0.000203,-0.087026,0.022755,24,333.71,1,10,39.01
GOOGL,2026-07-28,2026-08-21,150.0,C,182.25,186.25,184.25,145.3128,0.990331,0.000208,-0.082079,0.022146,24,333.71,1,874,39.01
GOOGL,2026-07-28,2026-08-21,155.0,C,177.3,181.25,179.275,140.8206,0.989585,0.000229,-0.084845,0.02363,24,333.71,4,34,39.01
GOOGL,2026-07-28,2026-08-21,160.0,C,172.45,176.3,174.375,138.9163,0.987734,0.000268,-0.094798,0.027241,24,333.71,5,103,39.01
GOOGL,2026-07-28,2026-08-21,165.0,C,167.45,171.3,169.375,133.6429,0.987253,0.000288,-0.094869,0.028163,24,333.71,39,45,39.01
GOOGL,2026-07-28,2026-08-21,170.0,C,162.35,166.35,164.35,127.7836,0.987119,0.000304,-0.092623,0.028418,24,333.71,22,57,39.01
GOOGL,2026-07-28,2026-08-21,175.0,C,157.3,161.3,159.3,121.2895,0.987418,0.000314,-0.087864,0.027847,24,333.71,1,78,39.01
GOOGL,2026-07-28,2026-08-21,180.0,C,152.4,156.4,154.4,119.434,0.985255,0.000365,-0.097382,0.031932,24,333.71,2,193,39.01
GOOGL,2026-07-28,2026-08-21,185.0,C,147.4,151.35,149.375,114.0141,0.985088,0.000386,-0.095027,0.032243,24,333.71,1,116,39.01
GOOGL,2026-07-28,2026-08-21,190.0,C,142.4,146.35,144.375,109.4243,0.984477,0.000417,-0.095016,0.033375,24,333.71,60,254,39.01
GOOGL,2026-07-28,2026-08-21,195.0,C,137.55,141.35,139.45,106.812,0.982467,0.000474,-0.101795,0.037041,24,333.71,1,115,39.01
GOOGL,2026-07-28,2026-08-21,200.0,C,132.35,136.4,134.375,100.5864,0.983141,0.000486,-0.094978,0.035821,24,333.71,1,308,39.01
GOOGL,2026-07-28,2026-08-21,205.0,C,127.4,131.4,129.4,96.875,0.981944,0.000535,-0.097037,0.03798,24,333.71,11,265,39.01
GOOGL,2026-07-28,2026-08-21,210.0,C,122.55,126.4,124.475,94.336,0.979615,0.00061,-0.103566,0.042107,24,333.71,1,315,39.01
GOOGL,2026-07-28,2026-08-21,215.0,C,117.7,121.45,119.575,92.1143,0.976695,0.000699,-0.111696,0.047149,24,333.71,2,153,39.01
GOOGL,2026-07-28,2026-08-21,220.0,C,112.45,116.45,114.45,85.547,0.978323,0.000708,-0.100846,0.044355,24,333.71,14,340,39.01
GOOGL,2026-07-28,2026-08-21,225.0,C,107.55,111.6,109.575,83.8625,0.974531,0.000827,-0.110918,0.050797,24,333.71,1,285,39.01
GOOGL,2026-07-28,2026-08-21,230.0,C,102.7,106.55,104.625,80.6887,0.972206,0.000925,-0.114452,0.054642,24,333.71,1,290,39.01
GOOGL,2026-07-28,2026-08-21,235.0,C,97.8,101.5,99.65,77.0998,0.970296,0.001023,-0.1158,0.057747,24,333.71,1,170,39.01
GOOGL,2026-07-28,2026-08-21,240.0,C,92.8,96.65,94.725,74.2922,0.96701,0.001158,-0.120918,0.062982,24,333.71,3,829,39.01
GOOGL,2026-07-28,2026-08-21,245.0,C,87.75,91.55,89.65,69.3362,0.967177,0.001235,-0.114561,0.062718,24,333.71,2,423,39.01
GOOGL,2026-07-28,2026-08-21,250.0,C,82.6,86.6,84.6,64.8197,0.96679,0.001334,-0.109988,0.063328,24,333.71,10,690,39.01
GOOGL,2026-07-28,2026-08-21,255.0,C,77.85,81.65,79.75,63.0375,0.960824,0.001571,-0.11998,0.072502,24,333.71,3,409,39.01
GOOGL,2026-07-28,2026-08-21,260.0,C,72.65,76.7,74.675,58.3744,0.960693,0.001701,-0.113692,0.072699,24,333.71,156,1350,39.01
GOOGL,2026-07-28,2026-08-21,265.0,C,68.1,71.75,69.925,57.4711,0.951022,0.002063,-0.12938,0.086812,24,333.71,157,321,39.01
GOOGL,2026-07-28,2026-08-21,270.0,C,63.1,66.8,64.95,53.9555,0.947196,0.002333,-0.129423,0.092169,24,333.71,139,426,39.01
GOOGL,2026-07-28,2026-08-21,275.0,C,58.05,61.85,59.95,50.1958,0.943733,0.002637,-0.127565,0.096918,24,333.71,139,294,39.01
GOOGL,2026-07-28,2026-08-21,280.0,C,53.15,57.0,55.075,60.6571,0.889124,0.003643,-0.229147,0.161822,24,333.71,150,1206,39.01
GOOGL,2026-07-28,2026-08-21,285.0,C,48.2,52.1,50.15,56.812,0.879581,0.004125,-0.227931,0.171598,24,333.71,149,816,39.01
GOOGL,2026-07-28,2026-08-21,290.0,C,44.5,46.3,45.4,48.0108,0.889146,0.004602,-0.187586,0.161799,24,333.71,10,653,39.01
GOOGL,2026-07-28,2026-08-21,295.0,C,39.8,41.6,40.7,45.4107,0.872503,0.005371,-0.194625,0.178596,24,333.71,30,874,39.01
GOOGL,2026-07-28,2026-08-21,300.0,C,35.4,36.9,36.15,42.5665,0.853794,0.006292,-0.199429,0.196125,24,333.71,100,1707,39.01
GOOGL,2026-07-28,2026-08-21,305.0,C,30.85,32.55,31.7,40.9918,0.824312,0.007367,-0.213788,0.221131,24,333.71,58,691,39.01
GOOGL,2026-07-28,2026-08-21,310.0,C,26.7,28.25,27.475,39.0936,0.791024,0.00859,-0.224525,0.245909,24,333.71,41,924,39.01
GOOGL,2026-07-28,2026-08-21,315.0,C,22.75,23.75,23.25,35.9748,0.757539,0.010155,-0.22404,0.267497,24,333.71,20,1276,39.01
GOOGL,2026-07-28,2026-08-21,320.0,C,19.05,20.2,19.625,35.5658,0.702881,0.011374,-0.241538,0.296222,24,333.71,501,6499,39.01
GOOGL,2026-07-28,2026-08-21,322.5,C,17.5,18.55,18.025,35.4193,0.673229,0.011901,-0.248971,0.308668,24,333.71,46,328,39.01
GOOGL,2026-07-28,2026-08-21,325.0,C,15.85,17.05,16.45,35.4987,0.641778,0.012295,-0.256634,0.319589,24,333.71,228,1448,39.01
GOOGL,2026-07-28,2026-08-21,327.5,C,14.6,15.15,14.875,34.1498,0.612763,0.013103,-0.252589,0.327651,24,333.71,418,1268,39.01
GOOGL,2026-07-28,2026-08-21,330.0,C,13.1,13.4,13.25,33.0512,0.580612,0.013817,-0.248805,0.334387,24,333.71,909,3065,39.01
GOOGL,2026-07-28,2026-08-21,332.5,C,11.75,12.0,11.875,32.7399,0.545656,0.014146,-0.248826,0.339142,24,333.71,365,426,39.01
GOOGL,2026-07-28,2026-08-21,335.0,C,10.4,10.95,10.675,33.1916,0.51048,0.014041,-0.252385,0.341263,24,333.71,972,5082,39.01
GOOGL,2026-07-28,2026-08-21,337.5,C,9.05,9.7,9.375,32.8132,0.474977,0.01418,-0.248226,0.340709,24,333.71,98,545,39.01
GOOGL,2026-07-28,2026-08-21,340.0,C,8.2,8.4,8.3,32.0441,0.437984,0.014373,-0.239321,0.337247,24,333.71,1784,5234,39.01
GOOGL,2026-07-28,2026-08-21,342.5,C,7.2,7.65,7.425,32.6301,0.405418,0.013884,-0.238655,0.331741,24,333.71,49,651,39.01
GOOGL,2026-07-28,2026-08-21,345.0,C,6.3,6.55,6.425,31.9282,0.368714,0.013804,-0.226659,0.322724,24,333.71,343,5281,39.01
GOOGL,2026-07-28,2026-08-21,347.5,C,5.25,5.9,5.575,32.3615,0.338458,0.013208,-0.222043,0.312995,24,333.71,84,2910,39.01
GOOGL,2026-07-28,2026-08-21,350.0,C,4.75,4.95,4.85,31.5925,0.302472,0.012909,-0.206433,0.298627,24,333.71,2999,17352,39.01
GOOGL,2026-07-28,2026-08-21,352.5,C,4.1,4.5,4.3,32.2394,0.277135,0.012141,-0.201566,0.286614,24,333.71,200,420,39.01
GOOGL,2026-07-28,2026-08-21,355.0,C,3.55,3.7,3.625,31.4277,0.243073,0.01164,-0.183354,0.267863,24,333.71,974,3205,39.01
GOOGL,2026-07-28,2026-08-21,357.5,C,2.94,3.2,3.07,31.446,0.216805,0.010911,-0.17172,0.251245,24,333.71,166,581,39.01
GOOGL,2026-07-28,2026-08-21,360.0,C,2.59,2.73,2.66,31.3483,0.191492,0.010165,-0.158686,0.233328,24,333.71,1461,12891,39.01
GOOGL,2026-07-28,2026-08-21,362.5,C,2.09,2.53,2.31,32.215,0.17605,0.009386,-0.154398,0.22142,24,333.71,87,274,39.01
GOOGL,2026-07-28,2026-08-21,365.0,C,1.9,2.02,1.96,31.4826,0.149355,0.00863,-0.135412,0.198944,24,333.71,271,4872,39.01
GOOGL,2026-07-28,2026-08-21,367.5,C,1.49,1.9,1.695,32.447,0.138314,0.007951,-0.132252,0.188898,24,333.71,59,448,39.01
GOOGL,2026-07-28,2026-08-21,370.0,C,1.41,1.49,1.45,31.6901,0.115205,0.007167,-0.113606,0.166307,24,333.71,618,10938,39.01
GOOGL,2026-07-28,2026-08-21,375.0,C,0.98,1.14,1.06,32.2639,0.090324,0.005898,-0.096643,0.139331,24,333.71,325,5825,39.01
GOOGL,2026-07-28,2026-08-21,380.0,C,0.79,0.87,0.83,32.8132,0.07046,0.004806,-0.081275,0.115475,24,333.71,929,9113,39.01
GOOGL,2026-07-28,2026-08-21,385.0,C,0.6,0.7,0.65,33.7165,0.056843,0.003957,-0.070511,0.097699,24,333.71,72,6608,39.01
GOOGL,2026-07-28,2026-08-21,390.0,C,0.49,0.51,0.5,33.9118,0.042661,0.003129,-0.056305,0.077691,24,333.71,345,10901,39.01
GOOGL,2026-07-28,2026-08-21,395.0,C,0.37,0.46,0.415,35.4499,0.037355,0.002687,-0.052746,0.069742,24,333.71,621,5256,39.01
GOOGL,2026-07-28,2026-08-21,400.0,C,0.33,0.35,0.34,35.8649,0.028892,0.002149,-0.043125,0.056433,24,333.71,666,20385,39.01
GOOGL,2026-07-28,2026-08-21,405.0,C,0.22,0.46,0.34,39.649,0.033685,0.002207,-0.054039,0.064073,24,333.71,115,1625,39.01
GOOGL,2026-07-28,2026-08-21,410.0,C,0.17,0.27,0.22,38.2575,0.021462,0.00157,-0.035768,0.043984,24,333.71,355,6392,39.01
GOOGL,2026-07-28,2026-08-21,415.0,C,0.1,0.24,0.17,39.4537,0.01877,0.001359,-0.032889,0.039256,24,333.71,186,15556,39.01
GOOGL,2026-07-28,2026-08-21,420.0,C,0.17,0.2,0.185,40.1861,0.01553,0.001135,-0.028467,0.033387,24,333.71,226,7200,39.01
GOOGL,2026-07-28,2026-08-21,425.0,C,0.08,0.29,0.185,44.2388,0.020028,0.001281,-0.038892,0.041481,24,333.71,89,1285,39.01
GOOGL,2026-07-28,2026-08-21,430.0,C,0.1,0.32,0.21,46.6802,0.020805,0.001253,-0.042347,0.04284,24,333.71,43,3296,39.01
GOOGL,2026-07-28,2026-08-21,435.0,C,0.05,0.3,0.175,47.9986,0.019131,0.001135,-0.040526,0.039898,24,333.71,2,514,39.01
GOOGL,2026-07-28,2026-08-21,440.0,C,0.02,0.15,0.085,45.2642,0.010642,0.000726,-0.023058,0.024079,24,333.71,13,4020,39.01
GOOGL,2026-07-28,2026-08-21,445.0,C,0.11,0.14,0.125,46.4361,0.009727,0.000655,-0.021858,0.022262,24,333.71,7,845,39.01
GOOGL,2026-07-28,2026-08-21,450.0,C,0.09,0.1,0.095,46.0943,0.007154,0.000504,-0.01656,0.016998,24,333.71,332,24308,39.01
GOOGL,2026-07-28,2026-08-21,455.0,C,0.02,0.19,0.105,51.4653,0.011772,0.000698,-0.02857,0.026286,24,333.71,59,490,39.01
GOOGL,2026-07-28,2026-08-21,460.0,C,0.02,0.25,0.135,50.7817,0.00864,0.00054,-0.021517,0.020069,24,333.71,4,3158,39.01
GOOGL,2026-07-28,2026-08-21,465.0,C,0.03,0.25,0.14,52.4419,0.008621,0.000522,-0.022166,0.020029,24,333.71,2,885,39.01
GOOGL,2026-07-28,2026-08-21,470.0,C,0.05,0.15,0.1,51.856,0.006381,0.000405,-0.016809,0.015364,24,333.71,2,4499,39.01
GOOGL,2026-07-28,2026-08-21,475.0,C,0.01,0.22,0.115,54.102,0.006993,0.000421,-0.019009,0.016661,24,333.71,2,674,39.01
GOOGL,2026-07-28,2026-08-21,480.0,C,0.04,0.07,0.055,51.1724,0.003617,0.000247,-0.009996,0.009264,24,333.71,11,3171,39.01
GOOGL,2026-07-28,2026-08-21,485.0,C,0.01,0.23,0.12,57.1293,0.006907,0.000394,-0.019841,0.01648,24,333.71,2,458,39.01
GOOGL,2026-07-28,2026-08-21,490.0,C,0.01,0.11,0.06,54.2973,0.003775,0.000242,-0.011012,0.009625,24,333.71,2,636,39.01
GOOGL,2026-07-28,2026-08-21,495.0,C,0.01,0.22,0.115,59.5707,0.006412,0.000354,-0.019361,0.015431,24,333.71,2,201,39.01
GOOGL,2026-07-28,2026-08-21,500.0,C,0.01,0.1,0.055,56.2504,0.003324,0.000208,-0.010172,0.008587,24,333.71,93,4434,39.01
GOOGL,2026-07-28,2026-08-21,505.0,C,0.02,0.11,0.065,58.3989,0.003735,0.000223,-0.011721,0.009533,24,333.71,2,113,39.01
GOOGL,2026-07-28,2026-08-21,510.0,C,0.02,0.06,0.04,57.0317,0.002476,0.000158,-0.007902,0.006582,24,333.71,4,653,39.01
GOOGL,2026-07-28,2026-08-21,515.0,C,0.01,0.21,0.11,64.3558,0.005674,0.000294,-0.01875,0.013846,24,333.71,28,93,39.01
GOOGL,2026-07-28,2026-08-21,520.0,C,0.02,0.2,0.11,65.6253,0.00559,0.000284,-0.018864,0.013665,24,333.71,2,1247,39.01
GOOGL,2026-07-28,2026-08-21,525.0,C,0.02,0.21,0.115,67.1878,0.00571,0.000283,-0.019676,0.013924,24,333.71,1,175,39.01
GOOGL,2026-07-28,2026-08-21,530.0,C,0.02,0.21,0.115,68.3597,0.005585,0.000273,-0.019627,0.013654,24,333.71,2,407,39.01
GOOGL,2026-07-28,2026-08-21,535.0,C,0.01,0.21,0.11,69.2386,0.005298,0.000257,-0.018964,0.013027,24,333.71,1,2677,39.01
GOOGL,2026-07-28,2026-08-21,540.0,C,0.0,2.15,1.075,95.2637,0.03303,0.000904,-0.126159,0.063045,24,333.71,5,205,39.01
GOOGL,2026-07-28,2026-08-21,545.0,C,0.0,1.82,0.91,94.1651,0.028686,0.000814,-0.110956,0.056099,24,333.71,2,101,39.01
GOOGL,2026-07-28,2026-08-21,550.0,C,0.02,0.24,0.13,74.0237,0.005796,0.00026,-0.021946,0.014109,24,333.71,34,651,39.01
GOOGL,2026-07-28,2026-08-21,555.0,C,0.0,0.62,0.31,83.3009,0.011814,0.000432,-0.046138,0.026368,24,333.71,6,45,39.01
GOOGL,2026-07-28,2026-08-21,560.0,C,0.0,0.2,0.1,74.219,0.004502,0.000207,-0.01757,0.011269,24,333.71,2,681,39.01
GOOGL,2026-07-28,2026-08-21,570.0,C,0.01,0.28,0.145,79.59,0.006053,0.000252,-0.024509,0.014663,24,333.71,6,490,39.01
GOOGL,2026-07-28,2026-08-21,580.0,C,0.0,0.06,0.03,70.3128,0.001529,8.3e-05,-0.006273,0.004248,24,333.71,64,3722,39.01
GOOGL,2026-07-28,2026-08-21,590.0,C,0.0,0.5,0.25,89.3067,0.009062,0.00032,-0.03922,0.020924,24,333.71,1,304,39.01
GOOGL,2026-07-28,2026-08-21,600.0,C,0.0,0.03,0.015,70.3128,0.000817,4.6e-05,-0.00353,0.002392,24,333.71,1,10516,39.01
GOOGL,2026-07-28,2026-08-21,610.0,C,0.0,1.42,0.71,107.2759,0.020367,0.000536,-0.094671,0.042076,24,333.71,107,50,39.01
GOOGL,2026-07-28,2026-08-21,620.0,C,0.0,2.13,1.065,116.4067,0.027574,0.000637,-0.132492,0.054282,24,333.71,3,46,39.01
GOOGL,2026-07-28,2026-08-21,630.0,C,0.0,1.5,0.75,112.7934,0.020483,0.000512,-0.099986,0.042279,24,333.71,28,41,39.01
GOOGL,2026-07-28,2026-08-21,640.0,C,0.0,2.13,1.065,121.143,0.026617,0.000594,-0.133834,0.052705,24,333.71,68,60,39.01
GOOGL,2026-07-28,2026-08-21,650.0,C,0.0,2.13,1.065,123.4379,0.026175,0.000575,-0.134458,0.051973,24,333.71,20,120,39.01
GOOGL,2026-07-28,2026-08-21,660.0,C,0.0,0.86,0.43,110.9868,0.012375,0.000338,-0.063858,0.02745,24,333.71,2,11,39.01
GOOGL,2026-07-28,2026-08-21,670.0,C,0.0,2.13,1.065,127.93,0.025399,0.000541,-0.135851,0.050681,24,333.71,82,8,39.01
GOOGL,2026-07-28,2026-08-21,680.0,C,0.0,2.13,1.065,130.1273,0.025056,0.000526,-0.136601,0.050106,24,333.71,4,8,39.01
GOOGL,2026-07-28,2026-08-21,690.0,C,0.0,2.13,1.065,132.2513,0.024696,0.000511,-0.137141,0.049502,24,333.71,1,583,39.01
GOOGL,2026-07-28,2026-08-21,700.0,C,0.0,2.13,1.065,134.3265,0.024343,0.000497,-0.137607,0.048908,24,333.71,98,1125,39.01
GOOGL,2026-07-28,2026-08-21,710.0,C,0.0,2.13,1.065,136.4017,0.024043,0.000485,-0.138269,0.048401,24,333.71,1,15,39.01
GOOGL,2026-07-28,2026-08-21,720.0,C,0.0,1.58,0.79,132.7152,0.018662,0.000402,-0.108581,0.039065,24,333.71,1,2,39.01
GOOGL,2026-07-28,2026-08-21,730.0,C,0.0,2.13,1.065,140.43,0.023468,0.000461,-0.139461,0.047426,24,333.71,2,114,39.01
GOOGL,2026-07-28,2026-08-21,740.0,C,0.0,2.13,1.065,142.3831,0.023191,0.00045,-0.139978,0.046953,24,333.71,1,118,39.01
GOOGL,2026-07-28,2026-08-21,750.0,C,0.0,2.13,1.065,144.2874,0.02291,0.00044,-0.140392,0.046474,24,333.71,391,183,39.01
GOOGL,2026-07-28,2026-08-21,760.0,C,0.0,0.02,0.01,92.1876,0.0004,1.8e-05,-0.002386,0.001236,24,333.71,10,246,39.01
GOOGL,2026-07-28,2026-08-21,770.0,C,0.0,2.13,1.065,148.0471,0.022421,0.000421,-0.141432,0.045636,24,333.71,214,46,39.01
GOOGL,2026-07-28,2026-08-21,780.0,C,0.0,2.13,1.065,149.8782,0.022187,0.000412,-0.141911,0.045235,24,333.71,217,51,39.01
GOOGL,2026-07-28,2026-08-21,790.0,C,0.0,2.13,1.065,151.6848,0.021966,0.000404,-0.142403,0.044854,24,333.71,0,0,39.01
GOOGL,2026-07-28,2026-08-21,800.0,C,0.0,0.02,0.01,96.875,0.000355,1.6e-05,-0.002246,0.001107,24,333.71,9,6491,39.01
GOOGL,2026-07-28,2026-08-21,100.0,P,0.0,0.05,0.025,152.344,-0.000507,1.4e-05,-0.004871,0.001541,24,333.71,1,295,39.01
GOOGL,2026-07-28,2026-08-21,105.0,P,0.0,0.02,0.01,135.9378,-0.000234,8e-06,-0.002116,0.00075,24,333.71,10,92,39.01
GOOGL,2026-07-28,2026-08-21,110.0,P,0.0,0.05,0.025,140.6253,-0.000548,1.6e-05,-0.004827,0.001655,24,333.71,10,398,39.01
GOOGL,2026-07-28,2026-08-21,115.0,P,0.0,0.05,0.025,135.1566,-0.000568,1.7e-05,-0.004799,0.001712,24,333.71,1,560,39.01
GOOGL,2026-07-28,2026-08-21,120.0,P,0.0,0.05,0.025,129.6879,-0.000579,1.8e-05,-0.00468,0.00174,24,333.71,1,128,39.01
GOOGL,2026-07-28,2026-08-21,125.0,P,0.0,2.13,1.065,195.3125,-0.013345,0.000205,-0.118673,0.029301,24,333.71,1,27,39.01
GOOGL,2026-07-28,2026-08-21,130.0,P,0.0,0.02,0.01,110.9379,-0.000265,1e-05,-0.00194,0.000844,24,333.71,20,120,39.01
GOOGL,2026-07-28,2026-08-21,135.0,P,0.0,0.06,0.03,117.1879,-0.000762,2.6e-05,-0.005449,0.002244,24,333.71,23,503,39.01
GOOGL,2026-07-28,2026-08-21,140.0,P,0.0,0.5,0.25,141.3089,-0.004866,0.000117,-0.035367,0.012078,24,333.71,1,399,39.01
GOOGL,2026-07-28,2026-08-21,145.0,P,0.0,2.13,1.065,168.1154,-0.015587,0.000272,-0.116672,0.033492,24,333.71,1,1133,39.01
GOOGL,2026-07-28,2026-08-21,150.0,P,0.0,0.1,0.05,109.3755,-0.001349,4.7e-05,-0.008587,0.003791,24,333.71,3,2055,39.01
GOOGL,2026-07-28,2026-08-21,155.0,P,0.0,0.29,0.145,117.7738,-0.003484,0.000104,-0.021842,0.008956,24,333.71,2,71,39.01
GOOGL,2026-07-28,2026-08-21,160.0,P,0.0,0.07,0.035,97.6563,-0.001068,4.3e-05,-0.006188,0.003061,24,333.71,20,832,39.01
GOOGL,2026-07-28,2026-08-21,165.0,P,0.0,0.23,0.115,106.0552,-0.003119,0.000104,-0.0178,0.008109,24,333.71,200,822,39.01
GOOGL,2026-07-28,2026-08-21,170.0,P,0.0,0.07,0.035,90.2345,-0.001178,5.1e-05,-0.006249,0.003347,24,333.71,5,719,39.01
GOOGL,2026-07-28,2026-08-21,175.0,P,0.0,0.2,0.1,96.2891,-0.003,0.000111,-0.015596,0.00783,24,333.71,1,403,39.01
GOOGL,2026-07-28,2026-08-21,180.0,P,0.0,0.5,0.25,103.1255,-0.006643,0.000211,-0.033958,0.015922,24,333.71,20,177,39.01
GOOGL,2026-07-28,2026-08-21,185.0,P,0.0,0.08,0.04,80.4689,-0.001469,7e-05,-0.006816,0.004098,24,333.71,1,216,39.01
GOOGL,2026-07-28,2026-08-21,190.0,P,0.0,2.13,1.065,118.6039,-0.0221,0.000519,-0.110544,0.045084,24,333.71,1,874,39.01
GOOGL,2026-07-28,2026-08-21,195.0,P,0.0,2.13,1.065,113.8188,-0.023007,0.00056,-0.109707,0.04664,24,333.71,2,247,39.01
GOOGL,2026-07-28,2026-08-21,200.0,P,0.0,0.25,0.125,79.7854,-0.004439,0.00019,-0.018332,0.011127,24,333.71,42,1013,39.01
GOOGL,2026-07-28,2026-08-21,205.0,P,0.0,1.85,0.925,101.9292,-0.022514,0.000614,-0.096392,0.045796,24,333.71,10,293,39.01
GOOGL,2026-07-28,2026-08-21,210.0,P,0.0,0.6,0.3,81.592,-0.009898,0.000378,-0.038057,0.022604,24,333.71,12,604,39.01
GOOGL,2026-07-28,2026-08-21,215.0,P,0.0,0.1,0.05,62.6957,-0.002325,0.000135,-0.008038,0.006218,24,333.71,4,424,39.01
GOOGL,2026-07-28,2026-08-21,220.0,P,0.0,1.2,0.6,82.6174,-0.018567,0.000643,-0.066256,0.038895,24,333.71,19,1530,39.01
GOOGL,2026-07-28,2026-08-21,225.0,P,0.0,0.97,0.485,76.0256,-0.0165,0.000632,-0.05509,0.035167,24,333.71,2,846,39.01
GOOGL,2026-07-28,2026-08-21,230.0,P,0.01,0.14,0.075,56.2504,-0.003797,0.000235,-0.011201,0.009675,24,333.71,17,3852,39.01
GOOGL,2026-07-28,2026-08-21,235.0,P,0.02,0.1,0.06,51.9536,-0.003289,0.000224,-0.009087,0.008504,24,333.71,1,717,39.01
GOOGL,2026-07-28,2026-08-21,240.0,P,0.01,0.21,0.11,52.7348,-0.005809,0.000366,-0.015323,0.014137,24,333.71,54,1239,39.01
GOOGL,2026-07-28,2026-08-21,245.0,P,0.04,0.1,0.07,49.2193,-0.005685,0.000385,-0.014019,0.01387,24,333.71,3,994,39.01
GOOGL,2026-07-28,2026-08-21,250.0,P,0.03,0.11,0.07,46.8755,-0.006506,0.000455,-0.015033,0.015632,24,333.71,16,6714,39.01
GOOGL,2026-07-28,2026-08-21,255.0,P,0.05,0.15,0.1,45.8013,-0.008888,0.000613,-0.019311,0.020572,24,333.71,13,2044,39.01
GOOGL,2026-07-28,2026-08-21,260.0,P,0.09,0.29,0.19,47.1685,-0.015997,0.000992,-0.033079,0.034247,24,333.71,4,3547,39.01
GOOGL,2026-07-28,2026-08-21,265.0,P,0.09,0.17,0.13,40.6744,-0.01112,0.00084,-0.020802,0.025016,24,333.71,32,2701,39.01
GOOGL,2026-07-28,2026-08-21,270.0,P,0.2,0.27,0.235,40.4791,-0.017143,0.001226,-0.03003,0.036335,24,333.71,125,1859,39.01
GOOGL,2026-07-28,2026-08-21,275.0,P,0.25,0.37,0.31,39.4537,-0.023424,0.001639,-0.038083,0.04735,24,333.71,52,2400,39.01
GOOGL,2026-07-28,2026-08-21,280.0,P,0.36,0.49,0.425,38.233,-0.031149,0.002146,-0.04673,0.060065,24,333.71,167,4527,39.01
GOOGL,2026-07-28,2026-08-21,285.0,P,0.5,0.61,0.555,36.5729,-0.03957,0.002729,-0.05428,0.073094,24,333.71,48,3422,39.01
GOOGL,2026-07-28,2026-08-21,290.0,P,0.71,0.84,0.775,35.6452,-0.05384,0.003586,-0.067582,0.093599,24,333.71,205,3690,39.01
GOOGL,2026-07-28,2026-08-21,295.0,P,0.98,1.06,1.02,34.0339,-0.068803,0.004549,-0.07793,0.113378,24,333.71,214,3361,39.01
GOOGL,2026-07-28,2026-08-21,300.0,P,1.41,1.53,1.47,33.631,-0.095671,0.005904,-0.098435,0.145382,24,333.71,422,6774,39.01
GOOGL,2026-07-28,2026-08-21,305.0,P,1.93,2.18,2.055,33.3198,-0.130386,0.007435,-0.121235,0.181394,24,333.71,296,2565,39.01
GOOGL,2026-07-28,2026-08-21,310.0,P,2.65,2.81,2.73,32.0258,-0.166369,0.009107,-0.136506,0.213555,24,333.71,297,10231,39.01
GOOGL,2026-07-28,2026-08-21,315.0,P,3.6,3.8,3.7,31.4338,-0.215694,0.010883,-0.156275,0.250499,24,333.71,341,7909,39.01
GOOGL,2026-07-28,2026-08-21,320.0,P,4.9,5.1,5.0,30.9882,-0.274656,0.012576,-0.174297,0.285352,24,333.71,374,15699,39.01
GOOGL,2026-07-28,2026-08-21,322.5,P,5.65,5.85,5.75,30.7197,-0.306941,0.013362,-0.181263,0.300581,24,333.71,38,359,39.01
GOOGL,2026-07-28,2026-08-21,325.0,P,6.5,6.7,6.6,30.5,-0.341316,0.01406,-0.187152,0.314005,24,333.71,305,3483,39.01
GOOGL,2026-07-28,2026-08-21,327.5,P,7.35,7.65,7.5,30.323,-0.377423,0.014643,-0.191691,0.325137,24,333.71,745,584,39.01
GOOGL,2026-07-28,2026-08-21,330.0,P,8.45,8.7,8.575,30.1704,-0.414827,0.015099,-0.194568,0.33357,24,333.71,245,7954,39.01
GOOGL,2026-07-28,2026-08-21,332.5,P,9.55,9.85,9.7,30.0422,-0.453127,0.015411,-0.195658,0.339021,24,333.71,38,389,39.01
GOOGL,2026-07-28,2026-08-21,335.0,P,10.5,11.05,10.775,29.7798,-0.492009,0.015652,-0.193768,0.341312,24,333.71,130,4678,39.01
GOOGL,2026-07-28,2026-08-21,337.5,P,11.65,12.75,12.2,30.6892,-0.528995,0.015151,-0.19826,0.340478,24,333.71,31,312,39.01
GOOGL,2026-07-28,2026-08-21,340.0,P,13.15,13.8,13.475,29.4471,-0.570167,0.015587,-0.185234,0.336086,24,333.71,112,6869,39.01
GOOGL,2026-07-28,2026-08-21,342.5,P,15.0,15.35,15.175,29.383,-0.608182,0.01528,-0.178831,0.32875,24,333.71,38,125,39.01
GOOGL,2026-07-28,2026-08-21,345.0,P,15.6,16.95,16.275,29.1938,-0.645798,0.014891,-0.169737,0.31832,24,333.71,105,3381,39.01
GOOGL,2026-07-28,2026-08-21,347.5,P,18.1,19.0,18.55,30.1765,-0.674601,0.013945,-0.168654,0.308139,24,333.71,2,182,39.01
GOOGL,2026-07-28,2026-08-21,350.0,P,20.0,20.55,20.275,29.2854,-0.713693,0.013577,-0.151066,0.291148,24,333.71,62,9668,39.01
GOOGL,2026-07-28,2026-08-21,352.5,P,21.1,23.05,22.075,31.4155,-0.728746,0.012328,-0.158269,0.283593,24,333.71,1,254,39.01
GOOGL,2026-07-28,2026-08-21,355.0,P,23.45,25.1,24.275,31.8427,-0.753744,0.011569,-0.150538,0.269746,24,333.71,75,1788,39.01
GOOGL,2026-07-28,2026-08-21,357.5,P,24.95,26.7,25.825,30.2985,-0.792659,0.011033,-0.124595,0.244772,24,333.71,1,81,39.01
GOOGL,2026-07-28,2026-08-21,360.0,P,27.3,29.2,28.25,32.1174,-0.802219,0.010118,-0.128729,0.237962,24,333.71,108,12451,39.01
GOOGL,2026-07-28,2026-08-21,362.5,P,29.1,31.4,30.25,32.5812,-0.820986,0.009379,-0.120522,0.223765,24,333.71,0,20,39.01
GOOGL,2026-07-28,2026-08-21,365.0,P,31.7,33.7,32.7,33.3625,-0.835459,0.008679,-0.115277,0.212033,24,333.71,57,915,39.01
GOOGL,2026-07-28,2026-08-21,367.5,P,33.5,36.0,34.75,34.0339,-0.84925,0.008033,-0.109129,0.200181,24,333.71,1,18,39.01
GOOGL,2026-07-28,2026-08-21,370.0,P,35.95,38.05,37.0,33.2404,-0.87275,0.007328,-0.089688,0.178356,24,333.71,28,2332,39.01
GOOGL,2026-07-28,2026-08-21,375.0,P,40.5,42.95,41.725,35.6208,-0.885782,0.006337,-0.087887,0.165292,24,333.71,6,1368,39.01
GOOGL,2026-07-28,2026-08-21,380.0,P,45.35,47.4,46.375,34.7297,-0.917179,0.005135,-0.05817,0.130585,24,333.71,126,2738,39.01
GOOGL,2026-07-28,2026-08-21,385.0,P,50.25,52.6,51.425,38.819,-0.913352,0.004752,-0.072531,0.135084,24,333.71,1,195,39.01
GOOGL,2026-07-28,2026-08-21,390.0,P,54.8,58.1,56.45,44.837,-0.899156,0.004602,-0.104353,0.1511,24,333.71,1254,2643,39.01
GOOGL,2026-07-28,2026-08-21,395.0,P,59.3,63.3,61.3,48.7554,-0.897315,0.004289,-0.118253,0.153104,24,333.71,452,220,39.01
GOOGL,2026-07-28,2026-08-21,400.0,P,64.3,68.3,66.3,51.3555,-0.901701,0.003944,-0.120748,0.148304,24,333.71,463,210,39.01
GOOGL,2026-07-28,2026-08-21,405.0,P,69.3,73.25,71.275,53.5405,-0.907182,0.003626,-0.119963,0.142172,24,333.71,40,19,39.01
GOOGL,2026-07-28,2026-08-21,410.0,P,74.3,78.05,76.175,54.5659,-0.916792,0.00328,-0.109524,0.131043,24,333.71,70,36,39.01
GOOGL,2026-07-28,2026-08-21,415.0,P,79.3,83.25,81.275,58.3989,-0.913784,0.003147,-0.123863,0.134581,24,333.71,95,0,39.01
GOOGL,2026-07-28,2026-08-21,420.0,P,84.3,88.25,86.275,60.7426,-0.916633,0.00295,-0.125584,0.131231,24,333.71,701,0,39.01
GOOGL,2026-07-28,2026-08-21,425.0,P,89.3,93.25,91.275,63.0375,-0.919224,0.002776,-0.127205,0.128147,24,333.71,1494,2,39.01
GOOGL,2026-07-28,2026-08-21,430.0,P,94.3,98.25,96.275,65.2836,-0.9216,0.002621,-0.128714,0.125284,24,333.71,657,0,39.01
GOOGL,2026-07-28,2026-08-21,435.0,P,99.3,103.25,101.275,67.4808,-0.923797,0.002481,-0.130098,0.122609,24,333.71,149,0,39.01
GOOGL,2026-07-28,2026-08-21,440.0,P,104.3,108.25,106.275,69.6414,-0.925803,0.002356,-0.131453,0.12014,24,333.71,3057,0,39.01
GOOGL,2026-07-28,2026-08-21,445.0,P,109.3,113.25,111.275,71.7654,-0.927647,0.002243,-0.132766,0.117849,24,333.71,76,0,39.01
GOOGL,2026-07-28,2026-08-21,450.0,P,114.3,118.25,116.275,73.8406,-0.92939,0.002139,-0.133927,0.115664,24,333.71,50,0,39.01
GOOGL,2026-07-28,2026-08-21,460.0,P,87.8,90.8,89.3,0.001,-1.0,0.0,0.047269,0.0,24,333.71,3,0,39.01
GOOGL,2026-07-28,2026-08-21,470.0,P,96.9,99.7,98.3,0.001,-1.0,0.0,0.048297,0.0,24,333.71,5,15,39.01
GOOGL,2026-07-28,2026-08-21,485.0,P,149.3,153.25,151.275,87.4269,-0.938779,0.001618,-0.140692,0.103554,24,333.71,0,0,39.01
GOOGL,2026-07-28,2026-08-21,490.0,P,154.3,158.25,156.275,89.2335,-0.939856,0.001563,-0.141384,0.102126,24,333.71,1,0,39.01
GOOGL,2026-07-28,2026-08-21,520.0,P,184.3,188.25,186.275,99.585,-0.945159,0.001302,-0.145305,0.094974,24,333.71,1,0,39.01
GOOGL,2026-07-28,2026-08-21,530.0,P,164.7,168.35,166.525,0.001,-1.0,0.0,0.054462,0.0,24,333.71,10,0,39.01
GOOGL,2026-07-28,2026-08-21,800.0,P,464.3,468.25,466.275,168.1886,-0.964538,0.000543,-0.153023,0.066837,24,333.71,15,0,39.01
GOOGL,2026-07-28,2026-08-28,100.0,C,232.4,236.2,234.3,190.7715,0.992883,0.000107,-0.069142,0.019231,31,333.71,2,1,39.01
GOOGL,2026-07-28,2026-08-28,195.0,C,137.6,141.55,139.575,96.9239,0.980042,0.000513,-0.092739,0.047004,31,333.71,1,1,39.01
GOOGL,2026-07-28,2026-08-28,200.0,C,132.75,136.55,134.65,94.2872,0.977898,0.000575,-0.097621,0.051244,31,333.71,0,2,39.01
GOOGL,2026-07-28,2026-08-28,220.0,C,112.85,116.7,114.775,80.7619,0.971379,0.000833,-0.104403,0.063636,31,333.71,1,1,39.01
GOOGL,2026-07-28,2026-08-28,225.0,C,107.95,111.7,109.825,77.7346,0.969071,0.000923,-0.107028,0.067865,31,333.71,0,1,39.01
GOOGL,2026-07-28,2026-08-28,230.0,C,102.8,106.7,104.75,73.0716,0.969206,0.000978,-0.102161,0.067621,31,333.71,0,10,39.01
GOOGL,2026-07-28,2026-08-28,250.0,C,82.95,86.9,84.925,61.0111,0.95829,0.001502,-0.109445,0.086702,31,333.71,2,2,39.01
GOOGL,2026-07-28,2026-08-28,255.0,C,78.05,81.95,80.0,58.3134,0.954169,0.001696,-0.112478,0.093549,31,333.71,2,2,39.01
GOOGL,2026-07-28,2026-08-28,260.0,C,73.3,77.0,75.15,56.2382,0.947844,0.00195,-0.118863,0.10373,31,333.71,3,4,39.01
GOOGL,2026-07-28,2026-08-28,265.0,C,68.25,72.1,70.175,52.9912,0.944165,0.002184,-0.118731,0.109481,31,333.71,0,1,39.01
GOOGL,2026-07-28,2026-08-28,270.0,C,63.35,67.2,65.275,50.3423,0.938111,0.002493,-0.12183,0.118693,31,333.71,38,42,39.01
GOOGL,2026-07-28,2026-08-28,275.0,C,58.6,62.35,60.475,59.3632,0.88942,0.003269,-0.199849,0.183561,31,333.71,0,1,39.01
GOOGL,2026-07-28,2026-08-28,280.0,C,53.8,57.65,55.725,56.8303,0.877309,0.003676,-0.205289,0.197603,31,333.71,22,47,39.01
GOOGL,2026-07-28,2026-08-28,285.0,C,48.9,52.8,50.85,53.4795,0.86667,0.004139,-0.204881,0.209357,31,333.71,3,2,39.01
GOOGL,2026-07-28,2026-08-28,290.0,C,44.45,48.1,46.275,50.7024,0.85213,0.004683,-0.207953,0.224598,31,333.71,10,33,39.01
GOOGL,2026-07-28,2026-08-28,295.0,C,39.65,43.5,41.575,48.1695,0.834287,0.005314,-0.212227,0.242089,31,333.71,12,20,39.01
GOOGL,2026-07-28,2026-08-28,300.0,C,34.95,39.0,36.975,45.8074,0.812828,0.006035,-0.21706,0.261482,31,333.71,1,55,39.01
GOOGL,2026-07-28,2026-08-28,305.0,C,30.8,34.7,32.75,43.8665,0.785993,0.006831,-0.223905,0.2834,31,333.71,22,9,39.01
GOOGL,2026-07-28,2026-08-28,310.0,C,27.2,29.75,28.475,39.5148,0.765866,0.00798,-0.213295,0.29825,31,333.71,83,39,39.01
GOOGL,2026-07-28,2026-08-28,315.0,C,22.95,25.9,24.425,38.3612,0.725939,0.008929,-0.222681,0.323959,31,333.71,39,97,39.01
GOOGL,2026-07-28,2026-08-28,320.0,C,19.75,21.7,20.725,35.6879,0.686539,0.010214,-0.219764,0.344755,31,333.71,121,667,39.01
GOOGL,2026-07-28,2026-08-28,325.0,C,17.0,18.5,17.75,35.2454,0.633044,0.010985,-0.227992,0.366203,31,333.71,123,387,39.01
GOOGL,2026-07-28,2026-08-28,330.0,C,14.3,15.4,14.85,34.3573,0.57676,0.011718,-0.229214,0.38078,31,333.71,210,884,39.01
GOOGL,2026-07-28,2026-08-28,335.0,C,11.8,12.35,12.075,32.8864,0.516346,0.012463,-0.222071,0.387658,31,333.71,171,571,39.01
GOOGL,2026-07-28,2026-08-28,340.0,C,9.6,9.9,9.75,32.1784,0.452962,0.012659,-0.214491,0.385284,31,333.71,238,1107,39.01
GOOGL,2026-07-28,2026-08-28,345.0,C,7.4,8.25,7.825,32.7674,0.394645,0.01208,-0.210556,0.374375,31,333.71,81,362,39.01
GOOGL,2026-07-28,2026-08-28,350.0,C,6.0,6.25,6.125,31.6535,0.331448,0.011785,-0.190863,0.352818,31,333.71,596,1401,39.01
GOOGL,2026-07-28,2026-08-28,355.0,C,4.2,5.0,4.6,31.8732,0.27928,0.010846,-0.177163,0.326968,31,333.71,217,253,39.01
GOOGL,2026-07-28,2026-08-28,360.0,C,3.6,3.8,3.7,31.5131,0.228132,0.009863,-0.156855,0.293959,31,333.71,196,409,39.01
GOOGL,2026-07-28,2026-08-28,365.0,C,2.73,2.88,2.805,31.3483,0.183956,0.008725,-0.136818,0.258685,31,333.71,129,311,39.01
GOOGL,2026-07-28,2026-08-28,370.0,C,2.0,2.31,2.155,31.9099,0.151686,0.007569,-0.122549,0.228447,31,333.71,91,471,39.01
GOOGL,2026-07-28,2026-08-28,375.0,C,1.4,1.93,1.665,32.8376,0.127612,0.006539,-0.111758,0.203105,31,333.71,66,470,39.01
GOOGL,2026-07-28,2026-08-28,380.0,C,1.18,1.3,1.24,31.8977,0.093996,0.005406,-0.087004,0.163094,31,333.71,57,476,39.01
GOOGL,2026-07-28,2026-08-28,385.0,C,0.83,1.1,0.965,32.8986,0.079277,0.004615,-0.078805,0.143592,31,333.71,29,168,39.01
GOOGL,2026-07-28,2026-08-28,390.0,C,0.75,0.9,0.825,33.5944,0.065453,0.003902,-0.069334,0.123977,31,333.71,1089,159,39.01
GOOGL,2026-07-28,2026-08-28,395.0,C,0.46,0.75,0.605,34.3757,0.054675,0.003312,-0.061506,0.107681,31,333.71,17,184,39.01
GOOGL,2026-07-28,2026-08-28,400.0,C,0.48,0.57,0.525,34.5221,0.042814,0.002712,-0.050721,0.088553,31,333.71,105,676,39.01
GOOGL,2026-07-28,2026-08-28,405.0,C,0.22,0.67,0.445,37.5006,0.045731,0.002633,-0.057988,0.093386,31,333.71,7,129,39.01
GOOGL,2026-07-28,2026-08-28,410.0,C,0.11,0.44,0.275,36.5729,0.032272,0.002032,-0.042529,0.070292,31,333.71,3,106,39.01
GOOGL,2026-07-28,2026-08-28,415.0,C,0.06,0.54,0.3,39.649,0.035829,0.002043,-0.050166,0.076604,31,333.71,6,40,39.01
GOOGL,2026-07-28,2026-08-28,420.0,C,0.13,0.53,0.33,41.2848,0.034017,0.00188,-0.049998,0.073409,31,333.71,15,125,39.01
GOOGL,2026-07-28,2026-08-28,425.0,C,0.1,0.3,0.2,39.2828,0.021324,0.001338,-0.032203,0.049716,31,333.71,3,72,39.01
GOOGL,2026-07-28,2026-08-28,430.0,C,0.02,0.52,0.27,44.5318,0.031166,0.001622,-0.050074,0.068297,31,333.71,1,73,39.01
GOOGL,2026-07-28,2026-08-28,435.0,C,0.06,0.44,0.25,44.9713,0.02664,0.001409,-0.044352,0.059944,31,333.71,10,18,39.01
GOOGL,2026-07-28,2026-08-28,440.0,C,0.07,0.45,0.26,46.7046,0.026194,0.001338,-0.04538,0.059105,31,333.71,2,128,39.01
GOOGL,2026-07-28,2026-08-28,445.0,C,0.01,0.44,0.225,48.0962,0.024974,0.001248,-0.044869,0.05679,31,333.71,1,45,39.01
GOOGL,2026-07-28,2026-08-28,450.0,C,0.11,0.21,0.16,44.6783,0.013673,0.000805,-0.024955,0.034006,31,333.71,13,49,39.01
GOOGL,2026-07-28,2026-08-28,455.0,C,0.01,0.41,0.21,50.5864,0.022344,0.001081,-0.042924,0.051717,31,333.71,5,5,39.01
GOOGL,2026-07-28,2026-08-28,460.0,C,0.01,0.4,0.205,51.8804,0.021379,0.001015,-0.042387,0.049824,31,333.71,2,56,39.01
GOOGL,2026-07-28,2026-08-28,465.0,C,0.02,0.37,0.195,52.7348,0.019646,0.00093,-0.040089,0.04638,31,333.71,2,4,39.01
GOOGL,2026-07-28,2026-08-28,470.0,C,0.06,0.21,0.135,50.0982,0.012201,0.00065,-0.025301,0.030817,31,333.71,2,10,39.01
GOOGL,2026-07-28,2026-08-28,475.0,C,0.01,0.36,0.185,50.5864,0.010742,0.000577,-0.022862,0.027589,31,333.71,2,25,39.01
GOOGL,2026-07-28,2026-08-28,480.0,C,0.07,0.34,0.205,52.5395,0.011402,0.000585,-0.024997,0.029058,31,333.71,54,67,39.01
GOOGL,2026-07-28,2026-08-28,485.0,C,0.01,0.2,0.105,53.6626,0.010951,0.000553,-0.02464,0.028055,31,333.71,1,6,39.01
GOOGL,2026-07-28,2026-08-28,490.0,C,0.01,0.36,0.185,54.395,0.010068,0.000507,-0.023205,0.026075,31,333.71,1,2,39.01
GOOGL,2026-07-28,2026-08-28,495.0,C,0.01,0.34,0.175,55.2739,0.009454,0.000472,-0.022311,0.02468,31,333.71,1,5,39.01
GOOGL,2026-07-28,2026-08-28,500.0,C,0.02,0.35,0.185,56.8364,0.009668,0.000468,-0.023386,0.025168,31,333.71,2,41,39.01
GOOGL,2026-07-28,2026-08-28,505.0,C,0.01,0.35,0.18,57.8129,0.009244,0.000443,-0.022865,0.024199,31,333.71,1,3,39.01
GOOGL,2026-07-28,2026-08-28,515.0,C,0.01,0.33,0.17,59.766,0.008523,0.000399,-0.022002,0.022537,31,333.71,2,4,39.01
GOOGL,2026-07-28,2026-08-28,520.0,C,0.01,0.33,0.17,60.9379,0.008405,0.000386,-0.022154,0.022262,31,333.71,1,3,39.01
GOOGL,2026-07-28,2026-08-28,530.0,C,0.01,0.33,0.17,63.184,0.008133,0.000362,-0.022306,0.02163,31,333.71,0,1,39.01
GOOGL,2026-07-28,2026-08-28,535.0,C,0.01,0.33,0.17,64.2582,0.007982,0.00035,-0.022308,0.021275,31,333.71,1,2,39.01
GOOGL,2026-07-28,2026-08-28,540.0,C,0.01,0.33,0.17,65.3324,0.007849,0.000339,-0.022343,0.020963,31,333.71,1,4,39.01
GOOGL,2026-07-28,2026-08-28,545.0,C,0.01,0.33,0.17,66.4066,0.007732,0.000329,-0.022409,0.020689,31,333.71,3,18,39.01
GOOGL,2026-07-28,2026-08-28,550.0,C,0.01,0.32,0.165,67.1878,0.007394,0.000313,-0.021792,0.019889,31,333.71,23,41,39.01
GOOGL,2026-07-28,2026-08-28,195.0,P,0.0,2.13,1.065,100.5864,-0.02328,0.000563,-0.085956,0.053535,31,333.71,4,48,39.01
GOOGL,2026-07-28,2026-08-28,200.0,P,0.0,2.13,1.065,96.46,-0.024243,0.000607,-0.085248,0.055392,31,333.71,8,36,39.01
GOOGL,2026-07-28,2026-08-28,205.0,P,0.0,2.13,1.065,92.4317,-0.025267,0.000656,-0.084531,0.057348,31,333.71,30,34,39.01
GOOGL,2026-07-28,2026-08-28,210.0,P,0.0,2.14,1.07,88.5499,-0.026422,0.000711,-0.084021,0.059534,31,333.71,2,9,39.01
GOOGL,2026-07-28,2026-08-28,215.0,P,0.01,0.32,0.165,63.5746,-0.006519,0.000296,-0.018009,0.017796,31,333.71,6,35,39.01
GOOGL,2026-07-28,2026-08-28,220.0,P,0.01,0.16,0.085,55.8598,-0.003903,0.000213,-0.010013,0.01127,31,333.71,7,32,39.01
GOOGL,2026-07-28,2026-08-28,225.0,P,0.01,0.16,0.085,53.1255,-0.004097,0.000234,-0.009938,0.011771,31,333.71,7,7,39.01
GOOGL,2026-07-28,2026-08-28,230.0,P,0.01,0.34,0.175,55.1274,-0.007827,0.000401,-0.018309,0.020911,31,333.71,2,10,39.01
GOOGL,2026-07-28,2026-08-28,235.0,P,0.02,0.31,0.165,51.856,-0.00782,0.000426,-0.017193,0.020895,31,333.71,4,19,39.01
GOOGL,2026-07-28,2026-08-28,240.0,P,0.01,0.37,0.19,50.0005,-0.009213,0.00051,-0.019126,0.024129,31,333.71,1,479,39.01
GOOGL,2026-07-28,2026-08-28,245.0,P,0.04,0.39,0.215,52.5395,-0.01719,0.000833,-0.034452,0.041393,31,333.71,4,6,39.01
GOOGL,2026-07-28,2026-08-28,250.0,P,0.1,0.28,0.19,47.0708,-0.014002,0.00078,-0.025847,0.03471,31,333.71,7,56,39.01
GOOGL,2026-07-28,2026-08-28,255.0,P,0.01,0.46,0.235,47.9009,-0.021707,0.001114,-0.038205,0.050469,31,333.71,2,5,39.01
GOOGL,2026-07-28,2026-08-28,260.0,P,0.09,0.33,0.21,42.5299,-0.0178,0.00106,-0.028612,0.042644,31,333.71,3,40,39.01
GOOGL,2026-07-28,2026-08-28,265.0,P,0.19,0.52,0.355,42.9205,-0.02673,0.001481,-0.04065,0.060113,31,333.71,14,77,39.01
GOOGL,2026-07-28,2026-08-28,270.0,P,0.2,0.73,0.465,42.6519,-0.036552,0.00193,-0.052246,0.077867,31,333.71,16,483,39.01
GOOGL,2026-07-28,2026-08-28,275.0,P,0.27,0.6,0.435,38.0866,-0.033806,0.002027,-0.04365,0.073034,31,333.71,46,110,39.01
GOOGL,2026-07-28,2026-08-28,280.0,P,0.63,0.78,0.705,37.0612,-0.04379,0.002573,-0.052332,0.090181,31,333.71,37,761,39.01
GOOGL,2026-07-28,2026-08-28,285.0,P,0.84,1.08,0.96,36.5973,-0.059069,0.003306,-0.065423,0.114439,31,333.71,78,6457,39.01
GOOGL,2026-07-28,2026-08-28,290.0,P,1.17,1.4,1.285,35.6452,-0.075765,0.004115,-0.077031,0.138736,31,333.71,95,550,39.01
GOOGL,2026-07-28,2026-08-28,295.0,P,1.46,1.84,1.65,34.8883,-0.097677,0.005084,-0.09088,0.167767,31,333.71,101,367,39.01
GOOGL,2026-07-28,2026-08-28,300.0,P,2.01,2.24,2.125,33.3747,-0.119734,0.006153,-0.100239,0.194241,31,333.71,223,1236,39.01
GOOGL,2026-07-28,2026-08-28,305.0,P,2.57,2.9,2.735,32.5446,-0.1516,0.007419,-0.114391,0.228362,31,333.71,73,296,39.01
GOOGL,2026-07-28,2026-08-28,310.0,P,3.55,3.9,3.725,32.3371,-0.194054,0.008741,-0.132402,0.267344,31,333.71,159,647,39.01
GOOGL,2026-07-28,2026-08-28,315.0,P,4.6,4.95,4.775,31.5192,-0.239211,0.010123,-0.144734,0.301791,31,333.71,128,574,39.01
GOOGL,2026-07-28,2026-08-28,320.0,P,5.65,6.45,6.05,31.33,-0.294567,0.011316,-0.158712,0.33533,31,333.71,71,380,39.01
GOOGL,2026-07-28,2026-08-28,325.0,P,7.55,8.35,7.95,31.4094,-0.355848,0.012198,-0.170547,0.362371,31,333.71,22,361,39.01
GOOGL,2026-07-28,2026-08-28,330.0,P,9.55,10.15,9.85,30.4023,-0.418191,0.013208,-0.170885,0.379797,31,333.71,101,609,39.01
GOOGL,2026-07-28,2026-08-28,335.0,P,11.4,12.9,12.15,31.0188,-0.484906,0.013215,-0.17605,0.387706,31,333.71,33,244,39.01
GOOGL,2026-07-28,2026-08-28,340.0,P,14.1,15.7,14.9,30.9272,-0.550404,0.013158,-0.171537,0.384883,31,333.71,26,157,39.01
GOOGL,2026-07-28,2026-08-28,345.0,P,17.05,18.35,17.7,29.6028,-0.620013,0.013225,-0.153689,0.370293,31,333.71,20,334,39.01
GOOGL,2026-07-28,2026-08-28,350.0,P,20.1,22.3,21.2,30.9852,-0.672667,0.011979,-0.150119,0.35105,31,333.71,26,387,39.01
GOOGL,2026-07-28,2026-08-28,355.0,P,24.2,26.85,25.525,33.57,-0.709044,0.010501,-0.153492,0.333415,31,333.71,7,215,39.01
GOOGL,2026-07-28,2026-08-28,360.0,P,26.8,30.85,28.825,34.0461,-0.752532,0.009545,-0.139852,0.307377,31,333.71,12,146,39.01
GOOGL,2026-07-28,2026-08-28,365.0,P,30.9,35.0,32.95,34.4428,-0.791284,0.008573,-0.124452,0.279275,31,333.71,1,79,39.01
GOOGL,2026-07-28,2026-08-28,370.0,P,35.55,39.35,37.45,35.0348,-0.823485,0.007607,-0.110193,0.252068,31,333.71,6,23,39.01
GOOGL,2026-07-28,2026-08-28,375.0,P,40.0,43.75,41.875,35.3339,-0.853222,0.006687,-0.093647,0.223485,31,333.71,3,23,39.01
GOOGL,2026-07-28,2026-08-28,380.0,P,44.75,48.65,46.7,37.5311,-0.865147,0.005944,-0.093096,0.210997,31,333.71,1,20,39.01
GOOGL,2026-07-28,2026-08-28,390.0,P,54.45,58.25,56.35,40.4791,-0.891635,0.004725,-0.081593,0.180913,31,333.71,3,15,39.01
GOOGL,2026-07-28,2026-08-28,410.0,P,74.45,78.2,76.325,49.1948,-0.910217,0.003388,-0.085879,0.157647,31,333.71,0,0,39.01
GOOGL,2026-07-28,2026-08-28,420.0,P,84.3,88.25,86.275,53.687,-0.914855,0.002984,-0.090813,0.151528,31,333.71,1,0,39.01
GOOGL,2026-07-28,2026-08-28,430.0,P,94.4,98.2,96.3,57.3735,-0.921244,0.002633,-0.090576,0.142877,31,333.71,2,0,39.01
GOOGL,2026-07-28,2026-08-28,485.0,P,149.3,153.25,151.275,77.2707,-0.937423,0.001638,-0.101364,0.119721,31,333.71,0,0,39.01
GOOGL,2026-07-28,2026-09-04,290.0,C,45.1,48.9,47.0,48.908,0.839731,0.004625,-0.192535,0.262274,38,333.71,0,1,39.01
GOOGL,2026-07-28,2026-09-04,295.0,C,40.45,44.25,42.35,46.2469,0.823067,0.005213,-0.193739,0.279496,38,333.71,2,3,39.01
GOOGL,2026-07-28,2026-09-04,300.0,C,36.45,39.85,38.15,44.251,0.800843,0.005861,-0.198426,0.300684,38,333.71,36,29,39.01
GOOGL,2026-07-28,2026-09-04,305.0,C,31.75,35.7,33.725,42.7435,0.77326,0.006545,-0.205249,0.324341,38,333.71,1,5,39.01
GOOGL,2026-07-28,2026-09-04,310.0,C,28.95,31.7,30.325,41.3214,0.741765,0.007265,-0.211393,0.348032,38,333.71,2,10,39.01
GOOGL,2026-07-28,2026-09-04,315.0,C,25.05,26.95,26.0,37.5495,0.715365,0.008392,-0.202251,0.365334,38,333.71,5,45,39.01
GOOGL,2026-07-28,2026-09-04,320.0,C,21.45,23.15,22.3,35.987,0.674747,0.009291,-0.204312,0.387661,38,333.71,34,180,39.01
GOOGL,2026-07-28,2026-09-04,325.0,C,17.9,20.3,19.1,36.2433,0.624795,0.009718,-0.214078,0.408368,38,333.71,24,86,39.01
GOOGL,2026-07-28,2026-09-04,330.0,C,15.85,17.4,16.625,35.7733,0.574751,0.010175,-0.216552,0.421998,38,333.71,29,184,39.01
GOOGL,2026-07-28,2026-09-04,335.0,C,13.15,13.95,13.55,33.4662,0.521737,0.011055,-0.205329,0.428923,38,333.71,58,76,39.01
GOOGL,2026-07-28,2026-09-04,340.0,C,10.55,12.35,11.45,34.8212,0.470035,0.01061,-0.211107,0.428348,38,333.71,56,53,39.01
GOOGL,2026-07-28,2026-09-04,345.0,C,8.15,9.55,8.85,32.7827,0.411124,0.01102,-0.193791,0.418856,38,333.71,44,131,39.01
GOOGL,2026-07-28,2026-09-04,350.0,C,7.0,7.6,7.3,32.0777,0.355352,0.010782,-0.180661,0.401006,38,333.71,193,286,39.01
GOOGL,2026-07-28,2026-09-04,355.0,C,5.6,6.7,6.15,33.4357,0.314536,0.009861,-0.178274,0.382261,38,333.71,155,37,39.01
GOOGL,2026-07-28,2026-09-04,360.0,C,4.5,5.35,4.925,33.1092,0.267702,0.009235,-0.16307,0.354498,38,333.71,38,72,39.01
GOOGL,2026-07-28,2026-09-04,365.0,C,3.05,4.3,3.675,33.0573,0.226557,0.008459,-0.148344,0.324193,38,333.71,17,42,39.01
GOOGL,2026-07-28,2026-09-04,370.0,C,2.8,3.3,3.05,32.5751,0.186102,0.007638,-0.129694,0.288478,38,333.71,20,113,39.01
GOOGL,2026-07-28,2026-09-04,375.0,C,1.25,3.35,2.3,35.3827,0.176077,0.006792,-0.135424,0.278641,38,333.71,56,17,39.01
GOOGL,2026-07-28,2026-09-04,380.0,C,1.49,2.02,1.755,32.4836,0.125154,0.005891,-0.098907,0.221843,38,333.71,18,25,39.01
GOOGL,2026-07-28,2026-09-04,385.0,C,1.04,1.76,1.4,33.4784,0.108734,0.005173,-0.092001,0.20079,38,333.71,183,14,39.01
GOOGL,2026-07-28,2026-09-04,390.0,C,0.94,1.28,1.11,32.9352,0.084284,0.00436,-0.074913,0.166491,38,333.71,7,4,39.01
GOOGL,2026-07-28,2026-09-04,395.0,C,0.49,1.0,0.745,33.0573,0.06801,0.003689,-0.063734,0.141395,38,333.71,7,4,39.01
GOOGL,2026-07-28,2026-09-04,400.0,C,0.41,1.05,0.73,35.3034,0.066892,0.003411,-0.067034,0.139596,38,333.71,43,38,39.01
GOOGL,2026-07-28,2026-09-04,415.0,C,0.06,1.02,0.54,40.4791,0.05776,0.002653,-0.068187,0.124492,38,333.71,0,5,39.01
GOOGL,2026-07-28,2026-09-04,420.0,C,0.15,0.82,0.485,40.4425,0.047739,0.002282,-0.058506,0.10702,38,333.71,2,1,39.01
GOOGL,2026-07-28,2026-09-04,430.0,C,0.05,0.5,0.275,40.0885,0.031093,0.001624,-0.040825,0.075468,38,333.71,1,12,39.01
GOOGL,2026-07-28,2026-09-04,470.0,C,0.03,0.27,0.15,46.9244,0.015374,0.000766,-0.026217,0.04165,38,333.71,1,322,39.01
GOOGL,2026-07-28,2026-09-04,475.0,C,0.01,0.27,0.14,48.145,0.015012,0.000731,-0.026339,0.040806,38,333.71,0,2,39.01
GOOGL,2026-07-28,2026-09-04,495.0,C,0.01,0.72,0.365,55.0297,0.017439,0.000727,-0.034158,0.046396,38,333.71,0,1,39.01
GOOGL,2026-07-28,2026-09-04,200.0,P,0.0,0.21,0.105,62.598,-0.003965,0.000174,-0.010278,0.012655,38,333.71,0,1,39.01
GOOGL,2026-07-28,2026-09-04,235.0,P,0.01,0.42,0.215,53.7114,-0.016472,0.00071,-0.030625,0.044187,38,333.71,4,1,39.01
GOOGL,2026-07-28,2026-09-04,240.0,P,0.01,0.45,0.23,51.4653,-0.018235,0.000808,-0.03197,0.048195,38,333.71,4,3,39.01
GOOGL,2026-07-28,2026-09-04,270.0,P,0.29,1.09,0.69,41.9928,-0.048439,0.002224,-0.058061,0.108274,38,333.71,17,4,39.01
GOOGL,2026-07-28,2026-09-04,275.0,P,0.44,1.13,0.785,39.3561,-0.052819,0.002542,-0.058154,0.116003,38,333.71,31,29,39.01
GOOGL,2026-07-28,2026-09-04,280.0,P,0.92,1.34,1.13,37.9157,-0.06331,0.003043,-0.064433,0.133758,38,333.71,24,303,39.01
GOOGL,2026-07-28,2026-09-04,285.0,P,0.99,1.68,1.335,37.0001,-0.078664,0.003684,-0.074087,0.158048,38,333.71,16,120,39.01
GOOGL,2026-07-28,2026-09-04,290.0,P,1.56,2.14,1.85,36.2982,-0.098407,0.004438,-0.08562,0.186762,38,333.71,48,193,39.01
GOOGL,2026-07-28,2026-09-04,295.0,P,2.06,2.73,2.395,35.694,-0.12259,0.005284,-0.098225,0.218652,38,333.71,36,279,39.01
GOOGL,2026-07-28,2026-09-04,300.0,P,2.63,2.95,2.79,33.155,-0.138846,0.0062,-0.098919,0.238314,38,333.71,30,150,39.01
GOOGL,2026-07-28,2026-09-04,305.0,P,3.6,3.9,3.75,33.0329,-0.175138,0.007251,-0.114316,0.277698,38,333.71,30,117,39.01
GOOGL,2026-07-28,2026-09-04,310.0,P,4.4,4.8,4.6,32.1052,-0.211555,0.008373,-0.123937,0.311666,38,333.71,38,174,39.01
GOOGL,2026-07-28,2026-09-04,315.0,P,5.6,6.4,6.0,32.6118,-0.261685,0.009268,-0.140766,0.350423,38,333.71,62,167,39.01
GOOGL,2026-07-28,2026-09-04,320.0,P,6.85,8.25,7.55,32.9963,-0.31418,0.009987,-0.154296,0.382075,38,333.71,32,117,39.01
GOOGL,2026-07-28,2026-09-04,325.0,P,8.45,9.55,9.0,31.3544,-0.362909,0.011112,-0.153261,0.403941,38,333.71,9,80,39.01
GOOGL,2026-07-28,2026-09-04,330.0,P,10.7,11.65,11.175,31.0371,-0.420429,0.011699,-0.156351,0.420988,38,333.71,47,96,39.01
GOOGL,2026-07-28,2026-09-04,335.0,P,13.0,13.8,13.4,30.1643,-0.480363,0.012268,-0.152439,0.42904,38,333.71,47,53,39.01
GOOGL,2026-07-28,2026-09-04,340.0,P,15.3,17.1,16.2,31.269,-0.538174,0.011795,-0.155762,0.427593,38,333.71,1,16,39.01
GOOGL,2026-07-28,2026-09-04,345.0,P,17.6,20.45,19.025,31.8671,-0.592548,0.011312,-0.152878,0.417949,38,333.71,3,11,39.01
GOOGL,2026-07-28,2026-09-04,350.0,P,21.1,23.95,22.525,32.2364,-0.643777,0.010739,-0.145755,0.401352,38,333.71,4,8,39.01
GOOGL,2026-07-28,2026-09-04,355.0,P,24.65,27.45,26.05,32.0197,-0.694647,0.010165,-0.132398,0.377356,38,333.71,5,19,39.01
GOOGL,2026-07-28,2026-09-04,360.0,P,28.9,31.65,30.275,33.1489,-0.732011,0.009229,-0.126407,0.354689,38,333.71,2,5,39.01
GOOGL,2026-07-28,2026-09-04,365.0,P,31.75,35.65,33.7,33.2526,-0.771924,0.008441,-0.112305,0.325415,38,333.71,15,5,39.01
GOOGL,2026-07-28,2026-09-04,370.0,P,36.05,39.75,37.9,33.1428,-0.809282,0.007622,-0.09594,0.29287,38,333.71,1,10,39.01
GOOGL,2026-07-28,2026-09-04,375.0,P,41.05,44.15,42.6,33.5822,-0.838,0.006784,-0.083493,0.264119,38,333.71,3,5,39.01
GOOGL,2026-07-28,2026-09-04,380.0,P,44.95,48.75,46.85,34.4245,-0.859639,0.006015,-0.074317,0.240079,38,333.71,2,17,39.01
GOOGL,2026-07-28,2026-09-04,390.0,P,54.55,58.4,56.475,37.3969,-0.884741,0.004828,-0.066728,0.209335,38,333.71,3,6,39.01
GOOGL,2026-07-28,2026-09-04,410.0,P,74.4,78.2,76.3,44.5562,-0.908731,0.00342,-0.064451,0.176681,38,333.71,2,0,39.01
GOOGL,2026-07-28,2026-09-18,5.0,C,326.95,330.8,328.875,468.7504,0.999447,3e-06,-0.011556,0.002458,52,333.71,25,385,39.01
GOOGL,2026-07-28,2026-09-18,10.0,C,321.95,325.85,323.9,385.1563,0.999165,6e-06,-0.014286,0.003593,52,333.71,38,28,39.01
GOOGL,2026-07-28,2026-09-18,20.0,C,280.7,284.35,282.525,0.001,1.0,0.0,-0.002049,0.0,52,333.71,2,2,39.01
GOOGL,2026-07-28,2026-09-18,40.0,C,291.95,295.95,293.95,230.0785,0.998032,2.2e-05,-0.021422,0.007871,52,333.71,1,2,39.01
GOOGL,2026-07-28,2026-09-18,50.0,C,282.15,286.0,284.075,216.602,0.996902,3.5e-05,-0.029691,0.011864,52,333.71,1,6,39.01
GOOGL,2026-07-28,2026-09-18,60.0,C,272.15,276.05,274.1,197.461,0.996342,4.4e-05,-0.032134,0.013772,52,333.71,1,4,39.01
GOOGL,2026-07-28,2026-09-18,70.0,C,262.0,266.1,264.05,176.6603,0.996359,4.9e-05,-0.030316,0.013717,52,333.71,1,8,39.01
GOOGL,2026-07-28,2026-09-18,80.0,C,252.35,256.3,254.325,175.5861,0.993693,8e-05,-0.045713,0.022383,52,333.71,1,19,39.01
GOOGL,2026-07-28,2026-09-18,85.0,C,277.75,281.5,279.625,471.2162,0.951668,0.000169,-0.576816,0.126435,52,333.71,2,9,39.01
GOOGL,2026-07-28,2026-09-18,90.0,C,242.4,246.2,244.3,160.5959,0.993316,9.2e-05,-0.045324,0.023564,52,333.71,1,32,39.01
GOOGL,2026-07-28,2026-09-18,95.0,C,268.05,271.8,269.925,433.7041,0.944,0.000207,-0.597372,0.142124,52,333.71,1,11,39.01
GOOGL,2026-07-28,2026-09-18,100.0,C,232.4,236.25,234.325,149.1213,0.992492,0.00011,-0.047367,0.026109,52,333.71,2,88,39.01
GOOGL,2026-07-28,2026-09-18,105.0,C,227.5,231.4,229.45,147.4124,0.99101,0.000131,-0.053734,0.030587,52,333.71,1,14,39.01
GOOGL,2026-07-28,2026-09-18,110.0,C,222.45,226.3,224.375,139.5511,0.991355,0.000133,-0.050569,0.029555,52,333.71,1,39,39.01
GOOGL,2026-07-28,2026-09-18,115.0,C,217.5,221.45,219.475,137.1585,0.990018,0.000154,-0.055572,0.033517,52,333.71,1,10,39.01
GOOGL,2026-07-28,2026-09-18,120.0,C,212.35,216.55,214.45,131.348,0.989876,0.000163,-0.054736,0.033934,52,333.71,5,62,39.01
GOOGL,2026-07-28,2026-09-18,125.0,C,207.65,211.4,209.525,128.4183,0.988675,0.000184,-0.058541,0.037414,52,333.71,1,52,39.01
GOOGL,2026-07-28,2026-09-18,130.0,C,202.5,206.6,204.55,124.2191,0.987982,0.0002,-0.059879,0.039392,52,333.71,1,196,39.01
GOOGL,2026-07-28,2026-09-18,135.0,C,197.6,201.45,199.525,119.0922,0.987775,0.000212,-0.059119,0.039981,52,333.71,25,53,39.01
GOOGL,2026-07-28,2026-09-18,140.0,C,192.75,196.5,194.625,116.8461,0.986175,0.00024,-0.063743,0.044467,52,333.71,1,137,39.01
GOOGL,2026-07-28,2026-09-18,145.0,C,187.6,191.55,189.575,111.4995,0.986229,0.000251,-0.061813,0.044315,52,333.71,1,76,39.01
GOOGL,2026-07-28,2026-09-18,150.0,C,182.55,186.55,184.55,106.8364,0.986021,0.000265,-0.060926,0.044891,52,333.71,1,209,39.01
GOOGL,2026-07-28,2026-09-18,155.0,C,177.7,181.6,179.65,104.7856,0.98423,0.0003,-0.065425,0.049797,52,333.71,1,120,39.01
GOOGL,2026-07-28,2026-09-18,160.0,C,172.8,176.65,174.725,102.1978,0.982675,0.000333,-0.068737,0.053969,52,333.71,4,180,39.01
GOOGL,2026-07-28,2026-09-18,165.0,C,168.05,171.65,169.85,100.3911,0.980413,0.000376,-0.073962,0.059915,52,333.71,1,135,39.01
GOOGL,2026-07-28,2026-09-18,170.0,C,162.85,166.7,164.775,95.4346,0.980652,0.000392,-0.071065,0.059295,52,333.71,5,1904,39.01
GOOGL,2026-07-28,2026-09-18,175.0,C,157.8,161.9,159.85,92.8956,0.978899,0.000433,-0.074104,0.063819,52,333.71,1,188,39.01
GOOGL,2026-07-28,2026-09-18,180.0,C,153.0,156.8,154.9,90.0147,0.977389,0.000474,-0.076113,0.067656,52,333.71,2,506,39.01
GOOGL,2026-07-28,2026-09-18,185.0,C,148.0,151.85,149.925,86.841,0.976147,0.000514,-0.077116,0.07077,52,333.71,3,1279,39.01
GOOGL,2026-07-28,2026-09-18,190.0,C,143.05,146.85,144.95,83.716,0.974854,0.000557,-0.078036,0.073976,52,333.71,4,373,39.01
GOOGL,2026-07-28,2026-09-18,195.0,C,138.0,141.95,139.975,80.6398,0.973503,0.000604,-0.078879,0.077288,52,333.71,1,582,39.01
GOOGL,2026-07-28,2026-09-18,200.0,C,133.0,136.95,134.975,77.3684,0.972412,0.000651,-0.078893,0.079936,52,333.71,2,750,39.01
GOOGL,2026-07-28,2026-09-18,210.0,C,123.15,127.0,125.075,72.0462,0.968478,0.000781,-0.082161,0.089289,52,333.71,3,706,39.01
GOOGL,2026-07-28,2026-09-18,215.0,C,118.3,122.05,120.175,69.91,0.965493,0.000867,-0.085375,0.096201,52,333.71,11,150,39.01
GOOGL,2026-07-28,2026-09-18,220.0,C,113.15,117.1,115.125,66.3456,0.964882,0.000927,-0.083463,0.097596,52,333.71,1,843,39.01
GOOGL,2026-07-28,2026-09-18,230.0,C,103.25,107.15,105.2,61.0111,0.960339,0.001114,-0.085302,0.107794,52,333.71,3,839,39.01
GOOGL,2026-07-28,2026-09-18,235.0,C,98.5,102.3,100.4,59.6806,0.954792,0.001266,-0.091136,0.119836,52,333.71,18,332,39.01
GOOGL,2026-07-28,2026-09-18,240.0,C,93.55,97.25,95.4,56.7387,0.952668,0.001381,-0.09064,0.124334,52,333.71,1,864,39.01
GOOGL,2026-07-28,2026-09-18,245.0,C,88.55,92.55,90.55,54.8833,0.947506,0.001551,-0.09439,0.135036,52,333.71,1,107,39.01
GOOGL,2026-07-28,2026-09-18,250.0,C,83.65,87.3,85.475,51.4775,0.946425,0.00168,-0.09154,0.137237,52,333.71,11,2161,39.01
GOOGL,2026-07-28,2026-09-18,255.0,C,78.8,82.8,80.8,50.6536,0.93707,0.001938,-0.099623,0.155737,52,333.71,155,451,39.01
GOOGL,2026-07-28,2026-09-18,260.0,C,74.0,77.9,75.95,57.9533,0.898825,0.002425,-0.147,0.222945,52,333.71,30,1751,39.01
GOOGL,2026-07-28,2026-09-18,265.0,C,69.15,73.1,71.125,55.5058,0.89079,0.002676,-0.148737,0.235623,52,333.71,5,71,39.01
GOOGL,2026-07-28,2026-09-18,270.0,C,64.95,67.45,66.2,49.6526,0.89484,0.002911,-0.133167,0.229288,52,333.71,25,1665,39.01
GOOGL,2026-07-28,2026-09-18,275.0,C,60.35,62.85,61.6,48.0718,0.882325,0.003258,-0.13861,0.248508,52,333.71,2,277,39.01
GOOGL,2026-07-28,2026-09-18,280.0,C,56.3,58.1,57.2,45.7952,0.871316,0.003642,-0.14036,0.264585,52,333.71,300,1144,39.01
GOOGL,2026-07-28,2026-09-18,285.0,C,51.2,53.75,52.475,44.7698,0.853122,0.004077,-0.148335,0.289579,52,333.71,102,331,39.01
GOOGL,2026-07-28,2026-09-18,290.0,C,46.8,49.15,47.975,42.7252,0.837544,0.004566,-0.150778,0.30953,52,333.71,39,1830,39.01
GOOGL,2026-07-28,2026-09-18,295.0,C,42.45,44.8,43.625,41.2604,0.816994,0.005102,-0.155852,0.333956,52,333.71,10,471,39.01
GOOGL,2026-07-28,2026-09-18,300.0,C,38.8,40.4,39.6,39.4415,0.795523,0.00571,-0.158595,0.357334,52,333.71,103,2962,39.01
GOOGL,2026-07-28,2026-09-18,305.0,C,34.6,36.4,35.5,38.4284,0.767205,0.006316,-0.164798,0.385053,52,333.71,42,1409,39.01
GOOGL,2026-07-28,2026-09-18,310.0,C,30.65,32.3,31.475,36.8659,0.738172,0.007011,-0.167297,0.410038,52,333.71,53,1057,39.01
GOOGL,2026-07-28,2026-09-18,315.0,C,27.1,28.9,28.0,36.579,0.700467,0.007541,-0.174934,0.437636,52,333.71,42,1579,39.01
GOOGL,2026-07-28,2026-09-18,320.0,C,23.8,25.0,24.4,34.8151,0.664841,0.008309,-0.173833,0.458966,52,333.71,265,3397,39.01
GOOGL,2026-07-28,2026-09-18,325.0,C,20.85,22.05,21.45,34.6717,0.621133,0.008711,-0.178738,0.479153,52,333.71,1211,1763,39.01
GOOGL,2026-07-28,2026-09-18,330.0,C,18.05,19.0,18.525,33.8752,0.576623,0.009177,-0.178435,0.493201,52,333.71,989,3210,39.01
GOOGL,2026-07-28,2026-09-18,335.0,C,15.7,16.35,16.025,33.4388,0.529884,0.009445,-0.177574,0.501088,52,333.71,403,1472,39.01
GOOGL,2026-07-28,2026-09-18,340.0,C,13.35,13.95,13.65,33.039,0.48228,0.009577,-0.174557,0.502002,52,333.71,706,4090,39.01
GOOGL,2026-07-28,2026-09-18,345.0,C,11.0,11.6,11.3,32.273,0.43319,0.009676,-0.167383,0.495435,52,333.71,210,1339,39.01
GOOGL,2026-07-28,2026-09-18,350.0,C,9.1,9.65,9.375,31.8366,0.385157,0.009533,-0.159604,0.481531,52,333.71,973,12084,39.01
GOOGL,2026-07-28,2026-09-18,355.0,C,7.55,8.35,7.95,32.3188,0.343812,0.009039,-0.154946,0.463477,52,333.71,142,1920,39.01
GOOGL,2026-07-28,2026-09-18,360.0,C,6.2,6.7,6.45,31.5986,0.297618,0.008704,-0.142086,0.436362,52,333.71,222,6771,39.01
GOOGL,2026-07-28,2026-09-18,365.0,C,5.05,5.5,5.275,31.446,0.257643,0.008151,-0.131214,0.406642,52,333.71,171,2024,39.01
GOOGL,2026-07-28,2026-09-18,370.0,C,4.3,4.55,4.425,31.4948,0.222466,0.007512,-0.120819,0.375339,52,333.71,716,5644,39.01
GOOGL,2026-07-28,2026-09-18,375.0,C,3.5,4.0,3.75,32.3005,0.197126,0.006821,-0.114912,0.349568,52,333.71,199,5733,39.01
GOOGL,2026-07-28,2026-09-18,380.0,C,2.77,3.05,2.91,31.5498,0.161993,0.006172,-0.098963,0.308956,52,333.71,675,6181,39.01
GOOGL,2026-07-28,2026-09-18,385.0,C,2.14,2.71,2.425,32.4287,0.14387,0.005551,-0.093698,0.285576,52,333.71,68,2099,39.01
GOOGL,2026-07-28,2026-09-18,390.0,C,1.93,2.07,2.0,31.8977,0.117026,0.004891,-0.079719,0.247537,52,333.71,203,9136,39.01
GOOGL,2026-07-28,2026-09-18,395.0,C,1.59,1.85,1.72,32.7643,0.104144,0.00438,-0.075108,0.227681,52,333.71,132,2264,39.01
GOOGL,2026-07-28,2026-09-18,400.0,C,1.36,1.45,1.405,32.5568,0.085428,0.003809,-0.064368,0.19674,52,333.71,1281,11607,39.01
GOOGL,2026-07-28,2026-09-18,405.0,C,1.1,1.31,1.205,33.4357,0.076557,0.003414,-0.060717,0.181112,52,333.71,89,1564,39.01
GOOGL,2026-07-28,2026-09-18,410.0,C,0.93,1.08,1.005,33.6066,0.064577,0.00298,-0.05345,0.1589,52,333.71,299,59454,39.01
GOOGL,2026-07-28,2026-09-18,415.0,C,0.59,1.11,0.85,35.3278,0.063247,0.002789,-0.055164,0.156347,52,333.71,51,4163,39.01
GOOGL,2026-07-28,2026-09-18,420.0,C,0.59,0.86,0.725,35.0104,0.051154,0.002382,-0.0462,0.132291,52,333.71,33,3042,39.01
GOOGL,2026-07-28,2026-09-18,425.0,C,0.55,0.76,0.655,35.5963,0.045251,0.002124,-0.042521,0.119926,52,333.71,45,1721,39.01
GOOGL,2026-07-28,2026-09-18,430.0,C,0.46,0.6,0.53,35.4499,0.036911,0.001808,-0.035856,0.101659,52,333.71,31,1724,39.01
GOOGL,2026-07-28,2026-09-18,435.0,C,0.27,0.55,0.41,36.2189,0.033516,0.001635,-0.033803,0.093923,52,333.71,35,790,39.01
GOOGL,2026-07-28,2026-09-18,440.0,C,0.41,0.52,0.465,37.1344,0.031131,0.0015,-0.032569,0.088371,52,333.71,15,3415,39.01
GOOGL,2026-07-28,2026-09-18,445.0,C,0.37,0.45,0.41,37.5006,0.027135,0.001325,-0.029313,0.078839,52,333.71,1,831,39.01
GOOGL,2026-07-28,2026-09-18,450.0,C,0.35,0.4,0.375,38.0133,0.024153,0.001186,-0.026928,0.071517,52,333.71,73,5275,39.01
GOOGL,2026-07-28,2026-09-18,455.0,C,0.26,0.36,0.31,38.5748,0.021707,0.001068,-0.024952,0.065364,52,333.71,1,341,39.01
GOOGL,2026-07-28,2026-09-18,460.0,C,0.24,0.35,0.295,39.527,0.020637,0.000999,-0.024476,0.062629,52,333.71,2,1254,39.01
GOOGL,2026-07-28,2026-09-18,465.0,C,0.12,0.49,0.305,42.7252,0.025983,0.001122,-0.032077,0.076032,52,333.71,3,779,39.01
GOOGL,2026-07-28,2026-09-18,470.0,C,0.05,0.31,0.18,41.0162,0.017862,0.000851,-0.022428,0.055393,52,333.71,2,1646,39.01
GOOGL,2026-07-28,2026-09-18,475.0,C,0.1,0.44,0.27,44.2388,0.022818,0.000971,-0.029739,0.068178,52,333.71,1,2200,39.01
GOOGL,2026-07-28,2026-09-18,480.0,C,0.18,0.31,0.245,43.1158,0.017027,0.000777,-0.022598,0.053175,52,333.71,2,769,39.01
GOOGL,2026-07-28,2026-09-18,485.0,C,0.03,0.38,0.205,45.4107,0.019493,0.000828,-0.026685,0.05967,52,333.71,9,112,39.01
GOOGL,2026-07-28,2026-09-18,490.0,C,0.07,0.25,0.16,43.897,0.013789,0.000637,-0.019174,0.044365,52,333.71,1,385,39.01
GOOGL,2026-07-28,2026-09-18,495.0,C,0.03,0.36,0.195,47.1197,0.017957,0.000744,-0.025792,0.055646,52,333.71,1,1248,39.01
GOOGL,2026-07-28,2026-09-18,500.0,C,0.17,0.2,0.185,44.5806,0.011099,0.00052,-0.01612,0.036763,52,333.71,19,5568,39.01
GOOGL,2026-07-28,2026-09-18,505.0,C,0.06,0.19,0.125,45.2154,0.010423,0.000485,-0.01547,0.034804,52,333.71,13,313,39.01
GOOGL,2026-07-28,2026-09-18,510.0,C,0.01,0.34,0.175,49.7075,0.016247,0.000648,-0.02494,0.051085,52,333.71,2,515,39.01
GOOGL,2026-07-28,2026-09-18,515.0,C,0.01,0.33,0.17,50.4399,0.015553,0.000615,-0.024365,0.049206,52,333.71,143,279,39.01
GOOGL,2026-07-28,2026-09-18,520.0,C,0.09,0.19,0.14,47.9497,0.009884,0.000437,-0.015642,0.033231,52,333.71,2,271,39.01
GOOGL,2026-07-28,2026-09-18,525.0,C,0.01,0.32,0.165,52.1001,0.014678,0.000566,-0.023927,0.04682,52,333.71,11,285,39.01
GOOGL,2026-07-28,2026-09-18,530.0,C,0.1,0.19,0.145,49.7075,0.009557,0.000409,-0.015732,0.032268,52,333.71,9,185,39.01
GOOGL,2026-07-28,2026-09-18,535.0,C,0.01,0.32,0.165,53.9555,0.01428,0.000534,-0.024179,0.045724,52,333.71,2,87,39.01
GOOGL,2026-07-28,2026-09-18,540.0,C,0.01,0.3,0.155,50.1958,0.007817,0.00034,-0.013311,0.027055,52,333.71,2,75,39.01
GOOGL,2026-07-28,2026-09-18,545.0,C,0.01,0.31,0.16,51.27,0.00797,0.000338,-0.013823,0.027518,52,333.71,3,168,39.01
GOOGL,2026-07-28,2026-09-18,550.0,C,0.07,0.13,0.1,50.8794,0.006609,0.000289,-0.011628,0.023331,52,333.71,1,361,39.01
GOOGL,2026-07-28,2026-09-18,555.0,C,0.05,0.3,0.175,53.4184,0.008297,0.000336,-0.01491,0.028508,52,333.71,22,2727,39.01
GOOGL,2026-07-28,2026-09-18,560.0,C,0.01,0.14,0.075,52.8813,0.006815,0.000286,-0.012408,0.02397,52,333.71,2,81,39.01
GOOGL,2026-07-28,2026-09-18,565.0,C,0.01,0.3,0.155,54.2973,0.00733,0.000297,-0.013583,0.025564,52,333.71,4,3005,39.01
GOOGL,2026-07-28,2026-09-18,570.0,C,0.02,0.29,0.155,55.0786,0.007233,0.000289,-0.013613,0.025264,52,333.71,1,324,39.01
GOOGL,2026-07-28,2026-09-18,575.0,C,0.01,0.29,0.15,55.6157,0.006919,0.000275,-0.013214,0.024293,52,333.71,2,3256,39.01
GOOGL,2026-07-28,2026-09-18,580.0,C,0.01,0.28,0.145,56.1528,0.006629,0.000263,-0.012844,0.023393,52,333.71,3,307,39.01
GOOGL,2026-07-28,2026-09-18,590.0,C,0.01,0.28,0.145,57.6664,0.006484,0.000251,-0.012928,0.02294,52,333.71,3,251,39.01
GOOGL,2026-07-28,2026-09-18,600.0,C,0.01,0.11,0.06,54.102,0.00303,0.000135,-0.006147,0.011627,52,333.71,1,9355,39.01
GOOGL,2026-07-28,2026-09-18,610.0,C,0.01,0.27,0.14,60.352,0.006028,0.000225,-0.012672,0.021505,52,333.71,4,21,39.01
GOOGL,2026-07-28,2026-09-18,620.0,C,0.01,0.26,0.135,61.5238,0.00573,0.000211,-0.012346,0.02056,52,333.71,1,238,39.01
GOOGL,2026-07-28,2026-09-18,630.0,C,0.01,0.26,0.135,62.891,0.005612,0.000202,-0.012384,0.020182,52,333.71,3,1005,39.01
GOOGL,2026-07-28,2026-09-18,640.0,C,0.04,0.26,0.15,64.9418,0.005999,0.000208,-0.013562,0.021412,52,333.71,5,12,39.01
GOOGL,2026-07-28,2026-09-18,650.0,C,0.01,0.07,0.04,58.3989,0.001926,8.3e-05,-0.004395,0.007716,52,333.71,18,12,39.01
GOOGL,2026-07-28,2026-09-18,660.0,C,0.01,0.25,0.13,66.6019,0.005147,0.000177,-0.012131,0.018688,52,333.71,10,40,39.01
GOOGL,2026-07-28,2026-09-18,670.0,C,0.01,0.25,0.13,67.7738,0.005,0.000169,-0.012027,0.018212,52,333.71,8,18,39.01
GOOGL,2026-07-28,2026-09-18,680.0,C,0.0,0.1,0.05,63.0863,0.002201,8.7e-05,-0.005355,0.008711,52,333.71,1,7,39.01
GOOGL,2026-07-28,2026-09-18,690.0,C,0.0,2.15,1.075,90.9425,0.026865,0.000542,-0.069183,0.078183,52,333.71,1,71,39.01
GOOGL,2026-07-28,2026-09-18,700.0,C,0.0,0.19,0.095,69.3362,0.003688,0.000126,-0.009368,0.013875,52,333.71,3,235,39.01
GOOGL,2026-07-28,2026-09-18,710.0,C,0.0,2.15,1.075,93.7989,0.026168,0.000514,-0.069775,0.076486,52,333.71,21,68,39.01
GOOGL,2026-07-28,2026-09-18,720.0,C,0.0,2.14,1.07,95.1417,0.025774,0.0005,-0.069867,0.075521,52,333.71,7,38,39.01
GOOGL,2026-07-28,2026-09-18,730.0,C,0.0,2.14,1.07,96.5088,0.025466,0.000488,-0.070148,0.074765,52,333.71,78,86,39.01
GOOGL,2026-07-28,2026-09-18,740.0,C,0.0,2.14,1.07,97.8516,0.02517,0.000477,-0.070417,0.074036,52,333.71,9,56,39.01
GOOGL,2026-07-28,2026-09-18,750.0,C,0.0,2.14,1.07,99.1699,0.024883,0.000466,-0.070671,0.073328,52,333.71,1,45,39.01
GOOGL,2026-07-28,2026-09-18,760.0,C,0.0,2.14,1.07,100.4644,0.024605,0.000456,-0.07091,0.07264,52,333.71,1,31,39.01
GOOGL,2026-07-28,2026-09-18,770.0,C,0.0,2.14,1.07,101.7583,0.024366,0.000446,-0.071224,0.072046,52,333.71,4,22,39.01
GOOGL,2026-07-28,2026-09-18,780.0,C,0.0,2.14,1.07,103.0034,0.024099,0.000437,-0.071419,0.071382,52,333.71,8,12,39.01
GOOGL,2026-07-28,2026-09-18,790.0,C,0.0,2.14,1.07,104.2485,0.023867,0.000428,-0.071687,0.070804,52,333.71,2,7,39.01
GOOGL,2026-07-28,2026-09-18,800.0,C,0.01,0.05,0.03,72.6565,0.001216,4.4e-05,-0.003584,0.005075,52,333.71,1,11428,39.01
GOOGL,2026-07-28,2026-09-18,5.0,P,0.0,0.12,0.06,414.063,-0.000258,2e-06,-0.004798,0.001209,52,333.71,2,171,39.01
GOOGL,2026-07-28,2026-09-18,15.0,P,0.0,0.01,0.005,237.5004,-4.5e-05,1e-06,-0.000537,0.000236,52,333.71,0,1,39.01
GOOGL,2026-07-28,2026-09-18,20.0,P,0.0,0.01,0.005,218.7505,-6.5e-05,1e-06,-0.000692,0.00033,52,333.71,1,2,39.01
GOOGL,2026-07-28,2026-09-18,30.0,P,0.0,0.01,0.005,181.2501,-5.4e-05,1e-06,-0.000485,0.00028,52,333.71,21,21,39.01
GOOGL,2026-07-28,2026-09-18,40.0,P,0.0,0.4,0.2,225.0004,-0.001701,1.9e-05,-0.014835,0.006892,52,333.71,1,1,39.01
GOOGL,2026-07-28,2026-09-18,45.0,P,0.0,0.21,0.105,197.6563,-0.001085,1.5e-05,-0.008642,0.004572,52,333.71,28,28,39.01
GOOGL,2026-07-28,2026-09-18,50.0,P,0.0,2.13,1.065,253.6136,-0.006808,6e-05,-0.058068,0.02395,52,333.71,5,220,39.01
GOOGL,2026-07-28,2026-09-18,60.0,P,0.0,0.6,0.3,190.8204,-0.00298,3.8e-05,-0.020887,0.011455,52,333.71,3,73,39.01
GOOGL,2026-07-28,2026-09-18,65.0,P,0.0,0.65,0.325,183.9845,-0.003358,4.4e-05,-0.022418,0.012754,52,333.71,1,34,39.01
GOOGL,2026-07-28,2026-09-18,70.0,P,0.0,0.28,0.14,158.9846,-0.001798,2.9e-05,-0.011008,0.00725,52,333.71,1,27,39.01
GOOGL,2026-07-28,2026-09-18,95.0,P,0.0,0.08,0.04,113.2817,-0.000776,1.9e-05,-0.003629,0.00336,52,333.71,4,65,39.01
GOOGL,2026-07-28,2026-09-18,100.0,P,0.0,0.07,0.035,107.813,-0.000741,1.9e-05,-0.00331,0.003221,52,333.71,5,519,39.01
GOOGL,2026-07-28,2026-09-18,105.0,P,0.0,0.09,0.045,105.8598,-0.000945,2.4e-05,-0.00406,0.004025,52,333.71,4,74,39.01
GOOGL,2026-07-28,2026-09-18,110.0,P,0.0,2.13,1.065,150.2932,-0.012242,0.000168,-0.057326,0.04003,52,333.71,2,163,39.01
GOOGL,2026-07-28,2026-09-18,115.0,P,0.0,0.09,0.045,97.6563,-0.001004,2.7e-05,-0.003958,0.004256,52,333.71,1,1218,39.01
GOOGL,2026-07-28,2026-09-18,120.0,P,0.0,2.13,1.065,139.3069,-0.013269,0.000194,-0.056931,0.042917,52,333.71,1,169,39.01
GOOGL,2026-07-28,2026-09-18,125.0,P,0.0,0.1,0.05,91.4063,-0.001206,3.5e-05,-0.004379,0.005035,52,333.71,1,333,39.01
GOOGL,2026-07-28,2026-09-18,130.0,P,0.0,0.95,0.475,114.1118,-0.007833,0.00015,-0.029425,0.027103,52,333.71,5,1675,39.01
GOOGL,2026-07-28,2026-09-18,135.0,P,0.0,0.1,0.05,84.5705,-0.0013,4e-05,-0.004336,0.005392,52,333.71,5,473,39.01
GOOGL,2026-07-28,2026-09-18,140.0,P,0.0,0.1,0.05,81.2502,-0.001336,4.3e-05,-0.004269,0.005529,52,333.71,4,1067,39.01
GOOGL,2026-07-28,2026-09-18,145.0,P,0.0,0.1,0.05,78.1252,-0.001384,4.6e-05,-0.004239,0.005712,52,333.71,1,717,39.01
GOOGL,2026-07-28,2026-09-18,150.0,P,0.0,0.15,0.075,78.3205,-0.002047,6.6e-05,-0.006064,0.008154,52,333.71,10,1888,39.01
GOOGL,2026-07-28,2026-09-18,155.0,P,0.0,2.13,1.065,107.0805,-0.017315,0.000318,-0.054844,0.053942,52,333.71,2,1324,39.01
GOOGL,2026-07-28,2026-09-18,160.0,P,0.0,2.14,1.07,103.1743,-0.018036,0.000341,-0.054691,0.055855,52,333.71,88,2835,39.01
GOOGL,2026-07-28,2026-09-18,165.0,P,0.0,0.3,0.15,75.0979,-0.004079,0.000127,-0.010813,0.015187,52,333.71,6,705,39.01
GOOGL,2026-07-28,2026-09-18,170.0,P,0.0,2.14,1.07,95.5567,-0.019451,0.000393,-0.053958,0.059562,52,333.71,10,5566,39.01
GOOGL,2026-07-28,2026-09-18,175.0,P,0.0,2.14,1.07,91.8946,-0.02019,0.000422,-0.053526,0.061476,52,333.71,6,2720,39.01
GOOGL,2026-07-28,2026-09-18,180.0,P,0.0,0.25,0.125,65.0394,-0.003916,0.000142,-0.009011,0.014642,52,333.71,2,1478,39.01
GOOGL,2026-07-28,2026-09-18,185.0,P,0.0,2.16,1.08,85.0343,-0.021944,0.000489,-0.053083,0.065968,52,333.71,4,641,39.01
GOOGL,2026-07-28,2026-09-18,190.0,P,0.01,0.1,0.055,54.688,-0.002133,9.8e-05,-0.004373,0.008465,52,333.71,8,6533,39.01
GOOGL,2026-07-28,2026-09-18,195.0,P,0.01,0.16,0.085,54.8833,-0.003234,0.000142,-0.006389,0.012332,52,333.71,2,1811,39.01
GOOGL,2026-07-28,2026-09-18,200.0,P,0.01,0.14,0.075,51.7583,-0.003019,0.000141,-0.005658,0.011591,52,333.71,3,2275,39.01
GOOGL,2026-07-28,2026-09-18,210.0,P,0.05,0.28,0.165,51.7583,-0.006281,0.000272,-0.01087,0.022304,52,333.71,2,3339,39.01
GOOGL,2026-07-28,2026-09-18,215.0,P,0.01,0.2,0.105,50.5864,-0.007632,0.00033,-0.012605,0.02649,52,333.71,3,1434,39.01
GOOGL,2026-07-28,2026-09-18,220.0,P,0.05,0.15,0.1,46.4849,-0.006335,0.000305,-0.009814,0.022473,52,333.71,10,3959,39.01
GOOGL,2026-07-28,2026-09-18,230.0,P,0.02,0.26,0.14,45.2154,-0.010793,0.0005,-0.015205,0.03588,52,333.71,13,3516,39.01
GOOGL,2026-07-28,2026-09-18,235.0,P,0.18,0.24,0.21,42.3834,-0.010566,0.000524,-0.01397,0.035222,52,333.71,57,1223,39.01
GOOGL,2026-07-28,2026-09-18,240.0,P,0.2,0.47,0.335,44.483,-0.018803,0.00082,-0.024064,0.05787,52,333.71,34,3778,39.01
GOOGL,2026-07-28,2026-09-18,245.0,P,0.2,0.42,0.31,41.3092,-0.018121,0.000856,-0.021615,0.05608,52,333.71,53,2653,39.01
GOOGL,2026-07-28,2026-09-18,250.0,P,0.35,0.62,0.485,41.6266,-0.025538,0.001135,-0.029063,0.074942,52,333.71,28,6231,39.01
GOOGL,2026-07-28,2026-09-18,255.0,P,0.27,0.75,0.51,40.6134,-0.030989,0.001366,-0.033248,0.088039,52,333.71,16,2141,39.01
GOOGL,2026-07-28,2026-09-18,260.0,P,0.61,0.89,0.75,39.4537,-0.037011,0.001628,-0.037299,0.101886,52,333.71,318,4160,39.01
GOOGL,2026-07-28,2026-09-18,265.0,P,0.7,0.99,0.845,37.7814,-0.042217,0.001892,-0.039654,0.113395,52,333.71,439,1731,39.01
GOOGL,2026-07-28,2026-09-18,270.0,P,1.0,1.14,1.07,36.3776,-0.049413,0.00223,-0.043212,0.128688,52,333.71,427,5993,39.01
GOOGL,2026-07-28,2026-09-18,275.0,P,1.14,1.57,1.355,36.4875,-0.065167,0.002764,-0.053761,0.160026,52,333.71,1661,5520,39.01
GOOGL,2026-07-28,2026-09-18,280.0,P,1.6,1.93,1.765,35.694,-0.079323,0.003285,-0.060954,0.186056,52,333.71,2915,10623,39.01
GOOGL,2026-07-28,2026-09-18,285.0,P,2.03,2.23,2.13,34.3268,-0.092766,0.003841,-0.065652,0.209185,52,333.71,1301,3020,39.01
GOOGL,2026-07-28,2026-09-18,290.0,P,2.52,2.69,2.605,33.3747,-0.111237,0.004509,-0.072547,0.23875,52,333.71,638,4481,39.01
GOOGL,2026-07-28,2026-09-18,295.0,P,3.05,3.45,3.25,33.1489,-0.137679,0.00527,-0.083297,0.277178,52,333.71,121,2771,39.01
GOOGL,2026-07-28,2026-09-18,300.0,P,3.95,4.1,4.025,32.1113,-0.162704,0.006082,-0.089694,0.309838,52,333.71,253,11774,39.01
GOOGL,2026-07-28,2026-09-18,305.0,P,4.6,5.15,4.875,31.8488,-0.196826,0.006912,-0.099707,0.349246,52,333.71,214,2991,39.01
GOOGL,2026-07-28,2026-09-18,310.0,P,6.05,6.3,6.175,31.3575,-0.233574,0.007754,-0.107696,0.385768,52,333.71,637,15180,39.01
GOOGL,2026-07-28,2026-09-18,315.0,P,7.25,7.65,7.45,30.8753,-0.27447,0.008572,-0.1145,0.419885,52,333.71,248,2479,39.01
GOOGL,2026-07-28,2026-09-18,320.0,P,8.8,9.25,9.025,30.4694,-0.319586,0.009313,-0.120035,0.450194,52,333.71,1048,7553,39.01
GOOGL,2026-07-28,2026-09-18,325.0,P,10.3,11.05,10.675,29.9903,-0.367848,0.009976,-0.123185,0.47467,52,333.71,188,3549,39.01
GOOGL,2026-07-28,2026-09-18,330.0,P,12.75,13.15,12.95,29.618,-0.419248,0.010474,-0.124497,0.492169,52,333.71,238,5979,39.01
GOOGL,2026-07-28,2026-09-18,335.0,P,15.0,15.5,15.25,29.2274,-0.472597,0.010811,-0.123153,0.501312,52,333.71,80,2213,39.01
GOOGL,2026-07-28,2026-09-18,340.0,P,17.45,18.2,17.825,29.0077,-0.526662,0.010894,-0.119986,0.501376,52,333.71,371,4224,39.01
GOOGL,2026-07-28,2026-09-18,345.0,P,20.1,21.05,20.575,28.5591,-0.581241,0.01086,-0.113102,0.492043,52,333.71,26,2327,39.01
GOOGL,2026-07-28,2026-09-18,350.0,P,23.65,24.25,23.95,28.2936,-0.634101,0.010556,-0.104756,0.473835,52,333.71,169,3980,39.01
GOOGL,2026-07-28,2026-09-18,355.0,P,26.35,28.45,27.4,29.7187,-0.672744,0.009642,-0.104007,0.45462,52,333.71,50,1684,39.01
GOOGL,2026-07-28,2026-09-18,360.0,P,29.85,32.0,30.925,29.2793,-0.719867,0.00913,-0.091517,0.4241,52,333.71,21,2072,39.01
GOOGL,2026-07-28,2026-09-18,365.0,P,33.6,36.4,35.0,30.4755,-0.750184,0.008275,-0.087877,0.400107,52,333.71,10,1095,39.01
GOOGL,2026-07-28,2026-09-18,370.0,P,38.0,40.0,39.0,29.1633,-0.797891,0.00767,-0.068138,0.354859,52,333.71,22,1092,39.01
GOOGL,2026-07-28,2026-09-18,375.0,P,42.25,44.1,43.175,28.6445,-0.835306,0.006872,-0.052943,0.312293,52,333.71,1,669,39.01
GOOGL,2026-07-28,2026-09-18,380.0,P,46.65,48.0,47.325,26.6304,-0.882737,0.005867,-0.028381,0.247892,52,333.71,5,932,39.01
GOOGL,2026-07-28,2026-09-18,385.0,P,51.1,53.65,52.375,31.1591,-0.866779,0.005482,-0.046066,0.270996,52,333.71,6,697,39.01
GOOGL,2026-07-28,2026-09-18,390.0,P,56.0,58.45,57.225,32.2883,-0.879827,0.004924,-0.042241,0.252222,52,333.71,21,1444,39.01
GOOGL,2026-07-28,2026-09-18,395.0,P,60.2,62.65,61.425,30.4206,-0.913782,0.004105,-0.020287,0.1981,52,333.71,1,219,39.01
GOOGL,2026-07-28,2026-09-18,400.0,P,64.9,67.65,66.275,32.1052,-0.917802,0.003752,-0.020693,0.191126,52,333.71,383,1249,39.01
GOOGL,2026-07-28,2026-09-18,405.0,P,69.85,73.0,71.425,35.5841,-0.90898,0.003654,-0.03202,0.206262,52,333.71,7,233,39.01
GOOGL,2026-07-28,2026-09-18,410.0,P,74.9,77.9,76.4,36.7194,-0.91583,0.00334,-0.029405,0.194564,52,333.71,2,14,39.01
GOOGL,2026-07-28,2026-09-18,415.0,P,79.3,83.2,81.25,39.8749,-0.909493,0.003247,-0.039136,0.205398,52,333.71,20,4,39.01
GOOGL,2026-07-28,2026-09-18,420.0,P,84.3,88.3,86.3,41.9806,-0.909614,0.003081,-0.042687,0.205195,52,333.71,244,0,39.01
GOOGL,2026-07-28,2026-09-18,425.0,P,89.3,93.25,91.275,43.3111,-0.913828,0.002882,-0.041673,0.198021,52,333.71,55,28,39.01
GOOGL,2026-07-28,2026-09-18,430.0,P,94.3,98.25,96.275,44.8492,-0.916406,0.00272,-0.042079,0.193563,52,333.71,100,0,39.01
GOOGL,2026-07-28,2026-09-18,435.0,P,99.35,103.25,101.3,46.3628,-0.91874,0.002576,-0.042484,0.18948,52,333.71,25,0,39.01
GOOGL,2026-07-28,2026-09-18,440.0,P,104.3,108.25,106.275,47.8521,-0.920866,0.002446,-0.042882,0.185721,52,333.71,63,0,39.01
GOOGL,2026-07-28,2026-09-18,445.0,P,74.7,77.95,76.325,0.001,-1.0,0.0,0.045596,0.0,52,333.71,1,1,39.01
GOOGL,2026-07-28,2026-09-18,450.0,P,114.3,118.25,116.275,50.7329,-0.924726,0.002221,-0.043493,0.178797,52,333.71,209,0,39.01
GOOGL,2026-07-28,2026-09-18,455.0,P,151.25,154.65,152.95,132.0499,-0.641347,0.002246,-0.560008,0.470618,52,333.71,3,0,39.01
GOOGL,2026-07-28,2026-09-18,460.0,P,124.3,128.25,126.275,53.5161,-0.928048,0.002034,-0.044018,0.172731,52,333.71,1,0,39.01
GOOGL,2026-07-28,2026-09-18,470.0,P,150.2,154.25,152.225,102.3015,-0.751734,0.002457,-0.35101,0.398784,52,333.71,1,0,39.01
GOOGL,2026-07-28,2026-09-18,475.0,P,102.85,105.6,104.225,0.001,-1.0,0.0,0.04867,0.0,52,333.71,16,0,39.01
GOOGL,2026-07-28,2026-09-18,485.0,P,149.3,153.25,151.275,60.059,-0.934772,0.001681,-0.044824,0.160141,52,333.71,1,0,39.01
GOOGL,2026-07-28,2026-09-18,490.0,P,175.45,178.15,176.8,120.3251,-0.728051,0.002189,-0.440619,0.41797,52,333.71,2,0,39.01
GOOGL,2026-07-28,2026-09-18,500.0,P,164.3,168.25,166.275,63.7455,-0.937967,0.001523,-0.045092,0.154004,52,333.71,1,0,39.01
GOOGL,2026-07-28,2026-10-16,150.0,C,183.3,187.3,185.3,96.6065,0.97791,0.000349,-0.064096,0.082281,80,333.71,2,3,39.01
GOOGL,2026-07-28,2026-10-16,155.0,C,178.4,182.35,180.375,93.8721,0.976339,0.000381,-0.066017,0.087186,80,333.71,1,14,39.01
GOOGL,2026-07-28,2026-10-16,160.0,C,210.85,214.55,212.7,246.0209,0.889009,0.000492,-0.463251,0.295666,80,333.71,9,15,39.01
GOOGL,2026-07-28,2026-10-16,165.0,C,205.9,209.65,207.775,238.4587,0.884244,0.000523,-0.463027,0.304664,80,333.71,15,15,39.01
GOOGL,2026-07-28,2026-10-16,170.0,C,148.1,151.65,149.875,0.001,1.0,0.0,-0.017369,0.0,80,333.71,2,867,39.01
GOOGL,2026-07-28,2026-10-16,175.0,C,158.6,162.45,160.525,82.0436,0.970889,0.000518,-0.069873,0.103681,80,333.71,2,15,39.01
GOOGL,2026-07-28,2026-10-16,180.0,C,153.7,157.55,155.625,79.7854,0.968663,0.000566,-0.072091,0.110212,80,333.71,6,17,39.01
GOOGL,2026-07-28,2026-10-16,185.0,C,148.75,152.55,150.65,76.9289,0.967183,0.00061,-0.072639,0.114491,80,333.71,1,18,39.01
GOOGL,2026-07-28,2026-10-16,190.0,C,128.25,131.95,130.1,0.001,1.0,0.0,-0.019412,0.0,80,333.71,1,10,39.01
GOOGL,2026-07-28,2026-10-16,195.0,C,138.85,142.75,140.8,72.1438,0.962789,0.000721,-0.07568,0.126931,80,333.71,3,9,39.01
GOOGL,2026-07-28,2026-10-16,200.0,C,133.7,137.75,135.725,68.7259,0.962269,0.000765,-0.074091,0.128377,80,333.71,1,9,39.01
GOOGL,2026-07-28,2026-10-16,205.0,C,129.0,132.8,130.9,67.1146,0.95855,0.000846,-0.077443,0.138577,80,333.71,10,39,39.01
GOOGL,2026-07-28,2026-10-16,210.0,C,124.0,127.9,125.95,64.661,0.956237,0.000917,-0.078259,0.144797,80,333.71,1,84,39.01
GOOGL,2026-07-28,2026-10-16,215.0,C,119.05,122.95,121.0,62.2318,0.953806,0.000996,-0.078988,0.151238,80,333.71,1,5,39.01
GOOGL,2026-07-28,2026-10-16,220.0,C,114.25,118.15,116.2,60.706,0.949196,0.001101,-0.082415,0.163192,80,333.71,1,16,39.01
GOOGL,2026-07-28,2026-10-16,225.0,C,109.35,113.3,111.325,58.7101,0.945366,0.001206,-0.084302,0.172879,80,333.71,1,32,39.01
GOOGL,2026-07-28,2026-10-16,230.0,C,104.4,108.3,106.35,56.1833,0.942702,0.001309,-0.084312,0.179496,80,333.71,2,19,39.01
GOOGL,2026-07-28,2026-10-16,235.0,C,99.5,103.45,101.475,54.1875,0.938426,0.001436,-0.085955,0.189915,80,333.71,9,27,39.01
GOOGL,2026-07-28,2026-10-16,240.0,C,94.65,98.6,96.625,52.2954,0.933511,0.001579,-0.087856,0.201601,80,333.71,8,84,39.01
GOOGL,2026-07-28,2026-10-16,245.0,C,90.05,93.65,91.85,50.7024,0.927196,0.001747,-0.090744,0.216187,80,333.71,9,122,39.01
GOOGL,2026-07-28,2026-10-16,250.0,C,86.2,87.3,86.75,49.9456,0.917326,0.001953,-0.09669,0.238096,80,333.71,19,68,39.01
GOOGL,2026-07-28,2026-10-16,255.0,C,80.3,84.25,82.275,54.0959,0.889026,0.002239,-0.121669,0.295634,80,333.71,8,69,39.01
GOOGL,2026-07-28,2026-10-16,260.0,C,75.85,79.45,77.65,51.8926,0.881547,0.002445,-0.122387,0.309676,80,333.71,2,153,39.01
GOOGL,2026-07-28,2026-10-16,265.0,C,71.25,74.65,72.95,49.6709,0.873504,0.002675,-0.12284,0.324287,80,333.71,24,55,39.01
GOOGL,2026-07-28,2026-10-16,270.0,C,66.85,70.2,68.525,48.3953,0.860971,0.00293,-0.126878,0.346092,80,333.71,20,180,39.01
GOOGL,2026-07-28,2026-10-16,275.0,C,62.25,65.65,63.95,46.7352,0.848835,0.00321,-0.129196,0.366149,80,333.71,19,374,39.01
GOOGL,2026-07-28,2026-10-16,280.0,C,58.1,61.05,59.575,44.8644,0.83639,0.003522,-0.130442,0.385695,80,333.71,20,225,39.01
GOOGL,2026-07-28,2026-10-16,285.0,C,53.7,56.85,55.275,43.8543,0.818933,0.003844,-0.134907,0.411474,80,333.71,3,308,39.01
GOOGL,2026-07-28,2026-10-16,290.0,C,49.2,52.5,50.85,42.3468,0.802015,0.004206,-0.137053,0.434728,80,333.71,15,306,39.01
GOOGL,2026-07-28,2026-10-16,295.0,C,45.45,48.05,46.75,40.5005,0.784809,0.00462,-0.137474,0.456728,80,333.71,17,96,39.01
GOOGL,2026-07-28,2026-10-16,300.0,C,41.5,44.1,42.8,39.5453,0.761853,0.00501,-0.141017,0.483627,80,333.71,105,724,39.01
GOOGL,2026-07-28,2026-10-16,305.0,C,37.75,40.45,39.1,38.9594,0.735522,0.005376,-0.145438,0.511212,80,333.71,46,258,39.01
GOOGL,2026-07-28,2026-10-16,310.0,C,34.25,36.75,35.5,38.0438,0.708538,0.005773,-0.147876,0.536045,80,333.71,124,313,39.01
GOOGL,2026-07-28,2026-10-16,315.0,C,30.95,33.3,32.125,37.3389,0.678899,0.006139,-0.150331,0.559501,80,333.71,79,479,39.01
GOOGL,2026-07-28,2026-10-16,320.0,C,28.2,29.35,28.775,35.5506,0.649804,0.00667,-0.147776,0.578797,80,333.71,127,855,39.01
GOOGL,2026-07-28,2026-10-16,325.0,C,25.2,26.55,25.875,35.4499,0.614854,0.006903,-0.150597,0.597261,80,333.71,121,970,39.01
GOOGL,2026-07-28,2026-10-16,330.0,C,22.65,23.55,23.1,34.7388,0.579545,0.007204,-0.149994,0.610841,80,333.71,94,1128,39.01
GOOGL,2026-07-28,2026-10-16,335.0,C,20.2,20.9,20.55,34.3085,0.542842,0.0074,-0.149265,0.619675,80,333.71,195,847,39.01
GOOGL,2026-07-28,2026-10-16,340.0,C,17.65,18.35,18.0,33.7531,0.505183,0.007565,-0.146838,0.62322,80,333.71,412,1533,39.01
GOOGL,2026-07-28,2026-10-16,345.0,C,15.45,16.05,15.75,33.3014,0.467085,0.007642,-0.143584,0.62115,80,333.71,136,725,39.01
GOOGL,2026-07-28,2026-10-16,350.0,C,13.6,14.0,13.8,32.9627,0.429251,0.007625,-0.139601,0.613445,80,333.71,992,2636,39.01
GOOGL,2026-07-28,2026-10-16,355.0,C,11.7,12.5,12.1,33.2435,0.394885,0.007413,-0.137179,0.60151,80,333.71,113,1301,39.01
GOOGL,2026-07-28,2026-10-16,360.0,C,10.1,10.9,10.5,33.0909,0.35986,0.007236,-0.132037,0.58441,80,333.71,932,1610,39.01
GOOGL,2026-07-28,2026-10-16,365.0,C,8.65,9.3,8.975,32.6514,0.324206,0.007048,-0.124752,0.561735,80,333.71,87,1167,39.01
GOOGL,2026-07-28,2026-10-16,370.0,C,7.4,8.15,7.775,32.7552,0.293646,0.006728,-0.119313,0.537908,80,333.71,595,3276,39.01
GOOGL,2026-07-28,2026-10-16,375.0,C,6.4,6.8,6.6,32.1998,0.259856,0.006446,-0.110133,0.506614,80,333.71,33,969,39.01
GOOGL,2026-07-28,2026-10-16,380.0,C,5.55,5.9,5.725,32.2761,0.232827,0.006063,-0.103699,0.477636,80,333.71,353,3220,39.01
GOOGL,2026-07-28,2026-10-16,385.0,C,4.6,5.05,4.825,32.2211,0.206757,0.005673,-0.09639,0.446146,80,333.71,63,877,39.01
GOOGL,2026-07-28,2026-10-16,390.0,C,4.1,4.3,4.2,32.154,0.182609,0.005271,-0.088927,0.413662,80,333.71,96,1401,39.01
GOOGL,2026-07-28,2026-10-16,395.0,C,3.35,3.7,3.525,32.2333,0.161752,0.004866,-0.082273,0.382841,80,333.71,57,737,39.01
GOOGL,2026-07-28,2026-10-16,400.0,C,2.85,3.2,3.025,32.3798,0.143413,0.004472,-0.076101,0.353454,80,333.71,246,3022,39.01
GOOGL,2026-07-28,2026-10-16,405.0,C,2.39,3.0,2.695,33.2709,0.133021,0.004135,-0.074061,0.335783,80,333.71,84,1013,39.01
GOOGL,2026-07-28,2026-10-16,410.0,C,1.99,2.45,2.22,32.8925,0.113816,0.003749,-0.065521,0.301023,80,333.71,109,2188,39.01
GOOGL,2026-07-28,2026-10-16,415.0,C,1.69,2.2,1.945,33.3564,0.102906,0.003439,-0.061657,0.279964,80,333.71,82,566,39.01
GOOGL,2026-07-28,2026-10-16,420.0,C,1.46,1.82,1.64,33.155,0.088355,0.003092,-0.054688,0.250246,80,333.71,44,6229,39.01
GOOGL,2026-07-28,2026-10-16,425.0,C,1.22,1.8,1.51,34.3268,0.084863,0.002898,-0.05481,0.242817,80,333.71,11,471,39.01
GOOGL,2026-07-28,2026-10-16,430.0,C,1.1,1.41,1.255,33.7287,0.070197,0.002554,-0.04657,0.210222,80,333.71,11,3339,39.01
GOOGL,2026-07-28,2026-10-16,435.0,C,0.89,1.24,1.065,33.985,0.062432,0.002314,-0.042784,0.191977,80,333.71,17,443,39.01
GOOGL,2026-07-28,2026-10-16,440.0,C,0.95,1.16,1.055,34.6564,0.057944,0.002141,-0.041085,0.181086,80,333.71,28,1124,39.01
GOOGL,2026-07-28,2026-10-16,445.0,C,0.65,1.2,0.925,35.9992,0.057686,0.002054,-0.042449,0.180451,80,333.71,3,231,39.01
GOOGL,2026-07-28,2026-10-16,450.0,C,0.6,1.1,0.85,36.463,0.052857,0.001892,-0.040074,0.16841,80,333.71,29,3558,39.01
GOOGL,2026-07-28,2026-10-16,460.0,C,0.46,0.74,0.6,35.9381,0.03799,0.001472,-0.03022,0.129096,80,333.71,6,6821,39.01
GOOGL,2026-07-28,2026-10-16,470.0,C,0.36,0.62,0.49,36.7926,0.031856,0.001244,-0.026716,0.111718,80,333.71,9,3702,39.01
GOOGL,2026-07-28,2026-10-16,480.0,C,0.23,0.53,0.38,37.6959,0.027122,0.001062,-0.023903,0.09775,80,333.71,10,6429,39.01
GOOGL,2026-07-28,2026-10-16,490.0,C,0.22,0.48,0.35,38.8678,0.024148,0.000935,-0.022322,0.088691,80,333.71,12,6357,39.01
GOOGL,2026-07-28,2026-10-16,500.0,C,0.28,0.4,0.34,39.5026,0.020216,0.000792,-0.019497,0.076336,80,333.71,9,3588,39.01
GOOGL,2026-07-28,2026-10-16,510.0,C,0.12,0.49,0.305,42.3101,0.022718,0.000816,-0.023006,0.084251,80,333.71,24,2934,39.01
GOOGL,2026-07-28,2026-10-16,520.0,C,0.08,0.47,0.275,43.6529,0.021286,0.000748,-0.022437,0.079745,80,333.71,1,3608,39.01
GOOGL,2026-07-28,2026-10-16,530.0,C,0.18,0.44,0.31,44.7759,0.019571,0.00068,-0.021407,0.074264,80,333.71,1,5837,39.01
GOOGL,2026-07-28,2026-10-16,540.0,C,0.01,0.41,0.21,45.8257,0.017965,0.000617,-0.020349,0.069047,80,333.71,6,6371,39.01
GOOGL,2026-07-28,2026-10-16,550.0,C,0.1,0.35,0.225,46.2896,0.015417,0.000536,-0.018017,0.060577,80,333.71,2,1808,39.01
GOOGL,2026-07-28,2026-10-16,560.0,C,0.01,0.37,0.19,48.0474,0.01569,0.000524,-0.018966,0.061494,80,333.71,1,330,39.01
GOOGL,2026-07-28,2026-10-16,570.0,C,0.01,0.36,0.185,49.2437,0.014959,0.000491,-0.018641,0.059025,80,333.71,1,40,39.01
GOOGL,2026-07-28,2026-10-16,580.0,C,0.01,0.35,0.18,50.3911,0.014256,0.00046,-0.018288,0.056633,80,333.71,100,182,39.01
GOOGL,2026-07-28,2026-10-16,590.0,C,0.0,0.55,0.275,50.1958,0.011533,0.000385,-0.015157,0.047145,80,333.71,20,35,39.01
GOOGL,2026-07-28,2026-10-16,600.0,C,0.04,0.33,0.185,52.5884,0.012998,0.000407,-0.017598,0.052292,80,333.71,4,1176,39.01
GOOGL,2026-07-28,2026-10-16,610.0,C,0.01,0.32,0.165,53.6137,0.012391,0.000383,-0.017203,0.050171,80,333.71,10,50,39.01
GOOGL,2026-07-28,2026-10-16,620.0,C,0.01,0.31,0.16,50.6841,0.007001,0.000246,-0.009869,0.03045,80,333.71,36,49,39.01
GOOGL,2026-07-28,2026-10-16,630.0,C,0.01,0.31,0.16,51.7583,0.006808,0.000235,-0.009826,0.029705,80,333.71,7,123,39.01
GOOGL,2026-07-28,2026-10-16,640.0,C,0.01,0.3,0.155,52.686,0.006508,0.000222,-0.009607,0.028545,80,333.71,32,160,39.01
GOOGL,2026-07-28,2026-10-16,650.0,C,0.01,0.3,0.155,53.8091,0.006426,0.000215,-0.009697,0.028227,80,333.71,2,21,39.01
GOOGL,2026-07-28,2026-10-16,660.0,C,0.01,0.29,0.15,54.6391,0.006107,0.000202,-0.009409,0.026984,80,333.71,9,9,39.01
GOOGL,2026-07-28,2026-10-16,670.0,C,0.01,0.29,0.15,55.6645,0.005991,0.000195,-0.009419,0.026528,80,333.71,5,187,39.01
GOOGL,2026-07-28,2026-10-16,680.0,C,0.01,0.29,0.15,56.6899,0.005896,0.000189,-0.009454,0.026156,80,333.71,0,2,39.01
GOOGL,2026-07-28,2026-10-16,690.0,C,0.01,0.28,0.145,57.52,0.005666,0.00018,-0.009255,0.025247,80,333.71,2,2,39.01
GOOGL,2026-07-28,2026-10-16,700.0,C,0.01,0.28,0.145,58.4965,0.005574,0.000174,-0.009273,0.024882,80,333.71,2,10,39.01
GOOGL,2026-07-28,2026-10-16,710.0,C,0.01,0.27,0.14,59.2289,0.005319,0.000165,-0.009003,0.023867,80,333.71,2,3,39.01
GOOGL,2026-07-28,2026-10-16,720.0,C,0.01,0.27,0.14,60.1566,0.005228,0.00016,-0.009003,0.023506,80,333.71,0,1,39.01
GOOGL,2026-07-28,2026-10-16,730.0,C,0.01,0.27,0.14,61.1332,0.005187,0.000156,-0.009081,0.023341,80,333.71,1,4,39.01
GOOGL,2026-07-28,2026-10-16,740.0,C,0.01,0.27,0.14,62.0121,0.005091,0.000152,-0.009058,0.022957,80,333.71,3,9,39.01
GOOGL,2026-07-28,2026-10-16,750.0,C,0.01,0.27,0.14,62.891,0.00501,0.000147,-0.009052,0.022629,80,333.71,4,4,39.01
GOOGL,2026-07-28,2026-10-16,760.0,C,0.0,2.16,1.08,81.3723,0.025686,0.00047,-0.048273,0.093403,80,333.71,2,5,39.01
GOOGL,2026-07-28,2026-10-16,770.0,C,0.0,2.15,1.075,82.3488,0.025314,0.000459,-0.048247,0.092269,80,333.71,1,2,39.01
GOOGL,2026-07-28,2026-10-16,780.0,C,0.0,2.15,1.075,83.3742,0.025064,0.00045,-0.048432,0.091506,80,333.71,1,2,39.01
GOOGL,2026-07-28,2026-10-16,790.0,C,0.0,2.15,1.075,84.3752,0.02481,0.000441,-0.048586,0.090728,80,333.71,2,4,39.01
GOOGL,2026-07-28,2026-10-16,800.0,C,0.03,0.07,0.05,61.1332,0.001969,6.5e-05,-0.003794,0.009767,80,333.71,43,3237,39.01
GOOGL,2026-07-28,2026-10-16,150.0,P,0.01,0.35,0.18,69.8245,-0.004209,0.000114,-0.008293,0.019372,80,333.71,64,159,39.01
GOOGL,2026-07-28,2026-10-16,155.0,P,0.0,2.17,1.085,86.8898,-0.017482,0.000318,-0.035931,0.067458,80,333.71,1,72,39.01
GOOGL,2026-07-28,2026-10-16,160.0,P,0.0,2.18,1.09,83.7404,-0.018215,0.000342,-0.035837,0.069865,80,333.71,4,112,39.01
GOOGL,2026-07-28,2026-10-16,165.0,P,0.0,0.25,0.125,59.4731,-0.003483,0.000113,-0.005946,0.01635,80,333.71,2,62,39.01
GOOGL,2026-07-28,2026-10-16,170.0,P,0.01,0.28,0.145,58.1059,-0.004076,0.000133,-0.006683,0.018823,80,333.71,12,47,39.01
GOOGL,2026-07-28,2026-10-16,175.0,P,0.01,0.29,0.15,56.0551,-0.004367,0.000146,-0.006851,0.020022,80,333.71,2,46,39.01
GOOGL,2026-07-28,2026-10-16,180.0,P,0.01,0.3,0.155,54.0044,-0.004653,0.000161,-0.006977,0.021186,80,333.71,6,2675,39.01
GOOGL,2026-07-28,2026-10-16,185.0,P,0.01,0.31,0.16,51.9536,-0.004928,0.000176,-0.007058,0.0223,80,333.71,4,65,39.01
GOOGL,2026-07-28,2026-10-16,190.0,P,0.01,0.32,0.165,50.0005,-0.005257,0.000194,-0.007187,0.023623,80,333.71,2,38,39.01
GOOGL,2026-07-28,2026-10-16,195.0,P,0.01,0.18,0.095,48.438,-0.005885,0.000221,-0.007687,0.026112,80,333.71,5,16,39.01
GOOGL,2026-07-28,2026-10-16,200.0,P,0.03,0.25,0.14,48.3404,-0.007938,0.000288,-0.009982,0.034014,80,333.71,2,268,39.01
GOOGL,2026-07-28,2026-10-16,205.0,P,0.1,0.29,0.195,47.2173,-0.009335,0.00034,-0.011224,0.039208,80,333.71,2,160,39.01
GOOGL,2026-07-28,2026-10-16,210.0,P,0.02,0.38,0.2,46.8999,-0.012012,0.000427,-0.013869,0.048839,80,333.71,2,532,39.01
GOOGL,2026-07-28,2026-10-16,215.0,P,0.05,0.41,0.23,45.2886,-0.013264,0.000481,-0.014571,0.053217,80,333.71,3,981,39.01
GOOGL,2026-07-28,2026-10-16,220.0,P,0.15,0.36,0.255,42.359,-0.012491,0.000489,-0.012914,0.050521,80,333.71,4,3800,39.01
GOOGL,2026-07-28,2026-10-16,225.0,P,0.17,0.5,0.335,42.4322,-0.016792,0.000629,-0.016663,0.065176,80,333.71,2,496,39.01
GOOGL,2026-07-28,2026-10-16,230.0,P,0.17,0.6,0.385,41.6021,-0.02015,0.00075,-0.019048,0.076124,80,333.71,9,438,39.01
GOOGL,2026-07-28,2026-10-16,235.0,P,0.23,0.72,0.475,40.8087,-0.024178,0.000891,-0.02175,0.088785,80,333.71,14,615,39.01
GOOGL,2026-07-28,2026-10-16,240.0,P,0.33,0.83,0.58,39.7223,-0.028076,0.001038,-0.023938,0.100607,80,333.71,44,1886,39.01
GOOGL,2026-07-28,2026-10-16,245.0,P,0.44,0.96,0.7,38.6847,-0.032716,0.001209,-0.026401,0.1142,80,333.71,168,757,39.01
GOOGL,2026-07-28,2026-10-16,250.0,P,0.6,1.13,0.865,37.7936,-0.038586,0.001417,-0.029456,0.130745,80,333.71,133,3410,39.01
GOOGL,2026-07-28,2026-10-16,255.0,P,0.98,1.17,1.075,35.9137,-0.041545,0.001584,-0.029631,0.138834,80,333.71,19,838,39.01
GOOGL,2026-07-28,2026-10-16,260.0,P,1.26,1.42,1.34,35.2546,-0.050018,0.001873,-0.033668,0.161178,80,333.71,6,847,39.01
GOOGL,2026-07-28,2026-10-16,265.0,P,1.57,1.87,1.72,35.3278,-0.06345,0.002255,-0.040577,0.194412,80,333.71,23,2072,39.01
GOOGL,2026-07-28,2026-10-16,270.0,P,1.81,2.24,2.025,34.6686,-0.075334,0.002622,-0.045291,0.221903,80,333.71,8,2936,39.01
GOOGL,2026-07-28,2026-10-16,275.0,P,2.4,2.79,2.595,34.4306,-0.091403,0.003054,-0.051831,0.256635,80,333.71,34,1527,39.01
GOOGL,2026-07-28,2026-10-16,280.0,P,2.8,3.35,3.075,33.8996,-0.108045,0.003505,-0.057427,0.290009,80,333.71,84,1809,39.01
GOOGL,2026-07-28,2026-10-16,285.0,P,3.25,4.05,3.65,33.509,-0.127822,0.003994,-0.063648,0.326649,80,333.71,14,3041,39.01
GOOGL,2026-07-28,2026-10-16,290.0,P,4.15,4.9,4.525,33.2099,-0.150634,0.004506,-0.070194,0.365293,80,333.71,29,3162,39.01
GOOGL,2026-07-28,2026-10-16,295.0,P,5.1,5.5,5.3,32.0075,-0.170362,0.005067,-0.072836,0.395888,80,333.71,310,2428,39.01
GOOGL,2026-07-28,2026-10-16,300.0,P,5.95,6.55,6.25,31.6108,-0.19787,0.005632,-0.078454,0.434574,80,333.71,732,3757,39.01
GOOGL,2026-07-28,2026-10-16,305.0,P,7.1,7.75,7.425,31.2171,-0.228133,0.006198,-0.083577,0.472229,80,333.71,50,756,39.01
GOOGL,2026-07-28,2026-10-16,310.0,P,8.5,9.2,8.85,30.9852,-0.261932,0.006726,-0.088654,0.508692,80,333.71,224,3603,39.01
GOOGL,2026-07-28,2026-10-16,315.0,P,10.05,10.8,10.425,30.6892,-0.297781,0.007227,-0.092597,0.541375,80,333.71,88,1640,39.01
GOOGL,2026-07-28,2026-10-16,320.0,P,11.9,12.55,12.225,30.326,-0.335595,0.007695,-0.095244,0.569567,80,333.71,217,4508,39.01
GOOGL,2026-07-28,2026-10-16,325.0,P,13.85,14.4,14.125,29.8042,-0.375102,0.008144,-0.096117,0.592472,80,333.71,228,1725,39.01
GOOGL,2026-07-28,2026-10-16,330.0,P,15.8,16.55,16.175,29.4441,-0.416908,0.008484,-0.09631,0.609704,80,333.71,332,2854,39.01
GOOGL,2026-07-28,2026-10-16,335.0,P,18.15,19.05,18.6,29.3098,-0.459954,0.008668,-0.095985,0.62013,80,333.71,32,562,39.01
GOOGL,2026-07-28,2026-10-16,340.0,P,20.75,21.7,21.225,29.0718,-0.50343,0.008783,-0.093877,0.623249,80,333.71,53,2307,39.01
GOOGL,2026-07-28,2026-10-16,345.0,P,23.5,24.5,24.0,28.733,-0.547291,0.008825,-0.089992,0.618888,80,333.71,1,829,39.01
GOOGL,2026-07-28,2026-10-16,350.0,P,26.85,27.5,27.175,28.376,-0.591074,0.008763,-0.084696,0.60696,80,333.71,217,2130,39.01
GOOGL,2026-07-28,2026-10-16,355.0,P,29.55,30.75,30.15,28.0891,-0.633778,0.008575,-0.078472,0.587892,80,333.71,4,988,39.01
GOOGL,2026-07-28,2026-10-16,360.0,P,32.85,35.0,33.925,29.2518,-0.664611,0.007975,-0.077883,0.56943,80,333.71,74,587,39.01
GOOGL,2026-07-28,2026-10-16,365.0,P,36.4,38.95,37.675,29.6455,-0.697418,0.007536,-0.073291,0.545305,80,333.71,16,799,39.01
GOOGL,2026-07-28,2026-10-16,370.0,P,40.05,42.6,41.325,29.1816,-0.734665,0.007189,-0.064002,0.512053,80,333.71,27,535,39.01
GOOGL,2026-07-28,2026-10-16,375.0,P,43.9,46.7,45.3,29.3159,-0.764634,0.006715,-0.057211,0.480514,80,333.71,25,325,39.01
GOOGL,2026-07-28,2026-10-16,380.0,P,48.3,50.3,49.3,27.9853,-0.805946,0.006287,-0.04251,0.42947,80,333.71,1,1420,39.01
GOOGL,2026-07-28,2026-10-16,385.0,P,52.3,55.65,53.975,30.6037,-0.807499,0.005721,-0.048537,0.42737,80,333.71,1,162,39.01
GOOGL,2026-07-28,2026-10-16,390.0,P,56.1,59.8,57.95,30.1215,-0.835567,0.005263,-0.038258,0.386954,80,333.71,1,297,39.01
GOOGL,2026-07-28,2026-10-16,395.0,P,61.5,64.15,62.825,29.8591,-0.859337,0.004787,-0.029257,0.348852,80,333.71,4,252,39.01
GOOGL,2026-07-28,2026-10-16,400.0,P,66.45,68.7,67.575,29.9323,-0.877814,0.004332,-0.022272,0.316519,80,333.71,1,1758,39.01
GOOGL,2026-07-28,2026-10-16,405.0,P,70.4,73.5,71.95,30.677,-0.888564,0.00396,-0.019053,0.296514,80,333.71,2,394,39.01
GOOGL,2026-07-28,2026-10-16,410.0,P,75.2,77.8,76.5,29.2854,-0.915126,0.003397,-0.005303,0.24284,80,333.71,1,56,39.01
GOOGL,2026-07-28,2026-10-16,415.0,P,80.25,83.3,81.775,32.6606,-0.902411,0.003379,-0.015706,0.269331,80,333.71,23,126,39.01
GOOGL,2026-07-28,2026-10-16,420.0,P,84.9,87.45,86.175,30.1032,-0.93357,0.002742,0.002857,0.201462,80,333.71,19,58,39.01
GOOGL,2026-07-28,2026-10-16,425.0,P,89.8,93.2,91.5,34.8395,-0.911571,0.002945,-0.013928,0.250402,80,333.71,1,0,39.01
GOOGL,2026-07-28,2026-10-16,430.0,P,94.5,98.05,96.275,35.4255,-0.918636,0.002721,-0.010753,0.235247,80,333.71,45,0,39.01
GOOGL,2026-07-28,2026-10-16,435.0,P,99.35,103.15,101.25,37.0856,-0.918108,0.002612,-0.012958,0.236398,80,333.71,63,0,39.01
GOOGL,2026-07-28,2026-10-16,440.0,P,104.3,108.2,106.25,38.5016,-0.918965,0.002496,-0.014055,0.23453,80,333.71,39,0,39.01
GOOGL,2026-07-28,2026-10-16,445.0,P,109.3,113.25,111.275,39.8932,-0.919762,0.002391,-0.015117,0.232786,80,333.71,10,0,39.01
GOOGL,2026-07-28,2026-10-16,450.0,P,114.3,118.25,116.275,41.0528,-0.921701,0.002281,-0.015131,0.228513,80,333.71,20,0,39.01
GOOGL,2026-07-28,2026-10-16,460.0,P,124.3,128.25,126.275,43.2989,-0.925251,0.002087,-0.015052,0.220589,80,333.71,20,0,39.01
GOOGL,2026-07-28,2026-10-16,470.0,P,134.3,138.25,136.275,45.4717,-0.928339,0.001924,-0.01493,0.213583,80,333.71,25,0,39.01
