symbol,quote_date,expiration,strike,option_type,bid,ask,mid,implied_volatility,delta,gamma,theta,vega,dte,underlying_price,volume,open_interest,iv_rank
GOOGL,2026-08-13,2026-08-21,100.0,C,244.9,248.2,246.55,318.3596,0.997968,3.9e-05,-0.07568,0.003298,8,346.36,12,132,81.85
GOOGL,2026-08-13,2026-08-21,105.0,C,240.1,243.15,241.625,318.7502,0.99717,5.3e-05,-0.099209,0.004451,8,346.36,1,4,81.85
GOOGL,2026-08-13,2026-08-21,110.0,C,234.8,238.2,236.5,284.7659,0.998324,3.7e-05,-0.060373,0.002769,8,346.36,8,1,81.85
GOOGL,2026-08-13,2026-08-21,115.0,C,229.75,233.4,231.575,288.0862,0.997447,5.4e-05,-0.084592,0.004056,8,346.36,8,4,81.85
GOOGL,2026-08-13,2026-08-21,120.0,C,224.35,228.45,226.4,232.8129,0.999423,1.7e-05,-0.027286,0.00104,8,346.36,6,42,81.85
GOOGL,2026-08-13,2026-08-21,125.0,C,219.4,223.45,221.425,234.766,0.99906,2.6e-05,-0.036586,0.001632,8,346.36,6,25,81.85
GOOGL,2026-08-13,2026-08-21,130.0,C,214.4,218.45,216.425,225.7817,0.999036,2.8e-05,-0.036697,0.001669,8,346.36,2,2,81.85
GOOGL,2026-08-13,2026-08-21,135.0,C,209.75,213.45,211.6,251.5629,0.996719,7.7e-05,-0.09352,0.005085,8,346.36,1,12,81.85
GOOGL,2026-08-13,2026-08-21,140.0,C,204.75,208.5,206.625,245.5082,0.996277,8.8e-05,-0.101467,0.005697,8,346.36,16,12,81.85
GOOGL,2026-08-13,2026-08-21,145.0,C,199.85,203.5,201.675,241.9926,0.995498,0.000106,-0.116663,0.006753,8,346.36,1,23,81.85
GOOGL,2026-08-13,2026-08-21,150.0,C,195.0,198.25,196.625,228.1254,0.995965,0.000102,-0.102354,0.006123,8,346.36,8,874,81.85
GOOGL,2026-08-13,2026-08-21,155.0,C,190.2,193.25,191.725,229.102,0.994498,0.000134,-0.131102,0.008073,8,346.36,6,32,81.85
GOOGL,2026-08-13,2026-08-21,160.0,C,184.8,188.25,186.525,199.8047,0.997123,8.6e-05,-0.072528,0.004517,8,346.36,1,102,81.85
GOOGL,2026-08-13,2026-08-21,165.0,C,180.0,183.25,181.625,203.9067,0.995473,0.000127,-0.103032,0.006785,8,346.36,2,45,81.85
GOOGL,2026-08-13,2026-08-21,170.0,C,174.85,178.25,176.55,188.2813,0.996485,0.000109,-0.080765,0.00541,8,346.36,2,56,81.85
GOOGL,2026-08-13,2026-08-21,175.0,C,170.0,173.3,171.65,191.211,0.994707,0.000155,-0.110766,0.0078,8,346.36,1,79,81.85
GOOGL,2026-08-13,2026-08-21,180.0,C,164.85,168.3,166.575,176.9532,0.995762,0.000137,-0.088842,0.006397,8,346.36,6,193,81.85
GOOGL,2026-08-13,2026-08-21,185.0,C,160.25,163.3,161.775,185.9376,0.992213,0.000225,-0.146014,0.010976,8,346.36,1,105,81.85
GOOGL,2026-08-13,2026-08-21,190.0,C,154.95,158.3,156.625,168.0666,0.994472,0.000183,-0.104222,0.008107,8,346.36,23,229,81.85
GOOGL,2026-08-13,2026-08-21,195.0,C,149.9,153.3,151.6,159.3752,0.994708,0.000186,-0.097254,0.007798,8,346.36,11,105,81.85
GOOGL,2026-08-13,2026-08-21,200.0,C,145.05,148.3,146.675,158.594,0.993049,0.000238,-0.118457,0.009931,8,346.36,6,291,81.85
GOOGL,2026-08-13,2026-08-21,205.0,C,140.05,143.3,141.675,152.1487,0.992749,0.000258,-0.118532,0.010307,8,346.36,7,250,81.85
GOOGL,2026-08-13,2026-08-21,210.0,C,135.3,137.3,136.3,173.1935,0.981367,0.000513,-0.273631,0.023378,8,346.36,4,311,81.85
GOOGL,2026-08-13,2026-08-21,215.0,C,130.35,133.35,131.85,149.1213,0.988516,0.000393,-0.165051,0.015416,8,346.36,1,149,81.85
GOOGL,2026-08-13,2026-08-21,220.0,C,125.35,128.35,126.85,142.7737,0.987987,0.000427,-0.164912,0.016031,8,346.36,1,334,81.85
GOOGL,2026-08-13,2026-08-21,225.0,C,120.35,123.35,121.85,136.5238,0.987434,0.000464,-0.164576,0.016669,8,346.36,2,282,81.85
GOOGL,2026-08-13,2026-08-21,230.0,C,115.1,118.35,116.725,124.6098,0.989717,0.000427,-0.132006,0.014004,8,346.36,1,278,81.85
GOOGL,2026-08-13,2026-08-21,235.0,C,110.0,113.15,111.575,110.2544,0.993111,0.00034,-0.091474,0.009853,8,346.36,14,165,81.85
GOOGL,2026-08-13,2026-08-21,240.0,C,104.95,108.35,106.65,109.3755,0.99065,0.000448,-0.112092,0.012887,8,346.36,6,800,81.85
GOOGL,2026-08-13,2026-08-21,245.0,C,99.95,103.35,101.65,103.9067,0.990172,0.000493,-0.111902,0.013461,8,346.36,50,372,81.85
GOOGL,2026-08-13,2026-08-21,250.0,C,94.95,98.4,96.675,99.8047,0.988867,0.000572,-0.118546,0.015006,8,346.36,4,673,81.85
GOOGL,2026-08-13,2026-08-21,255.0,C,90.1,93.4,91.75,97.6563,0.985951,0.000715,-0.13737,0.018355,8,346.36,210,337,81.85
GOOGL,2026-08-13,2026-08-21,260.0,C,85.25,88.4,86.825,94.9708,0.982822,0.000873,-0.155201,0.021812,8,346.36,1,1359,81.85
GOOGL,2026-08-13,2026-08-21,265.0,C,80.15,83.4,81.775,87.8419,0.98342,0.000916,-0.142444,0.021161,8,346.36,1,328,81.85
GOOGL,2026-08-13,2026-08-21,270.0,C,75.15,78.4,76.775,82.5685,0.982363,0.001028,-0.141858,0.022308,8,346.36,1,403,81.85
GOOGL,2026-08-13,2026-08-21,275.0,C,70.15,73.45,71.8,78.1252,0.980278,0.001194,-0.146965,0.024534,8,346.36,4,252,81.85
GOOGL,2026-08-13,2026-08-21,280.0,C,65.75,68.3,67.025,78.6135,0.970797,0.001651,-0.194964,0.034119,8,346.36,4,1178,81.85
GOOGL,2026-08-13,2026-08-21,285.0,C,60.85,63.45,62.15,75.7327,0.96426,0.002024,-0.218378,0.040307,8,346.36,10,818,81.85
GOOGL,2026-08-13,2026-08-21,290.0,C,55.2,58.45,56.825,63.2816,0.974482,0.001832,-0.149069,0.030489,8,346.36,30,611,81.85
GOOGL,2026-08-13,2026-08-21,295.0,C,50.5,53.5,52.0,61.9144,0.964519,0.002461,-0.183676,0.040068,8,346.36,11,810,81.85
GOOGL,2026-08-13,2026-08-21,297.5,C,48.1,50.6,49.35,56.2016,0.969875,0.002369,-0.152058,0.035011,8,346.36,162,33,81.85
GOOGL,2026-08-13,2026-08-21,300.0,C,45.95,47.7,46.825,53.1255,0.969719,0.002517,-0.146077,0.035161,8,346.36,4,1706,81.85
GOOGL,2026-08-13,2026-08-21,302.5,C,42.6,46.0,44.3,50.0493,0.969626,0.002679,-0.139848,0.03525,8,346.36,162,37,81.85
GOOGL,2026-08-13,2026-08-21,305.0,C,40.55,43.05,41.8,64.9906,0.915933,0.004631,-0.34928,0.079134,8,346.36,4,681,81.85
GOOGL,2026-08-13,2026-08-21,307.5,C,38.0,41.05,39.525,66.785,0.896391,0.005259,-0.412816,0.092344,8,346.36,78,92,81.85
GOOGL,2026-08-13,2026-08-21,310.0,C,35.25,38.55,36.9,63.5258,0.891569,0.005713,-0.40634,0.09543,8,346.36,284,845,81.85
GOOGL,2026-08-13,2026-08-21,312.5,C,32.75,36.1,34.425,60.6938,0.884708,0.006248,-0.405695,0.09971,8,346.36,87,68,81.85
GOOGL,2026-08-13,2026-08-21,315.0,C,31.0,33.65,32.325,57.8251,0.877159,0.006858,-0.404306,0.104277,8,346.36,81,1270,81.85
GOOGL,2026-08-13,2026-08-21,317.5,C,28.55,31.2,29.875,54.9077,0.868835,0.00756,-0.401956,0.109146,8,346.36,88,113,81.85
GOOGL,2026-08-13,2026-08-21,320.0,C,26.05,27.6,26.825,42.0904,0.905661,0.007791,-0.255863,0.086223,8,346.36,134,6111,81.85
GOOGL,2026-08-13,2026-08-21,322.5,C,23.75,25.2,24.475,39.9908,0.894146,0.008919,-0.263297,0.093789,8,346.36,46,317,81.85
GOOGL,2026-08-13,2026-08-21,325.0,C,21.3,22.8,22.05,37.7692,0.88117,0.010258,-0.269136,0.101869,8,346.36,28,1146,81.85
GOOGL,2026-08-13,2026-08-21,327.5,C,19.25,20.45,19.85,35.8039,0.863924,0.011891,-0.278793,0.11194,8,346.36,46,1299,81.85
GOOGL,2026-08-13,2026-08-21,330.0,C,16.8,18.15,17.475,33.985,0.842065,0.013844,-0.290528,0.123706,8,346.36,42,2800,81.85
GOOGL,2026-08-13,2026-08-21,332.5,C,14.95,15.95,15.45,32.5568,0.812794,0.016107,-0.307531,0.137884,8,346.36,3,549,81.85
GOOGL,2026-08-13,2026-08-21,335.0,C,12.65,13.85,13.25,31.3605,0.776067,0.0186,-0.326505,0.153373,8,346.36,41,3448,81.85
GOOGL,2026-08-13,2026-08-21,337.5,C,11.05,11.85,11.45,30.2497,0.732092,0.021233,-0.343845,0.168886,8,346.36,35,648,81.85
GOOGL,2026-08-13,2026-08-21,340.0,C,9.25,9.85,9.55,28.6262,0.683553,0.024248,-0.349587,0.182513,8,346.36,268,4916,81.85
GOOGL,2026-08-13,2026-08-21,342.5,C,7.75,8.2,7.975,28.1623,0.621384,0.026337,-0.364301,0.195023,8,346.36,310,970,81.85
GOOGL,2026-08-13,2026-08-21,345.0,C,6.45,6.7,6.575,27.6863,0.554204,0.027841,-0.369533,0.202676,8,346.36,1666,3929,81.85
GOOGL,2026-08-13,2026-08-21,347.5,C,5.15,5.4,5.275,27.3933,0.483757,0.028378,-0.366427,0.204398,8,346.36,975,4393,81.85
GOOGL,2026-08-13,2026-08-21,350.0,C,4.15,4.3,4.225,27.2468,0.413375,0.027878,-0.354237,0.199726,8,346.36,9800,19200,81.85
GOOGL,2026-08-13,2026-08-21,352.5,C,3.15,3.4,3.275,27.2956,0.346592,0.026369,-0.334718,0.18925,8,346.36,4432,1448,81.85
GOOGL,2026-08-13,2026-08-21,355.0,C,2.47,2.65,2.56,27.3445,0.284904,0.024209,-0.307241,0.174059,8,346.36,2243,6602,81.85
GOOGL,2026-08-13,2026-08-21,357.5,C,1.91,2.02,1.965,27.3079,0.228822,0.021623,-0.272841,0.155255,8,346.36,486,1480,81.85
GOOGL,2026-08-13,2026-08-21,360.0,C,1.51,1.59,1.55,27.7839,0.1844,0.018698,-0.243543,0.136598,8,346.36,7784,15811,81.85
GOOGL,2026-08-13,2026-08-21,362.5,C,1.1,1.27,1.185,28.4431,0.148874,0.015906,-0.216593,0.118958,8,346.36,325,882,81.85
GOOGL,2026-08-13,2026-08-21,365.0,C,0.86,0.91,0.885,28.1745,0.111921,0.013178,-0.175762,0.097623,8,346.36,1230,4254,81.85
GOOGL,2026-08-13,2026-08-21,367.5,C,0.57,0.8,0.685,29.6394,0.095148,0.011134,-0.164012,0.086768,8,346.36,93,1124,81.85
GOOGL,2026-08-13,2026-08-21,370.0,C,0.5,0.57,0.535,29.4441,0.070213,0.008914,-0.129417,0.06901,8,346.36,1643,14417,81.85
GOOGL,2026-08-13,2026-08-21,375.0,C,0.33,0.36,0.345,30.7136,0.043945,0.005905,-0.09305,0.047684,8,346.36,1622,7335,81.85
GOOGL,2026-08-13,2026-08-21,380.0,C,0.2,0.25,0.225,32.4226,0.029368,0.004021,-0.070478,0.03428,8,346.36,847,13170,81.85
GOOGL,2026-08-13,2026-08-21,385.0,C,0.16,0.2,0.18,34.7663,0.022039,0.002948,-0.059326,0.026953,8,346.36,167,8727,81.85
GOOGL,2026-08-13,2026-08-21,390.0,C,0.11,0.14,0.125,36.2311,0.014989,0.002037,-0.044462,0.019406,8,346.36,4878,12638,81.85
GOOGL,2026-08-13,2026-08-21,395.0,C,0.06,0.12,0.09,38.5748,0.011966,0.001575,-0.03893,0.015976,8,346.36,29,5303,81.85
GOOGL,2026-08-13,2026-08-21,400.0,C,0.07,0.09,0.08,40.1373,0.008663,0.001142,-0.030535,0.012053,8,346.36,852,25429,81.85
GOOGL,2026-08-13,2026-08-21,405.0,C,0.05,0.07,0.06,41.7975,0.006504,0.000852,-0.024686,0.009364,8,346.36,17,1836,81.85
GOOGL,2026-08-13,2026-08-21,410.0,C,0.01,0.07,0.04,44.5318,0.005981,0.000743,-0.024405,0.008694,8,346.36,101,6631,81.85
GOOGL,2026-08-13,2026-08-21,415.0,C,0.03,0.06,0.045,46.4849,0.004926,0.000599,-0.021428,0.007317,8,346.36,108,15451,81.85
GOOGL,2026-08-13,2026-08-21,420.0,C,0.02,0.05,0.035,48.2427,0.004,0.000479,-0.018456,0.006075,8,346.36,50,5528,81.85
GOOGL,2026-08-13,2026-08-21,425.0,C,0.01,0.05,0.03,50.7817,0.003757,0.00043,-0.018355,0.005743,8,346.36,2,1681,81.85
GOOGL,2026-08-13,2026-08-21,430.0,C,0.02,0.03,0.025,50.5864,0.002256,0.000273,-0.011542,0.003626,8,346.36,14,3268,81.85
GOOGL,2026-08-13,2026-08-21,435.0,C,0.02,0.15,0.085,59.2778,0.005489,0.000517,-0.030036,0.008057,8,346.36,8,516,81.85
GOOGL,2026-08-13,2026-08-21,440.0,C,0.02,0.03,0.025,54.2973,0.001714,0.000198,-0.009646,0.002825,8,346.36,24,3817,81.85
GOOGL,2026-08-13,2026-08-21,445.0,C,0.01,0.02,0.015,53.9067,0.001001,0.000122,-0.005857,0.001728,8,346.36,48,781,81.85
GOOGL,2026-08-13,2026-08-21,450.0,C,0.01,0.02,0.015,56.2504,0.000994,0.000116,-0.006072,0.001717,8,346.36,97,23246,81.85
GOOGL,2026-08-13,2026-08-21,455.0,C,0.0,0.01,0.005,53.1255,0.000314,4.2e-05,-0.001977,0.000592,8,346.36,406,529,81.85
GOOGL,2026-08-13,2026-08-21,460.0,C,0.0,0.01,0.005,54.688,0.000276,3.7e-05,-0.001804,0.000525,8,346.36,22,3028,81.85
GOOGL,2026-08-13,2026-08-21,465.0,C,0.0,0.34,0.17,80.4689,0.00806,0.000535,-0.057176,0.011314,8,346.36,2,903,81.85
GOOGL,2026-08-13,2026-08-21,470.0,C,0.0,0.01,0.005,59.3754,0.000314,3.8e-05,-0.002205,0.000591,8,346.36,2,4710,81.85
GOOGL,2026-08-13,2026-08-21,475.0,C,0.0,0.17,0.085,78.7112,0.004083,0.000299,-0.030578,0.006188,8,346.36,2,747,81.85
GOOGL,2026-08-13,2026-08-21,480.0,C,0.0,2.05,1.025,114.893,0.033733,0.001272,-0.277137,0.038439,8,346.36,9,3150,81.85
GOOGL,2026-08-13,2026-08-21,485.0,C,0.0,2.04,1.02,117.6762,0.032831,0.001215,-0.277554,0.037591,8,346.36,26,485,81.85
GOOGL,2026-08-13,2026-08-21,490.0,C,0.0,0.15,0.075,84.3752,0.003381,0.000235,-0.027664,0.005224,8,346.36,1,550,81.85
GOOGL,2026-08-13,2026-08-21,495.0,C,0.0,0.46,0.23,98.6328,0.008971,0.000479,-0.07692,0.012429,8,346.36,2,468,81.85
GOOGL,2026-08-13,2026-08-21,500.0,C,0.0,0.05,0.025,79.6877,0.001159,9.4e-05,-0.009887,0.001977,8,346.36,2,4673,81.85
GOOGL,2026-08-13,2026-08-21,505.0,C,0.0,0.28,0.14,97.2657,0.005527,0.000317,-0.049461,0.008106,8,346.36,2,138,81.85
GOOGL,2026-08-13,2026-08-21,510.0,C,0.0,0.22,0.11,96.6797,0.004318,0.000256,-0.039456,0.006506,8,346.36,1,677,81.85
GOOGL,2026-08-13,2026-08-21,515.0,C,0.0,2.08,1.04,134.5218,0.029499,0.000973,-0.290239,0.034406,8,346.36,2,140,81.85
GOOGL,2026-08-13,2026-08-21,520.0,C,0.0,2.08,1.04,137.1097,0.028956,0.00094,-0.291265,0.033879,8,346.36,2,1267,81.85
GOOGL,2026-08-13,2026-08-21,525.0,C,0.0,0.02,0.01,82.8127,0.000443,3.7e-05,-0.00423,0.000814,8,346.36,30,658,81.85
GOOGL,2026-08-13,2026-08-21,530.0,C,0.0,0.18,0.09,102.7349,0.003308,0.00019,-0.033009,0.005124,8,346.36,19,476,81.85
GOOGL,2026-08-13,2026-08-21,535.0,C,0.0,0.13,0.065,101.1724,0.002383,0.000143,-0.024173,0.00381,8,346.36,2,1869,81.85
GOOGL,2026-08-13,2026-08-21,540.0,C,0.0,2.02,1.01,146.4846,0.026459,0.000816,-0.288575,0.031426,8,346.36,2,221,81.85
GOOGL,2026-08-13,2026-08-21,545.0,C,0.0,0.07,0.035,99.2188,0.001319,8.5e-05,-0.013841,0.002225,8,346.36,7,130,81.85
GOOGL,2026-08-13,2026-08-21,550.0,C,0.0,0.03,0.015,93.7501,0.000564,4.1e-05,-0.005986,0.001018,8,346.36,1,875,81.85
GOOGL,2026-08-13,2026-08-21,555.0,C,0.0,2.07,1.035,154.2971,0.025812,0.000759,-0.297685,0.030782,8,346.36,2,582,81.85
GOOGL,2026-08-13,2026-08-21,560.0,C,0.0,0.1,0.05,107.813,0.001721,0.0001,-0.019167,0.002836,8,346.36,2,681,81.85
GOOGL,2026-08-13,2026-08-21,570.0,C,0.0,0.02,0.01,96.875,0.000342,2.5e-05,-0.003889,0.00064,8,346.36,21,547,81.85
GOOGL,2026-08-13,2026-08-21,580.0,C,0.0,0.2,0.1,122.8519,0.00308,0.000149,-0.036985,0.004803,8,346.36,15,3729,81.85
GOOGL,2026-08-13,2026-08-21,590.0,C,0.0,0.1,0.05,117.9692,0.001549,8.3e-05,-0.019051,0.002577,8,346.36,4,300,81.85
GOOGL,2026-08-13,2026-08-21,600.0,C,0.0,0.1,0.05,121.4848,0.001536,8e-05,-0.01946,0.002556,8,346.36,7,7213,81.85
GOOGL,2026-08-13,2026-08-21,610.0,C,0.0,2.04,1.02,178.2228,0.022213,0.000579,-0.302938,0.027133,8,346.36,10,55,81.85
GOOGL,2026-08-13,2026-08-21,620.0,C,0.0,0.52,0.26,151.5627,0.006587,0.000238,-0.089918,0.00947,8,346.36,14,46,81.85
GOOGL,2026-08-13,2026-08-21,630.0,C,0.0,1.5,0.75,178.0275,0.016382,0.000447,-0.233571,0.020945,8,346.36,34,43,81.85
GOOGL,2026-08-13,2026-08-21,640.0,C,0.0,1.25,0.625,177.2462,0.013708,0.000386,-0.19951,0.01797,8,346.36,1,109,81.85
GOOGL,2026-08-13,2026-08-21,650.0,C,0.0,2.13,1.065,195.4102,0.021256,0.000509,-0.319948,0.026142,8,346.36,1,120,81.85
GOOGL,2026-08-13,2026-08-21,660.0,C,0.0,2.13,1.065,199.1699,0.020853,0.000491,-0.320847,0.025722,8,346.36,3,13,81.85
GOOGL,2026-08-13,2026-08-21,670.0,C,0.0,2.13,1.065,202.9302,0.020514,0.000475,-0.322383,0.025367,8,346.36,82,24,81.85
GOOGL,2026-08-13,2026-08-21,680.0,C,0.0,2.13,1.065,206.5435,0.02015,0.00046,-0.323175,0.024986,8,346.36,1,9,81.85
GOOGL,2026-08-13,2026-08-21,690.0,C,0.0,2.13,1.065,210.1567,0.019842,0.000446,-0.324547,0.024661,8,346.36,3,584,81.85
GOOGL,2026-08-13,2026-08-21,700.0,C,0.0,1.04,0.52,193.5547,0.010463,0.000279,-0.172323,0.014217,8,346.36,1,1136,81.85
GOOGL,2026-08-13,2026-08-21,710.0,C,0.0,2.13,1.065,217.0903,0.01922,0.000421,-0.326285,0.024003,8,346.36,1,16,81.85
GOOGL,2026-08-13,2026-08-21,720.0,C,0.0,2.13,1.065,220.5083,0.018954,0.000409,-0.327494,0.02372,8,346.36,1,7,81.85
GOOGL,2026-08-13,2026-08-21,730.0,C,0.0,1.99,0.995,221.6801,0.017638,0.000383,-0.309649,0.022309,8,346.36,5,119,81.85
GOOGL,2026-08-13,2026-08-21,740.0,C,0.0,0.01,0.005,137.5003,0.000145,8e-06,-0.002481,0.000288,8,346.36,100,121,81.85
GOOGL,2026-08-13,2026-08-21,750.0,C,0.0,0.01,0.005,137.5003,0.000112,6e-06,-0.001949,0.000226,8,346.36,10,193,81.85
GOOGL,2026-08-13,2026-08-21,760.0,C,0.0,0.01,0.005,140.6253,0.000123,7e-06,-0.002169,0.000246,8,346.36,1,256,81.85
GOOGL,2026-08-13,2026-08-21,770.0,C,0.0,2.13,1.065,236.6215,0.017728,0.00036,-0.331922,0.022407,8,346.36,4,50,81.85
GOOGL,2026-08-13,2026-08-21,780.0,C,0.0,2.13,1.065,239.6977,0.017517,0.000352,-0.332814,0.022179,8,346.36,7,69,81.85
GOOGL,2026-08-13,2026-08-21,790.0,C,0.0,2.13,1.065,242.725,0.017315,0.000344,-0.333679,0.02196,8,346.36,0,0,81.85
GOOGL,2026-08-13,2026-08-21,800.0,C,0.0,0.01,0.005,150.0002,0.000129,7e-06,-0.002414,0.000257,8,346.36,1,6492,81.85
GOOGL,2026-08-13,2026-08-21,100.0,P,0.0,0.01,0.005,231.2504,-7.2e-05,2e-06,-0.002143,0.000148,8,346.36,1,295,81.85
GOOGL,2026-08-13,2026-08-21,105.0,P,0.0,0.01,0.005,218.7505,-5.9e-05,2e-06,-0.001689,0.000124,8,346.36,2,92,81.85
GOOGL,2026-08-13,2026-08-21,110.0,P,0.0,0.05,0.025,240.6254,-0.000337,1e-05,-0.009484,0.000632,8,346.36,10,398,81.85
GOOGL,2026-08-13,2026-08-21,115.0,P,0.0,0.01,0.005,206.2505,-8.3e-05,3e-06,-0.00219,0.00017,8,346.36,1,560,81.85
GOOGL,2026-08-13,2026-08-21,120.0,P,0.0,0.01,0.005,196.875,-7.7e-05,3e-06,-0.001945,0.000158,8,346.36,1,128,81.85
GOOGL,2026-08-13,2026-08-21,125.0,P,0.0,0.01,0.005,187.5001,-6.9e-05,3e-06,-0.001666,0.000142,8,346.36,6,36,81.85
GOOGL,2026-08-13,2026-08-21,130.0,P,0.0,0.01,0.005,181.2501,-7.6e-05,3e-06,-0.001764,0.000156,8,346.36,2,122,81.85
GOOGL,2026-08-13,2026-08-21,135.0,P,0.0,0.01,0.005,175.0001,-8.2e-05,4e-06,-0.001835,0.000168,8,346.36,23,503,81.85
GOOGL,2026-08-13,2026-08-21,140.0,P,0.0,0.1,0.05,204.688,-0.000835,2.7e-05,-0.018681,0.001463,8,346.36,2,398,81.85
GOOGL,2026-08-13,2026-08-21,145.0,P,0.0,0.21,0.105,212.5005,-0.001708,5e-05,-0.037333,0.002816,8,346.36,9,1133,81.85
GOOGL,2026-08-13,2026-08-21,150.0,P,0.0,0.02,0.01,165.6252,-0.000201,9e-06,-0.004034,0.00039,8,346.36,30,2027,81.85
GOOGL,2026-08-13,2026-08-21,155.0,P,0.0,0.29,0.145,204.2974,-0.002459,7.3e-05,-0.049968,0.003921,8,346.36,1,70,81.85
GOOGL,2026-08-13,2026-08-21,160.0,P,0.0,0.03,0.015,157.8127,-0.000306,1.4e-05,-0.005694,0.000578,8,346.36,2,830,81.85
GOOGL,2026-08-13,2026-08-21,165.0,P,0.0,0.03,0.015,151.5627,-0.000312,1.5e-05,-0.005568,0.000589,8,346.36,83,818,81.85
GOOGL,2026-08-13,2026-08-21,170.0,P,0.0,0.03,0.015,146.8753,-0.000355,1.7e-05,-0.006082,0.000664,8,346.36,1,722,81.85
GOOGL,2026-08-13,2026-08-21,175.0,P,0.0,0.2,0.1,168.3595,-0.002073,7.6e-05,-0.035259,0.003358,8,346.36,6,404,81.85
GOOGL,2026-08-13,2026-08-21,180.0,P,0.0,0.5,0.25,180.4688,-0.004849,0.000152,-0.081197,0.007215,8,346.36,4,481,81.85
GOOGL,2026-08-13,2026-08-21,185.0,P,0.0,0.03,0.015,129.6879,-0.000381,2.1e-05,-0.005722,0.000708,8,346.36,2,616,81.85
GOOGL,2026-08-13,2026-08-21,190.0,P,0.0,0.21,0.105,150.3909,-0.002463,9.9e-05,-0.036811,0.003926,8,346.36,13,876,81.85
GOOGL,2026-08-13,2026-08-21,195.0,P,0.0,2.13,1.065,199.7559,-0.018167,0.000436,-0.284917,0.022878,8,346.36,4,238,81.85
GOOGL,2026-08-13,2026-08-21,200.0,P,0.0,0.03,0.015,114.0629,-0.000417,2.6e-05,-0.005475,0.00077,8,346.36,2013,1018,81.85
GOOGL,2026-08-13,2026-08-21,205.0,P,0.0,2.13,1.065,184.4727,-0.019703,0.000505,-0.281875,0.024515,8,346.36,4,422,81.85
GOOGL,2026-08-13,2026-08-21,210.0,P,0.0,0.05,0.025,110.1567,-0.000803,4.9e-05,-0.00969,0.001412,8,346.36,10,917,81.85
GOOGL,2026-08-13,2026-08-21,215.0,P,0.0,0.03,0.015,100.0005,-0.000483,3.4e-05,-0.005496,0.000882,8,346.36,60,462,81.85
GOOGL,2026-08-13,2026-08-21,220.0,P,0.0,0.1,0.05,107.4223,-0.00165,9.7e-05,-0.018259,0.002729,8,346.36,273,3336,81.85
GOOGL,2026-08-13,2026-08-21,225.0,P,0.0,0.05,0.025,95.7032,-0.000901,6.2e-05,-0.009348,0.001568,8,346.36,45,879,81.85
GOOGL,2026-08-13,2026-08-21,230.0,P,0.0,0.42,0.21,115.4301,-0.006462,0.000307,-0.066926,0.00931,8,346.36,392,4096,81.85
GOOGL,2026-08-13,2026-08-21,235.0,P,0.0,0.1,0.05,92.9688,-0.001908,0.000127,-0.018032,0.003115,8,346.36,88,786,81.85
GOOGL,2026-08-13,2026-08-21,240.0,P,0.0,0.21,0.105,95.8985,-0.003901,0.000236,-0.035456,0.00594,8,346.36,60,1281,81.85
GOOGL,2026-08-13,2026-08-21,245.0,P,0.0,0.03,0.015,74.219,-0.000656,6e-05,-0.005411,0.001172,8,346.36,97,992,81.85
GOOGL,2026-08-13,2026-08-21,250.0,P,0.0,0.05,0.025,73.8284,-0.001164,0.000102,-0.009115,0.001984,8,346.36,350,6844,81.85
GOOGL,2026-08-13,2026-08-21,255.0,P,0.0,0.05,0.025,69.5316,-0.001206,0.000112,-0.008867,0.00205,8,346.36,20,3030,81.85
GOOGL,2026-08-13,2026-08-21,260.0,P,0.01,0.05,0.03,66.7972,-0.001549,0.000147,-0.010703,0.002577,8,346.36,220,3543,81.85
GOOGL,2026-08-13,2026-08-21,265.0,P,0.01,0.03,0.02,60.1566,-0.001107,0.00012,-0.007083,0.001895,8,346.36,48,2719,81.85
GOOGL,2026-08-13,2026-08-21,270.0,P,0.03,0.04,0.035,59.766,-0.002064,0.000213,-0.012422,0.003345,8,346.36,2,1894,81.85
GOOGL,2026-08-13,2026-08-21,275.0,P,0.01,0.06,0.035,55.8598,-0.002249,0.000246,-0.012545,0.003617,8,346.36,12,2172,81.85
GOOGL,2026-08-13,2026-08-21,280.0,P,0.03,0.05,0.04,52.5395,-0.002687,0.000307,-0.013851,0.004248,8,346.36,22,4245,81.85
GOOGL,2026-08-13,2026-08-21,285.0,P,0.03,0.17,0.1,54.102,-0.006484,0.000657,-0.031345,0.009339,8,346.36,57,3217,81.85
GOOGL,2026-08-13,2026-08-21,290.0,P,0.05,0.17,0.11,50.5864,-0.007767,0.000823,-0.034344,0.010951,8,346.36,174,3878,81.85
GOOGL,2026-08-13,2026-08-21,295.0,P,0.05,0.07,0.06,43.5553,-0.005639,0.000721,-0.022261,0.008252,8,346.36,30,5811,81.85
GOOGL,2026-08-13,2026-08-21,297.5,P,0.06,0.09,0.075,42.9693,-0.007446,0.000934,-0.028072,0.010552,8,346.36,6,146,81.85
GOOGL,2026-08-13,2026-08-21,300.0,P,0.08,0.1,0.09,41.4068,-0.00847,0.001086,-0.030281,0.011818,8,346.36,54,5208,81.85
GOOGL,2026-08-13,2026-08-21,302.5,P,0.08,0.11,0.095,39.8444,-0.009678,0.001268,-0.032728,0.013282,8,346.36,62,439,81.85
GOOGL,2026-08-13,2026-08-21,305.0,P,0.05,0.17,0.11,40.2838,-0.014788,0.001811,-0.047766,0.019183,8,346.36,86,2294,81.85
GOOGL,2026-08-13,2026-08-21,307.5,P,0.02,0.17,0.095,38.0866,-0.015655,0.002012,-0.047391,0.020145,8,346.36,177,635,81.85
GOOGL,2026-08-13,2026-08-21,310.0,P,0.12,0.19,0.155,36.5241,-0.018169,0.002383,-0.051581,0.022882,8,346.36,1269,9452,81.85
GOOGL,2026-08-13,2026-08-21,312.5,P,0.07,0.28,0.175,36.6706,-0.026371,0.00325,-0.07088,0.031339,8,346.36,65,295,81.85
GOOGL,2026-08-13,2026-08-21,315.0,P,0.16,0.2,0.18,32.3249,-0.021482,0.003103,-0.052521,0.026377,8,346.36,801,7604,81.85
GOOGL,2026-08-13,2026-08-21,317.5,P,0.21,0.35,0.28,33.3747,-0.035778,0.004597,-0.082869,0.040343,8,346.36,80,329,81.85
GOOGL,2026-08-13,2026-08-21,320.0,P,0.27,0.3,0.285,29.9812,-0.034085,0.004918,-0.071428,0.03877,8,346.36,586,10833,81.85
GOOGL,2026-08-13,2026-08-21,322.5,P,0.31,0.41,0.36,29.4441,-0.046691,0.006467,-0.090464,0.050067,8,346.36,101,496,81.85
GOOGL,2026-08-13,2026-08-21,325.0,P,0.45,0.59,0.52,29.3464,-0.066095,0.008536,-0.118437,0.065865,8,346.36,2965,5038,81.85
GOOGL,2026-08-13,2026-08-21,327.5,P,0.6,0.73,0.665,28.1745,-0.083385,0.010617,-0.13551,0.078652,8,346.36,110,1743,81.85
GOOGL,2026-08-13,2026-08-21,330.0,P,0.88,0.96,0.92,27.491,-0.109505,0.013296,-0.161205,0.096108,8,346.36,1374,9110,81.85
GOOGL,2026-08-13,2026-08-21,332.5,P,1.18,1.31,1.245,27.1858,-0.145715,0.016404,-0.194008,0.11726,8,346.36,136,1878,81.85
GOOGL,2026-08-13,2026-08-21,335.0,P,1.63,1.75,1.69,26.8318,-0.189481,0.01969,-0.226149,0.138915,8,346.36,808,5340,81.85
GOOGL,2026-08-13,2026-08-21,337.5,P,2.18,2.35,2.265,26.7219,-0.243426,0.022863,-0.259523,0.160639,8,346.36,189,2482,81.85
GOOGL,2026-08-13,2026-08-21,340.0,P,2.88,3.05,2.965,26.3862,-0.303365,0.025827,-0.284563,0.179184,8,346.36,1438,9162,81.85
GOOGL,2026-08-13,2026-08-21,342.5,P,3.75,3.95,3.85,26.2947,-0.371376,0.028037,-0.305146,0.193841,8,346.36,317,466,81.85
GOOGL,2026-08-13,2026-08-21,345.0,P,4.7,5.1,4.9,26.5754,-0.444208,0.028989,-0.320362,0.202564,8,346.36,639,3627,81.85
GOOGL,2026-08-13,2026-08-21,347.5,P,5.95,6.4,6.175,26.7463,-0.517022,0.029062,-0.322875,0.204381,8,346.36,170,4366,81.85
GOOGL,2026-08-13,2026-08-21,350.0,P,7.4,7.75,7.575,26.3557,-0.590027,0.028765,-0.306872,0.199336,8,346.36,347,9731,81.85
GOOGL,2026-08-13,2026-08-21,352.5,P,8.9,9.5,9.2,27.1003,-0.654564,0.026526,-0.296221,0.189015,8,346.36,14,578,81.85
GOOGL,2026-08-13,2026-08-21,355.0,P,10.4,11.3,10.85,27.4055,-0.714636,0.024174,-0.272144,0.174193,8,346.36,302,2625,81.85
GOOGL,2026-08-13,2026-08-21,357.5,P,12.6,13.3,12.95,28.1379,-0.764118,0.021342,-0.249526,0.157903,8,346.36,13,624,81.85
GOOGL,2026-08-13,2026-08-21,360.0,P,14.2,15.65,14.925,30.5061,-0.792372,0.018301,-0.250491,0.146797,8,346.36,365,12831,81.85
GOOGL,2026-08-13,2026-08-21,362.5,P,16.5,17.5,17.0,29.1267,-0.845147,0.015945,-0.190851,0.122111,8,346.36,12,223,81.85
GOOGL,2026-08-13,2026-08-21,365.0,P,18.5,20.15,19.325,33.0695,-0.848405,0.013847,-0.217032,0.120403,8,346.36,499,4438,81.85
GOOGL,2026-08-13,2026-08-21,367.5,P,20.8,22.05,21.425,30.7136,-0.896586,0.011419,-0.143306,0.092218,8,346.36,60,479,81.85
GOOGL,2026-08-13,2026-08-21,370.0,P,23.15,24.45,23.8,32.1784,-0.910698,0.009785,-0.132047,0.082789,8,346.36,132,2820,81.85
GOOGL,2026-08-13,2026-08-21,375.0,P,27.95,29.3,28.625,35.0592,-0.931764,0.007323,-0.112235,0.067508,8,346.36,13,2033,81.85
GOOGL,2026-08-13,2026-08-21,380.0,P,32.55,34.8,33.675,45.2398,-0.90961,0.007023,-0.200743,0.083538,8,346.36,10,2674,81.85
GOOGL,2026-08-13,2026-08-21,385.0,P,37.0,39.8,38.4,49.8052,-0.917204,0.005974,-0.207293,0.078233,8,346.36,8,148,81.85
GOOGL,2026-08-13,2026-08-21,390.0,P,42.45,45.4,43.925,60.4252,-0.898442,0.005728,-0.30758,0.091011,8,346.36,4414,1933,81.85
GOOGL,2026-08-13,2026-08-21,395.0,P,46.95,50.0,48.475,60.7914,-0.920147,0.004763,-0.251873,0.076126,8,346.36,2034,223,81.85
GOOGL,2026-08-13,2026-08-21,400.0,P,52.45,54.95,53.7,64.4291,-0.926932,0.0042,-0.248414,0.071153,8,346.36,1614,203,81.85
GOOGL,2026-08-13,2026-08-21,405.0,P,56.95,60.0,58.475,69.1409,-0.92907,0.003826,-0.261862,0.069552,8,346.36,128,19,81.85
GOOGL,2026-08-13,2026-08-21,410.0,P,61.95,65.3,63.625,76.7092,-0.922395,0.003694,-0.318174,0.074497,8,346.36,274,36,81.85
GOOGL,2026-08-13,2026-08-21,415.0,P,66.95,70.3,68.625,80.7375,-0.925917,0.003387,-0.323232,0.071907,8,346.36,95,0,81.85
GOOGL,2026-08-13,2026-08-21,420.0,P,71.95,74.95,73.45,80.2248,-0.94025,0.002886,-0.264672,0.060883,8,346.36,8,0,81.85
GOOGL,2026-08-13,2026-08-21,425.0,P,76.95,80.25,78.6,87.8907,-0.933346,0.002869,-0.323283,0.066295,8,346.36,1,2,81.85
GOOGL,2026-08-13,2026-08-21,430.0,P,81.95,85.2,83.575,90.9669,-0.937336,0.002642,-0.317741,0.063192,8,346.36,1,0,81.85
GOOGL,2026-08-13,2026-08-21,435.0,P,86.95,90.25,88.6,95.2637,-0.938148,0.002497,-0.330367,0.062553,8,346.36,35,0,81.85
GOOGL,2026-08-13,2026-08-21,440.0,P,91.95,95.3,93.625,99.5361,-0.93879,0.002371,-0.343375,0.062044,8,346.36,3057,0,81.85
GOOGL,2026-08-13,2026-08-21,445.0,P,96.95,100.35,98.65,52.3442,-0.999275,9.3e-05,0.040907,0.001284,8,346.36,76,0,81.85
GOOGL,2026-08-13,2026-08-21,450.0,P,101.95,105.7,103.825,73.6331,-0.990341,0.000685,-0.015702,0.013258,8,346.36,50,0,81.85
GOOGL,2026-08-13,2026-08-21,460.0,P,87.8,90.8,89.3,0.001,-1.0,0.0,0.046655,0.0,8,346.36,3,0,81.85
GOOGL,2026-08-13,2026-08-21,470.0,P,96.9,99.7,98.3,0.001,-1.0,0.0,0.047669,0.0,8,346.36,5,15,81.85
GOOGL,2026-08-13,2026-08-21,485.0,P,136.95,140.3,138.625,129.0531,-0.951779,0.001514,-0.366778,0.051377,8,346.36,0,0,81.85
GOOGL,2026-08-13,2026-08-21,490.0,P,141.95,145.35,143.65,70.3128,-0.999468,5.2e-05,0.045437,0.000966,8,346.36,1,0,81.85
GOOGL,2026-08-13,2026-08-21,500.0,P,151.95,155.0,153.475,132.7884,-0.961224,0.001234,-0.308117,0.043084,8,346.36,2,0,81.85
GOOGL,2026-08-13,2026-08-21,520.0,P,171.95,175.0,173.475,143.7503,-0.964003,0.001073,-0.312697,0.040545,8,346.36,1,0,81.85
GOOGL,2026-08-13,2026-08-21,530.0,P,164.7,168.35,166.525,0.001,-1.0,0.0,0.053755,0.0,8,346.36,10,0,81.85
GOOGL,2026-08-13,2026-08-21,600.0,P,251.95,255.0,253.475,182.3243,-0.971125,0.000705,-0.325223,0.0338,8,346.36,0,0,81.85
GOOGL,2026-08-13,2026-08-21,740.0,P,391.95,395.15,393.55,239.4047,-0.975144,0.000474,-0.371965,0.029824,8,346.36,1,0,81.85
GOOGL,2026-08-13,2026-08-21,800.0,P,451.95,455.0,453.475,254.5902,-0.978843,0.000389,-0.333843,0.026039,8,346.36,15,0,81.85
GOOGL,2026-08-13,2026-08-28,100.0,C,245.05,248.55,246.8,265.2347,0.995091,7.6e-05,-0.098241,0.009989,15,346.36,2,6,81.85
GOOGL,2026-08-13,2026-08-28,195.0,C,150.2,153.7,151.95,135.8402,0.987105,0.000349,-0.124944,0.02334,15,346.36,1,1,81.85
GOOGL,2026-08-13,2026-08-28,200.0,C,145.0,148.7,146.85,126.7582,0.988442,0.00034,-0.10952,0.021228,15,346.36,1,3,81.85
GOOGL,2026-08-13,2026-08-28,210.0,C,134.65,138.75,136.7,110.645,0.990607,0.000325,-0.086272,0.017718,15,346.36,4,6,81.85
GOOGL,2026-08-13,2026-08-28,220.0,C,125.1,128.75,126.925,109.4731,0.984725,0.0005,-0.120273,0.027009,15,346.36,1,2,81.85
GOOGL,2026-08-13,2026-08-28,225.0,C,120.15,123.75,121.95,105.4692,0.983481,0.000556,-0.123723,0.028885,15,346.36,2,1,81.85
GOOGL,2026-08-13,2026-08-28,230.0,C,114.85,118.7,116.775,95.3125,0.986903,0.000503,-0.097974,0.023656,15,346.36,2,10,81.85
GOOGL,2026-08-13,2026-08-28,235.0,C,110.15,113.8,111.975,96.7774,0.981375,0.000671,-0.126344,0.032001,15,346.36,0,1,81.85
GOOGL,2026-08-13,2026-08-28,245.0,C,100.2,103.9,102.05,89.5021,0.977641,0.000847,-0.135446,0.037359,15,346.36,0,27,81.85
GOOGL,2026-08-13,2026-08-28,250.0,C,95.2,98.85,97.025,84.4728,0.97716,0.000913,-0.131582,0.038036,15,346.36,2,2,81.85
GOOGL,2026-08-13,2026-08-28,255.0,C,90.2,93.85,92.025,80.0783,0.975971,0.001005,-0.130902,0.039695,15,346.36,2,2,81.85
GOOGL,2026-08-13,2026-08-28,260.0,C,85.25,88.95,87.1,77.2463,0.972538,0.001166,-0.139622,0.044389,15,346.36,10,12,81.85
GOOGL,2026-08-13,2026-08-28,265.0,C,80.6,83.9,82.25,75.5374,0.966748,0.001397,-0.156589,0.052017,15,346.36,0,1,81.85
GOOGL,2026-08-13,2026-08-28,270.0,C,75.55,78.9,77.225,70.7278,0.965571,0.001535,-0.152278,0.053527,15,346.36,38,42,81.85
GOOGL,2026-08-13,2026-08-28,275.0,C,70.65,73.95,72.3,67.5296,0.961204,0.001773,-0.159283,0.05902,15,346.36,4,22,81.85
GOOGL,2026-08-13,2026-08-28,280.0,C,65.65,68.95,67.3,63.184,0.958756,0.001991,-0.157491,0.062029,15,346.36,1,28,81.85
GOOGL,2026-08-13,2026-08-28,285.0,C,60.7,64.0,62.35,59.5463,0.954322,0.002295,-0.160897,0.06736,15,346.36,2,5,81.85
GOOGL,2026-08-13,2026-08-28,290.0,C,55.55,59.0,57.275,54.2973,0.953748,0.002542,-0.150833,0.068039,15,346.36,2,25,81.85
GOOGL,2026-08-13,2026-08-28,295.0,C,50.75,53.85,52.3,50.3667,0.949281,0.00295,-0.151006,0.073245,15,346.36,111,18,81.85
GOOGL,2026-08-13,2026-08-28,300.0,C,45.55,48.9,47.225,59.9735,0.895302,0.004309,-0.281205,0.127409,15,346.36,373,133,81.85
GOOGL,2026-08-13,2026-08-28,305.0,C,40.55,44.0,42.275,55.6401,0.884409,0.004987,-0.280306,0.136786,15,346.36,320,81,81.85
GOOGL,2026-08-13,2026-08-28,310.0,C,35.75,39.1,37.425,51.2212,0.871743,0.005827,-0.277908,0.147151,15,346.36,60,115,81.85
GOOGL,2026-08-13,2026-08-28,315.0,C,31.05,33.7,32.375,43.6773,0.871462,0.006844,-0.241765,0.147376,15,346.36,56,231,81.85
GOOGL,2026-08-13,2026-08-28,320.0,C,26.75,28.4,27.575,36.8781,0.867912,0.00826,-0.21222,0.15018,15,346.36,58,539,81.85
GOOGL,2026-08-13,2026-08-28,325.0,C,22.05,25.0,23.525,40.0885,0.800281,0.009938,-0.288043,0.196408,15,346.36,31,387,81.85
GOOGL,2026-08-13,2026-08-28,330.0,C,17.9,19.4,18.65,31.6474,0.791031,0.012932,-0.238679,0.201774,15,346.36,68,966,81.85
GOOGL,2026-08-13,2026-08-28,335.0,C,14.6,15.35,14.975,29.8347,0.728007,0.015842,-0.255755,0.233015,15,346.36,82,642,81.85
GOOGL,2026-08-13,2026-08-28,340.0,C,11.35,12.1,11.725,29.8164,0.641334,0.017847,-0.282056,0.262348,15,346.36,79,952,81.85
GOOGL,2026-08-13,2026-08-28,345.0,C,8.65,9.1,8.875,29.1023,0.548548,0.019379,-0.28808,0.278039,15,346.36,320,644,81.85
GOOGL,2026-08-13,2026-08-28,350.0,C,6.4,6.7,6.55,28.8703,0.450915,0.019531,-0.282701,0.277992,15,346.36,582,1196,81.85
GOOGL,2026-08-13,2026-08-28,355.0,C,4.45,4.75,4.6,28.5774,0.355669,0.018566,-0.261202,0.261577,15,346.36,165,758,81.85
GOOGL,2026-08-13,2026-08-28,360.0,C,3.1,3.3,3.2,28.553,0.27025,0.0165,-0.23024,0.232269,15,346.36,1467,2041,81.85
GOOGL,2026-08-13,2026-08-28,365.0,C,2.13,2.38,2.255,29.3037,0.2041,0.013773,-0.201301,0.198976,15,346.36,612,1117,81.85
GOOGL,2026-08-13,2026-08-28,370.0,C,1.47,1.53,1.5,29.0046,0.142851,0.011079,-0.158049,0.158431,15,346.36,2290,1019,81.85
GOOGL,2026-08-13,2026-08-28,375.0,C,0.92,1.11,1.015,30.0056,0.105529,0.008662,-0.131769,0.12814,15,346.36,429,1248,81.85
GOOGL,2026-08-13,2026-08-28,380.0,C,0.64,0.71,0.675,30.0422,0.07125,0.006452,-0.09814,0.095567,15,346.36,444,2131,81.85
GOOGL,2026-08-13,2026-08-28,385.0,C,0.45,0.53,0.49,31.2019,0.053004,0.004931,-0.08071,0.075856,15,346.36,131,672,81.85
GOOGL,2026-08-13,2026-08-28,390.0,C,0.31,0.38,0.345,32.0319,0.038234,0.003693,-0.063583,0.058323,15,346.36,45,1577,81.85
GOOGL,2026-08-13,2026-08-28,395.0,C,0.25,0.29,0.27,33.1794,0.028887,0.00283,-0.052196,0.0463,15,346.36,10,347,81.85
GOOGL,2026-08-13,2026-08-28,400.0,C,0.19,0.23,0.21,34.4245,0.022399,0.002205,-0.043701,0.037416,15,346.36,571,3159,81.85
GOOGL,2026-08-13,2026-08-28,405.0,C,0.14,0.19,0.165,35.8405,0.018066,0.001765,-0.037869,0.03118,15,346.36,51,291,81.85
GOOGL,2026-08-13,2026-08-28,410.0,C,0.07,0.24,0.155,39.5514,0.020443,0.001776,-0.046358,0.034633,15,346.36,4,460,81.85
GOOGL,2026-08-13,2026-08-28,415.0,C,0.01,0.15,0.08,39.1608,0.013258,0.001238,-0.031661,0.023907,15,346.36,2,235,81.85
GOOGL,2026-08-13,2026-08-28,420.0,C,0.05,0.11,0.08,39.7467,0.009816,0.00094,-0.02473,0.018412,15,346.36,49,672,81.85
GOOGL,2026-08-13,2026-08-28,425.0,C,0.08,0.12,0.1,42.2857,0.010002,0.000898,-0.026723,0.018717,15,346.36,10,162,81.85
GOOGL,2026-08-13,2026-08-28,430.0,C,0.01,0.09,0.05,42.774,0.007474,0.000687,-0.020925,0.014497,15,346.36,44,195,81.85
GOOGL,2026-08-13,2026-08-28,435.0,C,0.01,0.14,0.075,47.2662,0.010325,0.000826,-0.03067,0.019244,15,346.36,2,192,81.85
GOOGL,2026-08-13,2026-08-28,440.0,C,0.01,0.09,0.05,46.6802,0.006844,0.000583,-0.021105,0.013414,15,346.36,21,926,81.85
GOOGL,2026-08-13,2026-08-28,445.0,C,0.01,0.11,0.06,49.8052,0.007837,0.000616,-0.025359,0.015114,15,346.36,1,107,81.85
GOOGL,2026-08-13,2026-08-28,450.0,C,0.01,0.12,0.065,52.2466,0.008105,0.000604,-0.027387,0.015568,15,346.36,10,1572,81.85
GOOGL,2026-08-13,2026-08-28,455.0,C,0.03,0.1,0.065,50.3911,0.004598,0.000379,-0.015982,0.009421,15,346.36,2,276,81.85
GOOGL,2026-08-13,2026-08-28,460.0,C,0.01,0.1,0.055,51.3677,0.003928,0.000323,-0.014148,0.008185,15,346.36,1,74,81.85
GOOGL,2026-08-13,2026-08-28,465.0,C,0.01,0.19,0.1,56.6411,0.006304,0.000447,-0.023763,0.012473,15,346.36,8,30,81.85
GOOGL,2026-08-13,2026-08-28,470.0,C,0.02,0.19,0.105,58.7895,0.006406,0.000437,-0.025009,0.012651,15,346.36,2,29,81.85
GOOGL,2026-08-13,2026-08-28,475.0,C,0.02,0.09,0.055,56.4457,0.003577,0.00027,-0.014279,0.007525,15,346.36,3,30,81.85
GOOGL,2026-08-13,2026-08-28,480.0,C,0.01,0.05,0.03,54.688,0.002026,0.000167,-0.008278,0.004503,15,346.36,1,138,81.85
GOOGL,2026-08-13,2026-08-28,485.0,C,0.01,0.09,0.05,58.9848,0.003044,0.000224,-0.012899,0.006508,15,346.36,4,38,81.85
GOOGL,2026-08-13,2026-08-28,490.0,C,0.01,0.09,0.05,60.7426,0.00304,0.000217,-0.013266,0.006501,15,346.36,4,111,81.85
GOOGL,2026-08-13,2026-08-28,495.0,C,0.0,2.14,1.07,93.2618,0.037041,0.001236,-0.177887,0.056832,15,346.36,2,118,81.85
GOOGL,2026-08-13,2026-08-28,500.0,C,0.0,0.47,0.235,75.928,0.010772,0.000533,-0.050895,0.019967,15,346.36,4,51,81.85
GOOGL,2026-08-13,2026-08-28,505.0,C,0.0,0.17,0.085,68.9456,0.004434,0.000268,-0.02111,0.00912,15,346.36,4,16,81.85
GOOGL,2026-08-13,2026-08-28,510.0,C,0.0,2.03,1.015,98.4863,0.033582,0.00108,-0.173254,0.052442,15,346.36,95,38,81.85
GOOGL,2026-08-13,2026-08-28,515.0,C,0.0,2.14,1.07,101.3921,0.034397,0.00107,-0.181886,0.053486,15,346.36,8,37,81.85
GOOGL,2026-08-13,2026-08-28,520.0,C,0.0,2.14,1.07,103.3452,0.033807,0.001035,-0.182744,0.05273,15,346.36,22,31,81.85
GOOGL,2026-08-13,2026-08-28,525.0,C,0.0,0.19,0.095,75.9768,0.004481,0.000246,-0.023468,0.009207,15,346.36,4,26,81.85
GOOGL,2026-08-13,2026-08-28,530.0,C,0.0,2.13,1.065,107.105,0.032616,0.00097,-0.183833,0.051196,15,346.36,20,170,81.85
GOOGL,2026-08-13,2026-08-28,535.0,C,0.0,0.12,0.06,75.3909,0.002904,0.000168,-0.015773,0.006238,15,346.36,10,24,81.85
GOOGL,2026-08-13,2026-08-28,540.0,C,0.0,0.13,0.065,77.344,0.003033,0.00017,-0.016826,0.006487,15,346.36,25,189,81.85
GOOGL,2026-08-13,2026-08-28,545.0,C,0.0,2.13,1.065,112.6713,0.031178,0.000888,-0.18625,0.049323,15,346.36,222,109,81.85
GOOGL,2026-08-13,2026-08-28,550.0,C,0.0,0.13,0.065,80.2736,0.002971,0.000161,-0.017137,0.006367,15,346.36,176,76,81.85
GOOGL,2026-08-13,2026-08-28,100.0,P,0.0,0.14,0.07,214.8442,-0.001057,2.3e-05,-0.017777,0.002488,15,346.36,2,1,81.85
GOOGL,2026-08-13,2026-08-28,105.0,P,0.0,2.13,1.065,291.1624,-0.010177,0.000132,-0.183977,0.019002,15,346.36,2,0,81.85
GOOGL,2026-08-13,2026-08-28,110.0,P,0.0,2.13,1.065,280.469,-0.010603,0.000142,-0.183656,0.019694,15,346.36,2,0,81.85
GOOGL,2026-08-13,2026-08-28,115.0,P,0.0,2.13,1.065,270.2152,-0.011028,0.000153,-0.18308,0.020379,15,346.36,4,1,81.85
GOOGL,2026-08-13,2026-08-28,120.0,P,0.0,2.13,1.065,260.4496,-0.011469,0.000164,-0.182564,0.021085,15,346.36,2,0,81.85
GOOGL,2026-08-13,2026-08-28,125.0,P,0.0,2.13,1.065,251.1234,-0.011926,0.000176,-0.182088,0.021813,15,346.36,4,0,81.85
GOOGL,2026-08-13,2026-08-28,130.0,P,0.0,2.13,1.065,242.1879,-0.012399,0.000189,-0.181612,0.022561,15,346.36,4,0,81.85
GOOGL,2026-08-13,2026-08-28,135.0,P,0.0,2.13,1.065,233.5942,-0.012885,0.000203,-0.181072,0.023324,15,346.36,16,2,81.85
GOOGL,2026-08-13,2026-08-28,175.0,P,0.0,2.13,1.065,174.5118,-0.017389,0.000351,-0.174857,0.03018,15,346.36,2,1,81.85
GOOGL,2026-08-13,2026-08-28,185.0,P,0.0,2.13,1.065,161.8654,-0.018768,0.000404,-0.173037,0.032209,15,346.36,4,51,81.85
GOOGL,2026-08-13,2026-08-28,190.0,P,0.0,2.13,1.065,155.7619,-0.019494,0.000433,-0.171943,0.033266,15,346.36,6,60,81.85
GOOGL,2026-08-13,2026-08-28,195.0,P,0.0,2.13,1.065,149.8049,-0.020253,0.000465,-0.170784,0.034362,15,346.36,41,60,81.85
GOOGL,2026-08-13,2026-08-28,200.0,P,0.0,2.13,1.065,144.0432,-0.021084,0.000501,-0.169865,0.035551,15,346.36,10,34,81.85
GOOGL,2026-08-13,2026-08-28,205.0,P,0.0,0.32,0.16,104.4927,-0.004813,0.00019,-0.033999,0.009813,15,346.36,2,101,81.85
GOOGL,2026-08-13,2026-08-28,210.0,P,0.0,2.13,1.065,132.8128,-0.022819,0.00058,-0.167363,0.038006,15,346.36,4,13,81.85
GOOGL,2026-08-13,2026-08-28,215.0,P,0.0,2.13,1.065,127.3929,-0.023771,0.000626,-0.166117,0.039337,15,346.36,3,40,81.85
GOOGL,2026-08-13,2026-08-28,220.0,P,0.0,2.13,1.065,122.1195,-0.024811,0.000677,-0.165025,0.040776,15,346.36,2,31,81.85
GOOGL,2026-08-13,2026-08-28,225.0,P,0.0,2.14,1.07,116.9926,-0.025956,0.000734,-0.164139,0.042347,15,346.36,10,14,81.85
GOOGL,2026-08-13,2026-08-28,230.0,P,0.0,2.14,1.07,111.8901,-0.027112,0.000796,-0.162755,0.043918,15,346.36,4,14,81.85
GOOGL,2026-08-13,2026-08-28,235.0,P,0.0,2.14,1.07,106.8852,-0.028355,0.000865,-0.161339,0.045589,15,346.36,1,30,81.85
GOOGL,2026-08-13,2026-08-28,240.0,P,0.0,0.89,0.445,87.5001,-0.01518,0.000623,-0.077786,0.026865,15,346.36,12,487,81.85
GOOGL,2026-08-13,2026-08-28,245.0,P,0.01,0.09,0.05,62.6957,-0.002558,0.00018,-0.011535,0.005564,15,346.36,11,32,81.85
GOOGL,2026-08-13,2026-08-28,250.0,P,0.01,0.19,0.1,64.2582,-0.004946,0.000317,-0.021358,0.010056,15,346.36,7,82,81.85
GOOGL,2026-08-13,2026-08-28,255.0,P,0.02,0.05,0.035,53.9067,-0.002048,0.000171,-0.008099,0.004549,15,346.36,6,47,81.85
GOOGL,2026-08-13,2026-08-28,260.0,P,0.01,0.06,0.035,50.7817,-0.002171,0.000192,-0.008039,0.004796,15,346.36,20,94,81.85
GOOGL,2026-08-13,2026-08-28,265.0,P,0.02,0.21,0.115,54.7856,-0.006568,0.000479,-0.023381,0.012934,15,346.36,6,73,81.85
GOOGL,2026-08-13,2026-08-28,270.0,P,0.03,0.08,0.055,49.1216,-0.005142,0.00043,-0.016856,0.010409,15,346.36,12,581,81.85
GOOGL,2026-08-13,2026-08-28,275.0,P,0.05,0.09,0.07,46.4849,-0.006011,0.000522,-0.018311,0.011958,15,346.36,21,200,81.85
GOOGL,2026-08-13,2026-08-28,280.0,P,0.07,0.1,0.085,43.8482,-0.007058,0.000638,-0.019889,0.013782,15,346.36,16,702,81.85
GOOGL,2026-08-13,2026-08-28,285.0,P,0.1,0.14,0.12,42.481,-0.010037,0.000896,-0.026222,0.018775,15,346.36,21,4266,81.85
GOOGL,2026-08-13,2026-08-28,290.0,P,0.12,0.18,0.15,40.6256,-0.013342,0.0012,-0.032069,0.024038,15,346.36,18,439,81.85
GOOGL,2026-08-13,2026-08-28,295.0,P,0.15,0.19,0.17,37.5495,-0.015133,0.001447,-0.032988,0.026793,15,346.36,16,270,81.85
GOOGL,2026-08-13,2026-08-28,300.0,P,0.2,0.27,0.235,36.1335,-0.021737,0.002048,-0.043153,0.03648,15,346.36,31,4705,81.85
GOOGL,2026-08-13,2026-08-28,305.0,P,0.26,0.38,0.32,34.6686,-0.031005,0.002873,-0.055618,0.049098,15,346.36,115,217,81.85
GOOGL,2026-08-13,2026-08-28,310.0,P,0.36,0.48,0.42,32.4714,-0.040853,0.003845,-0.065147,0.061552,15,346.36,143,766,81.85
GOOGL,2026-08-13,2026-08-28,315.0,P,0.46,0.62,0.54,30.2985,-0.054726,0.005208,-0.076599,0.077801,15,346.36,43,1434,81.85
GOOGL,2026-08-13,2026-08-28,320.0,P,0.78,0.95,0.865,29.3098,-0.082634,0.007403,-0.101521,0.106968,15,346.36,65,554,81.85
GOOGL,2026-08-13,2026-08-28,325.0,P,1.26,1.4,1.33,28.0769,-0.120288,0.010164,-0.127325,0.140695,15,346.36,70,921,81.85
GOOGL,2026-08-13,2026-08-28,330.0,P,1.89,2.17,2.03,27.4665,-0.177697,0.013496,-0.160881,0.182755,15,346.36,236,1134,81.85
GOOGL,2026-08-13,2026-08-28,335.0,P,3.05,3.35,3.2,27.2102,-0.254709,0.016797,-0.195117,0.225331,15,346.36,43,867,81.85
GOOGL,2026-08-13,2026-08-28,340.0,P,4.5,5.0,4.75,27.1125,-0.34739,0.019404,-0.22172,0.259361,15,346.36,141,450,81.85
GOOGL,2026-08-13,2026-08-28,345.0,P,6.6,7.1,6.85,26.8867,-0.449324,0.020962,-0.23255,0.277852,15,346.36,132,965,81.85
GOOGL,2026-08-13,2026-08-28,350.0,P,9.15,9.9,9.525,27.3323,-0.5531,0.020603,-0.232548,0.27763,15,346.36,89,895,81.85
GOOGL,2026-08-13,2026-08-28,355.0,P,12.2,13.25,12.725,28.0647,-0.647236,0.01885,-0.21995,0.260814,15,346.36,36,660,81.85
GOOGL,2026-08-13,2026-08-28,360.0,P,15.9,17.2,16.55,29.6333,-0.721597,0.016134,-0.20577,0.235702,15,346.36,145,610,81.85
GOOGL,2026-08-13,2026-08-28,365.0,P,19.5,21.0,20.25,29.2121,-0.796686,0.013784,-0.163228,0.198518,15,346.36,22,129,81.85
GOOGL,2026-08-13,2026-08-28,370.0,P,23.4,26.45,24.925,35.9076,-0.802257,0.011028,-0.202859,0.195234,15,346.36,42,184,81.85
GOOGL,2026-08-13,2026-08-28,375.0,P,27.45,30.75,29.1,36.4142,-0.845828,0.009287,-0.169578,0.166721,15,346.36,6,114,81.85
GOOGL,2026-08-13,2026-08-28,380.0,P,32.15,35.6,33.875,39.4171,-0.864552,0.007863,-0.166821,0.152796,15,346.36,31,38,81.85
GOOGL,2026-08-13,2026-08-28,385.0,P,37.0,40.25,38.625,40.7599,-0.888816,0.006621,-0.145501,0.133045,15,346.36,11,61,81.85
GOOGL,2026-08-13,2026-08-28,390.0,P,41.75,45.4,43.575,45.3253,-0.890462,0.005891,-0.163032,0.13163,15,346.36,8,80,81.85
GOOGL,2026-08-13,2026-08-28,395.0,P,46.95,50.35,48.65,48.3648,-0.898971,0.005207,-0.163507,0.124149,15,346.36,0,6,81.85
GOOGL,2026-08-13,2026-08-28,400.0,P,51.95,55.4,53.675,52.0391,-0.902803,0.004704,-0.172062,0.120687,15,346.36,0,2,81.85
GOOGL,2026-08-13,2026-08-28,405.0,P,56.95,60.4,58.675,55.2495,-0.907726,0.004264,-0.175946,0.116152,15,346.36,1,0,81.85
GOOGL,2026-08-13,2026-08-28,410.0,P,61.95,65.4,63.675,58.3744,-0.912031,0.003895,-0.179505,0.112101,15,346.36,1,1,81.85
GOOGL,2026-08-13,2026-08-28,420.0,P,71.95,75.4,73.675,64.3924,-0.919222,0.003312,-0.18581,0.105151,15,346.36,1,0,81.85
GOOGL,2026-08-13,2026-08-28,430.0,P,81.95,85.4,83.675,70.1297,-0.925023,0.002874,-0.191187,0.099369,15,346.36,2,0,81.85
GOOGL,2026-08-13,2026-08-28,455.0,P,106.95,110.45,108.7,50.1958,-0.995542,0.00037,0.030627,0.009166,15,346.36,0,0,81.85
GOOGL,2026-08-13,2026-08-28,485.0,P,136.95,140.35,138.65,51.9536,-0.999124,8.2e-05,0.045502,0.002092,15,346.36,0,0,81.85
GOOGL,2026-08-13,2026-09-04,115.0,C,229.8,233.6,231.7,190.8204,0.995236,8.5e-05,-0.062531,0.011778,22,346.36,0,2,81.85
GOOGL,2026-08-13,2026-09-04,190.0,C,154.85,158.8,156.825,113.6723,0.989251,0.000294,-0.081179,0.024136,22,346.36,0,1,81.85
GOOGL,2026-08-13,2026-09-04,195.0,C,150.0,153.8,151.9,111.7192,0.987448,0.000342,-0.08938,0.027615,22,346.36,0,1,81.85
GOOGL,2026-08-13,2026-09-04,230.0,C,115.0,118.9,116.95,84.0334,0.982064,0.000618,-0.094286,0.037528,22,346.36,0,0,81.85
GOOGL,2026-08-13,2026-09-04,235.0,C,110.3,113.95,112.125,83.7892,0.977215,0.000759,-0.110475,0.04597,22,346.36,2,1,81.85
GOOGL,2026-08-13,2026-09-04,255.0,C,89.95,94.0,91.975,65.8695,0.976606,0.000987,-0.095315,0.047002,22,346.36,2,41,81.85
GOOGL,2026-08-13,2026-09-04,260.0,C,85.2,89.05,87.125,64.8197,0.971007,0.0012,-0.108102,0.056242,22,346.36,6,3,81.85
GOOGL,2026-08-13,2026-09-04,265.0,C,80.25,84.05,82.15,61.5482,0.968717,0.001346,-0.109461,0.059901,22,346.36,4,56,81.85
GOOGL,2026-08-13,2026-09-04,270.0,C,75.0,79.05,77.025,56.104,0.970838,0.001393,-0.098324,0.056514,22,346.36,4,2,81.85
GOOGL,2026-08-13,2026-09-04,275.0,C,70.3,74.1,72.2,55.0542,0.963353,0.001714,-0.11186,0.068228,22,346.36,0,0,81.85
GOOGL,2026-08-13,2026-09-04,280.0,C,65.35,69.15,67.25,52.1001,0.95944,0.001967,-0.114608,0.07411,22,346.36,40,30,81.85
GOOGL,2026-08-13,2026-09-04,285.0,C,60.45,64.25,62.35,64.9295,0.906069,0.003036,-0.235625,0.142529,22,346.36,40,26,81.85
GOOGL,2026-08-13,2026-09-04,290.0,C,55.5,59.2,57.35,60.3153,0.901208,0.003392,-0.228399,0.147913,22,346.36,86,65,81.85
GOOGL,2026-08-13,2026-09-04,295.0,C,50.55,54.1,52.325,55.4326,0.896855,0.003808,-0.218298,0.152636,22,346.36,86,55,81.85
GOOGL,2026-08-13,2026-09-04,300.0,C,45.95,49.2,47.575,51.7705,0.887185,0.004349,-0.217725,0.162813,22,346.36,61,41,81.85
GOOGL,2026-08-13,2026-09-04,305.0,C,41.1,44.55,42.825,49.3657,0.8704,0.005029,-0.227434,0.179502,22,346.36,60,14,81.85
GOOGL,2026-08-13,2026-09-04,310.0,C,36.3,39.8,38.05,46.2164,0.854028,0.005826,-0.23044,0.194685,22,346.36,38,45,81.85
GOOGL,2026-08-13,2026-09-04,315.0,C,32.05,34.5,33.275,40.3631,0.848451,0.00684,-0.209413,0.199625,22,346.36,1,105,81.85
GOOGL,2026-08-13,2026-09-04,320.0,C,27.85,29.0,28.425,33.6616,0.847598,0.008232,-0.180103,0.200371,22,346.36,55,3156,81.85
GOOGL,2026-08-13,2026-09-04,325.0,C,22.85,26.15,24.5,37.8546,0.775,0.009317,-0.24397,0.255028,22,346.36,1,135,81.85
GOOGL,2026-08-13,2026-09-04,330.0,C,19.55,21.0,20.275,32.2761,0.751249,0.011548,-0.221938,0.269499,22,346.36,2,230,81.85
GOOGL,2026-08-13,2026-09-04,335.0,C,16.05,17.3,16.675,31.2873,0.692035,0.013222,-0.235251,0.299131,22,346.36,13,130,81.85
GOOGL,2026-08-13,2026-09-04,340.0,C,13.0,13.9,13.45,30.3016,0.624127,0.014727,-0.242731,0.32268,22,346.36,30,165,81.85
GOOGL,2026-08-13,2026-09-04,345.0,C,10.3,11.0,10.65,29.7737,0.548123,0.015643,-0.246018,0.336765,22,346.36,87,323,81.85
GOOGL,2026-08-13,2026-09-04,350.0,C,7.9,8.6,8.25,29.5967,0.469386,0.015805,-0.243134,0.338237,22,346.36,646,641,81.85
GOOGL,2026-08-13,2026-09-04,355.0,C,6.05,6.45,6.25,29.029,0.390217,0.015546,-0.22834,0.326309,22,346.36,78,332,81.85
GOOGL,2026-08-13,2026-09-04,360.0,C,4.6,4.8,4.7,28.852,0.3162,0.014503,-0.209025,0.302562,22,346.36,268,1215,81.85
GOOGL,2026-08-13,2026-09-04,365.0,C,3.4,3.6,3.5,29.0962,0.252439,0.01291,-0.188118,0.271609,22,346.36,127,726,81.85
GOOGL,2026-08-13,2026-09-04,370.0,C,2.44,2.87,2.655,30.1887,0.205072,0.01107,-0.17272,0.241653,22,346.36,127,814,81.85
GOOGL,2026-08-13,2026-09-04,375.0,C,1.79,2.1,1.945,30.323,0.158662,0.009384,-0.14717,0.205763,22,346.36,219,1947,81.85
GOOGL,2026-08-13,2026-09-04,380.0,C,1.25,1.42,1.335,29.8957,0.115891,0.007677,-0.116695,0.165961,22,346.36,212,434,81.85
GOOGL,2026-08-13,2026-09-04,385.0,C,0.95,1.25,1.1,31.7512,0.098668,0.006437,-0.109984,0.147778,22,346.36,93,375,81.85
GOOGL,2026-08-13,2026-09-04,390.0,C,0.53,0.78,0.655,30.9089,0.067269,0.004954,-0.080068,0.110722,22,346.36,21,456,81.85
GOOGL,2026-08-13,2026-09-04,395.0,C,0.51,0.62,0.565,31.861,0.05345,0.004014,-0.068784,0.092478,22,346.36,73,266,81.85
GOOGL,2026-08-13,2026-09-04,400.0,C,0.4,0.48,0.44,32.5934,0.041684,0.003215,-0.057547,0.07577,22,346.36,175,1529,81.85
GOOGL,2026-08-13,2026-09-04,405.0,C,0.24,0.55,0.395,35.7184,0.043236,0.003022,-0.064822,0.078044,22,346.36,11,299,81.85
GOOGL,2026-08-13,2026-09-04,410.0,C,0.08,0.38,0.23,35.5475,0.031191,0.002325,-0.049336,0.059755,22,346.36,13,533,81.85
GOOGL,2026-08-13,2026-09-04,415.0,C,0.04,0.36,0.2,37.2565,0.028292,0.002046,-0.047624,0.055109,22,346.36,7,166,81.85
GOOGL,2026-08-13,2026-09-04,420.0,C,0.05,0.38,0.215,39.649,0.028144,0.001914,-0.050397,0.054869,22,346.36,23,344,81.85
GOOGL,2026-08-13,2026-09-04,425.0,C,0.01,0.36,0.185,41.2604,0.025755,0.001708,-0.048652,0.050952,22,346.36,2,1114,81.85
GOOGL,2026-08-13,2026-09-04,430.0,C,0.01,0.18,0.095,39.0143,0.014368,0.0011,-0.028004,0.031032,22,346.36,2,270,81.85
GOOGL,2026-08-13,2026-09-04,435.0,C,0.01,0.33,0.17,44.483,0.022138,0.001395,-0.046107,0.044866,22,346.36,1,43,81.85
GOOGL,2026-08-13,2026-09-04,440.0,C,0.01,0.31,0.16,45.899,0.020309,0.001257,-0.044196,0.04171,22,346.36,1,461,81.85
GOOGL,2026-08-13,2026-09-04,445.0,C,0.01,0.22,0.115,45.4107,0.014928,0.000977,-0.033603,0.03207,22,346.36,29,40,81.85
GOOGL,2026-08-13,2026-09-04,450.0,C,0.01,0.29,0.15,48.9751,0.017935,0.00106,-0.042374,0.037526,22,346.36,1,253,81.85
GOOGL,2026-08-13,2026-09-04,455.0,C,0.01,0.29,0.15,50.7329,0.017422,0.000998,-0.042796,0.036608,22,346.36,3,154,81.85
GOOGL,2026-08-13,2026-09-04,460.0,C,0.01,0.27,0.14,51.9048,0.015958,0.000905,-0.040599,0.033961,22,346.36,5,18,81.85
GOOGL,2026-08-13,2026-09-04,465.0,C,0.01,0.27,0.14,53.5649,0.015497,0.000855,-0.040836,0.033117,22,346.36,5,2,81.85
GOOGL,2026-08-13,2026-09-04,470.0,C,0.01,0.26,0.135,50.4888,0.008594,0.000544,-0.023067,0.01985,22,346.36,12,233,81.85
GOOGL,2026-08-13,2026-09-04,475.0,C,0.01,0.26,0.135,51.9536,0.008313,0.000513,-0.023043,0.019278,22,346.36,5,9,81.85
GOOGL,2026-08-13,2026-09-04,480.0,C,0.01,0.26,0.135,53.4184,0.008075,0.000487,-0.023087,0.018792,22,346.36,6,15,81.85
GOOGL,2026-08-13,2026-09-04,485.0,C,0.01,0.26,0.135,54.8833,0.007875,0.000463,-0.023194,0.018382,22,346.36,1,1,81.85
GOOGL,2026-08-13,2026-09-04,490.0,C,0.01,0.25,0.13,56.1528,0.00752,0.000435,-0.02278,0.017652,22,346.36,1,1,81.85
GOOGL,2026-08-13,2026-09-04,495.0,C,0.01,0.25,0.13,57.52,0.007299,0.000413,-0.022723,0.017194,22,346.36,1,4,81.85
GOOGL,2026-08-13,2026-09-04,500.0,C,0.01,0.25,0.13,58.8871,0.007109,0.000395,-0.022722,0.016799,22,346.36,14,23,81.85
GOOGL,2026-08-13,2026-09-04,505.0,C,0.01,0.24,0.125,60.059,0.006784,0.000371,-0.02223,0.016119,22,346.36,4,19,81.85
GOOGL,2026-08-13,2026-09-04,510.0,C,0.01,0.24,0.125,61.3285,0.006574,0.000354,-0.022071,0.015676,22,346.36,1,18,81.85
GOOGL,2026-08-13,2026-09-04,515.0,C,0.03,0.12,0.075,59.3754,0.00423,0.000247,-0.014435,0.010592,22,346.36,9,4,81.85
GOOGL,2026-08-13,2026-09-04,520.0,C,0.01,0.12,0.065,59.766,0.003672,0.000216,-0.012799,0.009331,22,346.36,3,4,81.85
GOOGL,2026-08-13,2026-09-04,525.0,C,0.01,0.23,0.12,65.0394,0.006021,0.000308,-0.021638,0.014502,22,346.36,12,11,81.85
GOOGL,2026-08-13,2026-09-04,530.0,C,0.01,0.9,0.455,78.3205,0.017663,0.000654,-0.066514,0.037041,22,346.36,29,4,81.85
GOOGL,2026-08-13,2026-09-04,535.0,C,0.0,2.15,1.075,91.0401,0.034112,0.000977,-0.134213,0.064333,22,346.36,1,2,81.85
GOOGL,2026-08-13,2026-09-04,540.0,C,0.0,2.15,1.075,92.5782,0.033594,0.000949,-0.134751,0.063529,22,346.36,0,1,81.85
GOOGL,2026-08-13,2026-09-04,545.0,C,0.0,2.14,1.07,94.043,0.033013,0.000921,-0.134908,0.062622,22,346.36,2,2,81.85
GOOGL,2026-08-13,2026-09-04,550.0,C,0.01,0.13,0.07,67.3831,0.003476,0.000182,-0.013718,0.008882,22,346.36,22,31,81.85
GOOGL,2026-08-13,2026-09-04,175.0,P,0.0,2.13,1.065,145.5569,-0.01807,0.000359,-0.124214,0.037768,22,346.36,0,0,81.85
GOOGL,2026-08-13,2026-09-04,180.0,P,0.0,2.13,1.065,140.1858,-0.018748,0.000384,-0.12341,0.038971,22,346.36,0,1,81.85
GOOGL,2026-08-13,2026-09-04,185.0,P,0.0,2.13,1.065,135.0101,-0.019487,0.000413,-0.122796,0.040273,22,346.36,0,2,81.85
GOOGL,2026-08-13,2026-09-04,190.0,P,0.0,2.13,1.065,129.932,-0.020239,0.000443,-0.122006,0.041588,22,346.36,0,1,81.85
GOOGL,2026-08-13,2026-09-04,195.0,P,0.0,2.13,1.065,124.9515,-0.021008,0.000475,-0.121063,0.042924,22,346.36,9,1,81.85
GOOGL,2026-08-13,2026-09-04,200.0,P,0.0,2.13,1.065,120.1176,-0.021836,0.000511,-0.120209,0.044349,22,346.36,3,1,81.85
GOOGL,2026-08-13,2026-09-04,205.0,P,0.0,2.13,1.065,115.4057,-0.022716,0.000549,-0.119372,0.045852,22,346.36,4,0,81.85
GOOGL,2026-08-13,2026-09-04,210.0,P,0.0,2.14,1.07,110.8891,-0.023723,0.000593,-0.118929,0.047558,22,346.36,10,1,81.85
GOOGL,2026-08-13,2026-09-04,215.0,P,0.0,2.14,1.07,106.3481,-0.024682,0.000639,-0.117878,0.049168,22,346.36,8,6,81.85
GOOGL,2026-08-13,2026-09-04,220.0,P,0.0,2.14,1.07,101.9292,-0.025727,0.000691,-0.116928,0.050905,22,346.36,74,66,81.85
GOOGL,2026-08-13,2026-09-04,225.0,P,0.0,2.14,1.07,97.583,-0.026821,0.000747,-0.115862,0.05271,22,346.36,38,35,81.85
GOOGL,2026-08-13,2026-09-04,230.0,P,0.0,2.15,1.075,93.4083,-0.02809,0.000811,-0.115212,0.05478,22,346.36,14,23,81.85
GOOGL,2026-08-13,2026-09-04,235.0,P,0.0,0.24,0.12,64.0629,-0.005247,0.000277,-0.018493,0.012835,22,346.36,10,57,81.85
GOOGL,2026-08-13,2026-09-04,240.0,P,0.01,0.12,0.065,56.8364,-0.003316,0.000207,-0.010877,0.008515,22,346.36,6,28,81.85
GOOGL,2026-08-13,2026-09-04,245.0,P,0.01,0.25,0.13,58.3989,-0.006173,0.000351,-0.019453,0.014828,22,346.36,7,44,81.85
GOOGL,2026-08-13,2026-09-04,250.0,P,0.02,0.13,0.075,51.7583,-0.004063,0.000273,-0.01187,0.010217,22,346.36,6,60,81.85
GOOGL,2026-08-13,2026-09-04,255.0,P,0.02,0.14,0.08,52.8325,-0.007285,0.000449,-0.020343,0.017165,22,346.36,6,11,81.85
GOOGL,2026-08-13,2026-09-04,260.0,P,0.03,0.12,0.075,48.8286,-0.006737,0.000454,-0.017532,0.01602,22,346.36,6,16,81.85
GOOGL,2026-08-13,2026-09-04,265.0,P,0.04,0.11,0.075,45.4107,-0.006617,0.00048,-0.016032,0.015768,22,346.36,23,9,81.85
GOOGL,2026-08-13,2026-09-04,270.0,P,0.03,0.12,0.075,43.067,-0.007559,0.000569,-0.017081,0.017733,22,346.36,10,61,81.85
GOOGL,2026-08-13,2026-09-04,275.0,P,0.02,0.16,0.09,41.8463,-0.010204,0.000762,-0.021566,0.023067,22,346.36,6,69,81.85
GOOGL,2026-08-13,2026-09-04,280.0,P,0.1,0.31,0.205,43.0181,-0.018408,0.001233,-0.036839,0.038368,22,346.36,9,291,81.85
GOOGL,2026-08-13,2026-09-04,285.0,P,0.01,0.19,0.1,37.0123,-0.013351,0.001088,-0.024017,0.029127,22,346.36,2,155,81.85
GOOGL,2026-08-13,2026-09-04,290.0,P,0.1,0.28,0.19,36.2799,-0.019532,0.001538,-0.032562,0.040352,22,346.36,2,233,81.85
GOOGL,2026-08-13,2026-09-04,295.0,P,0.2,0.33,0.265,34.2292,-0.023934,0.001936,-0.036404,0.047913,22,346.36,6,267,81.85
GOOGL,2026-08-13,2026-09-04,300.0,P,0.3,0.41,0.355,32.447,-0.030621,0.002508,-0.042287,0.05885,22,346.36,18,237,81.85
GOOGL,2026-08-13,2026-09-04,305.0,P,0.35,0.74,0.545,33.1306,-0.051386,0.003741,-0.065619,0.089631,22,346.36,22,253,81.85
GOOGL,2026-08-13,2026-09-04,310.0,P,0.7,0.8,0.75,30.2741,-0.059453,0.004594,-0.067038,0.100571,22,346.36,5,533,81.85
GOOGL,2026-08-13,2026-09-04,315.0,P,0.9,1.11,1.005,29.1755,-0.081965,0.006103,-0.082396,0.128754,22,346.36,17,377,81.85
GOOGL,2026-08-13,2026-09-04,320.0,P,1.53,1.79,1.66,29.4624,-0.12274,0.008112,-0.111248,0.172824,22,346.36,217,762,81.85
GOOGL,2026-08-13,2026-09-04,325.0,P,2.2,2.42,2.31,28.3454,-0.163155,0.010224,-0.12904,0.209548,22,346.36,100,509,81.85
GOOGL,2026-08-13,2026-09-04,330.0,P,3.0,3.4,3.2,27.7717,-0.218725,0.012496,-0.150387,0.250941,22,346.36,63,1531,81.85
GOOGL,2026-08-13,2026-09-04,335.0,P,4.5,4.75,4.625,27.4238,-0.287009,0.014607,-0.170003,0.289656,22,346.36,47,790,81.85
GOOGL,2026-08-13,2026-09-04,340.0,P,6.0,6.55,6.275,27.3262,-0.365769,0.016187,-0.185168,0.319848,22,346.36,186,1031,81.85
GOOGL,2026-08-13,2026-09-04,345.0,P,8.25,8.85,8.55,27.491,-0.450212,0.016933,-0.193633,0.336591,22,346.36,154,1414,81.85
GOOGL,2026-08-13,2026-09-04,350.0,P,10.75,11.45,11.1,27.3079,-0.535502,0.017112,-0.189784,0.337892,22,346.36,28,504,81.85
GOOGL,2026-08-13,2026-09-04,355.0,P,13.65,14.6,14.125,27.552,-0.616928,0.016291,-0.180133,0.324559,22,346.36,30,489,81.85
GOOGL,2026-08-13,2026-09-04,360.0,P,16.9,18.1,17.5,27.7473,-0.69152,0.01492,-0.162704,0.299351,22,346.36,12,548,81.85
GOOGL,2026-08-13,2026-09-04,365.0,P,20.6,22.0,21.3,28.2234,-0.754787,0.013105,-0.142859,0.267442,22,346.36,5,243,81.85
GOOGL,2026-08-13,2026-09-04,370.0,P,23.75,26.35,25.05,29.5417,-0.800466,0.011129,-0.128879,0.237729,22,346.36,2,182,81.85
GOOGL,2026-08-13,2026-09-04,375.0,P,28.2,31.4,29.8,33.332,-0.816644,0.009365,-0.139185,0.225724,22,346.36,2,659,81.85
GOOGL,2026-08-13,2026-09-04,380.0,P,33.25,36.25,34.75,36.0602,-0.835845,0.008069,-0.139443,0.210381,22,346.36,6,76,81.85
GOOGL,2026-08-13,2026-09-04,385.0,P,37.3,40.8,39.05,37.049,-0.862749,0.00697,-0.122846,0.186726,22,346.36,1,20,81.85
GOOGL,2026-08-13,2026-09-04,390.0,P,42.55,45.05,43.8,35.633,-0.900992,0.00575,-0.083821,0.14815,22,346.36,1,27,81.85
GOOGL,2026-08-13,2026-09-04,395.0,P,47.0,50.5,48.75,41.2604,-0.889627,0.005372,-0.113995,0.160283,22,346.36,0,2,81.85
GOOGL,2026-08-13,2026-09-04,400.0,P,51.75,55.35,53.55,43.0792,-0.901024,0.004755,-0.107816,0.148115,22,346.36,2,2,81.85
GOOGL,2026-08-13,2026-09-04,410.0,P,61.7,65.4,63.55,48.6944,-0.908654,0.003965,-0.11603,0.139617,22,346.36,78,0,81.85
GOOGL,2026-08-13,2026-09-04,415.0,P,66.7,70.4,68.55,51.2334,-0.912572,0.003648,-0.118227,0.135138,22,346.36,0,0,81.85
GOOGL,2026-08-13,2026-09-04,425.0,P,76.9,80.45,78.675,56.5068,-0.91765,0.003162,-0.125613,0.129209,22,346.36,0,0,81.85
GOOGL,2026-08-13,2026-09-04,430.0,P,81.95,85.45,83.7,58.8871,-0.920501,0.002955,-0.127459,0.125818,22,346.36,0,0,81.85
GOOGL,2026-08-13,2026-09-11,180.0,C,164.7,168.8,166.75,104.8833,0.991147,0.000234,-0.06017,0.02339,29,346.36,0,11,81.85
GOOGL,2026-08-13,2026-09-11,200.0,C,144.8,148.85,146.825,91.8458,0.988153,0.000344,-0.067539,0.030156,29,346.36,0,0,81.85
GOOGL,2026-08-13,2026-09-11,205.0,C,139.9,143.95,141.925,90.8204,0.985673,0.000411,-0.075846,0.03554,29,346.36,1,2,81.85
GOOGL,2026-08-13,2026-09-11,220.0,C,124.85,129.0,126.925,79.9318,0.983827,0.000518,-0.076003,0.039441,29,346.36,0,1,81.85
GOOGL,2026-08-13,2026-09-11,270.0,C,75.55,79.2,77.375,53.3452,0.960036,0.001653,-0.103154,0.084069,29,346.36,3,9,81.85
GOOGL,2026-08-13,2026-09-11,290.0,C,56.35,59.5,57.925,54.4194,0.895021,0.003422,-0.191912,0.177499,29,346.36,80,5,81.85
GOOGL,2026-08-13,2026-09-11,295.0,C,51.05,54.4,52.725,50.0982,0.890287,0.003837,-0.18399,0.183234,29,346.36,1,22,81.85
GOOGL,2026-08-13,2026-09-11,300.0,C,46.3,49.75,48.025,47.9925,0.875264,0.004387,-0.191716,0.200677,29,346.36,2,23,81.85
GOOGL,2026-08-13,2026-09-11,305.0,C,41.5,45.0,43.25,45.2276,0.860894,0.005019,-0.194353,0.216356,29,346.36,3,4,81.85
GOOGL,2026-08-13,2026-09-11,310.0,C,36.85,40.35,38.6,42.7313,0.842659,0.005769,-0.19857,0.234947,29,346.36,2,5,81.85
GOOGL,2026-08-13,2026-09-11,315.0,C,32.6,35.15,33.875,37.9279,0.833658,0.006739,-0.184994,0.243621,29,346.36,3,5,81.85
GOOGL,2026-08-13,2026-09-11,320.0,C,27.95,31.3,29.625,37.9645,0.794099,0.007686,-0.20673,0.278113,29,346.36,4,11,81.85
GOOGL,2026-08-13,2026-09-11,325.0,C,23.85,27.2,25.525,36.4997,0.757647,0.00877,-0.215838,0.305117,29,346.36,3,18,81.85
GOOGL,2026-08-13,2026-09-11,330.0,C,19.95,23.4,21.675,35.4193,0.713641,0.00984,-0.225539,0.332203,29,346.36,1,22,81.85
GOOGL,2026-08-13,2026-09-11,335.0,C,17.65,18.6,18.125,31.0127,0.676836,0.01186,-0.209311,0.350564,29,346.36,1,36,81.85
GOOGL,2026-08-13,2026-09-11,340.0,C,14.65,15.75,15.2,31.3667,0.612989,0.012501,-0.222045,0.373757,29,346.36,2318,77,81.85
GOOGL,2026-08-13,2026-09-11,345.0,C,11.6,12.35,11.975,29.4898,0.549463,0.01375,-0.21454,0.386487,29,346.36,107,282,81.85
GOOGL,2026-08-13,2026-09-11,350.0,C,9.55,9.8,9.675,28.9558,0.479577,0.014094,-0.21003,0.388974,29,346.36,157,216,81.85
GOOGL,2026-08-13,2026-09-11,355.0,C,7.45,7.75,7.6,28.8276,0.410457,0.013816,-0.202311,0.379632,29,346.36,114,359,81.85
GOOGL,2026-08-13,2026-09-11,360.0,C,5.85,6.35,6.1,29.5967,0.349749,0.012815,-0.196118,0.361524,29,346.36,320,368,81.85
GOOGL,2026-08-13,2026-09-11,365.0,C,4.5,4.9,4.7,29.4746,0.289801,0.011892,-0.179455,0.334082,29,346.36,32,136,81.85
GOOGL,2026-08-13,2026-09-11,370.0,C,3.45,3.75,3.6,29.4563,0.236309,0.010719,-0.160755,0.300937,29,346.36,911,895,81.85
GOOGL,2026-08-13,2026-09-11,375.0,C,2.45,2.97,2.71,29.969,0.193957,0.009392,-0.145142,0.268295,29,346.36,131,315,81.85
GOOGL,2026-08-13,2026-09-11,380.0,C,1.93,2.25,2.09,30.0605,0.154615,0.008106,-0.12558,0.232257,29,346.36,52,436,81.85
GOOGL,2026-08-13,2026-09-11,385.0,C,1.43,1.68,1.555,30.1154,0.121237,0.006853,-0.10623,0.196714,29,346.36,11,251,81.85
GOOGL,2026-08-13,2026-09-11,390.0,C,1.14,1.27,1.205,30.3596,0.095179,0.00571,-0.08971,0.16524,29,346.36,24,158,81.85
GOOGL,2026-08-13,2026-09-11,395.0,C,0.86,1.02,0.94,31.0676,0.077342,0.004778,-0.078395,0.141473,29,346.36,75,168,81.85
GOOGL,2026-08-13,2026-09-11,400.0,C,0.68,0.79,0.735,31.4948,0.06125,0.003937,-0.066252,0.118189,29,346.36,652,585,81.85
GOOGL,2026-08-13,2026-09-11,405.0,C,0.32,0.63,0.475,32.093,0.049345,0.003257,-0.056803,0.099637,29,346.36,5,201,81.85
GOOGL,2026-08-13,2026-09-11,410.0,C,0.4,0.51,0.455,32.7643,0.040198,0.002705,-0.049079,0.084469,29,346.36,1,97,81.85
GOOGL,2026-08-13,2026-09-11,415.0,C,0.15,0.61,0.38,35.7917,0.043404,0.002635,-0.056933,0.089884,29,346.36,1,65,81.85
GOOGL,2026-08-13,2026-09-11,420.0,C,0.06,0.4,0.23,35.0104,0.030446,0.002015,-0.041622,0.067246,29,346.36,17,95,81.85
GOOGL,2026-08-13,2026-09-11,425.0,C,0.02,0.51,0.265,38.2819,0.034765,0.002056,-0.050689,0.075022,29,346.36,15,40,81.85
GOOGL,2026-08-13,2026-09-11,430.0,C,0.12,0.44,0.28,39.0631,0.02987,0.001778,-0.045587,0.066191,29,346.36,4,39,81.85
GOOGL,2026-08-13,2026-09-11,435.0,C,0.01,0.44,0.225,40.7721,0.028738,0.001649,-0.046028,0.064101,29,346.36,4,18,81.85
GOOGL,2026-08-13,2026-09-11,440.0,C,0.01,0.42,0.215,42.1148,0.026701,0.001502,-0.044677,0.060291,29,346.36,3,5,81.85
GOOGL,2026-08-13,2026-09-11,445.0,C,0.01,0.4,0.205,43.4088,0.024833,0.001371,-0.0433,0.05674,29,346.36,1,4,81.85
GOOGL,2026-08-13,2026-09-11,450.0,C,0.01,0.39,0.2,44.8248,0.023554,0.00127,-0.042737,0.054275,29,346.36,12,80,81.85
GOOGL,2026-08-13,2026-09-11,455.0,C,0.01,0.38,0.195,46.2164,0.022401,0.001181,-0.042209,0.052029,29,346.36,1,2,81.85
GOOGL,2026-08-13,2026-09-11,460.0,C,0.06,0.19,0.125,43.3599,0.012662,0.000773,-0.024309,0.031945,29,346.36,4,15,81.85
GOOGL,2026-08-13,2026-09-11,465.0,C,0.01,0.35,0.18,48.6577,0.019813,0.001011,-0.040004,0.046895,29,346.36,1,7,81.85
GOOGL,2026-08-13,2026-09-11,470.0,C,0.01,0.34,0.175,49.9028,0.018815,0.000944,-0.039244,0.04488,29,346.36,34,7,81.85
GOOGL,2026-08-13,2026-09-11,475.0,C,0.01,0.33,0.17,51.1235,0.017897,0.000883,-0.038507,0.043008,29,346.36,1,18,81.85
GOOGL,2026-08-13,2026-09-11,480.0,C,0.01,0.33,0.17,52.5395,0.017453,0.000841,-0.038715,0.042095,29,346.36,3,9,81.85
GOOGL,2026-08-13,2026-09-11,485.0,C,0.01,0.32,0.165,53.7114,0.016643,0.00079,-0.037987,0.040421,29,346.36,1,3,81.85
GOOGL,2026-08-13,2026-09-11,495.0,C,0.01,0.31,0.16,51.6118,0.0091,0.000487,-0.021627,0.023961,29,346.36,5,3,81.85
GOOGL,2026-08-13,2026-09-11,500.0,C,0.01,0.31,0.16,52.8325,0.008869,0.000465,-0.021637,0.023427,29,346.36,11,6,81.85
GOOGL,2026-08-13,2026-09-11,505.0,C,0.01,0.3,0.155,53.9067,0.00851,0.00044,-0.021283,0.022593,29,346.36,3,3,81.85
GOOGL,2026-08-13,2026-09-11,510.0,C,0.01,0.3,0.155,55.0786,0.008294,0.000421,-0.021254,0.02209,29,346.36,2,22,81.85
GOOGL,2026-08-13,2026-09-11,515.0,C,0.01,0.3,0.155,56.2504,0.008107,0.000404,-0.021269,0.021651,29,346.36,2,14,81.85
GOOGL,2026-08-13,2026-09-11,520.0,C,0.01,0.29,0.15,57.227,0.007756,0.000382,-0.020806,0.020824,29,346.36,3,2,81.85
GOOGL,2026-08-13,2026-09-11,525.0,C,0.01,0.3,0.155,58.5942,0.007806,0.000375,-0.021417,0.020943,29,346.36,1,2,81.85
GOOGL,2026-08-13,2026-09-11,545.0,C,0.01,0.29,0.15,62.891,0.007106,0.000322,-0.02114,0.019278,29,346.36,3,2,81.85
GOOGL,2026-08-13,2026-09-11,550.0,C,0.01,0.28,0.145,63.7699,0.006823,0.000306,-0.020677,0.0186,29,346.36,2,7,81.85
GOOGL,2026-08-13,2026-09-11,100.0,P,0.0,2.12,1.06,220.7036,-0.010369,0.000128,-0.10173,0.026855,29,346.36,0,1,81.85
GOOGL,2026-08-13,2026-09-11,180.0,P,0.0,2.13,1.065,122.7543,-0.01908,0.000388,-0.095355,0.045417,29,346.36,0,0,81.85
GOOGL,2026-08-13,2026-09-11,185.0,P,0.0,2.14,1.07,118.311,-0.019888,0.000417,-0.095168,0.047045,29,346.36,0,0,81.85
GOOGL,2026-08-13,2026-09-11,190.0,P,0.0,2.14,1.07,113.8432,-0.020634,0.000447,-0.09445,0.048538,29,346.36,8,5,81.85
GOOGL,2026-08-13,2026-09-11,195.0,P,0.0,2.14,1.07,109.5219,-0.021445,0.00048,-0.093843,0.050147,29,346.36,2,0,81.85
GOOGL,2026-08-13,2026-09-11,200.0,P,0.0,2.14,1.07,105.2739,-0.022271,0.000516,-0.093094,0.051774,29,346.36,8,1,81.85
GOOGL,2026-08-13,2026-09-11,205.0,P,0.0,2.15,1.075,101.2212,-0.02323,0.000556,-0.09271,0.053646,29,346.36,4,0,81.85
GOOGL,2026-08-13,2026-09-11,210.0,P,0.0,2.15,1.075,97.168,-0.024157,0.000599,-0.091934,0.05544,29,346.36,4,1,81.85
GOOGL,2026-08-13,2026-09-11,215.0,P,0.0,2.15,1.075,93.213,-0.025148,0.000645,-0.091175,0.057342,29,346.36,4,3,81.85
GOOGL,2026-08-13,2026-09-11,220.0,P,0.0,2.16,1.08,89.4044,-0.026273,0.000698,-0.090668,0.059482,29,346.36,23,20,81.85
GOOGL,2026-08-13,2026-09-11,225.0,P,0.01,0.28,0.145,63.184,-0.00574,0.000265,-0.017174,0.015961,29,346.36,28,20,81.85
GOOGL,2026-08-13,2026-09-11,230.0,P,0.01,0.29,0.15,60.5473,-0.006185,0.000295,-0.017571,0.017052,29,346.36,14,24,81.85
GOOGL,2026-08-13,2026-09-11,235.0,P,0.01,0.29,0.15,57.6176,-0.006428,0.000321,-0.01729,0.017645,29,346.36,4,26,81.85
GOOGL,2026-08-13,2026-09-11,240.0,P,0.01,0.3,0.155,55.0786,-0.006957,0.00036,-0.017712,0.018922,29,346.36,10,17,81.85
GOOGL,2026-08-13,2026-09-11,245.0,P,0.01,0.15,0.08,52.0513,-0.00708,0.000387,-0.016984,0.019216,29,346.36,14,10,81.85
GOOGL,2026-08-13,2026-09-11,250.0,P,0.01,0.13,0.07,48.438,-0.006613,0.000392,-0.014866,0.018092,29,346.36,13,16,81.85
GOOGL,2026-08-13,2026-09-11,255.0,P,0.03,0.17,0.1,47.4615,-0.008708,0.00051,-0.018544,0.023053,29,346.36,6,5,81.85
GOOGL,2026-08-13,2026-09-11,260.0,P,0.01,0.16,0.085,44.4341,-0.008752,0.000547,-0.017418,0.023155,29,346.36,5,7,81.85
GOOGL,2026-08-13,2026-09-11,265.0,P,0.02,0.18,0.1,42.481,-0.010157,0.000651,-0.018947,0.026376,29,346.36,24,13,81.85
GOOGL,2026-08-13,2026-09-11,270.0,P,0.11,0.19,0.15,40.1373,-0.011186,0.00075,-0.019445,0.02869,29,346.36,15,12,81.85
GOOGL,2026-08-13,2026-09-11,275.0,P,0.12,0.22,0.17,38.3307,-0.013326,0.000914,-0.021578,0.033388,29,346.36,14,25,81.85
GOOGL,2026-08-13,2026-09-11,280.0,P,0.01,0.46,0.235,40.2594,-0.025178,0.001496,-0.038919,0.057401,29,346.36,2,33,81.85
GOOGL,2026-08-13,2026-09-11,285.0,P,0.03,0.51,0.27,38.1354,-0.029039,0.001779,-0.041448,0.064658,29,346.36,172,54,81.85
GOOGL,2026-08-13,2026-09-11,290.0,P,0.1,0.59,0.345,36.2555,-0.034552,0.00216,-0.045394,0.074644,29,346.36,12,106,81.85
GOOGL,2026-08-13,2026-09-11,295.0,P,0.18,0.55,0.365,32.9108,-0.03528,0.002421,-0.041799,0.075933,29,346.36,16,2688,81.85
GOOGL,2026-08-13,2026-09-11,300.0,P,0.55,0.67,0.61,31.2995,-0.043983,0.003045,-0.047423,0.09085,29,346.36,4,386,81.85
GOOGL,2026-08-13,2026-09-11,305.0,P,0.65,0.86,0.755,30.0056,-0.056979,0.003905,-0.055696,0.111676,29,346.36,13,101,81.85
GOOGL,2026-08-13,2026-09-11,310.0,P,1.03,1.19,1.11,29.2365,-0.077409,0.00508,-0.068534,0.141566,29,346.36,88,180,81.85
GOOGL,2026-08-13,2026-09-11,315.0,P,1.48,1.68,1.58,28.7239,-0.105827,0.006521,-0.084548,0.178535,29,346.36,25,217,81.85
GOOGL,2026-08-13,2026-09-11,320.0,P,2.12,2.4,2.26,28.4919,-0.144016,0.008156,-0.10353,0.2215,29,346.36,57,417,81.85
GOOGL,2026-08-13,2026-09-11,325.0,P,3.0,3.25,3.125,27.906,-0.187813,0.00989,-0.119664,0.263049,29,346.36,79,1085,81.85
GOOGL,2026-08-13,2026-09-11,330.0,P,4.05,4.35,4.2,27.3628,-0.240693,0.011655,-0.134547,0.30398,29,346.36,177,1384,81.85
GOOGL,2026-08-13,2026-09-11,335.0,P,5.45,6.15,5.8,27.9914,-0.308741,0.012887,-0.154503,0.343818,29,346.36,85,450,81.85
GOOGL,2026-08-13,2026-09-11,340.0,P,7.05,7.7,7.375,26.96,-0.374252,0.014398,-0.158093,0.369972,29,346.36,77,346,81.85
GOOGL,2026-08-13,2026-09-11,345.0,P,9.25,10.2,9.725,27.4971,-0.449275,0.014741,-0.166393,0.386332,29,346.36,33,412,81.85
GOOGL,2026-08-13,2026-09-11,350.0,P,11.85,12.85,12.35,27.4665,-0.523246,0.014852,-0.164508,0.388823,29,346.36,80,396,81.85
GOOGL,2026-08-13,2026-09-11,355.0,P,14.75,15.7,15.225,27.0332,-0.597399,0.014663,-0.153585,0.377818,29,346.36,14,635,81.85
GOOGL,2026-08-13,2026-09-11,360.0,P,17.95,19.35,18.65,27.8389,-0.661105,0.013465,-0.14637,0.357277,29,346.36,1,173,81.85
GOOGL,2026-08-13,2026-09-11,365.0,P,20.55,23.95,22.25,30.6953,-0.701445,0.011577,-0.152259,0.338707,29,346.36,4,73,81.85
GOOGL,2026-08-13,2026-09-11,370.0,P,24.5,27.9,26.2,31.1286,-0.750179,0.010452,-0.13734,0.310125,29,346.36,1,46,81.85
GOOGL,2026-08-13,2026-09-11,375.0,P,28.75,32.0,30.375,31.4033,-0.793898,0.009297,-0.119614,0.278274,29,346.36,1,33,81.85
GOOGL,2026-08-13,2026-09-11,380.0,P,33.15,36.45,34.8,32.3859,-0.825751,0.008131,-0.107519,0.250978,29,346.36,10,126,81.85
GOOGL,2026-08-13,2026-09-11,385.0,P,38.3,41.25,39.775,34.4245,-0.844023,0.00712,-0.104902,0.233605,29,346.36,16,93,81.85
GOOGL,2026-08-13,2026-09-11,390.0,P,42.35,45.9,44.125,35.5719,-0.865208,0.006245,-0.094904,0.211747,29,346.36,0,2,81.85
GOOGL,2026-08-13,2026-09-11,395.0,P,47.15,50.65,48.9,36.9147,-0.881512,0.005501,-0.087177,0.193558,29,346.36,0,3,81.85
GOOGL,2026-08-13,2026-09-11,400.0,P,52.0,55.6,53.8,39.1119,-0.889565,0.004938,-0.087347,0.184098,29,346.36,0,2,81.85
GOOGL,2026-08-13,2026-09-11,405.0,P,56.75,60.4,58.575,40.357,-0.901856,0.004394,-0.079881,0.169006,29,346.36,1,5,81.85
GOOGL,2026-08-13,2026-09-11,410.0,P,61.7,65.35,63.525,42.3346,-0.908112,0.00399,-0.07908,0.161001,29,346.36,0,0,81.85
GOOGL,2026-08-13,2026-09-11,415.0,P,66.7,70.45,68.575,45.1666,-0.908792,0.003719,-0.085714,0.160118,29,346.36,0,0,81.85
GOOGL,2026-08-13,2026-09-18,10.0,C,334.55,338.35,336.45,425.0005,0.999559,3e-06,-0.011136,0.001719,36,346.36,38,28,81.85
GOOGL,2026-08-13,2026-09-18,20.0,C,280.7,284.35,282.525,0.001,1.0,0.0,-0.002023,0.0,36,346.36,2,2,81.85
GOOGL,2026-08-13,2026-09-18,30.0,C,310.1,314.3,312.2,0.001,1.0,0.0,-0.003034,0.0,36,346.36,2,2,81.85
GOOGL,2026-08-13,2026-09-18,40.0,C,304.6,308.45,306.525,267.1878,0.998634,1.5e-05,-0.022067,0.004873,36,346.36,1,2,81.85
GOOGL,2026-08-13,2026-09-18,50.0,C,294.65,298.45,296.55,242.7738,0.998275,2.1e-05,-0.025308,0.006029,36,346.36,1,6,81.85
GOOGL,2026-08-13,2026-09-18,60.0,C,284.75,288.5,286.625,228.7114,0.997484,3.1e-05,-0.032928,0.008491,36,346.36,1,4,81.85
GOOGL,2026-08-13,2026-09-18,70.0,C,274.7,278.5,276.6,206.2505,0.99743,3.5e-05,-0.031766,0.008657,36,346.36,1,8,81.85
GOOGL,2026-08-13,2026-09-18,75.0,C,269.7,273.5,271.6,197.461,0.997308,3.9e-05,-0.03222,0.009025,36,346.36,1,4,81.85
GOOGL,2026-08-13,2026-09-18,80.0,C,264.75,268.5,266.625,191.6016,0.99695,4.5e-05,-0.034844,0.010102,36,346.36,2,17,81.85
GOOGL,2026-08-13,2026-09-18,85.0,C,259.75,263.55,261.65,185.9376,0.996574,5.1e-05,-0.037411,0.011214,36,346.36,2,9,81.85
GOOGL,2026-08-13,2026-09-18,90.0,C,254.9,258.6,256.75,185.5469,0.995478,6.6e-05,-0.04597,0.014382,36,346.36,2,30,81.85
GOOGL,2026-08-13,2026-09-18,95.0,C,249.85,253.55,251.7,175.1954,0.995766,6.5e-05,-0.042419,0.013558,36,346.36,2,11,81.85
GOOGL,2026-08-13,2026-09-18,100.0,C,244.8,248.6,246.7,168.5548,0.995583,7.1e-05,-0.042894,0.014082,36,346.36,2,86,81.85
GOOGL,2026-08-13,2026-09-18,105.0,C,239.75,243.6,241.675,160.5471,0.995686,7.3e-05,-0.041183,0.013787,36,346.36,1,96,81.85
GOOGL,2026-08-13,2026-09-18,110.0,C,234.9,238.6,236.75,158.9846,0.994678,8.8e-05,-0.047616,0.016626,36,346.36,1,37,81.85
GOOGL,2026-08-13,2026-09-18,115.0,C,229.85,233.65,231.75,153.1252,0.994469,9.5e-05,-0.047994,0.017206,36,346.36,2,10,81.85
GOOGL,2026-08-13,2026-09-18,120.0,C,224.9,228.65,226.775,148.7307,0.993975,0.000105,-0.050233,0.018563,36,346.36,1,61,81.85
GOOGL,2026-08-13,2026-09-18,125.0,C,219.9,223.7,221.8,144.5315,0.993437,0.000117,-0.052568,0.020024,36,346.36,1,51,81.85
GOOGL,2026-08-13,2026-09-18,130.0,C,215.0,218.7,216.85,141.4065,0.992593,0.000133,-0.056602,0.022281,36,346.36,1,137,81.85
GOOGL,2026-08-13,2026-09-18,135.0,C,210.05,213.75,211.9,138.1839,0.991724,0.00015,-0.060458,0.024564,36,346.36,25,58,81.85
GOOGL,2026-08-13,2026-09-18,140.0,C,205.05,208.8,206.925,134.1312,0.991098,0.000165,-0.06258,0.026187,36,346.36,1,176,81.85
GOOGL,2026-08-13,2026-09-18,145.0,C,200.05,203.75,201.9,128.4672,0.991082,0.000173,-0.061102,0.026229,36,346.36,40,37,81.85
GOOGL,2026-08-13,2026-09-18,150.0,C,195.1,198.75,196.925,124.7074,0.990406,0.000189,-0.063209,0.027959,36,346.36,2,191,81.85
GOOGL,2026-08-13,2026-09-18,155.0,C,190.05,193.8,191.925,120.2152,0.990048,0.000203,-0.063477,0.028869,36,346.36,2,117,81.85
GOOGL,2026-08-13,2026-09-18,160.0,C,184.95,188.75,186.85,113.477,0.990752,0.000202,-0.058488,0.027077,36,346.36,2,178,81.85
GOOGL,2026-08-13,2026-09-18,165.0,C,180.1,183.85,181.975,113.0864,0.988571,0.000243,-0.067383,0.032568,36,346.36,40,135,81.85
GOOGL,2026-08-13,2026-09-18,170.0,C,175.2,178.75,176.975,108.936,0.98815,0.000261,-0.067568,0.033606,36,346.36,60,1869,81.85
GOOGL,2026-08-13,2026-09-18,175.0,C,170.2,173.85,172.025,106.2016,0.986946,0.000291,-0.071085,0.036545,36,346.36,41,175,81.85
GOOGL,2026-08-13,2026-09-18,180.0,C,165.15,169.0,167.075,103.4185,0.985697,0.000323,-0.074435,0.039543,36,346.36,5,503,81.85
GOOGL,2026-08-13,2026-09-18,185.0,C,160.25,163.7,161.975,97.168,0.986778,0.000321,-0.068058,0.036951,36,346.36,1,1259,81.85
GOOGL,2026-08-13,2026-09-18,190.0,C,155.3,158.95,157.125,96.8018,0.983788,0.000384,-0.077781,0.044035,36,346.36,22,374,81.85
GOOGL,2026-08-13,2026-09-18,195.0,C,150.35,153.95,152.15,93.5548,0.982768,0.000419,-0.079328,0.046394,36,346.36,7,566,81.85
GOOGL,2026-08-13,2026-09-18,200.0,C,145.35,148.8,147.075,88.4279,0.983392,0.00043,-0.074789,0.044953,36,346.36,1,753,81.85
GOOGL,2026-08-13,2026-09-18,210.0,C,135.15,138.3,136.725,73.4378,0.989296,0.000354,-0.052208,0.030763,36,346.36,4,704,81.85
GOOGL,2026-08-13,2026-09-18,215.0,C,130.4,134.1,132.25,81.1037,0.977985,0.000595,-0.085239,0.057125,36,346.36,2,150,81.85
GOOGL,2026-08-13,2026-09-18,220.0,C,125.5,129.15,127.325,78.8332,0.975678,0.000666,-0.089327,0.062124,36,346.36,2,839,81.85
GOOGL,2026-08-13,2026-09-18,230.0,C,115.5,119.2,117.35,72.4856,0.973091,0.000788,-0.090294,0.067612,36,346.36,2,820,81.85
GOOGL,2026-08-13,2026-09-18,235.0,C,110.55,114.3,112.425,70.1907,0.970383,0.000882,-0.094018,0.073229,36,346.36,3,318,81.85
GOOGL,2026-08-13,2026-09-18,240.0,C,105.6,109.1,107.35,66.016,0.970666,0.00093,-0.089762,0.072647,36,346.36,2,851,81.85
GOOGL,2026-08-13,2026-09-18,245.0,C,100.6,104.3,102.45,64.0384,0.967133,0.001053,-0.094514,0.079815,36,346.36,10,109,81.85
GOOGL,2026-08-13,2026-09-18,250.0,C,95.7,99.15,97.425,60.6205,0.966137,0.00114,-0.09287,0.0818,36,346.36,25,2104,81.85
GOOGL,2026-08-13,2026-09-18,255.0,C,90.6,94.4,92.5,58.3256,0.962727,0.001282,-0.096064,0.088495,36,346.36,1,432,81.85
GOOGL,2026-08-13,2026-09-18,260.0,C,85.65,89.45,87.55,55.7377,0.959664,0.001431,-0.09783,0.094375,36,346.36,1,1734,81.85
GOOGL,2026-08-13,2026-09-18,265.0,C,80.7,84.4,82.55,52.6738,0.957588,0.001577,-0.097112,0.098293,36,346.36,1,86,81.85
GOOGL,2026-08-13,2026-09-18,270.0,C,76.55,79.2,77.875,52.3686,0.947253,0.001889,-0.110459,0.117062,36,346.36,6,1716,81.85
GOOGL,2026-08-13,2026-09-18,275.0,C,71.4,74.35,72.875,58.6064,0.913928,0.002464,-0.163587,0.170861,36,346.36,97,298,81.85
GOOGL,2026-08-13,2026-09-18,280.0,C,66.7,69.35,68.025,55.1396,0.90921,0.002725,-0.161008,0.177791,36,346.36,92,1194,81.85
GOOGL,2026-08-13,2026-09-18,285.0,C,61.9,64.55,63.225,52.6982,0.900255,0.003056,-0.164485,0.190544,36,346.36,10,335,81.85
GOOGL,2026-08-13,2026-09-18,290.0,C,56.95,58.9,57.925,46.021,0.907636,0.003307,-0.140948,0.180072,36,346.36,1,1806,81.85
GOOGL,2026-08-13,2026-09-18,295.0,C,52.7,53.9,53.3,42.7252,0.901562,0.003733,-0.138127,0.188715,36,346.36,1,487,81.85
GOOGL,2026-08-13,2026-09-18,300.0,C,47.45,49.15,48.3,40.589,0.888708,0.004295,-0.142447,0.206257,36,346.36,16,2995,81.85
GOOGL,2026-08-13,2026-09-18,305.0,C,42.8,44.5,43.65,38.7152,0.872177,0.004965,-0.148357,0.227431,36,346.36,18,1393,81.85
GOOGL,2026-08-13,2026-09-18,310.0,C,38.3,39.95,39.125,37.0001,0.851754,0.005748,-0.155124,0.251635,36,346.36,7,1048,81.85
GOOGL,2026-08-13,2026-09-18,315.0,C,34.3,35.55,34.925,35.5292,0.82616,0.006642,-0.163142,0.279216,36,346.36,14,1157,81.85
GOOGL,2026-08-13,2026-09-18,320.0,C,30.35,31.3,30.825,34.1864,0.795314,0.007634,-0.171321,0.308778,36,346.36,37,3323,81.85
GOOGL,2026-08-13,2026-09-18,325.0,C,26.0,27.3,26.65,33.1489,0.757595,0.008668,-0.180327,0.339993,36,346.36,12,2516,81.85
GOOGL,2026-08-13,2026-09-18,330.0,C,22.3,23.55,22.925,32.2822,0.71362,0.00969,-0.188593,0.370144,36,346.36,43,2777,81.85
GOOGL,2026-08-13,2026-09-18,335.0,C,19.0,19.8,19.4,30.8814,0.66641,0.010827,-0.191049,0.395629,36,346.36,33,1651,81.85
GOOGL,2026-08-13,2026-09-18,340.0,C,16.1,16.8,16.45,30.7044,0.609611,0.011491,-0.197704,0.417469,36,346.36,236,4247,81.85
GOOGL,2026-08-13,2026-09-18,345.0,C,13.55,13.85,13.7,29.9751,0.550799,0.012136,-0.19711,0.43043,36,346.36,435,1817,81.85
GOOGL,2026-08-13,2026-09-18,350.0,C,11.1,11.4,11.25,29.7187,0.489551,0.012337,-0.195072,0.433804,36,346.36,3829,13875,81.85
GOOGL,2026-08-13,2026-09-18,355.0,C,9.1,9.3,9.2,29.5783,0.428788,0.012201,-0.189523,0.427021,36,346.36,315,2539,81.85
GOOGL,2026-08-13,2026-09-18,360.0,C,7.35,7.55,7.45,29.5905,0.370757,0.011738,-0.181145,0.410976,36,346.36,807,7922,81.85
GOOGL,2026-08-13,2026-09-18,365.0,C,5.85,6.05,5.95,29.5661,0.316059,0.011061,-0.16938,0.386966,36,346.36,527,2694,81.85
GOOGL,2026-08-13,2026-09-18,370.0,C,4.7,4.85,4.775,29.7004,0.266962,0.010176,-0.156398,0.357622,36,346.36,1529,9201,81.85
GOOGL,2026-08-13,2026-09-18,375.0,C,3.75,3.85,3.8,29.8164,0.222853,0.009197,-0.141795,0.32446,36,346.36,750,7281,81.85
GOOGL,2026-08-13,2026-09-18,380.0,C,2.95,3.2,3.075,30.5122,0.189087,0.008152,-0.131034,0.294306,36,346.36,3022,10671,81.85
GOOGL,2026-08-13,2026-09-18,385.0,C,2.3,2.43,2.365,30.2863,0.15245,0.007154,-0.112945,0.256368,36,346.36,247,3543,81.85
GOOGL,2026-08-13,2026-09-18,390.0,C,1.83,1.9,1.865,30.445,0.124027,0.006182,-0.09833,0.222698,36,346.36,1338,22911,81.85
GOOGL,2026-08-13,2026-09-18,395.0,C,1.46,1.53,1.495,30.8845,0.102288,0.005311,-0.086685,0.194073,36,346.36,68,3063,81.85
GOOGL,2026-08-13,2026-09-18,400.0,C,1.15,1.2,1.175,31.1164,0.082696,0.004503,-0.07444,0.165808,36,346.36,1344,16827,81.85
GOOGL,2026-08-13,2026-09-18,405.0,C,0.89,1.05,0.97,32.1296,0.071679,0.003912,-0.068784,0.148735,36,346.36,212,2438,81.85
GOOGL,2026-08-13,2026-09-18,410.0,C,0.73,0.83,0.78,32.3981,0.058089,0.003295,-0.058801,0.126328,36,346.36,151,12981,81.85
GOOGL,2026-08-13,2026-09-18,415.0,C,0.6,0.84,0.72,34.278,0.055724,0.003014,-0.060079,0.12226,36,346.36,49,4333,81.85
GOOGL,2026-08-13,2026-09-18,420.0,C,0.49,0.6,0.545,33.8141,0.042012,0.002438,-0.047226,0.097543,36,346.36,94,4447,81.85
GOOGL,2026-08-13,2026-09-18,425.0,C,0.41,0.48,0.445,34.1071,0.034188,0.002043,-0.040208,0.082446,36,346.36,240,6442,81.85
GOOGL,2026-08-13,2026-09-18,430.0,C,0.32,0.41,0.365,34.7663,0.029176,0.001758,-0.035906,0.072322,36,346.36,101,2158,81.85
GOOGL,2026-08-13,2026-09-18,435.0,C,0.3,0.5,0.4,37.5006,0.032526,0.001783,-0.042308,0.079132,36,346.36,2,1062,81.85
GOOGL,2026-08-13,2026-09-18,440.0,C,0.23,0.34,0.285,36.695,0.023454,0.001388,-0.031499,0.060255,36,346.36,66,4104,81.85
GOOGL,2026-08-13,2026-09-18,445.0,C,0.2,0.29,0.245,37.2565,0.020085,0.001199,-0.028027,0.052856,36,346.36,7,874,81.85
GOOGL,2026-08-13,2026-09-18,450.0,C,0.15,0.3,0.225,38.819,0.019879,0.001141,-0.028919,0.052397,36,346.36,91,12214,81.85
GOOGL,2026-08-13,2026-09-18,455.0,C,0.08,0.4,0.24,41.9439,0.023993,0.001238,-0.036583,0.061418,36,346.36,1,439,81.85
GOOGL,2026-08-13,2026-09-18,460.0,C,0.1,0.37,0.235,42.8228,0.021929,0.001124,-0.034598,0.056937,36,346.36,32,1204,81.85
GOOGL,2026-08-13,2026-09-18,465.0,C,0.01,0.36,0.185,43.9947,0.020857,0.001048,-0.034044,0.054573,36,346.36,2,787,81.85
GOOGL,2026-08-13,2026-09-18,470.0,C,0.12,0.27,0.195,43.5064,0.016216,0.000856,-0.027157,0.044044,36,346.36,15,1773,81.85
GOOGL,2026-08-13,2026-09-18,475.0,C,0.01,0.34,0.175,46.2408,0.018897,0.000917,-0.032864,0.050189,36,346.36,51,2335,81.85
GOOGL,2026-08-13,2026-09-18,480.0,C,0.01,0.24,0.125,45.313,0.014041,0.000726,-0.024962,0.038917,36,346.36,123,781,81.85
GOOGL,2026-08-13,2026-09-18,485.0,C,0.01,0.32,0.165,48.3648,0.017151,0.000807,-0.03161,0.046207,36,346.36,50,178,81.85
GOOGL,2026-08-13,2026-09-18,490.0,C,0.01,0.3,0.155,49.1704,0.015947,0.000746,-0.030181,0.043416,36,346.36,2,358,81.85
GOOGL,2026-08-13,2026-09-18,495.0,C,0.04,0.3,0.17,50.3911,0.015615,0.000715,-0.030363,0.042641,36,346.36,1,1205,81.85
GOOGL,2026-08-13,2026-09-18,500.0,C,0.08,0.12,0.1,45.9966,0.007263,0.000402,-0.014234,0.021899,36,346.36,16,5367,81.85
GOOGL,2026-08-13,2026-09-18,505.0,C,0.01,0.28,0.145,52.2466,0.014125,0.000633,-0.028855,0.039117,36,346.36,3,612,81.85
GOOGL,2026-08-13,2026-09-18,510.0,C,0.01,0.28,0.145,53.4184,0.013877,0.000609,-0.029042,0.038523,36,346.36,4,505,81.85
GOOGL,2026-08-13,2026-09-18,515.0,C,0.01,0.27,0.14,50.0982,0.007773,0.000392,-0.016436,0.023247,36,346.36,1,314,81.85
GOOGL,2026-08-13,2026-09-18,520.0,C,0.02,0.28,0.15,51.563,0.008069,0.000394,-0.017473,0.024023,36,346.36,1,450,81.85
GOOGL,2026-08-13,2026-09-18,525.0,C,0.01,0.27,0.14,52.1489,0.007438,0.000362,-0.016446,0.022364,36,346.36,4,261,81.85
GOOGL,2026-08-13,2026-09-18,530.0,C,0.04,0.15,0.095,50.9771,0.00532,0.000276,-0.011947,0.016623,36,346.36,1,210,81.85
GOOGL,2026-08-13,2026-09-18,535.0,C,0.02,0.26,0.14,54.1997,0.007188,0.000338,-0.016573,0.021698,36,346.36,1,522,81.85
GOOGL,2026-08-13,2026-09-18,540.0,C,0.01,0.26,0.135,54.9809,0.006862,0.00032,-0.016133,0.020828,36,346.36,17,90,81.85
GOOGL,2026-08-13,2026-09-18,545.0,C,0.02,0.26,0.14,56.2016,0.00696,0.000317,-0.016694,0.021091,36,346.36,3,243,81.85
GOOGL,2026-08-13,2026-09-18,550.0,C,0.02,0.25,0.135,56.934,0.006635,0.0003,-0.016207,0.020217,36,346.36,11,393,81.85
GOOGL,2026-08-13,2026-09-18,555.0,C,0.01,0.25,0.13,57.7153,0.006379,0.000286,-0.015865,0.019527,36,346.36,3,2745,81.85
GOOGL,2026-08-13,2026-09-18,560.0,C,0.01,0.24,0.125,58.3989,0.00607,0.00027,-0.015358,0.018686,36,346.36,58,96,81.85
GOOGL,2026-08-13,2026-09-18,565.0,C,0.01,0.25,0.13,59.5707,0.006165,0.000269,-0.015878,0.018944,36,346.36,1,3023,81.85
GOOGL,2026-08-13,2026-09-18,570.0,C,0.01,0.1,0.055,55.4692,0.002966,0.00015,-0.007687,0.009849,36,346.36,576,323,81.85
GOOGL,2026-08-13,2026-09-18,575.0,C,0.01,0.24,0.125,61.1332,0.005782,0.000247,-0.015389,0.017899,36,346.36,53,3284,81.85
GOOGL,2026-08-13,2026-09-18,580.0,C,0.01,0.24,0.125,62.0121,0.005686,0.00024,-0.015375,0.017633,36,346.36,44,327,81.85
GOOGL,2026-08-13,2026-09-18,590.0,C,0.01,0.18,0.095,62.0121,0.004411,0.000192,-0.012261,0.014066,36,346.36,202,1580,81.85
GOOGL,2026-08-13,2026-09-18,600.0,C,0.01,0.09,0.05,59.9613,0.002522,0.00012,-0.00717,0.008509,36,346.36,2339,12087,81.85
GOOGL,2026-08-13,2026-09-18,610.0,C,0.0,0.93,0.465,78.5158,0.015496,0.000456,-0.046694,0.04236,36,346.36,2411,1133,81.85
GOOGL,2026-08-13,2026-09-18,620.0,C,0.01,0.05,0.03,60.1566,0.001498,7.4e-05,-0.004481,0.005303,36,346.36,1281,952,81.85
GOOGL,2026-08-13,2026-09-18,630.0,C,0.01,0.24,0.125,70.6058,0.005076,0.000191,-0.0158,0.015942,36,346.36,396,1094,81.85
GOOGL,2026-08-13,2026-09-18,640.0,C,0.01,0.38,0.195,75.6838,0.007164,0.000242,-0.022974,0.021634,36,346.36,1198,973,81.85
GOOGL,2026-08-13,2026-09-18,650.0,C,0.01,0.37,0.19,77.1487,0.00691,0.00023,-0.022681,0.020957,36,346.36,70,585,81.85
GOOGL,2026-08-13,2026-09-18,660.0,C,0.0,0.94,0.47,87.6466,0.014208,0.000379,-0.048315,0.039316,36,346.36,92,523,81.85
GOOGL,2026-08-13,2026-09-18,670.0,C,0.0,0.17,0.085,73.926,0.003363,0.000126,-0.011436,0.011031,36,346.36,181,199,81.85
GOOGL,2026-08-13,2026-09-18,680.0,C,0.0,0.98,0.49,91.504,0.014221,0.000363,-0.050459,0.039347,36,346.36,21,161,81.85
GOOGL,2026-08-13,2026-09-18,690.0,C,0.0,1.63,0.815,99.707,0.021038,0.000466,-0.07679,0.054973,36,346.36,10,385,81.85
GOOGL,2026-08-13,2026-09-18,700.0,C,0.01,0.1,0.055,75.1956,0.002215,8.5e-05,-0.007973,0.007565,36,346.36,153,1325,81.85
GOOGL,2026-08-13,2026-09-18,710.0,C,0.0,0.42,0.21,87.2072,0.006745,0.000199,-0.025065,0.020515,36,346.36,47,1252,81.85
GOOGL,2026-08-13,2026-09-18,720.0,C,0.0,0.93,0.465,97.2657,0.012844,0.000313,-0.049088,0.036035,36,346.36,190,62,81.85
GOOGL,2026-08-13,2026-09-18,730.0,C,0.0,0.03,0.015,71.094,0.000661,3e-05,-0.002492,0.002502,36,346.36,612,90,81.85
GOOGL,2026-08-13,2026-09-18,740.0,C,0.0,0.52,0.26,93.6524,0.007724,0.000209,-0.030319,0.023119,36,346.36,142,56,81.85
GOOGL,2026-08-13,2026-09-18,750.0,C,0.0,0.18,0.09,85.3517,0.003123,0.000102,-0.012333,0.010318,36,346.36,109,45,81.85
GOOGL,2026-08-13,2026-09-18,760.0,C,0.0,0.96,0.48,103.6138,0.012512,0.000287,-0.051089,0.035227,36,346.36,401,35,81.85
GOOGL,2026-08-13,2026-09-18,770.0,C,0.0,0.96,0.48,105.0298,0.012351,0.00028,-0.051203,0.034834,36,346.36,332,22,81.85
GOOGL,2026-08-13,2026-09-18,780.0,C,0.0,0.41,0.205,96.6797,0.006039,0.000163,-0.02517,0.018601,36,346.36,955,313,81.85
GOOGL,2026-08-13,2026-09-18,790.0,C,0.0,0.12,0.06,87.1095,0.002092,7e-05,-0.008761,0.007185,36,346.36,358,123,81.85
GOOGL,2026-08-13,2026-09-18,800.0,C,0.0,0.02,0.01,76.5627,0.00041,1.8e-05,-0.001723,0.001607,36,346.36,622,11839,81.85
GOOGL,2026-08-13,2026-09-18,5.0,P,0.0,0.01,0.005,393.75,-2.6e-05,0.0,-0.000654,0.00012,36,346.36,30,201,81.85
GOOGL,2026-08-13,2026-09-18,15.0,P,0.0,0.01,0.005,287.5003,-4.2e-05,1e-06,-0.000758,0.00019,36,346.36,0,1,81.85
GOOGL,2026-08-13,2026-09-18,20.0,P,0.0,0.01,0.005,262.5003,-5.3e-05,1e-06,-0.000863,0.000237,36,346.36,1,2,81.85
GOOGL,2026-08-13,2026-09-18,30.0,P,0.0,0.01,0.005,225.0004,-6.7e-05,1e-06,-0.000915,0.000294,36,346.36,21,22,81.85
GOOGL,2026-08-13,2026-09-18,40.0,P,0.0,0.4,0.2,273.0472,-0.001587,1.7e-05,-0.021122,0.005589,36,346.36,1,1,81.85
GOOGL,2026-08-13,2026-09-18,45.0,P,0.0,0.21,0.105,240.2348,-0.001011,1.3e-05,-0.012296,0.003699,36,346.36,28,28,81.85
GOOGL,2026-08-13,2026-09-18,50.0,P,0.0,2.13,1.065,307.8127,-0.006401,5.4e-05,-0.083404,0.019584,36,346.36,5,220,81.85
GOOGL,2026-08-13,2026-09-18,60.0,P,0.0,0.6,0.3,232.4223,-0.002788,3.4e-05,-0.029945,0.009315,36,346.36,3,73,81.85
GOOGL,2026-08-13,2026-09-18,65.0,P,0.0,0.65,0.325,224.0239,-0.003119,3.9e-05,-0.031929,0.010306,36,346.36,1,34,81.85
GOOGL,2026-08-13,2026-09-18,70.0,P,0.0,0.7,0.35,216.2114,-0.00347,4.4e-05,-0.033911,0.011344,36,346.36,98,124,81.85
GOOGL,2026-08-13,2026-09-18,75.0,P,0.0,0.03,0.015,151.5627,-0.00027,6e-06,-0.002286,0.001091,36,346.36,97,146,81.85
GOOGL,2026-08-13,2026-09-18,85.0,P,0.0,1.05,0.525,201.1724,-0.00546,7.1e-05,-0.047288,0.01701,36,346.36,14,27,81.85
GOOGL,2026-08-13,2026-09-18,95.0,P,0.0,0.08,0.04,139.0628,-0.000714,1.6e-05,-0.005164,0.002688,36,346.36,1,65,81.85
GOOGL,2026-08-13,2026-09-18,100.0,P,0.0,0.08,0.04,133.5941,-0.000738,1.8e-05,-0.005108,0.002769,36,346.36,3,516,81.85
GOOGL,2026-08-13,2026-09-18,105.0,P,0.0,0.09,0.045,130.0785,-0.00086,2.1e-05,-0.005726,0.003188,36,346.36,3,76,81.85
GOOGL,2026-08-13,2026-09-18,110.0,P,0.0,2.13,1.065,184.4239,-0.011416,0.000149,-0.082835,0.032534,36,346.36,2,163,81.85
GOOGL,2026-08-13,2026-09-18,115.0,P,0.0,0.09,0.045,120.7035,-0.000943,2.4e-05,-0.00578,0.00347,36,346.36,1,1218,81.85
GOOGL,2026-08-13,2026-09-18,120.0,P,0.0,2.07,1.035,170.508,-0.012097,0.00017,-0.080499,0.034212,36,346.36,1,169,81.85
GOOGL,2026-08-13,2026-09-18,125.0,P,0.0,0.1,0.05,112.8911,-0.001099,3e-05,-0.006217,0.003993,36,346.36,1,333,81.85
GOOGL,2026-08-13,2026-09-18,130.0,P,0.0,1.05,0.525,142.8714,-0.007836,0.000138,-0.046134,0.023412,36,346.36,5,1675,81.85
GOOGL,2026-08-13,2026-09-18,135.0,P,0.0,0.1,0.05,104.688,-0.001178,3.4e-05,-0.006142,0.004256,36,346.36,5,473,81.85
GOOGL,2026-08-13,2026-09-18,140.0,P,0.0,0.1,0.05,100.7817,-0.001216,3.7e-05,-0.006085,0.00438,36,346.36,2,1068,81.85
GOOGL,2026-08-13,2026-09-18,145.0,P,0.0,0.1,0.05,97.2657,-0.001284,4e-05,-0.006171,0.004605,36,346.36,1,717,81.85
GOOGL,2026-08-13,2026-09-18,150.0,P,0.0,0.15,0.075,97.461,-0.001872,5.6e-05,-0.008717,0.006493,36,346.36,110,1882,81.85
GOOGL,2026-08-13,2026-09-18,155.0,P,0.0,0.08,0.04,88.2814,-0.001137,3.9e-05,-0.005009,0.00412,36,346.36,10,1594,81.85
GOOGL,2026-08-13,2026-09-18,160.0,P,0.0,1.03,0.515,114.3559,-0.009637,0.000207,-0.044199,0.028071,36,346.36,5,3130,81.85
GOOGL,2026-08-13,2026-09-18,165.0,P,0.0,0.3,0.15,93.8477,-0.003728,0.000109,-0.015628,0.0121,36,346.36,7,944,81.85
GOOGL,2026-08-13,2026-09-18,170.0,P,0.01,0.72,0.365,101.0747,-0.007927,0.000198,-0.032893,0.023653,36,346.36,40,5646,81.85
GOOGL,2026-08-13,2026-09-18,175.0,P,0.01,0.16,0.085,81.6408,-0.002515,8.8e-05,-0.009529,0.008488,36,346.36,126,2820,81.85
GOOGL,2026-08-13,2026-09-18,180.0,P,0.0,0.08,0.04,72.6565,-0.001356,5.6e-05,-0.004835,0.004842,36,346.36,5,1489,81.85
GOOGL,2026-08-13,2026-09-18,185.0,P,0.01,0.09,0.05,71.4847,-0.001739,7.2e-05,-0.005965,0.006074,36,346.36,7,1040,81.85
GOOGL,2026-08-13,2026-09-18,190.0,P,0.0,0.17,0.085,72.4612,-0.002816,0.00011,-0.009355,0.009401,36,346.36,22,7338,81.85
GOOGL,2026-08-13,2026-09-18,195.0,P,0.0,0.21,0.105,71.094,-0.003457,0.000134,-0.011033,0.011305,36,346.36,6,1940,81.85
GOOGL,2026-08-13,2026-09-18,200.0,P,0.0,0.15,0.075,65.8207,-0.002737,0.000118,-0.008274,0.009163,36,346.36,20,2293,81.85
GOOGL,2026-08-13,2026-09-18,210.0,P,0.0,0.15,0.075,60.352,-0.002944,0.000137,-0.008091,0.009783,36,346.36,6,3138,81.85
GOOGL,2026-08-13,2026-09-18,215.0,P,0.01,0.24,0.125,61.2309,-0.004732,0.000207,-0.012557,0.014974,36,346.36,6,1437,81.85
GOOGL,2026-08-13,2026-09-18,220.0,P,0.02,0.24,0.13,58.7895,-0.005081,0.000229,-0.012838,0.015956,36,346.36,11,3963,81.85
GOOGL,2026-08-13,2026-09-18,230.0,P,0.04,0.08,0.06,50.5864,-0.003688,0.0002,-0.008282,0.011981,36,346.36,64,3526,81.85
GOOGL,2026-08-13,2026-09-18,235.0,P,0.05,0.11,0.08,50.0005,-0.005056,0.000269,-0.010844,0.015885,36,346.36,11,1190,81.85
GOOGL,2026-08-13,2026-09-18,240.0,P,0.01,0.2,0.105,51.27,-0.008621,0.00042,-0.017811,0.025462,36,346.36,34,3829,81.85
GOOGL,2026-08-13,2026-09-18,245.0,P,0.02,0.16,0.09,47.2662,-0.007524,0.000404,-0.014552,0.022591,36,346.36,5,2596,81.85
GOOGL,2026-08-13,2026-09-18,250.0,P,0.09,0.15,0.12,44.4341,-0.007503,0.000429,-0.013631,0.022536,36,346.36,5,6254,81.85
GOOGL,2026-08-13,2026-09-18,255.0,P,0.11,0.19,0.15,43.3599,-0.009549,0.000543,-0.016417,0.027844,36,346.36,13,2065,81.85
GOOGL,2026-08-13,2026-09-18,260.0,P,0.1,0.21,0.155,41.5045,-0.01091,0.000637,-0.017629,0.031278,36,346.36,33,4353,81.85
GOOGL,2026-08-13,2026-09-18,265.0,P,0.15,0.22,0.185,39.3072,-0.011902,0.000725,-0.01798,0.033734,36,346.36,17,1526,81.85
GOOGL,2026-08-13,2026-09-18,270.0,P,0.22,0.25,0.235,37.5983,-0.013931,0.000869,-0.019674,0.038654,36,346.36,75,5931,81.85
GOOGL,2026-08-13,2026-09-18,275.0,P,0.26,0.32,0.29,36.5729,-0.017959,0.001111,-0.023753,0.048059,36,346.36,112,5213,81.85
GOOGL,2026-08-13,2026-09-18,280.0,P,0.3,0.36,0.33,34.7663,-0.020874,0.001328,-0.025605,0.054611,36,346.36,91,10490,81.85
GOOGL,2026-08-13,2026-09-18,285.0,P,0.35,0.47,0.41,33.8386,-0.027281,0.001708,-0.031142,0.06839,36,346.36,141,3549,81.85
GOOGL,2026-08-13,2026-09-18,290.0,P,0.52,0.59,0.555,32.6545,-0.03448,0.002149,-0.036391,0.083025,36,346.36,144,3936,81.85
GOOGL,2026-08-13,2026-09-18,295.0,P,0.68,0.75,0.715,31.5559,-0.044005,0.002712,-0.042769,0.101264,36,346.36,133,3597,81.85
GOOGL,2026-08-13,2026-09-18,300.0,P,0.92,1.0,0.96,30.7868,-0.057937,0.003461,-0.051782,0.126068,36,346.36,481,11383,81.85
GOOGL,2026-08-13,2026-09-18,305.0,P,1.22,1.38,1.3,30.3474,-0.077763,0.004408,-0.063856,0.158276,36,346.36,228,3451,81.85
GOOGL,2026-08-13,2026-09-18,310.0,P,1.61,1.73,1.67,29.1877,-0.097556,0.005428,-0.072416,0.187474,36,346.36,657,17290,81.85
GOOGL,2026-08-13,2026-09-18,315.0,P,2.22,2.36,2.29,28.8093,-0.128276,0.006688,-0.086503,0.22799,36,346.36,179,3404,81.85
GOOGL,2026-08-13,2026-09-18,320.0,P,3.05,3.2,3.125,28.5408,-0.166345,0.008038,-0.101459,0.271438,36,346.36,485,11103,81.85
GOOGL,2026-08-13,2026-09-18,325.0,P,4.0,4.25,4.125,28.2417,-0.210924,0.009406,-0.115479,0.314302,36,346.36,148,6777,81.85
GOOGL,2026-08-13,2026-09-18,330.0,P,5.25,5.55,5.4,27.9487,-0.262136,0.010714,-0.127809,0.354318,36,346.36,213,8323,81.85
GOOGL,2026-08-13,2026-09-18,335.0,P,6.75,7.25,7.0,27.9548,-0.320834,0.011773,-0.13924,0.389418,36,346.36,233,4051,81.85
GOOGL,2026-08-13,2026-09-18,340.0,P,8.65,9.1,8.875,27.5703,-0.382264,0.012719,-0.144586,0.414915,36,346.36,377,8901,81.85
GOOGL,2026-08-13,2026-09-18,345.0,P,10.9,11.5,11.2,27.7259,-0.448012,0.013115,-0.148848,0.430263,36,346.36,203,2754,81.85
GOOGL,2026-08-13,2026-09-18,350.0,P,13.55,14.0,13.775,27.3567,-0.514436,0.013398,-0.145355,0.433669,36,346.36,248,6230,81.85
GOOGL,2026-08-13,2026-09-18,355.0,P,16.45,17.0,16.725,27.3964,-0.579603,0.01312,-0.139817,0.425285,36,346.36,32,2173,81.85
GOOGL,2026-08-13,2026-09-18,360.0,P,19.3,20.35,19.825,27.5489,-0.640929,0.012473,-0.131076,0.406586,36,346.36,41,4769,81.85
GOOGL,2026-08-13,2026-09-18,365.0,P,22.7,23.95,23.325,27.6405,-0.697896,0.011601,-0.118795,0.379399,36,346.36,20,1247,81.85
GOOGL,2026-08-13,2026-09-18,370.0,P,26.65,27.95,27.3,28.1745,-0.745578,0.010465,-0.107589,0.348875,36,346.36,12,2118,81.85
GOOGL,2026-08-13,2026-09-18,375.0,P,30.7,31.75,31.225,27.4604,-0.798348,0.009419,-0.085556,0.306038,36,346.36,33,886,81.85
GOOGL,2026-08-13,2026-09-18,380.0,P,35.05,36.0,35.525,27.5032,-0.838338,0.008188,-0.068786,0.266457,36,346.36,6,1190,81.85
GOOGL,2026-08-13,2026-09-18,385.0,P,39.15,41.0,40.075,30.0239,-0.849847,0.007144,-0.071925,0.253792,36,346.36,16,726,81.85
GOOGL,2026-08-13,2026-09-18,390.0,P,43.45,45.3,44.375,29.3464,-0.885289,0.00607,-0.050319,0.210759,36,346.36,1,1448,81.85
GOOGL,2026-08-13,2026-09-18,395.0,P,48.15,50.5,49.325,32.5446,-0.884703,0.005493,-0.059522,0.211524,36,346.36,4,218,81.85
GOOGL,2026-08-13,2026-09-18,400.0,P,52.9,54.75,53.825,30.5793,-0.921206,0.004418,-0.030097,0.159865,36,346.36,82,2108,81.85
GOOGL,2026-08-13,2026-09-18,405.0,P,57.75,60.05,58.9,34.4123,-0.912989,0.00423,-0.044281,0.172252,36,346.36,17,261,81.85
GOOGL,2026-08-13,2026-09-18,410.0,P,62.9,64.75,63.825,34.4855,-0.929161,0.003612,-0.031507,0.147395,36,346.36,3,78,81.85
GOOGL,2026-08-13,2026-09-18,415.0,P,66.85,70.4,68.625,40.4059,-0.908658,0.003736,-0.061284,0.178593,36,346.36,3,23,81.85
GOOGL,2026-08-13,2026-09-18,420.0,P,71.85,75.5,73.675,42.9205,-0.909168,0.003502,-0.066548,0.177853,36,346.36,5,0,81.85
GOOGL,2026-08-13,2026-09-18,425.0,P,76.85,80.55,78.7,45.1299,-0.911008,0.00328,-0.069748,0.175168,36,346.36,2,0,81.85
GOOGL,2026-08-13,2026-09-18,430.0,P,81.9,85.3,83.6,45.5206,-0.921616,0.002956,-0.059771,0.159234,36,346.36,1,0,81.85
GOOGL,2026-08-13,2026-09-18,435.0,P,86.95,90.45,88.7,48.2671,-0.919741,0.002839,-0.067318,0.162108,36,346.36,6,0,81.85
GOOGL,2026-08-13,2026-09-18,440.0,P,91.9,95.55,93.725,50.6841,-0.919363,0.002713,-0.072664,0.162685,36,346.36,63,0,81.85
GOOGL,2026-08-13,2026-09-18,445.0,P,74.7,77.95,76.325,0.001,-1.0,0.0,0.045006,0.0,36,346.36,1,1,81.85
GOOGL,2026-08-13,2026-09-18,450.0,P,101.9,105.15,103.525,51.5019,-0.935107,0.00226,-0.055148,0.137745,36,346.36,209,0,81.85
GOOGL,2026-08-13,2026-09-18,455.0,P,151.25,154.65,152.95,176.6633,-0.58228,0.002032,-1.006283,0.42469,36,346.36,3,0,81.85
GOOGL,2026-08-13,2026-09-18,460.0,P,111.9,115.15,113.525,54.7856,-0.938449,0.002039,-0.056074,0.132188,36,346.36,1,0,81.85
GOOGL,2026-08-13,2026-09-18,470.0,P,150.2,154.25,152.225,146.4907,-0.664777,0.002287,-0.767889,0.396389,36,346.36,1,0,81.85
GOOGL,2026-08-13,2026-09-18,475.0,P,102.85,105.6,104.225,0.001,-1.0,0.0,0.04804,0.0,36,346.36,16,0,81.85
GOOGL,2026-08-13,2026-09-18,485.0,P,136.9,140.2,138.55,62.891,-0.943778,0.001655,-0.060316,0.123122,36,346.36,1,0,81.85
GOOGL,2026-08-13,2026-09-18,490.0,P,175.45,178.15,176.8,166.8154,-0.652948,0.002035,-0.889929,0.401656,36,346.36,2,0,81.85
GOOGL,2026-08-13,2026-09-18,500.0,P,151.9,155.15,153.525,66.8216,-0.948141,0.001461,-0.058294,0.115494,36,346.36,1,0,81.85
GOOGL,2026-08-13,2026-09-18,680.0,P,331.85,335.4,333.625,110.352,-0.961028,0.000703,-0.073083,0.091771,36,346.36,0,0,81.85
GOOGL,2026-08-13,2026-09-18,790.0,P,441.85,445.55,443.7,88.0861,-0.997666,7.6e-05,0.070117,0.007933,36,346.36,0,0,81.85
GOOGL,2026-08-13,2026-09-25,205.0,C,140.45,144.25,142.35,82.3244,0.977934,0.000538,-0.079732,0.062553,43,346.36,7,8,81.85
GOOGL,2026-08-13,2026-09-25,290.0,C,56.7,60.2,58.45,47.8765,0.882875,0.003455,-0.154976,0.233772,43,346.36,1,1,81.85
GOOGL,2026-08-13,2026-09-25,300.0,C,47.4,50.8,49.1,43.5003,0.856858,0.004369,-0.160744,0.268613,43,346.36,1,3,81.85
GOOGL,2026-08-13,2026-09-25,315.0,C,34.85,37.45,36.15,38.1964,0.794676,0.006263,-0.174211,0.338091,43,346.36,2,9,81.85
GOOGL,2026-08-13,2026-09-25,325.0,C,26.3,29.75,28.025,36.5393,0.727429,0.007648,-0.190275,0.394939,43,346.36,2,25,81.85
GOOGL,2026-08-13,2026-09-25,330.0,C,22.7,26.15,24.425,35.7001,0.688557,0.008329,-0.195934,0.420254,43,346.36,8,16,81.85
GOOGL,2026-08-13,2026-09-25,350.0,C,12.55,13.35,12.95,31.3239,0.498849,0.010713,-0.188875,0.474268,43,346.36,90,251,81.85
GOOGL,2026-08-13,2026-09-25,355.0,C,10.3,11.25,10.775,31.2659,0.4462,0.010635,-0.185355,0.469951,43,346.36,28,1997,81.85
GOOGL,2026-08-13,2026-09-25,360.0,C,8.6,9.25,8.925,30.8814,0.393491,0.010477,-0.177055,0.457266,43,346.36,45,153,81.85
GOOGL,2026-08-13,2026-09-25,365.0,C,7.05,7.85,7.45,31.2995,0.346942,0.009922,-0.171113,0.438921,43,346.36,15,59,81.85
GOOGL,2026-08-13,2026-09-25,370.0,C,5.7,6.3,6.0,30.8662,0.29839,0.009452,-0.157815,0.412335,43,346.36,24,214,81.85
GOOGL,2026-08-13,2026-09-25,375.0,C,4.6,5.0,4.8,30.5,0.253065,0.008821,-0.143212,0.380219,43,346.36,113,126,81.85
GOOGL,2026-08-13,2026-09-25,380.0,C,3.35,4.45,3.9,31.7023,0.224424,0.007946,-0.138662,0.356024,43,346.36,35,156,81.85
GOOGL,2026-08-13,2026-09-25,385.0,C,2.99,3.4,3.195,31.0554,0.184594,0.00722,-0.120565,0.316898,43,346.36,40,106,81.85
GOOGL,2026-08-13,2026-09-25,390.0,C,2.31,3.0,2.655,32.0686,0.162698,0.006452,-0.114446,0.292425,43,346.36,19,81,81.85
GOOGL,2026-08-13,2026-09-25,395.0,C,1.65,2.49,2.07,32.4042,0.1386,0.005738,-0.103631,0.262799,43,346.36,1,37,81.85
GOOGL,2026-08-13,2026-09-25,400.0,C,1.27,2.07,1.67,32.7643,0.117947,0.005074,-0.093433,0.234931,43,346.36,359,694,81.85
GOOGL,2026-08-13,2026-09-25,405.0,C,1.04,1.82,1.43,33.5944,0.103664,0.004511,-0.087116,0.214173,43,346.36,4,24,81.85
GOOGL,2026-08-13,2026-09-25,410.0,C,1.04,1.24,1.14,32.3859,0.077425,0.003767,-0.067517,0.172409,43,346.36,26,52,81.85
GOOGL,2026-08-13,2026-09-25,415.0,C,0.68,1.01,0.845,32.6545,0.06449,0.003246,-0.059047,0.149815,43,346.36,7,530,81.85
GOOGL,2026-08-13,2026-09-25,420.0,C,0.38,1.17,0.775,35.3888,0.068058,0.003123,-0.066545,0.156196,43,346.36,1,73,81.85
GOOGL,2026-08-13,2026-09-25,430.0,C,0.22,0.9,0.56,36.6706,0.052514,0.00246,-0.056115,0.12749,43,346.36,14,13,81.85
GOOGL,2026-08-13,2026-09-25,435.0,C,0.15,0.81,0.48,37.4518,0.047024,0.002206,-0.052408,0.116739,43,346.36,1,2,81.85
GOOGL,2026-08-13,2026-09-25,445.0,C,0.04,0.7,0.37,39.3317,0.039506,0.001824,-0.047699,0.101415,43,346.36,4,4,81.85
GOOGL,2026-08-13,2026-09-25,450.0,C,0.3,0.49,0.395,38.3795,0.029503,0.001471,-0.036589,0.079776,43,346.36,4,25,81.85
GOOGL,2026-08-13,2026-09-25,490.0,C,0.04,0.37,0.205,46.4117,0.01919,0.000847,-0.030629,0.055574,43,346.36,181,2,81.85
GOOGL,2026-08-13,2026-09-25,495.0,C,0.01,0.4,0.205,48.0718,0.01993,0.000845,-0.03274,0.05739,43,346.36,1,1,81.85
GOOGL,2026-08-13,2026-09-25,500.0,C,0.05,0.2,0.125,44.8736,0.011355,0.000558,-0.018846,0.035392,43,346.36,36,5,81.85
GOOGL,2026-08-13,2026-09-25,190.0,P,0.0,0.43,0.215,74.0237,-0.006079,0.000195,-0.017368,0.020449,43,346.36,1,1,81.85
GOOGL,2026-08-13,2026-09-25,295.0,P,0.84,1.12,0.98,31.6291,-0.057866,0.003079,-0.048491,0.137648,43,346.36,11,96,81.85
GOOGL,2026-08-13,2026-09-25,300.0,P,1.17,1.4,1.285,30.6525,-0.072158,0.003772,-0.055574,0.163386,43,346.36,53,108,81.85
GOOGL,2026-08-13,2026-09-25,305.0,P,1.58,1.86,1.72,30.2009,-0.093298,0.004645,-0.066181,0.19827,43,346.36,20,74,81.85
GOOGL,2026-08-13,2026-09-25,310.0,P,2.15,2.43,2.29,29.7004,-0.118656,0.005621,-0.077089,0.23593,43,346.36,118,147,81.85
GOOGL,2026-08-13,2026-09-25,315.0,P,2.75,3.2,2.975,29.3952,-0.150484,0.006686,-0.089366,0.277779,43,346.36,52,172,81.85
GOOGL,2026-08-13,2026-09-25,320.0,P,3.55,4.0,3.775,28.6323,-0.184321,0.007824,-0.098564,0.316606,43,346.36,146,402,81.85
GOOGL,2026-08-13,2026-09-25,325.0,P,4.6,5.2,4.9,28.4675,-0.228141,0.008932,-0.110451,0.359343,43,346.36,82,239,81.85
GOOGL,2026-08-13,2026-09-25,330.0,P,5.9,6.7,6.3,28.437,-0.277845,0.00992,-0.121441,0.398683,43,346.36,49,166,81.85
GOOGL,2026-08-13,2026-09-25,335.0,P,8.0,8.5,8.25,28.4614,-0.331819,0.010727,-0.130337,0.431475,43,346.36,27,214,81.85
GOOGL,2026-08-13,2026-09-25,340.0,P,9.4,10.4,9.9,28.0769,-0.387519,0.011474,-0.134042,0.455292,43,346.36,10,1504,81.85
GOOGL,2026-08-13,2026-09-25,345.0,P,11.65,13.0,12.325,28.5652,-0.446833,0.011643,-0.139191,0.470052,43,346.36,7,209,81.85
GOOGL,2026-08-13,2026-09-25,350.0,P,14.35,15.5,14.925,28.2234,-0.505756,0.011889,-0.136375,0.474221,43,346.36,6,76,81.85
GOOGL,2026-08-13,2026-09-25,355.0,P,17.05,18.55,17.8,28.4309,-0.563154,0.011655,-0.13325,0.468315,43,346.36,10,37,81.85
GOOGL,2026-08-13,2026-09-25,360.0,P,20.1,22.1,21.1,29.1572,-0.614973,0.011028,-0.130326,0.454435,43,346.36,11,29,81.85
GOOGL,2026-08-13,2026-09-25,375.0,P,30.3,33.7,32.0,30.6709,-0.745561,0.008797,-0.106496,0.381301,43,346.36,2,10,81.85
GOOGL,2026-08-13,2026-09-25,380.0,P,34.45,37.8,36.125,30.8814,-0.7824,0.008014,-0.094409,0.349787,43,346.36,1,5,81.85
GOOGL,2026-08-13,2026-09-25,385.0,P,39.0,42.1,40.55,31.2629,-0.813622,0.007215,-0.083165,0.318795,43,346.36,2,30,81.85
GOOGL,2026-08-13,2026-10-16,150.0,C,195.7,199.3,197.5,105.1518,0.983639,0.000268,-0.063058,0.059174,64,346.36,2,3,81.85
GOOGL,2026-08-13,2026-10-16,155.0,C,190.65,194.4,192.525,101.7827,0.98278,0.000289,-0.064077,0.061821,64,346.36,1,14,81.85
GOOGL,2026-08-13,2026-10-16,160.0,C,210.85,214.55,212.7,231.9706,0.901031,0.000518,-0.467873,0.252613,64,346.36,9,15,81.85
GOOGL,2026-08-13,2026-10-16,165.0,C,205.9,209.65,207.775,224.9699,0.897078,0.000549,-0.467275,0.25993,64,346.36,15,15,81.85
GOOGL,2026-08-13,2026-10-16,170.0,C,148.1,151.65,149.875,0.001,1.0,0.0,-0.017144,0.0,64,346.36,2,867,81.85
GOOGL,2026-08-13,2026-10-16,175.0,C,170.6,174.6,172.6,88.8917,0.979208,0.000388,-0.067203,0.072574,64,346.36,3,18,81.85
GOOGL,2026-08-13,2026-10-16,180.0,C,165.7,169.55,167.625,85.9376,0.978143,0.000419,-0.068094,0.075703,64,346.36,1,27,81.85
GOOGL,2026-08-13,2026-10-16,185.0,C,160.55,164.65,162.6,82.4709,0.977649,0.000445,-0.067462,0.077145,64,346.36,1,18,81.85
GOOGL,2026-08-13,2026-10-16,190.0,C,128.25,131.95,130.1,0.001,1.0,0.0,-0.019161,0.0,64,346.36,1,10,81.85
GOOGL,2026-08-13,2026-10-16,195.0,C,150.95,154.75,152.85,79.0529,0.972608,0.00055,-0.075072,0.091495,64,346.36,1,8,81.85
GOOGL,2026-08-13,2026-10-16,200.0,C,145.8,149.8,147.8,75.5374,0.972245,0.000582,-0.073651,0.092504,64,346.36,12,41,81.85
GOOGL,2026-08-13,2026-10-16,205.0,C,141.05,144.85,142.95,74.0237,0.969116,0.000649,-0.077901,0.101087,64,346.36,8,32,81.85
GOOGL,2026-08-13,2026-10-16,210.0,C,136.2,139.85,138.025,71.7532,0.96691,0.000709,-0.07985,0.107013,64,346.36,1,86,81.85
GOOGL,2026-08-13,2026-10-16,215.0,C,131.05,134.95,133.0,68.6649,0.965983,0.000758,-0.079064,0.109476,64,346.36,13,18,81.85
GOOGL,2026-08-13,2026-10-16,220.0,C,126.1,129.95,128.025,66.0648,0.964258,0.00082,-0.079623,0.114013,64,346.36,6,19,81.85
GOOGL,2026-08-13,2026-10-16,225.0,C,121.25,125.05,123.15,64.2582,0.960955,0.000907,-0.082676,0.12255,64,346.36,5,36,81.85
GOOGL,2026-08-13,2026-10-16,230.0,C,116.4,120.15,118.275,62.4271,0.957438,0.001001,-0.085625,0.131434,64,346.36,5,15,81.85
GOOGL,2026-08-13,2026-10-16,235.0,C,111.45,115.2,113.325,60.0346,0.954919,0.00109,-0.086506,0.137673,64,346.36,14,44,81.85
GOOGL,2026-08-13,2026-10-16,240.0,C,106.5,110.3,108.4,57.8251,0.951835,0.001194,-0.08791,0.145181,64,346.36,13,85,81.85
GOOGL,2026-08-13,2026-10-16,245.0,C,101.65,105.35,103.5,55.7744,0.948134,0.001313,-0.089796,0.15401,64,346.36,1,129,81.85
GOOGL,2026-08-13,2026-10-16,250.0,C,96.95,100.2,98.575,53.5649,0.944601,0.00144,-0.090965,0.162262,64,346.36,51,125,81.85
GOOGL,2026-08-13,2026-10-16,255.0,C,92.15,95.3,93.725,51.7583,0.939575,0.001596,-0.093624,0.173727,64,346.36,100,161,81.85
GOOGL,2026-08-13,2026-10-16,260.0,C,87.2,90.4,88.8,56.7631,0.911937,0.001941,-0.125516,0.231739,64,346.36,1,245,81.85
GOOGL,2026-08-13,2026-10-16,265.0,C,82.15,85.55,83.85,54.4987,0.905886,0.002124,-0.12668,0.243447,64,346.36,1,52,81.85
GOOGL,2026-08-13,2026-10-16,270.0,C,77.6,80.75,79.175,52.3992,0.89874,0.00233,-0.128415,0.256868,64,346.36,5,172,81.85
GOOGL,2026-08-13,2026-10-16,275.0,C,72.9,75.65,74.275,49.2009,0.895144,0.002546,-0.124921,0.263463,64,346.36,15,379,81.85
GOOGL,2026-08-13,2026-10-16,280.0,C,68.15,70.9,69.525,47.2539,0.886218,0.002811,-0.12696,0.27939,64,346.36,35,257,81.85
GOOGL,2026-08-13,2026-10-16,285.0,C,63.7,66.2,64.95,45.4046,0.875916,0.00311,-0.129295,0.297028,64,346.36,1,373,81.85
GOOGL,2026-08-13,2026-10-16,290.0,C,58.85,61.55,60.2,43.6346,0.864095,0.003447,-0.131828,0.316341,64,346.36,6,351,81.85
GOOGL,2026-08-13,2026-10-16,295.0,C,54.3,57.0,55.65,42.0477,0.85002,0.003823,-0.135031,0.338131,64,346.36,8,131,81.85
GOOGL,2026-08-13,2026-10-16,300.0,C,50.5,52.45,51.475,40.3387,0.834878,0.004245,-0.137401,0.360196,64,346.36,265,842,81.85
GOOGL,2026-08-13,2026-10-16,305.0,C,45.55,48.2,46.875,39.2554,0.814696,0.004693,-0.142461,0.387534,64,346.36,20,221,81.85
GOOGL,2026-08-13,2026-10-16,310.0,C,41.95,43.65,42.8,37.2687,0.796824,0.005229,-0.14279,0.409893,64,346.36,2,433,81.85
GOOGL,2026-08-13,2026-10-16,315.0,C,37.6,39.85,38.725,36.8079,0.768821,0.005704,-0.149854,0.441654,64,346.36,6,460,81.85
GOOGL,2026-08-13,2026-10-16,320.0,C,34.3,36.05,35.175,36.0419,0.739888,0.006207,-0.15472,0.470546,64,346.36,24,699,81.85
GOOGL,2026-08-13,2026-10-16,325.0,C,30.3,32.35,31.325,35.1996,0.708713,0.006719,-0.158317,0.497488,64,346.36,14,916,81.85
GOOGL,2026-08-13,2026-10-16,330.0,C,27.05,28.85,27.95,34.4428,0.674598,0.007209,-0.161204,0.522265,64,346.36,20,1090,81.85
GOOGL,2026-08-13,2026-10-16,335.0,C,24.5,25.45,24.975,33.57,0.638231,0.007697,-0.162289,0.543513,64,346.36,15,1052,81.85
GOOGL,2026-08-13,2026-10-16,340.0,C,21.6,22.4,22.0,32.9963,0.598798,0.008079,-0.163231,0.560769,64,346.36,146,1427,81.85
GOOGL,2026-08-13,2026-10-16,345.0,C,19.0,19.65,19.325,32.6026,0.557512,0.008349,-0.16335,0.572581,64,346.36,1091,2489,81.85
GOOGL,2026-08-13,2026-10-16,350.0,C,16.6,16.95,16.775,31.9465,0.514876,0.008604,-0.160601,0.578202,64,346.36,696,3398,81.85
GOOGL,2026-08-13,2026-10-16,355.0,C,14.4,14.7,14.55,31.7023,0.47198,0.008655,-0.157972,0.577176,64,346.36,163,1638,81.85
GOOGL,2026-08-13,2026-10-16,360.0,C,12.5,12.75,12.625,31.6199,0.429969,0.008565,-0.154475,0.569666,64,346.36,704,2436,81.85
GOOGL,2026-08-13,2026-10-16,365.0,C,10.7,11.05,10.875,31.6352,0.389574,0.00836,-0.149998,0.556294,64,346.36,119,3449,81.85
GOOGL,2026-08-13,2026-10-16,370.0,C,9.15,9.55,9.35,31.684,0.351103,0.00807,-0.144444,0.537821,64,346.36,510,6141,81.85
GOOGL,2026-08-13,2026-10-16,375.0,C,7.9,8.1,8.0,31.4948,0.313053,0.007756,-0.136567,0.513848,64,346.36,358,12239,81.85
GOOGL,2026-08-13,2026-10-16,380.0,C,6.7,6.95,6.825,31.5742,0.278991,0.007338,-0.129278,0.487365,64,346.36,415,4134,81.85
GOOGL,2026-08-13,2026-10-16,385.0,C,5.75,6.1,5.925,32.0045,0.250246,0.00685,-0.123437,0.461126,64,346.36,45,1834,81.85
GOOGL,2026-08-13,2026-10-16,390.0,C,4.9,5.2,5.05,32.0563,0.221084,0.006387,-0.115062,0.430649,64,346.36,120,2496,81.85
GOOGL,2026-08-13,2026-10-16,395.0,C,4.2,4.35,4.275,31.9404,0.192955,0.005914,-0.105455,0.397312,64,346.36,37,981,81.85
GOOGL,2026-08-13,2026-10-16,400.0,C,3.6,3.7,3.65,32.0563,0.169246,0.005427,-0.097203,0.36597,64,346.36,3020,13608,81.85
GOOGL,2026-08-13,2026-10-16,405.0,C,2.99,3.3,3.145,32.6606,0.15203,0.004966,-0.092048,0.341199,64,346.36,19,1097,81.85
GOOGL,2026-08-13,2026-10-16,410.0,C,2.6,2.72,2.66,32.4897,0.13049,0.004501,-0.082372,0.307613,64,346.36,193,55838,81.85
GOOGL,2026-08-13,2026-10-16,415.0,C,2.06,2.41,2.235,33.0024,0.116592,0.004095,-0.077133,0.284277,64,346.36,135,1131,81.85
GOOGL,2026-08-13,2026-10-16,420.0,C,1.83,2.04,1.935,33.1061,0.101257,0.003689,-0.069774,0.256864,64,346.36,46,7699,81.85
GOOGL,2026-08-13,2026-10-16,425.0,C,1.49,1.95,1.72,34.2048,0.09483,0.003403,-0.068543,0.244812,64,346.36,3,1030,81.85
GOOGL,2026-08-13,2026-10-16,430.0,C,1.2,1.51,1.355,33.5944,0.077638,0.002983,-0.057886,0.210777,64,346.36,15,3531,81.85
GOOGL,2026-08-13,2026-10-16,435.0,C,1.02,1.4,1.21,34.3757,0.071335,0.002732,-0.055419,0.197583,64,346.36,10,817,81.85
GOOGL,2026-08-13,2026-10-16,440.0,C,0.97,1.12,1.045,34.0827,0.0594,0.002391,-0.047609,0.171414,64,346.36,12,2104,81.85
GOOGL,2026-08-13,2026-10-16,445.0,C,0.91,1.19,1.05,35.7672,0.059982,0.002296,-0.050246,0.172729,64,346.36,7,1131,81.85
GOOGL,2026-08-13,2026-10-16,450.0,C,0.76,0.87,0.815,34.8517,0.046848,0.001937,-0.040214,0.141991,64,346.36,21,3786,81.85
GOOGL,2026-08-13,2026-10-16,460.0,C,0.42,0.67,0.545,35.4987,0.036659,0.001559,-0.033499,0.116403,64,346.36,1,7016,81.85
GOOGL,2026-08-13,2026-10-16,470.0,C,0.38,0.55,0.465,36.4752,0.030077,0.001289,-0.029179,0.098893,64,346.36,8,3776,81.85
GOOGL,2026-08-13,2026-10-16,480.0,C,0.23,0.46,0.345,37.4762,0.025028,0.001076,-0.025671,0.084844,64,346.36,5,6416,81.85
GOOGL,2026-08-13,2026-10-16,490.0,C,0.3,0.38,0.34,38.3307,0.020639,0.000894,-0.022282,0.072119,64,346.36,10,6423,81.85
GOOGL,2026-08-13,2026-10-16,500.0,C,0.13,0.41,0.27,40.6256,0.020932,0.000854,-0.023857,0.072985,64,346.36,8,3940,81.85
GOOGL,2026-08-13,2026-10-16,510.0,C,0.05,0.46,0.255,43.1402,0.021918,0.000836,-0.026296,0.075881,64,346.36,1,3148,81.85
GOOGL,2026-08-13,2026-10-16,520.0,C,0.15,0.26,0.205,41.6021,0.013615,0.000577,-0.016873,0.050528,64,346.36,2,3593,81.85
GOOGL,2026-08-13,2026-10-16,530.0,C,0.01,0.4,0.205,45.7525,0.018276,0.000676,-0.023849,0.065042,64,346.36,1,5838,81.85
GOOGL,2026-08-13,2026-10-16,540.0,C,0.01,0.37,0.19,46.9244,0.016635,0.000608,-0.02255,0.060022,64,346.36,1,6383,81.85
GOOGL,2026-08-13,2026-10-16,550.0,C,0.12,0.25,0.185,46.1919,0.011895,0.000463,-0.016615,0.044955,64,346.36,2,1814,81.85
GOOGL,2026-08-13,2026-10-16,560.0,C,0.01,0.34,0.175,49.5855,0.014671,0.000517,-0.021355,0.053887,64,346.36,45,352,81.85
GOOGL,2026-08-13,2026-10-16,570.0,C,0.01,0.33,0.17,50.9282,0.013944,0.000481,-0.020978,0.051579,64,346.36,1,45,81.85
GOOGL,2026-08-13,2026-10-16,580.0,C,0.01,0.32,0.165,52.1977,0.013219,0.000449,-0.020519,0.049258,64,346.36,4,182,81.85
GOOGL,2026-08-13,2026-10-16,590.0,C,0.01,0.31,0.16,53.4673,0.012607,0.00042,-0.02016,0.047279,64,346.36,2,51,81.85
GOOGL,2026-08-13,2026-10-16,600.0,C,0.04,0.11,0.075,48.8286,0.005336,0.000216,-0.008653,0.022221,64,346.36,32,1222,81.85
GOOGL,2026-08-13,2026-10-16,610.0,C,0.01,0.29,0.15,51.7583,0.006698,0.00025,-0.011211,0.027182,64,346.36,3,63,81.85
GOOGL,2026-08-13,2026-10-16,620.0,C,0.01,0.28,0.145,52.8325,0.006354,0.000233,-0.010917,0.025944,64,346.36,6,46,81.85
GOOGL,2026-08-13,2026-10-16,630.0,C,0.01,0.29,0.15,54.2973,0.006406,0.000229,-0.011295,0.026133,64,346.36,2,130,81.85
GOOGL,2026-08-13,2026-10-16,640.0,C,0.01,0.15,0.08,52.0513,0.003701,0.000146,-0.006639,0.016026,64,346.36,3,187,81.85
GOOGL,2026-08-13,2026-10-16,650.0,C,0.01,0.28,0.145,56.5434,0.005988,0.000207,-0.01107,0.024616,64,346.36,2,29,81.85
GOOGL,2026-08-13,2026-10-16,660.0,C,0.01,0.27,0.14,57.52,0.005711,0.000195,-0.010793,0.023603,64,346.36,1,21,81.85
GOOGL,2026-08-13,2026-10-16,670.0,C,0.01,0.19,0.1,56.6411,0.004196,0.000151,-0.008073,0.017933,64,346.36,2,197,81.85
GOOGL,2026-08-13,2026-10-16,680.0,C,0.01,0.27,0.14,59.766,0.005471,0.000181,-0.010787,0.022722,64,346.36,1,11,81.85
GOOGL,2026-08-13,2026-10-16,690.0,C,0.01,0.27,0.14,60.8402,0.005349,0.000174,-0.010758,0.022268,64,346.36,1,15,81.85
GOOGL,2026-08-13,2026-10-16,700.0,C,0.01,0.26,0.135,61.7191,0.005113,0.000165,-0.010481,0.021392,64,346.36,1,17,81.85
GOOGL,2026-08-13,2026-10-16,710.0,C,0.01,0.26,0.135,62.7933,0.005031,0.00016,-0.010509,0.021089,64,346.36,1,11,81.85
GOOGL,2026-08-13,2026-10-16,720.0,C,0.01,0.26,0.135,63.8675,0.004966,0.000155,-0.010561,0.020843,64,346.36,10,16,81.85
GOOGL,2026-08-13,2026-10-16,730.0,C,0.0,2.16,1.08,83.4718,0.026208,0.000502,-0.058317,0.088181,64,346.36,1,12,81.85
GOOGL,2026-08-13,2026-10-16,740.0,C,0.0,2.16,1.08,84.6925,0.025885,0.00049,-0.058545,0.087272,64,346.36,3,9,81.85
GOOGL,2026-08-13,2026-10-16,750.0,C,0.0,2.16,1.08,85.8888,0.02557,0.000478,-0.058754,0.086383,64,346.36,1,9,81.85
GOOGL,2026-08-13,2026-10-16,760.0,C,0.01,0.12,0.065,63.4769,0.002562,8.6e-05,-0.00579,0.011508,64,346.36,193,15,81.85
GOOGL,2026-08-13,2026-10-16,770.0,C,0.0,2.15,1.075,88.1593,0.024883,0.000455,-0.058919,0.084432,64,346.36,8,10,81.85
GOOGL,2026-08-13,2026-10-16,780.0,C,0.0,2.15,1.075,89.3067,0.024621,0.000445,-0.059146,0.083686,64,346.36,1,5,81.85
GOOGL,2026-08-13,2026-10-16,790.0,C,0.0,2.15,1.075,90.4298,0.02436,0.000436,-0.059344,0.08294,64,346.36,2,4,81.85
GOOGL,2026-08-13,2026-10-16,800.0,C,0.01,0.05,0.03,62.891,0.001254,4.5e-05,-0.002993,0.006008,64,346.36,30,3818,81.85
GOOGL,2026-08-13,2026-10-16,150.0,P,0.01,0.1,0.055,71.2893,-0.001468,4.6e-05,-0.003808,0.006939,64,346.36,30,551,81.85
GOOGL,2026-08-13,2026-10-16,155.0,P,0.0,2.16,1.08,100.5132,-0.016329,0.000279,-0.045716,0.059076,64,346.36,13,98,81.85
GOOGL,2026-08-13,2026-10-16,160.0,P,0.0,1.03,0.515,86.2794,-0.009738,0.000208,-0.02507,0.03777,64,346.36,10,123,81.85
GOOGL,2026-08-13,2026-10-16,165.0,P,0.0,2.17,1.085,93.5303,-0.017612,0.00032,-0.04533,0.063021,64,346.36,12,64,81.85
GOOGL,2026-08-13,2026-10-16,170.0,P,0.0,0.97,0.485,79.3459,-0.009965,0.000231,-0.023494,0.038536,64,346.36,4,152,81.85
GOOGL,2026-08-13,2026-10-16,175.0,P,0.0,0.4,0.2,67.8714,-0.005128,0.00015,-0.011175,0.021449,64,346.36,6,59,81.85
GOOGL,2026-08-13,2026-10-16,180.0,P,0.0,0.1,0.05,56.0551,-0.001676,6.6e-05,-0.003366,0.007829,64,346.36,1,2683,81.85
GOOGL,2026-08-13,2026-10-16,185.0,P,0.01,0.27,0.14,60.1566,-0.004129,0.00014,-0.008151,0.017678,64,346.36,4,85,81.85
GOOGL,2026-08-13,2026-10-16,190.0,P,0.01,0.27,0.14,57.8129,-0.004292,0.00015,-0.008102,0.018299,64,346.36,4,45,81.85
GOOGL,2026-08-13,2026-10-16,195.0,P,0.01,0.28,0.145,55.7622,-0.004595,0.000166,-0.008299,0.019451,64,346.36,6,33,81.85
GOOGL,2026-08-13,2026-10-16,200.0,P,0.01,0.29,0.15,53.7114,-0.004897,0.000182,-0.008453,0.020586,64,346.36,4,255,81.85
GOOGL,2026-08-13,2026-10-16,205.0,P,0.01,0.3,0.155,51.6606,-0.005194,0.0002,-0.008559,0.021693,64,346.36,2,148,81.85
GOOGL,2026-08-13,2026-10-16,210.0,P,0.03,0.24,0.135,52.3442,-0.007716,0.00028,-0.012301,0.030795,64,346.36,5,540,81.85
GOOGL,2026-08-13,2026-10-16,215.0,P,0.05,0.33,0.19,52.3442,-0.010314,0.000361,-0.015847,0.03971,64,346.36,7,986,81.85
GOOGL,2026-08-13,2026-10-16,220.0,P,0.11,0.22,0.165,47.3638,-0.007754,0.00031,-0.011154,0.030931,64,346.36,6,3821,81.85
GOOGL,2026-08-13,2026-10-16,225.0,P,0.01,0.37,0.19,48.6822,-0.012226,0.00045,-0.017048,0.04604,64,346.36,2,507,81.85
GOOGL,2026-08-13,2026-10-16,230.0,P,0.01,0.4,0.205,47.022,-0.013529,0.000508,-0.01795,0.050254,64,346.36,1,437,81.85
GOOGL,2026-08-13,2026-10-16,235.0,P,0.15,0.35,0.25,43.9703,-0.012739,0.000516,-0.01591,0.047707,64,346.36,10,634,81.85
GOOGL,2026-08-13,2026-10-16,240.0,P,0.15,0.47,0.31,43.7994,-0.016698,0.000654,-0.019977,0.060217,64,346.36,4,1804,81.85
GOOGL,2026-08-13,2026-10-16,245.0,P,0.28,0.42,0.35,40.9186,-0.016007,0.000675,-0.017966,0.058077,64,346.36,1,787,81.85
GOOGL,2026-08-13,2026-10-16,250.0,P,0.35,0.41,0.38,38.6725,-0.016408,0.000729,-0.01731,0.05932,64,346.36,11,3413,81.85
GOOGL,2026-08-13,2026-10-16,255.0,P,0.38,0.56,0.47,38.5748,-0.021862,0.000933,-0.022002,0.075719,64,346.36,40,806,81.85
GOOGL,2026-08-13,2026-10-16,260.0,P,0.49,0.74,0.615,38.3307,-0.028224,0.001163,-0.027034,0.093805,64,346.36,41,830,81.85
GOOGL,2026-08-13,2026-10-16,265.0,P,0.56,0.67,0.615,35.5231,-0.027552,0.00123,-0.024489,0.091942,64,346.36,16,2133,81.85
GOOGL,2026-08-13,2026-10-16,270.0,P,0.73,0.98,0.855,35.987,-0.038262,0.001592,-0.03246,0.120544,64,346.36,223,3401,81.85
GOOGL,2026-08-13,2026-10-16,275.0,P,0.89,0.98,0.935,33.8019,-0.040351,0.00177,-0.031736,0.125872,64,346.36,10,3627,81.85
GOOGL,2026-08-13,2026-10-16,280.0,P,1.07,1.2,1.135,33.0573,-0.049201,0.002124,-0.036303,0.147672,64,346.36,80,2004,81.85
GOOGL,2026-08-13,2026-10-16,285.0,P,1.38,1.49,1.435,32.4348,-0.060401,0.002546,-0.041753,0.173672,64,346.36,5,3125,81.85
GOOGL,2026-08-13,2026-10-16,290.0,P,1.65,1.83,1.74,31.7634,-0.073444,0.003024,-0.047394,0.202043,64,346.36,380,3339,81.85
GOOGL,2026-08-13,2026-10-16,295.0,P,2.12,2.39,2.255,31.6779,-0.092537,0.003608,-0.056036,0.240427,64,346.36,23,2462,81.85
GOOGL,2026-08-13,2026-10-16,300.0,P,2.52,2.9,2.71,31.0065,-0.11091,0.004206,-0.062296,0.274333,64,346.36,31,3852,81.85
GOOGL,2026-08-13,2026-10-16,305.0,P,3.35,3.65,3.5,30.7685,-0.135262,0.004872,-0.070712,0.315315,64,346.36,14,1287,81.85
GOOGL,2026-08-13,2026-10-16,310.0,P,4.2,4.45,4.325,30.2741,-0.16121,0.005569,-0.077806,0.354627,64,346.36,60,3980,81.85
GOOGL,2026-08-13,2026-10-16,315.0,P,5.2,5.4,5.3,29.8072,-0.190833,0.006294,-0.084698,0.394631,64,346.36,41,2282,81.85
GOOGL,2026-08-13,2026-10-16,320.0,P,6.35,6.55,6.45,29.4258,-0.224598,0.00702,-0.091401,0.434536,64,346.36,206,5275,81.85
GOOGL,2026-08-13,2026-10-16,325.0,P,7.6,8.0,7.8,29.2854,-0.263248,0.007686,-0.098332,0.473449,64,346.36,128,2288,81.85
GOOGL,2026-08-13,2026-10-16,330.0,P,9.25,9.5,9.375,28.8276,-0.303273,0.008357,-0.102588,0.506741,64,346.36,120,5037,81.85
GOOGL,2026-08-13,2026-10-16,335.0,P,10.95,11.45,11.2,28.8154,-0.348065,0.008845,-0.107393,0.536118,64,346.36,134,1177,81.85
GOOGL,2026-08-13,2026-10-16,340.0,P,12.85,13.55,13.2,28.6445,-0.394101,0.009262,-0.109776,0.558097,64,346.36,19,2785,81.85
GOOGL,2026-08-13,2026-10-16,345.0,P,15.35,15.9,15.625,28.498,-0.441536,0.009548,-0.110424,0.57238,64,346.36,989,2924,81.85
GOOGL,2026-08-13,2026-10-16,350.0,P,17.95,18.4,18.175,28.199,-0.48982,0.009751,-0.108477,0.578415,64,346.36,88,3359,81.85
GOOGL,2026-08-13,2026-10-16,355.0,P,20.75,21.25,21.0,28.0952,-0.537998,0.009746,-0.105503,0.575977,64,346.36,20,2290,81.85
GOOGL,2026-08-13,2026-10-16,360.0,P,23.45,24.4,23.925,28.1166,-0.584736,0.009562,-0.101347,0.565503,64,346.36,85,917,81.85
GOOGL,2026-08-13,2026-10-16,365.0,P,26.45,28.05,27.25,28.6598,-0.62652,0.009111,-0.098282,0.549257,64,346.36,13,1014,81.85
GOOGL,2026-08-13,2026-10-16,370.0,P,29.85,31.45,30.65,28.3821,-0.670559,0.008792,-0.089804,0.524884,64,346.36,106,598,81.85
GOOGL,2026-08-13,2026-10-16,375.0,P,33.6,34.9,34.25,27.787,-0.715251,0.008421,-0.078355,0.492186,64,346.36,5,403,81.85
GOOGL,2026-08-13,2026-10-16,380.0,P,37.0,39.0,38.0,28.1684,-0.749143,0.007792,-0.07152,0.461722,64,346.36,2,1493,81.85
GOOGL,2026-08-13,2026-10-16,385.0,P,41.2,43.0,42.1,27.9945,-0.784714,0.007202,-0.061018,0.424103,64,346.36,3,293,81.85
GOOGL,2026-08-13,2026-10-16,390.0,P,45.65,48.15,46.9,30.3993,-0.793195,0.006478,-0.065825,0.414229,64,346.36,9,289,81.85
GOOGL,2026-08-13,2026-10-16,395.0,P,49.25,52.45,50.85,30.5305,-0.819416,0.005938,-0.057056,0.381345,64,346.36,13,287,81.85
GOOGL,2026-08-13,2026-10-16,400.0,P,54.55,56.1,55.325,28.3149,-0.864404,0.005303,-0.034025,0.315849,64,346.36,10,1791,81.85
GOOGL,2026-08-13,2026-10-16,405.0,P,58.15,61.1,59.625,29.9934,-0.870936,0.004839,-0.034958,0.305281,64,346.36,10,406,81.85
GOOGL,2026-08-13,2026-10-16,410.0,P,62.75,66.05,64.4,31.446,-0.878158,0.004433,-0.034716,0.293254,64,346.36,2,61,81.85
GOOGL,2026-08-13,2026-10-16,415.0,P,67.45,70.75,69.1,31.9038,-0.89213,0.004007,-0.028735,0.268911,64,346.36,54,140,81.85
GOOGL,2026-08-13,2026-10-16,420.0,P,72.25,75.45,73.85,32.1845,-0.905716,0.003601,-0.022054,0.243772,64,346.36,24,84,81.85
GOOGL,2026-08-13,2026-10-16,425.0,P,77.75,80.1,78.925,32.0136,-0.920855,0.003176,-0.013252,0.213871,64,346.36,23,2,81.85
GOOGL,2026-08-13,2026-10-16,430.0,P,82.15,85.05,83.6,33.1306,-0.925489,0.002931,-0.011975,0.204283,64,346.36,21,37,81.85
GOOGL,2026-08-13,2026-10-16,435.0,P,87.25,90.0,88.625,34.2048,-0.929754,0.002714,-0.01063,0.195261,64,346.36,63,0,81.85
GOOGL,2026-08-13,2026-10-16,440.0,P,91.85,95.55,93.7,38.2513,-0.915176,0.002801,-0.025742,0.225336,64,346.36,55,0,81.85
GOOGL,2026-08-13,2026-10-16,445.0,P,96.7,100.4,98.55,38.8739,-0.92193,0.002589,-0.021961,0.211666,64,346.36,10,0,81.85
GOOGL,2026-08-13,2026-10-16,450.0,P,101.85,105.45,103.65,40.4181,-0.922729,0.00247,-0.023458,0.21002,64,346.36,20,0,81.85
GOOGL,2026-08-13,2026-10-16,460.0,P,111.85,115.4,113.625,42.6947,-0.928049,0.002215,-0.022291,0.19889,64,346.36,20,0,81.85
GOOGL,2026-08-13,2026-10-16,470.0,P,121.85,125.55,123.7,45.9112,-0.927566,0.00207,-0.02665,0.199914,64,346.36,25,0,81.85
