symbol,quote_date,expiration,strike,option_type,bid,ask,mid,implied_volatility,delta,gamma,theta,vega,dte,underlying_price,volume,open_interest,iv_rank
GOOGL,2026-08-18,2026-08-26,290.0,C,52.4,56.35,54.375,52.3442,0.988098,0.001163,-0.080688,0.015804,8,344.2,0,1,22.24
GOOGL,2026-08-18,2026-08-26,295.0,C,47.4,51.15,49.275,78.174,0.918892,0.003771,-0.400933,0.076548,8,344.2,0,1,22.24
GOOGL,2026-08-18,2026-08-26,300.0,C,42.45,46.55,44.5,75.7937,0.90116,0.004505,-0.446822,0.08867,8,344.2,1,46,22.24
GOOGL,2026-08-18,2026-08-26,305.0,C,37.5,41.25,39.375,66.3333,0.90123,0.005145,-0.394739,0.088624,8,344.2,0,46,22.24
GOOGL,2026-08-18,2026-08-26,310.0,C,32.55,36.5,34.525,62.0731,0.883676,0.006187,-0.414049,0.099718,8,344.2,1,21,22.24
GOOGL,2026-08-18,2026-08-26,315.0,C,28.3,30.3,29.3,44.2877,0.918829,0.00666,-0.241034,0.076593,8,344.2,1,33,22.24
GOOGL,2026-08-18,2026-08-26,330.0,C,14.3,16.85,15.575,36.817,0.792491,0.015254,-0.361559,0.145832,8,344.2,0,1,22.24
GOOGL,2026-08-18,2026-08-26,335.0,C,11.25,12.45,11.85,32.4103,0.727592,0.020109,-0.366986,0.169237,8,344.2,1,1,22.24
GOOGL,2026-08-18,2026-08-26,337.5,C,8.8,10.45,9.625,30.738,0.681739,0.022779,-0.372061,0.181814,8,344.2,3,2,22.24
GOOGL,2026-08-18,2026-08-26,340.0,C,7.45,8.5,7.975,28.8093,0.628627,0.02575,-0.367966,0.192631,8,344.2,12,16,22.24
GOOGL,2026-08-18,2026-08-26,342.5,C,5.35,7.2,6.275,29.3525,0.561335,0.026356,-0.387431,0.200884,8,344.2,31,9,22.24
GOOGL,2026-08-18,2026-08-26,345.0,C,4.5,5.3,4.9,26.3618,0.492356,0.029692,-0.351568,0.203254,8,344.2,126,87,22.24
GOOGL,2026-08-18,2026-08-26,347.5,C,2.98,4.75,3.865,28.907,0.427561,0.026635,-0.375693,0.199931,8,344.2,47,24,22.24
GOOGL,2026-08-18,2026-08-26,350.0,C,2.81,3.5,3.155,27.3933,0.355044,0.026672,-0.336887,0.189719,8,344.2,75,173,22.24
GOOGL,2026-08-18,2026-08-26,352.5,C,2.07,2.66,2.365,27.0637,0.289654,0.024807,-0.304751,0.174332,8,344.2,5,29,22.24
GOOGL,2026-08-18,2026-08-26,355.0,C,1.64,2.0,1.82,26.905,0.23107,0.022205,-0.268757,0.155134,8,344.2,224,44,22.24
GOOGL,2026-08-18,2026-08-26,357.5,C,1.07,1.67,1.37,28.0769,0.191669,0.019069,-0.250508,0.139025,8,344.2,6,22,22.24
GOOGL,2026-08-18,2026-08-26,360.0,C,0.86,1.2,1.03,27.6985,0.145901,0.016216,-0.206895,0.116629,8,344.2,88,73,22.24
GOOGL,2026-08-18,2026-08-26,362.5,C,0.62,1.02,0.82,28.9558,0.1214,0.013668,-0.190143,0.102772,8,344.2,2,11,22.24
GOOGL,2026-08-18,2026-08-26,365.0,C,0.5,0.9,0.7,30.4572,0.10371,0.011611,-0.178358,0.091833,8,344.2,13,232,22.24
GOOGL,2026-08-18,2026-08-26,367.5,C,0.25,0.76,0.505,31.4948,0.086277,0.009805,-0.160789,0.080185,8,344.2,3,23,22.24
GOOGL,2026-08-18,2026-08-26,370.0,C,0.28,0.48,0.38,30.3474,0.058411,0.007543,-0.114739,0.059438,8,344.2,16,59,22.24
GOOGL,2026-08-18,2026-08-26,372.5,C,0.18,0.34,0.26,30.2497,0.04237,0.005857,-0.08844,0.04601,8,344.2,5,2,22.24
GOOGL,2026-08-18,2026-08-26,375.0,C,0.13,0.53,0.33,35.3766,0.055392,0.006206,-0.127934,0.057005,8,344.2,81,40,22.24
GOOGL,2026-08-18,2026-08-26,377.5,C,0.01,0.34,0.175,34.2536,0.037564,0.004691,-0.090606,0.041721,8,344.2,84,73,22.24
GOOGL,2026-08-18,2026-08-26,380.0,C,0.05,0.46,0.255,38.4039,0.044789,0.004825,-0.117025,0.048119,8,344.2,94,12,22.24
GOOGL,2026-08-18,2026-08-26,382.5,C,0.01,0.3,0.155,37.2565,0.030705,0.003654,-0.083356,0.035347,8,344.2,80,1,22.24
GOOGL,2026-08-18,2026-08-26,385.0,C,0.01,0.12,0.065,33.7409,0.013857,0.002057,-0.038486,0.018025,8,344.2,42,21,22.24
GOOGL,2026-08-18,2026-08-26,387.5,C,0.02,0.22,0.12,38.819,0.021746,0.002627,-0.065,0.026485,8,344.2,10,9,22.24
GOOGL,2026-08-18,2026-08-26,390.0,C,0.02,0.36,0.19,44.1412,0.030984,0.003107,-0.099303,0.035612,8,344.2,6,7,22.24
GOOGL,2026-08-18,2026-08-26,392.5,C,0.01,0.29,0.15,44.2388,0.025008,0.002593,-0.083221,0.029791,8,344.2,5,7,22.24
GOOGL,2026-08-18,2026-08-26,395.0,C,0.01,0.1,0.055,39.1608,0.009864,0.00132,-0.033184,0.01342,8,344.2,8,6,22.24
GOOGL,2026-08-18,2026-08-26,405.0,C,0.0,0.25,0.125,51.563,0.018669,0.001738,-0.075626,0.02327,8,344.2,3,45,22.24
GOOGL,2026-08-18,2026-08-26,410.0,C,0.0,0.36,0.18,52.1489,0.013321,0.001287,-0.057235,0.017421,8,344.2,2,54,22.24
GOOGL,2026-08-18,2026-08-26,415.0,C,0.0,0.09,0.045,50.3911,0.006963,0.000755,-0.031365,0.009883,8,344.2,6,46,22.24
GOOGL,2026-08-18,2026-08-26,420.0,C,0.0,0.29,0.145,56.4457,0.009897,0.000918,-0.047818,0.013459,8,344.2,3,17,22.24
GOOGL,2026-08-18,2026-08-26,425.0,C,0.0,0.17,0.085,55.4692,0.005921,0.000594,-0.029888,0.008563,8,344.2,0,6,22.24
GOOGL,2026-08-18,2026-08-26,275.0,P,0.0,0.36,0.18,66.4066,-0.00963,0.000762,-0.054195,0.013141,8,344.2,3,3,22.24
GOOGL,2026-08-18,2026-08-26,280.0,P,0.0,0.36,0.18,61.8168,-0.010436,0.000878,-0.054085,0.014096,8,344.2,5,9,22.24
GOOGL,2026-08-18,2026-08-26,285.0,P,0.0,0.26,0.13,54.5903,-0.008523,0.000833,-0.039983,0.011808,8,344.2,4,10,22.24
GOOGL,2026-08-18,2026-08-26,290.0,P,0.01,0.1,0.055,48.438,-0.007415,0.000831,-0.031362,0.010447,8,344.2,3,6,22.24
GOOGL,2026-08-18,2026-08-26,295.0,P,0.04,0.39,0.215,54.5903,-0.025056,0.002105,-0.100901,0.029838,8,344.2,17,15,22.24
GOOGL,2026-08-18,2026-08-26,300.0,P,0.01,0.32,0.165,47.8521,-0.023464,0.002273,-0.083611,0.028238,8,344.2,28,12,22.24
GOOGL,2026-08-18,2026-08-26,305.0,P,0.01,0.16,0.085,38.2819,-0.014775,0.001916,-0.045049,0.019048,8,344.2,30,12,22.24
GOOGL,2026-08-18,2026-08-26,310.0,P,0.02,0.45,0.235,40.8209,-0.037924,0.003967,-0.105917,0.042047,8,344.2,91,203,22.24
GOOGL,2026-08-18,2026-08-26,315.0,P,0.04,0.23,0.135,31.3483,-0.025537,0.003724,-0.058493,0.030318,8,344.2,72,4,22.24
GOOGL,2026-08-18,2026-08-26,320.0,P,0.16,0.57,0.365,32.3249,-0.058878,0.007126,-0.118736,0.059811,8,344.2,10,38,22.24
GOOGL,2026-08-18,2026-08-26,325.0,P,0.49,0.85,0.67,29.9934,-0.091248,0.010734,-0.153461,0.083601,8,344.2,8,109,22.24
GOOGL,2026-08-18,2026-08-26,330.0,P,0.89,1.4,1.145,28.4797,-0.149272,0.016014,-0.205467,0.118427,8,344.2,48,86,22.24
GOOGL,2026-08-18,2026-08-26,335.0,P,1.66,2.23,1.945,26.7219,-0.234185,0.022524,-0.252653,0.156293,8,344.2,24,44,22.24
GOOGL,2026-08-18,2026-08-26,337.5,P,2.09,3.35,2.72,28.6994,-0.307479,0.024037,-0.310273,0.179134,8,344.2,2,31,22.24
GOOGL,2026-08-18,2026-08-26,340.0,P,2.88,3.85,3.365,26.6243,-0.362499,0.027641,-0.30497,0.191094,8,344.2,68,28,22.24
GOOGL,2026-08-18,2026-08-26,342.5,P,4.4,5.2,4.8,27.9548,-0.43646,0.02765,-0.334942,0.200708,8,344.2,35,25,22.24
GOOGL,2026-08-18,2026-08-26,345.0,P,5.3,6.25,5.775,27.0637,-0.507037,0.028923,-0.32551,0.20326,8,344.2,47,27,22.24
GOOGL,2026-08-18,2026-08-26,347.5,P,6.6,7.45,7.025,26.0689,-0.581954,0.029396,-0.30317,0.198987,8,344.2,1,23,22.24
GOOGL,2026-08-18,2026-08-26,350.0,P,7.8,9.2,8.5,26.905,-0.647736,0.027079,-0.294617,0.189188,8,344.2,1,40,22.24
GOOGL,2026-08-18,2026-08-26,352.5,P,9.7,11.2,10.45,28.3454,-0.701068,0.024033,-0.287797,0.17689,8,344.2,10,36,22.24
GOOGL,2026-08-18,2026-08-26,355.0,P,11.3,13.45,12.375,30.6648,-0.738896,0.020803,-0.290348,0.16565,8,344.2,2,6,22.24
GOOGL,2026-08-18,2026-08-26,357.5,P,13.2,16.45,14.825,36.9879,-0.742198,0.017134,-0.35289,0.164565,8,344.2,1,3,22.24
GOOGL,2026-08-18,2026-08-26,360.0,P,15.4,17.85,16.625,33.6677,-0.804891,0.016076,-0.265854,0.140543,8,344.2,2,2,22.24
GOOGL,2026-08-18,2026-08-26,365.0,P,19.3,23.2,21.25,42.066,-0.815399,0.012436,-0.326353,0.135839,8,344.2,1,3,22.24
GOOGL,2026-08-18,2026-08-26,367.5,P,21.75,25.6,23.675,44.2999,-0.829843,0.011217,-0.325711,0.129027,8,344.2,0,68,22.24
GOOGL,2026-08-18,2026-08-26,370.0,P,25.4,28.05,26.725,46.7779,-0.840704,0.010178,-0.329285,0.123628,8,344.2,4,2,22.24
GOOGL,2026-08-18,2026-08-26,372.5,P,26.5,30.5,28.5,49.1704,-0.850337,0.009292,-0.331839,0.118634,8,344.2,2,2,22.24
GOOGL,2026-08-18,2026-08-26,375.0,P,29.05,32.95,31.0,51.4653,-0.859051,0.008526,-0.333206,0.113941,8,344.2,1,1,22.24
GOOGL,2026-08-18,2026-08-26,380.0,P,35.25,37.9,36.575,56.226,-0.872299,0.007293,-0.3399,0.106473,8,344.2,1,1,22.24
GOOGL,2026-08-18,2026-08-28,100.0,C,242.25,246.2,244.225,234.3754,0.999641,1e-05,-0.018848,0.000744,10,344.2,2,6,22.24
GOOGL,2026-08-18,2026-08-28,195.0,C,147.4,151.1,149.25,119.5317,0.99854,7e-05,-0.03593,0.002712,10,344.2,1,1,22.24
GOOGL,2026-08-18,2026-08-28,200.0,C,142.4,146.3,144.35,129.1019,0.996002,0.000161,-0.063685,0.006747,10,344.2,1,3,22.24
GOOGL,2026-08-18,2026-08-28,205.0,C,137.4,141.35,139.375,126.1722,0.99521,0.000194,-0.070628,0.007929,10,344.2,0,1,22.24
GOOGL,2026-08-18,2026-08-28,210.0,C,132.4,136.35,134.375,120.8988,0.994978,0.000211,-0.071102,0.00827,10,344.2,4,6,22.24
GOOGL,2026-08-18,2026-08-28,220.0,C,122.4,126.35,124.375,110.5473,0.994508,0.00025,-0.071607,0.008956,10,344.2,4,4,22.24
GOOGL,2026-08-18,2026-08-28,225.0,C,117.45,121.4,119.425,108.9848,0.992906,0.000318,-0.083767,0.011234,10,344.2,3,4,22.24
GOOGL,2026-08-18,2026-08-28,230.0,C,112.45,116.15,114.3,93.9454,0.996284,0.000207,-0.052865,0.006318,10,344.2,10,10,22.24
GOOGL,2026-08-18,2026-08-28,235.0,C,107.45,111.4,109.425,99.0234,0.992166,0.000381,-0.084242,0.01226,10,344.2,1,1,22.24
GOOGL,2026-08-18,2026-08-28,245.0,C,97.45,101.45,99.45,90.6251,0.990566,0.000491,-0.089884,0.01443,10,344.2,0,27,22.24
GOOGL,2026-08-18,2026-08-28,250.0,C,92.5,96.4,94.45,85.84,0.990063,0.000542,-0.0898,0.015101,10,344.2,54,54,22.24
GOOGL,2026-08-18,2026-08-28,255.0,C,87.5,91.2,89.35,75.6838,0.993153,0.000443,-0.06681,0.010888,10,344.2,2,2,22.24
GOOGL,2026-08-18,2026-08-28,260.0,C,82.5,86.45,84.475,77.6369,0.987941,0.000709,-0.095293,0.01787,10,344.2,2,12,22.24
GOOGL,2026-08-18,2026-08-28,265.0,C,77.5,81.45,79.475,73.0471,0.987179,0.000795,-0.095232,0.018845,10,344.2,0,1,22.24
GOOGL,2026-08-18,2026-08-28,270.0,C,72.55,76.45,74.5,69.4339,0.985332,0.000939,-0.100322,0.021165,10,344.2,2,43,22.24
GOOGL,2026-08-18,2026-08-28,275.0,C,67.55,70.6,69.075,86.963,0.949325,0.002104,-0.284241,0.05939,10,344.2,2,22,22.24
GOOGL,2026-08-18,2026-08-28,280.0,C,62.55,66.45,64.5,60.352,0.983274,0.001209,-0.099269,0.023688,10,344.2,1,28,22.24
GOOGL,2026-08-18,2026-08-28,285.0,C,57.6,60.9,59.25,79.4924,0.93421,0.002826,-0.316281,0.072917,10,344.2,2,5,22.24
GOOGL,2026-08-18,2026-08-28,290.0,C,52.6,56.55,54.575,53.5161,0.976708,0.001806,-0.112522,0.031376,10,344.2,1,25,22.24
GOOGL,2026-08-18,2026-08-28,295.0,C,47.65,51.55,49.6,74.5486,0.906577,0.003931,-0.380976,0.095112,10,344.2,212,36,22.24
GOOGL,2026-08-18,2026-08-28,300.0,C,43.45,46.05,44.75,63.9652,0.913188,0.004338,-0.315283,0.090064,10,344.2,170,179,22.24
GOOGL,2026-08-18,2026-08-28,305.0,C,37.7,41.1,39.4,58.6674,0.903907,0.0051,-0.312265,0.097108,10,344.2,170,89,22.24
GOOGL,2026-08-18,2026-08-28,310.0,C,33.55,36.2,34.875,53.7236,0.891162,0.006097,-0.313042,0.106314,10,344.2,121,225,22.24
GOOGL,2026-08-18,2026-08-28,315.0,C,29.2,31.35,30.275,48.9873,0.874179,0.00741,-0.315939,0.117817,10,344.2,96,214,22.24
GOOGL,2026-08-18,2026-08-28,317.5,C,25.55,29.45,27.5,50.1714,0.847568,0.008245,-0.363444,0.134265,10,344.2,16,14,22.24
GOOGL,2026-08-18,2026-08-28,320.0,C,23.95,26.45,25.2,43.6407,0.855293,0.009155,-0.310158,0.129676,10,344.2,7,570,22.24
GOOGL,2026-08-18,2026-08-28,322.5,C,20.85,24.75,22.8,45.6304,0.819483,0.010112,-0.367819,0.149765,10,344.2,12,25,22.24
GOOGL,2026-08-18,2026-08-28,325.0,C,19.9,21.65,20.775,38.6847,0.827484,0.01159,-0.308207,0.145531,10,344.2,2,391,22.24
GOOGL,2026-08-18,2026-08-28,327.5,C,17.2,19.4,18.3,36.9269,0.805345,0.013091,-0.31588,0.156909,10,344.2,1,4,22.24
GOOGL,2026-08-18,2026-08-28,330.0,C,15.55,17.55,16.55,37.1039,0.768291,0.014424,-0.347339,0.173712,10,344.2,35,940,22.24
GOOGL,2026-08-18,2026-08-28,332.5,C,14.0,14.9,14.45,32.746,0.752972,0.016925,-0.319342,0.179895,10,344.2,1,24,22.24
GOOGL,2026-08-18,2026-08-28,335.0,C,11.9,12.95,12.425,31.7451,0.712668,0.018844,-0.331792,0.194172,10,344.2,40,697,22.24
GOOGL,2026-08-18,2026-08-28,337.5,C,10.3,11.1,10.7,30.7746,0.666875,0.020733,-0.340854,0.2071,10,344.2,7,154,22.24
GOOGL,2026-08-18,2026-08-28,340.0,C,8.6,9.25,8.925,29.3342,0.617164,0.022834,-0.339517,0.217413,10,344.2,174,1073,22.24
GOOGL,2026-08-18,2026-08-28,342.5,C,7.3,7.8,7.55,29.0901,0.558823,0.023809,-0.345736,0.224812,10,344.2,248,344,22.24
GOOGL,2026-08-18,2026-08-28,345.0,C,6.05,6.3,6.175,28.0403,0.498028,0.024972,-0.335431,0.227284,10,344.2,848,996,22.24
GOOGL,2026-08-18,2026-08-28,347.5,C,4.9,5.3,5.1,28.4919,0.437535,0.024275,-0.334581,0.224495,10,344.2,46,709,22.24
GOOGL,2026-08-18,2026-08-28,350.0,C,4.0,4.15,4.075,27.6741,0.374584,0.024042,-0.311509,0.215961,10,344.2,978,1873,22.24
GOOGL,2026-08-18,2026-08-28,352.5,C,3.1,3.4,3.25,27.9975,0.3195,0.022405,-0.295859,0.203606,10,344.2,244,925,22.24
GOOGL,2026-08-18,2026-08-28,355.0,C,2.52,2.7,2.61,27.9792,0.266959,0.020625,-0.271105,0.187307,10,344.2,686,1121,22.24
GOOGL,2026-08-18,2026-08-28,357.5,C,1.96,2.22,2.09,28.5408,0.224398,0.018416,-0.251095,0.170608,10,344.2,66,219,22.24
GOOGL,2026-08-18,2026-08-28,360.0,C,1.55,1.65,1.6,28.0281,0.178174,0.016328,-0.214236,0.148539,10,344.2,3259,3490,22.24
GOOGL,2026-08-18,2026-08-28,362.5,C,1.08,1.31,1.195,28.3577,0.144908,0.014102,-0.188981,0.129798,10,344.2,101,326,22.24
GOOGL,2026-08-18,2026-08-28,365.0,C,0.93,1.1,1.015,29.2121,0.121341,0.012114,-0.17191,0.114863,10,344.2,294,1257,22.24
GOOGL,2026-08-18,2026-08-28,367.5,C,0.64,0.87,0.755,29.5295,0.09768,0.010254,-0.148448,0.098283,10,344.2,30,212,22.24
GOOGL,2026-08-18,2026-08-28,370.0,C,0.5,0.67,0.585,29.6882,0.076982,0.008537,-0.124747,0.082265,10,344.2,1931,3473,22.24
GOOGL,2026-08-18,2026-08-28,372.5,C,0.37,0.58,0.475,30.6892,0.065508,0.007296,-0.113757,0.072676,10,344.2,5,35,22.24
GOOGL,2026-08-18,2026-08-28,375.0,C,0.3,0.45,0.375,30.9089,0.051577,0.006003,-0.094846,0.06023,10,344.2,130,1244,22.24
GOOGL,2026-08-18,2026-08-28,377.5,C,0.15,0.35,0.25,31.153,0.040455,0.0049,-0.078563,0.049548,10,344.2,13,84,22.24
GOOGL,2026-08-18,2026-08-28,380.0,C,0.23,0.38,0.305,33.4479,0.040821,0.004597,-0.084868,0.049912,10,344.2,151,2350,22.24
GOOGL,2026-08-18,2026-08-28,385.0,C,0.15,0.2,0.175,33.0085,0.022513,0.002846,-0.051092,0.03049,10,344.2,103,758,22.24
GOOGL,2026-08-18,2026-08-28,390.0,C,0.08,0.17,0.125,35.2546,0.01812,0.002216,-0.045329,0.025364,10,344.2,66,1697,22.24
GOOGL,2026-08-18,2026-08-28,395.0,C,0.05,0.14,0.095,37.1588,0.014228,0.001709,-0.03879,0.020616,10,344.2,22,392,22.24
GOOGL,2026-08-18,2026-08-28,400.0,C,0.06,0.08,0.07,37.11,0.008227,0.001063,-0.024029,0.012799,10,344.2,102,3120,22.24
GOOGL,2026-08-18,2026-08-28,405.0,C,0.05,0.06,0.055,38.4772,0.0061,0.000787,-0.01912,0.00983,10,344.2,26,305,22.24
GOOGL,2026-08-18,2026-08-28,410.0,C,0.01,0.05,0.03,40.0397,0.004783,0.000609,-0.016018,0.007919,10,344.2,19,428,22.24
GOOGL,2026-08-18,2026-08-28,415.0,C,0.0,0.05,0.025,42.5787,0.0046,0.000553,-0.01644,0.007648,10,344.2,36,249,22.24
GOOGL,2026-08-18,2026-08-28,420.0,C,0.03,0.05,0.04,44.9224,0.004321,0.000496,-0.016392,0.007232,10,344.2,99,720,22.24
GOOGL,2026-08-18,2026-08-28,425.0,C,0.03,0.05,0.04,47.2662,0.004107,0.00045,-0.016471,0.00691,10,344.2,6,166,22.24
GOOGL,2026-08-18,2026-08-28,430.0,C,0.0,0.05,0.025,49.6099,0.003942,0.000414,-0.016661,0.006663,10,344.2,177,177,22.24
GOOGL,2026-08-18,2026-08-28,435.0,C,0.0,0.05,0.025,51.7583,0.003702,0.000375,-0.016421,0.006297,10,344.2,60,231,22.24
GOOGL,2026-08-18,2026-08-28,440.0,C,0.0,0.03,0.015,51.1724,0.002223,0.000239,-0.010246,0.003975,10,344.2,26,936,22.24
GOOGL,2026-08-18,2026-08-28,445.0,C,0.0,0.05,0.025,52.3442,0.00181,0.000194,-0.008695,0.003299,10,344.2,764,164,22.24
GOOGL,2026-08-18,2026-08-28,450.0,C,0.0,0.08,0.04,57.0317,0.002707,0.000257,-0.01364,0.004751,10,344.2,49,1583,22.24
GOOGL,2026-08-18,2026-08-28,455.0,C,0.0,0.43,0.215,71.7776,0.011274,0.000723,-0.060871,0.016856,10,344.2,124,285,22.24
GOOGL,2026-08-18,2026-08-28,460.0,C,0.0,0.42,0.21,73.926,0.010709,0.000672,-0.059938,0.016118,10,344.2,15,103,22.24
GOOGL,2026-08-18,2026-08-28,465.0,C,0.0,1.03,0.515,86.7677,0.021918,0.001058,-0.130046,0.029808,10,344.2,106,43,22.24
GOOGL,2026-08-18,2026-08-28,470.0,C,0.0,0.1,0.05,66.6019,0.002878,0.000232,-0.016816,0.00502,10,344.2,3,32,22.24
GOOGL,2026-08-18,2026-08-28,475.0,C,0.0,1.0,0.5,91.3575,0.020295,0.000942,-0.128251,0.02793,10,344.2,3,32,22.24
GOOGL,2026-08-18,2026-08-28,480.0,C,0.0,0.03,0.015,63.2816,0.000926,8.7e-05,-0.005689,0.001788,10,344.2,9,191,22.24
GOOGL,2026-08-18,2026-08-28,485.0,C,0.0,0.48,0.24,86.7189,0.010437,0.00056,-0.068689,0.015762,10,344.2,7,47,22.24
GOOGL,2026-08-18,2026-08-28,490.0,C,0.0,1.97,0.985,110.0102,0.032666,0.001165,-0.229845,0.041593,10,344.2,1,111,22.24
GOOGL,2026-08-18,2026-08-28,495.0,C,0.0,2.13,1.065,114.0629,0.034024,0.001162,-0.246409,0.043012,10,344.2,2,118,22.24
GOOGL,2026-08-18,2026-08-28,500.0,C,0.0,0.47,0.235,92.9688,0.009568,0.000484,-0.068228,0.014609,10,344.2,4,51,22.24
GOOGL,2026-08-18,2026-08-28,505.0,C,0.0,2.13,1.065,119.0434,0.032754,0.001079,-0.249178,0.041685,10,344.2,4,16,22.24
GOOGL,2026-08-18,2026-08-28,510.0,C,0.0,2.13,1.065,121.4604,0.032144,0.001041,-0.250301,0.041044,10,344.2,95,132,22.24
GOOGL,2026-08-18,2026-08-28,515.0,C,0.0,1.55,0.775,117.4809,0.024436,0.000857,-0.192675,0.032666,10,344.2,24,57,22.24
GOOGL,2026-08-18,2026-08-28,520.0,C,0.0,2.13,1.065,126.2211,0.031049,0.000974,-0.252713,0.039884,10,344.2,20,40,22.24
GOOGL,2026-08-18,2026-08-28,525.0,C,0.0,2.13,1.065,128.516,0.030499,0.000942,-0.25351,0.039299,10,344.2,35,32,22.24
GOOGL,2026-08-18,2026-08-28,530.0,C,0.0,2.13,1.065,130.8109,0.03001,0.000913,-0.254579,0.038775,10,344.2,10,170,22.24
GOOGL,2026-08-18,2026-08-28,535.0,C,0.0,2.13,1.065,133.0814,0.029549,0.000886,-0.255673,0.038281,10,344.2,40,24,22.24
GOOGL,2026-08-18,2026-08-28,540.0,C,0.0,0.13,0.065,94.5313,0.002607,0.00015,-0.021796,0.004593,10,344.2,10,189,22.24
GOOGL,2026-08-18,2026-08-28,545.0,C,0.0,0.12,0.06,95.5079,0.002389,0.000137,-0.020347,0.004244,10,344.2,244,368,22.24
GOOGL,2026-08-18,2026-08-28,550.0,C,0.01,0.13,0.07,98.6328,0.002693,0.000148,-0.023408,0.004728,10,344.2,115,279,22.24
GOOGL,2026-08-18,2026-08-28,100.0,P,0.0,0.01,0.005,206.2505,-7.4e-05,3e-06,-0.00175,0.00017,10,344.2,2,1,22.24
GOOGL,2026-08-18,2026-08-28,105.0,P,0.0,2.13,1.065,349.8048,-0.009596,0.000129,-0.255762,0.014647,10,344.2,2,0,22.24
GOOGL,2026-08-18,2026-08-28,110.0,P,0.0,0.01,0.005,193.75,-9.9e-05,4e-06,-0.002168,0.000224,10,344.2,2,0,22.24
GOOGL,2026-08-18,2026-08-28,115.0,P,0.0,2.13,1.065,324.5119,-0.010404,0.000149,-0.254592,0.015718,10,344.2,4,1,22.24
GOOGL,2026-08-18,2026-08-28,120.0,P,0.0,0.01,0.005,175.0001,-7.7e-05,3e-06,-0.001531,0.000175,10,344.2,2,0,22.24
GOOGL,2026-08-18,2026-08-28,125.0,P,0.0,2.13,1.065,301.4651,-0.011261,0.000172,-0.253346,0.016839,10,344.2,4,0,22.24
GOOGL,2026-08-18,2026-08-28,130.0,P,0.0,0.01,0.005,162.5002,-8.6e-05,4e-06,-0.001579,0.000195,10,344.2,4,0,22.24
GOOGL,2026-08-18,2026-08-28,135.0,P,0.0,2.13,1.065,280.2737,-0.012172,0.000198,-0.25196,0.018016,10,344.2,16,2,22.24
GOOGL,2026-08-18,2026-08-28,175.0,P,0.0,2.13,1.065,208.9849,-0.016528,0.000346,-0.244356,0.023448,10,344.2,2,1,22.24
GOOGL,2026-08-18,2026-08-28,185.0,P,0.0,2.13,1.065,193.7012,-0.017866,0.000399,-0.242012,0.025061,10,344.2,4,51,22.24
GOOGL,2026-08-18,2026-08-28,190.0,P,0.0,0.21,0.105,134.766,-0.002719,0.000109,-0.032042,0.00477,10,344.2,6,60,22.24
GOOGL,2026-08-18,2026-08-28,195.0,P,0.0,2.13,1.065,179.1993,-0.019347,0.000461,-0.23953,0.026818,10,344.2,41,60,22.24
GOOGL,2026-08-18,2026-08-28,200.0,P,0.0,0.21,0.105,124.0238,-0.00296,0.000128,-0.031821,0.005149,10,344.2,10,34,22.24
GOOGL,2026-08-18,2026-08-28,205.0,P,0.0,0.32,0.16,124.8051,-0.004439,0.000183,-0.04606,0.007408,10,344.2,2,101,22.24
GOOGL,2026-08-18,2026-08-28,210.0,P,0.0,0.22,0.11,114.2582,-0.003338,0.000155,-0.032656,0.005738,10,344.2,4,13,22.24
GOOGL,2026-08-18,2026-08-28,215.0,P,0.0,2.14,1.07,152.2463,-0.022889,0.000626,-0.234479,0.030918,10,344.2,1,40,22.24
GOOGL,2026-08-18,2026-08-28,220.0,P,0.01,0.22,0.115,105.0786,-0.003835,0.000191,-0.034007,0.0065,10,344.2,141,31,22.24
GOOGL,2026-08-18,2026-08-28,225.0,P,0.0,2.14,1.07,139.5023,-0.024942,0.000734,-0.230848,0.033233,10,344.2,10,14,22.24
GOOGL,2026-08-18,2026-08-28,230.0,P,0.0,0.03,0.015,77.344,-0.000639,5.1e-05,-0.004887,0.00127,10,344.2,4,14,22.24
GOOGL,2026-08-18,2026-08-28,235.0,P,0.0,0.78,0.39,107.1782,-0.012362,0.000525,-0.097391,0.01826,10,344.2,1,30,22.24
GOOGL,2026-08-18,2026-08-28,240.0,P,0.0,2.15,1.075,121.4359,-0.028751,0.000949,-0.226117,0.03742,10,344.2,1,486,22.24
GOOGL,2026-08-18,2026-08-28,245.0,P,0.0,2.16,1.08,115.6742,-0.030285,0.001041,-0.224826,0.03907,10,344.2,1,35,22.24
GOOGL,2026-08-18,2026-08-28,250.0,P,0.0,1.0,0.5,95.6055,-0.017594,0.000797,-0.117587,0.024735,10,344.2,6,81,22.24
GOOGL,2026-08-18,2026-08-28,255.0,P,0.0,0.28,0.14,75.0003,-0.00645,0.000424,-0.038494,0.010328,10,344.2,2,48,22.24
GOOGL,2026-08-18,2026-08-28,260.0,P,0.0,0.12,0.06,63.8675,-0.003302,0.000274,-0.018025,0.005682,10,344.2,4,130,22.24
GOOGL,2026-08-18,2026-08-28,265.0,P,0.01,0.08,0.045,58.0082,-0.002701,0.000252,-0.013656,0.004742,10,344.2,2,71,22.24
GOOGL,2026-08-18,2026-08-28,270.0,P,0.01,0.17,0.09,58.7895,-0.005321,0.000456,-0.025403,0.008707,10,344.2,12,597,22.24
GOOGL,2026-08-18,2026-08-28,275.0,P,0.01,0.17,0.09,54.8833,-0.005746,0.000523,-0.025377,0.009323,10,344.2,36,172,22.24
GOOGL,2026-08-18,2026-08-28,280.0,P,0.01,0.16,0.085,50.5864,-0.005877,0.000579,-0.023846,0.009511,10,344.2,2,695,22.24
GOOGL,2026-08-18,2026-08-28,285.0,P,0.06,0.2,0.13,52.5395,-0.013027,0.00112,-0.049722,0.019106,10,344.2,42,4260,22.24
GOOGL,2026-08-18,2026-08-28,290.0,P,0.03,0.11,0.07,44.3365,-0.008532,0.000918,-0.028989,0.013215,10,344.2,15,438,22.24
GOOGL,2026-08-18,2026-08-28,295.0,P,0.05,0.13,0.09,41.4068,-0.010734,0.001202,-0.033055,0.016152,10,344.2,46,271,22.24
GOOGL,2026-08-18,2026-08-28,300.0,P,0.06,0.14,0.1,37.8912,-0.01258,0.001507,-0.03467,0.018537,10,344.2,42,4951,22.24
GOOGL,2026-08-18,2026-08-28,305.0,P,0.05,0.24,0.145,36.9635,-0.021515,0.002446,-0.053464,0.029344,10,344.2,52,341,22.24
GOOGL,2026-08-18,2026-08-28,310.0,P,0.17,0.38,0.275,35.694,-0.03453,0.003758,-0.076465,0.043537,10,344.2,29,890,22.24
GOOGL,2026-08-18,2026-08-28,315.0,P,0.3,0.51,0.405,33.2038,-0.048561,0.005326,-0.093567,0.057405,10,344.2,68,1403,22.24
GOOGL,2026-08-18,2026-08-28,317.5,P,0.45,0.55,0.5,31.3972,-0.054884,0.006209,-0.097367,0.063272,10,344.2,7,22,22.24
GOOGL,2026-08-18,2026-08-28,320.0,P,0.58,0.81,0.695,31.9343,-0.077102,0.007946,-0.128751,0.082363,10,344.2,49,801,22.24
GOOGL,2026-08-18,2026-08-28,322.5,P,0.67,0.88,0.775,30.03,-0.087649,0.009306,-0.133071,0.090712,10,344.2,50,46,22.24
GOOGL,2026-08-18,2026-08-28,325.0,P,0.93,1.08,1.005,29.1145,-0.108189,0.011202,-0.150231,0.105858,10,344.2,116,1317,22.24
GOOGL,2026-08-18,2026-08-28,327.5,P,1.21,1.41,1.31,28.7849,-0.138079,0.013445,-0.175855,0.12562,10,344.2,87,53,22.24
GOOGL,2026-08-18,2026-08-28,330.0,P,1.59,1.83,1.71,28.5163,-0.174203,0.015821,-0.202546,0.146436,10,344.2,439,1263,22.24
GOOGL,2026-08-18,2026-08-28,332.5,P,2.01,2.36,2.185,28.3088,-0.216771,0.018203,-0.228967,0.167261,10,344.2,178,269,22.24
GOOGL,2026-08-18,2026-08-28,335.0,P,2.63,2.85,2.74,27.3445,-0.259904,0.020817,-0.243278,0.184764,10,344.2,344,962,22.24
GOOGL,2026-08-18,2026-08-28,337.5,P,3.35,3.8,3.575,28.0403,-0.319673,0.022376,-0.274009,0.203652,10,344.2,59,88,22.24
GOOGL,2026-08-18,2026-08-28,340.0,P,4.1,4.65,4.375,27.5947,-0.376815,0.024156,-0.284931,0.216364,10,344.2,183,904,22.24
GOOGL,2026-08-18,2026-08-28,342.5,P,5.05,5.75,5.4,27.613,-0.439045,0.025062,-0.294258,0.224629,10,344.2,71,337,22.24
GOOGL,2026-08-18,2026-08-28,345.0,P,6.3,6.8,6.55,26.7891,-0.502909,0.026138,-0.28622,0.227281,10,344.2,103,1337,22.24
GOOGL,2026-08-18,2026-08-28,347.5,P,7.6,8.35,7.975,27.4299,-0.565568,0.025183,-0.286947,0.22421,10,344.2,9,84,22.24
GOOGL,2026-08-18,2026-08-28,350.0,P,9.05,9.95,9.5,27.6741,-0.625416,0.024042,-0.276017,0.215961,10,344.2,93,997,22.24
GOOGL,2026-08-18,2026-08-28,352.5,P,10.6,11.65,11.125,27.7717,-0.681996,0.022542,-0.25721,0.203205,10,344.2,15,80,22.24
GOOGL,2026-08-18,2026-08-28,355.0,P,12.6,13.75,13.175,29.2365,-0.723493,0.020086,-0.252023,0.190612,10,344.2,141,676,22.24
GOOGL,2026-08-18,2026-08-28,357.5,P,14.2,15.75,14.975,29.7981,-0.765292,0.018089,-0.232386,0.174957,10,344.2,19,33,22.24
GOOGL,2026-08-18,2026-08-28,360.0,P,15.85,17.8,16.825,30.1643,-0.803341,0.016126,-0.208307,0.157887,10,344.2,154,701,22.24
GOOGL,2026-08-18,2026-08-28,362.5,P,18.4,20.5,19.45,34.1193,-0.808134,0.014044,-0.235075,0.155533,10,344.2,12,20,22.24
GOOGL,2026-08-18,2026-08-28,365.0,P,20.45,22.7,21.575,34.9128,-0.833697,0.012544,-0.216758,0.142145,10,344.2,2,127,22.24
GOOGL,2026-08-18,2026-08-28,367.5,P,21.9,25.45,23.675,39.1119,-0.832407,0.011253,-0.247762,0.142856,10,344.2,2,6,22.24
GOOGL,2026-08-18,2026-08-28,370.0,P,24.95,27.4,26.175,37.7936,-0.866055,0.010029,-0.19951,0.123033,10,344.2,9,180,22.24
GOOGL,2026-08-18,2026-08-28,372.5,P,26.7,30.6,28.65,45.1422,-0.842919,0.009347,-0.276634,0.136957,10,344.2,0,13,22.24
GOOGL,2026-08-18,2026-08-28,375.0,P,29.1,32.25,30.675,41.2359,-0.886216,0.0082,-0.192105,0.109751,10,344.2,2,114,22.24
GOOGL,2026-08-18,2026-08-28,380.0,P,34.0,37.9,35.95,50.855,-0.868931,0.007343,-0.274059,0.121207,10,344.2,8,60,22.24
GOOGL,2026-08-18,2026-08-28,385.0,P,38.9,42.9,40.9,55.3471,-0.878172,0.006412,-0.283795,0.115187,10,344.2,12,105,22.24
GOOGL,2026-08-18,2026-08-28,390.0,P,43.8,47.9,45.85,59.6684,-0.88594,0.005677,-0.292253,0.109941,10,344.2,8,17,22.24
GOOGL,2026-08-18,2026-08-28,395.0,P,48.9,52.9,50.9,63.8553,-0.892515,0.005083,-0.299913,0.105361,10,344.2,0,0,22.24
GOOGL,2026-08-18,2026-08-28,400.0,P,53.95,57.9,55.925,67.9202,-0.898165,0.004596,-0.3069,0.10132,10,344.2,0,2,22.24
GOOGL,2026-08-18,2026-08-28,405.0,P,59.0,62.9,60.95,71.8753,-0.903074,0.004189,-0.313341,0.097726,10,344.2,1,0,22.24
GOOGL,2026-08-18,2026-08-28,410.0,P,64.0,67.9,65.95,75.7083,-0.907451,0.003844,-0.319025,0.094454,10,344.2,1,1,22.24
GOOGL,2026-08-18,2026-08-28,420.0,P,73.95,77.9,75.925,50.1958,-0.990404,0.000899,0.005501,0.014648,10,344.2,1,0,22.24
GOOGL,2026-08-18,2026-08-28,430.0,P,84.85,87.9,86.375,69.1898,-0.969758,0.001738,-0.092412,0.039024,10,344.2,2,0,22.24
GOOGL,2026-08-18,2026-08-28,450.0,P,104.0,107.9,105.95,66.2113,-0.99138,0.00062,0.001199,0.013334,10,344.2,0,0,22.24
GOOGL,2026-08-18,2026-08-28,455.0,P,109.0,112.9,110.95,68.555,-0.99166,0.000582,0.00146,0.012953,10,344.2,0,0,22.24
GOOGL,2026-08-18,2026-08-28,485.0,P,139.0,142.9,140.95,81.8361,-0.992983,0.000419,0.003424,0.011125,10,344.2,1,0,22.24
GOOGL,2026-08-18,2026-09-04,115.0,C,227.3,231.25,229.275,180.4688,0.998711,3.2e-05,-0.028359,0.003157,17,344.2,0,2,22.24
GOOGL,2026-08-18,2026-09-04,190.0,C,152.45,156.4,154.425,115.2348,0.994142,0.000194,-0.060939,0.012365,17,344.2,0,1,22.24
GOOGL,2026-08-18,2026-09-04,195.0,C,147.45,151.4,149.425,110.7426,0.993864,0.000211,-0.061489,0.012883,17,344.2,0,1,22.24
GOOGL,2026-08-18,2026-09-04,220.0,C,122.55,126.4,124.475,91.6993,0.991092,0.000354,-0.070222,0.017894,17,344.2,0,1,22.24
GOOGL,2026-08-18,2026-09-04,230.0,C,112.55,116.5,114.525,85.547,0.988852,0.000461,-0.077652,0.021765,17,344.2,0,0,22.24
GOOGL,2026-08-18,2026-09-04,235.0,C,108.1,111.5,109.8,89.6974,0.981108,0.000692,-0.113504,0.034267,17,344.2,1,2,22.24
GOOGL,2026-08-18,2026-09-04,240.0,C,102.6,106.5,104.55,78.3694,0.987018,0.000574,-0.081087,0.024837,17,344.2,0,0,22.24
GOOGL,2026-08-18,2026-09-04,245.0,C,97.6,101.55,99.575,75.2444,0.985569,0.000655,-0.084512,0.027211,17,344.2,0,2,22.24
GOOGL,2026-08-18,2026-09-04,250.0,C,92.6,96.55,94.575,71.2893,0.984864,0.000721,-0.084216,0.02835,17,344.2,0,2,22.24
GOOGL,2026-08-18,2026-09-04,255.0,C,87.65,91.55,89.6,68.1644,0.983179,0.000825,-0.087441,0.031036,17,344.2,2,41,22.24
GOOGL,2026-08-18,2026-09-04,260.0,C,82.65,86.55,84.6,64.307,0.982279,0.000914,-0.087068,0.032449,17,344.2,2,3,22.24
GOOGL,2026-08-18,2026-09-04,265.0,C,77.65,81.6,79.625,61.182,0.980277,0.001053,-0.090087,0.035543,17,344.2,2,56,22.24
GOOGL,2026-08-18,2026-09-04,270.0,C,72.7,76.6,74.65,57.9594,0.978175,0.001211,-0.092575,0.038725,17,344.2,2,2,22.24
GOOGL,2026-08-18,2026-09-04,275.0,C,67.7,71.55,69.625,53.687,0.977786,0.001327,-0.089123,0.039307,17,344.2,0,0,22.24
GOOGL,2026-08-18,2026-09-04,280.0,C,62.75,66.65,64.7,51.4653,0.973176,0.001622,-0.097098,0.046049,17,344.2,40,30,22.24
GOOGL,2026-08-18,2026-09-04,285.0,C,57.8,61.7,59.75,68.8602,0.912437,0.00311,-0.264963,0.118188,17,344.2,1,27,22.24
GOOGL,2026-08-18,2026-09-04,290.0,C,53.55,56.25,54.9,60.6205,0.917475,0.00338,-0.22789,0.113053,17,344.2,198,50,22.24
GOOGL,2026-08-18,2026-09-04,295.0,C,48.05,51.6,49.825,58.6308,0.902501,0.003956,-0.24695,0.127971,17,344.2,198,32,22.24
GOOGL,2026-08-18,2026-09-04,300.0,C,43.05,46.65,44.85,54.2729,0.893749,0.004549,-0.243934,0.136234,17,344.2,1,50,22.24
GOOGL,2026-08-18,2026-09-04,305.0,C,38.1,41.75,39.925,50.1714,0.88234,0.005293,-0.242811,0.146544,17,344.2,160,32,22.24
GOOGL,2026-08-18,2026-09-04,310.0,C,33.3,37.15,35.225,47.7056,0.860975,0.006251,-0.257174,0.164553,17,344.2,10,55,22.24
GOOGL,2026-08-18,2026-09-04,315.0,C,28.65,31.9,30.275,41.4068,0.854523,0.007427,-0.23324,0.169682,17,344.2,2,105,22.24
GOOGL,2026-08-18,2026-09-04,320.0,C,24.8,26.5,25.65,34.3879,0.851453,0.009068,-0.201068,0.172075,17,344.2,11,3121,22.24
GOOGL,2026-08-18,2026-09-04,325.0,C,20.55,23.1,21.825,36.8476,0.783259,0.010725,-0.26133,0.218064,17,344.2,2,135,22.24
GOOGL,2026-08-18,2026-09-04,330.0,C,17.1,18.4,17.75,32.4531,0.745755,0.013299,-0.251493,0.238159,17,344.2,11,231,22.24
GOOGL,2026-08-18,2026-09-04,335.0,C,13.4,14.4,13.9,30.1399,0.682808,0.015914,-0.256993,0.26466,17,344.2,1,132,22.24
GOOGL,2026-08-18,2026-09-04,340.0,C,10.55,11.3,10.925,29.8469,0.598551,0.017442,-0.271926,0.287257,17,344.2,66,243,22.24
GOOGL,2026-08-18,2026-09-04,345.0,C,7.9,8.5,8.2,29.1389,0.508763,0.018427,-0.270824,0.296274,17,344.2,125,493,22.24
GOOGL,2026-08-18,2026-09-04,350.0,C,5.7,6.2,5.95,28.614,0.41614,0.018353,-0.257781,0.289774,17,344.2,716,1015,22.24
GOOGL,2026-08-18,2026-09-04,355.0,C,4.0,4.5,4.25,28.6567,0.329705,0.017007,-0.237723,0.268918,17,344.2,165,424,22.24
GOOGL,2026-08-18,2026-09-04,360.0,C,2.75,3.15,2.95,28.5652,0.25168,0.015029,-0.207504,0.236892,17,344.2,214,1657,22.24
GOOGL,2026-08-18,2026-09-04,365.0,C,1.86,2.22,2.04,28.8703,0.188655,0.012598,-0.176791,0.200698,17,344.2,184,776,22.24
GOOGL,2026-08-18,2026-09-04,370.0,C,1.21,1.53,1.37,29.1267,0.137639,0.010169,-0.144667,0.163432,17,344.2,207,907,22.24
GOOGL,2026-08-18,2026-09-04,375.0,C,0.8,1.01,0.905,29.1755,0.096417,0.007884,-0.112188,0.126927,17,344.2,203,2134,22.24
GOOGL,2026-08-18,2026-09-04,380.0,C,0.5,0.67,0.585,29.4197,0.066869,0.005931,-0.08558,0.096278,17,344.2,122,553,22.24
GOOGL,2026-08-18,2026-09-04,385.0,C,0.3,0.6,0.45,31.6169,0.056789,0.004858,-0.080734,0.084747,17,344.2,154,501,22.24
GOOGL,2026-08-18,2026-09-04,390.0,C,0.3,0.35,0.325,31.0554,0.035563,0.003394,-0.054328,0.058154,17,344.2,155,614,22.24
GOOGL,2026-08-18,2026-09-04,395.0,C,0.16,0.41,0.285,34.571,0.037155,0.00316,-0.06255,0.060277,17,344.2,5,318,22.24
GOOGL,2026-08-18,2026-09-04,400.0,C,0.12,0.22,0.17,33.4479,0.021622,0.002082,-0.038533,0.038421,17,344.2,213,1658,22.24
GOOGL,2026-08-18,2026-09-04,405.0,C,0.11,0.18,0.145,34.6686,0.017274,0.00166,-0.03296,0.031748,17,344.2,12,304,22.24
GOOGL,2026-08-18,2026-09-04,410.0,C,0.06,0.25,0.155,38.7213,0.021131,0.001764,-0.04363,0.037681,17,344.2,8,527,22.24
GOOGL,2026-08-18,2026-09-04,415.0,C,0.03,0.15,0.09,38.0377,0.013326,0.00121,-0.028873,0.025404,17,344.2,27,181,22.24
GOOGL,2026-08-18,2026-09-04,420.0,C,0.03,0.26,0.145,43.3599,0.019618,0.001479,-0.045785,0.035382,17,344.2,21,387,22.24
GOOGL,2026-08-18,2026-09-04,425.0,C,0.03,0.12,0.075,40.9186,0.010058,0.000881,-0.024289,0.019899,17,344.2,1,1146,22.24
GOOGL,2026-08-18,2026-09-04,430.0,C,0.01,0.24,0.125,47.0708,0.016872,0.001198,-0.043647,0.031116,17,344.2,4,270,22.24
GOOGL,2026-08-18,2026-09-04,435.0,C,0.01,0.23,0.12,48.8286,0.015672,0.001084,-0.042478,0.029211,17,344.2,2,43,22.24
GOOGL,2026-08-18,2026-09-04,440.0,C,0.01,0.12,0.065,46.6802,0.008896,0.000694,-0.024838,0.017872,17,344.2,2,462,22.24
GOOGL,2026-08-18,2026-09-04,445.0,C,0.01,0.13,0.07,49.0239,0.009175,0.000679,-0.026785,0.018362,17,344.2,29,40,22.24
GOOGL,2026-08-18,2026-09-04,450.0,C,0.01,0.21,0.11,54.0532,0.013058,0.000837,-0.040123,0.024962,17,344.2,4,252,22.24
GOOGL,2026-08-18,2026-09-04,455.0,C,0.01,0.11,0.06,51.563,0.007411,0.000535,-0.023335,0.015222,17,344.2,3,161,22.24
GOOGL,2026-08-18,2026-09-04,460.0,C,0.0,0.2,0.1,52.7348,0.006641,0.000475,-0.021656,0.013818,17,344.2,2,81,22.24
GOOGL,2026-08-18,2026-09-04,465.0,C,0.0,0.11,0.055,50.9771,0.003865,0.000303,-0.012927,0.008535,17,344.2,4,3,22.24
GOOGL,2026-08-18,2026-09-04,470.0,C,0.0,0.2,0.1,56.0551,0.006205,0.000421,-0.021662,0.013012,17,344.2,6,322,22.24
GOOGL,2026-08-18,2026-09-04,475.0,C,0.0,0.2,0.1,57.7153,0.006041,0.000399,-0.021771,0.012706,17,344.2,3,10,22.24
GOOGL,2026-08-18,2026-09-04,480.0,C,0.0,0.19,0.095,58.9848,0.005618,0.000366,-0.020857,0.011913,17,344.2,3,16,22.24
GOOGL,2026-08-18,2026-09-04,485.0,C,0.0,0.19,0.095,60.6449,0.005518,0.00035,-0.021101,0.011726,17,344.2,6,13,22.24
GOOGL,2026-08-18,2026-09-04,490.0,C,0.0,0.5,0.25,69.9222,0.012111,0.000606,-0.048498,0.023387,17,344.2,8,141,22.24
GOOGL,2026-08-18,2026-09-04,495.0,C,0.01,0.98,0.495,78.76,0.020554,0.000847,-0.085942,0.036809,17,344.2,3,10,22.24
GOOGL,2026-08-18,2026-09-04,500.0,C,0.0,0.13,0.065,62.6957,0.00369,0.000237,-0.015221,0.008187,17,344.2,23,42,22.24
GOOGL,2026-08-18,2026-09-04,505.0,C,0.0,1.45,0.725,87.256,0.026659,0.000951,-0.118439,0.045812,17,344.2,3,26,22.24
GOOGL,2026-08-18,2026-09-04,510.0,C,0.0,2.15,1.075,95.0928,0.035546,0.001108,-0.163735,0.058132,17,344.2,6,24,22.24
GOOGL,2026-08-18,2026-09-04,515.0,C,0.01,0.77,0.39,82.9103,0.015666,0.000638,-0.07172,0.0292,17,344.2,11,19,22.24
GOOGL,2026-08-18,2026-09-04,520.0,C,0.0,0.58,0.29,81.2502,0.01205,0.000519,-0.05604,0.023284,17,344.2,38,105,22.24
GOOGL,2026-08-18,2026-09-04,525.0,C,0.01,0.13,0.07,70.3128,0.00352,0.000202,-0.016348,0.007848,17,344.2,32,149,22.24
GOOGL,2026-08-18,2026-09-04,530.0,C,0.0,0.58,0.29,84.424,0.011647,0.000485,-0.05652,0.022608,17,344.2,21,132,22.24
GOOGL,2026-08-18,2026-09-04,535.0,C,0.0,2.14,1.07,104.102,0.032658,0.000944,-0.167056,0.054219,17,344.2,1,2,22.24
GOOGL,2026-08-18,2026-09-04,540.0,C,0.0,2.14,1.07,105.8598,0.032197,0.000917,-0.167875,0.053587,17,344.2,0,1,22.24
GOOGL,2026-08-18,2026-09-04,545.0,C,0.0,0.74,0.37,91.8946,0.013573,0.000509,-0.070203,0.025811,17,344.2,1,2,22.24
GOOGL,2026-08-18,2026-09-04,550.0,C,0.0,0.25,0.125,81.9338,0.005348,0.000252,-0.027659,0.011404,17,344.2,42,67,22.24
GOOGL,2026-08-18,2026-09-04,175.0,P,0.0,2.13,1.065,163.3791,-0.01788,0.000363,-0.156399,0.032696,17,344.2,0,0,22.24
GOOGL,2026-08-18,2026-09-04,180.0,P,0.0,2.13,1.065,157.3244,-0.018572,0.000389,-0.155533,0.033773,17,344.2,0,1,22.24
GOOGL,2026-08-18,2026-09-04,185.0,P,0.0,2.13,1.065,151.4163,-0.01929,0.000417,-0.154566,0.034879,17,344.2,0,2,22.24
GOOGL,2026-08-18,2026-09-04,190.0,P,0.0,2.13,1.065,145.6546,-0.020038,0.000448,-0.153539,0.036025,17,344.2,0,1,22.24
GOOGL,2026-08-18,2026-09-04,195.0,P,0.0,2.13,1.065,140.0882,-0.020857,0.000482,-0.152736,0.037268,17,344.2,9,1,22.24
GOOGL,2026-08-18,2026-09-04,200.0,P,0.02,0.1,0.06,91.211,-0.002084,9.7e-05,-0.013036,0.004888,17,344.2,439,1,22.24
GOOGL,2026-08-18,2026-09-04,205.0,P,0.0,2.13,1.065,129.2484,-0.022563,0.000558,-0.150523,0.039828,17,344.2,4,0,22.24
GOOGL,2026-08-18,2026-09-04,210.0,P,0.0,2.14,1.07,124.1215,-0.023573,0.000603,-0.149945,0.041324,17,344.2,10,1,22.24
GOOGL,2026-08-18,2026-09-04,215.0,P,0.0,2.14,1.07,118.9945,-0.024558,0.000651,-0.148741,0.042771,17,344.2,8,6,22.24
GOOGL,2026-08-18,2026-09-04,220.0,P,0.0,2.15,1.075,114.0873,-0.025706,0.000706,-0.14813,0.04444,17,344.2,74,66,22.24
GOOGL,2026-08-18,2026-09-04,225.0,P,0.0,2.15,1.075,109.1557,-0.026819,0.000764,-0.146789,0.046043,17,344.2,38,35,22.24
GOOGL,2026-08-18,2026-09-04,230.0,P,0.0,2.15,1.075,104.3462,-0.028036,0.00083,-0.145561,0.047778,17,344.2,14,23,22.24
GOOGL,2026-08-18,2026-09-04,235.0,P,0.0,0.1,0.05,64.8441,-0.002482,0.00016,-0.010831,0.005727,17,344.2,19,59,22.24
GOOGL,2026-08-18,2026-09-04,240.0,P,0.0,0.54,0.27,75.4885,-0.010572,0.000499,-0.045752,0.020783,17,344.2,11,25,22.24
GOOGL,2026-08-18,2026-09-04,245.0,P,0.01,0.19,0.1,62.891,-0.004864,0.000302,-0.019209,0.010481,17,344.2,4,79,22.24
GOOGL,2026-08-18,2026-09-04,250.0,P,0.01,0.08,0.045,54.4926,-0.002615,0.0002,-0.009529,0.006005,17,344.2,2,73,22.24
GOOGL,2026-08-18,2026-09-04,255.0,P,0.0,0.21,0.105,56.6411,-0.005718,0.000387,-0.019952,0.012101,17,344.2,2,11,22.24
GOOGL,2026-08-18,2026-09-04,260.0,P,0.01,0.22,0.115,53.9067,-0.006488,0.000455,-0.021225,0.013535,17,344.2,7,16,22.24
GOOGL,2026-08-18,2026-09-04,265.0,P,0.01,0.23,0.12,50.8794,-0.007102,0.000522,-0.021683,0.014662,17,344.2,33,25,22.24
GOOGL,2026-08-18,2026-09-04,270.0,P,0.01,0.2,0.105,51.0747,-0.011497,0.000793,-0.033165,0.022355,17,344.2,5,60,22.24
GOOGL,2026-08-18,2026-09-04,275.0,P,0.0,0.14,0.07,45.4107,-0.009215,0.000736,-0.024285,0.018432,17,344.2,2,71,22.24
GOOGL,2026-08-18,2026-09-04,280.0,P,0.05,0.16,0.105,42.9693,-0.01098,0.000906,-0.026748,0.021478,17,344.2,37,317,22.24
GOOGL,2026-08-18,2026-09-04,285.0,P,0.09,0.18,0.135,40.4303,-0.012992,0.001114,-0.029086,0.024854,17,344.2,15,161,22.24
GOOGL,2026-08-18,2026-09-04,290.0,P,0.12,0.24,0.18,38.8678,-0.017638,0.001507,-0.036311,0.032319,17,344.2,62,225,22.24
GOOGL,2026-08-18,2026-09-04,295.0,P,0.1,0.33,0.215,37.4518,-0.02441,0.002059,-0.045995,0.042554,17,344.2,34,278,22.24
GOOGL,2026-08-18,2026-09-04,300.0,P,0.2,0.4,0.3,35.2301,-0.030854,0.002661,-0.052493,0.051732,17,344.2,34,261,22.24
GOOGL,2026-08-18,2026-09-04,305.0,P,0.32,0.6,0.46,34.4245,-0.045718,0.003754,-0.070555,0.071312,17,344.2,18,251,22.24
GOOGL,2026-08-18,2026-09-04,310.0,P,0.5,0.65,0.575,31.2263,-0.053459,0.004689,-0.072282,0.080796,17,344.2,105,516,22.24
GOOGL,2026-08-18,2026-09-04,315.0,P,0.85,1.04,0.945,30.8601,-0.08222,0.006621,-0.099365,0.112738,17,344.2,54,503,22.24
GOOGL,2026-08-18,2026-09-04,320.0,P,1.28,1.48,1.38,29.6638,-0.115511,0.008837,-0.122028,0.14464,17,344.2,39,937,22.24
GOOGL,2026-08-18,2026-09-04,325.0,P,1.83,2.14,1.985,28.7117,-0.162276,0.011514,-0.14818,0.182413,17,344.2,35,688,22.24
GOOGL,2026-08-18,2026-09-04,330.0,P,2.75,3.3,3.025,28.8032,-0.230683,0.014215,-0.183039,0.225933,17,344.2,137,1603,22.24
GOOGL,2026-08-18,2026-09-04,335.0,P,4.05,4.65,4.35,28.1501,-0.306873,0.016797,-0.204861,0.260903,17,344.2,73,856,22.24
GOOGL,2026-08-18,2026-09-04,340.0,P,5.95,6.3,6.125,27.1614,-0.394275,0.019074,-0.21401,0.285878,17,344.2,72,1208,22.24
GOOGL,2026-08-18,2026-09-04,345.0,P,8.2,8.65,8.425,27.0088,-0.492452,0.019881,-0.217339,0.296293,17,344.2,138,1511,22.24
GOOGL,2026-08-18,2026-09-04,350.0,P,10.8,11.7,11.25,27.6069,-0.587733,0.018981,-0.21312,0.289151,17,344.2,165,524,22.24
GOOGL,2026-08-18,2026-09-04,355.0,P,14.1,15.2,14.65,28.2966,-0.672606,0.017174,-0.198197,0.268156,17,344.2,74,493,22.24
GOOGL,2026-08-18,2026-09-04,360.0,P,17.45,19.05,18.25,28.9863,-0.74492,0.014916,-0.175497,0.238569,17,344.2,113,527,22.24
GOOGL,2026-08-18,2026-09-04,365.0,P,21.1,23.6,22.35,31.5925,-0.788484,0.012333,-0.169894,0.214989,17,344.2,2,245,22.24
GOOGL,2026-08-18,2026-09-04,370.0,P,24.85,27.7,26.275,31.2385,-0.84443,0.010294,-0.130782,0.177436,17,344.2,5,187,22.24
GOOGL,2026-08-18,2026-09-04,375.0,P,29.9,32.65,31.275,34.693,-0.860857,0.008601,-0.134687,0.164648,17,344.2,1,658,22.24
GOOGL,2026-08-18,2026-09-04,380.0,P,34.2,38.1,36.15,40.9064,-0.854777,0.007509,-0.170256,0.169483,17,344.2,2,76,22.24
GOOGL,2026-08-18,2026-09-04,385.0,P,39.25,43.0,41.125,43.8726,-0.868119,0.006556,-0.170179,0.158709,17,344.2,1,20,22.24
GOOGL,2026-08-18,2026-09-04,390.0,P,44.0,47.9,45.95,46.6436,-0.879709,0.005783,-0.168686,0.148849,17,344.2,1,27,22.24
GOOGL,2026-08-18,2026-09-04,395.0,P,49.1,52.85,50.975,49.5855,-0.888159,0.005166,-0.169831,0.141349,17,344.2,0,2,22.24
GOOGL,2026-08-18,2026-09-04,400.0,P,54.0,57.9,55.95,53.1011,-0.892265,0.004696,-0.177944,0.137605,17,344.2,2,1,22.24
GOOGL,2026-08-18,2026-09-04,410.0,P,63.95,67.9,65.925,59.1923,-0.901825,0.003938,-0.18561,0.12862,17,344.2,78,0,22.24
GOOGL,2026-08-18,2026-09-04,415.0,P,69.05,72.9,70.975,62.122,-0.905801,0.00364,-0.189014,0.124771,17,344.2,0,0,22.24
GOOGL,2026-08-18,2026-09-04,420.0,P,74.05,77.9,75.975,64.9906,-0.909324,0.003382,-0.192278,0.1213,17,344.2,0,0,22.24
GOOGL,2026-08-18,2026-09-04,425.0,P,78.95,82.9,80.925,67.7738,-0.912569,0.003157,-0.195118,0.118055,17,344.2,0,0,22.24
GOOGL,2026-08-18,2026-09-04,430.0,P,84.05,87.9,85.975,70.5081,-0.915466,0.002959,-0.197908,0.115115,17,344.2,0,0,22.24
GOOGL,2026-08-18,2026-09-11,180.0,C,162.45,166.4,164.425,105.9575,0.994309,0.000173,-0.049616,0.014318,24,344.2,0,11,22.24
GOOGL,2026-08-18,2026-09-11,200.0,C,142.5,146.45,144.475,92.4805,0.992201,0.000263,-0.056404,0.018917,24,344.2,0,0,22.24
GOOGL,2026-08-18,2026-09-11,205.0,C,137.55,141.4,139.475,88.7208,0.991854,0.000284,-0.056783,0.019657,24,344.2,1,2,22.24
GOOGL,2026-08-18,2026-09-11,220.0,C,122.6,126.45,124.525,79.6389,0.98944,0.000398,-0.062808,0.024668,24,344.2,0,1,22.24
GOOGL,2026-08-18,2026-09-11,225.0,C,117.6,121.55,119.575,77.6858,0.987646,0.000467,-0.068076,0.028272,24,344.2,1,0,22.24
GOOGL,2026-08-18,2026-09-11,230.0,C,112.65,116.55,114.6,74.8538,0.986412,0.000526,-0.07065,0.030696,24,344.2,0,0,22.24
GOOGL,2026-08-18,2026-09-11,250.0,C,92.7,96.65,94.675,62.8422,0.981239,0.000827,-0.077609,0.040475,24,344.2,0,1,22.24
GOOGL,2026-08-18,2026-09-11,270.0,C,72.5,76.55,74.525,69.5926,0.928331,0.002226,-0.199578,0.120672,24,344.2,3,9,22.24
GOOGL,2026-08-18,2026-09-11,275.0,C,67.85,71.8,69.825,67.3099,0.919369,0.002517,-0.209889,0.131996,24,344.2,0,2,22.24
GOOGL,2026-08-18,2026-09-11,280.0,C,62.9,66.65,64.775,62.1464,0.917792,0.002767,-0.198671,0.133939,24,344.2,0,2,22.24
GOOGL,2026-08-18,2026-09-11,285.0,C,57.95,61.9,59.925,59.7172,0.907412,0.003146,-0.207481,0.146373,24,344.2,61,10,22.24
GOOGL,2026-08-18,2026-09-11,290.0,C,53.05,57.0,55.025,56.2138,0.899313,0.003555,-0.207904,0.155673,24,344.2,80,19,22.24
GOOGL,2026-08-18,2026-09-11,295.0,C,48.15,51.95,50.05,51.8193,0.893544,0.004016,-0.200895,0.162096,24,344.2,40,22,22.24
GOOGL,2026-08-18,2026-09-11,300.0,C,44.0,46.8,45.4,46.8938,0.889404,0.004561,-0.189045,0.166607,24,344.2,68,19,22.24
GOOGL,2026-08-18,2026-09-11,305.0,C,39.2,41.8,40.5,42.835,0.880581,0.005273,-0.183497,0.175955,24,344.2,68,4,22.24
GOOGL,2026-08-18,2026-09-11,310.0,C,33.8,37.6,35.7,42.5787,0.849759,0.006211,-0.208571,0.206009,24,344.2,2,5,22.24
GOOGL,2026-08-18,2026-09-11,315.0,C,30.25,32.6,31.425,38.2575,0.83585,0.007327,-0.199891,0.218362,24,344.2,2,7,22.24
GOOGL,2026-08-18,2026-09-11,320.0,C,25.6,28.2,26.9,36.2555,0.804236,0.008637,-0.209435,0.243923,24,344.2,10,11,22.24
GOOGL,2026-08-18,2026-09-11,325.0,C,21.05,23.8,22.425,33.7836,0.768526,0.01022,-0.213698,0.268961,24,344.2,2,20,22.24
GOOGL,2026-08-18,2026-09-11,330.0,C,18.25,19.6,18.925,31.4948,0.723147,0.012043,-0.217114,0.295476,24,344.2,6,44,22.24
GOOGL,2026-08-18,2026-09-11,335.0,C,14.7,16.0,15.35,30.4145,0.661885,0.01362,-0.225949,0.322708,24,344.2,12,37,22.24
GOOGL,2026-08-18,2026-09-11,340.0,C,11.9,12.5,12.2,28.7361,0.593486,0.015296,-0.224424,0.342399,24,344.2,29,272,22.24
GOOGL,2026-08-18,2026-09-11,345.0,C,9.3,10.05,9.675,29.0351,0.515462,0.015556,-0.229802,0.351847,24,344.2,126,382,22.24
GOOGL,2026-08-18,2026-09-11,350.0,C,7.15,8.2,7.675,29.9568,0.441403,0.014925,-0.231954,0.348306,24,344.2,149,327,22.24
GOOGL,2026-08-18,2026-09-11,355.0,C,5.3,5.95,5.625,28.7055,0.363236,0.014812,-0.210154,0.331213,24,344.2,39,432,22.24
GOOGL,2026-08-18,2026-09-11,360.0,C,3.8,4.25,4.025,27.9609,0.289057,0.013849,-0.185385,0.30166,24,344.2,492,514,22.24
GOOGL,2026-08-18,2026-09-11,365.0,C,2.72,3.15,2.935,28.1196,0.228471,0.012189,-0.164077,0.267003,24,344.2,50,182,22.24
GOOGL,2026-08-18,2026-09-11,370.0,C,2.0,2.51,2.255,29.1755,0.18508,0.010369,-0.14945,0.235659,24,344.2,267,1488,22.24
GOOGL,2026-08-18,2026-09-11,375.0,C,1.33,1.69,1.51,28.614,0.136069,0.008644,-0.119438,0.19267,24,344.2,23,519,22.24
GOOGL,2026-08-18,2026-09-11,380.0,C,1.03,1.22,1.125,28.8825,0.102739,0.007021,-0.098524,0.157976,24,344.2,88,478,22.24
GOOGL,2026-08-18,2026-09-11,385.0,C,0.55,1.0,0.775,30.091,0.083543,0.005784,-0.087808,0.135572,24,344.2,160,372,22.24
GOOGL,2026-08-18,2026-09-11,390.0,C,0.4,0.83,0.615,31.2995,0.068638,0.004787,-0.07843,0.116726,24,344.2,11,210,22.24
GOOGL,2026-08-18,2026-09-11,395.0,C,0.35,0.5,0.425,30.4206,0.045081,0.003535,-0.054624,0.083781,24,344.2,101,639,22.24
GOOGL,2026-08-18,2026-09-11,400.0,C,0.29,0.56,0.425,33.3259,0.045812,0.003269,-0.060472,0.084873,24,344.2,109,1110,22.24
GOOGL,2026-08-18,2026-09-11,405.0,C,0.14,0.31,0.225,32.0075,0.027991,0.002274,-0.038752,0.056693,24,344.2,3,204,22.24
GOOGL,2026-08-18,2026-09-11,410.0,C,0.07,0.43,0.25,35.8893,0.033747,0.002367,-0.050625,0.066186,24,344.2,1,110,22.24
GOOGL,2026-08-18,2026-09-11,415.0,C,0.06,0.32,0.19,36.109,0.025731,0.001879,-0.040623,0.052846,24,344.2,3,76,22.24
GOOGL,2026-08-18,2026-09-11,420.0,C,0.1,0.19,0.145,35.1569,0.016353,0.001314,-0.026918,0.035996,24,344.2,6,128,22.24
GOOGL,2026-08-18,2026-09-11,425.0,C,0.02,0.35,0.185,40.4303,0.025079,0.001642,-0.044407,0.05172,24,344.2,3,40,22.24
GOOGL,2026-08-18,2026-09-11,430.0,C,0.02,0.23,0.125,39.6979,0.017363,0.001225,-0.03192,0.037888,24,344.2,5,42,22.24
GOOGL,2026-08-18,2026-09-11,435.0,C,0.05,0.32,0.185,43.482,0.021578,0.001345,-0.042008,0.045573,24,344.2,3,18,22.24
GOOGL,2026-08-18,2026-09-11,440.0,C,0.01,0.16,0.085,41.065,0.012031,0.000864,-0.024044,0.02763,24,344.2,3,6,22.24
GOOGL,2026-08-18,2026-09-11,445.0,C,0.05,0.16,0.105,42.6764,0.011599,0.000805,-0.024189,0.026767,24,344.2,7,7,22.24
GOOGL,2026-08-18,2026-09-11,450.0,C,0.01,0.2,0.105,45.5572,0.013377,0.000853,-0.029193,0.030285,24,344.2,7,90,22.24
GOOGL,2026-08-18,2026-09-11,455.0,C,0.02,0.15,0.085,45.4107,0.010238,0.000679,-0.023061,0.024012,24,344.2,1,7,22.24
GOOGL,2026-08-18,2026-09-11,460.0,C,0.05,0.33,0.19,52.1977,0.018692,0.000992,-0.044499,0.040348,24,344.2,32,28,22.24
GOOGL,2026-08-18,2026-09-11,465.0,C,0.04,0.27,0.155,52.3442,0.015546,0.000845,-0.038105,0.034468,24,344.2,2,26,22.24
GOOGL,2026-08-18,2026-09-11,470.0,C,0.02,0.27,0.145,53.9067,0.015124,0.000802,-0.038309,0.033663,24,344.2,4,34,22.24
GOOGL,2026-08-18,2026-09-11,475.0,C,0.01,0.26,0.135,50.7817,0.008431,0.000512,-0.021716,0.02026,24,344.2,2,18,22.24
GOOGL,2026-08-18,2026-09-11,480.0,C,0.03,0.26,0.145,52.6372,0.008695,0.000508,-0.023116,0.020815,24,344.2,4,23,22.24
GOOGL,2026-08-18,2026-09-11,485.0,C,0.01,0.3,0.155,54.4438,0.008915,0.000502,-0.02443,0.021277,24,344.2,1,10,22.24
GOOGL,2026-08-18,2026-09-11,490.0,C,0.02,0.19,0.105,53.3208,0.006264,0.000375,-0.017527,0.01559,24,344.2,2,9,22.24
GOOGL,2026-08-18,2026-09-11,495.0,C,0.0,0.13,0.065,51.9536,0.004116,0.000265,-0.011749,0.010728,24,344.2,2,12,22.24
GOOGL,2026-08-18,2026-09-11,500.0,C,0.03,0.27,0.15,58.35,0.008099,0.00043,-0.024045,0.019558,24,344.2,24,27,22.24
GOOGL,2026-08-18,2026-09-11,505.0,C,0.03,0.08,0.055,53.5161,0.003394,0.000216,-0.010175,0.009024,24,344.2,52,8,22.24
GOOGL,2026-08-18,2026-09-11,510.0,C,0.0,0.11,0.055,54.688,0.003301,0.000207,-0.010137,0.0088,24,344.2,4,20,22.24
GOOGL,2026-08-18,2026-09-11,515.0,C,0.01,0.09,0.05,55.4692,0.003029,0.000188,-0.009513,0.008144,24,344.2,4,20,22.24
GOOGL,2026-08-18,2026-09-11,520.0,C,0.0,0.13,0.065,58.0082,0.003647,0.000213,-0.011754,0.009625,24,344.2,3,6,22.24
GOOGL,2026-08-18,2026-09-11,525.0,C,0.0,0.24,0.12,63.2816,0.006113,0.00031,-0.020318,0.015257,24,344.2,66,10,22.24
GOOGL,2026-08-18,2026-09-11,530.0,C,0.02,0.47,0.245,70.1175,0.0108,0.000461,-0.037103,0.025156,24,344.2,13,16,22.24
GOOGL,2026-08-18,2026-09-11,535.0,C,0.03,0.15,0.09,63.6722,0.004597,0.000239,-0.015861,0.011841,24,344.2,126,17,22.24
GOOGL,2026-08-18,2026-09-11,540.0,C,0.03,0.29,0.16,69.0433,0.007315,0.000332,-0.02596,0.01788,24,344.2,144,12,22.24
GOOGL,2026-08-18,2026-09-11,545.0,C,0.03,0.48,0.255,74.3167,0.010625,0.000428,-0.038747,0.024801,24,344.2,138,19,22.24
GOOGL,2026-08-18,2026-09-11,550.0,C,0.03,0.78,0.405,80.2248,0.015245,0.000542,-0.057145,0.033894,24,344.2,47,26,22.24
GOOGL,2026-08-18,2026-09-11,100.0,P,0.0,2.12,1.06,240.8207,-0.010325,0.000129,-0.120901,0.024188,24,344.2,0,1,22.24
GOOGL,2026-08-18,2026-09-11,180.0,P,0.0,2.14,1.07,133.5941,-0.01919,0.000396,-0.114072,0.041261,24,344.2,0,0,22.24
GOOGL,2026-08-18,2026-09-11,185.0,P,0.0,2.14,1.07,128.5648,-0.019915,0.000425,-0.113256,0.04258,24,344.2,0,0,22.24
GOOGL,2026-08-18,2026-09-11,190.0,P,0.0,2.14,1.07,123.7064,-0.020702,0.000457,-0.112584,0.044002,24,344.2,8,5,22.24
GOOGL,2026-08-18,2026-09-11,195.0,P,0.0,2.14,1.07,118.9457,-0.021512,0.000491,-0.111791,0.045454,24,344.2,2,0,22.24
GOOGL,2026-08-18,2026-09-11,200.0,P,0.0,2.14,1.07,114.3071,-0.02237,0.000528,-0.111005,0.046981,24,344.2,8,1,22.24
GOOGL,2026-08-18,2026-09-11,205.0,P,0.0,2.15,1.075,109.8637,-0.023351,0.000569,-0.110582,0.048712,24,344.2,4,0,22.24
GOOGL,2026-08-18,2026-09-11,210.0,P,0.0,2.15,1.075,105.4204,-0.024302,0.000613,-0.10969,0.050374,24,344.2,4,1,22.24
GOOGL,2026-08-18,2026-09-11,215.0,P,0.0,0.04,0.02,60.9379,-0.00095,6e-05,-0.003566,0.002836,24,344.2,4,3,22.24
GOOGL,2026-08-18,2026-09-11,220.0,P,0.0,2.16,1.08,96.875,-0.026443,0.000716,-0.108097,0.054066,24,344.2,23,20,22.24
GOOGL,2026-08-18,2026-09-11,225.0,P,0.0,2.16,1.08,92.7003,-0.027585,0.000776,-0.107104,0.056007,24,344.2,18,28,22.24
GOOGL,2026-08-18,2026-09-11,230.0,P,0.0,0.24,0.12,63.6722,-0.005148,0.000264,-0.017185,0.013098,24,344.2,5,68,22.24
GOOGL,2026-08-18,2026-09-11,235.0,P,0.01,0.25,0.13,61.1332,-0.005728,0.000302,-0.018133,0.014403,24,344.2,4,33,22.24
GOOGL,2026-08-18,2026-09-11,240.0,P,0.0,0.26,0.13,58.1059,-0.006021,0.000333,-0.018002,0.015053,24,344.2,9,26,22.24
GOOGL,2026-08-18,2026-09-11,245.0,P,0.01,0.16,0.085,52.3442,-0.004421,0.00028,-0.01231,0.011436,24,344.2,2,13,22.24
GOOGL,2026-08-18,2026-09-11,250.0,P,0.01,0.13,0.07,52.2466,-0.006719,0.000408,-0.017811,0.016589,24,344.2,4,23,22.24
GOOGL,2026-08-18,2026-09-11,255.0,P,0.0,0.28,0.14,54.7856,-0.013116,0.000698,-0.0335,0.029772,24,344.2,2,9,22.24
GOOGL,2026-08-18,2026-09-11,260.0,P,0.01,0.29,0.15,51.9536,-0.014236,0.00079,-0.034065,0.031955,24,344.2,4,8,22.24
GOOGL,2026-08-18,2026-09-11,265.0,P,0.03,0.13,0.08,43.6529,-0.007893,0.000562,-0.017101,0.019119,24,344.2,6,19,22.24
GOOGL,2026-08-18,2026-09-11,270.0,P,0.05,0.15,0.1,41.651,-0.009398,0.000687,-0.018993,0.022281,24,344.2,11,22,22.24
GOOGL,2026-08-18,2026-09-11,275.0,P,0.07,0.36,0.215,44.3365,-0.020059,0.00124,-0.038841,0.042842,24,344.2,5,26,22.24
GOOGL,2026-08-18,2026-09-11,280.0,P,0.07,0.39,0.23,41.8463,-0.022741,0.001461,-0.040702,0.047637,24,344.2,4,34,22.24
GOOGL,2026-08-18,2026-09-11,285.0,P,0.02,0.3,0.16,37.11,-0.019866,0.00147,-0.032132,0.042491,24,344.2,5,56,22.24
GOOGL,2026-08-18,2026-09-11,290.0,P,0.08,0.52,0.3,37.6959,-0.032437,0.002182,-0.049132,0.064062,24,344.2,40,109,22.24
GOOGL,2026-08-18,2026-09-11,295.0,P,0.28,0.58,0.43,35.3034,-0.037861,0.002645,-0.052119,0.072729,24,344.2,14,2693,22.24
GOOGL,2026-08-18,2026-09-11,300.0,P,0.26,0.58,0.42,32.154,-0.041131,0.003106,-0.050629,0.077799,24,344.2,46,386,22.24
GOOGL,2026-08-18,2026-09-11,305.0,P,0.43,0.86,0.645,31.6413,-0.059283,0.004226,-0.066512,0.104153,24,344.2,19,103,22.24
GOOGL,2026-08-18,2026-09-11,310.0,P,0.73,1.05,0.89,29.737,-0.074582,0.00537,-0.074376,0.124407,24,344.2,16,324,22.24
GOOGL,2026-08-18,2026-09-11,315.0,P,1.15,1.49,1.32,28.968,-0.103226,0.007025,-0.091928,0.15852,24,344.2,17,263,22.24
GOOGL,2026-08-18,2026-09-11,320.0,P,1.69,2.04,1.865,27.9792,-0.138751,0.008958,-0.108784,0.195255,24,344.2,100,492,22.24
GOOGL,2026-08-18,2026-09-11,325.0,P,2.48,3.0,2.74,27.8755,-0.191381,0.011079,-0.132753,0.240578,24,344.2,13,1151,22.24
GOOGL,2026-08-18,2026-09-11,330.0,P,3.6,4.4,4.0,28.2173,-0.257165,0.01295,-0.157954,0.284668,24,344.2,56,1495,22.24
GOOGL,2026-08-18,2026-09-11,335.0,P,5.15,5.55,5.35,26.6487,-0.320504,0.015214,-0.163634,0.31584,24,344.2,16,443,22.24
GOOGL,2026-08-18,2026-09-11,340.0,P,6.9,7.65,7.275,26.8989,-0.402144,0.016296,-0.176584,0.341465,24,344.2,65,401,22.24
GOOGL,2026-08-18,2026-09-11,345.0,P,9.2,10.25,9.725,27.3719,-0.485351,0.016502,-0.182722,0.351874,24,344.2,43,478,22.24
GOOGL,2026-08-18,2026-09-11,350.0,P,11.95,13.05,12.5,27.2743,-0.567152,0.016337,-0.176165,0.347111,24,344.2,23,508,22.24
GOOGL,2026-08-18,2026-09-11,355.0,P,14.95,16.25,15.6,27.2163,-0.645383,0.015492,-0.16212,0.328463,24,344.2,1,635,22.24
GOOGL,2026-08-18,2026-09-11,360.0,P,18.45,19.7,19.075,26.8074,-0.720085,0.014225,-0.138831,0.297064,24,344.2,11,177,22.24
GOOGL,2026-08-18,2026-09-11,365.0,P,22.1,24.15,23.125,28.8642,-0.765104,0.012059,-0.133964,0.271162,24,344.2,5,66,22.24
GOOGL,2026-08-18,2026-09-11,370.0,P,26.1,28.55,27.325,30.1826,-0.806132,0.010313,-0.121502,0.242483,24,344.2,3,45,22.24
GOOGL,2026-08-18,2026-09-11,375.0,P,30.5,32.95,31.725,30.8845,-0.844187,0.008772,-0.103045,0.211043,24,344.2,1,33,22.24
GOOGL,2026-08-18,2026-09-11,380.0,P,35.1,37.65,36.375,32.4714,-0.868104,0.007456,-0.093522,0.18859,24,344.2,1,127,22.24
GOOGL,2026-08-18,2026-09-11,385.0,P,39.3,43.15,41.225,37.9889,-0.85909,0.006667,-0.121865,0.197315,24,344.2,2,93,22.24
GOOGL,2026-08-18,2026-09-11,390.0,P,44.1,48.0,46.05,40.1251,-0.872653,0.005888,-0.118603,0.18406,24,344.2,0,2,22.24
GOOGL,2026-08-18,2026-09-11,395.0,P,49.05,52.95,51.0,42.6397,-0.881417,0.005271,-0.119465,0.175084,24,344.2,0,3,22.24
GOOGL,2026-08-18,2026-09-11,400.0,P,54.05,57.9,55.975,45.0567,-0.889057,0.004757,-0.119908,0.166981,24,344.2,2,3,22.24
GOOGL,2026-08-18,2026-09-11,405.0,P,59.05,62.9,60.975,47.6812,-0.894232,0.004344,-0.122747,0.161339,24,344.2,1,0,22.24
GOOGL,2026-08-18,2026-09-11,410.0,P,63.95,67.9,65.925,50.2324,-0.898807,0.003993,-0.125324,0.156243,24,344.2,0,0,22.24
GOOGL,2026-08-18,2026-09-11,415.0,P,69.05,72.9,70.975,52.7226,-0.902856,0.003692,-0.127733,0.151646,24,344.2,0,0,22.24
GOOGL,2026-08-18,2026-09-11,420.0,P,74.05,77.9,75.975,55.1396,-0.906539,0.003431,-0.129847,0.147391,24,344.2,0,0,22.24
GOOGL,2026-08-18,2026-09-11,450.0,P,104.05,107.9,105.975,68.6282,-0.922372,0.002399,-0.140319,0.128256,24,344.2,0,0,22.24
GOOGL,2026-08-18,2026-09-18,20.0,C,280.7,284.35,282.525,0.001,1.0,0.0,-0.002024,0.0,31,344.2,2,2,22.24
GOOGL,2026-08-18,2026-09-18,30.0,C,310.1,314.3,312.2,308.594,0.999228,9e-06,-0.016251,0.002662,31,344.2,2,2,22.24
GOOGL,2026-08-18,2026-09-18,40.0,C,302.2,306.15,304.175,412.4028,0.991676,5.5e-05,-0.155023,0.022768,31,344.2,1,2,22.24
GOOGL,2026-08-18,2026-09-18,50.0,C,292.2,296.2,294.2,50.0005,1.0,0.0,-0.005059,0.0,31,344.2,1,6,22.24
GOOGL,2026-08-18,2026-09-18,60.0,C,282.2,286.15,284.175,332.0314,0.989058,8.7e-05,-0.16037,0.028917,31,344.2,1,4,22.24
GOOGL,2026-08-18,2026-09-18,70.0,C,272.25,276.2,274.225,175.7814,0.999626,8e-06,-0.010929,0.001362,31,344.2,1,8,22.24
GOOGL,2026-08-18,2026-09-18,75.0,C,267.25,271.2,269.225,168.7502,0.999597,9e-06,-0.011547,0.00146,31,344.2,1,4,22.24
GOOGL,2026-08-18,2026-09-18,80.0,C,262.25,266.2,264.225,160.9377,0.999599,9e-06,-0.011847,0.001452,31,344.2,2,17,22.24
GOOGL,2026-08-18,2026-09-18,85.0,C,257.25,261.0,259.125,262.6468,0.986585,0.000131,-0.154127,0.034502,31,344.2,2,9,22.24
GOOGL,2026-08-18,2026-09-18,90.0,C,252.25,256.15,254.2,50.0005,1.0,0.0,-0.009107,0.0,31,344.2,2,30,22.24
GOOGL,2026-08-18,2026-09-18,95.0,C,247.3,251.25,249.275,158.2033,0.998775,2.6e-05,-0.019941,0.004067,31,344.2,2,11,22.24
GOOGL,2026-08-18,2026-09-18,100.0,C,242.3,246.25,244.275,151.9534,0.998735,2.7e-05,-0.020336,0.004189,31,344.2,2,86,22.24
GOOGL,2026-08-18,2026-09-18,105.0,C,237.3,241.2,239.25,140.6253,0.999063,2.2e-05,-0.017802,0.003181,31,344.2,1,96,22.24
GOOGL,2026-08-18,2026-09-18,110.0,C,232.35,236.3,234.325,148.4378,0.997886,4.5e-05,-0.027061,0.006689,31,344.2,1,37,22.24
GOOGL,2026-08-18,2026-09-18,115.0,C,227.35,231.2,229.275,135.3519,0.99858,3.4e-05,-0.021748,0.004657,31,344.2,1,9,22.24
GOOGL,2026-08-18,2026-09-18,120.0,C,222.35,226.35,224.35,140.43,0.997341,5.8e-05,-0.030682,0.008232,31,344.2,1,61,22.24
GOOGL,2026-08-18,2026-09-18,125.0,C,217.4,221.25,219.325,132.4222,0.997642,5.5e-05,-0.028328,0.007384,31,344.2,1,51,22.24
GOOGL,2026-08-18,2026-09-18,130.0,C,212.4,216.35,214.375,132.6175,0.996743,7.4e-05,-0.034164,0.009883,31,344.2,1,137,22.24
GOOGL,2026-08-18,2026-09-18,135.0,C,207.45,211.4,209.425,131.641,0.995851,9.3e-05,-0.03957,0.01228,31,344.2,25,58,22.24
GOOGL,2026-08-18,2026-09-18,140.0,C,202.45,206.45,204.45,128.516,0.995305,0.000106,-0.042405,0.013713,31,344.2,28,175,22.24
GOOGL,2026-08-18,2026-09-18,145.0,C,197.45,201.25,199.35,116.4067,0.996806,8.3e-05,-0.032779,0.00971,31,344.2,40,37,22.24
GOOGL,2026-08-18,2026-09-18,150.0,C,192.5,196.45,194.475,120.7035,0.994552,0.000129,-0.045442,0.015655,31,344.2,1,191,22.24
GOOGL,2026-08-18,2026-09-18,155.0,C,187.5,191.45,189.475,116.309,0.994336,0.000138,-0.045862,0.016205,31,344.2,2,117,22.24
GOOGL,2026-08-18,2026-09-18,160.0,C,182.55,186.5,184.525,114.4536,0.993298,0.000163,-0.050653,0.018811,31,344.2,2,178,22.24
GOOGL,2026-08-18,2026-09-18,165.0,C,177.55,181.5,179.525,110.2544,0.99303,0.000176,-0.051055,0.019474,31,344.2,30,135,22.24
GOOGL,2026-08-18,2026-09-18,170.0,C,172.55,176.35,174.45,102.5395,0.994142,0.000162,-0.044592,0.016698,31,344.2,60,1869,22.24
GOOGL,2026-08-18,2026-09-18,175.0,C,167.6,171.4,169.5,101.0747,0.992944,0.000194,-0.049529,0.019686,31,344.2,41,175,22.24
GOOGL,2026-08-18,2026-09-18,180.0,C,162.6,166.55,164.575,100.1958,0.99127,0.000235,-0.056242,0.02374,31,344.2,5,503,22.24
GOOGL,2026-08-18,2026-09-18,185.0,C,157.65,161.6,159.625,98.0957,0.989983,0.000271,-0.060694,0.026774,31,344.2,1,1259,22.24
GOOGL,2026-08-18,2026-09-18,190.0,C,152.65,156.6,154.625,94.2872,0.989591,0.000292,-0.060927,0.027685,31,344.2,22,374,22.24
GOOGL,2026-08-18,2026-09-18,195.0,C,147.7,151.45,149.575,88.965,0.990186,0.000294,-0.057094,0.026299,31,344.2,7,566,22.24
GOOGL,2026-08-18,2026-09-18,200.0,C,142.7,146.65,144.675,88.379,0.987739,0.000359,-0.065269,0.03192,31,344.2,1,752,22.24
GOOGL,2026-08-18,2026-09-18,210.0,C,132.75,136.55,134.65,80.6154,0.98726,0.000407,-0.063671,0.032998,31,344.2,4,704,22.24
GOOGL,2026-08-18,2026-09-18,215.0,C,127.8,131.65,129.725,79.0529,0.985052,0.000476,-0.06948,0.037875,31,344.2,2,150,22.24
GOOGL,2026-08-18,2026-09-18,220.0,C,122.8,126.75,124.775,76.758,0.983283,0.00054,-0.073238,0.041688,31,344.2,2,839,22.24
GOOGL,2026-08-18,2026-09-18,230.0,C,113.25,116.2,114.725,69.0189,0.983018,0.000608,-0.06967,0.042253,31,344.2,8,820,22.24
GOOGL,2026-08-18,2026-09-18,235.0,C,107.9,111.65,109.775,66.7972,0.980958,0.000693,-0.073252,0.046584,31,344.2,1,318,22.24
GOOGL,2026-08-18,2026-09-18,240.0,C,102.9,106.85,104.875,65.3324,0.977549,0.000815,-0.079878,0.053558,31,344.2,5,838,22.24
GOOGL,2026-08-18,2026-09-18,245.0,C,97.95,101.7,99.825,61.3041,0.977775,0.000861,-0.076467,0.053103,31,344.2,1,108,22.24
GOOGL,2026-08-18,2026-09-18,250.0,C,93.0,96.95,94.975,60.4496,0.972637,0.001039,-0.085917,0.063226,31,344.2,21,2092,22.24
GOOGL,2026-08-18,2026-09-18,255.0,C,87.9,91.95,89.925,56.5678,0.972637,0.001111,-0.082469,0.063226,31,344.2,2,433,22.24
GOOGL,2026-08-18,2026-09-18,260.0,C,83.05,86.8,84.925,53.4673,0.971187,0.001227,-0.082158,0.066004,31,344.2,1,1733,22.24
GOOGL,2026-08-18,2026-09-18,265.0,C,78.1,81.95,80.025,51.6606,0.966602,0.001435,-0.087719,0.074581,31,344.2,4,87,22.24
GOOGL,2026-08-18,2026-09-18,270.0,C,73.15,77.0,75.075,64.4413,0.919769,0.002305,-0.179598,0.149453,31,344.2,1,1711,22.24
GOOGL,2026-08-18,2026-09-18,275.0,C,68.2,72.0,70.1,60.706,0.915425,0.002546,-0.176874,0.155506,31,344.2,26,308,22.24
GOOGL,2026-08-18,2026-09-18,280.0,C,64.35,65.5,64.925,46.8755,0.945473,0.00235,-0.110103,0.110828,31,344.2,23,1203,22.24
GOOGL,2026-08-18,2026-09-18,285.0,C,59.15,61.6,60.375,51.0503,0.913734,0.003073,-0.15556,0.157828,31,344.2,20,332,22.24
GOOGL,2026-08-18,2026-09-18,290.0,C,54.65,55.8,55.225,42.6031,0.928873,0.003181,-0.120406,0.136347,31,344.2,6,1801,22.24
GOOGL,2026-08-18,2026-09-18,295.0,C,48.9,51.75,50.325,44.7637,0.898265,0.003958,-0.154769,0.178264,31,344.2,1,487,22.24
GOOGL,2026-08-18,2026-09-18,300.0,C,45.1,46.8,45.95,41.4435,0.889598,0.004535,-0.152673,0.189113,31,344.2,22,3000,22.24
GOOGL,2026-08-18,2026-09-18,305.0,C,40.45,42.1,41.275,39.2401,0.873274,0.00528,-0.158116,0.208477,31,344.2,2,1392,22.24
GOOGL,2026-08-18,2026-09-18,310.0,C,35.95,37.5,36.725,37.2321,0.852618,0.00617,-0.164723,0.231146,31,344.2,11,1027,22.24
GOOGL,2026-08-18,2026-09-18,315.0,C,31.5,33.05,32.275,35.4987,0.826147,0.007209,-0.172878,0.257497,31,344.2,6,1157,22.24
GOOGL,2026-08-18,2026-09-18,320.0,C,27.8,28.7,28.25,33.7348,0.794658,0.008405,-0.180019,0.28529,31,344.2,102,3301,22.24
GOOGL,2026-08-18,2026-09-18,325.0,C,23.45,24.75,24.1,32.7766,0.752253,0.009619,-0.191419,0.31723,31,344.2,136,2490,22.24
GOOGL,2026-08-18,2026-09-18,330.0,C,19.8,20.75,20.275,31.092,0.707119,0.011026,-0.195535,0.344953,31,344.2,30,2656,22.24
GOOGL,2026-08-18,2026-09-18,335.0,C,16.65,17.35,17.0,30.4267,0.650013,0.012136,-0.203239,0.371543,31,344.2,85,1648,22.24
GOOGL,2026-08-18,2026-09-18,340.0,C,12.9,14.2,13.55,29.6577,0.587714,0.013085,-0.205833,0.390468,31,344.2,290,4824,22.24
GOOGL,2026-08-18,2026-09-18,345.0,C,11.15,11.45,11.3,29.1084,0.520793,0.013644,-0.204625,0.399636,31,344.2,507,2425,22.24
GOOGL,2026-08-18,2026-09-18,350.0,C,8.8,9.2,9.0,28.968,0.452854,0.013633,-0.200528,0.397382,31,344.2,1527,13705,22.24
GOOGL,2026-08-18,2026-09-18,355.0,C,7.0,7.3,7.15,28.8978,0.386912,0.013206,-0.191732,0.383992,31,344.2,357,2620,22.24
GOOGL,2026-08-18,2026-09-18,360.0,C,5.45,5.7,5.575,28.8124,0.324539,0.012446,-0.178423,0.360821,31,344.2,1329,8260,22.24
GOOGL,2026-08-18,2026-09-18,365.0,C,4.1,4.4,4.25,28.7849,0.267634,0.011401,-0.162199,0.330208,31,344.2,460,3407,22.24
GOOGL,2026-08-18,2026-09-18,370.0,C,3.2,3.4,3.3,28.9375,0.218401,0.010158,-0.145322,0.295769,31,344.2,1397,10876,22.24
GOOGL,2026-08-18,2026-09-18,375.0,C,2.36,2.6,2.48,29.084,0.175764,0.00886,-0.127503,0.25929,31,344.2,440,7729,22.24
GOOGL,2026-08-18,2026-09-18,380.0,C,1.85,2.08,1.965,29.7248,0.143983,0.007608,-0.113909,0.227548,31,344.2,1783,11121,22.24
GOOGL,2026-08-18,2026-09-18,385.0,C,1.31,1.51,1.41,29.5417,0.110939,0.006384,-0.094142,0.189771,31,344.2,144,3899,22.24
GOOGL,2026-08-18,2026-09-18,390.0,C,1.06,1.19,1.125,30.091,0.089344,0.005351,-0.081629,0.162011,31,344.2,397,23156,22.24
GOOGL,2026-08-18,2026-09-18,395.0,C,0.82,0.92,0.87,30.4817,0.070802,0.00443,-0.069178,0.135869,31,344.2,549,3092,22.24
GOOGL,2026-08-18,2026-09-18,400.0,C,0.65,0.73,0.69,31.0432,0.056976,0.003673,-0.059365,0.114737,31,344.2,1139,17908,22.24
GOOGL,2026-08-18,2026-09-18,405.0,C,0.48,0.61,0.545,31.8854,0.047441,0.003092,-0.052613,0.099202,31,344.2,87,2458,22.24
GOOGL,2026-08-18,2026-09-18,410.0,C,0.4,0.53,0.465,32.9352,0.040774,0.002649,-0.04801,0.087797,31,344.2,132,12134,22.24
GOOGL,2026-08-18,2026-09-18,415.0,C,0.33,0.55,0.44,34.986,0.039822,0.002447,-0.049937,0.086128,31,344.2,107,4363,22.24
GOOGL,2026-08-18,2026-09-18,420.0,C,0.27,0.41,0.34,34.9616,0.030631,0.001974,-0.040187,0.069441,31,344.2,59,4299,22.24
GOOGL,2026-08-18,2026-09-18,425.0,C,0.24,0.34,0.29,35.5719,0.025476,0.001664,-0.035029,0.059561,31,344.2,16,6667,22.24
GOOGL,2026-08-18,2026-09-18,430.0,C,0.2,0.33,0.265,37.0123,0.023839,0.001513,-0.034429,0.056331,31,344.2,358,2223,22.24
GOOGL,2026-08-18,2026-09-18,435.0,C,0.16,0.26,0.21,37.2565,0.019085,0.001245,-0.028689,0.046675,31,344.2,1,1050,22.24
GOOGL,2026-08-18,2026-09-18,440.0,C,0.15,0.28,0.215,39.2096,0.019498,0.001205,-0.030713,0.047532,31,344.2,20,4229,22.24
GOOGL,2026-08-18,2026-09-18,445.0,C,0.11,0.24,0.175,39.8444,0.016718,0.00104,-0.027352,0.041689,31,344.2,1,869,22.24
GOOGL,2026-08-18,2026-09-18,450.0,C,0.05,0.33,0.19,43.2135,0.020661,0.001148,-0.035487,0.049925,31,344.2,223,12222,22.24
GOOGL,2026-08-18,2026-09-18,455.0,C,0.08,0.31,0.195,44.2877,0.019071,0.001047,-0.033956,0.046646,31,344.2,2,440,22.24
GOOGL,2026-08-18,2026-09-18,460.0,C,0.12,0.23,0.175,43.897,0.01469,0.000845,-0.026909,0.037312,31,344.2,2,1234,22.24
GOOGL,2026-08-18,2026-09-18,465.0,C,0.03,0.29,0.16,46.729,0.0171,0.000904,-0.032603,0.042503,31,344.2,2,787,22.24
GOOGL,2026-08-18,2026-09-18,470.0,C,0.04,0.24,0.14,46.8755,0.0143,0.000773,-0.028041,0.036458,31,344.2,15,1788,22.24
GOOGL,2026-08-18,2026-09-18,475.0,C,0.01,0.27,0.14,48.9751,0.01526,0.000782,-0.030962,0.038554,31,344.2,23,2322,22.24
GOOGL,2026-08-18,2026-09-18,480.0,C,0.03,0.37,0.2,52.5884,0.019096,0.000882,-0.04024,0.046697,31,344.2,8,780,22.24
GOOGL,2026-08-18,2026-09-18,485.0,C,0.03,0.24,0.135,50.8794,0.013299,0.000669,-0.028545,0.034246,31,344.2,1,180,22.24
GOOGL,2026-08-18,2026-09-18,490.0,C,0.09,0.16,0.125,49.5122,0.009293,0.000503,-0.020335,0.025077,31,344.2,207,455,22.24
GOOGL,2026-08-18,2026-09-18,495.0,C,0.05,0.25,0.15,50.3911,0.008674,0.000466,-0.019475,0.023606,31,344.2,2,1850,22.24
GOOGL,2026-08-18,2026-09-18,500.0,C,0.05,0.12,0.085,50.2935,0.007089,0.000391,-0.01627,0.019766,31,344.2,51,5422,22.24
GOOGL,2026-08-18,2026-09-18,505.0,C,0.0,0.09,0.045,49.8052,0.005436,0.000312,-0.012734,0.015626,31,344.2,1,617,22.24
GOOGL,2026-08-18,2026-09-18,510.0,C,0.01,0.2,0.105,51.7583,0.00603,0.000329,-0.014502,0.017131,31,344.2,4,507,22.24
GOOGL,2026-08-18,2026-09-18,515.0,C,0.01,0.2,0.105,52.9302,0.005957,0.000318,-0.014666,0.016947,31,344.2,2,312,22.24
GOOGL,2026-08-18,2026-09-18,520.0,C,0.01,0.24,0.125,55.0786,0.006744,0.000341,-0.017026,0.018914,31,344.2,8,449,22.24
GOOGL,2026-08-18,2026-09-18,525.0,C,0.01,0.12,0.065,52.3442,0.003786,0.000215,-0.009676,0.011312,31,344.2,4,263,22.24
GOOGL,2026-08-18,2026-09-18,530.0,C,0.05,0.27,0.16,58.8871,0.007952,0.000369,-0.021037,0.021872,31,344.2,881,214,22.24
GOOGL,2026-08-18,2026-09-18,535.0,C,0.0,0.32,0.16,59.9613,0.007791,0.000356,-0.021033,0.021483,31,344.2,5,533,22.24
GOOGL,2026-08-18,2026-09-18,540.0,C,0.0,0.23,0.115,58.7895,0.005793,0.000279,-0.015869,0.016533,31,344.2,2,87,22.24
GOOGL,2026-08-18,2026-09-18,545.0,C,0.0,0.22,0.11,59.5707,0.005508,0.000264,-0.01537,0.015807,31,344.2,4,248,22.24
GOOGL,2026-08-18,2026-09-18,550.0,C,0.02,0.22,0.12,61.2309,0.005873,0.000272,-0.016721,0.016735,31,344.2,1,695,22.24
GOOGL,2026-08-18,2026-09-18,555.0,C,0.0,0.15,0.075,59.1801,0.003843,0.000193,-0.011071,0.011465,31,344.2,1,2759,22.24
GOOGL,2026-08-18,2026-09-18,560.0,C,0.0,0.22,0.11,62.6957,0.005306,0.000242,-0.015639,0.015292,31,344.2,3,115,22.24
GOOGL,2026-08-18,2026-09-18,565.0,C,0.0,0.25,0.125,64.5511,0.005806,0.000255,-0.01744,0.016567,31,344.2,37,3034,22.24
GOOGL,2026-08-18,2026-09-18,570.0,C,0.0,0.1,0.05,59.766,0.002629,0.000135,-0.00794,0.008146,31,344.2,165,1073,22.24
GOOGL,2026-08-18,2026-09-18,575.0,C,0.0,0.21,0.105,65.2347,0.004833,0.000214,-0.014966,0.014072,31,344.2,223,3340,22.24
GOOGL,2026-08-18,2026-09-18,580.0,C,0.0,0.08,0.04,60.352,0.002112,0.00011,-0.006575,0.006682,31,344.2,23,367,22.24
GOOGL,2026-08-18,2026-09-18,590.0,C,0.01,0.09,0.05,63.2816,0.002455,0.00012,-0.007899,0.007659,31,344.2,122,1740,22.24
GOOGL,2026-08-18,2026-09-18,600.0,C,0.0,0.12,0.06,66.2113,0.002828,0.000131,-0.009385,0.008701,31,344.2,55,15044,22.24
GOOGL,2026-08-18,2026-09-18,610.0,C,0.01,0.76,0.385,83.2033,0.013016,0.000402,-0.045531,0.033616,31,344.2,87,3341,22.24
GOOGL,2026-08-18,2026-09-18,620.0,C,0.01,0.38,0.195,78.5158,0.007268,0.000256,-0.025826,0.020207,31,344.2,56,1719,22.24
GOOGL,2026-08-18,2026-09-18,630.0,C,0.01,0.25,0.13,76.9534,0.005095,0.00019,-0.018474,0.014751,31,344.2,122,2114,22.24
GOOGL,2026-08-18,2026-09-18,640.0,C,0.02,0.35,0.185,81.7385,0.006728,0.00023,-0.025103,0.018876,31,344.2,25,2004,22.24
GOOGL,2026-08-18,2026-09-18,650.0,C,0.0,0.57,0.285,87.6466,0.009414,0.000288,-0.036154,0.025361,31,344.2,1,731,22.24
GOOGL,2026-08-18,2026-09-18,660.0,C,0.01,0.55,0.28,89.2579,0.009124,0.000275,-0.035817,0.024675,31,344.2,85,801,22.24
GOOGL,2026-08-18,2026-09-18,670.0,C,0.0,0.76,0.38,94.336,0.011489,0.000318,-0.046273,0.030171,31,344.2,23,775,22.24
GOOGL,2026-08-18,2026-09-18,680.0,C,0.01,0.55,0.28,92.6759,0.008792,0.000256,-0.035989,0.023888,31,344.2,34,539,22.24
GOOGL,2026-08-18,2026-09-18,690.0,C,0.0,0.24,0.12,86.133,0.004237,0.000144,-0.01752,0.012513,31,344.2,51,726,22.24
GOOGL,2026-08-18,2026-09-18,700.0,C,0.01,0.38,0.195,92.1876,0.006278,0.000191,-0.026598,0.017753,31,344.2,18,1870,22.24
GOOGL,2026-08-18,2026-09-18,710.0,C,0.01,0.12,0.065,84.1798,0.002432,9e-05,-0.01039,0.007594,31,344.2,15,1648,22.24
GOOGL,2026-08-18,2026-09-18,720.0,C,0.0,0.53,0.265,98.6328,0.007914,0.000219,-0.034899,0.021779,31,344.2,13,637,22.24
GOOGL,2026-08-18,2026-09-18,730.0,C,0.0,0.16,0.08,88.672,0.00282,9.7e-05,-0.012507,0.008681,31,344.2,56,600,22.24
GOOGL,2026-08-18,2026-09-18,740.0,C,0.0,0.71,0.355,105.1763,0.009807,0.000248,-0.044896,0.026283,31,344.2,174,771,22.24
GOOGL,2026-08-18,2026-09-18,750.0,C,0.0,0.18,0.09,92.3829,0.003011,9.9e-05,-0.013818,0.009208,31,344.2,20,407,22.24
GOOGL,2026-08-18,2026-09-18,760.0,C,0.01,0.13,0.07,91.6016,0.002387,8.1e-05,-0.011108,0.007466,31,344.2,61,699,22.24
GOOGL,2026-08-18,2026-09-18,770.0,C,0.01,0.06,0.035,87.5001,0.001274,4.8e-05,-0.005991,0.004216,31,344.2,127,910,22.24
GOOGL,2026-08-18,2026-09-18,780.0,C,0.01,1.33,0.67,120.2152,0.015742,0.000327,-0.077263,0.039596,31,344.2,90,534,22.24
GOOGL,2026-08-18,2026-09-18,790.0,C,0.0,0.13,0.065,94.9219,0.002161,7.1e-05,-0.010516,0.006823,31,344.2,358,313,22.24
GOOGL,2026-08-18,2026-09-18,800.0,C,0.0,0.02,0.01,82.8127,0.000388,1.7e-05,-0.001897,0.001411,31,344.2,5,11844,22.24
GOOGL,2026-08-18,2026-09-18,5.0,P,0.0,0.01,0.005,425.0005,-2.7e-05,0.0,-0.000787,0.000115,31,344.2,30,201,22.24
GOOGL,2026-08-18,2026-09-18,15.0,P,0.0,0.01,0.005,312.5002,-4.8e-05,1e-06,-0.001006,0.0002,31,344.2,0,1,22.24
GOOGL,2026-08-18,2026-09-18,20.0,P,0.0,0.01,0.005,281.2503,-5.1e-05,1e-06,-0.000955,0.000211,31,344.2,1,2,22.24
GOOGL,2026-08-18,2026-09-18,30.0,P,0.0,0.01,0.005,237.5004,-5.3e-05,1e-06,-0.000836,0.000219,31,344.2,21,22,22.24
GOOGL,2026-08-18,2026-09-18,40.0,P,0.0,0.4,0.2,292.969,-0.001581,1.7e-05,-0.024197,0.005136,31,344.2,1,1,22.24
GOOGL,2026-08-18,2026-09-18,45.0,P,0.0,0.21,0.105,257.4222,-0.000996,1.3e-05,-0.013933,0.003366,31,344.2,28,28,22.24
GOOGL,2026-08-18,2026-09-18,50.0,P,0.0,2.13,1.065,330.176,-0.0064,5.4e-05,-0.095846,0.018058,31,344.2,5,220,22.24
GOOGL,2026-08-18,2026-09-18,60.0,P,0.0,0.6,0.3,249.2191,-0.00278,3.4e-05,-0.034319,0.008569,31,344.2,3,73,22.24
GOOGL,2026-08-18,2026-09-18,65.0,P,0.0,0.65,0.325,240.2348,-0.003116,3.9e-05,-0.036656,0.009496,31,344.2,1,34,22.24
GOOGL,2026-08-18,2026-09-18,70.0,P,0.0,0.03,0.015,168.7502,-0.000241,5e-06,-0.00245,0.000904,31,344.2,98,124,22.24
GOOGL,2026-08-18,2026-09-18,75.0,P,0.0,0.03,0.015,162.5002,-0.000269,6e-06,-0.002618,0.001003,31,344.2,1,147,22.24
GOOGL,2026-08-18,2026-09-18,85.0,P,0.0,1.05,0.525,215.5278,-0.005453,7.2e-05,-0.05423,0.015668,31,344.2,14,27,22.24
GOOGL,2026-08-18,2026-09-18,95.0,P,0.0,0.08,0.04,149.219,-0.000724,1.7e-05,-0.00601,0.002509,31,344.2,1,65,22.24
GOOGL,2026-08-18,2026-09-18,100.0,P,0.0,0.08,0.04,143.3597,-0.000749,1.8e-05,-0.00596,0.00259,31,344.2,3,516,22.24
GOOGL,2026-08-18,2026-09-18,105.0,P,0.0,0.09,0.045,139.0628,-0.000845,2.1e-05,-0.006455,0.002893,31,344.2,3,76,22.24
GOOGL,2026-08-18,2026-09-18,110.0,P,0.0,0.21,0.105,145.7034,-0.001829,4e-05,-0.013709,0.005864,31,344.2,2,163,22.24
GOOGL,2026-08-18,2026-09-18,115.0,P,0.0,0.09,0.045,128.9066,-0.000922,2.4e-05,-0.006479,0.003133,31,344.2,1,1218,22.24
GOOGL,2026-08-18,2026-09-18,120.0,P,0.0,0.22,0.11,135.7425,-0.002056,4.8e-05,-0.014197,0.006522,31,344.2,1,169,22.24
GOOGL,2026-08-18,2026-09-18,125.0,P,0.0,0.1,0.05,120.7035,-0.001091,3e-05,-0.007079,0.003658,31,344.2,1,333,22.24
GOOGL,2026-08-18,2026-09-18,130.0,P,0.0,0.22,0.11,125.9769,-0.002226,5.5e-05,-0.014151,0.007008,31,344.2,5,1675,22.24
GOOGL,2026-08-18,2026-09-18,135.0,P,0.0,0.1,0.05,112.1098,-0.001192,3.5e-05,-0.007129,0.003968,31,344.2,5,473,22.24
GOOGL,2026-08-18,2026-09-18,140.0,P,0.0,0.1,0.05,107.813,-0.001222,3.7e-05,-0.007011,0.004059,31,344.2,2,1068,22.24
GOOGL,2026-08-18,2026-09-18,145.0,P,0.0,0.1,0.05,103.9067,-0.001278,4e-05,-0.007038,0.004229,31,344.2,1,717,22.24
GOOGL,2026-08-18,2026-09-18,150.0,P,0.0,0.03,0.015,89.8439,-0.000458,1.8e-05,-0.002364,0.001643,31,344.2,10,1872,22.24
GOOGL,2026-08-18,2026-09-18,155.0,P,0.01,0.08,0.045,95.3125,-0.001254,4.3e-05,-0.006341,0.004156,31,344.2,18,1592,22.24
GOOGL,2026-08-18,2026-09-18,160.0,P,0.0,0.01,0.005,76.5627,-0.000186,9e-06,-0.000871,0.000711,31,344.2,18,3135,22.24
GOOGL,2026-08-18,2026-09-18,165.0,P,0.0,0.3,0.15,100.1958,-0.003738,0.000111,-0.017931,0.011184,31,344.2,5,947,22.24
GOOGL,2026-08-18,2026-09-18,170.0,P,0.01,0.04,0.025,80.4689,-0.000848,3.6e-05,-0.003737,0.002904,31,344.2,2,5666,22.24
GOOGL,2026-08-18,2026-09-18,175.0,P,0.01,0.35,0.18,94.7266,-0.004665,0.000143,-0.020653,0.013634,31,344.2,17,2872,22.24
GOOGL,2026-08-18,2026-09-18,180.0,P,0.0,0.09,0.045,78.5158,-0.001532,6.3e-05,-0.006262,0.00499,31,344.2,1,1491,22.24
GOOGL,2026-08-18,2026-09-18,185.0,P,0.01,0.09,0.05,76.1721,-0.001739,7.3e-05,-0.006816,0.0056,31,344.2,1,1041,22.24
GOOGL,2026-08-18,2026-09-18,190.0,P,0.0,0.14,0.07,75.5862,-0.002387,9.8e-05,-0.009013,0.007466,31,344.2,10,7338,22.24
GOOGL,2026-08-18,2026-09-18,195.0,P,0.0,0.13,0.065,71.8753,-0.002309,0.0001,-0.008314,0.007246,31,344.2,10,1945,22.24
GOOGL,2026-08-18,2026-09-18,200.0,P,0.0,0.15,0.075,70.1175,-0.002765,0.000121,-0.009541,0.008527,31,344.2,20,2293,22.24
GOOGL,2026-08-18,2026-09-18,210.0,P,0.0,0.15,0.075,64.2582,-0.002989,0.000141,-0.00937,0.009147,31,344.2,2,3138,22.24
GOOGL,2026-08-18,2026-09-18,215.0,P,0.01,0.1,0.055,59.3754,-0.00237,0.000124,-0.007015,0.007417,31,344.2,1,1443,22.24
GOOGL,2026-08-18,2026-09-18,220.0,P,0.01,0.22,0.115,61.5238,-0.004613,0.000218,-0.013225,0.013499,31,344.2,13,3975,22.24
GOOGL,2026-08-18,2026-09-18,230.0,P,0.02,0.28,0.15,57.8129,-0.006286,0.000306,-0.016341,0.017773,31,344.2,1,3482,22.24
GOOGL,2026-08-18,2026-09-18,235.0,P,0.01,0.25,0.13,54.102,-0.00588,0.000308,-0.014402,0.016752,31,344.2,18,1232,22.24
GOOGL,2026-08-18,2026-09-18,240.0,P,0.01,0.17,0.09,53.1743,-0.007662,0.000396,-0.017872,0.021167,31,344.2,2,3834,22.24
GOOGL,2026-08-18,2026-09-18,245.0,P,0.02,0.14,0.08,49.2193,-0.006875,0.000388,-0.01502,0.019238,31,344.2,8,2593,22.24
GOOGL,2026-08-18,2026-09-18,250.0,P,0.08,0.11,0.095,45.2154,-0.005928,0.000371,-0.012089,0.016874,31,344.2,7,6252,22.24
GOOGL,2026-08-18,2026-09-18,255.0,P,0.11,0.17,0.14,45.1177,-0.008871,0.00053,-0.017195,0.024075,31,344.2,14,2065,22.24
GOOGL,2026-08-18,2026-09-18,260.0,P,0.11,0.24,0.175,44.6295,-0.012346,0.000715,-0.022664,0.032113,31,344.2,41,4311,22.24
GOOGL,2026-08-18,2026-09-18,265.0,P,0.12,0.36,0.24,44.6783,-0.017971,0.000986,-0.031297,0.044345,31,344.2,7,1519,22.24
GOOGL,2026-08-18,2026-09-18,270.0,P,0.17,0.39,0.28,42.481,-0.020255,0.001149,-0.032896,0.049093,31,344.2,2013,5904,22.24
GOOGL,2026-08-18,2026-09-18,275.0,P,0.23,0.43,0.33,40.3815,-0.02314,0.001352,-0.034937,0.05494,31,344.2,10,5156,22.24
GOOGL,2026-08-18,2026-09-18,280.0,P,0.23,0.49,0.36,38.4772,-0.02711,0.00162,-0.037945,0.062737,31,344.2,52,10422,22.24
GOOGL,2026-08-18,2026-09-18,285.0,P,0.29,0.57,0.43,36.7194,-0.032403,0.001969,-0.041902,0.072745,31,344.2,33,3536,22.24
GOOGL,2026-08-18,2026-09-18,290.0,P,0.4,0.65,0.525,34.7907,-0.038226,0.00238,-0.045355,0.083308,31,344.2,45,3928,22.24
GOOGL,2026-08-18,2026-09-18,295.0,P,0.59,0.69,0.64,32.3371,-0.042966,0.002815,-0.046214,0.091599,31,344.2,54,4229,22.24
GOOGL,2026-08-18,2026-09-18,300.0,P,0.79,0.85,0.82,30.8479,-0.053834,0.003535,-0.052631,0.109711,31,344.2,308,12250,22.24
GOOGL,2026-08-18,2026-09-18,305.0,P,1.04,1.17,1.105,30.1521,-0.072733,0.004572,-0.06481,0.138703,31,344.2,107,4132,22.24
GOOGL,2026-08-18,2026-09-18,310.0,P,1.48,1.6,1.54,29.4685,-0.097118,0.005811,-0.078365,0.172314,31,344.2,225,17294,22.24
GOOGL,2026-08-18,2026-09-18,315.0,P,1.96,2.33,2.145,29.5112,-0.133423,0.007275,-0.097962,0.216042,31,344.2,159,3524,22.24
GOOGL,2026-08-18,2026-09-18,320.0,P,2.73,3.05,2.89,28.6811,-0.170644,0.008817,-0.111471,0.254454,31,344.2,429,11347,22.24
GOOGL,2026-08-18,2026-09-18,325.0,P,3.75,4.0,3.875,27.967,-0.216641,0.010461,-0.124858,0.294391,31,344.2,383,7654,22.24
GOOGL,2026-08-18,2026-09-18,330.0,P,5.05,5.45,5.25,27.9914,-0.275648,0.011897,-0.141151,0.335095,31,344.2,363,10133,22.24
GOOGL,2026-08-18,2026-09-18,335.0,P,6.45,7.25,6.85,28.0769,-0.34073,0.013021,-0.153998,0.367848,31,344.2,145,4346,22.24
GOOGL,2026-08-18,2026-09-18,340.0,P,8.6,8.9,8.75,26.9111,-0.406763,0.014373,-0.153883,0.3892,31,344.2,544,9086,22.24
GOOGL,2026-08-18,2026-09-18,345.0,P,10.9,11.3,11.1,26.7769,-0.480223,0.014834,-0.154768,0.399688,31,344.2,375,3673,22.24
GOOGL,2026-08-18,2026-09-18,350.0,P,13.55,14.4,13.975,27.4849,-0.551434,0.01435,-0.15528,0.39685,31,344.2,450,6298,22.24
GOOGL,2026-08-18,2026-09-18,355.0,P,15.95,17.5,16.725,27.3506,-0.621061,0.013866,-0.144958,0.38161,31,344.2,159,2245,22.24
GOOGL,2026-08-18,2026-09-18,360.0,P,19.9,20.9,20.4,27.1492,-0.687195,0.013005,-0.129537,0.355272,31,344.2,81,4885,22.24
GOOGL,2026-08-18,2026-09-18,365.0,P,23.85,25.05,24.45,28.3393,-0.735993,0.0115,-0.12174,0.327933,31,344.2,44,1245,22.24
GOOGL,2026-08-18,2026-09-18,370.0,P,27.5,29.15,28.325,28.7788,-0.782997,0.010176,-0.106574,0.294675,31,344.2,17,2141,22.24
GOOGL,2026-08-18,2026-09-18,375.0,P,31.35,33.5,32.425,29.4807,-0.820676,0.008852,-0.092901,0.262593,31,344.2,25,925,22.24
GOOGL,2026-08-18,2026-09-18,380.0,P,36.2,37.55,36.875,28.2356,-0.869301,0.007497,-0.062931,0.21299,31,344.2,40,1171,22.24
GOOGL,2026-08-18,2026-09-18,385.0,P,41.25,42.15,41.7,28.6994,-0.896146,0.006266,-0.048294,0.180955,31,344.2,3,734,22.24
GOOGL,2026-08-18,2026-09-18,390.0,P,45.35,47.1,46.225,30.7746,-0.905403,0.005458,-0.0476,0.169013,31,344.2,43,1450,22.24
GOOGL,2026-08-18,2026-09-18,395.0,P,50.15,52.0,51.075,32.4226,-0.915647,0.004757,-0.044016,0.1552,31,344.2,20,218,22.24
GOOGL,2026-08-18,2026-09-18,400.0,P,55.1,57.75,56.425,39.0509,-0.891697,0.004747,-0.080594,0.186524,31,344.2,3,2099,22.24
GOOGL,2026-08-18,2026-09-18,405.0,P,59.05,62.95,61.0,42.4078,-0.890448,0.004407,-0.091267,0.188067,31,344.2,17,261,22.24
GOOGL,2026-08-18,2026-09-18,410.0,P,63.9,67.9,65.9,44.4036,-0.896671,0.004035,-0.091034,0.180291,31,344.2,3,57,22.24
GOOGL,2026-08-18,2026-09-18,415.0,P,69.0,72.9,70.95,46.6009,-0.900825,0.003732,-0.092781,0.17498,31,344.2,3,8,22.24
GOOGL,2026-08-18,2026-09-18,420.0,P,73.95,77.9,75.925,48.7432,-0.904553,0.003469,-0.094379,0.17013,31,344.2,5,0,22.24
GOOGL,2026-08-18,2026-09-18,425.0,P,78.95,82.9,80.925,50.8428,-0.907878,0.00324,-0.095914,0.165734,31,344.2,2,0,22.24
GOOGL,2026-08-18,2026-09-18,430.0,P,84.0,87.9,85.95,52.8935,-0.910903,0.003038,-0.097324,0.161677,31,344.2,1,0,22.24
GOOGL,2026-08-18,2026-09-18,435.0,P,89.0,92.9,90.95,54.8955,-0.913681,0.002859,-0.098599,0.157902,31,344.2,6,0,22.24
GOOGL,2026-08-18,2026-09-18,440.0,P,94.05,97.9,95.975,56.8608,-0.916203,0.002699,-0.099827,0.154431,31,344.2,63,0,22.24
GOOGL,2026-08-18,2026-09-18,445.0,P,74.7,77.95,76.325,0.001,-1.0,0.0,0.045029,0.0,31,344.2,1,1,22.24
GOOGL,2026-08-18,2026-09-18,450.0,P,104.0,107.9,105.95,60.6693,-0.920686,0.002427,-0.102009,0.148159,31,344.2,209,0,22.24
GOOGL,2026-08-18,2026-09-18,455.0,P,151.25,154.65,152.95,186.789,-0.592781,0.002071,-1.136874,0.389308,31,344.2,3,0,22.24
GOOGL,2026-08-18,2026-09-18,460.0,P,114.0,117.9,115.95,64.3314,-0.924544,0.002204,-0.1039,0.142652,31,344.2,1,0,22.24
GOOGL,2026-08-18,2026-09-18,475.0,P,102.85,105.6,104.225,0.001,-1.0,0.0,0.048064,0.0,31,344.2,16,0,22.24
GOOGL,2026-08-18,2026-09-18,485.0,P,139.05,142.9,140.975,72.9617,-0.932105,0.001792,-0.107902,0.131552,31,344.2,1,0,22.24
GOOGL,2026-08-18,2026-09-18,490.0,P,175.45,178.15,176.8,175.6013,-0.665716,0.002067,-0.993199,0.365137,31,344.2,2,0,22.24
GOOGL,2026-08-18,2026-09-18,500.0,P,154.05,157.9,155.975,52.686,-0.990216,0.000495,0.02798,0.02623,31,344.2,1,0,22.24
GOOGL,2026-08-18,2026-09-18,680.0,P,334.0,337.9,335.95,86.9142,-0.994598,0.000178,0.046852,0.015537,31,344.2,0,0,22.24
GOOGL,2026-08-18,2026-09-18,790.0,P,444.0,447.9,445.95,103.1255,-0.995388,0.00013,0.057343,0.013496,31,344.2,0,0,22.24
GOOGL,2026-08-18,2026-09-25,205.0,C,137.9,141.85,139.875,81.1525,0.983195,0.000463,-0.069587,0.046362,38,344.2,1,8,22.24
GOOGL,2026-08-18,2026-09-25,235.0,C,108.1,111.85,109.975,63.6722,0.976098,0.000796,-0.075225,0.062507,38,344.2,0,2,22.24
GOOGL,2026-08-18,2026-09-25,280.0,C,63.7,67.55,65.625,54.4133,0.900699,0.002889,-0.163366,0.193912,38,344.2,0,1,22.24
GOOGL,2026-08-18,2026-09-25,290.0,C,54.0,58.0,56.0,49.5122,0.880311,0.003631,-0.169259,0.221758,38,344.2,1,1,22.24
GOOGL,2026-08-18,2026-09-25,300.0,C,44.55,48.6,46.575,44.8126,0.853028,0.004621,-0.175407,0.255437,38,344.2,4,4,22.24
GOOGL,2026-08-18,2026-09-25,310.0,C,36.45,38.95,37.7,38.764,0.823833,0.006013,-0.171387,0.287492,38,344.2,0,5,22.24
GOOGL,2026-08-18,2026-09-25,315.0,C,32.05,34.55,33.3,36.9208,0.79845,0.006859,-0.176061,0.312368,38,344.2,2,12,22.24
GOOGL,2026-08-18,2026-09-25,320.0,C,27.85,30.75,29.3,36.4813,0.761444,0.007648,-0.188593,0.344118,38,344.2,1,13,22.24
GOOGL,2026-08-18,2026-09-25,325.0,C,24.2,26.65,25.425,34.7541,0.726519,0.008621,-0.191607,0.369563,38,344.2,6,30,22.24
GOOGL,2026-08-18,2026-09-25,330.0,C,20.4,22.95,21.675,33.631,0.683693,0.009528,-0.196385,0.395222,38,344.2,1,22,22.24
GOOGL,2026-08-18,2026-09-25,335.0,C,17.65,19.1,18.375,31.6749,0.638304,0.010652,-0.19375,0.416165,38,344.2,11,123,22.24
GOOGL,2026-08-18,2026-09-25,340.0,C,14.8,16.0,15.4,30.9394,0.583766,0.011353,-0.195098,0.433261,38,344.2,32,109,22.24
GOOGL,2026-08-18,2026-09-25,345.0,C,12.2,13.25,12.725,30.3748,0.525783,0.011801,-0.193688,0.442138,38,344.2,49,373,22.24
GOOGL,2026-08-18,2026-09-25,350.0,C,9.95,11.05,10.5,30.4023,0.467333,0.011776,-0.191811,0.441578,38,344.2,93,301,22.24
GOOGL,2026-08-18,2026-09-25,355.0,C,8.0,9.1,8.55,30.3565,0.410187,0.011532,-0.185843,0.431788,38,344.2,11,2091,22.24
GOOGL,2026-08-18,2026-09-25,360.0,C,6.7,7.5,7.1,30.5183,0.356669,0.011002,-0.177978,0.414151,38,344.2,108,893,22.24
GOOGL,2026-08-18,2026-09-25,365.0,C,5.25,5.8,5.525,29.8042,0.300855,0.010518,-0.161526,0.386643,38,344.2,18,381,22.24
GOOGL,2026-08-18,2026-09-25,370.0,C,4.0,4.6,4.3,29.7431,0.253031,0.009682,-0.147357,0.355176,38,344.2,22,224,22.24
GOOGL,2026-08-18,2026-09-25,375.0,C,2.93,3.75,3.34,30.1277,0.213789,0.008704,-0.135292,0.323441,38,344.2,27,257,22.24
GOOGL,2026-08-18,2026-09-25,380.0,C,2.42,2.79,2.605,29.5967,0.171563,0.007744,-0.115789,0.282692,38,344.2,101,193,22.24
GOOGL,2026-08-18,2026-09-25,385.0,C,1.97,2.15,2.06,29.5905,0.138931,0.006738,-0.100372,0.245908,38,344.2,32,150,22.24
GOOGL,2026-08-18,2026-09-25,390.0,C,1.56,2.0,1.78,31.2446,0.124972,0.005931,-0.098131,0.228584,38,344.2,1,96,22.24
GOOGL,2026-08-18,2026-09-25,395.0,C,1.21,1.53,1.37,31.1652,0.10021,0.005078,-0.083389,0.195207,38,344.2,1,39,22.24
GOOGL,2026-08-18,2026-09-25,400.0,C,0.9,1.39,1.145,32.447,0.089172,0.004476,-0.079441,0.179115,38,344.2,58,630,22.24
GOOGL,2026-08-18,2026-09-25,405.0,C,0.57,1.05,0.81,32.2883,0.070478,0.003764,-0.066038,0.1499,38,344.2,6,34,22.24
GOOGL,2026-08-18,2026-09-25,410.0,C,0.57,1.02,0.795,33.924,0.065752,0.003396,-0.065611,0.142079,38,344.2,7,68,22.24
GOOGL,2026-08-18,2026-09-25,415.0,C,0.28,0.68,0.48,32.9597,0.047513,0.002705,-0.049279,0.109965,38,344.2,1,531,22.24
GOOGL,2026-08-18,2026-09-25,420.0,C,0.17,0.51,0.34,32.862,0.036913,0.002212,-0.039997,0.08964,38,344.2,4,77,22.24
GOOGL,2026-08-18,2026-09-25,425.0,C,0.11,0.45,0.28,33.7165,0.032269,0.00193,-0.03669,0.080266,38,344.2,1,15,22.24
GOOGL,2026-08-18,2026-09-25,430.0,C,0.15,0.46,0.305,35.3766,0.031518,0.001804,-0.037697,0.07872,38,344.2,14,13,22.24
GOOGL,2026-08-18,2026-09-25,435.0,C,0.04,0.49,0.265,37.2565,0.03177,0.001724,-0.039904,0.079239,38,344.2,6,7,22.24
GOOGL,2026-08-18,2026-09-25,440.0,C,0.04,0.34,0.19,36.5485,0.023265,0.001355,-0.030163,0.061103,38,344.2,0,5,22.24
GOOGL,2026-08-18,2026-09-25,445.0,C,0.05,0.46,0.255,39.7711,0.028238,0.001465,-0.038546,0.071862,38,344.2,4,4,22.24
GOOGL,2026-08-18,2026-09-25,450.0,C,0.03,0.4,0.215,40.2838,0.02457,0.001287,-0.034726,0.06397,38,344.2,1,29,22.24
GOOGL,2026-08-18,2026-09-25,455.0,C,0.05,0.43,0.24,42.1393,0.025223,0.001258,-0.037096,0.065393,38,344.2,9,17,22.24
GOOGL,2026-08-18,2026-09-25,460.0,C,0.01,0.38,0.195,42.6764,0.022258,0.001118,-0.033795,0.058867,38,344.2,7,43,22.24
GOOGL,2026-08-18,2026-09-25,470.0,C,0.05,0.19,0.12,41.2115,0.012315,0.000698,-0.019648,0.035476,38,344.2,76,13,22.24
GOOGL,2026-08-18,2026-09-25,480.0,C,0.05,0.37,0.21,47.6568,0.019663,0.000902,-0.033886,0.053002,38,344.2,8,57,22.24
GOOGL,2026-08-18,2026-09-25,485.0,C,0.04,0.38,0.21,49.0728,0.019592,0.000873,-0.034766,0.05284,38,344.2,6,8,22.24
GOOGL,2026-08-18,2026-09-25,490.0,C,0.04,0.36,0.2,49.9028,0.018354,0.000812,-0.033428,0.049988,38,344.2,4,182,22.24
GOOGL,2026-08-18,2026-09-25,495.0,C,0.02,0.32,0.17,50.2446,0.016327,0.00073,-0.030443,0.045233,38,344.2,9,4,22.24
GOOGL,2026-08-18,2026-09-25,500.0,C,0.04,0.31,0.175,51.2212,0.015649,0.00069,-0.029912,0.043617,38,344.2,71,146,22.24
GOOGL,2026-08-18,2026-09-25,505.0,C,0.03,0.37,0.2,53.6137,0.017553,0.000728,-0.034522,0.048119,38,344.2,4,9,22.24
GOOGL,2026-08-18,2026-09-25,510.0,C,0.02,0.3,0.16,53.2475,0.014623,0.000627,-0.02931,0.041147,38,344.2,9,7,22.24
GOOGL,2026-08-18,2026-09-25,515.0,C,0.03,0.3,0.165,50.4399,0.008875,0.000429,-0.017992,0.026667,38,344.2,6,6,22.24
GOOGL,2026-08-18,2026-09-25,520.0,C,0.0,0.3,0.15,50.8794,0.008026,0.000389,-0.016609,0.024413,38,344.2,2,6,22.24
GOOGL,2026-08-18,2026-09-25,525.0,C,0.02,0.16,0.09,52.3442,0.00837,0.000392,-0.017723,0.025331,38,344.2,3,8,22.24
GOOGL,2026-08-18,2026-09-25,530.0,C,0.05,0.34,0.195,54.5903,0.009625,0.000425,-0.020881,0.028629,38,344.2,6,2,22.24
GOOGL,2026-08-18,2026-09-25,535.0,C,0.05,0.3,0.175,54.8833,0.008651,0.000385,-0.019115,0.026075,38,344.2,4,5,22.24
GOOGL,2026-08-18,2026-09-25,540.0,C,0.02,0.3,0.16,55.2739,0.007882,0.000352,-0.017736,0.024029,38,344.2,11,2,22.24
GOOGL,2026-08-18,2026-09-25,545.0,C,0.01,0.27,0.14,55.4692,0.007011,0.000317,-0.01605,0.021673,38,344.2,7,3,22.24
GOOGL,2026-08-18,2026-09-25,550.0,C,0.01,0.3,0.155,57.0317,0.007466,0.000326,-0.017436,0.022907,38,344.2,7,693,22.24
GOOGL,2026-08-18,2026-09-25,190.0,P,0.0,1.69,0.845,95.1172,-0.017771,0.000415,-0.060166,0.048631,38,344.2,1,1,22.24
GOOGL,2026-08-18,2026-09-25,205.0,P,0.0,0.34,0.17,66.7972,-0.005702,0.000219,-0.01565,0.01805,38,344.2,1,14,22.24
GOOGL,2026-08-18,2026-09-25,210.0,P,0.0,0.35,0.175,64.1605,-0.006055,0.000241,-0.015844,0.019036,38,344.2,4,4,22.24
GOOGL,2026-08-18,2026-09-25,215.0,P,0.0,0.36,0.18,61.6215,-0.006467,0.000265,-0.016119,0.020178,38,344.2,6,14,22.24
GOOGL,2026-08-18,2026-09-25,220.0,P,0.0,0.31,0.155,57.8129,-0.005978,0.000264,-0.014096,0.018823,38,344.2,5,18,22.24
GOOGL,2026-08-18,2026-09-25,225.0,P,0.01,0.32,0.165,55.6645,-0.006602,0.000299,-0.014807,0.02055,38,344.2,2,8,22.24
GOOGL,2026-08-18,2026-09-25,230.0,P,0.01,0.18,0.095,53.6137,-0.007359,0.000342,-0.015684,0.022619,38,344.2,18,14,22.24
GOOGL,2026-08-18,2026-09-25,235.0,P,0.01,0.34,0.175,50.8794,-0.007544,0.000368,-0.015198,0.023118,38,344.2,2,6,22.24
GOOGL,2026-08-18,2026-09-25,240.0,P,0.01,0.19,0.1,48.8775,-0.008431,0.000423,-0.016083,0.025492,38,344.2,2,21,22.24
GOOGL,2026-08-18,2026-09-25,245.0,P,0.02,0.42,0.22,52.0513,-0.016538,0.000712,-0.030706,0.045732,38,344.2,2,13,22.24
GOOGL,2026-08-18,2026-09-25,250.0,P,0.02,0.43,0.225,49.5366,-0.017662,0.000792,-0.030876,0.048375,38,344.2,2,13,22.24
GOOGL,2026-08-18,2026-09-25,255.0,P,0.02,0.32,0.17,44.7271,-0.014727,0.00075,-0.023822,0.041399,38,344.2,3,15,22.24
GOOGL,2026-08-18,2026-09-25,260.0,P,0.12,0.27,0.195,41.1627,-0.013632,0.000763,-0.020479,0.038734,38,344.2,77,6,22.24
GOOGL,2026-08-18,2026-09-25,265.0,P,0.04,0.48,0.26,42.4322,-0.022398,0.001131,-0.032216,0.059179,38,344.2,2,15,22.24
GOOGL,2026-08-18,2026-09-25,270.0,P,0.08,0.6,0.34,41.4557,-0.028008,0.001396,-0.037901,0.071374,38,344.2,5,21,22.24
GOOGL,2026-08-18,2026-09-25,275.0,P,0.13,0.68,0.405,39.7223,-0.032489,0.001647,-0.040993,0.080717,38,344.2,4,7,22.24
GOOGL,2026-08-18,2026-09-25,280.0,P,0.36,0.55,0.455,35.5963,-0.02949,0.001697,-0.033815,0.074499,38,344.2,134,44,22.24
GOOGL,2026-08-18,2026-09-25,285.0,P,0.47,0.9,0.685,36.4508,-0.044913,0.002338,-0.048762,0.105107,38,344.2,63,18,22.24
GOOGL,2026-08-18,2026-09-25,290.0,P,0.66,0.94,0.8,34.0461,-0.049494,0.002706,-0.049086,0.113617,38,344.2,1,35,22.24
GOOGL,2026-08-18,2026-09-25,295.0,P,0.87,1.14,1.005,32.7399,-0.060634,0.003303,-0.055244,0.13339,38,344.2,1,107,22.24
GOOGL,2026-08-18,2026-09-25,300.0,P,0.96,1.43,1.195,31.6901,-0.07593,0.00406,-0.063392,0.158695,38,344.2,10,521,22.24
GOOGL,2026-08-18,2026-09-25,305.0,P,1.57,1.8,1.685,30.677,-0.095097,0.004965,-0.072343,0.187853,38,344.2,15,108,22.24
GOOGL,2026-08-18,2026-09-25,310.0,P,2.08,2.33,2.205,29.9507,-0.120772,0.006041,-0.083519,0.22317,38,344.2,41,208,22.24
GOOGL,2026-08-18,2026-09-25,315.0,P,2.65,3.25,2.95,30.1154,-0.158511,0.00723,-0.100589,0.268571,38,344.2,57,225,22.24
GOOGL,2026-08-18,2026-09-25,320.0,P,3.3,4.0,3.65,29.0351,-0.193197,0.008502,-0.109206,0.304473,38,344.2,76,495,22.24
GOOGL,2026-08-18,2026-09-25,325.0,P,4.5,5.1,4.8,28.4553,-0.237901,0.00979,-0.119867,0.3436,38,344.2,40,292,22.24
GOOGL,2026-08-18,2026-09-25,330.0,P,5.9,6.8,6.35,28.8002,-0.294135,0.010773,-0.134106,0.382676,38,344.2,81,296,22.24
GOOGL,2026-08-18,2026-09-25,335.0,P,7.65,8.65,8.15,28.7483,-0.35196,0.011625,-0.142813,0.412197,38,344.2,15,253,22.24
GOOGL,2026-08-18,2026-09-25,340.0,P,9.2,10.55,9.875,28.1196,-0.411692,0.01246,-0.14452,0.432164,38,344.2,82,1701,22.24
GOOGL,2026-08-18,2026-09-25,345.0,P,11.5,12.9,12.2,27.8205,-0.475285,0.012887,-0.144048,0.442213,38,344.2,19,248,22.24
GOOGL,2026-08-18,2026-09-25,350.0,P,14.15,15.8,14.975,28.0525,-0.538535,0.012745,-0.142453,0.440995,38,344.2,7,112,22.24
GOOGL,2026-08-18,2026-09-25,355.0,P,17.15,18.4,17.775,26.8867,-0.605761,0.012888,-0.128275,0.427402,38,344.2,13,57,22.24
GOOGL,2026-08-18,2026-09-25,360.0,P,20.45,22.5,21.475,28.5835,-0.654942,0.011607,-0.12885,0.409212,38,344.2,3,34,22.24
GOOGL,2026-08-18,2026-09-25,365.0,P,23.85,26.3,25.075,29.029,-0.704854,0.010705,-0.119222,0.383281,38,344.2,5,15,22.24
GOOGL,2026-08-18,2026-09-25,370.0,P,27.65,30.2,28.925,29.1816,-0.751623,0.009771,-0.105843,0.351701,38,344.2,2,34,22.24
GOOGL,2026-08-18,2026-09-25,375.0,P,31.75,34.4,33.075,29.6699,-0.790188,0.008742,-0.093922,0.319907,38,344.2,2,12,22.24
GOOGL,2026-08-18,2026-09-25,380.0,P,36.15,38.65,37.4,29.8286,-0.826363,0.007743,-0.079147,0.284866,38,344.2,1,25,22.24
GOOGL,2026-08-18,2026-09-25,385.0,P,40.65,43.15,41.9,30.4206,-0.853803,0.006784,-0.067814,0.254534,38,344.2,2,30,22.24
GOOGL,2026-08-18,2026-09-25,390.0,P,45.25,47.9,46.575,31.7023,-0.871268,0.005968,-0.062181,0.23335,38,344.2,3,4,22.24
GOOGL,2026-08-18,2026-09-25,395.0,P,49.6,53.3,51.45,35.6574,-0.865523,0.005468,-0.07733,0.24049,38,344.2,0,22,22.24
GOOGL,2026-08-18,2026-09-25,420.0,P,75.15,77.9,76.525,44.1595,-0.90295,0.003501,-0.071502,0.190681,38,344.2,1,0,22.24
GOOGL,2026-08-18,2026-10-02,340.0,C,16.05,17.55,16.8,31.7146,0.581975,0.010188,-0.184787,0.471933,45,344.2,12,6,22.24
GOOGL,2026-08-18,2026-10-02,345.0,C,13.6,14.9,14.25,31.3544,0.530072,0.010498,-0.184443,0.480778,45,344.2,22,60,22.24
GOOGL,2026-08-18,2026-10-02,350.0,C,11.25,12.0,11.625,29.9507,0.474931,0.011,-0.175458,0.481196,45,344.2,92,117,22.24
GOOGL,2026-08-18,2026-10-02,355.0,C,9.4,10.9,10.15,31.7512,0.428418,0.010229,-0.181169,0.474366,45,344.2,1,16,22.24
GOOGL,2026-08-18,2026-10-02,360.0,C,7.5,8.75,8.125,30.8509,0.375246,0.010172,-0.16931,0.458378,45,344.2,58,25,22.24
GOOGL,2026-08-18,2026-10-02,365.0,C,6.05,7.45,6.75,31.2995,0.330919,0.009584,-0.163156,0.438168,45,344.2,26,23,22.24
GOOGL,2026-08-18,2026-10-02,370.0,C,4.9,5.75,5.325,30.3108,0.279943,0.009188,-0.146172,0.406792,45,344.2,11,30,22.24
GOOGL,2026-08-18,2026-10-02,375.0,C,3.8,4.8,4.3,30.6525,0.241953,0.008429,-0.13647,0.377371,45,344.2,7,14,22.24
GOOGL,2026-08-18,2026-10-02,380.0,C,3.0,3.95,3.475,30.8509,0.206932,0.007663,-0.125175,0.345301,45,344.2,26,20,22.24
GOOGL,2026-08-18,2026-10-02,385.0,C,2.52,3.35,2.935,31.4094,0.179004,0.006888,-0.116189,0.316024,45,344.2,2,91,22.24
GOOGL,2026-08-18,2026-10-02,390.0,C,1.99,2.72,2.355,31.5192,0.150996,0.006148,-0.104109,0.283033,45,344.2,2,14,22.24
GOOGL,2026-08-18,2026-10-02,395.0,C,1.56,2.16,1.86,31.4704,0.125231,0.005419,-0.091252,0.249108,45,344.2,4,4,22.24
GOOGL,2026-08-18,2026-10-02,400.0,C,1.22,1.62,1.42,31.031,0.099833,0.004674,-0.076357,0.211842,45,344.2,26,29,22.24
GOOGL,2026-08-18,2026-10-02,405.0,C,1.1,1.56,1.33,32.5812,0.092626,0.004213,-0.075651,0.20049,45,344.2,19,2,22.24
GOOGL,2026-08-18,2026-10-02,410.0,C,0.74,1.14,0.94,31.9953,0.072102,0.003552,-0.061413,0.166001,45,344.2,3,45,22.24
GOOGL,2026-08-18,2026-10-02,415.0,C,0.41,1.2,0.805,34.0583,0.071298,0.003308,-0.064645,0.164578,45,344.2,2,3,22.24
GOOGL,2026-08-18,2026-10-02,430.0,C,0.22,0.56,0.39,33.6677,0.037135,0.001993,-0.037909,0.098027,45,344.2,3,1,22.24
GOOGL,2026-08-18,2026-10-02,450.0,C,0.11,0.51,0.31,38.5504,0.030145,0.001466,-0.036365,0.082562,45,344.2,3,3,22.24
GOOGL,2026-08-18,2026-10-02,455.0,C,0.08,0.46,0.27,39.2096,0.027111,0.00132,-0.033832,0.075591,45,344.2,2,2,22.24
GOOGL,2026-08-18,2026-10-02,200.0,P,0.01,0.38,0.195,65.2347,-0.006128,0.00022,-0.014945,0.020938,45,344.2,1,1,22.24
GOOGL,2026-08-18,2026-10-02,210.0,P,0.0,0.39,0.195,59.9613,-0.006683,0.000258,-0.01481,0.022606,45,344.2,2,3,22.24
GOOGL,2026-08-18,2026-10-02,215.0,P,0.01,0.37,0.19,57.1293,-0.006774,0.000274,-0.01427,0.022879,45,344.2,2,3,22.24
GOOGL,2026-08-18,2026-10-02,220.0,P,0.01,0.38,0.195,54.7856,-0.007208,0.000302,-0.014443,0.024168,45,344.2,2,1,22.24
GOOGL,2026-08-18,2026-10-02,250.0,P,0.1,0.32,0.21,43.5553,-0.014003,0.000678,-0.02036,0.043138,45,344.2,2,3,22.24
GOOGL,2026-08-18,2026-10-02,270.0,P,0.36,0.75,0.555,39.7955,-0.032871,0.001526,-0.038,0.088687,45,344.2,202,20,22.24
GOOGL,2026-08-18,2026-10-02,280.0,P,0.48,0.7,0.59,34.3268,-0.03508,0.001866,-0.034398,0.09356,45,344.2,118,21,22.24
GOOGL,2026-08-18,2026-10-02,285.0,P,0.4,0.84,0.62,33.0817,-0.042516,0.002265,-0.038663,0.109426,45,344.2,1,30,22.24
GOOGL,2026-08-18,2026-10-02,290.0,P,0.74,1.11,0.925,32.5446,-0.055185,0.002836,-0.046719,0.1348,45,344.2,5,5,22.24
GOOGL,2026-08-18,2026-10-02,295.0,P,1.02,1.32,1.17,31.2385,-0.066451,0.003416,-0.051668,0.155884,45,344.2,9,18,22.24
GOOGL,2026-08-18,2026-10-02,300.0,P,1.3,1.83,1.565,31.1897,-0.088273,0.004246,-0.063793,0.19345,45,344.2,27,61,22.24
GOOGL,2026-08-18,2026-10-02,305.0,P,1.62,2.65,2.135,31.7878,-0.118995,0.005176,-0.080488,0.240332,45,344.2,13,37,22.24
GOOGL,2026-08-18,2026-10-02,310.0,P,2.21,3.0,2.605,30.03,-0.13818,0.006078,-0.083861,0.266614,45,344.2,28,41,22.24
GOOGL,2026-08-18,2026-10-02,315.0,P,3.05,3.95,3.5,29.9201,-0.173649,0.007094,-0.096634,0.310009,45,344.2,11,47,22.24
GOOGL,2026-08-18,2026-10-02,320.0,P,3.9,4.95,4.425,29.383,-0.211139,0.008142,-0.106247,0.349418,45,344.2,40,51,22.24
GOOGL,2026-08-18,2026-10-02,325.0,P,5.05,6.3,5.675,29.2121,-0.256102,0.009116,-0.116718,0.388958,45,344.2,45,48,22.24
GOOGL,2026-08-18,2026-10-02,330.0,P,6.5,7.5,7.0,28.1318,-0.300783,0.010239,-0.120298,0.420705,45,344.2,29,31,22.24
GOOGL,2026-08-18,2026-10-02,335.0,P,8.45,9.55,9.0,28.4187,-0.356743,0.010858,-0.128964,0.450718,45,344.2,5,15,22.24
GOOGL,2026-08-18,2026-10-02,340.0,P,10.6,11.95,11.275,28.8093,-0.414064,0.011191,-0.135151,0.470918,45,344.2,8,41,22.24
GOOGL,2026-08-18,2026-10-02,345.0,P,12.55,14.1,13.325,28.0799,-0.471269,0.011725,-0.132241,0.480898,45,344.2,2,7,22.24
GOOGL,2026-08-18,2026-10-02,350.0,P,15.55,17.15,16.35,28.6201,-0.528136,0.011505,-0.132858,0.480949,45,344.2,9,9,22.24
GOOGL,2026-08-18,2026-10-02,360.0,P,21.4,23.75,22.575,29.1053,-0.634342,0.010692,-0.12255,0.454546,45,344.2,6,12,22.24
GOOGL,2026-08-18,2026-10-16,150.0,C,193.0,197.1,195.05,103.6138,0.986671,0.000239,-0.056156,0.047335,59,344.2,2,3,22.24
GOOGL,2026-08-18,2026-10-16,155.0,C,188.0,191.9,189.95,97.9248,0.987404,0.00024,-0.052539,0.045077,59,344.2,1,14,22.24
GOOGL,2026-08-18,2026-10-16,160.0,C,210.85,214.55,212.7,249.2313,0.898222,0.000515,-0.52938,0.246004,59,344.2,9,15,22.24
GOOGL,2026-08-18,2026-10-16,165.0,C,205.9,209.65,207.775,241.6874,0.894113,0.000547,-0.528682,0.253169,59,344.2,15,15,22.24
GOOGL,2026-08-18,2026-10-16,170.0,C,184.8,188.3,186.55,167.975,0.9179,0.000652,-0.311734,0.209796,59,344.2,2,867,22.24
GOOGL,2026-08-18,2026-10-16,175.0,C,168.25,172.0,170.125,87.3048,0.982984,0.000349,-0.060179,0.05839,59,344.2,3,18,22.24
GOOGL,2026-08-18,2026-10-16,180.0,C,163.25,167.35,165.3,86.6212,0.979952,0.000405,-0.066645,0.067139,59,344.2,1,28,22.24
GOOGL,2026-08-18,2026-10-16,185.0,C,158.25,162.2,160.225,82.3488,0.980248,0.00042,-0.06415,0.066299,59,344.2,1,19,22.24
GOOGL,2026-08-18,2026-10-16,190.0,C,167.9,172.1,170.0,160.5227,0.894836,0.000819,-0.35666,0.251918,59,344.2,1,10,22.24
GOOGL,2026-08-18,2026-10-16,195.0,C,148.4,152.35,150.375,78.052,0.976524,0.000513,-0.069494,0.076719,59,344.2,1,8,22.24
GOOGL,2026-08-18,2026-10-16,200.0,C,143.4,147.4,145.4,75.2932,0.975269,0.000556,-0.070347,0.080149,59,344.2,1,41,22.24
GOOGL,2026-08-18,2026-10-16,205.0,C,138.45,142.5,140.475,73.1448,0.97317,0.000613,-0.072819,0.085805,59,344.2,1,33,22.24
GOOGL,2026-08-18,2026-10-16,210.0,C,133.6,137.5,135.55,70.972,0.970975,0.000674,-0.075153,0.091613,59,344.2,1,87,22.24
GOOGL,2026-08-18,2026-10-16,215.0,C,128.55,132.45,130.5,67.5784,0.970614,0.000715,-0.073555,0.092557,59,344.2,1,18,22.24
GOOGL,2026-08-18,2026-10-16,220.0,C,123.6,127.7,125.65,66.1624,0.966981,0.000804,-0.078062,0.101927,59,344.2,6,19,22.24
GOOGL,2026-08-18,2026-10-16,225.0,C,118.65,122.65,120.65,63.3304,0.965656,0.000868,-0.077875,0.105282,59,344.2,15,36,22.24
GOOGL,2026-08-18,2026-10-16,230.0,C,113.7,117.65,115.675,60.7792,0.96379,0.000945,-0.078441,0.109952,59,344.2,10,15,22.24
GOOGL,2026-08-18,2026-10-16,235.0,C,108.85,112.95,110.9,59.8149,0.958371,0.001075,-0.08454,0.123176,59,344.2,14,44,22.24
GOOGL,2026-08-18,2026-10-16,240.0,C,103.85,107.85,105.85,56.7143,0.957433,0.001155,-0.082858,0.125418,59,344.2,1,85,22.24
GOOGL,2026-08-18,2026-10-16,245.0,C,98.95,103.0,100.975,54.8955,0.95331,0.001285,-0.085785,0.135115,59,344.2,1,129,22.24
GOOGL,2026-08-18,2026-10-16,250.0,C,94.05,98.15,96.1,53.04,0.948891,0.00143,-0.08855,0.14524,59,344.2,1,125,22.24
GOOGL,2026-08-18,2026-10-16,255.0,C,89.15,93.2,91.175,50.8306,0.945118,0.001579,-0.089833,0.153681,59,344.2,100,161,22.24
GOOGL,2026-08-18,2026-10-16,260.0,C,85.05,88.3,86.675,50.9343,0.933399,0.001833,-0.100861,0.178806,59,344.2,1,245,22.24
GOOGL,2026-08-18,2026-10-16,265.0,C,79.4,83.35,81.375,55.6828,0.904348,0.002204,-0.133941,0.235077,59,344.2,1,51,22.24
GOOGL,2026-08-18,2026-10-16,270.0,C,74.6,78.35,76.475,52.7165,0.899693,0.002411,-0.132096,0.243408,59,344.2,5,172,22.24
GOOGL,2026-08-18,2026-10-16,275.0,C,70.5,73.35,71.925,49.7808,0.894615,0.002647,-0.13012,0.252302,59,344.2,15,379,22.24
GOOGL,2026-08-18,2026-10-16,280.0,C,65.05,68.4,66.725,47.0464,0.888314,0.00292,-0.128845,0.263065,59,344.2,34,258,22.24
GOOGL,2026-08-18,2026-10-16,285.0,C,61.15,63.45,62.3,44.3243,0.881355,0.003235,-0.127374,0.274617,59,344.2,1,373,22.24
GOOGL,2026-08-18,2026-10-16,290.0,C,56.55,58.8,57.675,42.5726,0.868987,0.00361,-0.130446,0.294323,59,344.2,2,352,22.24
GOOGL,2026-08-18,2026-10-16,295.0,C,51.95,54.45,53.2,41.6082,0.851179,0.004028,-0.137256,0.320963,59,344.2,5,136,22.24
GOOGL,2026-08-18,2026-10-16,300.0,C,47.5,50.0,48.75,40.1373,0.833852,0.004489,-0.1413,0.345063,59,344.2,855,971,22.24
GOOGL,2026-08-18,2026-10-16,305.0,C,43.2,45.75,44.475,39.0173,0.812566,0.004984,-0.146753,0.372396,59,344.2,2,221,22.24
GOOGL,2026-08-18,2026-10-16,310.0,C,39.35,41.55,40.45,37.7875,0.789364,0.005521,-0.151182,0.399538,59,344.2,23,438,22.24
GOOGL,2026-08-18,2026-10-16,315.0,C,35.25,36.85,36.05,35.1996,0.770196,0.006231,-0.148333,0.420004,59,344.2,42,488,22.24
GOOGL,2026-08-18,2026-10-16,320.0,C,32.3,33.0,32.65,34.339,0.739061,0.006839,-0.153222,0.449708,59,344.2,31,717,22.24
GOOGL,2026-08-18,2026-10-16,325.0,C,28.0,29.75,28.875,34.3879,0.701112,0.007294,-0.161348,0.480347,59,344.2,130,914,22.24
GOOGL,2026-08-18,2026-10-16,330.0,C,24.8,26.35,25.575,33.7409,0.663686,0.007814,-0.164787,0.504929,59,344.2,7,1075,22.24
GOOGL,2026-08-18,2026-10-16,335.0,C,21.85,23.05,22.45,32.9322,0.624019,0.008327,-0.165935,0.525182,59,344.2,7,1130,22.24
GOOGL,2026-08-18,2026-10-16,340.0,C,19.1,20.05,19.575,32.3157,0.58143,0.008734,-0.16622,0.540537,59,344.2,277,1580,22.24
GOOGL,2026-08-18,2026-10-16,345.0,C,16.75,17.3,17.025,31.7664,0.536879,0.009036,-0.164905,0.549718,59,344.2,87,3245,22.24
GOOGL,2026-08-18,2026-10-16,350.0,C,13.55,15.0,14.275,31.6322,0.491737,0.009112,-0.163545,0.55196,59,344.2,332,3384,22.24
GOOGL,2026-08-18,2026-10-16,355.0,C,12.15,12.9,12.525,31.4643,0.446847,0.009081,-0.160135,0.547171,59,344.2,124,1783,22.24
GOOGL,2026-08-18,2026-10-16,360.0,C,10.5,10.95,10.725,31.1744,0.402209,0.008968,-0.154329,0.535408,59,344.2,452,2868,22.24
GOOGL,2026-08-18,2026-10-16,365.0,C,8.9,10.0,9.45,32.4164,0.367274,0.008396,-0.154954,0.521235,59,344.2,162,3468,22.24
GOOGL,2026-08-18,2026-10-16,370.0,C,7.5,8.05,7.775,31.3667,0.321822,0.008258,-0.14224,0.496055,59,344.2,257,6659,22.24
GOOGL,2026-08-18,2026-10-16,375.0,C,6.05,6.55,6.3,30.7899,0.280267,0.007904,-0.130694,0.466053,59,344.2,150,12172,22.24
GOOGL,2026-08-18,2026-10-16,380.0,C,5.25,5.7,5.475,31.2751,0.249387,0.007333,-0.124502,0.439184,59,344.2,143,4192,22.24
GOOGL,2026-08-18,2026-10-16,385.0,C,4.2,4.85,4.525,31.4643,0.219191,0.006786,-0.116163,0.408884,59,344.2,109,1908,22.24
GOOGL,2026-08-18,2026-10-16,390.0,C,3.5,4.1,3.8,31.6108,0.191528,0.006234,-0.107345,0.377381,59,344.2,32,2443,22.24
GOOGL,2026-08-18,2026-10-16,395.0,C,2.85,3.45,3.15,31.7329,0.166451,0.005685,-0.098347,0.345469,59,344.2,23,1016,22.24
GOOGL,2026-08-18,2026-10-16,400.0,C,2.55,2.7,2.625,31.208,0.13853,0.005117,-0.085426,0.305809,59,344.2,812,17107,22.24
GOOGL,2026-08-18,2026-10-16,405.0,C,1.92,2.46,2.19,32.1174,0.125325,0.00464,-0.08179,0.285389,59,344.2,95,1094,22.24
GOOGL,2026-08-18,2026-10-16,410.0,C,1.79,2.08,1.935,32.331,0.108467,0.004161,-0.074146,0.257604,59,344.2,393,56161,22.24
GOOGL,2026-08-18,2026-10-16,415.0,C,1.51,1.77,1.64,32.6057,0.09414,0.003721,-0.067296,0.232334,59,344.2,106,1334,22.24
GOOGL,2026-08-18,2026-10-16,420.0,C,1.15,1.45,1.3,32.5934,0.079622,0.003284,-0.059248,0.204997,59,344.2,75,7728,22.24
GOOGL,2026-08-18,2026-10-16,425.0,C,0.95,1.22,1.085,32.7888,0.068346,0.002905,-0.052944,0.182415,59,344.2,68,1776,22.24
GOOGL,2026-08-18,2026-10-16,430.0,C,0.83,1.08,0.955,33.3381,0.060718,0.002606,-0.049015,0.166391,59,344.2,32,3546,22.24
GOOGL,2026-08-18,2026-10-16,435.0,C,0.73,1.03,0.88,34.3512,0.056735,0.002398,-0.047798,0.157761,59,344.2,11,801,22.24
GOOGL,2026-08-18,2026-10-16,440.0,C,0.47,0.91,0.69,34.8151,0.050347,0.002153,-0.044004,0.143515,59,344.2,24,2106,22.24
GOOGL,2026-08-18,2026-10-16,445.0,C,0.54,0.82,0.68,35.3888,0.045322,0.001947,-0.041061,0.131925,59,344.2,2,1131,22.24
GOOGL,2026-08-18,2026-10-16,450.0,C,0.38,0.56,0.47,34.278,0.033442,0.001569,-0.031029,0.103001,59,344.2,28,3727,22.24
GOOGL,2026-08-18,2026-10-16,460.0,C,0.38,0.63,0.505,37.2565,0.034288,0.001474,-0.034328,0.105142,59,344.2,1,6910,22.24
GOOGL,2026-08-18,2026-10-16,470.0,C,0.29,0.36,0.325,36.2311,0.021456,0.001025,-0.022546,0.071113,59,344.2,7,3784,22.24
GOOGL,2026-08-18,2026-10-16,480.0,C,0.09,0.47,0.28,39.7955,0.024933,0.001059,-0.028036,0.080696,59,344.2,27,6414,22.24
GOOGL,2026-08-18,2026-10-16,490.0,C,0.17,0.27,0.22,38.6725,0.015571,0.000731,-0.018251,0.054115,59,344.2,5,6419,22.24
GOOGL,2026-08-18,2026-10-16,500.0,C,0.18,0.28,0.23,40.7232,0.015306,0.000684,-0.018908,0.053324,59,344.2,29,3948,22.24
GOOGL,2026-08-18,2026-10-16,510.0,C,0.01,0.35,0.18,43.8238,0.017451,0.000711,-0.022732,0.059664,59,344.2,1,3148,22.24
GOOGL,2026-08-18,2026-10-16,520.0,C,0.05,0.32,0.185,45.0933,0.015692,0.000631,-0.021333,0.054477,59,344.2,4,3595,22.24
GOOGL,2026-08-18,2026-10-16,530.0,C,0.01,0.32,0.165,46.8267,0.015124,0.000589,-0.021439,0.052778,59,344.2,5,5833,22.24
GOOGL,2026-08-18,2026-10-16,540.0,C,0.0,0.33,0.165,48.731,0.015001,0.000562,-0.022134,0.05241,59,344.2,1,6383,22.24
GOOGL,2026-08-18,2026-10-16,550.0,C,0.05,0.15,0.1,45.8013,0.007746,0.000336,-0.011699,0.029485,59,344.2,435,1961,22.24
GOOGL,2026-08-18,2026-10-16,560.0,C,0.0,0.49,0.245,50.0982,0.011128,0.000422,-0.01755,0.040481,59,344.2,43,352,22.24
GOOGL,2026-08-18,2026-10-16,570.0,C,0.0,0.28,0.14,52.4907,0.012028,0.000431,-0.019657,0.043309,59,344.2,1,45,22.24
GOOGL,2026-08-18,2026-10-16,580.0,C,0.0,0.47,0.235,52.8813,0.010175,0.00037,-0.017113,0.037446,59,344.2,4,182,22.24
GOOGL,2026-08-18,2026-10-16,590.0,C,0.01,0.17,0.09,52.3931,0.007663,0.000291,-0.013219,0.029208,59,344.2,2,53,22.24
GOOGL,2026-08-18,2026-10-16,600.0,C,0.01,0.15,0.08,53.0278,0.006721,0.000256,-0.011911,0.026016,59,344.2,17,1252,22.24
GOOGL,2026-08-18,2026-10-16,610.0,C,0.0,0.17,0.085,51.27,0.004097,0.000171,-0.007412,0.01675,59,344.2,1,62,22.24
GOOGL,2026-08-18,2026-10-16,620.0,C,0.0,0.26,0.13,54.8833,0.005711,0.000214,-0.010661,0.02252,59,344.2,4,46,22.24
GOOGL,2026-08-18,2026-10-16,630.0,C,0.0,0.25,0.125,55.9575,0.00542,0.000201,-0.010372,0.021499,59,344.2,5,132,22.24
GOOGL,2026-08-18,2026-10-16,640.0,C,0.0,0.25,0.125,57.227,0.005314,0.000193,-0.010418,0.021125,59,344.2,2,190,22.24
GOOGL,2026-08-18,2026-10-16,650.0,C,0.0,0.25,0.125,58.4965,0.005232,0.000186,-0.010498,0.020833,59,344.2,1,34,22.24
GOOGL,2026-08-18,2026-10-16,660.0,C,0.0,0.48,0.24,64.014,0.008714,0.000267,-0.018018,0.032697,59,344.2,2,25,22.24
GOOGL,2026-08-18,2026-10-16,670.0,C,0.0,0.25,0.125,60.8402,0.004995,0.000172,-0.01047,0.019993,59,344.2,2,200,22.24
GOOGL,2026-08-18,2026-10-16,680.0,C,0.0,0.66,0.33,68.9945,0.010888,0.000301,-0.023572,0.039721,59,344.2,1,14,22.24
GOOGL,2026-08-18,2026-10-16,690.0,C,0.0,0.66,0.33,70.264,0.01074,0.000292,-0.023715,0.039253,59,344.2,1,16,22.24
GOOGL,2026-08-18,2026-10-16,700.0,C,0.0,2.18,1.09,83.6916,0.027202,0.000542,-0.062401,0.086796,59,344.2,1,17,22.24
GOOGL,2026-08-18,2026-10-16,710.0,C,0.0,2.17,1.085,84.9855,0.026762,0.000526,-0.062493,0.085622,59,344.2,1,11,22.24
GOOGL,2026-08-18,2026-10-16,720.0,C,0.0,2.17,1.085,86.3038,0.02642,0.000513,-0.062768,0.084707,59,344.2,10,26,22.24
GOOGL,2026-08-18,2026-10-16,730.0,C,0.0,0.66,0.33,75.0003,0.010099,0.000259,-0.023964,0.0372,59,344.2,1,12,22.24
GOOGL,2026-08-18,2026-10-16,740.0,C,0.0,2.17,1.085,88.8673,0.025773,0.000488,-0.063277,0.08297,59,344.2,3,9,22.24
GOOGL,2026-08-18,2026-10-16,750.0,C,0.0,2.17,1.085,90.1124,0.025464,0.000476,-0.063506,0.082136,59,344.2,1,9,22.24
GOOGL,2026-08-18,2026-10-16,760.0,C,0.0,2.17,1.085,91.3331,0.025163,0.000465,-0.063714,0.081321,59,344.2,193,59,22.24
GOOGL,2026-08-18,2026-10-16,770.0,C,0.0,2.17,1.085,92.5538,0.024903,0.000455,-0.063993,0.080616,59,344.2,8,10,22.24
GOOGL,2026-08-18,2026-10-16,780.0,C,0.0,2.17,1.085,93.7501,0.024646,0.000445,-0.064248,0.079919,59,344.2,1,5,22.24
GOOGL,2026-08-18,2026-10-16,790.0,C,0.0,2.17,1.085,94.9219,0.024392,0.000436,-0.064475,0.079226,59,344.2,2,4,22.24
GOOGL,2026-08-18,2026-10-16,800.0,C,0.01,0.05,0.03,66.016,0.001254,4.5e-05,-0.003249,0.005734,59,344.2,1509,4948,22.24
GOOGL,2026-08-18,2026-10-16,150.0,P,0.01,0.1,0.055,73.8284,-0.001505,4.8e-05,-0.004179,0.006771,59,344.2,1,551,22.24
GOOGL,2026-08-18,2026-10-16,155.0,P,0.0,2.16,1.08,104.0044,-0.016531,0.000286,-0.04953,0.056964,59,344.2,13,98,22.24
GOOGL,2026-08-18,2026-10-16,160.0,P,0.0,2.16,1.08,100.2446,-0.017126,0.000306,-0.04918,0.058713,59,344.2,10,123,22.24
GOOGL,2026-08-18,2026-10-16,165.0,P,0.0,2.15,1.075,96.5577,-0.017709,0.000327,-0.048718,0.060414,59,344.2,12,64,22.24
GOOGL,2026-08-18,2026-10-16,170.0,P,0.01,0.49,0.25,74.9026,-0.005987,0.000164,-0.014675,0.023483,59,344.2,91,171,22.24
GOOGL,2026-08-18,2026-10-16,175.0,P,0.01,0.36,0.185,69.4339,-0.004881,0.000147,-0.011337,0.019585,59,344.2,175,127,22.24
GOOGL,2026-08-18,2026-10-16,180.0,P,0.01,0.09,0.05,57.8129,-0.001689,6.8e-05,-0.003624,0.007526,59,344.2,105,2683,22.24
GOOGL,2026-08-18,2026-10-16,185.0,P,0.01,0.26,0.135,61.8168,-0.004067,0.000141,-0.008563,0.016639,59,344.2,211,115,22.24
GOOGL,2026-08-18,2026-10-16,190.0,P,0.0,0.26,0.13,59.0824,-0.004079,0.000147,-0.0082,0.016685,59,344.2,9,228,22.24
GOOGL,2026-08-18,2026-10-16,195.0,P,0.01,0.27,0.14,57.227,-0.004517,0.000167,-0.008694,0.018278,59,344.2,22,37,22.24
GOOGL,2026-08-18,2026-10-16,200.0,P,0.03,0.15,0.09,52.1489,-0.003237,0.000136,-0.00587,0.013557,59,344.2,2,262,22.24
GOOGL,2026-08-18,2026-10-16,205.0,P,0.01,0.23,0.12,51.6606,-0.004299,0.000177,-0.007494,0.017485,59,344.2,2,148,22.24
GOOGL,2026-08-18,2026-10-16,210.0,P,0.02,0.31,0.165,51.3677,-0.005788,0.000232,-0.009705,0.022791,59,344.2,2,544,22.24
GOOGL,2026-08-18,2026-10-16,215.0,P,0.08,0.28,0.18,52.686,-0.009242,0.000341,-0.015024,0.034428,59,344.2,2,987,22.24
GOOGL,2026-08-18,2026-10-16,220.0,P,0.06,0.31,0.185,51.0747,-0.010401,0.00039,-0.016131,0.03817,59,344.2,2,3825,22.24
GOOGL,2026-08-18,2026-10-16,225.0,P,0.05,0.36,0.205,49.854,-0.012191,0.000459,-0.018055,0.043818,59,344.2,4,509,22.24
GOOGL,2026-08-18,2026-10-16,230.0,P,0.07,0.35,0.21,47.3882,-0.012459,0.000492,-0.017466,0.044653,59,344.2,2,437,22.24
GOOGL,2026-08-18,2026-10-16,235.0,P,0.15,0.33,0.24,44.7759,-0.012441,0.00052,-0.016459,0.044596,59,344.2,10,634,22.24
GOOGL,2026-08-18,2026-10-16,240.0,P,0.18,0.42,0.3,44.1656,-0.015652,0.000643,-0.019761,0.054356,59,344.2,1,1803,22.24
GOOGL,2026-08-18,2026-10-16,245.0,P,0.2,0.47,0.335,42.7252,-0.01787,0.000744,-0.021379,0.060884,59,344.2,6,787,22.24
GOOGL,2026-08-18,2026-10-16,250.0,P,0.29,0.38,0.335,39.1608,-0.015869,0.000733,-0.017667,0.055003,59,344.2,29,3429,22.24
GOOGL,2026-08-18,2026-10-16,255.0,P,0.32,0.6,0.46,39.9664,-0.023607,0.001007,-0.025229,0.077079,59,344.2,64,766,22.24
GOOGL,2026-08-18,2026-10-16,260.0,P,0.43,0.69,0.56,38.7213,-0.027533,0.001182,-0.027748,0.087675,59,344.2,1,871,22.24
GOOGL,2026-08-18,2026-10-16,265.0,P,0.54,0.62,0.58,35.7795,-0.026719,0.001248,-0.02494,0.085508,59,344.2,7,2129,22.24
GOOGL,2026-08-18,2026-10-16,270.0,P,0.59,0.77,0.68,35.0104,-0.033041,0.001521,-0.029037,0.101984,59,344.2,2,3567,22.24
GOOGL,2026-08-18,2026-10-16,275.0,P,0.64,1.08,0.86,35.1569,-0.044473,0.00193,-0.037064,0.129934,59,344.2,11,3631,22.24
GOOGL,2026-08-18,2026-10-16,280.0,P,0.98,1.15,1.065,33.3137,-0.049171,0.002207,-0.037941,0.140832,59,344.2,44,2563,22.24
GOOGL,2026-08-18,2026-10-16,285.0,P,1.24,1.39,1.315,32.4103,-0.059438,0.002636,-0.042746,0.163639,59,344.2,18,3117,22.24
GOOGL,2026-08-18,2026-10-16,290.0,P,1.61,1.85,1.73,32.3127,-0.076365,0.003209,-0.051552,0.198603,59,344.2,50,3332,22.24
GOOGL,2026-08-18,2026-10-16,295.0,P,1.99,2.37,2.18,32.0075,-0.09518,0.003821,-0.059996,0.234223,59,344.2,51,2383,22.24
GOOGL,2026-08-18,2026-10-16,300.0,P,2.36,2.91,2.635,31.3728,-0.115034,0.004472,-0.06715,0.268665,59,344.2,106,3948,22.24
GOOGL,2026-08-18,2026-10-16,305.0,P,3.0,3.5,3.25,30.5732,-0.137012,0.005184,-0.073538,0.303518,59,344.2,31,1389,22.24
GOOGL,2026-08-18,2026-10-16,310.0,P,3.95,4.3,4.125,30.0483,-0.164476,0.005957,-0.08116,0.342812,59,344.2,58,4049,22.24
GOOGL,2026-08-18,2026-10-16,315.0,P,4.95,5.25,5.1,29.5295,-0.19586,0.006765,-0.088416,0.382562,59,344.2,77,2755,22.24
GOOGL,2026-08-18,2026-10-16,320.0,P,6.1,6.7,6.4,29.7614,-0.236026,0.007479,-0.098655,0.426284,59,344.2,1228,5633,22.24
GOOGL,2026-08-18,2026-10-16,325.0,P,7.35,8.2,7.775,29.5967,-0.276862,0.008174,-0.105772,0.463287,59,344.2,520,2391,22.24
GOOGL,2026-08-18,2026-10-16,330.0,P,9.15,9.75,9.45,29.0901,-0.319211,0.008874,-0.109819,0.49437,59,344.2,69,5118,22.24
GOOGL,2026-08-18,2026-10-16,335.0,P,11.0,11.75,11.375,29.0229,-0.366232,0.009369,-0.114191,0.520744,59,344.2,14,1331,22.24
GOOGL,2026-08-18,2026-10-16,340.0,P,12.8,13.85,13.325,28.6872,-0.414478,0.009817,-0.115344,0.539343,59,344.2,172,2868,22.24
GOOGL,2026-08-18,2026-10-16,345.0,P,14.8,16.3,15.55,28.5408,-0.464408,0.010061,-0.115242,0.54988,59,344.2,387,3891,22.24
GOOGL,2026-08-18,2026-10-16,350.0,P,17.4,18.65,18.025,27.7687,-0.516037,0.010373,-0.110025,0.551632,59,344.2,62,3439,22.24
GOOGL,2026-08-18,2026-10-16,355.0,P,20.55,22.0,21.275,28.3638,-0.564105,0.010032,-0.10919,0.544935,59,344.2,21,2342,22.24
GOOGL,2026-08-18,2026-10-16,360.0,P,23.6,25.3,24.45,28.4523,-0.611333,0.009735,-0.10413,0.530438,59,344.2,63,926,22.24
GOOGL,2026-08-18,2026-10-16,365.0,P,26.75,28.95,27.85,28.8124,-0.654277,0.009248,-0.098962,0.510264,59,344.2,2,1013,22.24
GOOGL,2026-08-18,2026-10-16,370.0,P,31.0,32.75,31.875,29.1084,-0.694249,0.008705,-0.092303,0.485264,59,344.2,1,618,22.24
GOOGL,2026-08-18,2026-10-16,375.0,P,34.7,36.45,35.575,28.8093,-0.735751,0.008204,-0.081287,0.452619,59,344.2,1,399,22.24
GOOGL,2026-08-18,2026-10-16,380.0,P,38.5,40.45,39.475,28.7849,-0.77198,0.007586,-0.071127,0.418172,59,344.2,2,1503,22.24
GOOGL,2026-08-18,2026-10-16,385.0,P,42.9,44.15,43.525,27.5215,-0.81672,0.006968,-0.052844,0.36725,59,344.2,2,297,22.24
GOOGL,2026-08-18,2026-10-16,390.0,P,47.25,48.75,48.0,28.3271,-0.838267,0.006251,-0.047377,0.339085,59,344.2,10,297,22.24
GOOGL,2026-08-18,2026-10-16,395.0,P,50.8,53.45,52.125,29.2549,-0.855584,0.005615,-0.042886,0.314556,59,344.2,2,287,22.24
GOOGL,2026-08-18,2026-10-16,400.0,P,55.9,57.55,56.725,27.7351,-0.892121,0.004831,-0.023527,0.256596,59,344.2,23,1783,22.24
GOOGL,2026-08-18,2026-10-16,405.0,P,60.9,62.2,61.55,27.8266,-0.910604,0.004196,-0.014833,0.223602,59,344.2,19,387,22.24
GOOGL,2026-08-18,2026-10-16,410.0,P,65.7,67.75,66.725,31.8305,-0.895471,0.004115,-0.029728,0.250816,59,344.2,18,69,22.24
GOOGL,2026-08-18,2026-10-16,415.0,P,69.85,72.4,71.125,31.861,-0.911406,0.00364,-0.021019,0.222108,59,344.2,1,140,22.24
GOOGL,2026-08-18,2026-10-16,420.0,P,74.75,77.25,76.0,32.6301,-0.920122,0.003289,-0.01708,0.205495,59,344.2,29,85,22.24
GOOGL,2026-08-18,2026-10-16,425.0,P,78.75,82.95,80.85,37.3541,-0.901319,0.003362,-0.036474,0.240519,59,344.2,29,29,22.24
GOOGL,2026-08-18,2026-10-16,430.0,P,84.05,87.9,85.975,38.6359,-0.906008,0.003136,-0.035656,0.232065,59,344.2,25,48,22.24
GOOGL,2026-08-18,2026-10-16,435.0,P,90.3,92.9,91.6,40.1007,-0.908963,0.002951,-0.036088,0.226645,59,344.2,63,0,22.24
GOOGL,2026-08-18,2026-10-16,440.0,P,94.0,97.9,95.95,41.5411,-0.911631,0.002787,-0.036512,0.221688,59,344.2,18,0,22.24
GOOGL,2026-08-18,2026-10-16,445.0,P,98.8,102.9,100.85,42.9449,-0.914125,0.002639,-0.036852,0.216999,59,344.2,19,0,22.24
GOOGL,2026-08-18,2026-10-16,450.0,P,105.3,107.9,106.6,44.3243,-0.916408,0.002505,-0.037174,0.212657,59,344.2,18,0,22.24
GOOGL,2026-08-18,2026-10-16,460.0,P,114.05,117.9,115.975,46.9976,-0.920525,0.002274,-0.037674,0.204709,59,344.2,20,0,22.24
GOOGL,2026-08-18,2026-10-16,470.0,P,124.05,127.9,125.975,49.5855,-0.924049,0.002083,-0.038122,0.197783,59,344.2,25,0,22.24
