symbol,quote_date,expiration,strike,option_type,bid,ask,mid,implied_volatility,delta,gamma,theta,vega,dte,underlying_price,volume,open_interest,iv_rank
MSFT,2026-08-14,2026-08-21,215.0,C,278.6,281.8,280.2,291.553,0.988428,0.000151,-0.453502,0.020764,7,495.4,16,155,99.61
MSFT,2026-08-14,2026-08-21,220.0,C,273.75,276.55,275.15,275.2933,0.989875,0.000143,-0.385151,0.018484,7,495.4,2,68,99.61
MSFT,2026-08-14,2026-08-21,225.0,C,268.25,272.25,270.25,290.7229,0.984747,0.000193,-0.569226,0.026358,7,495.4,1,38,99.61
MSFT,2026-08-14,2026-08-21,230.0,C,263.15,267.25,265.2,283.4476,0.984332,0.000202,-0.568442,0.026972,7,495.4,20,34,99.61
MSFT,2026-08-14,2026-08-21,235.0,C,258.2,262.25,260.225,276.3187,0.983908,0.000212,-0.56752,0.027596,7,495.4,2,31,99.61
MSFT,2026-08-14,2026-08-21,240.0,C,140.65,144.45,142.55,0.001,1.0,0.0,-0.024292,0.0,7,495.4,2,32,99.61
MSFT,2026-08-14,2026-08-21,245.0,C,248.5,252.25,250.375,262.5003,0.983023,0.000234,-0.565526,0.028891,7,495.4,2,33,99.61
MSFT,2026-08-14,2026-08-21,250.0,C,243.65,247.3,245.475,167.1877,0.998939,3.1e-05,-0.054366,0.002438,7,495.4,1,29,99.61
MSFT,2026-08-14,2026-08-21,255.0,C,238.5,242.25,240.375,249.268,0.982069,0.000258,-0.563766,0.030272,7,495.4,4,18,99.61
MSFT,2026-08-14,2026-08-21,260.0,C,233.65,237.1,235.375,239.1117,0.982768,0.00026,-0.525087,0.02926,7,495.4,4,27,99.61
MSFT,2026-08-14,2026-08-21,265.0,C,228.7,232.25,230.475,153.9065,0.998838,3.7e-05,-0.055912,0.002652,7,495.4,2,20,99.61
MSFT,2026-08-14,2026-08-21,270.0,C,223.7,227.05,225.375,225.5375,0.982209,0.000283,-0.510727,0.030069,7,495.4,2,118,99.61
MSFT,2026-08-14,2026-08-21,275.0,C,218.6,221.85,220.225,214.5512,0.983494,0.000279,-0.459126,0.028203,7,495.4,10,171,99.61
MSFT,2026-08-14,2026-08-21,280.0,C,213.8,216.5,215.15,199.2188,0.986401,0.000255,-0.36736,0.023877,7,495.4,1,237,99.61
MSFT,2026-08-14,2026-08-21,285.0,C,208.3,212.05,210.175,207.8618,0.980635,0.00033,-0.507615,0.032319,7,495.4,4,133,99.61
MSFT,2026-08-14,2026-08-21,290.0,C,203.4,207.25,205.325,206.4946,0.978205,0.000368,-0.555041,0.035724,7,495.4,12,22,99.61
MSFT,2026-08-14,2026-08-21,295.0,C,198.2,202.1,200.15,197.6074,0.979011,0.000372,-0.517129,0.034605,7,495.4,2,34,99.61
MSFT,2026-08-14,2026-08-21,300.0,C,193.3,197.05,195.175,191.0157,0.978877,0.000387,-0.503879,0.034791,7,495.4,1,274,99.61
MSFT,2026-08-14,2026-08-21,305.0,C,188.8,191.7,190.25,177.7345,0.981987,0.000363,-0.415684,0.03039,7,495.4,1,23,99.61
MSFT,2026-08-14,2026-08-21,310.0,C,183.3,187.05,185.175,180.1759,0.977594,0.000431,-0.500763,0.036568,7,495.4,1,299,99.61
MSFT,2026-08-14,2026-08-21,315.0,C,178.8,181.5,180.15,162.6467,0.983249,0.000373,-0.362774,0.02856,7,495.4,2,128,99.61
MSFT,2026-08-14,2026-08-21,320.0,C,173.5,177.05,175.275,169.6779,0.976173,0.000482,-0.497826,0.038511,7,495.4,2,146,99.61
MSFT,2026-08-14,2026-08-21,325.0,C,168.5,172.05,170.275,164.551,0.975403,0.000511,-0.496452,0.039554,7,495.4,2,167,99.61
MSFT,2026-08-14,2026-08-21,330.0,C,163.3,166.0,164.65,134.0824,0.988833,0.000319,-0.225597,0.02013,7,495.4,1,203,99.61
MSFT,2026-08-14,2026-08-21,335.0,C,158.65,161.9,160.275,151.6604,0.975648,0.000549,-0.457475,0.039223,7,495.4,2,189,99.61
MSFT,2026-08-14,2026-08-21,340.0,C,153.8,156.55,155.175,139.7464,0.979596,0.000514,-0.370558,0.033786,7,495.4,2,213,99.61
MSFT,2026-08-14,2026-08-21,345.0,C,148.75,152.05,150.4,50.0005,1.0,0.0,-0.03492,0.0,7,495.4,3,161,99.61
MSFT,2026-08-14,2026-08-21,350.0,C,143.85,146.5,145.175,129.4437,0.97891,0.00057,-0.355549,0.034746,7,495.4,19,839,99.61
MSFT,2026-08-14,2026-08-21,355.0,C,138.7,142.1,140.4,50.0005,0.999999,0.0,-0.035939,2e-06,7,495.4,1,462,99.61
MSFT,2026-08-14,2026-08-21,360.0,C,133.4,137.1,135.25,131.0062,0.968157,0.000795,-0.493629,0.049041,7,495.4,4,1931,99.61
MSFT,2026-08-14,2026-08-21,362.5,C,131.1,134.05,132.575,119.2387,0.976057,0.000689,-0.364758,0.038669,7,495.4,0,1,99.61
MSFT,2026-08-14,2026-08-21,365.0,C,129.05,131.9,130.475,79.4924,0.997718,0.000131,-0.06466,0.004902,7,495.4,3,795,99.61
MSFT,2026-08-14,2026-08-21,367.5,C,125.75,129.65,127.7,124.683,0.965622,0.00089,-0.500559,0.052236,7,495.4,2,42,99.61
MSFT,2026-08-14,2026-08-21,370.0,C,123.85,126.25,125.05,106.5923,0.980099,0.000659,-0.288236,0.033077,7,495.4,4,3817,99.61
MSFT,2026-08-14,2026-08-21,372.5,C,120.8,124.8,122.8,122.1195,0.962029,0.000986,-0.529951,0.056666,7,495.4,1,46,99.61
MSFT,2026-08-14,2026-08-21,375.0,C,118.75,122.1,120.425,65.2347,0.999141,6.5e-05,-0.047271,0.002009,7,495.4,3,1996,99.61
MSFT,2026-08-14,2026-08-21,377.5,C,116.4,119.45,117.925,64.0629,0.999083,7.1e-05,-0.047921,0.002133,7,495.4,7,278,99.61
MSFT,2026-08-14,2026-08-21,380.0,C,113.85,116.75,115.3,107.227,0.968904,0.000953,-0.405123,0.048089,7,495.4,10,5029,99.61
MSFT,2026-08-14,2026-08-21,382.5,C,110.8,114.6,112.7,110.1323,0.962191,0.001089,-0.480911,0.056469,7,495.4,2,108,99.61
MSFT,2026-08-14,2026-08-21,385.0,C,108.9,112.35,110.625,76.4651,0.992668,0.000387,-0.114654,0.013927,7,495.4,9,5474,99.61
MSFT,2026-08-14,2026-08-21,387.5,C,105.8,109.6,107.7,105.5913,0.960615,0.001175,-0.477434,0.058379,7,495.4,5,358,99.61
MSFT,2026-08-14,2026-08-21,390.0,C,103.4,106.8,105.1,99.2188,0.965227,0.001129,-0.41132,0.052729,7,495.4,38,6911,99.61
MSFT,2026-08-14,2026-08-21,392.5,C,100.85,104.05,102.45,93.2618,0.969452,0.00108,-0.353781,0.047386,7,495.4,6,358,99.61
MSFT,2026-08-14,2026-08-21,395.0,C,98.75,102.1,100.425,53.9067,0.998967,9.4e-05,-0.04909,0.00238,7,495.4,4,6028,99.61
MSFT,2026-08-14,2026-08-21,397.5,C,96.35,99.05,97.7,89.0626,0.968024,0.001174,-0.351609,0.049211,7,495.4,2,265,99.61
MSFT,2026-08-14,2026-08-21,400.0,C,94.2,96.7,95.45,55.0786,0.997826,0.000181,-0.058832,0.004692,7,495.4,58,17031,99.61
MSFT,2026-08-14,2026-08-21,402.5,C,90.85,94.6,92.725,92.212,0.955023,0.001498,-0.466498,0.065002,7,495.4,25,350,99.61
MSFT,2026-08-14,2026-08-21,405.0,C,88.9,91.7,90.3,84.9123,0.962316,0.001409,-0.380581,0.056317,7,495.4,36,4587,99.61
MSFT,2026-08-14,2026-08-21,407.5,C,85.85,89.5,87.675,86.6212,0.954884,0.001598,-0.44205,0.065164,7,495.4,4,140,99.61
MSFT,2026-08-14,2026-08-21,410.0,C,84.25,86.0,85.125,69.4827,0.978403,0.001084,-0.216314,0.03545,7,495.4,97,11507,99.61
MSFT,2026-08-14,2026-08-21,412.5,C,81.05,84.6,82.825,83.423,0.950431,0.00179,-0.457861,0.07027,7,495.4,1,262,99.61
MSFT,2026-08-14,2026-08-21,415.0,C,79.0,81.6,80.3,75.22,0.960703,0.001646,-0.353045,0.058274,7,495.4,36,3160,99.61
MSFT,2026-08-14,2026-08-21,420.0,C,74.5,76.15,75.325,64.6244,0.971125,0.001487,-0.24976,0.045223,7,495.4,62,11599,99.61
MSFT,2026-08-14,2026-08-21,425.0,C,69.4,71.5,70.45,65.723,0.958837,0.001956,-0.324942,0.060511,7,495.4,38,2958,99.61
MSFT,2026-08-14,2026-08-21,430.0,C,64.9,66.0,65.45,54.5659,0.97262,0.001685,-0.210734,0.043264,7,495.4,369,12134,99.61
MSFT,2026-08-14,2026-08-21,435.0,C,59.1,61.0,60.05,50.8794,0.97066,0.001914,-0.209062,0.045827,7,495.4,150,3013,99.61
MSFT,2026-08-14,2026-08-21,440.0,C,53.95,56.15,55.05,49.3413,0.96247,0.002417,-0.240419,0.056129,7,495.4,277,11837,99.61
MSFT,2026-08-14,2026-08-21,445.0,C,49.7,51.5,50.6,49.5611,0.946068,0.003221,-0.308266,0.075143,7,495.4,328,2947,99.61
MSFT,2026-08-14,2026-08-21,450.0,C,44.95,46.7,45.825,47.4126,0.934161,0.003937,-0.339686,0.087858,7,495.4,216,31467,99.61
MSFT,2026-08-14,2026-08-21,455.0,C,39.6,41.05,40.325,36.695,0.956678,0.003652,-0.209137,0.063067,7,495.4,101,4977,99.61
MSFT,2026-08-14,2026-08-21,460.0,C,34.9,36.15,35.525,34.0094,0.9466,0.004658,-0.224939,0.074555,7,495.4,753,28111,99.61
MSFT,2026-08-14,2026-08-21,465.0,C,29.2,31.35,30.275,31.9343,0.929236,0.00618,-0.255321,0.092887,7,495.4,63,4397,99.61
MSFT,2026-08-14,2026-08-21,470.0,C,25.1,26.2,25.65,26.5876,0.92883,0.007455,-0.221122,0.093296,7,495.4,321,12015,99.61
MSFT,2026-08-14,2026-08-21,475.0,C,20.45,21.5,20.975,24.6834,0.897602,0.010544,-0.258831,0.122498,7,495.4,85,3309,99.61
MSFT,2026-08-14,2026-08-21,480.0,C,16.1,17.7,16.9,26.5938,0.814644,0.014648,-0.387369,0.183347,7,495.4,376,25001,99.61
MSFT,2026-08-14,2026-08-21,485.0,C,11.85,12.95,12.4,22.3152,0.765757,0.020037,-0.372565,0.21045,7,495.4,287,1933,99.61
MSFT,2026-08-14,2026-08-21,490.0,C,8.75,9.35,9.05,21.595,0.657316,0.024806,-0.420963,0.25213,7,495.4,1004,8561,99.61
MSFT,2026-08-14,2026-08-21,495.0,C,5.9,6.2,6.05,20.5086,0.52695,0.028289,-0.425857,0.273071,7,495.4,1657,4057,99.61
MSFT,2026-08-14,2026-08-21,500.0,C,3.75,4.0,3.875,20.4842,0.387195,0.027245,-0.40339,0.26268,7,495.4,9123,47634,99.61
MSFT,2026-08-14,2026-08-21,505.0,C,2.05,2.35,2.2,20.179,0.258664,0.023368,-0.33266,0.221941,7,495.4,2183,4406,99.61
MSFT,2026-08-14,2026-08-21,510.0,C,1.26,1.38,1.32,20.5086,0.162679,0.017481,-0.255234,0.168743,7,495.4,2931,11734,99.61
MSFT,2026-08-14,2026-08-21,515.0,C,0.68,0.75,0.715,20.6429,0.093718,0.011816,-0.173912,0.1148,7,495.4,1322,4625,99.61
MSFT,2026-08-14,2026-08-21,520.0,C,0.41,0.44,0.425,21.3875,0.055077,0.00759,-0.119447,0.076402,7,495.4,2937,11665,99.61
MSFT,2026-08-14,2026-08-21,525.0,C,0.23,0.26,0.245,22.1932,0.032173,0.004735,-0.080001,0.049461,7,495.4,993,4222,99.61
MSFT,2026-08-14,2026-08-21,530.0,C,0.16,0.17,0.165,23.3406,0.020156,0.003044,-0.056745,0.033437,7,495.4,1078,16645,99.61
MSFT,2026-08-14,2026-08-21,535.0,C,0.1,0.12,0.11,24.659,0.013411,0.002033,-0.042219,0.023592,7,495.4,260,1805,99.61
MSFT,2026-08-14,2026-08-21,540.0,C,0.06,0.11,0.085,26.8562,0.011299,0.001609,-0.039573,0.020338,7,495.4,358,3346,99.61
MSFT,2026-08-14,2026-08-21,545.0,C,0.05,0.18,0.115,31.446,0.015655,0.001821,-0.061314,0.026953,7,495.4,247,1687,99.61
MSFT,2026-08-14,2026-08-21,550.0,C,0.04,0.06,0.05,29.2976,0.005556,0.00079,-0.023076,0.010896,7,495.4,2607,14934,99.61
MSFT,2026-08-14,2026-08-21,555.0,C,0.01,0.05,0.03,30.8601,0.004393,0.000609,-0.019701,0.008839,7,495.4,27,802,99.61
MSFT,2026-08-14,2026-08-21,560.0,C,0.01,0.04,0.025,32.2272,0.003383,0.000461,-0.016264,0.006993,7,495.4,20,2221,99.61
MSFT,2026-08-14,2026-08-21,565.0,C,0.02,0.05,0.035,35.1569,0.003893,0.000479,-0.020114,0.007933,7,495.4,8,774,99.61
MSFT,2026-08-14,2026-08-21,570.0,C,0.01,0.03,0.02,35.1569,0.00224,0.000291,-0.012218,0.004821,7,495.4,48,4256,99.61
MSFT,2026-08-14,2026-08-21,575.0,C,0.01,0.05,0.03,39.2584,0.003462,0.000386,-0.020192,0.00714,7,495.4,28,183,99.61
MSFT,2026-08-14,2026-08-21,580.0,C,0.01,0.05,0.03,41.2115,0.003249,0.000348,-0.02001,0.006743,7,495.4,113,1889,99.61
MSFT,2026-08-14,2026-08-21,585.0,C,0.0,0.09,0.045,46.0943,0.005213,0.000475,-0.034156,0.010296,7,495.4,8,128,99.61
MSFT,2026-08-14,2026-08-21,590.0,C,0.01,0.02,0.015,41.0162,0.0012,0.000141,-0.008056,0.002729,7,495.4,564,2391,99.61
MSFT,2026-08-14,2026-08-21,595.0,C,0.01,0.25,0.13,52.4419,0.006635,0.000517,-0.048089,0.012751,7,495.4,161,312,99.61
MSFT,2026-08-14,2026-08-21,600.0,C,0.0,0.05,0.025,48.8286,0.002646,0.000244,-0.019681,0.005606,7,495.4,247,7004,99.61
MSFT,2026-08-14,2026-08-21,605.0,C,0.0,0.65,0.325,63.9652,0.013764,0.000801,-0.110904,0.024127,7,495.4,51,310,99.61
MSFT,2026-08-14,2026-08-21,610.0,C,0.0,0.01,0.005,45.313,0.000531,6e-05,-0.0042,0.001289,7,495.4,50,883,99.61
MSFT,2026-08-14,2026-08-21,615.0,C,0.0,1.24,0.62,75.4397,0.022165,0.001021,-0.196326,0.036235,7,495.4,56,363,99.61
MSFT,2026-08-14,2026-08-21,620.0,C,0.0,0.02,0.01,51.563,0.00098,9.3e-05,-0.008399,0.002267,7,495.4,8,1215,99.61
MSFT,2026-08-14,2026-08-21,625.0,C,0.0,1.76,0.88,84.8878,0.027939,0.001101,-0.268126,0.043999,7,495.4,38,238,99.61
MSFT,2026-08-14,2026-08-21,630.0,C,0.0,0.03,0.015,53.5161,0.000696,6.6e-05,-0.006357,0.001654,7,495.4,20,335,99.61
MSFT,2026-08-14,2026-08-21,635.0,C,0.0,0.11,0.055,62.1098,0.002291,0.000168,-0.021937,0.00492,7,495.4,4,101,99.61
MSFT,2026-08-14,2026-08-21,640.0,C,0.0,1.76,0.88,91.797,0.025861,0.000955,-0.271714,0.04125,7,495.4,8,564,99.61
MSFT,2026-08-14,2026-08-21,645.0,C,0.0,0.1,0.05,65.0394,0.002008,0.000143,-0.020381,0.004366,7,495.4,40,139,99.61
MSFT,2026-08-14,2026-08-21,650.0,C,0.0,0.01,0.005,54.688,0.000201,2e-05,-0.002048,0.000522,7,495.4,2,616,99.61
MSFT,2026-08-14,2026-08-21,655.0,C,0.0,0.1,0.05,68.3597,0.001895,0.000129,-0.020314,0.004141,7,495.4,1,99,99.61
MSFT,2026-08-14,2026-08-21,660.0,C,0.0,0.03,0.015,62.5004,0.000551,4.5e-05,-0.005985,0.001335,7,495.4,6,187,99.61
MSFT,2026-08-14,2026-08-21,665.0,C,0.0,0.29,0.145,80.176,0.004802,0.000254,-0.055032,0.009569,7,495.4,14,209,99.61
MSFT,2026-08-14,2026-08-21,680.0,C,0.0,0.09,0.045,75.7815,0.001544,9.6e-05,-0.018684,0.003438,7,495.4,12,970,99.61
MSFT,2026-08-14,2026-08-21,700.0,C,0.0,0.01,0.005,68.7503,0.000174,1.4e-05,-0.002255,0.000457,7,495.4,1,1171,99.61
MSFT,2026-08-14,2026-08-21,720.0,C,0.0,0.1,0.05,88.672,0.001453,7.8e-05,-0.020664,0.003251,7,495.4,1,995,99.61
MSFT,2026-08-14,2026-08-21,740.0,C,0.0,0.04,0.02,87.1095,0.000557,3.3e-05,-0.008403,0.001346,7,495.4,1,908,99.61
MSFT,2026-08-14,2026-08-21,760.0,C,0.0,0.01,0.005,84.3752,0.00016,1.1e-05,-0.002556,0.000423,7,495.4,20,307,99.61
MSFT,2026-08-14,2026-08-21,780.0,C,0.0,0.01,0.005,87.5001,0.000117,8e-06,-0.001969,0.000314,7,495.4,1,472,99.61
MSFT,2026-08-14,2026-08-21,800.0,C,0.0,0.01,0.005,92.1876,0.000115,7e-06,-0.002037,0.000309,7,495.4,11,5980,99.61
MSFT,2026-08-14,2026-08-21,215.0,P,0.0,0.01,0.005,162.5002,-6.5e-05,2e-06,-0.00211,0.000182,7,495.4,1374,3324,99.61
MSFT,2026-08-14,2026-08-21,220.0,P,0.0,0.01,0.005,156.2502,-5.6e-05,2e-06,-0.001754,0.000157,7,495.4,2,2735,99.61
MSFT,2026-08-14,2026-08-21,225.0,P,0.0,0.02,0.01,162.5002,-0.000146,5e-06,-0.004478,0.000386,7,495.4,1,260,99.61
MSFT,2026-08-14,2026-08-21,230.0,P,0.0,0.02,0.01,156.2502,-0.000127,5e-06,-0.003797,0.000341,7,495.4,1,2058,99.61
MSFT,2026-08-14,2026-08-21,235.0,P,0.0,0.04,0.02,160.9377,-0.000269,9e-06,-0.007874,0.000686,7,495.4,12,1051,99.61
MSFT,2026-08-14,2026-08-21,240.0,P,0.0,0.16,0.08,177.7345,-0.001069,2.9e-05,-0.031119,0.002456,7,495.4,16,890,99.61
MSFT,2026-08-14,2026-08-21,245.0,P,0.0,0.02,0.01,143.7503,-0.000136,5e-06,-0.003722,0.000363,7,495.4,728,1201,99.61
MSFT,2026-08-14,2026-08-21,250.0,P,0.0,0.01,0.005,134.3753,-8.1e-05,4e-06,-0.002133,0.000223,7,495.4,1000,11490,99.61
MSFT,2026-08-14,2026-08-21,255.0,P,0.0,0.04,0.02,144.5315,-0.000311,1.2e-05,-0.008092,0.000785,7,495.4,57,2707,99.61
MSFT,2026-08-14,2026-08-21,260.0,P,0.0,0.02,0.01,132.8128,-0.000159,7e-06,-0.003961,0.000418,7,495.4,1,3129,99.61
MSFT,2026-08-14,2026-08-21,265.0,P,0.0,0.02,0.01,129.6879,-0.000174,7e-06,-0.00421,0.000455,7,495.4,2,950,99.61
MSFT,2026-08-14,2026-08-21,270.0,P,0.0,0.71,0.355,178.5157,-0.004918,0.000116,-0.124365,0.009774,7,495.4,2,747,99.61
MSFT,2026-08-14,2026-08-21,275.0,P,0.0,0.01,0.005,115.6254,-8.5e-05,4e-06,-0.001917,0.000233,7,495.4,1,514,99.61
MSFT,2026-08-14,2026-08-21,280.0,P,0.0,0.02,0.01,118.7504,-0.000188,9e-06,-0.004156,0.000491,7,495.4,5,1616,99.61
MSFT,2026-08-14,2026-08-21,285.0,P,0.0,0.02,0.01,115.6254,-0.000202,1e-05,-0.004326,0.000525,7,495.4,1,696,99.61
MSFT,2026-08-14,2026-08-21,290.0,P,0.0,0.01,0.005,106.2505,-0.000101,5e-06,-0.002066,0.000273,7,495.4,1,1074,99.61
MSFT,2026-08-14,2026-08-21,295.0,P,0.0,0.02,0.01,107.813,-0.000192,1e-05,-0.003836,0.000499,7,495.4,1,876,99.61
MSFT,2026-08-14,2026-08-21,300.0,P,0.0,0.01,0.005,98.4375,-8.7e-05,5e-06,-0.001679,0.000239,7,495.4,2,4400,99.61
MSFT,2026-08-14,2026-08-21,305.0,P,0.0,0.03,0.015,104.688,-0.00031,1.6e-05,-0.005826,0.000781,7,495.4,1,1143,99.61
MSFT,2026-08-14,2026-08-21,310.0,P,0.0,0.05,0.025,106.2505,-0.000548,2.7e-05,-0.010052,0.001328,7,495.4,1,2689,99.61
MSFT,2026-08-14,2026-08-21,315.0,P,0.0,0.03,0.015,98.4375,-0.000343,1.9e-05,-0.006031,0.00086,7,495.4,3,1973,99.61
MSFT,2026-08-14,2026-08-21,320.0,P,0.0,0.03,0.015,95.3125,-0.000359,2e-05,-0.006089,0.000897,7,495.4,2,4055,99.61
MSFT,2026-08-14,2026-08-21,325.0,P,0.0,1.6,0.8,144.9222,-0.013752,0.000353,-0.248827,0.024109,7,495.4,57,3212,99.61
MSFT,2026-08-14,2026-08-21,330.0,P,0.0,0.01,0.005,81.2502,-0.00012,8e-06,-0.00186,0.000322,7,495.4,32,5783,99.61
MSFT,2026-08-14,2026-08-21,335.0,P,0.0,0.01,0.005,78.1252,-0.000118,9e-06,-0.001766,0.000317,7,495.4,20,4024,99.61
MSFT,2026-08-14,2026-08-21,340.0,P,0.0,0.01,0.005,75.0003,-0.000115,9e-06,-0.001657,0.00031,7,495.4,191,10853,99.61
MSFT,2026-08-14,2026-08-21,345.0,P,0.0,0.04,0.02,82.0314,-0.000581,3.6e-05,-0.008178,0.001401,7,495.4,53,5295,99.61
MSFT,2026-08-14,2026-08-21,350.0,P,0.0,0.02,0.01,74.219,-0.000292,2.1e-05,-0.003913,0.000741,7,495.4,69,11289,99.61
MSFT,2026-08-14,2026-08-21,355.0,P,0.0,0.04,0.02,75.7815,-0.000609,4.1e-05,-0.007888,0.001463,7,495.4,5,2599,99.61
MSFT,2026-08-14,2026-08-21,360.0,P,0.0,0.02,0.01,68.7503,-0.000327,2.5e-05,-0.004019,0.000822,7,495.4,14,8904,99.61
MSFT,2026-08-14,2026-08-21,362.5,P,0.0,0.03,0.015,69.5316,-0.000485,3.6e-05,-0.005859,0.001185,7,495.4,10,86,99.61
MSFT,2026-08-14,2026-08-21,365.0,P,0.0,1.38,0.69,106.9829,-0.01615,0.00055,-0.210678,0.027682,7,495.4,23,1412,99.61
MSFT,2026-08-14,2026-08-21,367.5,P,0.0,0.48,0.24,89.6485,-0.006694,0.000305,-0.081943,0.012851,7,495.4,30,174,99.61
MSFT,2026-08-14,2026-08-21,370.0,P,0.01,0.04,0.025,68.3597,-0.000851,6.2e-05,-0.009681,0.001992,7,495.4,361,7687,99.61
MSFT,2026-08-14,2026-08-21,372.5,P,0.0,0.95,0.475,94.9708,-0.012575,0.000499,-0.150713,0.022315,7,495.4,21,168,99.61
MSFT,2026-08-14,2026-08-21,375.0,P,0.0,0.54,0.27,85.6447,-0.007913,0.000369,-0.090702,0.014894,7,495.4,5,4560,99.61
MSFT,2026-08-14,2026-08-21,377.5,P,0.0,0.71,0.355,87.2072,-0.010257,0.000455,-0.115915,0.018695,7,495.4,26,286,99.61
MSFT,2026-08-14,2026-08-21,380.0,P,0.01,0.03,0.02,61.3285,-0.000754,6.2e-05,-0.007763,0.001781,7,495.4,136,8744,99.61
MSFT,2026-08-14,2026-08-21,382.5,P,0.0,0.42,0.21,77.5393,-0.006776,0.000356,-0.071601,0.012991,7,495.4,13,512,99.61
MSFT,2026-08-14,2026-08-21,385.0,P,0.0,0.02,0.01,55.4692,-0.000435,4.1e-05,-0.00422,0.001071,7,495.4,567,8472,99.61
MSFT,2026-08-14,2026-08-21,387.5,P,0.0,0.54,0.27,76.758,-0.008876,0.000456,-0.089858,0.016474,7,495.4,5,232,99.61
MSFT,2026-08-14,2026-08-21,390.0,P,0.02,0.04,0.03,57.8129,-0.001196,0.0001,-0.011174,0.002721,7,495.4,37,6319,99.61
MSFT,2026-08-14,2026-08-21,392.5,P,0.0,0.04,0.02,54.688,-0.0009,8.1e-05,-0.008142,0.002096,7,495.4,21,277,99.61
MSFT,2026-08-14,2026-08-21,395.0,P,0.01,0.08,0.045,57.4223,-0.001885,0.000153,-0.016813,0.004123,7,495.4,43,2546,99.61
MSFT,2026-08-14,2026-08-21,397.5,P,0.0,0.33,0.165,65.1371,-0.00632,0.000398,-0.056504,0.012215,7,495.4,201,816,99.61
MSFT,2026-08-14,2026-08-21,400.0,P,0.02,0.04,0.03,52.3442,-0.001364,0.000125,-0.011406,0.003069,7,495.4,127,7811,99.61
MSFT,2026-08-14,2026-08-21,402.5,P,0.0,0.15,0.075,56.2504,-0.003324,0.00026,-0.027489,0.006884,7,495.4,8,316,99.61
MSFT,2026-08-14,2026-08-21,405.0,P,0.01,0.05,0.03,52.3442,-0.002361,0.000205,-0.018779,0.005055,7,495.4,8,1246,99.61
MSFT,2026-08-14,2026-08-21,407.5,P,0.01,0.09,0.05,50.7817,-0.002381,0.000213,-0.018358,0.005095,7,495.4,13,227,99.61
MSFT,2026-08-14,2026-08-21,410.0,P,0.02,0.04,0.03,48.2427,-0.002013,0.000193,-0.014975,0.004376,7,495.4,136,5189,99.61
MSFT,2026-08-14,2026-08-21,412.5,P,0.01,0.11,0.06,52.5395,-0.005188,0.000415,-0.038206,0.010252,7,495.4,10,235,99.61
MSFT,2026-08-14,2026-08-21,415.0,P,0.01,0.06,0.035,47.4615,-0.003091,0.000289,-0.021704,0.006449,7,495.4,17,2384,99.61
MSFT,2026-08-14,2026-08-21,420.0,P,0.03,0.05,0.04,43.7506,-0.002828,0.000289,-0.018451,0.005951,7,495.4,91,8511,99.61
MSFT,2026-08-14,2026-08-21,425.0,P,0.04,0.05,0.045,40.8209,-0.00296,0.000323,-0.017931,0.006201,7,495.4,26,1457,99.61
MSFT,2026-08-14,2026-08-21,430.0,P,0.05,0.07,0.06,39.5514,-0.00433,0.000469,-0.024428,0.008725,7,495.4,119,7093,99.61
MSFT,2026-08-14,2026-08-21,435.0,P,0.05,0.1,0.075,38.3795,-0.006456,0.000689,-0.033791,0.012446,7,495.4,11,1774,99.61
MSFT,2026-08-14,2026-08-21,440.0,P,0.05,0.12,0.085,36.3288,-0.008277,0.000906,-0.039786,0.015495,7,495.4,182,5671,99.61
MSFT,2026-08-14,2026-08-21,445.0,P,0.07,0.1,0.085,32.4226,-0.007596,0.000941,-0.032886,0.014367,7,495.4,108,3317,99.61
MSFT,2026-08-14,2026-08-21,450.0,P,0.12,0.14,0.13,30.9089,-0.011201,0.001387,-0.043989,0.020183,7,495.4,1625,10658,99.61
MSFT,2026-08-14,2026-08-21,455.0,P,0.15,0.19,0.17,29.1999,-0.016119,0.002011,-0.05682,0.027636,7,495.4,1079,2240,99.61
MSFT,2026-08-14,2026-08-21,460.0,P,0.22,0.24,0.23,27.0515,-0.021864,0.002813,-0.0681,0.03582,7,495.4,1067,7382,99.61
MSFT,2026-08-14,2026-08-21,465.0,P,0.34,0.38,0.36,25.9285,-0.035822,0.004427,-0.098244,0.054031,7,495.4,1524,3326,99.61
MSFT,2026-08-14,2026-08-21,470.0,P,0.55,0.6,0.575,24.7688,-0.057946,0.006821,-0.137738,0.079521,7,495.4,940,5304,99.61
MSFT,2026-08-14,2026-08-21,475.0,P,0.8,1.02,0.91,24.1463,-0.097581,0.010406,-0.198998,0.118263,7,495.4,1270,4893,99.61
MSFT,2026-08-14,2026-08-21,480.0,P,1.4,1.7,1.55,23.6092,-0.157712,0.014881,-0.270801,0.165356,7,495.4,1355,7855,99.61
MSFT,2026-08-14,2026-08-21,485.0,P,2.6,2.68,2.64,22.8706,-0.239442,0.019788,-0.335727,0.213005,7,495.4,962,2004,99.61
MSFT,2026-08-14,2026-08-21,490.0,P,4.05,4.25,4.15,22.6875,-0.349336,0.023781,-0.39361,0.253938,7,495.4,4129,6092,99.61
MSFT,2026-08-14,2026-08-21,495.0,P,6.05,6.35,6.2,22.3885,-0.474317,0.025919,-0.412398,0.273129,7,495.4,1244,1319,99.61
MSFT,2026-08-14,2026-08-21,500.0,P,8.9,9.55,9.225,23.8533,-0.595539,0.023676,-0.422105,0.26581,7,495.4,2006,7978,99.61
MSFT,2026-08-14,2026-08-21,505.0,P,12.2,13.4,12.8,25.9407,-0.690253,0.019816,-0.412386,0.24195,7,495.4,155,718,99.61
MSFT,2026-08-14,2026-08-21,510.0,P,15.65,17.75,16.7,28.7605,-0.755385,0.015919,-0.403053,0.215489,7,495.4,69,429,99.61
MSFT,2026-08-14,2026-08-21,515.0,P,20.45,22.5,21.475,32.5568,-0.794557,0.012737,-0.411806,0.195176,7,495.4,19,68,99.61
MSFT,2026-08-14,2026-08-21,520.0,P,25.1,27.25,26.175,35.9015,-0.825271,0.010455,-0.408968,0.176674,7,495.4,23,128,99.61
MSFT,2026-08-14,2026-08-21,525.0,P,29.5,32.2,30.85,39.9359,-0.843476,0.008754,-0.423846,0.164537,7,495.4,12,97,99.61
MSFT,2026-08-14,2026-08-21,530.0,P,34.35,36.6,35.475,40.4913,-0.877642,0.0073,-0.354725,0.13913,7,495.4,8,22,99.61
MSFT,2026-08-14,2026-08-21,535.0,P,38.8,41.6,40.2,44.2877,-0.887173,0.006302,-0.366913,0.131367,7,495.4,2,9,99.61
MSFT,2026-08-14,2026-08-21,540.0,P,43.95,47.35,45.65,52.7593,-0.87152,0.005797,-0.494051,0.143953,7,495.4,40,27,99.61
MSFT,2026-08-14,2026-08-21,545.0,P,48.9,52.3,50.6,56.2016,-0.880596,0.00517,-0.499607,0.136758,7,495.4,2,44,99.61
MSFT,2026-08-14,2026-08-21,550.0,P,54.3,57.55,55.925,61.4506,-0.880544,0.00473,-0.550543,0.1368,7,495.4,4,51,99.61
MSFT,2026-08-14,2026-08-21,555.0,P,59.3,61.55,60.425,58.0082,-0.913899,0.003948,-0.394614,0.10779,7,495.4,4,0,99.61
MSFT,2026-08-14,2026-08-21,560.0,P,63.75,67.3,65.525,51.6118,-0.952465,0.002797,-0.196155,0.067955,7,495.4,2,1,99.61
MSFT,2026-08-14,2026-08-21,565.0,P,69.25,71.5,70.375,52.6128,-0.960635,0.002357,-0.164035,0.058355,7,495.4,2,0,99.61
MSFT,2026-08-14,2026-08-21,590.0,P,93.7,97.5,95.6,69.2386,-0.961405,0.001762,-0.226145,0.057424,7,495.4,4,0,99.61
MSFT,2026-08-14,2026-08-21,600.0,P,103.85,107.55,105.7,75.8303,-0.961212,0.001615,-0.253442,0.057658,7,495.4,1,1,99.61
MSFT,2026-08-14,2026-08-21,610.0,P,113.7,117.45,115.575,79.1506,-0.966909,0.001359,-0.226049,0.050622,7,495.4,1,1,99.61
MSFT,2026-08-14,2026-08-21,625.0,P,129.2,131.45,130.325,82.1535,-0.976119,0.000998,-0.164309,0.038585,7,495.4,4,0,99.61
MSFT,2026-08-14,2026-08-21,630.0,P,150.4,154.5,152.45,193.5486,-0.776391,0.002251,-2.780486,0.205033,7,495.4,1,0,99.61
MSFT,2026-08-14,2026-08-21,640.0,P,161.05,164.5,162.775,201.9658,-0.780321,0.002135,-2.872707,0.202966,7,495.4,1,0,99.61
MSFT,2026-08-14,2026-08-21,650.0,P,248.4,251.8,250.1,489.838,-0.52399,0.001185,-9.508226,0.273201,7,495.4,3,0,99.61
MSFT,2026-08-14,2026-08-21,660.0,P,163.8,167.45,165.625,103.2964,-0.97313,0.000876,-0.248721,0.04259,7,495.4,2,0,99.61
MSFT,2026-08-14,2026-08-21,665.0,P,168.6,171.45,170.025,92.0411,-0.987473,0.000513,-0.079516,0.022241,7,495.4,0,0,99.61
MSFT,2026-08-14,2026-08-21,680.0,P,201.1,204.35,202.725,227.7958,-0.800673,0.001788,-3.058494,0.19168,7,495.4,1,0,99.61
MSFT,2026-08-14,2026-08-21,700.0,P,220.6,224.6,222.6,239.2216,-0.809423,0.001657,-3.124296,0.186519,7,495.4,2,0,99.61
MSFT,2026-08-14,2026-08-21,720.0,P,223.8,227.4,225.6,127.4418,-0.978629,0.000586,-0.247976,0.035136,7,495.4,1,0,99.61
MSFT,2026-08-14,2026-08-21,740.0,P,260.5,264.5,262.5,261.066,-0.823091,0.001449,-3.253009,0.178067,7,495.4,50,0,99.61
MSFT,2026-08-14,2026-08-21,760.0,P,280.5,284.5,282.5,271.4908,-0.828532,0.001366,-3.31544,0.174567,7,495.4,1,0,99.61
MSFT,2026-08-14,2026-08-21,780.0,P,301.4,304.35,302.875,283.3743,-0.831142,0.001296,-3.426873,0.172859,7,495.4,0,0,99.61
MSFT,2026-08-14,2026-08-21,800.0,P,320.5,324.45,322.475,290.9671,-0.837964,0.001229,-3.423712,0.168308,7,495.4,0,0,99.61
MSFT,2026-08-14,2026-08-28,270.0,C,223.2,227.25,225.225,168.1642,0.977883,0.000323,-0.333259,0.051152,14,495.4,0,0,99.61
MSFT,2026-08-14,2026-08-28,290.0,C,203.2,207.15,205.175,149.219,0.976334,0.000386,-0.316601,0.054154,14,495.4,2,2,99.61
MSFT,2026-08-14,2026-08-28,300.0,C,193.2,197.15,195.175,141.0159,0.974967,0.000428,-0.314844,0.056768,14,495.4,2,6,99.61
MSFT,2026-08-14,2026-08-28,305.0,C,188.5,192.15,190.325,137.012,0.974239,0.000451,-0.313948,0.058148,14,495.4,1,2,99.61
MSFT,2026-08-14,2026-08-28,310.0,C,183.2,187.15,185.175,133.057,0.973487,0.000476,-0.312924,0.059563,14,495.4,2,2,99.61
MSFT,2026-08-14,2026-08-28,315.0,C,178.15,182.25,180.2,130.5423,0.971573,0.000514,-0.324599,0.063128,14,495.4,25,25,99.61
MSFT,2026-08-14,2026-08-28,320.0,C,173.2,177.05,175.125,123.9017,0.973088,0.000517,-0.297764,0.060312,14,495.4,2,5,99.61
MSFT,2026-08-14,2026-08-28,325.0,C,168.25,172.25,170.25,122.8275,0.969846,0.000573,-0.322026,0.066296,14,495.4,1,3,99.61
MSFT,2026-08-14,2026-08-28,330.0,C,163.5,167.25,165.375,119.0678,0.968903,0.000607,-0.320869,0.06801,14,495.4,1,5,99.61
MSFT,2026-08-14,2026-08-28,335.0,C,158.6,162.25,160.425,65.2347,0.999147,4.6e-05,-0.040414,0.002822,14,495.4,5,14,99.61
MSFT,2026-08-14,2026-08-28,340.0,C,153.2,157.3,155.25,112.2563,0.966265,0.000688,-0.324143,0.072735,14,495.4,1,13,99.61
MSFT,2026-08-14,2026-08-28,345.0,C,148.2,152.3,150.25,108.5942,0.965181,0.00073,-0.322511,0.074651,14,495.4,2,8,99.61
MSFT,2026-08-14,2026-08-28,350.0,C,143.85,147.3,145.575,71.9729,0.994542,0.000224,-0.074103,0.015168,14,495.4,1,24,99.61
MSFT,2026-08-14,2026-08-28,355.0,C,138.6,142.15,140.375,99.707,0.964966,0.000799,-0.301181,0.07503,14,495.4,3,14,99.61
MSFT,2026-08-14,2026-08-28,360.0,C,133.3,137.1,135.2,95.6543,0.964498,0.000842,-0.293611,0.07585,14,495.4,1,46,99.61
MSFT,2026-08-14,2026-08-28,365.0,C,128.3,132.15,130.225,92.7735,0.962451,0.000909,-0.297999,0.07941,14,495.4,3,9,99.61
MSFT,2026-08-14,2026-08-28,370.0,C,123.25,127.3,125.275,90.8936,0.958765,0.001002,-0.313385,0.085697,14,495.4,8,28,99.61
MSFT,2026-08-14,2026-08-28,375.0,C,118.25,122.2,120.225,86.4625,0.958838,0.001051,-0.299962,0.085574,14,495.4,5,20,99.61
MSFT,2026-08-14,2026-08-28,380.0,C,113.4,116.35,114.875,73.218,0.973257,0.00087,-0.193898,0.059995,14,495.4,2,166,99.61
MSFT,2026-08-14,2026-08-28,385.0,C,108.85,112.15,110.5,50.3911,0.995583,0.000265,-0.061317,0.01256,14,495.4,1,161,99.61
MSFT,2026-08-14,2026-08-28,390.0,C,103.35,107.1,105.225,75.4641,0.95563,0.00128,-0.282137,0.090926,14,495.4,6,596,99.61
MSFT,2026-08-14,2026-08-28,395.0,C,98.35,102.15,100.25,72.6565,0.952809,0.001397,-0.285362,0.095544,14,495.4,1,219,99.61
MSFT,2026-08-14,2026-08-28,400.0,C,93.9,96.55,95.225,63.5013,0.963555,0.001296,-0.214289,0.077497,14,495.4,12,574,99.61
MSFT,2026-08-14,2026-08-28,405.0,C,88.9,91.85,90.375,63.4647,0.954919,0.001542,-0.247331,0.092099,14,495.4,2,113,99.61
MSFT,2026-08-14,2026-08-28,410.0,C,83.9,86.75,85.325,59.3998,0.955132,0.001641,-0.23374,0.091747,14,495.4,1,153,99.61
MSFT,2026-08-14,2026-08-28,415.0,C,79.3,81.6,80.45,54.9199,0.956679,0.001725,-0.214639,0.089189,14,495.4,1,3442,99.61
MSFT,2026-08-14,2026-08-28,420.0,C,73.4,77.0,75.2,55.3471,0.944139,0.002097,-0.255519,0.109262,14,495.4,5,539,99.61
MSFT,2026-08-14,2026-08-28,425.0,C,68.45,72.2,70.325,53.7114,0.936143,0.0024,-0.272381,0.121334,14,495.4,5,955,99.61
MSFT,2026-08-14,2026-08-28,430.0,C,64.25,66.7,65.475,46.7535,0.946027,0.002416,-0.218227,0.106333,14,495.4,52,321,99.61
MSFT,2026-08-14,2026-08-28,435.0,C,59.05,61.6,60.325,42.9205,0.945827,0.00264,-0.204653,0.106645,14,495.4,10,1685,99.61
MSFT,2026-08-14,2026-08-28,440.0,C,54.15,56.75,55.45,41.065,0.937288,0.003095,-0.216705,0.119638,14,495.4,54,687,99.61
MSFT,2026-08-14,2026-08-28,445.0,C,49.15,51.75,50.45,38.0133,0.932859,0.003525,-0.212786,0.126147,14,495.4,34,278,99.61
MSFT,2026-08-14,2026-08-28,450.0,C,44.9,47.0,45.95,36.5363,0.919073,0.004231,-0.231178,0.145501,14,495.4,9,673,99.61
MSFT,2026-08-14,2026-08-28,455.0,C,39.4,41.8,40.6,32.1784,0.919819,0.00477,-0.207927,0.144486,14,495.4,31,503,99.61
MSFT,2026-08-14,2026-08-28,460.0,C,34.7,37.3,36.0,31.739,0.893729,0.005956,-0.242758,0.177963,14,495.4,21,805,99.61
MSFT,2026-08-14,2026-08-28,465.0,C,30.1,32.6,31.35,29.7859,0.872664,0.007216,-0.255676,0.20232,14,495.4,7,619,99.61
MSFT,2026-08-14,2026-08-28,470.0,C,25.9,28.0,26.95,27.9304,0.845058,0.008791,-0.270097,0.231136,14,495.4,14,1312,99.61
MSFT,2026-08-14,2026-08-28,475.0,C,21.55,23.8,22.675,27.0881,0.801195,0.010614,-0.2996,0.270649,14,495.4,10,528,99.61
MSFT,2026-08-14,2026-08-28,480.0,C,18.0,19.7,18.85,25.8735,0.750646,0.012641,-0.320159,0.307892,14,495.4,7,808,99.61
MSFT,2026-08-14,2026-08-28,485.0,C,14.6,15.7,15.15,24.2622,0.6915,0.014955,-0.32906,0.341565,14,495.4,26,856,99.61
MSFT,2026-08-14,2026-08-28,490.0,C,11.35,12.2,11.775,23.2124,0.616007,0.01696,-0.336882,0.370583,14,495.4,84,632,99.61
MSFT,2026-08-14,2026-08-28,495.0,C,8.8,9.6,9.2,23.4688,0.528463,0.017476,-0.349142,0.386079,14,495.4,125,855,99.61
MSFT,2026-08-14,2026-08-28,500.0,C,6.5,7.0,6.75,22.6479,0.438715,0.017941,-0.330683,0.382489,14,495.4,679,2563,99.61
MSFT,2026-08-14,2026-08-28,505.0,C,4.65,5.15,4.9,22.6448,0.352485,0.016902,-0.308554,0.360292,14,495.4,141,664,99.61
MSFT,2026-08-14,2026-08-28,510.0,C,3.4,3.75,3.575,22.8279,0.275723,0.015085,-0.277742,0.324156,14,495.4,572,668,99.61
MSFT,2026-08-14,2026-08-28,515.0,C,2.31,2.55,2.43,22.5716,0.205094,0.012978,-0.232324,0.275741,14,495.4,133,689,99.61
MSFT,2026-08-14,2026-08-28,520.0,C,1.57,1.86,1.715,23.1331,0.154875,0.010611,-0.198497,0.23107,14,495.4,297,3910,99.61
MSFT,2026-08-14,2026-08-28,525.0,C,1.08,1.18,1.13,22.8035,0.106501,0.008303,-0.150394,0.178242,14,495.4,345,2295,99.61
MSFT,2026-08-14,2026-08-28,530.0,C,0.73,0.81,0.77,23.1575,0.075697,0.006345,-0.118115,0.138313,14,495.4,761,7057,99.61
MSFT,2026-08-14,2026-08-28,535.0,C,0.46,0.59,0.525,23.8289,0.055456,0.004843,-0.095181,0.108636,14,495.4,98,610,99.61
MSFT,2026-08-14,2026-08-28,540.0,C,0.32,0.38,0.35,23.9265,0.037055,0.003488,-0.068953,0.078557,14,495.4,268,10468,99.61
MSFT,2026-08-14,2026-08-28,545.0,C,0.24,0.28,0.26,24.659,0.027283,0.002628,-0.055069,0.061004,14,495.4,30,630,99.61
MSFT,2026-08-14,2026-08-28,550.0,C,0.18,0.2,0.19,25.1961,0.019444,0.001934,-0.042231,0.045866,14,495.4,218,1437,99.61
MSFT,2026-08-14,2026-08-28,555.0,C,0.06,0.2,0.13,27.0271,0.018177,0.001702,-0.0427,0.04331,14,495.4,9,106,99.61
MSFT,2026-08-14,2026-08-28,560.0,C,0.1,0.16,0.13,27.8816,0.014211,0.001336,-0.035625,0.035074,14,495.4,5,524,99.61
MSFT,2026-08-14,2026-08-28,570.0,C,0.03,0.08,0.055,28.614,0.007148,0.000715,-0.020034,0.019259,14,495.4,2,127,99.61
MSFT,2026-08-14,2026-08-28,580.0,C,0.02,0.12,0.07,33.3014,0.009063,0.000757,-0.028664,0.023727,14,495.4,2,229,99.61
MSFT,2026-08-14,2026-08-28,590.0,C,0.01,0.13,0.07,36.817,0.008944,0.000677,-0.031278,0.023455,14,495.4,2,38,99.61
MSFT,2026-08-14,2026-08-28,600.0,C,0.01,0.06,0.035,36.4264,0.004273,0.000356,-0.016074,0.012195,14,495.4,3,79,99.61
MSFT,2026-08-14,2026-08-28,610.0,C,0.01,0.08,0.045,40.4303,0.005077,0.000374,-0.020783,0.014221,14,495.4,2,29,99.61
MSFT,2026-08-14,2026-08-28,620.0,C,0.0,0.19,0.095,47.8521,0.009851,0.000567,-0.044097,0.025523,14,495.4,5,38,99.61
MSFT,2026-08-14,2026-08-28,630.0,C,0.0,0.05,0.025,43.7506,0.003019,0.000217,-0.014096,0.008927,14,495.4,4,4,99.61
MSFT,2026-08-14,2026-08-28,640.0,C,0.0,1.77,0.885,67.1146,0.03061,0.001063,-0.162362,0.067127,14,495.4,1,20,99.61
MSFT,2026-08-14,2026-08-28,650.0,C,0.0,1.77,0.885,70.386,0.029305,0.000977,-0.164149,0.064744,14,495.4,5,10,99.61
MSFT,2026-08-14,2026-08-28,660.0,C,0.0,0.14,0.07,52.9302,0.003447,0.000202,-0.019184,0.010059,14,495.4,22,104,99.61
MSFT,2026-08-14,2026-08-28,670.0,C,0.0,1.76,0.88,76.6116,0.026945,0.000837,-0.166467,0.060373,14,495.4,1,6,99.61
MSFT,2026-08-14,2026-08-28,680.0,C,0.0,0.2,0.1,59.8637,0.004259,0.000216,-0.026202,0.012159,14,495.4,4,5,99.61
MSFT,2026-08-14,2026-08-28,270.0,P,0.0,1.7,0.85,147.51,-0.012216,0.000222,-0.161453,0.030776,14,495.4,7,255,99.61
MSFT,2026-08-14,2026-08-28,280.0,P,0.0,0.05,0.025,92.9688,-0.000613,2.4e-05,-0.006885,0.002083,14,495.4,2,176,99.61
MSFT,2026-08-14,2026-08-28,290.0,P,0.0,1.2,0.6,125.1469,-0.010358,0.000226,-0.11861,0.026664,14,495.4,1,218,99.61
MSFT,2026-08-14,2026-08-28,300.0,P,0.0,0.29,0.145,98.2422,-0.003359,0.000106,-0.034303,0.009828,14,495.4,1,110,99.61
MSFT,2026-08-14,2026-08-28,305.0,P,0.0,1.36,0.68,116.7485,-0.012483,0.000285,-0.130073,0.031359,14,495.4,1,432,99.61
MSFT,2026-08-14,2026-08-28,310.0,P,0.0,0.01,0.005,68.7503,-0.000186,1.1e-05,-0.001675,0.000686,14,495.4,19,154,99.61
MSFT,2026-08-14,2026-08-28,315.0,P,0.0,0.1,0.05,80.0783,-0.001467,6.2e-05,-0.01319,0.004639,14,495.4,1,303,99.61
MSFT,2026-08-14,2026-08-28,320.0,P,0.0,0.06,0.03,73.8284,-0.000952,4.5e-05,-0.008186,0.003123,14,495.4,14,248,99.61
MSFT,2026-08-14,2026-08-28,325.0,P,0.0,0.14,0.07,77.344,-0.002065,8.7e-05,-0.017388,0.006334,14,495.4,1,234,99.61
MSFT,2026-08-14,2026-08-28,330.0,P,0.0,0.01,0.005,59.3754,-0.000183,1.2e-05,-0.001422,0.000675,14,495.4,14,744,99.61
MSFT,2026-08-14,2026-08-28,335.0,P,0.0,0.04,0.02,64.0629,-0.000706,3.9e-05,-0.005387,0.002371,14,495.4,10,358,99.61
MSFT,2026-08-14,2026-08-28,340.0,P,0.0,0.08,0.04,66.016,-0.001408,7.2e-05,-0.010466,0.00447,14,495.4,2,478,99.61
MSFT,2026-08-14,2026-08-28,345.0,P,0.01,0.1,0.055,65.6253,-0.001923,9.6e-05,-0.013815,0.005937,14,495.4,56,410,99.61
MSFT,2026-08-14,2026-08-28,350.0,P,0.01,0.06,0.035,60.5473,-0.001345,7.5e-05,-0.009195,0.004285,14,495.4,8,656,99.61
MSFT,2026-08-14,2026-08-28,355.0,P,0.0,0.58,0.29,74.0237,-0.008634,0.000326,-0.059663,0.02274,14,495.4,638,251,99.61
MSFT,2026-08-14,2026-08-28,360.0,P,0.01,0.14,0.075,60.5473,-0.002858,0.000149,-0.018227,0.008498,14,495.4,5,238,99.61
MSFT,2026-08-14,2026-08-28,365.0,P,0.0,0.04,0.02,51.1724,-0.000928,6.3e-05,-0.005529,0.003051,14,495.4,20,486,99.61
MSFT,2026-08-14,2026-08-28,370.0,P,0.01,0.1,0.055,53.9067,-0.002322,0.000139,-0.01344,0.007043,14,495.4,2,578,99.61
MSFT,2026-08-14,2026-08-28,375.0,P,0.01,0.1,0.055,51.7583,-0.002465,0.000153,-0.013617,0.007436,14,495.4,5,3418,99.61
MSFT,2026-08-14,2026-08-28,380.0,P,0.01,0.11,0.06,53.4184,-0.004651,0.000262,-0.024853,0.013154,14,495.4,29,341,99.61
MSFT,2026-08-14,2026-08-28,385.0,P,0.01,0.07,0.04,48.438,-0.003263,0.00021,-0.016395,0.009575,14,495.4,12,323,99.61
MSFT,2026-08-14,2026-08-28,390.0,P,0.01,0.08,0.045,46.8755,-0.003826,0.00025,-0.018292,0.011044,14,495.4,14,268,99.61
MSFT,2026-08-14,2026-08-28,395.0,P,0.01,0.09,0.05,45.313,-0.004495,0.000299,-0.020417,0.01276,14,495.4,52,257,99.61
MSFT,2026-08-14,2026-08-28,400.0,P,0.05,0.1,0.075,43.5553,-0.005131,0.00035,-0.022068,0.014357,14,495.4,113,969,99.61
MSFT,2026-08-14,2026-08-28,405.0,P,0.05,0.14,0.095,43.067,-0.007188,0.000477,-0.029399,0.019355,14,495.4,17,267,99.61
MSFT,2026-08-14,2026-08-28,410.0,P,0.05,0.26,0.155,44.3853,-0.012663,0.00076,-0.049672,0.031749,14,495.4,1,288,99.61
MSFT,2026-08-14,2026-08-28,415.0,P,0.08,0.16,0.12,39.1119,-0.008926,0.000636,-0.032246,0.023413,14,495.4,32,1768,99.61
MSFT,2026-08-14,2026-08-28,420.0,P,0.09,0.2,0.145,37.9889,-0.011438,0.000813,-0.038851,0.029069,14,495.4,23,514,99.61
MSFT,2026-08-14,2026-08-28,425.0,P,0.1,0.21,0.155,35.8405,-0.01258,0.000936,-0.03976,0.031568,14,495.4,4,435,99.61
MSFT,2026-08-14,2026-08-28,430.0,P,0.16,0.2,0.18,33.2526,-0.012929,0.001033,-0.037726,0.032325,14,495.4,41,413,99.61
MSFT,2026-08-14,2026-08-28,435.0,P,0.18,0.28,0.23,32.5202,-0.018061,0.001407,-0.0491,0.043074,14,495.4,158,560,99.61
MSFT,2026-08-14,2026-08-28,440.0,P,0.28,0.34,0.31,31.0798,-0.022641,0.001783,-0.056747,0.052171,14,495.4,10,631,99.61
MSFT,2026-08-14,2026-08-28,445.0,P,0.35,0.47,0.41,30.2985,-0.031324,0.002399,-0.072428,0.068421,14,495.4,30,249,99.61
MSFT,2026-08-14,2026-08-28,450.0,P,0.5,0.56,0.53,28.6628,-0.038733,0.003019,-0.081387,0.081447,14,495.4,77,1566,99.61
MSFT,2026-08-14,2026-08-28,455.0,P,0.68,0.75,0.715,27.6619,-0.05224,0.003979,-0.099683,0.103617,14,495.4,130,308,99.61
MSFT,2026-08-14,2026-08-28,460.0,P,0.91,1.07,0.99,27.0759,-0.073337,0.005297,-0.126784,0.135009,14,495.4,314,730,99.61
MSFT,2026-08-14,2026-08-28,465.0,P,1.22,1.42,1.32,26.0261,-0.097535,0.006824,-0.150391,0.167191,14,495.4,100,385,99.61
MSFT,2026-08-14,2026-08-28,470.0,P,1.85,2.04,1.945,25.6416,-0.135356,0.008743,-0.186292,0.211035,14,495.4,160,748,99.61
MSFT,2026-08-14,2026-08-28,475.0,P,2.62,2.86,2.74,25.2083,-0.182691,0.010829,-0.221924,0.256964,14,495.4,681,1076,99.61
MSFT,2026-08-14,2026-08-28,480.0,P,3.55,3.9,3.725,24.6529,-0.239605,0.012985,-0.252951,0.301347,14,495.4,284,477,99.61
MSFT,2026-08-14,2026-08-28,485.0,P,4.65,5.35,5.0,24.4087,-0.309456,0.014886,-0.282143,0.342028,14,495.4,786,412,99.61
MSFT,2026-08-14,2026-08-28,490.0,P,6.7,7.35,7.025,24.6345,-0.389476,0.016047,-0.307162,0.372114,14,495.4,131,988,99.61
MSFT,2026-08-14,2026-08-28,495.0,P,8.95,9.45,9.2,24.0974,-0.471795,0.017021,-0.307721,0.386097,14,495.4,110,440,99.61
MSFT,2026-08-14,2026-08-28,500.0,P,11.3,12.25,11.775,24.2989,-0.555918,0.016755,-0.303535,0.383256,14,495.4,402,518,99.61
MSFT,2026-08-14,2026-08-28,505.0,P,14.05,15.5,14.775,24.659,-0.634543,0.015717,-0.287974,0.364839,14,495.4,52,66,99.61
MSFT,2026-08-14,2026-08-28,510.0,P,17.45,19.9,18.675,27.3292,-0.687723,0.013347,-0.298713,0.343378,14,495.4,12,86,99.61
MSFT,2026-08-14,2026-08-28,515.0,P,21.65,23.75,22.7,27.8144,-0.74506,0.011898,-0.269742,0.311511,14,495.4,10,167,99.61
MSFT,2026-08-14,2026-08-28,520.0,P,25.6,28.2,26.9,29.5661,-0.783337,0.010231,-0.258615,0.28476,14,495.4,3,41,99.61
MSFT,2026-08-14,2026-08-28,530.0,P,35.1,37.5,36.3,33.3869,-0.835989,0.007633,-0.240408,0.239906,14,495.4,43,44,99.61
MSFT,2026-08-14,2026-08-28,535.0,P,39.6,42.3,40.95,35.4987,-0.853363,0.006668,-0.235474,0.222812,14,495.4,9,5,99.61
MSFT,2026-08-14,2026-08-28,540.0,P,43.95,47.8,45.875,40.4547,-0.848615,0.005977,-0.281523,0.227605,14,495.4,1,22,99.61
MSFT,2026-08-14,2026-08-28,545.0,P,49.4,52.7,51.05,42.835,-0.859612,0.005366,-0.282617,0.216356,14,495.4,10,12,99.61
MSFT,2026-08-14,2026-08-28,550.0,P,53.8,57.65,55.725,45.3375,-0.868031,0.004859,-0.286512,0.207389,14,495.4,0,1,99.61
MSFT,2026-08-14,2026-08-28,570.0,P,73.75,77.6,75.675,55.2983,-0.890269,0.003499,-0.307249,0.182117,14,495.4,0,1,99.61
MSFT,2026-08-14,2026-08-28,590.0,P,93.65,97.5,95.575,50.3423,-0.956257,0.001897,-0.104049,0.089889,14,495.4,2,2,99.61
MSFT,2026-08-14,2026-08-28,600.0,P,103.65,107.55,105.6,54.395,-0.95833,0.001688,-0.109223,0.08643,14,495.4,2,1,99.61
MSFT,2026-08-14,2026-09-04,300.0,C,193.2,197.25,195.225,117.6518,0.972949,0.000447,-0.236608,0.074184,21,495.4,1,1,99.61
MSFT,2026-08-14,2026-09-04,330.0,C,163.2,167.25,165.225,98.3032,0.967838,0.000617,-0.232036,0.085646,21,495.4,8,8,99.61
MSFT,2026-08-14,2026-09-04,335.0,C,158.25,162.3,160.275,95.7276,0.966221,0.00066,-0.235254,0.089178,21,495.4,0,13,99.61
MSFT,2026-08-14,2026-09-04,340.0,C,153.2,157.3,155.25,92.6759,0.965165,0.000699,-0.234269,0.091463,21,495.4,11,5,99.61
MSFT,2026-08-14,2026-09-04,345.0,C,148.3,152.3,150.3,89.6607,0.964055,0.000741,-0.233239,0.093846,21,495.4,2,7,99.61
MSFT,2026-08-14,2026-09-04,350.0,C,143.3,147.35,145.325,87.1339,0.962217,0.000795,-0.236105,0.097751,21,495.4,1,11,99.61
MSFT,2026-08-14,2026-09-04,355.0,C,138.25,142.4,140.325,84.6193,0.960269,0.000852,-0.238889,0.101838,21,495.4,25,41,99.61
MSFT,2026-08-14,2026-09-04,360.0,C,133.3,137.3,135.3,80.8107,0.960368,0.000891,-0.229778,0.101633,21,495.4,1,19,99.61
MSFT,2026-08-14,2026-09-04,365.0,C,128.25,132.35,130.3,78.3449,0.958256,0.000958,-0.232364,0.106006,21,495.4,20,20,99.61
MSFT,2026-08-14,2026-09-04,370.0,C,123.55,127.35,125.45,75.4641,0.956796,0.001023,-0.230893,0.108994,21,495.4,7,9,99.61
MSFT,2026-08-14,2026-09-04,375.0,C,118.55,122.35,120.45,72.6199,0.955227,0.001094,-0.229439,0.112175,21,495.4,4,26,99.61
MSFT,2026-08-14,2026-09-04,380.0,C,113.25,117.35,115.3,69.8001,0.953558,0.001172,-0.227897,0.115525,21,495.4,4,74,99.61
MSFT,2026-08-14,2026-09-04,385.0,C,108.35,112.35,110.35,66.9925,0.951801,0.001258,-0.226158,0.119014,21,495.4,5,23,99.61
MSFT,2026-08-14,2026-09-04,390.0,C,103.9,107.4,105.65,64.5878,0.949008,0.001365,-0.228119,0.124487,21,495.4,3,77,99.61
MSFT,2026-08-14,2026-09-04,395.0,C,98.4,102.35,100.375,61.4628,0.947851,0.00146,-0.22259,0.126729,21,495.4,3,86,99.61
MSFT,2026-08-14,2026-09-04,400.0,C,94.0,97.45,95.725,59.3998,0.943795,0.001603,-0.227601,0.134466,21,495.4,2,156,99.61
MSFT,2026-08-14,2026-09-04,405.0,C,88.7,92.45,90.575,56.6533,0.941355,0.001738,-0.225358,0.139038,21,495.4,58,160,99.61
MSFT,2026-08-14,2026-09-04,410.0,C,83.7,87.45,85.575,53.9189,0.938716,0.00189,-0.22294,0.143916,21,495.4,1,150,99.61
MSFT,2026-08-14,2026-09-04,415.0,C,78.45,82.5,80.475,51.5081,0.934775,0.002077,-0.223759,0.151072,21,495.4,1,122,99.61
MSFT,2026-08-14,2026-09-04,420.0,C,73.6,77.5,75.55,48.792,0.931557,0.002276,-0.220996,0.156807,21,495.4,1,105,99.61
MSFT,2026-08-14,2026-09-04,425.0,C,68.65,72.6,70.625,46.6314,0.925813,0.002533,-0.224248,0.166814,21,495.4,1,138,99.61
MSFT,2026-08-14,2026-09-04,430.0,C,64.3,67.05,65.675,40.8209,0.935322,0.002604,-0.185946,0.150088,21,495.4,4,1157,99.61
MSFT,2026-08-14,2026-09-04,435.0,C,59.4,62.2,60.8,39.0631,0.927469,0.002973,-0.192663,0.163959,21,495.4,9,232,99.61
MSFT,2026-08-14,2026-09-04,440.0,C,55.35,56.95,56.15,35.0715,0.930172,0.003216,-0.17381,0.159247,21,495.4,17,156,99.61
MSFT,2026-08-14,2026-09-04,445.0,C,49.75,52.65,51.2,35.9381,0.905311,0.003948,-0.211467,0.200357,21,495.4,2,116,99.61
MSFT,2026-08-14,2026-09-04,450.0,C,45.05,47.75,46.4,33.6127,0.89596,0.004522,-0.21183,0.214639,21,495.4,38,656,99.61
MSFT,2026-08-14,2026-09-04,455.0,C,40.45,43.1,41.775,32.1967,0.878531,0.005274,-0.223442,0.239749,21,495.4,2,1085,99.61
MSFT,2026-08-14,2026-09-04,460.0,C,35.95,38.45,37.2,30.5488,0.859361,0.00615,-0.232132,0.265303,21,495.4,18,364,99.61
MSFT,2026-08-14,2026-09-04,465.0,C,31.5,34.05,32.775,29.4746,0.83177,0.007177,-0.247838,0.298685,21,495.4,20,12453,99.61
MSFT,2026-08-14,2026-09-04,470.0,C,27.45,29.75,28.6,28.3271,0.799518,0.008329,-0.261748,0.333155,21,495.4,6,416,99.61
MSFT,2026-08-14,2026-09-04,475.0,C,23.5,25.8,24.65,27.6985,0.757462,0.009499,-0.28036,0.371522,21,495.4,5,229,99.61
MSFT,2026-08-14,2026-09-04,480.0,C,19.95,22.0,20.975,26.9233,0.710289,0.010695,-0.293989,0.406563,21,495.4,33,827,99.61
MSFT,2026-08-14,2026-09-04,485.0,C,17.15,18.25,17.7,25.7454,0.65869,0.011995,-0.29845,0.436038,21,495.4,21,632,99.61
MSFT,2026-08-14,2026-09-04,490.0,C,13.9,15.1,14.5,25.3059,0.597142,0.012872,-0.305521,0.459932,21,495.4,13,1294,99.61
MSFT,2026-08-14,2026-09-04,495.0,C,11.55,11.9,11.725,24.1219,0.531743,0.013874,-0.296852,0.472554,21,495.4,62,389,99.61
MSFT,2026-08-14,2026-09-04,500.0,C,9.15,9.5,9.325,23.9113,0.462004,0.013977,-0.290863,0.471904,21,495.4,186,1679,99.61
MSFT,2026-08-14,2026-09-04,505.0,C,7.15,7.45,7.3,23.7312,0.393062,0.013636,-0.277128,0.456921,21,495.4,83,1427,99.61
MSFT,2026-08-14,2026-09-04,510.0,C,5.5,5.8,5.65,23.719,0.328272,0.012822,-0.258389,0.429426,21,495.4,130,660,99.61
MSFT,2026-08-14,2026-09-04,515.0,C,3.85,4.4,4.125,23.6,0.267772,0.011742,-0.232841,0.391269,21,495.4,148,304,99.61
MSFT,2026-08-14,2026-09-04,520.0,C,3.0,3.55,3.275,24.2683,0.221569,0.01031,-0.214886,0.353278,21,495.4,52,712,99.61
MSFT,2026-08-14,2026-09-04,525.0,C,2.15,2.62,2.385,24.1402,0.174495,0.00897,-0.184224,0.305748,21,495.4,48,476,99.61
MSFT,2026-08-14,2026-09-04,530.0,C,1.62,1.86,1.74,23.8777,0.13286,0.007569,-0.151553,0.25518,21,495.4,59,546,99.61
MSFT,2026-08-14,2026-09-04,535.0,C,1.17,1.33,1.25,23.8289,0.100333,0.006213,-0.123506,0.209049,21,495.4,102,9221,99.61
MSFT,2026-08-14,2026-09-04,540.0,C,0.82,0.99,0.905,24.1096,0.077087,0.005045,-0.102367,0.17176,21,495.4,31,742,99.61
MSFT,2026-08-14,2026-09-04,545.0,C,0.57,0.72,0.645,24.2927,0.057983,0.004017,-0.082544,0.137804,21,495.4,61,198,99.61
MSFT,2026-08-14,2026-09-04,550.0,C,0.35,0.54,0.445,24.659,0.044366,0.003198,-0.067552,0.111354,21,495.4,63,4758,99.61
MSFT,2026-08-14,2026-09-04,555.0,C,0.32,0.38,0.35,24.7322,0.032196,0.002455,-0.052056,0.08572,21,495.4,2,129,99.61
MSFT,2026-08-14,2026-09-04,560.0,C,0.23,0.29,0.26,25.1961,0.02484,0.001942,-0.042658,0.069077,21,495.4,14,5304,99.61
MSFT,2026-08-14,2026-09-04,570.0,C,0.1,0.25,0.175,27.5398,0.019784,0.001466,-0.038349,0.057007,21,495.4,3,315,99.61
MSFT,2026-08-14,2026-09-04,580.0,C,0.03,0.13,0.08,27.7839,0.010709,0.000857,-0.022766,0.03362,21,495.4,10,302,99.61
MSFT,2026-08-14,2026-09-04,590.0,C,0.01,0.14,0.075,30.6648,0.010438,0.000759,-0.024514,0.032876,21,495.4,3,81,99.61
MSFT,2026-08-14,2026-09-04,600.0,C,0.01,0.16,0.085,33.7409,0.010718,0.000706,-0.02755,0.033643,21,495.4,2,205,99.61
MSFT,2026-08-14,2026-09-04,610.0,C,0.01,0.15,0.08,35.9381,0.009482,0.000596,-0.026331,0.030232,21,495.4,2,54,99.61
MSFT,2026-08-14,2026-09-04,620.0,C,0.01,0.03,0.02,32.2272,0.002283,0.000187,-0.00663,0.008494,21,495.4,21,81,99.61
MSFT,2026-08-14,2026-09-04,630.0,C,0.01,0.27,0.14,43.897,0.013557,0.000665,-0.043765,0.041246,21,495.4,13,55,99.61
MSFT,2026-08-14,2026-09-04,640.0,C,0.0,2.05,1.025,56.8486,0.036377,0.001181,-0.130003,0.094768,21,495.4,3,33,99.61
MSFT,2026-08-14,2026-09-04,650.0,C,0.0,1.82,0.91,58.3989,0.031887,0.001031,-0.11976,0.08504,21,495.4,28,104,99.61
MSFT,2026-08-14,2026-09-04,660.0,C,0.0,2.14,1.07,62.7445,0.034628,0.001027,-0.13761,0.091016,21,495.4,5,18,99.61
MSFT,2026-08-14,2026-09-04,670.0,C,0.0,2.14,1.07,65.3568,0.033333,0.000956,-0.138837,0.088208,21,495.4,1,46,99.61
MSFT,2026-08-14,2026-09-04,680.0,C,0.0,2.13,1.065,67.8714,0.032081,0.000892,-0.139626,0.085466,21,495.4,1,5,99.61
MSFT,2026-08-14,2026-09-04,270.0,P,0.0,0.1,0.05,86.7189,-0.001214,3.9e-05,-0.009804,0.00478,21,495.4,1,15,99.61
MSFT,2026-08-14,2026-09-04,280.0,P,0.0,0.37,0.185,93.9454,-0.003975,0.000106,-0.031099,0.013999,21,495.4,10,56,99.61
MSFT,2026-08-14,2026-09-04,290.0,P,0.0,1.46,0.73,106.397,-0.012736,0.00026,-0.098294,0.039078,21,495.4,11,144,99.61
MSFT,2026-08-14,2026-09-04,300.0,P,0.0,1.36,0.68,99.3164,-0.012756,0.000279,-0.091837,0.039132,21,495.4,21,178,99.61
MSFT,2026-08-14,2026-09-04,305.0,P,0.0,0.15,0.075,73.2425,-0.002112,7.7e-05,-0.013692,0.007916,21,495.4,273,293,99.61
MSFT,2026-08-14,2026-09-04,310.0,P,0.0,2.13,1.065,100.5376,-0.019069,0.000389,-0.131211,0.055252,21,495.4,12,439,99.61
MSFT,2026-08-14,2026-09-04,315.0,P,0.0,2.13,1.065,97.5342,-0.019627,0.000411,-0.130417,0.056623,21,495.4,50,350,99.61
MSFT,2026-08-14,2026-09-04,320.0,P,0.0,2.14,1.07,94.6534,-0.020286,0.000436,-0.130126,0.058232,21,495.4,7,152,99.61
MSFT,2026-08-14,2026-09-04,325.0,P,0.0,2.14,1.07,91.7481,-0.020916,0.000461,-0.129403,0.05976,21,495.4,35,105,99.61
MSFT,2026-08-14,2026-09-04,330.0,P,0.0,1.21,0.605,81.006,-0.013938,0.000369,-0.080728,0.042245,21,495.4,9,100,99.61
MSFT,2026-08-14,2026-09-04,335.0,P,0.0,2.14,1.07,86.0109,-0.022225,0.000518,-0.127615,0.062905,21,495.4,6,57,99.61
MSFT,2026-08-14,2026-09-04,340.0,P,0.0,2.15,1.075,83.2765,-0.023022,0.000551,-0.127241,0.064803,21,495.4,51,156,99.61
MSFT,2026-08-14,2026-09-04,345.0,P,0.01,0.16,0.085,56.7387,-0.003051,0.000138,-0.014751,0.011038,21,495.4,12,89,99.61
MSFT,2026-08-14,2026-09-04,350.0,P,0.02,0.28,0.15,58.35,-0.005121,0.000213,-0.024116,0.017552,21,495.4,44,238,99.61
MSFT,2026-08-14,2026-09-04,355.0,P,0.01,0.29,0.15,56.2016,-0.005306,0.000228,-0.023962,0.018115,21,495.4,48,175,99.61
MSFT,2026-08-14,2026-09-04,360.0,P,0.01,0.2,0.105,51.856,-0.004072,0.000195,-0.017448,0.014304,21,495.4,10,69,99.61
MSFT,2026-08-14,2026-09-04,365.0,P,0.01,0.2,0.105,53.9067,-0.007272,0.000315,-0.030356,0.023948,21,495.4,8,221,99.61
MSFT,2026-08-14,2026-09-04,370.0,P,0.03,0.1,0.065,47.5591,-0.004217,0.00022,-0.016494,0.01476,21,495.4,7,273,99.61
MSFT,2026-08-14,2026-09-04,375.0,P,0.02,0.15,0.085,47.8521,-0.006178,0.000307,-0.023303,0.020736,21,495.4,13,94,99.61
MSFT,2026-08-14,2026-09-04,380.0,P,0.01,0.14,0.075,45.4107,-0.006059,0.000318,-0.021721,0.020381,21,495.4,13,69,99.61
MSFT,2026-08-14,2026-09-04,385.0,P,0.07,0.23,0.15,46.2896,-0.009503,0.000463,-0.03289,0.030292,21,495.4,6,83,99.61
MSFT,2026-08-14,2026-09-04,390.0,P,0.07,0.2,0.135,43.3599,-0.008833,0.000464,-0.028874,0.028413,21,495.4,9,282,99.61
MSFT,2026-08-14,2026-09-04,395.0,P,0.08,0.36,0.22,44.9713,-0.014882,0.000704,-0.047081,0.044695,21,495.4,6,654,99.61
MSFT,2026-08-14,2026-09-04,400.0,P,0.11,0.2,0.155,39.3072,-0.009683,0.000555,-0.028316,0.030792,21,495.4,15,157,99.61
MSFT,2026-08-14,2026-09-04,405.0,P,0.14,0.22,0.18,37.7936,-0.010973,0.000643,-0.030331,0.034338,21,495.4,47,328,99.61
MSFT,2026-08-14,2026-09-04,410.0,P,0.1,0.29,0.195,37.2565,-0.014417,0.000827,-0.037833,0.043492,21,495.4,9,254,99.61
MSFT,2026-08-14,2026-09-04,415.0,P,0.21,0.29,0.25,35.1813,-0.015159,0.000914,-0.037254,0.04541,21,495.4,5,148,99.61
MSFT,2026-08-14,2026-09-04,420.0,P,0.2,0.52,0.36,36.4508,-0.025204,0.001359,-0.059377,0.069923,21,495.4,4,1016,99.61
MSFT,2026-08-14,2026-09-04,425.0,P,0.32,0.39,0.355,32.5934,-0.021338,0.001321,-0.046064,0.060779,21,495.4,32,313,99.61
MSFT,2026-08-14,2026-09-04,430.0,P,0.4,0.51,0.455,31.9587,-0.027874,0.001686,-0.056435,0.07606,21,495.4,24,357,99.61
MSFT,2026-08-14,2026-09-04,435.0,P,0.5,0.59,0.545,30.5915,-0.033061,0.002028,-0.062108,0.087614,21,495.4,8,716,99.61
MSFT,2026-08-14,2026-09-04,440.0,P,0.62,0.76,0.69,29.8347,-0.042474,0.002552,-0.07417,0.107504,21,495.4,22,885,99.61
MSFT,2026-08-14,2026-09-04,445.0,P,0.8,0.94,0.87,28.8337,-0.052977,0.003152,-0.085357,0.128322,21,495.4,13,1422,99.61
MSFT,2026-08-14,2026-09-04,450.0,P,1.0,1.15,1.075,27.7473,-0.065597,0.003873,-0.096856,0.151739,21,495.4,56,889,99.61
MSFT,2026-08-14,2026-09-04,455.0,P,1.35,1.52,1.435,27.1736,-0.085287,0.004831,-0.115525,0.185375,21,495.4,8,329,99.61
MSFT,2026-08-14,2026-09-04,460.0,P,1.76,2.01,1.885,26.667,-0.110419,0.00595,-0.136538,0.224049,21,495.4,79,1522,99.61
MSFT,2026-08-14,2026-09-04,465.0,P,2.32,2.68,2.5,26.313,-0.142618,0.007208,-0.160399,0.267826,21,495.4,89,316,99.61
MSFT,2026-08-14,2026-09-04,470.0,P,3.15,3.5,3.325,25.8735,-0.18052,0.00855,-0.183059,0.31237,21,495.4,150,720,99.61
MSFT,2026-08-14,2026-09-04,475.0,P,4.0,4.5,4.25,25.3731,-0.22473,0.00994,-0.203466,0.356138,21,495.4,209,362,99.61
MSFT,2026-08-14,2026-09-04,480.0,P,5.35,6.05,5.7,25.6325,-0.281306,0.011077,-0.229999,0.400904,21,495.4,15,608,99.61
MSFT,2026-08-14,2026-09-04,485.0,P,6.95,7.5,7.225,24.9794,-0.337403,0.012308,-0.240563,0.434114,21,495.4,211,344,99.61
MSFT,2026-08-14,2026-09-04,490.0,P,8.5,9.2,8.85,24.2561,-0.399737,0.013402,-0.244169,0.459004,21,495.4,64,409,99.61
MSFT,2026-08-14,2026-09-04,495.0,P,10.8,11.85,11.325,24.8482,-0.4685,0.013469,-0.25496,0.472577,21,495.4,46,959,99.61
MSFT,2026-08-14,2026-09-04,500.0,P,13.5,14.4,13.95,24.543,-0.536427,0.013622,-0.247575,0.472078,21,495.4,45,1182,99.61
MSFT,2026-08-14,2026-09-04,505.0,P,15.8,17.6,16.7,24.9184,-0.600886,0.01304,-0.240374,0.458816,21,495.4,13,104,99.61
MSFT,2026-08-14,2026-09-04,510.0,P,19.3,21.3,20.3,25.7759,-0.657065,0.012002,-0.233057,0.436823,21,495.4,4,49,99.61
MSFT,2026-08-14,2026-09-04,515.0,P,23.65,25.1,24.375,26.3252,-0.708576,0.010968,-0.217543,0.407686,21,495.4,7,19,99.61
MSFT,2026-08-14,2026-09-04,520.0,P,26.95,29.4,28.175,27.6405,-0.747213,0.009732,-0.209606,0.379827,21,495.4,1,7,99.61
MSFT,2026-08-14,2026-09-04,525.0,P,31.0,33.6,32.3,28.3088,-0.785053,0.008685,-0.191307,0.347154,21,495.4,6,6,99.61
MSFT,2026-08-14,2026-09-04,530.0,P,35.4,38.1,36.75,29.4746,-0.813129,0.007669,-0.179445,0.319173,21,495.4,2,4,99.61
MSFT,2026-08-14,2026-09-04,535.0,P,40.05,41.85,40.95,27.6741,-0.862862,0.006674,-0.124417,0.260787,21,495.4,1,9,99.61
MSFT,2026-08-14,2026-09-04,540.0,P,44.75,47.45,46.1,32.1845,-0.853254,0.006008,-0.161718,0.273023,21,495.4,1,4,99.61
MSFT,2026-08-14,2026-09-04,570.0,P,73.55,77.55,75.55,45.4534,-0.887351,0.003541,-0.193721,0.227278,21,495.4,0,1,99.61
MSFT,2026-08-14,2026-09-11,300.0,C,193.2,197.3,195.25,103.0034,0.971981,0.000455,-0.190968,0.088207,28,495.4,0,2,99.61
MSFT,2026-08-14,2026-09-11,305.0,C,188.8,192.3,190.55,68.6527,0.996104,0.000123,-0.050062,0.015877,28,495.4,0,1,99.61
MSFT,2026-08-14,2026-09-11,310.0,C,183.85,187.3,185.575,67.7738,0.995424,0.000144,-0.053252,0.018331,28,495.4,10,5,99.61
MSFT,2026-08-14,2026-09-11,325.0,C,168.3,172.3,170.3,88.7941,0.967738,0.000593,-0.188245,0.099147,28,495.4,0,1,99.61
MSFT,2026-08-14,2026-09-11,330.0,C,163.35,167.4,165.375,86.963,0.965541,0.000639,-0.193973,0.104676,28,495.4,2,1,99.61
MSFT,2026-08-14,2026-09-11,335.0,C,158.25,162.35,160.3,83.8136,0.965133,0.00067,-0.190096,0.105692,28,495.4,0,1,99.61
MSFT,2026-08-14,2026-09-11,345.0,C,148.35,152.45,150.4,79.3215,0.961609,0.000766,-0.194712,0.114354,28,495.4,0,1,99.61
MSFT,2026-08-14,2026-09-11,350.0,C,143.3,147.45,145.375,76.6848,0.9604,0.000812,-0.193777,0.117279,28,495.4,0,2,99.61
MSFT,2026-08-14,2026-09-11,355.0,C,138.65,142.45,140.55,74.0847,0.959114,0.000863,-0.192852,0.120363,28,495.4,2,1,99.61
MSFT,2026-08-14,2026-09-11,360.0,C,133.4,137.45,135.425,71.5091,0.957764,0.000918,-0.191853,0.123573,28,495.4,0,1,99.61
MSFT,2026-08-14,2026-09-11,375.0,C,118.8,122.7,120.75,65.6009,0.949384,0.001157,-0.202528,0.1429,28,495.4,14,7,99.61
MSFT,2026-08-14,2026-09-11,390.0,C,103.7,107.75,105.725,58.3744,0.942713,0.001434,-0.200606,0.157618,28,495.4,2,1,99.61
MSFT,2026-08-14,2026-09-11,395.0,C,98.75,102.8,100.775,56.1772,0.939622,0.001553,-0.201425,0.164256,28,495.4,0,5,99.61
MSFT,2026-08-14,2026-09-11,400.0,C,93.65,97.8,95.725,53.7114,0.937152,0.001676,-0.199584,0.169479,28,495.4,8,13,99.61
MSFT,2026-08-14,2026-09-11,405.0,C,88.75,92.8,90.775,51.2578,0.934496,0.001814,-0.197603,0.175022,28,495.4,1,24,99.61
MSFT,2026-08-14,2026-09-11,410.0,C,83.8,87.9,85.85,49.3169,0.929794,0.001989,-0.200274,0.184647,28,495.4,2,43,99.61
MSFT,2026-08-14,2026-09-11,415.0,C,78.95,82.7,80.825,45.8868,0.930461,0.002122,-0.188414,0.183296,28,495.4,62,31,99.61
MSFT,2026-08-14,2026-09-11,420.0,C,75.4,77.8,76.6,43.9581,0.92511,0.002344,-0.19074,0.194012,28,495.4,69,29,99.61
MSFT,2026-08-14,2026-09-11,425.0,C,69.15,72.9,71.025,41.9928,0.919302,0.002597,-0.192622,0.205329,28,495.4,195,41,99.61
MSFT,2026-08-14,2026-09-11,430.0,C,64.85,67.5,66.175,37.7692,0.924048,0.002758,-0.171696,0.196106,28,495.4,212,66,99.61
MSFT,2026-08-14,2026-09-11,435.0,C,60.0,62.8,61.4,36.7194,0.912638,0.003153,-0.182239,0.217936,28,495.4,1,33,99.61
MSFT,2026-08-14,2026-09-11,440.0,C,55.25,58.05,56.65,35.2973,0.901637,0.00358,-0.189226,0.237913,28,495.4,74,84,99.61
MSFT,2026-08-14,2026-09-11,445.0,C,50.55,53.3,51.925,33.747,0.889704,0.004069,-0.194931,0.258503,28,495.4,74,74,99.61
MSFT,2026-08-14,2026-09-11,450.0,C,45.85,48.85,47.35,33.0512,0.870074,0.004663,-0.209866,0.290149,28,495.4,7,135,99.61
MSFT,2026-08-14,2026-09-11,455.0,C,41.4,44.15,42.775,31.3422,0.854522,0.005312,-0.213737,0.313429,28,495.4,8,105,99.61
MSFT,2026-08-14,2026-09-11,460.0,C,37.3,39.05,38.175,28.376,0.84583,0.006098,-0.203482,0.325798,28,495.4,11,237,99.61
MSFT,2026-08-14,2026-09-11,465.0,C,33.2,35.55,34.375,29.5478,0.802168,0.00686,-0.237928,0.381623,28,495.4,1,77,99.61
MSFT,2026-08-14,2026-09-11,470.0,C,29.0,31.25,30.125,28.2234,0.772974,0.007784,-0.243994,0.413604,28,495.4,7,110,99.61
MSFT,2026-08-14,2026-09-11,475.0,C,25.15,27.45,26.3,27.6985,0.733508,0.008643,-0.25688,0.450706,28,495.4,12,184,99.61
MSFT,2026-08-14,2026-09-11,480.0,C,22.0,23.8,22.9,27.0759,0.6902,0.009494,-0.266138,0.483935,28,495.4,34,569,99.61
MSFT,2026-08-14,2026-09-11,485.0,C,18.75,20.3,19.525,26.3252,0.642944,0.010328,-0.27077,0.511866,28,495.4,14,163,99.61
MSFT,2026-08-14,2026-09-11,490.0,C,15.55,17.1,16.325,25.6996,0.590725,0.01102,-0.272542,0.533176,28,495.4,33,145,99.61
MSFT,2026-08-14,2026-09-11,495.0,C,13.45,14.3,13.875,25.3212,0.534673,0.011439,-0.27191,0.545324,28,495.4,171,280,99.61
MSFT,2026-08-14,2026-09-11,500.0,C,11.0,11.35,11.175,24.1707,0.475192,0.012006,-0.258463,0.546334,28,495.4,88,389,99.61
MSFT,2026-08-14,2026-09-11,505.0,C,8.95,9.3,9.125,24.1157,0.416252,0.01179,-0.250427,0.535286,28,495.4,19,189,99.61
MSFT,2026-08-14,2026-09-11,510.0,C,7.15,7.8,7.475,24.5888,0.362872,0.011119,-0.243402,0.514728,28,495.4,21,510,99.61
MSFT,2026-08-14,2026-09-11,515.0,C,5.15,6.15,5.65,24.2805,0.308123,0.010561,-0.224145,0.482787,28,495.4,85,119,99.61
MSFT,2026-08-14,2026-09-11,520.0,C,4.15,4.95,4.55,24.4057,0.260697,0.0097,-0.206798,0.445679,28,495.4,120,359,99.61
MSFT,2026-08-14,2026-09-11,525.0,C,3.25,3.9,3.575,24.3996,0.21682,0.00877,-0.18601,0.40288,28,495.4,77,965,99.61
MSFT,2026-08-14,2026-09-11,530.0,C,2.6,2.95,2.775,24.1463,0.175248,0.007787,-0.161131,0.354013,28,495.4,92,1889,99.61
MSFT,2026-08-14,2026-09-11,535.0,C,2.0,2.26,2.13,24.128,0.141211,0.006763,-0.139205,0.30719,28,495.4,50,187,99.61
MSFT,2026-08-14,2026-09-11,540.0,C,1.55,1.72,1.635,24.1463,0.112541,0.005769,-0.11855,0.262258,28,495.4,68,536,99.61
MSFT,2026-08-14,2026-09-11,545.0,C,1.14,1.3,1.22,24.189,0.088759,0.004843,-0.099576,0.220529,28,495.4,13,272,99.61
MSFT,2026-08-14,2026-09-11,550.0,C,0.84,0.97,0.905,24.2073,0.068961,0.003996,-0.082087,0.182121,28,495.4,76,268,99.61
MSFT,2026-08-14,2026-09-11,555.0,C,0.64,0.77,0.705,24.5857,0.055625,0.003327,-0.070325,0.154004,28,495.4,26,85,99.61
MSFT,2026-08-14,2026-09-11,560.0,C,0.5,0.57,0.535,24.6345,0.042648,0.002685,-0.05687,0.124545,28,495.4,39,167,99.61
MSFT,2026-08-14,2026-09-11,570.0,C,0.27,0.35,0.31,25.2937,0.027005,0.001796,-0.039955,0.085539,28,495.4,2,5122,99.61
MSFT,2026-08-14,2026-09-11,580.0,C,0.04,0.48,0.26,29.322,0.031034,0.001739,-0.051785,0.096017,28,495.4,3,170,99.61
MSFT,2026-08-14,2026-09-11,590.0,C,0.1,0.18,0.14,27.5886,0.013493,0.000913,-0.024028,0.047434,28,495.4,3,67,99.61
MSFT,2026-08-14,2026-09-11,600.0,C,0.02,0.15,0.085,29.1511,0.010806,0.000713,-0.020895,0.039126,28,495.4,5,105,99.61
MSFT,2026-08-14,2026-09-11,620.0,C,0.01,0.2,0.105,34.6686,0.011943,0.000654,-0.027003,0.042681,28,495.4,3,60,99.61
MSFT,2026-08-14,2026-09-11,630.0,C,0.01,0.18,0.095,36.2799,0.010348,0.000552,-0.024911,0.037677,28,495.4,2,37,99.61
MSFT,2026-08-14,2026-09-11,640.0,C,0.01,0.22,0.115,39.3072,0.011546,0.00056,-0.02965,0.041446,28,495.4,2,77,99.61
MSFT,2026-08-14,2026-09-11,650.0,C,0.01,0.17,0.09,40.0397,0.008939,0.00044,-0.024136,0.033153,28,495.4,1,13,99.61
MSFT,2026-08-14,2026-09-11,660.0,C,0.0,2.15,1.075,54.688,0.035971,0.001053,-0.10759,0.108428,28,495.4,1,17,99.61
MSFT,2026-08-14,2026-09-11,670.0,C,0.0,2.15,1.075,56.9829,0.03468,0.000981,-0.10871,0.105226,28,495.4,1,11,99.61
MSFT,2026-08-14,2026-09-11,680.0,C,0.0,0.02,0.01,37.11,0.001339,8.6e-05,-0.004065,0.006035,28,495.4,13,29,99.61
MSFT,2026-08-14,2026-09-11,280.0,P,0.0,2.13,1.065,104.0776,-0.016449,0.000287,-0.103604,0.05624,28,495.4,15,38,99.61
MSFT,2026-08-14,2026-09-11,300.0,P,0.0,2.13,1.065,92.8956,-0.018348,0.000353,-0.101402,0.06174,28,495.4,0,6,99.61
MSFT,2026-08-14,2026-09-11,305.0,P,0.0,2.14,1.07,90.2833,-0.018941,0.000373,-0.101222,0.063433,28,495.4,0,6,99.61
MSFT,2026-08-14,2026-09-11,310.0,P,0.0,2.14,1.07,87.6466,-0.019499,0.000394,-0.100692,0.065021,28,495.4,4,14,99.61
MSFT,2026-08-14,2026-09-11,315.0,P,0.0,2.14,1.07,85.0343,-0.020069,0.000416,-0.100072,0.066629,28,495.4,1,95,99.61
MSFT,2026-08-14,2026-09-11,320.0,P,0.01,0.57,0.29,67.8714,-0.007467,0.000222,-0.033905,0.028304,28,495.4,20,303,99.61
MSFT,2026-08-14,2026-09-11,325.0,P,0.02,0.21,0.115,58.7895,-0.003597,0.000134,-0.015327,0.014781,28,495.4,31,161,99.61
MSFT,2026-08-14,2026-09-11,330.0,P,0.02,0.35,0.185,60.059,-0.005502,0.000191,-0.022878,0.021603,28,495.4,4,14,99.61
MSFT,2026-08-14,2026-09-11,335.0,P,0.01,0.36,0.185,58.0082,-0.005653,0.000203,-0.022624,0.02213,28,495.4,16,5,99.61
MSFT,2026-08-14,2026-09-11,340.0,P,0.01,0.15,0.08,50.9771,-0.002919,0.000128,-0.010997,0.012249,28,495.4,26,4,99.61
MSFT,2026-08-14,2026-09-11,345.0,P,0.02,0.1,0.06,50.2935,-0.0036,0.000156,-0.013094,0.014789,28,495.4,53,230,99.61
MSFT,2026-08-14,2026-09-11,350.0,P,0.04,0.13,0.085,50.0005,-0.004682,0.000199,-0.01646,0.01871,28,495.4,50,41,99.61
MSFT,2026-08-14,2026-09-11,355.0,P,0.01,0.21,0.11,51.0259,-0.007168,0.000284,-0.024501,0.027304,28,495.4,16,31,99.61
MSFT,2026-08-14,2026-09-11,360.0,P,0.05,0.15,0.1,47.0708,-0.00561,0.000248,-0.01818,0.021978,28,495.4,21,54,99.61
MSFT,2026-08-14,2026-09-11,365.0,P,0.05,0.22,0.135,47.5103,-0.008004,0.000336,-0.025108,0.03009,28,495.4,6,8,99.61
MSFT,2026-08-14,2026-09-11,370.0,P,0.01,0.25,0.13,46.3873,-0.009187,0.000389,-0.027647,0.033957,28,495.4,2,14,99.61
MSFT,2026-08-14,2026-09-11,375.0,P,0.03,0.24,0.135,44.2877,-0.009276,0.000411,-0.026598,0.034246,28,495.4,4,14,99.61
MSFT,2026-08-14,2026-09-11,380.0,P,0.08,0.25,0.165,42.6275,-0.009924,0.000453,-0.027133,0.036326,28,495.4,2,23,99.61
MSFT,2026-08-14,2026-09-11,385.0,P,0.12,0.28,0.2,41.4557,-0.011366,0.000524,-0.029671,0.040883,28,495.4,7,63,99.61
MSFT,2026-08-14,2026-09-11,390.0,P,0.14,0.25,0.195,38.9655,-0.010815,0.000534,-0.02668,0.039153,28,495.4,11,49,99.61
MSFT,2026-08-14,2026-09-11,395.0,P,0.15,0.29,0.22,37.9401,-0.012716,0.000631,-0.029867,0.045062,28,495.4,2,35,99.61
MSFT,2026-08-14,2026-09-11,400.0,P,0.16,0.3,0.23,36.2799,-0.013651,0.000701,-0.030331,0.047913,28,495.4,7,146,99.61
MSFT,2026-08-14,2026-09-11,405.0,P,0.27,0.33,0.3,34.9372,-0.015393,0.000808,-0.032347,0.05313,28,495.4,4,127,99.61
MSFT,2026-08-14,2026-09-11,410.0,P,0.13,0.41,0.27,34.2292,-0.019082,0.000991,-0.038027,0.063836,28,495.4,18,104,99.61
MSFT,2026-08-14,2026-09-11,415.0,P,0.12,0.68,0.4,35.3278,-0.029531,0.001385,-0.056592,0.092147,28,495.4,6,158,99.61
MSFT,2026-08-14,2026-09-11,420.0,P,0.43,0.51,0.47,31.6413,-0.024985,0.001346,-0.043992,0.080154,28,495.4,1,140,99.61
MSFT,2026-08-14,2026-09-11,425.0,P,0.54,0.61,0.575,30.7136,-0.030211,0.001624,-0.049936,0.093906,28,495.4,18,68,99.61
MSFT,2026-08-14,2026-09-11,430.0,P,0.61,0.74,0.675,29.8469,-0.036864,0.001969,-0.057049,0.110626,28,495.4,8,204,99.61
MSFT,2026-08-14,2026-09-11,435.0,P,0.82,1.0,0.91,29.6516,-0.048581,0.002477,-0.070704,0.138298,28,495.4,152,133,99.61
MSFT,2026-08-14,2026-09-11,440.0,P,0.98,1.17,1.075,28.5652,-0.057705,0.002948,-0.077865,0.158523,28,495.4,2,132,99.61
MSFT,2026-08-14,2026-09-11,445.0,P,1.26,1.41,1.335,27.6435,-0.069885,0.003535,-0.087199,0.183998,28,495.4,33,75,99.61
MSFT,2026-08-14,2026-09-11,450.0,P,1.64,1.78,1.71,27.0515,-0.087204,0.004273,-0.100602,0.21764,28,495.4,47,252,99.61
MSFT,2026-08-14,2026-09-11,455.0,P,2.05,2.25,2.15,26.4961,-0.108504,0.005122,-0.115236,0.25548,28,495.4,26,463,99.61
MSFT,2026-08-14,2026-09-11,460.0,P,2.42,3.1,2.76,26.7708,-0.141139,0.006093,-0.139442,0.307084,28,495.4,35,329,99.61
MSFT,2026-08-14,2026-09-11,465.0,P,3.35,3.65,3.5,25.6782,-0.167056,0.007102,-0.148724,0.343339,28,495.4,100,273,99.61
MSFT,2026-08-14,2026-09-11,470.0,P,4.25,4.6,4.425,25.2876,-0.204121,0.008168,-0.164935,0.388856,28,495.4,53,203,99.61
MSFT,2026-08-14,2026-09-11,475.0,P,5.05,5.85,5.45,25.1228,-0.248291,0.009185,-0.181904,0.434436,28,495.4,38,243,99.61
MSFT,2026-08-14,2026-09-11,480.0,P,6.85,7.25,7.05,24.778,-0.29605,0.010165,-0.194293,0.474199,28,495.4,17,402,99.61
MSFT,2026-08-14,2026-09-11,485.0,P,8.2,9.0,8.6,24.6284,-0.349483,0.010955,-0.205023,0.507954,28,495.4,27,137,99.61
MSFT,2026-08-14,2026-09-11,490.0,P,10.4,10.85,10.625,24.1524,-0.405288,0.011697,-0.208051,0.531892,28,495.4,524,255,99.61
MSFT,2026-08-14,2026-09-11,495.0,P,12.2,13.35,12.775,24.3385,-0.465034,0.0119,-0.212399,0.545288,28,495.4,125,116,99.61
MSFT,2026-08-14,2026-09-11,500.0,P,15.25,16.0,15.625,24.2683,-0.524601,0.011958,-0.208928,0.546351,28,495.4,16,160,99.61
MSFT,2026-08-14,2026-09-11,505.0,P,17.25,19.3,18.275,24.8634,-0.580468,0.011455,-0.207107,0.536219,28,495.4,1,369,99.61
MSFT,2026-08-14,2026-09-11,510.0,P,20.7,22.6,21.65,24.9824,-0.634645,0.010969,-0.196142,0.515911,28,495.4,1,16,99.61
MSFT,2026-08-14,2026-09-11,515.0,P,24.2,26.05,25.125,24.9092,-0.686803,0.010368,-0.179303,0.486226,28,495.4,10,82,99.61
MSFT,2026-08-14,2026-09-11,520.0,P,27.35,30.05,28.7,25.5256,-0.729079,0.009457,-0.167653,0.454454,28,495.4,1,10,99.61
MSFT,2026-08-14,2026-09-11,525.0,P,32.15,34.55,33.35,26.9386,-0.75881,0.008433,-0.164308,0.427702,28,495.4,3,6,99.61
MSFT,2026-08-14,2026-09-11,530.0,P,36.45,38.8,37.625,27.4971,-0.791358,0.00761,-0.149935,0.393937,28,495.4,2,15,99.61
MSFT,2026-08-14,2026-09-11,535.0,P,40.8,42.85,41.825,27.1614,-0.82816,0.006837,-0.123824,0.349617,28,495.4,2,2,99.61
MSFT,2026-08-14,2026-09-11,540.0,P,45.2,47.5,46.35,28.1868,-0.848222,0.006076,-0.115071,0.322438,28,495.4,1,6,99.61
MSFT,2026-08-14,2026-09-11,550.0,P,54.25,57.6,55.925,32.447,-0.861461,0.004964,-0.126789,0.303227,28,495.4,2,3,99.61
MSFT,2026-08-14,2026-09-11,555.0,P,59.5,62.1,60.8,32.5934,-0.881371,0.004437,-0.108106,0.272261,28,495.4,3,2,99.61
MSFT,2026-08-14,2026-09-11,560.0,P,63.85,66.65,65.25,32.624,-0.899716,0.003929,-0.08884,0.241303,28,495.4,1,2,99.61
MSFT,2026-08-14,2026-09-11,570.0,P,73.75,76.55,75.15,35.5597,-0.910877,0.003304,-0.087167,0.2212,28,495.4,2,1,99.61
MSFT,2026-08-14,2026-09-11,600.0,P,103.5,107.55,105.525,49.5,-0.904567,0.002497,-0.149578,0.23269,28,495.4,0,2,99.61
MSFT,2026-08-14,2026-09-18,215.0,C,278.25,282.25,280.25,144.1165,0.982202,0.000198,-0.159111,0.067259,35,495.4,3,11,99.61
MSFT,2026-08-14,2026-09-18,220.0,C,273.75,277.25,275.5,95.1172,0.998223,3.9e-05,-0.033977,0.008736,35,495.4,1,44,99.61
MSFT,2026-08-14,2026-09-18,225.0,C,196.95,200.35,198.65,0.001,1.0,0.0,-0.022709,0.0,35,495.4,6,6,99.61
MSFT,2026-08-14,2026-09-18,230.0,C,263.15,267.25,265.2,133.5941,0.980781,0.000228,-0.159122,0.071806,35,495.4,5,59,99.61
MSFT,2026-08-14,2026-09-18,235.0,C,258.85,262.25,260.55,91.6993,0.997289,5.9e-05,-0.04035,0.01281,35,495.4,13,14,99.61
MSFT,2026-08-14,2026-09-18,240.0,C,253.85,257.3,255.575,90.8204,0.996835,6.9e-05,-0.04316,0.01473,35,495.4,16,24,99.61
MSFT,2026-08-14,2026-09-18,245.0,C,248.2,252.3,250.25,124.3168,0.978858,0.000266,-0.161757,0.077853,35,495.4,10,11,99.61
MSFT,2026-08-14,2026-09-18,250.0,C,243.85,247.3,245.575,86.133,0.996644,7.7e-05,-0.044155,0.015527,35,495.4,1,37,99.61
MSFT,2026-08-14,2026-09-18,260.0,C,233.85,237.35,235.6,82.8127,0.996047,9.2e-05,-0.047302,0.017984,35,495.4,2,34,99.61
MSFT,2026-08-14,2026-09-18,265.0,C,228.9,232.35,230.625,81.6408,0.995541,0.000104,-0.049864,0.02003,35,495.4,1,21,99.61
MSFT,2026-08-14,2026-09-18,270.0,C,223.9,227.4,225.65,80.4201,0.995002,0.000117,-0.052453,0.022174,35,495.4,1,46,99.61
MSFT,2026-08-14,2026-09-18,275.0,C,218.55,222.4,220.475,68.3597,0.998153,5.6e-05,-0.036494,0.009049,35,495.4,1,25,99.61
MSFT,2026-08-14,2026-09-18,280.0,C,213.75,217.25,215.5,68.3597,0.997584,7.2e-05,-0.039404,0.011544,35,495.4,1,125,99.61
MSFT,2026-08-14,2026-09-18,285.0,C,208.85,212.4,210.625,72.8518,0.995049,0.000128,-0.05138,0.021987,35,495.4,1,806,99.61
MSFT,2026-08-14,2026-09-18,290.0,C,203.95,207.45,205.7,73.3889,0.993532,0.000161,-0.058147,0.027878,35,495.4,2,45,99.61
MSFT,2026-08-14,2026-09-18,295.0,C,199.05,202.55,200.8,74.0237,0.991612,0.000201,-0.066388,0.035054,35,495.4,5,40,99.61
MSFT,2026-08-14,2026-09-18,300.0,C,193.5,197.25,195.375,91.9679,0.972323,0.000451,-0.156973,0.097616,35,495.4,5,332,99.61
MSFT,2026-08-14,2026-09-18,305.0,C,188.95,192.55,190.75,68.5062,0.992008,0.000208,-0.063231,0.033596,35,495.4,2,144,99.61
MSFT,2026-08-14,2026-09-18,310.0,C,183.9,187.55,185.725,65.7718,0.99226,0.000211,-0.06156,0.032661,35,495.4,12,232,99.61
MSFT,2026-08-14,2026-09-18,315.0,C,179.0,182.5,180.75,64.3558,0.991565,0.000233,-0.063727,0.035228,35,495.4,2,121,99.61
MSFT,2026-08-14,2026-09-18,320.0,C,174.0,177.6,175.8,63.5258,0.990309,0.000266,-0.067879,0.039781,35,495.4,2,164,99.61
MSFT,2026-08-14,2026-09-18,325.0,C,168.8,172.65,170.725,59.766,0.991562,0.000251,-0.062437,0.035238,35,495.4,12,86,99.61
MSFT,2026-08-14,2026-09-18,330.0,C,163.9,167.2,165.55,52.4419,0.995404,0.000167,-0.04848,0.020577,35,495.4,3,776,99.61
MSFT,2026-08-14,2026-09-18,335.0,C,158.6,162.75,160.675,54.688,0.992151,0.000257,-0.059229,0.033068,35,495.4,2,85,99.61
MSFT,2026-08-14,2026-09-18,340.0,C,154.15,157.75,155.95,58.3012,0.985915,0.000401,-0.079396,0.055032,35,495.4,1,178,99.61
MSFT,2026-08-14,2026-09-18,345.0,C,148.7,152.8,150.75,52.686,0.989858,0.000334,-0.065437,0.041393,35,495.4,5,105,99.61
MSFT,2026-08-14,2026-09-18,350.0,C,144.2,147.8,146.0,55.0786,0.983948,0.000475,-0.082919,0.061577,35,495.4,1,806,99.61
MSFT,2026-08-14,2026-09-18,355.0,C,139.0,142.8,140.9,51.6362,0.985601,0.000462,-0.076437,0.056086,35,495.4,1,438,99.61
MSFT,2026-08-14,2026-09-18,360.0,C,134.1,137.7,135.9,65.7962,0.954124,0.000954,-0.172635,0.14768,35,495.4,1,2075,99.61
MSFT,2026-08-14,2026-09-18,365.0,C,129.15,132.9,131.025,64.661,0.94985,0.001042,-0.180593,0.158594,35,495.4,2,793,99.61
MSFT,2026-08-14,2026-09-18,370.0,C,123.85,127.45,125.65,59.6318,0.954686,0.001042,-0.159451,0.146225,35,495.4,6,3123,99.61
MSFT,2026-08-14,2026-09-18,375.0,C,119.15,122.8,120.975,59.4425,0.947809,0.00117,-0.174031,0.16371,35,495.4,3,903,99.61
MSFT,2026-08-14,2026-09-18,380.0,C,114.15,116.9,115.525,51.6118,0.960915,0.001068,-0.131911,0.129732,35,495.4,8,4338,99.61
MSFT,2026-08-14,2026-09-18,385.0,C,110.0,112.9,111.45,55.4265,0.94242,0.001356,-0.175837,0.176932,35,495.4,2,966,99.61
MSFT,2026-08-14,2026-09-18,390.0,C,104.25,107.0,105.625,48.0718,0.955926,0.001264,-0.135208,0.142994,35,495.4,10,4304,99.61
MSFT,2026-08-14,2026-09-18,395.0,C,100.1,103.05,101.575,51.6484,0.935518,0.00159,-0.179018,0.193305,35,495.4,14,1042,99.61
MSFT,2026-08-14,2026-09-18,400.0,C,95.1,97.15,96.125,44.7881,0.949204,0.00152,-0.140181,0.160221,35,495.4,27,9630,99.61
MSFT,2026-08-14,2026-09-18,405.0,C,89.35,92.6,90.975,45.0323,0.938217,0.001764,-0.157863,0.186975,35,495.4,9,4199,99.61
MSFT,2026-08-14,2026-09-18,410.0,C,85.4,87.7,86.55,43.3477,0.933593,0.001939,-0.16031,0.197767,35,495.4,29,6427,99.61
MSFT,2026-08-14,2026-09-18,415.0,C,80.1,82.2,81.15,38.7946,0.941054,0.001974,-0.138648,0.180222,35,495.4,5,970,99.61
MSFT,2026-08-14,2026-09-18,420.0,C,75.7,77.9,76.8,39.8688,0.923329,0.002354,-0.164093,0.220831,35,495.4,49,8465,99.61
MSFT,2026-08-14,2026-09-18,425.0,C,70.4,72.65,71.525,36.6583,0.924817,0.002522,-0.152855,0.217559,35,495.4,49,4533,99.61
MSFT,2026-08-14,2026-09-18,430.0,C,66.05,67.9,66.975,35.5109,0.915394,0.002847,-0.159609,0.237884,35,495.4,35,14767,99.61
MSFT,2026-08-14,2026-09-18,435.0,C,61.3,63.1,62.2,34.0583,0.906443,0.003199,-0.163707,0.256376,35,495.4,20,1190,99.61
MSFT,2026-08-14,2026-09-18,440.0,C,57.0,58.4,57.7,32.8681,0.894513,0.003618,-0.170264,0.279884,35,495.4,57,11829,99.61
MSFT,2026-08-14,2026-09-18,445.0,C,51.6,54.35,52.975,33.4632,0.868947,0.004144,-0.193985,0.32634,35,495.4,17,1444,99.61
MSFT,2026-08-14,2026-09-18,450.0,C,48.05,49.2,48.625,30.6556,0.863753,0.004646,-0.185026,0.335179,35,495.4,78,16486,99.61
MSFT,2026-08-14,2026-09-18,455.0,C,43.0,44.95,43.975,30.2039,0.839936,0.005253,-0.198575,0.373354,35,495.4,121,2430,99.61
MSFT,2026-08-14,2026-09-18,460.0,C,39.5,40.4,39.95,28.7696,0.820306,0.005939,-0.202221,0.402109,35,495.4,172,8350,99.61
MSFT,2026-08-14,2026-09-18,465.0,C,34.55,36.4,35.475,28.3699,0.789631,0.006629,-0.215197,0.442576,35,495.4,29,1372,99.61
MSFT,2026-08-14,2026-09-18,470.0,C,31.1,32.65,31.875,28.1501,0.754288,0.007291,-0.22868,0.483008,35,495.4,133,19622,99.61
MSFT,2026-08-14,2026-09-18,475.0,C,27.15,28.75,27.95,27.3018,0.719579,0.008043,-0.234656,0.516778,35,495.4,169,1663,99.61
MSFT,2026-08-14,2026-09-18,480.0,C,24.2,24.95,24.575,26.3374,0.681341,0.008835,-0.237618,0.547632,35,495.4,220,17833,99.61
MSFT,2026-08-14,2026-09-18,485.0,C,20.95,21.8,21.375,26.1635,0.635381,0.009362,-0.245036,0.576417,35,495.4,70,1117,99.61
MSFT,2026-08-14,2026-09-18,490.0,C,18.0,19.0,18.5,26.1757,0.586862,0.009699,-0.250855,0.597439,35,495.4,81,5435,99.61
MSFT,2026-08-14,2026-09-18,495.0,C,15.55,15.95,15.75,25.3883,0.537714,0.010197,-0.246275,0.609266,35,495.4,352,1429,99.61
MSFT,2026-08-14,2026-09-18,500.0,C,13.15,13.7,13.425,25.4921,0.486954,0.010196,-0.245745,0.611676,35,495.4,607,16423,99.61
MSFT,2026-08-14,2026-09-18,505.0,C,11.0,11.3,11.15,24.9489,0.434899,0.010284,-0.235843,0.603837,35,495.4,147,2446,99.61
MSFT,2026-08-14,2026-09-18,510.0,C,9.05,9.45,9.25,24.9031,0.385098,0.010007,-0.226955,0.58644,35,495.4,540,15809,99.61
MSFT,2026-08-14,2026-09-18,515.0,C,7.5,7.95,7.725,25.0648,0.338913,0.009518,-0.217187,0.561407,35,495.4,171,1823,99.61
MSFT,2026-08-14,2026-09-18,520.0,C,6.1,6.35,6.225,24.6498,0.291056,0.009068,-0.199161,0.526011,35,495.4,273,10799,99.61
MSFT,2026-08-14,2026-09-18,525.0,C,4.9,5.1,5.0,24.482,0.247992,0.008425,-0.181669,0.485402,35,495.4,263,33653,99.61
MSFT,2026-08-14,2026-09-18,530.0,C,3.95,4.15,4.05,24.5552,0.210923,0.007671,-0.165634,0.443259,35,495.4,1120,13890,99.61
MSFT,2026-08-14,2026-09-18,535.0,C,3.1,3.45,3.275,24.8726,0.180382,0.006886,-0.151908,0.403075,35,495.4,274,4849,99.61
MSFT,2026-08-14,2026-09-18,540.0,C,2.5,2.68,2.59,24.6651,0.148234,0.006114,-0.132193,0.354863,35,495.4,1922,7562,99.61
MSFT,2026-08-14,2026-09-18,545.0,C,1.96,2.12,2.04,24.6834,0.122255,0.005353,-0.115547,0.31092,35,495.4,565,5085,99.61
MSFT,2026-08-14,2026-09-18,550.0,C,1.56,1.7,1.63,24.836,0.10117,0.004646,-0.101232,0.27152,35,495.4,628,8912,99.61
MSFT,2026-08-14,2026-09-18,555.0,C,1.25,1.31,1.28,24.781,0.081381,0.003962,-0.085734,0.231031,35,495.4,124,688,99.61
MSFT,2026-08-14,2026-09-18,560.0,C,0.96,1.03,0.995,24.8848,0.066022,0.003362,-0.073194,0.196878,35,495.4,100,4447,99.61
MSFT,2026-08-14,2026-09-18,565.0,C,0.76,0.88,0.82,25.428,0.056467,0.002912,-0.066033,0.174235,35,495.4,28,717,99.61
MSFT,2026-08-14,2026-09-18,570.0,C,0.57,0.67,0.62,25.3914,0.044604,0.002416,-0.054538,0.144377,35,495.4,311,31893,99.61
MSFT,2026-08-14,2026-09-18,575.0,C,0.42,0.52,0.47,25.4768,0.035589,0.002004,-0.045469,0.120172,35,495.4,199,1036,99.61
MSFT,2026-08-14,2026-09-18,580.0,C,0.36,0.41,0.385,25.6355,0.028602,0.001663,-0.038134,0.100326,35,495.4,118,9548,99.61
MSFT,2026-08-14,2026-09-18,585.0,C,0.26,0.38,0.32,26.4656,0.025929,0.001484,-0.036212,0.092442,35,495.4,4,75,99.61
MSFT,2026-08-14,2026-09-18,590.0,C,0.23,0.46,0.345,28.4431,0.028727,0.001504,-0.042307,0.100689,35,495.4,22,2667,99.61
MSFT,2026-08-14,2026-09-18,595.0,C,0.04,0.25,0.145,26.9783,0.017487,0.001044,-0.026386,0.066254,35,495.4,3,161,99.61
MSFT,2026-08-14,2026-09-18,600.0,C,0.13,0.2,0.165,27.1736,0.014177,0.000865,-0.022174,0.055341,35,495.4,34,5871,99.61
MSFT,2026-08-14,2026-09-18,605.0,C,0.03,0.27,0.15,29.3464,0.01722,0.000947,-0.028251,0.065391,35,495.4,2,47,99.61
MSFT,2026-08-14,2026-09-18,610.0,C,0.06,0.15,0.105,28.1257,0.010582,0.000649,-0.017775,0.042955,35,495.4,100,3217,99.61
MSFT,2026-08-14,2026-09-18,620.0,C,0.02,0.1,0.06,28.614,0.007188,0.000454,-0.01286,0.030603,35,495.4,10,1018,99.61
MSFT,2026-08-14,2026-09-18,630.0,C,0.02,0.14,0.08,31.5925,0.008853,0.000494,-0.017018,0.036754,35,495.4,1,672,99.61
MSFT,2026-08-14,2026-09-18,640.0,C,0.01,0.14,0.075,33.3503,0.008335,0.000444,-0.017013,0.034861,35,495.4,2,1372,99.61
MSFT,2026-08-14,2026-09-18,650.0,C,0.04,0.06,0.05,32.0319,0.00399,0.000241,-0.008493,0.018134,35,495.4,26,3541,99.61
MSFT,2026-08-14,2026-09-18,660.0,C,0.04,0.05,0.045,33.0085,0.003256,0.000195,-0.007284,0.01511,35,495.4,5,774,99.61
MSFT,2026-08-14,2026-09-18,670.0,C,0.01,0.15,0.08,38.7701,0.00765,0.000354,-0.018275,0.032328,35,495.4,7,479,99.61
MSFT,2026-08-14,2026-09-18,680.0,C,0.01,0.08,0.045,37.7936,0.004429,0.000224,-0.010962,0.019906,35,495.4,10,3312,99.61
MSFT,2026-08-14,2026-09-18,700.0,C,0.0,0.15,0.075,43.6529,0.006876,0.000286,-0.01868,0.029425,35,495.4,204,1542,99.61
MSFT,2026-08-14,2026-09-18,720.0,C,0.0,0.05,0.025,41.7975,0.002582,0.000125,-0.007445,0.012259,35,495.4,94,639,99.61
MSFT,2026-08-14,2026-09-18,740.0,C,0.0,0.19,0.095,50.9771,0.007329,0.00026,-0.023021,0.031132,35,495.4,1,1343,99.61
MSFT,2026-08-14,2026-09-18,760.0,C,0.0,0.02,0.01,43.3599,0.000988,5e-05,-0.003213,0.00511,35,495.4,28,2430,99.61
MSFT,2026-08-14,2026-09-18,780.0,C,0.0,0.25,0.125,54.1997,0.004667,0.000164,-0.016375,0.020861,35,495.4,1,1126,99.61
MSFT,2026-08-14,2026-09-18,800.0,C,0.0,0.01,0.005,45.7037,0.0005,2.5e-05,-0.001805,0.002727,35,495.4,11,10378,99.61
MSFT,2026-08-14,2026-09-18,215.0,P,0.0,0.03,0.015,82.8127,-0.000341,1e-05,-0.00224,0.001909,35,495.4,2,1032,99.61
MSFT,2026-08-14,2026-09-18,220.0,P,0.0,0.03,0.015,80.4689,-0.000341,1e-05,-0.002181,0.001913,35,495.4,163,948,99.61
MSFT,2026-08-14,2026-09-18,225.0,P,0.0,0.06,0.03,82.8127,-0.000641,1.8e-05,-0.004025,0.003432,35,495.4,72,574,99.61
MSFT,2026-08-14,2026-09-18,230.0,P,0.0,0.1,0.05,84.5705,-0.001055,2.7e-05,-0.006496,0.005424,35,495.4,5,1129,99.61
MSFT,2026-08-14,2026-09-18,235.0,P,0.0,0.08,0.04,80.6643,-0.00089,2.4e-05,-0.005299,0.00464,35,495.4,7,159,99.61
MSFT,2026-08-14,2026-09-18,240.0,P,0.0,0.03,0.015,72.6565,-0.000405,1.3e-05,-0.002306,0.002242,35,495.4,29,649,99.61
MSFT,2026-08-14,2026-09-18,245.0,P,0.0,0.03,0.015,70.3128,-0.000391,1.3e-05,-0.00216,0.002171,35,495.4,72,673,99.61
MSFT,2026-08-14,2026-09-18,250.0,P,0.0,0.02,0.01,66.4066,-0.000285,1e-05,-0.001518,0.001616,35,495.4,51,553,99.61
MSFT,2026-08-14,2026-09-18,255.0,P,0.0,0.02,0.01,64.0629,-0.000265,1e-05,-0.001371,0.001514,35,495.4,309,546,99.61
MSFT,2026-08-14,2026-09-18,260.0,P,0.01,0.15,0.08,75.1956,-0.001864,5.2e-05,-0.009701,0.009124,35,495.4,2,959,99.61
MSFT,2026-08-14,2026-09-18,265.0,P,0.0,0.65,0.325,85.547,-0.006078,0.000131,-0.031912,0.026385,35,495.4,150,668,99.61
MSFT,2026-08-14,2026-09-18,270.0,P,0.01,0.06,0.035,65.6253,-0.000949,3.2e-05,-0.004565,0.004923,35,495.4,21,1560,99.61
MSFT,2026-08-14,2026-09-18,275.0,P,0.01,0.05,0.03,62.891,-0.000851,3e-05,-0.003956,0.004453,35,495.4,28,1363,99.61
MSFT,2026-08-14,2026-09-18,280.0,P,0.01,0.11,0.06,65.2347,-0.001625,5.2e-05,-0.007417,0.008051,35,495.4,53,845,99.61
MSFT,2026-08-14,2026-09-18,285.0,P,0.01,0.08,0.045,61.5238,-0.001281,4.5e-05,-0.005629,0.006482,35,495.4,47,2075,99.61
MSFT,2026-08-14,2026-09-18,290.0,P,0.03,0.07,0.05,60.352,-0.001452,5.1e-05,-0.006189,0.007267,35,495.4,47,2494,99.61
MSFT,2026-08-14,2026-09-18,295.0,P,0.04,0.1,0.07,60.5473,-0.002004,6.8e-05,-0.008322,0.009744,35,495.4,9,1214,99.61
MSFT,2026-08-14,2026-09-18,300.0,P,0.03,0.08,0.055,57.227,-0.001646,6e-05,-0.006574,0.008148,35,495.4,1716,5821,99.61
MSFT,2026-08-14,2026-09-18,305.0,P,0.01,0.15,0.08,57.6176,-0.002344,8.3e-05,-0.009122,0.011233,35,495.4,10,389,99.61
MSFT,2026-08-14,2026-09-18,310.0,P,0.06,0.1,0.08,55.8598,-0.002423,8.8e-05,-0.009106,0.011572,35,495.4,262,6018,99.61
MSFT,2026-08-14,2026-09-18,315.0,P,0.01,0.14,0.075,53.7114,-0.002351,8.9e-05,-0.008516,0.01126,35,495.4,755,525,99.61
MSFT,2026-08-14,2026-09-18,320.0,P,0.08,0.11,0.095,53.3208,-0.002971,0.000111,-0.010441,0.013914,35,495.4,39,6759,99.61
MSFT,2026-08-14,2026-09-18,325.0,P,0.05,0.16,0.105,52.1489,-0.003333,0.000126,-0.011319,0.01543,35,495.4,7,755,99.61
MSFT,2026-08-14,2026-09-18,330.0,P,0.1,0.16,0.13,51.6606,-0.004124,0.000154,-0.013565,0.018676,35,495.4,214,10027,99.61
MSFT,2026-08-14,2026-09-18,335.0,P,0.08,0.17,0.125,51.563,-0.005351,0.000194,-0.017073,0.023562,35,495.4,225,826,99.61
MSFT,2026-08-14,2026-09-18,340.0,P,0.12,0.16,0.14,49.4146,-0.005239,0.000199,-0.016047,0.023123,35,495.4,601,7552,99.61
MSFT,2026-08-14,2026-09-18,345.0,P,0.1,0.18,0.14,48.3404,-0.005941,0.000227,-0.017542,0.025855,35,495.4,208,945,99.61
MSFT,2026-08-14,2026-09-18,350.0,P,0.15,0.19,0.17,46.9732,-0.006466,0.000252,-0.018361,0.027869,35,495.4,4712,10207,99.61
MSFT,2026-08-14,2026-09-18,355.0,P,0.13,0.26,0.195,47.1197,-0.008629,0.000324,-0.023736,0.035938,35,495.4,219,987,99.61
MSFT,2026-08-14,2026-09-18,360.0,P,0.17,0.21,0.19,44.0924,-0.007497,0.000306,-0.019611,0.031759,35,495.4,587,11764,99.61
MSFT,2026-08-14,2026-09-18,365.0,P,0.15,0.23,0.19,42.8717,-0.008332,0.000345,-0.020906,0.034849,35,495.4,91,960,99.61
MSFT,2026-08-14,2026-09-18,370.0,P,0.21,0.26,0.235,41.8951,-0.009593,0.0004,-0.023094,0.039428,35,495.4,143,7594,99.61
MSFT,2026-08-14,2026-09-18,375.0,P,0.21,0.3,0.255,40.9674,-0.011121,0.000465,-0.025665,0.04485,35,495.4,351,2064,99.61
MSFT,2026-08-14,2026-09-18,380.0,P,0.25,0.29,0.27,39.0631,-0.011241,0.000492,-0.024675,0.045271,35,495.4,59,6478,99.61
MSFT,2026-08-14,2026-09-18,385.0,P,0.26,0.38,0.32,38.8922,-0.014514,0.000617,-0.030617,0.056474,35,495.4,2,820,99.61
MSFT,2026-08-14,2026-09-18,390.0,P,0.31,0.35,0.33,36.695,-0.014145,0.00064,-0.028215,0.055233,35,495.4,201,7575,99.61
MSFT,2026-08-14,2026-09-18,395.0,P,0.32,0.4,0.36,35.7184,-0.016382,0.000745,-0.031116,0.062657,35,495.4,14,1185,99.61
MSFT,2026-08-14,2026-09-18,400.0,P,0.42,0.48,0.45,35.0104,-0.019704,0.00089,-0.035652,0.073341,35,495.4,879,8235,99.61
MSFT,2026-08-14,2026-09-18,405.0,P,0.43,0.54,0.485,33.9362,-0.022561,0.00103,-0.038694,0.082243,35,495.4,9,3703,99.61
MSFT,2026-08-14,2026-09-18,410.0,P,0.52,0.6,0.56,32.7643,-0.025555,0.001184,-0.041412,0.091324,35,495.4,35,6652,99.61
MSFT,2026-08-14,2026-09-18,415.0,P,0.62,0.72,0.67,32.0441,-0.030743,0.001413,-0.047157,0.106519,35,495.4,14,642,99.61
MSFT,2026-08-14,2026-09-18,420.0,P,0.74,0.79,0.765,30.7868,-0.034627,0.001622,-0.049873,0.1175,35,495.4,136,5448,99.61
MSFT,2026-08-14,2026-09-18,425.0,P,0.9,0.97,0.935,30.1765,-0.042269,0.001947,-0.057392,0.138244,35,495.4,114,1071,99.61
MSFT,2026-08-14,2026-09-18,430.0,P,1.03,1.14,1.085,29.3098,-0.050051,0.002296,-0.063691,0.158345,35,495.4,313,3213,99.61
MSFT,2026-08-14,2026-09-18,435.0,P,1.28,1.38,1.33,28.6262,-0.060443,0.002728,-0.07201,0.183797,35,495.4,142,3587,99.61
MSFT,2026-08-14,2026-09-18,440.0,P,1.55,1.77,1.66,28.3699,-0.075759,0.003278,-0.08473,0.218827,35,495.4,151,6705,99.61
MSFT,2026-08-14,2026-09-18,445.0,P,1.89,2.11,2.0,27.6008,-0.090199,0.003842,-0.093676,0.249526,35,495.4,96,963,99.61
MSFT,2026-08-14,2026-09-18,450.0,P,2.45,2.57,2.51,27.0088,-0.108704,0.0045,-0.104673,0.286014,35,495.4,922,7029,99.61
MSFT,2026-08-14,2026-09-18,455.0,P,2.96,3.25,3.105,26.7738,-0.133443,0.005244,-0.119398,0.33043,35,495.4,80,1664,99.61
MSFT,2026-08-14,2026-09-18,460.0,P,3.75,3.9,3.825,26.1116,-0.15837,0.006034,-0.130005,0.37076,35,495.4,1155,10090,99.61
MSFT,2026-08-14,2026-09-18,465.0,P,4.5,4.9,4.7,25.9681,-0.191652,0.006848,-0.145196,0.418509,35,495.4,212,1431,99.61
MSFT,2026-08-14,2026-09-18,470.0,P,5.45,5.9,5.675,25.4402,-0.225875,0.007702,-0.155706,0.461097,35,495.4,479,5694,99.61
MSFT,2026-08-14,2026-09-18,475.0,P,6.8,7.25,7.025,25.2479,-0.266878,0.008487,-0.167828,0.504274,35,495.4,110,997,99.61
MSFT,2026-08-14,2026-09-18,480.0,P,8.1,8.7,8.4,24.8421,-0.310278,0.009261,-0.175771,0.541419,35,495.4,140,4422,99.61
MSFT,2026-08-14,2026-09-18,485.0,P,10.15,10.7,10.425,24.9916,-0.359926,0.009758,-0.185834,0.57388,35,495.4,119,1185,99.61
MSFT,2026-08-14,2026-09-18,490.0,P,12.15,12.55,12.35,24.4667,-0.409305,0.010353,-0.186648,0.596119,35,495.4,619,2636,99.61
MSFT,2026-08-14,2026-09-18,495.0,P,14.05,14.75,14.4,24.1035,-0.461904,0.01074,-0.185212,0.609211,35,495.4,239,1944,99.61
MSFT,2026-08-14,2026-09-18,500.0,P,16.4,17.4,16.9,24.0456,-0.51567,0.010807,-0.182548,0.611531,35,495.4,257,2837,99.61
MSFT,2026-08-14,2026-09-18,505.0,P,19.7,20.6,20.15,24.4636,-0.566977,0.01048,-0.180456,0.603358,35,495.4,20,737,99.61
MSFT,2026-08-14,2026-09-18,510.0,P,22.9,23.7,23.3,24.3141,-0.618308,0.010222,-0.169872,0.584891,35,495.4,24,629,99.61
MSFT,2026-08-14,2026-09-18,515.0,P,26.25,27.05,26.65,24.1768,-0.667671,0.009792,-0.156326,0.55712,35,495.4,22,133,99.61
MSFT,2026-08-14,2026-09-18,520.0,P,29.25,31.05,30.15,24.8512,-0.707199,0.009019,-0.148789,0.527477,35,495.4,22,297,99.61
MSFT,2026-08-14,2026-09-18,525.0,P,33.55,35.15,34.35,25.4219,-0.743055,0.008267,-0.138927,0.49456,35,495.4,6,12,99.61
MSFT,2026-08-14,2026-09-18,530.0,P,37.45,39.1,38.275,25.3609,-0.780904,0.007593,-0.121201,0.453153,35,495.4,2,105,99.61
MSFT,2026-08-14,2026-09-18,535.0,P,41.65,43.55,42.6,26.1177,-0.806913,0.00684,-0.112138,0.420422,35,495.4,1,12,99.61
MSFT,2026-08-14,2026-09-18,540.0,P,45.65,48.15,46.9,27.0454,-0.827697,0.006152,-0.105053,0.391556,35,495.4,1,29,99.61
MSFT,2026-08-14,2026-09-18,545.0,P,50.25,52.5,51.375,27.0881,-0.853911,0.005513,-0.088006,0.351412,35,495.4,4,61,99.61
MSFT,2026-08-14,2026-09-18,550.0,P,55.1,57.4,56.25,28.5285,-0.86416,0.004982,-0.087335,0.334493,35,495.4,11,35,99.61
MSFT,2026-08-14,2026-09-18,560.0,P,64.55,66.8,65.675,29.8286,-0.892961,0.004029,-0.069151,0.282852,35,495.4,1,17,99.61
MSFT,2026-08-14,2026-09-18,580.0,P,83.7,86.55,85.125,34.8151,-0.915533,0.0029,-0.063667,0.237591,35,495.4,15,15,99.61
MSFT,2026-08-14,2026-09-18,585.0,P,88.65,92.3,90.475,39.2035,-0.899645,0.002926,-0.096887,0.269924,35,495.4,1,23,99.61
MSFT,2026-08-14,2026-09-18,590.0,P,93.6,96.5,95.05,37.3786,-0.922388,0.002534,-0.063169,0.222887,35,495.4,2,21,99.61
MSFT,2026-08-14,2026-09-18,595.0,P,98.5,102.5,100.5,42.8289,-0.901173,0.002648,-0.10792,0.266913,35,495.4,0,1,99.61
MSFT,2026-08-14,2026-09-18,600.0,P,103.6,107.5,105.55,44.2388,-0.903883,0.002512,-0.109251,0.261525,35,495.4,2,4,99.61
MSFT,2026-08-14,2026-09-18,605.0,P,108.65,112.55,110.6,45.8257,-0.905324,0.002398,-0.112706,0.258634,35,495.4,3,10,99.61
MSFT,2026-08-14,2026-09-18,610.0,P,113.6,117.25,115.425,45.9966,-0.913854,0.002228,-0.100927,0.24112,35,495.4,1,1,99.61
MSFT,2026-08-14,2026-09-18,620.0,P,123.5,126.45,124.975,44.9224,-0.935464,0.00183,-0.06461,0.193431,35,495.4,12,6,99.61
MSFT,2026-08-14,2026-09-18,640.0,P,143.45,147.45,145.45,54.5659,-0.920761,0.001763,-0.115595,0.226421,35,495.4,2,1,99.61
MSFT,2026-08-14,2026-09-18,650.0,P,153.45,157.45,155.45,57.0073,-0.923676,0.00164,-0.117164,0.220069,35,495.4,10,10,99.61
MSFT,2026-08-14,2026-09-18,660.0,P,180.6,184.45,182.525,101.0015,-0.773225,0.001944,-0.609786,0.462134,35,495.4,2,0,99.61
MSFT,2026-08-14,2026-09-18,670.0,P,178.75,181.45,180.1,72.1011,-0.889659,0.001704,-0.235145,0.289099,35,495.4,1,0,99.61
MSFT,2026-08-14,2026-09-18,680.0,P,200.45,204.55,202.5,106.9066,-0.782453,0.001794,-0.629757,0.451305,35,495.4,5,0,99.61
MSFT,2026-08-14,2026-09-18,700.0,P,204.0,207.5,205.75,57.7397,-0.965949,0.000853,-0.026538,0.115891,35,495.4,2,0,99.61
MSFT,2026-08-14,2026-09-18,720.0,P,223.55,227.2,225.375,57.8129,-0.9761,0.000635,0.000242,0.086334,35,495.4,0,0,99.61
MSFT,2026-08-14,2026-09-18,740.0,P,226.65,230.3,228.475,0.001,-1.0,0.0,0.074688,0.0,35,495.4,0,0,99.61
MSFT,2026-08-14,2026-09-18,800.0,P,375.2,378.9,377.05,239.7556,-0.606235,0.001046,-1.953228,0.590174,35,495.4,0,0,99.61
MSFT,2026-08-14,2026-09-25,370.0,C,125.2,128.2,126.7,58.5392,0.944138,0.001145,-0.166145,0.189249,42,495.4,3,3,99.61
MSFT,2026-08-14,2026-09-25,375.0,C,119.35,123.3,121.325,56.8486,0.940899,0.001232,-0.168476,0.197829,42,495.4,4,2,99.61
MSFT,2026-08-14,2026-09-25,385.0,C,109.35,113.45,111.4,53.2231,0.934517,0.001426,-0.171049,0.214302,42,495.4,2,1,99.61
MSFT,2026-08-14,2026-09-25,400.0,C,94.75,98.65,96.7,47.6263,0.923801,0.00179,-0.172737,0.240774,42,495.4,1,8,99.61
MSFT,2026-08-14,2026-09-25,405.0,C,89.85,93.85,91.85,46.2408,0.917739,0.001954,-0.176856,0.255141,42,495.4,1,1,99.61
MSFT,2026-08-14,2026-09-25,420.0,C,75.8,78.75,77.275,39.5209,0.908301,0.002479,-0.167643,0.276708,42,495.4,10,11,99.61
MSFT,2026-08-14,2026-09-25,425.0,C,71.1,74.1,72.6,38.5321,0.898058,0.002749,-0.174609,0.299086,42,495.4,1,5,99.61
MSFT,2026-08-14,2026-09-25,430.0,C,66.5,69.25,67.875,36.8384,0.890559,0.003026,-0.1756,0.314836,42,495.4,6,14,99.61
MSFT,2026-08-14,2026-09-25,435.0,C,61.65,64.6,63.125,35.6635,0.87908,0.003356,-0.180918,0.337978,42,495.4,2,9,99.61
MSFT,2026-08-14,2026-09-25,440.0,C,57.3,59.6,58.45,33.4693,0.872602,0.003709,-0.177277,0.350545,42,495.4,1,7,99.61
MSFT,2026-08-14,2026-09-25,445.0,C,52.6,55.35,53.975,33.1367,0.852808,0.004134,-0.189671,0.386901,42,495.4,1,28,99.61
MSFT,2026-08-14,2026-09-25,450.0,C,48.3,51.0,49.65,32.3432,0.833904,0.004587,-0.197849,0.418941,42,495.4,3,24,99.61
MSFT,2026-08-14,2026-09-25,455.0,C,43.9,45.95,44.925,29.8713,0.824377,0.005147,-0.190967,0.434165,42,495.4,6,52,99.61
MSFT,2026-08-14,2026-09-25,460.0,C,39.9,42.5,41.2,30.6159,0.790098,0.0056,-0.211684,0.484184,42,495.4,11,28,99.61
MSFT,2026-08-14,2026-09-25,465.0,C,35.85,38.75,37.3,30.3993,0.760197,0.006083,-0.223072,0.522183,42,495.4,9,48,99.61
MSFT,2026-08-14,2026-09-25,470.0,C,32.5,34.95,33.725,29.8194,0.730049,0.006598,-0.230206,0.555593,42,495.4,16,387,99.61
MSFT,2026-08-14,2026-09-25,475.0,C,29.1,31.35,30.225,29.322,0.696818,0.00709,-0.236607,0.587072,42,495.4,13,22,99.61
MSFT,2026-08-14,2026-09-25,480.0,C,25.55,27.45,26.5,28.0891,0.664113,0.007726,-0.235372,0.612857,42,495.4,3,47,99.61
MSFT,2026-08-14,2026-09-25,485.0,C,23.0,24.45,23.725,28.0067,0.623849,0.008065,-0.241394,0.637845,42,495.4,5,19,99.61
MSFT,2026-08-14,2026-09-25,490.0,C,19.9,21.35,20.625,27.4635,0.583124,0.008456,-0.241421,0.65581,42,495.4,32,72,99.61
MSFT,2026-08-14,2026-09-25,495.0,C,17.4,18.5,17.95,26.9935,0.54025,0.00875,-0.239493,0.667001,42,495.4,25,100,99.61
MSFT,2026-08-14,2026-09-25,500.0,C,14.45,15.6,15.025,26.1329,0.495233,0.009084,-0.23175,0.670368,42,495.4,24,99,99.61
MSFT,2026-08-14,2026-09-25,505.0,C,12.1,13.85,12.975,26.6517,0.452227,0.008843,-0.232406,0.665603,42,495.4,1,129,99.61
MSFT,2026-08-14,2026-09-25,510.0,C,10.4,11.85,11.125,26.4869,0.408658,0.008727,-0.225077,0.652766,42,495.4,32,98,99.61
MSFT,2026-08-14,2026-09-25,515.0,C,8.5,10.1,9.3,26.3923,0.366506,0.008487,-0.216051,0.632523,42,495.4,20,129,99.61
MSFT,2026-08-14,2026-09-25,520.0,C,7.2,8.25,7.725,25.8003,0.322264,0.008272,-0.200415,0.602726,42,495.4,18,194,99.61
MSFT,2026-08-14,2026-09-25,525.0,C,5.7,7.05,6.375,25.9712,0.285566,0.007786,-0.190139,0.571064,42,495.4,2,812,99.61
MSFT,2026-08-14,2026-09-25,530.0,C,4.65,5.65,5.15,25.4677,0.245403,0.007352,-0.172019,0.528751,42,495.4,37,10097,99.61
MSFT,2026-08-14,2026-09-25,535.0,C,4.05,4.9,4.475,25.9071,0.216899,0.006746,-0.162573,0.493529,42,495.4,23,241,99.61
MSFT,2026-08-14,2026-09-25,540.0,C,3.15,4.2,3.675,26.2245,0.190315,0.006164,-0.151615,0.456489,42,495.4,85,177,99.61
MSFT,2026-08-14,2026-09-25,545.0,C,2.72,3.3,3.01,25.8003,0.159161,0.005593,-0.132788,0.407477,42,495.4,3,98,99.61
MSFT,2026-08-14,2026-09-25,550.0,C,2.43,2.9,2.665,26.3618,0.140763,0.005043,-0.124572,0.37542,42,495.4,74,268,99.61
MSFT,2026-08-14,2026-09-25,555.0,C,1.41,2.52,1.965,26.8135,0.12369,0.004535,-0.115552,0.343394,42,495.4,40,133,99.61
MSFT,2026-08-14,2026-09-25,560.0,C,1.07,2.15,1.61,27.1125,0.107398,0.004057,-0.105411,0.310598,42,495.4,7,200,99.61
MSFT,2026-08-14,2026-09-25,570.0,C,0.97,1.25,1.11,26.3435,0.069783,0.003026,-0.073961,0.225096,42,495.4,8,179,99.61
MSFT,2026-08-14,2026-09-25,590.0,C,0.42,0.71,0.565,28.0159,0.040354,0.001844,-0.050595,0.145853,42,495.4,11,199,99.61
MSFT,2026-08-14,2026-09-25,600.0,C,0.21,0.45,0.33,27.9792,0.027047,0.001328,-0.03625,0.104898,42,495.4,4,107,99.61
MSFT,2026-08-14,2026-09-25,650.0,C,0.05,0.3,0.175,35.3278,0.014964,0.000637,-0.027431,0.063511,42,495.4,3,30,99.61
MSFT,2026-08-14,2026-09-25,660.0,C,0.01,0.25,0.13,36.1335,0.012401,0.000529,-0.023827,0.054003,42,495.4,5,74,99.61
MSFT,2026-08-14,2026-09-25,680.0,C,0.01,0.2,0.105,38.2819,0.009608,0.0004,-0.020172,0.04325,42,495.4,1,15,99.61
MSFT,2026-08-14,2026-09-25,280.0,P,0.0,2.15,1.075,85.5958,-0.016797,0.00029,-0.070516,0.070123,42,495.4,30,31,99.61
MSFT,2026-08-14,2026-09-25,290.0,P,0.02,0.46,0.24,65.3812,-0.005472,0.000143,-0.020197,0.026328,42,495.4,14,10,99.61
MSFT,2026-08-14,2026-09-25,300.0,P,0.01,0.45,0.23,61.2797,-0.005585,0.000155,-0.019259,0.026811,42,495.4,3,5,99.61
MSFT,2026-08-14,2026-09-25,325.0,P,0.01,0.22,0.115,52.0513,-0.006213,0.0002,-0.017931,0.029471,42,495.4,3,6,99.61
MSFT,2026-08-14,2026-09-25,360.0,P,0.2,0.32,0.26,42.6764,-0.010524,0.000389,-0.023235,0.046827,42,495.4,2,8,99.61
MSFT,2026-08-14,2026-09-25,365.0,P,0.04,0.49,0.265,43.7017,-0.015255,0.000523,-0.032785,0.06457,42,495.4,2,9,99.61
MSFT,2026-08-14,2026-09-25,370.0,P,0.18,0.35,0.265,39.942,-0.012121,0.000469,-0.024538,0.052947,42,495.4,3,30,99.61
MSFT,2026-08-14,2026-09-25,375.0,P,0.22,0.55,0.385,41.065,-0.017907,0.000639,-0.035261,0.074063,42,495.4,1,66,99.61
MSFT,2026-08-14,2026-09-25,380.0,P,0.28,0.6,0.44,39.942,-0.01987,0.000717,-0.037427,0.080918,42,495.4,18,51,99.61
MSFT,2026-08-14,2026-09-25,385.0,P,0.2,0.48,0.34,36.8903,-0.017373,0.000693,-0.030784,0.072174,42,495.4,16,27,99.61
MSFT,2026-08-14,2026-09-25,390.0,P,0.2,0.56,0.38,36.1579,-0.02036,0.000809,-0.034488,0.082606,42,495.4,3,14,99.61
MSFT,2026-08-14,2026-09-25,395.0,P,0.46,0.75,0.605,36.2921,-0.026448,0.001005,-0.043089,0.102955,42,495.4,1,12,99.61
MSFT,2026-08-14,2026-09-25,400.0,P,0.36,0.67,0.515,33.8996,-0.025315,0.001037,-0.038727,0.099251,42,495.4,2,21,99.61
MSFT,2026-08-14,2026-09-25,410.0,P,0.74,0.98,0.86,32.862,-0.036628,0.001452,-0.050804,0.134779,42,495.4,4,14,99.61
MSFT,2026-08-14,2026-09-25,420.0,P,1.0,1.31,1.155,31.2629,-0.049465,0.001946,-0.061357,0.171836,42,495.4,262,425,99.61
MSFT,2026-08-14,2026-09-25,425.0,P,1.12,1.55,1.335,30.6159,-0.058351,0.002265,-0.068322,0.195858,42,495.4,9,46,99.61
MSFT,2026-08-14,2026-09-25,430.0,P,1.31,1.63,1.47,29.1267,-0.063578,0.002546,-0.069291,0.209443,42,495.4,9,142,99.61
MSFT,2026-08-14,2026-09-25,435.0,P,1.61,2.0,1.805,28.7239,-0.076821,0.002987,-0.078813,0.242268,42,495.4,14,58,99.61
MSFT,2026-08-14,2026-09-25,440.0,P,2.15,2.33,2.24,27.9548,-0.089657,0.003447,-0.085857,0.272122,42,495.4,40,157,99.61
MSFT,2026-08-14,2026-09-25,445.0,P,2.48,3.25,2.865,28.73,-0.116378,0.004055,-0.106382,0.328958,42,495.4,76,37,99.61
MSFT,2026-08-14,2026-09-25,450.0,P,3.1,3.45,3.275,27.1553,-0.128043,0.004587,-0.106989,0.351778,42,495.4,486,258,99.61
MSFT,2026-08-14,2026-09-25,455.0,P,3.65,4.8,4.225,28.2173,-0.163286,0.0052,-0.130557,0.414336,42,495.4,21,147,99.61
MSFT,2026-08-14,2026-09-25,460.0,P,4.1,5.1,4.6,26.548,-0.179958,0.005881,-0.129853,0.440894,42,495.4,52,123,99.61
MSFT,2026-08-14,2026-09-25,465.0,P,5.25,6.4,5.825,26.7463,-0.214691,0.006495,-0.14486,0.490611,42,495.4,53,188,99.61
MSFT,2026-08-14,2026-09-25,470.0,P,6.4,7.35,6.875,25.9468,-0.244993,0.00721,-0.150215,0.528276,42,495.4,54,228,99.61
MSFT,2026-08-14,2026-09-25,475.0,P,7.45,8.75,8.1,25.666,-0.282517,0.007838,-0.158615,0.568139,42,495.4,9,44,99.61
MSFT,2026-08-14,2026-09-25,480.0,P,9.5,11.0,10.25,26.432,-0.328347,0.008137,-0.173621,0.607357,42,495.4,36,137,99.61
MSFT,2026-08-14,2026-09-25,485.0,P,11.45,12.95,12.2,26.3313,-0.370768,0.008539,-0.179219,0.634925,42,495.4,9,91,99.61
MSFT,2026-08-14,2026-09-25,490.0,P,13.45,14.6,14.025,25.4555,-0.413182,0.009104,-0.176238,0.654477,42,495.4,7,100,99.61
MSFT,2026-08-14,2026-09-25,495.0,P,15.75,16.4,16.075,24.4911,-0.459193,0.009642,-0.169867,0.666906,42,495.4,11,121,99.61
MSFT,2026-08-14,2026-09-25,500.0,P,17.6,20.0,18.8,25.8461,-0.50521,0.009184,-0.179026,0.670359,42,495.4,11,64,99.61
MSFT,2026-08-14,2026-09-25,505.0,P,20.4,22.1,21.25,24.6406,-0.554458,0.009544,-0.164914,0.66416,42,495.4,1,34,99.61
MSFT,2026-08-14,2026-09-25,510.0,P,23.4,26.1,24.75,25.959,-0.593867,0.008891,-0.169137,0.651771,42,495.4,4,10,99.61
MSFT,2026-08-14,2026-09-25,515.0,P,27.3,29.25,28.275,25.6843,-0.637941,0.008685,-0.157807,0.62993,42,495.4,8,8,99.61
MSFT,2026-08-14,2026-09-25,525.0,P,33.95,36.0,34.975,24.8207,-0.724624,0.008005,-0.125979,0.561108,42,495.4,8,19,99.61
MSFT,2026-08-14,2026-09-25,540.0,P,46.6,48.15,47.375,24.7444,-0.824938,0.006201,-0.081574,0.433284,42,495.4,1,3,99.61
MSFT,2026-08-14,2026-09-25,555.0,P,59.95,62.2,61.075,27.0698,-0.873878,0.004554,-0.062252,0.348097,42,495.4,0,1,99.61
MSFT,2026-08-14,2026-09-25,560.0,P,64.7,67.45,66.075,29.2976,-0.87303,0.004227,-0.071566,0.349726,42,495.4,2,0,99.61
MSFT,2026-08-14,2026-10-16,210.0,C,283.95,287.9,285.925,91.2843,0.993235,0.000101,-0.048941,0.038915,63,495.4,2,36,99.61
MSFT,2026-08-14,2026-10-16,220.0,C,274.0,277.9,275.95,87.256,0.992617,0.000114,-0.050832,0.042036,63,495.4,4,43,99.61
MSFT,2026-08-14,2026-10-16,230.0,C,264.1,268.0,266.05,84.8146,0.99115,0.000137,-0.055829,0.049298,63,495.4,2,35,99.61
MSFT,2026-08-14,2026-10-16,240.0,C,254.15,258.05,256.1,81.3478,0.990156,0.000157,-0.058528,0.054105,63,495.4,2,15,99.61
MSFT,2026-08-14,2026-10-16,250.0,C,244.25,248.15,246.2,78.7112,0.988529,0.000185,-0.063129,0.061816,63,495.4,4,107,99.61
MSFT,2026-08-14,2026-10-16,260.0,C,234.35,238.2,236.275,75.6594,0.987074,0.000214,-0.066606,0.068557,63,495.4,4,42,99.61
MSFT,2026-08-14,2026-10-16,270.0,C,224.4,228.3,226.35,72.6077,0.98552,0.000246,-0.069933,0.075611,63,495.4,2,21,99.61
MSFT,2026-08-14,2026-10-16,280.0,C,214.5,218.3,216.4,69.2874,0.984153,0.000278,-0.072227,0.081709,63,495.4,10,28,99.61
MSFT,2026-08-14,2026-10-16,285.0,C,209.55,213.4,211.475,68.1888,0.982818,0.000303,-0.075113,0.087565,63,495.4,10,27,99.61
MSFT,2026-08-14,2026-10-16,290.0,C,204.6,208.5,206.55,67.0413,0.981453,0.000329,-0.077882,0.093463,63,495.4,2,29,99.61
MSFT,2026-08-14,2026-10-16,295.0,C,199.65,203.5,201.575,65.4056,0.980637,0.00035,-0.078939,0.096952,63,495.4,40,114,99.61
MSFT,2026-08-14,2026-10-16,300.0,C,194.8,198.4,196.6,63.7699,0.979807,0.000372,-0.079919,0.100467,63,495.4,1,292,99.61
MSFT,2026-08-14,2026-10-16,305.0,C,189.75,193.6,191.675,62.5858,0.97831,0.000403,-0.082511,0.106738,63,495.4,2,121,99.61
MSFT,2026-08-14,2026-10-16,310.0,C,185.05,188.65,186.85,62.1708,0.975514,0.000449,-0.088168,0.118213,63,495.4,1,77,99.61
MSFT,2026-08-14,2026-10-16,315.0,C,179.85,183.75,181.8,59.9613,0.975454,0.000466,-0.086715,0.118453,63,495.4,2,53,99.61
MSFT,2026-08-14,2026-10-16,320.0,C,174.9,178.75,176.825,58.35,0.974435,0.000496,-0.087553,0.122563,63,495.4,2,216,99.61
MSFT,2026-08-14,2026-10-16,325.0,C,169.95,173.8,171.875,56.9218,0.973057,0.000531,-0.089078,0.128062,63,495.4,1,64,99.61
MSFT,2026-08-14,2026-10-16,330.0,C,165.05,168.85,166.95,55.6767,0.971259,0.000573,-0.091347,0.135143,63,495.4,51,148,99.61
MSFT,2026-08-14,2026-10-16,335.0,C,160.1,164.05,162.075,54.7246,0.968737,0.000625,-0.094932,0.144906,63,495.4,9,33,99.61
MSFT,2026-08-14,2026-10-16,340.0,C,155.15,159.0,157.075,52.9668,0.967815,0.000662,-0.094848,0.148428,63,495.4,28,112,99.61
MSFT,2026-08-14,2026-10-16,345.0,C,150.25,153.85,152.05,51.0869,0.967184,0.000697,-0.094079,0.150823,63,495.4,5,145,99.61
MSFT,2026-08-14,2026-10-16,350.0,C,145.4,149.0,147.2,50.2446,0.964017,0.000764,-0.098132,0.162686,63,495.4,8,389,99.61
MSFT,2026-08-14,2026-10-16,355.0,C,140.4,144.0,142.2,56.6655,0.940663,0.001013,-0.141726,0.243049,63,495.4,8,428,99.61
MSFT,2026-08-14,2026-10-16,360.0,C,135.5,139.1,137.3,55.1335,0.937756,0.00108,-0.143172,0.252312,63,495.4,1,1142,99.61
MSFT,2026-08-14,2026-10-16,365.0,C,130.6,134.25,132.425,53.7785,0.934156,0.001157,-0.145581,0.263588,63,495.4,1,319,99.61
MSFT,2026-08-14,2026-10-16,370.0,C,126.4,129.6,128.0,53.0766,0.928236,0.001253,-0.151907,0.281681,63,495.4,1,1030,99.61
MSFT,2026-08-14,2026-10-16,375.0,C,121.55,124.4,122.975,50.5193,0.928126,0.001318,-0.14684,0.282011,63,495.4,1,1180,99.61
MSFT,2026-08-14,2026-10-16,380.0,C,115.95,119.15,117.55,47.8277,0.928689,0.001384,-0.140727,0.280315,63,495.4,50,1986,99.61
MSFT,2026-08-14,2026-10-16,385.0,C,111.05,114.65,112.85,47.5713,0.920255,0.001515,-0.149602,0.305243,63,495.4,4,1341,99.61
MSFT,2026-08-14,2026-10-16,390.0,C,106.55,109.4,107.975,44.9529,0.9205,0.001599,-0.143545,0.304532,63,495.4,21,2787,99.61
MSFT,2026-08-14,2026-10-16,395.0,C,102.1,105.0,103.55,44.8614,0.910297,0.001754,-0.15354,0.333407,63,495.4,2,1666,99.61
MSFT,2026-08-14,2026-10-16,400.0,C,97.0,99.75,98.375,42.304,0.910077,0.001864,-0.147493,0.334014,63,495.4,25,2979,99.61
MSFT,2026-08-14,2026-10-16,405.0,C,92.2,95.0,93.6,41.1383,0.903481,0.00202,-0.150409,0.351952,63,495.4,1,3546,99.61
MSFT,2026-08-14,2026-10-16,410.0,C,87.55,90.0,88.775,39.2889,0.899705,0.002175,-0.148686,0.361981,63,495.4,7,2370,99.61
MSFT,2026-08-14,2026-10-16,415.0,C,82.95,85.3,84.125,38.1903,0.891709,0.002365,-0.151878,0.382678,63,495.4,16,1527,99.61
MSFT,2026-08-14,2026-10-16,420.0,C,78.25,80.9,79.575,37.7265,0.879504,0.002584,-0.159357,0.412914,63,495.4,15,4459,99.61
MSFT,2026-08-14,2026-10-16,425.0,C,73.6,76.05,74.825,36.1579,0.872427,0.002806,-0.159181,0.42974,63,495.4,12,1328,99.61
MSFT,2026-08-14,2026-10-16,430.0,C,69.1,71.85,70.475,35.9107,0.856866,0.003057,-0.168041,0.465023,63,495.4,5,1205,99.61
MSFT,2026-08-14,2026-10-16,435.0,C,65.3,67.15,66.225,34.5374,0.846693,0.003328,-0.168931,0.486884,63,495.4,14,1041,99.61
MSFT,2026-08-14,2026-10-16,440.0,C,60.3,62.65,61.475,33.4876,0.833435,0.003624,-0.171882,0.514032,63,495.4,4,2280,99.61
MSFT,2026-08-14,2026-10-16,445.0,C,56.35,58.8,57.575,33.4784,0.812411,0.003907,-0.181841,0.554137,63,495.4,36,1153,99.61
MSFT,2026-08-14,2026-10-16,450.0,C,51.95,54.6,53.275,32.7003,0.794576,0.004227,-0.186091,0.585495,63,495.4,49,7629,99.61
MSFT,2026-08-14,2026-10-16,455.0,C,48.3,49.85,49.075,30.9425,0.781024,0.004637,-0.183198,0.607778,63,495.4,2,1105,99.61
MSFT,2026-08-14,2026-10-16,460.0,C,44.5,46.65,45.575,31.4506,0.752246,0.004886,-0.195301,0.650902,63,495.4,25,3706,99.61
MSFT,2026-08-14,2026-10-16,465.0,C,40.7,43.0,41.85,31.0706,0.727268,0.005197,-0.200609,0.683945,63,495.4,18,1481,99.61
MSFT,2026-08-14,2026-10-16,470.0,C,37.1,39.4,38.25,30.5854,0.701237,0.005513,-0.204401,0.714269,63,495.4,96,4229,99.61
MSFT,2026-08-14,2026-10-16,475.0,C,33.7,35.5,34.6,29.5387,0.67581,0.005914,-0.203626,0.740005,63,495.4,30,1579,99.61
MSFT,2026-08-14,2026-10-16,480.0,C,30.4,32.05,31.225,28.9237,0.646536,0.006244,-0.204653,0.765055,63,495.4,39,3401,99.61
MSFT,2026-08-14,2026-10-16,485.0,C,27.5,29.35,28.425,29.0626,0.613686,0.006397,-0.209312,0.787519,63,495.4,11,1440,99.61
MSFT,2026-08-14,2026-10-16,490.0,C,25.2,26.3,25.75,28.5652,0.581394,0.006644,-0.208622,0.803939,63,495.4,112,2483,99.61
MSFT,2026-08-14,2026-10-16,495.0,C,22.5,23.35,22.925,27.9945,0.547744,0.006874,-0.206102,0.815201,63,495.4,70,2171,99.61
MSFT,2026-08-14,2026-10-16,500.0,C,19.8,21.1,20.45,28.0693,0.51347,0.006902,-0.206311,0.82062,63,495.4,1991,22189,99.61
MSFT,2026-08-14,2026-10-16,505.0,C,17.55,18.7,18.125,27.758,0.478693,0.006973,-0.202636,0.819917,63,495.4,116,1307,99.61
MSFT,2026-08-14,2026-10-16,510.0,C,15.85,16.3,16.075,27.2377,0.442867,0.007043,-0.196135,0.812654,63,495.4,207,26118,99.61
MSFT,2026-08-14,2026-10-16,515.0,C,13.8,14.65,14.225,27.436,0.410043,0.006885,-0.193215,0.800124,63,495.4,69,610,99.61
MSFT,2026-08-14,2026-10-16,520.0,C,12.05,12.9,12.475,27.3124,0.376712,0.006755,-0.18692,0.78156,63,495.4,419,5342,99.61
MSFT,2026-08-14,2026-10-16,525.0,C,10.5,11.0,10.75,26.7799,0.341409,0.006658,-0.17647,0.755323,63,495.4,103,1205,99.61
MSFT,2026-08-14,2026-10-16,530.0,C,9.1,9.85,9.475,27.0546,0.312893,0.006361,-0.171165,0.729035,63,495.4,56,5495,99.61
MSFT,2026-08-14,2026-10-16,535.0,C,7.8,8.7,8.25,27.1553,0.28479,0.006072,-0.163881,0.698502,63,495.4,29,623,99.61
MSFT,2026-08-14,2026-10-16,540.0,C,6.85,7.5,7.175,26.9966,0.256036,0.005791,-0.153931,0.662298,63,495.4,138,2512,99.61
MSFT,2026-08-14,2026-10-16,545.0,C,5.75,6.55,6.15,27.0393,0.23073,0.005466,-0.145213,0.626065,63,495.4,64,1926,99.61
MSFT,2026-08-14,2026-10-16,550.0,C,5.15,5.5,5.325,26.7189,0.203584,0.005145,-0.133105,0.582368,63,495.4,218,53669,99.61
MSFT,2026-08-14,2026-10-16,555.0,C,4.4,5.0,4.7,27.2071,0.186179,0.004786,-0.12789,0.551554,63,495.4,16,824,99.61
MSFT,2026-08-14,2026-10-16,560.0,C,3.6,4.2,3.9,26.9722,0.163332,0.004442,-0.116382,0.507549,63,495.4,47,6581,99.61
MSFT,2026-08-14,2026-10-16,565.0,C,3.1,3.65,3.375,27.0729,0.145526,0.0041,-0.107939,0.470246,63,495.4,7,234,99.61
MSFT,2026-08-14,2026-10-16,570.0,C,2.67,3.1,2.885,27.0088,0.127746,0.00376,-0.098272,0.430145,63,495.4,696,16948,99.61
MSFT,2026-08-14,2026-10-16,575.0,C,2.38,2.63,2.505,26.9661,0.111793,0.003427,-0.08911,0.391518,63,495.4,3,667,99.61
MSFT,2026-08-14,2026-10-16,580.0,C,1.94,2.29,2.115,27.1248,0.099204,0.003125,-0.082031,0.359102,63,495.4,31,2578,99.61
MSFT,2026-08-14,2026-10-16,585.0,C,1.7,1.92,1.81,27.0454,0.085876,0.002817,-0.073371,0.322737,63,495.4,7,167,99.61
MSFT,2026-08-14,2026-10-16,590.0,C,1.5,1.64,1.57,27.1003,0.075049,0.002539,-0.066278,0.291488,63,495.4,6,901,99.61
MSFT,2026-08-14,2026-10-16,595.0,C,1.23,1.41,1.32,27.2102,0.065832,0.002287,-0.060062,0.26355,63,495.4,1,118,99.61
MSFT,2026-08-14,2026-10-16,600.0,C,1.06,1.23,1.145,27.3994,0.05822,0.002063,-0.054855,0.239452,63,495.4,235,4127,99.61
MSFT,2026-08-14,2026-10-16,605.0,C,0.88,0.99,0.935,27.1736,0.04872,0.001806,-0.047176,0.207921,63,495.4,2,76,99.61
MSFT,2026-08-14,2026-10-16,610.0,C,0.74,0.86,0.8,27.3445,0.042828,0.001618,-0.042735,0.187455,63,495.4,4,595,99.61
MSFT,2026-08-14,2026-10-16,615.0,C,0.5,0.73,0.615,27.4177,0.037087,0.001436,-0.038067,0.166759,63,495.4,76,152,99.61
MSFT,2026-08-14,2026-10-16,620.0,C,0.53,0.63,0.58,27.5642,0.032435,0.001279,-0.034236,0.149379,63,495.4,74,3584,99.61
MSFT,2026-08-14,2026-10-16,625.0,C,0.29,0.54,0.415,27.6863,0.028238,0.001136,-0.030619,0.133174,63,495.4,15,85,99.61
MSFT,2026-08-14,2026-10-16,630.0,C,0.32,0.5,0.41,28.1257,0.025953,0.001042,-0.028952,0.124116,63,495.4,6,228,99.61
MSFT,2026-08-14,2026-10-16,635.0,C,0.15,0.43,0.29,28.2478,0.022622,0.000924,-0.025882,0.110596,63,495.4,6,148,99.61
MSFT,2026-08-14,2026-10-16,640.0,C,0.11,0.58,0.345,30.323,0.027475,0.001013,-0.032641,0.130169,63,495.4,10,925,99.61
MSFT,2026-08-14,2026-10-16,645.0,C,0.2,0.53,0.365,30.6648,0.025141,0.00093,-0.030617,0.120859,63,495.4,8,172,99.61
MSFT,2026-08-14,2026-10-16,650.0,C,0.16,0.45,0.305,30.6525,0.021743,0.000824,-0.027061,0.106955,63,495.4,6,61,99.61
MSFT,2026-08-14,2026-10-16,655.0,C,0.14,0.27,0.205,29.2488,0.014446,0.000609,-0.018212,0.075461,63,495.4,7,212,99.61
MSFT,2026-08-14,2026-10-16,660.0,C,0.12,0.24,0.18,29.4685,0.012878,0.000547,-0.016602,0.068339,63,495.4,9,2421,99.61
MSFT,2026-08-14,2026-10-16,665.0,C,0.09,0.19,0.14,29.2732,0.01051,0.000462,-0.013816,0.057287,63,495.4,27,152,99.61
MSFT,2026-08-14,2026-10-16,670.0,C,0.07,0.23,0.15,30.6159,0.011915,0.000493,-0.016097,0.063891,63,495.4,11,19,99.61
MSFT,2026-08-14,2026-10-16,675.0,C,0.04,0.18,0.11,30.3474,0.009644,0.000413,-0.013264,0.053143,63,495.4,6,188,99.61
MSFT,2026-08-14,2026-10-16,680.0,C,0.09,0.19,0.14,31.1774,0.009871,0.000411,-0.013895,0.054237,63,495.4,6,2051,99.61
MSFT,2026-08-14,2026-10-16,210.0,P,0.0,0.12,0.06,71.68,-0.001135,2.6e-05,-0.004367,0.007785,63,495.4,400,437,99.61
MSFT,2026-08-14,2026-10-16,220.0,P,0.0,0.09,0.045,66.2113,-0.00093,2.3e-05,-0.003357,0.006484,63,495.4,3,264,99.61
MSFT,2026-08-14,2026-10-16,230.0,P,0.0,1.79,0.895,88.9405,-0.011347,0.000163,-0.042576,0.061239,63,495.4,1,1549,99.61
MSFT,2026-08-14,2026-10-16,240.0,P,0.0,1.78,0.89,84.3752,-0.011882,0.000178,-0.042002,0.063735,63,495.4,156,293,99.61
MSFT,2026-08-14,2026-10-16,250.0,P,0.01,1.0,0.505,73.7551,-0.008065,0.000145,-0.026147,0.045436,63,495.4,534,1066,99.61
MSFT,2026-08-14,2026-10-16,260.0,P,0.0,0.16,0.08,56.3481,-0.001877,5.2e-05,-0.005407,0.012316,63,495.4,12,372,99.61
MSFT,2026-08-14,2026-10-16,270.0,P,0.01,0.19,0.1,54.4926,-0.002384,6.6e-05,-0.006489,0.015301,63,495.4,12,1444,99.61
MSFT,2026-08-14,2026-10-16,280.0,P,0.04,0.21,0.125,52.686,-0.003023,8.5e-05,-0.007765,0.018959,63,495.4,49,1026,99.61
MSFT,2026-08-14,2026-10-16,285.0,P,0.02,0.18,0.1,50.0005,-0.002586,7.8e-05,-0.006397,0.01647,63,495.4,30,197,99.61
MSFT,2026-08-14,2026-10-16,290.0,P,0.05,0.21,0.13,52.7348,-0.0049,0.000131,-0.011969,0.02923,63,495.4,1,1426,99.61
MSFT,2026-08-14,2026-10-16,295.0,P,0.05,0.19,0.12,50.5864,-0.004633,0.00013,-0.010915,0.027808,63,495.4,32,2548,99.61
MSFT,2026-08-14,2026-10-16,300.0,P,0.08,0.24,0.16,50.4888,-0.00576,0.000158,-0.013213,0.033748,63,495.4,40,6860,99.61
MSFT,2026-08-14,2026-10-16,305.0,P,0.08,0.26,0.17,49.4634,-0.006312,0.000175,-0.01403,0.036604,63,495.4,30,1292,99.61
MSFT,2026-08-14,2026-10-16,310.0,P,0.08,0.26,0.17,47.9986,-0.006522,0.000185,-0.014003,0.037676,63,495.4,130,3174,99.61
MSFT,2026-08-14,2026-10-16,315.0,P,0.13,0.3,0.215,47.3638,-0.00751,0.000213,-0.015639,0.042675,63,495.4,145,4429,99.61
MSFT,2026-08-14,2026-10-16,320.0,P,0.05,0.44,0.245,48.3404,-0.01049,0.000279,-0.021376,0.05719,63,495.4,146,6521,99.61
MSFT,2026-08-14,2026-10-16,325.0,P,0.14,0.33,0.235,44.9713,-0.008568,0.000252,-0.016643,0.047914,63,495.4,70,1810,99.61
MSFT,2026-08-14,2026-10-16,330.0,P,0.21,0.34,0.275,43.7017,-0.009049,0.000272,-0.016951,0.050267,63,495.4,50,2638,99.61
MSFT,2026-08-14,2026-10-16,335.0,P,0.2,0.36,0.28,42.5787,-0.009741,0.000297,-0.017596,0.053609,63,495.4,53,1611,99.61
MSFT,2026-08-14,2026-10-16,340.0,P,0.1,0.31,0.205,40.3326,-0.008935,0.000291,-0.015438,0.049711,63,495.4,74,2003,99.61
MSFT,2026-08-14,2026-10-16,345.0,P,0.3,0.36,0.33,39.7467,-0.010379,0.000337,-0.017323,0.056666,63,495.4,27,2015,99.61
MSFT,2026-08-14,2026-10-16,350.0,P,0.32,0.39,0.355,38.7701,-0.011389,0.000374,-0.018298,0.061432,63,495.4,43,5124,99.61
MSFT,2026-08-14,2026-10-16,355.0,P,0.16,0.47,0.315,38.4039,-0.013607,0.000441,-0.021121,0.071669,63,495.4,42,1861,99.61
MSFT,2026-08-14,2026-10-16,360.0,P,0.39,0.48,0.435,37.11,-0.01429,0.000476,-0.021259,0.074756,63,495.4,11,4861,99.61
MSFT,2026-08-14,2026-10-16,365.0,P,0.48,0.53,0.505,36.2555,-0.015949,0.000535,-0.022795,0.08216,63,495.4,36,2231,99.61
MSFT,2026-08-14,2026-10-16,370.0,P,0.53,0.64,0.585,35.9381,-0.019125,0.00063,-0.026348,0.095935,63,495.4,19,3643,99.61
MSFT,2026-08-14,2026-10-16,375.0,P,0.6,0.69,0.645,34.9372,-0.020933,0.0007,-0.02761,0.103578,63,495.4,16,1567,99.61
MSFT,2026-08-14,2026-10-16,380.0,P,0.67,0.8,0.735,34.3757,-0.024248,0.000805,-0.030702,0.117247,63,495.4,418,5218,99.61
MSFT,2026-08-14,2026-10-16,385.0,P,0.77,0.87,0.82,33.4357,-0.026779,0.0009,-0.032392,0.127412,63,495.4,10,2215,99.61
MSFT,2026-08-14,2026-10-16,390.0,P,0.93,1.03,0.98,33.0207,-0.031523,0.001043,-0.036566,0.145904,63,495.4,22,5319,99.61
MSFT,2026-08-14,2026-10-16,395.0,P,1.04,1.17,1.105,32.3493,-0.035943,0.001186,-0.039826,0.16254,63,495.4,430,1588,99.61
MSFT,2026-08-14,2026-10-16,400.0,P,1.25,1.32,1.285,31.6291,-0.040748,0.001344,-0.043038,0.18005,63,495.4,192,4897,99.61
MSFT,2026-08-14,2026-10-16,405.0,P,1.45,1.57,1.51,31.269,-0.047956,0.00155,-0.048408,0.20531,63,495.4,43,1813,99.61
MSFT,2026-08-14,2026-10-16,410.0,P,1.64,1.81,1.725,30.7136,-0.055175,0.001764,-0.053024,0.22953,63,495.4,15,4551,99.61
MSFT,2026-08-14,2026-10-16,415.0,P,1.75,2.11,1.93,30.2436,-0.06388,0.00201,-0.058409,0.257463,63,495.4,21,1360,99.61
MSFT,2026-08-14,2026-10-16,420.0,P,2.21,2.44,2.325,29.7309,-0.073508,0.002278,-0.063797,0.286909,63,495.4,87,2885,99.61
MSFT,2026-08-14,2026-10-16,425.0,P,2.58,2.89,2.735,29.4197,-0.085755,0.002587,-0.070719,0.322397,63,495.4,82,771,99.61
MSFT,2026-08-14,2026-10-16,430.0,P,3.0,3.4,3.2,29.0901,-0.099448,0.002919,-0.077765,0.359745,63,495.4,95,1880,99.61
MSFT,2026-08-14,2026-10-16,435.0,P,3.4,3.85,3.625,28.44,-0.112471,0.003264,-0.08277,0.393212,63,495.4,27,1156,99.61
MSFT,2026-08-14,2026-10-16,440.0,P,4.15,4.75,4.45,28.6232,-0.133417,0.003656,-0.093577,0.44326,63,495.4,864,1461,99.61
MSFT,2026-08-14,2026-10-16,445.0,P,4.55,5.4,4.975,28.0586,-0.150703,0.00405,-0.099152,0.481377,63,495.4,14,886,99.61
MSFT,2026-08-14,2026-10-16,450.0,P,5.5,6.15,5.825,27.5215,-0.170139,0.00447,-0.104733,0.521099,63,495.4,286,1842,99.61
MSFT,2026-08-14,2026-10-16,455.0,P,6.7,7.0,6.85,26.9966,-0.191758,0.004912,-0.110094,0.561679,63,495.4,80,797,99.61
MSFT,2026-08-14,2026-10-16,460.0,P,7.8,8.1,7.95,26.6945,-0.217257,0.00535,-0.116549,0.605024,63,495.4,36,1858,99.61
MSFT,2026-08-14,2026-10-16,465.0,P,8.95,9.4,9.175,26.4869,-0.245568,0.005774,-0.123008,0.64782,63,495.4,148,677,99.61
MSFT,2026-08-14,2026-10-16,470.0,P,10.0,11.15,10.575,26.6945,-0.27841,0.00611,-0.131392,0.690911,63,495.4,144,1010,99.61
MSFT,2026-08-14,2026-10-16,475.0,P,11.8,12.65,12.225,26.3191,-0.309382,0.006507,-0.134858,0.725475,63,495.4,40,392,99.61
MSFT,2026-08-14,2026-10-16,480.0,P,13.35,14.25,13.8,25.869,-0.342025,0.006897,-0.136713,0.75584,63,495.4,59,1849,99.61
MSFT,2026-08-14,2026-10-16,485.0,P,15.3,16.65,15.975,26.2123,-0.37909,0.007052,-0.142351,0.783083,63,495.4,28,482,99.61
MSFT,2026-08-14,2026-10-16,490.0,P,17.5,18.8,18.15,26.0078,-0.415072,0.007283,-0.14306,0.802412,63,495.4,29,1575,99.61
MSFT,2026-08-14,2026-10-16,495.0,P,19.7,21.0,20.35,25.6447,-0.451946,0.007504,-0.141275,0.815125,63,495.4,75,981,99.61
MSFT,2026-08-14,2026-10-16,500.0,P,22.5,23.2,22.85,25.0587,-0.4902,0.007733,-0.136492,0.820841,63,495.4,414,1496,99.61
MSFT,2026-08-14,2026-10-16,505.0,P,25.15,26.05,25.6,25.0313,-0.528381,0.007724,-0.133759,0.81901,63,495.4,10,333,99.61
MSFT,2026-08-14,2026-10-16,510.0,P,27.15,29.65,28.4,25.7057,-0.563095,0.007446,-0.134374,0.810798,63,495.4,12,411,99.61
MSFT,2026-08-14,2026-10-16,515.0,P,30.2,32.55,31.375,25.2998,-0.600982,0.007415,-0.126337,0.794642,63,495.4,5,97,99.61
MSFT,2026-08-14,2026-10-16,520.0,P,33.55,35.85,34.7,25.1762,-0.636843,0.007242,-0.118971,0.772297,63,495.4,59,111,99.61
MSFT,2026-08-14,2026-10-16,525.0,P,37.3,39.65,38.475,25.5073,-0.66801,0.006915,-0.113974,0.747152,63,495.4,58,161,99.61
MSFT,2026-08-14,2026-10-16,530.0,P,40.95,43.45,42.2,25.6569,-0.698537,0.006599,-0.106852,0.71718,63,495.4,5,19,99.61
MSFT,2026-08-14,2026-10-16,535.0,P,44.6,46.95,45.775,25.1594,-0.733161,0.006348,-0.093819,0.676504,63,495.4,3,68,99.61
MSFT,2026-08-14,2026-10-16,540.0,P,48.2,51.65,49.925,26.3099,-0.750357,0.005864,-0.09387,0.65354,63,495.4,1,117,99.61
MSFT,2026-08-14,2026-10-16,545.0,P,52.65,54.9,53.775,24.9367,-0.790353,0.00561,-0.072359,0.592579,63,495.4,1,5,99.61
MSFT,2026-08-14,2026-10-16,550.0,P,56.9,58.7,57.8,24.131,-0.823583,0.005217,-0.055169,0.53326,63,495.4,2,130,99.61
MSFT,2026-08-14,2026-10-16,555.0,P,61.3,64.1,62.7,26.2703,-0.823255,0.004798,-0.063827,0.533888,63,495.4,1,2,99.61
MSFT,2026-08-14,2026-10-16,560.0,P,65.8,68.55,67.175,26.4747,-0.841676,0.004435,-0.055645,0.497333,63,495.4,32,0,99.61
MSFT,2026-08-14,2026-10-16,565.0,P,70.7,72.9,71.8,26.3008,-0.862158,0.004069,-0.044303,0.453279,63,495.4,14,24,99.61
MSFT,2026-08-14,2026-10-16,575.0,P,79.45,82.75,81.1,28.3332,-0.875499,0.00352,-0.043036,0.422498,63,495.4,4,64,99.61
MSFT,2026-08-14,2026-10-16,580.0,P,84.25,87.6,85.925,29.1023,-0.883128,0.003278,-0.040497,0.4041,63,495.4,4,4,99.61
MSFT,2026-08-14,2026-10-16,585.0,P,89.5,92.25,90.875,29.2732,-0.895023,0.003018,-0.033034,0.374189,63,495.4,1,2,99.61
MSFT,2026-08-14,2026-10-16,600.0,P,104.1,107.25,105.675,32.4653,-0.904142,0.002546,-0.034362,0.350176,63,495.4,37,39,99.61
MSFT,2026-08-14,2026-10-16,620.0,P,123.65,127.55,125.6,37.4152,-0.907339,0.002155,-0.043348,0.341525,63,495.4,2,1,99.61
MSFT,2026-08-14,2026-10-16,625.0,P,128.65,132.55,130.6,38.3978,-0.909384,0.002065,-0.0437,0.335925,63,495.4,0,3,99.61
MSFT,2026-08-14,2026-10-16,635.0,P,138.5,142.55,140.525,40.3204,-0.913114,0.001906,-0.044321,0.325573,63,495.4,0,1,99.61
MSFT,2026-08-14,2026-10-16,640.0,P,143.45,147.5,145.475,41.1017,-0.91575,0.001827,-0.043287,0.318145,63,495.4,6,5,99.61
MSFT,2026-08-14,2026-10-16,655.0,P,158.45,162.45,160.45,43.6773,-0.92119,0.001635,-0.0426,0.302527,63,495.4,0,0,99.61
