symbol,quote_date,expiration,strike,option_type,bid,ask,mid,implied_volatility,delta,gamma,theta,vega,dte,underlying_price,volume,open_interest,iv_rank
MSFT,2026-08-27,2026-09-04,300.0,C,195.25,198.7,196.975,153.0276,0.990344,0.00023,-0.211455,0.018995,8,496.37,1,0,46.01
MSFT,2026-08-27,2026-09-04,310.0,C,185.05,188.7,186.875,140.3812,0.991175,0.000232,-0.184882,0.017557,8,496.37,0,0,46.01
MSFT,2026-08-27,2026-09-04,315.0,C,180.25,183.75,182.0,140.6253,0.989055,0.000279,-0.217463,0.021189,8,496.37,1,1,46.01
MSFT,2026-08-27,2026-09-04,320.0,C,175.2,178.75,176.975,135.4984,0.989069,0.000289,-0.210977,0.021165,8,496.37,0,0,46.01
MSFT,2026-08-27,2026-09-04,325.0,C,170.1,173.75,171.925,129.5902,0.989487,0.000292,-0.197965,0.020458,8,496.37,0,0,46.01
MSFT,2026-08-27,2026-09-04,330.0,C,165.35,168.75,167.05,129.3949,0.98716,0.000348,-0.229462,0.024337,8,496.37,8,0,46.01
MSFT,2026-08-27,2026-09-04,335.0,C,160.35,163.7,162.025,124.5121,0.987112,0.000363,-0.223157,0.024416,8,496.37,10,0,46.01
MSFT,2026-08-27,2026-09-04,340.0,C,155.3,158.7,157.0,119.6293,0.987111,0.000378,-0.216223,0.024418,8,496.37,11,0,46.01
MSFT,2026-08-27,2026-09-04,345.0,C,150.3,153.8,152.05,116.9926,0.985794,0.00042,-0.228274,0.026557,8,496.37,2,0,46.01
MSFT,2026-08-27,2026-09-04,350.0,C,145.3,148.8,147.05,112.9887,0.985266,0.000449,-0.228095,0.027405,8,496.37,1,1,46.01
MSFT,2026-08-27,2026-09-04,355.0,C,140.15,143.8,141.975,106.9829,0.986121,0.000451,-0.209166,0.026029,8,496.37,20,0,46.01
MSFT,2026-08-27,2026-09-04,360.0,C,135.15,138.8,136.975,103.0767,0.985612,0.000482,-0.208575,0.02685,8,496.37,10,0,46.01
MSFT,2026-08-27,2026-09-04,365.0,C,130.35,133.75,132.05,101.1235,0.983567,0.000551,-0.226205,0.030095,8,496.37,20,20,46.01
MSFT,2026-08-27,2026-09-04,370.0,C,125.25,128.75,127.0,96.045,0.983949,0.000569,-0.213577,0.029495,8,496.37,7,7,46.01
MSFT,2026-08-27,2026-09-04,375.0,C,120.15,123.85,122.0,92.2852,0.98327,0.000613,-0.21326,0.030559,8,496.37,10,11,46.01
MSFT,2026-08-27,2026-09-04,380.0,C,115.15,118.85,117.0,88.5255,0.982575,0.000662,-0.212538,0.031642,8,496.37,1,9,46.01
MSFT,2026-08-27,2026-09-04,385.0,C,110.3,113.85,112.075,86.4259,0.980111,0.000759,-0.22913,0.035413,8,496.37,25,4,46.01
MSFT,2026-08-27,2026-09-04,390.0,C,105.15,108.8,106.975,80.5666,0.981619,0.000761,-0.205185,0.033116,8,496.37,17,16,46.01
MSFT,2026-08-27,2026-09-04,395.0,C,100.3,103.9,102.1,79.468,0.977644,0.000911,-0.232902,0.039095,8,496.37,52,36,46.01
MSFT,2026-08-27,2026-09-04,400.0,C,95.4,98.8,97.1,75.7815,0.976556,0.000994,-0.231914,0.040693,8,496.37,1,97,46.01
MSFT,2026-08-27,2026-09-04,405.0,C,90.5,93.85,92.175,73.3889,0.973453,0.00114,-0.246672,0.045162,8,496.37,1,161,46.01
MSFT,2026-08-27,2026-09-04,410.0,C,85.7,88.9,87.3,71.6556,0.968746,0.001337,-0.271431,0.051725,8,496.37,5,158,46.01
MSFT,2026-08-27,2026-09-04,415.0,C,80.5,83.85,82.175,66.016,0.970559,0.001381,-0.243495,0.049227,8,496.37,5,121,46.01
MSFT,2026-08-27,2026-09-04,420.0,C,75.8,78.85,77.325,64.5023,0.964519,0.001649,-0.272064,0.057421,8,496.37,1,123,46.01
MSFT,2026-08-27,2026-09-04,425.0,C,70.6,73.95,72.275,60.0834,0.963967,0.001792,-0.259432,0.058153,8,496.37,1,133,46.01
MSFT,2026-08-27,2026-09-04,427.5,C,68.0,71.45,69.725,57.5688,0.964435,0.001851,-0.248343,0.057533,8,496.37,241,32,46.01
MSFT,2026-08-27,2026-09-04,430.0,C,66.1,68.9,67.5,59.1069,0.954801,0.00219,-0.299316,0.069902,8,496.37,2,1162,46.01
MSFT,2026-08-27,2026-09-04,432.5,C,63.15,66.4,64.775,54.5415,0.960473,0.002129,-0.255426,0.062716,8,496.37,238,25,46.01
MSFT,2026-08-27,2026-09-04,435.0,C,60.6,63.95,62.275,52.686,0.95919,0.002262,-0.253771,0.064365,8,496.37,1,243,46.01
MSFT,2026-08-27,2026-09-04,440.0,C,55.9,58.95,57.425,50.6841,0.951019,0.002724,-0.278081,0.074555,8,496.37,1,106,46.01
MSFT,2026-08-27,2026-09-04,445.0,C,50.75,54.0,52.375,59.5585,0.901865,0.003955,-0.513315,0.127203,8,496.37,10,118,46.01
MSFT,2026-08-27,2026-09-04,447.5,C,48.5,51.6,50.05,57.996,0.89607,0.004235,-0.520537,0.132635,8,496.37,60,8,46.01
MSFT,2026-08-27,2026-09-04,450.0,C,46.3,49.1,47.7,55.7744,0.892294,0.004519,-0.514267,0.136102,8,496.37,2,657,46.01
MSFT,2026-08-27,2026-09-04,452.5,C,43.55,46.6,45.075,53.5405,0.888243,0.004834,-0.507546,0.139758,8,496.37,2,21,46.01
MSFT,2026-08-27,2026-09-04,455.0,C,40.8,44.15,42.475,51.5996,0.882577,0.005195,-0.506701,0.144764,8,496.37,96,977,46.01
MSFT,2026-08-27,2026-09-04,460.0,C,36.8,38.55,37.675,43.5064,0.889935,0.005884,-0.416657,0.138238,8,496.37,92,387,46.01
MSFT,2026-08-27,2026-09-04,462.5,C,34.4,36.15,35.275,41.9195,0.88157,0.006434,-0.422166,0.145641,8,496.37,91,6,46.01
MSFT,2026-08-27,2026-09-04,465.0,C,32.05,33.75,32.9,40.2716,0.872516,0.007052,-0.426387,0.153362,8,496.37,26,12442,46.01
MSFT,2026-08-27,2026-09-04,467.5,C,29.75,31.35,30.55,38.5626,0.862652,0.007753,-0.429238,0.161446,8,496.37,12,11,46.01
MSFT,2026-08-27,2026-09-04,470.0,C,27.1,29.05,28.075,37.3053,0.848651,0.008556,-0.441538,0.172364,8,496.37,18,416,46.01
MSFT,2026-08-27,2026-09-04,472.5,C,25.25,26.75,26.0,35.9259,0.833581,0.009455,-0.451003,0.183429,8,496.37,10,13,46.01
MSFT,2026-08-27,2026-09-04,475.0,C,22.7,24.5,23.6,34.6625,0.815666,0.010456,-0.462467,0.195716,8,496.37,9,251,46.01
MSFT,2026-08-27,2026-09-04,477.5,C,21.05,22.3,21.675,33.4723,0.794806,0.011557,-0.474687,0.208909,8,496.37,2,62,46.01
MSFT,2026-08-27,2026-09-04,480.0,C,18.55,20.05,19.3,31.9099,0.773558,0.012836,-0.477943,0.221192,8,496.37,563,1354,46.01
MSFT,2026-08-27,2026-09-04,482.5,C,16.4,18.1,17.25,31.3605,0.742494,0.014005,-0.500322,0.237177,8,496.37,35,174,46.01
MSFT,2026-08-27,2026-09-04,485.0,C,14.85,16.1,15.475,30.3657,0.71087,0.015318,-0.510788,0.251191,8,496.37,41,694,46.01
MSFT,2026-08-27,2026-09-04,487.5,C,13.35,14.0,13.675,28.7788,0.678496,0.016943,-0.506259,0.263308,8,496.37,248,389,46.01
MSFT,2026-08-27,2026-09-04,490.0,C,11.7,12.5,12.1,28.9924,0.633533,0.017666,-0.531734,0.276586,8,496.37,950,2542,46.01
MSFT,2026-08-27,2026-09-04,492.5,C,9.9,10.7,10.3,27.8511,0.590978,0.018983,-0.525585,0.28551,8,496.37,70,128,46.01
MSFT,2026-08-27,2026-09-04,495.0,C,8.65,9.2,8.925,27.3628,0.543179,0.019724,-0.524781,0.291448,8,496.37,546,588,46.01
MSFT,2026-08-27,2026-09-04,497.5,C,7.45,7.9,7.675,27.1553,0.49348,0.019989,-0.521491,0.293127,8,496.37,159,87,46.01
MSFT,2026-08-27,2026-09-04,500.0,C,6.15,6.65,6.4,26.7219,0.442766,0.020107,-0.506152,0.290144,8,496.37,963,2064,46.01
MSFT,2026-08-27,2026-09-04,502.5,C,5.1,5.65,5.375,26.7219,0.393568,0.019589,-0.491303,0.28267,8,496.37,81,134,46.01
MSFT,2026-08-27,2026-09-04,505.0,C,4.3,4.6,4.45,26.1543,0.342771,0.019123,-0.45827,0.270092,8,496.37,866,1481,46.01
MSFT,2026-08-27,2026-09-04,507.5,C,3.55,3.95,3.75,26.5999,0.30053,0.017802,-0.439826,0.255709,8,496.37,748,1083,46.01
MSFT,2026-08-27,2026-09-04,510.0,C,2.8,3.15,2.975,26.1177,0.254519,0.016714,-0.397288,0.235737,8,496.37,632,1213,46.01
MSFT,2026-08-27,2026-09-04,512.5,C,2.19,2.56,2.375,26.0505,0.215076,0.015266,-0.360228,0.214763,8,496.37,137,139,46.01
MSFT,2026-08-27,2026-09-04,515.0,C,1.76,2.07,1.915,26.0261,0.179834,0.013712,-0.322316,0.192715,8,496.37,225,508,46.01
MSFT,2026-08-27,2026-09-04,517.5,C,1.35,1.71,1.53,26.2825,0.151237,0.012138,-0.290432,0.172278,8,496.37,175,107,46.01
MSFT,2026-08-27,2026-09-04,520.0,C,1.2,1.34,1.27,26.136,0.12268,0.010578,-0.249927,0.149303,8,496.37,480,971,46.01
MSFT,2026-08-27,2026-09-04,522.5,C,0.92,1.02,0.97,25.8796,0.097013,0.009025,-0.208802,0.126135,8,496.37,49,58,46.01
MSFT,2026-08-27,2026-09-04,525.0,C,0.75,0.9,0.825,26.7097,0.084117,0.007866,-0.193549,0.113458,8,496.37,183,537,46.01
MSFT,2026-08-27,2026-09-04,527.5,C,0.56,0.66,0.61,26.3191,0.064148,0.006489,-0.154872,0.092226,8,496.37,125,49,46.01
MSFT,2026-08-27,2026-09-04,530.0,C,0.43,0.54,0.485,26.6609,0.052547,0.005476,-0.133975,0.078846,8,496.37,36,787,46.01
MSFT,2026-08-27,2026-09-04,532.5,C,0.3,0.45,0.375,27.1003,0.04354,0.004635,-0.117033,0.067827,8,496.37,57,21,46.01
MSFT,2026-08-27,2026-09-04,535.0,C,0.28,0.35,0.315,27.1736,0.034173,0.003794,-0.096249,0.055678,8,496.37,53,14536,46.01
MSFT,2026-08-27,2026-09-04,537.5,C,0.09,0.37,0.23,28.8337,0.034031,0.003564,-0.101674,0.055488,8,496.37,6,15,46.01
MSFT,2026-08-27,2026-09-04,540.0,C,0.18,0.23,0.205,27.7839,0.022325,0.002603,-0.068913,0.03905,8,496.37,237,722,46.01
MSFT,2026-08-27,2026-09-04,545.0,C,0.05,0.29,0.17,31.446,0.024593,0.002495,-0.08447,0.042362,8,496.37,2,224,46.01
MSFT,2026-08-27,2026-09-04,550.0,C,0.07,0.12,0.095,29.737,0.011009,0.001326,-0.040126,0.021297,8,496.37,4,4738,46.01
MSFT,2026-08-27,2026-09-04,555.0,C,0.04,0.09,0.065,30.7624,0.007956,0.000965,-0.031212,0.016029,8,496.37,7,103,46.01
MSFT,2026-08-27,2026-09-04,560.0,C,0.03,0.06,0.045,31.2507,0.005138,0.000645,-0.021517,0.010887,8,496.37,48,5279,46.01
MSFT,2026-08-27,2026-09-04,565.0,C,0.01,0.08,0.045,34.4733,0.006278,0.000699,-0.028334,0.013007,8,496.37,7,9,46.01
MSFT,2026-08-27,2026-09-04,570.0,C,0.01,0.08,0.045,36.5241,0.005936,0.000627,-0.028544,0.012376,8,496.37,19,290,46.01
MSFT,2026-08-27,2026-09-04,575.0,C,0.0,0.08,0.04,38.4772,0.005563,0.000562,-0.02837,0.011683,8,496.37,138,11,46.01
MSFT,2026-08-27,2026-09-04,580.0,C,0.0,0.19,0.095,45.2154,0.011289,0.000891,-0.062065,0.021766,8,496.37,22,309,46.01
MSFT,2026-08-27,2026-09-04,590.0,C,0.0,0.18,0.09,49.0239,0.009812,0.000728,-0.059505,0.019264,8,496.37,50,91,46.01
MSFT,2026-08-27,2026-09-04,600.0,C,0.0,0.27,0.135,51.1724,0.007059,0.000522,-0.046488,0.014427,8,496.37,7,229,46.01
MSFT,2026-08-27,2026-09-04,610.0,C,0.0,0.5,0.25,59.6195,0.01124,0.000674,-0.081352,0.021685,8,496.37,6,61,46.01
MSFT,2026-08-27,2026-09-04,620.0,C,0.0,0.56,0.28,64.5511,0.011576,0.000638,-0.090315,0.022247,8,496.37,10,96,46.01
MSFT,2026-08-27,2026-09-04,630.0,C,0.0,2.06,1.03,83.9845,0.032251,0.00117,-0.280191,0.053086,8,496.37,10,78,46.01
MSFT,2026-08-27,2026-09-04,640.0,C,0.0,2.12,1.06,88.8429,0.031419,0.001083,-0.289971,0.051952,8,496.37,3,36,46.01
MSFT,2026-08-27,2026-09-04,650.0,C,0.0,1.43,0.715,87.2072,0.021808,0.000813,-0.209715,0.038285,8,496.37,28,128,46.01
MSFT,2026-08-27,2026-09-04,660.0,C,0.0,2.13,1.065,97.4365,0.028887,0.000921,-0.296456,0.048456,8,496.37,5,18,46.01
MSFT,2026-08-27,2026-09-04,670.0,C,0.0,2.13,1.065,101.563,0.027788,0.000855,-0.299129,0.046916,8,496.37,1,46,46.01
MSFT,2026-08-27,2026-09-04,680.0,C,0.0,2.13,1.065,105.5669,0.026759,0.000797,-0.301227,0.045463,8,496.37,1,5,46.01
MSFT,2026-08-27,2026-09-04,270.0,P,0.0,0.05,0.025,128.1254,-0.000468,1.8e-05,-0.00981,0.001228,8,496.37,1,15,46.01
MSFT,2026-08-27,2026-09-04,280.0,P,0.0,0.04,0.02,118.7504,-0.000405,1.7e-05,-0.007958,0.001075,8,496.37,1,180,46.01
MSFT,2026-08-27,2026-09-04,290.0,P,0.0,0.06,0.03,115.6254,-0.000619,2.5e-05,-0.011466,0.001591,8,496.37,3,439,46.01
MSFT,2026-08-27,2026-09-04,300.0,P,0.0,0.62,0.31,139.5511,-0.005472,0.000153,-0.100131,0.011514,8,496.37,7,258,46.01
MSFT,2026-08-27,2026-09-04,305.0,P,0.0,0.15,0.075,115.0395,-0.001592,6.1e-05,-0.027134,0.003786,8,496.37,5,274,46.01
MSFT,2026-08-27,2026-09-04,310.0,P,0.0,0.59,0.295,130.4691,-0.005576,0.000166,-0.095167,0.011707,8,496.37,5,489,46.01
MSFT,2026-08-27,2026-09-04,315.0,P,0.0,1.11,0.555,138.0374,-0.009867,0.00026,-0.166473,0.019358,8,496.37,2,349,46.01
MSFT,2026-08-27,2026-09-04,320.0,P,0.0,1.97,0.985,146.4358,-0.016295,0.000378,-0.27257,0.029879,8,496.37,1,154,46.01
MSFT,2026-08-27,2026-09-04,325.0,P,0.0,1.04,0.52,128.3695,-0.009965,0.000282,-0.156124,0.019526,8,496.37,30,160,46.01
MSFT,2026-08-27,2026-09-04,330.0,P,0.0,1.15,0.575,126.1722,-0.01121,0.000318,-0.170003,0.021634,8,496.37,15,192,46.01
MSFT,2026-08-27,2026-09-04,335.0,P,0.0,1.77,0.885,130.7132,-0.016472,0.000427,-0.24548,0.030157,8,496.37,18,59,46.01
MSFT,2026-08-27,2026-09-04,340.0,P,0.0,1.77,0.885,126.4652,-0.01705,0.000455,-0.244584,0.03106,8,496.37,38,299,46.01
MSFT,2026-08-27,2026-09-04,345.0,P,0.0,1.77,0.885,122.2172,-0.017626,0.000484,-0.243137,0.031954,8,496.37,34,148,46.01
MSFT,2026-08-27,2026-09-04,350.0,P,0.0,1.38,0.69,113.2817,-0.014929,0.000453,-0.195437,0.027716,8,496.37,10,301,46.01
MSFT,2026-08-27,2026-09-04,355.0,P,0.0,1.78,0.89,114.0141,-0.01899,0.000553,-0.241613,0.034049,8,496.37,2,222,46.01
MSFT,2026-08-27,2026-09-04,360.0,P,0.0,1.75,0.875,109.6196,-0.019441,0.000587,-0.236938,0.034735,8,496.37,3,116,46.01
MSFT,2026-08-27,2026-09-04,365.0,P,0.0,2.08,1.04,108.8628,-0.023126,0.000684,-0.27247,0.040227,8,496.37,6,239,46.01
MSFT,2026-08-27,2026-09-04,370.0,P,0.0,0.08,0.04,67.9691,-0.001449,9.5e-05,-0.014689,0.003475,8,496.37,20,469,46.01
MSFT,2026-08-27,2026-09-04,375.0,P,0.0,0.4,0.2,78.0276,-0.00635,0.000312,-0.063742,0.013138,8,496.37,12,93,46.01
MSFT,2026-08-27,2026-09-04,380.0,P,0.0,0.95,0.475,84.6193,-0.013847,0.000568,-0.136663,0.025978,8,496.37,6,75,46.01
MSFT,2026-08-27,2026-09-04,385.0,P,0.0,0.94,0.47,80.8596,-0.014296,0.000612,-0.134197,0.026702,8,496.37,1,90,46.01
MSFT,2026-08-27,2026-09-04,390.0,P,0.01,0.09,0.05,58.0082,-0.002114,0.000156,-0.017653,0.004899,8,496.37,362,304,46.01
MSFT,2026-08-27,2026-09-04,395.0,P,0.02,0.07,0.045,54.688,-0.00204,0.000161,-0.016108,0.004743,8,496.37,8,787,46.01
MSFT,2026-08-27,2026-09-04,400.0,P,0.01,0.06,0.035,50.3911,-0.001633,0.000142,-0.012117,0.003874,8,496.37,4,292,46.01
MSFT,2026-08-27,2026-09-04,405.0,P,0.0,0.1,0.05,53.7114,-0.00455,0.000337,-0.032559,0.009769,8,496.37,5,365,46.01
MSFT,2026-08-27,2026-09-04,410.0,P,0.03,0.11,0.07,51.4653,-0.005269,0.000401,-0.035539,0.011133,8,496.37,2,328,46.01
MSFT,2026-08-27,2026-09-04,415.0,P,0.02,0.09,0.055,47.3638,-0.004662,0.00039,-0.029312,0.009983,8,496.37,2,196,46.01
MSFT,2026-08-27,2026-09-04,420.0,P,0.01,0.18,0.095,48.7798,-0.00912,0.000686,-0.054622,0.01807,8,496.37,2,1026,46.01
MSFT,2026-08-27,2026-09-04,425.0,P,0.05,0.13,0.09,43.7506,-0.007313,0.00063,-0.040324,0.014884,8,496.37,89,394,46.01
MSFT,2026-08-27,2026-09-04,430.0,P,0.01,0.14,0.075,41.2604,-0.008342,0.00075,-0.042669,0.016712,8,496.37,20,412,46.01
MSFT,2026-08-27,2026-09-04,432.5,P,0.05,0.14,0.095,39.8444,-0.008698,0.000806,-0.042724,0.017335,8,496.37,12,11,46.01
MSFT,2026-08-27,2026-09-04,435.0,P,0.05,0.12,0.085,37.5495,-0.007837,0.00078,-0.036725,0.015819,8,496.37,35,758,46.01
MSFT,2026-08-27,2026-09-04,437.5,P,0.01,0.27,0.14,40.7232,-0.016277,0.001357,-0.075141,0.02985,8,496.37,5,8,46.01
MSFT,2026-08-27,2026-09-04,440.0,P,0.08,0.14,0.11,35.4499,-0.009679,0.000994,-0.041681,0.019036,8,496.37,140,1064,46.01
MSFT,2026-08-27,2026-09-04,442.5,P,0.09,0.16,0.125,34.6686,-0.011313,0.001165,-0.046673,0.021807,8,496.37,21,79,46.01
MSFT,2026-08-27,2026-09-04,445.0,P,0.14,0.18,0.16,33.7897,-0.013039,0.001352,-0.051419,0.024663,8,496.37,33,1558,46.01
MSFT,2026-08-27,2026-09-04,447.5,P,0.14,0.21,0.175,33.0573,-0.015433,0.001598,-0.058134,0.028519,8,496.37,28,46,46.01
MSFT,2026-08-27,2026-09-04,450.0,P,0.2,0.24,0.22,32.2272,-0.018024,0.001871,-0.064679,0.032568,8,496.37,144,2863,46.01
MSFT,2026-08-27,2026-09-04,452.5,P,0.22,0.41,0.315,33.7409,-0.029138,0.002679,-0.101432,0.048806,8,496.37,2,41,46.01
MSFT,2026-08-27,2026-09-04,455.0,P,0.25,0.34,0.295,31.0065,-0.026412,0.002686,-0.0858,0.044971,8,496.37,59,557,46.01
MSFT,2026-08-27,2026-09-04,457.5,P,0.26,0.4,0.33,30.2985,-0.031557,0.003187,-0.097125,0.052141,8,496.37,38,322,46.01
MSFT,2026-08-27,2026-09-04,460.0,P,0.4,0.48,0.44,29.6882,-0.038223,0.003806,-0.111283,0.061026,8,496.37,540,1744,46.01
MSFT,2026-08-27,2026-09-04,462.5,P,0.48,0.6,0.54,29.3586,-0.047819,0.004613,-0.131755,0.073136,8,496.37,100,169,46.01
MSFT,2026-08-27,2026-09-04,465.0,P,0.6,0.71,0.655,28.675,-0.057272,0.00545,-0.14833,0.084398,8,496.37,297,1520,46.01
MSFT,2026-08-27,2026-09-04,467.5,P,0.73,0.88,0.805,28.321,-0.07086,0.006512,-0.172674,0.099599,8,496.37,57,186,46.01
MSFT,2026-08-27,2026-09-04,470.0,P,0.9,1.08,0.99,27.906,-0.086669,0.007699,-0.197933,0.116027,8,496.37,291,1137,46.01
MSFT,2026-08-27,2026-09-04,472.5,P,1.14,1.31,1.225,27.4299,-0.104951,0.009018,-0.223632,0.133578,8,496.37,39,159,46.01
MSFT,2026-08-27,2026-09-04,475.0,P,1.43,1.65,1.54,27.3079,-0.129505,0.010514,-0.257991,0.155046,8,496.37,599,804,46.01
MSFT,2026-08-27,2026-09-04,477.5,P,1.82,2.06,1.94,27.198,-0.157988,0.012073,-0.293329,0.177324,8,496.37,46,206,46.01
MSFT,2026-08-27,2026-09-04,480.0,P,2.23,2.44,2.335,26.6121,-0.186352,0.013711,-0.318177,0.197044,8,496.37,221,819,46.01
MSFT,2026-08-27,2026-09-04,482.5,P,2.73,3.0,2.865,26.49,-0.222766,0.01532,-0.35139,0.219147,8,496.37,59,173,46.01
MSFT,2026-08-27,2026-09-04,485.0,P,3.05,3.6,3.325,26.1543,-0.261507,0.016927,-0.377362,0.239072,8,496.37,121,657,46.01
MSFT,2026-08-27,2026-09-04,487.5,P,3.9,4.3,4.1,25.8369,-0.304442,0.018434,-0.399664,0.257196,8,496.37,174,62,46.01
MSFT,2026-08-27,2026-09-04,490.0,P,4.6,5.15,4.875,25.6721,-0.351927,0.019673,-0.41948,0.272733,8,496.37,173,847,46.01
MSFT,2026-08-27,2026-09-04,492.5,P,5.55,6.35,5.95,26.2825,-0.404623,0.020063,-0.446859,0.284748,8,496.37,149,37,46.01
MSFT,2026-08-27,2026-09-04,495.0,P,6.75,7.25,7.0,25.4951,-0.454807,0.021157,-0.440653,0.291283,8,496.37,328,539,46.01
MSFT,2026-08-27,2026-09-04,497.5,P,7.75,8.45,8.1,25.2937,-0.50814,0.021459,-0.437071,0.293105,8,496.37,34,8,46.01
MSFT,2026-08-27,2026-09-04,500.0,P,8.55,10.1,9.325,26.1421,-0.558837,0.02054,-0.444786,0.289972,8,496.37,115,1156,46.01
MSFT,2026-08-27,2026-09-04,502.5,P,10.55,11.7,11.125,26.4595,-0.607612,0.019766,-0.435465,0.282435,8,496.37,2,54,46.01
MSFT,2026-08-27,2026-09-04,505.0,P,12.15,13.1,12.625,25.7026,-0.660087,0.019397,-0.398123,0.269233,8,496.37,58,105,46.01
MSFT,2026-08-27,2026-09-04,507.5,P,13.85,14.6,14.225,24.8299,-0.713236,0.018661,-0.351106,0.250218,8,496.37,8,13,46.01
MSFT,2026-08-27,2026-09-04,510.0,P,15.15,16.85,16.0,26.3984,-0.74309,0.016617,-0.351925,0.236891,8,496.37,2,48,46.01
MSFT,2026-08-27,2026-09-04,512.5,P,17.0,18.6,17.8,25.6599,-0.788585,0.015344,-0.299608,0.212623,8,496.37,2,30,46.01
MSFT,2026-08-27,2026-09-04,515.0,P,18.95,20.95,19.95,27.198,-0.809168,0.013614,-0.297237,0.199951,8,496.37,2,24,46.01
MSFT,2026-08-27,2026-09-04,520.0,P,23.1,24.85,23.975,25.4158,-0.884091,0.010451,-0.181033,0.143438,8,496.37,2,43,46.01
MSFT,2026-08-27,2026-09-04,525.0,P,27.8,29.65,28.725,27.613,-0.908489,0.008102,-0.159983,0.120818,8,496.37,1,6,46.01
MSFT,2026-08-27,2026-09-04,530.0,P,32.45,34.85,33.65,32.4226,-0.907394,0.006961,-0.198001,0.121887,8,496.37,2,1,46.01
MSFT,2026-08-27,2026-09-04,535.0,P,37.05,39.8,38.425,35.3644,-0.91771,0.005844,-0.196658,0.1116,8,496.37,1,1,46.01
MSFT,2026-08-27,2026-09-04,540.0,P,41.7,45.15,43.425,41.2359,-0.909264,0.005391,-0.259298,0.120058,8,496.37,3,0,46.01
MSFT,2026-08-27,2026-09-04,570.0,P,71.75,75.15,73.45,59.4975,-0.935371,0.002887,-0.29049,0.092762,8,496.37,0,0,46.01
MSFT,2026-08-27,2026-09-11,290.0,C,205.4,208.85,207.125,125.7328,0.987517,0.000255,-0.164887,0.032522,15,496.37,0,1,46.01
MSFT,2026-08-27,2026-09-11,300.0,C,195.35,198.9,197.125,118.7016,0.986763,0.000285,-0.164938,0.034215,15,496.37,0,0,46.01
MSFT,2026-08-27,2026-09-11,305.0,C,190.4,193.85,192.125,115.2348,0.98638,0.000301,-0.164748,0.035069,15,496.37,0,0,46.01
MSFT,2026-08-27,2026-09-11,310.0,C,185.45,188.9,187.175,112.9399,0.985267,0.000328,-0.17175,0.037523,15,496.37,10,5,46.01
MSFT,2026-08-27,2026-09-11,325.0,C,170.5,173.95,172.225,103.9556,0.983087,0.000401,-0.178251,0.042238,15,496.37,0,1,46.01
MSFT,2026-08-27,2026-09-11,330.0,C,165.25,169.0,167.125,98.6817,0.984153,0.0004,-0.163856,0.039947,15,496.37,2,3,46.01
MSFT,2026-08-27,2026-09-11,335.0,C,160.45,164.0,162.225,97.461,0.981984,0.000452,-0.177667,0.044579,15,496.37,0,1,46.01
MSFT,2026-08-27,2026-09-11,345.0,C,150.35,154.0,152.175,90.1856,0.981667,0.000495,-0.16986,0.045247,15,496.37,0,1,46.01
MSFT,2026-08-27,2026-09-11,350.0,C,145.5,149.05,147.275,88.8429,0.979245,0.000559,-0.183099,0.050275,15,496.37,0,2,46.01
MSFT,2026-08-27,2026-09-11,355.0,C,140.55,144.05,142.3,86.133,0.978085,0.000604,-0.185794,0.05264,15,496.37,2,1,46.01
MSFT,2026-08-27,2026-09-11,360.0,C,135.95,139.0,137.475,85.6691,0.974122,0.000698,-0.207816,0.060535,15,496.37,0,1,46.01
MSFT,2026-08-27,2026-09-11,370.0,C,125.75,129.0,127.375,78.0764,0.974117,0.000766,-0.19354,0.060545,15,496.37,7,6,46.01
MSFT,2026-08-27,2026-09-11,375.0,C,120.7,124.05,122.375,75.0491,0.973137,0.000822,-0.192662,0.062455,15,496.37,4,11,46.01
MSFT,2026-08-27,2026-09-11,380.0,C,115.65,119.05,117.35,71.7044,0.972632,0.000874,-0.18852,0.063433,15,496.37,12,13,46.01
MSFT,2026-08-27,2026-09-11,390.0,C,105.7,109.1,107.4,66.431,0.96922,0.00104,-0.192607,0.069938,15,496.37,6,32,46.01
MSFT,2026-08-27,2026-09-11,395.0,C,101.05,104.1,102.575,65.4789,0.963969,0.001201,-0.211757,0.079626,15,496.37,60,33,46.01
MSFT,2026-08-27,2026-09-11,400.0,C,95.75,99.15,97.45,61.1576,0.96526,0.001248,-0.196081,0.077277,15,496.37,12,16,46.01
MSFT,2026-08-27,2026-09-11,405.0,C,90.7,94.15,92.425,57.9716,0.964284,0.001347,-0.191768,0.079056,15,496.37,10,27,46.01
MSFT,2026-08-27,2026-09-11,410.0,C,85.6,89.2,87.4,54.8222,0.963217,0.001459,-0.187445,0.080983,15,496.37,1,40,46.01
MSFT,2026-08-27,2026-09-11,415.0,C,81.1,84.2,82.65,54.3706,0.954798,0.001739,-0.212999,0.095723,15,496.37,1,35,46.01
MSFT,2026-08-27,2026-09-11,420.0,C,75.85,79.3,77.575,50.7573,0.95447,0.001873,-0.20291,0.096281,15,496.37,5,31,46.01
MSFT,2026-08-27,2026-09-11,425.0,C,70.9,74.3,72.6,59.5829,0.912787,0.002646,-0.35529,0.15962,15,496.37,42,47,46.01
MSFT,2026-08-27,2026-09-11,430.0,C,66.25,69.35,67.8,56.4946,0.907216,0.002922,-0.353232,0.167137,15,496.37,2,84,46.01
MSFT,2026-08-27,2026-09-11,435.0,C,61.6,64.4,63.0,53.394,0.901024,0.003242,-0.350626,0.175272,15,496.37,1,50,46.01
MSFT,2026-08-27,2026-09-11,440.0,C,56.55,58.95,57.75,47.6934,0.905043,0.003521,-0.309716,0.170018,15,496.37,3,110,46.01
MSFT,2026-08-27,2026-09-11,445.0,C,51.3,54.65,52.975,47.7972,0.883287,0.004078,-0.353241,0.197377,15,496.37,11,134,46.01
MSFT,2026-08-27,2026-09-11,450.0,C,47.2,49.05,48.125,41.5899,0.889406,0.004511,-0.302963,0.189943,15,496.37,7,166,46.01
MSFT,2026-08-27,2026-09-11,455.0,C,42.45,44.25,43.35,39.1425,0.876057,0.005196,-0.308122,0.205914,15,496.37,8,108,46.01
MSFT,2026-08-27,2026-09-11,460.0,C,37.6,39.5,38.55,36.756,0.859673,0.006027,-0.313955,0.224322,15,496.37,4,243,46.01
MSFT,2026-08-27,2026-09-11,462.5,C,35.55,37.2,36.375,35.7917,0.848785,0.006509,-0.320219,0.235879,15,496.37,2,4,46.01
MSFT,2026-08-27,2026-09-11,465.0,C,33.25,34.9,34.075,34.7541,0.837288,0.007034,-0.325215,0.24753,15,496.37,6,98,46.01
MSFT,2026-08-27,2026-09-11,467.5,C,31.0,32.65,31.825,33.8324,0.823838,0.007604,-0.331765,0.260476,15,496.37,1,3,46.01
MSFT,2026-08-27,2026-09-11,470.0,C,28.85,30.4,29.625,32.8254,0.809595,0.008226,-0.336696,0.273418,15,496.37,2,179,46.01
MSFT,2026-08-27,2026-09-11,472.5,C,26.7,28.25,27.475,32.0563,0.792239,0.008878,-0.344804,0.288176,15,496.37,2,3,46.01
MSFT,2026-08-27,2026-09-11,475.0,C,24.85,26.1,25.475,31.1774,0.773935,0.009585,-0.350646,0.302594,15,496.37,8,211,46.01
MSFT,2026-08-27,2026-09-11,477.5,C,22.7,24.0,23.35,30.3352,0.753534,0.010332,-0.356255,0.317344,15,496.37,1,2,46.01
MSFT,2026-08-27,2026-09-11,480.0,C,20.65,22.0,21.325,29.6607,0.730066,0.011077,-0.363301,0.33267,15,496.37,28,697,46.01
MSFT,2026-08-27,2026-09-11,482.5,C,18.85,20.1,19.475,29.1145,0.703807,0.011799,-0.370838,0.347835,15,496.37,7,59,46.01
MSFT,2026-08-27,2026-09-11,485.0,C,17.15,18.2,17.675,28.4065,0.676354,0.01257,-0.374424,0.361542,15,496.37,13,287,46.01
MSFT,2026-08-27,2026-09-11,487.5,C,15.55,16.45,16.0,27.9243,0.645656,0.013241,-0.379194,0.374372,15,496.37,11,32,46.01
MSFT,2026-08-27,2026-09-11,490.0,C,13.85,14.7,14.275,27.259,0.613636,0.01395,-0.379156,0.385037,15,496.37,53,645,46.01
MSFT,2026-08-27,2026-09-11,492.5,C,12.2,13.0,12.6,26.5327,0.579497,0.014645,-0.375724,0.393438,15,496.37,118,43,46.01
MSFT,2026-08-27,2026-09-11,495.0,C,10.85,11.45,11.15,25.9681,0.542855,0.015179,-0.371556,0.399116,15,496.37,72,452,46.01
MSFT,2026-08-27,2026-09-11,497.5,C,8.8,10.35,9.575,26.2764,0.504952,0.015087,-0.375872,0.401404,15,496.37,65,36,46.01
MSFT,2026-08-27,2026-09-11,500.0,C,8.6,9.15,8.875,26.1207,0.467128,0.015127,-0.370855,0.400071,15,496.37,614,691,46.01
MSFT,2026-08-27,2026-09-11,502.5,C,7.25,8.05,7.65,25.9895,0.429425,0.015015,-0.363051,0.395136,15,496.37,20,41,46.01
MSFT,2026-08-27,2026-09-11,505.0,C,6.5,7.25,6.875,26.3801,0.39465,0.014502,-0.359692,0.387355,15,496.37,308,470,46.01
MSFT,2026-08-27,2026-09-11,507.5,C,4.6,6.1,5.35,25.6721,0.355344,0.014417,-0.337905,0.374746,15,496.37,174,8,46.01
MSFT,2026-08-27,2026-09-11,510.0,C,4.75,5.3,5.025,25.6294,0.32053,0.013876,-0.323189,0.360094,15,496.37,90,625,46.01
MSFT,2026-08-27,2026-09-11,515.0,C,2.9,3.8,3.35,25.135,0.252108,0.01262,-0.281375,0.321186,15,496.37,74,316,46.01
MSFT,2026-08-27,2026-09-11,520.0,C,2.33,2.67,2.5,24.7993,0.192209,0.010952,-0.236714,0.275003,15,496.37,1075,676,46.01
MSFT,2026-08-27,2026-09-11,525.0,C,1.74,1.99,1.865,25.2083,0.14868,0.009138,-0.20325,0.233235,15,496.37,85,1152,46.01
MSFT,2026-08-27,2026-09-11,530.0,C,1.2,1.39,1.295,25.1961,0.109683,0.007401,-0.163954,0.188819,15,496.37,75,1976,46.01
MSFT,2026-08-27,2026-09-11,535.0,C,0.81,0.94,0.875,25.1228,0.078342,0.005788,-0.127147,0.147241,15,496.37,92,226,46.01
MSFT,2026-08-27,2026-09-11,540.0,C,0.56,0.68,0.62,25.5256,0.057868,0.004508,-0.101976,0.116513,15,496.37,41,631,46.01
MSFT,2026-08-27,2026-09-11,545.0,C,0.36,0.51,0.435,26.1238,0.043657,0.003519,-0.083195,0.093077,15,496.37,66,813,46.01
MSFT,2026-08-27,2026-09-11,550.0,C,0.25,0.34,0.295,26.1726,0.030151,0.002594,-0.061463,0.068752,15,496.37,40,411,46.01
MSFT,2026-08-27,2026-09-11,555.0,C,0.03,0.27,0.15,27.0027,0.0236,0.002049,-0.051594,0.056032,15,496.37,2,133,46.01
MSFT,2026-08-27,2026-09-11,560.0,C,0.03,0.21,0.12,27.7351,0.018302,0.001609,-0.042671,0.045182,15,496.37,2,206,46.01
MSFT,2026-08-27,2026-09-11,570.0,C,0.05,0.11,0.08,28.5163,0.009707,0.000905,-0.025316,0.026131,15,496.37,18,5130,46.01
MSFT,2026-08-27,2026-09-11,580.0,C,0.01,0.23,0.12,34.8639,0.015925,0.001136,-0.047399,0.040116,15,496.37,802,923,46.01
MSFT,2026-08-27,2026-09-11,590.0,C,0.01,0.06,0.035,32.2272,0.004811,0.000431,-0.01534,0.014059,15,496.37,4,74,46.01
MSFT,2026-08-27,2026-09-11,600.0,C,0.0,0.12,0.06,37.8424,0.007901,0.000569,-0.027905,0.021815,15,496.37,1,119,46.01
MSFT,2026-08-27,2026-09-11,610.0,C,0.0,0.11,0.055,40.235,0.006795,0.000469,-0.02595,0.019101,15,496.37,3,20,46.01
MSFT,2026-08-27,2026-09-11,620.0,C,0.0,0.15,0.075,44.6295,0.008284,0.000503,-0.034237,0.022743,15,496.37,5,70,46.01
MSFT,2026-08-27,2026-09-11,630.0,C,0.0,2.14,1.07,63.4037,0.037644,0.001286,-0.176218,0.082529,15,496.37,6,38,46.01
MSFT,2026-08-27,2026-09-11,640.0,C,0.0,0.77,0.385,56.6899,0.016145,0.000707,-0.077479,0.04059,15,496.37,5,124,46.01
MSFT,2026-08-27,2026-09-11,650.0,C,0.0,2.14,1.07,69.971,0.034426,0.001083,-0.180535,0.076703,15,496.37,1,12,46.01
MSFT,2026-08-27,2026-09-11,660.0,C,0.0,2.13,1.065,73.0716,0.032949,0.001,-0.181772,0.073986,15,496.37,21,39,46.01
MSFT,2026-08-27,2026-09-11,670.0,C,0.0,2.13,1.065,76.1721,0.031764,0.000931,-0.183765,0.071783,15,496.37,4,53,46.01
MSFT,2026-08-27,2026-09-11,680.0,C,0.0,1.76,0.88,76.7092,0.026393,0.000792,-0.158608,0.061541,15,496.37,11,40,46.01
MSFT,2026-08-27,2026-09-11,280.0,P,0.0,0.42,0.21,112.1098,-0.004152,0.000109,-0.045834,0.012325,15,496.37,41,92,46.01
MSFT,2026-08-27,2026-09-11,300.0,P,0.01,0.15,0.08,89.4532,-0.002015,7.1e-05,-0.019047,0.006423,15,496.37,3,32,46.01
MSFT,2026-08-27,2026-09-11,305.0,P,0.0,0.81,0.405,105.2739,-0.008292,0.000214,-0.079425,0.022761,15,496.37,39,65,46.01
MSFT,2026-08-27,2026-09-11,310.0,P,0.0,1.01,0.505,105.3227,-0.010207,0.000256,-0.095299,0.027302,15,496.37,7,95,46.01
MSFT,2026-08-27,2026-09-11,315.0,P,0.0,2.13,1.065,114.7709,-0.018884,0.000399,-0.176479,0.0464,15,496.37,3,104,46.01
MSFT,2026-08-27,2026-09-11,320.0,P,0.0,2.13,1.065,111.3042,-0.019455,0.000422,-0.175504,0.047591,15,496.37,5,309,46.01
MSFT,2026-08-27,2026-09-11,325.0,P,0.0,2.14,1.07,107.9594,-0.020114,0.000448,-0.17508,0.048956,15,496.37,10,181,46.01
MSFT,2026-08-27,2026-09-11,330.0,P,0.0,1.77,0.885,101.27,-0.017929,0.000433,-0.148893,0.044396,15,496.37,12,58,46.01
MSFT,2026-08-27,2026-09-11,335.0,P,0.0,2.14,1.07,101.27,-0.02142,0.000504,-0.173135,0.051634,15,496.37,2,37,46.01
MSFT,2026-08-27,2026-09-11,340.0,P,0.0,0.1,0.05,65.6253,-0.001739,8.5e-05,-0.012197,0.005617,15,496.37,2,90,46.01
MSFT,2026-08-27,2026-09-11,345.0,P,0.0,1.12,0.56,85.1564,-0.01382,0.000412,-0.100062,0.035511,15,496.37,19,298,46.01
MSFT,2026-08-27,2026-09-11,350.0,P,0.0,0.53,0.265,73.8284,-0.007773,0.000288,-0.05251,0.021504,15,496.37,2,109,46.01
MSFT,2026-08-27,2026-09-11,355.0,P,0.01,0.1,0.055,59.3754,-0.002134,0.000113,-0.013281,0.006767,15,496.37,5,51,46.01
MSFT,2026-08-27,2026-09-11,360.0,P,0.01,0.1,0.055,57.0317,-0.002191,0.00012,-0.013061,0.00693,15,496.37,10,101,46.01
MSFT,2026-08-27,2026-09-11,365.0,P,0.01,0.06,0.035,52.3442,-0.001516,9.4e-05,-0.008572,0.004958,15,496.37,11,8,46.01
MSFT,2026-08-27,2026-09-11,370.0,P,0.0,0.1,0.05,51.9536,-0.00214,0.000129,-0.011635,0.006783,15,496.37,14,172,46.01
MSFT,2026-08-27,2026-09-11,375.0,P,0.01,0.1,0.055,50.3911,-0.002471,0.000151,-0.012853,0.007728,15,496.37,2,23,46.01
MSFT,2026-08-27,2026-09-11,380.0,P,0.01,0.12,0.065,52.5395,-0.005001,0.000274,-0.025228,0.014553,15,496.37,30,47,46.01
MSFT,2026-08-27,2026-09-11,385.0,P,0.01,0.08,0.045,47.9497,-0.003702,0.000229,-0.017587,0.011123,15,496.37,16,46,46.01
MSFT,2026-08-27,2026-09-11,390.0,P,0.01,0.12,0.065,47.9497,-0.005459,0.000324,-0.024863,0.015732,15,496.37,4,64,46.01
MSFT,2026-08-27,2026-09-11,395.0,P,0.03,0.18,0.105,48.145,-0.008089,0.000457,-0.035325,0.022273,15,496.37,1,38,46.01
MSFT,2026-08-27,2026-09-11,400.0,P,0.08,0.15,0.115,44.7271,-0.007289,0.000449,-0.029919,0.02032,15,496.37,3,172,46.01
MSFT,2026-08-27,2026-09-11,405.0,P,0.07,0.16,0.115,42.774,-0.008043,0.000512,-0.031183,0.022162,15,496.37,76,125,46.01
MSFT,2026-08-27,2026-09-11,410.0,P,0.06,0.18,0.12,41.1627,-0.009367,0.000608,-0.03427,0.025329,15,496.37,2,132,46.01
MSFT,2026-08-27,2026-09-11,415.0,P,0.1,0.2,0.15,39.4537,-0.010795,0.000718,-0.037144,0.028667,15,496.37,91,166,46.01
MSFT,2026-08-27,2026-09-11,420.0,P,0.1,0.23,0.165,37.8912,-0.012771,0.000865,-0.041237,0.03317,15,496.37,91,138,46.01
MSFT,2026-08-27,2026-09-11,425.0,P,0.1,0.32,0.21,37.403,-0.017637,0.001156,-0.053671,0.043778,15,496.37,15,106,46.01
MSFT,2026-08-27,2026-09-11,430.0,P,0.2,0.25,0.225,33.6432,-0.015351,0.001141,-0.042803,0.038872,15,496.37,32,839,46.01
MSFT,2026-08-27,2026-09-11,435.0,P,0.24,0.33,0.285,32.7643,-0.020525,0.001501,-0.053337,0.049803,15,496.37,47,222,46.01
MSFT,2026-08-27,2026-09-11,440.0,P,0.35,0.4,0.375,31.3728,-0.025525,0.001884,-0.061269,0.059843,15,496.37,61,213,46.01
MSFT,2026-08-27,2026-09-11,445.0,P,0.42,0.49,0.455,30.0056,-0.032059,0.002381,-0.070699,0.072333,15,496.37,17,1022,46.01
MSFT,2026-08-27,2026-09-11,450.0,P,0.55,0.65,0.6,29.0657,-0.042747,0.003109,-0.08646,0.091508,15,496.37,234,453,46.01
MSFT,2026-08-27,2026-09-11,455.0,P,0.75,0.86,0.805,28.1135,-0.056818,0.004035,-0.104702,0.114846,15,496.37,216,571,46.01
MSFT,2026-08-27,2026-09-11,460.0,P,1.02,1.19,1.105,27.4665,-0.077555,0.005254,-0.129786,0.146117,15,496.37,83,378,46.01
MSFT,2026-08-27,2026-09-11,462.5,P,1.19,1.38,1.285,27.0637,-0.089594,0.005943,-0.142304,0.162857,15,496.37,30,64,46.01
MSFT,2026-08-27,2026-09-11,465.0,P,1.46,1.59,1.525,26.6121,-0.102898,0.006692,-0.154647,0.180308,15,496.37,70,473,46.01
MSFT,2026-08-27,2026-09-11,467.5,P,1.58,1.86,1.72,26.2947,-0.119151,0.007523,-0.169408,0.200284,15,496.37,6,84,46.01
MSFT,2026-08-27,2026-09-11,470.0,P,2.0,2.19,2.095,26.0505,-0.13812,0.008413,-0.185579,0.221915,15,496.37,103,512,46.01
MSFT,2026-08-27,2026-09-11,472.5,P,2.2,2.6,2.4,25.9224,-0.160361,0.009342,-0.203591,0.245192,15,496.37,7,36,46.01
MSFT,2026-08-27,2026-09-11,475.0,P,2.72,3.0,2.86,25.5562,-0.182839,0.010304,-0.217702,0.266639,15,496.37,41,391,46.01
MSFT,2026-08-27,2026-09-11,477.5,P,3.0,3.45,3.225,25.1716,-0.207605,0.011302,-0.230963,0.288048,15,496.37,5,3,46.01
MSFT,2026-08-27,2026-09-11,480.0,P,3.6,4.1,3.85,25.2083,-0.238398,0.012211,-0.249559,0.311672,15,496.37,35,748,46.01
MSFT,2026-08-27,2026-09-11,482.5,P,4.1,4.75,4.425,25.013,-0.26955,0.013126,-0.263215,0.332433,15,496.37,16,3,46.01
MSFT,2026-08-27,2026-09-11,485.0,P,4.9,5.45,5.175,24.7383,-0.302444,0.014019,-0.273884,0.351146,15,496.37,79,182,46.01
MSFT,2026-08-27,2026-09-11,487.5,P,5.55,6.25,5.9,24.5125,-0.337892,0.01482,-0.283007,0.367818,15,496.37,161,14,46.01
MSFT,2026-08-27,2026-09-11,490.0,P,6.35,7.15,6.75,24.3172,-0.375461,0.015503,-0.289902,0.381712,15,496.37,69,777,46.01
MSFT,2026-08-27,2026-09-11,492.5,P,7.65,8.35,8.0,24.6284,-0.416011,0.01574,-0.300572,0.392505,15,496.37,11,10,46.01
MSFT,2026-08-27,2026-09-11,495.0,P,8.5,9.4,8.95,24.3294,-0.455632,0.016195,-0.299794,0.398949,15,496.37,45,153,46.01
MSFT,2026-08-27,2026-09-11,497.5,P,9.6,10.5,10.05,23.9143,-0.496563,0.016578,-0.294082,0.40142,15,496.37,1,5,46.01
MSFT,2026-08-27,2026-09-11,500.0,P,10.85,11.8,11.325,23.7465,-0.538157,0.016619,-0.288177,0.399597,15,496.37,20,233,46.01
MSFT,2026-08-27,2026-09-11,505.0,P,13.7,15.05,14.375,24.2927,-0.615848,0.015627,-0.278916,0.384388,15,496.37,4,364,46.01
MSFT,2026-08-27,2026-09-11,510.0,P,16.7,18.3,17.5,23.9143,-0.692608,0.014607,-0.245417,0.353687,15,496.37,9,17,46.01
MSFT,2026-08-27,2026-09-11,515.0,P,20.2,22.2,21.2,24.4392,-0.754373,0.012801,-0.218035,0.316763,15,496.37,2,90,46.01
MSFT,2026-08-27,2026-09-11,520.0,P,24.1,26.35,25.225,24.9824,-0.805942,0.010935,-0.187332,0.276615,15,496.37,8,8,46.01
MSFT,2026-08-27,2026-09-11,525.0,P,28.3,30.55,29.425,24.9275,-0.854155,0.009122,-0.145452,0.230245,15,496.37,2,4,46.01
MSFT,2026-08-27,2026-09-11,530.0,P,32.75,35.05,33.9,25.3609,-0.888749,0.007428,-0.1132,0.19075,15,496.37,1,14,46.01
MSFT,2026-08-27,2026-09-11,535.0,P,37.5,39.9,38.7,27.1003,-0.90475,0.00621,-0.104588,0.170404,15,496.37,2,2,46.01
MSFT,2026-08-27,2026-09-11,540.0,P,42.3,44.55,43.425,27.3201,-0.928688,0.004954,-0.073789,0.137048,15,496.37,1,0,46.01
MSFT,2026-08-27,2026-09-11,545.0,P,46.8,50.2,48.5,33.631,-0.905673,0.004968,-0.139236,0.169186,15,496.37,0,0,46.01
MSFT,2026-08-27,2026-09-11,550.0,P,52.0,55.2,53.6,36.0053,-0.911227,0.004437,-0.142913,0.161745,15,496.37,2,0,46.01
MSFT,2026-08-27,2026-09-11,555.0,P,56.75,60.15,58.45,38.0133,-0.917826,0.003966,-0.141388,0.152653,15,496.37,3,0,46.01
MSFT,2026-08-27,2026-09-11,560.0,P,61.75,65.15,63.45,40.2716,-0.921908,0.003602,-0.144427,0.146884,15,496.37,1,0,46.01
MSFT,2026-08-27,2026-09-11,570.0,P,71.75,75.15,73.45,44.6295,-0.928784,0.00303,-0.149568,0.136908,15,496.37,2,0,46.01
MSFT,2026-08-27,2026-09-11,600.0,P,101.8,105.15,103.475,56.7631,-0.942606,0.002014,-0.16121,0.11576,15,496.37,0,0,46.01
MSFT,2026-08-27,2026-09-18,215.0,C,280.25,284.0,282.125,156.5432,0.991225,0.000125,-0.124257,0.028971,22,496.37,4,4,46.01
MSFT,2026-08-27,2026-09-18,220.0,C,275.4,278.9,277.15,153.3205,0.990759,0.000133,-0.127292,0.030314,22,496.37,38,6,46.01
MSFT,2026-08-27,2026-09-18,225.0,C,196.95,200.35,198.65,0.001,1.0,0.0,-0.022696,0.0,22,496.37,6,6,46.01
MSFT,2026-08-27,2026-09-18,230.0,C,265.45,268.95,267.2,146.9729,0.989788,0.000152,-0.133115,0.03308,22,496.37,5,11,46.01
MSFT,2026-08-27,2026-09-18,235.0,C,260.45,263.95,262.2,143.2132,0.989523,0.000159,-0.133211,0.033827,22,496.37,13,1,46.01
MSFT,2026-08-27,2026-09-18,240.0,C,255.5,259.0,257.25,140.7718,0.988752,0.000172,-0.138694,0.035984,22,496.37,16,6,46.01
MSFT,2026-08-27,2026-09-18,245.0,C,250.35,254.0,252.175,135.3031,0.989229,0.000172,-0.130663,0.034653,22,496.37,10,1,46.01
MSFT,2026-08-27,2026-09-18,250.0,C,245.4,249.0,247.2,132.4222,0.988668,0.000184,-0.133576,0.036217,22,496.37,1,16,46.01
MSFT,2026-08-27,2026-09-18,260.0,C,235.4,238.95,237.175,125.0004,0.988329,0.0002,-0.131126,0.037155,22,496.37,2,8,46.01
MSFT,2026-08-27,2026-09-18,265.0,C,230.55,234.05,232.3,124.4144,0.986609,0.000227,-0.144322,0.041853,22,496.37,1,21,46.01
MSFT,2026-08-27,2026-09-18,270.0,C,225.55,229.15,227.35,122.0951,0.985688,0.000244,-0.149421,0.044322,22,496.37,1,46,46.01
MSFT,2026-08-27,2026-09-18,275.0,C,220.45,224.1,222.275,117.3344,0.986161,0.000247,-0.14179,0.043058,22,496.37,1,25,46.01
MSFT,2026-08-27,2026-09-18,280.0,C,215.6,219.1,217.35,115.5766,0.9849,0.00027,-0.149322,0.046415,22,496.37,8,117,46.01
MSFT,2026-08-27,2026-09-18,285.0,C,210.6,214.2,212.4,113.3305,0.983872,0.000292,-0.15435,0.049113,22,496.37,1,805,46.01
MSFT,2026-08-27,2026-09-18,290.0,C,205.5,209.1,207.3,108.3501,0.984682,0.000292,-0.144118,0.04699,22,496.37,1,44,46.01
MSFT,2026-08-27,2026-09-18,295.0,C,200.45,204.15,202.3,105.3227,0.984232,0.000308,-0.144193,0.048171,22,496.37,5,40,46.01
MSFT,2026-08-27,2026-09-18,300.0,C,195.65,199.15,197.4,104.0288,0.982484,0.000341,-0.153907,0.052706,22,496.37,3,339,46.01
MSFT,2026-08-27,2026-09-18,305.0,C,190.55,194.2,192.375,100.6108,0.982317,0.000356,-0.151289,0.053134,22,496.37,2,144,46.01
MSFT,2026-08-27,2026-09-18,310.0,C,185.55,189.2,187.375,97.6563,0.981809,0.000375,-0.151087,0.054435,22,496.37,1,225,46.01
MSFT,2026-08-27,2026-09-18,315.0,C,180.6,184.25,182.425,95.5323,0.98057,0.000406,-0.155712,0.057574,22,496.37,2,118,46.01
MSFT,2026-08-27,2026-09-18,320.0,C,175.75,179.25,177.5,93.7501,0.978928,0.000443,-0.16253,0.061673,22,496.37,1,163,46.01
MSFT,2026-08-27,2026-09-18,325.0,C,170.55,174.3,172.425,89.795,0.979391,0.000454,-0.155172,0.060522,22,496.37,2,72,46.01
MSFT,2026-08-27,2026-09-18,330.0,C,165.65,169.3,167.475,87.6954,0.978,0.000491,-0.159568,0.063961,22,496.37,3,757,46.01
MSFT,2026-08-27,2026-09-18,335.0,C,160.6,164.3,162.45,84.5705,0.977692,0.000515,-0.156963,0.064714,22,496.37,2,85,46.01
MSFT,2026-08-27,2026-09-18,340.0,C,155.8,159.35,157.575,83.423,0.975044,0.000574,-0.167778,0.071118,22,496.37,6,176,46.01
MSFT,2026-08-27,2026-09-18,345.0,C,150.85,154.35,152.6,80.9816,0.973829,0.000615,-0.169587,0.074005,22,496.37,6,105,46.01
MSFT,2026-08-27,2026-09-18,350.0,C,145.8,149.45,147.625,78.5403,0.972566,0.00066,-0.171223,0.076976,22,496.37,40,739,46.01
MSFT,2026-08-27,2026-09-18,355.0,C,140.9,144.4,142.65,76.0989,0.97125,0.000708,-0.172682,0.080037,22,496.37,2,436,46.01
MSFT,2026-08-27,2026-09-18,360.0,C,135.8,139.55,137.675,73.6819,0.969841,0.000761,-0.174151,0.083282,22,496.37,33,1993,46.01
MSFT,2026-08-27,2026-09-18,365.0,C,130.95,134.45,132.7,71.2649,0.968365,0.000819,-0.175443,0.08664,22,496.37,12,776,46.01
MSFT,2026-08-27,2026-09-18,370.0,C,125.85,129.4,127.625,67.8592,0.968576,0.000855,-0.168521,0.086162,22,496.37,2,2854,46.01
MSFT,2026-08-27,2026-09-18,375.0,C,121.0,124.5,122.75,66.4798,0.9651,0.000952,-0.177893,0.093942,22,496.37,80,871,46.01
MSFT,2026-08-27,2026-09-18,380.0,C,115.9,119.5,117.7,63.4037,0.964724,0.001007,-0.173011,0.094772,22,496.37,6,4093,46.01
MSFT,2026-08-27,2026-09-18,385.0,C,111.0,114.55,112.775,61.4994,0.961887,0.001105,-0.177916,0.100962,22,496.37,1,872,46.01
MSFT,2026-08-27,2026-09-18,390.0,C,106.0,109.6,107.8,59.1313,0.959873,0.001199,-0.178693,0.105285,22,496.37,3,4037,46.01
MSFT,2026-08-27,2026-09-18,395.0,C,100.7,104.6,102.65,55.2739,0.961437,0.001242,-0.165849,0.101933,22,496.37,2,959,46.01
MSFT,2026-08-27,2026-09-18,400.0,C,96.05,99.65,97.85,54.395,0.955416,0.001419,-0.179717,0.114649,22,496.37,33,9393,46.01
MSFT,2026-08-27,2026-09-18,405.0,C,91.15,94.7,92.925,52.4175,0.951789,0.001568,-0.183731,0.122079,22,496.37,15,432,46.01
MSFT,2026-08-27,2026-09-18,410.0,C,86.3,89.7,88.0,50.3911,0.947924,0.001735,-0.187278,0.12982,22,496.37,10,6057,46.01
MSFT,2026-08-27,2026-09-18,415.0,C,81.3,84.85,83.075,57.9838,0.910611,0.002287,-0.296532,0.196894,22,496.37,3,982,46.01
MSFT,2026-08-27,2026-09-18,420.0,C,77.1,78.9,78.0,50.4766,0.923361,0.002339,-0.239474,0.175366,22,496.37,52,8247,46.01
MSFT,2026-08-27,2026-09-18,425.0,C,71.65,74.9,73.275,52.4114,0.901131,0.002725,-0.290232,0.212096,22,496.37,6,4629,46.01
MSFT,2026-08-27,2026-09-18,430.0,C,67.15,69.85,68.5,49.3047,0.897009,0.002984,-0.282744,0.218507,22,496.37,46,14635,46.01
MSFT,2026-08-27,2026-09-18,435.0,C,61.85,65.15,63.5,47.6202,0.886156,0.003321,-0.29199,0.234844,22,496.37,3,1244,46.01
MSFT,2026-08-27,2026-09-18,440.0,C,57.95,59.55,58.75,42.3224,0.89131,0.003615,-0.257163,0.227181,22,496.37,25,11107,46.01
MSFT,2026-08-27,2026-09-18,445.0,C,52.95,54.75,53.85,40.2472,0.880511,0.004066,-0.2609,0.243042,22,496.37,20,1443,46.01
MSFT,2026-08-27,2026-09-18,450.0,C,48.25,50.0,49.125,38.2575,0.867535,0.004597,-0.265493,0.26116,22,496.37,157,16439,46.01
MSFT,2026-08-27,2026-09-18,455.0,C,43.8,45.3,44.55,36.3105,0.852158,0.005218,-0.270341,0.281396,22,496.37,17,2500,46.01
MSFT,2026-08-27,2026-09-18,460.0,C,38.8,40.7,39.75,34.5282,0.833051,0.005944,-0.276822,0.304807,22,496.37,88,8136,46.01
MSFT,2026-08-27,2026-09-18,462.5,C,36.85,38.5,37.675,33.863,0.820804,0.006341,-0.282645,0.318869,22,496.37,10,10,46.01
MSFT,2026-08-27,2026-09-18,465.0,C,34.9,36.25,35.575,32.9841,0.808981,0.006773,-0.28559,0.331781,22,496.37,7,1520,46.01
MSFT,2026-08-27,2026-09-18,470.0,C,30.4,31.9,31.15,31.4582,0.780602,0.007712,-0.293465,0.36026,22,496.37,68,18365,46.01
MSFT,2026-08-27,2026-09-18,472.5,C,28.45,29.85,29.15,30.9028,0.763265,0.008193,-0.299316,0.376007,22,496.37,1,11,46.01
MSFT,2026-08-27,2026-09-18,475.0,C,26.15,27.8,26.975,30.2558,0.74522,0.008705,-0.303494,0.391136,22,496.37,55,1883,46.01
MSFT,2026-08-27,2026-09-18,477.5,C,24.6,25.85,25.225,29.7492,0.724956,0.009205,-0.308666,0.406653,22,496.37,6,5,46.01
MSFT,2026-08-27,2026-09-18,480.0,C,22.55,23.55,23.05,28.3393,0.708414,0.009937,-0.302479,0.418206,22,496.37,166,16326,46.01
MSFT,2026-08-27,2026-09-18,482.5,C,21.1,22.15,21.625,28.8642,0.67966,0.010171,-0.317836,0.435987,22,496.37,15,33,46.01
MSFT,2026-08-27,2026-09-18,485.0,C,19.25,19.95,19.6,27.4971,0.659083,0.010946,-0.310347,0.446977,22,496.37,296,2137,46.01
MSFT,2026-08-27,2026-09-18,487.5,C,17.75,18.45,18.1,27.5184,0.630657,0.011253,-0.317344,0.459849,22,496.37,35,456,46.01
MSFT,2026-08-27,2026-09-18,490.0,C,15.95,16.65,16.3,26.7708,0.603811,0.011812,-0.314304,0.469608,22,496.37,394,7374,46.01
MSFT,2026-08-27,2026-09-18,492.5,C,14.4,15.15,14.775,26.5083,0.574164,0.012136,-0.315067,0.477736,22,496.37,198,119,46.01
MSFT,2026-08-27,2026-09-18,495.0,C,13.15,13.75,13.45,26.2977,0.543612,0.012374,-0.31469,0.483253,22,496.37,662,4795,46.01
MSFT,2026-08-27,2026-09-18,497.5,C,11.75,12.6,12.175,26.4412,0.51264,0.012375,-0.316432,0.485917,22,496.37,250,43,46.01
MSFT,2026-08-27,2026-09-18,500.0,C,10.8,11.15,10.975,25.8247,0.4808,0.012662,-0.307988,0.485598,22,496.37,2453,19373,46.01
MSFT,2026-08-27,2026-09-18,502.5,C,9.55,10.25,9.9,26.1696,0.450539,0.012413,-0.308479,0.48242,22,496.37,160,31,46.01
MSFT,2026-08-27,2026-09-18,505.0,C,8.45,9.0,8.725,25.6447,0.418017,0.012495,-0.297397,0.475859,22,496.37,1184,3707,46.01
MSFT,2026-08-27,2026-09-18,507.5,C,7.55,8.2,7.875,25.8949,0.388958,0.012149,-0.293636,0.467205,22,496.37,69,69,46.01
MSFT,2026-08-27,2026-09-18,510.0,C,6.65,7.0,6.825,25.1381,0.354933,0.012152,-0.276273,0.453654,22,496.37,927,18301,46.01
MSFT,2026-08-27,2026-09-18,515.0,C,5.25,5.55,5.4,25.2022,0.298537,0.011296,-0.256564,0.422768,22,496.37,257,2450,46.01
MSFT,2026-08-27,2026-09-18,520.0,C,4.0,4.2,4.1,24.8787,0.243693,0.010339,-0.227786,0.38199,22,496.37,571,12135,46.01
MSFT,2026-08-27,2026-09-18,525.0,C,3.05,3.2,3.125,24.836,0.196908,0.009164,-0.200328,0.337977,22,496.37,421,29714,46.01
MSFT,2026-08-27,2026-09-18,530.0,C,2.21,2.45,2.33,24.9641,0.158007,0.007933,-0.174533,0.294081,22,496.37,512,15914,46.01
MSFT,2026-08-27,2026-09-18,535.0,C,1.67,1.9,1.785,25.251,0.126716,0.006754,-0.151507,0.253255,22,496.37,250,4588,46.01
MSFT,2026-08-27,2026-09-18,540.0,C,1.25,1.34,1.295,24.9519,0.09538,0.005575,-0.121799,0.206576,22,496.37,304,8596,46.01
MSFT,2026-08-27,2026-09-18,545.0,C,0.91,1.05,0.98,25.4036,0.076107,0.004624,-0.104428,0.17444,22,496.37,57,4926,46.01
MSFT,2026-08-27,2026-09-18,550.0,C,0.69,0.74,0.715,25.2693,0.056268,0.003678,-0.082017,0.138022,22,496.37,290,12744,46.01
MSFT,2026-08-27,2026-09-18,555.0,C,0.5,0.6,0.55,25.9163,0.04571,0.003039,-0.071133,0.116974,22,496.37,63,711,46.01
MSFT,2026-08-27,2026-09-18,560.0,C,0.37,0.46,0.415,26.2581,0.035595,0.002448,-0.058718,0.095473,22,496.37,133,4485,46.01
MSFT,2026-08-27,2026-09-18,565.0,C,0.28,0.49,0.385,28.1257,0.035244,0.002267,-0.062257,0.094703,22,496.37,11,687,46.01
MSFT,2026-08-27,2026-09-18,570.0,C,0.19,0.3,0.245,27.3689,0.023197,0.001646,-0.042738,0.066883,22,496.37,724,27579,46.01
MSFT,2026-08-27,2026-09-18,575.0,C,0.15,0.2,0.175,27.1492,0.016199,0.001223,-0.031211,0.049297,22,496.37,44,1093,46.01
MSFT,2026-08-27,2026-09-18,580.0,C,0.05,0.2,0.125,28.4919,0.015417,0.001117,-0.031352,0.04725,22,496.37,13,9065,46.01
MSFT,2026-08-27,2026-09-18,585.0,C,0.07,0.33,0.2,32.0808,0.021779,0.001331,-0.047299,0.063417,22,496.37,6,77,46.01
MSFT,2026-08-27,2026-09-18,590.0,C,0.02,0.15,0.085,29.9812,0.011285,0.00081,-0.025141,0.036086,22,496.37,18,2591,46.01
MSFT,2026-08-27,2026-09-18,595.0,C,0.05,0.16,0.105,31.4948,0.011407,0.000779,-0.02663,0.036425,22,496.37,3,343,46.01
MSFT,2026-08-27,2026-09-18,600.0,C,0.02,0.07,0.045,29.6882,0.005631,0.000444,-0.013492,0.019586,22,496.37,19,5943,46.01
MSFT,2026-08-27,2026-09-18,605.0,C,0.01,0.13,0.07,33.1061,0.008968,0.000601,-0.022656,0.029529,22,496.37,3,262,46.01
MSFT,2026-08-27,2026-09-18,610.0,C,0.01,0.09,0.05,32.8132,0.00637,0.000448,-0.016605,0.021848,22,496.37,5,3210,46.01
MSFT,2026-08-27,2026-09-18,620.0,C,0.01,0.25,0.13,39.7711,0.013688,0.000722,-0.039217,0.042652,22,496.37,81,1798,46.01
MSFT,2026-08-27,2026-09-18,630.0,C,0.0,0.04,0.02,34.1803,0.002782,0.000205,-0.008227,0.010415,22,496.37,6,660,46.01
MSFT,2026-08-27,2026-09-18,640.0,C,0.0,0.03,0.015,35.3522,0.002124,0.000155,-0.006659,0.008158,22,496.37,15,1437,46.01
MSFT,2026-08-27,2026-09-18,650.0,C,0.0,0.03,0.015,37.11,0.001928,0.000136,-0.006397,0.007473,22,496.37,115,3635,46.01
MSFT,2026-08-27,2026-09-18,660.0,C,0.0,0.05,0.025,41.0162,0.002917,0.000178,-0.010275,0.01087,22,496.37,21,844,46.01
MSFT,2026-08-27,2026-09-18,670.0,C,0.0,0.01,0.005,37.5006,0.000717,5.4e-05,-0.002609,0.00302,22,496.37,1,479,46.01
MSFT,2026-08-27,2026-09-18,680.0,C,0.0,0.11,0.055,48.5357,0.005183,0.000252,-0.020321,0.018194,22,496.37,1,3311,46.01
MSFT,2026-08-27,2026-09-18,700.0,C,0.0,0.05,0.025,48.438,0.002458,0.000129,-0.010371,0.009313,22,496.37,204,1542,46.01
MSFT,2026-08-27,2026-09-18,720.0,C,0.0,0.05,0.025,51.9536,0.002293,0.000113,-0.010439,0.008747,22,496.37,94,639,46.01
MSFT,2026-08-27,2026-09-18,740.0,C,0.0,0.11,0.055,55.8598,0.002349,0.000108,-0.011462,0.008939,22,496.37,24,1354,46.01
MSFT,2026-08-27,2026-09-18,760.0,C,0.0,0.01,0.005,51.563,0.000511,2.9e-05,-0.002615,0.002211,22,496.37,20,2430,46.01
MSFT,2026-08-27,2026-09-18,780.0,C,0.0,0.05,0.025,58.2035,0.001049,5e-05,-0.005722,0.004288,22,496.37,1,1128,46.01
MSFT,2026-08-27,2026-09-18,800.0,C,0.0,0.01,0.005,54.688,0.000259,1.4e-05,-0.001474,0.001176,22,496.37,1,10368,46.01
MSFT,2026-08-27,2026-09-18,215.0,P,0.0,0.01,0.005,96.875,-0.000133,4e-06,-0.001382,0.000631,22,496.37,4,1031,46.01
MSFT,2026-08-27,2026-09-18,220.0,P,0.0,0.01,0.005,93.7501,-0.000126,4e-06,-0.001271,0.0006,22,496.37,2,951,46.01
MSFT,2026-08-27,2026-09-18,225.0,P,0.0,0.06,0.03,103.9067,-0.000602,1.7e-05,-0.006041,0.002572,22,496.37,1,574,46.01
MSFT,2026-08-27,2026-09-18,230.0,P,0.0,0.03,0.015,95.3125,-0.00032,1e-05,-0.003086,0.001432,22,496.37,1,1129,46.01
MSFT,2026-08-27,2026-09-18,235.0,P,0.0,0.08,0.04,101.1724,-0.000835,2.3e-05,-0.007946,0.003475,22,496.37,20,139,46.01
MSFT,2026-08-27,2026-09-18,240.0,P,0.0,0.03,0.015,90.6251,-0.000353,1.2e-05,-0.00321,0.001567,22,496.37,1,648,46.01
MSFT,2026-08-27,2026-09-18,245.0,P,0.0,0.1,0.05,97.6563,-0.001056,3e-05,-0.009514,0.004312,22,496.37,45,600,46.01
MSFT,2026-08-27,2026-09-18,250.0,P,0.0,0.04,0.02,87.8907,-0.000489,1.6e-05,-0.004212,0.002122,22,496.37,99,592,46.01
MSFT,2026-08-27,2026-09-18,255.0,P,0.0,0.03,0.015,83.5939,-0.000391,1.4e-05,-0.003257,0.001725,22,496.37,20,1212,46.01
MSFT,2026-08-27,2026-09-18,260.0,P,0.0,1.57,0.785,124.5609,-0.011461,0.000198,-0.1029,0.036575,22,496.37,2,976,46.01
MSFT,2026-08-27,2026-09-18,265.0,P,0.0,1.77,0.885,123.4867,-0.012906,0.000221,-0.11305,0.040539,22,496.37,67,794,46.01
MSFT,2026-08-27,2026-09-18,270.0,P,0.01,0.06,0.035,82.4221,-0.0009,3e-05,-0.006932,0.003726,22,496.37,30,1573,46.01
MSFT,2026-08-27,2026-09-18,275.0,P,0.01,0.17,0.09,87.6954,-0.002112,6.2e-05,-0.016067,0.008118,22,496.37,132,1447,46.01
MSFT,2026-08-27,2026-09-18,280.0,P,0.0,1.4,0.7,109.7661,-0.011679,0.000228,-0.092097,0.037176,22,496.37,48,843,46.01
MSFT,2026-08-27,2026-09-18,285.0,P,0.02,0.08,0.05,78.1252,-0.001349,4.7e-05,-0.009512,0.005397,22,496.37,242,2224,46.01
MSFT,2026-08-27,2026-09-18,290.0,P,0.0,0.06,0.03,72.2659,-0.000873,3.4e-05,-0.0059,0.00362,22,496.37,50,2596,46.01
MSFT,2026-08-27,2026-09-18,295.0,P,0.0,0.1,0.05,73.4378,-0.001401,5.1e-05,-0.009254,0.005589,22,496.37,1,5093,46.01
MSFT,2026-08-27,2026-09-18,300.0,P,0.0,0.08,0.04,69.9222,-0.001214,4.7e-05,-0.007727,0.004903,22,496.37,6,5899,46.01
MSFT,2026-08-27,2026-09-18,305.0,P,0.0,1.17,0.585,92.4805,-0.011656,0.00027,-0.07737,0.037113,22,496.37,48,423,46.01
MSFT,2026-08-27,2026-09-18,310.0,P,0.03,0.07,0.05,66.9925,-0.001548,6.2e-05,-0.009239,0.006122,22,496.37,47,6025,46.01
MSFT,2026-08-27,2026-09-18,315.0,P,0.0,0.78,0.39,82.1291,-0.008962,0.000242,-0.054603,0.029512,22,496.37,1,1242,46.01
MSFT,2026-08-27,2026-09-18,320.0,P,0.01,0.35,0.18,72.0706,-0.00491,0.000162,-0.028137,0.017337,22,496.37,6,6730,46.01
MSFT,2026-08-27,2026-09-18,325.0,P,0.0,0.16,0.08,63.6722,-0.002543,0.000102,-0.013764,0.009604,22,496.37,9,758,46.01
MSFT,2026-08-27,2026-09-18,330.0,P,0.05,0.07,0.06,59.766,-0.002048,8.9e-05,-0.010615,0.007894,22,496.37,3,9943,46.01
MSFT,2026-08-27,2026-09-18,335.0,P,0.05,0.1,0.075,59.0824,-0.002567,0.00011,-0.01287,0.009685,22,496.37,30,928,46.01
MSFT,2026-08-27,2026-09-18,340.0,P,0.04,0.1,0.07,56.6411,-0.002504,0.000113,-0.012061,0.009471,22,496.37,25,7808,46.01
MSFT,2026-08-27,2026-09-18,345.0,P,0.06,0.14,0.1,56.7387,-0.003497,0.000152,-0.01632,0.012798,22,496.37,403,1075,46.01
MSFT,2026-08-27,2026-09-18,350.0,P,0.05,0.1,0.075,53.0278,-0.002838,0.000135,-0.012634,0.010606,22,496.37,27,12606,46.01
MSFT,2026-08-27,2026-09-18,355.0,P,0.05,0.16,0.105,53.0278,-0.003942,0.000181,-0.016969,0.014251,22,496.37,1,990,46.01
MSFT,2026-08-27,2026-09-18,360.0,P,0.1,0.32,0.21,55.4692,-0.007279,0.000298,-0.030606,0.024581,22,496.37,29,11925,46.01
MSFT,2026-08-27,2026-09-18,365.0,P,0.07,0.18,0.125,50.0005,-0.004885,0.000232,-0.019358,0.017259,22,496.37,4,1010,46.01
MSFT,2026-08-27,2026-09-18,370.0,P,0.13,0.21,0.17,51.2212,-0.007823,0.000344,-0.030081,0.026192,22,496.37,3,7575,46.01
MSFT,2026-08-27,2026-09-18,375.0,P,0.09,0.21,0.15,49.1216,-0.008113,0.000371,-0.029766,0.027043,22,496.37,280,2118,46.01
MSFT,2026-08-27,2026-09-18,380.0,P,0.15,0.21,0.18,47.0708,-0.008453,0.000401,-0.02955,0.028035,22,496.37,40,8722,46.01
MSFT,2026-08-27,2026-09-18,385.0,P,0.11,0.21,0.16,45.0201,-0.008794,0.000434,-0.029242,0.029027,22,496.37,240,1003,46.01
MSFT,2026-08-27,2026-09-18,390.0,P,0.18,0.23,0.205,43.5553,-0.009912,0.000498,-0.031386,0.032228,22,496.37,17,7591,46.01
MSFT,2026-08-27,2026-09-18,395.0,P,0.01,0.46,0.235,45.9966,-0.017906,0.000786,-0.055207,0.053706,22,496.37,4,1199,46.01
MSFT,2026-08-27,2026-09-18,400.0,P,0.23,0.29,0.26,40.8209,-0.013001,0.000673,-0.037174,0.040798,22,496.37,99,8175,46.01
MSFT,2026-08-27,2026-09-18,405.0,P,0.22,0.3,0.26,38.9655,-0.013987,0.000751,-0.037756,0.043454,22,496.37,54,2222,46.01
MSFT,2026-08-27,2026-09-18,410.0,P,0.11,0.34,0.225,37.6471,-0.016236,0.000883,-0.041419,0.049393,22,496.37,30,6865,46.01
MSFT,2026-08-27,2026-09-18,415.0,P,0.25,0.36,0.305,35.9137,-0.017867,0.001005,-0.042828,0.053606,22,496.37,15,684,46.01
MSFT,2026-08-27,2026-09-18,420.0,P,0.31,0.42,0.365,34.7174,-0.021239,0.001204,-0.047887,0.062085,22,496.37,71,5994,46.01
MSFT,2026-08-27,2026-09-18,425.0,P,0.42,0.49,0.455,33.4968,-0.025245,0.001444,-0.053359,0.071808,22,496.37,65,1224,46.01
MSFT,2026-08-27,2026-09-18,430.0,P,0.51,0.57,0.54,32.2517,-0.030023,0.001732,-0.059262,0.08297,22,496.37,82,3768,46.01
MSFT,2026-08-27,2026-09-18,435.0,P,0.61,0.73,0.67,31.5559,-0.038283,0.002162,-0.070689,0.101329,22,496.37,126,3594,46.01
MSFT,2026-08-27,2026-09-18,440.0,P,0.76,0.86,0.81,30.3352,-0.045925,0.002606,-0.078573,0.117415,22,496.37,272,7366,46.01
MSFT,2026-08-27,2026-09-18,445.0,P,0.93,1.02,0.975,29.1267,-0.055399,0.003152,-0.087385,0.136338,22,496.37,219,1697,46.01
MSFT,2026-08-27,2026-09-18,450.0,P,1.18,1.28,1.23,28.2783,-0.069516,0.003876,-0.101,0.162752,22,496.37,434,6728,46.01
MSFT,2026-08-27,2026-09-18,455.0,P,1.48,1.63,1.555,27.5398,-0.087899,0.004754,-0.117151,0.194444,22,496.37,248,7006,46.01
MSFT,2026-08-27,2026-09-18,460.0,P,1.93,2.07,2.0,26.7891,-0.110532,0.00578,-0.134269,0.229939,22,496.37,1481,11425,46.01
MSFT,2026-08-27,2026-09-18,462.5,P,2.18,2.37,2.275,26.5632,-0.124981,0.006359,-0.144949,0.250832,22,496.37,94,93,46.01
MSFT,2026-08-27,2026-09-18,465.0,P,2.45,2.68,2.565,26.2398,-0.14004,0.006962,-0.154521,0.27129,22,496.37,286,1616,46.01
MSFT,2026-08-27,2026-09-18,467.5,P,2.77,3.05,2.91,25.9895,-0.157234,0.007595,-0.164985,0.293135,22,496.37,71,78,46.01
MSFT,2026-08-27,2026-09-18,470.0,P,3.25,3.45,3.35,25.7026,-0.175697,0.008251,-0.174838,0.314925,22,496.37,346,6325,46.01
MSFT,2026-08-27,2026-09-18,472.5,P,3.55,3.95,3.75,25.5684,-0.197124,0.008907,-0.186281,0.338201,22,496.37,92,50,46.01
MSFT,2026-08-27,2026-09-18,475.0,P,4.1,4.4,4.25,25.1503,-0.217813,0.009605,-0.193738,0.358759,22,496.37,225,2995,46.01
MSFT,2026-08-27,2026-09-18,477.5,P,4.5,5.1,4.8,25.2327,-0.244305,0.010208,-0.206633,0.382508,22,496.37,133,53,46.01
MSFT,2026-08-27,2026-09-18,480.0,P,5.25,5.7,5.475,24.9092,-0.26917,0.010876,-0.213728,0.402312,22,496.37,543,6739,46.01
MSFT,2026-08-27,2026-09-18,482.5,P,6.0,6.35,6.175,24.5613,-0.295623,0.011539,-0.219521,0.420877,22,496.37,28,68,46.01
MSFT,2026-08-27,2026-09-18,485.0,P,6.6,7.1,6.85,24.2927,-0.32432,0.012147,-0.225018,0.438225,22,496.37,191,2313,46.01
MSFT,2026-08-27,2026-09-18,487.5,P,7.5,8.2,7.85,24.6132,-0.3574,0.012442,-0.235694,0.454763,22,496.37,35,401,46.01
MSFT,2026-08-27,2026-09-18,490.0,P,8.35,8.95,8.65,24.0272,-0.387378,0.013078,-0.234558,0.466658,22,496.37,422,3106,46.01
MSFT,2026-08-27,2026-09-18,492.5,P,9.25,10.05,9.65,24.0089,-0.420742,0.013365,-0.237972,0.476535,22,496.37,83,60,46.01
MSFT,2026-08-27,2026-09-18,495.0,P,10.3,11.3,10.8,24.1249,-0.454686,0.013482,-0.240959,0.483022,22,496.37,843,1972,46.01
MSFT,2026-08-27,2026-09-18,500.0,P,13.1,13.6,13.35,23.4505,-0.523581,0.013936,-0.231093,0.485312,22,496.37,276,2891,46.01
MSFT,2026-08-27,2026-09-18,505.0,P,15.65,16.5,16.075,23.304,-0.592427,0.013669,-0.219245,0.473055,22,496.37,43,812,46.01
MSFT,2026-08-27,2026-09-18,510.0,P,18.8,19.7,19.25,23.1026,-0.659109,0.013028,-0.199717,0.446964,22,496.37,4,629,46.01
MSFT,2026-08-27,2026-09-18,515.0,P,21.7,23.4,22.55,23.3589,-0.717365,0.011879,-0.180509,0.412077,22,496.37,2,131,46.01
MSFT,2026-08-27,2026-09-18,520.0,P,25.5,27.05,26.275,22.8157,-0.777137,0.010728,-0.14687,0.363504,22,496.37,19,285,46.01
MSFT,2026-08-27,2026-09-18,525.0,P,29.5,31.5,30.5,23.8655,-0.813219,0.009233,-0.133609,0.327226,22,496.37,6,20,46.01
MSFT,2026-08-27,2026-09-18,530.0,P,33.7,35.4,34.55,22.5472,-0.867878,0.007786,-0.086577,0.260694,22,496.37,1,87,46.01
MSFT,2026-08-27,2026-09-18,535.0,P,38.2,39.85,39.025,22.3702,-0.902625,0.006314,-0.057433,0.209743,22,496.37,2,15,46.01
MSFT,2026-08-27,2026-09-18,540.0,P,42.55,44.8,43.675,24.1341,-0.912246,0.005419,-0.056337,0.194205,22,496.37,20,32,46.01
MSFT,2026-08-27,2026-09-18,545.0,P,47.35,49.65,48.5,25.2449,-0.925228,0.004591,-0.047419,0.172103,22,496.37,100,0,46.01
MSFT,2026-08-27,2026-09-18,550.0,P,52.25,54.65,53.45,27.1125,-0.929846,0.004071,-0.048934,0.1639,22,496.37,1,25,46.01
MSFT,2026-08-27,2026-09-18,560.0,P,61.7,65.35,63.525,34.6198,-0.911562,0.003799,-0.101472,0.195333,22,496.37,15,12,46.01
MSFT,2026-08-27,2026-09-18,575.0,P,76.75,80.4,78.575,40.3815,-0.920914,0.002995,-0.110627,0.179601,22,496.37,22,0,46.01
MSFT,2026-08-27,2026-09-18,580.0,P,81.65,85.4,83.525,42.1515,-0.923841,0.002788,-0.112343,0.17453,22,496.37,22,0,46.01
MSFT,2026-08-27,2026-09-18,585.0,P,86.75,90.4,88.575,43.8909,-0.92649,0.002606,-0.113968,0.16988,22,496.37,38,0,46.01
MSFT,2026-08-27,2026-09-18,590.0,P,91.75,95.45,93.6,45.8868,-0.927555,0.002465,-0.119144,0.167993,22,496.37,25,0,46.01
MSFT,2026-08-27,2026-09-18,595.0,P,96.6,100.45,98.525,47.5713,-0.929811,0.002321,-0.120599,0.163961,22,496.37,3,0,46.01
MSFT,2026-08-27,2026-09-18,600.0,P,101.65,105.4,103.525,48.9263,-0.933185,0.002172,-0.118181,0.157847,22,496.37,1,3,46.01
MSFT,2026-08-27,2026-09-18,605.0,P,106.75,110.15,108.45,48.9507,-0.941582,0.001956,-0.099912,0.142157,22,496.37,1,0,46.01
MSFT,2026-08-27,2026-09-18,610.0,P,111.75,115.4,113.575,52.1489,-0.936829,0.001951,-0.120582,0.151123,22,496.37,1,0,46.01
MSFT,2026-08-27,2026-09-18,620.0,P,121.65,125.35,123.5,54.9443,-0.941182,0.001752,-0.118718,0.14292,22,496.37,12,0,46.01
MSFT,2026-08-27,2026-09-18,640.0,P,141.75,145.35,143.55,60.9135,-0.946279,0.001471,-0.122189,0.133063,22,496.37,2,0,46.01
MSFT,2026-08-27,2026-09-18,650.0,P,151.65,155.35,153.5,63.7821,-0.948399,0.001361,-0.123684,0.128879,22,496.37,15,0,46.01
MSFT,2026-08-27,2026-09-18,660.0,P,180.6,184.45,182.525,128.3207,-0.770295,0.00194,-1.021511,0.369768,22,496.37,2,0,46.01
MSFT,2026-08-27,2026-09-18,670.0,P,178.75,181.45,180.1,93.689,-0.880881,0.001743,-0.454156,0.24251,22,496.37,1,0,46.01
MSFT,2026-08-27,2026-09-18,680.0,P,200.45,204.55,202.5,135.7791,-0.779625,0.001791,-1.055212,0.36118,22,496.37,5,0,46.01
MSFT,2026-08-27,2026-09-18,700.0,P,201.75,205.4,203.575,77.5149,-0.955389,0.000996,-0.133541,0.114705,22,496.37,2,0,46.01
MSFT,2026-08-27,2026-09-18,720.0,P,221.75,225.35,223.55,82.0436,-0.958608,0.000886,-0.130616,0.10797,22,496.37,0,0,46.01
MSFT,2026-08-27,2026-09-18,740.0,P,226.65,230.3,228.475,0.001,-1.0,0.0,0.074645,0.0,22,496.37,0,0,46.01
MSFT,2026-08-27,2026-09-18,800.0,P,375.2,378.9,377.05,301.163,-0.607509,0.001047,-3.137884,0.4684,22,496.37,0,0,46.01
MSFT,2026-08-27,2026-09-25,320.0,C,175.9,179.45,177.675,84.1921,0.976198,0.000476,-0.144852,0.07847,29,496.37,0,1,46.01
MSFT,2026-08-27,2026-09-25,355.0,C,141.05,144.9,142.975,69.6048,0.965738,0.00078,-0.161411,0.106234,29,496.37,1,3,46.01
MSFT,2026-08-27,2026-09-25,360.0,C,136.1,139.65,137.875,66.3089,0.966206,0.000809,-0.154548,0.105041,29,496.37,1,2,46.01
MSFT,2026-08-27,2026-09-25,365.0,C,131.15,134.7,132.925,64.3436,0.964219,0.000874,-0.156985,0.110086,29,496.37,0,3,46.01
MSFT,2026-08-27,2026-09-25,370.0,C,126.2,129.9,128.05,62.952,0.960887,0.000961,-0.16368,0.118388,29,496.37,3,3,46.01
MSFT,2026-08-27,2026-09-25,375.0,C,121.35,124.8,123.075,60.7548,0.959078,0.001033,-0.164249,0.122821,29,496.37,3,5,46.01
MSFT,2026-08-27,2026-09-25,380.0,C,116.4,119.9,118.15,58.9238,0.95629,0.001123,-0.167562,0.129547,29,496.37,5,5,46.01
MSFT,2026-08-27,2026-09-25,385.0,C,111.35,114.85,113.1,56.226,0.95552,0.001194,-0.163788,0.131385,29,496.37,2,3,46.01
MSFT,2026-08-27,2026-09-25,390.0,C,106.3,109.95,108.125,54.0532,0.95336,0.00129,-0.164018,0.136491,29,496.37,2,9,46.01
MSFT,2026-08-27,2026-09-25,395.0,C,101.35,105.05,103.2,52.2222,0.950056,0.00141,-0.166957,0.144172,29,496.37,1,2,46.01
MSFT,2026-08-27,2026-09-25,400.0,C,96.55,100.0,98.275,50.3545,0.946566,0.001543,-0.16954,0.152124,29,496.37,1,34,46.01
MSFT,2026-08-27,2026-09-25,405.0,C,91.55,95.1,93.325,56.9584,0.913975,0.00197,-0.251902,0.21968,29,496.37,1,2,46.01
MSFT,2026-08-27,2026-09-25,410.0,C,86.75,90.15,88.45,54.572,0.90967,0.002133,-0.25081,0.227825,29,496.37,0,2,46.01
MSFT,2026-08-27,2026-09-25,415.0,C,81.85,85.25,83.55,52.3808,0.904278,0.002319,-0.251436,0.2378,29,496.37,3,5,46.01
MSFT,2026-08-27,2026-09-25,420.0,C,76.9,80.35,78.625,50.1653,0.89848,0.002528,-0.251604,0.248262,29,496.37,5,15,46.01
MSFT,2026-08-27,2026-09-25,425.0,C,72.4,75.5,73.95,48.1145,0.891404,0.002768,-0.253255,0.26067,29,496.37,40,46,46.01
MSFT,2026-08-27,2026-09-25,430.0,C,67.9,70.05,68.975,43.9031,0.893517,0.00299,-0.232206,0.257005,29,496.37,40,24,46.01
MSFT,2026-08-27,2026-09-25,435.0,C,63.1,65.25,64.175,42.0416,0.884478,0.00331,-0.235185,0.27245,29,496.37,38,9,46.01
MSFT,2026-08-27,2026-09-25,440.0,C,58.4,60.45,59.425,40.1129,0.874643,0.003675,-0.23728,0.28859,29,496.37,40,16,46.01
MSFT,2026-08-27,2026-09-25,445.0,C,53.7,55.75,54.725,38.4222,0.862133,0.004097,-0.24169,0.308175,29,496.37,1,31,46.01
MSFT,2026-08-27,2026-09-25,450.0,C,49.1,51.15,50.125,36.9116,0.846804,0.004578,-0.247774,0.330823,29,496.37,2,74,46.01
MSFT,2026-08-27,2026-09-25,455.0,C,44.55,46.6,45.575,35.3949,0.829333,0.005123,-0.253428,0.354945,29,496.37,7,80,46.01
MSFT,2026-08-27,2026-09-25,460.0,C,40.15,42.15,41.15,33.9728,0.808707,0.005733,-0.259557,0.38126,29,496.37,2,57,46.01
MSFT,2026-08-27,2026-09-25,465.0,C,36.25,37.85,37.05,32.7155,0.784022,0.0064,-0.26664,0.40989,29,496.37,1,70,46.01
MSFT,2026-08-27,2026-09-25,470.0,C,31.65,33.7,32.675,31.5589,0.755248,0.007116,-0.27361,0.439597,29,496.37,8,436,46.01
MSFT,2026-08-27,2026-09-25,475.0,C,27.55,29.75,28.65,30.5549,0.721755,0.00785,-0.280499,0.469542,29,496.37,6,103,46.01
MSFT,2026-08-27,2026-09-25,480.0,C,24.55,26.0,25.275,29.6333,0.6838,0.008582,-0.28597,0.497829,29,496.37,59,178,46.01
MSFT,2026-08-27,2026-09-25,485.0,C,21.15,22.45,21.8,28.7483,0.641571,0.009287,-0.28892,0.522647,29,496.37,12,245,46.01
MSFT,2026-08-27,2026-09-25,490.0,C,18.05,19.2,18.625,28.0342,0.59486,0.009882,-0.289984,0.542318,29,496.37,197,315,46.01
MSFT,2026-08-27,2026-09-25,495.0,C,15.1,16.3,15.7,27.5306,0.544666,0.010292,-0.28892,0.55467,29,496.37,100,161,46.01
MSFT,2026-08-27,2026-09-25,500.0,C,12.75,13.7,13.225,27.1125,0.492512,0.010515,-0.284165,0.558074,29,496.37,96,318,46.01
MSFT,2026-08-27,2026-09-25,505.0,C,10.45,11.3,10.875,26.5938,0.439059,0.010597,-0.273793,0.551647,29,496.37,23,277,46.01
MSFT,2026-08-27,2026-09-25,510.0,C,8.6,9.45,9.025,26.606,0.387967,0.010292,-0.264367,0.536015,29,496.37,66,255,46.01
MSFT,2026-08-27,2026-09-25,515.0,C,6.9,7.55,7.225,26.0597,0.335432,0.009997,-0.245182,0.50998,29,496.37,38,262,46.01
MSFT,2026-08-27,2026-09-25,520.0,C,5.5,6.3,5.9,26.3313,0.291161,0.009309,-0.23179,0.479824,29,496.37,235,525,46.01
MSFT,2026-08-27,2026-09-25,525.0,C,4.3,5.0,4.65,26.0689,0.246197,0.008642,-0.210043,0.44099,29,496.37,92,1168,46.01
MSFT,2026-08-27,2026-09-25,530.0,C,3.4,3.8,3.6,25.5318,0.202087,0.007886,-0.183252,0.39415,29,496.37,150,10324,46.01
MSFT,2026-08-27,2026-09-25,535.0,C,2.62,3.0,2.81,25.5256,0.167295,0.007013,-0.162304,0.350424,29,496.37,19,1043,46.01
MSFT,2026-08-27,2026-09-25,540.0,C,2.05,2.3,2.175,25.3731,0.135402,0.006128,-0.13972,0.304398,29,496.37,142,374,46.01
MSFT,2026-08-27,2026-09-25,545.0,C,1.62,1.84,1.73,25.6111,0.111616,0.005303,-0.122802,0.26585,29,496.37,27,111,46.01
MSFT,2026-08-27,2026-09-25,550.0,C,1.25,1.4,1.325,25.544,0.088796,0.004498,-0.103378,0.22494,29,496.37,212,1601,46.01
MSFT,2026-08-27,2026-09-25,555.0,C,0.97,1.11,1.04,25.782,0.072197,0.003812,-0.089021,0.19237,29,496.37,10,148,46.01
MSFT,2026-08-27,2026-09-25,560.0,C,0.75,0.88,0.815,26.0261,0.058499,0.003207,-0.076163,0.16339,29,496.37,21,153,46.01
MSFT,2026-08-27,2026-09-25,570.0,C,0.44,0.53,0.485,26.3435,0.037043,0.002196,-0.053244,0.113252,29,496.37,14,309,46.01
MSFT,2026-08-27,2026-09-25,580.0,C,0.22,0.37,0.295,27.3445,0.025973,0.001577,-0.041071,0.08443,29,496.37,8,80,46.01
MSFT,2026-08-27,2026-09-25,590.0,C,0.15,0.26,0.205,28.2722,0.018231,0.001131,-0.03141,0.062614,29,496.37,1,173,46.01
MSFT,2026-08-27,2026-09-25,600.0,C,0.1,0.18,0.14,29.1023,0.01272,0.000807,-0.023683,0.045962,29,496.37,9,313,46.01
MSFT,2026-08-27,2026-09-25,610.0,C,0.03,0.2,0.115,31.6901,0.012866,0.000748,-0.025989,0.04642,29,496.37,1,494,46.01
MSFT,2026-08-27,2026-09-25,620.0,C,0.01,0.2,0.105,33.7897,0.012016,0.000661,-0.026071,0.043749,29,496.37,7,32,46.01
MSFT,2026-08-27,2026-09-25,630.0,C,0.01,0.19,0.1,35.6452,0.010915,0.000577,-0.025263,0.040246,29,496.37,1,21,46.01
MSFT,2026-08-27,2026-09-25,640.0,C,0.01,0.12,0.065,35.6452,0.007142,0.000398,-0.017402,0.027751,29,496.37,1,29,46.01
MSFT,2026-08-27,2026-09-25,650.0,C,0.0,0.22,0.11,40.3815,0.011117,0.000517,-0.029009,0.040894,29,496.37,2,41,46.01
MSFT,2026-08-27,2026-09-25,660.0,C,0.0,0.22,0.11,42.3346,0.010627,0.000474,-0.029214,0.039322,29,496.37,1,89,46.01
MSFT,2026-08-27,2026-09-25,670.0,C,0.0,0.2,0.1,43.7017,0.009396,0.000413,-0.02706,0.035313,29,496.37,4,23,46.01
MSFT,2026-08-27,2026-09-25,680.0,C,0.0,0.32,0.16,48.3404,0.013194,0.000501,-0.04017,0.047439,29,496.37,33,19,46.01
MSFT,2026-08-27,2026-09-25,270.0,P,0.0,2.13,1.065,108.3745,-0.015557,0.000258,-0.101281,0.054672,29,496.37,5,25,46.01
MSFT,2026-08-27,2026-09-25,280.0,P,0.0,2.13,1.065,102.6128,-0.016413,0.000285,-0.100349,0.057239,29,496.37,10,30,46.01
MSFT,2026-08-27,2026-09-25,290.0,P,0.0,2.13,1.065,97.0215,-0.017314,0.000315,-0.099267,0.059918,29,496.37,10,15,46.01
MSFT,2026-08-27,2026-09-25,300.0,P,0.0,2.14,1.07,91.6993,-0.018368,0.000351,-0.098609,0.063013,29,496.37,3,12,46.01
MSFT,2026-08-27,2026-09-25,305.0,P,0.0,2.14,1.07,89.0626,-0.018894,0.00037,-0.098074,0.064547,29,496.37,3,5,46.01
MSFT,2026-08-27,2026-09-25,310.0,P,0.0,2.14,1.07,86.4503,-0.019428,0.000391,-0.097447,0.066095,29,496.37,4,6,46.01
MSFT,2026-08-27,2026-09-25,315.0,P,0.0,2.14,1.07,83.8869,-0.019996,0.000412,-0.096865,0.067732,29,496.37,21,6,46.01
MSFT,2026-08-27,2026-09-25,320.0,P,0.0,0.15,0.075,57.227,-0.002399,9.3e-05,-0.010193,0.010459,29,496.37,10,18,46.01
MSFT,2026-08-27,2026-09-25,325.0,P,0.0,0.31,0.155,59.9613,-0.00456,0.000159,-0.019024,0.018635,29,496.37,1,12,46.01
MSFT,2026-08-27,2026-09-25,330.0,P,0.0,0.2,0.1,55.2739,-0.003295,0.000129,-0.0131,0.013928,29,496.37,1,6,46.01
MSFT,2026-08-27,2026-09-25,335.0,P,0.0,0.4,0.2,57.8129,-0.005997,0.00021,-0.023386,0.02378,29,496.37,6,10,46.01
MSFT,2026-08-27,2026-09-25,340.0,P,0.01,0.21,0.11,52.0513,-0.003767,0.000154,-0.013899,0.015708,29,496.37,4,28,46.01
MSFT,2026-08-27,2026-09-25,345.0,P,0.01,0.22,0.115,50.4888,-0.004049,0.00017,-0.014376,0.016759,29,496.37,23,5,46.01
MSFT,2026-08-27,2026-09-25,350.0,P,0.02,0.26,0.14,53.8091,-0.008226,0.000298,-0.028723,0.031428,29,496.37,2,8,46.01
MSFT,2026-08-27,2026-09-25,355.0,P,0.01,0.26,0.135,51.856,-0.008507,0.000319,-0.02849,0.032367,29,496.37,4,7,46.01
MSFT,2026-08-27,2026-09-25,360.0,P,0.01,0.29,0.15,50.6841,-0.009633,0.000364,-0.03103,0.03609,29,496.37,1,13,46.01
MSFT,2026-08-27,2026-09-25,365.0,P,0.01,0.24,0.125,47.5103,-0.008552,0.00035,-0.026189,0.03252,29,496.37,3,19,46.01
MSFT,2026-08-27,2026-09-25,370.0,P,0.06,0.22,0.14,45.1177,-0.008265,0.000357,-0.024117,0.031559,29,496.37,4,40,46.01
MSFT,2026-08-27,2026-09-25,375.0,P,0.08,0.22,0.15,43.2623,-0.008554,0.000384,-0.023813,0.032525,29,496.37,5,68,46.01
MSFT,2026-08-27,2026-09-25,380.0,P,0.01,0.34,0.175,44.0435,-0.012624,0.00053,-0.034013,0.045662,29,496.37,1,62,46.01
MSFT,2026-08-27,2026-09-25,385.0,P,0.04,0.33,0.185,41.9928,-0.012857,0.000564,-0.032915,0.046391,29,496.37,1,49,46.01
MSFT,2026-08-27,2026-09-25,390.0,P,0.16,0.33,0.245,40.1373,-0.013407,0.000612,-0.032587,0.048101,29,496.37,10,33,46.01
MSFT,2026-08-27,2026-09-25,395.0,P,0.15,0.43,0.29,39.8444,-0.017163,0.000762,-0.039956,0.059469,29,496.37,2,29,46.01
MSFT,2026-08-27,2026-09-25,400.0,P,0.25,0.35,0.3,36.7682,-0.015275,0.000748,-0.033323,0.05382,29,496.37,7,51,46.01
MSFT,2026-08-27,2026-09-25,405.0,P,0.17,0.67,0.42,38.8922,-0.026357,0.001123,-0.055933,0.085471,29,496.37,1,128,46.01
MSFT,2026-08-27,2026-09-25,410.0,P,0.14,0.73,0.435,37.5006,-0.029441,0.001277,-0.059059,0.093725,29,496.37,1,65,46.01
MSFT,2026-08-27,2026-09-25,415.0,P,0.21,0.81,0.51,36.2067,-0.033319,0.001465,-0.063071,0.103824,29,496.37,2,207,46.01
MSFT,2026-08-27,2026-09-25,420.0,P,0.51,0.81,0.66,34.2048,-0.035037,0.001616,-0.061985,0.108206,29,496.37,11,392,46.01
MSFT,2026-08-27,2026-09-25,425.0,P,0.61,0.75,0.68,31.7146,-0.03484,0.001735,-0.057082,0.107706,29,496.37,5,638,46.01
MSFT,2026-08-27,2026-09-25,430.0,P,0.75,0.9,0.825,30.8601,-0.042056,0.002079,-0.064625,0.125571,29,496.37,36,200,46.01
MSFT,2026-08-27,2026-09-25,435.0,P,0.93,1.11,1.02,30.1765,-0.051702,0.002509,-0.074415,0.148197,29,496.37,16,88,46.01
MSFT,2026-08-27,2026-09-25,440.0,P,1.2,1.33,1.265,29.2976,-0.062206,0.002989,-0.083362,0.171438,29,496.37,77,395,46.01
MSFT,2026-08-27,2026-09-25,445.0,P,1.5,1.76,1.63,29.1511,-0.079816,0.003639,-0.100202,0.207642,29,496.37,14,209,46.01
MSFT,2026-08-27,2026-09-25,450.0,P,1.84,2.01,1.925,27.906,-0.092848,0.004256,-0.107035,0.232513,29,496.37,202,2502,46.01
MSFT,2026-08-27,2026-09-25,455.0,P,2.27,2.48,2.375,27.259,-0.113298,0.005036,-0.120382,0.268705,29,496.37,78,313,46.01
MSFT,2026-08-27,2026-09-25,460.0,P,2.71,3.1,2.905,26.7585,-0.138857,0.005912,-0.135629,0.309682,29,496.37,214,295,46.01
MSFT,2026-08-27,2026-09-25,465.0,P,3.4,3.8,3.6,26.1177,-0.167668,0.006864,-0.149269,0.350926,29,496.37,178,290,46.01
MSFT,2026-08-27,2026-09-25,470.0,P,4.25,4.75,4.5,25.7271,-0.203423,0.007857,-0.164885,0.395705,29,496.37,267,451,46.01
MSFT,2026-08-27,2026-09-25,475.0,P,5.25,5.9,5.575,25.3609,-0.244355,0.008847,-0.179248,0.439213,29,496.37,64,381,46.01
MSFT,2026-08-27,2026-09-25,480.0,P,6.55,7.3,6.925,25.0618,-0.29063,0.009772,-0.1919,0.479415,29,496.37,857,171,46.01
MSFT,2026-08-27,2026-09-25,485.0,P,7.95,8.85,8.4,24.5918,-0.340444,0.010655,-0.19957,0.512912,29,496.37,73,150,46.01
MSFT,2026-08-27,2026-09-25,490.0,P,9.7,10.9,10.3,24.5674,-0.39609,0.01121,-0.20747,0.53913,29,496.37,90,140,46.01
MSFT,2026-08-27,2026-09-25,495.0,P,11.8,13.05,12.425,24.2165,-0.453204,0.011693,-0.207479,0.554328,29,496.37,72,135,46.01
MSFT,2026-08-27,2026-09-25,500.0,P,14.2,15.7,14.95,24.2439,-0.511789,0.011756,-0.206048,0.557928,29,496.37,68,78,46.01
MSFT,2026-08-27,2026-09-25,505.0,P,16.9,18.7,17.8,24.3935,-0.568937,0.011514,-0.200913,0.549818,29,496.37,5,34,46.01
MSFT,2026-08-27,2026-09-25,510.0,P,19.8,21.85,20.825,24.3233,-0.624784,0.011145,-0.189092,0.53064,29,496.37,1,23,46.01
MSFT,2026-08-27,2026-09-25,515.0,P,23.05,25.15,24.1,24.0364,-0.679635,0.010639,-0.170933,0.500583,29,496.37,1,7,46.01
MSFT,2026-08-27,2026-09-25,520.0,P,26.4,28.55,27.475,23.3986,-0.734905,0.010007,-0.145284,0.45836,29,496.37,2,11,46.01
MSFT,2026-08-27,2026-09-25,525.0,P,30.2,32.85,31.525,24.2683,-0.771169,0.008917,-0.135377,0.423631,29,496.37,1,27,46.01
MSFT,2026-08-27,2026-09-25,530.0,P,34.45,36.9,35.675,24.1615,-0.812048,0.007974,-0.112778,0.377149,29,496.37,2,15,46.01
MSFT,2026-08-27,2026-09-25,535.0,P,38.4,41.25,39.825,24.427,-0.844105,0.006999,-0.094568,0.334665,29,496.37,2,1,46.01
MSFT,2026-08-27,2026-09-25,540.0,P,43.15,45.5,44.325,23.9082,-0.879589,0.005995,-0.067064,0.280557,29,496.37,1,3,46.01
MSFT,2026-08-27,2026-09-25,550.0,P,52.25,54.7,53.475,23.9998,-0.924988,0.004216,-0.030176,0.198079,29,496.37,0,1,46.01
MSFT,2026-08-27,2026-09-25,555.0,P,57.15,59.6,58.375,25.0496,-0.93376,0.003671,-0.025029,0.18002,29,496.37,0,0,46.01
MSFT,2026-08-27,2026-09-25,560.0,P,61.75,65.45,63.6,30.738,-0.905737,0.003908,-0.072705,0.235125,29,496.37,2,0,46.01
MSFT,2026-08-27,2026-10-02,355.0,C,141.5,145.05,143.275,64.8685,0.961228,0.000831,-0.151637,0.130968,36,496.37,0,2,46.01
MSFT,2026-08-27,2026-10-02,375.0,C,121.7,125.15,123.425,56.934,0.95332,0.0011,-0.15558,0.152178,36,496.37,0,4,46.01
MSFT,2026-08-27,2026-10-02,385.0,C,111.85,115.25,113.55,53.272,0.94782,0.001285,-0.15903,0.166329,36,496.37,0,3,46.01
MSFT,2026-08-27,2026-10-02,400.0,C,97.2,100.0,98.6,53.2292,0.918734,0.001813,-0.209257,0.234515,36,496.37,1,2,46.01
MSFT,2026-08-27,2026-10-02,405.0,C,92.4,95.6,94.0,53.1438,0.907274,0.002004,-0.226782,0.258808,36,496.37,0,2,46.01
MSFT,2026-08-27,2026-10-02,410.0,C,87.65,90.7,89.175,51.1113,0.902143,0.002168,-0.227145,0.269278,36,496.37,0,1,46.01
MSFT,2026-08-27,2026-10-02,415.0,C,82.5,85.85,84.175,49.2254,0.895982,0.002354,-0.228652,0.281535,36,496.37,1,6,46.01
MSFT,2026-08-27,2026-10-02,425.0,C,73.55,75.8,74.675,44.2816,0.887232,0.002773,-0.220258,0.298385,36,496.37,2,4,46.01
MSFT,2026-08-27,2026-10-02,430.0,C,68.7,71.05,69.875,42.6519,0.878134,0.003041,-0.223514,0.315241,36,496.37,5,12,46.01
MSFT,2026-08-27,2026-10-02,435.0,C,63.95,66.3,65.125,40.9552,0.868362,0.003342,-0.225971,0.332637,36,496.37,1,20,46.01
MSFT,2026-08-27,2026-10-02,440.0,C,59.3,61.6,60.45,39.3317,0.857044,0.003682,-0.228909,0.351916,36,496.37,2,34,46.01
MSFT,2026-08-27,2026-10-02,445.0,C,54.15,57.0,55.575,37.879,0.843374,0.004063,-0.233221,0.374025,36,496.37,3,34,46.01
MSFT,2026-08-27,2026-10-02,450.0,C,50.05,52.45,51.25,36.4447,0.827899,0.004489,-0.237383,0.39759,36,496.37,6,43,46.01
MSFT,2026-08-27,2026-10-02,455.0,C,45.8,48.05,46.925,35.224,0.809182,0.004955,-0.24314,0.424141,36,496.37,0,4,46.01
MSFT,2026-08-27,2026-10-02,460.0,C,41.65,43.7,42.675,33.9545,0.788448,0.005468,-0.247831,0.451214,36,496.37,1,172,46.01
MSFT,2026-08-27,2026-10-02,465.0,C,37.45,39.5,38.475,32.8223,0.764294,0.006016,-0.253,0.479837,36,496.37,2,22,46.01
MSFT,2026-08-27,2026-10-02,470.0,C,33.45,35.45,34.45,31.7756,0.736761,0.00659,-0.257868,0.508867,36,496.37,3,19,46.01
MSFT,2026-08-27,2026-10-02,475.0,C,29.7,31.6,30.65,30.8723,0.705367,0.007165,-0.262603,0.537556,36,496.37,4,44,46.01
MSFT,2026-08-27,2026-10-02,480.0,C,26.2,28.0,27.1,30.1429,0.670043,0.007707,-0.267041,0.564514,36,496.37,7,91,46.01
MSFT,2026-08-27,2026-10-02,485.0,C,22.9,24.5,23.7,29.2945,0.632105,0.008253,-0.268191,0.587483,36,496.37,40,709,46.01
MSFT,2026-08-27,2026-10-02,490.0,C,19.85,21.3,20.575,28.6384,0.590583,0.008705,-0.268369,0.605799,36,496.37,28,136,46.01
MSFT,2026-08-27,2026-10-02,495.0,C,17.15,18.4,17.775,28.1288,0.546433,0.009036,-0.266808,0.617683,36,496.37,14,57,46.01
MSFT,2026-08-27,2026-10-02,500.0,C,14.45,15.85,15.15,27.8266,0.500783,0.009197,-0.26382,0.621899,36,496.37,45,84,46.01
MSFT,2026-08-27,2026-10-02,505.0,C,12.5,13.55,13.025,27.5673,0.454711,0.009223,-0.257971,0.617888,36,496.37,14948,15366,46.01
MSFT,2026-08-27,2026-10-02,510.0,C,10.35,11.35,10.85,27.1034,0.407907,0.00919,-0.247116,0.605255,36,496.37,75,98,46.01
MSFT,2026-08-27,2026-10-02,515.0,C,8.55,9.65,9.1,27.1003,0.364071,0.00889,-0.237611,0.585442,36,496.37,64,43,46.01
MSFT,2026-08-27,2026-10-02,520.0,C,7.1,7.85,7.475,26.5571,0.318365,0.00862,-0.220329,0.556272,36,496.37,375,349,46.01
MSFT,2026-08-27,2026-10-02,525.0,C,5.75,6.65,6.2,26.7341,0.280091,0.008079,-0.20823,0.524835,36,496.37,50,173,46.01
MSFT,2026-08-27,2026-10-02,530.0,C,4.4,5.25,4.825,26.1574,0.238036,0.00759,-0.186659,0.482439,36,496.37,70,364,46.01
MSFT,2026-08-27,2026-10-02,535.0,C,3.75,4.35,4.05,26.252,0.205066,0.006944,-0.171354,0.443,36,496.37,26,62,46.01
MSFT,2026-08-27,2026-10-02,540.0,C,3.1,3.85,3.475,27.0027,0.181905,0.006275,-0.163147,0.411755,36,496.37,58,239,46.01
MSFT,2026-08-27,2026-10-02,545.0,C,2.09,3.0,2.545,26.5999,0.150688,0.00564,-0.141935,0.364575,36,496.37,79,43,46.01
MSFT,2026-08-27,2026-10-02,550.0,C,1.91,2.19,2.05,25.8491,0.119321,0.004944,-0.117264,0.310591,36,496.37,15104,15173,46.01
MSFT,2026-08-27,2026-10-02,555.0,C,1.57,1.74,1.655,25.843,0.098492,0.004308,-0.10187,0.270556,36,496.37,18,67,46.01
MSFT,2026-08-27,2026-10-02,560.0,C,1.26,1.41,1.335,26.0017,0.082014,0.003737,-0.089246,0.236142,36,496.37,11,47,46.01
MSFT,2026-08-27,2026-10-02,570.0,C,0.78,0.94,0.86,26.4412,0.057019,0.002777,-0.068283,0.178414,36,496.37,12,13,46.01
MSFT,2026-08-27,2026-10-02,580.0,C,0.52,0.63,0.575,26.9294,0.039564,0.002035,-0.051718,0.133142,36,496.37,1,32,46.01
MSFT,2026-08-27,2026-10-02,590.0,C,0.01,0.73,0.37,30.0666,0.040556,0.001859,-0.058689,0.135849,36,496.37,2,21,46.01
MSFT,2026-08-27,2026-10-02,600.0,C,0.17,0.32,0.245,28.3699,0.02054,0.00112,-0.031418,0.077203,36,496.37,6,25,46.01
MSFT,2026-08-27,2026-10-02,610.0,C,0.05,0.22,0.135,28.907,0.014438,0.000813,-0.023638,0.057129,36,496.37,5,15,46.01
MSFT,2026-08-27,2026-10-02,620.0,C,0.02,0.17,0.095,29.8347,0.011072,0.000626,-0.019352,0.045402,36,496.37,5,14,46.01
MSFT,2026-08-27,2026-10-02,630.0,C,0.01,0.17,0.09,31.6413,0.010368,0.000558,-0.019346,0.042877,36,496.37,1,47,46.01
MSFT,2026-08-27,2026-10-02,640.0,C,0.02,0.12,0.07,32.0808,0.007425,0.00041,-0.014618,0.031998,36,496.37,2,18,46.01
MSFT,2026-08-27,2026-10-02,650.0,C,0.01,0.22,0.115,36.3288,0.011468,0.00053,-0.024172,0.04681,36,496.37,2,11,46.01
MSFT,2026-08-27,2026-10-02,660.0,C,0.0,0.26,0.13,38.9166,0.012535,0.000535,-0.027934,0.050566,36,496.37,1,29,46.01
MSFT,2026-08-27,2026-10-02,670.0,C,0.0,0.21,0.105,39.6002,0.010159,0.000438,-0.023656,0.042122,36,496.37,1,15,46.01
MSFT,2026-08-27,2026-10-02,680.0,C,0.0,0.32,0.16,43.5308,0.01364,0.000514,-0.03354,0.054395,36,496.37,4,10,46.01
MSFT,2026-08-27,2026-10-02,270.0,P,0.0,2.13,1.065,97.583,-0.0157,0.000259,-0.082324,0.061393,36,496.37,0,10,46.01
MSFT,2026-08-27,2026-10-02,280.0,P,0.0,2.13,1.065,92.3829,-0.016546,0.000286,-0.081473,0.064218,36,496.37,0,1,46.01
MSFT,2026-08-27,2026-10-02,290.0,P,0.0,2.14,1.07,87.4513,-0.01754,0.000318,-0.081011,0.067501,36,496.37,10,3,46.01
MSFT,2026-08-27,2026-10-02,300.0,P,0.0,2.14,1.07,82.5685,-0.018511,0.000352,-0.080022,0.070673,36,496.37,2,10,46.01
MSFT,2026-08-27,2026-10-02,305.0,P,0.0,0.66,0.33,67.3343,-0.007634,0.0002,-0.030254,0.032791,36,496.37,5,8,46.01
MSFT,2026-08-27,2026-10-02,310.0,P,0.0,0.38,0.19,60.9379,-0.005019,0.000153,-0.018875,0.022619,36,496.37,5,5,46.01
MSFT,2026-08-27,2026-10-02,315.0,P,0.0,0.09,0.045,50.5864,-0.001515,6.2e-05,-0.005312,0.007674,36,496.37,23,4,46.01
MSFT,2026-08-27,2026-10-02,320.0,P,0.0,0.09,0.045,52.5395,-0.002845,0.000106,-0.009771,0.013597,36,496.37,3,15,46.01
MSFT,2026-08-27,2026-10-02,325.0,P,0.01,0.11,0.06,51.9536,-0.003473,0.000129,-0.011556,0.01627,36,496.37,1,17,46.01
MSFT,2026-08-27,2026-10-02,330.0,P,0.01,0.19,0.1,53.5161,-0.005629,0.000193,-0.018316,0.025044,36,496.37,6,11,46.01
MSFT,2026-08-27,2026-10-02,335.0,P,0.02,0.11,0.065,48.5357,-0.003685,0.000145,-0.011374,0.017161,36,496.37,4,17,46.01
MSFT,2026-08-27,2026-10-02,340.0,P,0.01,0.13,0.07,47.7544,-0.004368,0.000172,-0.013024,0.019982,36,496.37,63,18,46.01
MSFT,2026-08-27,2026-10-02,345.0,P,0.04,0.21,0.125,48.8775,-0.00675,0.000248,-0.019613,0.029416,36,496.37,2,55,46.01
MSFT,2026-08-27,2026-10-02,350.0,P,0.08,0.19,0.135,46.5337,-0.00641,0.000249,-0.017826,0.028103,36,496.37,1,32,46.01
MSFT,2026-08-27,2026-10-02,355.0,P,0.02,0.31,0.165,47.8033,-0.009848,0.000353,-0.026698,0.040995,36,496.37,4,42,46.01
MSFT,2026-08-27,2026-10-02,360.0,P,0.07,0.25,0.16,44.7271,-0.008588,0.000335,-0.022139,0.036366,36,496.37,1,2,46.01
MSFT,2026-08-27,2026-10-02,365.0,P,0.01,0.33,0.17,44.6783,-0.011096,0.000419,-0.027642,0.045488,36,496.37,2,3,46.01
MSFT,2026-08-27,2026-10-02,370.0,P,0.11,0.31,0.21,42.5787,-0.010972,0.000435,-0.026061,0.045045,36,496.37,1,2,46.01
MSFT,2026-08-27,2026-10-02,375.0,P,0.14,0.36,0.25,41.7486,-0.012811,0.000508,-0.029204,0.051528,36,496.37,1,7,46.01
MSFT,2026-08-27,2026-10-02,380.0,P,0.14,0.41,0.275,40.7965,-0.014719,0.000586,-0.032137,0.058083,36,496.37,1,8,46.01
MSFT,2026-08-27,2026-10-02,385.0,P,0.13,0.39,0.26,38.7701,-0.014722,0.000617,-0.030509,0.058092,36,496.37,4,19,46.01
MSFT,2026-08-27,2026-10-02,390.0,P,0.16,0.64,0.4,40.1129,-0.022411,0.000853,-0.04512,0.083105,36,496.37,20,42,46.01
MSFT,2026-08-27,2026-10-02,395.0,P,0.34,0.48,0.41,36.5241,-0.018736,0.000805,-0.035241,0.071405,36,496.37,0,257,46.01
MSFT,2026-08-27,2026-10-02,400.0,P,0.19,0.88,0.535,38.6725,-0.030882,0.001156,-0.056729,0.108646,36,496.37,2,34,46.01
MSFT,2026-08-27,2026-10-02,405.0,P,0.46,0.64,0.55,34.7419,-0.025444,0.001095,-0.043283,0.092461,36,496.37,2,7,46.01
MSFT,2026-08-27,2026-10-02,410.0,P,0.55,0.73,0.64,33.7653,-0.029374,0.00127,-0.047343,0.104229,36,496.37,1,38,46.01
MSFT,2026-08-27,2026-10-02,415.0,P,0.7,0.82,0.76,32.6789,-0.033525,0.001464,-0.051018,0.116267,36,496.37,7,21,46.01
MSFT,2026-08-27,2026-10-02,420.0,P,0.82,0.97,0.895,31.9099,-0.039756,0.001724,-0.057162,0.133668,36,496.37,13,74,46.01
MSFT,2026-08-27,2026-10-02,425.0,P,0.89,1.18,1.035,31.3361,-0.048101,0.002047,-0.065326,0.155878,36,496.37,11,54,46.01
MSFT,2026-08-27,2026-10-02,430.0,P,1.21,1.42,1.315,30.7014,-0.057671,0.002413,-0.073743,0.180017,36,496.37,24,64,46.01
MSFT,2026-08-27,2026-10-02,435.0,P,1.4,1.66,1.53,29.8591,-0.067708,0.002812,-0.081059,0.204003,36,496.37,16,46,46.01
MSFT,2026-08-27,2026-10-02,440.0,P,1.74,1.95,1.845,29.0412,-0.079682,0.003274,-0.089026,0.231054,36,496.37,19,305,46.01
MSFT,2026-08-27,2026-10-02,445.0,P,2.11,2.51,2.31,28.9741,-0.099206,0.003863,-0.104253,0.271991,36,496.37,21,187,46.01
MSFT,2026-08-27,2026-10-02,450.0,P,2.6,2.85,2.725,27.8816,-0.114028,0.004439,-0.110492,0.300758,36,496.37,46,309,46.01
MSFT,2026-08-27,2026-10-02,455.0,P,3.15,3.4,3.275,27.2163,-0.134915,0.005115,-0.12081,0.338314,36,496.37,29,125,46.01
MSFT,2026-08-27,2026-10-02,460.0,P,3.75,4.25,4.0,27.0363,-0.163169,0.005847,-0.135688,0.384172,36,496.37,41,98,46.01
MSFT,2026-08-27,2026-10-02,465.0,P,4.35,5.05,4.7,26.3923,-0.191335,0.006624,-0.145673,0.424845,36,496.37,156,42,46.01
MSFT,2026-08-27,2026-10-02,470.0,P,5.5,6.6,6.05,26.9844,-0.232857,0.007268,-0.166341,0.476619,36,496.37,15,140,46.01
MSFT,2026-08-27,2026-10-02,475.0,P,6.5,7.5,7.0,25.8858,-0.265416,0.008124,-0.169713,0.511005,36,496.37,35,108,46.01
MSFT,2026-08-27,2026-10-02,480.0,P,7.8,8.9,8.35,25.4127,-0.306534,0.008862,-0.176954,0.547254,36,496.37,37,102,46.01
MSFT,2026-08-27,2026-10-02,485.0,P,9.1,10.55,9.825,25.0069,-0.351724,0.009519,-0.182274,0.578434,36,496.37,26,73,46.01
MSFT,2026-08-27,2026-10-02,490.0,P,11.05,12.4,11.725,24.5552,-0.400041,0.010093,-0.184174,0.602274,36,496.37,326,48,46.01
MSFT,2026-08-27,2026-10-02,495.0,P,13.5,14.6,14.05,24.2714,-0.451403,0.010466,-0.184069,0.61728,36,496.37,19,17,46.01
MSFT,2026-08-27,2026-10-02,500.0,P,16.35,17.25,16.8,24.2958,-0.503848,0.010533,-0.182938,0.621871,36,496.37,5,24,46.01
MSFT,2026-08-27,2026-10-02,505.0,P,18.2,20.15,19.175,24.3111,-0.555638,0.010424,-0.178152,0.615842,36,496.37,49,39,46.01
MSFT,2026-08-27,2026-10-02,510.0,P,21.4,23.0,22.2,23.8319,-0.608682,0.010337,-0.165433,0.598677,36,496.37,1,15,46.01
MSFT,2026-08-27,2026-10-02,515.0,P,24.2,26.3,25.25,23.6855,-0.658808,0.009937,-0.152582,0.57195,36,496.37,14,15,46.01
MSFT,2026-08-27,2026-10-02,520.0,P,27.95,29.9,28.925,23.6641,-0.705283,0.009349,-0.138444,0.537627,36,496.37,0,1,46.01
MSFT,2026-08-27,2026-10-02,530.0,P,35.1,37.4,36.25,22.9317,-0.794951,0.007949,-0.097587,0.442978,36,496.37,2,3,46.01
MSFT,2026-08-27,2026-10-02,535.0,P,39.05,42.15,40.6,24.305,-0.814874,0.007048,-0.095551,0.416285,36,496.37,0,3,46.01
MSFT,2026-08-27,2026-10-02,545.0,P,48.3,50.9,49.6,24.4759,-0.87079,0.005521,-0.062977,0.328383,36,496.37,0,1,46.01
MSFT,2026-08-27,2026-10-02,550.0,P,52.8,55.5,54.15,24.781,-0.891139,0.004831,-0.05,0.29094,36,496.37,1,1,46.01
MSFT,2026-08-27,2026-10-02,560.0,P,62.35,65.0,63.675,25.8552,-0.919243,0.003715,-0.031316,0.233407,36,496.37,0,0,46.01
MSFT,2026-08-27,2026-10-16,210.0,C,286.15,289.7,287.925,120.7035,0.984622,0.000174,-0.106002,0.071078,50,496.37,3,36,46.01
MSFT,2026-08-27,2026-10-16,220.0,C,276.1,279.7,277.9,114.4536,0.984007,0.00019,-0.105319,0.073509,50,496.37,4,43,46.01
MSFT,2026-08-27,2026-10-16,230.0,C,266.15,269.85,268.0,109.9614,0.982398,0.000215,-0.109839,0.079789,50,496.37,2,35,46.01
MSFT,2026-08-27,2026-10-16,240.0,C,256.35,259.8,258.075,105.3227,0.980869,0.000241,-0.113241,0.085658,50,496.37,10,25,46.01
MSFT,2026-08-27,2026-10-16,250.0,C,246.3,249.85,248.075,100.0371,0.979876,0.000265,-0.113434,0.089421,50,496.37,4,106,46.01
MSFT,2026-08-27,2026-10-16,260.0,C,236.3,240.05,238.175,95.9229,0.97795,0.000298,-0.11755,0.096609,50,496.37,4,42,46.01
MSFT,2026-08-27,2026-10-16,270.0,C,226.45,230.0,228.225,91.443,0.976331,0.000332,-0.119576,0.102551,50,496.37,2,21,46.01
MSFT,2026-08-27,2026-10-16,280.0,C,216.45,220.05,218.25,86.8654,0.974842,0.000368,-0.120492,0.10794,50,496.37,10,28,46.01
MSFT,2026-08-27,2026-10-16,285.0,C,211.55,215.1,213.325,85.1564,0.973444,0.000393,-0.123329,0.112938,50,496.37,10,27,46.01
MSFT,2026-08-27,2026-10-16,290.0,C,206.55,210.15,208.35,83.0446,0.972488,0.000415,-0.124206,0.116321,50,496.37,2,29,46.01
MSFT,2026-08-27,2026-10-16,295.0,C,201.55,205.15,203.35,80.7619,0.97175,0.000436,-0.124111,0.118914,50,496.37,40,114,46.01
MSFT,2026-08-27,2026-10-16,300.0,C,196.6,200.45,198.525,79.8098,0.969221,0.000474,-0.130339,0.127686,50,496.37,4,243,46.01
MSFT,2026-08-27,2026-10-16,305.0,C,191.7,195.25,193.475,77.2097,0.968895,0.000494,-0.128375,0.128804,50,496.37,2,121,46.01
MSFT,2026-08-27,2026-10-16,310.0,C,186.7,190.3,188.5,75.1834,0.967773,0.000523,-0.129088,0.132634,50,496.37,1,77,46.01
MSFT,2026-08-27,2026-10-16,315.0,C,181.8,185.35,183.575,73.511,0.966076,0.000558,-0.13149,0.13836,50,496.37,2,53,46.01
MSFT,2026-08-27,2026-10-16,320.0,C,176.8,180.4,178.6,71.5213,0.964841,0.00059,-0.132126,0.142485,50,496.37,2,216,46.01
MSFT,2026-08-27,2026-10-16,325.0,C,171.85,175.45,173.65,69.7025,0.963287,0.000628,-0.133538,0.147626,50,496.37,1,64,46.01
MSFT,2026-08-27,2026-10-16,330.0,C,166.9,170.55,168.725,68.0423,0.961386,0.00067,-0.135714,0.153835,50,496.37,1,136,46.01
MSFT,2026-08-27,2026-10-16,335.0,C,161.9,165.55,163.725,65.9427,0.960264,0.000708,-0.135324,0.157465,50,496.37,9,33,46.01
MSFT,2026-08-27,2026-10-16,340.0,C,157.0,160.6,158.8,64.307,0.958184,0.000756,-0.13742,0.164121,50,496.37,1,86,46.01
MSFT,2026-08-27,2026-10-16,345.0,C,152.05,155.65,153.85,62.5187,0.956336,0.000805,-0.13854,0.169958,50,496.37,1,145,46.01
MSFT,2026-08-27,2026-10-16,350.0,C,147.25,150.8,149.025,61.3956,0.952878,0.000872,-0.143542,0.180704,50,496.37,2,341,46.01
MSFT,2026-08-27,2026-10-16,355.0,C,142.15,145.9,144.025,59.351,0.951422,0.000924,-0.142922,0.18516,50,496.37,1,423,46.01
MSFT,2026-08-27,2026-10-16,360.0,C,137.25,140.85,139.05,57.4528,0.949569,0.000984,-0.143042,0.190775,50,496.37,2,1136,46.01
MSFT,2026-08-27,2026-10-16,365.0,C,132.3,135.85,134.075,55.5669,0.947621,0.001048,-0.143092,0.196615,50,496.37,2,317,46.01
MSFT,2026-08-27,2026-10-16,370.0,C,127.4,131.0,129.2,54.1508,0.944244,0.00113,-0.146027,0.206582,50,496.37,1,1013,46.01
MSFT,2026-08-27,2026-10-16,375.0,C,122.6,126.05,124.325,52.7043,0.940723,0.001219,-0.148726,0.216776,50,496.37,1,1141,46.01
MSFT,2026-08-27,2026-10-16,380.0,C,117.55,121.1,119.325,50.7207,0.938691,0.0013,-0.147767,0.222572,50,496.37,31,1968,46.01
MSFT,2026-08-27,2026-10-16,385.0,C,112.95,116.2,114.575,55.5241,0.913671,0.001543,-0.194532,0.289215,50,496.37,3,1343,46.01
MSFT,2026-08-27,2026-10-16,390.0,C,108.05,111.35,109.7,53.864,0.909026,0.001654,-0.196188,0.300729,50,496.37,1,2623,46.01
MSFT,2026-08-27,2026-10-16,395.0,C,103.65,106.45,105.05,52.0391,0.904661,0.001773,-0.19649,0.311326,50,496.37,2,1662,46.01
MSFT,2026-08-27,2026-10-16,400.0,C,98.35,101.4,99.875,49.7625,0.90174,0.001895,-0.193236,0.318304,50,496.37,27,2982,46.01
MSFT,2026-08-27,2026-10-16,405.0,C,93.35,96.8,95.075,48.7859,0.893422,0.002051,-0.199629,0.337681,50,496.37,22,3549,46.01
MSFT,2026-08-27,2026-10-16,410.0,C,89.55,91.8,90.675,46.6497,0.889295,0.002204,-0.197076,0.347035,50,496.37,1,2343,46.01
MSFT,2026-08-27,2026-10-16,415.0,C,84.5,86.9,85.7,44.7881,0.883655,0.002379,-0.196433,0.359553,50,496.37,1,1539,46.01
MSFT,2026-08-27,2026-10-16,420.0,C,79.8,82.2,81.0,43.421,0.875211,0.002578,-0.199465,0.377738,50,496.37,5,4407,46.01
MSFT,2026-08-27,2026-10-16,425.0,C,75.1,77.45,76.275,41.8799,0.866842,0.002795,-0.200989,0.395132,50,496.37,97,1375,46.01
MSFT,2026-08-27,2026-10-16,430.0,C,70.5,72.95,71.725,40.8636,0.854992,0.003036,-0.206483,0.418743,50,496.37,1,1185,46.01
MSFT,2026-08-27,2026-10-16,435.0,C,65.75,68.3,67.025,39.4293,0.84422,0.0033,-0.208482,0.439223,50,496.37,16,1102,46.01
MSFT,2026-08-27,2026-10-16,440.0,C,61.35,63.75,62.55,38.1415,0.831552,0.00359,-0.211403,0.462168,50,496.37,19,2356,46.01
MSFT,2026-08-27,2026-10-16,445.0,C,56.8,59.1,57.95,36.5729,0.819141,0.003917,-0.211807,0.483509,50,496.37,55,1050,46.01
MSFT,2026-08-27,2026-10-16,450.0,C,52.0,54.9,53.45,35.7856,0.800905,0.004247,-0.218041,0.512929,50,496.37,51,7690,46.01
MSFT,2026-08-27,2026-10-16,455.0,C,48.15,50.55,49.35,34.5893,0.783263,0.00462,-0.220585,0.539305,50,496.37,13,1142,46.01
MSFT,2026-08-27,2026-10-16,460.0,C,44.55,46.2,45.375,33.277,0.764379,0.005034,-0.22168,0.565381,50,496.37,35,3545,46.01
MSFT,2026-08-27,2026-10-16,465.0,C,40.3,42.4,41.35,32.743,0.739242,0.0054,-0.228077,0.596801,50,496.37,9,1506,46.01
MSFT,2026-08-27,2026-10-16,470.0,C,37.0,38.5,37.75,31.8641,0.713862,0.005811,-0.230909,0.624896,50,496.37,15,4289,46.01
MSFT,2026-08-27,2026-10-16,475.0,C,33.4,34.3,33.85,30.3657,0.688898,0.006334,-0.228082,0.649134,50,496.37,88,1738,46.01
MSFT,2026-08-27,2026-10-16,480.0,C,29.4,31.2,30.3,30.3077,0.655462,0.006614,-0.234654,0.676537,50,496.37,250,3358,46.01
MSFT,2026-08-27,2026-10-16,485.0,C,26.7,27.35,27.025,28.9558,0.624369,0.007132,-0.230269,0.697006,50,496.37,97,1583,46.01
MSFT,2026-08-27,2026-10-16,490.0,C,23.8,24.65,24.225,28.9894,0.587508,0.00731,-0.234213,0.715212,50,496.37,130,6581,46.01
MSFT,2026-08-27,2026-10-16,495.0,C,20.7,21.75,21.225,28.498,0.550476,0.007559,-0.232512,0.727042,50,496.37,343,2771,46.01
MSFT,2026-08-27,2026-10-16,500.0,C,18.2,19.0,18.6,27.9579,0.512035,0.007764,-0.228492,0.732582,50,496.37,604,23355,46.01
MSFT,2026-08-27,2026-10-16,505.0,C,15.9,16.4,16.15,27.3658,0.472244,0.007916,-0.222034,0.731141,50,496.37,378,1495,46.01
MSFT,2026-08-27,2026-10-16,510.0,C,13.7,14.3,14.0,27.1888,0.433037,0.007874,-0.216662,0.722567,50,496.37,483,33272,46.01
MSFT,2026-08-27,2026-10-16,515.0,C,11.85,12.75,12.3,27.5245,0.396998,0.007625,-0.213531,0.70835,50,496.37,147,1735,46.01
MSFT,2026-08-27,2026-10-16,520.0,C,10.3,11.0,10.65,27.3353,0.359748,0.007448,-0.204709,0.687143,50,496.37,645,6572,46.01
MSFT,2026-08-27,2026-10-16,525.0,C,8.65,9.25,8.95,26.8776,0.321627,0.007258,-0.192103,0.658375,50,496.37,125,1827,46.01
MSFT,2026-08-27,2026-10-16,530.0,C,7.5,8.0,7.75,26.9264,0.28868,0.006905,-0.182595,0.627516,50,496.37,170,5730,46.01
MSFT,2026-08-27,2026-10-16,535.0,C,6.4,6.85,6.625,26.902,0.257153,0.006526,-0.171567,0.592519,50,496.37,137,754,46.01
MSFT,2026-08-27,2026-10-16,540.0,C,5.4,5.75,5.575,26.7189,0.226217,0.006129,-0.158399,0.552668,50,496.37,1006,2782,46.01
MSFT,2026-08-27,2026-10-16,545.0,C,4.2,4.8,4.5,26.5571,0.197577,0.005696,-0.144988,0.510566,50,496.37,116,1962,46.01
MSFT,2026-08-27,2026-10-16,550.0,C,3.8,4.05,3.925,26.5571,0.172785,0.005241,-0.132985,0.46975,50,496.37,935,53941,46.01
MSFT,2026-08-27,2026-10-16,555.0,C,3.2,3.7,3.45,27.2621,0.157221,0.004803,-0.12796,0.441894,50,496.37,88,909,46.01
MSFT,2026-08-27,2026-10-16,560.0,C,2.5,2.93,2.715,26.783,0.132168,0.004349,-0.111601,0.393105,50,496.37,168,6885,46.01
MSFT,2026-08-27,2026-10-16,565.0,C,2.23,2.47,2.35,26.8562,0.114621,0.003925,-0.101028,0.355758,50,496.37,82,396,46.01
MSFT,2026-08-27,2026-10-16,570.0,C,1.88,1.96,1.92,26.5449,0.095564,0.003481,-0.087368,0.311868,50,496.37,309,13595,46.01
MSFT,2026-08-27,2026-10-16,575.0,C,1.56,1.72,1.64,26.9233,0.084545,0.003133,-0.080715,0.284729,50,496.37,31,658,46.01
MSFT,2026-08-27,2026-10-16,580.0,C,1.29,1.5,1.395,27.2529,0.074493,0.002813,-0.074083,0.258715,50,496.37,37,2752,46.01
MSFT,2026-08-27,2026-10-16,585.0,C,0.91,1.2,1.055,27.082,0.061963,0.002455,-0.063758,0.224424,50,496.37,57,233,46.01
MSFT,2026-08-27,2026-10-16,590.0,C,0.87,1.0,0.935,27.1614,0.052791,0.002158,-0.056277,0.197841,50,496.37,68,929,46.01
MSFT,2026-08-27,2026-10-16,595.0,C,0.72,0.85,0.785,27.3567,0.045567,0.001905,-0.050315,0.175901,50,496.37,3,174,46.01
MSFT,2026-08-27,2026-10-16,600.0,C,0.62,0.76,0.69,27.7961,0.040714,0.001712,-0.046603,0.160604,50,496.37,35,7758,46.01
MSFT,2026-08-27,2026-10-16,605.0,C,0.51,0.6,0.555,27.6374,0.033313,0.001461,-0.039279,0.136307,50,496.37,4,123,46.01
MSFT,2026-08-27,2026-10-16,610.0,C,0.19,0.52,0.355,27.906,0.029031,0.001292,-0.035346,0.121641,50,496.37,2,451,46.01
MSFT,2026-08-27,2026-10-16,615.0,C,0.35,0.45,0.4,28.1745,0.025323,0.001141,-0.031801,0.108534,50,496.37,1,167,46.01
MSFT,2026-08-27,2026-10-16,620.0,C,0.3,0.39,0.345,28.4431,0.022113,0.001009,-0.028613,0.096842,50,496.37,10,3446,46.01
MSFT,2026-08-27,2026-10-16,625.0,C,0.02,0.51,0.265,30.5183,0.026262,0.001086,-0.03541,0.11189,50,496.37,5,279,46.01
MSFT,2026-08-27,2026-10-16,630.0,C,0.12,0.31,0.215,29.1755,0.017562,0.000809,-0.024082,0.079635,50,496.37,10,250,46.01
MSFT,2026-08-27,2026-10-16,635.0,C,0.08,0.24,0.16,28.9802,0.014062,0.000673,-0.019752,0.065812,50,496.37,3,158,46.01
MSFT,2026-08-27,2026-10-16,640.0,C,0.02,0.22,0.12,29.4441,0.012833,0.000612,-0.018527,0.060815,50,496.37,2,969,46.01
MSFT,2026-08-27,2026-10-16,645.0,C,0.02,0.22,0.12,30.2009,0.012475,0.000582,-0.018525,0.059345,50,496.37,3,167,46.01
MSFT,2026-08-27,2026-10-16,650.0,C,0.05,0.16,0.105,29.7859,0.009513,0.000466,-0.014423,0.046876,50,496.37,3,65,46.01
MSFT,2026-08-27,2026-10-16,655.0,C,0.01,0.19,0.1,31.153,0.010622,0.000491,-0.016591,0.051611,50,496.37,2,208,46.01
MSFT,2026-08-27,2026-10-16,660.0,C,0.03,0.12,0.075,30.1765,0.007145,0.000358,-0.011346,0.036452,50,496.37,4,2431,46.01
MSFT,2026-08-27,2026-10-16,665.0,C,0.01,0.3,0.155,34.5466,0.014486,0.000579,-0.02402,0.067516,50,496.37,3,180,46.01
MSFT,2026-08-27,2026-10-16,670.0,C,0.03,0.1,0.065,30.9577,0.005927,0.000296,-0.009852,0.030898,50,496.37,2,28,46.01
MSFT,2026-08-27,2026-10-16,675.0,C,0.01,0.37,0.19,37.0612,0.016359,0.000599,-0.028559,0.074949,50,496.37,4,193,46.01
MSFT,2026-08-27,2026-10-16,680.0,C,0.02,0.1,0.06,32.3249,0.005721,0.000274,-0.009956,0.029943,50,496.37,2,2050,46.01
MSFT,2026-08-27,2026-10-16,210.0,P,0.0,0.05,0.025,74.6096,-0.000535,1.4e-05,-0.002564,0.003475,50,496.37,400,437,46.01
MSFT,2026-08-27,2026-10-16,220.0,P,0.0,0.29,0.145,83.3986,-0.002502,5.1e-05,-0.01176,0.014266,50,496.37,6,264,46.01
MSFT,2026-08-27,2026-10-16,230.0,P,0.0,0.03,0.015,64.0629,-0.000357,1.1e-05,-0.001511,0.002389,50,496.37,2,1555,46.01
MSFT,2026-08-27,2026-10-16,240.0,P,0.0,0.99,0.495,87.0607,-0.007508,0.00013,-0.032733,0.038082,50,496.37,1,293,46.01
MSFT,2026-08-27,2026-10-16,250.0,P,0.02,0.75,0.385,79.883,-0.006483,0.000124,-0.026365,0.033455,50,496.37,22,1159,46.01
MSFT,2026-08-27,2026-10-16,260.0,P,0.0,0.1,0.05,60.5473,-0.001263,3.7e-05,-0.004572,0.007663,50,496.37,4,375,46.01
MSFT,2026-08-27,2026-10-16,270.0,P,0.03,0.61,0.32,69.971,-0.006206,0.000136,-0.022181,0.032186,50,496.37,29,1484,46.01
MSFT,2026-08-27,2026-10-16,280.0,P,0.0,0.98,0.49,70.0198,-0.009179,0.000192,-0.031307,0.045432,50,496.37,9,1013,46.01
MSFT,2026-08-27,2026-10-16,285.0,P,0.0,0.11,0.055,52.9302,-0.001559,5.2e-05,-0.004831,0.009284,50,496.37,30,193,46.01
MSFT,2026-08-27,2026-10-16,290.0,P,0.05,0.11,0.08,53.3208,-0.002203,7.1e-05,-0.006662,0.012713,50,496.37,2,1434,46.01
MSFT,2026-08-27,2026-10-16,295.0,P,0.05,0.12,0.085,52.0513,-0.002375,7.7e-05,-0.006958,0.01361,50,496.37,7,2528,46.01
MSFT,2026-08-27,2026-10-16,300.0,P,0.06,0.22,0.14,53.2231,-0.003677,0.000112,-0.010546,0.020184,50,496.37,12,9798,46.01
MSFT,2026-08-27,2026-10-16,305.0,P,0.06,0.13,0.095,51.27,-0.003594,0.000114,-0.009947,0.019775,50,496.37,40,1413,46.01
MSFT,2026-08-27,2026-10-16,310.0,P,0.08,0.13,0.105,49.6587,-0.003674,0.00012,-0.009819,0.020167,50,496.37,1,3219,46.01
MSFT,2026-08-27,2026-10-16,315.0,P,0.12,0.13,0.125,48.145,-0.003799,0.000128,-0.009803,0.02078,50,496.37,19,4434,46.01
MSFT,2026-08-27,2026-10-16,320.0,P,0.08,0.2,0.14,49.0239,-0.005574,0.000177,-0.014047,0.02926,50,496.37,3,6411,46.01
MSFT,2026-08-27,2026-10-16,325.0,P,0.15,0.37,0.26,51.3677,-0.009408,0.000268,-0.023341,0.04642,50,496.37,6,1772,46.01
MSFT,2026-08-27,2026-10-16,330.0,P,0.16,0.25,0.205,47.2173,-0.007098,0.000227,-0.016735,0.036243,50,496.37,23,2546,46.01
MSFT,2026-08-27,2026-10-16,335.0,P,0.16,0.21,0.185,44.6295,-0.006324,0.000217,-0.01427,0.032724,50,496.37,15,1570,46.01
MSFT,2026-08-27,2026-10-16,340.0,P,0.05,0.46,0.255,47.9497,-0.012248,0.000361,-0.027351,0.058406,50,496.37,6,1954,46.01
MSFT,2026-08-27,2026-10-16,345.0,P,0.2,0.24,0.22,42.3346,-0.007502,0.000266,-0.015714,0.038055,50,496.37,6,2034,46.01
MSFT,2026-08-27,2026-10-16,350.0,P,0.26,0.3,0.28,42.066,-0.009276,0.000323,-0.018797,0.045853,50,496.37,19,5085,46.01
MSFT,2026-08-27,2026-10-16,355.0,P,0.25,0.31,0.28,40.7232,-0.009828,0.000351,-0.01912,0.048226,50,496.37,3,1902,46.01
MSFT,2026-08-27,2026-10-16,360.0,P,0.27,0.35,0.31,39.8932,-0.011198,0.000401,-0.020965,0.054037,50,496.37,11,4779,46.01
MSFT,2026-08-27,2026-10-16,365.0,P,0.14,0.61,0.375,41.7486,-0.017885,0.000574,-0.032817,0.080884,50,496.37,10,2176,46.01
MSFT,2026-08-27,2026-10-16,370.0,P,0.4,0.47,0.435,38.526,-0.015106,0.000538,-0.026168,0.069994,50,496.37,7,3630,46.01
MSFT,2026-08-27,2026-10-16,375.0,P,0.37,0.53,0.45,37.6959,-0.017184,0.000614,-0.028559,0.078171,50,496.37,21,1540,46.01
MSFT,2026-08-27,2026-10-16,380.0,P,0.49,0.59,0.54,36.7926,-0.019366,0.000697,-0.030823,0.086553,50,496.37,81,4901,46.01
MSFT,2026-08-27,2026-10-16,385.0,P,0.53,0.64,0.585,35.7306,-0.021402,0.000781,-0.032531,0.094205,50,496.37,21,2103,46.01
MSFT,2026-08-27,2026-10-16,390.0,P,0.54,0.77,0.655,35.2912,-0.025563,0.000918,-0.037258,0.109396,50,496.37,4,7836,46.01
MSFT,2026-08-27,2026-10-16,395.0,P,0.76,0.84,0.8,34.2536,-0.028383,0.001033,-0.039395,0.119379,50,496.37,46,1819,46.01
MSFT,2026-08-27,2026-10-16,400.0,P,0.88,0.96,0.92,33.4968,-0.032601,0.001184,-0.043134,0.133902,50,496.37,103,4317,46.01
MSFT,2026-08-27,2026-10-16,405.0,P,1.01,1.29,1.15,33.8386,-0.042056,0.001444,-0.053571,0.164882,50,496.37,11,1804,46.01
MSFT,2026-08-27,2026-10-16,410.0,P,1.2,1.32,1.26,32.3249,-0.044575,0.001584,-0.053509,0.172811,50,496.37,35,3949,46.01
MSFT,2026-08-27,2026-10-16,415.0,P,1.37,1.53,1.45,31.6779,-0.051676,0.001819,-0.058892,0.194515,50,496.37,90,1406,46.01
MSFT,2026-08-27,2026-10-16,420.0,P,1.6,1.73,1.665,30.8479,-0.058834,0.00207,-0.063375,0.215505,50,496.37,107,7507,46.01
MSFT,2026-08-27,2026-10-16,425.0,P,1.86,2.09,1.975,30.5183,-0.070034,0.002396,-0.07161,0.246763,50,496.37,64,1055,46.01
MSFT,2026-08-27,2026-10-16,430.0,P,2.16,2.32,2.24,29.5417,-0.07873,0.002706,-0.075559,0.269833,50,496.37,145,2166,46.01
MSFT,2026-08-27,2026-10-16,435.0,P,2.56,2.71,2.635,28.9619,-0.091438,0.003088,-0.082599,0.301866,50,496.37,119,1366,46.01
MSFT,2026-08-27,2026-10-16,440.0,P,2.96,3.2,3.08,28.4858,-0.106743,0.003516,-0.090659,0.338059,50,496.37,1021,2958,46.01
MSFT,2026-08-27,2026-10-16,445.0,P,3.5,3.8,3.65,28.0891,-0.124776,0.003984,-0.099496,0.37771,50,496.37,114,1603,46.01
MSFT,2026-08-27,2026-10-16,450.0,P,4.2,4.4,4.3,27.4788,-0.143468,0.004483,-0.106648,0.41574,50,496.37,304,2441,46.01
MSFT,2026-08-27,2026-10-16,455.0,P,4.85,5.2,5.025,27.0942,-0.166433,0.005015,-0.115435,0.458598,50,496.37,368,4580,46.01
MSFT,2026-08-27,2026-10-16,460.0,P,5.85,6.1,5.975,26.67,-0.191752,0.00557,-0.12354,0.501354,50,496.37,300,2699,46.01
MSFT,2026-08-27,2026-10-16,465.0,P,6.6,7.1,6.85,26.1909,-0.21944,0.006145,-0.130608,0.543173,50,496.37,464,1024,46.01
MSFT,2026-08-27,2026-10-16,470.0,P,7.75,8.45,8.1,26.0566,-0.25249,0.006673,-0.13948,0.58687,50,496.37,197,1323,46.01
MSFT,2026-08-27,2026-10-16,475.0,P,9.0,9.7,9.35,25.489,-0.285281,0.007253,-0.143852,0.624005,50,496.37,77,680,46.01
MSFT,2026-08-27,2026-10-16,480.0,P,10.8,11.4,11.1,25.3456,-0.323376,0.007714,-0.149972,0.659856,50,496.37,253,2172,46.01
MSFT,2026-08-27,2026-10-16,485.0,P,12.3,13.05,12.675,24.8482,-0.362077,0.008212,-0.15175,0.688666,50,496.37,102,1099,46.01
MSFT,2026-08-27,2026-10-16,490.0,P,14.25,15.35,14.8,24.9763,-0.404923,0.008446,-0.156091,0.712002,50,496.37,204,2176,46.01
MSFT,2026-08-27,2026-10-16,495.0,P,16.45,17.5,16.975,24.604,-0.447733,0.00875,-0.154683,0.726617,50,496.37,436,1103,46.01
MSFT,2026-08-27,2026-10-16,500.0,P,18.85,19.7,19.275,24.0089,-0.492294,0.009043,-0.149392,0.732779,50,496.37,286,1912,46.01
MSFT,2026-08-27,2026-10-16,505.0,P,21.2,23.0,22.1,24.6101,-0.535141,0.008789,-0.15066,0.730071,50,496.37,21,367,46.01
MSFT,2026-08-27,2026-10-16,510.0,P,24.15,25.35,24.75,23.6122,-0.582555,0.008999,-0.137723,0.717167,50,496.37,5,419,46.01
MSFT,2026-08-27,2026-10-16,515.0,P,27.2,28.65,27.925,23.6305,-0.625423,0.008732,-0.130471,0.69639,50,496.37,2,100,46.01
MSFT,2026-08-27,2026-10-16,520.0,P,30.5,32.65,31.575,24.4087,-0.660444,0.008167,-0.127984,0.672813,50,496.37,3,95,46.01
MSFT,2026-08-27,2026-10-16,525.0,P,33.45,35.35,34.4,22.8951,-0.712172,0.008109,-0.104373,0.626642,50,496.37,44,161,46.01
MSFT,2026-08-27,2026-10-16,530.0,P,37.4,39.25,38.325,22.9439,-0.748568,0.007562,-0.093045,0.585571,50,496.37,8,168,46.01
MSFT,2026-08-27,2026-10-16,535.0,P,40.8,43.45,42.125,23.2735,-0.778845,0.006946,-0.083738,0.545602,50,496.37,1,67,46.01
MSFT,2026-08-27,2026-10-16,540.0,P,45.25,47.95,46.6,23.9784,-0.801769,0.006321,-0.077829,0.511586,50,496.37,1,63,46.01
MSFT,2026-08-27,2026-10-16,545.0,P,49.95,51.35,50.65,21.9979,-0.852027,0.005717,-0.04568,0.424472,50,496.37,1,4,46.01
MSFT,2026-08-27,2026-10-16,550.0,P,53.95,56.1,55.025,22.7974,-0.867325,0.005122,-0.040917,0.394144,50,496.37,62,183,46.01
MSFT,2026-08-27,2026-10-16,555.0,P,58.85,60.65,59.75,22.9012,-0.88785,0.004532,-0.029795,0.35027,50,496.37,1,3,46.01
MSFT,2026-08-27,2026-10-16,560.0,P,62.75,65.0,63.875,22.0284,-0.915685,0.003822,-0.010343,0.284146,50,496.37,1,4,46.01
MSFT,2026-08-27,2026-10-16,565.0,P,67.25,70.25,68.75,24.1707,-0.910912,0.003629,-0.019027,0.296085,50,496.37,54,60,46.01
MSFT,2026-08-27,2026-10-16,570.0,P,72.35,75.05,73.7,24.6345,-0.921608,0.003235,-0.012699,0.268955,50,496.37,1,1,46.01
MSFT,2026-08-27,2026-10-16,575.0,P,76.85,79.9,78.375,25.19,-0.930081,0.002899,-0.007613,0.24645,50,496.37,2,0,46.01
MSFT,2026-08-27,2026-10-16,580.0,P,81.6,85.4,83.5,28.321,-0.916946,0.002939,-0.025204,0.280947,50,496.37,2,0,46.01
MSFT,2026-08-27,2026-10-16,585.0,P,86.7,90.35,88.525,29.2976,-0.921358,0.002727,-0.023906,0.269604,50,496.37,2,0,46.01
MSFT,2026-08-27,2026-10-16,600.0,P,101.75,105.4,103.575,32.8742,-0.927298,0.002289,-0.02659,0.253945,50,496.37,1,2,46.01
MSFT,2026-08-27,2026-10-16,620.0,P,121.6,125.35,123.475,36.9147,-0.936053,0.001846,-0.025569,0.230003,50,496.37,2,0,46.01
MSFT,2026-08-27,2026-10-16,625.0,P,126.75,130.35,128.55,37.9401,-0.93758,0.001763,-0.025722,0.225715,50,496.37,0,0,46.01
MSFT,2026-08-27,2026-10-16,635.0,P,136.75,140.4,138.575,40.1739,-0.939206,0.001631,-0.027822,0.221109,50,496.37,0,0,46.01
MSFT,2026-08-27,2026-10-16,640.0,P,141.6,145.35,143.475,40.9308,-0.94162,0.001551,-0.026048,0.2142,50,496.37,2,0,46.01
MSFT,2026-08-27,2026-10-16,650.0,P,151.75,155.35,153.55,42.8534,-0.943963,0.001434,-0.026131,0.207403,50,496.37,16,0,46.01
MSFT,2026-08-27,2026-10-16,655.0,P,156.6,160.2,158.4,43.0426,-0.948381,0.001338,-0.020193,0.194343,50,496.37,0,0,46.01
MSFT,2026-08-27,2026-11-20,200.0,C,296.7,300.25,298.475,103.0278,0.981878,0.00018,-0.083576,0.10665,85,496.37,6,106,46.01
MSFT,2026-08-27,2026-11-20,210.0,C,286.8,290.4,288.6,99.0234,0.980159,0.000203,-0.086945,0.115194,85,496.37,2,17,46.01
MSFT,2026-08-27,2026-11-20,215.0,C,282.0,285.55,283.775,97.9492,0.978547,0.000219,-0.091163,0.123077,85,496.37,2,17,46.01
MSFT,2026-08-27,2026-11-20,220.0,C,276.85,280.5,278.675,94.7754,0.978647,0.000225,-0.089109,0.122589,85,496.37,2,61,46.01
MSFT,2026-08-27,2026-11-20,225.0,C,272.1,275.55,273.825,93.5303,0.977126,0.000242,-0.092655,0.129919,85,496.37,10,18,46.01
MSFT,2026-08-27,2026-11-20,230.0,C,267.05,270.6,268.825,91.211,0.976552,0.000253,-0.092824,0.132658,85,496.37,3,24,46.01
MSFT,2026-08-27,2026-11-20,235.0,C,262.05,265.65,263.85,89.1114,0.975798,0.000266,-0.093523,0.136236,85,496.37,3,98,46.01
MSFT,2026-08-27,2026-11-20,240.0,C,257.3,260.8,259.05,88.2081,0.973821,0.000287,-0.097991,0.145504,85,496.37,2,4,46.01
MSFT,2026-08-27,2026-11-20,245.0,C,252.25,255.9,254.075,86.1574,0.972995,0.000302,-0.098632,0.14933,85,496.37,32,17,46.01
MSFT,2026-08-27,2026-11-20,250.0,C,246.95,250.85,248.9,82.8859,0.973578,0.000308,-0.09499,0.146632,85,496.37,2,11,46.01
MSFT,2026-08-27,2026-11-20,255.0,C,242.45,246.05,244.25,82.8981,0.970384,0.000339,-0.102438,0.161252,85,496.37,4,38,46.01
MSFT,2026-08-27,2026-11-20,260.0,C,237.45,241.0,239.225,80.652,0.969818,0.000354,-0.101995,0.163805,85,496.37,2,32,46.01
MSFT,2026-08-27,2026-11-20,265.0,C,232.5,236.05,234.275,78.8698,0.968685,0.000373,-0.10307,0.168877,85,496.37,2,73,46.01
MSFT,2026-08-27,2026-11-20,270.0,C,227.55,231.1,229.325,77.0998,0.96753,0.000393,-0.104076,0.174005,85,496.37,10,45,46.01
MSFT,2026-08-27,2026-11-20,275.0,C,222.65,226.35,224.5,76.0134,0.965373,0.000421,-0.107573,0.183469,85,496.37,2,27,46.01
MSFT,2026-08-27,2026-11-20,280.0,C,217.75,221.25,219.5,74.0237,0.964495,0.000441,-0.10754,0.187276,85,496.37,1,52,46.01
MSFT,2026-08-27,2026-11-20,285.0,C,212.8,216.35,214.575,72.4246,0.963018,0.000466,-0.108907,0.193632,85,496.37,2,39,46.01
MSFT,2026-08-27,2026-11-20,290.0,C,207.85,211.4,209.625,70.7339,0.961664,0.000491,-0.109809,0.199398,85,496.37,22,36,46.01
MSFT,2026-08-27,2026-11-20,295.0,C,202.95,206.5,204.725,69.2874,0.959864,0.000521,-0.111606,0.206984,85,496.37,2,127,46.01
MSFT,2026-08-27,2026-11-20,300.0,C,198.0,201.6,199.8,67.7249,0.958222,0.00055,-0.112843,0.213828,85,496.37,1,96,46.01
MSFT,2026-08-27,2026-11-20,305.0,C,193.2,196.65,194.925,66.3944,0.956091,0.000584,-0.114978,0.222602,85,496.37,1,61,46.01
MSFT,2026-08-27,2026-11-20,310.0,C,188.35,191.85,190.1,65.253,0.953491,0.000623,-0.117887,0.233149,85,496.37,3,31,46.01
MSFT,2026-08-27,2026-11-20,315.0,C,183.4,186.9,185.15,63.6112,0.951833,0.000657,-0.118532,0.239786,85,496.37,22,33,46.01
MSFT,2026-08-27,2026-11-20,320.0,C,178.35,181.95,180.15,61.7924,0.95054,0.000691,-0.118267,0.244913,85,496.37,1,84,46.01
MSFT,2026-08-27,2026-11-20,325.0,C,173.5,177.1,175.3,60.5473,0.94791,0.000735,-0.120504,0.255231,85,496.37,7,66,46.01
MSFT,2026-08-27,2026-11-20,330.0,C,168.75,172.2,170.475,59.3876,0.944947,0.000783,-0.123093,0.266664,85,496.37,1,253,46.01
MSFT,2026-08-27,2026-11-20,335.0,C,163.9,167.45,165.675,58.289,0.941679,0.000834,-0.125939,0.279061,85,496.37,2,73,46.01
MSFT,2026-08-27,2026-11-20,340.0,C,159.05,162.45,160.75,56.7692,0.939371,0.000883,-0.126701,0.287679,85,496.37,76,183,46.01
MSFT,2026-08-27,2026-11-20,345.0,C,154.15,157.55,155.85,55.3288,0.936761,0.000936,-0.127757,0.297301,85,496.37,4,166,46.01
MSFT,2026-08-27,2026-11-20,350.0,C,149.35,152.85,151.1,54.3462,0.932689,0.001001,-0.131027,0.312049,85,496.37,3,979,46.01
MSFT,2026-08-27,2026-11-20,355.0,C,144.65,147.95,146.3,53.1865,0.928923,0.001066,-0.133374,0.325416,85,496.37,2,319,46.01
MSFT,2026-08-27,2026-11-20,360.0,C,140.05,143.15,141.6,52.2832,0.92412,0.00114,-0.137009,0.342101,85,496.37,1,369,46.01
MSFT,2026-08-27,2026-11-20,365.0,C,135.2,138.15,136.675,50.7451,0.921162,0.00121,-0.137271,0.352187,85,496.37,8,308,46.01
MSFT,2026-08-27,2026-11-20,370.0,C,130.25,133.4,131.825,53.2414,0.904137,0.001334,-0.159269,0.407562,85,496.37,1,1004,46.01
MSFT,2026-08-27,2026-11-20,375.0,C,125.95,128.5,127.225,51.6576,0.900413,0.001414,-0.159287,0.419109,85,496.37,10,850,46.01
MSFT,2026-08-27,2026-11-20,380.0,C,121.45,123.75,122.6,50.4033,0.895311,0.001503,-0.161017,0.434626,85,496.37,1,696,46.01
MSFT,2026-08-27,2026-11-20,385.0,C,116.7,119.0,117.85,49.1338,0.889971,0.001598,-0.162569,0.450496,85,496.37,12,876,46.01
MSFT,2026-08-27,2026-11-20,390.0,C,112.0,114.7,113.35,48.7462,0.880879,0.001704,-0.169032,0.476687,85,496.37,15,1238,46.01
MSFT,2026-08-27,2026-11-20,395.0,C,107.4,109.9,108.65,47.3119,0.875406,0.001812,-0.169472,0.49197,85,496.37,2,1438,46.01
MSFT,2026-08-27,2026-11-20,400.0,C,102.8,105.0,103.9,45.6793,0.870431,0.001929,-0.168643,0.505561,85,496.37,215,4323,46.01
MSFT,2026-08-27,2026-11-20,405.0,C,98.25,100.95,99.6,45.5755,0.858592,0.002053,-0.176522,0.536782,85,496.37,1,1267,46.01
MSFT,2026-08-27,2026-11-20,410.0,C,93.8,96.15,94.975,44.071,0.852127,0.002188,-0.176185,0.553192,85,496.37,3,1025,46.01
MSFT,2026-08-27,2026-11-20,415.0,C,89.55,91.55,90.55,42.89,0.843764,0.002332,-0.177581,0.573779,85,496.37,1,1075,46.01
MSFT,2026-08-27,2026-11-20,420.0,C,84.85,87.2,86.025,42.0721,0.833156,0.002481,-0.180944,0.59889,85,496.37,1,20949,46.01
MSFT,2026-08-27,2026-11-20,425.0,C,80.65,83.45,82.05,42.1026,0.818038,0.00262,-0.189081,0.632825,85,496.37,1,1404,46.01
MSFT,2026-08-27,2026-11-20,430.0,C,76.5,79.15,77.825,41.1993,0.806366,0.002782,-0.191573,0.657598,85,496.37,2,1355,46.01
MSFT,2026-08-27,2026-11-20,435.0,C,72.25,75.1,73.675,40.5859,0.792647,0.002942,-0.195514,0.6852,85,496.37,1,941,46.01
MSFT,2026-08-27,2026-11-20,440.0,C,68.6,70.45,69.525,39.0784,0.782036,0.003146,-0.194034,0.705465,85,496.37,2,2135,46.01
MSFT,2026-08-27,2026-11-20,445.0,C,64.4,66.35,65.375,38.2636,0.76746,0.003333,-0.196269,0.731812,85,496.37,1,1139,46.01
MSFT,2026-08-27,2026-11-20,450.0,C,60.5,62.7,61.6,37.9401,0.74989,0.003497,-0.200964,0.761363,85,496.37,18,4917,46.01
MSFT,2026-08-27,2026-11-20,455.0,C,56.8,59.5,58.15,38.0591,0.729878,0.003628,-0.207724,0.79219,85,496.37,7,793,46.01
MSFT,2026-08-27,2026-11-20,460.0,C,53.4,55.0,54.2,36.4966,0.715291,0.003882,-0.204599,0.812825,85,496.37,24,2012,46.01
MSFT,2026-08-27,2026-11-20,465.0,C,49.85,52.05,50.95,36.6797,0.693528,0.003995,-0.21073,0.840831,85,496.37,405,1105,46.01
MSFT,2026-08-27,2026-11-20,470.0,C,46.25,48.3,47.275,35.8222,0.674339,0.004198,-0.210547,0.862837,85,496.37,10,1641,46.01
MSFT,2026-08-27,2026-11-20,475.0,C,43.3,45.0,44.15,35.3705,0.653028,0.004358,-0.212014,0.88441,85,496.37,37,1057,46.01
MSFT,2026-08-27,2026-11-20,480.0,C,40.3,41.8,41.05,34.9143,0.630918,0.004511,-0.212819,0.903677,85,496.37,24,21735,46.01
MSFT,2026-08-27,2026-11-20,485.0,C,37.15,38.8,37.975,34.5557,0.607908,0.004642,-0.213474,0.920431,85,496.37,10,2019,46.01
MSFT,2026-08-27,2026-11-20,490.0,C,34.5,35.8,35.15,34.0796,0.584344,0.004777,-0.212779,0.934168,85,496.37,47,1387,46.01
MSFT,2026-08-27,2026-11-20,495.0,C,31.65,33.0,32.325,33.6921,0.56007,0.004887,-0.21182,0.944752,85,496.37,148,1316,46.01
MSFT,2026-08-27,2026-11-20,500.0,C,29.3,30.4,29.85,33.3899,0.53533,0.004968,-0.210566,0.951856,85,496.37,249,6212,46.01
MSFT,2026-08-27,2026-11-20,505.0,C,26.7,27.9,27.3,33.0665,0.510218,0.005035,-0.208424,0.955292,85,496.37,23,1230,46.01
MSFT,2026-08-27,2026-11-20,510.0,C,24.3,25.65,24.975,32.8773,0.485143,0.005062,-0.206271,0.954943,85,496.37,386,3138,46.01
MSFT,2026-08-27,2026-11-20,515.0,C,22.35,23.55,22.95,32.717,0.460172,0.005065,-0.203549,0.950839,85,496.37,27,1645,46.01
MSFT,2026-08-27,2026-11-20,520.0,C,20.55,21.1,20.825,32.0594,0.433406,0.005122,-0.197166,0.94226,85,496.37,157,2180,46.01
MSFT,2026-08-27,2026-11-20,525.0,C,18.55,19.3,18.925,31.9602,0.408752,0.005074,-0.193359,0.930499,85,496.37,64,1339,46.01
MSFT,2026-08-27,2026-11-20,530.0,C,16.9,17.9,17.4,32.1784,0.386221,0.004964,-0.190917,0.916472,85,496.37,143,1057,46.01
MSFT,2026-08-27,2026-11-20,535.0,C,15.2,16.0,15.6,31.7191,0.360566,0.004927,-0.183652,0.896627,85,496.37,54,1479,46.01
MSFT,2026-08-27,2026-11-20,540.0,C,13.8,14.6,14.2,31.6993,0.337946,0.004814,-0.178647,0.875636,85,496.37,617,3134,46.01
MSFT,2026-08-27,2026-11-20,545.0,C,12.55,13.05,12.8,31.3773,0.31391,0.004719,-0.171152,0.849656,85,496.37,15073,1252,46.01
MSFT,2026-08-27,2026-11-20,550.0,C,11.3,12.0,11.65,31.5375,0.294058,0.004561,-0.166544,0.825258,85,496.37,342,6489,46.01
MSFT,2026-08-27,2026-11-20,555.0,C,10.25,10.8,10.525,31.4017,0.272826,0.004419,-0.159568,0.79613,85,496.37,51,1113,46.01
MSFT,2026-08-27,2026-11-20,560.0,C,9.15,9.7,9.425,31.2751,0.252459,0.004264,-0.152368,0.765135,85,496.37,15,5117,46.01
MSFT,2026-08-27,2026-11-20,565.0,C,8.2,9.0,8.6,31.5833,0.236654,0.004078,-0.148173,0.738945,85,496.37,11,993,46.01
MSFT,2026-08-27,2026-11-20,570.0,C,7.35,8.0,7.675,31.3728,0.217361,0.003913,-0.140011,0.704338,85,496.37,131,1092,46.01
MSFT,2026-08-27,2026-11-20,575.0,C,6.55,7.0,6.775,31.0279,0.197713,0.003741,-0.130701,0.665973,85,496.37,30,3511,46.01
MSFT,2026-08-27,2026-11-20,580.0,C,5.8,6.4,6.1,31.1927,0.183514,0.003555,-0.125235,0.636188,85,496.37,81,18640,46.01
MSFT,2026-08-27,2026-11-20,585.0,C,5.25,5.55,5.4,30.8326,0.165518,0.003368,-0.115753,0.595812,85,496.37,554,498,46.01
MSFT,2026-08-27,2026-11-20,590.0,C,4.6,5.25,4.925,31.3392,0.156208,0.003191,-0.113021,0.573712,85,496.37,55,656,46.01
MSFT,2026-08-27,2026-11-20,595.0,C,4.15,4.35,4.25,30.6251,0.13691,0.002988,-0.100983,0.525101,85,496.37,37,500,46.01
MSFT,2026-08-27,2026-11-20,600.0,C,3.5,4.0,3.75,30.8723,0.127033,0.002815,-0.09649,0.49867,85,496.37,56,3900,46.01
MSFT,2026-08-27,2026-11-20,605.0,C,3.2,3.75,3.475,31.269,0.119169,0.002658,-0.093268,0.476823,85,496.37,28,659,46.01
MSFT,2026-08-27,2026-11-20,610.0,C,2.81,3.15,2.98,30.7868,0.104674,0.00246,-0.083603,0.434579,85,496.37,50,336,46.01
MSFT,2026-08-27,2026-11-20,615.0,C,2.53,2.81,2.67,30.8051,0.095192,0.002294,-0.077936,0.405462,85,496.37,1,107,46.01
MSFT,2026-08-27,2026-11-20,620.0,C,2.21,2.66,2.435,31.2568,0.089792,0.002165,-0.075606,0.388313,85,496.37,1,386,46.01
MSFT,2026-08-27,2026-11-20,625.0,C,2.03,2.22,2.125,30.8112,0.078149,0.001979,-0.067081,0.34985,85,496.37,14972,190,46.01
MSFT,2026-08-27,2026-11-20,630.0,C,1.74,1.96,1.85,30.7868,0.070442,0.00183,-0.061843,0.323179,85,496.37,4,182,46.01
MSFT,2026-08-27,2026-11-20,635.0,C,1.55,1.87,1.71,31.2568,0.066739,0.001729,-0.060137,0.309996,85,496.37,2,236,46.01
MSFT,2026-08-27,2026-11-20,640.0,C,1.4,1.58,1.49,30.9577,0.058327,0.001571,-0.053572,0.279083,85,496.37,4,209,46.01
MSFT,2026-08-27,2026-11-20,645.0,C,1.22,1.38,1.3,30.8845,0.052054,0.00144,-0.0488,0.255088,85,496.37,2,266,46.01
MSFT,2026-08-27,2026-11-20,650.0,C,1.08,1.22,1.15,30.8967,0.046835,0.001323,-0.044824,0.234456,85,496.37,27,806,46.01
MSFT,2026-08-27,2026-11-20,655.0,C,0.94,1.09,1.015,30.9699,0.042417,0.001218,-0.041441,0.21647,85,496.37,7,149,46.01
MSFT,2026-08-27,2026-11-20,660.0,C,0.86,1.12,0.99,31.8,0.042361,0.001185,-0.04245,0.21624,85,496.37,5,205,46.01
MSFT,2026-08-27,2026-11-20,665.0,C,0.76,0.91,0.835,31.3483,0.035864,0.00105,-0.036517,0.188825,85,496.37,5,122,46.01
MSFT,2026-08-27,2026-11-20,670.0,C,0.67,0.77,0.72,31.1408,0.031182,0.000942,-0.032305,0.168285,85,496.37,6,207,46.01
MSFT,2026-08-27,2026-11-20,675.0,C,0.59,0.72,0.655,31.4338,0.029117,0.000882,-0.030778,0.158991,85,496.37,5,214,46.01
MSFT,2026-08-27,2026-11-20,680.0,C,0.2,0.9,0.55,33.2099,0.033599,0.000939,-0.036549,0.178975,85,496.37,22,227,46.01
MSFT,2026-08-27,2026-11-20,700.0,C,0.3,0.57,0.435,33.2892,0.022425,0.000669,-0.026081,0.127769,85,496.37,27,2264,46.01
MSFT,2026-08-27,2026-11-20,200.0,P,0.04,0.05,0.045,63.6722,-0.000845,1.9e-05,-0.002541,0.006908,85,496.37,170,327,46.01
MSFT,2026-08-27,2026-11-20,210.0,P,0.0,0.15,0.075,63.2816,-0.00136,2.9e-05,-0.003904,0.010689,85,496.37,2,73,46.01
MSFT,2026-08-27,2026-11-20,215.0,P,0.0,0.12,0.06,60.352,-0.001152,2.7e-05,-0.003197,0.009183,85,496.37,2,182,46.01
MSFT,2026-08-27,2026-11-20,220.0,P,0.05,0.12,0.085,60.7426,-0.00158,3.5e-05,-0.004292,0.012254,85,496.37,3,245,46.01
MSFT,2026-08-27,2026-11-20,225.0,P,0.05,0.16,0.105,60.5473,-0.001967,4.3e-05,-0.005219,0.014957,85,496.37,6,95,46.01
MSFT,2026-08-27,2026-11-20,230.0,P,0.05,0.12,0.085,57.6176,-0.00166,3.9e-05,-0.004254,0.012817,85,496.37,4,92,46.01
MSFT,2026-08-27,2026-11-20,235.0,P,0.05,0.18,0.115,57.9106,-0.002213,5e-05,-0.005549,0.016646,85,496.37,3,149,46.01
MSFT,2026-08-27,2026-11-20,240.0,P,0.01,0.2,0.105,55.8598,-0.002102,5e-05,-0.005106,0.015889,85,496.37,1,238,46.01
MSFT,2026-08-27,2026-11-20,245.0,P,0.01,0.24,0.125,55.3715,-0.002491,5.8e-05,-0.005901,0.018533,85,496.37,1,218,46.01
MSFT,2026-08-27,2026-11-20,250.0,P,0.04,0.25,0.145,54.7856,-0.0029,6.8e-05,-0.006692,0.021254,85,496.37,8,211,46.01
MSFT,2026-08-27,2026-11-20,255.0,P,0.03,0.34,0.185,54.7856,-0.003637,8.3e-05,-0.0082,0.02606,85,496.37,5,111,46.01
MSFT,2026-08-27,2026-11-20,260.0,P,0.08,0.21,0.145,51.856,-0.003039,7.5e-05,-0.006599,0.022174,85,496.37,4,222,46.01
MSFT,2026-08-27,2026-11-20,265.0,P,0.09,0.26,0.175,51.5142,-0.003644,8.8e-05,-0.007711,0.0261,85,496.37,5,160,46.01
MSFT,2026-08-27,2026-11-20,270.0,P,0.02,0.29,0.155,53.2231,-0.005661,0.000127,-0.0118,0.038679,85,496.37,4,287,46.01
MSFT,2026-08-27,2026-11-20,275.0,P,0.12,0.27,0.195,51.27,-0.005459,0.000127,-0.010997,0.037451,85,496.37,5,245,46.01
MSFT,2026-08-27,2026-11-20,280.0,P,0.17,0.36,0.265,51.7095,-0.007072,0.000159,-0.013941,0.047101,85,496.37,9,2418,46.01
MSFT,2026-08-27,2026-11-20,285.0,P,0.14,0.31,0.225,49.2925,-0.006431,0.000153,-0.012209,0.043311,85,496.37,6,231,46.01
MSFT,2026-08-27,2026-11-20,290.0,P,0.1,0.63,0.365,52.8081,-0.011601,0.00024,-0.021931,0.072652,85,496.37,2,2264,46.01
MSFT,2026-08-27,2026-11-20,295.0,P,0.25,0.53,0.39,50.0249,-0.010395,0.00023,-0.018864,0.066036,85,496.37,1,366,46.01
MSFT,2026-08-27,2026-11-20,300.0,P,0.31,0.38,0.345,46.3873,-0.008203,0.000202,-0.014202,0.053676,85,496.37,4,3118,46.01
MSFT,2026-08-27,2026-11-20,305.0,P,0.3,0.45,0.375,46.0699,-0.009632,0.000234,-0.016221,0.061784,85,496.37,1,587,46.01
MSFT,2026-08-27,2026-11-20,310.0,P,0.35,0.46,0.405,44.8248,-0.010059,0.00025,-0.016376,0.064171,85,496.37,4,1210,46.01
MSFT,2026-08-27,2026-11-20,315.0,P,0.39,0.54,0.465,44.483,-0.011732,0.000287,-0.018561,0.073364,85,496.37,14,1812,46.01
MSFT,2026-08-27,2026-11-20,320.0,P,0.5,0.6,0.55,43.7994,-0.013097,0.000321,-0.020083,0.080701,85,496.37,14,1049,46.01
MSFT,2026-08-27,2026-11-20,325.0,P,0.51,0.67,0.59,43.1402,-0.014643,0.000359,-0.021755,0.088852,85,496.37,5,2015,46.01
MSFT,2026-08-27,2026-11-20,330.0,P,0.59,0.7,0.645,42.066,-0.015588,0.000388,-0.022358,0.093759,85,496.37,2,1677,46.01
MSFT,2026-08-27,2026-11-20,335.0,P,0.67,0.79,0.73,41.5045,-0.017595,0.000437,-0.024439,0.103999,85,496.37,6,875,46.01
MSFT,2026-08-27,2026-11-20,340.0,P,0.77,0.88,0.825,40.8697,-0.019667,0.000488,-0.026425,0.114339,85,496.37,10,1049,46.01
MSFT,2026-08-27,2026-11-20,345.0,P,0.87,1.03,0.95,40.589,-0.022802,0.000556,-0.029704,0.129578,85,496.37,8,1123,46.01
MSFT,2026-08-27,2026-11-20,350.0,P,1.0,1.1,1.05,39.6612,-0.024644,0.000608,-0.030939,0.138325,85,496.37,22,4156,46.01
MSFT,2026-08-27,2026-11-20,355.0,P,1.1,1.23,1.165,39.0753,-0.027588,0.000678,-0.033449,0.152011,85,496.37,1,2658,46.01
MSFT,2026-08-27,2026-11-20,360.0,P,1.24,1.48,1.36,39.0509,-0.032566,0.000778,-0.038305,0.174429,85,496.37,2,2799,46.01
MSFT,2026-08-27,2026-11-20,365.0,P,1.41,1.61,1.51,38.2819,-0.035695,0.000856,-0.040425,0.188096,85,496.37,47,2768,46.01
MSFT,2026-08-27,2026-11-20,370.0,P,1.64,1.75,1.695,37.5128,-0.039115,0.000942,-0.042611,0.202694,85,496.37,60,4381,46.01
MSFT,2026-08-27,2026-11-20,375.0,P,1.66,2.03,1.845,37.2565,-0.044823,0.001059,-0.047174,0.226329,85,496.37,96,1464,46.01
MSFT,2026-08-27,2026-11-20,380.0,P,2.01,2.3,2.155,36.8415,-0.050516,0.001178,-0.051241,0.249076,85,496.37,28,3514,46.01
MSFT,2026-08-27,2026-11-20,385.0,P,2.26,2.56,2.41,36.2799,-0.056159,0.001301,-0.054767,0.270887,85,496.37,48,1305,46.01
MSFT,2026-08-27,2026-11-20,390.0,P,2.57,2.89,2.73,35.8588,-0.063022,0.001441,-0.059126,0.296503,85,496.37,28,3467,46.01
MSFT,2026-08-27,2026-11-20,395.0,P,2.88,3.25,3.065,35.4193,-0.070482,0.001591,-0.06354,0.32332,85,496.37,111,2730,46.01
MSFT,2026-08-27,2026-11-20,400.0,P,3.3,3.55,3.425,34.7174,-0.077299,0.001742,-0.066664,0.346959,85,496.37,119,3879,46.01
MSFT,2026-08-27,2026-11-20,405.0,P,3.55,4.0,3.775,34.3177,-0.086425,0.001917,-0.071495,0.377405,85,496.37,58,1220,46.01
MSFT,2026-08-27,2026-11-20,410.0,P,4.0,4.65,4.325,34.2566,-0.098349,0.002113,-0.078337,0.415294,85,496.37,16,2812,46.01
MSFT,2026-08-27,2026-11-20,415.0,P,4.5,5.0,4.75,33.4144,-0.1067,0.002298,-0.080813,0.440646,85,496.37,109,1184,46.01
MSFT,2026-08-27,2026-11-20,420.0,P,4.95,5.6,5.275,33.0054,-0.118502,0.002508,-0.085764,0.474937,85,496.37,94,1865,46.01
MSFT,2026-08-27,2026-11-20,425.0,P,5.75,6.25,6.0,32.5751,-0.131196,0.002728,-0.090574,0.509943,85,496.37,65,1043,46.01
MSFT,2026-08-27,2026-11-20,430.0,P,6.5,7.05,6.775,32.2913,-0.145902,0.002959,-0.096185,0.548236,85,496.37,233,1651,46.01
MSFT,2026-08-27,2026-11-20,435.0,P,7.4,7.9,7.65,31.9587,-0.161437,0.003197,-0.101397,0.586228,85,496.37,96,809,46.01
MSFT,2026-08-27,2026-11-20,440.0,P,8.3,8.85,8.575,31.6535,-0.178316,0.00344,-0.106599,0.624834,85,496.37,573,1094,46.01
MSFT,2026-08-27,2026-11-20,445.0,P,9.35,9.85,9.6,31.2873,-0.196006,0.00369,-0.111203,0.662486,85,496.37,56,564,46.01
MSFT,2026-08-27,2026-11-20,450.0,P,10.35,11.0,10.675,31.0035,-0.21542,0.003939,-0.115984,0.700691,85,496.37,256,2059,46.01
MSFT,2026-08-27,2026-11-20,455.0,P,11.65,12.25,11.95,30.7166,-0.236017,0.004187,-0.120366,0.737849,85,496.37,49,1164,46.01
MSFT,2026-08-27,2026-11-20,460.0,P,13.0,13.6,13.3,30.4176,-0.257736,0.004432,-0.124225,0.77346,85,496.37,64,1660,46.01
MSFT,2026-08-27,2026-11-20,465.0,P,14.3,15.05,14.675,30.1032,-0.280557,0.004673,-0.127473,0.807107,85,496.37,45,490,46.01
MSFT,2026-08-27,2026-11-20,470.0,P,15.7,17.0,16.35,30.2299,-0.306412,0.004847,-0.132577,0.840758,85,496.37,36,1116,46.01
MSFT,2026-08-27,2026-11-20,475.0,P,17.6,18.45,18.025,29.6363,-0.330223,0.005103,-0.13301,0.867707,85,496.37,52,581,46.01
MSFT,2026-08-27,2026-11-20,480.0,P,18.9,20.45,19.675,29.5173,-0.356817,0.005275,-0.135336,0.893376,85,496.37,155,872,46.01
MSFT,2026-08-27,2026-11-20,485.0,P,21.3,22.35,21.825,29.145,-0.383546,0.005469,-0.135498,0.914597,85,496.37,11,760,46.01
MSFT,2026-08-27,2026-11-20,490.0,P,23.4,24.8,24.1,29.2121,-0.411742,0.005561,-0.137223,0.932124,85,496.37,1347,1429,46.01
MSFT,2026-08-27,2026-11-20,495.0,P,25.65,26.85,26.25,28.7086,-0.439891,0.005735,-0.134986,0.944738,85,496.37,139,428,46.01
MSFT,2026-08-27,2026-11-20,500.0,P,28.1,29.1,28.6,28.2722,-0.468996,0.005873,-0.132214,0.952718,85,496.37,130,2023,46.01
MSFT,2026-08-27,2026-11-20,505.0,P,30.75,31.9,31.325,28.2569,-0.498088,0.005894,-0.130879,0.955594,85,496.37,9,316,46.01
MSFT,2026-08-27,2026-11-20,510.0,P,33.5,34.9,34.2,28.3058,-0.526752,0.005871,-0.12907,0.953456,85,496.37,1,2184,46.01
MSFT,2026-08-27,2026-11-20,515.0,P,36.25,37.6,36.925,27.8892,-0.556707,0.005911,-0.123739,0.945935,85,496.37,1,493,46.01
MSFT,2026-08-27,2026-11-20,520.0,P,39.05,40.85,39.95,27.909,-0.584792,0.005832,-0.120156,0.933939,85,496.37,1,100,46.01
MSFT,2026-08-27,2026-11-20,525.0,P,42.05,44.15,43.1,27.8419,-0.61265,0.005742,-0.115337,0.91725,85,496.37,1,365,46.01
MSFT,2026-08-27,2026-11-20,530.0,P,45.2,47.45,46.325,27.6283,-0.640791,0.005649,-0.108912,0.89546,85,496.37,1,159,46.01
MSFT,2026-08-27,2026-11-20,535.0,P,48.3,50.5,49.4,26.9661,-0.671775,0.005594,-0.098837,0.865591,85,496.37,1,95,46.01
MSFT,2026-08-27,2026-11-20,540.0,P,51.8,54.35,53.075,27.0912,-0.696136,0.005389,-0.093423,0.837647,85,496.37,1,36,46.01
MSFT,2026-08-27,2026-11-20,545.0,P,55.4,57.65,56.525,26.3771,-0.726784,0.005264,-0.081693,0.796694,85,496.37,2,18,46.01
MSFT,2026-08-27,2026-11-20,550.0,P,59.2,61.8,60.5,26.606,-0.747919,0.005008,-0.076264,0.76453,85,496.37,3,144,46.01
MSFT,2026-08-27,2026-11-20,555.0,P,63.35,65.65,64.5,26.2855,-0.773071,0.004786,-0.066588,0.72187,85,496.37,2,6,46.01
MSFT,2026-08-27,2026-11-20,560.0,P,67.05,69.75,68.4,26.1726,-0.79497,0.004532,-0.05826,0.680639,85,496.37,1,20,46.01
MSFT,2026-08-27,2026-11-20,565.0,P,71.2,73.85,72.525,25.9041,-0.817198,0.00427,-0.048658,0.634647,85,496.37,4,4,46.01
MSFT,2026-08-27,2026-11-20,570.0,P,75.7,77.95,76.825,25.4524,-0.840065,0.00399,-0.037639,0.582662,85,496.37,13,11,46.01
MSFT,2026-08-27,2026-11-20,575.0,P,79.5,82.4,80.95,25.4707,-0.856557,0.003709,-0.030342,0.541996,85,496.37,2,4,46.01
MSFT,2026-08-27,2026-11-20,580.0,P,83.85,86.85,85.35,25.3548,-0.8731,0.003425,-0.022185,0.498305,85,496.37,6,14,46.01
MSFT,2026-08-27,2026-11-20,585.0,P,88.35,91.15,89.75,24.72,-0.893532,0.003102,-0.010391,0.439955,85,496.37,1,1,46.01
MSFT,2026-08-27,2026-11-20,595.0,P,97.9,100.15,99.025,23.6885,-0.926905,0.002446,0.00982,0.332474,85,496.37,2,12,46.01
MSFT,2026-08-27,2026-11-20,600.0,P,102.3,104.85,103.575,23.4505,-0.938581,0.00216,0.017114,0.290604,85,496.37,1,15,46.01
MSFT,2026-08-27,2026-11-20,605.0,P,107.45,109.75,108.6,23.8533,-0.943753,0.001982,0.019894,0.271219,85,496.37,1,1,46.01
MSFT,2026-08-27,2026-11-20,610.0,P,112.25,114.95,113.6,25.428,-0.93925,0.001975,0.015149,0.288128,85,496.37,1,1,46.01
MSFT,2026-08-27,2026-11-20,615.0,P,116.65,120.4,118.525,27.8144,-0.9286,0.002046,0.004834,0.326549,85,496.37,1,0,46.01
MSFT,2026-08-27,2026-11-20,620.0,P,121.7,125.3,123.5,28.2783,-0.933001,0.001916,0.007252,0.310928,85,496.37,12,0,46.01
MSFT,2026-08-27,2026-11-20,625.0,P,126.55,130.35,128.45,29.2365,-0.933424,0.001844,0.006287,0.309407,85,496.37,2,0,46.01
MSFT,2026-08-27,2026-11-20,635.0,P,136.55,140.25,138.4,30.4206,-0.938931,0.001658,0.008995,0.289311,85,496.37,1,0,46.01
MSFT,2026-08-27,2026-11-20,675.0,P,176.75,180.35,178.55,36.5729,-0.945725,0.001257,0.008396,0.26368,85,496.37,18,0,46.01
MSFT,2026-08-27,2026-11-20,680.0,P,282.85,286.4,284.625,161.5664,-0.501142,0.001031,-0.854824,0.955602,85,496.37,1,0,46.01
