symbol,quote_date,expiration,strike,option_type,bid,ask,mid,implied_volatility,delta,gamma,theta,vega,dte,underlying_price,volume,open_interest,iv_rank
MSFT,2026-08-17,2026-08-24,400.0,C,78.65,82.5,80.575,58.0571,0.989985,0.000691,-0.113671,0.017753,7,480.35,1,6,-16.56
MSFT,2026-08-17,2026-08-24,415.0,C,63.7,67.45,65.575,74.3167,0.930466,0.002702,-0.510215,0.088859,7,480.35,0,1,-16.56
MSFT,2026-08-17,2026-08-24,425.0,C,53.7,57.2,55.45,62.8422,0.927639,0.003295,-0.450679,0.091621,7,480.35,0,2,-16.56
MSFT,2026-08-17,2026-08-24,430.0,C,48.7,51.95,50.325,56.104,0.929647,0.003612,-0.399362,0.089663,7,480.35,1,4,-16.56
MSFT,2026-08-17,2026-08-24,435.0,C,43.75,47.25,45.5,54.1142,0.914697,0.004334,-0.440974,0.10379,7,480.35,0,12,-16.56
MSFT,2026-08-17,2026-08-24,440.0,C,39.25,41.95,40.6,47.1441,0.917344,0.004859,-0.381783,0.101361,7,480.35,74,27,-16.56
MSFT,2026-08-17,2026-08-24,445.0,C,33.8,37.05,35.425,43.3844,0.905604,0.005829,-0.387165,0.111906,7,480.35,70,18,-16.56
MSFT,2026-08-17,2026-08-24,447.5,C,31.35,34.6,32.975,41.4312,0.898969,0.006416,-0.38839,0.11762,7,480.35,0,32,-16.56
MSFT,2026-08-17,2026-08-24,450.0,C,29.2,31.65,30.425,35.8283,0.91222,0.006688,-0.312602,0.106034,7,480.35,50,14,-16.56
MSFT,2026-08-17,2026-08-24,452.5,C,27.0,29.2,28.1,33.9728,0.904586,0.007503,-0.314829,0.112794,7,480.35,50,35,-16.56
MSFT,2026-08-17,2026-08-24,455.0,C,24.85,26.75,25.8,32.0563,0.896075,0.008464,-0.315863,0.120061,7,480.35,0,47,-16.56
MSFT,2026-08-17,2026-08-24,457.5,C,22.1,24.4,23.25,30.738,0.881581,0.009692,-0.329929,0.131829,7,480.35,190,29,-16.56
MSFT,2026-08-17,2026-08-24,460.0,C,19.95,22.5,21.225,31.8244,0.846224,0.011197,-0.397407,0.157683,7,480.35,192,16,-16.56
MSFT,2026-08-17,2026-08-24,462.5,C,17.7,20.2,18.95,30.2985,0.826498,0.01272,-0.407321,0.170541,7,480.35,8,13,-16.56
MSFT,2026-08-17,2026-08-24,465.0,C,15.5,18.1,16.8,29.5539,0.797112,0.014363,-0.433555,0.187841,7,480.35,2,21,-16.56
MSFT,2026-08-17,2026-08-24,467.5,C,13.5,15.45,14.475,26.0628,0.784943,0.016856,-0.398593,0.194399,7,480.35,10,12,-16.56
MSFT,2026-08-17,2026-08-24,470.0,C,11.65,13.55,12.6,25.7454,0.741731,0.018874,-0.430214,0.215028,7,480.35,9,9,-16.56
MSFT,2026-08-17,2026-08-24,475.0,C,8.4,9.8,9.1,24.073,0.645774,0.02323,-0.456007,0.247461,7,480.35,7,9,-16.56
MSFT,2026-08-17,2026-08-24,477.5,C,7.2,8.2,7.7,23.6092,0.587095,0.024794,-0.464625,0.259032,7,480.35,5,5,-16.56
MSFT,2026-08-17,2026-08-24,480.0,C,6.25,6.65,6.45,22.8279,0.524451,0.026222,-0.456817,0.264883,7,480.35,153,2,-16.56
MSFT,2026-08-17,2026-08-24,482.5,C,4.75,5.5,5.125,22.9256,0.459211,0.026023,-0.454147,0.263993,7,480.35,185,14,-16.56
MSFT,2026-08-17,2026-08-24,485.0,C,3.95,4.6,4.275,23.3894,0.3977,0.024793,-0.447651,0.256608,7,480.35,356,18,-16.56
MSFT,2026-08-17,2026-08-24,487.5,C,3.2,3.8,3.5,23.7373,0.340378,0.023215,-0.429675,0.243844,7,480.35,133,2,-16.56
MSFT,2026-08-17,2026-08-24,490.0,C,2.64,2.92,2.78,23.2552,0.281138,0.021803,-0.386122,0.224366,7,480.35,320,410,-16.56
MSFT,2026-08-17,2026-08-24,492.5,C,1.93,2.24,2.085,23.0232,0.228064,0.019733,-0.341517,0.201035,7,480.35,53,8,-16.56
MSFT,2026-08-17,2026-08-24,495.0,C,1.5,1.81,1.655,23.4505,0.187543,0.017257,-0.308933,0.179073,7,480.35,852,56,-16.56
MSFT,2026-08-17,2026-08-24,497.5,C,1.03,1.4,1.215,23.5359,0.149586,0.014865,-0.267432,0.154814,7,480.35,244,65,-16.56
MSFT,2026-08-17,2026-08-24,500.0,C,0.9,1.05,0.975,23.4749,0.116007,0.012507,-0.223415,0.129922,7,480.35,254,907,-16.56
MSFT,2026-08-17,2026-08-24,502.5,C,0.61,0.98,0.795,24.9763,0.102843,0.010781,-0.217501,0.119152,7,480.35,86,823,-16.56
MSFT,2026-08-17,2026-08-24,505.0,C,0.48,0.62,0.55,23.9021,0.070262,0.008469,-0.156303,0.089574,7,480.35,143,624,-16.56
MSFT,2026-08-17,2026-08-24,507.5,C,0.34,0.48,0.41,24.2195,0.054652,0.00687,-0.130003,0.07363,7,480.35,78,226,-16.56
MSFT,2026-08-17,2026-08-24,510.0,C,0.25,0.37,0.31,24.5125,0.042125,0.005511,-0.106695,0.059781,7,480.35,234,304,-16.56
MSFT,2026-08-17,2026-08-24,512.5,C,0.2,0.31,0.255,25.1961,0.034463,0.004552,-0.092996,0.050752,7,480.35,55,32,-16.56
MSFT,2026-08-17,2026-08-24,515.0,C,0.15,0.24,0.195,25.5134,0.026583,0.003625,-0.075865,0.040928,7,480.35,42,89,-16.56
MSFT,2026-08-17,2026-08-24,517.5,C,0.12,0.23,0.175,26.7585,0.024271,0.003203,-0.073652,0.037924,7,480.35,26,33,-16.56
MSFT,2026-08-17,2026-08-24,520.0,C,0.1,0.16,0.13,26.5632,0.017071,0.002394,-0.054224,0.028146,7,480.35,91,150,-16.56
MSFT,2026-08-17,2026-08-24,522.5,C,0.01,0.18,0.095,28.4187,0.017888,0.002329,-0.060319,0.029292,7,480.35,7,19,-16.56
MSFT,2026-08-17,2026-08-24,525.0,C,0.01,0.12,0.065,28.0281,0.012154,0.001694,-0.042642,0.021008,7,480.35,40,60,-16.56
MSFT,2026-08-17,2026-08-24,527.5,C,0.03,0.16,0.095,30.5671,0.014852,0.001847,-0.05525,0.024978,7,480.35,2,12,-16.56
MSFT,2026-08-17,2026-08-24,530.0,C,0.05,0.07,0.06,28.4187,0.006916,0.00102,-0.026368,0.012826,7,480.35,143,70,-16.56
MSFT,2026-08-17,2026-08-24,532.5,C,0.01,0.18,0.095,33.7409,0.015109,0.001698,-0.061816,0.025349,7,480.35,37,22,-16.56
MSFT,2026-08-17,2026-08-24,535.0,C,0.02,0.05,0.035,29.5905,0.004776,0.000705,-0.019746,0.009233,7,480.35,46,39,-16.56
MSFT,2026-08-17,2026-08-24,537.5,C,0.01,0.08,0.045,32.5202,0.006989,0.0009,-0.030406,0.012945,7,480.35,0,66,-16.56
MSFT,2026-08-17,2026-08-24,540.0,C,0.01,0.06,0.035,32.4226,0.005104,0.000683,-0.022933,0.009797,7,480.35,3,195,-16.56
MSFT,2026-08-17,2026-08-24,542.5,C,0.01,0.26,0.135,41.0162,0.017813,0.001608,-0.086358,0.029186,7,480.35,0,4,-16.56
MSFT,2026-08-17,2026-08-24,545.0,C,0.01,0.07,0.04,35.3522,0.005539,0.000674,-0.026872,0.010536,7,480.35,6,11,-16.56
MSFT,2026-08-17,2026-08-24,547.5,C,0.01,0.25,0.13,43.3111,0.016189,0.001403,-0.08398,0.026896,7,480.35,25,20,-16.56
MSFT,2026-08-17,2026-08-24,550.0,C,0.0,0.05,0.025,36.1335,0.00383,0.000474,-0.019747,0.00758,7,480.35,26,39,-16.56
MSFT,2026-08-17,2026-08-24,552.5,C,0.0,0.05,0.025,37.2077,0.003722,0.000449,-0.019815,0.007389,7,480.35,10,1,-16.56
MSFT,2026-08-17,2026-08-24,555.0,C,0.0,0.07,0.035,39.7467,0.004884,0.000536,-0.026977,0.00942,7,480.35,0,27,-16.56
MSFT,2026-08-17,2026-08-24,557.5,C,0.0,0.35,0.175,50.8306,0.019195,0.001383,-0.113843,0.031104,7,480.35,0,26,-16.56
MSFT,2026-08-17,2026-08-24,560.0,C,0.0,0.36,0.18,52.3442,0.019205,0.001343,-0.117259,0.031118,7,480.35,0,1,-16.56
MSFT,2026-08-17,2026-08-24,565.0,C,0.0,0.35,0.175,54.5903,0.017874,0.001212,-0.114985,0.029271,7,480.35,0,2,-16.56
MSFT,2026-08-17,2026-08-24,570.0,C,0.0,0.18,0.09,51.856,0.009717,0.000754,-0.064507,0.017291,7,480.35,0,4,-16.56
MSFT,2026-08-17,2026-08-24,575.0,C,0.0,1.76,0.88,69.5316,0.034969,0.001669,-0.256741,0.051364,7,480.35,0,1,-16.56
MSFT,2026-08-17,2026-08-24,395.0,P,0.01,0.09,0.05,50.9771,-0.002428,0.000223,-0.018185,0.005027,7,480.35,3,3,-16.56
MSFT,2026-08-17,2026-08-24,400.0,P,0.01,0.1,0.055,52.1489,-0.004931,0.000412,-0.035143,0.009501,7,480.35,11,2,-16.56
MSFT,2026-08-17,2026-08-24,405.0,P,0.01,0.09,0.05,48.3404,-0.004759,0.00043,-0.031543,0.009204,7,480.35,9,3,-16.56
MSFT,2026-08-17,2026-08-24,410.0,P,0.01,0.12,0.065,46.9732,-0.006609,0.000593,-0.041014,0.012322,7,480.35,11,18,-16.56
MSFT,2026-08-17,2026-08-24,420.0,P,0.05,0.15,0.1,41.8951,-0.009253,0.000894,-0.049113,0.016566,7,480.35,5,800,-16.56
MSFT,2026-08-17,2026-08-24,425.0,P,0.06,0.14,0.1,38.2819,-0.009407,0.000992,-0.045492,0.016808,7,480.35,4,13,-16.56
MSFT,2026-08-17,2026-08-24,430.0,P,0.08,0.22,0.15,37.5983,-0.015144,0.001527,-0.06746,0.025399,7,480.35,18,1,-16.56
MSFT,2026-08-17,2026-08-24,435.0,P,0.12,0.24,0.18,34.7174,-0.0178,0.001899,-0.071451,0.029169,7,480.35,11,4,-16.56
MSFT,2026-08-17,2026-08-24,440.0,P,0.19,0.25,0.22,31.5437,-0.020346,0.002341,-0.072624,0.03268,7,480.35,45,207,-16.56
MSFT,2026-08-17,2026-08-24,445.0,P,0.27,0.37,0.32,30.2253,-0.031153,0.003492,-0.099277,0.046699,7,480.35,158,27,-16.56
MSFT,2026-08-17,2026-08-24,447.5,P,0.31,0.49,0.4,30.0788,-0.041062,0.004399,-0.123773,0.058557,7,480.35,47,20,-16.56
MSFT,2026-08-17,2026-08-24,450.0,P,0.37,0.51,0.44,28.4187,-0.044931,0.005008,-0.125609,0.062976,7,480.35,336,26,-16.56
MSFT,2026-08-17,2026-08-24,452.5,P,0.48,0.68,0.58,28.3332,-0.059389,0.00627,-0.156145,0.078609,7,480.35,13,9,-16.56
MSFT,2026-08-17,2026-08-24,455.0,P,0.63,0.84,0.735,27.7595,-0.073803,0.007572,-0.180772,0.093015,7,480.35,75,106,-16.56
MSFT,2026-08-17,2026-08-24,457.5,P,0.74,1.1,0.92,27.6741,-0.095196,0.009195,-0.217863,0.112604,7,480.35,44,3,-16.56
MSFT,2026-08-17,2026-08-24,460.0,P,1.0,1.29,1.145,26.7219,-0.113626,0.010826,-0.238712,0.128019,7,480.35,232,205,-16.56
MSFT,2026-08-17,2026-08-24,462.5,P,1.12,1.73,1.425,26.9783,-0.146566,0.012792,-0.287004,0.152716,7,480.35,45,1,-16.56
MSFT,2026-08-17,2026-08-24,465.0,P,1.66,2.07,1.865,26.2459,-0.175858,0.01481,-0.313723,0.172008,7,480.35,110,147,-16.56
MSFT,2026-08-17,2026-08-24,467.5,P,1.9,2.87,2.385,27.2834,-0.22502,0.016526,-0.37761,0.199516,7,480.35,53,19,-16.56
MSFT,2026-08-17,2026-08-24,470.0,P,2.66,3.3,2.98,26.1726,-0.261513,0.018686,-0.391556,0.216417,7,480.35,207,87,-16.56
MSFT,2026-08-17,2026-08-24,472.5,P,3.15,4.15,3.65,26.3862,-0.312551,0.020171,-0.428291,0.235518,7,480.35,79,7,-16.56
MSFT,2026-08-17,2026-08-24,475.0,P,4.15,4.8,4.475,25.3792,-0.360751,0.022176,-0.433461,0.249046,7,480.35,346,159,-16.56
MSFT,2026-08-17,2026-08-24,477.5,P,4.65,5.9,5.275,25.5867,-0.418512,0.022948,-0.453931,0.259826,7,480.35,112,35,-16.56
MSFT,2026-08-17,2026-08-24,480.0,P,6.2,6.8,6.5,24.5918,-0.476363,0.024344,-0.441498,0.264915,7,480.35,237,70,-16.56
MSFT,2026-08-17,2026-08-24,482.5,P,7.5,8.15,7.825,24.7017,-0.536924,0.024175,-0.439306,0.264244,7,480.35,82,149,-16.56
MSFT,2026-08-17,2026-08-24,485.0,P,8.6,9.65,9.125,24.8543,-0.595631,0.023433,-0.427592,0.25772,7,480.35,183,105,-16.56
MSFT,2026-08-17,2026-08-24,487.5,P,10.5,12.2,11.35,28.4492,-0.632056,0.019915,-0.47749,0.250706,7,480.35,58,121,-16.56
MSFT,2026-08-17,2026-08-24,490.0,P,12.3,13.35,12.825,26.4106,-0.693615,0.019978,-0.405362,0.233478,7,480.35,170,73,-16.56
MSFT,2026-08-17,2026-08-24,492.5,P,14.15,16.1,15.125,30.323,-0.711217,0.016936,-0.456,0.227256,7,480.35,3,61,-16.56
MSFT,2026-08-17,2026-08-24,495.0,P,15.5,18.15,16.825,31.2141,-0.744397,0.015484,-0.438796,0.21387,7,480.35,38,225,-16.56
MSFT,2026-08-17,2026-08-24,497.5,P,17.75,20.3,19.025,32.2883,-0.772259,0.014059,-0.423658,0.200875,7,480.35,10,346,-16.56
MSFT,2026-08-17,2026-08-24,500.0,P,20.1,22.45,21.275,33.1306,-0.798263,0.012769,-0.401904,0.187203,7,480.35,25,1663,-16.56
MSFT,2026-08-17,2026-08-24,502.5,P,22.5,24.8,23.65,34.7541,-0.815364,0.011532,-0.398076,0.177347,7,480.35,4,303,-16.56
MSFT,2026-08-17,2026-08-24,505.0,P,24.8,27.1,25.95,35.987,-0.832723,0.010462,-0.384978,0.166596,7,480.35,0,52,-16.56
MSFT,2026-08-17,2026-08-24,507.5,P,26.85,29.5,28.175,37.6471,-0.844924,0.009518,-0.382296,0.158564,7,480.35,0,8,-16.56
MSFT,2026-08-17,2026-08-24,510.0,P,29.2,32.4,30.8,42.0172,-0.838438,0.008761,-0.444786,0.162884,7,480.35,140,76,-16.56
MSFT,2026-08-17,2026-08-24,515.0,P,34.15,37.3,35.725,45.7159,-0.854814,0.007501,-0.450161,0.151748,7,480.35,0,1,-16.56
MSFT,2026-08-17,2026-08-24,517.5,P,36.65,39.75,38.2,47.4737,-0.862017,0.006979,-0.451176,0.146605,7,480.35,176,1,-16.56
MSFT,2026-08-17,2026-08-24,520.0,P,38.8,42.25,40.525,49.5,-0.867014,0.006526,-0.458963,0.142946,7,480.35,0,7,-16.56
MSFT,2026-08-17,2026-08-24,525.0,P,43.85,47.2,45.525,53.1255,-0.87732,0.005749,-0.465402,0.135152,7,480.35,0,35,-16.56
MSFT,2026-08-17,2026-08-24,527.5,P,46.15,49.7,47.925,55.042,-0.881191,0.005425,-0.471605,0.132136,7,480.35,0,32,-16.56
MSFT,2026-08-17,2026-08-24,530.0,P,48.6,52.2,50.4,56.934,-0.884757,0.005133,-0.477558,0.129314,7,480.35,0,1,-16.56
MSFT,2026-08-17,2026-08-24,540.0,P,58.7,62.15,60.425,63.9042,-0.89803,0.004188,-0.490541,0.118416,7,480.35,0,15,-16.56
MSFT,2026-08-17,2026-08-24,542.5,P,61.55,64.65,63.1,51.9536,-0.950044,0.002982,-0.201784,0.068559,7,480.35,0,15,-16.56
MSFT,2026-08-17,2026-08-26,365.0,C,113.65,117.25,115.45,66.9925,0.996228,0.000222,-0.068363,0.008479,9,480.35,0,1,-16.56
MSFT,2026-08-17,2026-08-26,370.0,C,108.65,112.2,110.425,61.9144,0.996953,0.000199,-0.061422,0.006998,9,480.35,0,1,-16.56
MSFT,2026-08-17,2026-08-26,395.0,C,83.65,87.2,85.425,80.7375,0.946699,0.001782,-0.404423,0.08185,9,480.35,1,1,-16.56
MSFT,2026-08-17,2026-08-26,400.0,C,78.65,82.15,80.4,76.1233,0.945064,0.001936,-0.392248,0.08383,9,480.35,0,2,-16.56
MSFT,2026-08-17,2026-08-26,420.0,C,58.7,62.25,60.475,60.6938,0.928671,0.002976,-0.385401,0.10275,9,480.35,0,1,-16.56
MSFT,2026-08-17,2026-08-26,430.0,C,48.75,51.95,50.35,50.1714,0.927371,0.00365,-0.330305,0.104182,9,480.35,0,1,-16.56
MSFT,2026-08-17,2026-08-26,440.0,C,38.85,42.1,40.475,43.2379,0.909826,0.004986,-0.334712,0.122664,9,480.35,80,10,-16.56
MSFT,2026-08-17,2026-08-26,445.0,C,34.45,36.8,35.625,37.0856,0.912678,0.005676,-0.287481,0.119763,9,480.35,70,9,-16.56
MSFT,2026-08-17,2026-08-26,450.0,C,29.65,31.95,30.8,34.0339,0.897077,0.006981,-0.296063,0.135182,9,480.35,70,5,-16.56
MSFT,2026-08-17,2026-08-26,455.0,C,24.95,27.65,26.3,33.7409,0.857023,0.008871,-0.358177,0.170296,9,480.35,0,5,-16.56
MSFT,2026-08-17,2026-08-26,465.0,C,16.35,18.6,17.475,28.5041,0.778871,0.013812,-0.39078,0.223993,9,480.35,0,2,-16.56
MSFT,2026-08-17,2026-08-26,472.5,C,11.05,13.45,12.25,28.5591,0.659173,0.017025,-0.469684,0.276633,9,480.35,20,2,-16.56
MSFT,2026-08-17,2026-08-26,475.0,C,9.7,11.25,10.475,26.3191,0.62315,0.019131,-0.448096,0.286461,9,480.35,10,2,-16.56
MSFT,2026-08-17,2026-08-26,477.5,C,8.3,9.6,8.95,25.5989,0.57568,0.020288,-0.447322,0.295483,9,480.35,15,1,-16.56
MSFT,2026-08-17,2026-08-26,480.0,C,7.7,8.25,7.975,25.4646,0.524343,0.020732,-0.449646,0.300354,9,480.35,43,1,-16.56
MSFT,2026-08-17,2026-08-26,482.5,C,6.2,7.2,6.7,25.8919,0.473268,0.020382,-0.454229,0.300238,9,480.35,44,5,-16.56
MSFT,2026-08-17,2026-08-26,485.0,C,5.1,5.8,5.45,24.8115,0.419038,0.020876,-0.426069,0.294696,9,480.35,51,3,-16.56
MSFT,2026-08-17,2026-08-26,487.5,C,4.25,5.15,4.7,25.7759,0.373632,0.019481,-0.426814,0.285689,9,480.35,52,2,-16.56
MSFT,2026-08-17,2026-08-26,490.0,C,3.7,4.15,3.925,25.2022,0.322848,0.018882,-0.394397,0.270735,9,480.35,106,15,-16.56
MSFT,2026-08-17,2026-08-26,492.5,C,3.0,3.3,3.15,24.72,0.274058,0.017865,-0.358102,0.251256,9,480.35,611,19,-16.56
MSFT,2026-08-17,2026-08-26,495.0,C,2.22,3.15,2.685,26.5632,0.249043,0.015828,-0.364843,0.239204,9,480.35,22,21,-16.56
MSFT,2026-08-17,2026-08-26,497.5,C,1.78,2.63,2.205,26.7219,0.213804,0.01445,-0.3363,0.219679,9,480.35,70,59,-16.56
MSFT,2026-08-17,2026-08-26,500.0,C,1.5,1.79,1.645,24.9885,0.163819,0.013109,-0.266545,0.186367,9,480.35,140,31,-16.56
MSFT,2026-08-17,2026-08-26,502.5,C,1.08,1.56,1.32,25.7454,0.141791,0.011561,-0.248975,0.169339,9,480.35,8,5,-16.56
MSFT,2026-08-17,2026-08-26,505.0,C,0.93,1.27,1.1,25.9285,0.117744,0.010092,-0.220079,0.148878,9,480.35,19,26,-16.56
MSFT,2026-08-17,2026-08-26,507.5,C,0.7,0.99,0.845,25.8308,0.094638,0.00865,-0.186961,0.127129,9,480.35,34,22,-16.56
MSFT,2026-08-17,2026-08-26,510.0,C,0.56,0.78,0.67,25.8796,0.076202,0.00734,-0.15903,0.108073,9,480.35,27,34,-16.56
MSFT,2026-08-17,2026-08-26,512.5,C,0.4,0.77,0.585,27.3567,0.071405,0.006607,-0.159704,0.102835,9,480.35,4,5,-16.56
MSFT,2026-08-17,2026-08-26,515.0,C,0.35,0.54,0.445,26.6853,0.052673,0.005341,-0.122731,0.081084,9,480.35,88,45,-16.56
MSFT,2026-08-17,2026-08-26,517.5,C,0.28,0.43,0.355,26.8562,0.042379,0.004458,-0.10366,0.068116,9,480.35,11,11,-16.56
MSFT,2026-08-17,2026-08-26,520.0,C,0.22,0.37,0.295,27.4421,0.0361,0.003829,-0.09287,0.059781,9,480.35,218,84,-16.56
MSFT,2026-08-17,2026-08-26,522.5,C,0.16,0.29,0.225,27.5398,0.028571,0.003145,-0.076772,0.049283,9,480.35,7,2,-16.56
MSFT,2026-08-17,2026-08-26,525.0,C,0.14,0.22,0.18,27.491,0.021886,0.00252,-0.061249,0.039416,9,480.35,85,58,-16.56
MSFT,2026-08-17,2026-08-26,527.5,C,0.1,0.2,0.15,28.2722,0.019398,0.002212,-0.056824,0.035586,9,480.35,7,15,-16.56
MSFT,2026-08-17,2026-08-26,530.0,C,0.01,0.27,0.14,30.9333,0.023744,0.002399,-0.073687,0.042217,9,480.35,4,8,-16.56
MSFT,2026-08-17,2026-08-26,532.5,C,0.04,0.14,0.09,29.0534,0.013334,0.001561,-0.042297,0.025809,9,480.35,3,6,-16.56
MSFT,2026-08-17,2026-08-26,535.0,C,0.01,0.13,0.07,29.8835,0.012119,0.001398,-0.040031,0.023762,9,480.35,33,45,-16.56
MSFT,2026-08-17,2026-08-26,537.5,C,0.01,0.21,0.11,33.2038,0.017324,0.001711,-0.060442,0.032317,9,480.35,2,3,-16.56
MSFT,2026-08-17,2026-08-26,540.0,C,0.01,0.1,0.055,30.9577,0.009019,0.001043,-0.032023,0.018368,9,480.35,0,10,-16.56
MSFT,2026-08-17,2026-08-26,542.5,C,0.01,0.1,0.055,32.0319,0.008758,0.000982,-0.032275,0.017901,9,480.35,12,8,-16.56
MSFT,2026-08-17,2026-08-26,545.0,C,0.01,0.08,0.045,32.1296,0.006957,0.0008,-0.026429,0.01462,9,480.35,6,16,-16.56
MSFT,2026-08-17,2026-08-26,550.0,C,0.01,0.36,0.185,42.2369,0.023042,0.001713,-0.097685,0.041163,9,480.35,6,2,-16.56
MSFT,2026-08-17,2026-08-26,555.0,C,0.01,0.07,0.04,35.5475,0.005486,0.000586,-0.023654,0.011844,9,480.35,12,3,-16.56
MSFT,2026-08-17,2026-08-26,560.0,C,0.0,0.43,0.215,48.1939,0.023998,0.001553,-0.115185,0.042596,9,480.35,0,1,-16.56
MSFT,2026-08-17,2026-08-26,565.0,C,0.0,0.12,0.06,41.9928,0.007875,0.000682,-0.038415,0.016306,9,480.35,0,39,-16.56
MSFT,2026-08-17,2026-08-26,570.0,C,0.0,0.46,0.23,53.3208,0.02324,0.001367,-0.123919,0.041462,9,480.35,0,2,-16.56
MSFT,2026-08-17,2026-08-26,400.0,P,0.01,0.14,0.075,48.6333,-0.0072,0.000545,-0.040355,0.015069,9,480.35,11,4,-16.56
MSFT,2026-08-17,2026-08-26,415.0,P,0.03,0.19,0.11,41.6998,-0.011304,0.000943,-0.051257,0.022369,9,480.35,11,1,-16.56
MSFT,2026-08-17,2026-08-26,420.0,P,0.06,0.18,0.12,38.4772,-0.011681,0.001051,-0.048616,0.023015,9,480.35,12,2,-16.56
MSFT,2026-08-17,2026-08-26,425.0,P,0.14,0.22,0.18,36.6217,-0.014869,0.001361,-0.056942,0.028351,9,480.35,18,2,-16.56
MSFT,2026-08-17,2026-08-26,440.0,P,0.38,0.51,0.445,32.2028,-0.037664,0.003378,-0.108851,0.06189,9,480.35,12,6,-16.56
MSFT,2026-08-17,2026-08-26,445.0,P,0.46,0.71,0.585,30.9821,-0.053229,0.004638,-0.138083,0.081762,9,480.35,9,0,-16.56
MSFT,2026-08-17,2026-08-26,450.0,P,0.64,0.98,0.81,29.6882,-0.074521,0.00629,-0.171536,0.106251,9,480.35,29,72,-16.56
MSFT,2026-08-17,2026-08-26,455.0,P,0.75,1.77,1.26,30.8723,-0.122725,0.008727,-0.25678,0.153288,9,480.35,13,87,-16.56
MSFT,2026-08-17,2026-08-26,460.0,P,1.61,2.12,1.865,28.3271,-0.154826,0.011144,-0.274922,0.179602,9,480.35,52,45,-16.56
MSFT,2026-08-17,2026-08-26,465.0,P,2.34,3.05,2.695,27.6924,-0.214876,0.013984,-0.328217,0.220319,9,480.35,9,56,-16.56
MSFT,2026-08-17,2026-08-26,467.5,P,2.82,3.9,3.36,28.4004,-0.257589,0.015069,-0.371273,0.243485,9,480.35,27,14,-16.56
MSFT,2026-08-17,2026-08-26,470.0,P,3.45,4.7,4.075,28.4919,-0.29818,0.016134,-0.399026,0.261534,9,480.35,74,42,-16.56
MSFT,2026-08-17,2026-08-26,472.5,P,4.2,5.1,4.65,26.8684,-0.332406,0.017921,-0.392268,0.273954,9,480.35,13,2,-16.56
MSFT,2026-08-17,2026-08-26,475.0,P,5.05,5.95,5.5,26.49,-0.377517,0.019018,-0.402865,0.286618,9,480.35,68,63,-16.56
MSFT,2026-08-17,2026-08-26,480.0,P,7.15,8.2,7.675,26.4168,-0.475949,0.019985,-0.416858,0.300367,9,480.35,44,24,-16.56
MSFT,2026-08-17,2026-08-26,482.5,P,8.5,10.2,9.35,28.5835,-0.522614,0.018474,-0.450643,0.300431,9,480.35,11,3,-16.56
MSFT,2026-08-17,2026-08-26,485.0,P,9.85,11.75,10.8,28.9924,-0.567021,0.017985,-0.449073,0.296658,9,480.35,85,16,-16.56
MSFT,2026-08-17,2026-08-26,487.5,P,11.65,13.3,12.475,29.0779,-0.610555,0.017486,-0.436292,0.289284,9,480.35,5,2,-16.56
MSFT,2026-08-17,2026-08-26,490.0,P,12.95,15.25,14.1,30.1887,-0.646774,0.01632,-0.437135,0.280312,9,480.35,23,17,-16.56
MSFT,2026-08-17,2026-08-26,492.5,P,15.0,17.25,16.125,31.2202,-0.679534,0.015195,-0.433347,0.269903,9,480.35,5,37,-16.56
MSFT,2026-08-17,2026-08-26,495.0,P,16.6,18.9,17.75,30.7441,-0.718791,0.014546,-0.397713,0.254438,9,480.35,37,79,-16.56
MSFT,2026-08-17,2026-08-26,497.5,P,18.55,21.0,19.775,31.6535,-0.746193,0.013416,-0.386465,0.241612,9,480.35,7,37,-16.56
MSFT,2026-08-17,2026-08-26,500.0,P,20.6,23.1,21.85,32.3615,-0.772046,0.012377,-0.369824,0.22789,9,480.35,11,12,-16.56
MSFT,2026-08-17,2026-08-26,502.5,P,22.65,25.7,24.175,34.986,-0.78127,0.011183,-0.392051,0.222595,9,480.35,0,2,-16.56
MSFT,2026-08-17,2026-08-26,505.0,P,25.35,27.55,26.45,34.2841,-0.812107,0.010422,-0.344896,0.203284,9,480.35,2,2,-16.56
MSFT,2026-08-17,2026-08-26,510.0,P,29.65,32.15,30.9,36.3471,-0.842525,0.008783,-0.322501,0.181621,9,480.35,64,8,-16.56
MSFT,2026-08-17,2026-08-26,512.5,P,32.1,34.55,33.325,37.7203,-0.852852,0.00809,-0.318853,0.173624,9,480.35,86,16,-16.56
MSFT,2026-08-17,2026-08-26,515.0,P,34.55,37.35,35.95,41.1505,-0.84884,0.00755,-0.35905,0.176771,9,480.35,137,17,-16.56
MSFT,2026-08-17,2026-08-26,527.5,P,46.25,49.75,48.0,49.5244,-0.875629,0.005491,-0.378071,0.154725,9,480.35,0,21,-16.56
MSFT,2026-08-17,2026-08-26,530.0,P,48.75,52.2,50.475,50.9282,-0.880714,0.005186,-0.376988,0.150252,9,480.35,0,21,-16.56
MSFT,2026-08-17,2026-08-26,545.0,P,64.0,67.15,65.575,60.3031,-0.89911,0.003883,-0.395819,0.133234,9,480.35,0,2,-16.56
MSFT,2026-08-17,2026-08-28,270.0,C,208.65,212.45,210.55,129.8832,0.996238,0.000104,-0.082374,0.009352,11,480.35,0,0,-16.56
MSFT,2026-08-17,2026-08-28,290.0,C,188.65,192.5,190.575,116.6996,0.995308,0.00014,-0.089586,0.011394,11,480.35,2,2,-16.56
MSFT,2026-08-17,2026-08-28,300.0,C,178.7,182.15,180.425,96.6797,0.998106,7.5e-05,-0.052418,0.005032,11,480.35,2,6,-16.56
MSFT,2026-08-17,2026-08-28,305.0,C,173.65,177.15,175.4,89.8439,0.998638,6e-05,-0.046055,0.003726,11,480.35,1,2,-16.56
MSFT,2026-08-17,2026-08-28,310.0,C,168.65,172.5,170.575,102.6372,0.994664,0.000179,-0.090748,0.012777,11,480.35,2,2,-16.56
MSFT,2026-08-17,2026-08-28,315.0,C,163.65,167.5,165.575,99.2188,0.994493,0.00019,-0.090893,0.013139,11,480.35,0,25,-16.56
MSFT,2026-08-17,2026-08-28,320.0,C,158.65,162.45,160.55,94.5313,0.994827,0.000189,-0.085567,0.012429,11,480.35,2,5,-16.56
MSFT,2026-08-17,2026-08-28,325.0,C,153.65,157.3,155.475,86.2306,0.996451,0.000148,-0.06754,0.008875,11,480.35,1,3,-16.56
MSFT,2026-08-17,2026-08-28,330.0,C,148.65,152.05,150.35,123.2182,0.969066,0.000679,-0.357758,0.058198,11,480.35,1,5,-16.56
MSFT,2026-08-17,2026-08-28,335.0,C,143.65,147.15,145.4,72.6565,0.9983,9e-05,-0.048922,0.00456,11,480.35,0,14,-16.56
MSFT,2026-08-17,2026-08-28,340.0,C,138.65,142.05,140.35,114.9662,0.966884,0.00077,-0.354445,0.061568,11,480.35,1,13,-16.56
MSFT,2026-08-17,2026-08-28,345.0,C,133.65,137.45,135.55,78.6135,0.993818,0.000266,-0.08667,0.014559,11,480.35,2,8,-16.56
MSFT,2026-08-17,2026-08-28,350.0,C,128.65,132.35,130.5,72.8518,0.994992,0.000238,-0.075202,0.012076,11,480.35,1,24,-16.56
MSFT,2026-08-17,2026-08-28,355.0,C,123.65,127.45,125.55,72.5589,0.993292,0.00031,-0.087249,0.015649,11,480.35,2,14,-16.56
MSFT,2026-08-17,2026-08-28,360.0,C,118.65,122.25,120.45,63.8675,0.996171,0.000214,-0.063871,0.009501,11,480.35,5,46,-16.56
MSFT,2026-08-17,2026-08-28,365.0,C,113.65,117.15,115.4,56.6411,0.997837,0.000144,-0.051495,0.005676,11,480.35,1,9,-16.56
MSFT,2026-08-17,2026-08-28,370.0,C,108.65,112.2,110.425,56.4457,0.996776,0.000207,-0.058222,0.008141,11,480.35,1,21,-16.56
MSFT,2026-08-17,2026-08-28,375.0,C,103.65,107.15,105.4,51.563,0.997622,0.000172,-0.052378,0.006184,11,480.35,1,20,-16.56
MSFT,2026-08-17,2026-08-28,380.0,C,98.65,102.15,100.4,84.5949,0.953205,0.001387,-0.349718,0.081565,11,480.35,5,166,-16.56
MSFT,2026-08-17,2026-08-28,385.0,C,93.65,97.2,95.425,81.299,0.950146,0.001518,-0.353511,0.085803,11,480.35,1,161,-16.56
MSFT,2026-08-17,2026-08-28,390.0,C,88.65,91.95,90.3,75.0003,0.952938,0.001571,-0.316434,0.081938,11,480.35,1,602,-16.56
MSFT,2026-08-17,2026-08-28,395.0,C,83.7,87.1,85.4,72.7664,0.947453,0.001768,-0.333256,0.089471,11,480.35,5,219,-16.56
MSFT,2026-08-17,2026-08-28,400.0,C,79.25,81.85,80.55,66.6507,0.950481,0.001841,-0.296555,0.085343,11,480.35,5,571,-16.56
MSFT,2026-08-17,2026-08-28,405.0,C,73.7,77.05,75.375,64.8807,0.943075,0.002113,-0.319222,0.095314,11,480.35,5,113,-16.56
MSFT,2026-08-17,2026-08-28,410.0,C,69.2,71.9,70.55,59.8759,0.943652,0.002271,-0.296014,0.094553,11,480.35,14,152,-16.56
MSFT,2026-08-17,2026-08-28,415.0,C,64.25,66.95,65.6,56.6899,0.939006,0.002552,-0.298232,0.10062,11,480.35,3273,3442,-16.56
MSFT,2026-08-17,2026-08-28,420.0,C,59.25,61.8,60.525,51.8071,0.939453,0.002777,-0.275082,0.100043,11,480.35,6,538,-16.56
MSFT,2026-08-17,2026-08-28,425.0,C,53.8,57.0,55.4,49.8174,0.929456,0.003251,-0.294544,0.112633,11,480.35,30,950,-16.56
MSFT,2026-08-17,2026-08-28,430.0,C,49.25,52.15,50.7,47.2417,0.919957,0.003775,-0.305842,0.124021,11,480.35,20,277,-16.56
MSFT,2026-08-17,2026-08-28,435.0,C,44.0,47.25,45.625,44.1778,0.910843,0.004377,-0.309607,0.134471,11,480.35,19,1686,-16.56
MSFT,2026-08-17,2026-08-28,440.0,C,40.05,41.55,40.8,35.6696,0.928665,0.00458,-0.225202,0.113602,11,480.35,33,700,-16.56
MSFT,2026-08-17,2026-08-28,445.0,C,34.9,37.0,35.95,35.1081,0.903711,0.005831,-0.267427,0.142348,11,480.35,15,278,-16.56
MSFT,2026-08-17,2026-08-28,450.0,C,30.6,32.55,31.575,34.3451,0.873521,0.007247,-0.309443,0.173073,11,480.35,47,672,-16.56
MSFT,2026-08-17,2026-08-28,455.0,C,25.9,28.2,27.05,33.3137,0.837861,0.008835,-0.347869,0.20466,11,480.35,11,503,-16.56
MSFT,2026-08-17,2026-08-28,460.0,C,22.0,23.85,22.925,31.6047,0.798637,0.010666,-0.373243,0.234411,11,480.35,59,812,-16.56
MSFT,2026-08-17,2026-08-28,465.0,C,17.9,19.3,18.6,28.5652,0.758733,0.013088,-0.372572,0.259978,11,480.35,73,620,-16.56
MSFT,2026-08-17,2026-08-28,470.0,C,14.85,16.25,15.55,29.8347,0.680111,0.014372,-0.435848,0.298164,11,480.35,192,1322,-16.56
MSFT,2026-08-17,2026-08-28,475.0,C,11.5,12.35,11.925,27.3079,0.611604,0.016829,-0.42523,0.319569,11,480.35,157,530,-16.56
MSFT,2026-08-17,2026-08-28,477.5,C,10.1,10.9,10.5,27.1522,0.568867,0.017356,-0.431077,0.327704,11,480.35,99,7,-16.56
MSFT,2026-08-17,2026-08-28,480.0,C,9.15,9.65,9.4,27.2773,0.524972,0.017504,-0.436284,0.332021,11,480.35,1408,805,-16.56
MSFT,2026-08-17,2026-08-28,482.5,C,7.85,8.3,8.075,26.8074,0.480573,0.017825,-0.42748,0.332279,11,480.35,473,15,-16.56
MSFT,2026-08-17,2026-08-28,485.0,C,6.85,7.1,6.975,26.4656,0.435486,0.01784,-0.415474,0.328314,11,480.35,2134,847,-16.56
MSFT,2026-08-17,2026-08-28,487.5,C,5.75,6.1,5.925,26.3923,0.391574,0.017453,-0.402741,0.32031,11,480.35,244,49,-16.56
MSFT,2026-08-17,2026-08-28,490.0,C,4.95,5.15,5.05,26.1543,0.347974,0.016947,-0.38287,0.308216,11,480.35,1051,674,-16.56
MSFT,2026-08-17,2026-08-28,492.5,C,4.2,4.45,4.325,26.3984,0.30931,0.016011,-0.367305,0.293904,11,480.35,78,98,-16.56
MSFT,2026-08-17,2026-08-28,495.0,C,3.55,3.8,3.675,26.5266,0.272546,0.015018,-0.346926,0.277014,11,480.35,1028,862,-16.56
MSFT,2026-08-17,2026-08-28,497.5,C,2.85,3.2,3.025,26.5449,0.237612,0.013967,-0.322355,0.257819,11,480.35,281,239,-16.56
MSFT,2026-08-17,2026-08-28,500.0,C,2.43,2.65,2.54,26.4473,0.204406,0.012861,-0.294042,0.23652,11,480.35,2763,2610,-16.56
MSFT,2026-08-17,2026-08-28,502.5,C,1.91,2.2,2.055,26.4595,0.175109,0.011688,-0.266957,0.215041,11,480.35,358,190,-16.56
MSFT,2026-08-17,2026-08-28,505.0,C,1.6,1.82,1.71,26.4961,0.149006,0.010506,-0.240219,0.193568,11,480.35,291,725,-16.56
MSFT,2026-08-17,2026-08-28,507.5,C,1.3,1.54,1.42,26.7708,0.128018,0.009376,-0.21848,0.174535,11,480.35,106,91,-16.56
MSFT,2026-08-17,2026-08-28,510.0,C,1.06,1.21,1.135,26.49,0.104703,0.008215,-0.187196,0.15132,11,480.35,1270,1047,-16.56
MSFT,2026-08-17,2026-08-28,512.5,C,0.84,1.04,0.94,26.9172,0.090255,0.00725,-0.170336,0.135701,11,480.35,64,71,-16.56
MSFT,2026-08-17,2026-08-28,515.0,C,0.68,0.86,0.77,27.0881,0.075797,0.006317,-0.150135,0.118996,11,480.35,208,739,-16.56
MSFT,2026-08-17,2026-08-28,517.5,C,0.59,0.71,0.65,27.259,0.063384,0.00547,-0.131495,0.103683,11,480.35,1661,1112,-16.56
MSFT,2026-08-17,2026-08-28,520.0,C,0.5,0.59,0.545,27.4788,0.053111,0.004722,-0.11524,0.090232,11,480.35,963,3953,-16.56
MSFT,2026-08-17,2026-08-28,522.5,C,0.39,0.5,0.445,27.8083,0.045034,0.00409,-0.102122,0.079089,11,480.35,36,60,-16.56
MSFT,2026-08-17,2026-08-28,525.0,C,0.32,0.41,0.365,27.9792,0.03732,0.003491,-0.088153,0.067912,11,480.35,1647,2508,-16.56
MSFT,2026-08-17,2026-08-28,527.5,C,0.26,0.34,0.3,28.199,0.03106,0.002978,-0.076334,0.058395,11,480.35,93,76,-16.56
MSFT,2026-08-17,2026-08-28,530.0,C,0.23,0.28,0.255,28.4187,0.025799,0.002532,-0.065871,0.050038,11,480.35,675,7321,-16.56
MSFT,2026-08-17,2026-08-28,535.0,C,0.15,0.23,0.19,29.6882,0.020513,0.001998,-0.056648,0.041251,11,480.35,324,652,-16.56
MSFT,2026-08-17,2026-08-28,540.0,C,0.11,0.15,0.13,29.8835,0.013591,0.001396,-0.040053,0.029008,11,480.35,378,10535,-16.56
MSFT,2026-08-17,2026-08-28,545.0,C,0.07,0.11,0.09,30.5671,0.00985,0.001032,-0.030947,0.021934,11,480.35,123,631,-16.56
MSFT,2026-08-17,2026-08-28,550.0,C,0.06,0.08,0.07,31.153,0.007025,0.000752,-0.023418,0.0163,11,480.35,190,1514,-16.56
MSFT,2026-08-17,2026-08-28,555.0,C,0.04,0.06,0.05,31.8366,0.005146,0.000559,-0.018149,0.012371,11,480.35,13,101,-16.56
MSFT,2026-08-17,2026-08-28,560.0,C,0.04,0.05,0.045,32.9108,0.004179,0.000449,-0.01557,0.010274,11,480.35,41,526,-16.56
MSFT,2026-08-17,2026-08-28,565.0,C,0.01,0.11,0.06,37.9401,0.007879,0.000684,-0.03148,0.018036,11,480.35,8,24,-16.56
MSFT,2026-08-17,2026-08-28,570.0,C,0.02,0.05,0.035,36.3288,0.00386,0.000379,-0.015984,0.009568,11,480.35,7,128,-16.56
MSFT,2026-08-17,2026-08-28,575.0,C,0.01,0.1,0.055,41.0162,0.006669,0.000546,-0.029343,0.015569,11,480.35,2,5,-16.56
MSFT,2026-08-17,2026-08-28,580.0,C,0.01,0.04,0.025,38.6725,0.00291,0.000276,-0.013187,0.007423,11,480.35,8,230,-16.56
MSFT,2026-08-17,2026-08-28,585.0,C,0.01,0.1,0.055,44.3365,0.006075,0.000465,-0.029178,0.014335,11,480.35,2,17,-16.56
MSFT,2026-08-17,2026-08-28,590.0,C,0.01,0.1,0.055,46.0943,0.005943,0.000439,-0.029739,0.014059,11,480.35,12,39,-16.56
MSFT,2026-08-17,2026-08-28,600.0,C,0.01,0.03,0.02,43.3599,0.001852,0.000164,-0.009806,0.004931,11,480.35,45,81,-16.56
MSFT,2026-08-17,2026-08-28,610.0,C,0.0,0.1,0.05,52.5395,0.005205,0.000342,-0.030091,0.012497,11,480.35,2,29,-16.56
MSFT,2026-08-17,2026-08-28,620.0,C,0.0,1.76,0.88,75.1467,0.029885,0.001082,-0.194578,0.056559,11,480.35,5,38,-16.56
MSFT,2026-08-17,2026-08-28,630.0,C,0.0,0.02,0.01,50.0005,0.001077,8.6e-05,-0.006881,0.003005,11,480.35,4,6,-16.56
MSFT,2026-08-17,2026-08-28,640.0,C,0.0,1.76,0.88,82.6174,0.027351,0.000915,-0.198568,0.05254,11,480.35,1,20,-16.56
MSFT,2026-08-17,2026-08-28,650.0,C,0.0,0.09,0.045,59.3754,0.00204,0.00013,-0.014622,0.005382,11,480.35,5,10,-16.56
MSFT,2026-08-17,2026-08-28,660.0,C,0.0,0.03,0.015,56.2504,0.000703,5.2e-05,-0.005224,0.00203,11,480.35,5,116,-16.56
MSFT,2026-08-17,2026-08-28,670.0,C,0.0,1.76,0.88,93.1641,0.024436,0.000738,-0.203592,0.047812,11,480.35,1,6,-16.56
MSFT,2026-08-17,2026-08-28,680.0,C,0.0,0.1,0.05,67.9691,0.002006,0.000112,-0.016471,0.005301,11,480.35,4,9,-16.56
MSFT,2026-08-17,2026-08-28,270.0,P,0.0,0.15,0.075,116.7973,-0.001598,5.3e-05,-0.02281,0.004312,11,480.35,1,256,-16.56
MSFT,2026-08-17,2026-08-28,280.0,P,0.0,0.04,0.02,97.6563,-0.000528,2.3e-05,-0.006896,0.00156,11,480.35,1,176,-16.56
MSFT,2026-08-17,2026-08-28,290.0,P,0.0,1.43,0.715,136.9144,-0.01233,0.00028,-0.165299,0.026666,11,480.35,1,217,-16.56
MSFT,2026-08-17,2026-08-28,300.0,P,0.0,0.29,0.145,104.102,-0.003454,0.00012,-0.0408,0.00866,11,480.35,2,110,-16.56
MSFT,2026-08-17,2026-08-28,305.0,P,0.0,1.03,0.515,118.6528,-0.010348,0.000278,-0.122956,0.022898,11,480.35,2,432,-16.56
MSFT,2026-08-17,2026-08-28,310.0,P,0.0,0.05,0.025,81.6408,-0.000765,3.9e-05,-0.008111,0.002196,11,480.35,18,156,-16.56
MSFT,2026-08-17,2026-08-28,315.0,P,0.0,0.23,0.115,91.797,-0.003125,0.000124,-0.032862,0.007914,11,480.35,1,303,-16.56
MSFT,2026-08-17,2026-08-28,320.0,P,0.0,0.04,0.02,74.6096,-0.000665,3.7e-05,-0.006507,0.001929,11,480.35,1,252,-16.56
MSFT,2026-08-17,2026-08-28,325.0,P,0.0,0.14,0.07,81.0549,-0.002153,0.0001,-0.020717,0.005653,11,480.35,1,234,-16.56
MSFT,2026-08-17,2026-08-28,330.0,P,0.0,0.94,0.47,98.9258,-0.011351,0.000361,-0.111009,0.024818,11,480.35,113,744,-16.56
MSFT,2026-08-17,2026-08-28,335.0,P,0.0,0.04,0.02,66.7972,-0.000748,4.6e-05,-0.00649,0.00215,11,480.35,1,365,-16.56
MSFT,2026-08-17,2026-08-28,340.0,P,0.0,0.21,0.105,75.6838,-0.003422,0.000163,-0.029372,0.008588,11,480.35,1,478,-16.56
MSFT,2026-08-17,2026-08-28,345.0,P,0.0,0.04,0.02,61.7191,-0.000808,5.4e-05,-0.006435,0.002308,11,480.35,76,466,-16.56
MSFT,2026-08-17,2026-08-28,350.0,P,0.01,0.04,0.025,60.5473,-0.001052,7e-05,-0.008044,0.002942,11,480.35,33,654,-16.56
MSFT,2026-08-17,2026-08-28,355.0,P,0.0,0.05,0.025,57.8129,-0.001055,7.3e-05,-0.007696,0.002949,11,480.35,638,251,-16.56
MSFT,2026-08-17,2026-08-28,360.0,P,0.02,0.11,0.065,60.9379,-0.002637,0.00016,-0.018682,0.006792,11,480.35,20,240,-16.56
MSFT,2026-08-17,2026-08-28,365.0,P,0.01,0.04,0.025,53.1255,-0.001199,9e-05,-0.007948,0.003316,11,480.35,23,501,-16.56
MSFT,2026-08-17,2026-08-28,370.0,P,0.01,0.04,0.025,50.3911,-0.001182,9.3e-05,-0.007438,0.003273,11,480.35,6,577,-16.56
MSFT,2026-08-17,2026-08-28,375.0,P,0.01,0.04,0.025,50.3911,-0.001946,0.000147,-0.011716,0.005158,11,480.35,3,3416,-16.56
MSFT,2026-08-17,2026-08-28,380.0,P,0.03,0.07,0.05,50.9771,-0.003416,0.000242,-0.019698,0.008575,11,480.35,3,345,-16.56
MSFT,2026-08-17,2026-08-28,385.0,P,0.03,0.08,0.055,49.0239,-0.003958,0.000287,-0.021609,0.009786,11,480.35,8,334,-16.56
MSFT,2026-08-17,2026-08-28,390.0,P,0.05,0.09,0.07,47.1685,-0.004672,0.000346,-0.0241,0.011349,11,480.35,14,279,-16.56
MSFT,2026-08-17,2026-08-28,395.0,P,0.03,0.11,0.07,45.7037,-0.005878,0.000438,-0.028629,0.013922,11,480.35,1,230,-16.56
MSFT,2026-08-17,2026-08-28,400.0,P,0.08,0.12,0.1,43.5553,-0.00669,0.000515,-0.030576,0.015613,11,480.35,80,983,-16.56
MSFT,2026-08-17,2026-08-28,405.0,P,0.05,0.17,0.11,42.8717,-0.009518,0.000714,-0.041006,0.021287,11,480.35,3,255,-16.56
MSFT,2026-08-17,2026-08-28,410.0,P,0.13,0.22,0.175,41.6998,-0.012573,0.000935,-0.050776,0.02712,11,480.35,82,288,-16.56
MSFT,2026-08-17,2026-08-28,415.0,P,0.18,0.23,0.205,39.1608,-0.013851,0.001083,-0.051794,0.029486,11,480.35,18,1762,-16.56
MSFT,2026-08-17,2026-08-28,420.0,P,0.2,0.28,0.24,37.5495,-0.017456,0.001377,-0.060508,0.035961,11,480.35,19,530,-16.56
MSFT,2026-08-17,2026-08-28,425.0,P,0.29,0.35,0.32,36.0358,-0.022422,0.001775,-0.071731,0.044475,11,480.35,128,436,-16.56
MSFT,2026-08-17,2026-08-28,430.0,P,0.39,0.44,0.415,34.5466,-0.029051,0.0023,-0.085303,0.055245,11,480.35,351,407,-16.56
MSFT,2026-08-17,2026-08-28,435.0,P,0.49,0.61,0.55,33.6432,-0.040382,0.003095,-0.108726,0.072416,11,480.35,136,581,-16.56
MSFT,2026-08-17,2026-08-28,440.0,P,0.55,0.78,0.665,32.1906,-0.052833,0.004014,-0.128844,0.089857,11,480.35,317,633,-16.56
MSFT,2026-08-17,2026-08-28,445.0,P,0.92,1.02,0.97,30.8479,-0.070102,0.005225,-0.153671,0.11209,11,480.35,99,257,-16.56
MSFT,2026-08-17,2026-08-28,450.0,P,1.16,1.37,1.265,29.7004,-0.094544,0.0068,-0.184881,0.140444,11,480.35,688,1572,-16.56
MSFT,2026-08-17,2026-08-28,455.0,P,1.8,1.99,1.895,29.3098,-0.132869,0.008787,-0.231941,0.179083,11,480.35,306,307,-16.56
MSFT,2026-08-17,2026-08-28,460.0,P,2.53,2.65,2.59,28.1623,-0.175487,0.010996,-0.266869,0.215335,11,480.35,3267,916,-16.56
MSFT,2026-08-17,2026-08-28,465.0,P,3.5,3.75,3.625,27.8511,-0.236076,0.013265,-0.313388,0.256901,11,480.35,565,445,-16.56
MSFT,2026-08-17,2026-08-28,467.5,P,4.05,4.35,4.2,27.4604,-0.268931,0.014411,-0.329975,0.275174,11,480.35,146,16,-16.56
MSFT,2026-08-17,2026-08-28,470.0,P,4.85,5.1,4.975,27.2956,-0.306102,0.015414,-0.347603,0.292561,11,480.35,727,845,-16.56
MSFT,2026-08-17,2026-08-28,472.5,P,5.6,6.2,5.9,27.9182,-0.349291,0.015898,-0.374079,0.308643,11,480.35,175,47,-16.56
MSFT,2026-08-17,2026-08-28,475.0,P,6.65,7.1,6.875,27.6069,-0.389375,0.016659,-0.381671,0.3198,11,480.35,1588,1497,-16.56
MSFT,2026-08-17,2026-08-28,477.5,P,7.65,8.05,7.85,27.1553,-0.431138,0.017355,-0.382734,0.327705,11,480.35,93,39,-16.56
MSFT,2026-08-17,2026-08-28,480.0,P,8.85,9.55,9.2,28.0036,-0.475179,0.017051,-0.398581,0.332029,11,480.35,930,577,-16.56
MSFT,2026-08-17,2026-08-28,482.5,P,10.1,10.85,10.475,27.967,-0.517836,0.017089,-0.396216,0.332341,11,480.35,491,64,-16.56
MSFT,2026-08-17,2026-08-28,485.0,P,11.5,12.2,11.85,27.7839,-0.560597,0.01702,-0.386795,0.328828,11,480.35,297,934,-16.56
MSFT,2026-08-17,2026-08-28,487.5,P,12.9,13.8,13.35,28.0403,-0.601128,0.01651,-0.379695,0.321927,11,480.35,83,128,-16.56
MSFT,2026-08-17,2026-08-28,490.0,P,14.05,15.25,14.65,27.5581,-0.643755,0.01622,-0.35652,0.310834,11,480.35,354,1029,-16.56
MSFT,2026-08-17,2026-08-28,492.5,P,15.8,17.35,16.575,28.8215,-0.674339,0.014988,-0.358971,0.300378,11,480.35,285,60,-16.56
MSFT,2026-08-17,2026-08-28,495.0,P,17.75,18.6,18.175,27.0454,-0.723286,0.01484,-0.306043,0.279096,11,480.35,114,481,-16.56
MSFT,2026-08-17,2026-08-28,497.5,P,19.2,21.5,20.35,30.6403,-0.72971,0.012948,-0.346554,0.275869,11,480.35,31,63,-16.56
MSFT,2026-08-17,2026-08-28,500.0,P,22.0,23.0,22.5,29.1633,-0.771733,0.012433,-0.294369,0.252137,11,480.35,430,752,-16.56
MSFT,2026-08-17,2026-08-28,502.5,P,23.2,25.85,24.525,32.508,-0.773622,0.011102,-0.330584,0.250959,11,480.35,6,11,-16.56
MSFT,2026-08-17,2026-08-28,505.0,P,25.6,28.0,26.8,33.1244,-0.79449,0.010301,-0.315784,0.237279,11,480.35,25,75,-16.56
MSFT,2026-08-17,2026-08-28,507.5,P,27.8,30.25,29.025,33.9972,-0.811428,0.009528,-0.30554,0.22524,11,480.35,1,12,-16.56
MSFT,2026-08-17,2026-08-28,510.0,P,30.45,32.5,31.475,34.7541,-0.827437,0.008816,-0.293018,0.213046,11,480.35,133,76,-16.56
MSFT,2026-08-17,2026-08-28,512.5,P,32.65,34.85,33.75,35.8405,-0.839451,0.008159,-0.286917,0.203349,11,480.35,0,16,-16.56
MSFT,2026-08-17,2026-08-28,515.0,P,34.65,37.2,35.925,36.8537,-0.850657,0.007565,-0.279602,0.19386,11,480.35,4,167,-16.56
MSFT,2026-08-17,2026-08-28,517.5,P,37.3,39.4,38.35,37.0246,-0.866393,0.006982,-0.256399,0.179767,11,480.35,0,11,-16.56
MSFT,2026-08-17,2026-08-28,520.0,P,39.8,42.2,41.0,40.1678,-0.861382,0.0066,-0.290425,0.184355,11,480.35,254,41,-16.56
MSFT,2026-08-17,2026-08-28,522.5,P,42.3,44.4,43.35,40.2106,-0.875756,0.006113,-0.265324,0.170933,11,480.35,248,3,-16.56
MSFT,2026-08-17,2026-08-28,525.0,P,44.2,47.35,45.775,44.1534,-0.86579,0.005873,-0.314999,0.180324,11,480.35,3,6,-16.56
MSFT,2026-08-17,2026-08-28,527.5,P,46.6,49.8,48.2,45.4717,-0.871298,0.00554,-0.314661,0.175182,11,480.35,0,7,-16.56
MSFT,2026-08-17,2026-08-28,530.0,P,49.1,52.3,50.7,47.0281,-0.874995,0.005249,-0.3191,0.171664,11,480.35,5,44,-16.56
MSFT,2026-08-17,2026-08-28,535.0,P,54.0,57.25,55.625,49.7991,-0.883026,0.004731,-0.322089,0.163827,11,480.35,2,10,-16.56
MSFT,2026-08-17,2026-08-28,540.0,P,58.8,62.2,60.5,52.4663,-0.890157,0.004293,-0.323963,0.15664,11,480.35,1,22,-16.56
MSFT,2026-08-17,2026-08-28,545.0,P,63.5,66.95,65.225,53.8213,-0.901958,0.003854,-0.302229,0.144245,11,480.35,1,12,-16.56
MSFT,2026-08-17,2026-08-28,550.0,P,68.7,72.15,70.425,57.8617,-0.900893,0.003613,-0.331259,0.145389,11,480.35,0,1,-16.56
MSFT,2026-08-17,2026-08-28,560.0,P,78.6,82.15,80.375,63.2938,-0.908438,0.003116,-0.342091,0.137156,11,480.35,0,1,-16.56
MSFT,2026-08-17,2026-08-28,570.0,P,88.75,92.15,90.45,53.6137,-0.962465,0.00183,-0.110278,0.068231,11,480.35,0,1,-16.56
MSFT,2026-08-17,2026-08-28,590.0,P,108.65,112.15,110.4,61.4262,-0.968863,0.00137,-0.105044,0.058514,11,480.35,2,2,-16.56
MSFT,2026-08-17,2026-08-28,600.0,P,118.9,122.15,120.525,67.2367,-0.966937,0.001315,-0.128655,0.061487,11,480.35,2,1,-16.56
MSFT,2026-08-17,2026-09-04,300.0,C,178.6,182.55,180.575,87.0118,0.994493,0.00017,-0.070723,0.016809,18,480.35,1,1,-16.56
MSFT,2026-08-17,2026-09-04,310.0,C,168.6,172.4,170.5,77.6369,0.995817,0.000149,-0.059543,0.013153,18,480.35,0,1,-16.56
MSFT,2026-08-17,2026-09-04,315.0,C,163.65,167.5,165.575,78.8088,0.993944,0.000204,-0.071617,0.018286,18,480.35,0,1,-16.56
MSFT,2026-08-17,2026-09-04,330.0,C,148.65,152.35,150.5,67.4808,0.995234,0.000192,-0.060878,0.014779,18,480.35,8,8,-16.56
MSFT,2026-08-17,2026-09-04,335.0,C,143.6,147.35,145.475,63.6722,0.99576,0.000184,-0.057255,0.013313,18,480.35,0,13,-16.56
MSFT,2026-08-17,2026-09-04,340.0,C,138.6,142.15,140.375,51.563,0.999003,6.1e-05,-0.039511,0.003582,18,480.35,11,5,-16.56
MSFT,2026-08-17,2026-09-04,345.0,C,133.65,137.2,135.425,55.6645,0.997057,0.000151,-0.049622,0.009593,18,480.35,2,7,-16.56
MSFT,2026-08-17,2026-09-04,350.0,C,128.65,132.25,130.45,55.1762,0.996092,0.000197,-0.054217,0.012378,18,480.35,1,11,-16.56
MSFT,2026-08-17,2026-09-04,355.0,C,123.65,127.25,125.45,52.9302,0.995939,0.000213,-0.054577,0.012809,18,480.35,25,41,-16.56
MSFT,2026-08-17,2026-09-04,360.0,C,118.65,122.15,120.4,79.59,0.958229,0.001051,-0.244761,0.095211,18,480.35,1,19,-16.56
MSFT,2026-08-17,2026-09-04,365.0,C,113.65,117.45,115.55,52.8813,0.992084,0.000385,-0.07059,0.023166,18,480.35,0,20,-16.56
MSFT,2026-08-17,2026-09-04,370.0,C,108.65,112.45,110.55,50.5864,0.99171,0.000419,-0.070949,0.024125,18,480.35,7,16,-16.56
MSFT,2026-08-17,2026-09-04,375.0,C,103.65,107.45,105.55,72.742,0.947894,0.001374,-0.264971,0.113688,18,480.35,4,28,-16.56
MSFT,2026-08-17,2026-09-04,380.0,C,98.65,102.2,100.425,67.6395,0.950262,0.001423,-0.241738,0.109556,18,480.35,4,74,-16.56
MSFT,2026-08-17,2026-09-04,385.0,C,93.7,97.35,95.525,65.7596,0.945283,0.001579,-0.25202,0.11818,18,480.35,3,23,-16.56
MSFT,2026-08-17,2026-09-04,390.0,C,88.7,92.3,90.5,62.3295,0.943833,0.001701,-0.245471,0.120646,18,480.35,12,77,-16.56
MSFT,2026-08-17,2026-09-04,395.0,C,83.75,87.5,85.625,60.706,0.937251,0.001905,-0.25866,0.131595,18,480.35,1,86,-16.56
MSFT,2026-08-17,2026-09-04,400.0,C,78.8,82.55,80.675,57.9716,0.93325,0.002093,-0.259392,0.138066,18,480.35,1,156,-16.56
MSFT,2026-08-17,2026-09-04,405.0,C,73.85,77.4,75.625,53.9433,0.933129,0.002252,-0.244747,0.13826,18,480.35,219,160,-16.56
MSFT,2026-08-17,2026-09-04,410.0,C,68.95,72.25,70.6,49.9639,0.933085,0.002433,-0.230081,0.138331,18,480.35,219,150,-16.56
MSFT,2026-08-17,2026-09-04,415.0,C,64.0,67.3,65.65,47.3028,0.928134,0.002715,-0.230388,0.146149,18,480.35,5,121,-16.56
MSFT,2026-08-17,2026-09-04,420.0,C,59.15,62.45,60.8,45.2032,0.920118,0.00308,-0.237357,0.158407,18,480.35,1,105,-16.56
MSFT,2026-08-17,2026-09-04,425.0,C,54.35,57.6,55.975,42.9876,0.911381,0.003501,-0.243003,0.171243,18,480.35,2,139,-16.56
MSFT,2026-08-17,2026-09-04,430.0,C,50.0,52.7,51.35,40.4303,0.902947,0.003981,-0.244298,0.183151,18,480.35,22,1157,-16.56
MSFT,2026-08-17,2026-09-04,435.0,C,45.3,47.95,46.625,38.4894,0.889587,0.004592,-0.253467,0.20112,18,480.35,20,241,-16.56
MSFT,2026-08-17,2026-09-04,440.0,C,40.65,42.55,41.6,33.5334,0.892511,0.00517,-0.222886,0.197277,18,480.35,8,169,-16.56
MSFT,2026-08-17,2026-09-04,445.0,C,36.15,38.0,37.075,32.3249,0.869961,0.006136,-0.241155,0.225705,18,480.35,3,116,-16.56
MSFT,2026-08-17,2026-09-04,450.0,C,32.0,34.1,33.05,33.0512,0.829152,0.0072,-0.285522,0.270797,18,480.35,53,670,-16.56
MSFT,2026-08-17,2026-09-04,455.0,C,27.6,29.7,28.65,31.4277,0.79896,0.008377,-0.297406,0.29957,18,480.35,5,1083,-16.56
MSFT,2026-08-17,2026-09-04,460.0,C,23.7,25.3,24.5,29.438,0.765098,0.009784,-0.302672,0.327726,18,480.35,45,374,-16.56
MSFT,2026-08-17,2026-09-04,465.0,C,20.1,21.4,20.75,28.4126,0.71743,0.011156,-0.317414,0.360668,18,480.35,29,12471,-16.56
MSFT,2026-08-17,2026-09-04,470.0,C,16.85,18.45,17.65,29.145,0.654363,0.011859,-0.348395,0.393289,18,480.35,82,420,-16.56
MSFT,2026-08-17,2026-09-04,475.0,C,14.25,15.1,14.675,28.1532,0.594686,0.012908,-0.350813,0.413514,18,480.35,62,228,-16.56
MSFT,2026-08-17,2026-09-04,480.0,C,11.45,12.0,11.725,27.0546,0.528925,0.013787,-0.343518,0.424438,18,480.35,373,828,-16.56
MSFT,2026-08-17,2026-09-04,485.0,C,9.2,9.6,9.4,26.8135,0.459636,0.013876,-0.336757,0.423377,18,480.35,275,636,-16.56
MSFT,2026-08-17,2026-09-04,490.0,C,7.05,7.6,7.325,26.728,0.391787,0.013475,-0.322576,0.409804,18,480.35,203,1295,-16.56
MSFT,2026-08-17,2026-09-04,495.0,C,5.45,5.85,5.65,26.4778,0.326182,0.012762,-0.298097,0.384496,18,480.35,180,410,-16.56
MSFT,2026-08-17,2026-09-04,500.0,C,4.15,4.45,4.3,26.3496,0.266079,0.011677,-0.26878,0.350116,18,480.35,847,1720,-16.56
MSFT,2026-08-17,2026-09-04,505.0,C,3.0,3.35,3.175,26.3191,0.213088,0.010354,-0.236734,0.310067,18,480.35,557,1445,-16.56
MSFT,2026-08-17,2026-09-04,510.0,C,2.18,2.52,2.35,26.4351,0.168569,0.008925,-0.205107,0.268475,18,480.35,440,701,-16.56
MSFT,2026-08-17,2026-09-04,515.0,C,1.61,1.99,1.8,27.0515,0.135881,0.007558,-0.181237,0.232638,18,480.35,123,334,-16.56
MSFT,2026-08-17,2026-09-04,520.0,C,1.24,1.36,1.3,26.5999,0.099877,0.00618,-0.142934,0.187038,18,480.35,604,742,-16.56
MSFT,2026-08-17,2026-09-04,525.0,C,0.84,1.03,0.935,26.9905,0.077442,0.005038,-0.119678,0.154727,18,480.35,195,497,-16.56
MSFT,2026-08-17,2026-09-04,530.0,C,0.6,0.73,0.665,27.0149,0.057151,0.003979,-0.094497,0.122308,18,480.35,232,579,-16.56
MSFT,2026-08-17,2026-09-04,535.0,C,0.43,0.51,0.47,27.0393,0.041455,0.003076,-0.073045,0.094627,18,480.35,5174,9245,-16.56
MSFT,2026-08-17,2026-09-04,540.0,C,0.31,0.41,0.36,27.7839,0.033126,0.002492,-0.062376,0.078779,18,480.35,269,753,-16.56
MSFT,2026-08-17,2026-09-04,545.0,C,0.22,0.3,0.26,28.0769,0.024723,0.001933,-0.049349,0.061765,18,480.35,59,217,-16.56
MSFT,2026-08-17,2026-09-04,550.0,C,0.17,0.41,0.29,31.2995,0.029578,0.002014,-0.063771,0.071733,18,480.35,136,4768,-16.56
MSFT,2026-08-17,2026-09-04,555.0,C,0.1,0.17,0.135,28.8825,0.014203,0.001173,-0.0316,0.038543,18,480.35,37,131,-16.56
MSFT,2026-08-17,2026-09-04,560.0,C,0.09,0.14,0.115,29.6394,0.011596,0.000959,-0.027179,0.032341,18,480.35,25,5302,-16.56
MSFT,2026-08-17,2026-09-04,570.0,C,0.05,0.1,0.075,31.2019,0.008006,0.000659,-0.02066,0.023397,18,480.35,2,315,-16.56
MSFT,2026-08-17,2026-09-04,580.0,C,0.02,0.08,0.05,33.1061,0.006165,0.000493,-0.017379,0.018579,18,480.35,3,303,-16.56
MSFT,2026-08-17,2026-09-04,590.0,C,0.01,0.09,0.05,36.1335,0.006219,0.000455,-0.019087,0.018722,18,480.35,1,81,-16.56
MSFT,2026-08-17,2026-09-04,600.0,C,0.01,0.06,0.035,37.0123,0.004113,0.000308,-0.013515,0.012955,18,480.35,41,205,-16.56
MSFT,2026-08-17,2026-09-04,610.0,C,0.01,0.09,0.05,41.2115,0.005461,0.000356,-0.019358,0.016684,18,480.35,15,56,-16.56
MSFT,2026-08-17,2026-09-04,620.0,C,0.01,0.04,0.025,40.235,0.002626,0.000189,-0.009798,0.008656,18,480.35,10,91,-16.56
MSFT,2026-08-17,2026-09-04,630.0,C,0.0,2.14,1.07,64.8929,0.036149,0.001146,-0.154231,0.084637,18,480.35,10,68,-16.56
MSFT,2026-08-17,2026-09-04,640.0,C,0.0,1.77,0.885,65.723,0.030013,0.000971,-0.133938,0.072607,18,480.35,3,36,-16.56
MSFT,2026-08-17,2026-09-04,650.0,C,0.0,2.08,1.04,70.4593,0.032656,0.000971,-0.15388,0.077856,18,480.35,28,128,-16.56
MSFT,2026-08-17,2026-09-04,660.0,C,0.0,2.14,1.07,73.6697,0.032219,0.000918,-0.159035,0.076995,18,480.35,5,18,-16.56
MSFT,2026-08-17,2026-09-04,670.0,C,0.0,2.13,1.065,76.3918,0.031024,0.000859,-0.159776,0.074627,18,480.35,1,46,-16.56
MSFT,2026-08-17,2026-09-04,680.0,C,0.0,2.14,1.07,79.1994,0.030196,0.00081,-0.161919,0.072974,18,480.35,1,5,-16.56
MSFT,2026-08-17,2026-09-04,270.0,P,0.0,0.1,0.05,89.0626,-0.00126,4.4e-05,-0.010917,0.004439,18,480.35,1,15,-16.56
MSFT,2026-08-17,2026-09-04,280.0,P,0.0,0.18,0.09,89.0626,-0.002277,7.5e-05,-0.018701,0.007607,18,480.35,1,56,-16.56
MSFT,2026-08-17,2026-09-04,290.0,P,0.0,0.03,0.015,71.094,-0.000507,2.4e-05,-0.003764,0.001919,18,480.35,6,154,-16.56
MSFT,2026-08-17,2026-09-04,300.0,P,0.0,1.48,0.74,102.8325,-0.014498,0.000335,-0.111295,0.039232,18,480.35,2,188,-16.56
MSFT,2026-08-17,2026-09-04,305.0,P,0.0,0.15,0.075,74.4143,-0.00224,8.9e-05,-0.015378,0.007495,18,480.35,5,293,-16.56
MSFT,2026-08-17,2026-09-04,310.0,P,0.0,1.76,0.88,99.2676,-0.017639,0.000411,-0.127046,0.046413,18,480.35,12,439,-16.56
MSFT,2026-08-17,2026-09-04,315.0,P,0.0,2.13,1.065,99.2432,-0.021026,0.000477,-0.147429,0.053884,18,480.35,50,350,-16.56
MSFT,2026-08-17,2026-09-04,320.0,P,0.0,1.77,0.885,93.0665,-0.018874,0.000464,-0.126115,0.049168,18,480.35,7,152,-16.56
MSFT,2026-08-17,2026-09-04,325.0,P,0.0,1.81,0.905,90.3077,-0.019819,0.000499,-0.127523,0.051251,18,480.35,35,105,-16.56
MSFT,2026-08-17,2026-09-04,330.0,P,0.0,1.77,0.885,86.9142,-0.020131,0.000525,-0.124329,0.051934,18,480.35,9,100,-16.56
MSFT,2026-08-17,2026-09-04,335.0,P,0.0,1.78,0.89,83.9845,-0.020908,0.000561,-0.124015,0.053628,18,480.35,6,59,-16.56
MSFT,2026-08-17,2026-09-04,340.0,P,0.01,0.17,0.09,59.1801,-0.003373,0.000161,-0.017659,0.010846,18,480.35,11,200,-16.56
MSFT,2026-08-17,2026-09-04,345.0,P,0.01,0.27,0.14,59.8637,-0.005087,0.00023,-0.025788,0.015664,18,480.35,15,101,-16.56
MSFT,2026-08-17,2026-09-04,350.0,P,0.01,0.28,0.145,57.7153,-0.005411,0.000252,-0.026255,0.016548,18,480.35,2,265,-16.56
MSFT,2026-08-17,2026-09-04,355.0,P,0.01,0.28,0.145,55.3715,-0.005613,0.000271,-0.02601,0.017096,18,480.35,13,179,-16.56
MSFT,2026-08-17,2026-09-04,360.0,P,0.01,0.15,0.08,53.3208,-0.006031,0.0003,-0.02668,0.01822,18,480.35,1,68,-16.56
MSFT,2026-08-17,2026-09-04,365.0,P,0.01,0.12,0.065,49.7075,-0.005241,0.000284,-0.021942,0.016083,18,480.35,24,221,-16.56
MSFT,2026-08-17,2026-09-04,370.0,P,0.03,0.15,0.09,48.7798,-0.006559,0.000354,-0.026262,0.019626,18,480.35,4,279,-16.56
MSFT,2026-08-17,2026-09-04,375.0,P,0.06,0.14,0.1,46.0943,-0.006427,0.000368,-0.024357,0.019276,18,480.35,45,92,-16.56
MSFT,2026-08-17,2026-09-04,380.0,P,0.06,0.14,0.1,43.9459,-0.006778,0.000404,-0.024323,0.020205,18,480.35,1,71,-16.56
MSFT,2026-08-17,2026-09-04,385.0,P,0.07,0.23,0.15,44.6295,-0.010707,0.000594,-0.036869,0.030175,18,480.35,1,87,-16.56
MSFT,2026-08-17,2026-09-04,390.0,P,0.08,0.25,0.165,42.8228,-0.011977,0.000683,-0.038962,0.033262,18,480.35,6,289,-16.56
MSFT,2026-08-17,2026-09-04,395.0,P,0.14,0.26,0.2,40.7721,-0.013005,0.00077,-0.0398,0.035719,18,480.35,85,659,-16.56
MSFT,2026-08-17,2026-09-04,400.0,P,0.16,0.26,0.21,38.4772,-0.013679,0.000852,-0.039193,0.037313,18,480.35,20,156,-16.56
MSFT,2026-08-17,2026-09-04,405.0,P,0.2,0.34,0.27,37.7692,-0.017951,0.001096,-0.048524,0.047111,18,480.35,1,349,-16.56
MSFT,2026-08-17,2026-09-04,410.0,P,0.24,0.5,0.37,37.818,-0.025627,0.001479,-0.065577,0.063652,18,480.35,25,254,-16.56
MSFT,2026-08-17,2026-09-04,415.0,P,0.38,0.47,0.425,35.0104,-0.025991,0.001617,-0.061333,0.064408,18,480.35,8,150,-16.56
MSFT,2026-08-17,2026-09-04,420.0,P,0.48,0.56,0.52,33.6677,-0.031616,0.001979,-0.069306,0.075804,18,480.35,27,1016,-16.56
MSFT,2026-08-17,2026-09-04,425.0,P,0.61,0.85,0.73,33.9362,-0.045858,0.002658,-0.094467,0.102658,18,480.35,52,331,-16.56
MSFT,2026-08-17,2026-09-04,430.0,P,0.76,0.92,0.84,31.8854,-0.052082,0.003132,-0.098042,0.113646,18,480.35,41,367,-16.56
MSFT,2026-08-17,2026-09-04,435.0,P,1.02,1.18,1.1,31.0065,-0.066654,0.003909,-0.115435,0.137913,18,480.35,49,715,-16.56
MSFT,2026-08-17,2026-09-04,440.0,P,1.35,1.53,1.44,30.2253,-0.085663,0.004854,-0.13587,0.166959,18,480.35,175,886,-16.56
MSFT,2026-08-17,2026-09-04,445.0,P,1.74,2.0,1.87,29.5539,-0.110221,0.005973,-0.159355,0.200869,18,480.35,88,1422,-16.56
MSFT,2026-08-17,2026-09-04,450.0,P,2.27,2.6,2.435,28.8887,-0.140536,0.007242,-0.183941,0.238043,18,480.35,435,901,-16.56
MSFT,2026-08-17,2026-09-04,455.0,P,3.05,3.45,3.25,28.5347,-0.179803,0.008615,-0.212636,0.279713,18,480.35,125,325,-16.56
MSFT,2026-08-17,2026-09-04,460.0,P,3.8,4.5,4.15,28.1379,-0.225653,0.010008,-0.239057,0.320446,18,480.35,317,1535,-16.56
MSFT,2026-08-17,2026-09-04,465.0,P,5.25,5.65,5.45,27.3567,-0.275909,0.011453,-0.25695,0.356511,18,480.35,249,368,-16.56
MSFT,2026-08-17,2026-09-04,470.0,P,6.7,7.3,7.0,27.1919,-0.33682,0.012587,-0.277063,0.389441,18,480.35,437,766,-16.56
MSFT,2026-08-17,2026-09-04,475.0,P,8.55,9.35,8.95,27.2224,-0.402955,0.01333,-0.291712,0.412903,18,480.35,322,523,-16.56
MSFT,2026-08-17,2026-09-04,480.0,P,10.9,11.4,11.15,26.49,-0.470964,0.014081,-0.288277,0.424429,18,480.35,309,614,-16.56
MSFT,2026-08-17,2026-09-04,485.0,P,13.3,14.55,13.925,27.5093,-0.538741,0.013531,-0.296006,0.423549,18,480.35,86,487,-16.56
MSFT,2026-08-17,2026-09-04,490.0,P,16.35,17.0,16.675,26.136,-0.611111,0.013751,-0.265474,0.408943,18,480.35,127,446,-16.56
MSFT,2026-08-17,2026-09-04,495.0,P,19.5,21.1,20.3,28.0036,-0.663721,0.012214,-0.268356,0.389197,18,480.35,902,938,-16.56
MSFT,2026-08-17,2026-09-04,500.0,P,23.0,24.85,23.925,28.4248,-0.717242,0.011155,-0.247489,0.360783,18,480.35,1017,1186,-16.56
MSFT,2026-08-17,2026-09-04,505.0,P,26.95,28.95,27.95,29.2243,-0.761308,0.009942,-0.228459,0.330624,18,480.35,36,111,-16.56
MSFT,2026-08-17,2026-09-04,510.0,P,30.7,33.4,32.05,30.622,-0.793873,0.008727,-0.216671,0.304069,18,480.35,2,49,-16.56
MSFT,2026-08-17,2026-09-04,515.0,P,35.45,37.8,36.625,31.4887,-0.825103,0.007671,-0.196485,0.27487,18,480.35,1,24,-16.56
MSFT,2026-08-17,2026-09-04,520.0,P,40.25,42.45,41.35,32.9047,-0.847059,0.006729,-0.184803,0.251946,18,480.35,2,8,-16.56
MSFT,2026-08-17,2026-09-04,525.0,P,44.8,47.15,45.975,34.2658,-0.865642,0.005921,-0.172865,0.230846,18,480.35,6,6,-16.56
MSFT,2026-08-17,2026-09-04,530.0,P,49.65,52.2,50.925,36.9513,-0.871898,0.005312,-0.181595,0.223368,18,480.35,3,4,-16.56
MSFT,2026-08-17,2026-09-04,535.0,P,54.1,57.35,55.725,40.0152,-0.874432,0.004838,-0.196533,0.220283,18,480.35,1,10,-16.56
MSFT,2026-08-17,2026-09-04,540.0,P,58.55,62.25,60.4,41.9317,-0.883151,0.004389,-0.194676,0.20941,18,480.35,1,4,-16.56
MSFT,2026-08-17,2026-09-04,570.0,P,88.35,92.15,90.25,54.456,-0.909792,0.0028,-0.20892,0.173522,18,480.35,0,1,-16.56
MSFT,2026-08-17,2026-09-11,290.0,C,188.65,192.15,190.4,67.1878,0.998522,5.7e-05,-0.037405,0.006053,25,480.35,0,1,-16.56
MSFT,2026-08-17,2026-09-11,300.0,C,178.6,182.2,180.4,62.891,0.99845,6.4e-05,-0.038229,0.00632,25,480.35,0,2,-16.56
MSFT,2026-08-17,2026-09-11,305.0,C,173.6,177.3,175.45,65.43,0.997046,0.00011,-0.045554,0.011341,25,480.35,0,1,-16.56
MSFT,2026-08-17,2026-09-11,310.0,C,168.6,172.15,170.375,55.0786,0.999119,4.3e-05,-0.035474,0.003766,25,480.35,10,5,-16.56
MSFT,2026-08-17,2026-09-11,325.0,C,153.65,157.4,155.525,60.9379,0.994542,0.000204,-0.056558,0.019651,25,480.35,0,1,-16.56
MSFT,2026-08-17,2026-09-11,330.0,C,148.65,152.2,150.425,53.3208,0.997267,0.000125,-0.044531,0.010573,25,480.35,2,1,-16.56
MSFT,2026-08-17,2026-09-11,335.0,C,143.65,147.4,145.525,56.6411,0.994172,0.000233,-0.0572,0.020831,25,480.35,0,1,-16.56
MSFT,2026-08-17,2026-09-11,345.0,C,133.75,137.5,135.625,55.6645,0.990915,0.00035,-0.068746,0.030809,25,480.35,0,1,-16.56
MSFT,2026-08-17,2026-09-11,350.0,C,128.75,132.4,130.575,52.1001,0.991992,0.000335,-0.063747,0.027579,25,480.35,0,2,-16.56
MSFT,2026-08-17,2026-09-11,355.0,C,123.8,127.6,125.7,53.1743,0.988113,0.000463,-0.076732,0.038943,25,480.35,2,1,-16.56
MSFT,2026-08-17,2026-09-11,360.0,C,118.8,122.4,120.6,69.9588,0.953583,0.001105,-0.204917,0.122166,25,480.35,0,1,-16.56
MSFT,2026-08-17,2026-09-11,375.0,C,103.95,107.45,105.7,62.183,0.947204,0.001378,-0.203566,0.135389,25,480.35,14,7,-16.56
MSFT,2026-08-17,2026-09-11,380.0,C,99.0,102.75,100.875,61.4018,0.93996,0.001544,-0.219311,0.149832,25,480.35,12,1,-16.56
MSFT,2026-08-17,2026-09-11,390.0,C,89.05,92.7,90.875,55.7011,0.935701,0.001796,-0.212204,0.15806,25,480.35,2,1,-16.56
MSFT,2026-08-17,2026-09-11,395.0,C,84.15,87.8,85.975,53.5893,0.930973,0.001972,-0.215359,0.166984,25,480.35,0,5,-16.56
MSFT,2026-08-17,2026-09-11,400.0,C,79.25,82.8,81.025,50.916,0.927767,0.002149,-0.212817,0.172912,25,480.35,1,13,-16.56
MSFT,2026-08-17,2026-09-11,405.0,C,74.35,77.75,76.05,47.9864,0.925298,0.002339,-0.207397,0.177414,25,480.35,1,24,-16.56
MSFT,2026-08-17,2026-09-11,410.0,C,69.45,72.8,71.125,45.5877,0.920466,0.002583,-0.207044,0.18607,25,480.35,1,43,-16.56
MSFT,2026-08-17,2026-09-11,415.0,C,64.6,68.2,66.4,44.7759,0.907937,0.002934,-0.223169,0.207607,25,480.35,1,25,-16.56
MSFT,2026-08-17,2026-09-11,420.0,C,59.75,63.1,61.425,41.6205,0.904958,0.003231,-0.214549,0.212547,25,480.35,2,28,-16.56
MSFT,2026-08-17,2026-09-11,425.0,C,55.5,58.15,56.825,39.1241,0.898246,0.003614,-0.212635,0.22344,25,480.35,4,49,-16.56
MSFT,2026-08-17,2026-09-11,430.0,C,50.8,53.5,52.15,37.757,0.884085,0.004112,-0.222885,0.245391,25,480.35,17,86,-16.56
MSFT,2026-08-17,2026-09-11,435.0,C,46.1,48.2,47.15,33.863,0.883354,0.004606,-0.205015,0.246487,25,480.35,4,34,-16.56
MSFT,2026-08-17,2026-09-11,440.0,C,41.6,43.6,42.6,32.4958,0.865211,0.005309,-0.214867,0.272655,25,480.35,11,84,-16.56
MSFT,2026-08-17,2026-09-11,445.0,C,37.2,39.85,38.525,33.4846,0.827681,0.006064,-0.251121,0.320891,25,480.35,8,74,-16.56
MSFT,2026-08-17,2026-09-11,450.0,C,33.15,35.55,34.35,32.3188,0.800644,0.006877,-0.262396,0.351267,25,480.35,15,142,-16.56
MSFT,2026-08-17,2026-09-11,455.0,C,29.55,31.4,30.475,31.2324,0.768892,0.007754,-0.273309,0.382753,25,480.35,5,105,-16.56
MSFT,2026-08-17,2026-09-11,460.0,C,25.2,26.85,26.025,28.8764,0.740261,0.008931,-0.268668,0.407559,25,480.35,8,243,-16.56
MSFT,2026-08-17,2026-09-11,465.0,C,22.35,23.65,23.0,29.2518,0.689927,0.009595,-0.290666,0.443554,25,480.35,48,77,-16.56
MSFT,2026-08-17,2026-09-11,470.0,C,18.6,20.35,19.475,28.852,0.640508,0.01031,-0.300363,0.470087,25,480.35,112,109,-16.56
MSFT,2026-08-17,2026-09-11,475.0,C,16.0,16.95,16.475,27.7534,0.58918,0.011147,-0.298348,0.48894,25,480.35,34,183,-16.56
MSFT,2026-08-17,2026-09-11,480.0,C,12.95,14.15,13.55,27.3353,0.532443,0.011571,-0.297757,0.499864,25,480.35,113,573,-16.56
MSFT,2026-08-17,2026-09-11,485.0,C,11.0,11.7,11.35,27.0515,0.474145,0.011706,-0.292661,0.50047,25,480.35,223,168,-16.56
MSFT,2026-08-17,2026-09-11,490.0,C,8.7,9.35,9.025,26.3984,0.414243,0.011742,-0.277864,0.489891,25,480.35,116,146,-16.56
MSFT,2026-08-17,2026-09-11,495.0,C,6.65,7.7,7.175,26.5938,0.359269,0.011183,-0.266684,0.469986,25,480.35,147,327,-16.56
MSFT,2026-08-17,2026-09-11,500.0,C,5.7,6.15,5.925,26.4625,0.305844,0.010542,-0.247608,0.440887,25,480.35,235,396,-16.56
MSFT,2026-08-17,2026-09-11,505.0,C,4.5,4.7,4.6,25.9773,0.253093,0.009794,-0.220753,0.402091,25,480.35,126,198,-16.56
MSFT,2026-08-17,2026-09-11,510.0,C,3.3,3.7,3.5,26.0322,0.209588,0.008796,-0.198248,0.361889,25,480.35,163,507,-16.56
MSFT,2026-08-17,2026-09-11,515.0,C,2.5,2.89,2.695,26.1116,0.171576,0.007755,-0.175182,0.320006,25,480.35,122,138,-16.56
MSFT,2026-08-17,2026-09-11,520.0,C,1.9,2.24,2.07,26.2031,0.138895,0.006721,-0.152389,0.278305,25,480.35,238,400,-16.56
MSFT,2026-08-17,2026-09-11,525.0,C,1.48,1.66,1.57,26.0383,0.108783,0.005699,-0.127254,0.234505,25,480.35,400,987,-16.56
MSFT,2026-08-17,2026-09-11,530.0,C,1.06,1.29,1.175,26.2764,0.087062,0.004796,-0.108777,0.199161,25,480.35,80,1916,-16.56
MSFT,2026-08-17,2026-09-11,535.0,C,0.86,1.02,0.94,26.6487,0.070275,0.00402,-0.093555,0.169302,25,480.35,70,192,-16.56
MSFT,2026-08-17,2026-09-11,540.0,C,0.66,0.78,0.72,26.8318,0.055279,0.003311,-0.077963,0.140407,25,480.35,49,586,-16.56
MSFT,2026-08-17,2026-09-11,545.0,C,0.49,0.62,0.555,27.2224,0.044458,0.002743,-0.066351,0.118003,25,480.35,226,278,-16.56
MSFT,2026-08-17,2026-09-11,550.0,C,0.41,0.48,0.445,27.491,0.035089,0.002241,-0.055183,0.097342,25,480.35,174,307,-16.56
MSFT,2026-08-17,2026-09-11,555.0,C,0.3,0.38,0.34,27.8572,0.028058,0.001838,-0.046409,0.080911,25,480.35,50,100,-16.56
MSFT,2026-08-17,2026-09-11,560.0,C,0.22,0.3,0.26,28.2234,0.022438,0.001504,-0.038933,0.067088,25,480.35,48,199,-16.56
MSFT,2026-08-17,2026-09-11,570.0,C,0.16,0.21,0.185,29.3464,0.015517,0.001057,-0.029504,0.049015,25,480.35,10,5123,-16.56
MSFT,2026-08-17,2026-09-11,580.0,C,0.04,0.16,0.1,30.7624,0.011611,0.000785,-0.024027,0.038158,25,480.35,62,168,-16.56
MSFT,2026-08-17,2026-09-11,590.0,C,0.04,0.12,0.08,31.9831,0.008558,0.000578,-0.019107,0.029236,25,480.35,26,67,-16.56
MSFT,2026-08-17,2026-09-11,600.0,C,0.05,0.1,0.075,33.4968,0.006863,0.000455,-0.016454,0.024075,25,480.35,3,106,-16.56
MSFT,2026-08-17,2026-09-11,610.0,C,0.01,0.11,0.06,36.0358,0.006956,0.000428,-0.017886,0.02436,25,480.35,5,5,-16.56
MSFT,2026-08-17,2026-09-11,620.0,C,0.01,0.17,0.09,40.235,0.009466,0.000502,-0.026145,0.031937,25,480.35,4,63,-16.56
MSFT,2026-08-17,2026-09-11,630.0,C,0.01,0.16,0.085,42.0904,0.008565,0.00044,-0.025032,0.029257,25,480.35,5,38,-16.56
MSFT,2026-08-17,2026-09-11,640.0,C,0.01,0.24,0.125,46.4361,0.011317,0.000508,-0.035187,0.037317,25,480.35,92,78,-16.56
MSFT,2026-08-17,2026-09-11,650.0,C,0.0,0.79,0.395,51.9048,0.016179,0.000619,-0.053489,0.050802,25,480.35,1,13,-16.56
MSFT,2026-08-17,2026-09-11,660.0,C,0.0,2.14,1.07,62.9764,0.033629,0.000944,-0.119934,0.094,25,480.35,21,18,-16.56
MSFT,2026-08-17,2026-09-11,670.0,C,0.0,2.14,1.07,65.3568,0.032512,0.000885,-0.120981,0.091419,25,480.35,55,11,-16.56
MSFT,2026-08-17,2026-09-11,680.0,C,0.0,0.02,0.01,42.5787,0.00118,7.3e-05,-0.004252,0.004927,25,480.35,13,29,-16.56
MSFT,2026-08-17,2026-09-11,280.0,P,0.0,2.13,1.065,105.1763,-0.017531,0.000327,-0.113509,0.054412,25,480.35,15,38,-16.56
MSFT,2026-08-17,2026-09-11,300.0,P,0.0,2.13,1.065,93.3106,-0.019694,0.000407,-0.111065,0.060078,25,480.35,0,6,-16.56
MSFT,2026-08-17,2026-09-11,305.0,P,0.0,2.14,1.07,90.5274,-0.020365,0.000432,-0.11082,0.061808,25,480.35,0,6,-16.56
MSFT,2026-08-17,2026-09-11,310.0,P,0.0,2.14,1.07,87.6954,-0.020977,0.000457,-0.110044,0.063379,25,480.35,14,14,-16.56
MSFT,2026-08-17,2026-09-11,315.0,P,0.0,0.3,0.15,64.2582,-0.004551,0.000165,-0.021249,0.016716,25,480.35,1,96,-16.56
MSFT,2026-08-17,2026-09-11,320.0,P,0.01,0.05,0.03,52.5395,-0.001178,5.9e-05,-0.005108,0.004918,25,480.35,20,323,-16.56
MSFT,2026-08-17,2026-09-11,325.0,P,0.01,0.14,0.075,55.4692,-0.002707,0.00012,-0.011492,0.010483,25,480.35,36,172,-16.56
MSFT,2026-08-17,2026-09-11,330.0,P,0.01,0.16,0.085,54.1997,-0.003115,0.000139,-0.012737,0.011896,25,480.35,6,17,-16.56
MSFT,2026-08-17,2026-09-11,335.0,P,0.01,0.34,0.175,56.7387,-0.005896,0.000235,-0.023582,0.021047,25,480.35,4,10,-16.56
MSFT,2026-08-17,2026-09-11,340.0,P,0.01,0.3,0.155,53.8091,-0.005506,0.000233,-0.021033,0.019805,25,480.35,7,9,-16.56
MSFT,2026-08-17,2026-09-11,345.0,P,0.01,0.16,0.085,51.9536,-0.005854,0.000255,-0.021433,0.020914,25,480.35,12,267,-16.56
MSFT,2026-08-17,2026-09-11,350.0,P,0.03,0.11,0.07,47.7544,-0.00445,0.000217,-0.015422,0.016384,25,480.35,46,71,-16.56
MSFT,2026-08-17,2026-09-11,355.0,P,0.01,0.18,0.095,48.6333,-0.006958,0.000317,-0.023348,0.024368,25,480.35,3,39,-16.56
MSFT,2026-08-17,2026-09-11,360.0,P,0.05,0.15,0.1,45.606,-0.006257,0.000308,-0.019917,0.022184,25,480.35,21,75,-16.56
MSFT,2026-08-17,2026-09-11,365.0,P,0.06,0.2,0.13,45.2642,-0.008224,0.000395,-0.025141,0.028232,25,480.35,4,9,-16.56
MSFT,2026-08-17,2026-09-11,370.0,P,0.11,0.24,0.175,44.3365,-0.009921,0.000475,-0.029002,0.033274,25,480.35,172,15,-16.56
MSFT,2026-08-17,2026-09-11,375.0,P,0.13,0.21,0.17,41.5533,-0.009277,0.000478,-0.025608,0.031378,25,480.35,6,14,-16.56
MSFT,2026-08-17,2026-09-11,380.0,P,0.01,0.44,0.225,44.1412,-0.017504,0.000779,-0.047082,0.05434,25,480.35,2,23,-16.56
MSFT,2026-08-17,2026-09-11,385.0,P,0.01,0.46,0.235,42.3346,-0.018974,0.00087,-0.048318,0.058204,25,480.35,7,64,-16.56
MSFT,2026-08-17,2026-09-11,390.0,P,0.24,0.3,0.27,37.5983,-0.01417,0.000763,-0.033372,0.045331,25,480.35,92,53,-16.56
MSFT,2026-08-17,2026-09-11,395.0,P,0.19,0.42,0.305,37.5495,-0.019431,0.001001,-0.043622,0.059394,25,480.35,9,36,-16.56
MSFT,2026-08-17,2026-09-11,400.0,P,0.34,0.41,0.375,35.3278,-0.020012,0.001091,-0.042019,0.060899,25,480.35,108,148,-16.56
MSFT,2026-08-17,2026-09-11,405.0,P,0.41,0.52,0.465,34.6686,-0.025357,0.001357,-0.050274,0.074351,25,480.35,14,126,-16.56
MSFT,2026-08-17,2026-09-11,410.0,P,0.51,0.65,0.58,33.9118,-0.031638,0.001668,-0.059029,0.089387,25,480.35,11,111,-16.56
MSFT,2026-08-17,2026-09-11,415.0,P,0.63,0.71,0.67,32.3005,-0.035759,0.001937,-0.062063,0.098862,25,480.35,50,158,-16.56
MSFT,2026-08-17,2026-09-11,420.0,P,0.78,0.91,0.845,31.7023,-0.04549,0.002399,-0.073918,0.120201,25,480.35,81,141,-16.56
MSFT,2026-08-17,2026-09-11,425.0,P,0.97,1.13,1.05,30.8967,-0.056388,0.002921,-0.085286,0.142624,25,480.35,13,75,-16.56
MSFT,2026-08-17,2026-09-11,430.0,P,1.24,1.43,1.335,30.2497,-0.07074,0.003559,-0.099375,0.170162,25,480.35,52,206,-16.56
MSFT,2026-08-17,2026-09-11,435.0,P,1.6,1.97,1.785,30.3291,-0.093248,0.004372,-0.122409,0.20958,25,480.35,72,191,-16.56
MSFT,2026-08-17,2026-09-11,440.0,P,1.96,2.3,2.13,29.0657,-0.110322,0.005157,-0.132122,0.236882,25,480.35,80,132,-16.56
MSFT,2026-08-17,2026-09-11,445.0,P,2.5,2.88,2.69,28.4309,-0.135966,0.006104,-0.149079,0.274284,25,480.35,110,90,-16.56
MSFT,2026-08-17,2026-09-11,450.0,P,3.25,3.5,3.375,27.5215,-0.164191,0.007152,-0.162905,0.311069,25,480.35,260,270,-16.56
MSFT,2026-08-17,2026-09-11,455.0,P,4.15,4.6,4.375,27.5337,-0.205074,0.00821,-0.186321,0.35726,25,480.35,84,472,-16.56
MSFT,2026-08-17,2026-09-11,460.0,P,4.8,5.75,5.275,27.1095,-0.247822,0.009281,-0.202986,0.397631,25,480.35,245,337,-16.56
MSFT,2026-08-17,2026-09-11,465.0,P,6.55,7.25,6.9,26.9661,-0.297563,0.010218,-0.21969,0.435479,25,480.35,127,321,-16.56
MSFT,2026-08-17,2026-09-11,470.0,P,8.25,8.9,8.575,26.5846,-0.350371,0.011087,-0.229767,0.465821,25,480.35,289,213,-16.56
MSFT,2026-08-17,2026-09-11,475.0,P,10.2,11.25,10.725,27.0637,-0.409297,0.011421,-0.243409,0.488505,25,480.35,121,266,-16.56
MSFT,2026-08-17,2026-09-11,480.0,P,12.15,13.4,12.775,26.5571,-0.46743,0.01191,-0.241443,0.499851,25,480.35,212,413,-16.56
MSFT,2026-08-17,2026-09-11,485.0,P,14.6,16.25,15.425,26.8623,-0.526234,0.011788,-0.241662,0.500439,25,480.35,76,144,-16.56
MSFT,2026-08-17,2026-09-11,490.0,P,17.65,19.1,18.375,26.606,-0.584888,0.011656,-0.230469,0.490127,25,480.35,250,725,-16.56
MSFT,2026-08-17,2026-09-11,495.0,P,20.3,22.75,21.525,27.4421,-0.635736,0.010888,-0.225989,0.472207,25,480.35,57,205,-16.56
MSFT,2026-08-17,2026-09-11,500.0,P,24.1,26.45,25.275,27.9243,-0.683448,0.010141,-0.214058,0.447516,25,480.35,78,160,-16.56
MSFT,2026-08-17,2026-09-11,505.0,P,27.8,30.4,29.1,28.5224,-0.725448,0.009298,-0.200778,0.419133,25,480.35,18,370,-16.56
MSFT,2026-08-17,2026-09-11,510.0,P,31.8,34.25,33.025,28.4431,-0.768323,0.008527,-0.17724,0.383278,25,480.35,9,17,-16.56
MSFT,2026-08-17,2026-09-11,515.0,P,36.0,38.5,37.25,28.968,-0.801607,0.00765,-0.160076,0.350243,25,480.35,28,82,-16.56
MSFT,2026-08-17,2026-09-11,520.0,P,40.4,43.0,41.7,29.8774,-0.827109,0.00681,-0.147615,0.321569,25,480.35,3,10,-16.56
MSFT,2026-08-17,2026-09-11,525.0,P,45.05,47.55,46.3,30.6831,-0.849698,0.006053,-0.134016,0.293506,25,480.35,2,6,-16.56
MSFT,2026-08-17,2026-09-11,530.0,P,49.6,52.25,50.925,31.7756,-0.866655,0.005389,-0.1246,0.270644,25,480.35,1,15,-16.56
MSFT,2026-08-17,2026-09-11,535.0,P,54.65,57.4,56.025,34.4001,-0.869423,0.004907,-0.135476,0.266756,25,480.35,2,2,-16.56
MSFT,2026-08-17,2026-09-11,540.0,P,59.2,62.15,60.675,35.456,-0.88253,0.004421,-0.126492,0.24772,25,480.35,1,6,-16.56
MSFT,2026-08-17,2026-09-11,545.0,P,63.85,67.3,65.575,38.0133,-0.883761,0.004093,-0.137181,0.245877,25,480.35,0,1,-16.56
MSFT,2026-08-17,2026-09-11,550.0,P,68.6,72.25,70.425,39.7345,-0.889843,0.003768,-0.137498,0.236627,25,480.35,2,3,-16.56
MSFT,2026-08-17,2026-09-11,555.0,P,73.75,77.2,75.475,41.3946,-0.895409,0.003484,-0.137397,0.227947,25,480.35,3,2,-16.56
MSFT,2026-08-17,2026-09-11,560.0,P,78.5,82.2,80.35,43.2257,-0.899236,0.003248,-0.139785,0.221854,25,480.35,1,2,-16.56
MSFT,2026-08-17,2026-09-11,570.0,P,88.5,92.15,90.325,46.5582,-0.907023,0.002842,-0.14134,0.209131,25,480.35,2,1,-16.56
MSFT,2026-08-17,2026-09-11,600.0,P,118.45,122.15,120.3,56.4885,-0.921228,0.002069,-0.151567,0.184717,25,480.35,0,2,-16.56
MSFT,2026-08-17,2026-09-18,215.0,C,263.6,267.2,265.4,92.1876,0.999011,2.5e-05,-0.02852,0.004742,32,480.35,3,11,-16.56
MSFT,2026-08-17,2026-09-18,220.0,C,258.6,262.35,260.475,98.4375,0.997716,5.1e-05,-0.037769,0.010171,32,480.35,38,44,-16.56
MSFT,2026-08-17,2026-09-18,225.0,C,196.95,200.35,198.65,0.001,1.0,0.0,-0.022753,0.0,32,480.35,6,6,-16.56
MSFT,2026-08-17,2026-09-18,230.0,C,248.6,252.05,250.325,133.2279,0.980883,0.000246,-0.160136,0.066275,32,480.35,5,59,-16.56
MSFT,2026-08-17,2026-09-18,235.0,C,243.6,247.4,245.5,92.3829,0.99713,6.7e-05,-0.041661,0.012504,32,480.35,13,14,-16.56
MSFT,2026-08-17,2026-09-18,240.0,C,238.6,242.1,240.35,127.0023,0.979417,0.000275,-0.163134,0.070563,32,480.35,16,24,-16.56
MSFT,2026-08-17,2026-09-18,245.0,C,233.6,237.2,235.4,78.1252,0.998818,3.5e-05,-0.031529,0.005584,32,480.35,10,11,-16.56
MSFT,2026-08-17,2026-09-18,250.0,C,228.6,232.1,230.35,120.3617,0.978295,0.000303,-0.16286,0.073802,32,480.35,1,37,-16.56
MSFT,2026-08-17,2026-09-18,260.0,C,218.65,222.65,220.65,87.2072,0.994114,0.000135,-0.058376,0.023775,32,480.35,2,34,-16.56
MSFT,2026-08-17,2026-09-18,265.0,C,213.65,217.45,215.55,80.5666,0.995683,0.000111,-0.049281,0.018041,32,480.35,1,21,-16.56
MSFT,2026-08-17,2026-09-18,270.0,C,208.65,212.3,210.475,74.1214,0.997015,8.6e-05,-0.042148,0.012952,32,480.35,1,46,-16.56
MSFT,2026-08-17,2026-09-18,275.0,C,203.7,207.65,205.675,80.7131,0.993185,0.000166,-0.061586,0.027068,32,480.35,1,25,-16.56
MSFT,2026-08-17,2026-09-18,280.0,C,198.75,202.35,200.55,73.7307,0.995288,0.000131,-0.050539,0.019506,32,480.35,1,125,-16.56
MSFT,2026-08-17,2026-09-18,285.0,C,193.75,197.25,195.5,69.1409,0.996186,0.000115,-0.046063,0.016144,32,480.35,1,806,-16.56
MSFT,2026-08-17,2026-09-18,290.0,C,188.8,192.7,190.75,75.7815,0.991241,0.00022,-0.068838,0.033759,32,480.35,1,45,-16.56
MSFT,2026-08-17,2026-09-18,295.0,C,183.8,187.55,185.675,71.4358,0.992368,0.000207,-0.062816,0.029909,32,480.35,5,40,-16.56
MSFT,2026-08-17,2026-09-18,300.0,C,178.85,182.45,180.65,68.5062,0.992618,0.00021,-0.061043,0.029046,32,480.35,5,332,-16.56
MSFT,2026-08-17,2026-09-18,305.0,C,173.85,177.6,175.725,68.3597,0.990893,0.000253,-0.067677,0.034931,32,480.35,2,144,-16.56
MSFT,2026-08-17,2026-09-18,310.0,C,168.9,172.7,170.8,67.8714,0.989158,0.000296,-0.073916,0.040674,32,480.35,3,232,-16.56
MSFT,2026-08-17,2026-09-18,315.0,C,163.95,167.75,165.85,66.6996,0.987829,0.000333,-0.078087,0.044973,32,480.35,2,121,-16.56
MSFT,2026-08-17,2026-09-18,320.0,C,158.95,162.85,160.9,65.43,0.986457,0.000373,-0.082077,0.049324,32,480.35,2,164,-16.56
MSFT,2026-08-17,2026-09-18,325.0,C,153.95,157.85,155.9,63.2328,0.986013,0.000396,-0.082243,0.050715,32,480.35,12,86,-16.56
MSFT,2026-08-17,2026-09-18,330.0,C,149.05,152.5,150.775,58.7406,0.988217,0.000368,-0.072892,0.043725,32,480.35,13,776,-16.56
MSFT,2026-08-17,2026-09-18,335.0,C,144.05,147.65,145.85,58.0571,0.986142,0.000428,-0.078799,0.050313,32,480.35,2,85,-16.56
MSFT,2026-08-17,2026-09-18,340.0,C,139.05,142.9,140.975,57.935,0.982963,0.000513,-0.08788,0.060075,32,480.35,1,178,-16.56
MSFT,2026-08-17,2026-09-18,345.0,C,134.1,137.9,136.0,56.1528,0.981838,0.000559,-0.089611,0.063444,32,480.35,5,105,-16.56
MSFT,2026-08-17,2026-09-18,350.0,C,129.15,132.6,130.875,52.2222,0.984052,0.000537,-0.080895,0.056772,32,480.35,3,805,-16.56
MSFT,2026-08-17,2026-09-18,355.0,C,124.2,127.8,126.0,51.9292,0.980524,0.000641,-0.089524,0.06733,32,480.35,1,438,-16.56
MSFT,2026-08-17,2026-09-18,360.0,C,119.2,122.75,120.975,64.3192,0.948097,0.001161,-0.185526,0.151115,32,480.35,1,2074,-16.56
MSFT,2026-08-17,2026-09-18,365.0,C,114.3,118.05,116.175,63.5746,0.94182,0.001286,-0.198112,0.165382,32,480.35,5,793,-16.56
MSFT,2026-08-17,2026-09-18,370.0,C,109.35,113.0,111.175,60.7792,0.940429,0.00137,-0.19427,0.168477,32,480.35,5,3119,-16.56
MSFT,2026-08-17,2026-09-18,375.0,C,104.4,107.7,106.05,56.6411,0.94289,0.001422,-0.179171,0.162987,32,480.35,7,900,-16.56
MSFT,2026-08-17,2026-09-18,380.0,C,99.45,102.9,101.175,55.3105,0.937317,0.001567,-0.186654,0.175317,32,480.35,4,4330,-16.56
MSFT,2026-08-17,2026-09-18,385.0,C,94.5,98.1,96.3,53.8823,0.931498,0.001723,-0.193464,0.187811,32,480.35,2,966,-16.56
MSFT,2026-08-17,2026-09-18,390.0,C,90.15,92.8,91.475,49.9517,0.933801,0.00181,-0.178751,0.182911,32,480.35,17,4299,-16.56
MSFT,2026-08-17,2026-09-18,395.0,C,84.7,88.3,86.5,49.9028,0.922171,0.002051,-0.197353,0.207085,32,480.35,6,1031,-16.56
MSFT,2026-08-17,2026-09-18,400.0,C,80.3,82.95,81.625,45.8868,0.924939,0.00217,-0.180997,0.201458,32,480.35,58,9605,-16.56
MSFT,2026-08-17,2026-09-18,405.0,C,74.95,78.1,76.525,44.1534,0.918544,0.0024,-0.184613,0.214346,32,480.35,5,4199,-16.56
MSFT,2026-08-17,2026-09-18,410.0,C,70.65,73.4,72.025,42.9693,0.908865,0.002682,-0.193261,0.233125,32,480.35,236,6405,-16.56
MSFT,2026-08-17,2026-09-18,415.0,C,65.35,68.1,66.725,39.3439,0.910108,0.002899,-0.179196,0.230759,32,480.35,20,969,-16.56
MSFT,2026-08-17,2026-09-18,420.0,C,61.25,63.15,62.2,37.1344,0.904152,0.003221,-0.177946,0.24197,32,480.35,72,8444,-16.56
MSFT,2026-08-17,2026-09-18,425.0,C,56.45,58.4,57.425,35.6269,0.893265,0.003631,-0.183183,0.261704,32,480.35,147,4567,-16.56
MSFT,2026-08-17,2026-09-18,430.0,C,53.1,53.95,53.525,34.986,0.875349,0.004129,-0.196821,0.292211,32,480.35,124,14760,-16.56
MSFT,2026-08-17,2026-09-18,435.0,C,47.4,49.55,48.475,34.2292,0.855697,0.004667,-0.209388,0.32312,32,480.35,123,1197,-16.56
MSFT,2026-08-17,2026-09-18,440.0,C,43.6,45.25,44.425,33.4968,0.833219,0.005247,-0.22199,0.355516,32,480.35,702,11844,-16.56
MSFT,2026-08-17,2026-09-18,445.0,C,38.75,41.0,39.875,32.6179,0.808774,0.005873,-0.232645,0.387486,32,480.35,247,1450,-16.56
MSFT,2026-08-17,2026-09-18,450.0,C,35.35,36.35,35.85,30.5671,0.788797,0.006651,-0.231093,0.41128,32,480.35,1388,16450,-16.56
MSFT,2026-08-17,2026-09-18,455.0,C,30.85,32.6,31.725,30.3199,0.75332,0.007317,-0.245917,0.448758,32,480.35,59,2434,-16.56
MSFT,2026-08-17,2026-09-18,460.0,C,27.15,28.85,28.0,29.6974,0.716739,0.008014,-0.255327,0.481455,32,480.35,131,8348,-16.56
MSFT,2026-08-17,2026-09-18,465.0,C,24.05,24.9,24.475,28.3515,0.679939,0.008869,-0.255869,0.508665,32,480.35,119,1372,-16.56
MSFT,2026-08-17,2026-09-18,470.0,C,21.1,21.6,21.35,27.8846,0.634736,0.00948,-0.261654,0.534733,32,480.35,195,19696,-16.56
MSFT,2026-08-17,2026-09-18,475.0,C,18.15,18.65,18.4,27.6344,0.586079,0.009913,-0.265883,0.554149,32,480.35,424,1745,-16.56
MSFT,2026-08-17,2026-09-18,480.0,C,15.5,15.9,15.7,27.3018,0.535696,0.010233,-0.265521,0.565136,32,480.35,2877,17815,-16.56
MSFT,2026-08-17,2026-09-18,485.0,C,13.05,13.35,13.2,26.8867,0.483876,0.010424,-0.260356,0.566946,32,480.35,935,1142,-16.56
MSFT,2026-08-17,2026-09-18,490.0,C,10.8,11.4,11.1,27.079,0.43349,0.010214,-0.256661,0.559506,32,480.35,982,5433,-16.56
MSFT,2026-08-17,2026-09-18,495.0,C,8.7,9.3,9.0,26.5693,0.3816,0.010089,-0.242725,0.542233,32,480.35,3132,1450,-16.56
MSFT,2026-08-17,2026-09-18,500.0,C,7.4,7.6,7.5,26.3374,0.332325,0.009695,-0.227957,0.516522,32,480.35,5018,16469,-16.56
MSFT,2026-08-17,2026-09-18,505.0,C,6.0,6.2,6.1,26.2489,0.286632,0.009118,-0.211898,0.484179,32,480.35,987,2460,-16.56
MSFT,2026-08-17,2026-09-18,510.0,C,4.85,5.1,4.975,26.374,0.246239,0.008403,-0.196218,0.448329,32,480.35,3488,15833,-16.56
MSFT,2026-08-17,2026-09-18,515.0,C,3.85,4.1,3.975,26.3252,0.208122,0.007657,-0.177429,0.407741,32,480.35,665,1787,-16.56
MSFT,2026-08-17,2026-09-18,520.0,C,3.1,3.25,3.175,26.2336,0.173493,0.006871,-0.157572,0.36462,32,480.35,2608,10815,-16.56
MSFT,2026-08-17,2026-09-18,525.0,C,2.46,2.65,2.555,26.4656,0.146023,0.006084,-0.141527,0.325707,32,480.35,31424,33764,-16.56
MSFT,2026-08-17,2026-09-18,530.0,C,1.87,2.04,1.955,26.2825,0.118339,0.005299,-0.12125,0.281729,32,480.35,1375,14063,-16.56
MSFT,2026-08-17,2026-09-18,535.0,C,1.54,1.61,1.575,26.3618,0.09683,0.004572,-0.104968,0.243789,32,480.35,465,4899,-16.56
MSFT,2026-08-17,2026-09-18,540.0,C,1.21,1.29,1.25,26.5693,0.079668,0.003922,-0.091253,0.210781,32,480.35,927,8274,-16.56
MSFT,2026-08-17,2026-09-18,545.0,C,0.95,1.03,0.99,26.7708,0.065216,0.003339,-0.078699,0.180801,32,480.35,668,5114,-16.56
MSFT,2026-08-17,2026-09-18,550.0,C,0.75,0.81,0.78,26.905,0.052713,0.002811,-0.066799,0.152986,32,480.35,974,9091,-16.56
MSFT,2026-08-17,2026-09-18,555.0,C,0.6,0.65,0.625,27.1492,0.043045,0.002368,-0.057207,0.13007,32,480.35,258,732,-16.56
MSFT,2026-08-17,2026-09-18,560.0,C,0.46,0.54,0.5,27.5764,0.036058,0.002019,-0.050226,0.112616,32,480.35,277,4434,-16.56
MSFT,2026-08-17,2026-09-18,565.0,C,0.37,0.43,0.4,27.7839,0.029219,0.001685,-0.042483,0.09468,32,480.35,240,718,-16.56
MSFT,2026-08-17,2026-09-18,570.0,C,0.32,0.34,0.33,27.9792,0.023574,0.001398,-0.035706,0.079127,32,480.35,30029,31875,-16.56
MSFT,2026-08-17,2026-09-18,575.0,C,0.25,0.27,0.26,28.1745,0.018979,0.001156,-0.029893,0.065866,32,480.35,74,961,-16.56
MSFT,2026-08-17,2026-09-18,580.0,C,0.1,0.24,0.17,28.8337,0.016695,0.001012,-0.02739,0.059043,32,480.35,93,9488,-16.56
MSFT,2026-08-17,2026-09-18,585.0,C,0.14,0.24,0.19,29.9323,0.016059,0.000943,-0.027469,0.057111,32,480.35,8,75,-16.56
MSFT,2026-08-17,2026-09-18,590.0,C,0.07,0.21,0.14,30.4694,0.013978,0.000822,-0.024791,0.050687,32,480.35,69,2655,-16.56
MSFT,2026-08-17,2026-09-18,595.0,C,0.04,0.17,0.105,30.6648,0.011415,0.000686,-0.02092,0.042536,32,480.35,9,161,-16.56
MSFT,2026-08-17,2026-09-18,600.0,C,0.1,0.12,0.11,30.3718,0.008375,0.000528,-0.015798,0.032455,32,480.35,27,5856,-16.56
MSFT,2026-08-17,2026-09-18,605.0,C,0.07,0.14,0.105,31.9343,0.009178,0.000544,-0.017981,0.035167,32,480.35,2,47,-16.56
MSFT,2026-08-17,2026-09-18,610.0,C,0.06,0.29,0.175,36.1823,0.015918,0.000774,-0.032791,0.056679,32,480.35,22,3117,-16.56
MSFT,2026-08-17,2026-09-18,620.0,C,0.04,0.09,0.065,33.1061,0.005846,0.000353,-0.0125,0.02363,32,480.35,40,1013,-16.56
MSFT,2026-08-17,2026-09-18,630.0,C,0.02,0.08,0.05,34.4733,0.005025,0.000296,-0.011364,0.020656,32,480.35,11,673,-16.56
MSFT,2026-08-17,2026-09-18,640.0,C,0.01,0.09,0.05,36.7194,0.005308,0.000292,-0.012695,0.021691,32,480.35,16,1373,-16.56
MSFT,2026-08-17,2026-09-18,650.0,C,0.02,0.06,0.04,36.9147,0.00365,0.000208,-0.009126,0.015523,32,480.35,20,3554,-16.56
MSFT,2026-08-17,2026-09-18,660.0,C,0.02,0.04,0.03,37.11,0.0025,0.000147,-0.006518,0.011037,32,480.35,83,778,-16.56
MSFT,2026-08-17,2026-09-18,670.0,C,0.01,0.19,0.1,45.4595,0.008638,0.000363,-0.024091,0.03335,32,480.35,9,477,-16.56
MSFT,2026-08-17,2026-09-18,680.0,C,0.0,0.11,0.055,44.3853,0.00532,0.000242,-0.01532,0.021732,32,480.35,10,3312,-16.56
MSFT,2026-08-17,2026-09-18,700.0,C,0.0,0.15,0.075,49.2193,0.006409,0.000258,-0.020016,0.025639,32,480.35,204,1542,-16.56
MSFT,2026-08-17,2026-09-18,720.0,C,0.0,0.05,0.025,46.8755,0.002377,0.000111,-0.007835,0.010545,32,480.35,94,639,-16.56
MSFT,2026-08-17,2026-09-18,740.0,C,0.0,0.5,0.25,58.7895,0.008731,0.000283,-0.031325,0.033664,32,480.35,1,1343,-16.56
MSFT,2026-08-17,2026-09-18,760.0,C,0.0,0.02,0.01,48.438,0.000953,4.7e-05,-0.003511,0.00458,32,480.35,28,2430,-16.56
MSFT,2026-08-17,2026-09-18,780.0,C,0.0,1.13,0.565,71.8265,0.01547,0.000381,-0.062772,0.055308,32,480.35,1,1126,-16.56
MSFT,2026-08-17,2026-09-18,800.0,C,0.01,0.02,0.015,52.3442,0.000705,3.3e-05,-0.002871,0.00347,32,480.35,39,10369,-16.56
MSFT,2026-08-17,2026-09-18,215.0,P,0.0,0.01,0.005,78.1252,-0.000156,5e-06,-0.001036,0.000855,32,480.35,1,1030,-16.56
MSFT,2026-08-17,2026-09-18,220.0,P,0.0,0.03,0.015,81.2502,-0.000363,1.1e-05,-0.002365,0.001878,32,480.35,5,948,-16.56
MSFT,2026-08-17,2026-09-18,225.0,P,0.0,0.06,0.03,83.5939,-0.000685,2e-05,-0.004379,0.00338,32,480.35,72,574,-16.56
MSFT,2026-08-17,2026-09-18,230.0,P,0.0,0.03,0.015,76.5627,-0.000367,1.2e-05,-0.002254,0.0019,32,480.35,5,1129,-16.56
MSFT,2026-08-17,2026-09-18,235.0,P,0.0,0.08,0.04,81.2502,-0.00095,2.8e-05,-0.005749,0.004567,32,480.35,7,159,-16.56
MSFT,2026-08-17,2026-09-18,240.0,P,0.0,0.02,0.01,70.3128,-0.000278,1e-05,-0.001594,0.001464,32,480.35,29,649,-16.56
MSFT,2026-08-17,2026-09-18,245.0,P,0.0,0.03,0.015,70.3128,-0.000399,1.4e-05,-0.002232,0.00205,32,480.35,72,673,-16.56
MSFT,2026-08-17,2026-09-18,250.0,P,0.0,0.02,0.01,66.4066,-0.000295,1.2e-05,-0.001592,0.001549,32,480.35,1,553,-16.56
MSFT,2026-08-17,2026-09-18,255.0,P,0.0,0.02,0.01,64.8441,-0.000323,1.3e-05,-0.001693,0.001687,32,480.35,16,845,-16.56
MSFT,2026-08-17,2026-09-18,260.0,P,0.0,0.15,0.075,74.6096,-0.001844,5.5e-05,-0.009667,0.008374,32,480.35,2,961,-16.56
MSFT,2026-08-17,2026-09-18,265.0,P,0.0,0.05,0.025,65.6253,-0.00075,2.8e-05,-0.003729,0.003674,32,480.35,16,781,-16.56
MSFT,2026-08-17,2026-09-18,270.0,P,0.01,0.06,0.035,65.6253,-0.00104,3.7e-05,-0.005036,0.004963,32,480.35,2,1571,-16.56
MSFT,2026-08-17,2026-09-18,275.0,P,0.01,0.09,0.05,65.6253,-0.001422,5e-05,-0.006703,0.006608,32,480.35,84,1369,-16.56
MSFT,2026-08-17,2026-09-18,280.0,P,0.0,0.16,0.08,66.6996,-0.002199,7.3e-05,-0.01013,0.009829,32,480.35,53,842,-16.56
MSFT,2026-08-17,2026-09-18,285.0,P,0.01,0.08,0.045,61.1332,-0.001384,5.2e-05,-0.006089,0.006449,32,480.35,9,2101,-16.56
MSFT,2026-08-17,2026-09-18,290.0,P,0.0,0.1,0.05,59.766,-0.001546,5.9e-05,-0.006582,0.007134,32,480.35,1,2541,-16.56
MSFT,2026-08-17,2026-09-18,295.0,P,0.01,0.15,0.08,60.7426,-0.002411,8.7e-05,-0.010014,0.010681,32,480.35,27,1210,-16.56
MSFT,2026-08-17,2026-09-18,300.0,P,0.03,0.09,0.06,57.0317,-0.001919,7.5e-05,-0.00764,0.008683,32,480.35,17,5818,-16.56
MSFT,2026-08-17,2026-09-18,305.0,P,0.01,0.15,0.08,56.8364,-0.002536,9.7e-05,-0.009801,0.011183,32,480.35,17,393,-16.56
MSFT,2026-08-17,2026-09-18,310.0,P,0.06,0.09,0.075,54.688,-0.002511,0.0001,-0.009342,0.011083,32,480.35,81,5897,-16.56
MSFT,2026-08-17,2026-09-18,315.0,P,0.04,0.12,0.08,53.1255,-0.002704,0.00011,-0.009697,0.011849,32,480.35,11,1234,-16.56
MSFT,2026-08-17,2026-09-18,320.0,P,0.07,0.11,0.09,51.9536,-0.003086,0.000127,-0.010677,0.013347,32,480.35,15,6747,-16.56
MSFT,2026-08-17,2026-09-18,325.0,P,0.08,0.12,0.1,50.7817,-0.003518,0.000146,-0.011737,0.015018,32,480.35,41,756,-16.56
MSFT,2026-08-17,2026-09-18,330.0,P,0.1,0.13,0.115,50.3911,-0.004494,0.000183,-0.014493,0.018699,32,480.35,8,10101,-16.56
MSFT,2026-08-17,2026-09-18,335.0,P,0.02,0.15,0.085,49.4146,-0.005257,0.000215,-0.016335,0.021504,32,480.35,40,933,-16.56
MSFT,2026-08-17,2026-09-18,340.0,P,0.08,0.19,0.135,49.0239,-0.00665,0.000267,-0.019951,0.02649,32,480.35,283,7931,-16.56
MSFT,2026-08-17,2026-09-18,345.0,P,0.12,0.18,0.15,46.8267,-0.006572,0.000277,-0.018845,0.026215,32,480.35,25,1061,-16.56
MSFT,2026-08-17,2026-09-18,350.0,P,0.18,0.19,0.185,45.313,-0.007126,0.000307,-0.019571,0.028155,32,480.35,21,12352,-16.56
MSFT,2026-08-17,2026-09-18,355.0,P,0.16,0.22,0.19,44.3365,-0.008336,0.00036,-0.021967,0.032323,32,480.35,18,1012,-16.56
MSFT,2026-08-17,2026-09-18,360.0,P,0.2,0.32,0.26,44.7515,-0.011685,0.00048,-0.029757,0.043409,32,480.35,208,11908,-16.56
MSFT,2026-08-17,2026-09-18,365.0,P,0.21,0.36,0.285,43.6041,-0.013321,0.000551,-0.032449,0.048625,32,480.35,20,1027,-16.56
MSFT,2026-08-17,2026-09-18,370.0,P,0.24,0.29,0.265,40.4303,-0.011685,0.000531,-0.02683,0.043411,32,480.35,138,7644,-16.56
MSFT,2026-08-17,2026-09-18,375.0,P,0.27,0.32,0.295,39.1608,-0.013167,0.000608,-0.028788,0.048141,32,480.35,86,2080,-16.56
MSFT,2026-08-17,2026-09-18,380.0,P,0.33,0.37,0.35,38.1354,-0.015364,0.000713,-0.031982,0.054983,32,480.35,124,6465,-16.56
MSFT,2026-08-17,2026-09-18,385.0,P,0.37,0.41,0.39,36.8903,-0.017426,0.000821,-0.034417,0.061243,32,480.35,25,822,-16.56
MSFT,2026-08-17,2026-09-18,390.0,P,0.43,0.5,0.465,36.1823,-0.021239,0.00099,-0.039888,0.07246,32,480.35,106,7692,-16.56
MSFT,2026-08-17,2026-09-18,395.0,P,0.5,0.58,0.54,35.1813,-0.024926,0.001165,-0.044316,0.082918,32,480.35,33,1184,-16.56
MSFT,2026-08-17,2026-09-18,400.0,P,0.6,0.65,0.625,33.9606,-0.028523,0.001351,-0.047797,0.0928,32,480.35,566,8303,-16.56
MSFT,2026-08-17,2026-09-18,405.0,P,0.62,0.8,0.71,33.3137,-0.03499,0.00163,-0.055418,0.109873,32,480.35,66,3700,-16.56
MSFT,2026-08-17,2026-09-18,410.0,P,0.87,0.96,0.915,32.508,-0.042078,0.001942,-0.062731,0.127703,32,480.35,279,6640,-16.56
MSFT,2026-08-17,2026-09-18,415.0,P,1.07,1.13,1.1,31.5681,-0.049884,0.002293,-0.069691,0.146416,32,480.35,164,642,-16.56
MSFT,2026-08-17,2026-09-18,420.0,P,1.25,1.43,1.34,31.1408,-0.062097,0.002763,-0.081531,0.174038,32,480.35,223,5437,-16.56
MSFT,2026-08-17,2026-09-18,425.0,P,1.54,1.73,1.635,30.4145,-0.074859,0.003268,-0.09174,0.201043,32,480.35,173,1026,-16.56
MSFT,2026-08-17,2026-09-18,430.0,P,1.94,2.1,2.02,29.7187,-0.090244,0.00385,-0.102882,0.231431,32,480.35,738,3181,-16.56
MSFT,2026-08-17,2026-09-18,435.0,P,2.41,2.59,2.5,29.1816,-0.10963,0.00452,-0.116074,0.266793,32,480.35,277,3511,-16.56
MSFT,2026-08-17,2026-09-18,440.0,P,2.98,3.2,3.09,28.7055,-0.132856,0.00526,-0.130229,0.305426,32,480.35,1291,6727,-16.56
MSFT,2026-08-17,2026-09-18,445.0,P,3.65,3.8,3.725,27.8633,-0.156933,0.006062,-0.14077,0.341694,32,480.35,452,967,-16.56
MSFT,2026-08-17,2026-09-18,450.0,P,4.5,4.7,4.6,27.4849,-0.188731,0.006913,-0.155443,0.38437,32,480.35,2584,7037,-16.56
MSFT,2026-08-17,2026-09-18,455.0,P,5.35,5.75,5.55,27.0637,-0.224475,0.007781,-0.168675,0.425996,32,480.35,473,1686,-16.56
MSFT,2026-08-17,2026-09-18,460.0,P,6.7,6.95,6.825,26.5693,-0.264067,0.008652,-0.179544,0.465025,32,480.35,2040,10857,-16.56
MSFT,2026-08-17,2026-09-18,465.0,P,8.05,8.4,8.225,26.1635,-0.30858,0.009462,-0.188899,0.500767,32,480.35,555,1453,-16.56
MSFT,2026-08-17,2026-09-18,470.0,P,9.9,10.2,10.05,25.9804,-0.357995,0.010105,-0.197187,0.531072,32,480.35,1181,5833,-16.56
MSFT,2026-08-17,2026-09-18,475.0,P,11.85,12.45,12.15,26.1421,-0.410857,0.010461,-0.204767,0.553185,32,480.35,1933,977,-16.56
MSFT,2026-08-17,2026-09-18,480.0,P,14.15,14.6,14.375,25.6599,-0.46402,0.010887,-0.202577,0.5651,32,480.35,1847,4447,-16.56
MSFT,2026-08-17,2026-09-18,485.0,P,16.65,17.5,17.075,26.0231,-0.517695,0.010768,-0.203595,0.566851,32,480.35,1202,1212,-16.56
MSFT,2026-08-17,2026-09-18,490.0,P,19.5,20.3,19.9,25.7576,-0.571463,0.010715,-0.194899,0.558281,32,480.35,649,2844,-16.56
MSFT,2026-08-17,2026-09-18,495.0,P,22.6,23.45,23.025,25.6569,-0.623523,0.010404,-0.183839,0.539989,32,480.35,137,2009,-16.56
MSFT,2026-08-17,2026-09-18,500.0,P,25.4,26.8,26.1,25.4707,-0.673956,0.009948,-0.168567,0.512573,32,480.35,477,2809,-16.56
MSFT,2026-08-17,2026-09-18,505.0,P,28.95,30.35,29.65,25.2144,-0.722233,0.00935,-0.149759,0.476912,32,480.35,55,745,-16.56
MSFT,2026-08-17,2026-09-18,510.0,P,32.75,34.35,33.55,25.4768,-0.762154,0.008537,-0.134666,0.439976,32,480.35,49,629,-16.56
MSFT,2026-08-17,2026-09-18,515.0,P,37.45,39.3,38.375,27.668,-0.779238,0.007539,-0.140614,0.421965,32,480.35,13,133,-16.56
MSFT,2026-08-17,2026-09-18,520.0,P,41.6,43.4,42.5,27.5947,-0.813303,0.00684,-0.120744,0.381806,32,480.35,51,298,-16.56
MSFT,2026-08-17,2026-09-18,525.0,P,45.4,48.05,46.725,28.6933,-0.832852,0.006134,-0.114317,0.35602,32,480.35,24,15,-16.56
MSFT,2026-08-17,2026-09-18,530.0,P,50.2,52.6,51.4,29.3098,-0.853739,0.005499,-0.102551,0.326063,32,480.35,10,105,-16.56
MSFT,2026-08-17,2026-09-18,535.0,P,54.95,57.3,56.125,30.207,-0.869432,0.004939,-0.094426,0.301787,32,480.35,1,11,-16.56
MSFT,2026-08-17,2026-09-18,540.0,P,59.6,62.1,60.85,31.2995,-0.881334,0.004458,-0.088973,0.282279,32,480.35,1,29,-16.56
MSFT,2026-08-17,2026-09-18,545.0,P,64.6,67.25,65.925,33.57,-0.882581,0.004126,-0.097305,0.280177,32,480.35,1,59,-16.56
MSFT,2026-08-17,2026-09-18,550.0,P,69.15,71.85,70.5,33.747,-0.898425,0.003698,-0.082233,0.252469,32,480.35,19,41,-16.56
MSFT,2026-08-17,2026-09-18,560.0,P,78.55,82.2,80.375,38.3734,-0.897048,0.003284,-0.100995,0.254954,32,480.35,1,17,-16.56
MSFT,2026-08-17,2026-09-18,575.0,P,93.4,97.15,95.275,42.8595,-0.907947,0.002709,-0.10337,0.234862,32,480.35,0,15,-16.56
MSFT,2026-08-17,2026-09-18,580.0,P,98.7,102.15,100.425,44.367,-0.910624,0.00256,-0.10474,0.229774,32,480.35,15,15,-16.56
MSFT,2026-08-17,2026-09-18,585.0,P,103.6,107.15,105.375,45.8502,-0.913088,0.002426,-0.106044,0.225035,32,480.35,6,23,-16.56
MSFT,2026-08-17,2026-09-18,590.0,P,108.85,112.15,110.5,47.3028,-0.915401,0.002305,-0.10721,0.220537,32,480.35,1,21,-16.56
MSFT,2026-08-17,2026-09-18,595.0,P,113.3,117.15,115.225,48.7371,-0.917526,0.002195,-0.108364,0.216362,32,480.35,0,1,-16.56
MSFT,2026-08-17,2026-09-18,600.0,P,118.65,122.15,120.4,50.147,-0.919515,0.002094,-0.109434,0.212413,32,480.35,2,4,-16.56
MSFT,2026-08-17,2026-09-18,605.0,P,123.35,127.15,125.25,51.5325,-0.921388,0.002002,-0.110416,0.208662,32,480.35,3,10,-16.56
MSFT,2026-08-17,2026-09-18,610.0,P,128.35,132.15,130.25,52.9057,-0.923107,0.001917,-0.111435,0.20519,32,480.35,1,1,-16.56
MSFT,2026-08-17,2026-09-18,620.0,P,138.55,142.15,140.35,55.5791,-0.926298,0.001767,-0.113173,0.198666,32,480.35,12,6,-16.56
MSFT,2026-08-17,2026-09-18,640.0,P,158.4,162.1,160.25,60.4496,-0.932618,0.001516,-0.113473,0.185436,32,480.35,2,1,-16.56
MSFT,2026-08-17,2026-09-18,650.0,P,168.9,172.1,170.5,51.7583,-0.969657,0.000933,-0.014671,0.097692,32,480.35,10,10,-16.56
MSFT,2026-08-17,2026-09-18,660.0,P,180.6,184.45,182.525,67.554,-0.929517,0.001405,-0.139053,0.191981,32,480.35,2,0,-16.56
MSFT,2026-08-17,2026-09-18,670.0,P,178.75,181.45,180.1,0.001,-1.0,0.0,0.067753,0.0,32,480.35,1,0,-16.56
MSFT,2026-08-17,2026-09-18,680.0,P,200.45,204.55,202.5,72.156,-0.933818,0.001253,-0.140364,0.182876,32,480.35,5,0,-16.56
MSFT,2026-08-17,2026-09-18,700.0,P,218.3,222.1,220.2,58.0571,-0.981498,0.000549,0.011469,0.064454,32,480.35,2,0,-16.56
MSFT,2026-08-17,2026-09-18,720.0,P,238.55,242.1,240.325,63.4525,-0.979475,0.000548,0.002082,0.070394,32,480.35,0,0,-16.56
MSFT,2026-08-17,2026-09-18,740.0,P,226.65,230.3,228.475,0.001,-1.0,0.0,0.074831,0.0,32,480.35,0,0,-16.56
MSFT,2026-08-17,2026-09-18,800.0,P,375.2,378.9,377.05,233.5331,-0.650718,0.001114,-1.851332,0.526418,32,480.35,0,0,-16.56
MSFT,2026-08-17,2026-09-25,355.0,C,124.5,128.1,126.3,50.3667,0.973998,0.000764,-0.095763,0.09484,39,480.35,0,2,-16.56
MSFT,2026-08-17,2026-09-25,360.0,C,119.55,123.35,121.45,61.5726,0.93982,0.001235,-0.181166,0.187481,39,480.35,1,1,-16.56
MSFT,2026-08-17,2026-09-25,370.0,C,109.7,113.15,111.425,55.9453,0.938264,0.001387,-0.171306,0.191261,39,480.35,3,3,-16.56
MSFT,2026-08-17,2026-09-25,375.0,C,104.75,108.5,106.625,55.2739,0.930906,0.001532,-0.182145,0.208719,39,480.35,4,2,-16.56
MSFT,2026-08-17,2026-09-25,380.0,C,99.85,103.4,101.625,52.5273,0.929724,0.001633,-0.1771,0.211462,39,480.35,0,2,-16.56
MSFT,2026-08-17,2026-09-25,385.0,C,94.95,98.55,96.75,50.8855,0.924675,0.001778,-0.18042,0.222997,39,480.35,2,1,-16.56
MSFT,2026-08-17,2026-09-25,390.0,C,90.05,93.75,91.9,49.4024,0.918577,0.001942,-0.184958,0.236558,39,480.35,2,7,-16.56
MSFT,2026-08-17,2026-09-25,400.0,C,80.35,83.65,82.0,44.4464,0.913055,0.002268,-0.177485,0.248501,39,480.35,2,9,-16.56
MSFT,2026-08-17,2026-09-25,405.0,C,75.55,79.1,77.325,43.7689,0.901787,0.00252,-0.188398,0.27195,39,480.35,1,1,-16.56
MSFT,2026-08-17,2026-09-25,415.0,C,66.55,68.95,67.75,38.6603,0.894658,0.003003,-0.178321,0.286184,39,480.35,3,3,-16.56
MSFT,2026-08-17,2026-09-25,420.0,C,61.9,64.35,63.125,37.5983,0.882204,0.003344,-0.185771,0.310011,39,480.35,3,11,-16.56
MSFT,2026-08-17,2026-09-25,425.0,C,57.3,59.75,58.525,36.402,0.868988,0.003721,-0.19201,0.333945,39,480.35,51,5,-16.56
MSFT,2026-08-17,2026-09-25,430.0,C,52.8,55.15,53.975,35.0837,0.854833,0.004141,-0.197032,0.358152,39,480.35,7,20,-16.56
MSFT,2026-08-17,2026-09-25,435.0,C,48.35,50.95,49.65,34.6137,0.833483,0.004594,-0.209319,0.392078,39,480.35,2,9,-16.56
MSFT,2026-08-17,2026-09-25,440.0,C,44.05,46.7,45.375,33.7867,0.812056,0.005081,-0.21805,0.42324,39,480.35,3,7,-16.56
MSFT,2026-08-17,2026-09-25,445.0,C,40.05,42.5,41.275,32.8589,0.788788,0.005605,-0.225292,0.454053,39,480.35,9,28,-16.56
MSFT,2026-08-17,2026-09-25,450.0,C,35.9,38.45,37.175,32.0197,0.762299,0.006151,-0.232465,0.485558,39,480.35,4,27,-16.56
MSFT,2026-08-17,2026-09-25,455.0,C,32.0,34.15,33.075,30.4878,0.736819,0.006818,-0.232654,0.512494,39,480.35,3,57,-16.56
MSFT,2026-08-17,2026-09-25,460.0,C,28.6,30.85,29.725,30.5518,0.699517,0.007253,-0.244853,0.54633,39,480.35,32,37,-16.56
MSFT,2026-08-17,2026-09-25,465.0,C,25.3,27.55,26.425,30.2711,0.661911,0.007692,-0.252164,0.574077,39,480.35,14,57,-16.56
MSFT,2026-08-17,2026-09-25,470.0,C,22.25,24.0,23.125,29.2701,0.624324,0.008255,-0.251458,0.595734,39,480.35,19,389,-16.56
MSFT,2026-08-17,2026-09-25,475.0,C,19.6,20.75,20.175,28.4584,0.58295,0.008734,-0.249809,0.612813,39,480.35,16,19,-16.56
MSFT,2026-08-17,2026-09-25,480.0,C,17.0,17.9,17.45,27.9548,0.538623,0.009046,-0.247807,0.623465,39,480.35,95,48,-16.56
MSFT,2026-08-17,2026-09-25,485.0,C,14.2,15.5,14.85,27.8175,0.49323,0.009132,-0.245764,0.626313,39,480.35,41,19,-16.56
MSFT,2026-08-17,2026-09-25,490.0,C,12.1,13.1,12.6,27.3231,0.446802,0.009216,-0.23786,0.620825,39,480.35,15,72,-16.56
MSFT,2026-08-17,2026-09-25,495.0,C,10.05,11.35,10.7,27.5215,0.403233,0.008959,-0.232935,0.607884,39,480.35,56,105,-16.56
MSFT,2026-08-17,2026-09-25,500.0,C,8.85,9.65,9.25,27.4665,0.360322,0.008677,-0.223453,0.587605,39,480.35,51,111,-16.56
MSFT,2026-08-17,2026-09-25,505.0,C,6.95,8.0,7.475,27.1461,0.31739,0.008361,-0.209366,0.559574,39,480.35,68,130,-16.56
MSFT,2026-08-17,2026-09-25,510.0,C,5.7,6.8,6.25,27.2956,0.280168,0.007857,-0.19795,0.528706,39,480.35,41,108,-16.56
MSFT,2026-08-17,2026-09-25,515.0,C,4.85,5.75,5.3,27.4299,0.245769,0.007311,-0.185243,0.494435,39,480.35,56,136,-16.56
MSFT,2026-08-17,2026-09-25,520.0,C,4.15,4.6,4.375,27.024,0.209284,0.006778,-0.166177,0.451613,39,480.35,89,199,-16.56
MSFT,2026-08-17,2026-09-25,525.0,C,3.2,3.85,3.525,27.1797,0.181021,0.00617,-0.152491,0.413474,39,480.35,88,814,-16.56
MSFT,2026-08-17,2026-09-25,530.0,C,2.7,3.05,2.875,26.8867,0.151452,0.005558,-0.134063,0.368452,39,480.35,180,10103,-16.56
MSFT,2026-08-17,2026-09-25,535.0,C,2.11,2.6,2.355,27.2712,0.131403,0.004977,-0.123126,0.334633,39,480.35,435,251,-16.56
MSFT,2026-08-17,2026-09-25,540.0,C,1.72,2.34,2.03,28.0525,0.11751,0.004475,-0.116781,0.309476,39,480.35,49,209,-16.56
MSFT,2026-08-17,2026-09-25,545.0,C,1.45,1.79,1.62,27.6313,0.095257,0.003903,-0.098652,0.265915,39,480.35,47,99,-16.56
MSFT,2026-08-17,2026-09-25,550.0,C,1.18,1.38,1.28,27.3628,0.077094,0.003365,-0.083234,0.226974,39,480.35,196,324,-16.56
MSFT,2026-08-17,2026-09-25,555.0,C,0.96,1.33,1.145,28.5041,0.071965,0.003064,-0.082065,0.215353,39,480.35,49,143,-16.56
MSFT,2026-08-17,2026-09-25,560.0,C,0.75,0.94,0.845,27.7717,0.054681,0.002539,-0.06447,0.173865,39,480.35,115,200,-16.56
MSFT,2026-08-17,2026-09-25,570.0,C,0.54,0.81,0.675,29.4197,0.045495,0.00207,-0.058763,0.150145,39,480.35,114,183,-16.56
MSFT,2026-08-17,2026-09-25,580.0,C,0.21,0.5,0.355,29.2488,0.029881,0.001477,-0.041334,0.106485,39,480.35,20,76,-16.56
MSFT,2026-08-17,2026-09-25,590.0,C,0.23,0.65,0.44,32.8132,0.033895,0.001461,-0.051296,0.118169,39,480.35,4,203,-16.56
MSFT,2026-08-17,2026-09-25,600.0,C,0.14,0.3,0.22,31.0798,0.017885,0.000902,-0.028386,0.06913,39,480.35,109,104,-16.56
MSFT,2026-08-17,2026-09-25,610.0,C,0.1,0.2,0.15,31.2507,0.012247,0.000648,-0.020575,0.049915,39,480.35,17,212,-16.56
MSFT,2026-08-17,2026-09-25,620.0,C,0.07,0.18,0.125,32.6667,0.010737,0.000553,-0.019151,0.044524,39,480.35,9,22,-16.56
MSFT,2026-08-17,2026-09-25,630.0,C,0.05,0.11,0.08,32.4714,0.006855,0.000375,-0.012828,0.030038,39,480.35,11,11,-16.56
MSFT,2026-08-17,2026-09-25,640.0,C,0.03,0.1,0.065,33.7409,0.006024,0.000322,-0.011873,0.026791,39,480.35,6,9,-16.56
MSFT,2026-08-17,2026-09-25,650.0,C,0.01,0.17,0.09,37.5495,0.00888,0.000407,-0.018573,0.037719,39,480.35,1,30,-16.56
MSFT,2026-08-17,2026-09-25,660.0,C,0.01,0.09,0.05,36.4752,0.005055,0.000255,-0.010959,0.022928,39,480.35,5,74,-16.56
MSFT,2026-08-17,2026-09-25,670.0,C,0.01,0.11,0.06,38.819,0.005739,0.000268,-0.013041,0.025664,39,480.35,8,3,-16.56
MSFT,2026-08-17,2026-09-25,680.0,C,0.01,0.15,0.08,41.6998,0.007088,0.000301,-0.01687,0.030937,39,480.35,9,16,-16.56
MSFT,2026-08-17,2026-09-25,270.0,P,0.03,2.15,1.09,90.1856,-0.017214,0.000301,-0.076425,0.066909,39,480.35,2,30,-16.56
MSFT,2026-08-17,2026-09-25,280.0,P,0.0,2.15,1.075,84.9367,-0.017995,0.000332,-0.074696,0.06949,39,480.35,30,31,-16.56
MSFT,2026-08-17,2026-09-25,290.0,P,0.01,0.16,0.085,57.3246,-0.002493,8.6e-05,-0.008806,0.012157,39,480.35,22,10,-16.56
MSFT,2026-08-17,2026-09-25,300.0,P,0.01,0.11,0.06,51.856,-0.001956,7.6e-05,-0.006386,0.009756,39,480.35,2,5,-16.56
MSFT,2026-08-17,2026-09-25,305.0,P,0.01,0.16,0.085,51.9536,-0.002695,0.000102,-0.008548,0.013042,39,480.35,3,1,-16.56
MSFT,2026-08-17,2026-09-25,310.0,P,0.03,0.12,0.075,52.2466,-0.00376,0.000137,-0.011595,0.017599,39,480.35,1,2,-16.56
MSFT,2026-08-17,2026-09-25,315.0,P,0.01,0.49,0.25,55.1274,-0.007072,0.000227,-0.021455,0.030875,39,480.35,1,1,-16.56
MSFT,2026-08-17,2026-09-25,320.0,P,0.01,0.22,0.115,52.4419,-0.006599,0.000225,-0.019188,0.029045,39,480.35,1,2,-16.56
MSFT,2026-08-17,2026-09-25,325.0,P,0.01,0.22,0.115,50.5864,-0.006768,0.000238,-0.018914,0.029702,39,480.35,2,6,-16.56
MSFT,2026-08-17,2026-09-25,330.0,P,0.02,0.38,0.2,52.5395,-0.010869,0.000347,-0.02975,0.045002,39,480.35,0,3,-16.56
MSFT,2026-08-17,2026-09-25,335.0,P,0.01,0.35,0.18,50.0982,-0.010535,0.000355,-0.027585,0.043794,39,480.35,2,1,-16.56
MSFT,2026-08-17,2026-09-25,340.0,P,0.1,0.24,0.17,45.8502,-0.008041,0.000306,-0.019909,0.034571,39,480.35,2,4,-16.56
MSFT,2026-08-17,2026-09-25,345.0,P,0.11,0.23,0.17,43.897,-0.008066,0.00032,-0.019098,0.034668,39,480.35,3,2,-16.56
MSFT,2026-08-17,2026-09-25,350.0,P,0.14,0.25,0.195,42.6275,-0.008892,0.000359,-0.020184,0.037764,39,480.35,2,2,-16.56
MSFT,2026-08-17,2026-09-25,355.0,P,0.01,0.29,0.15,41.7975,-0.010428,0.000421,-0.022727,0.043406,39,480.35,3,5,-16.56
MSFT,2026-08-17,2026-09-25,360.0,P,0.03,0.39,0.21,41.8463,-0.013699,0.000533,-0.028803,0.054994,39,480.35,2,7,-16.56
MSFT,2026-08-17,2026-09-25,365.0,P,0.22,0.34,0.28,39.2828,-0.012752,0.000534,-0.025384,0.051695,39,480.35,22,10,-16.56
MSFT,2026-08-17,2026-09-25,370.0,P,0.05,0.59,0.32,40.943,-0.020341,0.000764,-0.03944,0.077123,39,480.35,3,30,-16.56
MSFT,2026-08-17,2026-09-25,375.0,P,0.34,0.44,0.39,37.3297,-0.016899,0.000716,-0.030659,0.065861,39,480.35,7,66,-16.56
MSFT,2026-08-17,2026-09-25,380.0,P,0.39,0.71,0.55,38.5626,-0.02538,0.000978,-0.044648,0.092935,39,480.35,18,51,-16.56
MSFT,2026-08-17,2026-09-25,385.0,P,0.44,0.59,0.515,35.5719,-0.023014,0.000976,-0.037866,0.085602,39,480.35,5,27,-16.56
MSFT,2026-08-17,2026-09-25,390.0,P,0.59,0.69,0.64,34.7541,-0.027065,0.001145,-0.042316,0.098066,39,480.35,1,16,-16.56
MSFT,2026-08-17,2026-09-25,395.0,P,0.69,0.81,0.75,33.9606,-0.031911,0.001343,-0.04733,0.11244,39,480.35,2,12,-16.56
MSFT,2026-08-17,2026-09-25,400.0,P,0.83,0.95,0.89,33.155,-0.037561,0.001573,-0.052727,0.128546,39,480.35,17,21,-16.56
MSFT,2026-08-17,2026-09-25,405.0,P,0.81,1.35,1.08,33.7165,-0.050587,0.001966,-0.068071,0.163453,39,480.35,7,7,-16.56
MSFT,2026-08-17,2026-09-25,410.0,P,1.01,1.39,1.2,31.9892,-0.054296,0.002192,-0.06814,0.172897,39,480.35,12,14,-16.56
MSFT,2026-08-17,2026-09-25,415.0,P,1.34,1.64,1.49,31.2385,-0.064014,0.002555,-0.075528,0.196736,39,480.35,123,87,-16.56
MSFT,2026-08-17,2026-09-25,420.0,P,1.72,1.9,1.81,30.3535,-0.074558,0.002957,-0.082303,0.221265,39,480.35,18,354,-16.56
MSFT,2026-08-17,2026-09-25,425.0,P,2.0,2.41,2.205,30.2131,-0.091912,0.003477,-0.095624,0.258987,39,480.35,14,46,-16.56
MSFT,2026-08-17,2026-09-25,430.0,P,2.34,2.91,2.625,29.7065,-0.10942,0.004016,-0.106426,0.294127,39,480.35,210,141,-16.56
MSFT,2026-08-17,2026-09-25,435.0,P,3.1,3.4,3.25,28.9192,-0.127521,0.004597,-0.114997,0.327751,39,480.35,24,58,-16.56
MSFT,2026-08-17,2026-09-25,440.0,P,3.75,4.15,3.95,28.5804,-0.15192,0.00524,-0.127505,0.369208,39,480.35,192,171,-16.56
MSFT,2026-08-17,2026-09-25,445.0,P,4.5,5.0,4.75,28.1684,-0.178996,0.005912,-0.139091,0.410564,39,480.35,125,101,-16.56
MSFT,2026-08-17,2026-09-25,450.0,P,5.5,6.05,5.775,27.8755,-0.210332,0.006591,-0.151068,0.452941,39,480.35,1696,585,-16.56
MSFT,2026-08-17,2026-09-25,455.0,P,6.55,7.25,6.9,27.5489,-0.244771,0.007264,-0.161654,0.493354,39,480.35,82,149,-16.56
MSFT,2026-08-17,2026-09-25,460.0,P,7.9,8.6,8.25,27.1644,-0.282149,0.007921,-0.170211,0.530508,39,480.35,57,171,-16.56
MSFT,2026-08-17,2026-09-25,465.0,P,8.75,10.4,9.575,27.2194,-0.324922,0.00842,-0.180388,0.565067,39,480.35,51,202,-16.56
MSFT,2026-08-17,2026-09-25,470.0,P,11.05,12.2,11.625,26.8989,-0.368173,0.008925,-0.185034,0.591885,39,480.35,102,259,-16.56
MSFT,2026-08-17,2026-09-25,475.0,P,13.2,14.25,13.725,26.6273,-0.413848,0.009319,-0.187327,0.611739,39,480.35,98,50,-16.56
MSFT,2026-08-17,2026-09-25,480.0,P,15.25,16.65,15.95,26.5419,-0.46121,0.009527,-0.188098,0.623439,39,480.35,92,151,-16.56
MSFT,2026-08-17,2026-09-25,485.0,P,17.6,19.25,18.425,26.4045,-0.509024,0.00962,-0.185365,0.626243,39,480.35,76,93,-16.56
MSFT,2026-08-17,2026-09-25,490.0,P,20.35,22.05,21.2,26.2092,-0.556914,0.009595,-0.179097,0.620018,39,480.35,11,105,-16.56
MSFT,2026-08-17,2026-09-25,495.0,P,23.35,25.35,24.35,26.4595,-0.601936,0.009287,-0.173758,0.605841,39,480.35,35,124,-16.56
MSFT,2026-08-17,2026-09-25,500.0,P,26.5,28.7,27.6,26.4473,-0.646087,0.008955,-0.163748,0.58392,39,480.35,35,63,-16.56
MSFT,2026-08-17,2026-09-25,505.0,P,29.95,32.6,31.275,27.0668,-0.683199,0.008379,-0.157589,0.559135,39,480.35,5,34,-16.56
MSFT,2026-08-17,2026-09-25,510.0,P,33.6,36.25,34.925,26.9233,-0.722948,0.007922,-0.142767,0.525834,39,480.35,3,10,-16.56
MSFT,2026-08-17,2026-09-25,515.0,P,37.7,40.3,39.0,27.2377,-0.755955,0.007335,-0.131255,0.492565,39,480.35,2,8,-16.56
MSFT,2026-08-17,2026-09-25,520.0,P,41.8,44.45,43.125,27.4849,-0.78636,0.006746,-0.118421,0.457095,39,480.35,2,11,-16.56
MSFT,2026-08-17,2026-09-25,525.0,P,46.25,48.8,47.525,27.9182,-0.811918,0.006152,-0.107231,0.423432,39,480.35,8,19,-16.56
MSFT,2026-08-17,2026-09-25,530.0,P,50.7,53.2,51.95,28.2478,-0.835528,0.005585,-0.094942,0.388956,39,480.35,0,15,-16.56
MSFT,2026-08-17,2026-09-25,535.0,P,55.25,57.8,56.525,28.8948,-0.853534,0.005058,-0.086215,0.360304,39,480.35,0,1,-16.56
MSFT,2026-08-17,2026-09-25,540.0,P,59.9,62.45,61.175,29.5295,-0.869371,0.004578,-0.077673,0.333271,39,480.35,1,3,-16.56
MSFT,2026-08-17,2026-09-25,555.0,P,74.25,77.4,75.825,34.0583,-0.886155,0.003604,-0.081302,0.30259,39,480.35,0,1,-16.56
MSFT,2026-08-17,2026-09-25,560.0,P,79.1,82.3,80.7,35.2118,-0.892701,0.003341,-0.079286,0.290014,39,480.35,2,0,-16.56
MSFT,2026-08-17,2026-10-02,425.0,C,58.2,60.65,59.425,35.8435,0.855977,0.003712,-0.18615,0.3869,46,480.35,5,1,-16.56
MSFT,2026-08-17,2026-10-02,430.0,C,53.85,56.55,55.2,35.6208,0.835413,0.00408,-0.198459,0.422615,46,480.35,6,1,-16.56
MSFT,2026-08-17,2026-10-02,440.0,C,45.3,47.85,46.575,33.4968,0.798576,0.004922,-0.208487,0.479445,46,480.35,8,17,-16.56
MSFT,2026-08-17,2026-10-02,445.0,C,41.3,43.75,42.525,32.6911,0.775446,0.005374,-0.214742,0.510854,46,480.35,2,12,-16.56
MSFT,2026-08-17,2026-10-02,450.0,C,37.45,39.65,38.55,31.6932,0.75106,0.005867,-0.218704,0.54067,46,480.35,4,4,-16.56
MSFT,2026-08-17,2026-10-02,455.0,C,33.65,35.45,34.55,30.3474,0.725893,0.006437,-0.219042,0.568085,46,480.35,0,4,-16.56
MSFT,2026-08-17,2026-10-02,460.0,C,30.25,32.35,31.3,30.6129,0.689913,0.006759,-0.230428,0.601678,46,480.35,10,5,-16.56
MSFT,2026-08-17,2026-10-02,465.0,C,26.75,29.35,28.05,30.7197,0.653626,0.007044,-0.238865,0.629214,46,480.35,6,10,-16.56
MSFT,2026-08-17,2026-10-02,470.0,C,23.9,25.55,24.725,29.3373,0.620209,0.00761,-0.234539,0.649178,46,480.35,12,4,-16.56
MSFT,2026-08-17,2026-10-02,480.0,C,18.4,19.8,19.1,28.556,0.541381,0.008148,-0.234306,0.676637,46,480.35,46,3,-16.56
MSFT,2026-08-17,2026-10-02,485.0,C,15.95,17.35,16.65,28.3546,0.500393,0.008251,-0.232213,0.680299,46,480.35,630,12,-16.56
MSFT,2026-08-17,2026-10-02,490.0,C,13.8,15.1,14.45,28.1532,0.45924,0.008266,-0.227867,0.676746,46,480.35,19,2,-16.56
MSFT,2026-08-17,2026-10-02,495.0,C,12.3,13.1,12.7,28.025,0.418663,0.008174,-0.221918,0.666111,46,480.35,17,2,-16.56
MSFT,2026-08-17,2026-10-02,500.0,C,10.0,11.05,10.525,27.5215,0.376858,0.008092,-0.210921,0.647628,46,480.35,27,7,-16.56
MSFT,2026-08-17,2026-10-02,510.0,C,7.35,8.1,7.725,27.4299,0.302063,0.007456,-0.191176,0.59474,46,480.35,60,4,-16.56
MSFT,2026-08-17,2026-10-02,515.0,C,6.1,7.35,6.725,28.2356,0.274855,0.006928,-0.187193,0.568849,46,480.35,7,1,-16.56
MSFT,2026-08-17,2026-10-02,520.0,C,5.1,5.85,5.475,27.4299,0.236413,0.006592,-0.167651,0.525764,46,480.35,76,5,-16.56
MSFT,2026-08-17,2026-10-02,525.0,C,3.85,5.2,4.525,27.9823,0.212404,0.00608,-0.160274,0.494747,46,480.35,4,10,-16.56
MSFT,2026-08-17,2026-10-02,530.0,C,3.65,4.6,4.125,28.4584,0.19027,0.005597,-0.152047,0.463152,46,480.35,27,26,-16.56
MSFT,2026-08-17,2026-10-02,535.0,C,3.05,3.55,3.3,27.6619,0.158501,0.005126,-0.131328,0.412359,46,480.35,4,2,-16.56
MSFT,2026-08-17,2026-10-02,540.0,C,2.55,2.97,2.76,27.6985,0.137024,0.004644,-0.118969,0.374034,46,480.35,9,72,-16.56
MSFT,2026-08-17,2026-10-02,545.0,C,2.12,2.56,2.34,27.9914,0.120186,0.004195,-0.109483,0.341493,46,480.35,0,4,-16.56
MSFT,2026-08-17,2026-10-02,550.0,C,1.85,2.08,1.965,27.8572,0.101591,0.003737,-0.096394,0.302734,46,480.35,15108,53,-16.56
MSFT,2026-08-17,2026-10-02,555.0,C,1.13,2.04,1.585,29.0657,0.096264,0.003443,-0.096421,0.291037,46,480.35,15,6,-16.56
MSFT,2026-08-17,2026-10-02,560.0,C,1.22,1.57,1.395,28.5713,0.078406,0.003005,-0.081193,0.24968,46,480.35,27,8,-16.56
MSFT,2026-08-17,2026-10-02,570.0,C,0.66,1.06,0.86,28.5896,0.055997,0.002314,-0.062406,0.192405,46,480.35,11,1,-16.56
MSFT,2026-08-17,2026-10-02,580.0,C,0.42,0.74,0.58,28.8581,0.040639,0.001774,-0.048592,0.148852,46,480.35,3,17,-16.56
MSFT,2026-08-17,2026-10-02,590.0,C,0.34,0.69,0.515,30.5793,0.036189,0.001523,-0.046703,0.135425,46,480.35,0,1,-16.56
MSFT,2026-08-17,2026-10-02,630.0,C,0.01,0.16,0.085,31.2995,0.009559,0.00048,-0.015314,0.043694,46,480.35,36,10,-16.56
MSFT,2026-08-17,2026-10-02,335.0,P,0.06,0.21,0.135,43.1646,-0.006968,0.000264,-0.015171,0.033097,46,480.35,5,10,-16.56
MSFT,2026-08-17,2026-10-02,340.0,P,0.02,0.28,0.15,43.1646,-0.009083,0.000333,-0.019137,0.041783,46,480.35,1,10,-16.56
MSFT,2026-08-17,2026-10-02,345.0,P,0.01,0.29,0.15,41.7486,-0.009675,0.000364,-0.019541,0.044155,46,480.35,2,10,-16.56
MSFT,2026-08-17,2026-10-02,400.0,P,1.03,1.27,1.15,32.4775,-0.045919,0.00174,-0.055647,0.164286,46,480.35,18,6,-16.56
MSFT,2026-08-17,2026-10-02,405.0,P,1.2,1.55,1.375,32.093,-0.055293,0.002041,-0.06362,0.190493,46,480.35,3,2,-16.56
MSFT,2026-08-17,2026-10-02,410.0,P,1.52,1.83,1.675,31.4887,-0.06498,0.002361,-0.070659,0.216166,46,480.35,14,3,-16.56
MSFT,2026-08-17,2026-10-02,415.0,P,1.77,2.13,1.95,30.7807,-0.075556,0.002712,-0.077347,0.242751,46,480.35,5,1,-16.56
MSFT,2026-08-17,2026-10-02,420.0,P,2.14,2.45,2.295,29.9751,-0.087112,0.003101,-0.083596,0.27027,46,480.35,90,4,-16.56
MSFT,2026-08-17,2026-10-02,425.0,P,2.52,2.99,2.755,29.6882,-0.104092,0.003569,-0.094094,0.308131,46,480.35,28,6,-16.56
MSFT,2026-08-17,2026-10-02,430.0,P,3.25,3.5,3.375,29.0595,-0.120966,0.00406,-0.102149,0.343052,46,480.35,48,12,-16.56
MSFT,2026-08-17,2026-10-02,435.0,P,3.75,4.2,3.975,28.6933,-0.142241,0.004598,-0.112348,0.38366,46,480.35,13,2,-16.56
MSFT,2026-08-17,2026-10-02,440.0,P,3.95,5.2,4.575,28.7361,-0.169325,0.005151,-0.125719,0.430423,46,480.35,57,11,-16.56
MSFT,2026-08-17,2026-10-02,445.0,P,5.4,5.95,5.675,27.9487,-0.192952,0.005748,-0.131969,0.46714,46,480.35,133,9,-16.56
MSFT,2026-08-17,2026-10-02,450.0,P,5.85,6.95,6.4,27.4299,-0.22158,0.006356,-0.139727,0.50699,46,480.35,114,40,-16.56
MSFT,2026-08-17,2026-10-02,455.0,P,7.5,8.45,7.975,27.5276,-0.257387,0.006874,-0.15132,0.550242,46,480.35,13,62,-16.56
MSFT,2026-08-17,2026-10-02,460.0,P,8.45,10.0,9.225,27.375,-0.293892,0.007378,-0.159524,0.587352,46,480.35,40,26,-16.56
MSFT,2026-08-17,2026-10-02,470.0,P,12.2,13.65,12.925,27.0088,-0.373048,0.00822,-0.170066,0.645557,46,480.35,102,38,-16.56
MSFT,2026-08-17,2026-10-02,475.0,P,14.05,16.1,15.075,27.2926,-0.415972,0.008381,-0.175543,0.665153,46,480.35,50,45,-16.56
MSFT,2026-08-17,2026-10-02,480.0,P,16.75,18.1,17.425,26.5999,-0.458444,0.008747,-0.171583,0.676606,46,480.35,45,17,-16.56
MSFT,2026-08-17,2026-10-02,485.0,P,18.95,20.75,19.85,26.5449,-0.502231,0.008813,-0.16985,0.680289,46,480.35,28,3,-16.56
MSFT,2026-08-17,2026-10-02,490.0,P,21.15,24.0,22.575,27.0576,-0.543978,0.008594,-0.170075,0.676162,46,480.35,38,16,-16.56
MSFT,2026-08-17,2026-10-02,495.0,P,24.5,26.65,25.575,26.3801,-0.588676,0.008648,-0.159006,0.663424,46,480.35,29,0,-16.56
MSFT,2026-08-17,2026-10-02,500.0,P,27.45,30.2,28.825,26.7555,-0.627593,0.008293,-0.154167,0.645202,46,480.35,11,10,-16.56
MSFT,2026-08-17,2026-10-02,505.0,P,30.95,33.65,32.3,26.6945,-0.666927,0.007985,-0.144123,0.61984,46,480.35,0,1,-16.56
MSFT,2026-08-17,2026-10-02,510.0,P,34.7,37.3,36.0,26.67,-0.704015,0.007598,-0.132929,0.589275,46,480.35,0,2,-16.56
MSFT,2026-08-17,2026-10-02,515.0,P,38.6,41.15,39.875,26.7128,-0.738216,0.007146,-0.121224,0.555075,46,480.35,0,1,-16.56
MSFT,2026-08-17,2026-10-02,520.0,P,42.65,45.2,43.925,26.8562,-0.768916,0.006648,-0.109706,0.519161,46,480.35,0,1,-16.56
MSFT,2026-08-17,2026-10-02,530.0,P,51.15,53.75,52.45,27.3506,-0.82028,0.005621,-0.087693,0.447023,46,480.35,0,1,-16.56
MSFT,2026-08-17,2026-10-02,535.0,P,55.5,58.2,56.85,27.6771,-0.841353,0.005127,-0.077454,0.412609,46,480.35,0,3,-16.56
MSFT,2026-08-17,2026-10-16,210.0,C,269.15,272.9,271.025,93.9942,0.991289,0.000129,-0.056725,0.046004,60,480.35,2,36,-16.56
MSFT,2026-08-17,2026-10-16,220.0,C,259.2,262.9,261.05,89.5997,0.990562,0.000145,-0.058507,0.049348,60,480.35,4,43,-16.56
MSFT,2026-08-17,2026-10-16,230.0,C,249.3,252.9,251.1,85.7912,0.989518,0.000166,-0.061279,0.054083,60,480.35,2,35,-16.56
MSFT,2026-08-17,2026-10-16,240.0,C,239.4,243.25,241.325,84.6193,0.986508,0.00021,-0.070925,0.067319,60,480.35,2,15,-16.56
MSFT,2026-08-17,2026-10-16,250.0,C,229.45,233.55,231.5,82.3,0.983912,0.000251,-0.078037,0.078323,60,480.35,4,107,-16.56
MSFT,2026-08-17,2026-10-16,260.0,C,219.55,223.4,221.475,77.6125,0.983306,0.000275,-0.077589,0.080844,60,480.35,4,42,-16.56
MSFT,2026-08-17,2026-10-16,270.0,C,209.65,213.25,211.45,73.096,0.982683,0.000301,-0.077093,0.083416,60,480.35,2,21,-16.56
MSFT,2026-08-17,2026-10-16,280.0,C,199.7,203.8,201.75,71.9241,0.978179,0.000372,-0.087887,0.101513,60,480.35,10,28,-16.56
MSFT,2026-08-17,2026-10-16,285.0,C,194.8,198.5,196.65,68.9578,0.978756,0.000379,-0.084613,0.09924,60,480.35,10,27,-16.56
MSFT,2026-08-17,2026-10-16,290.0,C,189.8,193.85,191.825,68.4818,0.976049,0.000423,-0.090602,0.1098,60,480.35,2,29,-16.56
MSFT,2026-08-17,2026-10-16,295.0,C,184.85,188.8,186.825,66.4554,0.975396,0.000446,-0.090611,0.112312,60,480.35,40,114,-16.56
MSFT,2026-08-17,2026-10-16,300.0,C,179.9,183.85,181.875,64.8685,0.974081,0.000477,-0.092268,0.117319,60,480.35,2,292,-16.56
MSFT,2026-08-17,2026-10-16,305.0,C,174.95,179.0,176.975,63.66,0.972088,0.000517,-0.095456,0.124805,60,480.35,2,121,-16.56
MSFT,2026-08-17,2026-10-16,310.0,C,170.05,174.0,172.025,62.0609,0.970653,0.000553,-0.096969,0.130115,60,480.35,1,77,-16.56
MSFT,2026-08-17,2026-10-16,315.0,C,165.1,168.65,166.875,59.058,0.971759,0.000563,-0.092273,0.126025,60,480.35,2,53,-16.56
MSFT,2026-08-17,2026-10-16,320.0,C,160.15,164.0,162.075,58.5575,0.968219,0.000626,-0.098389,0.138995,60,480.35,2,216,-16.56
MSFT,2026-08-17,2026-10-16,325.0,C,155.2,159.15,157.175,57.3002,0.965928,0.000677,-0.101234,0.147201,60,480.35,1,64,-16.56
MSFT,2026-08-17,2026-10-16,330.0,C,150.3,154.0,152.15,55.2495,0.965248,0.000714,-0.100302,0.14961,60,480.35,4,131,-16.56
MSFT,2026-08-17,2026-10-16,335.0,C,145.35,148.85,147.1,53.0888,0.964868,0.00075,-0.098693,0.150953,60,480.35,9,33,-16.56
MSFT,2026-08-17,2026-10-16,340.0,C,140.45,144.05,142.25,52.1367,0.961576,0.000821,-0.102809,0.162424,60,480.35,1,85,-16.56
MSFT,2026-08-17,2026-10-16,345.0,C,135.5,139.3,137.4,51.1113,0.958196,0.000897,-0.106652,0.173941,60,480.35,5,145,-16.56
MSFT,2026-08-17,2026-10-16,350.0,C,130.6,134.25,132.425,57.2941,0.933863,0.001152,-0.151205,0.250279,60,480.35,1,382,-16.56
MSFT,2026-08-17,2026-10-16,355.0,C,125.7,129.2,127.45,55.0847,0.932271,0.00122,-0.149163,0.254927,60,480.35,1,424,-16.56
MSFT,2026-08-17,2026-10-16,360.0,C,120.85,124.35,122.6,53.6137,0.928334,0.001309,-0.151401,0.266262,60,480.35,1,1141,-16.56
MSFT,2026-08-17,2026-10-16,365.0,C,115.95,119.4,117.675,51.7888,0.925327,0.001399,-0.151376,0.274769,60,480.35,1,319,-16.56
MSFT,2026-08-17,2026-10-16,370.0,C,111.1,114.4,112.75,49.7991,0.922753,0.001493,-0.15018,0.28195,60,480.35,7,1030,-16.56
MSFT,2026-08-17,2026-10-16,375.0,C,106.25,109.6,107.925,48.4685,0.917606,0.00161,-0.152983,0.296047,60,480.35,1,1179,-16.56
MSFT,2026-08-17,2026-10-16,380.0,C,101.4,104.4,102.9,45.8746,0.917076,0.00171,-0.147629,0.297479,60,480.35,4,1986,-16.56
MSFT,2026-08-17,2026-10-16,385.0,C,96.65,99.95,98.3,45.5694,0.907075,0.001874,-0.156851,0.323849,60,480.35,7,1341,-16.56
MSFT,2026-08-17,2026-10-16,390.0,C,92.45,95.0,93.725,43.7323,0.902883,0.002017,-0.156089,0.334549,60,480.35,3,2771,-16.56
MSFT,2026-08-17,2026-10-16,395.0,C,87.55,90.15,88.85,42.1637,0.897145,0.002181,-0.156959,0.348871,60,480.35,10,1664,-16.56
MSFT,2026-08-17,2026-10-16,400.0,C,83.0,85.55,84.275,41.2176,0.887883,0.002375,-0.161909,0.371241,60,480.35,13,2967,-16.56
MSFT,2026-08-17,2026-10-16,405.0,C,78.2,80.95,79.575,40.1861,0.878205,0.002583,-0.166227,0.393679,60,480.35,2,3546,-16.56
MSFT,2026-08-17,2026-10-16,410.0,C,73.75,76.35,75.05,39.0814,0.868012,0.002809,-0.169952,0.416336,60,480.35,7,2363,-16.56
MSFT,2026-08-17,2026-10-16,415.0,C,69.2,71.8,70.5,38.0072,0.856684,0.003055,-0.17376,0.440407,60,480.35,6,1533,-16.56
MSFT,2026-08-17,2026-10-16,420.0,C,64.8,67.4,66.1,37.1558,0.843024,0.003321,-0.178951,0.467966,60,480.35,21,4455,-16.56
MSFT,2026-08-17,2026-10-16,425.0,C,60.45,62.65,61.55,35.5231,0.832553,0.003622,-0.178505,0.488063,60,480.35,9,1338,-16.56
MSFT,2026-08-17,2026-10-16,430.0,C,56.25,58.3,57.275,34.5862,0.816782,0.003939,-0.182634,0.516734,60,480.35,37,1201,-16.56
MSFT,2026-08-17,2026-10-16,435.0,C,52.0,54.4,53.2,34.3177,0.795613,0.004244,-0.191035,0.552361,60,480.35,35,1045,-16.56
MSFT,2026-08-17,2026-10-16,440.0,C,47.95,50.05,49.0,33.1275,0.778081,0.004612,-0.192646,0.579528,60,480.35,844,2281,-16.56
MSFT,2026-08-17,2026-10-16,445.0,C,44.15,46.55,45.35,33.1641,0.752063,0.004898,-0.202041,0.61616,60,480.35,47,1124,-16.56
MSFT,2026-08-17,2026-10-16,450.0,C,40.3,42.7,41.5,32.4592,0.728405,0.005246,-0.205693,0.645842,60,480.35,107,7628,-16.56
MSFT,2026-08-17,2026-10-16,455.0,C,36.7,38.8,37.75,31.5253,0.703922,0.005629,-0.207035,0.673098,60,480.35,11,1107,-16.56
MSFT,2026-08-17,2026-10-16,460.0,C,33.8,35.55,34.675,31.3392,0.674411,0.005901,-0.212299,0.701469,60,480.35,99,3710,-16.56
MSFT,2026-08-17,2026-10-16,465.0,C,30.2,32.15,31.175,30.7441,0.644946,0.006218,-0.213789,0.725094,60,480.35,41,1482,-16.56
MSFT,2026-08-17,2026-10-16,470.0,C,27.25,28.8,28.025,30.0269,0.614013,0.006541,-0.213278,0.745008,60,480.35,108,4275,-16.56
MSFT,2026-08-17,2026-10-16,475.0,C,24.75,25.6,25.175,29.3128,0.581168,0.006843,-0.211439,0.76082,60,480.35,225,1580,-16.56
MSFT,2026-08-17,2026-10-16,480.0,C,22.4,22.8,22.6,28.9009,0.546474,0.00704,-0.210044,0.771679,60,480.35,512,3382,-16.56
MSFT,2026-08-17,2026-10-16,485.0,C,19.75,20.25,20.0,28.5926,0.510917,0.007162,-0.207785,0.776666,60,480.35,399,1444,-16.56
MSFT,2026-08-17,2026-10-16,490.0,C,17.35,18.05,17.7,28.5072,0.475427,0.007172,-0.205453,0.775483,60,480.35,524,2533,-16.56
MSFT,2026-08-17,2026-10-16,495.0,C,15.05,15.95,15.5,28.3302,0.439938,0.007148,-0.201067,0.768135,60,480.35,207,2125,-16.56
MSFT,2026-08-17,2026-10-16,500.0,C,13.65,14.15,13.9,28.3241,0.405668,0.007029,-0.196481,0.755134,60,480.35,1029,21769,-16.56
MSFT,2026-08-17,2026-10-16,505.0,C,11.55,12.15,11.85,27.8266,0.369492,0.006964,-0.187131,0.735003,60,480.35,255,1288,-16.56
MSFT,2026-08-17,2026-10-16,510.0,C,10.4,10.65,10.525,27.79,0.336794,0.006745,-0.179914,0.710997,60,480.35,423,26144,-16.56
MSFT,2026-08-17,2026-10-16,515.0,C,8.95,9.2,9.075,27.6069,0.30435,0.006509,-0.170625,0.681535,60,480.35,163,599,-16.56
MSFT,2026-08-17,2026-10-16,520.0,C,7.55,8.4,7.975,28.2081,0.279916,0.006127,-0.166814,0.655493,60,480.35,436,5531,-16.56
MSFT,2026-08-17,2026-10-16,525.0,C,6.7,7.15,6.925,27.9243,0.249934,0.005842,-0.155397,0.618797,60,480.35,119,1264,-16.56
MSFT,2026-08-17,2026-10-16,530.0,C,5.8,6.1,5.95,27.7504,0.222469,0.005514,-0.144383,0.580349,60,480.35,810,5503,-16.56
MSFT,2026-08-17,2026-10-16,535.0,C,4.9,5.2,5.05,27.6313,0.197255,0.005159,-0.133549,0.540711,60,480.35,91,630,-16.56
MSFT,2026-08-17,2026-10-16,540.0,C,4.3,4.55,4.425,27.7992,0.176656,0.00479,-0.125107,0.505033,60,480.35,579,2464,-16.56
MSFT,2026-08-17,2026-10-16,545.0,C,3.3,3.95,3.625,27.909,0.157319,0.004427,-0.116228,0.468639,60,480.35,137,1919,-16.56
MSFT,2026-08-17,2026-10-16,550.0,C,3.2,3.4,3.3,27.9609,0.139178,0.004071,-0.10701,0.431746,60,480.35,1145,53710,-16.56
MSFT,2026-08-17,2026-10-16,555.0,C,2.66,2.9,2.78,27.967,0.122299,0.003722,-0.097659,0.394824,60,480.35,61,826,-16.56
MSFT,2026-08-17,2026-10-16,560.0,C,2.29,2.49,2.39,28.0372,0.107623,0.00339,-0.0892,0.3605,60,480.35,106,6590,-16.56
MSFT,2026-08-17,2026-10-16,565.0,C,1.96,2.21,2.085,28.3515,0.096528,0.003097,-0.083151,0.333057,60,480.35,20,236,-16.56
MSFT,2026-08-17,2026-10-16,570.0,C,1.7,2.03,1.865,28.8887,0.088435,0.002849,-0.079236,0.31216,60,480.35,277,16702,-16.56
MSFT,2026-08-17,2026-10-16,575.0,C,1.45,1.76,1.605,29.0229,0.078112,0.002583,-0.072384,0.284343,60,480.35,39,669,-16.56
MSFT,2026-08-17,2026-10-16,580.0,C,1.25,1.55,1.4,29.2549,0.06961,0.002346,-0.066698,0.260369,60,480.35,29,2586,-16.56
MSFT,2026-08-17,2026-10-16,585.0,C,1.08,1.23,1.155,28.8703,0.057825,0.002058,-0.056904,0.225371,60,480.35,10,167,-16.56
MSFT,2026-08-17,2026-10-16,590.0,C,0.92,1.06,0.99,28.9985,0.050688,0.001846,-0.051424,0.203062,60,480.35,562,900,-16.56
MSFT,2026-08-17,2026-10-16,595.0,C,0.79,0.91,0.85,29.1023,0.04424,0.00165,-0.046215,0.182085,60,480.35,31,117,-16.56
MSFT,2026-08-17,2026-10-16,600.0,C,0.7,0.76,0.73,29.0779,0.037868,0.001455,-0.040655,0.160505,60,480.35,84,4139,-16.56
MSFT,2026-08-17,2026-10-16,605.0,C,0.58,0.9,0.74,30.8479,0.041507,0.001478,-0.046381,0.172938,60,480.35,2,78,-16.56
MSFT,2026-08-17,2026-10-16,610.0,C,0.51,0.59,0.55,29.5661,0.029879,0.001178,-0.033931,0.132069,60,480.35,503,595,-16.56
MSFT,2026-08-17,2026-10-16,615.0,C,0.44,0.52,0.48,29.7981,0.026522,0.001058,-0.030933,0.119596,60,480.35,6,165,-16.56
MSFT,2026-08-17,2026-10-16,620.0,C,0.25,0.46,0.355,30.0422,0.023609,0.000952,-0.028259,0.108484,60,480.35,206,3591,-16.56
MSFT,2026-08-17,2026-10-16,625.0,C,0.32,0.41,0.365,30.3108,0.021126,0.000859,-0.025934,0.098776,60,480.35,3,87,-16.56
MSFT,2026-08-17,2026-10-16,630.0,C,0.2,0.55,0.375,32.4592,0.025664,0.000945,-0.032664,0.116353,60,480.35,11,229,-16.56
MSFT,2026-08-17,2026-10-16,635.0,C,0.12,0.3,0.21,30.4939,0.015917,0.000671,-0.020465,0.07761,60,480.35,12,151,-16.56
MSFT,2026-08-17,2026-10-16,640.0,C,0.13,0.27,0.2,30.7868,0.014346,0.000608,-0.018879,0.070977,60,480.35,14,925,-16.56
MSFT,2026-08-17,2026-10-16,645.0,C,0.15,0.27,0.21,31.4948,0.014023,0.000583,-0.018921,0.069602,60,480.35,2,166,-16.56
MSFT,2026-08-17,2026-10-16,650.0,C,0.15,0.21,0.18,31.1774,0.011263,0.000487,-0.015484,0.057573,60,480.35,14,57,-16.56
MSFT,2026-08-17,2026-10-16,655.0,C,0.02,0.22,0.12,32.0319,0.01142,0.00048,-0.016086,0.058269,60,480.35,5,208,-16.56
MSFT,2026-08-17,2026-10-16,660.0,C,0.11,0.18,0.145,31.9343,0.009585,0.000413,-0.013759,0.050021,60,480.35,164,2414,-16.56
MSFT,2026-08-17,2026-10-16,665.0,C,0.1,0.15,0.125,31.8854,0.0081,0.000357,-0.011847,0.04316,60,480.35,30,173,-16.56
MSFT,2026-08-17,2026-10-16,670.0,C,0.08,0.17,0.125,33.0085,0.008797,0.000371,-0.013174,0.046401,60,480.35,5,26,-16.56
MSFT,2026-08-17,2026-10-16,675.0,C,0.03,0.18,0.105,33.8874,0.009062,0.000371,-0.013871,0.047623,60,480.35,5,193,-16.56
MSFT,2026-08-17,2026-10-16,680.0,C,0.06,0.12,0.09,32.9597,0.006412,0.000281,-0.009945,0.035119,60,480.35,73,2054,-16.56
MSFT,2026-08-17,2026-10-16,210.0,P,0.0,0.25,0.125,76.5627,-0.002254,4.7e-05,-0.008659,0.01376,60,480.35,400,437,-16.56
MSFT,2026-08-17,2026-10-16,220.0,P,0.0,0.13,0.065,67.9691,-0.001379,3.4e-05,-0.004912,0.0088,60,480.35,3,264,-16.56
MSFT,2026-08-17,2026-10-16,230.0,P,0.0,1.25,0.625,83.6427,-0.00916,0.000152,-0.033005,0.048073,60,480.35,1,1549,-16.56
MSFT,2026-08-17,2026-10-16,240.0,P,0.0,1.24,0.62,79.1262,-0.009584,0.000167,-0.032455,0.050014,60,480.35,156,293,-16.56
MSFT,2026-08-17,2026-10-16,250.0,P,0.01,0.53,0.27,67.0413,-0.00522,0.000115,-0.016071,0.029263,60,480.35,187,1110,-16.56
MSFT,2026-08-17,2026-10-16,260.0,P,0.0,0.16,0.08,55.2739,-0.001999,5.9e-05,-0.005582,0.012344,60,480.35,12,372,-16.56
MSFT,2026-08-17,2026-10-16,270.0,P,0.01,0.3,0.155,55.9575,-0.003686,0.000101,-0.009807,0.021445,60,480.35,31,1444,-16.56
MSFT,2026-08-17,2026-10-16,280.0,P,0.01,0.33,0.17,53.272,-0.004206,0.000119,-0.010494,0.024134,60,480.35,37,1012,-16.56
MSFT,2026-08-17,2026-10-16,285.0,P,0.02,0.35,0.185,52.1489,-0.004614,0.000133,-0.011151,0.026215,60,480.35,6,196,-16.56
MSFT,2026-08-17,2026-10-16,290.0,P,0.07,0.36,0.215,51.5142,-0.005391,0.000154,-0.012645,0.030111,60,480.35,11,1426,-16.56
MSFT,2026-08-17,2026-10-16,295.0,P,0.08,0.14,0.11,47.4615,-0.00389,0.000125,-0.008699,0.022504,60,480.35,4,2528,-16.56
MSFT,2026-08-17,2026-10-16,300.0,P,0.1,0.16,0.13,46.6802,-0.004474,0.000144,-0.00969,0.025505,60,480.35,7,6860,-16.56
MSFT,2026-08-17,2026-10-16,305.0,P,0.05,0.16,0.105,45.1666,-0.004592,0.000152,-0.009588,0.026105,60,480.35,1,1320,-16.56
MSFT,2026-08-17,2026-10-16,310.0,P,0.12,0.19,0.155,44.6295,-0.005473,0.00018,-0.011068,0.030521,60,480.35,3,3175,-16.56
MSFT,2026-08-17,2026-10-16,315.0,P,0.14,0.24,0.19,44.4097,-0.006808,0.00022,-0.013352,0.037032,60,480.35,5,4419,-16.56
MSFT,2026-08-17,2026-10-16,320.0,P,0.16,0.23,0.195,42.6764,-0.00677,0.000228,-0.012755,0.036847,60,480.35,4,6444,-16.56
MSFT,2026-08-17,2026-10-16,325.0,P,0.09,0.45,0.27,45.1666,-0.011964,0.000354,-0.022214,0.060673,60,480.35,3,1759,-16.56
MSFT,2026-08-17,2026-10-16,330.0,P,0.2,0.47,0.335,43.897,-0.012789,0.000386,-0.022849,0.064276,60,480.35,21,2608,-16.56
MSFT,2026-08-17,2026-10-16,335.0,P,0.18,0.34,0.26,40.4059,-0.0102,0.000345,-0.017256,0.05281,60,480.35,1,1567,-16.56
MSFT,2026-08-17,2026-10-16,340.0,P,0.12,0.38,0.25,39.5514,-0.011509,0.000391,-0.018742,0.058665,60,480.35,16,1975,-16.56
MSFT,2026-08-17,2026-10-16,345.0,P,0.34,0.42,0.38,38.6237,-0.012851,0.000441,-0.020113,0.064547,60,480.35,10,2010,-16.56
MSFT,2026-08-17,2026-10-16,350.0,P,0.39,0.47,0.43,37.7936,-0.014541,0.000501,-0.021867,0.071808,60,480.35,52,5119,-16.56
MSFT,2026-08-17,2026-10-16,355.0,P,0.46,0.55,0.505,37.2077,-0.016989,0.000581,-0.02457,0.082064,60,480.35,33,1859,-16.56
MSFT,2026-08-17,2026-10-16,360.0,P,0.56,0.63,0.595,36.5241,-0.019568,0.000668,-0.027165,0.092563,60,480.35,70,4856,-16.56
MSFT,2026-08-17,2026-10-16,365.0,P,0.61,0.87,0.74,37.0246,-0.025887,0.000835,-0.034822,0.117197,60,480.35,49,2210,-16.56
MSFT,2026-08-17,2026-10-16,370.0,P,0.74,0.85,0.795,35.3156,-0.026372,0.000889,-0.033671,0.11903,60,480.35,52,3637,-16.56
MSFT,2026-08-17,2026-10-16,375.0,P,0.86,0.96,0.91,34.5466,-0.029976,0.001011,-0.03658,0.132427,60,480.35,19,1566,-16.56
MSFT,2026-08-17,2026-10-16,380.0,P,1.0,1.14,1.07,34.1071,-0.035318,0.001172,-0.041271,0.151608,60,480.35,41,4876,-16.56
MSFT,2026-08-17,2026-10-16,385.0,P,1.16,1.45,1.305,34.1864,-0.043668,0.00139,-0.049077,0.180184,60,480.35,25,2216,-16.56
MSFT,2026-08-17,2026-10-16,390.0,P,1.35,1.48,1.415,32.7033,-0.046121,0.001518,-0.048937,0.188289,60,480.35,91,5305,-16.56
MSFT,2026-08-17,2026-10-16,395.0,P,1.6,1.75,1.675,32.2822,-0.05407,0.001746,-0.054713,0.213746,60,480.35,41,1821,-16.56
MSFT,2026-08-17,2026-10-16,400.0,P,1.86,2.0,1.93,31.6169,-0.061834,0.001981,-0.059392,0.237522,60,480.35,225,4837,-16.56
MSFT,2026-08-17,2026-10-16,405.0,P,2.09,2.36,2.225,31.208,-0.072161,0.002261,-0.065887,0.267669,60,480.35,28,1791,-16.56
MSFT,2026-08-17,2026-10-16,410.0,P,2.55,2.74,2.645,30.6892,-0.083205,0.002562,-0.071975,0.298237,60,480.35,274,4543,-16.56
MSFT,2026-08-17,2026-10-16,415.0,P,2.98,3.2,3.09,30.2375,-0.096153,0.002896,-0.078714,0.332107,60,480.35,52,1362,-16.56
MSFT,2026-08-17,2026-10-16,420.0,P,3.5,3.7,3.6,29.7126,-0.110239,0.003255,-0.085115,0.366779,60,480.35,257,2896,-16.56
MSFT,2026-08-17,2026-10-16,425.0,P,4.05,4.4,4.225,29.4929,-0.128288,0.003649,-0.093685,0.408224,60,480.35,141,788,-16.56
MSFT,2026-08-17,2026-10-16,430.0,P,4.65,5.05,4.85,28.9466,-0.145933,0.00406,-0.099974,0.445808,60,480.35,473,1858,-16.56
MSFT,2026-08-17,2026-10-16,435.0,P,5.55,6.05,5.8,28.907,-0.169364,0.004484,-0.109635,0.491649,60,480.35,157,1161,-16.56
MSFT,2026-08-17,2026-10-16,440.0,P,6.5,6.85,6.675,28.2691,-0.190532,0.004937,-0.114811,0.529404,60,480.35,1055,1943,-16.56
MSFT,2026-08-17,2026-10-16,445.0,P,7.3,8.0,7.65,28.0433,-0.216904,0.005377,-0.122369,0.571968,60,480.35,591,890,-16.56
MSFT,2026-08-17,2026-10-16,450.0,P,8.6,9.35,8.975,27.909,-0.245988,0.005796,-0.129859,0.613564,60,480.35,587,1885,-16.56
MSFT,2026-08-17,2026-10-16,455.0,P,10.1,10.7,10.4,27.5367,-0.275599,0.006229,-0.13487,0.650536,60,480.35,590,812,-16.56
MSFT,2026-08-17,2026-10-16,460.0,P,11.6,12.1,11.85,27.021,-0.306614,0.006672,-0.137917,0.683779,60,480.35,498,1866,-16.56
MSFT,2026-08-17,2026-10-16,465.0,P,13.3,14.3,13.8,27.3811,-0.343514,0.006898,-0.145402,0.71639,60,480.35,368,780,-16.56
MSFT,2026-08-17,2026-10-16,470.0,P,14.65,15.9,15.275,26.6823,-0.377631,0.007313,-0.144691,0.740114,60,480.35,253,1107,-16.56
MSFT,2026-08-17,2026-10-16,475.0,P,16.65,18.1,17.375,26.5449,-0.415102,0.007541,-0.146051,0.759297,60,480.35,139,422,-16.56
MSFT,2026-08-17,2026-10-16,480.0,P,19.6,19.95,19.775,25.7149,-0.45323,0.007911,-0.141404,0.771612,60,480.35,345,1838,-16.56
MSFT,2026-08-17,2026-10-16,485.0,P,21.6,23.0,22.3,26.1757,-0.492164,0.007824,-0.143307,0.776807,60,480.35,114,493,-16.56
MSFT,2026-08-17,2026-10-16,490.0,P,24.45,26.05,25.25,26.3954,-0.53008,0.007739,-0.142132,0.774748,60,480.35,233,1583,-16.56
MSFT,2026-08-17,2026-10-16,495.0,P,27.4,28.8,28.1,25.9895,-0.569325,0.007762,-0.135265,0.765197,60,480.35,103,973,-16.56
MSFT,2026-08-17,2026-10-16,500.0,P,30.6,31.5,31.05,25.254,-0.610616,0.007797,-0.12445,0.746896,60,480.35,260,1771,-16.56
MSFT,2026-08-17,2026-10-16,505.0,P,33.9,35.7,34.8,26.3191,-0.640043,0.007298,-0.125213,0.72858,60,480.35,15,333,-16.56
MSFT,2026-08-17,2026-10-16,510.0,P,36.75,39.05,37.9,26.0017,-0.676416,0.007095,-0.114926,0.699692,60,480.35,14,412,-16.56
MSFT,2026-08-17,2026-10-16,515.0,P,40.25,42.9,41.575,26.1848,-0.707349,0.006741,-0.107516,0.669489,60,480.35,4,97,-16.56
MSFT,2026-08-17,2026-10-16,520.0,P,44.5,46.8,45.65,26.2398,-0.737322,0.006381,-0.098446,0.635049,60,480.35,36,111,-16.56
MSFT,2026-08-17,2026-10-16,525.0,P,48.25,50.8,49.525,26.252,-0.765674,0.006001,-0.088525,0.597533,60,480.35,58,161,-16.56
MSFT,2026-08-17,2026-10-16,530.0,P,52.45,55.05,53.75,26.5022,-0.7896,0.00559,-0.080316,0.561911,60,480.35,9,19,-16.56
MSFT,2026-08-17,2026-10-16,535.0,P,56.95,59.3,58.125,26.5785,-0.813146,0.005189,-0.070502,0.52308,60,480.35,2,68,-16.56
MSFT,2026-08-17,2026-10-16,540.0,P,61.15,63.65,62.4,26.667,-0.834544,0.004788,-0.060796,0.484309,60,480.35,55,117,-16.56
MSFT,2026-08-17,2026-10-16,545.0,P,65.7,68.3,67.0,27.256,-0.849036,0.004411,-0.055578,0.456028,60,480.35,1,5,-16.56
MSFT,2026-08-17,2026-10-16,550.0,P,70.3,72.8,71.55,27.375,-0.866419,0.004043,-0.046467,0.41979,60,480.35,3,131,-16.56
MSFT,2026-08-17,2026-10-16,555.0,P,75.0,77.5,76.25,27.8572,-0.878718,0.003715,-0.040751,0.392512,60,480.35,1,2,-16.56
MSFT,2026-08-17,2026-10-16,560.0,P,79.6,82.25,80.925,28.3821,-0.889302,0.003417,-0.035648,0.367873,60,480.35,4,0,-16.56
MSFT,2026-08-17,2026-10-16,565.0,P,84.6,87.05,85.825,28.9649,-0.898237,0.003151,-0.031281,0.346175,60,480.35,54,33,-16.56
MSFT,2026-08-17,2026-10-16,570.0,P,89.45,91.9,90.675,29.6394,-0.90545,0.002918,-0.027903,0.32802,60,480.35,2,1,-16.56
MSFT,2026-08-17,2026-10-16,575.0,P,94.25,97.35,95.8,32.1479,-0.897602,0.002852,-0.039876,0.347743,60,480.35,2,64,-16.56
MSFT,2026-08-17,2026-10-16,580.0,P,99.0,102.2,100.6,32.801,-0.904095,0.002664,-0.036518,0.331476,60,480.35,2,4,-16.56
MSFT,2026-08-17,2026-10-16,585.0,P,104.0,106.7,105.35,32.215,-0.918808,0.002396,-0.023345,0.292786,60,480.35,2,2,-16.56
MSFT,2026-08-17,2026-10-16,600.0,P,118.4,122.15,120.275,36.8964,-0.91486,0.002168,-0.036674,0.303429,60,480.35,37,39,-16.56
MSFT,2026-08-17,2026-10-16,620.0,P,138.7,142.15,140.425,40.8941,-0.922137,0.001829,-0.037675,0.283655,60,480.35,2,1,-16.56
MSFT,2026-08-17,2026-10-16,625.0,P,143.55,147.15,145.35,41.8585,-0.923692,0.001759,-0.03787,0.27934,60,480.35,0,3,-16.56
MSFT,2026-08-17,2026-10-16,635.0,P,153.65,157.15,155.4,43.7506,-0.926537,0.001635,-0.038219,0.271359,60,480.35,0,1,-16.56
MSFT,2026-08-17,2026-10-16,640.0,P,158.7,162.1,160.4,44.483,-0.928831,0.00157,-0.036849,0.264843,60,480.35,6,5,-16.56
MSFT,2026-08-17,2026-10-16,650.0,P,168.9,172.1,170.5,46.2957,-0.931239,0.001469,-0.037054,0.257919,60,480.35,0,11,-16.56
MSFT,2026-08-17,2026-10-16,655.0,P,173.7,177.1,175.4,47.1807,-0.932377,0.001423,-0.037099,0.254618,60,480.35,0,0,-16.56
