symbol,quote_date,expiration,strike,option_type,bid,ask,mid,implied_volatility,delta,gamma,theta,vega,dte,underlying_price,volume,open_interest,iv_rank
MSFT,2026-09-26,2026-10-05,430.0,C,85.15,88.3,86.725,59.0824,0.978615,0.00107,-0.182955,0.041534,9,516.17,0,1,4.21
MSFT,2026-09-26,2026-10-05,435.0,C,79.95,83.3,81.625,54.0532,0.980773,0.001069,-0.161286,0.037953,9,516.17,0,3,4.21
MSFT,2026-09-26,2026-10-05,465.0,C,50.85,53.5,52.175,52.1733,0.907831,0.003909,-0.434593,0.133968,9,516.17,0,1,4.21
MSFT,2026-09-26,2026-10-05,470.0,C,45.9,48.55,47.225,48.5479,0.899806,0.004466,-0.43057,0.142448,9,516.17,0,2,4.21
MSFT,2026-09-26,2026-10-05,480.0,C,35.8,38.85,37.325,42.1881,0.873881,0.006058,-0.439464,0.167891,9,516.17,3,22,4.21
MSFT,2026-09-26,2026-10-05,485.0,C,31.35,32.7,32.025,31.8,0.901898,0.006714,-0.296049,0.140267,9,516.17,1,26,4.21
MSFT,2026-09-26,2026-10-05,490.0,C,26.75,29.4,28.075,36.3043,0.831172,0.008562,-0.456413,0.204198,9,516.17,1,22,4.21
MSFT,2026-09-26,2026-10-05,492.5,C,24.5,26.75,25.625,33.4418,0.826206,0.009468,-0.431042,0.208018,9,516.17,20,4,4.21
MSFT,2026-09-26,2026-10-05,495.0,C,22.3,24.95,23.625,34.0461,0.796402,0.010254,-0.47687,0.229352,9,516.17,70,466,4.21
MSFT,2026-09-26,2026-10-05,497.5,C,20.15,22.95,21.55,33.5639,0.771682,0.011116,-0.498901,0.245104,9,516.17,11,131,4.21
MSFT,2026-09-26,2026-10-05,500.0,C,18.1,19.85,18.975,28.8948,0.772253,0.012894,-0.43514,0.244759,9,516.17,803,313,4.21
MSFT,2026-09-26,2026-10-05,502.5,C,16.15,18.85,17.5,31.6596,0.720706,0.013102,-0.518699,0.272508,9,516.17,17,47,4.21
MSFT,2026-09-26,2026-10-05,505.0,C,14.25,16.05,15.15,27.9731,0.706392,0.015185,-0.472538,0.27905,9,516.17,52,37,4.21
MSFT,2026-09-26,2026-10-05,507.5,C,12.5,15.2,13.85,30.445,0.655137,0.014929,-0.541056,0.298585,9,516.17,31,26,4.21
MSFT,2026-09-26,2026-10-05,510.0,C,10.85,13.55,12.2,30.0117,0.617924,0.015679,-0.549482,0.309122,9,516.17,223,543,4.21
MSFT,2026-09-26,2026-10-05,512.5,C,9.95,11.2,10.575,27.2346,0.583829,0.017672,-0.510778,0.316188,9,516.17,92,39,4.21
MSFT,2026-09-26,2026-10-05,515.0,C,8.65,9.0,8.825,24.6773,0.54135,0.019838,-0.471094,0.321615,9,516.17,295,95,4.21
MSFT,2026-09-26,2026-10-05,517.5,C,7.0,9.0,8.0,28.2783,0.494754,0.017404,-0.535451,0.323326,9,516.17,118,16,4.21
MSFT,2026-09-26,2026-10-05,520.0,C,5.45,7.35,6.4,26.7097,0.447744,0.018269,-0.500671,0.320576,9,516.17,353,120,4.21
MSFT,2026-09-26,2026-10-05,522.5,C,4.75,5.95,5.35,25.5256,0.397811,0.018647,-0.465677,0.312687,9,516.17,25,8,4.21
MSFT,2026-09-26,2026-10-05,525.0,C,4.2,5.15,4.675,25.8186,0.354442,0.01778,-0.452436,0.301584,9,516.17,176,57,4.21
MSFT,2026-09-26,2026-10-05,530.0,C,2.08,3.9,2.99,26.667,0.27876,0.015541,-0.418983,0.272255,9,516.17,135,17,4.21
MSFT,2026-09-26,2026-10-05,535.0,C,0.74,2.7,1.72,26.5449,0.207626,0.013306,-0.353862,0.232036,9,516.17,241,14,4.21
MSFT,2026-09-26,2026-10-05,540.0,C,0.73,1.94,1.335,27.0515,0.154426,0.010841,-0.298246,0.192666,9,516.17,66,6,4.21
MSFT,2026-09-26,2026-10-05,550.0,C,0.4,0.95,0.675,27.8694,0.079893,0.006575,-0.190887,0.120376,9,516.17,75,7,4.21
MSFT,2026-09-26,2026-10-05,565.0,C,0.0,2.12,1.06,44.5684,0.107075,0.005105,-0.376082,0.149482,9,516.17,0,2,4.21
MSFT,2026-09-26,2026-10-05,570.0,C,0.0,2.28,1.14,48.5723,0.105774,0.004643,-0.405697,0.148167,9,516.17,0,1,4.21
MSFT,2026-09-26,2026-10-05,445.0,P,0.0,2.17,1.085,56.6166,-0.042306,0.001965,-0.227379,0.073093,9,516.17,1,3,4.21
MSFT,2026-09-26,2026-10-05,450.0,P,0.0,0.74,0.37,49.146,-0.033679,0.001879,-0.163679,0.06068,9,516.17,2,5,4.21
MSFT,2026-09-26,2026-10-05,455.0,P,0.0,2.2,1.1,59.058,-0.078188,0.003052,-0.383859,0.118426,9,516.17,21,23,4.21
MSFT,2026-09-26,2026-10-05,457.5,P,0.0,0.42,0.21,39.7711,-0.023889,0.001745,-0.099339,0.045597,9,516.17,0,1,4.21
MSFT,2026-09-26,2026-10-05,460.0,P,0.0,0.99,0.495,45.3619,-0.047745,0.002704,-0.200207,0.080567,9,516.17,1,8,4.21
MSFT,2026-09-26,2026-10-05,462.5,P,0.0,2.25,1.125,53.6015,-0.087168,0.00365,-0.377509,0.128524,9,516.17,3,2,4.21
MSFT,2026-09-26,2026-10-05,467.5,P,0.02,0.53,0.275,35.279,-0.03336,0.002598,-0.116038,0.060206,9,516.17,7,4,4.21
MSFT,2026-09-26,2026-10-05,470.0,P,0.0,0.68,0.34,35.4987,-0.042095,0.003122,-0.14109,0.072798,9,516.17,3,23,4.21
MSFT,2026-09-26,2026-10-05,472.5,P,0.0,2.38,1.19,46.5826,-0.104053,0.004785,-0.372714,0.146418,9,516.17,10,11,4.21
MSFT,2026-09-26,2026-10-05,475.0,P,0.06,0.4,0.23,28.9802,-0.030646,0.002948,-0.088579,0.056133,9,516.17,48,12,4.21
MSFT,2026-09-26,2026-10-05,477.5,P,0.07,0.78,0.425,31.5925,-0.053182,0.00423,-0.15097,0.087797,9,516.17,9,2,4.21
MSFT,2026-09-26,2026-10-05,480.0,P,0.21,0.61,0.41,28.321,-0.046632,0.004249,-0.121656,0.079059,9,516.17,153,21,4.21
MSFT,2026-09-26,2026-10-05,482.5,P,0.0,1.52,0.76,33.631,-0.092962,0.006102,-0.24641,0.13482,9,516.17,311,12,4.21
MSFT,2026-09-26,2026-10-05,485.0,P,0.27,1.06,0.665,28.7239,-0.076968,0.006201,-0.182215,0.11702,9,516.17,108,84,4.21
MSFT,2026-09-26,2026-10-05,487.5,P,0.7,1.15,0.925,27.552,-0.086018,0.007031,-0.189734,0.127255,9,516.17,79,34,4.21
MSFT,2026-09-26,2026-10-05,490.0,P,0.35,1.25,0.8,26.3557,-0.096431,0.008,-0.197146,0.138509,9,516.17,1316,44,4.21
MSFT,2026-09-26,2026-10-05,492.5,P,0.56,1.99,1.275,28.4553,-0.136679,0.009494,-0.272515,0.177477,9,516.17,30,176,4.21
MSFT,2026-09-26,2026-10-05,495.0,P,1.5,2.02,1.76,26.5388,-0.146895,0.010689,-0.26612,0.186356,9,516.17,309,902,4.21
MSFT,2026-09-26,2026-10-05,497.5,P,0.62,2.75,1.685,27.6008,-0.185434,0.011949,-0.321305,0.216669,9,516.17,16,142,4.21
MSFT,2026-09-26,2026-10-05,500.0,P,2.2,2.75,2.475,25.3303,-0.198969,0.013594,-0.306624,0.226212,9,516.17,245,268,4.21
MSFT,2026-09-26,2026-10-05,502.5,P,1.61,4.45,3.03,29.1633,-0.264046,0.013831,-0.413712,0.264996,9,516.17,20,49,4.21
MSFT,2026-09-26,2026-10-05,505.0,P,2.29,4.1,3.195,25.3609,-0.276095,0.016264,-0.365503,0.270979,9,516.17,116,107,4.21
MSFT,2026-09-26,2026-10-05,507.5,P,4.05,5.55,4.8,27.3567,-0.330269,0.016338,-0.4267,0.293627,9,516.17,20,426,4.21
MSFT,2026-09-26,2026-10-05,510.0,P,5.0,5.95,5.475,25.6477,-0.365556,0.01809,-0.412686,0.304813,9,516.17,134,254,4.21
MSFT,2026-09-26,2026-10-05,512.5,P,4.8,7.45,6.125,26.9966,-0.415589,0.017822,-0.449398,0.316088,9,516.17,77,2,4.21
MSFT,2026-09-26,2026-10-05,515.0,P,6.25,8.35,7.3,26.2123,-0.460135,0.018684,-0.441191,0.321738,9,516.17,275,3,4.21
MSFT,2026-09-26,2026-10-05,535.0,P,19.1,21.7,20.4,27.2285,-0.786161,0.013198,-0.309541,0.236084,9,516.17,22,2,4.21
MSFT,2026-09-26,2026-10-09,305.0,C,210.25,213.7,211.975,132.4222,0.987324,0.000254,-0.195659,0.031905,13,516.17,0,1,4.21
MSFT,2026-09-26,2026-10-09,310.0,C,205.2,208.85,207.025,130.0296,0.986319,0.000276,-0.204089,0.034079,13,516.17,0,1,4.21
MSFT,2026-09-26,2026-10-09,355.0,C,160.35,163.7,162.025,99.1699,0.982195,0.000454,-0.20139,0.042724,13,516.17,2,2,4.21
MSFT,2026-09-26,2026-10-09,365.0,C,150.4,153.7,152.05,93.2374,0.980568,0.00052,-0.204496,0.046025,13,516.17,0,1,4.21
MSFT,2026-09-26,2026-10-09,370.0,C,145.65,148.7,147.175,92.1876,0.977729,0.000591,-0.222992,0.051658,13,516.17,0,1,4.21
MSFT,2026-09-26,2026-10-09,375.0,C,140.4,143.75,142.075,87.3781,0.978761,0.000599,-0.207241,0.049629,13,516.17,3,6,4.21
MSFT,2026-09-26,2026-10-09,380.0,C,135.4,138.75,137.075,84.2775,0.978006,0.000639,-0.206653,0.051115,13,516.17,0,1,4.21
MSFT,2026-09-26,2026-10-09,385.0,C,130.4,133.75,132.075,81.2014,0.977212,0.000684,-0.205966,0.052668,13,516.17,1,2,4.21
MSFT,2026-09-26,2026-10-09,395.0,C,120.9,123.8,122.35,78.9065,0.970004,0.000885,-0.243281,0.066274,13,516.17,2,12,4.21
MSFT,2026-09-26,2026-10-09,400.0,C,115.45,118.8,117.125,72.8518,0.97343,0.000867,-0.210793,0.05991,13,516.17,11,21,4.21
MSFT,2026-09-26,2026-10-09,405.0,C,110.65,113.8,112.225,71.1673,0.970207,0.000976,-0.223673,0.065902,13,516.17,2,19,4.21
MSFT,2026-09-26,2026-10-09,410.0,C,105.5,108.8,107.15,67.2122,0.97064,0.001021,-0.21218,0.065106,13,516.17,2,12,4.21
MSFT,2026-09-26,2026-10-09,415.0,C,100.5,103.85,102.175,64.5511,0.96881,0.001117,-0.214272,0.068452,13,516.17,1,14,4.21
MSFT,2026-09-26,2026-10-09,420.0,C,95.55,98.85,97.2,61.89,0.966825,0.001226,-0.216221,0.072029,13,516.17,1,16,4.21
MSFT,2026-09-26,2026-10-09,425.0,C,90.55,93.9,92.225,59.2289,0.96466,0.00135,-0.218028,0.07587,13,516.17,54,73,4.21
MSFT,2026-09-26,2026-10-09,430.0,C,85.6,88.9,87.25,56.5678,0.962287,0.001491,-0.219697,0.080014,13,516.17,101,46,4.21
MSFT,2026-09-26,2026-10-09,435.0,C,80.6,83.95,82.275,53.8823,0.959733,0.001651,-0.220929,0.0844,13,516.17,5,45,4.21
MSFT,2026-09-26,2026-10-09,440.0,C,75.65,78.95,77.3,51.1846,0.956934,0.001835,-0.22186,0.089121,13,516.17,106,20,4.21
MSFT,2026-09-26,2026-10-09,445.0,C,70.65,74.0,72.325,60.3398,0.915048,0.002646,-0.396031,0.151519,13,516.17,53,11,4.21
MSFT,2026-09-26,2026-10-09,450.0,C,65.7,69.05,67.375,57.2148,0.909542,0.002925,-0.394048,0.158787,13,516.17,11,23,4.21
MSFT,2026-09-26,2026-10-09,455.0,C,60.8,64.1,62.45,54.0654,0.903451,0.003248,-0.391298,0.166617,13,516.17,51,9,4.21
MSFT,2026-09-26,2026-10-09,460.0,C,56.5,59.15,57.825,50.8916,0.896645,0.003626,-0.387754,0.175116,13,516.17,4,249,4.21
MSFT,2026-09-26,2026-10-09,465.0,C,51.0,54.25,52.625,47.9314,0.887888,0.004082,-0.38734,0.185684,13,516.17,3,53,4.21
MSFT,2026-09-26,2026-10-09,470.0,C,46.15,49.45,47.8,45.3619,0.875811,0.004637,-0.393141,0.199619,13,516.17,2,50,4.21
MSFT,2026-09-26,2026-10-09,475.0,C,41.3,44.6,42.95,42.4444,0.863425,0.005293,-0.392725,0.213189,13,516.17,61,43,4.21
MSFT,2026-09-26,2026-10-09,477.5,C,39.0,42.3,40.65,41.4679,0.853761,0.005675,-0.400545,0.223301,13,516.17,2,4,4.21
MSFT,2026-09-26,2026-10-09,480.0,C,36.65,39.7,38.175,39.2279,0.850348,0.006092,-0.386642,0.226776,13,516.17,11,48,4.21
MSFT,2026-09-26,2026-10-09,485.0,C,32.6,35.4,34.0,38.1415,0.821592,0.007023,-0.416209,0.254188,13,516.17,12,95,4.21
MSFT,2026-09-26,2026-10-09,487.5,C,30.45,33.1,31.775,36.9025,0.809535,0.00756,-0.41864,0.264743,13,516.17,18,6,4.21
MSFT,2026-09-26,2026-10-09,490.0,C,28.25,30.95,29.6,36.109,0.793568,0.008111,-0.428187,0.277922,13,516.17,85,181,4.21
MSFT,2026-09-26,2026-10-09,492.5,C,26.15,28.45,27.3,34.0766,0.783662,0.008834,-0.416308,0.285658,13,516.17,23,112,4.21
MSFT,2026-09-26,2026-10-09,495.0,C,24.05,26.25,25.15,32.9597,0.766591,0.009535,-0.419237,0.298229,13,516.17,155,333,4.21
MSFT,2026-09-26,2026-10-09,497.5,C,22.45,24.75,23.6,33.8324,0.736182,0.009916,-0.453848,0.318346,13,516.17,40,126,4.21
MSFT,2026-09-26,2026-10-09,500.0,C,20.15,22.45,21.3,32.1723,0.718516,0.010768,-0.445641,0.328755,13,516.17,284,603,4.21
MSFT,2026-09-26,2026-10-09,502.5,C,18.35,20.0,19.175,30.0056,0.701214,0.011873,-0.428279,0.338076,13,516.17,129,170,4.21
MSFT,2026-09-26,2026-10-09,505.0,C,16.6,18.55,17.575,30.4755,0.667982,0.012229,-0.450886,0.35364,13,516.17,457,1265,4.21
MSFT,2026-09-26,2026-10-09,507.5,C,15.35,16.55,15.95,29.2793,0.640734,0.013108,-0.445144,0.364183,13,516.17,69,156,4.21
MSFT,2026-09-26,2026-10-09,510.0,C,13.5,14.8,14.15,28.5652,0.609077,0.013798,-0.444308,0.374005,13,516.17,847,1988,4.21
MSFT,2026-09-26,2026-10-09,512.5,C,12.25,13.1,12.675,27.7961,0.5753,0.01447,-0.439697,0.381679,13,516.17,349,348,4.21
MSFT,2026-09-26,2026-10-09,515.0,C,11.05,11.5,11.275,27.0698,0.539168,0.015056,-0.432414,0.386748,13,516.17,1563,1215,4.21
MSFT,2026-09-26,2026-10-09,517.5,C,9.8,10.65,10.225,27.9914,0.502051,0.014631,-0.446098,0.388617,13,516.17,356,30,4.21
MSFT,2026-09-26,2026-10-09,520.0,C,8.5,9.2,8.85,27.198,0.464096,0.014997,-0.430575,0.387048,13,516.17,1193,1287,4.21
MSFT,2026-09-26,2026-10-09,525.0,C,6.4,7.2,6.8,27.1919,0.391033,0.014496,-0.412896,0.374034,13,516.17,2869,2465,4.21
MSFT,2026-09-26,2026-10-09,530.0,C,5.15,5.35,5.25,26.667,0.318672,0.013742,-0.374433,0.347753,13,516.17,13154,1286,4.21
MSFT,2026-09-26,2026-10-09,535.0,C,3.65,4.25,3.95,27.3872,0.261299,0.012189,-0.348269,0.316786,13,516.17,1883,668,4.21
MSFT,2026-09-26,2026-10-09,540.0,C,2.75,3.2,2.975,27.5154,0.20746,0.010675,-0.306585,0.27874,13,516.17,1555,5467,4.21
MSFT,2026-09-26,2026-10-09,545.0,C,2.01,2.2,2.105,26.9355,0.154997,0.009081,-0.249163,0.232121,13,516.17,614,5561,4.21
MSFT,2026-09-26,2026-10-09,550.0,C,1.5,1.61,1.555,27.1492,0.117992,0.007474,-0.207693,0.192558,13,516.17,1236,896,4.21
MSFT,2026-09-26,2026-10-09,555.0,C,0.98,1.36,1.17,28.4919,0.097649,0.006214,-0.189592,0.168008,13,516.17,382,486,4.21
MSFT,2026-09-26,2026-10-09,560.0,C,0.8,0.9,0.85,28.0647,0.068782,0.004845,-0.143153,0.129038,13,516.17,522,193,4.21
MSFT,2026-09-26,2026-10-09,565.0,C,0.52,0.77,0.645,29.3464,0.05726,0.004017,-0.129477,0.11186,13,516.17,345,157,4.21
MSFT,2026-09-26,2026-10-09,570.0,C,0.43,0.56,0.495,29.615,0.042623,0.003145,-0.103066,0.08838,13,516.17,210,111,4.21
MSFT,2026-09-26,2026-10-09,580.0,C,0.25,0.32,0.285,30.5671,0.024584,0.001935,-0.067383,0.056137,13,516.17,333,233,4.21
MSFT,2026-09-26,2026-10-09,590.0,C,0.14,0.2,0.17,31.9099,0.015166,0.00123,-0.04656,0.037241,13,516.17,133,44,4.21
MSFT,2026-09-26,2026-10-09,600.0,C,0.08,0.14,0.11,33.5944,0.010194,0.000828,-0.034687,0.026401,13,516.17,288,113,4.21
MSFT,2026-09-26,2026-10-09,610.0,C,0.01,0.12,0.065,36.0358,0.008184,0.000637,-0.030652,0.021783,13,516.17,1,428,4.21
MSFT,2026-09-26,2026-10-09,620.0,C,0.02,0.3,0.16,44.1656,0.016182,0.000939,-0.067786,0.039373,13,516.17,5,9,4.21
MSFT,2026-09-26,2026-10-09,630.0,C,0.01,0.1,0.055,41.1139,0.006021,0.000426,-0.026612,0.016615,13,516.17,2,17,4.21
MSFT,2026-09-26,2026-10-09,640.0,C,0.01,0.06,0.035,41.6021,0.003669,0.000271,-0.017297,0.010681,13,516.17,146,14,4.21
MSFT,2026-09-26,2026-10-09,650.0,C,0.0,0.07,0.035,44.9224,0.00391,0.000265,-0.019755,0.011307,13,516.17,12,48,4.21
MSFT,2026-09-26,2026-10-09,660.0,C,0.0,0.06,0.03,46.7779,0.003227,0.000214,-0.017304,0.009517,13,516.17,30,3,4.21
MSFT,2026-09-26,2026-10-09,670.0,C,0.0,0.06,0.03,49.3169,0.003068,0.000194,-0.01742,0.009094,13,516.17,121,2,4.21
MSFT,2026-09-26,2026-10-09,680.0,C,0.0,2.14,1.07,75.635,0.032182,0.000979,-0.206105,0.070247,13,516.17,1,3,4.21
MSFT,2026-09-26,2026-10-09,280.0,P,0.0,2.13,1.065,158.301,-0.013848,0.000229,-0.208782,0.034437,13,516.17,10,11,4.21
MSFT,2026-09-26,2026-10-09,290.0,P,0.0,2.13,1.065,150.1956,-0.014596,0.000253,-0.207234,0.036035,13,516.17,0,10,4.21
MSFT,2026-09-26,2026-10-09,300.0,P,0.0,2.13,1.065,142.3343,-0.015391,0.000279,-0.205492,0.037716,13,516.17,0,11,4.21
MSFT,2026-09-26,2026-10-09,310.0,P,0.0,2.13,1.065,134.7171,-0.016248,0.000309,-0.203691,0.03951,13,516.17,1,4,4.21
MSFT,2026-09-26,2026-10-09,315.0,P,0.0,2.13,1.065,131.0062,-0.01671,0.000326,-0.20286,0.04047,13,516.17,4,15,4.21
MSFT,2026-09-26,2026-10-09,320.0,P,0.0,2.13,1.065,127.3441,-0.017188,0.000343,-0.201972,0.041458,13,516.17,2,4,4.21
MSFT,2026-09-26,2026-10-09,325.0,P,0.0,2.13,1.065,123.7309,-0.017685,0.000362,-0.201041,0.042479,13,516.17,2,17,4.21
MSFT,2026-09-26,2026-10-09,330.0,P,0.0,2.13,1.065,120.1664,-0.018203,0.000382,-0.200082,0.043538,13,516.17,28,16,4.21
MSFT,2026-09-26,2026-10-09,335.0,P,0.0,2.13,1.065,116.6508,-0.018746,0.000403,-0.19911,0.04464,13,516.17,4,3,4.21
MSFT,2026-09-26,2026-10-09,340.0,P,0.0,2.13,1.065,113.1596,-0.019297,0.000426,-0.197931,0.045754,13,516.17,1,25,4.21
MSFT,2026-09-26,2026-10-09,345.0,P,0.0,2.13,1.065,109.7172,-0.019877,0.000451,-0.196761,0.04692,13,516.17,1,30,4.21
MSFT,2026-09-26,2026-10-09,350.0,P,0.0,2.13,1.065,106.3481,-0.020512,0.000478,-0.19583,0.048188,13,516.17,2,24,4.21
MSFT,2026-09-26,2026-10-09,355.0,P,0.0,2.13,1.065,102.979,-0.021144,0.000506,-0.194512,0.049441,13,516.17,6,45,4.21
MSFT,2026-09-26,2026-10-09,360.0,P,0.0,0.08,0.04,65.2347,-0.001349,7e-05,-0.010746,0.004315,13,516.17,2,32,4.21
MSFT,2026-09-26,2026-10-09,365.0,P,0.0,0.07,0.035,62.3051,-0.001271,6.9e-05,-0.009716,0.004086,13,516.17,1,27,4.21
MSFT,2026-09-26,2026-10-09,370.0,P,0.0,0.05,0.025,58.2035,-0.000971,5.8e-05,-0.007086,0.003191,13,516.17,313,329,4.21
MSFT,2026-09-26,2026-10-09,375.0,P,0.0,2.14,1.07,90.0147,-0.024175,0.000648,-0.190147,0.055352,13,516.17,6,13,4.21
MSFT,2026-09-26,2026-10-09,380.0,P,0.0,0.3,0.15,64.9418,-0.005056,0.000231,-0.035228,0.014225,13,516.17,2,52,4.21
MSFT,2026-09-26,2026-10-09,385.0,P,0.01,0.07,0.04,54.102,-0.001658,0.000101,-0.010739,0.005208,13,516.17,2,28,4.21
MSFT,2026-09-26,2026-10-09,390.0,P,0.02,0.32,0.17,60.9379,-0.006082,0.00029,-0.038929,0.016765,13,516.17,70,22,4.21
MSFT,2026-09-26,2026-10-09,395.0,P,0.02,0.12,0.07,52.7348,-0.002956,0.000176,-0.017661,0.008794,13,516.17,4,23,4.21
MSFT,2026-09-26,2026-10-09,400.0,P,0.01,0.07,0.04,50.3911,-0.003036,0.000188,-0.017279,0.009008,13,516.17,53,28,4.21
MSFT,2026-09-26,2026-10-09,405.0,P,0.01,0.15,0.08,52.7348,-0.006184,0.00034,-0.03414,0.017013,13,516.17,2,17,4.21
MSFT,2026-09-26,2026-10-09,410.0,P,0.01,0.16,0.085,50.7817,-0.006834,0.000386,-0.035893,0.018585,13,516.17,6,156,4.21
MSFT,2026-09-26,2026-10-09,415.0,P,0.01,0.13,0.07,47.1685,-0.006011,0.000371,-0.02974,0.016589,13,516.17,4,38,4.21
MSFT,2026-09-26,2026-10-09,420.0,P,0.01,0.1,0.055,43.4576,-0.005046,0.000344,-0.023439,0.014202,13,516.17,7,439,4.21
MSFT,2026-09-26,2026-10-09,425.0,P,0.01,0.22,0.115,45.6548,-0.010292,0.000615,-0.046139,0.026623,13,516.17,27,120,4.21
MSFT,2026-09-26,2026-10-09,430.0,P,0.02,0.17,0.095,41.6998,-0.008687,0.00058,-0.036301,0.022954,13,516.17,23,186,4.21
MSFT,2026-09-26,2026-10-09,435.0,P,0.04,0.15,0.095,38.7701,-0.008317,0.000601,-0.032455,0.022094,13,516.17,23,493,4.21
MSFT,2026-09-26,2026-10-09,440.0,P,0.07,0.21,0.14,38.1842,-0.011551,0.000812,-0.042548,0.029435,13,516.17,16,139,4.21
MSFT,2026-09-26,2026-10-09,445.0,P,0.07,0.39,0.23,39.4781,-0.020279,0.001274,-0.071262,0.047723,13,516.17,51,192,4.21
MSFT,2026-09-26,2026-10-09,450.0,P,0.11,0.21,0.16,33.4968,-0.013051,0.001029,-0.041386,0.03272,13,516.17,137,755,4.21
MSFT,2026-09-26,2026-10-09,455.0,P,0.2,0.33,0.265,33.4723,-0.020117,0.001492,-0.059836,0.047399,13,516.17,169,731,4.21
MSFT,2026-09-26,2026-10-09,460.0,P,0.22,0.43,0.325,32.4714,-0.026537,0.001942,-0.073181,0.059849,13,516.17,117,295,4.21
MSFT,2026-09-26,2026-10-09,465.0,P,0.41,0.51,0.46,30.9089,-0.03261,0.002421,-0.082504,0.071017,13,516.17,194,324,4.21
MSFT,2026-09-26,2026-10-09,470.0,P,0.53,0.74,0.635,30.5427,-0.046517,0.003272,-0.108655,0.094829,13,516.17,184,772,4.21
MSFT,2026-09-26,2026-10-09,472.5,P,0.65,0.84,0.745,29.9934,-0.053091,0.003702,-0.11843,0.105376,13,516.17,14,40,4.21
MSFT,2026-09-26,2026-10-09,475.0,P,0.7,0.99,0.845,29.7004,-0.062167,0.004233,-0.132618,0.119305,13,516.17,193,706,4.21
MSFT,2026-09-26,2026-10-09,477.5,P,0.79,1.02,0.905,28.4553,-0.0663,0.004645,-0.133362,0.125425,13,516.17,166,375,4.21
MSFT,2026-09-26,2026-10-09,480.0,P,1.07,1.17,1.12,27.9548,-0.076227,0.005263,-0.145612,0.139609,13,516.17,1795,614,4.21
MSFT,2026-09-26,2026-10-09,482.5,P,1.11,1.54,1.325,28.5285,-0.095653,0.006113,-0.175924,0.165478,13,516.17,129,59,4.21
MSFT,2026-09-26,2026-10-09,485.0,P,1.33,1.8,1.565,28.2356,-0.110713,0.006868,-0.193304,0.184022,13,516.17,617,402,4.21
MSFT,2026-09-26,2026-10-09,487.5,P,1.19,2.07,1.63,27.8083,-0.126571,0.007666,-0.208872,0.202283,13,516.17,34,101,4.21
MSFT,2026-09-26,2026-10-09,490.0,P,1.42,2.4,1.91,27.4788,-0.14521,0.008523,-0.226298,0.222244,13,516.17,217,639,4.21
MSFT,2026-09-26,2026-10-09,492.5,P,2.23,2.61,2.42,26.5144,-0.160576,0.009442,-0.232784,0.237575,13,516.17,79,89,4.21
MSFT,2026-09-26,2026-10-09,495.0,P,2.73,3.15,2.94,26.6243,-0.187422,0.010375,-0.257331,0.262129,13,516.17,527,412,4.21
MSFT,2026-09-26,2026-10-09,497.5,P,3.0,4.0,3.5,27.4849,-0.222396,0.011128,-0.29361,0.290227,13,516.17,53,250,4.21
MSFT,2026-09-26,2026-10-09,500.0,P,3.75,4.2,3.975,26.0383,-0.241413,0.012295,-0.289941,0.3038,13,516.17,615,285,4.21
MSFT,2026-09-26,2026-10-09,502.5,P,4.0,5.35,4.675,27.2499,-0.282369,0.012733,-0.328295,0.329253,13,516.17,48,29,4.21
MSFT,2026-09-26,2026-10-09,505.0,P,5.3,6.0,5.65,26.7463,-0.312994,0.013597,-0.336391,0.345102,13,516.17,457,138,4.21
MSFT,2026-09-26,2026-10-09,507.5,P,5.35,7.0,6.175,26.9722,-0.349485,0.01409,-0.353285,0.360624,13,516.17,56,28,4.21
MSFT,2026-09-26,2026-10-09,510.0,P,6.95,7.4,7.175,25.4219,-0.380239,0.015378,-0.340092,0.370977,13,516.17,361,151,4.21
MSFT,2026-09-26,2026-10-09,515.0,P,8.75,9.6,9.175,25.2632,-0.459442,0.016127,-0.348224,0.386613,13,516.17,817,93,4.21
MSFT,2026-09-26,2026-10-09,517.5,P,9.7,10.75,10.225,24.9458,-0.500132,0.016417,-0.342966,0.388623,13,516.17,448,17,4.21
MSFT,2026-09-26,2026-10-09,520.0,P,11.05,12.75,11.9,26.5022,-0.537372,0.015385,-0.362129,0.386916,13,516.17,93,188,4.21
MSFT,2026-09-26,2026-10-09,525.0,P,14.25,15.55,14.9,25.9529,-0.614944,0.01512,-0.33467,0.372378,13,516.17,32,142,4.21
MSFT,2026-09-26,2026-10-09,530.0,P,17.15,18.9,18.025,25.8919,-0.686876,0.014048,-0.302184,0.345163,13,516.17,4,14,4.21
MSFT,2026-09-26,2026-10-09,535.0,P,20.75,23.0,21.875,27.1492,-0.740667,0.012249,-0.28441,0.315556,13,516.17,1,3,4.21
MSFT,2026-09-26,2026-10-09,540.0,P,24.75,27.05,25.9,27.5947,-0.791826,0.010666,-0.247949,0.279306,13,516.17,3,1,4.21
MSFT,2026-09-26,2026-10-09,545.0,P,28.65,31.3,29.975,28.0281,-0.834882,0.009096,-0.209354,0.241924,13,516.17,1,0,4.21
MSFT,2026-09-26,2026-10-09,550.0,P,33.45,35.65,34.55,28.1623,-0.872976,0.007588,-0.165534,0.202787,13,516.17,3,1,4.21
MSFT,2026-09-26,2026-10-09,560.0,P,42.3,45.65,43.975,33.5456,-0.891177,0.00571,-0.178236,0.181762,13,516.17,2,0,4.21
MSFT,2026-09-26,2026-10-09,565.0,P,47.15,50.5,48.825,35.3034,-0.903475,0.004973,-0.168672,0.166587,13,516.17,0,0,4.21
MSFT,2026-09-26,2026-10-16,210.0,C,304.9,308.7,306.8,169.7755,0.993193,9.3e-05,-0.120419,0.022972,20,516.17,75,39,4.21
MSFT,2026-09-26,2026-10-16,220.0,C,294.85,298.65,296.75,159.7658,0.993306,9.7e-05,-0.114439,0.022633,20,516.17,1,42,4.21
MSFT,2026-09-26,2026-10-16,270.0,C,245.1,248.9,247.0,130.8841,0.988564,0.000189,-0.147738,0.036195,20,516.17,1,21,4.21
MSFT,2026-09-26,2026-10-16,280.0,C,234.8,238.8,236.8,119.2875,0.990308,0.00018,-0.123982,0.031334,20,516.17,1,29,4.21
MSFT,2026-09-26,2026-10-16,300.0,C,215.2,218.95,217.075,113.184,0.985704,0.000266,-0.156698,0.043903,20,516.17,1,242,4.21
MSFT,2026-09-26,2026-10-16,310.0,C,204.95,208.95,206.95,104.6391,0.986556,0.000273,-0.142566,0.041637,20,516.17,1,76,4.21
MSFT,2026-09-26,2026-10-16,315.0,C,199.9,203.95,201.925,101.2212,0.986524,0.000282,-0.139783,0.041723,20,516.17,1,53,4.21
MSFT,2026-09-26,2026-10-16,320.0,C,194.9,199.0,196.95,98.8281,0.985812,0.000302,-0.142483,0.043619,20,516.17,2,135,4.21
MSFT,2026-09-26,2026-10-16,330.0,C,184.95,189.0,186.975,93.6768,0.984608,0.000342,-0.145315,0.046782,20,516.17,2,131,4.21
MSFT,2026-09-26,2026-10-16,335.0,C,164.95,168.35,166.65,0.001,1.0,0.0,-0.037272,0.0,20,516.17,9,33,4.21
MSFT,2026-09-26,2026-10-16,340.0,C,175.25,179.05,177.15,91.0645,0.981033,0.000421,-0.163964,0.055925,20,516.17,4,85,4.21
MSFT,2026-09-26,2026-10-16,345.0,C,170.1,174.05,172.075,87.1339,0.981611,0.000428,-0.1559,0.054472,20,516.17,1,143,4.21
MSFT,2026-09-26,2026-10-16,350.0,C,164.95,169.0,166.975,82.8127,0.982681,0.000428,-0.145018,0.051755,20,516.17,3,334,4.21
MSFT,2026-09-26,2026-10-16,355.0,C,160.15,164.1,162.125,82.4953,0.979647,0.000493,-0.160695,0.059377,20,516.17,1,421,4.21
MSFT,2026-09-26,2026-10-16,360.0,C,155.7,159.0,157.35,82.8371,0.975393,0.000576,-0.182839,0.069685,20,516.17,2,1128,4.21
MSFT,2026-09-26,2026-10-16,365.0,C,150.2,154.05,152.125,77.1975,0.978329,0.000556,-0.160117,0.062615,20,516.17,3,307,4.21
MSFT,2026-09-26,2026-10-16,370.0,C,145.45,149.1,147.275,76.5383,0.97502,0.000632,-0.174657,0.07057,20,516.17,1,999,4.21
MSFT,2026-09-26,2026-10-16,375.0,C,140.95,144.0,142.475,76.1965,0.970823,0.000722,-0.192951,0.080335,20,516.17,7,1130,4.21
MSFT,2026-09-26,2026-10-16,380.0,C,136.0,139.05,137.525,74.0725,0.968971,0.000782,-0.196918,0.084541,20,516.17,35,1955,4.21
MSFT,2026-09-26,2026-10-16,385.0,C,131.05,133.9,132.475,70.8987,0.968772,0.000821,-0.191554,0.084989,20,516.17,10,1333,4.21
MSFT,2026-09-26,2026-10-16,390.0,C,126.05,129.25,127.65,69.971,0.964602,0.000922,-0.206051,0.094232,20,516.17,5,2572,4.21
MSFT,2026-09-26,2026-10-16,395.0,C,120.8,124.15,122.475,65.6742,0.966505,0.000939,-0.189743,0.090049,20,516.17,5,1621,4.21
MSFT,2026-09-26,2026-10-16,400.0,C,116.2,117.95,117.075,58.8871,0.973493,0.000863,-0.152074,0.074163,20,516.17,59,2780,4.21
MSFT,2026-09-26,2026-10-16,405.0,C,111.2,114.15,112.675,62.3295,0.959996,0.001144,-0.20487,0.104128,20,516.17,38,3526,4.21
MSFT,2026-09-26,2026-10-16,410.0,C,105.55,109.35,107.45,57.7885,0.962987,0.001159,-0.184568,0.097738,20,516.17,8,2290,4.21
MSFT,2026-09-26,2026-10-16,415.0,C,101.0,104.4,102.7,57.3491,0.956258,0.001337,-0.204002,0.111941,20,516.17,1,1525,4.21
MSFT,2026-09-26,2026-10-16,420.0,C,96.3,99.25,97.775,55.3593,0.952844,0.001471,-0.208438,0.118915,20,516.17,78,4150,4.21
MSFT,2026-09-26,2026-10-16,425.0,C,91.2,94.3,92.75,52.6128,0.951314,0.001588,-0.204793,0.121994,20,516.17,6,1330,4.21
MSFT,2026-09-26,2026-10-16,430.0,C,86.25,89.3,87.775,50.2324,0.948566,0.001738,-0.204784,0.127452,20,516.17,44,1154,4.21
MSFT,2026-09-26,2026-10-16,435.0,C,80.8,84.45,82.625,57.0683,0.913752,0.002281,-0.314298,0.190079,20,516.17,14,1147,4.21
MSFT,2026-09-26,2026-10-16,440.0,C,76.7,79.0,77.85,52.0391,0.917722,0.002415,-0.282637,0.183474,20,516.17,47,2300,4.21
MSFT,2026-09-26,2026-10-16,445.0,C,71.85,73.15,72.5,44.8492,0.931482,0.002437,-0.2243,0.159578,20,516.17,23,873,4.21
MSFT,2026-09-26,2026-10-16,450.0,C,66.9,68.25,67.575,42.774,0.925418,0.002727,-0.227693,0.170308,20,516.17,114,7690,4.21
MSFT,2026-09-26,2026-10-16,455.0,C,62.1,63.9,63.0,43.2501,0.906345,0.003201,-0.263469,0.202083,20,516.17,18,1098,4.21
MSFT,2026-09-26,2026-10-16,460.0,C,56.85,59.1,57.975,41.3458,0.896494,0.003602,-0.269686,0.217435,20,516.17,59,3417,4.21
MSFT,2026-09-26,2026-10-16,465.0,C,52.45,53.95,53.2,37.9157,0.893577,0.004008,-0.255633,0.221854,20,516.17,36,1551,4.21
MSFT,2026-09-26,2026-10-16,470.0,C,47.7,49.25,48.475,36.2799,0.87942,0.004579,-0.265019,0.242524,20,516.17,170,4516,4.21
MSFT,2026-09-26,2026-10-16,472.5,C,44.95,48.15,46.55,39.6918,0.846582,0.004935,-0.327057,0.285967,20,516.17,6,11,4.21
MSFT,2026-09-26,2026-10-16,475.0,C,43.1,45.15,44.125,36.5241,0.851075,0.005258,-0.299887,0.280368,20,516.17,38,1484,4.21
MSFT,2026-09-26,2026-10-16,477.5,C,40.2,43.55,41.875,37.8302,0.828648,0.005564,-0.333416,0.30731,20,516.17,1,10,4.21
MSFT,2026-09-26,2026-10-16,480.0,C,38.75,39.8,39.275,32.3554,0.847681,0.006025,-0.274494,0.284607,20,516.17,141,4074,4.21
MSFT,2026-09-26,2026-10-16,482.5,C,36.35,39.0,37.675,35.932,0.808001,0.006291,-0.33853,0.329992,20,516.17,64,49,4.21
MSFT,2026-09-26,2026-10-16,485.0,C,34.6,36.25,35.425,33.5883,0.805075,0.006792,-0.321899,0.33305,20,516.17,115,1746,4.21
MSFT,2026-09-26,2026-10-16,487.5,C,32.2,34.7,33.45,34.5099,0.780951,0.007083,-0.348912,0.35687,20,516.17,4,56,4.21
MSFT,2026-09-26,2026-10-16,490.0,C,30.25,30.95,30.6,29.4807,0.794117,0.007997,-0.295854,0.344175,20,516.17,524,7682,4.21
MSFT,2026-09-26,2026-10-16,492.5,C,27.95,30.6,29.275,33.3014,0.748497,0.007923,-0.360292,0.385178,20,516.17,68,161,4.21
MSFT,2026-09-26,2026-10-16,495.0,C,26.2,27.1,26.65,29.0473,0.752603,0.009004,-0.317512,0.381823,20,516.17,804,5958,4.21
MSFT,2026-09-26,2026-10-16,497.5,C,24.6,25.6,25.1,29.6516,0.72495,0.009314,-0.337706,0.403199,20,516.17,141,202,4.21
MSFT,2026-09-26,2026-10-16,500.0,C,22.6,23.25,22.925,28.1196,0.708954,0.010092,-0.329403,0.41429,20,516.17,2723,26311,4.21
MSFT,2026-09-26,2026-10-16,502.5,C,20.55,22.4,21.475,29.8683,0.673915,0.009987,-0.361411,0.435464,20,516.17,100,274,4.21
MSFT,2026-09-26,2026-10-16,505.0,C,19.35,19.85,19.6,27.7107,0.656927,0.010981,-0.343305,0.444236,20,516.17,663,2764,4.21
MSFT,2026-09-26,2026-10-16,507.5,C,17.75,18.85,18.3,28.7757,0.624859,0.010908,-0.363467,0.458222,20,516.17,132,277,4.21
MSFT,2026-09-26,2026-10-16,510.0,C,16.25,16.65,16.45,27.1675,0.60101,0.011762,-0.349534,0.466493,20,516.17,3363,41288,4.21
MSFT,2026-09-26,2026-10-16,512.5,C,14.8,15.85,15.325,28.321,0.569232,0.011482,-0.3671,0.47475,20,516.17,240,230,4.21
MSFT,2026-09-26,2026-10-16,515.0,C,13.45,13.75,13.6,26.667,0.541134,0.012316,-0.349229,0.479462,20,516.17,2684,4666,4.21
MSFT,2026-09-26,2026-10-16,517.5,C,12.2,12.7,12.45,27.0027,0.510441,0.012223,-0.353227,0.481862,20,516.17,769,327,4.21
MSFT,2026-09-26,2026-10-16,520.0,C,11.05,11.4,11.225,26.6823,0.479493,0.012358,-0.347419,0.48139,20,516.17,9359,13058,4.21
MSFT,2026-09-26,2026-10-16,525.0,C,8.9,9.25,9.075,26.4961,0.418195,0.012198,-0.335581,0.471857,20,516.17,2005,4613,4.21
MSFT,2026-09-26,2026-10-16,530.0,C,7.15,7.4,7.275,26.3283,0.358666,0.011745,-0.316956,0.451452,20,516.17,5217,12019,4.21
MSFT,2026-09-26,2026-10-16,535.0,C,5.65,5.9,5.775,26.3283,0.303492,0.010987,-0.294761,0.422295,20,516.17,1380,2453,4.21
MSFT,2026-09-26,2026-10-16,540.0,C,4.45,4.65,4.55,26.3374,0.253003,0.010049,-0.268452,0.386388,20,516.17,6960,5159,4.21
MSFT,2026-09-26,2026-10-16,545.0,C,3.45,3.8,3.625,26.8562,0.212543,0.008944,-0.247262,0.350687,20,516.17,4948,20317,4.21
MSFT,2026-09-26,2026-10-16,550.0,C,2.65,2.8,2.725,26.4106,0.168563,0.007887,-0.210174,0.304094,20,516.17,11771,59153,4.21
MSFT,2026-09-26,2026-10-16,555.0,C,2.06,2.26,2.16,26.905,0.139012,0.006814,-0.187773,0.267639,20,516.17,1284,7121,4.21
MSFT,2026-09-26,2026-10-16,560.0,C,1.62,1.76,1.69,27.1248,0.111855,0.005807,-0.162168,0.229935,20,516.17,1864,8366,4.21
MSFT,2026-09-26,2026-10-16,565.0,C,1.27,1.35,1.31,27.2834,0.088756,0.004875,-0.137416,0.19419,20,516.17,1439,871,4.21
MSFT,2026-09-26,2026-10-16,570.0,C,0.95,1.03,0.99,27.4421,0.069778,0.00404,-0.114933,0.161835,20,516.17,2241,18880,4.21
MSFT,2026-09-26,2026-10-16,575.0,C,0.79,0.85,0.82,28.1013,0.05774,0.003404,-0.101348,0.13966,20,516.17,345,1393,4.21
MSFT,2026-09-26,2026-10-16,580.0,C,0.62,0.72,0.67,28.8581,0.04854,0.002889,-0.090519,0.121701,20,516.17,1942,3318,4.21
MSFT,2026-09-26,2026-10-16,585.0,C,0.5,0.57,0.535,29.2243,0.03895,0.002388,-0.076624,0.101891,20,516.17,41,408,4.21
MSFT,2026-09-26,2026-10-16,590.0,C,0.4,0.46,0.43,29.6882,0.031666,0.001984,-0.065585,0.085975,20,516.17,196,1878,4.21
MSFT,2026-09-26,2026-10-16,595.0,C,0.32,0.37,0.345,30.1032,0.025586,0.001638,-0.05562,0.072,20,516.17,115,17476,4.21
MSFT,2026-09-26,2026-10-16,600.0,C,0.21,0.32,0.265,30.8601,0.021884,0.001401,-0.049934,0.063133,20,516.17,606,8146,4.21
MSFT,2026-09-26,2026-10-16,605.0,C,0.15,0.27,0.21,31.4704,0.018379,0.001185,-0.043866,0.054445,20,516.17,116,565,4.21
MSFT,2026-09-26,2026-10-16,610.0,C,0.14,0.21,0.175,31.6901,0.014466,0.000959,-0.035951,0.044353,20,516.17,10,513,4.21
MSFT,2026-09-26,2026-10-16,615.0,C,0.13,0.17,0.15,32.0808,0.011738,0.00079,-0.030351,0.037022,20,516.17,11,163,4.21
MSFT,2026-09-26,2026-10-16,620.0,C,0.07,0.27,0.17,35.4987,0.016287,0.000948,-0.044491,0.049107,20,516.17,13,3063,4.21
MSFT,2026-09-26,2026-10-16,625.0,C,0.07,0.24,0.155,36.2311,0.014368,0.000834,-0.040742,0.044093,20,516.17,9,290,4.21
MSFT,2026-09-26,2026-10-16,630.0,C,0.02,0.1,0.06,33.5944,0.006822,0.000469,-0.019713,0.023016,20,516.17,17,345,4.21
MSFT,2026-09-26,2026-10-16,635.0,C,0.06,0.13,0.095,35.8405,0.008174,0.000516,-0.024641,0.02699,20,516.17,13,208,4.21
MSFT,2026-09-26,2026-10-16,640.0,C,0.02,0.11,0.065,36.3288,0.006949,0.000441,-0.021636,0.023394,20,516.17,6,713,4.21
MSFT,2026-09-26,2026-10-16,645.0,C,0.03,0.1,0.065,37.0123,0.006163,0.000389,-0.019811,0.021037,20,516.17,34,189,4.21
MSFT,2026-09-26,2026-10-16,650.0,C,0.01,0.06,0.035,36.1335,0.003943,0.000268,-0.012986,0.014131,20,516.17,1010,209,4.21
MSFT,2026-09-26,2026-10-16,655.0,C,0.01,0.27,0.14,44.3365,0.01315,0.000631,-0.046008,0.040849,20,516.17,4,252,4.21
MSFT,2026-09-26,2026-10-16,660.0,C,0.03,0.04,0.035,36.7194,0.002629,0.000183,-0.009156,0.009813,20,516.17,2025,2467,4.21
MSFT,2026-09-26,2026-10-16,665.0,C,0.01,0.08,0.045,40.4303,0.004579,0.000274,-0.016583,0.016153,20,516.17,41,259,4.21
MSFT,2026-09-26,2026-10-16,670.0,C,0.0,0.21,0.105,46.3873,0.009973,0.000474,-0.03781,0.032126,20,516.17,4,34,4.21
MSFT,2026-09-26,2026-10-16,675.0,C,0.0,0.08,0.04,42.5787,0.004403,0.000251,-0.016851,0.015599,20,516.17,56,270,4.21
MSFT,2026-09-26,2026-10-16,680.0,C,0.01,0.13,0.07,45.899,0.006366,0.000323,-0.025198,0.021651,20,516.17,552,2134,4.21
MSFT,2026-09-26,2026-10-16,210.0,P,0.0,0.05,0.025,121.0941,-0.000446,1.1e-05,-0.005825,0.001933,20,516.17,2,435,4.21
MSFT,2026-09-26,2026-10-16,220.0,P,0.0,0.05,0.025,114.8442,-0.000458,1.2e-05,-0.005658,0.001981,20,516.17,18,264,4.21
MSFT,2026-09-26,2026-10-16,230.0,P,0.0,0.05,0.025,109.3755,-0.000494,1.3e-05,-0.005774,0.002123,20,516.17,1,1549,4.21
MSFT,2026-09-26,2026-10-16,240.0,P,0.0,0.03,0.015,99.2188,-0.00031,1e-05,-0.003396,0.001377,20,516.17,1,393,4.21
MSFT,2026-09-26,2026-10-16,250.0,P,0.0,0.03,0.015,94.5313,-0.000341,1.1e-05,-0.003534,0.001504,20,516.17,2,1225,4.21
MSFT,2026-09-26,2026-10-16,260.0,P,0.0,0.04,0.02,91.4063,-0.000446,1.4e-05,-0.004389,0.001933,20,516.17,25,411,4.21
MSFT,2026-09-26,2026-10-16,270.0,P,0.0,0.05,0.025,88.2814,-0.000577,1.9e-05,-0.005377,0.002452,20,516.17,1,1513,4.21
MSFT,2026-09-26,2026-10-16,280.0,P,0.0,0.08,0.04,87.5001,-0.000969,3.1e-05,-0.008588,0.003953,20,516.17,1,1000,4.21
MSFT,2026-09-26,2026-10-16,285.0,P,0.0,2.13,1.065,125.9037,-0.014995,0.000249,-0.143019,0.045744,20,516.17,1,214,4.21
MSFT,2026-09-26,2026-10-16,290.0,P,0.0,0.05,0.025,79.2971,-0.000662,2.4e-05,-0.005474,0.002781,20,516.17,11,1485,4.21
MSFT,2026-09-26,2026-10-16,295.0,P,0.0,1.25,0.625,110.0102,-0.010445,0.000208,-0.091337,0.03345,20,516.17,15,2567,4.21
MSFT,2026-09-26,2026-10-16,300.0,P,0.01,0.04,0.025,75.0003,-0.000708,2.7e-05,-0.005508,0.002961,20,516.17,84,10043,4.21
MSFT,2026-09-26,2026-10-16,305.0,P,0.0,0.14,0.07,80.0783,-0.001793,5.9e-05,-0.013781,0.006938,20,516.17,102,1471,4.21
MSFT,2026-09-26,2026-10-16,310.0,P,0.01,0.07,0.04,73.6331,-0.001117,4.2e-05,-0.008221,0.004503,20,516.17,20,3210,4.21
MSFT,2026-09-26,2026-10-16,315.0,P,0.01,0.15,0.08,76.5627,-0.002134,7.3e-05,-0.01542,0.008124,20,516.17,71,6735,4.21
MSFT,2026-09-26,2026-10-16,320.0,P,0.01,1.0,0.505,92.6759,-0.010098,0.00024,-0.074623,0.032479,20,516.17,65,6452,4.21
MSFT,2026-09-26,2026-10-16,325.0,P,0.0,0.1,0.05,68.7503,-0.001494,5.9e-05,-0.010009,0.005876,20,516.17,2,1756,4.21
MSFT,2026-09-26,2026-10-16,330.0,P,0.02,0.05,0.035,64.4535,-0.001124,4.8e-05,-0.007232,0.00453,20,516.17,90,2567,4.21
MSFT,2026-09-26,2026-10-16,335.0,P,0.02,0.11,0.065,66.2113,-0.001981,7.9e-05,-0.012452,0.007595,20,516.17,7,1589,4.21
MSFT,2026-09-26,2026-10-16,340.0,P,0.0,0.11,0.055,63.0863,-0.001772,7.5e-05,-0.010719,0.006864,20,516.17,1,2268,4.21
MSFT,2026-09-26,2026-10-16,345.0,P,0.03,0.13,0.08,63.4769,-0.002549,0.000103,-0.014991,0.009543,20,516.17,63,2130,4.21
MSFT,2026-09-26,2026-10-16,350.0,P,0.03,0.3,0.165,66.5042,-0.00483,0.000174,-0.027873,0.016941,20,516.17,17,10511,4.21
MSFT,2026-09-26,2026-10-16,355.0,P,0.05,0.11,0.08,59.2778,-0.002692,0.000116,-0.014697,0.010027,20,516.17,6,2122,4.21
MSFT,2026-09-26,2026-10-16,360.0,P,0.01,0.13,0.07,56.4457,-0.002477,0.000113,-0.012972,0.009298,20,516.17,71,6056,4.21
MSFT,2026-09-26,2026-10-16,365.0,P,0.02,0.14,0.08,55.2739,-0.002888,0.000132,-0.014587,0.010681,20,516.17,13,1824,4.21
MSFT,2026-09-26,2026-10-16,370.0,P,0.05,0.12,0.085,53.6137,-0.003135,0.000147,-0.015226,0.0115,20,516.17,664,3847,4.21
MSFT,2026-09-26,2026-10-16,375.0,P,0.01,0.09,0.05,51.9536,-0.003401,0.000163,-0.015871,0.012376,20,516.17,49,1386,4.21
MSFT,2026-09-26,2026-10-16,380.0,P,0.08,0.1,0.09,50.0005,-0.003527,0.000175,-0.015773,0.012787,20,516.17,6,4520,4.21
MSFT,2026-09-26,2026-10-16,385.0,P,0.01,0.13,0.07,50.147,-0.005006,0.000239,-0.021629,0.017491,20,516.17,14,2081,4.21
MSFT,2026-09-26,2026-10-16,390.0,P,0.02,0.17,0.095,49.8052,-0.00654,0.000305,-0.027217,0.022173,20,516.17,418,8393,4.21
MSFT,2026-09-26,2026-10-16,395.0,P,0.03,0.24,0.135,49.9517,-0.008998,0.000403,-0.036129,0.029363,20,516.17,5,1719,4.21
MSFT,2026-09-26,2026-10-16,400.0,P,0.11,0.15,0.13,45.0201,-0.006328,0.000328,-0.023861,0.021536,20,516.17,299,7018,4.21
MSFT,2026-09-26,2026-10-16,405.0,P,0.05,0.39,0.22,49.1216,-0.014397,0.000616,-0.053381,0.044171,20,516.17,2,1643,4.21
MSFT,2026-09-26,2026-10-16,410.0,P,0.13,0.21,0.17,42.9693,-0.009091,0.000472,-0.031286,0.029628,20,516.17,24,2302,4.21
MSFT,2026-09-26,2026-10-16,415.0,P,0.08,0.2,0.14,40.7232,-0.009147,0.000501,-0.029784,0.029789,20,516.17,33,1636,4.21
MSFT,2026-09-26,2026-10-16,420.0,P,0.13,0.22,0.175,39.2584,-0.010339,0.000578,-0.031923,0.033152,20,516.17,199,7782,4.21
MSFT,2026-09-26,2026-10-16,425.0,P,0.16,0.24,0.2,37.7448,-0.011632,0.000667,-0.033972,0.036733,20,516.17,334,1623,4.21
MSFT,2026-09-26,2026-10-16,430.0,P,0.2,0.24,0.22,35.7428,-0.012176,0.000732,-0.033428,0.038217,20,516.17,188,2474,4.21
MSFT,2026-09-26,2026-10-16,435.0,P,0.2,0.38,0.29,36.2311,-0.018488,0.001035,-0.048468,0.054722,20,516.17,126,2353,4.21
MSFT,2026-09-26,2026-10-16,440.0,P,0.24,0.35,0.295,33.7165,-0.018278,0.001101,-0.044595,0.054191,20,516.17,382,5718,4.21
MSFT,2026-09-26,2026-10-16,445.0,P,0.29,0.46,0.375,33.155,-0.023898,0.001405,-0.054942,0.067995,20,516.17,258,2842,4.21
MSFT,2026-09-26,2026-10-16,450.0,P,0.45,0.5,0.475,31.5192,-0.02702,0.001638,-0.057781,0.075359,20,516.17,1482,5525,4.21
MSFT,2026-09-26,2026-10-16,455.0,P,0.57,0.66,0.615,30.9577,-0.03533,0.002082,-0.070722,0.094084,20,516.17,577,2941,4.21
MSFT,2026-09-26,2026-10-16,460.0,P,0.69,0.88,0.785,30.5183,-0.046512,0.00264,-0.086973,0.117609,20,516.17,1558,4669,4.21
MSFT,2026-09-26,2026-10-16,465.0,P,0.9,1.04,0.97,29.2854,-0.055948,0.003187,-0.096426,0.136236,20,516.17,1904,3015,4.21
MSFT,2026-09-26,2026-10-16,470.0,P,1.21,1.27,1.24,28.2478,-0.068918,0.003887,-0.109115,0.160297,20,516.17,1513,9487,4.21
MSFT,2026-09-26,2026-10-16,472.5,P,1.3,1.48,1.39,28.1135,-0.079262,0.004346,-0.120665,0.178372,20,516.17,1497,2566,4.21
MSFT,2026-09-26,2026-10-16,475.0,P,1.53,1.66,1.595,27.6985,-0.088698,0.0048,-0.129141,0.194095,20,516.17,2313,3986,4.21
MSFT,2026-09-26,2026-10-16,477.5,P,1.33,2.13,1.73,28.4065,-0.107878,0.005402,-0.15269,0.224038,20,516.17,73,303,4.21
MSFT,2026-09-26,2026-10-16,480.0,P,1.99,2.14,2.065,27.0881,-0.112637,0.005843,-0.149802,0.231083,20,516.17,2829,7339,4.21
MSFT,2026-09-26,2026-10-16,482.5,P,2.19,2.44,2.315,26.8379,-0.127008,0.006419,-0.161201,0.251504,20,516.17,185,281,4.21
MSFT,2026-09-26,2026-10-16,485.0,P,2.6,2.9,2.75,26.9966,-0.146277,0.007029,-0.178263,0.277019,20,516.17,979,5618,4.21
MSFT,2026-09-26,2026-10-16,487.5,P,2.87,3.3,3.085,26.7891,-0.163985,0.007638,-0.190309,0.298733,20,516.17,234,473,4.21
MSFT,2026-09-26,2026-10-16,490.0,P,3.25,3.6,3.425,26.1604,-0.17965,0.008291,-0.196406,0.31666,20,516.17,1107,5658,4.21
MSFT,2026-09-26,2026-10-16,492.5,P,3.0,4.25,3.625,26.4045,-0.204272,0.008887,-0.213959,0.342573,20,516.17,116,87,4.21
MSFT,2026-09-26,2026-10-16,495.0,P,4.35,4.6,4.475,25.6782,-0.222471,0.009605,-0.217877,0.360052,20,516.17,1263,3035,4.21
MSFT,2026-09-26,2026-10-16,497.5,P,4.7,5.45,5.075,26.0994,-0.251408,0.010107,-0.236257,0.385101,20,516.17,68,176,4.21
MSFT,2026-09-26,2026-10-16,500.0,P,5.65,5.8,5.725,25.1442,-0.271568,0.010915,-0.235647,0.400663,20,516.17,1881,9045,4.21
MSFT,2026-09-26,2026-10-16,502.5,P,6.05,6.65,6.35,25.2327,-0.300936,0.01142,-0.24739,0.420695,20,516.17,225,100,4.21
MSFT,2026-09-26,2026-10-16,505.0,P,6.75,7.6,7.175,25.37,-0.331549,0.011836,-0.258195,0.43839,20,516.17,668,1634,4.21
MSFT,2026-09-26,2026-10-16,507.5,P,7.5,8.5,8.0,25.2296,-0.361625,0.012292,-0.263876,0.452732,20,516.17,164,168,4.21
MSFT,2026-09-26,2026-10-16,510.0,P,9.0,9.4,9.2,24.9336,-0.392261,0.012756,-0.265902,0.46434,20,516.17,962,1215,4.21
MSFT,2026-09-26,2026-10-16,512.5,P,8.95,10.6,9.775,25.0954,-0.425124,0.012925,-0.271514,0.473512,20,516.17,298,55,4.21
MSFT,2026-09-26,2026-10-16,515.0,P,11.05,11.7,11.375,24.8878,-0.457648,0.013192,-0.270674,0.479308,20,516.17,1747,350,4.21
MSFT,2026-09-26,2026-10-16,517.5,P,11.75,13.0,12.375,24.9245,-0.49071,0.013244,-0.270682,0.481896,20,516.17,145,30,4.21
MSFT,2026-09-26,2026-10-16,520.0,P,13.55,14.2,13.875,24.5949,-0.524274,0.0134,-0.264181,0.481134,20,516.17,1808,1031,4.21
MSFT,2026-09-26,2026-10-16,525.0,P,15.9,17.15,16.525,24.5613,-0.589978,0.0131,-0.252662,0.469714,20,516.17,36,222,4.21
MSFT,2026-09-26,2026-10-16,530.0,P,19.15,20.3,19.725,24.2897,-0.654457,0.012561,-0.230672,0.445432,20,516.17,39,513,4.21
MSFT,2026-09-26,2026-10-16,535.0,P,22.55,24.6,23.575,26.0322,-0.698792,0.011074,-0.231065,0.420867,20,516.17,20,107,4.21
MSFT,2026-09-26,2026-10-16,540.0,P,26.05,28.4,27.225,26.1421,-0.74873,0.010088,-0.20548,0.38499,20,516.17,24,109,4.21
MSFT,2026-09-26,2026-10-16,545.0,P,29.95,32.4,31.175,26.2153,-0.793506,0.009009,-0.176814,0.344781,20,516.17,163,231,4.21
MSFT,2026-09-26,2026-10-16,550.0,P,34.35,36.6,35.475,26.3191,-0.832329,0.007887,-0.147555,0.303057,20,516.17,50,49,4.21
MSFT,2026-09-26,2026-10-16,555.0,P,38.45,41.05,39.75,26.7708,-0.862259,0.006805,-0.123939,0.265969,20,516.17,7,0,4.21
MSFT,2026-09-26,2026-10-16,560.0,P,43.15,46.05,44.6,29.0046,-0.87152,0.005987,-0.128683,0.253527,20,516.17,4,0,4.21
MSFT,2026-09-26,2026-10-16,565.0,P,48.25,50.7,49.475,29.7126,-0.891167,0.005198,-0.110676,0.225463,20,516.17,24,0,4.21
MSFT,2026-09-26,2026-10-16,570.0,P,52.55,55.5,54.025,30.8418,-0.904405,0.004556,-0.10009,0.205159,20,516.17,7,0,4.21
MSFT,2026-09-26,2026-10-16,580.0,P,62.05,65.4,63.725,34.217,-0.917395,0.003684,-0.097473,0.184022,20,516.17,2,0,4.21
MSFT,2026-09-26,2026-10-16,595.0,P,76.85,80.65,78.75,41.0895,-0.920193,0.002989,-0.122385,0.179299,20,516.17,0,0,4.21
MSFT,2026-09-26,2026-10-16,600.0,P,81.85,85.8,83.825,43.6895,-0.919033,0.002842,-0.135682,0.181265,20,516.17,1,1,4.21
MSFT,2026-09-26,2026-10-16,605.0,P,86.85,90.65,88.75,44.6539,-0.925849,0.002601,-0.126049,0.169556,20,516.17,0,0,4.21
MSFT,2026-09-26,2026-10-16,625.0,P,123.4,126.95,125.175,99.9268,-0.755346,0.002602,-0.89097,0.379546,20,516.17,0,0,4.21
MSFT,2026-09-26,2026-10-16,635.0,P,133.4,137.1,135.25,104.6147,-0.762547,0.002445,-0.917926,0.373431,20,516.17,0,0,4.21
MSFT,2026-09-26,2026-10-16,655.0,P,153.4,157.3,155.35,113.4343,-0.775148,0.002187,-0.965569,0.362238,20,516.17,0,0,4.21
MSFT,2026-09-26,2026-10-23,305.0,C,210.1,214.15,212.125,96.1914,0.984354,0.000291,-0.131112,0.055126,27,516.17,1,1,4.21
MSFT,2026-09-26,2026-10-23,365.0,C,150.5,154.4,152.45,70.4349,0.9726,0.000638,-0.154424,0.088586,27,516.17,0,1,4.21
MSFT,2026-09-26,2026-10-23,400.0,C,115.7,119.65,117.675,56.226,0.961089,0.001067,-0.16525,0.11829,27,516.17,3,6,4.21
MSFT,2026-09-26,2026-10-23,405.0,C,110.8,114.65,112.725,54.334,0.958681,0.00116,-0.167469,0.124205,27,516.17,1,2,4.21
MSFT,2026-09-26,2026-10-23,410.0,C,105.75,109.7,107.725,52.0757,0.957096,0.001248,-0.166445,0.128047,27,516.17,4,11,4.21
MSFT,2026-09-26,2026-10-23,420.0,C,95.8,99.8,97.8,58.4782,0.918462,0.001837,-0.270928,0.211732,27,516.17,2,4,4.21
MSFT,2026-09-26,2026-10-23,425.0,C,90.85,94.9,92.875,56.3481,0.913779,0.001988,-0.272314,0.2208,27,516.17,1,3,4.21
MSFT,2026-09-26,2026-10-23,430.0,C,86.95,89.9,88.425,53.7968,0.910213,0.002146,-0.268983,0.227576,27,516.17,3,29,4.21
MSFT,2026-09-26,2026-10-23,435.0,C,82.05,85.0,83.525,51.6484,0.904839,0.002334,-0.269731,0.237577,27,516.17,3,17,4.21
MSFT,2026-09-26,2026-10-23,440.0,C,77.25,80.1,78.675,49.4756,0.899052,0.002544,-0.270006,0.248079,27,516.17,1,12,4.21
MSFT,2026-09-26,2026-10-23,445.0,C,71.5,75.3,73.4,47.6385,0.891227,0.002789,-0.273808,0.261859,27,516.17,1,53,4.21
MSFT,2026-09-26,2026-10-23,450.0,C,67.45,70.45,68.95,45.5694,0.883597,0.00306,-0.274841,0.274852,27,516.17,3,142,4.21
MSFT,2026-09-26,2026-10-23,455.0,C,62.35,65.7,64.025,43.7811,0.873717,0.003373,-0.27884,0.291058,27,516.17,4,12,4.21
MSFT,2026-09-26,2026-10-23,460.0,C,57.6,60.95,59.275,41.9195,0.863004,0.003727,-0.281782,0.307885,27,516.17,8,151,4.21
MSFT,2026-09-26,2026-10-23,465.0,C,53.0,56.2,54.6,39.9725,0.851371,0.00413,-0.283451,0.325325,27,516.17,2,77,4.21
MSFT,2026-09-26,2026-10-23,470.0,C,48.3,51.65,49.975,38.4955,0.835487,0.004584,-0.290185,0.347821,27,516.17,15,55,4.21
MSFT,2026-09-26,2026-10-23,475.0,C,44.3,47.1,45.7,36.872,0.818331,0.005099,-0.294745,0.370514,27,516.17,11,182,4.21
MSFT,2026-09-26,2026-10-23,480.0,C,39.55,42.8,41.175,35.7123,0.796031,0.00565,-0.303954,0.397681,27,516.17,35,43,4.21
MSFT,2026-09-26,2026-10-23,485.0,C,35.9,38.55,37.225,34.4489,0.771494,0.006256,-0.31097,0.424729,27,516.17,39,60,4.21
MSFT,2026-09-26,2026-10-23,490.0,C,31.9,33.0,32.45,30.1704,0.761705,0.007311,-0.282957,0.434729,27,516.17,68,190,4.21
MSFT,2026-09-26,2026-10-23,495.0,C,28.25,29.7,28.975,30.5579,0.719604,0.007852,-0.305632,0.472901,27,516.17,138,296,4.21
MSFT,2026-09-26,2026-10-23,500.0,C,24.55,26.0,25.275,29.7218,0.68132,0.008556,-0.312084,0.501171,27,516.17,565,858,4.21
MSFT,2026-09-26,2026-10-23,505.0,C,20.95,22.5,21.725,28.9131,0.63901,0.009226,-0.31568,0.52571,27,516.17,206,362,4.21
MSFT,2026-09-26,2026-10-23,510.0,C,18.6,19.25,18.925,28.1837,0.592695,0.009809,-0.316287,0.544878,27,516.17,391,558,4.21
MSFT,2026-09-26,2026-10-23,515.0,C,15.6,16.65,16.125,28.1898,0.542685,0.010023,-0.320021,0.556856,27,516.17,356,207,4.21
MSFT,2026-09-26,2026-10-23,520.0,C,13.35,13.75,13.55,27.2377,0.49118,0.010431,-0.309118,0.559928,27,516.17,691,438,4.21
MSFT,2026-09-26,2026-10-23,525.0,C,10.95,11.5,11.225,26.9783,0.439022,0.01041,-0.300478,0.55351,27,516.17,503,576,4.21
MSFT,2026-09-26,2026-10-23,530.0,C,9.05,9.95,9.5,27.5459,0.391551,0.009933,-0.296466,0.539241,27,516.17,348,937,4.21
MSFT,2026-09-26,2026-10-23,535.0,C,7.5,8.15,7.825,27.2377,0.342376,0.009608,-0.27892,0.515759,27,516.17,471,1967,4.21
MSFT,2026-09-26,2026-10-23,540.0,C,6.15,6.7,6.425,27.1644,0.29695,0.009075,-0.260729,0.485853,27,516.17,371,1126,4.21
MSFT,2026-09-26,2026-10-23,545.0,C,4.95,5.5,5.225,27.1919,0.255526,0.008421,-0.241323,0.451283,27,516.17,256,269,4.21
MSFT,2026-09-26,2026-10-23,550.0,C,3.9,4.3,4.1,26.783,0.213677,0.007743,-0.214528,0.408728,27,516.17,701,1207,4.21
MSFT,2026-09-26,2026-10-23,555.0,C,3.15,3.4,3.275,26.6487,0.178015,0.006965,-0.190385,0.365816,27,516.17,142,191,4.21
MSFT,2026-09-26,2026-10-23,560.0,C,2.54,2.96,2.75,27.4421,0.155218,0.006191,-0.178757,0.334837,27,516.17,654,5324,4.21
MSFT,2026-09-26,2026-10-23,565.0,C,2.04,2.25,2.145,27.0881,0.12524,0.00542,-0.152115,0.28938,27,516.17,174,5225,4.21
MSFT,2026-09-26,2026-10-23,570.0,C,1.63,1.8,1.715,27.2224,0.103447,0.004707,-0.133057,0.252533,27,516.17,152,143,4.21
MSFT,2026-09-26,2026-10-23,580.0,C,0.89,1.17,1.03,27.6741,0.070592,0.003478,-0.101159,0.18972,27,516.17,252,158,4.21
MSFT,2026-09-26,2026-10-23,590.0,C,0.71,0.88,0.795,28.9802,0.052779,0.002646,-0.08406,0.151154,27,516.17,46,77,4.21
MSFT,2026-09-26,2026-10-23,600.0,C,0.45,0.53,0.49,29.0046,0.033616,0.001836,-0.058242,0.104941,27,516.17,315,67,4.21
MSFT,2026-09-26,2026-10-23,610.0,C,0.2,0.61,0.405,32.3493,0.034369,0.001676,-0.065933,0.106869,27,516.17,31,10,4.21
MSFT,2026-09-26,2026-10-23,630.0,C,0.1,0.32,0.21,33.8141,0.018391,0.00095,-0.040659,0.063296,27,516.17,2,2,4.21
MSFT,2026-09-26,2026-10-23,640.0,C,0.08,0.14,0.11,32.3249,0.008951,0.000533,-0.020829,0.033959,27,516.17,13,9,4.21
MSFT,2026-09-26,2026-10-23,650.0,C,0.01,0.17,0.09,35.2057,0.009948,0.000537,-0.024837,0.037245,27,516.17,4,9,4.21
MSFT,2026-09-26,2026-10-23,660.0,C,0.01,0.35,0.18,40.8697,0.016641,0.000722,-0.044907,0.058118,27,516.17,4,7,4.21
MSFT,2026-09-26,2026-10-23,670.0,C,0.01,0.14,0.075,38.233,0.007602,0.00039,-0.021254,0.029421,27,516.17,1,1,4.21
MSFT,2026-09-26,2026-10-23,270.0,P,0.0,0.25,0.125,89.2579,-0.002531,6.3e-05,-0.018051,0.011016,27,516.17,0,31,4.21
MSFT,2026-09-26,2026-10-23,290.0,P,0.0,0.1,0.05,73.0471,-0.001278,4.1e-05,-0.00793,0.00592,27,516.17,17,10,4.21
MSFT,2026-09-26,2026-10-23,300.0,P,0.0,2.13,1.065,100.6353,-0.016567,0.000292,-0.106836,0.057894,27,516.17,0,15,4.21
MSFT,2026-09-26,2026-10-23,305.0,P,0.0,2.13,1.065,97.9492,-0.017027,0.000307,-0.10642,0.059267,27,516.17,3,23,4.21
MSFT,2026-09-26,2026-10-23,310.0,P,0.0,2.13,1.065,95.2637,-0.017472,0.000323,-0.105776,0.060587,27,516.17,1,10,4.21
MSFT,2026-09-26,2026-10-23,315.0,P,0.0,2.13,1.065,92.627,-0.017941,0.000339,-0.105168,0.061973,27,516.17,5,45,4.21
MSFT,2026-09-26,2026-10-23,320.0,P,0.0,2.13,1.065,90.0392,-0.018438,0.000357,-0.104606,0.063435,27,516.17,3,26,4.21
MSFT,2026-09-26,2026-10-23,325.0,P,0.0,2.13,1.065,87.4757,-0.018945,0.000377,-0.103963,0.064914,27,516.17,7,32,4.21
MSFT,2026-09-26,2026-10-23,330.0,P,0.0,2.13,1.065,84.9611,-0.019486,0.000397,-0.103384,0.066488,27,516.17,3,21,4.21
MSFT,2026-09-26,2026-10-23,335.0,P,0.0,2.14,1.07,82.5441,-0.02012,0.00042,-0.103171,0.068319,27,516.17,2,13,4.21
MSFT,2026-09-26,2026-10-23,340.0,P,0.0,2.14,1.07,80.0783,-0.020695,0.000443,-0.102465,0.069969,27,516.17,13,46,4.21
MSFT,2026-09-26,2026-10-23,345.0,P,0.0,0.45,0.225,61.8168,-0.00624,0.000203,-0.02791,0.024712,27,516.17,4,4,4.21
MSFT,2026-09-26,2026-10-23,350.0,P,0.0,0.19,0.095,54.102,-0.003126,0.000125,-0.013165,0.013328,27,516.17,44,8,4.21
MSFT,2026-09-26,2026-10-23,355.0,P,0.01,0.24,0.125,53.9067,-0.004062,0.000159,-0.016587,0.016861,27,516.17,20,12,4.21
MSFT,2026-09-26,2026-10-23,360.0,P,0.01,0.54,0.275,57.3735,-0.008053,0.000274,-0.032398,0.030953,27,516.17,2,43,4.21
MSFT,2026-09-26,2026-10-23,365.0,P,0.01,0.34,0.175,52.3442,-0.005761,0.000223,-0.02197,0.023023,27,516.17,8,2,4.21
MSFT,2026-09-26,2026-10-23,370.0,P,0.01,0.37,0.19,50.9771,-0.006345,0.00025,-0.023296,0.025083,27,516.17,4,4,4.21
MSFT,2026-09-26,2026-10-23,375.0,P,0.02,0.3,0.16,52.1489,-0.009517,0.000349,-0.034031,0.035834,27,516.17,4,29,4.21
MSFT,2026-09-26,2026-10-23,380.0,P,0.01,0.4,0.205,52.3442,-0.012429,0.000438,-0.043066,0.045205,27,516.17,2,33,4.21
MSFT,2026-09-26,2026-10-23,385.0,P,0.04,0.32,0.18,48.7798,-0.010754,0.000415,-0.035361,0.039863,27,516.17,6,10,4.21
MSFT,2026-09-26,2026-10-23,390.0,P,0.01,0.34,0.175,47.315,-0.011731,0.000461,-0.036966,0.042996,27,516.17,8,18,4.21
MSFT,2026-09-26,2026-10-23,395.0,P,0.07,0.35,0.21,45.606,-0.012439,0.000503,-0.037456,0.045236,27,516.17,4,11,4.21
MSFT,2026-09-26,2026-10-23,400.0,P,0.12,0.37,0.245,44.0924,-0.013511,0.000559,-0.03886,0.048585,27,516.17,11,524,4.21
MSFT,2026-09-26,2026-10-23,405.0,P,0.01,0.34,0.175,41.6998,-0.013147,0.000577,-0.035856,0.047453,27,516.17,2,21,4.21
MSFT,2026-09-26,2026-10-23,410.0,P,0.01,0.55,0.28,42.9449,-0.019905,0.0008,-0.052642,0.067698,27,516.17,2,12,4.21
MSFT,2026-09-26,2026-10-23,415.0,P,0.02,0.65,0.335,42.1881,-0.023579,0.000939,-0.059609,0.078114,27,516.17,6,516,4.21
MSFT,2026-09-26,2026-10-23,420.0,P,0.1,0.53,0.315,38.8434,-0.021029,0.000926,-0.049758,0.070924,27,516.17,44,236,4.21
MSFT,2026-09-26,2026-10-23,425.0,P,0.24,0.58,0.41,37.525,-0.023585,0.001056,-0.052883,0.078132,27,516.17,15,73,4.21
MSFT,2026-09-26,2026-10-23,430.0,P,0.16,0.65,0.405,36.3288,-0.0269,0.001218,-0.057079,0.087235,27,516.17,11,151,4.21
MSFT,2026-09-26,2026-10-23,435.0,P,0.23,0.72,0.475,35.0348,-0.030413,0.001399,-0.060863,0.096611,27,516.17,97,250,4.21
MSFT,2026-09-26,2026-10-23,440.0,P,0.37,0.82,0.595,33.924,-0.035209,0.00163,-0.066379,0.10901,27,516.17,30,307,4.21
MSFT,2026-09-26,2026-10-23,445.0,P,0.44,0.92,0.68,32.6911,-0.040324,0.00189,-0.071313,0.121773,27,516.17,47,198,4.21
MSFT,2026-09-26,2026-10-23,450.0,P,0.65,1.05,0.85,31.5559,-0.046825,0.002209,-0.077491,0.137387,27,516.17,155,471,4.21
MSFT,2026-09-26,2026-10-23,455.0,P,1.0,1.2,1.1,30.3962,-0.054408,0.002585,-0.083913,0.154839,27,516.17,77,272,4.21
MSFT,2026-09-26,2026-10-23,460.0,P,0.98,1.69,1.335,30.7685,-0.072898,0.003207,-0.106441,0.194456,27,516.17,292,600,4.21
MSFT,2026-09-26,2026-10-23,465.0,P,1.18,1.92,1.55,29.5478,-0.084299,0.003728,-0.113758,0.217103,27,516.17,377,523,4.21
MSFT,2026-09-26,2026-10-23,470.0,P,1.45,2.19,1.82,28.321,-0.097816,0.004343,-0.121304,0.242429,27,516.17,822,959,4.21
MSFT,2026-09-26,2026-10-23,475.0,P,2.13,2.83,2.48,28.1501,-0.12236,0.005132,-0.141098,0.284705,27,516.17,704,834,4.21
MSFT,2026-09-26,2026-10-23,480.0,P,3.0,3.4,3.2,27.375,-0.146072,0.00596,-0.154274,0.321563,27,516.17,224,252,4.21
MSFT,2026-09-26,2026-10-23,485.0,P,3.0,4.6,3.8,27.9121,-0.184565,0.006802,-0.182335,0.374188,27,516.17,129,212,4.21
MSFT,2026-09-26,2026-10-23,490.0,P,4.5,5.65,5.075,27.552,-0.220062,0.007656,-0.198891,0.415745,27,516.17,189,234,4.21
MSFT,2026-09-26,2026-10-23,495.0,P,4.85,7.05,5.95,27.5276,-0.262062,0.008428,-0.217283,0.457221,27,516.17,123,302,4.21
MSFT,2026-09-26,2026-10-23,500.0,P,7.25,7.75,7.5,25.6874,-0.296811,0.009595,-0.2132,0.485748,27,516.17,151,291,4.21
MSFT,2026-09-26,2026-10-23,505.0,P,8.9,10.1,9.5,26.6487,-0.352111,0.009922,-0.235875,0.521127,27,516.17,52,125,4.21
MSFT,2026-09-26,2026-10-23,510.0,P,9.85,11.55,10.7,25.4524,-0.400591,0.010816,-0.231501,0.542586,27,516.17,81,221,4.21
MSFT,2026-09-26,2026-10-23,515.0,P,12.05,14.5,13.275,26.4747,-0.45647,0.01067,-0.245174,0.556728,27,516.17,124,342,4.21
MSFT,2026-09-26,2026-10-23,520.0,P,14.3,17.0,15.65,26.2245,-0.510281,0.010833,-0.240758,0.559879,27,516.17,80,17,4.21
MSFT,2026-09-26,2026-10-23,525.0,P,17.05,19.8,18.425,26.0383,-0.564186,0.010772,-0.23201,0.5528,27,516.17,10,14,4.21
MSFT,2026-09-26,2026-10-23,530.0,P,20.8,22.75,21.775,25.6538,-0.618262,0.010587,-0.216314,0.535273,27,516.17,12,38,4.21
MSFT,2026-09-26,2026-10-23,535.0,P,23.75,26.15,24.95,25.6325,-0.668551,0.010082,-0.200509,0.509302,27,516.17,4,4,4.21
MSFT,2026-09-26,2026-10-23,540.0,P,27.0,29.7,28.35,25.4463,-0.717024,0.009471,-0.179408,0.474993,27,516.17,3,1,4.21
MSFT,2026-09-26,2026-10-23,545.0,P,30.85,34.15,32.5,26.8013,-0.747885,0.008483,-0.175718,0.448111,27,516.17,2,2,4.21
MSFT,2026-09-26,2026-10-23,560.0,P,43.55,46.5,45.025,26.5693,-0.85315,0.006163,-0.104674,0.322713,27,516.17,2,0,4.21
MSFT,2026-09-26,2026-10-30,300.0,C,215.5,219.4,217.45,92.7979,0.98082,0.00032,-0.132555,0.073614,34,516.17,6,6,4.21
MSFT,2026-09-26,2026-10-30,330.0,C,185.6,189.55,187.575,79.7121,0.975922,0.000451,-0.139717,0.089216,34,516.17,0,4,4.21
MSFT,2026-09-26,2026-10-30,365.0,C,150.95,154.9,152.925,66.9193,0.965422,0.000726,-0.156992,0.120525,34,516.17,0,1,4.21
MSFT,2026-09-26,2026-10-30,380.0,C,136.15,140.05,138.1,61.5726,0.959409,0.000899,-0.164083,0.137383,34,516.17,0,1,4.21
MSFT,2026-09-26,2026-10-30,385.0,C,131.2,135.05,133.125,59.5585,0.957707,0.000961,-0.164541,0.142033,34,516.17,0,1,4.21
MSFT,2026-09-26,2026-10-30,390.0,C,126.3,130.15,128.225,58.0204,0.954751,0.001042,-0.168494,0.14999,34,516.17,1,2,4.21
MSFT,2026-09-26,2026-10-30,395.0,C,121.35,125.25,123.3,56.3115,0.952017,0.001125,-0.171102,0.157221,34,516.17,0,1,4.21
MSFT,2026-09-26,2026-10-30,400.0,C,116.45,120.35,118.4,54.7246,0.948742,0.00122,-0.174634,0.165725,34,516.17,1,30,4.21
MSFT,2026-09-26,2026-10-30,410.0,C,107.25,110.5,108.875,52.802,0.937366,0.001481,-0.192367,0.19407,34,516.17,0,1,4.21
MSFT,2026-09-26,2026-10-30,415.0,C,102.35,105.65,104.0,51.1846,0.933046,0.001609,-0.195809,0.204386,34,516.17,1,6,4.21
MSFT,2026-09-26,2026-10-30,420.0,C,97.45,100.8,99.125,56.0185,0.905509,0.001908,-0.259234,0.265216,34,516.17,1,4,4.21
MSFT,2026-09-26,2026-10-30,425.0,C,92.45,96.0,94.225,54.3156,0.899395,0.00206,-0.262744,0.277696,34,516.17,3,7,4.21
MSFT,2026-09-26,2026-10-30,430.0,C,87.85,91.2,89.525,52.5701,0.892926,0.002227,-0.265706,0.290538,34,516.17,11,59,4.21
MSFT,2026-09-26,2026-10-30,435.0,C,83.15,86.45,84.8,50.9404,0.885428,0.002412,-0.269657,0.304974,34,516.17,1,61,4.21
MSFT,2026-09-26,2026-10-30,440.0,C,78.4,81.75,80.075,49.4085,0.876837,0.002617,-0.274428,0.320956,34,516.17,1,15,4.21
MSFT,2026-09-26,2026-10-30,445.0,C,73.8,77.1,75.45,47.9467,0.867128,0.002843,-0.279739,0.338329,34,516.17,2,64,4.21
MSFT,2026-09-26,2026-10-30,450.0,C,69.8,72.55,71.175,46.6741,0.85563,0.003091,-0.286765,0.358013,34,516.17,5,417,4.21
MSFT,2026-09-26,2026-10-30,455.0,C,65.15,68.05,66.6,45.4229,0.842921,0.003359,-0.293771,0.378705,34,516.17,3,28,4.21
MSFT,2026-09-26,2026-10-30,460.0,C,60.9,63.6,62.25,44.1839,0.828914,0.00365,-0.300585,0.400285,34,516.17,9,497,4.21
MSFT,2026-09-26,2026-10-30,465.0,C,56.1,59.3,57.7,43.1646,0.812488,0.003958,-0.309204,0.424045,34,516.17,14,38,4.21
MSFT,2026-09-26,2026-10-30,470.0,C,52.0,55.1,53.55,42.2064,0.79425,0.004282,-0.317878,0.448578,34,516.17,40,30,4.21
MSFT,2026-09-26,2026-10-30,475.0,C,48.25,51.05,49.65,41.3977,0.77369,0.004614,-0.32731,0.474031,34,516.17,8,44,4.21
MSFT,2026-09-26,2026-10-30,480.0,C,44.5,46.5,45.5,39.4354,0.756563,0.005043,-0.324468,0.493539,34,516.17,14,141,4.21
MSFT,2026-09-26,2026-10-30,485.0,C,40.7,43.15,41.925,39.6033,0.728114,0.005318,-0.341416,0.522705,34,516.17,23,34,4.21
MSFT,2026-09-26,2026-10-30,490.0,C,37.2,39.0,38.1,38.0743,0.704876,0.005753,-0.340528,0.543666,34,516.17,66,147,4.21
MSFT,2026-09-26,2026-10-30,495.0,C,33.8,35.8,34.8,38.0133,0.674239,0.006016,-0.351989,0.567545,34,516.17,150,385,4.21
MSFT,2026-09-26,2026-10-30,500.0,C,30.5,32.0,31.25,36.6889,0.645829,0.006436,-0.349693,0.586015,34,516.17,472,626,4.21
MSFT,2026-09-26,2026-10-30,505.0,C,27.25,29.9,28.575,37.9096,0.610148,0.006424,-0.368639,0.604376,34,516.17,124,248,4.21
MSFT,2026-09-26,2026-10-30,510.0,C,24.4,26.15,25.275,36.1945,0.578639,0.00686,-0.358317,0.616236,34,516.17,114,322,4.21
MSFT,2026-09-26,2026-10-30,515.0,C,21.9,22.85,22.375,34.9616,0.543855,0.007199,-0.349859,0.624685,34,516.17,587,135,4.21
MSFT,2026-09-26,2026-10-30,520.0,C,19.65,20.9,20.275,35.5811,0.508431,0.007116,-0.355652,0.628346,34,516.17,614,579,4.21
MSFT,2026-09-26,2026-10-30,525.0,C,17.5,18.3,17.9,34.9067,0.471954,0.007237,-0.346891,0.626933,34,516.17,441,15246,4.21
MSFT,2026-09-26,2026-10-30,530.0,C,15.25,16.55,15.9,35.3003,0.437875,0.007087,-0.345603,0.620851,34,516.17,991,564,4.21
MSFT,2026-09-26,2026-10-30,535.0,C,13.0,14.5,13.75,34.9524,0.402454,0.007027,-0.334842,0.609604,34,516.17,103,187,4.21
MSFT,2026-09-26,2026-10-30,540.0,C,11.5,12.3,11.9,34.0644,0.364799,0.007003,-0.316165,0.59204,34,516.17,2671,656,4.21
MSFT,2026-09-26,2026-10-30,545.0,C,10.35,12.0,11.175,36.1457,0.343425,0.006459,-0.326395,0.579436,34,516.17,147,303,4.21
MSFT,2026-09-26,2026-10-30,550.0,C,9.0,9.5,9.25,34.162,0.301406,0.006474,-0.292019,0.548905,34,516.17,1527,1451,4.21
MSFT,2026-09-26,2026-10-30,555.0,C,7.5,8.3,7.9,34.1926,0.272083,0.006162,-0.277637,0.522894,34,516.17,100,346,4.21
MSFT,2026-09-26,2026-10-30,560.0,C,6.2,7.75,6.975,35.2759,0.252085,0.005743,-0.27447,0.502824,34,516.17,183,360,4.21
MSFT,2026-09-26,2026-10-30,565.0,C,5.15,6.75,5.95,35.279,0.226498,0.005417,-0.258311,0.474253,34,516.17,63,83,4.21
MSFT,2026-09-26,2026-10-30,570.0,C,4.75,5.35,5.05,34.1132,0.193707,0.00511,-0.227553,0.432591,34,516.17,1207,418,4.21
MSFT,2026-09-26,2026-10-30,580.0,C,3.25,4.05,3.65,34.4245,0.153606,0.004368,-0.197288,0.373158,34,516.17,232,1226,4.21
MSFT,2026-09-26,2026-10-30,590.0,C,1.91,3.1,2.505,34.9067,0.121812,0.003676,-0.170145,0.318481,34,516.17,463,222,4.21
MSFT,2026-09-26,2026-10-30,600.0,C,1.8,2.03,1.915,34.0705,0.087104,0.002953,-0.129876,0.249669,34,516.17,481,15085,4.21
MSFT,2026-09-26,2026-10-30,610.0,C,1.15,1.62,1.385,34.9982,0.070141,0.002439,-0.11289,0.211852,34,516.17,50,97,4.21
MSFT,2026-09-26,2026-10-30,620.0,C,0.89,1.34,1.115,36.1212,0.057858,0.002035,-0.100063,0.182388,34,516.17,29,11,4.21
MSFT,2026-09-26,2026-10-30,630.0,C,0.52,0.97,0.745,36.2433,0.04345,0.001614,-0.079763,0.145164,34,516.17,21,11,4.21
MSFT,2026-09-26,2026-10-30,640.0,C,0.19,1.02,0.605,38.8678,0.042589,0.001481,-0.083981,0.142836,34,516.17,14,17,4.21
MSFT,2026-09-26,2026-10-30,650.0,C,0.33,0.44,0.385,35.8161,0.021711,0.00092,-0.044268,0.081768,34,516.17,4,33,4.21
MSFT,2026-09-26,2026-10-30,660.0,C,0.09,0.55,0.32,39.0631,0.024402,0.000931,-0.053172,0.090221,34,516.17,29,12,4.21
MSFT,2026-09-26,2026-10-30,305.0,P,0.0,2.16,1.08,87.7931,-0.017359,0.00031,-0.086188,0.067613,34,516.17,0,1,4.21
MSFT,2026-09-26,2026-10-30,340.0,P,0.0,0.83,0.415,61.8656,-0.010021,0.000274,-0.037653,0.042064,34,516.17,3,12,4.21
MSFT,2026-09-26,2026-10-30,350.0,P,0.05,0.6,0.325,56.104,-0.008736,0.000268,-0.030247,0.037306,34,516.17,0,6,4.21
MSFT,2026-09-26,2026-10-30,355.0,P,0.0,0.93,0.465,57.0805,-0.011989,0.000347,-0.040536,0.049165,34,516.17,1,54,4.21
MSFT,2026-09-26,2026-10-30,360.0,P,0.0,0.73,0.365,53.3208,-0.010202,0.000323,-0.032881,0.042725,34,516.17,27,98,4.21
MSFT,2026-09-26,2026-10-30,365.0,P,0.01,0.37,0.19,51.6118,-0.010646,0.000346,-0.033009,0.044343,34,516.17,1,28,4.21
MSFT,2026-09-26,2026-10-30,370.0,P,0.02,0.61,0.315,53.6626,-0.016265,0.00048,-0.049475,0.063954,34,516.17,6,12,4.21
MSFT,2026-09-26,2026-10-30,375.0,P,0.01,0.41,0.21,48.7554,-0.012318,0.000416,-0.035341,0.050333,34,516.17,4,10,4.21
MSFT,2026-09-26,2026-10-30,380.0,P,0.01,0.66,0.335,50.562,-0.018473,0.000568,-0.051888,0.071298,34,516.17,2,41,4.21
MSFT,2026-09-26,2026-10-30,385.0,P,0.01,0.61,0.31,48.0718,-0.017973,0.000584,-0.048146,0.069649,34,516.17,1,5,4.21
MSFT,2026-09-26,2026-10-30,390.0,P,0.12,0.85,0.485,48.9019,-0.023965,0.000732,-0.062444,0.088862,34,516.17,11,63,4.21
MSFT,2026-09-26,2026-10-30,395.0,P,0.39,0.51,0.45,43.1646,-0.016771,0.000613,-0.040661,0.065653,34,516.17,9,12,4.21
MSFT,2026-09-26,2026-10-30,400.0,P,0.47,0.78,0.625,44.4586,-0.024142,0.00081,-0.056996,0.089415,34,516.17,10,1031,4.21
MSFT,2026-09-26,2026-10-30,405.0,P,0.02,1.12,0.57,45.5328,-0.032729,0.001019,-0.075142,0.115194,34,516.17,3,48,4.21
MSFT,2026-09-26,2026-10-30,410.0,P,0.47,1.0,0.735,42.6764,-0.031288,0.001048,-0.067759,0.110988,34,516.17,5,209,4.21
MSFT,2026-09-26,2026-10-30,415.0,P,0.53,1.17,0.85,42.066,-0.036492,0.001207,-0.075712,0.125966,34,516.17,16,29,4.21
MSFT,2026-09-26,2026-10-30,420.0,P,0.78,1.32,1.05,41.1505,-0.041403,0.001367,-0.081974,0.139607,34,516.17,16,77,4.21
MSFT,2026-09-26,2026-10-30,425.0,P,0.78,1.41,1.095,39.7711,-0.045226,0.001519,-0.084949,0.149928,34,516.17,24,133,4.21
MSFT,2026-09-26,2026-10-30,430.0,P,1.0,1.62,1.31,39.0082,-0.052024,0.001732,-0.093045,0.167691,34,516.17,69,213,4.21
MSFT,2026-09-26,2026-10-30,435.0,P,1.35,1.75,1.55,37.6959,-0.057332,0.001936,-0.096914,0.181083,34,516.17,307,3031,4.21
MSFT,2026-09-26,2026-10-30,440.0,P,1.55,2.18,1.865,37.6715,-0.069555,0.002251,-0.112392,0.210487,34,516.17,43,354,4.21
MSFT,2026-09-26,2026-10-30,445.0,P,2.08,2.51,2.295,36.9452,-0.0799,0.002552,-0.122282,0.233984,34,516.17,80,208,4.21
MSFT,2026-09-26,2026-10-30,450.0,P,2.46,3.1,2.78,36.9635,-0.095765,0.00292,-0.139778,0.267846,34,516.17,239,856,4.21
MSFT,2026-09-26,2026-10-30,455.0,P,2.89,3.4,3.145,35.755,-0.106529,0.003262,-0.145739,0.28947,34,516.17,132,377,4.21
MSFT,2026-09-26,2026-10-30,460.0,P,3.4,4.0,3.7,35.3156,-0.123443,0.003668,-0.15945,0.321466,34,516.17,173,317,4.21
MSFT,2026-09-26,2026-10-30,465.0,P,4.0,4.6,4.3,34.6381,-0.140909,0.004097,-0.170829,0.352187,34,516.17,165,235,4.21
MSFT,2026-09-26,2026-10-30,470.0,P,4.7,5.35,5.025,34.1254,-0.16154,0.004554,-0.183734,0.385713,34,516.17,276,571,4.21
MSFT,2026-09-26,2026-10-30,475.0,P,5.5,6.4,5.95,34.0522,-0.187208,0.005013,-0.200715,0.42362,34,516.17,295,327,4.21
MSFT,2026-09-26,2026-10-30,480.0,P,6.6,7.35,6.975,33.4662,-0.212012,0.005497,-0.211756,0.456572,34,516.17,145,329,4.21
MSFT,2026-09-26,2026-10-30,485.0,P,7.9,8.7,8.3,33.4205,-0.242332,0.005936,-0.227134,0.492325,34,516.17,141,302,4.21
MSFT,2026-09-26,2026-10-30,490.0,P,8.95,10.05,9.5,33.0695,-0.273074,0.006383,-0.238007,0.523839,34,516.17,148,160,4.21
MSFT,2026-09-26,2026-10-30,495.0,P,10.1,11.7,10.9,32.9658,-0.307054,0.006765,-0.24944,0.553464,34,516.17,113,324,4.21
MSFT,2026-09-26,2026-10-30,500.0,P,12.0,13.3,12.65,32.4775,-0.341305,0.007172,-0.255082,0.57808,34,516.17,160,368,4.21
MSFT,2026-09-26,2026-10-30,505.0,P,13.5,15.3,14.4,32.3615,-0.378557,0.00746,-0.261759,0.599137,34,516.17,98,123,4.21
MSFT,2026-09-26,2026-10-30,510.0,P,16.3,17.15,16.725,31.7023,-0.416114,0.007811,-0.260774,0.614541,34,516.17,123,310,4.21
MSFT,2026-09-26,2026-10-30,515.0,P,18.45,19.75,19.1,31.9343,-0.455842,0.007881,-0.265043,0.624632,34,516.17,173,6,4.21
MSFT,2026-09-26,2026-10-30,520.0,P,20.65,22.65,21.65,32.3279,-0.494881,0.007833,-0.267907,0.628435,34,516.17,70,7,4.21
MSFT,2026-09-26,2026-10-30,525.0,P,23.1,25.8,24.45,32.8162,-0.532447,0.007691,-0.268937,0.626406,34,516.17,20,25,4.21
MSFT,2026-09-26,2026-10-30,530.0,P,26.05,28.55,27.3,32.3798,-0.571336,0.007695,-0.258574,0.618412,34,516.17,57,42,4.21
MSFT,2026-09-26,2026-10-30,535.0,P,29.4,31.65,30.525,32.2089,-0.609022,0.007567,-0.248099,0.60487,34,516.17,20,2,4.21
MSFT,2026-09-26,2026-10-30,540.0,P,32.45,34.9,33.675,31.9923,-0.646013,0.007379,-0.234767,0.585906,34,516.17,4,69,4.21
MSFT,2026-09-26,2026-10-30,545.0,P,35.75,38.35,37.05,31.8214,-0.681541,0.007119,-0.219794,0.562233,34,516.17,0,2,4.21
MSFT,2026-09-26,2026-10-30,550.0,P,39.45,41.75,40.6,31.2446,-0.718459,0.006857,-0.198508,0.531719,34,516.17,2,11,4.21
MSFT,2026-09-26,2026-10-30,560.0,P,47.1,49.75,48.425,31.5192,-0.776284,0.00602,-0.168278,0.470945,34,516.17,10,7,4.21
MSFT,2026-09-26,2026-11-20,200.0,C,315.5,319.4,317.45,121.2162,0.98819,0.000127,-0.089369,0.06172,55,516.17,1,63,4.21
MSFT,2026-09-26,2026-11-20,225.0,C,275.05,278.75,276.9,0.001,1.0,0.0,-0.024936,0.0,55,516.17,10,18,4.21
MSFT,2026-09-26,2026-11-20,240.0,C,260.4,263.8,262.1,0.001,1.0,0.0,-0.026598,0.0,55,516.17,2,4,4.21
MSFT,2026-09-26,2026-11-20,245.0,C,255.4,258.9,257.15,0.001,1.0,0.0,-0.027152,0.0,55,516.17,32,17,4.21
MSFT,2026-09-26,2026-11-20,250.0,C,265.7,269.7,267.7,97.7783,0.982827,0.000217,-0.102304,0.085208,55,516.17,1,12,4.21
MSFT,2026-09-26,2026-11-20,275.0,C,241.3,244.9,243.1,89.8805,0.977074,0.000302,-0.117933,0.108886,55,516.17,1,28,4.21
MSFT,2026-09-26,2026-11-20,280.0,C,236.1,240.0,238.05,87.195,0.976947,0.000312,-0.116228,0.109392,55,516.17,1,53,4.21
MSFT,2026-09-26,2026-11-20,290.0,C,210.85,214.35,212.6,0.001,1.0,0.0,-0.032139,0.0,55,516.17,22,36,4.21
MSFT,2026-09-26,2026-11-20,295.0,C,206.0,209.4,207.7,0.001,1.0,0.0,-0.032693,0.0,55,516.17,2,127,4.21
MSFT,2026-09-26,2026-11-20,300.0,C,216.2,220.15,218.175,79.5046,0.973351,0.000387,-0.1208,0.123536,55,516.17,2,110,4.21
MSFT,2026-09-26,2026-11-20,305.0,C,211.55,215.2,213.375,78.8332,0.970776,0.000421,-0.127502,0.133402,55,516.17,1,61,4.21
MSFT,2026-09-26,2026-11-20,315.0,C,186.2,189.8,188.0,0.001,1.0,0.0,-0.03491,0.0,55,516.17,22,33,4.21
MSFT,2026-09-26,2026-11-20,325.0,C,191.4,195.4,193.4,70.7889,0.967352,0.000514,-0.128008,0.146213,55,516.17,5,61,4.21
MSFT,2026-09-26,2026-11-20,330.0,C,186.6,190.45,188.525,69.556,0.965201,0.000552,-0.13177,0.154093,55,516.17,15,124,4.21
MSFT,2026-09-26,2026-11-20,340.0,C,176.55,180.6,178.575,65.9183,0.962746,0.000616,-0.13294,0.162943,55,516.17,2,181,4.21
MSFT,2026-09-26,2026-11-20,350.0,C,167.4,170.7,169.05,64.5267,0.955505,0.000726,-0.146339,0.188203,55,516.17,4,970,4.21
MSFT,2026-09-26,2026-11-20,355.0,C,161.75,165.85,163.8,61.3407,0.956995,0.000744,-0.13871,0.183103,55,516.17,2,317,4.21
MSFT,2026-09-26,2026-11-20,360.0,C,157.85,160.8,159.325,61.9267,0.949981,0.000831,-0.153074,0.206714,55,516.17,7,363,4.21
MSFT,2026-09-26,2026-11-20,365.0,C,152.25,155.95,154.1,58.9848,0.951012,0.000859,-0.146355,0.203304,55,516.17,3,307,4.21
MSFT,2026-09-26,2026-11-20,370.0,C,147.8,151.0,149.4,58.3989,0.946197,0.000934,-0.153875,0.219046,55,516.17,20,924,4.21
MSFT,2026-09-26,2026-11-20,375.0,C,142.3,146.15,144.225,55.7622,0.946589,0.000973,-0.148579,0.217781,55,516.17,2,843,4.21
MSFT,2026-09-26,2026-11-20,380.0,C,137.95,141.2,139.575,55.3105,0.940898,0.001062,-0.156975,0.235878,55,516.17,1,671,4.21
MSFT,2026-09-26,2026-11-20,385.0,C,133.65,136.4,135.025,55.1091,0.93399,0.001162,-0.167291,0.257111,55,516.17,7,860,4.21
MSFT,2026-09-26,2026-11-20,390.0,C,128.75,131.55,130.15,53.6382,0.930527,0.001242,-0.169247,0.26747,55,516.17,4,1213,4.21
MSFT,2026-09-26,2026-11-20,395.0,C,123.9,126.7,125.3,52.2405,0.92661,0.00133,-0.171623,0.27897,55,516.17,2,1431,4.21
MSFT,2026-09-26,2026-11-20,400.0,C,119.1,121.9,120.5,50.9832,0.921946,0.001428,-0.174913,0.292376,55,516.17,24,4262,4.21
MSFT,2026-09-26,2026-11-20,405.0,C,114.1,117.0,115.55,53.4551,0.903577,0.001595,-0.205126,0.342384,55,516.17,13,1256,4.21
MSFT,2026-09-26,2026-11-20,410.0,C,109.5,111.75,110.625,50.7756,0.902855,0.001689,-0.198194,0.344264,55,516.17,6,991,4.21
MSFT,2026-09-26,2026-11-20,415.0,C,104.75,107.1,105.925,49.7228,0.895903,0.001814,-0.203065,0.362068,55,516.17,2,1058,4.21
MSFT,2026-09-26,2026-11-20,420.0,C,99.35,102.15,100.75,47.8612,0.891709,0.001939,-0.201805,0.372547,55,516.17,56,18863,4.21
MSFT,2026-09-26,2026-11-20,425.0,C,95.35,97.7,96.525,47.2112,0.882103,0.002088,-0.209547,0.395843,55,516.17,24,1360,4.21
MSFT,2026-09-26,2026-11-20,430.0,C,90.45,93.05,91.75,46.0088,0.874171,0.002243,-0.213032,0.414371,55,516.17,18,1295,4.21
MSFT,2026-09-26,2026-11-20,435.0,C,86.1,88.4,87.25,44.7515,0.865862,0.002411,-0.215967,0.433127,55,516.17,35,902,4.21
MSFT,2026-09-26,2026-11-20,440.0,C,81.65,83.5,82.575,42.9235,0.859561,0.002593,-0.214334,0.446922,55,516.17,18,2082,4.21
MSFT,2026-09-26,2026-11-20,445.0,C,77.1,79.45,78.275,42.7984,0.84447,0.002785,-0.22571,0.478529,55,516.17,54,1158,4.21
MSFT,2026-09-26,2026-11-20,450.0,C,72.85,75.05,73.95,41.8463,0.832358,0.002991,-0.230486,0.502507,55,516.17,196,4620,4.21
MSFT,2026-09-26,2026-11-20,455.0,C,68.4,70.75,69.575,40.9918,0.818804,0.003208,-0.235766,0.527953,55,516.17,5,838,4.21
MSFT,2026-09-26,2026-11-20,460.0,C,64.15,66.6,65.375,40.296,0.803434,0.003431,-0.241961,0.55512,55,516.17,34,2202,4.21
MSFT,2026-09-26,2026-11-20,465.0,C,59.95,62.4,61.175,39.4049,0.78788,0.003672,-0.246265,0.580872,55,516.17,22,1818,4.21
MSFT,2026-09-26,2026-11-20,470.0,C,56.2,57.1,56.65,36.6553,0.780176,0.00403,-0.235933,0.593003,55,516.17,218,4914,4.21
MSFT,2026-09-26,2026-11-20,475.0,C,52.2,54.15,53.175,37.5464,0.75341,0.004193,-0.252872,0.632076,55,516.17,137,1055,4.21
MSFT,2026-09-26,2026-11-20,480.0,C,48.45,49.9,49.175,36.2738,0.735623,0.004501,-0.25274,0.655506,55,516.17,225,11908,4.21
MSFT,2026-09-26,2026-11-20,485.0,C,44.85,46.8,45.825,36.5332,0.709994,0.004676,-0.26325,0.685873,55,516.17,64,2130,4.21
MSFT,2026-09-26,2026-11-20,490.0,C,41.6,42.5,42.05,34.9494,0.690249,0.005036,-0.259318,0.706636,55,516.17,246,4319,4.21
MSFT,2026-09-26,2026-11-20,495.0,C,38.1,39.4,38.75,34.8731,0.663615,0.005222,-0.265418,0.731144,55,516.17,396,3018,4.21
MSFT,2026-09-26,2026-11-20,500.0,C,35.3,36.0,35.65,34.2231,0.637645,0.005468,-0.266256,0.751287,55,516.17,3716,10678,4.21
MSFT,2026-09-26,2026-11-20,505.0,C,32.25,33.35,32.8,34.3696,0.608978,0.005576,-0.271551,0.769338,55,516.17,408,1827,4.21
MSFT,2026-09-26,2026-11-20,510.0,C,29.7,30.5,30.1,34.0766,0.580594,0.005723,-0.272421,0.782984,55,516.17,989,5098,4.21
MSFT,2026-09-26,2026-11-20,515.0,C,26.9,28.0,27.45,34.043,0.55158,0.0058,-0.273795,0.792661,55,516.17,839,2503,4.21
MSFT,2026-09-26,2026-11-20,520.0,C,24.6,25.1,24.85,33.335,0.521917,0.005964,-0.268979,0.798145,55,516.17,808,6064,4.21
MSFT,2026-09-26,2026-11-20,525.0,C,22.35,22.8,22.575,33.1916,0.49217,0.005998,-0.266809,0.799197,55,516.17,1652,1913,4.21
MSFT,2026-09-26,2026-11-20,530.0,C,19.95,20.7,20.325,33.1199,0.462683,0.005985,-0.263826,0.795852,55,516.17,787,3178,4.21
MSFT,2026-09-26,2026-11-20,535.0,C,18.15,19.2,18.675,33.628,0.435561,0.005843,-0.263992,0.788901,55,516.17,320,19041,4.21
MSFT,2026-09-26,2026-11-20,540.0,C,16.2,16.95,16.575,33.0115,0.40506,0.00586,-0.254386,0.776608,55,516.17,777,4218,4.21
MSFT,2026-09-26,2026-11-20,545.0,C,14.6,15.25,14.925,32.9246,0.377004,0.005758,-0.247699,0.761054,55,516.17,694,2130,4.21
MSFT,2026-09-26,2026-11-20,550.0,C,12.95,13.6,13.275,32.7277,0.349047,0.005643,-0.239079,0.741422,55,516.17,2422,7308,4.21
MSFT,2026-09-26,2026-11-20,555.0,C,11.75,12.05,11.9,32.4897,0.321532,0.005504,-0.229143,0.717966,55,516.17,468,1911,4.21
MSFT,2026-09-26,2026-11-20,560.0,C,10.5,10.85,10.675,32.5751,0.297086,0.005303,-0.221212,0.693578,55,516.17,1734,7992,4.21
MSFT,2026-09-26,2026-11-20,565.0,C,9.25,9.75,9.5,32.6575,0.273835,0.005089,-0.212683,0.667172,55,516.17,658,1378,4.21
MSFT,2026-09-26,2026-11-20,570.0,C,8.25,8.65,8.45,32.5812,0.250594,0.004874,-0.202229,0.637523,55,516.17,785,4665,4.21
MSFT,2026-09-26,2026-11-20,575.0,C,7.35,7.55,7.45,32.3341,0.227137,0.004654,-0.189765,0.604146,55,516.17,647,3496,4.21
MSFT,2026-09-26,2026-11-20,580.0,C,6.5,6.65,6.575,32.2547,0.206219,0.004412,-0.1786,0.571304,55,516.17,7079,13000,4.21
MSFT,2026-09-26,2026-11-20,585.0,C,5.7,6.0,5.85,32.4836,0.189153,0.004158,-0.1703,0.542235,55,516.17,232,1401,4.21
MSFT,2026-09-26,2026-11-20,590.0,C,5.05,5.45,5.25,32.7827,0.17394,0.003909,-0.162701,0.51451,55,516.17,257,1608,4.21
MSFT,2026-09-26,2026-11-20,595.0,C,4.4,4.95,4.675,33.0756,0.159871,0.003669,-0.155128,0.487261,55,516.17,39,722,4.21
MSFT,2026-09-26,2026-11-20,600.0,C,3.9,4.1,4.0,32.4592,0.139468,0.003413,-0.138798,0.444818,55,516.17,2454,5414,4.21
MSFT,2026-09-26,2026-11-20,605.0,C,3.35,3.85,3.6,33.0817,0.130386,0.003198,-0.134784,0.424738,55,516.17,80,18088,4.21
MSFT,2026-09-26,2026-11-20,610.0,C,3.0,3.3,3.15,32.8559,0.115515,0.002958,-0.122792,0.390156,55,516.17,215,555,4.21
MSFT,2026-09-26,2026-11-20,615.0,C,2.65,2.87,2.76,32.7949,0.103061,0.00273,-0.112755,0.359449,55,516.17,29,271,4.21
MSFT,2026-09-26,2026-11-20,620.0,C,2.23,2.58,2.405,33.0207,0.09376,0.00253,-0.10577,0.335393,55,516.17,383,438,4.21
MSFT,2026-09-26,2026-11-20,625.0,C,2.0,2.27,2.135,33.0695,0.084042,0.002329,-0.097507,0.30915,55,516.17,97,514,4.21
MSFT,2026-09-26,2026-11-20,630.0,C,1.75,2.33,2.04,34.3024,0.083181,0.002228,-0.100174,0.306768,55,516.17,18,259,4.21
MSFT,2026-09-26,2026-11-20,635.0,C,1.41,1.96,1.685,33.9911,0.07245,0.002024,-0.089295,0.276229,55,516.17,107,359,4.21
MSFT,2026-09-26,2026-11-20,640.0,C,1.28,1.73,1.505,34.0583,0.065016,0.001858,-0.082212,0.254103,55,516.17,65,440,4.21
MSFT,2026-09-26,2026-11-20,645.0,C,1.11,1.32,1.215,33.1672,0.052766,0.00162,-0.067916,0.215695,55,516.17,69,298,4.21
MSFT,2026-09-26,2026-11-20,650.0,C,1.0,1.2,1.1,33.4601,0.048181,0.001493,-0.063657,0.200624,55,516.17,1480,941,4.21
MSFT,2026-09-26,2026-11-20,655.0,C,0.78,1.04,0.91,33.4601,0.042558,0.001352,-0.057554,0.181561,55,516.17,60,166,4.21
MSFT,2026-09-26,2026-11-20,660.0,C,0.71,0.86,0.785,33.2038,0.036324,0.001197,-0.050166,0.159608,55,516.17,70,224,4.21
MSFT,2026-09-26,2026-11-20,665.0,C,0.61,0.76,0.685,33.3381,0.032475,0.001088,-0.045897,0.145571,55,516.17,28,155,4.21
MSFT,2026-09-26,2026-11-20,670.0,C,0.56,0.68,0.62,33.5334,0.029269,0.000992,-0.042323,0.133571,55,516.17,1,207,4.21
MSFT,2026-09-26,2026-11-20,675.0,C,0.48,0.76,0.62,34.9372,0.031082,0.001001,-0.04629,0.140395,55,516.17,678,292,4.21
MSFT,2026-09-26,2026-11-20,680.0,C,0.42,0.69,0.555,35.1691,0.028326,0.000921,-0.043107,0.129984,55,516.17,141,358,4.21
MSFT,2026-09-26,2026-11-20,700.0,C,0.23,0.32,0.275,34.2292,0.014622,0.00054,-0.023903,0.074232,55,516.17,117,3004,4.21
MSFT,2026-09-26,2026-11-20,200.0,P,0.0,0.05,0.025,77.7346,-0.000461,1.1e-05,-0.002306,0.003303,55,516.17,1,660,4.21
MSFT,2026-09-26,2026-11-20,210.0,P,0.0,0.4,0.2,90.2345,-0.002889,4.9e-05,-0.014349,0.017718,55,516.17,1,90,4.21
MSFT,2026-09-26,2026-11-20,215.0,P,0.0,0.08,0.04,75.0003,-0.00075,1.7e-05,-0.003482,0.005176,55,516.17,8,185,4.21
MSFT,2026-09-26,2026-11-20,220.0,P,0.0,0.08,0.04,73.0471,-0.00076,1.8e-05,-0.003432,0.00524,55,516.17,10,343,4.21
MSFT,2026-09-26,2026-11-20,225.0,P,0.0,1.73,0.865,101.0747,-0.009953,0.000131,-0.04821,0.053185,55,516.17,1,99,4.21
MSFT,2026-09-26,2026-11-20,230.0,P,0.01,0.06,0.035,68.7503,-0.000723,1.8e-05,-0.003083,0.005005,55,516.17,23,391,4.21
MSFT,2026-09-26,2026-11-20,235.0,P,0.0,0.2,0.1,73.926,-0.001826,3.9e-05,-0.007744,0.011694,55,516.17,1,177,4.21
MSFT,2026-09-26,2026-11-20,240.0,P,0.0,0.15,0.075,70.1175,-0.001479,3.4e-05,-0.006059,0.00965,55,516.17,1,252,4.21
MSFT,2026-09-26,2026-11-20,245.0,P,0.01,0.1,0.055,66.2113,-0.001138,2.9e-05,-0.004501,0.007595,55,516.17,27,311,4.21
MSFT,2026-09-26,2026-11-20,250.0,P,0.0,0.1,0.05,64.0629,-0.001091,2.8e-05,-0.004188,0.007307,55,516.17,20,206,4.21
MSFT,2026-09-26,2026-11-20,255.0,P,0.0,2.0,1.0,89.0382,-0.012847,0.000186,-0.052899,0.066389,55,516.17,3,114,4.21
MSFT,2026-09-26,2026-11-20,260.0,P,0.0,2.17,1.085,87.9396,-0.013992,0.000202,-0.056223,0.07147,55,516.17,1,257,4.21
MSFT,2026-09-26,2026-11-20,265.0,P,0.0,0.17,0.085,62.3051,-0.001849,4.7e-05,-0.006585,0.011827,55,516.17,4,167,4.21
MSFT,2026-09-26,2026-11-20,270.0,P,0.01,0.25,0.13,63.3793,-0.002702,6.6e-05,-0.009445,0.016684,55,516.17,45,340,4.21
MSFT,2026-09-26,2026-11-20,275.0,P,0.01,0.3,0.155,62.891,-0.003202,7.7e-05,-0.010914,0.019437,55,516.17,109,243,4.21
MSFT,2026-09-26,2026-11-20,280.0,P,0.03,0.45,0.24,64.3558,-0.004691,0.000106,-0.01572,0.02737,55,516.17,9,2356,4.21
MSFT,2026-09-26,2026-11-20,285.0,P,0.04,0.16,0.1,56.8364,-0.002326,6.4e-05,-0.007384,0.014568,55,516.17,14,230,4.21
MSFT,2026-09-26,2026-11-20,290.0,P,0.04,0.18,0.11,55.8598,-0.00259,7.2e-05,-0.007994,0.016055,55,516.17,6,2260,4.21
MSFT,2026-09-26,2026-11-20,295.0,P,0.04,0.17,0.105,54.102,-0.00257,7.3e-05,-0.007684,0.015943,55,516.17,4,392,4.21
MSFT,2026-09-26,2026-11-20,300.0,P,0.08,0.17,0.125,53.5161,-0.00302,8.6e-05,-0.008788,0.018444,55,516.17,6,3201,4.21
MSFT,2026-09-26,2026-11-20,305.0,P,0.07,0.24,0.155,53.3208,-0.003736,0.000104,-0.010595,0.022331,55,516.17,40,615,4.21
MSFT,2026-09-26,2026-11-20,310.0,P,0.14,0.2,0.17,52.3442,-0.004132,0.000116,-0.011376,0.024439,55,516.17,9,1225,4.21
MSFT,2026-09-26,2026-11-20,315.0,P,0.09,0.23,0.16,50.4888,-0.004035,0.000118,-0.010733,0.023922,55,516.17,1,1821,4.21
MSFT,2026-09-26,2026-11-20,320.0,P,0.17,0.25,0.21,50.5864,-0.00517,0.000147,-0.01341,0.02985,55,516.17,20,1094,4.21
MSFT,2026-09-26,2026-11-20,325.0,P,0.2,0.45,0.325,51.8804,-0.007586,0.000201,-0.019301,0.041914,55,516.17,48,2021,4.21
MSFT,2026-09-26,2026-11-20,330.0,P,0.12,0.4,0.26,51.7583,-0.009199,0.000239,-0.022792,0.049645,55,516.17,4,1679,4.21
MSFT,2026-09-26,2026-11-20,335.0,P,0.23,0.32,0.275,48.731,-0.007925,0.000223,-0.01881,0.043558,55,516.17,5,866,4.21
MSFT,2026-09-26,2026-11-20,340.0,P,0.28,0.36,0.32,47.9742,-0.008945,0.000252,-0.020578,0.048442,55,516.17,10,1082,4.21
MSFT,2026-09-26,2026-11-20,345.0,P,0.33,0.4,0.365,47.1441,-0.009995,0.000282,-0.022263,0.053377,55,516.17,8,1132,4.21
MSFT,2026-09-26,2026-11-20,350.0,P,0.37,0.47,0.42,46.7046,-0.011684,0.000326,-0.025246,0.06115,55,516.17,42,4130,4.21
MSFT,2026-09-26,2026-11-20,355.0,P,0.39,0.48,0.435,45.3375,-0.012232,0.00035,-0.025477,0.063631,55,516.17,11,2671,4.21
MSFT,2026-09-26,2026-11-20,360.0,P,0.5,0.53,0.515,44.5074,-0.013639,0.000391,-0.027453,0.069914,55,516.17,13,2725,4.21
MSFT,2026-09-26,2026-11-20,365.0,P,0.53,0.59,0.56,43.7139,-0.015264,0.000439,-0.029675,0.077025,55,516.17,15,2664,4.21
MSFT,2026-09-26,2026-11-20,370.0,P,0.6,0.66,0.63,42.9693,-0.017165,0.000494,-0.03222,0.085173,55,516.17,157,4265,4.21
MSFT,2026-09-26,2026-11-20,375.0,P,0.67,0.74,0.705,42.2369,-0.019313,0.000555,-0.03498,0.094179,55,516.17,120,1233,4.21
MSFT,2026-09-26,2026-11-20,380.0,P,0.75,0.84,0.795,41.6021,-0.021942,0.000628,-0.038342,0.10493,55,516.17,59,3241,4.21
MSFT,2026-09-26,2026-11-20,385.0,P,0.86,0.99,0.925,41.2604,-0.025651,0.000722,-0.043311,0.119656,55,516.17,82,1385,4.21
MSFT,2026-09-26,2026-11-20,390.0,P,0.8,1.04,0.92,40.0763,-0.027498,0.000788,-0.044518,0.126809,55,516.17,153,3133,4.21
MSFT,2026-09-26,2026-11-20,395.0,P,0.93,1.17,1.05,39.3927,-0.031005,0.000886,-0.048277,0.140105,55,516.17,143,2115,4.21
MSFT,2026-09-26,2026-11-20,400.0,P,1.19,1.31,1.25,38.6847,-0.034851,0.000993,-0.052126,0.154282,55,516.17,3193,3779,4.21
MSFT,2026-09-26,2026-11-20,405.0,P,1.33,1.43,1.38,37.7814,-0.03845,0.001102,-0.055077,0.167199,55,516.17,73,1500,4.21
MSFT,2026-09-26,2026-11-20,410.0,P,1.39,1.74,1.565,37.7326,-0.045774,0.001271,-0.063245,0.192544,55,516.17,135,3008,4.21
MSFT,2026-09-26,2026-11-20,415.0,P,1.62,1.94,1.78,37.0123,-0.051242,0.001418,-0.067768,0.210728,55,516.17,170,1279,4.21
MSFT,2026-09-26,2026-11-20,420.0,P,1.95,2.15,2.05,36.2311,-0.057062,0.001577,-0.072085,0.229458,55,516.17,183,2616,4.21
MSFT,2026-09-26,2026-11-20,425.0,P,2.29,2.52,2.405,35.9442,-0.065957,0.001781,-0.079921,0.25695,55,516.17,170,1253,4.21
MSFT,2026-09-26,2026-11-20,430.0,P,2.57,2.79,2.68,35.1691,-0.073377,0.001976,-0.084685,0.278933,55,516.17,1195,2350,4.21
MSFT,2026-09-26,2026-11-20,435.0,P,3.0,3.2,3.1,34.7236,-0.083455,0.002206,-0.091961,0.307527,55,516.17,118,3588,4.21
MSFT,2026-09-26,2026-11-20,440.0,P,3.4,3.75,3.575,34.5099,-0.096013,0.002463,-0.101185,0.341312,55,516.17,352,2361,4.21
MSFT,2026-09-26,2026-11-20,445.0,P,3.8,4.15,3.975,33.7439,-0.106574,0.002718,-0.106433,0.368281,55,516.17,210,1480,4.21
MSFT,2026-09-26,2026-11-20,450.0,P,4.5,4.8,4.65,33.454,-0.121288,0.003007,-0.115365,0.403841,55,516.17,335,5216,4.21
MSFT,2026-09-26,2026-11-20,455.0,P,5.15,5.5,5.325,33.0939,-0.137007,0.003308,-0.123781,0.439452,55,516.17,405,5038,4.21
MSFT,2026-09-26,2026-11-20,460.0,P,5.95,6.25,6.1,32.6728,-0.153829,0.003622,-0.131632,0.475063,55,516.17,338,5311,4.21
MSFT,2026-09-26,2026-11-20,465.0,P,6.75,7.3,7.025,32.6362,-0.174684,0.003937,-0.142283,0.515905,55,516.17,265,1236,4.21
MSFT,2026-09-26,2026-11-20,470.0,P,7.85,8.15,8.0,32.0502,-0.193611,0.004275,-0.148303,0.550033,55,516.17,267,1920,4.21
MSFT,2026-09-26,2026-11-20,475.0,P,8.85,9.35,9.1,31.8824,-0.216796,0.004596,-0.157092,0.588284,55,516.17,583,1650,4.21
MSFT,2026-09-26,2026-11-20,480.0,P,10.35,10.7,10.525,31.7512,-0.241705,0.004905,-0.1655,0.625294,55,516.17,491,1821,4.21
MSFT,2026-09-26,2026-11-20,485.0,P,11.4,12.05,11.725,31.4201,-0.266985,0.005222,-0.171587,0.658777,55,516.17,111,915,4.21
MSFT,2026-09-26,2026-11-20,490.0,P,13.05,13.55,13.3,31.1164,-0.293934,0.005525,-0.176946,0.690183,55,516.17,141,2637,4.21
MSFT,2026-09-26,2026-11-20,495.0,P,14.8,15.25,15.025,30.8952,-0.322652,0.005797,-0.181821,0.719003,55,516.17,179,1050,4.21
MSFT,2026-09-26,2026-11-20,500.0,P,16.75,17.5,17.125,31.1988,-0.354202,0.005951,-0.189227,0.745356,55,516.17,1143,4989,4.21
MSFT,2026-09-26,2026-11-20,505.0,P,18.7,19.2,18.95,30.5793,-0.383873,0.006233,-0.188672,0.765242,55,516.17,71,959,4.21
MSFT,2026-09-26,2026-11-20,510.0,P,20.4,21.4,20.9,30.4069,-0.415719,0.006401,-0.189887,0.781446,55,516.17,171,3489,4.21
MSFT,2026-09-26,2026-11-20,515.0,P,23.2,23.75,23.475,30.2223,-0.448173,0.006532,-0.189522,0.792597,55,516.17,161,626,4.21
MSFT,2026-09-26,2026-11-20,520.0,P,25.55,26.3,25.925,30.0849,-0.481016,0.006611,-0.187971,0.798446,55,516.17,105,133,4.21
MSFT,2026-09-26,2026-11-20,525.0,P,28.0,29.6,28.8,30.68,-0.512518,0.006487,-0.190265,0.798958,55,516.17,119,381,4.21
MSFT,2026-09-26,2026-11-20,530.0,P,30.3,32.75,31.525,30.8997,-0.543531,0.006405,-0.18851,0.794588,55,516.17,17,164,4.21
MSFT,2026-09-26,2026-11-20,535.0,P,33.8,35.6,34.7,30.5503,-0.575787,0.006399,-0.18113,0.784884,55,516.17,18,610,4.21
MSFT,2026-09-26,2026-11-20,540.0,P,36.45,38.5,37.475,30.0636,-0.608663,0.006376,-0.171252,0.769513,55,516.17,16,44,4.21
MSFT,2026-09-26,2026-11-20,545.0,P,40.7,42.15,41.425,30.3657,-0.636874,0.006167,-0.166466,0.75183,55,516.17,111,66,4.21
MSFT,2026-09-26,2026-11-20,550.0,P,43.6,45.6,44.6,30.2253,-0.666448,0.006005,-0.157083,0.728725,55,516.17,221,178,4.21
MSFT,2026-09-26,2026-11-20,555.0,P,46.95,49.15,48.05,30.033,-0.695413,0.005817,-0.146303,0.701423,55,516.17,41,83,4.21
MSFT,2026-09-26,2026-11-20,560.0,P,50.15,52.85,51.5,29.8622,-0.723146,0.005595,-0.134897,0.67078,55,516.17,20,35,4.21
MSFT,2026-09-26,2026-11-20,565.0,P,55.1,56.7,55.9,29.734,-0.749297,0.005342,-0.123242,0.63767,55,516.17,5,57,4.21
MSFT,2026-09-26,2026-11-20,570.0,P,58.5,60.65,59.575,29.5783,-0.774322,0.005069,-0.110864,0.601952,55,516.17,7,22,4.21
MSFT,2026-09-26,2026-11-20,575.0,P,62.3,64.7,63.5,29.4013,-0.798114,0.004779,-0.097973,0.564121,55,516.17,10,32,4.21
MSFT,2026-09-26,2026-11-20,580.0,P,66.5,68.85,67.675,29.2182,-0.820477,0.004475,-0.084872,0.524888,55,516.17,8,51,4.21
MSFT,2026-09-26,2026-11-20,585.0,P,70.65,73.1,71.875,29.0351,-0.841306,0.00416,-0.071781,0.484908,55,516.17,2,14,4.21
MSFT,2026-09-26,2026-11-20,590.0,P,75.15,77.5,76.325,28.9894,-0.859311,0.003845,-0.060192,0.447462,55,516.17,2,28,4.21
MSFT,2026-09-26,2026-11-20,595.0,P,79.3,81.9,80.6,28.7605,-0.877439,0.003523,-0.047107,0.406813,55,516.17,4,22,4.21
MSFT,2026-09-26,2026-11-20,600.0,P,83.75,86.45,85.1,28.7269,-0.892292,0.003218,-0.036301,0.371101,55,516.17,51,16,4.21
MSFT,2026-09-26,2026-11-20,610.0,P,93.35,96.2,94.775,30.2314,-0.905293,0.002784,-0.030424,0.337887,55,516.17,9,0,4.21
MSFT,2026-09-26,2026-11-20,615.0,P,98.05,100.8,99.425,29.9995,-0.918261,0.002514,-0.018877,0.302756,55,516.17,1,0,4.21
MSFT,2026-09-26,2026-11-20,620.0,P,102.7,105.6,104.15,30.3169,-0.925976,0.002307,-0.012729,0.280811,55,516.17,1,0,4.21
MSFT,2026-09-26,2026-11-20,625.0,P,123.4,127.0,125.2,61.24,-0.745413,0.002615,-0.301418,0.642854,55,516.17,2,0,4.21
MSFT,2026-09-26,2026-11-20,655.0,P,136.85,140.8,138.825,37.8912,-0.933736,0.001695,-0.019821,0.257877,55,516.17,1,0,4.21
MSFT,2026-09-26,2026-11-20,675.0,P,173.35,176.95,175.15,74.0725,-0.778733,0.002002,-0.336906,0.59523,55,516.17,18,0,4.21
MSFT,2026-09-26,2026-11-20,680.0,P,282.85,286.4,284.625,212.357,-0.466049,0.000934,-1.479537,0.796455,55,516.17,1,0,4.21
MSFT,2026-09-26,2026-11-20,700.0,P,181.85,185.65,183.75,45.1299,-0.946993,0.001195,-0.014075,0.216474,55,516.17,0,0,4.21
MSFT,2026-09-26,2026-12-18,175.0,C,340.35,344.25,342.3,109.7172,0.990529,9.4e-05,-0.060024,0.062561,83,516.17,25,526,4.21
MSFT,2026-09-26,2026-12-18,180.0,C,335.3,339.3,337.3,107.0317,0.99029,9.9e-05,-0.060437,0.063935,83,516.17,1,18,4.21
MSFT,2026-09-26,2026-12-18,190.0,C,325.55,329.35,327.45,103.9067,0.988798,0.000115,-0.065549,0.072422,83,516.17,1,87,4.21
MSFT,2026-09-26,2026-12-18,200.0,C,315.65,319.4,317.525,99.8535,0.987734,0.00013,-0.068387,0.078357,83,516.17,7,292,4.21
MSFT,2026-09-26,2026-12-18,220.0,C,295.8,299.55,297.675,92.1876,0.9854,0.000163,-0.073889,0.091071,83,516.17,1,278,4.21
MSFT,2026-09-26,2026-12-18,235.0,C,265.5,268.9,267.2,0.001,1.0,0.0,-0.025963,0.0,83,516.17,24,38,4.21
MSFT,2026-09-26,2026-12-18,245.0,C,271.0,274.85,272.925,83.7648,0.981621,0.000219,-0.081802,0.110916,83,516.17,1,109,4.21
MSFT,2026-09-26,2026-12-18,250.0,C,266.05,269.9,267.975,82.1413,0.980789,0.000231,-0.083324,0.115174,83,516.17,2,575,4.21
MSFT,2026-09-26,2026-12-18,260.0,C,256.2,260.05,258.125,79.2971,0.978671,0.000262,-0.087418,0.12585,83,516.17,1,509,4.21
MSFT,2026-09-26,2026-12-18,265.0,C,251.25,255.1,253.175,77.7102,0.977752,0.000277,-0.088846,0.130414,83,516.17,1,59,4.21
MSFT,2026-09-26,2026-12-18,270.0,C,246.4,250.15,248.275,76.4651,0.97642,0.000296,-0.09135,0.136962,83,516.17,5,80,4.21
MSFT,2026-09-26,2026-12-18,275.0,C,241.5,245.25,243.375,75.22,0.975036,0.000315,-0.093831,0.143684,83,516.17,2,48,4.21
MSFT,2026-09-26,2026-12-18,280.0,C,236.45,240.35,238.4,73.4866,0.974235,0.000331,-0.09454,0.147535,83,516.17,5,124,4.21
MSFT,2026-09-26,2026-12-18,285.0,C,231.55,235.4,233.475,72.095,0.972976,0.000352,-0.096383,0.15354,83,516.17,1,321,4.21
MSFT,2026-09-26,2026-12-18,300.0,C,216.95,220.55,218.75,68.1827,0.96856,0.000421,-0.10259,0.174111,83,516.17,2,589,4.21
MSFT,2026-09-26,2026-12-18,305.0,C,211.6,215.7,213.65,65.8695,0.968664,0.000435,-0.100544,0.173635,83,516.17,4,85,4.21
MSFT,2026-09-26,2026-12-18,310.0,C,206.85,210.75,208.8,64.899,0.966534,0.000466,-0.103727,0.183312,83,516.17,4,79,4.21
MSFT,2026-09-26,2026-12-18,315.0,C,201.8,205.85,203.825,63.2816,0.965478,0.000491,-0.10424,0.188059,83,516.17,1,204,4.21
MSFT,2026-09-26,2026-12-18,320.0,C,197.0,200.9,198.95,62.1708,0.963446,0.000523,-0.106786,0.197088,83,516.17,1,159,4.21
MSFT,2026-09-26,2026-12-18,325.0,C,192.05,196.0,194.025,60.8036,0.961835,0.000554,-0.108204,0.204156,83,516.17,5,115,4.21
MSFT,2026-09-26,2026-12-18,330.0,C,187.15,191.1,189.125,59.5585,0.959913,0.000589,-0.110092,0.212483,83,516.17,11,194,4.21
MSFT,2026-09-26,2026-12-18,335.0,C,182.35,186.25,184.3,58.6186,0.957231,0.000631,-0.113313,0.223934,83,516.17,72,267,4.21
MSFT,2026-09-26,2026-12-18,340.0,C,177.55,181.35,179.45,57.5444,0.954711,0.000673,-0.115924,0.234514,83,516.17,5,369,4.21
MSFT,2026-09-26,2026-12-18,345.0,C,172.5,176.35,174.425,55.7866,0.953744,0.000706,-0.115291,0.238532,83,516.17,1,3030,4.21
MSFT,2026-09-26,2026-12-18,350.0,C,168.4,171.0,169.7,55.164,0.94987,0.000761,-0.119967,0.254387,83,516.17,68,3344,4.21
MSFT,2026-09-26,2026-12-18,355.0,C,162.85,166.7,164.775,53.7846,0.947788,0.000806,-0.120991,0.262756,83,516.17,1,475,4.21
MSFT,2026-09-26,2026-12-18,360.0,C,159.0,161.7,160.35,54.0654,0.940907,0.000885,-0.130318,0.289732,83,516.17,7,8492,4.21
MSFT,2026-09-26,2026-12-18,365.0,C,153.65,156.85,155.25,52.094,0.9402,0.000927,-0.128252,0.292445,83,516.17,1,1340,4.21
MSFT,2026-09-26,2026-12-18,370.0,C,148.75,152.1,150.425,50.9954,0.936836,0.000988,-0.130582,0.305218,83,516.17,10,1779,4.21
MSFT,2026-09-26,2026-12-18,375.0,C,143.75,147.2,145.475,54.2241,0.919354,0.001121,-0.156441,0.368159,83,516.17,10,4318,4.21
MSFT,2026-09-26,2026-12-18,380.0,C,139.65,142.45,141.05,53.1194,0.915009,0.00119,-0.159013,0.382988,83,516.17,3,6358,4.21
MSFT,2026-09-26,2026-12-18,385.0,C,134.85,137.65,136.25,51.8712,0.910915,0.001262,-0.160711,0.396686,83,516.17,1,2783,4.21
MSFT,2026-09-26,2026-12-18,390.0,C,130.1,132.9,131.5,50.7268,0.906235,0.001341,-0.162923,0.412029,83,516.17,17,1764,4.21
MSFT,2026-09-26,2026-12-18,395.0,C,125.35,127.85,126.6,48.8958,0.90384,0.001417,-0.161076,0.419757,83,516.17,67,1599,4.21
MSFT,2026-09-26,2026-12-18,400.0,C,120.6,123.3,121.95,48.1634,0.897115,0.001511,-0.165511,0.441016,83,516.17,132,6001,4.21
MSFT,2026-09-26,2026-12-18,405.0,C,115.9,118.3,117.1,46.4483,0.893909,0.001602,-0.164099,0.450931,83,516.17,3,1760,4.21
MSFT,2026-09-26,2026-12-18,410.0,C,111.25,113.65,112.45,45.4504,0.887542,0.001708,-0.166819,0.470216,83,516.17,13,2332,4.21
MSFT,2026-09-26,2026-12-18,415.0,C,106.65,109.25,107.95,44.895,0.878856,0.001822,-0.172125,0.495683,83,516.17,16,1136,4.21
MSFT,2026-09-26,2026-12-18,420.0,C,102.2,104.55,103.375,43.72,0.872354,0.001941,-0.173627,0.514142,83,516.17,18,3600,4.21
MSFT,2026-09-26,2026-12-18,425.0,C,97.5,99.85,98.675,42.5177,0.865545,0.002069,-0.174849,0.532939,83,516.17,3,1938,4.21
MSFT,2026-09-26,2026-12-18,430.0,C,93.05,95.25,94.15,41.4618,0.857572,0.002207,-0.176842,0.554278,83,516.17,67,3725,4.21
MSFT,2026-09-26,2026-12-18,435.0,C,88.65,90.4,89.525,39.9573,0.851239,0.002358,-0.175955,0.570733,83,516.17,73,1368,4.21
MSFT,2026-09-26,2026-12-18,440.0,C,84.35,85.45,84.9,38.2849,0.845308,0.002525,-0.173878,0.585754,83,516.17,58,2817,4.21
MSFT,2026-09-26,2026-12-18,445.0,C,80.05,82.25,81.15,39.2798,0.825139,0.002665,-0.18805,0.634172,83,516.17,36,1707,4.21
MSFT,2026-09-26,2026-12-18,450.0,C,76.1,77.5,76.8,37.8211,0.816513,0.002853,-0.186954,0.653676,83,516.17,181,6190,4.21
MSFT,2026-09-26,2026-12-18,455.0,C,71.7,73.7,72.7,37.6654,0.800559,0.003015,-0.193628,0.687944,83,516.17,87,1110,4.21
MSFT,2026-09-26,2026-12-18,460.0,C,67.95,69.85,68.9,37.3221,0.784747,0.003183,-0.198868,0.719693,83,516.17,46,4167,4.21
MSFT,2026-09-26,2026-12-18,465.0,C,63.8,65.55,64.675,36.3013,0.771291,0.003388,-0.199695,0.74505,83,516.17,231,1925,4.21
MSFT,2026-09-26,2026-12-18,470.0,C,60.05,62.3,61.175,36.5149,0.751226,0.003526,-0.207589,0.780141,83,516.17,20,3055,4.21
MSFT,2026-09-26,2026-12-18,475.0,C,56.3,58.2,57.25,35.575,0.735441,0.003737,-0.208167,0.805538,83,516.17,212,8992,4.21
MSFT,2026-09-26,2026-12-18,480.0,C,53.2,54.35,53.775,34.8502,0.717673,0.00394,-0.209595,0.83189,83,516.17,242,6725,4.21
MSFT,2026-09-26,2026-12-18,485.0,C,49.45,51.0,50.225,34.6,0.697109,0.0041,-0.213298,0.859519,83,516.17,40,1057,4.21
MSFT,2026-09-26,2026-12-18,490.0,C,46.25,47.15,46.7,33.686,0.677902,0.004325,-0.212586,0.882631,83,516.17,160,3952,4.21
MSFT,2026-09-26,2026-12-18,495.0,C,43.2,44.45,43.825,33.9164,0.654325,0.004417,-0.217855,0.907542,83,516.17,134,1504,4.21
MSFT,2026-09-26,2026-12-18,500.0,C,39.9,40.8,40.35,33.01,0.632958,0.004635,-0.215936,0.926911,83,516.17,611,11769,4.21
MSFT,2026-09-26,2026-12-18,505.0,C,37.25,38.0,37.625,32.8864,0.609084,0.004743,-0.217782,0.945022,83,516.17,80,1332,4.21
MSFT,2026-09-26,2026-12-18,510.0,C,34.55,35.7,35.125,33.1489,0.584594,0.004779,-0.221086,0.959804,83,516.17,226,2755,4.21
MSFT,2026-09-26,2026-12-18,515.0,C,31.95,33.0,32.475,32.8757,0.560366,0.004873,-0.220582,0.970701,83,516.17,223,2366,4.21
MSFT,2026-09-26,2026-12-18,520.0,C,29.45,30.2,29.825,32.3798,0.535564,0.004986,-0.218012,0.978059,83,516.17,1387,9091,4.21
MSFT,2026-09-26,2026-12-18,525.0,C,27.1,28.0,27.55,32.3707,0.510871,0.005005,-0.217483,0.981599,83,516.17,1847,53960,4.21
MSFT,2026-09-26,2026-12-18,530.0,C,24.95,25.85,25.4,32.2883,0.486187,0.005017,-0.215782,0.981375,83,516.17,454,3847,4.21
MSFT,2026-09-26,2026-12-18,535.0,C,22.6,23.65,23.125,32.035,0.461131,0.005035,-0.212312,0.977299,83,516.17,126,2797,4.21
MSFT,2026-09-26,2026-12-18,540.0,C,20.55,22.1,21.325,32.3295,0.438159,0.004953,-0.211513,0.970142,83,516.17,227,7856,4.21
MSFT,2026-09-26,2026-12-18,545.0,C,19.1,20.0,19.55,31.9358,0.412949,0.004954,-0.205765,0.958493,83,516.17,167,1968,4.21
MSFT,2026-09-26,2026-12-18,550.0,C,17.0,18.25,17.625,31.7878,0.388993,0.0049,-0.200904,0.9437,83,516.17,1135,11324,4.21
MSFT,2026-09-26,2026-12-18,555.0,C,15.75,16.75,16.25,31.7924,0.366335,0.004809,-0.196474,0.926318,83,516.17,285,2721,4.21
MSFT,2026-09-26,2026-12-18,560.0,C,14.2,14.9,14.55,31.2888,0.341049,0.004763,-0.188022,0.90295,83,516.17,271,5030,4.21
MSFT,2026-09-26,2026-12-18,565.0,C,12.95,13.85,13.4,31.5711,0.321452,0.004611,-0.18455,0.881894,83,516.17,96,1214,4.21
MSFT,2026-09-26,2026-12-18,570.0,C,11.9,12.35,12.125,31.2202,0.298154,0.004512,-0.176167,0.853422,83,516.17,158,4987,4.21
MSFT,2026-09-26,2026-12-18,575.0,C,10.75,11.3,11.025,31.2934,0.278717,0.004361,-0.170518,0.826725,83,516.17,3940,132004,4.21
MSFT,2026-09-26,2026-12-18,580.0,C,9.6,10.4,10.0,31.4582,0.260919,0.004197,-0.165329,0.79985,83,516.17,95,1647,4.21
MSFT,2026-09-26,2026-12-18,585.0,C,8.6,9.3,8.95,31.2598,0.240993,0.004049,-0.157155,0.766911,83,516.17,95,2271,4.21
MSFT,2026-09-26,2026-12-18,590.0,C,7.85,8.45,8.15,31.2873,0.223805,0.003883,-0.150565,0.735982,83,516.17,57,1675,4.21
MSFT,2026-09-26,2026-12-18,595.0,C,6.85,7.65,7.25,31.2904,0.207286,0.003713,-0.143689,0.703965,83,516.17,144,977,4.21
MSFT,2026-09-26,2026-12-18,600.0,C,6.35,6.85,6.6,31.1897,0.190718,0.003543,-0.135927,0.669492,83,516.17,713,6448,4.21
MSFT,2026-09-26,2026-12-18,605.0,C,5.65,6.15,5.9,31.1378,0.175449,0.003369,-0.128552,0.635524,83,516.17,66,1847,4.21
MSFT,2026-09-26,2026-12-18,610.0,C,5.15,5.8,5.475,31.5864,0.165495,0.003199,-0.125301,0.612192,83,516.17,23,1030,4.21
MSFT,2026-09-26,2026-12-18,615.0,C,4.6,5.0,4.8,31.1683,0.148685,0.003021,-0.115066,0.570537,83,516.17,33,372,4.21
MSFT,2026-09-26,2026-12-18,620.0,C,4.1,4.5,4.3,31.1835,0.136548,0.002851,-0.108483,0.538609,83,516.17,329,1130,4.21
MSFT,2026-09-26,2026-12-18,625.0,C,3.7,4.2,3.95,31.5192,0.12795,0.002697,-0.10463,0.514992,83,516.17,1870,102387,4.21
MSFT,2026-09-26,2026-12-18,630.0,C,3.2,3.95,3.575,31.9038,0.120399,0.002553,-0.101296,0.493536,83,516.17,60,3091,4.21
MSFT,2026-09-26,2026-12-18,635.0,C,2.58,3.25,2.915,31.208,0.104627,0.002361,-0.089546,0.44642,83,516.17,42,2527,4.21
MSFT,2026-09-26,2026-12-18,640.0,C,2.45,3.4,2.925,32.4226,0.104988,0.002278,-0.093035,0.447538,83,516.17,4,1163,4.21
MSFT,2026-09-26,2026-12-18,645.0,C,2.31,2.6,2.455,31.2202,0.086911,0.002059,-0.077923,0.389443,83,516.17,7,269,4.21
MSFT,2026-09-26,2026-12-18,650.0,C,1.93,2.35,2.14,31.3117,0.079665,0.001923,-0.073097,0.364769,83,516.17,55,1104,4.21
MSFT,2026-09-26,2026-12-18,655.0,C,1.88,2.1,1.99,31.3239,0.072417,0.001787,-0.067916,0.339215,83,516.17,14,408,4.21
MSFT,2026-09-26,2026-12-18,660.0,C,1.49,1.86,1.675,31.2934,0.065451,0.001655,-0.062686,0.313773,83,516.17,13,2513,4.21
MSFT,2026-09-26,2026-12-18,665.0,C,1.15,1.99,1.57,32.4775,0.06698,0.001623,-0.066104,0.319434,83,516.17,1,361,4.21
MSFT,2026-09-26,2026-12-18,670.0,C,1.12,1.49,1.305,31.3728,0.054041,0.001421,-0.053958,0.270031,83,516.17,4,3679,4.21
MSFT,2026-09-26,2026-12-18,675.0,C,1.1,1.47,1.285,31.9953,0.052466,0.001361,-0.053677,0.263773,83,516.17,221,37426,4.21
MSFT,2026-09-26,2026-12-18,680.0,C,0.9,1.33,1.115,32.0869,0.048,0.001264,-0.050091,0.245712,83,516.17,21,435,4.21
MSFT,2026-09-26,2026-12-18,685.0,C,0.89,1.02,0.955,31.2751,0.039135,0.0011,-0.041382,0.208371,83,516.17,153,906,4.21
MSFT,2026-09-26,2026-12-18,690.0,C,0.7,1.01,0.855,31.861,0.03807,0.001055,-0.041169,0.20374,83,516.17,15,6775,4.21
MSFT,2026-09-26,2026-12-18,695.0,C,0.65,0.98,0.815,32.3371,0.036567,0.001006,-0.040386,0.197144,83,516.17,25,1432,4.21
MSFT,2026-09-26,2026-12-18,700.0,C,0.61,0.7,0.655,31.2507,0.028217,0.000841,-0.0315,0.159168,83,516.17,63,10451,4.21
MSFT,2026-09-26,2026-12-18,720.0,C,0.33,0.45,0.39,31.5437,0.018954,0.000596,-0.022671,0.113864,83,516.17,11,2314,4.21
MSFT,2026-09-26,2026-12-18,740.0,C,0.06,0.33,0.195,32.3493,0.013976,0.000448,-0.017855,0.08771,83,516.17,1,351,4.21
MSFT,2026-09-26,2026-12-18,760.0,C,0.08,0.2,0.14,32.3737,0.00892,0.000303,-0.012065,0.059361,83,516.17,53,978,4.21
MSFT,2026-09-26,2026-12-18,780.0,C,0.05,0.16,0.105,33.3991,0.007054,0.000239,-0.010103,0.048294,83,516.17,109,684,4.21
MSFT,2026-09-26,2026-12-18,800.0,C,0.01,0.1,0.055,33.4968,0.004589,0.000162,-0.006904,0.03297,83,516.17,8,3377,4.21
MSFT,2026-09-26,2026-12-18,175.0,P,0.0,0.04,0.02,71.094,-0.000353,7e-06,-0.001334,0.003166,83,516.17,4,795,4.21
MSFT,2026-09-26,2026-12-18,180.0,P,0.01,0.05,0.03,71.4847,-0.000504,1e-05,-0.001867,0.00441,83,516.17,47,176,4.21
MSFT,2026-09-26,2026-12-18,185.0,P,0.01,0.03,0.02,67.1878,-0.000347,8e-06,-0.001241,0.00312,83,516.17,6,884,4.21
MSFT,2026-09-26,2026-12-18,190.0,P,0.02,0.08,0.05,70.8987,-0.000809,1.6e-05,-0.002863,0.006824,83,516.17,2,379,4.21
MSFT,2026-09-26,2026-12-18,195.0,P,0.0,0.1,0.05,69.1409,-0.000829,1.7e-05,-0.002854,0.006979,83,516.17,1,172,4.21
MSFT,2026-09-26,2026-12-18,200.0,P,0.01,0.15,0.08,70.5081,-0.001283,2.4e-05,-0.004341,0.010411,83,516.17,1,649,4.21
MSFT,2026-09-26,2026-12-18,205.0,P,0.0,0.1,0.05,65.8207,-0.000879,1.8e-05,-0.002863,0.007359,83,516.17,25,186,4.21
MSFT,2026-09-26,2026-12-18,210.0,P,0.03,0.72,0.375,79.3459,-0.004792,7.1e-05,-0.016067,0.034269,83,516.17,16,144,4.21
MSFT,2026-09-26,2026-12-18,215.0,P,0.04,0.15,0.095,66.4066,-0.001572,3.1e-05,-0.004916,0.012538,83,516.17,285,196,4.21
MSFT,2026-09-26,2026-12-18,220.0,P,0.05,0.15,0.1,65.1371,-0.001691,3.4e-05,-0.005151,0.013399,83,516.17,36,341,4.21
MSFT,2026-09-26,2026-12-18,225.0,P,0.05,0.18,0.115,64.4535,-0.001955,3.9e-05,-0.005812,0.015286,83,516.17,3,208,4.21
MSFT,2026-09-26,2026-12-18,230.0,P,0.01,0.15,0.08,60.5473,-0.001459,3.2e-05,-0.004181,0.011715,83,516.17,1,364,4.21
MSFT,2026-09-26,2026-12-18,235.0,P,0.07,0.56,0.315,68.555,-0.004679,8.1e-05,-0.013555,0.033548,83,516.17,1,183,4.21
MSFT,2026-09-26,2026-12-18,240.0,P,0.07,0.25,0.16,61.8168,-0.002746,5.6e-05,-0.00757,0.020794,83,516.17,20,546,4.21
MSFT,2026-09-26,2026-12-18,245.0,P,0.01,0.26,0.135,59.1801,-0.002443,5.2e-05,-0.006517,0.01871,83,516.17,3,204,4.21
MSFT,2026-09-26,2026-12-18,250.0,P,0.05,0.2,0.125,57.227,-0.002349,5.2e-05,-0.006079,0.018059,83,516.17,2,2454,4.21
MSFT,2026-09-26,2026-12-18,255.0,P,0.05,0.43,0.24,59.9613,-0.004126,8.3e-05,-0.01057,0.029984,83,516.17,35,521,4.21
MSFT,2026-09-26,2026-12-18,260.0,P,0.08,0.28,0.18,56.4946,-0.003318,7.2e-05,-0.008185,0.024661,83,516.17,2,3302,4.21
MSFT,2026-09-26,2026-12-18,265.0,P,0.05,0.3,0.175,54.8833,-0.003327,7.4e-05,-0.007965,0.02472,83,516.17,3,533,4.21
MSFT,2026-09-26,2026-12-18,270.0,P,0.05,0.19,0.12,51.27,-0.002472,6.1e-05,-0.005688,0.018912,83,516.17,2,1900,4.21
MSFT,2026-09-26,2026-12-18,275.0,P,0.09,0.23,0.16,51.563,-0.00325,7.7e-05,-0.007316,0.024205,83,516.17,13,2384,4.21
MSFT,2026-09-26,2026-12-18,280.0,P,0.1,0.31,0.205,51.6118,-0.004074,9.5e-05,-0.008963,0.029645,83,516.17,36,2108,4.21
MSFT,2026-09-26,2026-12-18,285.0,P,0.02,0.38,0.2,50.0982,-0.004092,9.8e-05,-0.008727,0.029761,83,516.17,1,876,4.21
MSFT,2026-09-26,2026-12-18,290.0,P,0.15,0.47,0.31,51.4165,-0.006005,0.000134,-0.012598,0.041883,83,516.17,2,1677,4.21
MSFT,2026-09-26,2026-12-18,295.0,P,0.11,0.31,0.21,50.0005,-0.006132,0.000141,-0.01247,0.042668,83,516.17,2,1844,4.21
MSFT,2026-09-26,2026-12-18,300.0,P,0.23,0.49,0.36,51.6851,-0.009076,0.000192,-0.018196,0.060268,83,516.17,16,3548,4.21
MSFT,2026-09-26,2026-12-18,305.0,P,0.06,0.41,0.235,49.0728,-0.008089,0.000183,-0.015602,0.054483,83,516.17,12,833,4.21
MSFT,2026-09-26,2026-12-18,310.0,P,0.17,0.38,0.275,47.2173,-0.0078,0.000184,-0.014525,0.052768,83,516.17,8,1359,4.21
MSFT,2026-09-26,2026-12-18,315.0,P,0.29,0.48,0.385,47.3638,-0.009629,0.000221,-0.01751,0.063471,83,516.17,4,1777,4.21
MSFT,2026-09-26,2026-12-18,320.0,P,0.3,0.59,0.445,47.3882,-0.011612,0.00026,-0.020606,0.07472,83,516.17,2,7620,4.21
MSFT,2026-09-26,2026-12-18,325.0,P,0.36,0.45,0.405,44.2633,-0.009614,0.000236,-0.016306,0.063385,83,516.17,2,1695,4.21
MSFT,2026-09-26,2026-12-18,330.0,P,0.41,0.5,0.455,43.6041,-0.010728,0.000264,-0.017656,0.069744,83,516.17,12,3193,4.21
MSFT,2026-09-26,2026-12-18,335.0,P,0.24,0.83,0.535,45.7037,-0.01638,0.000363,-0.026655,0.100527,83,516.17,14,1602,4.21
MSFT,2026-09-26,2026-12-18,340.0,P,0.51,0.6,0.555,42.1393,-0.013069,0.000324,-0.020204,0.082774,83,516.17,15,3208,4.21
MSFT,2026-09-26,2026-12-18,345.0,P,0.55,0.84,0.695,43.0548,-0.017426,0.000406,-0.026408,0.10599,83,516.17,9,1764,4.21
MSFT,2026-09-26,2026-12-18,350.0,P,0.66,0.91,0.785,42.2613,-0.019018,0.000446,-0.027889,0.114186,83,516.17,66,9115,4.21
MSFT,2026-09-26,2026-12-18,355.0,P,0.69,0.91,0.8,40.9308,-0.019566,0.000472,-0.027632,0.11698,83,516.17,1,1588,4.21
MSFT,2026-09-26,2026-12-18,360.0,P,0.8,0.9,0.85,39.527,-0.019938,0.000496,-0.027071,0.118863,83,516.17,10,6438,4.21
MSFT,2026-09-26,2026-12-18,365.0,P,0.84,1.03,0.935,39.1241,-0.022732,0.00056,-0.029895,0.132807,83,516.17,5,3594,4.21
MSFT,2026-09-26,2026-12-18,370.0,P,0.99,1.14,1.065,38.5016,-0.025258,0.000622,-0.032092,0.145099,83,516.17,19,2699,4.21
MSFT,2026-09-26,2026-12-18,375.0,P,1.08,1.26,1.17,37.8668,-0.028004,0.000689,-0.034349,0.158167,83,516.17,38,3703,4.21
MSFT,2026-09-26,2026-12-18,380.0,P,1.27,1.35,1.31,37.0185,-0.030352,0.000754,-0.035837,0.169109,83,516.17,76,5705,4.21
MSFT,2026-09-26,2026-12-18,385.0,P,1.4,1.53,1.465,36.5729,-0.034273,0.000844,-0.03907,0.186944,83,516.17,45,2947,4.21
MSFT,2026-09-26,2026-12-18,390.0,P,1.51,1.76,1.635,36.2555,-0.039103,0.000948,-0.043062,0.208234,83,516.17,114,5657,4.21
MSFT,2026-09-26,2026-12-18,395.0,P,1.44,2.11,1.775,36.286,-0.045876,0.001078,-0.048954,0.236954,83,516.17,107,1762,4.21
MSFT,2026-09-26,2026-12-18,400.0,P,1.94,2.29,2.115,35.5475,-0.05014,0.001181,-0.051379,0.254425,83,516.17,2587,8087,4.21
MSFT,2026-09-26,2026-12-18,405.0,P,2.24,2.39,2.315,34.4977,-0.053381,0.001279,-0.052274,0.267415,83,516.17,61,1266,4.21
MSFT,2026-09-26,2026-12-18,410.0,P,2.31,2.8,2.555,34.3879,-0.061449,0.001434,-0.058081,0.298737,83,516.17,141,2751,4.21
MSFT,2026-09-26,2026-12-18,415.0,P,2.83,3.2,3.015,34.101,-0.069466,0.00159,-0.063188,0.328545,83,516.17,66,1650,4.21
MSFT,2026-09-26,2026-12-18,420.0,P,3.0,3.45,3.225,33.3137,-0.075562,0.001736,-0.065644,0.350417,83,516.17,209,6474,4.21
MSFT,2026-09-26,2026-12-18,425.0,P,3.4,4.1,3.75,33.4235,-0.087371,0.001931,-0.073299,0.390983,83,516.17,43,1458,4.21
MSFT,2026-09-26,2026-12-18,430.0,P,3.9,4.3,4.1,32.3737,-0.093371,0.002094,-0.074318,0.410749,83,516.17,186,2034,4.21
MSFT,2026-09-26,2026-12-18,435.0,P,4.6,4.85,4.725,32.0228,-0.104312,0.002296,-0.079459,0.445446,83,516.17,96,1465,4.21
MSFT,2026-09-26,2026-12-18,440.0,P,5.15,5.55,5.35,31.8458,-0.117368,0.002512,-0.085699,0.48473,83,516.17,225,3563,4.21
MSFT,2026-09-26,2026-12-18,445.0,P,5.8,6.3,6.05,31.6169,-0.131185,0.002735,-0.091637,0.523979,83,516.17,28,1300,4.21
MSFT,2026-09-26,2026-12-18,450.0,P,6.55,7.05,6.8,31.2629,-0.14529,0.002966,-0.09675,0.561767,83,516.17,375,5236,4.21
MSFT,2026-09-26,2026-12-18,455.0,P,7.3,8.0,7.65,31.0981,-0.161784,0.003202,-0.102918,0.603244,83,516.17,45,775,4.21
MSFT,2026-09-26,2026-12-18,460.0,P,8.4,8.8,8.6,30.5793,-0.177105,0.003451,-0.106716,0.639314,83,516.17,311,3898,4.21
MSFT,2026-09-26,2026-12-18,465.0,P,9.4,10.35,9.875,30.9913,-0.199632,0.003666,-0.116001,0.68834,83,516.17,55,1271,4.21
MSFT,2026-09-26,2026-12-18,470.0,P,10.6,11.25,10.925,30.3596,-0.21665,0.003927,-0.118541,0.722396,83,516.17,635,2252,4.21
MSFT,2026-09-26,2026-12-18,475.0,P,11.7,12.35,12.025,29.8835,-0.235919,0.004187,-0.121664,0.758027,83,516.17,683,15326,4.21
MSFT,2026-09-26,2026-12-18,480.0,P,13.3,13.95,13.625,29.8911,-0.259177,0.004401,-0.127231,0.797093,83,516.17,364,4873,4.21
MSFT,2026-09-26,2026-12-18,485.0,P,14.5,15.5,15.0,29.6882,-0.282264,0.004624,-0.130977,0.8318,83,516.17,39,976,4.21
MSFT,2026-09-26,2026-12-18,490.0,P,15.85,17.15,16.5,29.4624,-0.306266,0.004839,-0.133968,0.863767,83,516.17,133,2448,4.21
MSFT,2026-09-26,2026-12-18,495.0,P,17.95,19.15,18.55,29.4807,-0.332138,0.005004,-0.137683,0.893699,83,516.17,164,1430,4.21
MSFT,2026-09-26,2026-12-18,500.0,P,20.15,21.0,20.575,29.1908,-0.357653,0.005195,-0.138873,0.918771,83,516.17,273,6332,4.21
MSFT,2026-09-26,2026-12-18,505.0,P,21.95,23.15,22.55,29.0794,-0.384438,0.005338,-0.140293,0.940472,83,516.17,46,698,4.21
MSFT,2026-09-26,2026-12-18,510.0,P,23.85,25.45,24.65,28.9802,-0.411734,0.005455,-0.140951,0.95783,83,516.17,716,2185,4.21
MSFT,2026-09-26,2026-12-18,515.0,P,26.45,27.5,26.975,28.4858,-0.439295,0.005624,-0.138487,0.970573,83,516.17,92,972,4.21
MSFT,2026-09-26,2026-12-18,520.0,P,29.0,29.85,29.425,28.1593,-0.467717,0.005737,-0.136084,0.978747,83,516.17,73,745,4.21
MSFT,2026-09-26,2026-12-18,525.0,P,30.9,33.3,32.1,28.8063,-0.494983,0.005626,-0.138507,0.981886,83,516.17,20,1209,4.21
MSFT,2026-09-26,2026-12-18,530.0,P,34.3,36.25,35.275,28.8093,-0.522491,0.005617,-0.136373,0.980403,83,516.17,30,199,4.21
MSFT,2026-09-26,2026-12-18,535.0,P,37.1,38.9,38.0,28.3668,-0.551253,0.005666,-0.130706,0.973849,83,516.17,67,77,4.21
MSFT,2026-09-26,2026-12-18,540.0,P,40.25,41.2,40.725,27.4086,-0.582836,0.005785,-0.120861,0.960719,83,516.17,10,92,4.21
MSFT,2026-09-26,2026-12-18,545.0,P,42.7,45.3,44.0,28.2051,-0.605661,0.005544,-0.121439,0.947318,83,516.17,27,44,4.21
MSFT,2026-09-26,2026-12-18,550.0,P,46.25,48.7,47.475,28.1379,-0.63196,0.005442,-0.115861,0.927741,83,516.17,237,336,4.21
MSFT,2026-09-26,2026-12-18,555.0,P,50.1,52.1,51.1,27.9335,-0.658523,0.005338,-0.108728,0.903381,83,516.17,2,115,4.21
MSFT,2026-09-26,2026-12-18,560.0,P,53.5,55.7,54.6,27.8205,-0.683759,0.005196,-0.101663,0.875854,83,516.17,1,36,4.21
MSFT,2026-09-26,2026-12-18,565.0,P,57.2,59.4,58.3,27.6893,-0.708309,0.005036,-0.093989,0.844847,83,516.17,9,22,4.21
MSFT,2026-09-26,2026-12-18,570.0,P,61.5,63.05,62.275,27.3567,-0.733769,0.004876,-0.084386,0.808118,83,516.17,1,21,4.21
MSFT,2026-09-26,2026-12-18,575.0,P,64.5,67.05,65.775,27.3323,-0.755511,0.004668,-0.076788,0.772913,83,516.17,1,20,4.21
MSFT,2026-09-26,2026-12-18,580.0,P,68.8,71.1,69.95,27.2499,-0.776686,0.004452,-0.068535,0.735063,83,516.17,11,25,4.21
MSFT,2026-09-26,2026-12-18,585.0,P,72.9,75.2,74.05,27.1064,-0.797343,0.004229,-0.059657,0.694576,83,516.17,23,23,4.21
MSFT,2026-09-26,2026-12-18,590.0,P,77.1,79.35,78.225,26.902,-0.817483,0.003997,-0.050215,0.651517,83,516.17,1,8,4.21
MSFT,2026-09-26,2026-12-18,595.0,P,80.75,83.6,82.175,26.7158,-0.836274,0.003756,-0.040929,0.607943,83,516.17,1,15,4.21
MSFT,2026-09-26,2026-12-18,600.0,P,86.45,87.95,87.2,26.5663,-0.853495,0.00351,-0.032033,0.564921,83,516.17,2,32,4.21
MSFT,2026-09-26,2026-12-18,605.0,P,90.0,92.35,91.175,26.371,-0.869972,0.00326,-0.022929,0.52078,83,516.17,1,2,4.21
MSFT,2026-09-26,2026-12-18,615.0,P,98.95,101.4,100.175,26.0872,-0.898252,0.002768,-0.006331,0.437468,83,516.17,1,4,4.21
MSFT,2026-09-26,2026-12-18,620.0,P,103.7,106.4,105.05,26.9722,-0.901254,0.002619,-0.006402,0.428007,83,516.17,14,0,4.21
MSFT,2026-09-26,2026-12-18,625.0,P,108.2,111.1,109.65,27.0424,-0.911065,0.002418,-0.000321,0.396189,83,516.17,6,0,4.21
MSFT,2026-09-26,2026-12-18,635.0,P,117.65,120.6,119.125,27.198,-0.92803,0.002049,0.010924,0.337609,83,516.17,14,0,4.21
MSFT,2026-09-26,2026-12-18,640.0,P,138.45,141.25,139.85,52.8905,-0.754832,0.002416,-0.188164,0.774069,83,516.17,2,0,4.21
MSFT,2026-09-26,2026-12-18,645.0,P,143.4,146.95,145.175,54.3919,-0.756057,0.002343,-0.193824,0.771982,83,516.17,2,0,4.21
MSFT,2026-09-26,2026-12-18,650.0,P,132.05,135.45,133.75,29.0107,-0.937037,0.001732,0.015185,0.304463,83,516.17,47,0,4.21
MSFT,2026-09-26,2026-12-18,665.0,P,185.0,190.0,187.5,85.2235,-0.654476,0.001757,-0.407866,0.907395,83,516.17,5,0,4.21
MSFT,2026-09-26,2026-12-18,680.0,P,188.0,192.5,190.25,74.3975,-0.716853,0.001848,-0.311497,0.833049,83,516.17,2,0,4.21
MSFT,2026-09-26,2026-12-18,685.0,P,183.35,187.0,185.175,62.4454,-0.779452,0.001929,-0.209677,0.729851,83,516.17,2,0,4.21
MSFT,2026-09-26,2026-12-18,690.0,P,197.5,202.5,200.0,76.1279,-0.723256,0.001786,-0.314525,0.823861,83,516.17,5,0,4.21
MSFT,2026-09-26,2026-12-18,695.0,P,193.35,197.0,195.175,64.3223,-0.784153,0.00185,-0.213066,0.720844,83,516.17,1,0,4.21
MSFT,2026-09-26,2026-12-18,700.0,P,181.8,185.65,183.725,36.872,-0.944316,0.001238,0.012939,0.276499,83,516.17,1,0,4.21
MSFT,2026-09-26,2026-12-18,720.0,P,201.8,205.7,203.75,39.7101,-0.946736,0.00111,0.01285,0.266948,83,516.17,1,0,4.21
MSFT,2026-09-26,2026-12-18,740.0,P,226.25,230.45,228.35,50.5986,-0.908881,0.001316,-0.045914,0.403395,83,516.17,4,0,4.21
