symbol,quote_date,expiration,strike,option_type,bid,ask,mid,implied_volatility,delta,gamma,theta,vega,dte,underlying_price,volume,open_interest,iv_rank
MSFT,2026-09-11,2026-09-18,215.0,C,279.55,282.85,281.2,254.7855,0.994546,8.9e-05,-0.217861,0.010723,7,495.63,4,3,11.08
MSFT,2026-09-11,2026-09-18,220.0,C,274.6,277.85,276.225,249.8051,0.994181,9.7e-05,-0.225875,0.011358,7,495.63,3,4,11.08
MSFT,2026-09-11,2026-09-18,225.0,C,196.95,200.35,198.65,0.001,1.0,0.0,-0.024103,0.0,7,495.63,6,6,11.08
MSFT,2026-09-11,2026-09-18,230.0,C,264.2,267.9,266.05,226.27,0.995462,8.5e-05,-0.17148,0.009102,7,495.63,5,10,11.08
MSFT,2026-09-11,2026-09-18,235.0,C,259.35,262.9,261.125,225.2934,0.994617,0.0001,-0.1954,0.010598,7,495.63,13,1,11.08
MSFT,2026-09-11,2026-09-18,240.0,C,254.05,257.85,255.95,207.4224,0.996217,7.9e-05,-0.140093,0.007735,7,495.63,1,6,11.08
MSFT,2026-09-11,2026-09-18,245.0,C,249.4,252.85,251.125,213.77,0.994306,0.000111,-0.196029,0.011141,7,495.63,10,1,11.08
MSFT,2026-09-11,2026-09-18,250.0,C,244.25,247.9,246.075,205.1763,0.994664,0.000109,-0.180578,0.010515,7,495.63,1,16,11.08
MSFT,2026-09-11,2026-09-18,260.0,C,238.55,242.1,240.325,294.0921,0.963237,0.000399,-1.185419,0.055216,7,495.63,2,8,11.08
MSFT,2026-09-11,2026-09-18,265.0,C,229.1,232.9,231.0,184.5704,0.995063,0.000113,-0.157466,0.009812,7,495.63,2,21,11.08
MSFT,2026-09-11,2026-09-18,270.0,C,224.25,227.9,226.075,183.9845,0.994036,0.000134,-0.181123,0.011608,7,495.63,1,45,11.08
MSFT,2026-09-11,2026-09-18,275.0,C,219.45,222.9,221.175,184.0821,0.992679,0.00016,-0.212,0.013915,7,495.63,1,24,11.08
MSFT,2026-09-11,2026-09-18,280.0,C,214.5,217.9,216.2,180.1759,0.992162,0.000174,-0.219723,0.014777,7,495.63,1,115,11.08
MSFT,2026-09-11,2026-09-18,285.0,C,209.3,212.9,211.1,170.4103,0.993167,0.000163,-0.189514,0.013094,7,495.63,1,805,11.08
MSFT,2026-09-11,2026-09-18,290.0,C,204.25,207.95,206.1,165.6252,0.992948,0.000173,-0.189931,0.013463,7,495.63,1,43,11.08
MSFT,2026-09-11,2026-09-18,295.0,C,203.7,207.0,205.35,245.2641,0.9554,0.000559,-1.16045,0.064593,7,495.63,5,40,11.08
MSFT,2026-09-11,2026-09-18,300.0,C,194.75,197.95,196.35,166.2111,0.989261,0.000249,-0.262625,0.019466,7,495.63,1,327,11.08
MSFT,2026-09-11,2026-09-18,305.0,C,193.65,197.0,195.325,231.9096,0.953002,0.000617,-1.145788,0.06737,7,495.63,2,144,11.08
MSFT,2026-09-11,2026-09-18,310.0,C,184.6,187.95,186.275,154.0041,0.989568,0.000262,-0.24141,0.018981,7,495.63,1,224,11.08
MSFT,2026-09-11,2026-09-18,315.0,C,179.75,182.95,181.35,151.8557,0.988214,0.000295,-0.262004,0.021106,7,495.63,1,117,11.08
MSFT,2026-09-11,2026-09-18,320.0,C,174.75,177.95,176.35,147.2171,0.987826,0.000313,-0.261844,0.021707,7,495.63,7,164,11.08
MSFT,2026-09-11,2026-09-18,325.0,C,169.4,172.95,171.175,136.6702,0.990051,0.000283,-0.212037,0.018212,7,495.63,1,72,11.08
MSFT,2026-09-11,2026-09-18,330.0,C,164.65,167.95,166.3,136.5238,0.98777,0.000339,-0.247189,0.021794,7,495.63,3,750,11.08
MSFT,2026-09-11,2026-09-18,335.0,C,159.35,162.95,161.15,127.0511,0.989788,0.000311,-0.204386,0.018631,7,495.63,1,84,11.08
MSFT,2026-09-11,2026-09-18,340.0,C,154.55,157.95,156.25,126.1722,0.987732,0.000368,-0.232676,0.021853,7,495.63,1,171,11.08
MSFT,2026-09-11,2026-09-18,345.0,C,149.65,153.0,151.325,124.1215,0.986025,0.000418,-0.253004,0.024458,7,495.63,6,105,11.08
MSFT,2026-09-11,2026-09-18,350.0,C,145.05,147.45,146.25,117.6762,0.986821,0.000419,-0.232176,0.02325,7,495.63,2,682,11.08
MSFT,2026-09-11,2026-09-18,355.0,C,139.65,143.0,141.325,115.5766,0.984985,0.000478,-0.25196,0.026016,7,495.63,1,436,11.08
MSFT,2026-09-11,2026-09-18,360.0,C,134.7,138.0,136.35,112.061,0.983931,0.000522,-0.258388,0.027576,7,495.63,3,1972,11.08
MSFT,2026-09-11,2026-09-18,365.0,C,129.75,133.0,131.375,108.4966,0.982839,0.000571,-0.264213,0.029172,7,495.63,1,759,11.08
MSFT,2026-09-11,2026-09-18,370.0,C,124.85,127.5,126.175,99.1211,0.986228,0.000517,-0.209857,0.024151,7,495.63,9,2825,11.08
MSFT,2026-09-11,2026-09-18,375.0,C,119.7,123.0,121.35,99.6582,0.981928,0.000649,-0.256184,0.030487,7,495.63,3,854,11.08
MSFT,2026-09-11,2026-09-18,380.0,C,114.95,117.5,116.225,92.5782,0.983906,0.000633,-0.222404,0.027612,7,495.63,5,4034,11.08
MSFT,2026-09-11,2026-09-18,385.0,C,109.95,113.05,111.5,94.7022,0.977101,0.000835,-0.292019,0.037262,7,495.63,3,867,11.08
MSFT,2026-09-11,2026-09-18,390.0,C,104.85,108.1,106.475,90.1368,0.976625,0.000893,-0.284573,0.037913,7,495.63,11,4018,11.08
MSFT,2026-09-11,2026-09-18,395.0,C,99.7,103.05,101.375,84.1554,0.977891,0.000912,-0.258541,0.036175,7,495.63,22,935,11.08
MSFT,2026-09-11,2026-09-18,400.0,C,94.5,97.15,95.825,65.0394,0.99252,0.000463,-0.108319,0.014181,7,495.63,131,9166,11.08
MSFT,2026-09-11,2026-09-18,405.0,C,89.8,93.05,91.425,77.2219,0.974343,0.001127,-0.268094,0.040996,7,495.63,10,422,11.08
MSFT,2026-09-11,2026-09-18,410.0,C,85.15,88.1,86.625,76.5383,0.96781,0.001373,-0.312784,0.049505,7,495.63,11,5963,11.08
MSFT,2026-09-11,2026-09-18,415.0,C,79.8,83.05,81.425,69.3851,0.971522,0.001368,-0.264547,0.044725,7,495.63,3,969,11.08
MSFT,2026-09-11,2026-09-18,420.0,C,74.9,77.15,76.025,57.8129,0.982891,0.001068,-0.16421,0.029096,7,495.63,29,8089,11.08
MSFT,2026-09-11,2026-09-18,425.0,C,69.85,73.05,71.45,62.0121,0.967256,0.001719,-0.26612,0.050208,7,495.63,4,4511,11.08
MSFT,2026-09-11,2026-09-18,430.0,C,65.0,67.15,66.075,51.8315,0.97858,0.001442,-0.175291,0.035221,7,495.63,52,14442,11.08
MSFT,2026-09-11,2026-09-18,435.0,C,60.05,62.25,61.15,63.2816,0.93838,0.0028,-0.420554,0.083484,7,495.63,40,1216,11.08
MSFT,2026-09-11,2026-09-18,440.0,C,54.9,57.75,56.325,63.2938,0.920826,0.003395,-0.50047,0.101242,7,495.63,81,10779,11.08
MSFT,2026-09-11,2026-09-18,445.0,C,50.2,53.15,51.675,61.7924,0.905033,0.003984,-0.55432,0.11598,7,495.63,4,1348,11.08
MSFT,2026-09-11,2026-09-18,450.0,C,44.75,47.65,46.2,53.5283,0.911506,0.004365,-0.464185,0.11007,7,495.63,111,15929,11.08
MSFT,2026-09-11,2026-09-18,455.0,C,40.35,43.25,41.8,53.0888,0.886928,0.005263,-0.541666,0.131631,7,495.63,23,2341,11.08
MSFT,2026-09-11,2026-09-18,460.0,C,35.4,37.8,36.6,45.4717,0.890298,0.006013,-0.461643,0.128811,7,495.63,412,7671,11.08
MSFT,2026-09-11,2026-09-18,462.5,C,33.15,35.85,34.5,46.4971,0.868273,0.006689,-0.52897,0.146529,7,495.63,68,25,11.08
MSFT,2026-09-11,2026-09-18,465.0,C,31.05,32.75,31.9,40.5035,0.880745,0.007164,-0.438788,0.136701,7,495.63,249,1468,11.08
MSFT,2026-09-11,2026-09-18,467.5,C,28.25,30.45,29.35,39.3317,0.867307,0.007948,-0.456572,0.147269,7,495.63,30,6,11.08
MSFT,2026-09-11,2026-09-18,470.0,C,25.4,27.55,26.475,34.5954,0.874495,0.008694,-0.39365,0.141691,7,495.63,54,17463,11.08
MSFT,2026-09-11,2026-09-18,472.5,C,22.95,25.7,24.325,35.81,0.842224,0.009809,-0.465277,0.165477,7,495.63,20,36,11.08
MSFT,2026-09-11,2026-09-18,475.0,C,21.1,22.65,21.875,30.3962,0.852881,0.011032,-0.385877,0.157972,7,495.63,97,1614,11.08
MSFT,2026-09-11,2026-09-18,477.5,C,18.45,20.95,19.7,31.9221,0.811126,0.01234,-0.464013,0.185578,7,495.63,11,46,11.08
MSFT,2026-09-11,2026-09-18,480.0,C,16.4,18.35,17.375,28.7971,0.80018,0.014156,-0.435605,0.192054,7,495.63,281,15174,11.08
MSFT,2026-09-11,2026-09-18,482.5,C,14.9,16.55,15.725,29.0901,0.759668,0.015581,-0.482306,0.213536,7,495.63,24,79,11.08
MSFT,2026-09-11,2026-09-18,485.0,C,12.35,14.15,13.25,26.5754,0.734964,0.017958,-0.464339,0.224832,7,495.63,67,2102,11.08
MSFT,2026-09-11,2026-09-18,487.5,C,10.75,12.5,11.625,26.7524,0.686236,0.019314,-0.500285,0.243415,7,495.63,29,513,11.08
MSFT,2026-09-11,2026-09-18,490.0,C,9.05,10.3,9.675,24.5125,0.646401,0.022097,-0.480042,0.255172,7,495.63,439,7271,11.08
MSFT,2026-09-11,2026-09-18,492.5,C,7.95,8.5,8.225,23.3772,0.592918,0.024186,-0.475389,0.266362,7,495.63,737,1349,11.08
MSFT,2026-09-11,2026-09-18,495.0,C,6.6,7.2,6.9,23.5176,0.531237,0.024639,-0.486048,0.272983,7,495.63,1529,4276,11.08
MSFT,2026-09-11,2026-09-18,497.5,C,5.3,5.75,5.525,22.6509,0.467941,0.025578,-0.465869,0.272939,7,495.63,961,629,11.08
MSFT,2026-09-11,2026-09-18,500.0,C,4.25,4.6,4.425,22.2908,0.403372,0.025306,-0.444098,0.265751,7,495.63,3703,17485,11.08
MSFT,2026-09-11,2026-09-18,502.5,C,3.35,3.55,3.45,21.7415,0.338255,0.024505,-0.40741,0.250997,7,495.63,2226,1075,11.08
MSFT,2026-09-11,2026-09-18,505.0,C,2.55,2.84,2.695,21.9124,0.281874,0.022454,-0.377499,0.231795,7,495.63,2325,4681,11.08
MSFT,2026-09-11,2026-09-18,507.5,C,1.82,2.27,2.045,22.1749,0.23242,0.020067,-0.344179,0.209637,7,495.63,1455,830,11.08
MSFT,2026-09-11,2026-09-18,510.0,C,1.52,1.72,1.62,22.0345,0.184916,0.017645,-0.29794,0.183161,7,495.63,3582,16508,11.08
MSFT,2026-09-11,2026-09-18,515.0,C,0.9,0.97,0.935,22.0223,0.111763,0.012582,-0.211196,0.130541,7,495.63,2273,3199,11.08
MSFT,2026-09-11,2026-09-18,520.0,C,0.5,0.55,0.525,22.3396,0.065294,0.008298,-0.142781,0.087334,7,495.63,894,13347,11.08
MSFT,2026-09-11,2026-09-18,525.0,C,0.28,0.32,0.3,22.9256,0.038051,0.005258,-0.094993,0.056791,7,495.63,1461,28772,11.08
MSFT,2026-09-11,2026-09-18,530.0,C,0.17,0.19,0.18,23.6336,0.022254,0.003267,-0.062574,0.036376,7,495.63,1103,18092,11.08
MSFT,2026-09-11,2026-09-18,535.0,C,0.1,0.12,0.11,24.5613,0.013616,0.002067,-0.042669,0.023914,7,495.63,1035,3950,11.08
MSFT,2026-09-11,2026-09-18,540.0,C,0.06,0.1,0.08,26.3679,0.010466,0.001532,-0.036399,0.019034,7,495.63,1150,9310,11.08
MSFT,2026-09-11,2026-09-18,545.0,C,0.04,0.08,0.06,27.9304,0.007841,0.001123,-0.029903,0.014783,7,495.63,938,8297,11.08
MSFT,2026-09-11,2026-09-18,550.0,C,0.03,0.04,0.035,27.8328,0.003887,0.000604,-0.015959,0.007925,7,495.63,371,13168,11.08
MSFT,2026-09-11,2026-09-18,555.0,C,0.0,0.06,0.03,31.446,0.005249,0.000699,-0.023551,0.010363,7,495.63,32,711,11.08
MSFT,2026-09-11,2026-09-18,560.0,C,0.01,0.04,0.025,32.0319,0.003328,0.000457,-0.015949,0.006895,7,495.63,26,6766,11.08
MSFT,2026-09-11,2026-09-18,565.0,C,0.0,0.05,0.025,34.9616,0.003839,0.000476,-0.019774,0.007838,7,495.63,17,927,11.08
MSFT,2026-09-11,2026-09-18,570.0,C,0.0,0.04,0.02,36.1335,0.002944,0.000363,-0.016091,0.006175,7,495.63,25,27474,11.08
MSFT,2026-09-11,2026-09-18,575.0,C,0.01,0.06,0.035,39.8444,0.004015,0.000435,-0.02343,0.008159,7,495.63,26,1297,11.08
MSFT,2026-09-11,2026-09-18,580.0,C,0.0,0.01,0.005,35.1569,0.000714,0.000102,-0.004294,0.001695,7,495.63,16,8066,11.08
MSFT,2026-09-11,2026-09-18,585.0,C,0.0,0.1,0.05,46.5826,0.005769,0.000514,-0.037801,0.01127,7,495.63,31,3078,11.08
MSFT,2026-09-11,2026-09-18,590.0,C,0.0,0.01,0.005,38.6725,0.000655,8.6e-05,-0.004361,0.001566,7,495.63,28,2474,11.08
MSFT,2026-09-11,2026-09-18,595.0,C,0.0,0.1,0.05,50.6841,0.00527,0.000436,-0.037925,0.0104,7,495.63,1,737,11.08
MSFT,2026-09-11,2026-09-18,600.0,C,0.0,0.01,0.005,42.1881,0.000621,7.5e-05,-0.004527,0.001491,7,495.63,30,6099,11.08
MSFT,2026-09-11,2026-09-18,605.0,C,0.0,2.13,1.065,77.759,0.036656,0.001504,-0.307814,0.055084,7,495.63,95,339,11.08
MSFT,2026-09-11,2026-09-18,610.0,C,0.0,0.2,0.1,56.6411,0.004685,0.000351,-0.038137,0.009366,7,495.63,22,3036,11.08
MSFT,2026-09-11,2026-09-18,620.0,C,0.0,0.01,0.005,48.438,0.000496,5.3e-05,-0.004213,0.00121,7,495.63,2,2014,11.08
MSFT,2026-09-11,2026-09-18,630.0,C,0.0,0.04,0.02,54.688,0.000905,8.2e-05,-0.008285,0.002109,7,495.63,23,812,11.08
MSFT,2026-09-11,2026-09-18,640.0,C,0.0,0.03,0.015,56.6411,0.000663,5.9e-05,-0.00644,0.001583,7,495.63,2,1694,11.08
MSFT,2026-09-11,2026-09-18,650.0,C,0.0,0.01,0.005,54.688,0.000206,2.1e-05,-0.002099,0.000535,7,495.63,50,6491,11.08
MSFT,2026-09-11,2026-09-18,660.0,C,0.0,0.04,0.02,64.0629,0.000748,5.9e-05,-0.008134,0.001769,7,495.63,3,809,11.08
MSFT,2026-09-11,2026-09-18,670.0,C,0.0,0.04,0.02,67.1878,0.000723,5.4e-05,-0.00827,0.001715,7,495.63,3,478,11.08
MSFT,2026-09-11,2026-09-18,680.0,C,0.0,0.1,0.05,76.1721,0.00165,0.000102,-0.019965,0.003654,7,495.63,3,3289,11.08
MSFT,2026-09-11,2026-09-18,700.0,C,0.0,0.01,0.005,68.7503,0.000178,1.4e-05,-0.0023,0.000466,7,495.63,16,1521,11.08
MSFT,2026-09-11,2026-09-18,720.0,C,0.0,0.12,0.06,90.0392,0.001714,8.9e-05,-0.024418,0.003783,7,495.63,23,659,11.08
MSFT,2026-09-11,2026-09-18,740.0,C,0.0,0.01,0.005,78.1252,0.000134,1e-05,-0.002008,0.000359,7,495.63,13,1345,11.08
MSFT,2026-09-11,2026-09-18,760.0,C,0.0,0.03,0.015,89.8439,0.000379,2.2e-05,-0.006076,0.000944,7,495.63,689,2493,11.08
MSFT,2026-09-11,2026-09-18,780.0,C,0.0,0.1,0.05,105.0786,0.00119,5.5e-05,-0.0204,0.00271,7,495.63,7,1129,11.08
MSFT,2026-09-11,2026-09-18,800.0,C,0.0,0.01,0.005,92.1876,0.000116,7e-06,-0.002069,0.000313,7,495.63,4,10602,11.08
MSFT,2026-09-11,2026-09-18,215.0,P,0.0,0.01,0.005,162.5002,-6.5e-05,2e-06,-0.002093,0.000181,7,495.63,1,1031,11.08
MSFT,2026-09-11,2026-09-18,220.0,P,0.0,0.03,0.015,171.8751,-0.000204,7e-06,-0.006502,0.000531,7,495.63,2,953,11.08
MSFT,2026-09-11,2026-09-18,225.0,P,0.0,0.01,0.005,153.1252,-6.3e-05,2e-06,-0.001923,0.000176,7,495.63,12,577,11.08
MSFT,2026-09-11,2026-09-18,230.0,P,0.0,0.02,0.01,156.2502,-0.000126,5e-06,-0.003766,0.000338,7,495.63,7,1127,11.08
MSFT,2026-09-11,2026-09-18,235.0,P,0.0,0.08,0.04,171.0939,-0.000536,1.6e-05,-0.015855,0.0013,7,495.63,20,139,11.08
MSFT,2026-09-11,2026-09-18,240.0,P,0.0,0.03,0.015,153.1252,-0.000208,7e-06,-0.005897,0.00054,7,495.63,5,648,11.08
MSFT,2026-09-11,2026-09-18,245.0,P,0.0,0.1,0.05,165.6252,-0.000712,2.2e-05,-0.019961,0.001691,7,495.63,34,563,11.08
MSFT,2026-09-11,2026-09-18,250.0,P,0.0,0.04,0.02,148.4378,-0.000296,1.1e-05,-0.007922,0.000749,7,495.63,15,590,11.08
MSFT,2026-09-11,2026-09-18,255.0,P,0.0,0.03,0.015,140.6253,-0.000221,9e-06,-0.005722,0.000571,7,495.63,6,1117,11.08
MSFT,2026-09-11,2026-09-18,260.0,P,0.0,0.27,0.135,168.3595,-0.001946,5.4e-05,-0.050926,0.004244,7,495.63,2,1083,11.08
MSFT,2026-09-11,2026-09-18,265.0,P,0.0,0.03,0.015,133.5941,-0.00025,1e-05,-0.006099,0.000641,7,495.63,97,696,11.08
MSFT,2026-09-11,2026-09-18,270.0,P,0.0,0.03,0.015,129.6879,-0.000254,1.1e-05,-0.006019,0.000651,7,495.63,2,1572,11.08
MSFT,2026-09-11,2026-09-18,275.0,P,0.0,0.03,0.015,126.5629,-0.000277,1.2e-05,-0.006366,0.000706,7,495.63,20,2774,11.08
MSFT,2026-09-11,2026-09-18,280.0,P,0.0,0.03,0.015,121.8754,-0.000258,1.1e-05,-0.005731,0.00066,7,495.63,19,875,11.08
MSFT,2026-09-11,2026-09-18,285.0,P,0.0,0.03,0.015,118.7504,-0.000279,1.3e-05,-0.005997,0.000709,7,495.63,169,2539,11.08
MSFT,2026-09-11,2026-09-18,290.0,P,0.0,0.03,0.015,115.6254,-0.0003,1.4e-05,-0.006249,0.000759,7,495.63,357,2587,11.08
MSFT,2026-09-11,2026-09-18,295.0,P,0.0,0.04,0.02,114.8442,-0.000409,1.9e-05,-0.008284,0.001013,7,495.63,1,5096,11.08
MSFT,2026-09-11,2026-09-18,300.0,P,0.0,0.02,0.01,104.688,-0.0002,1.1e-05,-0.003871,0.000519,7,495.63,1,6230,11.08
MSFT,2026-09-11,2026-09-18,305.0,P,0.0,0.05,0.025,109.3755,-0.000508,2.4e-05,-0.009642,0.001238,7,495.63,4,433,11.08
MSFT,2026-09-11,2026-09-18,310.0,P,0.0,0.06,0.03,107.813,-0.000635,3e-05,-0.011683,0.001522,7,495.63,76,6068,11.08
MSFT,2026-09-11,2026-09-18,315.0,P,0.0,0.71,0.355,137.1097,-0.006459,0.000193,-0.121643,0.012458,7,495.63,1,1244,11.08
MSFT,2026-09-11,2026-09-18,320.0,P,0.0,0.03,0.015,95.3125,-0.000354,2e-05,-0.006012,0.000886,7,495.63,8,6725,11.08
MSFT,2026-09-11,2026-09-18,325.0,P,0.0,0.05,0.025,96.0938,-0.000591,3.1e-05,-0.009735,0.001423,7,495.63,2,764,11.08
MSFT,2026-09-11,2026-09-18,330.0,P,0.0,0.16,0.08,104.102,-0.001874,8.4e-05,-0.0304,0.004102,7,495.63,1,9978,11.08
MSFT,2026-09-11,2026-09-18,335.0,P,0.01,0.07,0.04,93.7501,-0.001009,5.3e-05,-0.015541,0.002329,7,495.63,19,1035,11.08
MSFT,2026-09-11,2026-09-18,340.0,P,0.0,0.03,0.015,82.8127,-0.000404,2.6e-05,-0.005897,0.001001,7,495.63,16,7631,11.08
MSFT,2026-09-11,2026-09-18,345.0,P,0.01,0.06,0.035,85.9376,-0.000936,5.4e-05,-0.013294,0.002174,7,495.63,2,1141,11.08
MSFT,2026-09-11,2026-09-18,350.0,P,0.01,0.05,0.03,82.0314,-0.000886,5.4e-05,-0.012074,0.002069,7,495.63,88,12949,11.08
MSFT,2026-09-11,2026-09-18,355.0,P,0.01,0.02,0.015,74.219,-0.000474,3.3e-05,-0.00613,0.001161,7,495.63,8,1044,11.08
MSFT,2026-09-11,2026-09-18,360.0,P,0.02,0.08,0.05,79.4924,-0.001507,9e-05,-0.019021,0.003364,7,495.63,15,12408,11.08
MSFT,2026-09-11,2026-09-18,365.0,P,0.01,0.07,0.04,74.6096,-0.001264,8.2e-05,-0.015202,0.002865,7,495.63,10,980,11.08
MSFT,2026-09-11,2026-09-18,370.0,P,0.0,0.25,0.125,81.0549,-0.003826,0.000205,-0.045025,0.007813,7,495.63,35,7565,11.08
MSFT,2026-09-11,2026-09-18,375.0,P,0.0,0.07,0.035,67.5784,-0.001203,8.6e-05,-0.013146,0.002737,7,495.63,2,2816,11.08
MSFT,2026-09-11,2026-09-18,380.0,P,0.01,0.07,0.04,65.6253,-0.001456,0.000105,-0.015202,0.00326,7,495.63,7,8691,11.08
MSFT,2026-09-11,2026-09-18,385.0,P,0.02,0.03,0.025,59.766,-0.00096,7.9e-05,-0.009454,0.002227,7,495.63,16,1144,11.08
MSFT,2026-09-11,2026-09-18,390.0,P,0.01,0.12,0.065,62.891,-0.002522,0.000181,-0.023986,0.00537,7,495.63,137,7789,11.08
MSFT,2026-09-11,2026-09-18,395.0,P,0.01,0.14,0.075,60.7426,-0.00299,0.000219,-0.027003,0.006261,7,495.63,56,1170,11.08
MSFT,2026-09-11,2026-09-18,400.0,P,0.02,0.11,0.065,56.8364,-0.002782,0.000219,-0.02367,0.005868,7,495.63,374,8935,11.08
MSFT,2026-09-11,2026-09-18,405.0,P,0.01,0.09,0.05,52.3442,-0.00231,0.000201,-0.018414,0.004959,7,495.63,85,2343,11.08
MSFT,2026-09-11,2026-09-18,410.0,P,0.03,0.05,0.04,49.4146,-0.002425,0.000223,-0.018157,0.005181,7,495.63,377,7002,11.08
MSFT,2026-09-11,2026-09-18,415.0,P,0.03,0.1,0.065,50.5864,-0.004937,0.000412,-0.035191,0.009813,7,495.63,257,673,11.08
MSFT,2026-09-11,2026-09-18,420.0,P,0.01,0.1,0.055,47.4615,-0.005182,0.000458,-0.034456,0.010247,7,495.63,22,5590,11.08
MSFT,2026-09-11,2026-09-18,425.0,P,0.03,0.09,0.06,43.9459,-0.0051,0.000488,-0.031433,0.010102,7,495.63,55,2721,11.08
MSFT,2026-09-11,2026-09-18,430.0,P,0.05,0.23,0.14,46.5826,-0.012359,0.001002,-0.072504,0.021992,7,495.63,106,3783,11.08
MSFT,2026-09-11,2026-09-18,435.0,P,0.06,0.1,0.08,38.4772,-0.006396,0.000681,-0.033597,0.01235,7,495.63,56,3645,11.08
MSFT,2026-09-11,2026-09-18,440.0,P,0.04,0.09,0.065,35.0592,-0.006354,0.000743,-0.030404,0.012278,7,495.63,128,6657,11.08
MSFT,2026-09-11,2026-09-18,445.0,P,0.08,0.11,0.095,33.0085,-0.008275,0.000997,-0.036095,0.015499,7,495.63,39,1473,11.08
MSFT,2026-09-11,2026-09-18,450.0,P,0.12,0.17,0.145,31.9831,-0.01322,0.001547,-0.052545,0.023313,7,495.63,2105,6900,11.08
MSFT,2026-09-11,2026-09-18,455.0,P,0.15,0.19,0.17,29.3464,-0.016041,0.001992,-0.05685,0.027533,7,495.63,138,6880,11.08
MSFT,2026-09-11,2026-09-18,460.0,P,0.21,0.27,0.24,27.7839,-0.023983,0.00296,-0.075591,0.038741,7,495.63,393,9119,11.08
MSFT,2026-09-11,2026-09-18,462.5,P,0.22,0.29,0.255,26.4412,-0.026917,0.003426,-0.079143,0.042673,7,495.63,38,592,11.08
MSFT,2026-09-11,2026-09-18,465.0,P,0.31,0.37,0.34,25.9285,-0.034727,0.004314,-0.095725,0.052697,7,495.63,579,2121,11.08
MSFT,2026-09-11,2026-09-18,467.5,P,0.31,0.46,0.385,25.2937,-0.043907,0.005353,-0.112869,0.063783,7,495.63,367,621,11.08
MSFT,2026-09-11,2026-09-18,470.0,P,0.51,0.57,0.54,24.6345,-0.055305,0.006608,-0.131958,0.076687,7,495.63,808,6782,11.08
MSFT,2026-09-11,2026-09-18,472.5,P,0.59,0.78,0.685,24.5857,-0.074546,0.00835,-0.165813,0.09671,7,495.63,172,691,11.08
MSFT,2026-09-11,2026-09-18,475.0,P,0.8,0.97,0.885,23.9754,-0.09347,0.010149,-0.19126,0.114629,7,495.63,1038,4656,11.08
MSFT,2026-09-11,2026-09-18,477.5,P,1.05,1.36,1.205,24.2927,-0.125723,0.012396,-0.239366,0.141863,7,495.63,469,382,11.08
MSFT,2026-09-11,2026-09-18,480.0,P,1.35,1.59,1.47,23.243,-0.150353,0.014638,-0.257982,0.160285,7,495.63,2292,12462,11.08
MSFT,2026-09-11,2026-09-18,482.5,P,1.72,2.05,1.885,23.0354,-0.189128,0.017115,-0.295373,0.185732,7,495.63,401,550,11.08
MSFT,2026-09-11,2026-09-18,485.0,P,2.2,2.54,2.37,22.5289,-0.2313,0.019699,-0.323925,0.209073,7,495.63,1044,2722,11.08
MSFT,2026-09-11,2026-09-18,487.5,P,2.8,3.05,2.925,21.6927,-0.277408,0.022506,-0.34137,0.230005,7,495.63,276,1098,11.08
MSFT,2026-09-11,2026-09-18,490.0,P,3.55,3.85,3.7,21.534,-0.336087,0.02468,-0.366891,0.250372,7,495.63,2152,3908,11.08
MSFT,2026-09-11,2026-09-18,492.5,P,4.3,4.75,4.525,21.2166,-0.399034,0.026513,-0.379956,0.265006,7,495.63,256,1614,11.08
MSFT,2026-09-11,2026-09-18,495.0,P,5.4,5.85,5.625,21.0579,-0.466556,0.027505,-0.385064,0.27286,7,495.63,1018,3051,11.08
MSFT,2026-09-11,2026-09-18,497.5,P,6.5,7.7,7.1,22.9256,-0.531525,0.025274,-0.417997,0.272968,7,495.63,590,225,11.08
MSFT,2026-09-11,2026-09-18,500.0,P,7.9,8.55,8.225,20.8138,-0.604151,0.026968,-0.360187,0.264438,7,495.63,538,3410,11.08
MSFT,2026-09-11,2026-09-18,502.5,P,9.5,10.25,9.875,21.1067,-0.666646,0.025099,-0.339806,0.249571,7,495.63,38,538,11.08
MSFT,2026-09-11,2026-09-18,505.0,P,10.85,12.05,11.45,21.2776,-0.724211,0.02288,-0.308862,0.229346,7,495.63,39,878,11.08
MSFT,2026-09-11,2026-09-18,507.5,P,12.55,14.3,13.425,22.8767,-0.760377,0.019781,-0.306499,0.213192,7,495.63,3,328,11.08
MSFT,2026-09-11,2026-09-18,510.0,P,14.2,16.35,15.275,23.2918,-0.801415,0.017437,-0.274061,0.191338,7,495.63,77,2779,11.08
MSFT,2026-09-11,2026-09-18,515.0,P,18.4,20.75,19.575,24.5735,-0.861588,0.013094,-0.218136,0.151589,7,495.63,25,651,11.08
MSFT,2026-09-11,2026-09-18,520.0,P,23.0,26.05,24.525,30.445,-0.86424,0.01043,-0.276681,0.149598,7,495.63,13,3978,11.08
MSFT,2026-09-11,2026-09-18,525.0,P,27.45,30.15,28.8,27.8816,-0.926779,0.007262,-0.137565,0.095394,7,495.63,4,186,11.08
MSFT,2026-09-11,2026-09-18,530.0,P,32.35,35.55,33.95,34.6686,-0.912588,0.006678,-0.217847,0.109064,7,495.63,10,103,11.08
MSFT,2026-09-11,2026-09-18,535.0,P,37.55,40.15,38.85,34.5466,-0.940395,0.004998,-0.146509,0.081341,7,495.63,25,12,11.08
MSFT,2026-09-11,2026-09-18,540.0,P,42.3,45.35,43.825,39.7223,-0.935428,0.004627,-0.191164,0.086583,7,495.63,1,18,11.08
MSFT,2026-09-11,2026-09-18,545.0,P,47.3,50.2,48.75,41.3824,-0.946864,0.003811,-0.163988,0.074297,7,495.63,20,0,11.08
MSFT,2026-09-11,2026-09-18,550.0,P,52.3,55.35,53.825,46.0455,-0.943936,0.003573,-0.198932,0.077517,7,495.63,28,13,11.08
MSFT,2026-09-11,2026-09-18,555.0,P,57.3,60.15,58.725,46.8023,-0.955585,0.00292,-0.15806,0.064378,7,495.63,0,0,11.08
MSFT,2026-09-11,2026-09-18,560.0,P,62.3,65.35,63.825,52.0879,-0.95015,0.002878,-0.205326,0.07062,7,495.63,6,0,11.08
MSFT,2026-09-11,2026-09-18,565.0,P,67.3,70.4,68.85,55.5913,-0.950868,0.002665,-0.219195,0.069807,7,495.63,0,0,11.08
MSFT,2026-09-11,2026-09-18,575.0,P,77.3,80.35,78.825,60.6938,-0.956946,0.002196,-0.212786,0.062781,7,495.63,22,0,11.08
MSFT,2026-09-11,2026-09-18,580.0,P,82.3,85.2,83.75,61.4262,-0.963801,0.001884,-0.178944,0.054521,7,495.63,22,0,11.08
MSFT,2026-09-11,2026-09-18,585.0,P,87.35,90.15,88.75,63.3549,-0.966904,0.001697,-0.168252,0.050652,7,495.63,38,0,11.08
MSFT,2026-09-11,2026-09-18,590.0,P,92.3,95.15,93.725,65.9427,-0.968181,0.001578,-0.169391,0.049035,7,495.63,25,0,11.08
MSFT,2026-09-11,2026-09-18,595.0,P,97.3,100.15,98.725,68.5062,-0.969311,0.001475,-0.170699,0.047589,7,495.63,6,0,11.08
MSFT,2026-09-11,2026-09-18,600.0,P,102.3,105.15,103.725,70.9964,-0.970411,0.00138,-0.171376,0.04617,7,495.63,1,1,11.08
MSFT,2026-09-11,2026-09-18,605.0,P,107.3,110.15,108.725,73.4866,-0.971355,0.001298,-0.172565,0.044944,7,495.63,1,0,11.08
MSFT,2026-09-11,2026-09-18,610.0,P,112.3,115.4,113.85,79.8098,-0.965355,0.001399,-0.236237,0.052594,7,495.63,1,0,11.08
MSFT,2026-09-11,2026-09-18,620.0,P,122.3,125.2,123.75,81.5432,-0.972542,0.001129,-0.187693,0.043388,7,495.63,12,0,11.08
MSFT,2026-09-11,2026-09-18,640.0,P,142.3,145.15,143.725,89.8439,-0.976505,0.0009,-0.176985,0.038077,7,495.63,17,0,11.08
MSFT,2026-09-11,2026-09-18,650.0,P,152.3,155.2,153.75,95.2393,-0.976381,0.000852,-0.191746,0.038246,7,495.63,52,0,11.08
MSFT,2026-09-11,2026-09-18,660.0,P,180.6,184.45,182.525,215.0395,-0.791129,0.001946,-2.967557,0.197187,7,495.63,2,0,11.08
MSFT,2026-09-11,2026-09-18,670.0,P,178.75,181.45,180.1,154.3703,-0.903146,0.001618,-1.230387,0.117671,7,495.63,1,0,11.08
MSFT,2026-09-11,2026-09-18,680.0,P,200.45,204.55,202.5,227.5883,-0.80052,0.001789,-3.055028,0.191857,7,495.63,5,0,11.08
MSFT,2026-09-11,2026-09-18,700.0,P,202.35,205.15,203.75,114.8442,-0.981537,0.000574,-0.180643,0.031049,7,495.63,2,0,11.08
MSFT,2026-09-11,2026-09-18,720.0,P,222.35,225.15,223.75,122.5102,-0.982647,0.00051,-0.181447,0.02945,7,495.63,0,0,11.08
MSFT,2026-09-11,2026-09-18,740.0,P,226.65,230.3,228.475,0.001,-1.0,0.0,0.079273,0.0,7,495.63,0,0,11.08
MSFT,2026-09-11,2026-09-25,320.0,C,174.55,178.2,176.375,108.0815,0.985365,0.000353,-0.172339,0.03599,14,495.63,1,1,11.08
MSFT,2026-09-11,2026-09-25,355.0,C,139.85,143.3,141.575,88.9161,0.977892,0.000611,-0.199201,0.051158,14,495.63,1,3,11.08
MSFT,2026-09-11,2026-09-25,360.0,C,134.7,138.3,136.5,84.4728,0.978535,0.000627,-0.187856,0.049897,14,495.63,1,3,11.08
MSFT,2026-09-11,2026-09-25,365.0,C,129.45,133.3,131.375,79.2238,0.980253,0.000623,-0.169509,0.046493,14,495.63,0,3,11.08
MSFT,2026-09-11,2026-09-25,370.0,C,125.1,128.3,126.7,81.2258,0.972985,0.000791,-0.213676,0.060531,14,495.63,1,3,11.08
MSFT,2026-09-11,2026-09-25,375.0,C,120.1,123.3,121.7,78.0764,0.971949,0.000849,-0.21273,0.062462,14,495.63,3,11,11.08
MSFT,2026-09-11,2026-09-25,380.0,C,114.75,118.35,116.55,72.9007,0.973967,0.000854,-0.192013,0.058687,14,495.63,5,5,11.08
MSFT,2026-09-11,2026-09-25,385.0,C,110.05,113.4,111.725,72.1682,0.969145,0.000994,-0.213718,0.067602,14,495.63,2,3,11.08
MSFT,2026-09-11,2026-09-25,390.0,C,104.7,108.35,106.525,66.5042,0.972373,0.000984,-0.186688,0.061674,14,495.63,1,8,11.08
MSFT,2026-09-11,2026-09-25,395.0,C,100.05,103.4,101.725,66.0404,0.966444,0.001164,-0.211286,0.072451,14,495.63,1,3,11.08
MSFT,2026-09-11,2026-09-25,400.0,C,94.95,98.4,96.675,62.4271,0.96613,0.001241,-0.203703,0.073009,14,495.63,6,33,11.08
MSFT,2026-09-11,2026-09-25,405.0,C,89.75,93.4,91.575,58.2524,0.967137,0.001298,-0.189686,0.071216,14,495.63,2,4,11.08
MSFT,2026-09-11,2026-09-25,410.0,C,85.1,88.4,86.75,57.227,0.960945,0.001521,-0.209381,0.082035,14,495.63,4,5,11.08
MSFT,2026-09-11,2026-09-25,415.0,C,80.25,83.45,81.85,55.2251,0.956327,0.001726,-0.21914,0.089815,14,495.63,1,17,11.08
MSFT,2026-09-11,2026-09-25,420.0,C,75.05,78.5,76.775,51.5019,0.956076,0.001859,-0.208491,0.090231,14,495.63,1,37,11.08
MSFT,2026-09-11,2026-09-25,425.0,C,70.0,73.55,71.775,61.06,0.912763,0.002677,-0.376442,0.15401,14,495.63,6,70,11.08
MSFT,2026-09-11,2026-09-25,430.0,C,65.55,68.55,67.05,57.5932,0.90808,0.002951,-0.370221,0.160117,14,495.63,46,54,11.08
MSFT,2026-09-11,2026-09-25,435.0,C,60.7,63.0,61.85,51.0137,0.914813,0.003148,-0.317469,0.151295,14,495.63,17,33,11.08
MSFT,2026-09-11,2026-09-25,440.0,C,55.8,58.7,57.25,51.4165,0.893903,0.003671,-0.367739,0.177836,14,495.63,6,38,11.08
MSFT,2026-09-11,2026-09-25,445.0,C,50.75,53.75,52.25,48.145,0.886065,0.004126,-0.36312,0.187168,14,495.63,11,40,11.08
MSFT,2026-09-11,2026-09-25,450.0,C,46.05,48.9,47.475,45.3008,0.874905,0.004684,-0.364672,0.199923,14,495.63,4,119,11.08
MSFT,2026-09-11,2026-09-25,455.0,C,40.65,44.05,42.35,42.3468,0.862337,0.005353,-0.364097,0.213587,14,495.63,4,69,11.08
MSFT,2026-09-11,2026-09-25,460.0,C,35.8,38.85,37.325,37.8607,0.856208,0.006167,-0.338771,0.219995,14,495.63,2,136,11.08
MSFT,2026-09-11,2026-09-25,465.0,C,31.75,34.15,32.95,35.3583,0.835841,0.007209,-0.343993,0.240157,14,495.63,2,95,11.08
MSFT,2026-09-11,2026-09-25,470.0,C,27.35,29.55,28.45,32.9841,0.809889,0.008479,-0.350246,0.263503,14,495.63,5,286,11.08
MSFT,2026-09-11,2026-09-25,475.0,C,23.2,25.15,24.175,30.9577,0.775262,0.009974,-0.360132,0.290926,14,495.63,44,137,11.08
MSFT,2026-09-11,2026-09-25,480.0,C,18.9,20.9,19.9,28.9619,0.73229,0.011711,-0.367209,0.31958,14,495.63,17,175,11.08
MSFT,2026-09-11,2026-09-25,485.0,C,15.2,16.35,15.775,25.6294,0.686848,0.014243,-0.349557,0.343953,14,495.63,18,287,11.08
MSFT,2026-09-11,2026-09-25,490.0,C,12.2,13.4,12.8,25.9468,0.610169,0.015232,-0.376052,0.372383,14,495.63,69,703,11.08
MSFT,2026-09-11,2026-09-25,495.0,C,9.35,10.05,9.7,24.2927,0.532704,0.016861,-0.362066,0.385943,14,495.63,308,310,11.08
MSFT,2026-09-11,2026-09-25,500.0,C,6.95,7.65,7.3,24.0395,0.447874,0.01695,-0.352605,0.383934,14,495.63,384,465,11.08
MSFT,2026-09-11,2026-09-25,505.0,C,5.0,5.5,5.25,23.3711,0.361857,0.01652,-0.32229,0.363789,14,495.63,231,535,11.08
MSFT,2026-09-11,2026-09-25,510.0,C,3.5,4.0,3.75,23.3833,0.284872,0.014954,-0.289866,0.329475,14,495.63,182,764,11.08
MSFT,2026-09-11,2026-09-25,515.0,C,2.29,2.76,2.525,23.127,0.214579,0.013001,-0.245109,0.2833,14,495.63,287,1001,11.08
MSFT,2026-09-11,2026-09-25,520.0,C,1.61,1.81,1.71,22.7791,0.153871,0.010725,-0.195255,0.230186,14,495.63,804,1120,11.08
MSFT,2026-09-11,2026-09-25,525.0,C,1.06,1.19,1.125,22.7303,0.108003,0.008411,-0.15185,0.180134,14,495.63,235,1686,11.08
MSFT,2026-09-11,2026-09-25,530.0,C,0.7,0.81,0.755,23.0354,0.07631,0.006415,-0.118517,0.139229,14,495.63,164,10818,11.08
MSFT,2026-09-11,2026-09-25,535.0,C,0.43,0.53,0.48,23.1941,0.051874,0.004717,-0.088097,0.103086,14,495.63,5351,1349,11.08
MSFT,2026-09-11,2026-09-25,540.0,C,0.27,0.36,0.315,23.5847,0.03588,0.003445,-0.066348,0.076547,14,495.63,134,583,11.08
MSFT,2026-09-11,2026-09-25,545.0,C,0.17,0.25,0.21,24.0974,0.025195,0.002515,-0.050459,0.057103,14,495.63,23,210,11.08
MSFT,2026-09-11,2026-09-25,550.0,C,0.12,0.15,0.135,24.073,0.015684,0.001684,-0.033658,0.038195,14,495.63,74,2571,11.08
MSFT,2026-09-11,2026-09-25,555.0,C,0.08,0.09,0.085,24.1219,0.009655,0.001104,-0.02212,0.02509,14,495.63,10,5124,11.08
MSFT,2026-09-11,2026-09-25,560.0,C,0.03,0.1,0.065,26.075,0.009741,0.001029,-0.024054,0.025284,14,495.63,4,599,11.08
MSFT,2026-09-11,2026-09-25,565.0,C,0.01,0.07,0.04,26.5632,0.006886,0.000745,-0.018046,0.018643,14,495.63,12,114,11.08
MSFT,2026-09-11,2026-09-25,570.0,C,0.03,0.06,0.045,27.6374,0.005733,0.000609,-0.015947,0.015852,14,495.63,51,5333,11.08
MSFT,2026-09-11,2026-09-25,580.0,C,0.0,0.06,0.03,30.5671,0.005072,0.000494,-0.015783,0.014215,14,495.63,9,129,11.08
MSFT,2026-09-11,2026-09-25,590.0,C,0.0,0.06,0.03,33.4968,0.004646,0.000417,-0.015969,0.013146,14,495.63,5,251,11.08
MSFT,2026-09-11,2026-09-25,600.0,C,0.0,0.1,0.05,38.4772,0.0066,0.000495,-0.025018,0.017956,14,495.63,1,532,11.08
MSFT,2026-09-11,2026-09-25,610.0,C,0.01,0.45,0.23,50.6353,0.021229,0.001036,-0.090485,0.049434,14,495.63,15,1735,11.08
MSFT,2026-09-11,2026-09-25,620.0,C,0.0,0.1,0.05,44.2388,0.00581,0.000385,-0.025643,0.01604,14,495.63,5,62,11.08
MSFT,2026-09-11,2026-09-25,630.0,C,0.0,2.13,1.065,65.7718,0.037028,0.001267,-0.186375,0.078546,14,495.63,2,41,11.08
MSFT,2026-09-11,2026-09-25,640.0,C,0.0,2.13,1.065,69.2142,0.035379,0.00116,-0.188834,0.07567,14,495.63,30,68,11.08
MSFT,2026-09-11,2026-09-25,650.0,C,0.0,0.09,0.045,51.6606,0.004468,0.000261,-0.023654,0.012696,14,495.63,12,132,11.08
MSFT,2026-09-11,2026-09-25,660.0,C,0.0,2.13,1.065,75.8059,0.032532,0.000989,-0.19284,0.070625,14,495.63,2,102,11.08
MSFT,2026-09-11,2026-09-25,670.0,C,0.0,2.13,1.065,79.0041,0.031359,0.00092,-0.19489,0.068515,14,495.63,4,32,11.08
MSFT,2026-09-11,2026-09-25,680.0,C,0.0,2.13,1.065,82.1047,0.030254,0.00086,-0.196539,0.066509,14,495.63,1,20,11.08
MSFT,2026-09-11,2026-09-25,270.0,P,0.0,2.13,1.065,152.9788,-0.014548,0.000248,-0.194763,0.035806,14,495.63,2,30,11.08
MSFT,2026-09-11,2026-09-25,280.0,P,0.0,2.13,1.065,144.8245,-0.015371,0.000275,-0.193257,0.037539,14,495.63,1,31,11.08
MSFT,2026-09-11,2026-09-25,290.0,P,0.0,2.13,1.065,136.9144,-0.016242,0.000305,-0.191491,0.039356,14,495.63,12,17,11.08
MSFT,2026-09-11,2026-09-25,300.0,P,0.0,2.13,1.065,129.2728,-0.017194,0.000339,-0.189771,0.041321,14,495.63,6,12,11.08
MSFT,2026-09-11,2026-09-25,305.0,P,0.0,2.13,1.065,125.5375,-0.017698,0.000358,-0.188865,0.042355,14,495.63,6,7,11.08
MSFT,2026-09-11,2026-09-25,310.0,P,0.0,0.06,0.03,78.9065,-0.000893,4e-05,-0.008256,0.002947,14,495.63,2,9,11.08
MSFT,2026-09-11,2026-09-25,315.0,P,0.0,2.13,1.065,118.2133,-0.018762,0.0004,-0.186853,0.044516,14,495.63,3,54,11.08
MSFT,2026-09-11,2026-09-25,320.0,P,0.0,2.13,1.065,114.6489,-0.019346,0.000423,-0.185964,0.04569,14,495.63,30,36,11.08
MSFT,2026-09-11,2026-09-25,325.0,P,0.0,2.13,1.065,111.1088,-0.019938,0.000448,-0.184859,0.046875,14,495.63,1,61,11.08
MSFT,2026-09-11,2026-09-25,330.0,P,0.0,2.13,1.065,107.6176,-0.020561,0.000474,-0.183738,0.048113,14,495.63,1,175,11.08
MSFT,2026-09-11,2026-09-25,335.0,P,0.0,2.13,1.065,104.1997,-0.021239,0.000504,-0.182817,0.049453,14,495.63,2,64,11.08
MSFT,2026-09-11,2026-09-25,340.0,P,0.01,0.05,0.03,64.4535,-0.001104,5.9e-05,-0.008178,0.003579,14,495.63,550,653,11.08
MSFT,2026-09-11,2026-09-25,345.0,P,0.0,2.13,1.065,97.4365,-0.022654,0.000569,-0.180429,0.052221,14,495.63,5,57,11.08
MSFT,2026-09-11,2026-09-25,350.0,P,0.0,2.14,1.07,94.1895,-0.023499,0.000607,-0.179828,0.053857,14,495.63,2,37,11.08
MSFT,2026-09-11,2026-09-25,355.0,P,0.0,2.14,1.07,90.8936,-0.0243,0.000647,-0.17844,0.055395,14,495.63,7,77,11.08
MSFT,2026-09-11,2026-09-25,360.0,P,0.0,0.3,0.15,65.5277,-0.005126,0.000232,-0.033299,0.01435,14,495.63,8,26,11.08
MSFT,2026-09-11,2026-09-25,365.0,P,0.0,2.14,1.07,84.424,-0.026066,0.000739,-0.175661,0.058749,14,495.63,8,53,11.08
MSFT,2026-09-11,2026-09-25,370.0,P,0.0,1.4,0.7,75.4153,-0.019546,0.000649,-0.123044,0.046091,14,495.63,7,65,11.08
MSFT,2026-09-11,2026-09-25,375.0,P,0.0,0.29,0.145,57.8129,-0.005652,0.000287,-0.032008,0.015653,14,495.63,4,83,11.08
MSFT,2026-09-11,2026-09-25,380.0,P,0.0,0.07,0.035,50.7817,-0.00311,0.000192,-0.016467,0.009173,14,495.63,6,66,11.08
MSFT,2026-09-11,2026-09-25,385.0,P,0.0,0.06,0.03,47.7544,-0.002859,0.000189,-0.014347,0.008504,14,495.63,19,48,11.08
MSFT,2026-09-11,2026-09-25,390.0,P,0.0,0.07,0.035,46.2896,-0.003408,0.000228,-0.01628,0.00996,14,495.63,7,49,11.08
MSFT,2026-09-11,2026-09-25,395.0,P,0.03,0.09,0.06,45.313,-0.004415,0.000294,-0.020087,0.012561,14,495.63,13,59,11.08
MSFT,2026-09-11,2026-09-25,400.0,P,0.05,0.11,0.08,44.1412,-0.005539,0.00037,-0.023933,0.015373,14,495.63,22,99,11.08
MSFT,2026-09-11,2026-09-25,405.0,P,0.01,0.28,0.145,47.4615,-0.012703,0.000712,-0.053291,0.031851,14,495.63,10,175,11.08
MSFT,2026-09-11,2026-09-25,410.0,P,0.02,0.13,0.075,40.4303,-0.007065,0.000501,-0.02715,0.01907,14,495.63,15,154,11.08
MSFT,2026-09-11,2026-09-25,415.0,P,0.03,0.19,0.11,40.1373,-0.010249,0.000699,-0.037331,0.026433,14,495.63,7,237,11.08
MSFT,2026-09-11,2026-09-25,420.0,P,0.07,0.16,0.115,36.9147,-0.009459,0.000709,-0.031975,0.024644,14,495.63,7,315,11.08
MSFT,2026-09-11,2026-09-25,425.0,P,0.09,0.2,0.145,35.694,-0.012045,0.000904,-0.03812,0.030417,14,495.63,8,694,11.08
MSFT,2026-09-11,2026-09-25,430.0,P,0.1,0.21,0.155,33.5456,-0.013285,0.001048,-0.038944,0.033109,14,495.63,21,280,11.08
MSFT,2026-09-11,2026-09-25,435.0,P,0.14,0.25,0.195,32.0319,-0.01637,0.001313,-0.044438,0.039623,14,495.63,30,227,11.08
MSFT,2026-09-11,2026-09-25,440.0,P,0.23,0.32,0.275,30.8601,-0.021439,0.001714,-0.053773,0.049846,14,495.63,58,357,11.08
MSFT,2026-09-11,2026-09-25,445.0,P,0.29,0.38,0.335,29.2488,-0.026437,0.002157,-0.060663,0.059448,14,495.63,15,890,11.08
MSFT,2026-09-11,2026-09-25,450.0,P,0.4,0.48,0.44,27.906,-0.03423,0.002801,-0.07154,0.073646,14,495.63,90,2472,11.08
MSFT,2026-09-11,2026-09-25,455.0,P,0.48,0.84,0.66,28.4919,-0.056187,0.004091,-0.108686,0.109815,14,495.63,47,528,11.08
MSFT,2026-09-11,2026-09-25,460.0,P,0.73,0.89,0.81,25.9895,-0.064177,0.004977,-0.109627,0.121864,14,495.63,98,511,11.08
MSFT,2026-09-11,2026-09-25,465.0,P,1.06,1.23,1.145,25.1228,-0.088246,0.006562,-0.134578,0.155337,14,495.63,95,515,11.08
MSFT,2026-09-11,2026-09-25,470.0,P,1.44,1.74,1.59,24.4636,-0.12231,0.008538,-0.165286,0.196797,14,495.63,77,672,11.08
MSFT,2026-09-11,2026-09-25,475.0,P,2.05,2.35,2.2,23.4871,-0.163571,0.010827,-0.192074,0.239599,14,495.63,163,790,11.08
MSFT,2026-09-11,2026-09-25,480.0,P,2.99,3.35,3.17,23.0965,-0.222375,0.013289,-0.226409,0.289183,14,495.63,332,727,11.08
MSFT,2026-09-11,2026-09-25,485.0,P,3.9,5.3,4.6,24.4759,-0.305877,0.014762,-0.280829,0.340441,14,495.63,243,530,11.08
MSFT,2026-09-11,2026-09-25,490.0,P,5.85,6.35,6.1,22.2908,-0.375282,0.017529,-0.272537,0.368163,14,495.63,213,666,11.08
MSFT,2026-09-11,2026-09-25,495.0,P,7.5,8.45,7.975,21.8758,-0.465677,0.018718,-0.275847,0.38581,14,495.63,282,282,11.08
MSFT,2026-09-11,2026-09-25,500.0,P,9.95,11.35,10.65,22.3519,-0.557391,0.018197,-0.275171,0.38323,14,495.63,100,815,11.08
MSFT,2026-09-11,2026-09-25,505.0,P,13.0,14.2,13.6,21.5706,-0.650504,0.017681,-0.240832,0.359349,14,495.63,6,551,11.08
MSFT,2026-09-11,2026-09-25,510.0,P,15.9,17.9,16.9,21.9856,-0.728204,0.015545,-0.212322,0.322014,14,495.63,23,297,11.08
MSFT,2026-09-11,2026-09-25,515.0,P,19.7,22.0,20.85,22.6875,-0.790114,0.013083,-0.182351,0.279662,14,495.63,3,109,11.08
MSFT,2026-09-11,2026-09-25,520.0,P,23.65,26.15,24.9,22.657,-0.847485,0.01072,-0.13743,0.22884,14,495.63,12,62,11.08
MSFT,2026-09-11,2026-09-25,525.0,P,28.2,30.5,29.35,22.4129,-0.895327,0.008339,-0.090214,0.176106,14,495.63,2,49,11.08
MSFT,2026-09-11,2026-09-25,530.0,P,32.75,36.0,34.375,27.6863,-0.881342,0.007385,-0.139888,0.19264,14,495.63,4,81,11.08
MSFT,2026-09-11,2026-09-25,535.0,P,37.6,40.2,38.9,25.5989,-0.929169,0.005453,-0.066653,0.131519,14,495.63,58,50,11.08
MSFT,2026-09-11,2026-09-25,540.0,P,42.35,45.15,43.75,27.5642,-0.937418,0.004601,-0.063085,0.1195,14,495.63,3,21,11.08
MSFT,2026-09-11,2026-09-25,550.0,P,52.45,55.15,53.8,32.0319,-0.945634,0.003545,-0.06634,0.106994,14,495.63,4,0,11.08
MSFT,2026-09-11,2026-09-25,555.0,P,57.3,60.35,58.825,35.8649,-0.939937,0.003425,-0.091919,0.115726,14,495.63,0,0,11.08
MSFT,2026-09-11,2026-09-25,560.0,P,62.3,65.35,63.825,38.0499,-0.943082,0.003094,-0.093744,0.110939,14,495.63,2,0,11.08
MSFT,2026-09-11,2026-10-02,300.0,C,194.65,198.45,196.55,104.1753,0.983948,0.000324,-0.149512,0.047718,21,495.63,1,1,11.08
MSFT,2026-09-11,2026-10-02,355.0,C,139.9,143.6,141.75,75.6594,0.973931,0.000673,-0.166117,0.071961,21,495.63,0,2,11.08
MSFT,2026-09-11,2026-10-02,370.0,C,124.7,128.65,126.675,66.7728,0.972528,0.000797,-0.157547,0.075181,21,495.63,0,1,11.08
MSFT,2026-09-11,2026-10-02,375.0,C,120.1,123.7,121.9,66.6019,0.967102,0.000927,-0.176683,0.087299,21,495.63,0,4,11.08
MSFT,2026-09-11,2026-10-02,385.0,C,109.9,113.8,111.85,60.8402,0.965562,0.001054,-0.170552,0.090649,21,495.63,0,3,11.08
MSFT,2026-09-11,2026-10-02,400.0,C,94.95,98.8,96.875,53.3696,0.960468,0.001345,-0.169512,0.101471,21,495.63,1,8,11.08
MSFT,2026-09-11,2026-10-02,405.0,C,89.95,93.85,91.9,51.0381,0.958111,0.001474,-0.17022,0.106354,21,495.63,0,2,11.08
MSFT,2026-09-11,2026-10-02,410.0,C,85.2,88.9,87.05,60.8769,0.917335,0.002106,-0.301738,0.181162,21,495.63,1,2,11.08
MSFT,2026-09-11,2026-10-02,415.0,C,80.5,83.95,82.225,58.173,0.912823,0.002293,-0.300565,0.188526,21,495.63,43,6,11.08
MSFT,2026-09-11,2026-10-02,420.0,C,75.6,79.0,77.3,55.4692,0.907895,0.002505,-0.299088,0.196395,21,495.63,43,36,11.08
MSFT,2026-09-11,2026-10-02,425.0,C,70.8,74.1,72.45,52.9668,0.901708,0.002752,-0.299729,0.206026,21,495.63,50,8,11.08
MSFT,2026-09-11,2026-10-02,430.0,C,66.2,69.15,67.675,50.2324,0.895773,0.003029,-0.297285,0.215018,21,495.63,51,17,11.08
MSFT,2026-09-11,2026-10-02,435.0,C,61.3,64.3,62.8,47.8826,0.887459,0.003358,-0.299253,0.227228,21,495.63,13,17,11.08
MSFT,2026-09-11,2026-10-02,440.0,C,56.4,59.4,57.9,45.2764,0.879258,0.003733,-0.297771,0.238849,21,495.63,1,36,11.08
MSFT,2026-09-11,2026-10-02,445.0,C,51.25,54.35,52.8,42.0782,0.872939,0.004162,-0.288485,0.247532,21,495.63,1,37,11.08
MSFT,2026-09-11,2026-10-02,450.0,C,46.35,49.5,47.925,39.588,0.861769,0.004689,-0.287681,0.262326,21,495.63,1,145,11.08
MSFT,2026-09-11,2026-10-02,455.0,C,42.2,44.8,43.5,37.525,0.846203,0.005314,-0.291898,0.281829,21,495.63,6,45,11.08
MSFT,2026-09-11,2026-10-02,460.0,C,37.2,40.15,38.675,35.4804,0.827827,0.006048,-0.295833,0.303292,21,495.63,11,196,11.08
MSFT,2026-09-11,2026-10-02,465.0,C,33.05,35.65,34.35,33.6921,0.804451,0.006895,-0.302249,0.328332,21,495.63,24,57,11.08
MSFT,2026-09-11,2026-10-02,470.0,C,28.4,31.25,29.825,31.9404,0.776595,0.007866,-0.307913,0.355108,21,495.63,28,140,11.08
MSFT,2026-09-11,2026-10-02,475.0,C,24.7,27.05,25.875,30.4145,0.742188,0.008932,-0.314512,0.383934,21,495.63,1,95,11.08
MSFT,2026-09-11,2026-10-02,480.0,C,21.3,22.35,21.825,27.3689,0.710632,0.01051,-0.300222,0.406526,21,495.63,20,169,11.08
MSFT,2026-09-11,2026-10-02,485.0,C,17.7,19.4,18.55,27.9487,0.65192,0.011125,-0.324953,0.439457,21,495.63,562,801,11.08
MSFT,2026-09-11,2026-10-02,490.0,C,14.35,15.95,15.15,26.8135,0.596691,0.012146,-0.323808,0.460277,21,495.63,88,173,11.08
MSFT,2026-09-11,2026-10-02,495.0,C,11.85,12.7,12.275,25.5256,0.535124,0.013096,-0.314167,0.472436,21,495.63,231,1252,11.08
MSFT,2026-09-11,2026-10-02,500.0,C,9.35,10.1,9.725,24.9397,0.468437,0.013413,-0.304529,0.472791,21,495.63,444,513,11.08
MSFT,2026-09-11,2026-10-02,505.0,C,7.25,8.3,7.775,25.3609,0.404989,0.012855,-0.298834,0.460761,21,495.63,674,15227,11.08
MSFT,2026-09-11,2026-10-02,510.0,C,5.5,6.4,5.95,24.9153,0.34065,0.012379,-0.275999,0.435919,21,495.63,123,1254,11.08
MSFT,2026-09-11,2026-10-02,515.0,C,4.1,4.8,4.45,24.4484,0.278927,0.01156,-0.246817,0.399444,21,495.63,46,300,11.08
MSFT,2026-09-11,2026-10-02,520.0,C,3.05,3.9,3.475,25.0954,0.232725,0.010245,-0.229058,0.363366,21,495.63,140,871,11.08
MSFT,2026-09-11,2026-10-02,525.0,C,2.29,2.7,2.495,24.2744,0.178541,0.009046,-0.18857,0.310357,21,495.63,278,553,11.08
MSFT,2026-09-11,2026-10-02,530.0,C,1.64,2.04,1.84,24.4453,0.141019,0.007697,-0.162044,0.265913,21,495.63,94,2289,11.08
MSFT,2026-09-11,2026-10-02,535.0,C,1.18,1.63,1.405,25.0679,0.114349,0.006487,-0.143074,0.229825,21,495.63,48,1748,11.08
MSFT,2026-09-11,2026-10-02,540.0,C,0.85,1.01,0.93,24.1219,0.078678,0.005119,-0.104308,0.174524,21,495.63,153,1246,11.08
MSFT,2026-09-11,2026-10-02,545.0,C,0.45,0.74,0.595,24.3416,0.059547,0.004092,-0.084676,0.140779,21,495.63,52,645,11.08
MSFT,2026-09-11,2026-10-02,550.0,C,0.43,0.55,0.49,24.6467,0.045224,0.003248,-0.068738,0.113137,21,495.63,239,20200,11.08
MSFT,2026-09-11,2026-10-02,555.0,C,0.29,0.41,0.35,24.9763,0.034306,0.00256,-0.055516,0.090362,21,495.63,14,307,11.08
MSFT,2026-09-11,2026-10-02,560.0,C,0.15,0.34,0.245,25.7576,0.028127,0.002106,-0.048481,0.076672,21,495.63,45,477,11.08
MSFT,2026-09-11,2026-10-02,565.0,C,0.15,0.24,0.195,25.8552,0.02043,0.001604,-0.037141,0.058609,21,495.63,1,5148,11.08
MSFT,2026-09-11,2026-10-02,570.0,C,0.1,0.21,0.155,26.783,0.017469,0.001355,-0.033621,0.0513,21,495.63,21,141,11.08
MSFT,2026-09-11,2026-10-02,580.0,C,0.01,0.21,0.11,29.5905,0.015874,0.00113,-0.034121,0.047264,21,495.63,1,5079,11.08
MSFT,2026-09-11,2026-10-02,590.0,C,0.02,0.11,0.065,29.6882,0.008648,0.000665,-0.020174,0.027905,21,495.63,1,164,11.08
MSFT,2026-09-11,2026-10-02,600.0,C,0.01,0.15,0.08,33.3991,0.010245,0.000686,-0.026264,0.032361,21,495.63,21,338,11.08
MSFT,2026-09-11,2026-10-02,610.0,C,0.0,0.14,0.07,35.5963,0.009071,0.000578,-0.025129,0.029097,21,495.63,1,315,11.08
MSFT,2026-09-11,2026-10-02,620.0,C,0.0,0.11,0.055,36.9147,0.006969,0.000442,-0.020642,0.023076,21,495.63,3,32,11.08
MSFT,2026-09-11,2026-10-02,630.0,C,0.0,0.09,0.045,38.2819,0.00551,0.000346,-0.017367,0.018741,21,495.63,9,196,11.08
MSFT,2026-09-11,2026-10-02,640.0,C,0.0,0.11,0.055,41.4068,0.006182,0.000355,-0.020782,0.020757,21,495.63,3,42,11.08
MSFT,2026-09-11,2026-10-02,650.0,C,0.0,2.15,1.075,60.0102,0.036241,0.001114,-0.136876,0.094522,21,495.63,6,29,11.08
MSFT,2026-09-11,2026-10-02,660.0,C,0.0,2.15,1.075,62.6957,0.034811,0.001032,-0.138262,0.091453,21,495.63,1,45,11.08
MSFT,2026-09-11,2026-10-02,670.0,C,0.0,2.15,1.075,65.3324,0.033557,0.000961,-0.139713,0.088737,21,495.63,3,56,11.08
MSFT,2026-09-11,2026-10-02,680.0,C,0.0,2.14,1.07,67.847,0.032289,0.000896,-0.14048,0.085965,21,495.63,5,33,11.08
MSFT,2026-09-11,2026-10-02,270.0,P,0.0,2.13,1.065,126.3187,-0.015247,0.000256,-0.13641,0.045657,21,495.63,2,31,11.08
MSFT,2026-09-11,2026-10-02,280.0,P,0.0,2.13,1.065,119.5805,-0.016091,0.000283,-0.135196,0.047819,21,495.63,0,1,11.08
MSFT,2026-09-11,2026-10-02,290.0,P,0.0,0.02,0.01,67.1878,-0.000313,1.4e-05,-0.002171,0.001368,21,495.63,10,3,11.08
MSFT,2026-09-11,2026-10-02,300.0,P,0.0,2.13,1.065,106.7387,-0.017965,0.000348,-0.132473,0.05254,21,495.63,24,10,11.08
MSFT,2026-09-11,2026-10-02,305.0,P,0.0,2.13,1.065,103.6626,-0.018489,0.000368,-0.131814,0.053843,21,495.63,60,22,11.08
MSFT,2026-09-11,2026-10-02,310.0,P,0.0,1.5,0.75,95.044,-0.014546,0.000326,-0.098385,0.043848,21,495.63,68,12,11.08
MSFT,2026-09-11,2026-10-02,315.0,P,0.0,2.13,1.065,97.6074,-0.019573,0.00041,-0.130207,0.056516,21,495.63,3,28,11.08
MSFT,2026-09-11,2026-10-02,320.0,P,0.0,2.13,1.065,94.6778,-0.020183,0.000433,-0.129591,0.058007,21,495.63,2,19,11.08
MSFT,2026-09-11,2026-10-02,325.0,P,0.0,2.13,1.065,91.7481,-0.020782,0.000459,-0.128695,0.059463,21,495.63,3,20,11.08
MSFT,2026-09-11,2026-10-02,330.0,P,0.0,2.14,1.07,88.9405,-0.021496,0.000487,-0.128333,0.061187,21,495.63,1,68,11.08
MSFT,2026-09-11,2026-10-02,335.0,P,0.0,2.14,1.07,86.1085,-0.022182,0.000516,-0.127544,0.062833,21,495.63,14,53,11.08
MSFT,2026-09-11,2026-10-02,340.0,P,0.0,2.14,1.07,83.3009,-0.022891,0.000548,-0.126653,0.06452,21,495.63,9,123,11.08
MSFT,2026-09-11,2026-10-02,345.0,P,0.0,2.15,1.075,80.591,-0.023715,0.000584,-0.126189,0.066471,21,495.63,7,100,11.08
MSFT,2026-09-11,2026-10-02,350.0,P,0.01,0.08,0.045,51.1724,-0.001784,9.4e-05,-0.008179,0.006793,21,495.63,52,75,11.08
MSFT,2026-09-11,2026-10-02,355.0,P,0.0,0.07,0.035,51.563,-0.002733,0.000137,-0.012126,0.01,21,495.63,108,100,11.08
MSFT,2026-09-11,2026-10-02,360.0,P,0.0,0.1,0.05,51.6606,-0.003903,0.000189,-0.016732,0.013778,21,495.63,2,13,11.08
MSFT,2026-09-11,2026-10-02,365.0,P,0.0,0.3,0.15,52.0513,-0.00569,0.000262,-0.023584,0.019284,21,495.63,2,9,11.08
MSFT,2026-09-11,2026-10-02,370.0,P,0.0,0.25,0.125,53.3696,-0.009011,0.000384,-0.036259,0.028929,21,495.63,15,7,11.08
MSFT,2026-09-11,2026-10-02,375.0,P,0.01,0.18,0.095,49.0239,-0.007147,0.000341,-0.027148,0.023597,21,495.63,2,26,11.08
MSFT,2026-09-11,2026-10-02,380.0,P,0.03,0.12,0.075,44.6295,-0.005291,0.000287,-0.018919,0.018078,21,495.63,1,12,11.08
MSFT,2026-09-11,2026-10-02,385.0,P,0.02,0.14,0.08,43.4576,-0.006265,0.000342,-0.021386,0.021002,21,495.63,4,27,11.08
MSFT,2026-09-11,2026-10-02,390.0,P,0.02,0.17,0.095,42.5299,-0.007705,0.000419,-0.025106,0.025211,21,495.63,2,47,11.08
MSFT,2026-09-11,2026-10-02,395.0,P,0.1,0.16,0.13,40.1861,-0.007634,0.00044,-0.023509,0.025008,21,495.63,2,525,11.08
MSFT,2026-09-11,2026-10-02,400.0,P,0.09,0.35,0.22,42.6764,-0.015106,0.000751,-0.045191,0.045294,21,495.63,1,55,11.08
MSFT,2026-09-11,2026-10-02,405.0,P,0.05,0.46,0.255,42.3346,-0.019621,0.000947,-0.056002,0.056633,21,495.63,1,46,11.08
MSFT,2026-09-11,2026-10-02,410.0,P,0.05,0.49,0.27,40.5768,-0.021662,0.001074,-0.058304,0.061585,21,495.63,2,62,11.08
MSFT,2026-09-11,2026-10-02,415.0,P,0.02,0.52,0.27,38.7457,-0.023787,0.001217,-0.060168,0.066641,21,495.63,4,31,11.08
MSFT,2026-09-11,2026-10-02,420.0,P,0.2,0.31,0.255,33.5456,-0.016753,0.001044,-0.038616,0.049496,21,495.63,3,217,11.08
MSFT,2026-09-11,2026-10-02,425.0,P,0.08,0.39,0.235,32.6911,-0.021252,0.001312,-0.046005,0.0606,21,495.63,1,59,11.08
MSFT,2026-09-11,2026-10-02,430.0,P,0.32,0.43,0.375,31.0798,-0.024256,0.001542,-0.048803,0.067742,21,495.63,24,120,11.08
MSFT,2026-09-11,2026-10-02,435.0,P,0.41,0.52,0.465,29.9568,-0.029838,0.001902,-0.055806,0.080527,21,495.63,22,69,11.08
MSFT,2026-09-11,2026-10-02,440.0,P,0.51,0.65,0.58,29.0046,-0.037668,0.00238,-0.065312,0.097555,21,495.63,32,301,11.08
MSFT,2026-09-11,2026-10-02,445.0,P,0.71,0.81,0.76,28.0036,-0.04733,0.002965,-0.075656,0.117348,21,495.63,94,258,11.08
MSFT,2026-09-11,2026-10-02,450.0,P,0.86,1.03,0.945,27.1248,-0.06038,0.003712,-0.088613,0.142319,21,495.63,41,791,11.08
MSFT,2026-09-11,2026-10-02,455.0,P,1.09,1.33,1.21,26.3313,-0.077591,0.00464,-0.104024,0.172693,21,495.63,52,379,11.08
MSFT,2026-09-11,2026-10-02,460.0,P,1.53,1.72,1.625,25.5623,-0.099552,0.005756,-0.12112,0.207955,21,495.63,81,356,11.08
MSFT,2026-09-11,2026-10-02,465.0,P,1.9,2.34,2.12,25.2327,-0.131046,0.007091,-0.14475,0.252889,21,495.63,107,410,11.08
MSFT,2026-09-11,2026-10-02,470.0,P,2.54,2.98,2.76,24.4148,-0.164928,0.00855,-0.162456,0.295025,21,495.63,181,415,11.08
MSFT,2026-09-11,2026-10-02,475.0,P,3.4,3.9,3.65,23.9021,-0.209118,0.010117,-0.183023,0.341776,21,495.63,40,468,11.08
MSFT,2026-09-11,2026-10-02,480.0,P,4.3,5.2,4.75,23.7495,-0.264183,0.011583,-0.205306,0.388783,21,495.63,71,388,11.08
MSFT,2026-09-11,2026-10-02,485.0,P,6.1,6.55,6.325,23.0415,-0.322524,0.013098,-0.216226,0.426532,21,495.63,101,351,11.08
MSFT,2026-09-11,2026-10-02,490.0,P,7.75,8.65,8.2,23.2948,-0.392546,0.01388,-0.231743,0.456966,21,495.63,25,725,11.08
MSFT,2026-09-11,2026-10-02,495.0,P,9.5,10.7,10.1,22.7059,-0.46338,0.014717,-0.229637,0.472276,21,495.63,117,189,11.08
MSFT,2026-09-11,2026-10-02,500.0,P,11.8,13.35,12.575,22.6235,-0.537107,0.014769,-0.224489,0.472223,21,495.63,80,255,11.08
MSFT,2026-09-11,2026-10-02,505.0,P,14.4,16.6,15.5,23.0721,-0.606447,0.014024,-0.217307,0.457291,21,495.63,8,118,11.08
MSFT,2026-09-11,2026-10-02,510.0,P,17.5,19.8,18.65,22.7028,-0.675906,0.01332,-0.193096,0.427388,21,495.63,121,335,11.08
MSFT,2026-09-11,2026-10-02,515.0,P,20.9,23.8,22.35,23.5298,-0.729452,0.011832,-0.179247,0.393481,21,495.63,16,87,11.08
MSFT,2026-09-11,2026-10-02,520.0,P,24.65,27.7,26.175,23.5176,-0.783122,0.010504,-0.151028,0.34912,21,495.63,1,77,11.08
MSFT,2026-09-11,2026-10-02,525.0,P,28.9,31.65,30.275,22.9012,-0.836348,0.009069,-0.112351,0.293542,21,495.63,10,29,11.08
MSFT,2026-09-11,2026-10-02,530.0,P,33.45,36.95,35.2,26.374,-0.839554,0.007774,-0.133529,0.289784,21,495.63,16,70,11.08
MSFT,2026-09-11,2026-10-02,535.0,P,37.85,41.45,39.65,26.9111,-0.868004,0.006682,-0.112413,0.254154,21,495.63,1,24,11.08
MSFT,2026-09-11,2026-10-02,540.0,P,42.55,46.0,44.275,27.2285,-0.893555,0.005673,-0.089258,0.218319,21,495.63,1,29,11.08
MSFT,2026-09-11,2026-10-02,545.0,P,47.45,50.7,49.075,27.8389,-0.912279,0.004814,-0.071768,0.189403,21,495.63,0,1,11.08
MSFT,2026-09-11,2026-10-02,550.0,P,52.35,55.95,54.15,31.0981,-0.907902,0.004468,-0.091307,0.196383,21,495.63,1,5,11.08
MSFT,2026-09-11,2026-10-02,555.0,P,57.3,60.8,59.05,32.2761,-0.918281,0.003937,-0.082846,0.179599,21,495.63,0,0,11.08
MSFT,2026-09-11,2026-10-02,560.0,P,62.3,65.9,64.1,34.7297,-0.918813,0.003641,-0.092036,0.178717,21,495.63,14,0,11.08
MSFT,2026-09-11,2026-10-02,565.0,P,67.3,70.75,69.025,35.7428,-0.927692,0.00324,-0.082534,0.163649,21,495.63,0,0,11.08
MSFT,2026-09-11,2026-10-02,570.0,P,72.3,75.75,74.025,37.5617,-0.930791,0.002981,-0.084077,0.158232,21,495.63,0,0,11.08
MSFT,2026-09-11,2026-10-02,580.0,P,82.35,85.95,84.15,42.3224,-0.929972,0.002669,-0.102418,0.159672,21,495.63,0,0,11.08
MSFT,2026-09-11,2026-10-09,380.0,C,115.3,119.2,117.25,58.5087,0.958973,0.001095,-0.164447,0.120754,28,495.63,0,1,11.08
MSFT,2026-09-11,2026-10-09,385.0,C,110.3,114.15,112.225,55.9575,0.957881,0.00117,-0.162022,0.123353,28,495.63,0,1,11.08
MSFT,2026-09-11,2026-10-09,400.0,C,95.85,99.3,97.575,51.1968,0.945623,0.001569,-0.178039,0.151338,28,495.63,68,12,11.08
MSFT,2026-09-11,2026-10-09,410.0,C,86.1,89.4,87.75,55.164,0.909462,0.002154,-0.259215,0.223909,28,495.63,80,5,11.08
MSFT,2026-09-11,2026-10-09,415.0,C,81.25,84.5,82.875,52.9302,0.904036,0.002344,-0.25982,0.23375,28,495.63,52,5,11.08
MSFT,2026-09-11,2026-10-09,425.0,C,71.65,74.75,73.2,48.5845,0.891043,0.0028,-0.261656,0.256365,28,495.63,1,17,11.08
MSFT,2026-09-11,2026-10-09,430.0,C,66.55,69.85,68.2,46.2774,0.884097,0.003072,-0.260814,0.267939,28,495.63,18,2,11.08
MSFT,2026-09-11,2026-10-09,435.0,C,61.5,65.0,63.25,44.1046,0.875713,0.003386,-0.261139,0.281457,28,495.63,5,8,11.08
MSFT,2026-09-11,2026-10-09,440.0,C,57.0,60.2,58.6,42.0477,0.8657,0.003748,-0.262445,0.296987,28,495.63,1,2,11.08
MSFT,2026-09-11,2026-10-09,445.0,C,52.15,55.5,53.825,40.2228,0.853115,0.004164,-0.265977,0.315607,28,495.63,1,7,11.08
MSFT,2026-09-11,2026-10-09,450.0,C,47.65,50.8,49.225,38.3002,0.839353,0.00464,-0.268101,0.334887,28,495.63,10,12,11.08
MSFT,2026-09-11,2026-10-09,460.0,C,38.85,41.75,40.3,35.0226,0.80193,0.005789,-0.277,0.382078,28,495.63,20,45,11.08
MSFT,2026-09-11,2026-10-09,465.0,C,34.45,37.4,35.925,33.5517,0.777934,0.006463,-0.282073,0.408641,28,495.63,5,38,11.08
MSFT,2026-09-11,2026-10-09,470.0,C,30.25,32.6,31.425,30.8784,0.757632,0.007373,-0.273247,0.429034,28,495.63,5,43,11.08
MSFT,2026-09-11,2026-10-09,475.0,C,26.45,29.35,27.9,31.327,0.714973,0.007895,-0.295492,0.466069,28,495.63,2,27,11.08
MSFT,2026-09-11,2026-10-09,480.0,C,22.95,25.65,24.3,30.4206,0.676548,0.008602,-0.300994,0.493103,28,495.63,14,41,11.08
MSFT,2026-09-11,2026-10-09,485.0,C,19.45,21.5,20.475,28.321,0.638288,0.009639,-0.291696,0.514406,28,495.63,20,71,11.08
MSFT,2026-09-11,2026-10-09,490.0,C,16.4,18.15,17.275,27.375,0.590245,0.010343,-0.290189,0.533574,28,495.63,20,118,11.08
MSFT,2026-09-11,2026-10-09,495.0,C,13.6,14.6,14.1,25.6447,0.538114,0.011281,-0.276618,0.545145,28,495.63,76,81,11.08
MSFT,2026-09-11,2026-10-09,500.0,C,11.15,12.1,11.625,25.3303,0.481153,0.01146,-0.271662,0.547035,28,495.63,155,190,11.08
MSFT,2026-09-11,2026-10-09,505.0,C,9.1,10.5,9.8,26.1543,0.428229,0.010931,-0.273214,0.53876,28,495.63,17,873,11.08
MSFT,2026-09-11,2026-10-09,510.0,C,7.25,8.2,7.725,25.2022,0.370114,0.010915,-0.252037,0.518358,28,495.63,62,151,11.08
MSFT,2026-09-11,2026-10-09,515.0,C,5.1,6.65,5.875,25.1655,0.318425,0.01033,-0.236332,0.489893,28,495.63,14,356,11.08
MSFT,2026-09-11,2026-10-09,520.0,C,4.45,4.9,4.675,24.1646,0.261459,0.009807,-0.206041,0.446555,28,495.63,131,275,11.08
MSFT,2026-09-11,2026-10-09,525.0,C,3.4,3.9,3.65,24.2805,0.218349,0.008845,-0.186642,0.404705,28,495.63,41,1844,11.08
MSFT,2026-09-11,2026-10-09,530.0,C,2.26,3.4,2.83,25.2815,0.189528,0.007807,-0.177612,0.371947,28,495.63,37,442,11.08
MSFT,2026-09-11,2026-10-09,535.0,C,1.83,2.42,2.125,24.543,0.147708,0.00685,-0.146421,0.316792,28,495.63,57,382,11.08
MSFT,2026-09-11,2026-10-09,540.0,C,1.38,1.8,1.59,24.3538,0.116459,0.005858,-0.122909,0.268849,28,495.63,32,543,11.08
MSFT,2026-09-11,2026-10-09,545.0,C,1.18,1.51,1.345,25.0191,0.098119,0.005039,-0.111196,0.237591,28,495.63,254,281,11.08
MSFT,2026-09-11,2026-10-09,550.0,C,0.73,0.98,0.855,24.1829,0.070008,0.004045,-0.083213,0.184331,28,495.63,22,993,11.08
MSFT,2026-09-11,2026-10-09,555.0,C,0.51,0.87,0.69,25.135,0.060903,0.003493,-0.077401,0.165447,28,495.63,18,162,11.08
MSFT,2026-09-11,2026-10-09,560.0,C,0.48,0.66,0.57,25.2449,0.047611,0.002862,-0.063833,0.136146,28,495.63,3,210,11.08
MSFT,2026-09-11,2026-10-09,565.0,C,0.36,0.51,0.435,25.4768,0.037651,0.002345,-0.053175,0.112606,28,495.63,4,144,11.08
MSFT,2026-09-11,2026-10-09,570.0,C,0.11,0.41,0.26,25.8796,0.030552,0.001944,-0.045402,0.094826,28,495.63,3,69,11.08
MSFT,2026-09-11,2026-10-09,580.0,C,0.15,0.44,0.295,28.8337,0.02932,0.001687,-0.048697,0.091643,28,495.63,15,71,11.08
MSFT,2026-09-11,2026-10-09,590.0,C,0.1,0.22,0.16,28.2966,0.015921,0.001026,-0.02847,0.054714,28,495.63,6,35,11.08
MSFT,2026-09-11,2026-10-09,600.0,C,0.04,0.15,0.095,29.1023,0.010916,0.00072,-0.021086,0.03949,28,495.63,11,113,11.08
MSFT,2026-09-11,2026-10-09,610.0,C,0.02,0.26,0.14,33.5944,0.015672,0.000853,-0.033189,0.053981,28,495.63,285,327,11.08
MSFT,2026-09-11,2026-10-09,620.0,C,0.01,0.24,0.125,35.4499,0.013882,0.000728,-0.031499,0.048632,28,495.63,2,4,11.08
MSFT,2026-09-11,2026-10-09,630.0,C,0.0,0.12,0.06,34.4733,0.007482,0.000437,-0.017848,0.028367,28,495.63,1,16,11.08
MSFT,2026-09-11,2026-10-09,640.0,C,0.0,0.1,0.05,35.694,0.006105,0.000352,-0.015422,0.023702,28,495.63,3,8,11.08
MSFT,2026-09-11,2026-10-09,650.0,C,0.01,0.16,0.085,39.649,0.008497,0.000425,-0.022899,0.031727,28,495.63,2,6,11.08
MSFT,2026-09-11,2026-10-09,660.0,C,0.0,0.13,0.065,40.6256,0.006899,0.000345,-0.019513,0.026411,28,495.63,2,1,11.08
MSFT,2026-09-11,2026-10-09,670.0,C,0.0,2.15,1.075,56.9096,0.034792,0.000984,-0.109008,0.105554,28,495.63,1,2,11.08
MSFT,2026-09-11,2026-10-09,680.0,C,0.0,2.15,1.075,59.1435,0.033592,0.00092,-0.109984,0.102551,28,495.63,1,3,11.08
MSFT,2026-09-11,2026-10-09,310.0,P,0.0,1.67,0.835,84.2043,-0.016115,0.000348,-0.082195,0.055285,28,495.63,3,2,11.08
MSFT,2026-09-11,2026-10-09,315.0,P,0.0,2.13,1.065,85.0343,-0.019939,0.000414,-0.099508,0.066295,28,495.63,10,11,11.08
MSFT,2026-09-11,2026-10-09,320.0,P,0.0,2.13,1.065,82.4465,-0.020513,0.000437,-0.098791,0.067909,28,495.63,2,4,11.08
MSFT,2026-09-11,2026-10-09,325.0,P,0.0,2.14,1.07,79.9807,-0.021212,0.000464,-0.098553,0.069863,28,495.63,12,15,11.08
MSFT,2026-09-11,2026-10-09,330.0,P,0.0,2.14,1.07,77.466,-0.021849,0.000491,-0.09783,0.071632,28,495.63,28,16,11.08
MSFT,2026-09-11,2026-10-09,335.0,P,0.0,2.14,1.07,75.0003,-0.022538,0.00052,-0.097184,0.073532,28,495.63,12,5,11.08
MSFT,2026-09-11,2026-10-09,340.0,P,0.0,1.15,0.575,65.5277,-0.014486,0.000409,-0.058211,0.05045,28,495.63,10,7,11.08
MSFT,2026-09-11,2026-10-09,345.0,P,0.0,0.12,0.06,51.4653,-0.00422,0.000176,-0.015446,0.017063,28,495.63,6,16,11.08
MSFT,2026-09-11,2026-10-09,350.0,P,0.0,0.05,0.025,45.1177,-0.002049,0.000105,-0.007055,0.008897,28,495.63,4,14,11.08
MSFT,2026-09-11,2026-10-09,355.0,P,0.0,0.12,0.06,47.7544,-0.004502,0.000201,-0.015166,0.018078,28,495.63,16,25,11.08
MSFT,2026-09-11,2026-10-09,360.0,P,0.01,0.12,0.065,45.899,-0.004631,0.000214,-0.014939,0.01854,28,495.63,4,15,11.08
MSFT,2026-09-11,2026-10-09,365.0,P,0.01,0.22,0.115,47.5591,-0.007951,0.000334,-0.024975,0.029927,28,495.63,2,11,11.08
MSFT,2026-09-11,2026-10-09,370.0,P,0.02,0.23,0.125,45.9478,-0.008556,0.000369,-0.025716,0.031921,28,495.63,1,16,11.08
MSFT,2026-09-11,2026-10-09,375.0,P,0.02,0.25,0.135,44.5806,-0.009518,0.000417,-0.027367,0.03504,28,495.63,1,10,11.08
MSFT,2026-09-11,2026-10-09,380.0,P,0.04,0.21,0.125,41.6998,-0.008565,0.000407,-0.023318,0.03195,28,495.63,6,48,11.08
MSFT,2026-09-11,2026-10-09,385.0,P,0.05,0.24,0.145,40.6256,-0.009963,0.000476,-0.025906,0.036469,28,495.63,18,21,11.08
MSFT,2026-09-11,2026-10-09,390.0,P,0.01,0.28,0.145,39.649,-0.011762,0.000564,-0.029184,0.042136,28,495.63,3,15,11.08
MSFT,2026-09-11,2026-10-09,395.0,P,0.01,0.29,0.15,37.9889,-0.012609,0.000625,-0.029666,0.044756,28,495.63,1,9,11.08
MSFT,2026-09-11,2026-10-09,400.0,P,0.11,0.32,0.215,36.6706,-0.014228,0.000719,-0.031746,0.049677,28,495.63,3,16,11.08
MSFT,2026-09-11,2026-10-09,405.0,P,0.13,0.59,0.36,38.4528,-0.023989,0.00107,-0.051887,0.077498,28,495.63,9,10,11.08
MSFT,2026-09-11,2026-10-09,410.0,P,0.22,0.42,0.32,34.4489,-0.019363,0.000996,-0.038714,0.064665,28,495.63,3,134,11.08
MSFT,2026-09-11,2026-10-09,415.0,P,0.3,0.55,0.425,34.0827,-0.025006,0.001249,-0.047462,0.080246,28,495.63,1,31,11.08
MSFT,2026-09-11,2026-10-09,420.0,P,0.32,0.5,0.41,31.6169,-0.024485,0.001323,-0.043168,0.078842,28,495.63,59,25,11.08
MSFT,2026-09-11,2026-10-09,425.0,P,0.42,0.69,0.555,31.507,-0.032899,0.001698,-0.054907,0.100807,28,495.63,1,59,11.08
MSFT,2026-09-11,2026-10-09,430.0,P,0.54,0.69,0.615,29.5173,-0.034758,0.001896,-0.053684,0.105469,28,495.63,1,37,11.08
MSFT,2026-09-11,2026-10-09,435.0,P,0.66,0.88,0.77,28.9314,-0.044013,0.002344,-0.063615,0.127815,28,495.63,25,389,11.08
MSFT,2026-09-11,2026-10-09,440.0,P,0.82,1.17,0.995,28.6506,-0.057304,0.002921,-0.077546,0.157729,28,495.63,14,60,11.08
MSFT,2026-09-11,2026-10-09,445.0,P,1.11,1.34,1.225,27.3811,-0.067018,0.003454,-0.083461,0.178229,28,495.63,4,184,11.08
MSFT,2026-09-11,2026-10-09,450.0,P,1.38,1.69,1.535,26.7646,-0.083727,0.004188,-0.09634,0.211206,28,495.63,107,132,11.08
MSFT,2026-09-11,2026-10-09,455.0,P,1.84,2.23,2.035,26.5266,-0.107163,0.005068,-0.114093,0.253318,28,495.63,18,73,11.08
MSFT,2026-09-11,2026-10-09,460.0,P,2.28,2.74,2.51,25.7637,-0.13067,0.006003,-0.126879,0.291433,28,495.63,41,191,11.08
MSFT,2026-09-11,2026-10-09,465.0,P,2.93,3.3,3.115,24.8237,-0.15724,0.007059,-0.137713,0.330216,28,495.63,71,206,11.08
MSFT,2026-09-11,2026-10-09,470.0,P,3.75,4.45,4.1,25.0435,-0.199487,0.008131,-0.16058,0.383724,28,495.63,119,266,11.08
MSFT,2026-09-11,2026-10-09,475.0,P,4.6,5.5,5.05,24.485,-0.240379,0.009257,-0.173449,0.427117,28,495.63,20,189,11.08
MSFT,2026-09-11,2026-10-09,480.0,P,5.5,6.75,6.125,23.9082,-0.28694,0.010378,-0.183714,0.467553,28,495.63,21,159,11.08
MSFT,2026-09-11,2026-10-09,485.0,P,7.1,8.1,7.6,23.066,-0.337865,0.011544,-0.187935,0.501771,28,495.63,103,123,11.08
MSFT,2026-09-11,2026-10-09,490.0,P,8.95,10.9,9.925,24.4209,-0.402415,0.011542,-0.209184,0.53118,28,495.63,36,120,11.08
MSFT,2026-09-11,2026-10-09,495.0,P,11.05,12.15,11.6,22.3824,-0.460198,0.012919,-0.192143,0.544919,28,495.63,9,138,11.08
MSFT,2026-09-11,2026-10-09,500.0,P,13.65,14.75,14.2,22.2359,-0.525118,0.013044,-0.187652,0.546561,28,495.63,115,86,11.08
MSFT,2026-09-11,2026-10-09,505.0,P,15.8,18.0,16.9,22.712,-0.586503,0.012494,-0.183897,0.534721,28,495.63,2,49,11.08
MSFT,2026-09-11,2026-10-09,510.0,P,19.2,21.3,20.25,22.7516,-0.645952,0.011909,-0.170962,0.510574,28,495.63,5,112,11.08
MSFT,2026-09-11,2026-10-09,515.0,P,22.2,25.7,23.95,24.5186,-0.686651,0.010531,-0.173929,0.486554,28,495.63,3,91,11.08
MSFT,2026-09-11,2026-10-09,520.0,P,25.6,28.85,27.225,23.2185,-0.747792,0.010017,-0.139032,0.43826,28,495.63,20,187,11.08
MSFT,2026-09-11,2026-10-09,525.0,P,29.65,32.75,31.2,22.9744,-0.795518,0.008995,-0.114147,0.389446,28,495.63,1,141,11.08
MSFT,2026-09-11,2026-10-09,535.0,P,38.3,41.75,40.025,24.427,-0.853509,0.006844,-0.087756,0.315039,28,495.63,1,3,11.08
MSFT,2026-09-11,2026-10-09,540.0,P,42.9,46.05,44.475,23.9143,-0.888013,0.005802,-0.0597,0.261457,28,495.63,0,1,11.08
MSFT,2026-09-11,2026-10-09,545.0,P,47.65,50.8,49.225,24.6956,-0.904932,0.004988,-0.049015,0.232142,28,495.63,0,2,11.08
MSFT,2026-09-11,2026-10-09,550.0,P,52.45,55.7,54.075,25.9651,-0.914606,0.004381,-0.044993,0.214353,28,495.63,1,50,11.08
MSFT,2026-09-11,2026-10-09,560.0,P,62.3,65.8,64.05,29.7737,-0.919706,0.003647,-0.053062,0.204647,28,495.63,1,4,11.08
MSFT,2026-09-11,2026-10-16,210.0,C,285.2,288.6,286.9,138.7698,0.986856,0.000159,-0.124434,0.051868,35,495.63,2,38,11.08
MSFT,2026-09-11,2026-10-16,220.0,C,274.85,278.65,276.75,129.2484,0.987416,0.000164,-0.114953,0.049952,35,495.63,4,43,11.08
MSFT,2026-09-11,2026-10-16,230.0,C,264.9,268.7,266.8,123.682,0.986304,0.000184,-0.118686,0.053744,35,495.63,2,35,11.08
MSFT,2026-09-11,2026-10-16,240.0,C,255.0,258.8,256.9,119.0434,0.984681,0.000211,-0.125346,0.059183,35,495.63,10,25,11.08
MSFT,2026-09-11,2026-10-16,250.0,C,245.0,248.75,246.875,112.6469,0.984107,0.00023,-0.124031,0.06108,35,495.63,4,106,11.08
MSFT,2026-09-11,2026-10-16,260.0,C,234.95,238.85,236.9,107.227,0.98301,0.000256,-0.125815,0.064675,35,495.63,4,42,11.08
MSFT,2026-09-11,2026-10-16,270.0,C,225.5,228.85,227.175,105.1274,0.979332,0.000309,-0.142344,0.076409,35,495.63,1,21,11.08
MSFT,2026-09-11,2026-10-16,280.0,C,215.2,218.9,217.05,98.0957,0.979529,0.000328,-0.134896,0.075793,35,495.63,1,28,11.08
MSFT,2026-09-11,2026-10-16,285.0,C,210.3,213.9,212.1,96.0205,0.978425,0.00035,-0.137842,0.079236,35,495.63,10,27,11.08
MSFT,2026-09-11,2026-10-16,290.0,C,205.25,209.0,207.125,93.6524,0.977572,0.000371,-0.139177,0.081874,35,495.63,2,29,11.08
MSFT,2026-09-11,2026-10-16,295.0,C,200.35,203.95,202.15,91.3087,0.976687,0.000393,-0.140459,0.084587,35,495.63,40,114,11.08
MSFT,2026-09-11,2026-10-16,300.0,C,195.3,199.0,197.15,88.7452,0.976033,0.000414,-0.140387,0.08658,35,495.63,1,244,11.08
MSFT,2026-09-11,2026-10-16,305.0,C,190.2,194.0,192.1,85.6813,0.975963,0.00043,-0.13739,0.08679,35,495.63,2,121,11.08
MSFT,2026-09-11,2026-10-16,310.0,C,185.7,189.1,187.4,86.1207,0.971741,0.00049,-0.153692,0.099369,35,495.63,1,76,11.08
MSFT,2026-09-11,2026-10-16,315.0,C,180.3,184.1,182.2,81.7385,0.973327,0.000492,-0.142652,0.094696,35,495.63,1,53,11.08
MSFT,2026-09-11,2026-10-16,320.0,C,175.75,179.1,177.425,81.3356,0.969803,0.000548,-0.154402,0.104998,35,495.63,4,216,11.08
MSFT,2026-09-11,2026-10-16,325.0,C,170.45,174.1,172.275,77.5637,0.970802,0.000559,-0.146143,0.102107,35,495.63,1,64,11.08
MSFT,2026-09-11,2026-10-16,330.0,C,165.55,169.15,167.35,75.8181,0.968965,0.000601,-0.149765,0.107406,35,495.63,4,133,11.08
MSFT,2026-09-11,2026-10-16,335.0,C,164.95,168.35,166.65,98.0713,0.927027,0.000921,-0.32938,0.212755,35,495.63,9,33,11.08
MSFT,2026-09-11,2026-10-16,340.0,C,155.8,159.2,157.5,72.2781,0.96505,0.000696,-0.156585,0.118452,35,495.63,1,85,11.08
MSFT,2026-09-11,2026-10-16,345.0,C,150.45,154.25,152.35,68.7625,0.966038,0.000714,-0.14853,0.115696,35,495.63,1,144,11.08
MSFT,2026-09-11,2026-10-16,350.0,C,146.4,149.3,147.85,70.0687,0.958111,0.000832,-0.17238,0.137303,35,495.63,3,339,11.08
MSFT,2026-09-11,2026-10-16,355.0,C,140.95,144.3,142.625,66.1869,0.959855,0.000851,-0.161014,0.132648,35,495.63,3,419,11.08
MSFT,2026-09-11,2026-10-16,360.0,C,135.6,139.35,137.475,62.8422,0.960761,0.00088,-0.153082,0.130208,35,495.63,8,1136,11.08
MSFT,2026-09-11,2026-10-16,365.0,C,131.4,134.4,132.9,63.3549,0.953192,0.001006,-0.17218,0.150156,35,495.63,1,307,11.08
MSFT,2026-09-11,2026-10-16,370.0,C,125.65,129.45,127.55,58.8627,0.956872,0.001014,-0.155254,0.140577,35,495.63,1,1000,11.08
MSFT,2026-09-11,2026-10-16,375.0,C,121.05,124.45,122.75,57.8862,0.952193,0.00112,-0.163599,0.152719,35,495.63,1,1136,11.08
MSFT,2026-09-11,2026-10-16,380.0,C,116.0,119.55,117.775,55.7866,0.95011,0.001202,-0.163659,0.158013,35,495.63,2,1958,11.08
MSFT,2026-09-11,2026-10-16,385.0,C,111.1,114.55,112.825,53.8457,0.947462,0.001298,-0.164771,0.16465,35,495.63,1,1337,11.08
MSFT,2026-09-11,2026-10-16,390.0,C,106.3,109.65,107.975,52.4419,0.942975,0.001422,-0.170006,0.17567,35,495.63,1,2598,11.08
MSFT,2026-09-11,2026-10-16,395.0,C,101.35,104.75,103.05,50.5986,0.939513,0.001544,-0.171735,0.183987,35,495.63,1,1657,11.08
MSFT,2026-09-11,2026-10-16,400.0,C,96.45,99.75,98.1,55.6279,0.911869,0.001873,-0.232631,0.245372,35,495.63,24,2842,11.08
MSFT,2026-09-11,2026-10-16,405.0,C,92.05,94.85,93.45,53.571,0.907066,0.002023,-0.233236,0.255231,35,495.63,1,3531,11.08
MSFT,2026-09-11,2026-10-16,410.0,C,87.05,89.95,88.5,51.5019,0.901921,0.002189,-0.23354,0.265557,35,495.63,3,2306,11.08
MSFT,2026-09-11,2026-10-16,415.0,C,82.25,85.05,83.65,49.4207,0.896386,0.002374,-0.233533,0.276403,35,495.63,2,1530,11.08
MSFT,2026-09-11,2026-10-16,420.0,C,77.35,79.65,78.5,45.6548,0.897672,0.002547,-0.217677,0.273906,35,495.63,9,4358,11.08
MSFT,2026-09-11,2026-10-16,425.0,C,72.5,75.05,73.775,44.5745,0.886864,0.002804,-0.226456,0.294457,35,495.63,2,1313,11.08
MSFT,2026-09-11,2026-10-16,430.0,C,67.25,70.15,68.7,42.4627,0.879911,0.003071,-0.225445,0.307178,35,495.63,18,1182,11.08
MSFT,2026-09-11,2026-10-16,435.0,C,62.8,65.4,64.1,40.7599,0.870052,0.003381,-0.228094,0.324585,35,495.63,2,1086,11.08
MSFT,2026-09-11,2026-10-16,440.0,C,58.2,60.75,59.475,39.2676,0.85786,0.003731,-0.232556,0.345138,35,495.63,3,2398,11.08
MSFT,2026-09-11,2026-10-16,445.0,C,53.9,56.05,54.975,37.5495,0.845453,0.004127,-0.23459,0.365011,35,495.63,2,886,11.08
MSFT,2026-09-11,2026-10-16,450.0,C,48.9,51.5,50.2,36.109,0.829762,0.00457,-0.23897,0.388729,35,495.63,34,7662,11.08
MSFT,2026-09-11,2026-10-16,455.0,C,44.2,47.0,45.6,34.6625,0.812053,0.005067,-0.242849,0.413707,35,495.63,3,1128,11.08
MSFT,2026-09-11,2026-10-16,460.0,C,39.95,42.45,41.2,32.9688,0.793477,0.00564,-0.243778,0.437989,35,495.63,162,3319,11.08
MSFT,2026-09-11,2026-10-16,465.0,C,36.0,38.35,37.175,32.0686,0.767253,0.00621,-0.251462,0.469128,35,495.63,19,1528,11.08
MSFT,2026-09-11,2026-10-16,470.0,C,32.05,34.2,33.125,30.8448,0.73987,0.006854,-0.254957,0.497956,35,495.63,7,4584,11.08
MSFT,2026-09-11,2026-10-16,475.0,C,28.55,30.3,29.425,29.8591,0.70768,0.007497,-0.259183,0.527319,35,495.63,15,1610,11.08
MSFT,2026-09-11,2026-10-16,480.0,C,24.5,26.6,25.55,28.9649,0.671456,0.008132,-0.262309,0.55483,35,495.63,49,3434,11.08
MSFT,2026-09-11,2026-10-16,485.0,C,21.3,22.7,22.0,27.4421,0.633741,0.008935,-0.257566,0.57755,35,495.63,32,1645,11.08
MSFT,2026-09-11,2026-10-16,490.0,C,18.2,19.25,18.725,26.371,0.589663,0.009607,-0.253999,0.596757,35,495.63,192,7633,11.08
MSFT,2026-09-11,2026-10-16,495.0,C,16.0,16.4,16.2,25.9193,0.54091,0.009976,-0.25243,0.609065,35,495.63,1099,5135,11.08
MSFT,2026-09-11,2026-10-16,500.0,C,13.3,14.15,13.725,26.0444,0.491225,0.009978,-0.252273,0.612139,35,495.63,811,24460,11.08
MSFT,2026-09-11,2026-10-16,505.0,C,11.1,11.55,11.325,25.2022,0.439245,0.010194,-0.239924,0.605173,35,495.63,1464,2068,11.08
MSFT,2026-09-11,2026-10-16,510.0,C,9.15,9.6,9.375,25.013,0.389038,0.009987,-0.229861,0.588448,35,495.63,1217,39519,11.08
MSFT,2026-09-11,2026-10-16,515.0,C,7.45,8.05,7.75,25.1106,0.342408,0.009533,-0.219562,0.563871,35,495.63,194,2684,11.08
MSFT,2026-09-11,2026-10-16,520.0,C,5.95,6.45,6.2,24.7169,0.294658,0.009091,-0.201814,0.529268,35,495.63,1162,10843,11.08
MSFT,2026-09-11,2026-10-16,525.0,C,4.9,5.25,5.075,24.6803,0.25272,0.008437,-0.18578,0.490514,35,495.63,712,2774,11.08
MSFT,2026-09-11,2026-10-16,530.0,C,3.8,4.25,4.025,24.6773,0.214738,0.007709,-0.168911,0.448129,35,495.63,1047,6547,11.08
MSFT,2026-09-11,2026-10-16,535.0,C,3.1,3.35,3.225,24.5186,0.178952,0.006948,-0.149675,0.40125,35,495.63,305,1354,11.08
MSFT,2026-09-11,2026-10-16,540.0,C,2.5,2.65,2.575,24.4881,0.148409,0.00616,-0.131884,0.355308,35,495.63,356,3862,11.08
MSFT,2026-09-11,2026-10-16,545.0,C,1.94,2.22,2.08,24.9214,0.12647,0.005426,-0.119872,0.318526,35,495.63,391,19485,11.08
MSFT,2026-09-11,2026-10-16,550.0,C,1.52,1.65,1.585,24.5674,0.100121,0.004659,-0.09975,0.269589,35,495.63,874,54984,11.08
MSFT,2026-09-11,2026-10-16,555.0,C,1.2,1.33,1.265,24.7932,0.082817,0.00401,-0.087203,0.234203,35,495.63,143,1996,11.08
MSFT,2026-09-11,2026-10-16,560.0,C,0.94,1.05,0.995,24.9153,0.067399,0.00341,-0.0747,0.20014,35,495.63,484,8913,11.08
MSFT,2026-09-11,2026-10-16,565.0,C,0.71,0.84,0.775,25.1228,0.055164,0.002892,-0.064257,0.171135,35,495.63,54,861,11.08
MSFT,2026-09-11,2026-10-16,570.0,C,0.59,0.62,0.605,24.9641,0.042595,0.002367,-0.051827,0.139172,35,495.63,5100,14537,11.08
MSFT,2026-09-11,2026-10-16,575.0,C,0.43,0.61,0.52,26.136,0.040187,0.002156,-0.051636,0.13276,35,495.63,33,966,11.08
MSFT,2026-09-11,2026-10-16,580.0,C,0.35,0.43,0.39,25.782,0.029913,0.001715,-0.039912,0.104178,35,495.63,48,2798,11.08
MSFT,2026-09-11,2026-10-16,585.0,C,0.24,0.4,0.32,26.6121,0.027114,0.001532,-0.037894,0.096003,35,495.63,72,385,11.08
MSFT,2026-09-11,2026-10-16,590.0,C,0.21,0.3,0.255,26.5632,0.021069,0.001241,-0.030557,0.077662,35,495.63,9,1877,11.08
MSFT,2026-09-11,2026-10-16,595.0,C,0.17,0.23,0.2,26.6121,0.016558,0.001009,-0.024905,0.063263,35,495.63,1,17412,11.08
MSFT,2026-09-11,2026-10-16,600.0,C,0.15,0.19,0.17,26.9294,0.013729,0.000849,-0.021427,0.053856,35,495.63,54,8098,11.08
MSFT,2026-09-11,2026-10-16,605.0,C,0.07,0.17,0.12,27.5398,0.012176,0.000748,-0.019728,0.048547,35,495.63,2,560,11.08
MSFT,2026-09-11,2026-10-16,610.0,C,0.08,0.15,0.115,28.0769,0.010683,0.000655,-0.01793,0.043329,35,495.63,2,378,11.08
MSFT,2026-09-11,2026-10-16,615.0,C,0.02,0.21,0.115,30.2741,0.013382,0.000739,-0.023471,0.052678,35,495.63,13,161,11.08
MSFT,2026-09-11,2026-10-16,620.0,C,0.01,0.11,0.06,28.8581,0.007787,0.000483,-0.013946,0.032853,35,495.63,7,3492,11.08
MSFT,2026-09-11,2026-10-16,625.0,C,0.03,0.13,0.08,30.323,0.008586,0.000501,-0.015949,0.035796,35,495.63,1,273,11.08
MSFT,2026-09-11,2026-10-16,630.0,C,0.05,0.15,0.1,31.7878,0.009394,0.000517,-0.018071,0.03873,35,495.63,3,323,11.08
MSFT,2026-09-11,2026-10-16,635.0,C,0.04,0.14,0.09,32.4226,0.008645,0.000472,-0.017124,0.03601,35,495.63,1,201,11.08
MSFT,2026-09-11,2026-10-16,640.0,C,0.03,0.1,0.065,32.0319,0.00639,0.000366,-0.012956,0.027594,35,495.63,4,974,11.08
MSFT,2026-09-11,2026-10-16,645.0,C,0.01,0.11,0.06,33.2526,0.00675,0.00037,-0.014106,0.028964,35,495.63,5,169,11.08
MSFT,2026-09-11,2026-10-16,650.0,C,0.0,0.25,0.125,37.6471,0.012697,0.000568,-0.027722,0.050339,35,495.63,5,167,11.08
MSFT,2026-09-11,2026-10-16,655.0,C,0.01,0.07,0.04,33.3014,0.004452,0.000255,-0.009749,0.02001,35,495.63,4,254,11.08
MSFT,2026-09-11,2026-10-16,660.0,C,0.0,0.07,0.035,34.0827,0.004327,0.000243,-0.009721,0.019508,35,495.63,13,2452,11.08
MSFT,2026-09-11,2026-10-16,665.0,C,0.0,0.06,0.03,34.3757,0.003758,0.000212,-0.008638,0.017196,35,495.63,1,210,11.08
MSFT,2026-09-11,2026-10-16,670.0,C,0.0,0.07,0.035,35.6452,0.004123,0.000223,-0.009725,0.018682,35,495.63,15,33,11.08
MSFT,2026-09-11,2026-10-16,675.0,C,0.01,0.05,0.03,35.2546,0.003068,0.000173,-0.007374,0.014328,35,495.63,4,209,11.08
MSFT,2026-09-11,2026-10-16,680.0,C,0.02,0.03,0.025,34.3757,0.001972,0.000119,-0.00482,0.009608,35,495.63,11,2053,11.08
MSFT,2026-09-11,2026-10-16,210.0,P,0.0,0.05,0.025,88.672,-0.000522,1.4e-05,-0.003567,0.002839,35,495.63,2,435,11.08
MSFT,2026-09-11,2026-10-16,220.0,P,0.0,0.05,0.025,83.9845,-0.000543,1.5e-05,-0.003498,0.002942,35,495.63,1,264,11.08
MSFT,2026-09-11,2026-10-16,230.0,P,0.0,0.05,0.025,79.6877,-0.000577,1.7e-05,-0.003514,0.003115,35,495.63,1,1549,11.08
MSFT,2026-09-11,2026-10-16,240.0,P,0.01,0.14,0.075,83.3986,-0.00158,4e-05,-0.009266,0.007853,35,495.63,33,295,11.08
MSFT,2026-09-11,2026-10-16,250.0,P,0.0,0.03,0.015,68.7503,-0.000421,1.4e-05,-0.00226,0.002325,35,495.63,2,1224,11.08
MSFT,2026-09-11,2026-10-16,260.0,P,0.0,0.04,0.02,66.4066,-0.00056,1.9e-05,-0.002843,0.00303,35,495.63,1,436,11.08
MSFT,2026-09-11,2026-10-16,270.0,P,0.0,0.05,0.025,63.6722,-0.000691,2.5e-05,-0.003308,0.003679,35,495.63,9,1489,11.08
MSFT,2026-09-11,2026-10-16,280.0,P,0.01,0.14,0.075,66.6019,-0.001925,6e-05,-0.008836,0.009401,35,495.63,27,1055,11.08
MSFT,2026-09-11,2026-10-16,285.0,P,0.0,1.39,0.695,85.0099,-0.012292,0.000244,-0.058722,0.048945,35,495.63,7,214,11.08
MSFT,2026-09-11,2026-10-16,290.0,P,0.0,0.7,0.35,75.0003,-0.007345,0.000177,-0.03301,0.031204,35,495.63,8,1476,11.08
MSFT,2026-09-11,2026-10-16,295.0,P,0.0,1.52,0.76,81.3723,-0.013903,0.000284,-0.062481,0.054446,35,495.63,1,2559,11.08
MSFT,2026-09-11,2026-10-16,300.0,P,0.01,0.21,0.11,61.5238,-0.002978,9.6e-05,-0.012094,0.013951,35,495.63,1,9878,11.08
MSFT,2026-09-11,2026-10-16,305.0,P,0.0,0.14,0.07,56.934,-0.002096,7.6e-05,-0.008142,0.010154,35,495.63,52,1415,11.08
MSFT,2026-09-11,2026-10-16,310.0,P,0.01,0.09,0.05,53.3208,-0.001603,6.3e-05,-0.005971,0.007956,35,495.63,9,3117,11.08
MSFT,2026-09-11,2026-10-16,315.0,P,0.02,0.1,0.06,52.5395,-0.001924,7.6e-05,-0.006944,0.009395,35,495.63,7,4443,11.08
MSFT,2026-09-11,2026-10-16,320.0,P,0.0,0.1,0.05,50.0005,-0.001709,7.2e-05,-0.005931,0.008436,35,495.63,42,6410,11.08
MSFT,2026-09-11,2026-10-16,325.0,P,0.0,0.06,0.03,49.2193,-0.002055,8.6e-05,-0.006897,0.009972,35,495.63,2,1764,11.08
MSFT,2026-09-11,2026-10-16,330.0,P,0.02,0.07,0.045,48.438,-0.002464,0.000103,-0.007998,0.011756,35,495.63,1,2550,11.08
MSFT,2026-09-11,2026-10-16,335.0,P,0.0,0.08,0.04,47.3638,-0.002806,0.000119,-0.008791,0.013223,35,495.63,36,1531,11.08
MSFT,2026-09-11,2026-10-16,340.0,P,0.05,0.08,0.065,45.7037,-0.002888,0.000126,-0.008698,0.013567,35,495.63,32,1906,11.08
MSFT,2026-09-11,2026-10-16,345.0,P,0.07,0.09,0.08,44.7271,-0.003343,0.000147,-0.009706,0.01548,35,495.63,26,1940,11.08
MSFT,2026-09-11,2026-10-16,350.0,P,0.05,0.1,0.075,43.5553,-0.00374,0.000167,-0.010445,0.01712,35,495.63,6,5804,11.08
MSFT,2026-09-11,2026-10-16,355.0,P,0.08,0.12,0.1,42.8717,-0.004549,0.000202,-0.012241,0.020399,35,495.63,9,1915,11.08
MSFT,2026-09-11,2026-10-16,360.0,P,0.04,0.13,0.085,41.6021,-0.005006,0.000227,-0.012927,0.022218,35,495.63,13,4565,11.08
MSFT,2026-09-11,2026-10-16,365.0,P,0.05,0.15,0.1,40.6744,-0.005839,0.000266,-0.014479,0.025475,35,495.63,7,1737,11.08
MSFT,2026-09-11,2026-10-16,370.0,P,0.07,0.17,0.12,39.649,-0.006701,0.000308,-0.015929,0.028778,35,495.63,58,3631,11.08
MSFT,2026-09-11,2026-10-16,375.0,P,0.01,0.26,0.135,40.235,-0.009878,0.000427,-0.022714,0.04047,35,495.63,15,1432,11.08
MSFT,2026-09-11,2026-10-16,380.0,P,0.17,0.25,0.21,38.3307,-0.009927,0.00045,-0.021706,0.040643,35,495.63,12,4771,11.08
MSFT,2026-09-11,2026-10-16,385.0,P,0.2,0.29,0.245,37.4518,-0.011655,0.00053,-0.024362,0.04674,35,495.63,14,2027,11.08
MSFT,2026-09-11,2026-10-16,390.0,P,0.05,0.34,0.195,36.5973,-0.013737,0.000625,-0.027411,0.053882,35,495.63,75,7930,11.08
MSFT,2026-09-11,2026-10-16,395.0,P,0.25,0.39,0.32,35.6452,-0.015968,0.00073,-0.030346,0.061327,35,495.63,26,1770,11.08
MSFT,2026-09-11,2026-10-16,400.0,P,0.33,0.4,0.365,34.0583,-0.016966,0.000805,-0.030492,0.064596,35,495.63,203,4615,11.08
MSFT,2026-09-11,2026-10-16,405.0,P,0.33,0.47,0.4,33.2282,-0.020157,0.000956,-0.034396,0.074805,35,495.63,136,1798,11.08
MSFT,2026-09-11,2026-10-16,410.0,P,0.42,0.55,0.485,32.3493,-0.023796,0.001129,-0.038458,0.086061,35,495.63,26,2430,11.08
MSFT,2026-09-11,2026-10-16,415.0,P,0.38,0.63,0.505,31.3361,-0.027623,0.001321,-0.042124,0.097504,35,495.63,253,1503,11.08
MSFT,2026-09-11,2026-10-16,420.0,P,0.65,0.74,0.695,30.4694,-0.032752,0.001565,-0.04707,0.112289,35,495.63,218,7754,11.08
MSFT,2026-09-11,2026-10-16,425.0,P,0.74,0.88,0.81,29.6638,-0.039165,0.001861,-0.052932,0.130007,35,495.63,125,1518,11.08
MSFT,2026-09-11,2026-10-16,430.0,P,0.94,1.08,1.01,29.0412,-0.047837,0.002234,-0.060751,0.152795,35,495.63,148,2511,11.08
MSFT,2026-09-11,2026-10-16,435.0,P,1.13,1.25,1.19,28.0525,-0.056061,0.002623,-0.066368,0.173327,35,495.63,17,2162,11.08
MSFT,2026-09-11,2026-10-16,440.0,P,1.39,1.57,1.48,27.5947,-0.06945,0.003151,-0.076909,0.204823,35,495.63,176,4105,11.08
MSFT,2026-09-11,2026-10-16,445.0,P,1.72,1.89,1.805,26.8562,-0.083423,0.003723,-0.085742,0.235492,35,495.63,53,2144,11.08
MSFT,2026-09-11,2026-10-16,450.0,P,2.12,2.33,2.225,26.3069,-0.101616,0.004398,-0.0968,0.272519,35,495.63,321,5055,11.08
MSFT,2026-09-11,2026-10-16,455.0,P,2.67,2.83,2.75,25.6599,-0.122337,0.005149,-0.107316,0.311211,35,495.63,651,2696,11.08
MSFT,2026-09-11,2026-10-16,460.0,P,3.2,3.5,3.35,25.1869,-0.148329,0.005987,-0.119588,0.355179,35,495.63,246,4032,11.08
MSFT,2026-09-11,2026-10-16,465.0,P,4.05,4.3,4.175,24.7017,-0.178453,0.006884,-0.131456,0.400545,35,495.63,445,3206,11.08
MSFT,2026-09-11,2026-10-16,470.0,P,5.05,5.3,5.175,24.305,-0.213898,0.00781,-0.143372,0.447108,35,495.63,444,4830,11.08
MSFT,2026-09-11,2026-10-16,475.0,P,6.15,6.45,6.3,23.8411,-0.25347,0.008748,-0.153237,0.491279,35,495.63,523,1961,11.08
MSFT,2026-09-11,2026-10-16,480.0,P,7.3,7.75,7.525,23.2765,-0.297134,0.00969,-0.160135,0.531306,35,495.63,248,3036,11.08
MSFT,2026-09-11,2026-10-16,485.0,P,8.75,9.55,9.15,23.188,-0.348231,0.010389,-0.168533,0.567427,35,495.63,295,7211,11.08
MSFT,2026-09-11,2026-10-16,490.0,P,10.8,11.4,11.1,22.7394,-0.401009,0.011077,-0.170323,0.59334,35,495.63,952,3767,11.08
MSFT,2026-09-11,2026-10-16,495.0,P,12.85,13.7,13.275,22.5899,-0.457475,0.011441,-0.170812,0.608805,35,495.63,820,1717,11.08
MSFT,2026-09-11,2026-10-16,500.0,P,15.2,16.25,15.725,22.3854,-0.515096,0.011603,-0.166684,0.611849,35,495.63,263,4816,11.08
MSFT,2026-09-11,2026-10-16,505.0,P,17.9,19.35,18.625,22.6235,-0.570933,0.011308,-0.162483,0.602583,35,495.63,113,1836,11.08
MSFT,2026-09-11,2026-10-16,510.0,P,20.95,22.2,21.575,21.9887,-0.629526,0.011193,-0.146431,0.579725,35,495.63,53,759,11.08
MSFT,2026-09-11,2026-10-16,515.0,P,24.45,25.45,24.95,21.5462,-0.686161,0.010725,-0.128531,0.544349,35,495.63,31,353,11.08
MSFT,2026-09-11,2026-10-16,520.0,P,27.45,29.2,28.325,21.5553,-0.735494,0.009891,-0.112618,0.50223,35,495.63,39,1010,11.08
MSFT,2026-09-11,2026-10-16,525.0,P,30.65,33.65,32.15,22.6387,-0.768105,0.008779,-0.107175,0.468172,35,495.63,41,203,11.08
MSFT,2026-09-11,2026-10-16,530.0,P,35.05,37.6,36.325,22.2847,-0.811306,0.007901,-0.085079,0.41472,35,495.63,21,471,11.08
MSFT,2026-09-11,2026-10-16,535.0,P,38.95,41.95,40.45,22.4922,-0.843453,0.006948,-0.069168,0.368121,35,495.63,1,109,11.08
MSFT,2026-09-11,2026-10-16,540.0,P,43.4,46.35,44.875,22.4678,-0.873611,0.006016,-0.051007,0.318385,35,495.63,22,86,11.08
MSFT,2026-09-11,2026-10-16,545.0,P,48.0,50.7,49.35,21.772,-0.906427,0.005002,-0.026398,0.256526,35,495.63,8,223,11.08
MSFT,2026-09-11,2026-10-16,550.0,P,52.7,56.2,54.45,25.2571,-0.893209,0.004749,-0.048659,0.282509,35,495.63,9,171,11.08
MSFT,2026-09-11,2026-10-16,555.0,P,57.5,60.9,59.2,25.6599,-0.909374,0.004145,-0.0372,0.25052,35,495.63,15,14,11.08
MSFT,2026-09-11,2026-10-16,560.0,P,62.4,65.75,64.075,26.5083,-0.919362,0.003676,-0.031245,0.229542,35,495.63,13,6,11.08
MSFT,2026-09-11,2026-10-16,565.0,P,67.65,70.9,69.275,28.6262,-0.917905,0.00345,-0.038995,0.232664,35,495.63,24,1,11.08
MSFT,2026-09-11,2026-10-16,570.0,P,72.35,75.9,74.125,30.0666,-0.921429,0.003178,-0.039803,0.225076,35,495.63,7,0,11.08
MSFT,2026-09-11,2026-10-16,575.0,P,77.35,80.75,79.05,30.7624,-0.929531,0.002858,-0.033207,0.207133,35,495.63,2,0,11.08
MSFT,2026-09-11,2026-10-16,580.0,P,82.3,86.0,84.15,33.3259,-0.924402,0.002784,-0.045952,0.218575,35,495.63,2,0,11.08
MSFT,2026-09-11,2026-10-16,585.0,P,87.35,90.9,89.125,34.217,-0.930059,0.002555,-0.041734,0.205938,35,495.63,2,0,11.08
MSFT,2026-09-11,2026-10-16,595.0,P,97.3,101.3,99.3,38.7824,-0.923682,0.00241,-0.062274,0.220159,35,495.63,0,0,11.08
MSFT,2026-09-11,2026-10-16,600.0,P,102.3,105.75,104.025,37.3541,-0.940835,0.002055,-0.035409,0.180831,35,495.63,5,0,11.08
MSFT,2026-09-11,2026-10-16,620.0,P,122.35,125.75,124.05,42.2613,-0.94703,0.001665,-0.036501,0.165724,35,495.63,2,0,11.08
MSFT,2026-09-11,2026-10-16,625.0,P,123.4,126.95,125.175,0.001,-1.0,0.0,0.066752,0.0,35,495.63,0,0,11.08
MSFT,2026-09-11,2026-10-16,635.0,P,133.4,137.1,135.25,0.001,-1.0,0.0,0.067821,0.0,35,495.63,0,0,11.08
MSFT,2026-09-11,2026-10-16,640.0,P,142.3,145.75,144.025,46.8877,-0.951767,0.001393,-0.037084,0.153805,35,495.63,2,0,11.08
MSFT,2026-09-11,2026-10-16,650.0,P,152.35,156.0,154.175,50.6963,-0.947894,0.00137,-0.051639,0.163573,35,495.63,16,0,11.08
MSFT,2026-09-11,2026-10-16,655.0,P,153.4,157.3,155.35,0.001,-1.0,0.0,0.069957,0.0,35,495.63,0,0,11.08
MSFT,2026-09-11,2026-10-23,305.0,C,190.55,194.25,192.4,81.1281,0.972457,0.000465,-0.133826,0.106552,42,495.63,1,1,11.08
MSFT,2026-09-11,2026-10-23,400.0,C,97.1,100.2,98.65,52.4358,0.906486,0.001895,-0.212611,0.28088,42,495.63,1,2,11.08
MSFT,2026-09-11,2026-10-23,425.0,C,72.5,76.05,74.275,43.5858,0.873733,0.002829,-0.21897,0.348538,42,495.63,2,1,11.08
MSFT,2026-09-11,2026-10-23,430.0,C,68.25,71.35,69.8,42.0599,0.864003,0.003086,-0.22181,0.366879,42,495.63,1,28,11.08
MSFT,2026-09-11,2026-10-23,435.0,C,63.4,66.65,65.025,40.473,0.853567,0.003372,-0.223916,0.38574,42,495.63,5,9,11.08
MSFT,2026-09-11,2026-10-23,445.0,C,54.8,57.2,56.0,36.994,0.830792,0.004056,-0.224672,0.424177,42,495.63,7,7,11.08
MSFT,2026-09-11,2026-10-23,450.0,C,50.1,53.05,51.575,36.3776,0.810805,0.004425,-0.234315,0.455046,42,495.63,2,13,11.08
MSFT,2026-09-11,2026-10-23,455.0,C,45.7,48.7,47.2,35.1752,0.792242,0.004843,-0.238357,0.481488,42,495.63,5,8,11.08
MSFT,2026-09-11,2026-10-23,460.0,C,41.45,44.5,42.975,34.1163,0.770778,0.005284,-0.242995,0.509544,42,495.63,3,19,11.08
MSFT,2026-09-11,2026-10-23,465.0,C,37.4,40.45,38.925,33.1641,0.746438,0.005742,-0.247707,0.538272,42,495.63,48,9,11.08
MSFT,2026-09-11,2026-10-23,470.0,C,33.3,36.55,34.925,32.2822,0.719294,0.00621,-0.25194,0.566643,42,495.63,5,31,11.08
MSFT,2026-09-11,2026-10-23,475.0,C,29.6,32.85,31.225,31.5223,0.689054,0.006666,-0.255848,0.593925,42,495.63,2,185,11.08
MSFT,2026-09-11,2026-10-23,480.0,C,26.15,29.1,27.625,30.4572,0.657404,0.007176,-0.255706,0.617817,42,495.63,5,25,11.08
MSFT,2026-09-11,2026-10-23,485.0,C,22.85,26.0,24.425,30.1612,0.620606,0.007505,-0.259821,0.639838,42,495.63,1,31,11.08
MSFT,2026-09-11,2026-10-23,490.0,C,19.95,22.5,21.225,28.9894,0.583608,0.008005,-0.254869,0.655943,42,495.63,18,144,11.08
MSFT,2026-09-11,2026-10-23,495.0,C,16.85,19.5,18.175,28.2905,0.543064,0.008339,-0.251249,0.666816,42,495.63,23,52,11.08
MSFT,2026-09-11,2026-10-23,500.0,C,14.9,16.9,15.9,27.8877,0.500838,0.008509,-0.247393,0.670726,42,495.63,33,319,11.08
MSFT,2026-09-11,2026-10-23,505.0,C,12.85,14.85,13.85,27.9914,0.45924,0.008433,-0.245073,0.667223,42,495.63,9,39,11.08
MSFT,2026-09-11,2026-10-23,510.0,C,11.0,12.8,11.9,27.7961,0.417528,0.008354,-0.237933,0.656343,42,495.63,8,183,11.08
MSFT,2026-09-11,2026-10-23,515.0,C,8.5,10.25,9.375,26.4991,0.37015,0.008476,-0.218791,0.634877,42,495.63,32,77,11.08
MSFT,2026-09-11,2026-10-23,520.0,C,7.7,8.95,8.325,26.844,0.332819,0.008051,-0.211909,0.610934,42,495.63,18,160,11.08
MSFT,2026-09-11,2026-10-23,525.0,C,6.3,7.65,6.975,26.9142,0.29612,0.007638,-0.201059,0.581106,42,495.63,39,42,11.08
MSFT,2026-09-11,2026-10-23,530.0,C,5.35,6.1,5.725,26.2214,0.255048,0.007285,-0.181402,0.539923,42,495.63,96,89,11.08
MSFT,2026-09-11,2026-10-23,535.0,C,4.3,5.15,4.725,26.3191,0.223303,0.006749,-0.168589,0.502068,42,495.63,79,76,11.08
MSFT,2026-09-11,2026-10-23,540.0,C,3.5,3.95,3.725,25.5684,0.185856,0.006227,-0.146419,0.450067,42,495.63,39,217,11.08
MSFT,2026-09-11,2026-10-23,545.0,C,2.81,3.45,3.13,26.0872,0.164058,0.005639,-0.137456,0.415799,42,495.63,12,66,11.08
MSFT,2026-09-11,2026-10-23,550.0,C,2.06,2.8,2.43,26.0048,0.139,0.005066,-0.122351,0.37239,42,495.63,354,270,11.08
MSFT,2026-09-11,2026-10-23,555.0,C,1.67,2.22,1.945,25.8125,0.11567,0.004491,-0.106589,0.327688,42,495.63,46,77,11.08
MSFT,2026-09-11,2026-10-23,560.0,C,1.53,1.8,1.665,25.8308,0.097082,0.003954,-0.093741,0.288731,42,495.63,61,116,11.08
MSFT,2026-09-11,2026-10-23,565.0,C,1.11,1.48,1.295,25.9651,0.081944,0.003468,-0.082859,0.254519,42,495.63,46,99,11.08
MSFT,2026-09-11,2026-10-23,570.0,C,0.56,1.2,0.88,26.0383,0.068415,0.003013,-0.07225,0.221792,42,495.63,19,30,11.08
MSFT,2026-09-11,2026-10-23,580.0,C,0.56,0.81,0.685,26.3679,0.048213,0.00226,-0.055341,0.16843,42,495.63,33,31,11.08
MSFT,2026-09-11,2026-10-23,670.0,C,0.0,0.9,0.45,45.3619,0.031953,0.00094,-0.066687,0.120525,42,495.63,1,1,11.08
MSFT,2026-09-11,2026-10-23,310.0,P,0.0,2.16,1.08,72.1438,-0.019783,0.000396,-0.068116,0.080653,42,495.63,5,4,11.08
MSFT,2026-09-11,2026-10-23,315.0,P,0.0,2.02,1.01,69.2142,-0.019363,0.000405,-0.064133,0.079199,42,495.63,4,4,11.08
MSFT,2026-09-11,2026-10-23,325.0,P,0.0,0.58,0.29,54.0044,-0.007765,0.000235,-0.02264,0.035898,42,495.63,4,6,11.08
MSFT,2026-09-11,2026-10-23,330.0,P,0.0,0.16,0.08,48.4868,-0.004904,0.000174,-0.013517,0.023893,42,495.63,1,5,11.08
MSFT,2026-09-11,2026-10-23,360.0,P,0.05,0.44,0.245,44.7515,-0.013493,0.000459,-0.030207,0.05812,42,495.63,2,1,11.08
MSFT,2026-09-11,2026-10-23,370.0,P,0.03,0.65,0.34,43.9947,-0.019528,0.000641,-0.040683,0.079771,42,495.63,3,2,11.08
MSFT,2026-09-11,2026-10-23,375.0,P,0.06,0.42,0.24,39.4293,-0.014416,0.000552,-0.028079,0.061531,42,495.63,2,2,11.08
MSFT,2026-09-11,2026-10-23,380.0,P,0.09,0.42,0.255,37.7936,-0.01495,0.000594,-0.027733,0.063489,42,495.63,29,31,11.08
MSFT,2026-09-11,2026-10-23,390.0,P,0.15,0.5,0.325,35.5475,-0.01852,0.000759,-0.031241,0.076254,42,495.63,10,4,11.08
MSFT,2026-09-11,2026-10-23,395.0,P,0.34,0.55,0.445,34.4489,-0.020724,0.000862,-0.033254,0.083893,42,495.63,3,7,11.08
MSFT,2026-09-11,2026-10-23,400.0,P,0.42,0.63,0.525,33.5944,-0.023988,0.001,-0.036627,0.094913,42,495.63,52,374,11.08
MSFT,2026-09-11,2026-10-23,405.0,P,0.4,0.93,0.665,34.3146,-0.033493,0.001292,-0.04932,0.125296,42,495.63,2,10,11.08
MSFT,2026-09-11,2026-10-23,410.0,P,0.6,1.03,0.815,33.2526,-0.037716,0.001469,-0.052573,0.138106,42,495.63,5,5,11.08
MSFT,2026-09-11,2026-10-23,420.0,P,0.84,1.17,1.005,30.5671,-0.045312,0.001855,-0.0558,0.160251,42,495.63,5,143,11.08
MSFT,2026-09-11,2026-10-23,425.0,P,1.08,1.38,1.23,29.8774,-0.053477,0.002166,-0.062092,0.182917,42,495.63,7,33,11.08
MSFT,2026-09-11,2026-10-23,430.0,P,1.12,1.79,1.455,29.8713,-0.067207,0.002591,-0.074057,0.218761,42,495.63,7,55,11.08
MSFT,2026-09-11,2026-10-23,435.0,P,1.51,2.15,1.83,29.3525,-0.079937,0.003011,-0.082842,0.249799,42,495.63,2,51,11.08
MSFT,2026-09-11,2026-10-23,440.0,P,1.9,2.33,2.115,28.0281,-0.088973,0.003417,-0.085381,0.270702,42,495.63,37,57,11.08
MSFT,2026-09-11,2026-10-23,445.0,P,2.31,2.7,2.505,27.2102,-0.10341,0.003931,-0.092195,0.302351,42,495.63,25,21,11.08
MSFT,2026-09-11,2026-10-23,450.0,P,2.8,3.15,2.975,26.4351,-0.120578,0.004516,-0.099499,0.337461,42,495.63,9,74,11.08
MSFT,2026-09-11,2026-10-23,455.0,P,3.05,4.05,3.55,26.5632,-0.148184,0.005178,-0.114703,0.388826,42,495.63,12,84,11.08
MSFT,2026-09-11,2026-10-23,460.0,P,4.25,4.9,4.575,26.2153,-0.175146,0.005852,-0.125556,0.433618,42,495.63,12,186,11.08
MSFT,2026-09-11,2026-10-23,465.0,P,4.8,5.5,5.15,25.0801,-0.198975,0.006619,-0.129006,0.469236,42,495.63,14,45,11.08
MSFT,2026-09-11,2026-10-23,470.0,P,5.95,7.25,6.6,25.8766,-0.241937,0.007177,-0.148162,0.52495,42,495.63,41,90,11.08
MSFT,2026-09-11,2026-10-23,475.0,P,7.2,8.35,7.775,25.1045,-0.276024,0.00792,-0.152495,0.562017,42,495.63,16,55,11.08
MSFT,2026-09-11,2026-10-23,480.0,P,8.45,9.75,9.1,24.5552,-0.315471,0.00861,-0.156995,0.597629,42,495.63,25,107,11.08
MSFT,2026-09-11,2026-10-23,485.0,P,10.2,12.65,11.425,26.0078,-0.36659,0.008609,-0.175228,0.632865,42,495.63,24,115,11.08
MSFT,2026-09-11,2026-10-23,490.0,P,12.1,14.2,13.15,25.0038,-0.408973,0.009242,-0.171306,0.653191,42,495.63,32,61,11.08
MSFT,2026-09-11,2026-10-23,495.0,P,14.1,16.55,15.325,24.8756,-0.455957,0.009481,-0.171555,0.666636,42,495.63,7,39,11.08
MSFT,2026-09-11,2026-10-23,500.0,P,16.45,18.2,17.325,23.365,-0.505712,0.010155,-0.157877,0.670658,42,495.63,3,244,11.08
MSFT,2026-09-11,2026-10-23,505.0,P,18.8,21.4,20.1,23.7892,-0.554066,0.009883,-0.156637,0.664558,42,495.63,1,51,11.08
MSFT,2026-09-11,2026-10-23,510.0,P,22.0,25.2,23.6,24.7932,-0.59648,0.009289,-0.157934,0.651016,42,495.63,2,108,11.08
MSFT,2026-09-11,2026-10-23,515.0,P,25.15,27.5,26.325,23.1148,-0.652584,0.009505,-0.133464,0.621049,42,495.63,300,39,11.08
MSFT,2026-09-11,2026-10-23,520.0,P,28.45,31.3,29.875,23.4566,-0.693876,0.008897,-0.124694,0.589871,42,495.63,1,19,11.08
MSFT,2026-09-11,2026-10-23,525.0,P,31.8,35.6,33.7,24.4057,-0.72561,0.008123,-0.120651,0.560376,42,495.63,0,6,11.08
MSFT,2026-09-11,2026-10-23,530.0,P,35.7,39.7,37.7,24.7566,-0.758903,0.007487,-0.11006,0.523959,42,495.63,2,38,11.08
MSFT,2026-09-11,2026-11-20,200.0,C,295.7,299.3,297.5,110.8891,0.983292,0.000173,-0.091623,0.090161,70,495.63,100,63,11.08
MSFT,2026-09-11,2026-11-20,210.0,C,285.75,289.35,287.55,105.9575,0.982083,0.000192,-0.093638,0.095706,70,495.63,2,17,11.08
MSFT,2026-09-11,2026-11-20,215.0,C,280.8,284.45,282.625,104.0288,0.981124,0.000204,-0.096022,0.100051,70,495.63,2,17,11.08
MSFT,2026-09-11,2026-11-20,220.0,C,275.85,279.5,277.675,101.9048,0.980297,0.000216,-0.09769,0.103764,70,495.63,2,61,11.08
MSFT,2026-09-11,2026-11-20,225.0,C,275.05,278.75,276.9,125.745,0.957563,0.000331,-0.197302,0.196226,70,495.63,10,18,11.08
MSFT,2026-09-11,2026-11-20,230.0,C,265.95,269.55,267.75,97.5342,0.97875,0.000241,-0.100207,0.110627,70,495.63,3,24,11.08
MSFT,2026-09-11,2026-11-20,235.0,C,261.0,264.6,262.8,95.4957,0.977861,0.000255,-0.101735,0.114526,70,495.63,3,98,11.08
MSFT,2026-09-11,2026-11-20,240.0,C,260.4,263.8,262.1,117.7616,0.953385,0.000381,-0.200438,0.211647,70,495.63,2,4,11.08
MSFT,2026-09-11,2026-11-20,245.0,C,255.4,258.9,257.15,115.1188,0.951997,0.0004,-0.201038,0.216684,70,495.63,32,17,11.08
MSFT,2026-09-11,2026-11-20,250.0,C,246.1,249.75,247.925,89.3922,0.975182,0.000299,-0.105561,0.126079,70,495.63,2,11,11.08
MSFT,2026-09-11,2026-11-20,255.0,C,241.15,244.8,242.975,87.4757,0.974168,0.000316,-0.106997,0.130381,70,495.63,4,38,11.08
MSFT,2026-09-11,2026-11-20,260.0,C,236.4,239.85,238.125,86.2672,0.972346,0.00034,-0.110996,0.138017,70,495.63,2,32,11.08
MSFT,2026-09-11,2026-11-20,265.0,C,231.25,234.9,233.075,83.7038,0.972048,0.000353,-0.109732,0.139256,70,495.63,2,73,11.08
MSFT,2026-09-11,2026-11-20,270.0,C,226.25,229.95,228.1,81.6896,0.971135,0.000372,-0.110412,0.143031,70,495.63,10,45,11.08
MSFT,2026-09-11,2026-11-20,275.0,C,225.7,229.2,227.45,100.2324,0.942781,0.000528,-0.203881,0.249101,70,495.63,2,27,11.08
MSFT,2026-09-11,2026-11-20,280.0,C,216.4,220.1,218.25,78.3694,0.968368,0.000418,-0.114234,0.154306,70,495.63,1,53,11.08
MSFT,2026-09-11,2026-11-20,285.0,C,211.45,215.1,213.275,76.4285,0.967336,0.00044,-0.114832,0.15845,70,495.63,2,39,11.08
MSFT,2026-09-11,2026-11-20,290.0,C,210.85,214.35,212.6,93.3045,0.937524,0.000607,-0.20469,0.266856,70,495.63,22,36,11.08
MSFT,2026-09-11,2026-11-20,295.0,C,206.0,209.4,207.7,91.2354,0.935388,0.000637,-0.205766,0.273931,70,495.63,2,127,11.08
MSFT,2026-09-11,2026-11-20,300.0,C,196.65,200.3,198.475,71.4236,0.962908,0.000523,-0.119403,0.175882,70,495.63,2,116,11.08
MSFT,2026-09-11,2026-11-20,305.0,C,191.65,195.4,193.525,69.6902,0.961473,0.000553,-0.120431,0.181416,70,495.63,1,61,11.08
MSFT,2026-09-11,2026-11-20,310.0,C,186.75,190.45,188.6,68.1033,0.959741,0.000586,-0.122022,0.188024,70,495.63,3,31,11.08
MSFT,2026-09-11,2026-11-20,315.0,C,186.2,189.8,188.0,82.8432,0.926671,0.000774,-0.207594,0.302005,70,495.63,22,33,11.08
MSFT,2026-09-11,2026-11-20,320.0,C,176.9,180.6,178.75,64.9357,0.956097,0.000659,-0.12496,0.201684,70,495.63,1,84,11.08
MSFT,2026-09-11,2026-11-20,325.0,C,172.0,175.65,173.825,63.361,0.954165,0.000699,-0.126334,0.208799,70,495.63,5,61,11.08
MSFT,2026-09-11,2026-11-20,330.0,C,167.1,170.75,168.925,61.9022,0.951906,0.000744,-0.128193,0.217014,70,495.63,15,124,11.08
MSFT,2026-09-11,2026-11-20,335.0,C,162.2,165.85,164.025,60.4374,0.949563,0.000792,-0.129947,0.225415,70,495.63,2,73,11.08
MSFT,2026-09-11,2026-11-20,340.0,C,157.3,160.95,159.125,58.9665,0.947132,0.000842,-0.131592,0.234009,70,495.63,2,181,11.08
MSFT,2026-09-11,2026-11-20,345.0,C,152.55,156.05,154.3,57.7885,0.943827,0.000902,-0.134707,0.245505,70,495.63,4,166,11.08
MSFT,2026-09-11,2026-11-20,350.0,C,147.65,151.2,149.425,56.3969,0.940913,0.000962,-0.136645,0.255466,70,495.63,1,972,11.08
MSFT,2026-09-11,2026-11-20,355.0,C,143.3,146.3,144.8,55.8598,0.935387,0.001041,-0.143235,0.273933,70,495.63,2,317,11.08
MSFT,2026-09-11,2026-11-20,360.0,C,138.45,141.45,139.95,54.5048,0.931924,0.001111,-0.145317,0.285235,70,495.63,5,363,11.08
MSFT,2026-09-11,2026-11-20,365.0,C,133.5,136.6,135.05,52.9729,0.928827,0.001183,-0.146315,0.295175,70,495.63,1,307,11.08
MSFT,2026-09-11,2026-11-20,370.0,C,128.8,131.8,130.3,51.8987,0.924051,0.001269,-0.149876,0.310204,70,495.63,177,904,11.08
MSFT,2026-09-11,2026-11-20,375.0,C,124.0,126.95,125.475,50.5681,0.919847,0.001356,-0.151894,0.323146,70,495.63,2,843,11.08
MSFT,2026-09-11,2026-11-20,380.0,C,119.05,122.15,120.6,53.1743,0.901385,0.001505,-0.177768,0.377055,70,495.63,1,671,11.08
MSFT,2026-09-11,2026-11-20,385.0,C,114.45,117.4,115.925,51.8498,0.895981,0.001605,-0.179957,0.392,70,495.63,1,866,11.08
MSFT,2026-09-11,2026-11-20,390.0,C,109.9,112.65,111.275,50.4979,0.89034,0.001712,-0.181872,0.407227,70,495.63,1,1215,11.08
MSFT,2026-09-11,2026-11-20,395.0,C,104.9,107.9,106.4,49.1247,0.884417,0.001827,-0.183541,0.422817,70,495.63,1,1430,11.08
MSFT,2026-09-11,2026-11-20,400.0,C,100.2,103.3,101.75,48.0504,0.876893,0.001953,-0.186995,0.44206,70,495.63,11,4311,11.08
MSFT,2026-09-11,2026-11-20,405.0,C,95.25,98.6,96.925,46.7229,0.869903,0.002087,-0.188721,0.459396,70,495.63,1,1265,11.08
MSFT,2026-09-11,2026-11-20,410.0,C,90.85,94.05,92.45,45.664,0.861259,0.002232,-0.192041,0.480143,70,495.63,3,995,11.08
MSFT,2026-09-11,2026-11-20,415.0,C,86.6,89.55,88.075,44.6447,0.851821,0.002387,-0.195485,0.50196,70,495.63,2,1053,11.08
MSFT,2026-09-11,2026-11-20,420.0,C,82.15,85.0,83.575,43.4759,0.842373,0.002553,-0.197802,0.522961,70,495.63,11,31387,11.08
MSFT,2026-09-11,2026-11-20,425.0,C,77.95,80.6,79.275,42.5207,0.831229,0.002729,-0.201325,0.5467,70,495.63,1,1376,11.08
MSFT,2026-09-11,2026-11-20,430.0,C,73.1,76.25,74.675,41.5777,0.819214,0.002916,-0.204718,0.571099,70,495.63,1,1291,11.08
MSFT,2026-09-11,2026-11-20,435.0,C,69.1,72.05,70.575,40.8026,0.805541,0.003108,-0.208953,0.597416,70,495.63,2,909,11.08
MSFT,2026-09-11,2026-11-20,440.0,C,64.9,67.95,66.425,40.0915,0.790635,0.003306,-0.213305,0.624429,70,495.63,11,2095,11.08
MSFT,2026-09-11,2026-11-20,445.0,C,60.85,63.75,62.3,39.1364,0.775834,0.003523,-0.215745,0.649591,70,495.63,25,1128,11.08
MSFT,2026-09-11,2026-11-20,450.0,C,56.55,59.85,58.2,38.523,0.758452,0.003731,-0.219972,0.677115,70,495.63,5,4693,11.08
MSFT,2026-09-11,2026-11-20,455.0,C,52.85,55.9,54.375,37.7295,0.740761,0.003955,-0.22259,0.70297,70,495.63,2,810,11.08
MSFT,2026-09-11,2026-11-20,460.0,C,49.4,51.95,50.675,36.8323,0.722301,0.004194,-0.224042,0.727714,70,495.63,11,2049,11.08
MSFT,2026-09-11,2026-11-20,465.0,C,45.9,48.6,47.25,36.6065,0.700173,0.004375,-0.229054,0.754471,70,495.63,8,1785,11.08
MSFT,2026-09-11,2026-11-20,470.0,C,42.45,44.5,43.475,35.3003,0.680575,0.004664,-0.226748,0.77561,70,495.63,15,4648,11.08
MSFT,2026-09-11,2026-11-20,475.0,C,39.1,41.35,40.225,35.0592,0.656361,0.004835,-0.230207,0.798513,70,495.63,28,1024,11.08
MSFT,2026-09-11,2026-11-20,480.0,C,35.95,38.0,36.975,34.4336,0.632191,0.005042,-0.230494,0.817923,70,495.63,24,11843,11.08
MSFT,2026-09-11,2026-11-20,485.0,C,33.15,35.0,34.075,34.0827,0.606483,0.0052,-0.231534,0.834874,70,495.63,21,2025,11.08
MSFT,2026-09-11,2026-11-20,490.0,C,30.15,32.2,31.175,33.8141,0.57999,0.005326,-0.232111,0.848441,70,495.63,114,4206,11.08
MSFT,2026-09-11,2026-11-20,495.0,C,27.55,29.4,28.475,33.3961,0.552956,0.005455,-0.230793,0.858265,70,495.63,39,1573,11.08
MSFT,2026-09-11,2026-11-20,500.0,C,25.15,26.25,25.7,32.4256,0.52473,0.005658,-0.225073,0.864241,70,495.63,150,6800,11.08
MSFT,2026-09-11,2026-11-20,505.0,C,22.8,24.25,23.525,32.6179,0.497145,0.005635,-0.225401,0.865883,70,495.63,168,1326,11.08
MSFT,2026-09-11,2026-11-20,510.0,C,19.85,22.05,20.95,32.4241,0.469138,0.005652,-0.222364,0.863313,70,495.63,446,3411,11.08
MSFT,2026-09-11,2026-11-20,515.0,C,17.9,19.8,18.85,32.0151,0.440456,0.005677,-0.216952,0.856242,70,495.63,34,2099,11.08
MSFT,2026-09-11,2026-11-20,520.0,C,16.7,17.6,17.15,31.5009,0.411158,0.00569,-0.209818,0.844344,70,495.63,68,2891,11.08
MSFT,2026-09-11,2026-11-20,525.0,C,14.8,16.3,15.55,31.9038,0.386493,0.005526,-0.207956,0.830616,70,495.63,61,1538,11.08
MSFT,2026-09-11,2026-11-20,530.0,C,13.35,14.6,13.975,31.681,0.359498,0.005438,-0.201095,0.811632,70,495.63,58,1514,11.08
MSFT,2026-09-11,2026-11-20,535.0,C,11.4,12.8,12.1,31.1652,0.331117,0.005361,-0.19134,0.787108,70,495.63,32,1723,11.08
MSFT,2026-09-11,2026-11-20,540.0,C,10.7,11.7,11.2,31.4002,0.308473,0.005165,-0.18642,0.764088,70,495.63,52,3498,11.08
MSFT,2026-09-11,2026-11-20,545.0,C,9.55,10.15,9.85,30.8784,0.281261,0.005034,-0.175274,0.732232,70,495.63,185,16409,11.08
MSFT,2026-09-11,2026-11-20,550.0,C,8.0,9.0,8.5,30.7502,0.257881,0.004839,-0.166646,0.701061,70,495.63,166,6904,11.08
MSFT,2026-09-11,2026-11-20,555.0,C,7.55,8.2,7.875,31.0004,0.238785,0.004607,-0.160737,0.672883,70,495.63,68,1483,11.08
MSFT,2026-09-11,2026-11-20,560.0,C,6.55,7.25,6.9,30.8906,0.217836,0.004391,-0.151734,0.639028,70,495.63,204,6679,11.08
MSFT,2026-09-11,2026-11-20,565.0,C,5.55,6.65,6.1,31.2263,0.201948,0.004155,-0.146285,0.611202,70,495.63,20,1165,11.08
MSFT,2026-09-11,2026-11-20,570.0,C,4.7,5.8,5.25,31.0157,0.182431,0.003931,-0.13626,0.574345,70,495.63,18,1496,11.08
MSFT,2026-09-11,2026-11-20,575.0,C,4.6,5.2,4.9,31.1195,0.166834,0.003701,-0.128882,0.542653,70,495.63,205,3825,11.08
MSFT,2026-09-11,2026-11-20,580.0,C,3.9,4.55,4.225,31.0004,0.15039,0.003471,-0.119716,0.506949,70,495.63,84,10580,11.08
MSFT,2026-09-11,2026-11-20,585.0,C,3.6,4.05,3.825,31.0676,0.136688,0.003247,-0.112261,0.475283,70,495.63,15,1214,11.08
MSFT,2026-09-11,2026-11-20,590.0,C,3.0,3.7,3.35,31.3605,0.125943,0.00304,-0.106873,0.449155,70,495.63,39,983,11.08
MSFT,2026-09-11,2026-11-20,595.0,C,2.73,3.2,2.965,31.1958,0.112311,0.002819,-0.097901,0.414253,70,495.63,64,592,11.08
MSFT,2026-09-11,2026-11-20,600.0,C,2.42,2.71,2.565,30.9028,0.098705,0.002592,-0.088212,0.377307,70,495.63,93,4629,11.08
MSFT,2026-09-11,2026-11-20,605.0,C,1.95,2.39,2.17,30.9455,0.088791,0.002394,-0.081568,0.348942,70,495.63,64,1175,11.08
MSFT,2026-09-11,2026-11-20,610.0,C,1.8,2.19,1.995,31.2629,0.081767,0.002227,-0.077343,0.328047,70,495.63,19,451,11.08
MSFT,2026-09-11,2026-11-20,615.0,C,1.41,1.97,1.69,31.446,0.074419,0.002062,-0.072327,0.305428,70,495.63,24,151,11.08
MSFT,2026-09-11,2026-11-20,620.0,C,1.34,1.78,1.56,31.6535,0.06789,0.001909,-0.067753,0.284634,70,495.63,9,432,11.08
MSFT,2026-09-11,2026-11-20,625.0,C,1.0,1.62,1.31,31.8977,0.062182,0.001769,-0.063692,0.265878,70,495.63,54,15243,11.08
MSFT,2026-09-11,2026-11-20,630.0,C,1.01,1.24,1.125,31.092,0.050646,0.001544,-0.052771,0.226157,70,495.63,8,205,11.08
MSFT,2026-09-11,2026-11-20,635.0,C,0.93,1.07,1.0,31.0554,0.044674,0.001398,-0.047618,0.204535,70,495.63,24,264,11.08
MSFT,2026-09-11,2026-11-20,640.0,C,0.78,0.94,0.86,31.1164,0.039818,0.001271,-0.043423,0.186349,70,495.63,19,360,11.08
MSFT,2026-09-11,2026-11-20,645.0,C,0.51,0.84,0.675,31.2751,0.035928,0.001163,-0.040089,0.171351,70,495.63,21,271,11.08
MSFT,2026-09-11,2026-11-20,650.0,C,0.53,0.74,0.635,31.3605,0.032086,0.001057,-0.036592,0.156133,70,495.63,16,866,11.08
MSFT,2026-09-11,2026-11-20,655.0,C,0.52,0.64,0.58,31.3605,0.028275,0.000952,-0.03292,0.140593,70,495.63,15,158,11.08
MSFT,2026-09-11,2026-11-20,660.0,C,0.27,0.57,0.42,31.4948,0.025398,0.000866,-0.0302,0.128546,70,495.63,7,216,11.08
MSFT,2026-09-11,2026-11-20,665.0,C,0.36,0.52,0.44,31.739,0.023218,0.000797,-0.028199,0.119214,70,495.63,15,138,11.08
MSFT,2026-09-11,2026-11-20,670.0,C,0.32,0.44,0.38,31.6413,0.020083,0.000707,-0.02485,0.105461,70,495.63,13,222,11.08
MSFT,2026-09-11,2026-11-20,675.0,C,0.27,0.39,0.33,31.7634,0.017994,0.000642,-0.022703,0.096055,70,495.63,2,253,11.08
MSFT,2026-09-11,2026-11-20,680.0,C,0.15,0.37,0.26,32.1784,0.016978,0.000603,-0.021868,0.091407,70,495.63,1,224,11.08
MSFT,2026-09-11,2026-11-20,700.0,C,0.13,0.18,0.155,31.6901,0.009032,0.000354,-0.012438,0.052923,70,495.63,5,2371,11.08
MSFT,2026-09-11,2026-11-20,200.0,P,0.0,0.05,0.025,66.4066,-0.000498,1.2e-05,-0.001793,0.003841,70,495.63,1,661,11.08
MSFT,2026-09-11,2026-11-20,210.0,P,0.0,0.4,0.2,77.051,-0.003111,5.7e-05,-0.011109,0.020518,70,495.63,2,89,11.08
MSFT,2026-09-11,2026-11-20,215.0,P,0.0,0.08,0.04,64.0629,-0.000833,2e-05,-0.00278,0.00618,70,495.63,8,185,11.08
MSFT,2026-09-11,2026-11-20,220.0,P,0.01,0.08,0.045,62.891,-0.000923,2.3e-05,-0.002997,0.00679,70,495.63,1,277,11.08
MSFT,2026-09-11,2026-11-20,225.0,P,0.0,0.08,0.04,60.5473,-0.000847,2.2e-05,-0.002665,0.006273,70,495.63,1,99,11.08
MSFT,2026-09-11,2026-11-20,230.0,P,0.03,0.12,0.075,62.598,-0.001513,3.6e-05,-0.004686,0.010675,70,495.63,20,135,11.08
MSFT,2026-09-11,2026-11-20,235.0,P,0.0,0.2,0.1,62.6957,-0.001972,4.6e-05,-0.005971,0.013588,70,495.63,21,177,11.08
MSFT,2026-09-11,2026-11-20,240.0,P,0.0,1.68,0.84,79.4436,-0.011305,0.000172,-0.035846,0.06437,70,495.63,2,248,11.08
MSFT,2026-09-11,2026-11-20,245.0,P,0.05,0.17,0.11,60.059,-0.002264,5.4e-05,-0.006475,0.015397,70,495.63,14,241,11.08
MSFT,2026-09-11,2026-11-20,250.0,P,0.07,0.38,0.225,63.2328,-0.004183,9e-05,-0.011844,0.026762,70,495.63,2,222,11.08
MSFT,2026-09-11,2026-11-20,255.0,P,0.01,0.48,0.245,62.1586,-0.004593,9.9e-05,-0.012652,0.029097,70,495.63,3,115,11.08
MSFT,2026-09-11,2026-11-20,260.0,P,0.01,0.49,0.25,60.6449,-0.004795,0.000106,-0.012821,0.030238,70,495.63,3,223,11.08
MSFT,2026-09-11,2026-11-20,265.0,P,0.01,0.48,0.245,58.8383,-0.004829,0.00011,-0.012509,0.030428,70,495.63,2,165,11.08
MSFT,2026-09-11,2026-11-20,270.0,P,0.01,0.25,0.13,53.2231,-0.002937,7.8e-05,-0.007238,0.019481,70,495.63,1,337,11.08
MSFT,2026-09-11,2026-11-20,275.0,P,0.01,0.3,0.155,52.7348,-0.003481,9.1e-05,-0.008352,0.022701,70,495.63,6,243,11.08
MSFT,2026-09-11,2026-11-20,280.0,P,0.04,0.42,0.23,53.6626,-0.004949,0.000123,-0.011637,0.031101,70,495.63,2,2331,11.08
MSFT,2026-09-11,2026-11-20,285.0,P,0.01,0.26,0.135,52.9302,-0.005615,0.00014,-0.012833,0.034796,70,495.63,2,232,11.08
MSFT,2026-09-11,2026-11-20,290.0,P,0.1,0.2,0.15,49.8052,-0.004652,0.000125,-0.010204,0.029429,70,495.63,5,2263,11.08
MSFT,2026-09-11,2026-11-20,295.0,P,0.13,0.27,0.2,50.1714,-0.006114,0.000159,-0.013098,0.037525,70,495.63,3,369,11.08
MSFT,2026-09-11,2026-11-20,300.0,P,0.2,0.32,0.26,49.7564,-0.007194,0.000185,-0.014987,0.043327,70,495.63,7,3095,11.08
MSFT,2026-09-11,2026-11-20,305.0,P,0.05,0.6,0.325,52.7104,-0.012185,0.000277,-0.025162,0.068697,70,495.63,6,621,11.08
MSFT,2026-09-11,2026-11-20,310.0,P,0.18,0.52,0.35,50.0737,-0.011192,0.00027,-0.022181,0.063811,70,495.63,1,1224,11.08
MSFT,2026-09-11,2026-11-20,315.0,P,0.21,0.56,0.385,49.0728,-0.012177,0.000297,-0.023368,0.06866,70,495.63,12,1817,11.08
MSFT,2026-09-11,2026-11-20,320.0,P,0.3,0.58,0.44,47.8277,-0.012894,0.00032,-0.023908,0.072145,70,495.63,1,1038,11.08
MSFT,2026-09-11,2026-11-20,325.0,P,0.25,0.85,0.55,49.1704,-0.017763,0.00041,-0.032344,0.095004,70,495.63,3,2019,11.08
MSFT,2026-09-11,2026-11-20,330.0,P,0.42,0.53,0.475,44.2388,-0.012707,0.000342,-0.021787,0.071238,70,495.63,1,1682,11.08
MSFT,2026-09-11,2026-11-20,335.0,P,0.26,0.55,0.405,43.0181,-0.013441,0.000369,-0.022214,0.074781,70,495.63,200,869,11.08
MSFT,2026-09-11,2026-11-20,340.0,P,0.4,0.65,0.525,42.6764,-0.01577,0.000427,-0.02526,0.085808,70,495.63,26,1065,11.08
MSFT,2026-09-11,2026-11-20,345.0,P,0.51,0.72,0.615,41.9195,-0.017596,0.000477,-0.027217,0.094241,70,495.63,1,1125,11.08
MSFT,2026-09-11,2026-11-20,350.0,P,0.65,0.78,0.715,41.004,-0.019274,0.000527,-0.028733,0.101843,70,495.63,1,4137,11.08
MSFT,2026-09-11,2026-11-20,355.0,P,0.68,0.91,0.795,40.6012,-0.022324,0.000603,-0.032178,0.115333,70,495.63,3,2677,11.08
MSFT,2026-09-11,2026-11-20,360.0,P,0.83,1.09,0.96,40.4303,-0.026391,0.000697,-0.03683,0.132736,70,495.63,2,2790,11.08
MSFT,2026-09-11,2026-11-20,365.0,P,0.97,1.12,1.045,39.1364,-0.027778,0.000751,-0.037148,0.138535,70,495.63,12,2808,11.08
MSFT,2026-09-11,2026-11-20,370.0,P,1.08,1.23,1.155,38.3307,-0.030734,0.000834,-0.039506,0.150672,70,495.63,3,4324,11.08
MSFT,2026-09-11,2026-11-20,375.0,P,1.17,1.56,1.365,38.6359,-0.037756,0.00098,-0.047096,0.178448,70,495.63,2,1450,11.08
MSFT,2026-09-11,2026-11-20,380.0,P,1.28,1.66,1.47,37.5983,-0.040812,0.001073,-0.048735,0.190116,70,495.63,27,3657,11.08
MSFT,2026-09-11,2026-11-20,385.0,P,1.58,1.78,1.68,36.6217,-0.044384,0.001179,-0.050699,0.203462,70,495.63,43,1350,11.08
MSFT,2026-09-11,2026-11-20,390.0,P,1.77,2.02,1.895,36.0968,-0.050218,0.001321,-0.055063,0.224634,70,495.63,71,3038,11.08
MSFT,2026-09-11,2026-11-20,395.0,P,2.03,2.24,2.135,35.3888,-0.055886,0.001467,-0.058631,0.244517,70,495.63,24,2692,11.08
MSFT,2026-09-11,2026-11-20,400.0,P,2.34,2.57,2.455,34.9738,-0.063606,0.001642,-0.063982,0.270607,70,495.63,269,4033,11.08
MSFT,2026-09-11,2026-11-20,405.0,P,2.56,2.95,2.755,34.5832,-0.072327,0.001834,-0.069702,0.29884,70,495.63,7,1298,11.08
MSFT,2026-09-11,2026-11-20,410.0,P,2.98,3.25,3.115,33.8386,-0.080059,0.002025,-0.073479,0.32286,70,495.63,34,2817,11.08
MSFT,2026-09-11,2026-11-20,415.0,P,3.4,3.7,3.55,33.3991,-0.090391,0.002247,-0.079209,0.353607,70,495.63,7,1226,11.08
MSFT,2026-09-11,2026-11-20,420.0,P,3.75,4.3,4.025,33.1916,-0.103221,0.002493,-0.086529,0.389814,70,495.63,156,2409,11.08
MSFT,2026-09-11,2026-11-20,425.0,P,4.4,4.95,4.675,32.9261,-0.116953,0.002749,-0.093594,0.426367,70,495.63,20,1049,11.08
MSFT,2026-09-11,2026-11-20,430.0,P,4.9,5.55,5.225,32.4042,-0.130336,0.003013,-0.099016,0.45998,70,495.63,45,1904,11.08
MSFT,2026-09-11,2026-11-20,435.0,P,5.5,6.25,5.875,31.9465,-0.145423,0.003293,-0.104789,0.495677,70,495.63,29,1055,11.08
MSFT,2026-09-11,2026-11-20,440.0,P,6.45,7.05,6.75,31.5284,-0.162151,0.003587,-0.110687,0.53273,70,495.63,43,1894,11.08
MSFT,2026-09-11,2026-11-20,445.0,P,7.25,8.2,7.725,31.5467,-0.183164,0.003874,-0.119229,0.575784,70,495.63,8,962,11.08
MSFT,2026-09-11,2026-11-20,450.0,P,8.25,8.85,8.55,30.5946,-0.199374,0.004208,-0.121104,0.606513,70,495.63,332,2609,11.08
MSFT,2026-09-11,2026-11-20,455.0,P,9.35,10.15,9.75,30.5061,-0.22267,0.004503,-0.128204,0.64712,70,495.63,19,1525,11.08
MSFT,2026-09-11,2026-11-20,460.0,P,10.8,11.4,11.1,30.1673,-0.245865,0.00481,-0.133148,0.683623,70,495.63,137,2049,11.08
MSFT,2026-09-11,2026-11-20,465.0,P,11.5,12.85,12.175,29.9323,-0.271113,0.0051,-0.13811,0.719143,70,495.63,34,811,11.08
MSFT,2026-09-11,2026-11-20,470.0,P,13.1,14.4,13.75,29.6562,-0.297516,0.005381,-0.142057,0.751821,70,495.63,37,1581,11.08
MSFT,2026-09-11,2026-11-20,475.0,P,15.0,16.6,15.8,30.0147,-0.327704,0.005543,-0.149021,0.783837,70,495.63,125,1424,11.08
MSFT,2026-09-11,2026-11-20,480.0,P,16.75,17.95,17.35,29.1435,-0.35432,0.005881,-0.147524,0.80751,70,495.63,77,1585,11.08
MSFT,2026-09-11,2026-11-20,485.0,P,18.6,19.8,19.2,28.7178,-0.384017,0.006128,-0.147724,0.829048,70,495.63,8,831,11.08
MSFT,2026-09-11,2026-11-20,490.0,P,21.0,22.0,21.5,28.5255,-0.415279,0.006298,-0.148219,0.846305,70,495.63,53,2719,11.08
MSFT,2026-09-11,2026-11-20,495.0,P,22.8,24.5,23.65,28.4965,-0.447206,0.006393,-0.148538,0.858312,70,495.63,25,2962,11.08
MSFT,2026-09-11,2026-11-20,500.0,P,25.75,27.5,26.625,28.8581,-0.478823,0.00636,-0.150082,0.864685,70,495.63,63,3605,11.08
MSFT,2026-09-11,2026-11-20,505.0,P,28.05,29.7,28.875,28.1211,-0.511794,0.006533,-0.143726,0.865527,70,495.63,100,930,11.08
MSFT,2026-09-11,2026-11-20,510.0,P,30.8,32.7,31.75,28.1227,-0.54362,0.006497,-0.140773,0.860724,70,495.63,6,3500,11.08
MSFT,2026-09-11,2026-11-20,515.0,P,33.65,36.0,34.825,28.3012,-0.574093,0.006382,-0.137932,0.850928,70,495.63,5,619,11.08
MSFT,2026-09-11,2026-11-20,520.0,P,36.65,38.9,37.775,27.8266,-0.606948,0.006366,-0.12976,0.834601,70,495.63,40,121,11.08
MSFT,2026-09-11,2026-11-20,525.0,P,39.55,43.05,41.3,28.7055,-0.631338,0.006053,-0.12998,0.818546,70,495.63,12,445,11.08
MSFT,2026-09-11,2026-11-20,530.0,P,43.05,46.0,44.525,27.9335,-0.664794,0.00601,-0.117877,0.790934,70,495.63,1,155,11.08
MSFT,2026-09-11,2026-11-20,535.0,P,46.75,49.85,48.3,28.1318,-0.690734,0.005772,-0.111997,0.764947,70,495.63,5,595,11.08
MSFT,2026-09-11,2026-11-20,540.0,P,50.2,52.5,51.35,26.4839,-0.731239,0.005739,-0.091316,0.716014,70,495.63,3,45,11.08
MSFT,2026-09-11,2026-11-20,545.0,P,54.35,57.7,56.025,28.2936,-0.740161,0.00528,-0.097082,0.703811,70,495.63,3,26,11.08
MSFT,2026-09-11,2026-11-20,550.0,P,58.0,60.4,59.2,26.1909,-0.783694,0.005158,-0.07132,0.63643,70,495.63,2,152,11.08
MSFT,2026-09-11,2026-11-20,555.0,P,62.1,64.45,63.275,25.9193,-0.808907,0.004841,-0.059927,0.591076,70,495.63,11,21,11.08
MSFT,2026-09-11,2026-11-20,560.0,P,66.05,68.7,67.375,25.8125,-0.830793,0.004503,-0.049854,0.547609,70,495.63,2,23,11.08
MSFT,2026-09-11,2026-11-20,565.0,P,70.5,72.9,71.7,25.4066,-0.854122,0.00415,-0.037353,0.496718,70,495.63,32,43,11.08
MSFT,2026-09-11,2026-11-20,570.0,P,74.7,77.45,76.075,25.5592,-0.869924,0.003815,-0.029752,0.459344,70,495.63,8,22,11.08
MSFT,2026-09-11,2026-11-20,575.0,P,79.1,82.65,80.875,27.14,-0.870173,0.003588,-0.034255,0.458736,70,495.63,6,11,11.08
MSFT,2026-09-11,2026-11-20,580.0,P,83.65,87.3,85.475,27.3994,-0.882497,0.003314,-0.027902,0.427786,70,495.63,42,44,11.08
MSFT,2026-09-11,2026-11-20,585.0,P,88.25,91.7,89.975,26.8623,-0.900892,0.00299,-0.015352,0.378433,70,495.63,4,1,11.08
MSFT,2026-09-11,2026-11-20,590.0,P,92.95,95.9,94.425,25.3364,-0.926153,0.002544,0.004091,0.303633,70,495.63,19,11,11.08
MSFT,2026-09-11,2026-11-20,595.0,P,97.65,101.0,99.325,26.6243,-0.925711,0.002432,0.001553,0.305021,70,495.63,4,19,11.08
MSFT,2026-09-11,2026-11-20,600.0,P,102.55,106.0,104.275,27.552,-0.928032,0.002294,0.001627,0.2977,70,495.63,1,15,11.08
MSFT,2026-09-11,2026-11-20,605.0,P,107.45,111.25,109.35,29.3525,-0.923436,0.002257,-0.004908,0.312113,70,495.63,1,1,11.08
MSFT,2026-09-11,2026-11-20,610.0,P,112.3,115.8,114.05,28.5957,-0.937665,0.001977,0.007355,0.266387,70,495.63,1,1,11.08
MSFT,2026-09-11,2026-11-20,615.0,P,117.3,120.85,119.075,29.6699,-0.937985,0.001898,0.006092,0.265318,70,495.63,1,0,11.08
MSFT,2026-09-11,2026-11-20,620.0,P,122.35,125.6,123.975,29.4563,-0.946622,0.001699,0.013669,0.235799,70,495.63,5,0,11.08
MSFT,2026-09-11,2026-11-20,625.0,P,123.4,127.0,125.2,0.001,-1.0,0.0,0.066502,0.0,70,495.63,2,0,11.08
MSFT,2026-09-11,2026-11-20,635.0,P,137.3,140.9,139.1,33.2587,-0.942598,0.001594,0.005371,0.249725,70,495.63,1,0,11.08
MSFT,2026-09-11,2026-11-20,675.0,P,173.35,176.95,175.15,0.001,-1.0,0.0,0.071823,0.0,70,495.63,18,0,11.08
MSFT,2026-09-11,2026-11-20,680.0,P,282.85,286.4,284.625,177.3866,-0.50361,0.001036,-1.040369,0.86587,70,495.63,1,0,11.08
