symbol,quote_date,expiration,strike,option_type,bid,ask,mid,implied_volatility,delta,gamma,theta,vega,dte,underlying_price,volume,open_interest,iv_rank
MSFT,2026-09-24,2026-10-02,270.0,C,226.5,229.95,228.225,165.4299,0.995669,0.000104,-0.126763,0.009378,8,497.93,1,1,2.82
MSFT,2026-09-24,2026-10-02,300.0,C,196.5,200.0,198.25,140.8206,0.994439,0.000153,-0.136195,0.011716,8,497.93,1,2,2.82
MSFT,2026-09-24,2026-10-02,320.0,C,176.45,180.0,178.225,123.2426,0.994122,0.000184,-0.130092,0.012308,8,497.93,1,4,2.82
MSFT,2026-09-24,2026-10-02,325.0,C,171.5,175.0,173.25,120.6059,0.993498,0.000205,-0.137251,0.013458,8,497.93,0,1,2.82
MSFT,2026-09-24,2026-10-02,330.0,C,166.6,170.05,168.325,120.1664,0.991942,0.000249,-0.1584,0.016261,8,497.93,0,1,2.82
MSFT,2026-09-24,2026-10-02,355.0,C,142.0,145.1,143.55,108.2036,0.986017,0.000447,-0.216429,0.02628,8,497.93,2,0,2.82
MSFT,2026-09-24,2026-10-02,360.0,C,136.6,140.1,138.35,98.2422,0.989527,0.000383,-0.165074,0.020455,8,497.93,1,1,2.82
MSFT,2026-09-24,2026-10-02,370.0,C,127.0,130.1,128.55,96.6309,0.984361,0.000551,-0.215035,0.028935,8,497.93,0,1,2.82
MSFT,2026-09-24,2026-10-02,375.0,C,121.65,125.15,123.4,88.8673,0.987048,0.000509,-0.177629,0.024598,8,497.93,6,10,2.82
MSFT,2026-09-24,2026-10-02,380.0,C,116.6,120.15,118.375,84.5216,0.987117,0.000533,-0.170908,0.024484,8,497.93,0,1,2.82
MSFT,2026-09-24,2026-10-02,390.0,C,106.55,110.15,108.35,76.758,0.986606,0.000607,-0.164132,0.025322,8,497.93,2,2,2.82
MSFT,2026-09-24,2026-10-02,395.0,C,101.8,105.15,103.475,76.4163,0.98263,0.000762,-0.194165,0.031655,8,497.93,0,8,2.82
MSFT,2026-09-24,2026-10-02,400.0,C,96.7,100.1,98.4,71.1429,0.983837,0.00077,-0.175952,0.029764,8,497.93,5,8,2.82
MSFT,2026-09-24,2026-10-02,405.0,C,92.05,95.15,93.6,71.8753,0.977405,0.001013,-0.221553,0.039571,8,497.93,2,2,2.82
MSFT,2026-09-24,2026-10-02,410.0,C,86.6,90.15,88.375,63.6234,0.982971,0.0009,-0.16844,0.031124,8,497.93,1,3,2.82
MSFT,2026-09-24,2026-10-02,415.0,C,82.25,85.15,83.7,66.3578,0.972103,0.001309,-0.240436,0.047219,8,497.93,4,9,2.82
MSFT,2026-09-24,2026-10-02,420.0,C,76.75,80.15,78.45,58.3989,0.978422,0.001199,-0.184459,0.038063,8,497.93,1,40,2.82
MSFT,2026-09-24,2026-10-02,425.0,C,72.2,75.15,73.675,58.7406,0.969593,0.001589,-0.231793,0.050722,8,497.93,1,12,2.82
MSFT,2026-09-24,2026-10-02,430.0,C,66.65,70.2,68.425,51.1235,0.976569,0.001469,-0.176914,0.040802,8,497.93,1,26,2.82
MSFT,2026-09-24,2026-10-02,435.0,C,61.65,65.2,63.425,66.7362,0.92306,0.002934,-0.487762,0.106399,8,497.93,7,144,2.82
MSFT,2026-09-24,2026-10-02,437.5,C,59.3,62.7,61.0,64.6,0.920727,0.0031,-0.483551,0.108838,8,497.93,81,12,2.82
MSFT,2026-09-24,2026-10-02,440.0,C,56.85,60.2,58.525,62.476,0.918207,0.003282,-0.479408,0.111441,8,497.93,6,29,2.82
MSFT,2026-09-24,2026-10-02,442.5,C,54.3,57.75,56.025,60.706,0.914349,0.003497,-0.482036,0.115368,8,497.93,1,6,2.82
MSFT,2026-09-24,2026-10-02,445.0,C,51.95,55.25,53.6,58.5698,0.911449,0.003716,-0.477381,0.118272,8,497.93,56,41,2.82
MSFT,2026-09-24,2026-10-02,447.5,C,49.1,52.75,50.925,56.4213,0.908376,0.003957,-0.472316,0.121309,8,497.93,0,3,2.82
MSFT,2026-09-24,2026-10-02,450.0,C,46.95,50.3,48.625,54.6025,0.903797,0.004238,-0.473716,0.125754,8,497.93,24,253,2.82
MSFT,2026-09-24,2026-10-02,452.5,C,44.5,47.8,46.15,52.4419,0.90018,0.004534,-0.468112,0.129202,8,497.93,3,4,2.82
MSFT,2026-09-24,2026-10-02,455.0,C,41.85,45.35,43.6,50.5864,0.894943,0.004878,-0.468585,0.134096,8,497.93,2,43,2.82
MSFT,2026-09-24,2026-10-02,460.0,C,37.0,40.45,38.725,46.8023,0.883178,0.005689,-0.467758,0.144692,8,497.93,34,412,2.82
MSFT,2026-09-24,2026-10-02,462.5,C,34.9,38.0,36.45,44.8614,0.87657,0.00617,-0.466153,0.150413,8,497.93,4,2,2.82
MSFT,2026-09-24,2026-10-02,465.0,C,32.6,35.6,34.1,43.1768,0.867856,0.006722,-0.469811,0.157717,8,497.93,11,85,2.82
MSFT,2026-09-24,2026-10-02,467.5,C,30.6,33.2,31.9,41.419,0.858496,0.007343,-0.471786,0.165271,8,497.93,3,5,2.82
MSFT,2026-09-24,2026-10-02,470.0,C,28.2,30.6,29.4,38.587,0.854213,0.008042,-0.450686,0.16863,8,497.93,10,140,2.82
MSFT,2026-09-24,2026-10-02,472.5,C,26.0,28.5,27.25,38.2269,0.83406,0.008841,-0.481926,0.183663,8,497.93,10,5,2.82
MSFT,2026-09-24,2026-10-02,475.0,C,23.6,26.05,24.825,36.0358,0.823057,0.009772,-0.473765,0.191357,8,497.93,10,112,2.82
MSFT,2026-09-24,2026-10-02,477.5,C,21.5,23.55,22.525,33.5761,0.812087,0.010889,-0.459393,0.198685,8,497.93,6,60,2.82
MSFT,2026-09-24,2026-10-02,480.0,C,19.4,21.85,20.625,34.4428,0.777026,0.011752,-0.514189,0.219953,8,497.93,66,290,2.82
MSFT,2026-09-24,2026-10-02,482.5,C,17.1,19.75,18.425,33.3442,0.751879,0.012876,-0.525777,0.233317,8,497.93,62,91,2.82
MSFT,2026-09-24,2026-10-02,485.0,C,15.55,17.0,16.275,29.6028,0.739759,0.014871,-0.481783,0.239226,8,497.93,1242,899,2.82
MSFT,2026-09-24,2026-10-02,487.5,C,13.6,14.85,14.225,28.0342,0.709626,0.016574,-0.480135,0.252488,8,497.93,64,76,2.82
MSFT,2026-09-24,2026-10-02,490.0,C,11.6,12.75,12.175,26.4351,0.674568,0.018479,-0.474625,0.265462,8,497.93,512,311,2.82
MSFT,2026-09-24,2026-10-02,492.5,C,10.25,11.1,10.675,26.0994,0.627854,0.019661,-0.488493,0.278853,8,497.93,706,328,2.82
MSFT,2026-09-24,2026-10-02,495.0,C,8.4,9.2,8.8,24.5857,0.581151,0.021555,-0.473762,0.287982,8,497.93,2007,1886,2.82
MSFT,2026-09-24,2026-10-02,497.5,C,6.95,7.85,7.4,24.482,0.526533,0.022056,-0.477363,0.293437,8,497.93,1091,883,2.82
MSFT,2026-09-24,2026-10-02,500.0,C,6.25,6.6,6.425,24.2805,0.471049,0.02223,-0.470544,0.293313,8,497.93,3259,1977,2.82
MSFT,2026-09-24,2026-10-02,502.5,C,5.15,5.55,5.35,24.3111,0.416416,0.02177,-0.459523,0.287609,8,497.93,774,409,2.82
MSFT,2026-09-24,2026-10-02,505.0,C,4.35,4.55,4.45,24.0852,0.362207,0.021115,-0.435643,0.276366,8,497.93,2319,16135,2.82
MSFT,2026-09-24,2026-10-02,507.5,C,3.45,3.7,3.575,23.9387,0.310554,0.020007,-0.406258,0.26027,8,497.93,849,441,2.82
MSFT,2026-09-24,2026-10-02,510.0,C,2.8,2.98,2.89,23.835,0.262438,0.01855,-0.372173,0.240262,8,497.93,3342,3489,2.82
MSFT,2026-09-24,2026-10-02,512.5,C,2.19,2.4,2.295,23.8655,0.219646,0.016815,-0.337218,0.218069,8,497.93,257,1160,2.82
MSFT,2026-09-24,2026-10-02,515.0,C,1.77,1.92,1.845,23.9265,0.181754,0.014968,-0.30092,0.194612,8,497.93,1092,1362,2.82
MSFT,2026-09-24,2026-10-02,517.5,C,1.33,1.54,1.435,24.073,0.149441,0.013106,-0.2661,0.17145,8,497.93,210,238,2.82
MSFT,2026-09-24,2026-10-02,520.0,C,1.13,1.3,1.215,24.659,0.126042,0.01139,-0.242101,0.15263,8,497.93,2838,3706,2.82
MSFT,2026-09-24,2026-10-02,522.5,C,0.88,1.0,0.94,24.5735,0.100053,0.009692,-0.204231,0.129422,8,497.93,169,245,2.82
MSFT,2026-09-24,2026-10-02,525.0,C,0.69,0.76,0.725,24.5003,0.078273,0.008097,-0.169338,0.107796,8,497.93,618,1147,2.82
MSFT,2026-09-24,2026-10-02,527.5,C,0.51,0.63,0.57,24.9763,0.064563,0.006851,-0.14867,0.09298,8,497.93,265,226,2.82
MSFT,2026-09-24,2026-10-02,530.0,C,0.42,0.49,0.455,25.1106,0.050875,0.005649,-0.123761,0.077087,8,497.93,928,7240,2.82
MSFT,2026-09-24,2026-10-02,532.5,C,0.35,0.44,0.395,26.0017,0.044444,0.004896,-0.114848,0.069177,8,497.93,67,492,2.82
MSFT,2026-09-24,2026-10-02,535.0,C,0.26,0.34,0.3,26.0994,0.034685,0.003986,-0.094123,0.056539,8,497.93,272,2601,2.82
MSFT,2026-09-24,2026-10-02,537.5,C,0.03,0.47,0.25,29.1999,0.042113,0.004174,-0.123171,0.066233,8,497.93,8,44,2.82
MSFT,2026-09-24,2026-10-02,540.0,C,0.17,0.22,0.195,26.7097,0.022276,0.002694,-0.066489,0.039099,8,497.93,420,1556,2.82
MSFT,2026-09-24,2026-10-02,542.5,C,0.11,0.2,0.155,27.5398,0.01968,0.002353,-0.061677,0.035208,8,497.93,2,32,2.82
MSFT,2026-09-24,2026-10-02,545.0,C,0.11,0.3,0.205,30.7624,0.02613,0.002674,-0.087385,0.044709,8,497.93,297,1657,2.82
MSFT,2026-09-24,2026-10-02,547.5,C,0.03,0.2,0.115,29.9812,0.018048,0.002008,-0.062274,0.032707,8,497.93,1,37,2.82
MSFT,2026-09-24,2026-10-02,550.0,C,0.1,0.12,0.11,28.907,0.011251,0.001386,-0.039948,0.021771,8,497.93,719,20490,2.82
MSFT,2026-09-24,2026-10-02,555.0,C,0.05,0.11,0.08,30.8112,0.009734,0.001146,-0.037487,0.01919,8,497.93,130,443,2.82
MSFT,2026-09-24,2026-10-02,560.0,C,0.01,0.13,0.07,33.7409,0.010473,0.001116,-0.043707,0.020455,8,497.93,6,599,2.82
MSFT,2026-09-24,2026-10-02,565.0,C,0.04,0.11,0.075,35.1569,0.008547,0.000896,-0.038093,0.017124,8,497.93,5,4850,2.82
MSFT,2026-09-24,2026-10-02,570.0,C,0.01,0.25,0.13,41.7486,0.016107,0.001308,-0.07831,0.029677,8,497.93,1205,199,2.82
MSFT,2026-09-24,2026-10-02,580.0,C,0.01,0.05,0.03,37.6959,0.003573,0.000385,-0.01879,0.007893,8,497.93,41,3060,2.82
MSFT,2026-09-24,2026-10-02,590.0,C,0.01,0.07,0.04,42.9693,0.004381,0.000406,-0.02568,0.009473,8,497.93,3,346,2.82
MSFT,2026-09-24,2026-10-02,600.0,C,0.01,0.09,0.05,48.0474,0.005036,0.000411,-0.032488,0.010728,8,497.93,71,438,2.82
MSFT,2026-09-24,2026-10-02,610.0,C,0.0,0.18,0.09,51.7583,0.004671,0.000357,-0.032706,0.010032,8,497.93,5,330,2.82
MSFT,2026-09-24,2026-10-02,620.0,C,0.0,0.22,0.11,56.6411,0.005201,0.000359,-0.039362,0.01104,8,497.93,1,62,2.82
MSFT,2026-09-24,2026-10-02,630.0,C,0.0,0.4,0.2,64.7464,0.008263,0.000472,-0.067714,0.016623,8,497.93,2,191,2.82
MSFT,2026-09-24,2026-10-02,640.0,C,0.0,0.11,0.055,59.1801,0.00247,0.000176,-0.021063,0.005659,8,497.93,14,56,2.82
MSFT,2026-09-24,2026-10-02,650.0,C,0.0,2.01,1.005,91.3575,0.028962,0.000981,-0.279671,0.048713,8,497.93,1,39,2.82
MSFT,2026-09-24,2026-10-02,660.0,C,0.0,2.13,1.065,96.5332,0.029114,0.000933,-0.296715,0.048926,8,497.93,1,45,2.82
MSFT,2026-09-24,2026-10-02,670.0,C,0.0,2.13,1.065,100.6353,0.027953,0.000865,-0.298955,0.047298,8,497.93,3,56,2.82
MSFT,2026-09-24,2026-10-02,680.0,C,0.0,0.01,0.005,59.3754,0.000241,2.1e-05,-0.002476,0.000664,8,497.93,5,33,2.82
MSFT,2026-09-24,2026-10-02,270.0,P,0.0,0.65,0.325,167.5783,-0.004735,0.000112,-0.106069,0.010154,8,497.93,2,31,2.82
MSFT,2026-09-24,2026-10-02,290.0,P,0.0,2.13,1.065,177.9786,-0.014381,0.000278,-0.298605,0.026923,8,497.93,2,14,2.82
MSFT,2026-09-24,2026-10-02,300.0,P,0.0,2.13,1.065,168.1154,-0.015241,0.00031,-0.29644,0.028301,8,497.93,24,13,2.82
MSFT,2026-09-24,2026-10-02,305.0,P,0.0,2.13,1.065,163.2814,-0.015691,0.000327,-0.295174,0.029018,8,497.93,60,22,2.82
MSFT,2026-09-24,2026-10-02,310.0,P,0.0,2.13,1.065,158.5451,-0.016173,0.000346,-0.294121,0.029781,8,497.93,7,12,2.82
MSFT,2026-09-24,2026-10-02,315.0,P,0.0,2.13,1.065,153.8577,-0.016668,0.000366,-0.292853,0.030559,8,497.93,3,28,2.82
MSFT,2026-09-24,2026-10-02,320.0,P,0.0,2.13,1.065,149.2678,-0.017203,0.000387,-0.291861,0.031396,8,497.93,2,19,2.82
MSFT,2026-09-24,2026-10-02,325.0,P,0.0,2.13,1.065,144.678,-0.017729,0.00041,-0.290215,0.032213,8,497.93,3,20,2.82
MSFT,2026-09-24,2026-10-02,330.0,P,0.0,2.13,1.065,140.1858,-0.018301,0.000434,-0.288894,0.033098,8,497.93,2,68,2.82
MSFT,2026-09-24,2026-10-02,335.0,P,0.0,1.36,0.68,126.0746,-0.013159,0.000364,-0.195717,0.024937,8,497.93,8,53,2.82
MSFT,2026-09-24,2026-10-02,340.0,P,0.0,0.05,0.025,82.8127,-0.000735,4.2e-05,-0.009641,0.001871,8,497.93,1,125,2.82
MSFT,2026-09-24,2026-10-02,345.0,P,0.0,0.05,0.025,79.6877,-0.000745,4.4e-05,-0.009387,0.001893,8,497.93,6,100,2.82
MSFT,2026-09-24,2026-10-02,350.0,P,0.01,0.05,0.03,78.1252,-0.000925,5.4e-05,-0.011225,0.00231,8,497.93,9,166,2.82
MSFT,2026-09-24,2026-10-02,355.0,P,0.0,0.05,0.025,73.8284,-0.000793,5e-05,-0.009213,0.002006,8,497.93,1,199,2.82
MSFT,2026-09-24,2026-10-02,360.0,P,0.0,0.1,0.05,75.9768,-0.0016,9.2e-05,-0.018027,0.003816,8,497.93,18,23,2.82
MSFT,2026-09-24,2026-10-02,365.0,P,0.0,2.14,1.07,110.3032,-0.023356,0.000679,-0.279146,0.040692,8,497.93,5,10,2.82
MSFT,2026-09-24,2026-10-02,370.0,P,0.0,0.1,0.05,69.9222,-0.0017,0.000106,-0.017523,0.004032,8,497.93,4,20,2.82
MSFT,2026-09-24,2026-10-02,375.0,P,0.0,0.09,0.045,66.4066,-0.001629,0.000107,-0.016006,0.003879,8,497.93,2,30,2.82
MSFT,2026-09-24,2026-10-02,380.0,P,0.0,2.03,1.015,97.168,-0.025172,0.000821,-0.261678,0.043332,8,497.93,80,94,2.82
MSFT,2026-09-24,2026-10-02,385.0,P,0.0,0.65,0.325,77.2463,-0.01033,0.000481,-0.096982,0.020211,8,497.93,4,71,2.82
MSFT,2026-09-24,2026-10-02,390.0,P,0.0,0.23,0.115,64.3558,-0.00438,0.000271,-0.037851,0.009473,8,497.93,5,47,2.82
MSFT,2026-09-24,2026-10-02,395.0,P,0.01,0.13,0.07,58.0082,-0.002981,0.000213,-0.024145,0.006707,8,497.93,13,536,2.82
MSFT,2026-09-24,2026-10-02,400.0,P,0.0,0.18,0.09,56.6411,-0.003859,0.000275,-0.02972,0.008457,8,497.93,3,88,2.82
MSFT,2026-09-24,2026-10-02,405.0,P,0.01,0.08,0.045,53.1255,-0.003713,0.000283,-0.026914,0.008169,8,497.93,6,33,2.82
MSFT,2026-09-24,2026-10-02,410.0,P,0.01,0.03,0.02,45.313,-0.001624,0.000157,-0.010861,0.003868,8,497.93,3,111,2.82
MSFT,2026-09-24,2026-10-02,415.0,P,0.01,0.06,0.035,45.899,-0.003185,0.000285,-0.020237,0.007117,8,497.93,7,49,2.82
MSFT,2026-09-24,2026-10-02,420.0,P,0.02,0.06,0.04,43.1646,-0.003371,0.000319,-0.020016,0.00749,8,497.93,33,307,2.82
MSFT,2026-09-24,2026-10-02,425.0,P,0.03,0.13,0.08,44.5318,-0.007169,0.000606,-0.040427,0.014671,8,497.93,8,270,2.82
MSFT,2026-09-24,2026-10-02,430.0,P,0.05,0.13,0.09,41.6021,-0.007618,0.000685,-0.039813,0.015478,8,497.93,2,299,2.82
MSFT,2026-09-24,2026-10-02,435.0,P,0.03,0.12,0.075,38.2819,-0.00759,0.000742,-0.036481,0.015427,8,497.93,475,97,2.82
MSFT,2026-09-24,2026-10-02,437.5,P,0.01,0.1,0.055,36.0358,-0.006783,0.000713,-0.031082,0.013971,8,497.93,47,14,2.82
MSFT,2026-09-24,2026-10-02,440.0,P,0.06,0.12,0.09,35.4499,-0.008199,0.000857,-0.03612,0.016512,8,497.93,26,484,2.82
MSFT,2026-09-24,2026-10-02,445.0,P,0.07,0.22,0.145,35.694,-0.015002,0.001439,-0.061438,0.02792,8,497.93,402,254,2.82
MSFT,2026-09-24,2026-10-02,447.5,P,0.07,0.23,0.15,34.3757,-0.016129,0.001591,-0.062922,0.029711,8,497.93,6,7,2.82
MSFT,2026-09-24,2026-10-02,450.0,P,0.12,0.19,0.155,31.8854,-0.014387,0.001554,-0.05286,0.026933,8,497.93,111,1048,2.82
MSFT,2026-09-24,2026-10-02,452.5,P,0.09,0.28,0.185,32.3737,-0.020739,0.002092,-0.073303,0.036807,8,497.93,2,26,2.82
MSFT,2026-09-24,2026-10-02,455.0,P,0.12,0.23,0.175,29.8103,-0.018524,0.002064,-0.061261,0.033441,8,497.93,77,458,2.82
MSFT,2026-09-24,2026-10-02,457.5,P,0.16,0.43,0.295,31.6657,-0.032241,0.003094,-0.103544,0.053239,8,497.93,14,51,2.82
MSFT,2026-09-24,2026-10-02,460.0,P,0.25,0.31,0.28,28.1745,-0.026082,0.002916,-0.077136,0.04464,8,497.93,176,782,2.82
MSFT,2026-09-24,2026-10-02,462.5,P,0.2,0.39,0.295,27.7839,-0.033125,0.003606,-0.092666,0.054439,8,497.93,116,40,2.82
MSFT,2026-09-24,2026-10-02,465.0,P,0.37,0.51,0.44,27.613,-0.043083,0.004496,-0.113999,0.067464,8,497.93,430,982,2.82
MSFT,2026-09-24,2026-10-02,467.5,P,0.49,0.59,0.54,26.7341,-0.050963,0.005313,-0.126104,0.077192,8,497.93,155,254,2.82
MSFT,2026-09-24,2026-10-02,470.0,P,0.61,0.72,0.665,26.1604,-0.062651,0.006389,-0.144974,0.09083,8,497.93,314,2772,2.82
MSFT,2026-09-24,2026-10-02,472.5,P,0.76,0.86,0.81,25.4402,-0.075736,0.007604,-0.162882,0.105129,8,497.93,160,356,2.82
MSFT,2026-09-24,2026-10-02,475.0,P,0.98,1.12,1.05,25.3425,-0.096957,0.009184,-0.194852,0.126478,8,497.93,523,2470,2.82
MSFT,2026-09-24,2026-10-02,477.5,P,1.24,1.47,1.355,25.4036,-0.123743,0.010915,-0.232241,0.15068,8,497.93,537,502,2.82
MSFT,2026-09-24,2026-10-02,480.0,P,1.61,1.79,1.7,24.9031,-0.14979,0.012689,-0.258794,0.171717,8,497.93,1090,1414,2.82
MSFT,2026-09-24,2026-10-02,482.5,P,2.03,2.23,2.13,24.659,-0.182748,0.014573,-0.29061,0.195277,8,497.93,154,486,2.82
MSFT,2026-09-24,2026-10-02,485.0,P,2.53,2.77,2.65,24.4759,-0.221,0.016453,-0.322242,0.218839,8,497.93,364,1401,2.82
MSFT,2026-09-24,2026-10-02,487.5,P,3.0,3.6,3.3,25.013,-0.269523,0.017916,-0.365404,0.243526,8,497.93,182,298,2.82
MSFT,2026-09-24,2026-10-02,490.0,P,3.6,4.2,3.9,24.2683,-0.312203,0.019781,-0.377943,0.260868,8,497.93,1055,1118,2.82
MSFT,2026-09-24,2026-10-02,492.5,P,4.4,5.2,4.8,24.5308,-0.365184,0.020789,-0.40411,0.277131,8,497.93,172,206,2.82
MSFT,2026-09-24,2026-10-02,495.0,P,5.35,6.0,5.675,23.7068,-0.416402,0.022325,-0.402431,0.287607,8,497.93,358,1078,2.82
MSFT,2026-09-24,2026-10-02,497.5,P,6.5,7.15,6.825,23.6214,-0.473018,0.022858,-0.406203,0.293415,8,497.93,212,437,2.82
MSFT,2026-09-24,2026-10-02,500.0,P,7.7,8.45,8.075,23.5786,-0.530231,0.022886,-0.401849,0.293243,8,497.93,242,2568,2.82
MSFT,2026-09-24,2026-10-02,502.5,P,9.1,9.95,9.525,23.7556,-0.585833,0.022252,-0.392951,0.287255,8,497.93,12,167,2.82
MSFT,2026-09-24,2026-10-02,505.0,P,10.3,11.3,10.8,22.9927,-0.644672,0.021972,-0.357554,0.274532,8,497.93,77,288,2.82
MSFT,2026-09-24,2026-10-02,507.5,P,12.4,13.25,12.825,23.8716,-0.689972,0.020049,-0.348341,0.260079,8,497.93,210,473,2.82
MSFT,2026-09-24,2026-10-02,510.0,P,13.65,15.5,14.575,25.5684,-0.722492,0.017782,-0.353082,0.247071,8,497.93,60,509,2.82
MSFT,2026-09-24,2026-10-02,512.5,P,15.45,17.3,16.375,25.251,-0.766987,0.016431,-0.31142,0.22547,8,497.93,5,10,2.82
MSFT,2026-09-24,2026-10-02,515.0,P,16.9,19.7,18.3,27.1186,-0.787359,0.014522,-0.316926,0.214014,8,497.93,7,198,2.82
MSFT,2026-09-24,2026-10-02,517.5,P,19.0,21.65,20.325,26.7952,-0.823678,0.013113,-0.271708,0.190932,8,497.93,2,36,2.82
MSFT,2026-09-24,2026-10-02,520.0,P,21.2,23.8,22.5,27.0576,-0.850918,0.011642,-0.239675,0.171175,8,497.93,14,74,2.82
MSFT,2026-09-24,2026-10-02,522.5,P,23.4,26.1,24.75,27.8816,-0.869626,0.010313,-0.221196,0.156255,8,497.93,0,1,2.82
MSFT,2026-09-24,2026-10-02,525.0,P,26.4,28.3,27.35,27.8694,-0.892665,0.008993,-0.184602,0.136191,8,497.93,4,38,2.82
MSFT,2026-09-24,2026-10-02,530.0,P,30.5,33.1,31.8,29.9079,-0.914251,0.007105,-0.161481,0.115466,8,497.93,2,77,2.82
MSFT,2026-09-24,2026-10-02,535.0,P,35.65,38.8,37.225,38.0988,-0.890479,0.006674,-0.275374,0.13818,8,497.93,1,55,2.82
MSFT,2026-09-24,2026-10-02,540.0,P,40.45,43.8,42.125,41.5167,-0.898737,0.005787,-0.28411,0.130562,8,497.93,1,29,2.82
MSFT,2026-09-24,2026-10-02,545.0,P,45.45,48.75,47.1,44.483,-0.907434,0.005057,-0.284121,0.122231,8,497.93,1,0,2.82
MSFT,2026-09-24,2026-10-02,550.0,P,50.9,53.95,52.425,49.146,-0.906303,0.004618,-0.322616,0.123333,8,497.93,1,2,2.82
MSFT,2026-09-24,2026-10-02,555.0,P,55.45,58.95,57.2,52.332,-0.911541,0.004156,-0.32948,0.118181,8,497.93,0,0,2.82
MSFT,2026-09-24,2026-10-02,560.0,P,60.45,63.8,62.125,54.2973,-0.920751,0.003688,-0.311151,0.108813,8,497.93,14,0,2.82
MSFT,2026-09-24,2026-10-02,565.0,P,65.45,68.85,67.15,57.6909,-0.923122,0.003392,-0.324598,0.106334,8,497.93,0,0,2.82
MSFT,2026-09-24,2026-10-02,570.0,P,70.45,73.9,72.175,61.06,-0.925109,0.003141,-0.338307,0.104234,8,497.93,0,0,2.82
MSFT,2026-09-24,2026-10-02,580.0,P,80.45,83.85,82.15,66.3822,-0.932442,0.00267,-0.338565,0.096305,8,497.93,0,0,2.82
MSFT,2026-09-24,2026-10-05,430.0,C,66.7,70.2,68.45,61.4872,0.924919,0.002666,-0.385757,0.122462,11,497.93,0,1,2.82
MSFT,2026-09-24,2026-10-05,435.0,C,61.7,65.2,63.45,57.7885,0.920611,0.002959,-0.379415,0.127765,11,497.93,0,3,2.82
MSFT,2026-09-24,2026-10-05,465.0,C,32.5,35.85,34.175,38.5626,0.858556,0.006724,-0.383235,0.193741,11,497.93,0,1,2.82
MSFT,2026-09-24,2026-10-05,470.0,C,28.1,31.2,29.65,36.0236,0.834961,0.007973,-0.394253,0.214608,11,497.93,0,2,2.82
MSFT,2026-09-24,2026-10-05,480.0,C,19.4,22.45,20.925,31.9282,0.761607,0.011223,-0.428319,0.267736,11,497.93,7,22,2.82
MSFT,2026-09-24,2026-10-05,485.0,C,15.75,18.35,17.05,29.9873,0.710549,0.013194,-0.440343,0.295627,11,497.93,21,6,2.82
MSFT,2026-09-24,2026-10-05,490.0,C,12.1,14.8,13.45,28.9802,0.643798,0.014879,-0.458507,0.322196,11,497.93,30,9,2.82
MSFT,2026-09-24,2026-10-05,492.5,C,10.45,12.9,11.675,27.7778,0.609079,0.01599,-0.451407,0.331876,11,497.93,4,2,2.82
MSFT,2026-09-24,2026-10-05,495.0,C,8.85,10.3,9.575,24.3843,0.575167,0.01859,-0.406192,0.338709,11,497.93,101,391,2.82
MSFT,2026-09-24,2026-10-05,497.5,C,7.9,9.85,8.875,26.7585,0.527193,0.017208,-0.446634,0.344047,11,497.93,210,213,2.82
MSFT,2026-09-24,2026-10-05,500.0,C,6.8,7.45,7.125,23.3955,0.479403,0.019701,-0.392018,0.344389,11,497.93,81,307,2.82
MSFT,2026-09-24,2026-10-05,502.5,C,4.75,7.65,6.2,26.9905,0.4422,0.01692,-0.44233,0.341223,11,497.93,3,47,2.82
MSFT,2026-09-24,2026-10-05,505.0,C,4.2,5.3,4.75,23.0599,0.381497,0.019124,-0.365988,0.32952,11,497.93,17,31,2.82
MSFT,2026-09-24,2026-10-05,507.5,C,3.25,5.7,4.475,26.8074,0.359626,0.016139,-0.413256,0.323274,11,497.93,23,15,2.82
MSFT,2026-09-24,2026-10-05,510.0,C,3.4,4.0,3.7,23.9815,0.299775,0.016767,-0.343712,0.300446,11,497.93,1206,254,2.82
MSFT,2026-09-24,2026-10-05,512.5,C,2.41,3.6,3.005,24.8665,0.268245,0.015332,-0.336499,0.284879,11,497.93,72,14,2.82
MSFT,2026-09-24,2026-10-05,515.0,C,1.95,3.0,2.475,24.8421,0.232202,0.014216,-0.310532,0.263875,11,497.93,28,84,2.82
MSFT,2026-09-24,2026-10-05,517.5,C,1.01,2.09,1.55,23.2369,0.18271,0.013187,-0.251745,0.228953,11,497.93,2,16,2.82
MSFT,2026-09-24,2026-10-05,520.0,C,1.18,1.96,1.57,24.4575,0.165686,0.011773,-0.248177,0.215151,11,497.93,28,114,2.82
MSFT,2026-09-24,2026-10-05,522.5,C,0.76,1.68,1.22,24.8665,0.143262,0.010518,-0.228663,0.195422,11,497.93,4,6,2.82
MSFT,2026-09-24,2026-10-05,525.0,C,0.75,1.34,1.045,24.7444,0.11853,0.009271,-0.199244,0.171418,11,497.93,28,36,2.82
MSFT,2026-09-24,2026-10-05,530.0,C,0.47,1.0,0.735,25.6843,0.088495,0.007223,-0.166648,0.138621,11,497.93,9,16,2.82
MSFT,2026-09-24,2026-10-05,535.0,C,0.0,2.3,1.15,35.9503,0.135725,0.007012,-0.315116,0.188369,11,497.93,3,14,2.82
MSFT,2026-09-24,2026-10-05,540.0,C,0.0,2.45,1.225,39.8077,0.131059,0.006182,-0.339766,0.183889,11,497.93,0,6,2.82
MSFT,2026-09-24,2026-10-05,550.0,C,0.14,0.86,0.5,35.2301,0.05756,0.003786,-0.16272,0.099669,11,497.93,1,7,2.82
MSFT,2026-09-24,2026-10-05,570.0,C,0.0,2.18,1.09,55.2251,0.088625,0.003363,-0.353062,0.138774,11,497.93,0,1,2.82
MSFT,2026-09-24,2026-10-05,445.0,P,0.0,0.99,0.495,40.9308,-0.051085,0.002965,-0.165803,0.090688,11,497.93,1,2,2.82
MSFT,2026-09-24,2026-10-05,450.0,P,0.0,0.72,0.36,35.1325,-0.043626,0.003044,-0.12513,0.079911,11,497.93,1,5,2.82
MSFT,2026-09-24,2026-10-05,455.0,P,0.0,0.96,0.48,34.2048,-0.058354,0.003942,-0.153318,0.100749,11,497.93,21,23,2.82
MSFT,2026-09-24,2026-10-05,457.5,P,0.0,1.3,0.65,35.1325,-0.075066,0.004664,-0.191252,0.122444,11,497.93,0,1,2.82
MSFT,2026-09-24,2026-10-05,460.0,P,0.13,0.55,0.34,27.2956,-0.042565,0.003841,-0.094787,0.078338,11,497.93,4,6,2.82
MSFT,2026-09-24,2026-10-05,462.5,P,0.0,1.15,0.575,30.7014,-0.075705,0.005372,-0.167675,0.123237,11,497.93,3,2,2.82
MSFT,2026-09-24,2026-10-05,467.5,P,0.06,1.57,0.815,29.8347,-0.102558,0.006931,-0.203713,0.15452,11,497.93,2,3,2.82
MSFT,2026-09-24,2026-10-05,470.0,P,0.76,1.12,0.94,25.4036,-0.0871,0.007217,-0.153248,0.136989,11,497.93,14,12,2.82
MSFT,2026-09-24,2026-10-05,472.5,P,0.0,1.41,0.705,25.3425,-0.107227,0.008427,-0.177749,0.159581,11,497.93,10,5,2.82
MSFT,2026-09-24,2026-10-05,475.0,P,0.09,1.73,0.91,25.1472,-0.129273,0.009694,-0.200877,0.182152,11,497.93,3,11,2.82
MSFT,2026-09-24,2026-10-05,477.5,P,0.46,2.85,1.655,28.022,-0.181213,0.010879,-0.279798,0.227778,11,497.93,2,2,2.82
MSFT,2026-09-24,2026-10-05,480.0,P,0.75,2.2,1.475,23.3101,-0.169335,0.012527,-0.221581,0.218192,11,497.93,24,11,2.82
MSFT,2026-09-24,2026-10-05,482.5,P,2.27,4.1,3.185,28.1318,-0.243814,0.012894,-0.332639,0.271029,11,497.93,2,11,2.82
MSFT,2026-09-24,2026-10-05,485.0,P,1.72,4.65,3.185,27.5337,-0.274254,0.014001,-0.344815,0.288042,11,497.93,16,80,2.82
MSFT,2026-09-24,2026-10-05,487.5,P,2.39,5.1,3.745,26.4045,-0.304505,0.015336,-0.345735,0.302565,11,497.93,32,14,2.82
MSFT,2026-09-24,2026-10-05,490.0,P,3.65,5.4,4.525,24.6406,-0.33529,0.01711,-0.333688,0.315022,11,497.93,15,44,2.82
MSFT,2026-09-24,2026-10-05,492.5,P,4.35,6.25,5.3,24.2805,-0.378167,0.018114,-0.341091,0.32864,11,497.93,167,109,2.82
MSFT,2026-09-24,2026-10-05,495.0,P,4.85,7.75,6.3,25.4585,-0.427253,0.017826,-0.367906,0.339099,11,497.93,24,889,2.82
MSFT,2026-09-24,2026-10-05,497.5,P,6.9,8.75,7.825,24.9031,-0.472114,0.018487,-0.362301,0.344006,11,497.93,23,143,2.82
MSFT,2026-09-24,2026-10-05,500.0,P,7.25,9.15,8.2,22.3702,-0.522266,0.020599,-0.320176,0.344311,11,497.93,5,267,2.82
MSFT,2026-09-24,2026-10-05,502.5,P,8.75,11.3,10.025,24.4026,-0.565741,0.018655,-0.344729,0.340155,11,497.93,11,58,2.82
MSFT,2026-09-24,2026-10-05,505.0,P,10.2,12.7,11.45,24.0242,-0.613253,0.018431,-0.325934,0.330858,11,497.93,2,107,2.82
MSFT,2026-09-24,2026-10-05,507.5,P,11.6,14.2,12.9,23.597,-0.660679,0.01795,-0.301295,0.316485,11,497.93,200,440,2.82
MSFT,2026-09-24,2026-10-05,510.0,P,13.35,16.1,14.725,24.0791,-0.699425,0.016719,-0.288713,0.300808,11,497.93,800,254,2.82
MSFT,2026-09-24,2026-10-05,512.5,P,15.15,18.6,16.875,26.3008,-0.719716,0.014814,-0.30611,0.291123,11,497.93,0,2,2.82
MSFT,2026-09-24,2026-10-05,515.0,P,17.15,20.65,18.9,26.8989,-0.749284,0.013688,-0.292572,0.275105,11,497.93,2,3,2.82
MSFT,2026-09-24,2026-10-05,535.0,P,35.5,39.0,37.25,34.0705,-0.877739,0.006882,-0.218365,0.175202,11,497.93,0,2,2.82
MSFT,2026-09-24,2026-10-09,305.0,C,191.9,195.3,193.6,113.7211,0.987732,0.000277,-0.155018,0.032137,15,497.93,0,1,2.82
MSFT,2026-09-24,2026-10-09,310.0,C,186.95,190.3,188.625,110.9868,0.986998,0.000299,-0.158736,0.033795,15,497.93,0,1,2.82
MSFT,2026-09-24,2026-10-09,355.0,C,141.95,145.35,143.65,83.1056,0.982243,0.000522,-0.160809,0.04417,15,497.93,2,2,2.82
MSFT,2026-09-24,2026-10-09,365.0,C,132.0,135.4,133.7,78.0764,0.979907,0.000617,-0.167124,0.049066,15,497.93,0,1,2.82
MSFT,2026-09-24,2026-10-09,370.0,C,126.95,130.45,128.7,75.1467,0.979148,0.000661,-0.166771,0.050632,15,497.93,0,1,2.82
MSFT,2026-09-24,2026-10-09,375.0,C,122.1,125.4,123.75,72.9983,0.977319,0.000731,-0.172666,0.05436,15,497.93,6,9,2.82
MSFT,2026-09-24,2026-10-09,380.0,C,116.95,120.45,118.7,69.3362,0.977525,0.000764,-0.165638,0.053943,15,497.93,0,1,2.82
MSFT,2026-09-24,2026-10-09,385.0,C,112.35,115.45,113.9,69.2874,0.97215,0.000915,-0.190325,0.064566,15,497.93,1,2,2.82
MSFT,2026-09-24,2026-10-09,395.0,C,102.05,105.5,103.775,61.8656,0.972729,0.001007,-0.173197,0.063445,15,497.93,2,12,2.82
MSFT,2026-09-24,2026-10-09,400.0,C,97.1,100.5,98.8,59.351,0.970901,0.001107,-0.175296,0.066966,15,497.93,11,21,2.82
MSFT,2026-09-24,2026-10-09,405.0,C,92.4,95.55,93.975,58.5698,0.965103,0.001304,-0.194938,0.077808,15,497.93,2,19,2.82
MSFT,2026-09-24,2026-10-09,410.0,C,87.65,90.55,89.1,56.9829,0.960307,0.001489,-0.207498,0.086441,15,497.93,2,12,2.82
MSFT,2026-09-24,2026-10-09,415.0,C,82.45,85.6,84.025,53.3208,0.960364,0.001589,-0.197333,0.08634,15,497.93,1,14,2.82
MSFT,2026-09-24,2026-10-09,420.0,C,77.15,80.6,78.875,62.2074,0.923064,0.002298,-0.3443,0.145687,15,497.93,54,9,2.82
MSFT,2026-09-24,2026-10-09,425.0,C,72.25,75.65,73.95,59.2045,0.918261,0.002528,-0.343489,0.152521,15,497.93,54,72,2.82
MSFT,2026-09-24,2026-10-09,430.0,C,67.35,70.7,69.025,56.1894,0.912972,0.002792,-0.342179,0.159868,15,497.93,62,34,2.82
MSFT,2026-09-24,2026-10-09,435.0,C,62.35,65.75,64.05,53.1499,0.907147,0.003098,-0.340182,0.167755,15,497.93,58,35,2.82
MSFT,2026-09-24,2026-10-09,440.0,C,57.4,60.8,59.1,50.0859,0.900671,0.003454,-0.337475,0.176281,15,497.93,66,14,2.82
MSFT,2026-09-24,2026-10-09,445.0,C,52.5,55.9,54.2,47.2295,0.892353,0.003883,-0.337456,0.186877,15,497.93,56,10,2.82
MSFT,2026-09-24,2026-10-09,450.0,C,47.6,51.05,49.325,44.5562,0.881834,0.0044,-0.339865,0.19974,15,497.93,3,23,2.82
MSFT,2026-09-24,2026-10-09,455.0,C,42.55,46.2,44.375,41.7791,0.870051,0.005015,-0.340393,0.213477,15,497.93,1,9,2.82
MSFT,2026-09-24,2026-10-09,460.0,C,38.5,41.5,40.0,39.5026,0.853219,0.005763,-0.348126,0.231963,15,497.93,1,249,2.82
MSFT,2026-09-24,2026-10-09,465.0,C,33.4,36.8,35.1,37.0368,0.834254,0.006659,-0.352407,0.251301,15,497.93,3,52,2.82
MSFT,2026-09-24,2026-10-09,470.0,C,29.75,32.3,31.025,35.0531,0.808238,0.007713,-0.363096,0.275474,15,497.93,8,52,2.82
MSFT,2026-09-24,2026-10-09,475.0,C,25.3,28.0,26.65,33.3869,0.774905,0.008901,-0.376847,0.302807,15,497.93,2,41,2.82
MSFT,2026-09-24,2026-10-09,477.5,C,23.3,25.95,24.625,32.6911,0.755072,0.009525,-0.384718,0.317273,15,497.93,2,3,2.82
MSFT,2026-09-24,2026-10-09,480.0,C,21.6,23.65,22.625,31.1652,0.738433,0.010343,-0.379506,0.328431,15,497.93,4,47,2.82
MSFT,2026-09-24,2026-10-09,485.0,C,17.55,20.2,18.875,30.9455,0.683469,0.011396,-0.406306,0.359321,15,497.93,12,92,2.82
MSFT,2026-09-24,2026-10-09,487.5,C,15.95,17.4,16.675,27.79,0.667713,0.012946,-0.374657,0.366564,15,497.93,6,6,2.82
MSFT,2026-09-24,2026-10-09,490.0,C,14.5,15.6,15.05,27.1248,0.636776,0.013706,-0.376068,0.37879,15,497.93,64,174,2.82
MSFT,2026-09-24,2026-10-09,492.5,C,12.95,14.05,13.5,26.8959,0.602194,0.01421,-0.380957,0.389411,15,497.93,147,91,2.82
MSFT,2026-09-24,2026-10-09,495.0,C,11.5,12.4,11.95,26.2214,0.567123,0.014859,-0.377061,0.396983,15,497.93,234,265,2.82
MSFT,2026-09-24,2026-10-09,497.5,C,10.2,11.25,10.725,26.5419,0.529507,0.01485,-0.383426,0.401594,15,497.93,102,63,2.82
MSFT,2026-09-24,2026-10-09,500.0,C,9.0,9.35,9.175,24.839,0.490422,0.015907,-0.359491,0.40258,15,497.93,575,579,2.82
MSFT,2026-09-24,2026-10-09,502.5,C,7.5,8.55,8.025,25.5623,0.452981,0.015354,-0.364925,0.399896,15,497.93,104,129,2.82
MSFT,2026-09-24,2026-10-09,505.0,C,6.7,7.35,7.025,25.0923,0.413375,0.015378,-0.350968,0.393165,15,497.93,177,1279,2.82
MSFT,2026-09-24,2026-10-09,507.5,C,5.75,6.7,6.225,25.7637,0.379659,0.014637,-0.350301,0.384233,15,497.93,17,147,2.82
MSFT,2026-09-24,2026-10-09,510.0,C,5.0,5.35,5.175,24.4148,0.335273,0.014787,-0.317387,0.367859,15,497.93,3289,3117,2.82
MSFT,2026-09-24,2026-10-09,512.5,C,4.2,4.95,4.575,25.3425,0.307425,0.013741,-0.316245,0.354815,15,497.93,207,287,2.82
MSFT,2026-09-24,2026-10-09,515.0,C,3.6,3.95,3.775,24.3904,0.26658,0.013344,-0.283974,0.331624,15,497.93,85,1215,2.82
MSFT,2026-09-24,2026-10-09,517.5,C,3.05,3.65,3.35,25.2571,0.243635,0.012293,-0.279473,0.316369,15,497.93,36,10,2.82
MSFT,2026-09-24,2026-10-09,520.0,C,2.59,3.0,2.795,24.8543,0.211164,0.011525,-0.25319,0.291859,15,497.93,341,1162,2.82
MSFT,2026-09-24,2026-10-09,525.0,C,1.84,2.07,1.955,24.5613,0.157509,0.009714,-0.207536,0.243088,15,497.93,530,2194,2.82
MSFT,2026-09-24,2026-10-09,530.0,C,1.26,1.37,1.315,24.2134,0.112565,0.007821,-0.161844,0.192963,15,497.93,537,1165,2.82
MSFT,2026-09-24,2026-10-09,535.0,C,0.79,1.04,0.915,24.9153,0.086389,0.006263,-0.136729,0.158991,15,497.93,127,724,2.82
MSFT,2026-09-24,2026-10-09,540.0,C,0.53,0.75,0.64,25.3059,0.0639,0.004898,-0.110008,0.126302,15,497.93,66,5457,2.82
MSFT,2026-09-24,2026-10-09,545.0,C,0.38,0.62,0.5,26.4168,0.051689,0.003971,-0.096933,0.106896,15,497.93,118,5530,2.82
MSFT,2026-09-24,2026-10-09,550.0,C,0.33,0.4,0.365,26.2459,0.035048,0.00292,-0.070218,0.078084,15,497.93,167,909,2.82
MSFT,2026-09-24,2026-10-09,555.0,C,0.23,0.32,0.275,27.1003,0.027606,0.002321,-0.059399,0.064093,15,497.93,244,249,2.82
MSFT,2026-09-24,2026-10-09,560.0,C,0.13,0.26,0.195,28.0036,0.022134,0.001866,-0.050911,0.053251,15,497.93,12,185,2.82
MSFT,2026-09-24,2026-10-09,565.0,C,0.12,0.18,0.15,28.1745,0.015595,0.001377,-0.037969,0.039526,15,497.93,5,155,2.82
MSFT,2026-09-24,2026-10-09,570.0,C,0.05,0.3,0.175,32.1784,0.022005,0.001616,-0.05803,0.05299,15,497.93,2,111,2.82
MSFT,2026-09-24,2026-10-09,580.0,C,0.01,0.15,0.08,32.2761,0.011498,0.000924,-0.033309,0.03038,15,497.93,18,233,2.82
MSFT,2026-09-24,2026-10-09,590.0,C,0.02,0.11,0.065,33.985,0.00811,0.000647,-0.025808,0.022393,15,497.93,1,44,2.82
MSFT,2026-09-24,2026-10-09,600.0,C,0.01,0.13,0.07,37.6471,0.00858,0.000613,-0.029992,0.023529,15,497.93,1,113,2.82
MSFT,2026-09-24,2026-10-09,610.0,C,0.0,0.1,0.05,39.2584,0.006389,0.000454,-0.024089,0.018144,15,497.93,1,428,2.82
MSFT,2026-09-24,2026-10-09,620.0,C,0.0,0.1,0.05,41.9928,0.005978,0.0004,-0.024269,0.017107,15,497.93,1,9,2.82
MSFT,2026-09-24,2026-10-09,630.0,C,0.0,0.1,0.05,44.6295,0.005597,0.000355,-0.024305,0.016135,15,497.93,2,17,2.82
MSFT,2026-09-24,2026-10-09,640.0,C,0.0,0.48,0.24,52.5395,0.011076,0.000549,-0.052097,0.029409,15,497.93,3,14,2.82
MSFT,2026-09-24,2026-10-09,650.0,C,0.0,2.13,1.065,69.2386,0.034634,0.001096,-0.180286,0.077326,15,497.93,1,48,2.82
MSFT,2026-09-24,2026-10-09,660.0,C,0.0,2.0,1.0,71.6067,0.031652,0.000984,-0.173039,0.071799,15,497.93,2,3,2.82
MSFT,2026-09-24,2026-10-09,670.0,C,0.0,2.13,1.065,75.4885,0.032002,0.000942,-0.18399,0.072454,15,497.93,1,2,2.82
MSFT,2026-09-24,2026-10-09,680.0,C,0.0,1.56,0.78,74.6096,0.024207,0.000755,-0.144076,0.057421,15,497.93,1,3,2.82
MSFT,2026-09-24,2026-10-09,280.0,P,0.0,2.13,1.065,141.1136,-0.015339,0.000271,-0.182345,0.038967,15,497.93,10,11,2.82
MSFT,2026-09-24,2026-10-09,290.0,P,0.0,2.13,1.065,133.4964,-0.016218,0.000301,-0.180892,0.040875,15,497.93,0,10,2.82
MSFT,2026-09-24,2026-10-09,300.0,P,0.0,2.13,1.065,126.0746,-0.017139,0.000334,-0.179043,0.042853,15,497.93,0,11,2.82
MSFT,2026-09-24,2026-10-09,310.0,P,0.0,2.13,1.065,118.8969,-0.01815,0.000371,-0.177251,0.045002,15,497.93,1,4,2.82
MSFT,2026-09-24,2026-10-09,315.0,P,0.0,2.13,1.065,115.3813,-0.018685,0.000392,-0.176283,0.046129,15,497.93,4,15,2.82
MSFT,2026-09-24,2026-10-09,320.0,P,0.0,2.13,1.065,111.9389,-0.019262,0.000415,-0.17547,0.047339,15,497.93,2,4,2.82
MSFT,2026-09-24,2026-10-09,325.0,P,0.0,2.13,1.065,108.521,-0.019849,0.000439,-0.17446,0.048559,15,497.93,2,17,2.82
MSFT,2026-09-24,2026-10-09,330.0,P,0.0,2.13,1.065,105.1518,-0.020465,0.000465,-0.173448,0.049836,15,497.93,28,16,2.82
MSFT,2026-09-24,2026-10-09,335.0,P,0.0,2.13,1.065,101.8071,-0.021095,0.000493,-0.172254,0.051132,15,497.93,4,3,2.82
MSFT,2026-09-24,2026-10-09,340.0,P,0.0,2.13,1.065,98.5352,-0.021786,0.000523,-0.171275,0.052544,15,497.93,1,25,2.82
MSFT,2026-09-24,2026-10-09,345.0,P,0.0,2.13,1.065,95.2881,-0.022498,0.000556,-0.170142,0.05399,15,497.93,1,30,2.82
MSFT,2026-09-24,2026-10-09,350.0,P,0.0,2.13,1.065,92.0899,-0.02326,0.000592,-0.169061,0.055527,15,497.93,2,24,2.82
MSFT,2026-09-24,2026-10-09,355.0,P,0.0,2.13,1.065,88.9161,-0.024052,0.00063,-0.16784,0.057111,15,497.93,6,45,2.82
MSFT,2026-09-24,2026-10-09,360.0,P,0.0,0.08,0.04,55.6645,-0.001612,9.3e-05,-0.009665,0.005259,15,497.93,2,32,2.82
MSFT,2026-09-24,2026-10-09,365.0,P,0.0,0.1,0.05,54.688,-0.002041,0.000117,-0.011765,0.006518,15,497.93,1,27,2.82
MSFT,2026-09-24,2026-10-09,370.0,P,0.0,2.13,1.065,79.59,-0.026709,0.000769,-0.163838,0.062351,15,497.93,313,329,2.82
MSFT,2026-09-24,2026-10-09,375.0,P,0.0,0.07,0.035,52.1489,-0.002974,0.000172,-0.015756,0.009162,15,497.93,6,13,2.82
MSFT,2026-09-24,2026-10-09,380.0,P,0.0,0.08,0.04,50.6841,-0.003485,0.000205,-0.017656,0.010569,15,497.93,2,52,2.82
MSFT,2026-09-24,2026-10-09,385.0,P,0.01,0.07,0.04,47.7544,-0.003238,0.000203,-0.015562,0.009893,15,497.93,2,26,2.82
MSFT,2026-09-24,2026-10-09,390.0,P,0.01,0.12,0.065,48.5357,-0.005398,0.000316,-0.02497,0.015625,15,497.93,3,23,2.82
MSFT,2026-09-24,2026-10-09,395.0,P,0.02,0.13,0.075,46.6802,-0.006001,0.000361,-0.026364,0.017164,15,497.93,2,23,2.82
MSFT,2026-09-24,2026-10-09,400.0,P,0.03,0.11,0.07,43.5553,-0.00549,0.000357,-0.022716,0.015862,15,497.93,2,28,2.82
MSFT,2026-09-24,2026-10-09,405.0,P,0.02,0.12,0.07,41.7975,-0.006209,0.000415,-0.024295,0.017692,15,497.93,2,16,2.82
MSFT,2026-09-24,2026-10-09,410.0,P,0.02,0.16,0.09,41.065,-0.008294,0.000546,-0.030788,0.022838,15,497.93,21,156,2.82
MSFT,2026-09-24,2026-10-09,415.0,P,0.04,0.17,0.105,39.1608,-0.009247,0.00063,-0.032267,0.025123,15,497.93,7,44,2.82
MSFT,2026-09-24,2026-10-09,420.0,P,0.01,0.25,0.13,38.9655,-0.013367,0.000872,-0.044193,0.034612,15,497.93,61,435,2.82
MSFT,2026-09-24,2026-10-09,425.0,P,0.01,0.29,0.15,37.4518,-0.01594,0.001055,-0.049368,0.040273,15,497.93,3,120,2.82
MSFT,2026-09-24,2026-10-09,430.0,P,0.01,0.24,0.125,34.0583,-0.014514,0.001071,-0.041359,0.037158,15,497.93,11,186,2.82
MSFT,2026-09-24,2026-10-09,435.0,P,0.1,0.26,0.18,32.1296,-0.016477,0.001266,-0.043439,0.041434,15,497.93,12,491,2.82
MSFT,2026-09-24,2026-10-09,440.0,P,0.05,0.29,0.17,30.323,-0.019226,0.00153,-0.046679,0.047262,15,497.93,33,110,2.82
MSFT,2026-09-24,2026-10-09,445.0,P,0.25,0.39,0.32,29.4441,-0.026148,0.002042,-0.058635,0.061255,15,497.93,17,189,2.82
MSFT,2026-09-24,2026-10-09,450.0,P,0.4,0.5,0.45,28.2722,-0.034095,0.00265,-0.070004,0.076336,15,497.93,187,707,2.82
MSFT,2026-09-24,2026-10-09,455.0,P,0.48,0.71,0.595,27.6741,-0.047958,0.003571,-0.090163,0.100695,15,497.93,101,637,2.82
MSFT,2026-09-24,2026-10-09,460.0,P,0.82,0.98,0.9,26.9416,-0.065696,0.004701,-0.112158,0.129049,15,497.93,66,270,2.82
MSFT,2026-09-24,2026-10-09,465.0,P,1.07,1.35,1.21,26.2459,-0.089473,0.006103,-0.137691,0.163204,15,497.93,35,330,2.82
MSFT,2026-09-24,2026-10-09,470.0,P,1.54,1.91,1.725,25.8186,-0.122814,0.007802,-0.169638,0.20524,15,497.93,340,529,2.82
MSFT,2026-09-24,2026-10-09,472.5,P,1.96,2.19,2.075,25.3303,-0.140271,0.008716,-0.181956,0.224966,15,497.93,3,39,2.82
MSFT,2026-09-24,2026-10-09,475.0,P,2.25,2.74,2.495,25.6843,-0.167625,0.009673,-0.207154,0.253136,15,497.93,391,367,2.82
MSFT,2026-09-24,2026-10-09,477.5,P,2.73,3.2,2.965,25.4524,-0.192105,0.010634,-0.223,0.275776,15,497.93,365,33,2.82
MSFT,2026-09-24,2026-10-09,480.0,P,3.25,3.5,3.375,24.5247,-0.212978,0.011738,-0.227626,0.293322,15,497.93,152,609,2.82
MSFT,2026-09-24,2026-10-09,482.5,P,3.4,4.45,3.925,25.3914,-0.251505,0.012438,-0.257956,0.321788,15,497.93,70,40,2.82
MSFT,2026-09-24,2026-10-09,485.0,P,4.0,4.95,4.475,24.6834,-0.27953,0.0135,-0.263339,0.339514,15,497.93,140,304,2.82
MSFT,2026-09-24,2026-10-09,487.5,P,5.0,5.95,5.475,25.1289,-0.317805,0.014058,-0.283256,0.359933,15,497.93,90,37,2.82
MSFT,2026-09-24,2026-10-09,490.0,P,6.0,6.55,6.275,24.2897,-0.350264,0.015111,-0.282701,0.373987,15,497.93,66,630,2.82
MSFT,2026-09-24,2026-10-09,492.5,P,6.65,7.7,7.175,24.6284,-0.39048,0.015439,-0.295601,0.387425,15,497.93,151,33,2.82
MSFT,2026-09-24,2026-10-09,495.0,P,7.4,8.5,7.95,23.8716,-0.428303,0.016288,-0.290605,0.396175,15,497.93,23,409,2.82
MSFT,2026-09-24,2026-10-09,497.5,P,8.5,9.6,9.05,23.6092,-0.469347,0.016691,-0.288939,0.401507,15,497.93,11,246,2.82
MSFT,2026-09-24,2026-10-09,500.0,P,9.9,10.95,10.425,23.7129,-0.510965,0.016661,-0.288691,0.402544,15,497.93,35,282,2.82
MSFT,2026-09-24,2026-10-09,502.5,P,10.9,12.6,11.75,24.305,-0.550474,0.016131,-0.291772,0.399469,15,497.93,1,29,2.82
MSFT,2026-09-24,2026-10-09,505.0,P,12.35,14.15,13.25,24.427,-0.589477,0.015771,-0.285409,0.392525,15,497.93,1,138,2.82
MSFT,2026-09-24,2026-10-09,507.5,P,14.2,15.25,14.725,23.1697,-0.635415,0.016065,-0.25605,0.379269,15,497.93,24,8,2.82
MSFT,2026-09-24,2026-10-09,510.0,P,15.75,17.3,16.525,24.1035,-0.666957,0.014939,-0.255938,0.366895,15,497.93,5,149,2.82
MSFT,2026-09-24,2026-10-09,515.0,P,18.7,21.1,19.9,24.6284,-0.731279,0.013269,-0.230513,0.332963,15,497.93,2,93,2.82
MSFT,2026-09-24,2026-10-09,517.5,P,21.1,22.8,21.95,23.951,-0.768909,0.012593,-0.200241,0.307317,15,497.93,14,17,2.82
MSFT,2026-09-24,2026-10-09,520.0,P,22.45,25.1,23.775,24.9641,-0.787749,0.011509,-0.197188,0.292737,15,497.93,18,180,2.82
MSFT,2026-09-24,2026-10-09,525.0,P,26.55,30.0,28.275,27.7839,-0.811127,0.009641,-0.204509,0.272918,15,497.93,2,142,2.82
MSFT,2026-09-24,2026-10-09,530.0,P,31.05,34.5,32.775,28.8825,-0.843323,0.008232,-0.182684,0.242243,15,497.93,4,14,2.82
MSFT,2026-09-24,2026-10-09,535.0,P,35.75,39.15,37.45,30.1887,-0.867666,0.007028,-0.165133,0.216176,15,497.93,1,3,2.82
MSFT,2026-09-24,2026-10-09,540.0,P,41.05,43.9,42.475,31.6413,-0.886162,0.006034,-0.151202,0.194518,15,497.93,0,1,2.82
MSFT,2026-09-24,2026-10-09,545.0,P,45.45,49.05,47.25,34.9067,-0.888284,0.005396,-0.168665,0.191922,15,497.93,1,3,2.82
MSFT,2026-09-24,2026-10-09,550.0,P,50.45,54.0,52.225,37.1222,-0.896488,0.004803,-0.169134,0.181658,15,497.93,8,1,2.82
MSFT,2026-09-24,2026-10-09,560.0,P,60.45,63.8,62.125,40.7232,-0.913322,0.003841,-0.158685,0.159389,15,497.93,1,0,2.82
MSFT,2026-09-24,2026-10-09,565.0,P,65.45,68.8,67.125,42.9815,-0.917359,0.003512,-0.16188,0.153788,15,497.93,0,0,2.82
MSFT,2026-09-24,2026-10-16,210.0,C,286.8,290.5,288.65,159.9611,0.991825,0.000114,-0.122112,0.02731,22,497.93,2,39,2.82
MSFT,2026-09-24,2026-10-16,220.0,C,276.8,280.55,278.675,152.7346,0.991163,0.000128,-0.125401,0.029241,22,497.93,1,42,2.82
MSFT,2026-09-24,2026-10-16,270.0,C,226.85,230.65,228.75,119.2387,0.987631,0.00022,-0.13548,0.039198,22,497.93,1,21,2.82
MSFT,2026-09-24,2026-10-16,280.0,C,216.7,220.75,218.725,112.354,0.987252,0.00024,-0.13309,0.040236,22,497.93,1,29,2.82
MSFT,2026-09-24,2026-10-16,300.0,C,196.9,200.8,198.85,102.6372,0.984083,0.000318,-0.146018,0.048714,22,497.93,1,242,2.82
MSFT,2026-09-24,2026-10-16,310.0,C,186.95,190.8,188.875,97.1924,0.98281,0.000358,-0.148356,0.052031,22,497.93,1,76,2.82
MSFT,2026-09-24,2026-10-16,315.0,C,182.0,185.85,183.925,95.1172,0.981604,0.000388,-0.153082,0.055129,22,497.93,1,53,2.82
MSFT,2026-09-24,2026-10-16,320.0,C,177.0,180.85,178.925,92.2608,0.981056,0.00041,-0.152953,0.056524,22,497.93,2,135,2.82
MSFT,2026-09-24,2026-10-16,330.0,C,167.0,170.4,168.7,83.0568,0.983471,0.000405,-0.130679,0.050316,22,497.93,3,131,2.82
MSFT,2026-09-24,2026-10-16,335.0,C,164.95,168.35,166.65,109.4487,0.947216,0.000805,-0.361377,0.131632,22,497.93,9,33,2.82
MSFT,2026-09-24,2026-10-16,340.0,C,157.0,160.9,158.95,81.5432,0.978207,0.000522,-0.154454,0.06365,22,497.93,1,85,2.82
MSFT,2026-09-24,2026-10-16,345.0,C,152.1,155.95,154.025,79.8342,0.97629,0.000573,-0.16093,0.068337,22,497.93,1,143,2.82
MSFT,2026-09-24,2026-10-16,350.0,C,147.05,150.95,149.0,76.8313,0.975935,0.000603,-0.158305,0.069196,22,497.93,1,334,2.82
MSFT,2026-09-24,2026-10-16,355.0,C,142.1,146.0,144.05,74.8049,0.974261,0.000655,-0.162401,0.073211,22,497.93,2,421,2.82
MSFT,2026-09-24,2026-10-16,360.0,C,137.05,141.0,139.025,71.8753,0.973826,0.000691,-0.159751,0.074246,22,497.93,1,1128,2.82
MSFT,2026-09-24,2026-10-16,365.0,C,132.0,136.0,134.0,68.97,0.973397,0.00073,-0.156975,0.075261,22,497.93,1,307,2.82
MSFT,2026-09-24,2026-10-16,370.0,C,127.55,130.8,129.175,68.3109,0.969199,0.000833,-0.171296,0.085015,22,497.93,2,999,2.82
MSFT,2026-09-24,2026-10-16,375.0,C,122.1,126.05,124.075,64.6854,0.969962,0.000861,-0.162328,0.083266,22,497.93,6,1130,2.82
MSFT,2026-09-24,2026-10-16,380.0,C,117.4,120.85,119.125,62.6469,0.967859,0.000941,-0.165732,0.088062,22,497.93,1,1956,2.82
MSFT,2026-09-24,2026-10-16,385.0,C,112.1,116.1,114.1,59.8637,0.967138,0.001003,-0.162893,0.089688,22,497.93,1,1333,2.82
MSFT,2026-09-24,2026-10-16,390.0,C,107.95,110.85,109.4,60.059,0.959706,0.001181,-0.185634,0.105973,22,497.93,2,2574,2.82
MSFT,2026-09-24,2026-10-16,395.0,C,102.45,106.15,104.3,56.6411,0.960153,0.001241,-0.176761,0.105016,22,497.93,2,1621,2.82
MSFT,2026-09-24,2026-10-16,400.0,C,97.9,100.95,99.425,55.1274,0.955798,0.001386,-0.184975,0.114215,22,497.93,10,2780,2.82
MSFT,2026-09-24,2026-10-16,405.0,C,93.05,96.0,94.525,53.3208,0.951763,0.001538,-0.190665,0.122514,22,497.93,7,3528,2.82
MSFT,2026-09-24,2026-10-16,410.0,C,87.55,91.25,89.4,60.8036,0.918142,0.002035,-0.296246,0.184915,22,497.93,3,2290,2.82
MSFT,2026-09-24,2026-10-16,415.0,C,82.45,86.3,84.375,58.1669,0.913765,0.002212,-0.295223,0.19229,22,497.93,1,1526,2.82
MSFT,2026-09-24,2026-10-16,420.0,C,77.8,81.1,79.45,54.3523,0.913183,0.002379,-0.280294,0.19326,22,497.93,38,4187,2.82
MSFT,2026-09-24,2026-10-16,425.0,C,72.85,76.2,74.525,51.9719,0.907283,0.002613,-0.281492,0.202941,22,497.93,8,1328,2.82
MSFT,2026-09-24,2026-10-16,430.0,C,68.4,71.25,69.825,49.3413,0.901757,0.002872,-0.279512,0.211776,22,497.93,5,1156,2.82
MSFT,2026-09-24,2026-10-16,435.0,C,62.9,66.35,64.625,46.9122,0.894717,0.003177,-0.279642,0.222719,22,497.93,3,1147,2.82
MSFT,2026-09-24,2026-10-16,440.0,C,58.35,61.5,59.925,44.6356,0.886061,0.003534,-0.281368,0.235721,22,497.93,3,2302,2.82
MSFT,2026-09-24,2026-10-16,445.0,C,54.05,56.7,55.375,42.481,0.875593,0.003951,-0.28435,0.250812,22,497.93,5,876,2.82
MSFT,2026-09-24,2026-10-16,450.0,C,49.3,51.45,50.375,38.6481,0.872852,0.004409,-0.266306,0.254654,22,497.93,21,7692,2.82
MSFT,2026-09-24,2026-10-16,455.0,C,44.6,47.15,45.875,38.0866,0.850183,0.005004,-0.288371,0.284794,22,497.93,6,1103,2.82
MSFT,2026-09-24,2026-10-16,460.0,C,39.45,41.95,40.7,34.4062,0.843577,0.0057,-0.271222,0.293058,22,497.93,74,3440,2.82
MSFT,2026-09-24,2026-10-16,465.0,C,35.45,37.45,36.45,32.8376,0.821066,0.006512,-0.279821,0.319577,22,497.93,51,1559,2.82
MSFT,2026-09-24,2026-10-16,470.0,C,31.5,32.95,32.225,31.031,0.796168,0.007465,-0.284564,0.346152,22,497.93,79,4589,2.82
MSFT,2026-09-24,2026-10-16,472.5,C,29.1,31.5,30.3,32.1113,0.768973,0.007755,-0.310674,0.372122,22,497.93,1,11,2.82
MSFT,2026-09-24,2026-10-16,475.0,C,27.3,29.55,28.425,31.7329,0.750343,0.008186,-0.318245,0.388185,22,497.93,20,1493,2.82
MSFT,2026-09-24,2026-10-16,477.5,C,25.1,27.55,26.325,31.1286,0.731876,0.008659,-0.322446,0.402787,22,497.93,0,10,2.82
MSFT,2026-09-24,2026-10-16,480.0,C,23.5,24.35,23.925,27.6496,0.729173,0.009797,-0.292077,0.404818,22,497.93,208,3963,2.82
MSFT,2026-09-24,2026-10-16,482.5,C,21.5,23.1,22.3,28.6415,0.697665,0.009965,-0.31373,0.426526,22,497.93,39,18,2.82
MSFT,2026-09-24,2026-10-16,485.0,C,19.6,20.95,20.275,27.4574,0.67738,0.01069,-0.308933,0.43865,22,497.93,10,1746,2.82
MSFT,2026-09-24,2026-10-16,487.5,C,17.95,19.45,18.7,27.5703,0.649073,0.011,-0.317797,0.453232,22,497.93,83,21,2.82
MSFT,2026-09-24,2026-10-16,490.0,C,16.75,17.7,17.225,27.0149,0.622551,0.011506,-0.317716,0.464494,22,497.93,425,7732,2.82
MSFT,2026-09-24,2026-10-16,492.5,C,15.15,16.0,15.575,26.429,0.594534,0.012,-0.315838,0.473932,22,497.93,178,133,2.82
MSFT,2026-09-24,2026-10-16,495.0,C,13.7,14.55,14.125,26.2153,0.564337,0.012286,-0.316437,0.481334,22,497.93,742,5963,2.82
MSFT,2026-09-24,2026-10-16,497.5,C,12.4,12.95,12.675,25.5501,0.533561,0.012728,-0.31032,0.485963,22,497.93,159,176,2.82
MSFT,2026-09-24,2026-10-16,500.0,C,11.25,11.55,11.4,25.132,0.501337,0.012985,-0.305059,0.487687,22,497.93,3816,25486,2.82
MSFT,2026-09-24,2026-10-16,502.5,C,9.9,10.35,10.125,24.958,0.468735,0.013036,-0.300611,0.486191,22,497.93,27,264,2.82
MSFT,2026-09-24,2026-10-16,505.0,C,8.8,9.25,9.025,24.8268,0.4362,0.012976,-0.2948,0.48144,22,497.93,216,2758,2.82
MSFT,2026-09-24,2026-10-16,507.5,C,7.9,8.25,8.075,24.7414,0.404129,0.012808,-0.287758,0.473539,22,497.93,85,241,2.82
MSFT,2026-09-24,2026-10-16,510.0,C,7.05,7.25,7.15,24.4881,0.371627,0.012631,-0.277042,0.462217,22,497.93,4953,41061,2.82
MSFT,2026-09-24,2026-10-16,512.5,C,6.05,6.45,6.25,24.5064,0.341441,0.012251,-0.268091,0.448644,22,497.93,88,190,2.82
MSFT,2026-09-24,2026-10-16,515.0,C,5.4,5.7,5.55,24.4759,0.312032,0.011824,-0.257253,0.432499,22,497.93,990,4683,2.82
MSFT,2026-09-24,2026-10-16,517.5,C,4.55,5.0,4.775,24.4057,0.283491,0.01135,-0.244784,0.413972,22,497.93,90,281,2.82
MSFT,2026-09-24,2026-10-16,520.0,C,4.0,4.35,4.175,24.2927,0.255833,0.010831,-0.230799,0.393212,22,497.93,5079,11764,2.82
MSFT,2026-09-24,2026-10-16,525.0,C,3.15,3.3,3.225,24.2409,0.206515,0.00963,-0.20328,0.348852,22,497.93,645,4645,2.82
MSFT,2026-09-24,2026-10-16,530.0,C,2.31,2.49,2.4,24.2744,0.164431,0.008347,-0.175883,0.302775,22,497.93,751,12008,2.82
MSFT,2026-09-24,2026-10-16,535.0,C,1.77,1.91,1.84,24.5308,0.131039,0.007093,-0.152031,0.260032,22,497.93,806,2528,2.82
MSFT,2026-09-24,2026-10-16,540.0,C,1.33,1.4,1.365,24.5247,0.100927,0.005893,-0.125833,0.215989,22,497.93,1880,5981,2.82
MSFT,2026-09-24,2026-10-16,545.0,C,0.95,1.05,1.0,24.7322,0.078262,0.004836,-0.104696,0.17874,22,497.93,1058,20454,2.82
MSFT,2026-09-24,2026-10-16,550.0,C,0.73,0.78,0.755,24.9275,0.060032,0.003911,-0.08578,0.145683,22,497.93,1445,58695,2.82
MSFT,2026-09-24,2026-10-16,555.0,C,0.53,0.6,0.565,25.3181,0.046951,0.003169,-0.071527,0.119892,22,497.93,53,7143,2.82
MSFT,2026-09-24,2026-10-16,560.0,C,0.38,0.71,0.545,27.8694,0.049787,0.003017,-0.082273,0.125651,22,497.93,41,8370,2.82
MSFT,2026-09-24,2026-10-16,565.0,C,0.27,0.39,0.33,26.49,0.030546,0.002133,-0.052484,0.08443,22,497.93,10,877,2.82
MSFT,2026-09-24,2026-10-16,570.0,C,0.2,0.29,0.245,26.7097,0.023227,0.001683,-0.042029,0.067164,22,497.93,125,18822,2.82
MSFT,2026-09-24,2026-10-16,575.0,C,0.19,0.27,0.23,27.8328,0.020874,0.001476,-0.039953,0.061375,22,497.93,53,1369,2.82
MSFT,2026-09-24,2026-10-16,580.0,C,0.15,0.18,0.165,27.5886,0.014538,0.001093,-0.029044,0.045065,22,497.93,413,3452,2.82
MSFT,2026-09-24,2026-10-16,585.0,C,0.07,0.18,0.125,28.907,0.013878,0.001002,-0.029197,0.043298,22,497.93,5,408,2.82
MSFT,2026-09-24,2026-10-16,590.0,C,0.08,0.12,0.1,28.6628,0.009616,0.000735,-0.021032,0.031485,22,497.93,13,1881,2.82
MSFT,2026-09-24,2026-10-16,595.0,C,0.06,0.11,0.085,29.5905,0.00862,0.000647,-0.019709,0.028612,22,497.93,2,17476,2.82
MSFT,2026-09-24,2026-10-16,600.0,C,0.07,0.1,0.085,30.4206,0.007621,0.000565,-0.018164,0.025675,22,497.93,23,8130,2.82
MSFT,2026-09-24,2026-10-16,605.0,C,0.03,0.09,0.06,31.2507,0.006788,0.000496,-0.016834,0.023184,22,497.93,13,564,2.82
MSFT,2026-09-24,2026-10-16,610.0,C,0.01,0.08,0.045,31.9343,0.005888,0.000428,-0.015155,0.020442,22,497.93,1,512,2.82
MSFT,2026-09-24,2026-10-16,615.0,C,0.01,0.1,0.055,33.8874,0.006811,0.000459,-0.018277,0.023254,22,497.93,3,163,2.82
MSFT,2026-09-24,2026-10-16,620.0,C,0.01,0.07,0.04,33.6921,0.004944,0.000348,-0.013667,0.017499,22,497.93,6,3057,2.82
MSFT,2026-09-24,2026-10-16,625.0,C,0.0,0.12,0.06,36.9147,0.007434,0.000455,-0.021475,0.025119,22,497.93,2,289,2.82
MSFT,2026-09-24,2026-10-16,630.0,C,0.0,0.12,0.06,38.0377,0.007217,0.000431,-0.021544,0.024472,22,497.93,5,344,2.82
MSFT,2026-09-24,2026-10-16,635.0,C,0.0,0.08,0.04,37.403,0.005005,0.000317,-0.01531,0.017693,22,497.93,4,208,2.82
MSFT,2026-09-24,2026-10-16,640.0,C,0.0,0.14,0.07,41.0162,0.007803,0.000428,-0.024856,0.026215,22,497.93,12,716,2.82
MSFT,2026-09-24,2026-10-16,645.0,C,0.0,0.1,0.05,40.5279,0.00576,0.000331,-0.018773,0.020045,22,497.93,4,189,2.82
MSFT,2026-09-24,2026-10-16,650.0,C,0.0,0.07,0.035,40.0397,0.004181,0.000252,-0.013936,0.015067,22,497.93,22,191,2.82
MSFT,2026-09-24,2026-10-16,655.0,C,0.0,0.11,0.055,43.067,0.005917,0.000319,-0.020413,0.020531,22,497.93,1,252,2.82
MSFT,2026-09-24,2026-10-16,660.0,C,0.0,0.01,0.005,35.1569,0.000704,5.7e-05,-0.002419,0.00298,22,497.93,14,2455,2.82
MSFT,2026-09-24,2026-10-16,665.0,C,0.0,0.08,0.04,43.5553,0.004278,0.000236,-0.015453,0.015379,22,497.93,2,259,2.82
MSFT,2026-09-24,2026-10-16,670.0,C,0.0,0.18,0.09,48.8286,0.008296,0.000379,-0.031145,0.027666,22,497.93,1,34,2.82
MSFT,2026-09-24,2026-10-16,675.0,C,0.0,0.03,0.015,41.4068,0.001761,0.000112,-0.006594,0.006906,22,497.93,20,250,2.82
MSFT,2026-09-24,2026-10-16,680.0,C,0.0,0.07,0.035,45.899,0.0036,0.000192,-0.01394,0.013178,22,497.93,12,2134,2.82
MSFT,2026-09-24,2026-10-16,210.0,P,0.0,0.05,0.025,111.7192,-0.000494,1.3e-05,-0.005428,0.002149,22,497.93,2,435,2.82
MSFT,2026-09-24,2026-10-16,220.0,P,0.0,0.05,0.025,105.4692,-0.000495,1.4e-05,-0.005127,0.002151,22,497.93,18,264,2.82
MSFT,2026-09-24,2026-10-16,230.0,P,0.0,0.05,0.025,100.0005,-0.000521,1.5e-05,-0.005101,0.002258,22,497.93,1,1549,2.82
MSFT,2026-09-24,2026-10-16,240.0,P,0.0,0.03,0.015,90.6251,-0.000334,1.1e-05,-0.003057,0.001494,22,497.93,7,393,2.82
MSFT,2026-09-24,2026-10-16,250.0,P,0.0,0.03,0.015,85.9376,-0.000359,1.2e-05,-0.003098,0.001597,22,497.93,2,1225,2.82
MSFT,2026-09-24,2026-10-16,260.0,P,0.0,0.04,0.02,83.5939,-0.000518,1.8e-05,-0.004233,0.002244,22,497.93,25,411,2.82
MSFT,2026-09-24,2026-10-16,270.0,P,0.0,0.05,0.025,80.4689,-0.000665,2.4e-05,-0.005136,0.00283,22,497.93,1,1513,2.82
MSFT,2026-09-24,2026-10-16,280.0,P,0.0,0.08,0.04,78.9065,-0.001031,3.6e-05,-0.007531,0.004233,22,497.93,28,1000,2.82
MSFT,2026-09-24,2026-10-16,285.0,P,0.0,2.16,1.08,114.7465,-0.016577,0.000294,-0.13052,0.05044,22,497.93,1,214,2.82
MSFT,2026-09-24,2026-10-16,290.0,P,0.0,0.08,0.04,74.6096,-0.001121,4.1e-05,-0.007684,0.00457,22,497.93,11,1485,2.82
MSFT,2026-09-24,2026-10-16,295.0,P,0.0,2.0,1.0,107.105,-0.01652,0.000314,-0.121405,0.05029,22,497.93,15,2567,2.82
MSFT,2026-09-24,2026-10-16,300.0,P,0.01,0.03,0.02,66.016,-0.000636,2.7e-05,-0.004033,0.002712,22,497.93,3,10041,2.82
MSFT,2026-09-24,2026-10-16,305.0,P,0.0,0.14,0.07,71.8753,-0.00199,7.2e-05,-0.012485,0.007714,22,497.93,102,1471,2.82
MSFT,2026-09-24,2026-10-16,310.0,P,0.01,0.07,0.04,66.016,-0.001264,5.2e-05,-0.007579,0.0051,22,497.93,23,3210,2.82
MSFT,2026-09-24,2026-10-16,315.0,P,0.02,0.06,0.04,63.8675,-0.001288,5.4e-05,-0.00746,0.005191,22,497.93,14,6735,2.82
MSFT,2026-09-24,2026-10-16,320.0,P,0.0,0.94,0.47,82.1779,-0.010597,0.000279,-0.063375,0.034271,22,497.93,5,6452,2.82
MSFT,2026-09-24,2026-10-16,325.0,P,0.0,0.1,0.05,61.1332,-0.001673,7.2e-05,-0.009059,0.00659,22,497.93,2,1756,2.82
MSFT,2026-09-24,2026-10-16,330.0,P,0.02,0.07,0.045,58.5942,-0.001596,7.2e-05,-0.008314,0.006313,22,497.93,1,2567,2.82
MSFT,2026-09-24,2026-10-16,335.0,P,0.0,0.1,0.05,57.0317,-0.001761,8.1e-05,-0.008846,0.006904,22,497.93,5,1589,2.82
MSFT,2026-09-24,2026-10-16,340.0,P,0.0,0.13,0.065,56.6411,-0.002322,0.000105,-0.01129,0.008875,22,497.93,8,2265,2.82
MSFT,2026-09-24,2026-10-16,345.0,P,0.03,0.07,0.05,53.1255,-0.001883,9.2e-05,-0.008749,0.007336,22,497.93,3,2130,2.82
MSFT,2026-09-24,2026-10-16,350.0,P,0.05,0.1,0.075,53.5161,-0.002825,0.000132,-0.012721,0.010593,22,497.93,50,10519,2.82
MSFT,2026-09-24,2026-10-16,355.0,P,0.01,0.08,0.045,51.856,-0.003067,0.000147,-0.013269,0.011409,22,497.93,5,2121,2.82
MSFT,2026-09-24,2026-10-16,360.0,P,0.03,0.14,0.085,50.1958,-0.003329,0.000164,-0.013818,0.012281,22,497.93,3,6056,2.82
MSFT,2026-09-24,2026-10-16,365.0,P,0.05,0.15,0.1,51.563,-0.005607,0.000254,-0.022614,0.019574,22,497.93,1,1823,2.82
MSFT,2026-09-24,2026-10-16,370.0,P,0.08,0.09,0.085,46.6802,-0.003794,0.000198,-0.014436,0.013813,22,497.93,13,3854,2.82
MSFT,2026-09-24,2026-10-16,375.0,P,0.01,0.11,0.06,45.8013,-0.004667,0.000243,-0.017036,0.016624,22,497.93,22,1405,2.82
MSFT,2026-09-24,2026-10-16,380.0,P,0.01,0.14,0.075,45.1177,-0.005907,0.000304,-0.02068,0.020499,22,497.93,13,4523,2.82
MSFT,2026-09-24,2026-10-16,385.0,P,0.08,0.16,0.12,43.9459,-0.006933,0.00036,-0.023192,0.02362,22,497.93,1,2082,2.82
MSFT,2026-09-24,2026-10-16,390.0,P,0.1,0.19,0.145,42.8717,-0.008262,0.00043,-0.026385,0.027567,22,497.93,6,8394,2.82
MSFT,2026-09-24,2026-10-16,395.0,P,0.04,0.3,0.17,43.6041,-0.012557,0.000609,-0.038633,0.039714,22,497.93,1,1720,2.82
MSFT,2026-09-24,2026-10-16,400.0,P,0.11,0.16,0.135,38.0866,-0.007867,0.000464,-0.022404,0.026403,22,497.93,172,7032,2.82
MSFT,2026-09-24,2026-10-16,405.0,P,0.11,0.3,0.205,39.4781,-0.013724,0.000727,-0.037687,0.042883,22,497.93,3,1646,2.82
MSFT,2026-09-24,2026-10-16,410.0,P,0.1,0.21,0.155,35.5475,-0.010777,0.000655,-0.02748,0.034777,22,497.93,18,2308,2.82
MSFT,2026-09-24,2026-10-16,415.0,P,0.1,0.24,0.17,34.278,-0.012675,0.000782,-0.030464,0.040035,22,497.93,40,1633,2.82
MSFT,2026-09-24,2026-10-16,420.0,P,0.2,0.27,0.235,32.862,-0.014614,0.000922,-0.032975,0.045269,22,497.93,19,7782,2.82
MSFT,2026-09-24,2026-10-16,425.0,P,0.27,0.31,0.29,31.5681,-0.017265,0.001107,-0.036483,0.052225,22,497.93,94,1629,2.82
MSFT,2026-09-24,2026-10-16,430.0,P,0.33,0.38,0.355,30.5671,-0.02145,0.001375,-0.042405,0.062802,22,497.93,32,2479,2.82
MSFT,2026-09-24,2026-10-16,435.0,P,0.41,0.5,0.455,29.9201,-0.0281,0.001762,-0.051964,0.078777,22,497.93,28,2335,2.82
MSFT,2026-09-24,2026-10-16,440.0,P,0.54,0.65,0.595,29.2243,-0.036412,0.002234,-0.062726,0.097572,22,497.93,286,5755,2.82
MSFT,2026-09-24,2026-10-16,445.0,P,0.69,0.79,0.74,28.1501,-0.044924,0.002751,-0.071467,0.115716,22,497.93,35,2852,2.82
MSFT,2026-09-24,2026-10-16,450.0,P,0.95,1.02,0.985,27.4177,-0.057779,0.00345,-0.084794,0.141376,22,497.93,424,5284,2.82
MSFT,2026-09-24,2026-10-16,455.0,P,1.2,1.35,1.275,26.8684,-0.07536,0.004326,-0.101747,0.173679,22,497.93,197,2851,2.82
MSFT,2026-09-24,2026-10-16,460.0,P,1.61,1.77,1.69,26.2947,-0.097208,0.005348,-0.120017,0.210138,22,497.93,326,4542,2.82
MSFT,2026-09-24,2026-10-16,465.0,P,2.18,2.33,2.255,25.8064,-0.125004,0.006525,-0.140435,0.251653,22,497.93,1326,3914,2.82
MSFT,2026-09-24,2026-10-16,470.0,P,2.75,3.0,2.875,25.1961,-0.157743,0.007826,-0.159699,0.294681,22,497.93,693,9798,2.82
MSFT,2026-09-24,2026-10-16,472.5,P,3.15,3.5,3.325,25.19,-0.179251,0.008499,-0.17287,0.319933,22,497.93,121,2509,2.82
MSFT,2026-09-24,2026-10-16,475.0,P,3.7,3.9,3.8,24.7444,-0.198557,0.009215,-0.180226,0.340751,22,497.93,385,3967,2.82
MSFT,2026-09-24,2026-10-16,477.5,P,3.95,4.6,4.275,24.9611,-0.225332,0.009837,-0.195201,0.366936,22,497.93,209,124,2.82
MSFT,2026-09-24,2026-10-16,480.0,P,4.7,5.05,4.875,24.3782,-0.2471,0.010597,-0.199681,0.38606,22,497.93,464,7297,2.82
MSFT,2026-09-24,2026-10-16,482.5,P,5.35,5.85,5.6,24.5003,-0.276198,0.011165,-0.2117,0.408772,22,497.93,153,185,2.82
MSFT,2026-09-24,2026-10-16,485.0,P,5.9,6.45,6.175,23.9937,-0.302324,0.011895,-0.215159,0.426519,22,497.93,275,5551,2.82
MSFT,2026-09-24,2026-10-16,487.5,P,6.65,7.55,7.1,24.4362,-0.335881,0.012208,-0.228186,0.445815,22,497.93,236,321,2.82
MSFT,2026-09-24,2026-10-16,490.0,P,7.7,8.1,7.9,23.5329,-0.36347,0.013047,-0.224413,0.458843,22,497.93,2292,5609,2.82
MSFT,2026-09-24,2026-10-16,492.5,P,8.5,9.4,8.95,24.0395,-0.39865,0.013135,-0.23472,0.471866,22,497.93,35,93,2.82
MSFT,2026-09-24,2026-10-16,495.0,P,9.4,10.5,9.95,23.9571,-0.43194,0.013423,-0.236613,0.480575,22,497.93,403,3077,2.82
MSFT,2026-09-24,2026-10-16,497.5,P,10.6,11.3,10.95,23.1056,-0.465408,0.014071,-0.228144,0.485855,22,497.93,35,164,2.82
MSFT,2026-09-24,2026-10-16,500.0,P,12.1,12.7,12.4,23.2918,-0.500431,0.014011,-0.229076,0.487689,22,497.93,329,9065,2.82
MSFT,2026-09-24,2026-10-16,502.5,P,13.1,14.2,13.65,23.5115,-0.534639,0.013828,-0.228468,0.48585,22,497.93,4,100,2.82
MSFT,2026-09-24,2026-10-16,505.0,P,14.5,15.6,15.05,23.3589,-0.569232,0.01376,-0.22178,0.480327,22,497.93,77,1616,2.82
MSFT,2026-09-24,2026-10-16,507.5,P,15.9,17.15,16.525,23.3467,-0.602837,0.013511,-0.214874,0.471395,22,497.93,25,146,2.82
MSFT,2026-09-24,2026-10-16,510.0,P,17.5,18.65,18.075,23.0568,-0.637394,0.013306,-0.202916,0.458473,22,497.93,55,1195,2.82
MSFT,2026-09-24,2026-10-16,512.5,P,19.2,20.3,19.75,22.9134,-0.670387,0.012923,-0.191093,0.442503,22,497.93,65,9,2.82
MSFT,2026-09-24,2026-10-16,515.0,P,20.8,22.1,21.45,22.9317,-0.70091,0.012386,-0.17998,0.424454,22,497.93,5,351,2.82
MSFT,2026-09-24,2026-10-16,517.5,P,22.55,24.4,23.475,24.0059,-0.720062,0.01147,-0.181939,0.411463,22,497.93,22,8,2.82
MSFT,2026-09-24,2026-10-16,520.0,P,23.65,26.25,24.95,23.8716,-0.74821,0.010931,-0.16724,0.389938,22,497.93,31,1032,2.82
MSFT,2026-09-24,2026-10-16,525.0,P,27.65,30.2,28.925,23.7617,-0.798498,0.009681,-0.138114,0.343782,22,497.93,1,223,2.82
MSFT,2026-09-24,2026-10-16,530.0,P,31.9,34.45,33.175,23.9265,-0.839271,0.008343,-0.111949,0.298322,22,497.93,1,513,2.82
MSFT,2026-09-24,2026-10-16,535.0,P,36.75,38.9,37.825,24.2317,-0.872037,0.007064,-0.088283,0.255788,22,497.93,1,107,2.82
MSFT,2026-09-24,2026-10-16,540.0,P,41.4,43.75,42.575,25.7698,-0.887174,0.006078,-0.08313,0.234076,22,497.93,22,95,2.82
MSFT,2026-09-24,2026-10-16,545.0,P,46.0,48.25,47.125,25.4524,-0.915438,0.004982,-0.053582,0.189489,22,497.93,2,230,2.82
MSFT,2026-09-24,2026-10-16,550.0,P,50.45,53.95,52.2,30.7502,-0.89384,0.004876,-0.101124,0.224059,22,497.93,3,138,2.82
MSFT,2026-09-24,2026-10-16,555.0,P,55.2,59.0,57.1,32.9719,-0.897905,0.00442,-0.106966,0.217807,22,497.93,6,21,2.82
MSFT,2026-09-24,2026-10-16,560.0,P,60.2,64.0,62.1,34.925,-0.902965,0.004021,-0.109493,0.209863,22,497.93,13,0,2.82
MSFT,2026-09-24,2026-10-16,565.0,P,65.15,69.35,67.25,38.4528,-0.897134,0.003811,-0.134036,0.219001,22,497.93,24,0,2.82
MSFT,2026-09-24,2026-10-16,570.0,P,70.15,74.35,72.25,40.3692,-0.901408,0.00352,-0.136658,0.212325,22,497.93,7,0,2.82
MSFT,2026-09-24,2026-10-16,580.0,P,80.15,84.1,82.125,42.8473,-0.91535,0.002962,-0.124665,0.189637,22,497.93,1,0,2.82
MSFT,2026-09-24,2026-10-16,595.0,P,95.15,99.05,97.1,47.8155,-0.924725,0.002428,-0.126392,0.173529,22,497.93,0,0,2.82
MSFT,2026-09-24,2026-10-16,600.0,P,100.2,104.4,102.3,51.3921,-0.918551,0.002399,-0.152733,0.184218,22,497.93,1,1,2.82
MSFT,2026-09-24,2026-10-16,605.0,P,105.2,109.0,107.1,50.855,-0.930286,0.002153,-0.125514,0.163621,22,497.93,0,0,2.82
MSFT,2026-09-24,2026-10-16,625.0,P,123.4,126.95,125.175,0.001,-1.0,0.0,0.069487,0.0,22,497.93,0,0,2.82
MSFT,2026-09-24,2026-10-16,635.0,P,133.4,137.1,135.25,34.3757,-0.997523,0.000183,0.063115,0.009408,22,497.93,0,0,2.82
MSFT,2026-09-24,2026-10-16,655.0,P,153.4,157.3,155.35,47.1197,-0.989019,0.000502,0.034382,0.035348,22,497.93,0,0,2.82
MSFT,2026-09-24,2026-10-23,305.0,C,191.75,196.05,193.9,88.0372,0.982669,0.000347,-0.124136,0.060155,29,497.93,1,1,2.82
MSFT,2026-09-24,2026-10-23,365.0,C,132.5,136.3,134.4,64.1361,0.966086,0.000836,-0.155381,0.105677,29,497.93,0,1,2.82
MSFT,2026-09-24,2026-10-23,400.0,C,97.9,101.6,99.75,50.3789,0.949073,0.00148,-0.16902,0.146887,29,497.93,1,6,2.82
MSFT,2026-09-24,2026-10-23,405.0,C,92.8,96.65,94.725,57.52,0.915449,0.00192,-0.255663,0.217536,29,497.93,2,2,2.82
MSFT,2026-09-24,2026-10-23,410.0,C,88.0,91.75,89.875,55.3532,0.910534,0.002081,-0.256758,0.226913,29,497.93,2,9,2.82
MSFT,2026-09-24,2026-10-23,420.0,C,78.6,81.65,80.125,49.8052,0.904158,0.002434,-0.246001,0.238768,29,497.93,2,2,2.82
MSFT,2026-09-24,2026-10-23,425.0,C,73.95,76.75,75.35,47.6202,0.898145,0.002661,-0.246143,0.249639,29,497.93,1,3,2.82
MSFT,2026-09-24,2026-10-23,430.0,C,68.3,71.9,70.1,45.5938,0.890782,0.002923,-0.247714,0.262565,29,497.93,3,29,2.82
MSFT,2026-09-24,2026-10-23,435.0,C,63.95,67.05,65.5,43.5247,0.88278,0.003221,-0.248639,0.276151,29,497.93,2,17,2.82
MSFT,2026-09-24,2026-10-23,440.0,C,59.2,62.25,60.725,41.5655,0.87324,0.003563,-0.250497,0.291752,29,497.93,1,11,2.82
MSFT,2026-09-24,2026-10-23,445.0,C,54.05,57.5,55.775,39.6979,0.861966,0.003956,-0.253086,0.3094,29,497.93,1,53,2.82
MSFT,2026-09-24,2026-10-23,450.0,C,49.5,52.05,50.775,35.694,0.86179,0.004404,-0.232485,0.309668,29,497.93,2,141,2.82
MSFT,2026-09-24,2026-10-23,455.0,C,45.2,47.95,46.575,35.578,0.83681,0.004936,-0.253178,0.345917,29,497.93,4,12,2.82
MSFT,2026-09-24,2026-10-23,460.0,C,40.75,43.85,42.3,35.1081,0.811327,0.005483,-0.269587,0.379229,29,497.93,5,149,2.82
MSFT,2026-09-24,2026-10-23,465.0,C,36.95,39.0,37.975,32.569,0.795718,0.006203,-0.263171,0.397947,29,497.93,15,72,2.82
MSFT,2026-09-24,2026-10-23,470.0,C,32.75,35.4,34.075,32.7338,0.760157,0.006764,-0.284306,0.436163,29,497.93,3,54,2.82
MSFT,2026-09-24,2026-10-23,475.0,C,28.9,31.5,30.2,31.8702,0.727642,0.007424,-0.292889,0.466086,29,497.93,4,179,2.82
MSFT,2026-09-24,2026-10-23,480.0,C,25.15,27.8,26.475,31.092,0.691165,0.008071,-0.300177,0.494342,29,497.93,5,42,2.82
MSFT,2026-09-24,2026-10-23,485.0,C,21.8,23.9,22.85,29.6119,0.653828,0.008876,-0.29789,0.517767,29,497.93,4,62,2.82
MSFT,2026-09-24,2026-10-23,490.0,C,18.75,21.05,19.9,29.7187,0.607233,0.009217,-0.307758,0.539575,29,497.93,32,179,2.82
MSFT,2026-09-24,2026-10-23,495.0,C,15.85,17.0,16.425,27.2834,0.562465,0.01029,-0.289412,0.553049,29,497.93,171,283,2.82
MSFT,2026-09-24,2026-10-23,500.0,C,13.4,14.0,13.7,26.3099,0.509862,0.0108,-0.280594,0.559755,29,497.93,371,728,2.82
MSFT,2026-09-24,2026-10-23,505.0,C,11.1,11.75,11.425,26.194,0.4561,0.010786,-0.275295,0.556533,29,497.93,88,333,2.82
MSFT,2026-09-24,2026-10-23,510.0,C,9.25,9.8,9.525,26.1543,0.403544,0.010549,-0.266337,0.54348,29,497.93,346,542,2.82
MSFT,2026-09-24,2026-10-23,515.0,C,7.35,8.25,7.8,26.4076,0.354872,0.010043,-0.256617,0.522455,29,497.93,26,204,2.82
MSFT,2026-09-24,2026-10-23,520.0,C,5.85,6.35,6.1,25.5134,0.30078,0.009721,-0.230872,0.488569,29,497.93,158,399,2.82
MSFT,2026-09-24,2026-10-23,525.0,C,4.65,5.1,4.875,25.4463,0.255544,0.009001,-0.211542,0.451189,29,497.93,418,435,2.82
MSFT,2026-09-24,2026-10-23,530.0,C,3.65,4.3,3.975,25.9834,0.220211,0.008124,-0.198001,0.415804,29,497.93,278,751,2.82
MSFT,2026-09-24,2026-10-23,535.0,C,2.81,3.15,2.98,25.2205,0.176422,0.00732,-0.167557,0.363655,29,497.93,88,1967,2.82
MSFT,2026-09-24,2026-10-23,540.0,C,2.26,2.53,2.395,25.428,0.146696,0.006436,-0.149197,0.322406,29,497.93,59,1126,2.82
MSFT,2026-09-24,2026-10-23,545.0,C,1.76,2.66,2.21,27.7839,0.141649,0.005753,-0.158397,0.314884,29,497.93,48,249,2.82
MSFT,2026-09-24,2026-10-23,550.0,C,1.4,1.84,1.62,26.7585,0.107843,0.004936,-0.125811,0.260182,29,497.93,162,1158,2.82
MSFT,2026-09-24,2026-10-23,555.0,C,0.9,1.29,1.095,26.0994,0.081622,0.00412,-0.099709,0.211842,29,497.93,31,186,2.82
MSFT,2026-09-24,2026-10-23,560.0,C,0.85,1.02,0.935,26.2947,0.066246,0.003487,-0.085436,0.180598,29,497.93,17,5326,2.82
MSFT,2026-09-24,2026-10-23,565.0,C,0.59,0.74,0.665,26.0628,0.050566,0.002845,-0.068355,0.146058,29,497.93,6,5227,2.82
MSFT,2026-09-24,2026-10-23,570.0,C,0.52,0.67,0.595,26.9783,0.044841,0.002496,-0.064117,0.132656,29,497.93,2,143,2.82
MSFT,2026-09-24,2026-10-23,580.0,C,0.22,0.57,0.395,28.8825,0.036436,0.00197,-0.057774,0.112085,29,497.93,1,158,2.82
MSFT,2026-09-24,2026-10-23,590.0,C,0.16,0.47,0.315,30.4939,0.029159,0.001553,-0.050603,0.09327,29,497.93,3,77,2.82
MSFT,2026-09-24,2026-10-23,600.0,C,0.1,0.24,0.17,29.8103,0.01623,0.000968,-0.030105,0.056872,29,497.93,5,63,2.82
MSFT,2026-09-24,2026-10-23,610.0,C,0.01,0.32,0.165,33.3503,0.018852,0.000984,-0.038172,0.064627,29,497.93,2,10,2.82
MSFT,2026-09-24,2026-10-23,630.0,C,0.01,0.29,0.15,37.2565,0.015505,0.000745,-0.035956,0.054685,29,497.93,2,2,2.82
MSFT,2026-09-24,2026-10-23,640.0,C,0.01,0.75,0.38,45.3619,0.030472,0.001083,-0.077273,0.096742,29,497.93,6,9,2.82
MSFT,2026-09-24,2026-10-23,650.0,C,0.0,0.25,0.125,40.6256,0.012484,0.000567,-0.032443,0.045366,29,497.93,4,9,2.82
MSFT,2026-09-24,2026-10-23,660.0,C,0.0,0.23,0.115,42.1393,0.011136,0.000495,-0.030441,0.041082,29,497.93,4,7,2.82
MSFT,2026-09-24,2026-10-23,670.0,C,0.0,0.43,0.215,47.8765,0.017514,0.000644,-0.05103,0.060698,29,497.93,1,1,2.82
MSFT,2026-09-24,2026-10-23,270.0,P,0.0,0.25,0.125,82.0314,-0.002747,7.3e-05,-0.016611,0.011861,29,497.93,0,31,2.82
MSFT,2026-09-24,2026-10-23,290.0,P,0.0,2.13,1.065,97.4854,-0.017154,0.000311,-0.099169,0.05963,29,497.93,0,10,2.82
MSFT,2026-09-24,2026-10-23,300.0,P,0.0,2.13,1.065,92.0899,-0.018122,0.000344,-0.09811,0.06249,29,497.93,0,15,2.82
MSFT,2026-09-24,2026-10-23,305.0,P,0.0,2.14,1.07,89.5021,-0.01868,0.000364,-0.097813,0.064125,29,497.93,3,23,2.82
MSFT,2026-09-24,2026-10-23,310.0,P,0.0,2.14,1.07,86.9142,-0.019225,0.000384,-0.097303,0.065714,29,497.93,1,10,2.82
MSFT,2026-09-24,2026-10-23,315.0,P,0.0,2.14,1.07,84.3507,-0.019781,0.000405,-0.096708,0.067323,29,497.93,5,45,2.82
MSFT,2026-09-24,2026-10-23,320.0,P,0.0,2.14,1.07,81.8117,-0.020348,0.000428,-0.096034,0.068957,29,497.93,3,26,2.82
MSFT,2026-09-24,2026-10-23,325.0,P,0.0,2.15,1.075,79.3703,-0.021012,0.000453,-0.095696,0.070858,29,497.93,7,32,2.82
MSFT,2026-09-24,2026-10-23,330.0,P,0.0,2.15,1.075,76.9045,-0.021641,0.00048,-0.095021,0.072647,29,497.93,3,21,2.82
MSFT,2026-09-24,2026-10-23,335.0,P,0.0,0.25,0.125,55.0786,-0.00401,0.000154,-0.01559,0.016663,29,497.93,2,11,2.82
MSFT,2026-09-24,2026-10-23,340.0,P,0.03,0.21,0.12,52.9302,-0.003984,0.000159,-0.014889,0.016569,29,497.93,2,45,2.82
MSFT,2026-09-24,2026-10-23,345.0,P,0.0,0.25,0.125,51.3677,-0.004284,0.000175,-0.01541,0.017681,29,497.93,4,5,2.82
MSFT,2026-09-24,2026-10-23,350.0,P,0.0,0.19,0.095,52.0513,-0.006242,0.000241,-0.021818,0.024716,29,497.93,1,7,2.82
MSFT,2026-09-24,2026-10-23,355.0,P,0.0,0.31,0.155,53.5161,-0.009647,0.000344,-0.032885,0.036252,29,497.93,10,12,2.82
MSFT,2026-09-24,2026-10-23,360.0,P,0.01,0.15,0.08,46.9732,-0.005537,0.00024,-0.017677,0.022223,29,497.93,12,32,2.82
MSFT,2026-09-24,2026-10-23,365.0,P,0.02,0.16,0.09,45.5084,-0.00603,0.000267,-0.018458,0.023969,29,497.93,1,2,2.82
MSFT,2026-09-24,2026-10-23,370.0,P,0.02,0.22,0.12,45.5084,-0.008101,0.000347,-0.023938,0.031107,29,497.93,1,4,2.82
MSFT,2026-09-24,2026-10-23,375.0,P,0.01,0.19,0.1,42.8717,-0.007478,0.000343,-0.020996,0.02899,29,497.93,1,29,2.82
MSFT,2026-09-24,2026-10-23,380.0,P,0.03,0.2,0.115,41.358,-0.008096,0.000382,-0.021701,0.031089,29,497.93,2,34,2.82
MSFT,2026-09-24,2026-10-23,385.0,P,0.05,0.19,0.12,39.3072,-0.008062,0.0004,-0.020527,0.030974,29,497.93,6,8,2.82
MSFT,2026-09-24,2026-10-23,390.0,P,0.09,0.22,0.155,38.2819,-0.009436,0.000472,-0.022926,0.035559,29,497.93,5,15,2.82
MSFT,2026-09-24,2026-10-23,395.0,P,0.01,0.34,0.175,38.8922,-0.014021,0.000655,-0.032822,0.050154,29,497.93,1,11,2.82
MSFT,2026-09-24,2026-10-23,400.0,P,0.01,0.34,0.175,37.0612,-0.014647,0.000713,-0.032431,0.052074,29,497.93,50,523,2.82
MSFT,2026-09-24,2026-10-23,405.0,P,0.18,0.31,0.245,34.7419,-0.014211,0.000741,-0.029575,0.050738,29,497.93,5,19,2.82
MSFT,2026-09-24,2026-10-23,410.0,P,0.23,0.38,0.305,33.985,-0.017431,0.000903,-0.034419,0.060451,29,497.93,2,11,2.82
MSFT,2026-09-24,2026-10-23,415.0,P,0.15,0.66,0.405,35.34,-0.027994,0.001295,-0.053321,0.090161,29,497.93,2,516,2.82
MSFT,2026-09-24,2026-10-23,420.0,P,0.25,0.48,0.365,31.5681,-0.023097,0.001234,-0.040447,0.076749,29,497.93,34,207,2.82
MSFT,2026-09-24,2026-10-23,425.0,P,0.29,0.77,0.53,32.3859,-0.034692,0.001688,-0.058122,0.107667,29,497.93,4,72,2.82
MSFT,2026-09-24,2026-10-23,430.0,P,0.54,0.9,0.72,31.385,-0.041039,0.001997,-0.064462,0.123492,29,497.93,25,133,2.82
MSFT,2026-09-24,2026-10-23,435.0,P,0.75,0.88,0.815,29.2365,-0.04272,0.002215,-0.061853,0.127572,29,497.93,133,161,2.82
MSFT,2026-09-24,2026-10-23,440.0,P,0.73,1.05,0.89,28.2966,-0.051434,0.002656,-0.069277,0.14805,29,497.93,66,281,2.82
MSFT,2026-09-24,2026-10-23,445.0,P,1.02,1.45,1.235,28.321,-0.068346,0.003316,-0.086408,0.185008,29,497.93,17,187,2.82
MSFT,2026-09-24,2026-10-23,450.0,P,1.47,1.67,1.57,27.1248,-0.080119,0.003909,-0.093086,0.208891,29,497.93,150,481,2.82
MSFT,2026-09-24,2026-10-23,455.0,P,1.55,2.28,1.915,27.2224,-0.104647,0.004748,-0.113465,0.254591,29,497.93,37,246,2.82
MSFT,2026-09-24,2026-10-23,460.0,P,2.44,2.7,2.57,26.2214,-0.124519,0.005578,-0.123096,0.288143,29,497.93,91,594,2.82
MSFT,2026-09-24,2026-10-23,465.0,P,2.9,3.45,3.175,25.9102,-0.154427,0.006537,-0.140132,0.333626,29,497.93,113,456,2.82
MSFT,2026-09-24,2026-10-23,470.0,P,3.65,4.3,3.975,25.4341,-0.187772,0.007547,-0.154964,0.37811,29,497.93,65,916,2.82
MSFT,2026-09-24,2026-10-23,475.0,P,4.45,5.4,4.925,25.1259,-0.227617,0.00856,-0.170378,0.423694,29,497.93,179,689,2.82
MSFT,2026-09-24,2026-10-23,480.0,P,5.15,6.9,6.025,25.1991,-0.275143,0.009437,-0.187559,0.468438,29,497.93,54,229,2.82
MSFT,2026-09-24,2026-10-23,485.0,P,6.6,8.45,7.525,24.8695,-0.324021,0.010298,-0.197496,0.504524,29,497.93,28,197,2.82
MSFT,2026-09-24,2026-10-23,490.0,P,9.15,10.45,9.8,24.897,-0.378315,0.010881,-0.207023,0.533673,29,497.93,28,230,2.82
MSFT,2026-09-24,2026-10-23,495.0,P,11.3,13.05,12.175,25.489,-0.435238,0.011004,-0.217322,0.552532,29,497.93,211,150,2.82
MSFT,2026-09-24,2026-10-23,500.0,P,13.65,15.05,14.35,24.5247,-0.491501,0.011587,-0.207873,0.559799,29,497.93,25,295,2.82
MSFT,2026-09-24,2026-10-23,505.0,P,15.35,18.05,16.7,24.8329,-0.547857,0.011364,-0.205724,0.555893,29,497.93,6,122,2.82
MSFT,2026-09-24,2026-10-23,510.0,P,18.45,20.85,19.65,24.2897,-0.605799,0.011288,-0.190394,0.540119,29,497.93,158,122,2.82
MSFT,2026-09-24,2026-10-23,515.0,P,21.85,23.9,22.875,23.6763,-0.663954,0.010977,-0.169624,0.511948,29,497.93,4,341,2.82
MSFT,2026-09-24,2026-10-23,520.0,P,25.4,28.5,26.95,25.6874,-0.697818,0.009675,-0.175091,0.489592,29,497.93,10,17,2.82
MSFT,2026-09-24,2026-10-23,525.0,P,28.75,32.3,30.525,25.7454,-0.741725,0.008946,-0.156792,0.453692,29,497.93,4,14,2.82
MSFT,2026-09-24,2026-10-23,530.0,P,33.45,36.5,34.975,26.3069,-0.776698,0.008088,-0.143105,0.419128,29,497.93,1,38,2.82
MSFT,2026-09-24,2026-10-23,535.0,P,37.1,40.45,38.775,25.8644,-0.817045,0.007302,-0.116243,0.372058,29,497.93,4,4,2.82
MSFT,2026-09-24,2026-10-23,540.0,P,41.45,45.05,43.25,26.8074,-0.83961,0.006477,-0.106658,0.342039,29,497.93,0,1,2.82
MSFT,2026-09-24,2026-10-23,545.0,P,46.05,49.45,47.75,26.8806,-0.866842,0.005701,-0.086475,0.301869,29,497.93,2,2,2.82
MSFT,2026-09-24,2026-10-23,560.0,P,60.35,64.1,62.225,30.9821,-0.896981,0.004124,-0.077734,0.251711,29,497.93,0,8,2.82
MSFT,2026-09-24,2026-10-30,300.0,C,197.65,201.3,199.475,88.4279,0.976023,0.000408,-0.140197,0.088245,36,497.93,6,6,2.82
MSFT,2026-09-24,2026-10-30,330.0,C,167.65,171.5,169.575,74.7927,0.970342,0.000576,-0.144306,0.105395,36,497.93,0,4,2.82
MSFT,2026-09-24,2026-10-30,365.0,C,133.0,136.8,134.9,61.2919,0.958228,0.000931,-0.156824,0.139579,36,497.93,0,1,2.82
MSFT,2026-09-24,2026-10-30,380.0,C,118.2,122.05,120.125,56.0307,0.950201,0.001173,-0.164309,0.160764,36,497.93,0,1,2.82
MSFT,2026-09-24,2026-10-30,385.0,C,113.3,117.1,115.2,54.2546,0.947204,0.001269,-0.166489,0.168415,36,497.93,0,1,2.82
MSFT,2026-09-24,2026-10-30,390.0,C,108.55,111.95,110.25,52.332,0.944433,0.00137,-0.167444,0.175371,36,497.93,1,2,2.82
MSFT,2026-09-24,2026-10-30,395.0,C,103.75,107.05,105.4,50.9038,0.939858,0.001499,-0.172209,0.186626,36,497.93,0,1,2.82
MSFT,2026-09-24,2026-10-30,400.0,C,98.85,102.2,100.525,56.2504,0.911605,0.001822,-0.234821,0.250565,36,497.93,1,31,2.82
MSFT,2026-09-24,2026-10-30,410.0,C,89.0,92.55,90.775,52.6799,0.899974,0.002131,-0.24033,0.27449,36,497.93,0,1,2.82
MSFT,2026-09-24,2026-10-30,415.0,C,84.3,87.75,86.025,50.9282,0.893268,0.00231,-0.24318,0.287731,36,497.93,1,6,2.82
MSFT,2026-09-24,2026-10-30,420.0,C,79.55,83.0,81.275,49.2925,0.885473,0.002511,-0.246949,0.302644,36,497.93,1,3,2.82
MSFT,2026-09-24,2026-10-30,425.0,C,74.85,78.3,76.575,47.7422,0.876563,0.002733,-0.251366,0.319086,36,497.93,3,7,2.82
MSFT,2026-09-24,2026-10-30,430.0,C,70.3,73.7,72.0,46.4086,0.8658,0.00298,-0.257654,0.338141,36,497.93,50,59,2.82
MSFT,2026-09-24,2026-10-30,435.0,C,65.65,69.1,67.375,44.9774,0.854416,0.003249,-0.262835,0.357383,36,497.93,1,61,2.82
MSFT,2026-09-24,2026-10-30,440.0,C,61.1,64.65,62.875,43.8299,0.840501,0.003543,-0.270452,0.379703,36,497.93,1,15,2.82
MSFT,2026-09-24,2026-10-30,445.0,C,56.75,60.3,58.525,42.7923,0.824669,0.003857,-0.278783,0.403585,36,497.93,1,64,2.82
MSFT,2026-09-24,2026-10-30,450.0,C,52.9,56.0,54.45,41.7181,0.807478,0.004193,-0.286319,0.427797,36,497.93,13,405,2.82
MSFT,2026-09-24,2026-10-30,455.0,C,48.75,51.9,50.325,40.9125,0.78733,0.004538,-0.29578,0.454029,36,497.93,3,28,2.82
MSFT,2026-09-24,2026-10-30,460.0,C,45.2,47.9,46.55,40.1251,0.765347,0.004894,-0.304606,0.480157,36,497.93,20,487,2.82
MSFT,2026-09-24,2026-10-30,465.0,C,41.35,44.05,42.7,39.4263,0.741154,0.005249,-0.313225,0.506069,36,497.93,53,24,2.82
MSFT,2026-09-24,2026-10-30,470.0,C,37.7,39.5,38.6,37.2351,0.721207,0.005769,-0.307171,0.525298,36,497.93,9,28,2.82
MSFT,2026-09-24,2026-10-30,475.0,C,34.1,36.85,35.475,38.2788,0.686392,0.005923,-0.32866,0.554457,36,497.93,5,44,2.82
MSFT,2026-09-24,2026-10-30,480.0,C,30.8,33.4,32.1,37.6135,0.656705,0.006252,-0.333056,0.575084,36,497.93,33,118,2.82
MSFT,2026-09-24,2026-10-30,485.0,C,27.7,29.7,28.7,36.3013,0.626645,0.006671,-0.329927,0.592149,36,497.93,5,32,2.82
MSFT,2026-09-24,2026-10-30,490.0,C,24.9,26.75,25.825,35.9778,0.592542,0.006899,-0.333127,0.606993,36,497.93,62,158,2.82
MSFT,2026-09-24,2026-10-30,495.0,C,22.5,23.5,23.0,34.9067,0.557742,0.007232,-0.327535,0.617308,36,497.93,102,359,2.82
MSFT,2026-09-24,2026-10-30,500.0,C,19.85,20.45,20.15,33.8874,0.520708,0.007518,-0.319772,0.623014,36,497.93,355,461,2.82
MSFT,2026-09-24,2026-10-30,505.0,C,17.35,19.05,18.2,35.1966,0.485648,0.007244,-0.329532,0.623451,36,497.93,21,239,2.82
MSFT,2026-09-24,2026-10-30,510.0,C,14.2,17.1,15.65,35.3614,0.450651,0.007159,-0.327092,0.619075,36,497.93,31,323,2.82
MSFT,2026-09-24,2026-10-30,515.0,C,13.4,14.0,13.7,33.3808,0.408719,0.007442,-0.302698,0.607452,36,497.93,79,108,2.82
MSFT,2026-09-24,2026-10-30,520.0,C,11.6,12.2,11.9,33.2038,0.372483,0.007287,-0.292139,0.591707,36,497.93,148,507,2.82
MSFT,2026-09-24,2026-10-30,525.0,C,10.05,10.55,10.3,32.9902,0.337087,0.007079,-0.27916,0.571084,36,497.93,15276,208,2.82
MSFT,2026-09-24,2026-10-30,530.0,C,8.45,9.15,8.8,32.9322,0.303976,0.006792,-0.265979,0.546937,36,497.93,99,510,2.82
MSFT,2026-09-24,2026-10-30,535.0,C,7.4,8.1,7.75,33.2648,0.275351,0.006419,-0.255571,0.522114,36,497.93,57,171,2.82
MSFT,2026-09-24,2026-10-30,540.0,C,6.35,6.75,6.55,32.746,0.242507,0.006105,-0.235029,0.488888,36,497.93,371,405,2.82
MSFT,2026-09-24,2026-10-30,545.0,C,4.45,5.8,5.125,32.7582,0.21548,0.005711,-0.219446,0.457511,36,497.93,42,288,2.82
MSFT,2026-09-24,2026-10-30,550.0,C,4.6,4.95,4.775,32.7338,0.19023,0.005305,-0.203057,0.424669,36,497.93,396,1178,2.82
MSFT,2026-09-24,2026-10-30,555.0,C,3.8,5.0,4.4,34.6961,0.182862,0.004884,-0.209273,0.414406,36,497.93,66,336,2.82
MSFT,2026-09-24,2026-10-30,560.0,C,3.25,3.95,3.6,33.7714,0.154628,0.004505,-0.182631,0.372037,36,497.93,13,357,2.82
MSFT,2026-09-24,2026-10-30,565.0,C,2.74,3.6,3.17,34.4672,0.140916,0.004148,-0.174767,0.349604,36,497.93,71,61,2.82
MSFT,2026-09-24,2026-10-30,570.0,C,2.32,2.58,2.45,32.862,0.111362,0.003692,-0.14128,0.296649,36,497.93,52,386,2.82
MSFT,2026-09-24,2026-10-30,580.0,C,1.61,1.88,1.745,33.155,0.084619,0.002991,-0.116157,0.242519,36,497.93,56,1189,2.82
MSFT,2026-09-24,2026-10-30,590.0,C,0.93,1.48,1.205,34.0461,0.067354,0.002448,-0.099947,0.203817,36,497.93,3,224,2.82
MSFT,2026-09-24,2026-10-30,600.0,C,0.82,1.02,0.92,33.985,0.048847,0.001905,-0.077317,0.158304,36,497.93,15029,121,2.82
MSFT,2026-09-24,2026-10-30,610.0,C,0.43,0.65,0.54,33.5456,0.03317,0.001409,-0.055633,0.115613,36,497.93,2,98,2.82
MSFT,2026-09-24,2026-10-30,620.0,C,0.01,1.45,0.73,41.3336,0.05555,0.001735,-0.103573,0.175328,36,497.93,3,11,2.82
MSFT,2026-09-24,2026-10-30,630.0,C,0.12,0.56,0.34,36.9635,0.026556,0.001064,-0.050764,0.096133,36,497.93,1,11,2.82
MSFT,2026-09-24,2026-10-30,640.0,C,0.01,0.39,0.2,36.9391,0.019174,0.000809,-0.038499,0.073051,36,497.93,4,17,2.82
MSFT,2026-09-24,2026-10-30,650.0,C,0.0,0.58,0.29,41.1871,0.024724,0.000899,-0.053105,0.090548,36,497.93,1,33,2.82
MSFT,2026-09-24,2026-10-30,660.0,C,0.0,0.7,0.35,44.4097,0.027312,0.000906,-0.062139,0.098412,36,497.93,0,12,2.82
MSFT,2026-09-24,2026-10-30,305.0,P,0.0,1.07,0.535,72.3636,-0.011067,0.000257,-0.045093,0.045528,36,497.93,0,1,2.82
MSFT,2026-09-24,2026-10-30,340.0,P,0.0,0.81,0.405,55.6401,-0.010905,0.00033,-0.034091,0.044947,36,497.93,3,12,2.82
MSFT,2026-09-24,2026-10-30,350.0,P,0.0,0.62,0.31,50.0005,-0.009411,0.000323,-0.026896,0.039524,36,497.93,0,6,2.82
MSFT,2026-09-24,2026-10-30,355.0,P,0.03,0.44,0.235,50.6597,-0.012828,0.000418,-0.035657,0.051748,36,497.93,1,54,2.82
MSFT,2026-09-24,2026-10-30,360.0,P,0.01,0.3,0.155,46.2164,-0.009774,0.000361,-0.025653,0.040853,36,497.93,1,98,2.82
MSFT,2026-09-24,2026-10-30,365.0,P,0.15,1.01,0.58,53.8335,-0.025876,0.000715,-0.068801,0.09407,36,497.93,3,28,2.82
MSFT,2026-09-24,2026-10-30,370.0,P,0.02,0.68,0.35,48.4136,-0.019916,0.000637,-0.049559,0.075444,36,497.93,0,12,2.82
MSFT,2026-09-24,2026-10-30,375.0,P,0.27,0.39,0.33,42.6275,-0.013386,0.000515,-0.031007,0.053688,36,497.93,1,9,2.82
MSFT,2026-09-24,2026-10-30,380.0,P,0.24,1.16,0.7,49.1338,-0.031814,0.00093,-0.074347,0.111699,36,497.93,1,41,2.82
MSFT,2026-09-24,2026-10-30,385.0,P,0.02,1.45,0.735,49.2681,-0.038726,0.001089,-0.087523,0.131253,36,497.93,1,5,2.82
MSFT,2026-09-24,2026-10-30,390.0,P,0.24,0.87,0.555,42.7984,-0.027764,0.000953,-0.05768,0.099767,36,497.93,37,63,2.82
MSFT,2026-09-24,2026-10-30,395.0,P,0.01,1.71,0.86,46.8267,-0.046919,0.001339,-0.09692,0.153283,36,497.93,2,12,2.82
MSFT,2026-09-24,2026-10-30,400.0,P,0.7,0.81,0.755,38.526,-0.028478,0.001082,-0.052868,0.101899,36,497.93,338,701,2.82
MSFT,2026-09-24,2026-10-30,405.0,P,0.6,1.15,0.875,39.2584,-0.038393,0.001358,-0.068823,0.130332,36,497.93,1,47,2.82
MSFT,2026-09-24,2026-10-30,410.0,P,1.0,1.3,1.15,38.3063,-0.043761,0.001547,-0.074552,0.144927,36,497.93,15,197,2.82
MSFT,2026-09-24,2026-10-30,415.0,P,0.93,1.49,1.21,37.464,-0.050364,0.001771,-0.081468,0.162216,36,497.93,3,27,2.82
MSFT,2026-09-24,2026-10-30,420.0,P,1.04,1.67,1.355,36.4264,-0.057043,0.00201,-0.08725,0.179033,36,497.93,8,72,2.82
MSFT,2026-09-24,2026-10-30,425.0,P,1.5,1.89,1.695,35.4621,-0.065047,0.002288,-0.093919,0.198389,36,497.93,21,121,2.82
MSFT,2026-09-24,2026-10-30,430.0,P,1.9,2.24,2.07,34.9006,-0.076416,0.002631,-0.104381,0.224538,36,497.93,44,188,2.82
MSFT,2026-09-24,2026-10-30,435.0,P,2.18,2.65,2.415,34.3451,-0.08951,0.003011,-0.115417,0.252914,36,497.93,53,3010,2.82
MSFT,2026-09-24,2026-10-30,440.0,P,2.58,3.2,2.89,34.0339,-0.105986,0.00344,-0.129125,0.286279,36,497.93,31,335,2.82
MSFT,2026-09-24,2026-10-30,445.0,P,3.45,3.8,3.625,33.5944,-0.123841,0.003893,-0.141975,0.319818,36,497.93,49,182,2.82
MSFT,2026-09-24,2026-10-30,450.0,P,4.2,4.5,4.35,33.1672,-0.144057,0.004375,-0.155023,0.354855,36,497.93,150,803,2.82
MSFT,2026-09-24,2026-10-30,455.0,P,5.0,5.35,5.175,32.8437,-0.167377,0.004878,-0.168893,0.391782,36,497.93,43,356,2.82
MSFT,2026-09-24,2026-10-30,460.0,P,5.55,6.35,5.95,32.5751,-0.193558,0.005388,-0.182805,0.429201,36,497.93,79,257,2.82
MSFT,2026-09-24,2026-10-30,465.0,P,7.0,7.8,7.4,32.9352,-0.226023,0.005838,-0.201752,0.4702,36,497.93,21,223,2.82
MSFT,2026-09-24,2026-10-30,470.0,P,7.95,8.8,8.375,32.0624,-0.25351,0.006385,-0.207961,0.500602,36,497.93,66,549,2.82
MSFT,2026-09-24,2026-10-30,475.0,P,9.0,10.35,9.675,31.9556,-0.287766,0.006825,-0.219685,0.53334,36,497.93,20,310,2.82
MSFT,2026-09-24,2026-10-30,480.0,P,10.85,11.7,11.275,31.1897,-0.321203,0.007344,-0.223605,0.560098,36,497.93,20,312,2.82
MSFT,2026-09-24,2026-10-30,485.0,P,13.0,14.0,13.5,31.7329,-0.361633,0.007551,-0.236733,0.585944,36,497.93,5,302,2.82
MSFT,2026-09-24,2026-10-30,490.0,P,14.05,16.1,15.075,31.5955,-0.400582,0.007822,-0.241321,0.604381,36,497.93,24,156,2.82
MSFT,2026-09-24,2026-10-30,495.0,P,16.25,18.3,17.275,31.3056,-0.440384,0.008058,-0.241876,0.616876,36,497.93,7,324,2.82
MSFT,2026-09-24,2026-10-30,500.0,P,18.85,20.75,19.8,31.0981,-0.481083,0.008194,-0.240288,0.623153,36,497.93,51,350,2.82
MSFT,2026-09-24,2026-10-30,505.0,P,21.25,23.75,22.5,31.4429,-0.521043,0.008102,-0.240658,0.622986,36,497.93,4,119,2.82
MSFT,2026-09-24,2026-10-30,510.0,P,24.75,26.5,25.625,31.0828,-0.561766,0.008109,-0.232126,0.616362,36,497.93,17,299,2.82
MSFT,2026-09-24,2026-10-30,515.0,P,27.6,30.35,28.975,32.2089,-0.595993,0.00769,-0.23468,0.605706,36,497.93,1,5,2.82
MSFT,2026-09-24,2026-10-30,520.0,P,30.55,33.15,31.85,31.3148,-0.637213,0.00766,-0.216248,0.58658,36,497.93,5,7,2.82
MSFT,2026-09-24,2026-10-30,525.0,P,33.65,36.35,35.0,30.7563,-0.676608,0.007468,-0.198526,0.561677,36,497.93,1,25,2.82
MSFT,2026-09-24,2026-10-30,530.0,P,37.1,40.65,38.875,31.8916,-0.703004,0.00694,-0.196388,0.541228,36,497.93,40,42,2.82
MSFT,2026-09-24,2026-10-30,535.0,P,41.05,44.0,42.525,30.9882,-0.741495,0.006674,-0.171815,0.505724,36,497.93,1,2,2.82
MSFT,2026-09-24,2026-10-30,540.0,P,44.75,48.5,46.625,32.093,-0.762554,0.006158,-0.167914,0.483297,36,497.93,12,69,2.82
MSFT,2026-09-24,2026-10-30,545.0,P,48.8,52.25,50.525,31.3789,-0.795767,0.005777,-0.143443,0.443317,36,497.93,0,2,2.82
MSFT,2026-09-24,2026-10-30,550.0,P,53.0,56.55,54.775,31.6108,-0.819062,0.005326,-0.129211,0.411673,36,497.93,1,11,2.82
MSFT,2026-09-24,2026-10-30,560.0,P,61.8,65.2,63.5,31.4643,-0.864083,0.004433,-0.094081,0.341102,36,497.93,4,7,2.82
MSFT,2026-09-24,2026-11-20,200.0,C,297.75,301.25,299.5,119.5317,0.985396,0.000157,-0.097537,0.072824,57,497.93,100,63,2.82
MSFT,2026-09-24,2026-11-20,225.0,C,275.05,278.75,276.9,125.8549,0.968461,0.000286,-0.176819,0.13955,57,497.93,10,18,2.82
MSFT,2026-09-24,2026-11-20,240.0,C,260.4,263.8,262.1,118.1156,0.964896,0.000333,-0.182118,0.152416,57,497.93,2,4,2.82
MSFT,2026-09-24,2026-11-20,245.0,C,255.4,258.9,257.15,115.5156,0.963733,0.00035,-0.183305,0.15654,57,497.93,32,17,2.82
MSFT,2026-09-24,2026-11-20,250.0,C,248.1,251.7,249.9,96.6065,0.977905,0.000277,-0.114097,0.103651,57,497.93,1,12,2.82
MSFT,2026-09-24,2026-11-20,275.0,C,223.25,226.85,225.05,85.9498,0.973594,0.000362,-0.119545,0.120392,57,497.93,1,28,2.82
MSFT,2026-09-24,2026-11-20,280.0,C,218.05,221.9,219.975,83.1056,0.973592,0.000374,-0.117107,0.120398,57,497.93,1,53,2.82
MSFT,2026-09-24,2026-11-20,290.0,C,210.85,214.35,212.6,93.8843,0.95151,0.000545,-0.192031,0.19803,57,497.93,22,36,2.82
MSFT,2026-09-24,2026-11-20,295.0,C,206.0,209.4,207.7,91.8702,0.949594,0.000574,-0.193984,0.204252,57,497.93,2,127,2.82
MSFT,2026-09-24,2026-11-20,300.0,C,198.45,202.1,200.275,76.4651,0.967763,0.00048,-0.126507,0.142093,57,497.93,5,110,2.82
MSFT,2026-09-24,2026-11-20,305.0,C,193.3,197.15,195.225,74.0115,0.967395,0.000501,-0.124856,0.143431,57,497.93,1,61,2.82
MSFT,2026-09-24,2026-11-20,315.0,C,186.2,189.8,188.0,83.5695,0.941892,0.000706,-0.198703,0.22858,57,497.93,22,33,2.82
MSFT,2026-09-24,2026-11-20,325.0,C,173.55,177.3,175.425,66.9681,0.961507,0.000634,-0.13015,0.164348,57,497.93,5,61,2.82
MSFT,2026-09-24,2026-11-20,330.0,C,168.6,172.45,170.525,65.5033,0.959347,0.000677,-0.132749,0.171809,57,497.93,15,124,2.82
MSFT,2026-09-24,2026-11-20,340.0,C,158.9,162.3,160.6,61.9144,0.956144,0.000762,-0.134169,0.182682,57,497.93,2,181,2.82
MSFT,2026-09-24,2026-11-20,350.0,C,149.2,152.5,150.85,59.2045,0.950621,0.000877,-0.140078,0.200928,57,497.93,18,970,2.82
MSFT,2026-09-24,2026-11-20,355.0,C,144.2,147.75,145.975,57.8251,0.947672,0.00094,-0.14284,0.210423,57,497.93,2,317,2.82
MSFT,2026-09-24,2026-11-20,360.0,C,139.25,142.9,141.075,56.3115,0.944911,0.001005,-0.144757,0.21917,57,497.93,5,363,2.82
MSFT,2026-09-24,2026-11-20,365.0,C,133.95,137.95,135.95,53.8579,0.944693,0.001054,-0.140919,0.219854,57,497.93,1,307,2.82
MSFT,2026-09-24,2026-11-20,370.0,C,129.6,132.9,131.25,53.1682,0.939266,0.00115,-0.147639,0.23664,57,497.93,7,924,2.82
MSFT,2026-09-24,2026-11-20,375.0,C,124.6,128.0,126.3,51.4531,0.936664,0.001227,-0.148038,0.244515,57,497.93,2,843,2.82
MSFT,2026-09-24,2026-11-20,380.0,C,119.8,123.15,121.475,50.1897,0.932408,0.001323,-0.151198,0.257165,57,497.93,1,671,2.82
MSFT,2026-09-24,2026-11-20,385.0,C,114.95,118.3,116.625,54.1264,0.909744,0.001528,-0.189118,0.32021,57,497.93,10,865,2.82
MSFT,2026-09-24,2026-11-20,390.0,C,110.15,113.5,111.825,52.6555,0.90468,0.001635,-0.191333,0.333403,57,497.93,3,1213,2.82
MSFT,2026-09-24,2026-11-20,395.0,C,105.35,108.7,107.025,51.1663,0.899341,0.001752,-0.193312,0.346988,57,497.93,2,1431,2.82
MSFT,2026-09-24,2026-11-20,400.0,C,101.35,103.6,102.475,48.8592,0.896824,0.001867,-0.189412,0.353281,57,497.93,2,4263,2.82
MSFT,2026-09-24,2026-11-20,405.0,C,96.3,98.7,97.5,47.0953,0.891983,0.002003,-0.189143,0.365192,57,497.93,6,1256,2.82
MSFT,2026-09-24,2026-11-20,410.0,C,90.9,94.4,92.65,46.7962,0.880504,0.002166,-0.199219,0.392453,57,497.93,34,993,2.82
MSFT,2026-09-24,2026-11-20,415.0,C,86.85,90.0,88.425,46.1187,0.869833,0.002333,-0.206567,0.416627,57,497.93,1,1058,2.82
MSFT,2026-09-24,2026-11-20,420.0,C,82.5,85.45,83.975,45.014,0.860259,0.00251,-0.210714,0.437415,57,497.93,4,18863,2.82
MSFT,2026-09-24,2026-11-20,425.0,C,77.15,80.9,79.025,43.8421,0.850223,0.0027,-0.214213,0.458332,57,497.93,20,1360,2.82
MSFT,2026-09-24,2026-11-20,430.0,C,72.85,76.5,74.675,42.9022,0.838271,0.002903,-0.219221,0.482137,57,497.93,2,1294,2.82
MSFT,2026-09-24,2026-11-20,435.0,C,69.4,72.1,70.75,41.8738,0.825787,0.00312,-0.223354,0.505775,57,497.93,1,902,2.82
MSFT,2026-09-24,2026-11-20,440.0,C,64.85,67.25,66.05,39.9451,0.816661,0.003377,-0.22062,0.522298,57,497.93,2,2081,2.82
MSFT,2026-09-24,2026-11-20,445.0,C,60.7,63.5,62.1,39.9084,0.797225,0.003595,-0.231403,0.555451,57,497.93,6,1160,2.82
MSFT,2026-09-24,2026-11-20,450.0,C,56.85,59.65,58.25,39.5239,0.778393,0.003823,-0.239183,0.585057,57,497.93,30,4626,2.82
MSFT,2026-09-24,2026-11-20,455.0,C,52.9,55.2,54.05,38.0438,0.763358,0.004121,-0.238575,0.607003,57,497.93,2,838,2.82
MSFT,2026-09-24,2026-11-20,460.0,C,49.1,50.3,49.7,35.7978,0.750394,0.004508,-0.232021,0.624766,57,497.93,13,2193,2.82
MSFT,2026-09-24,2026-11-20,465.0,C,45.4,48.05,46.725,37.4243,0.718891,0.00458,-0.252212,0.663643,57,497.93,22,1801,2.82
MSFT,2026-09-24,2026-11-20,470.0,C,41.85,44.3,43.075,36.6217,0.696773,0.004848,-0.254385,0.687456,57,497.93,132,4811,2.82
MSFT,2026-09-24,2026-11-20,475.0,C,38.4,40.4,39.4,35.4773,0.674252,0.005161,-0.253339,0.708871,57,497.93,9,1057,2.82
MSFT,2026-09-24,2026-11-20,480.0,C,35.4,36.95,36.175,34.8059,0.648616,0.005416,-0.254547,0.729879,57,497.93,51,11895,2.82
MSFT,2026-09-24,2026-11-20,485.0,C,32.55,34.2,33.375,34.8883,0.62014,0.005546,-0.259701,0.749129,57,497.93,14,2124,2.82
MSFT,2026-09-24,2026-11-20,490.0,C,29.65,30.75,30.2,33.8782,0.592626,0.005822,-0.256271,0.763744,57,497.93,227,4221,2.82
MSFT,2026-09-24,2026-11-20,495.0,C,27.05,27.65,27.35,33.1519,0.563183,0.006039,-0.253436,0.775134,57,497.93,232,2945,2.82
MSFT,2026-09-24,2026-11-20,500.0,C,24.6,25.6,25.1,33.57,0.533053,0.006019,-0.256957,0.782304,57,497.93,630,10520,2.82
MSFT,2026-09-24,2026-11-20,505.0,C,22.05,22.8,22.425,32.8528,0.502094,0.006171,-0.251411,0.784989,57,497.93,103,1832,2.82
MSFT,2026-09-24,2026-11-20,510.0,C,19.95,20.5,20.225,32.5751,0.471164,0.006208,-0.247465,0.782948,57,497.93,266,5023,2.82
MSFT,2026-09-24,2026-11-20,515.0,C,17.4,19.0,18.2,33.1367,0.442978,0.006056,-0.248195,0.776967,57,497.93,90,2466,2.82
MSFT,2026-09-24,2026-11-20,520.0,C,15.8,16.4,16.1,32.0899,0.40963,0.006155,-0.236076,0.764772,57,497.93,1364,5155,2.82
MSFT,2026-09-24,2026-11-20,525.0,C,14.15,14.65,14.4,31.9556,0.379891,0.006055,-0.229348,0.749148,57,497.93,202,1847,2.82
MSFT,2026-09-24,2026-11-20,530.0,C,12.65,13.4,13.025,32.3218,0.353803,0.005847,-0.225501,0.73168,57,497.93,213,3125,2.82
MSFT,2026-09-24,2026-11-20,535.0,C,11.15,11.8,11.475,32.0289,0.324967,0.005711,-0.215604,0.708175,57,497.93,107,19004,2.82
MSFT,2026-09-24,2026-11-20,540.0,C,10.0,10.35,10.175,31.7603,0.297061,0.005539,-0.205012,0.681098,57,497.93,250,4067,2.82
MSFT,2026-09-24,2026-11-20,545.0,C,8.7,9.45,9.075,32.1448,0.275072,0.005276,-0.199303,0.656651,57,497.93,15012,16905,2.82
MSFT,2026-09-24,2026-11-20,550.0,C,7.7,8.0,7.85,31.4948,0.246404,0.005088,-0.184142,0.620477,57,497.93,296,7200,2.82
MSFT,2026-09-24,2026-11-20,555.0,C,6.7,7.4,7.05,32.0716,0.228843,0.004798,-0.179438,0.595803,57,497.93,167,1826,2.82
MSFT,2026-09-24,2026-11-20,560.0,C,5.8,6.25,6.025,31.5375,0.203459,0.004558,-0.164518,0.556568,57,497.93,165,7947,2.82
MSFT,2026-09-24,2026-11-20,565.0,C,5.0,5.6,5.3,31.742,0.185649,0.004283,-0.1562,0.526381,57,497.93,87,1340,2.82
MSFT,2026-09-24,2026-11-20,570.0,C,4.2,5.1,4.65,32.1204,0.170691,0.004014,-0.149527,0.49923,57,497.93,115,4630,2.82
MSFT,2026-09-24,2026-11-20,575.0,C,3.9,4.05,3.975,31.153,0.145528,0.003727,-0.13045,0.449582,57,497.93,145,3491,2.82
MSFT,2026-09-24,2026-11-20,580.0,C,3.4,3.6,3.5,31.3361,0.131606,0.00346,-0.122268,0.419804,57,497.93,118,12946,2.82
MSFT,2026-09-24,2026-11-20,585.0,C,2.79,3.25,3.02,31.6535,0.119999,0.003212,-0.115564,0.393619,57,497.93,73,1334,2.82
MSFT,2026-09-24,2026-11-20,590.0,C,2.56,3.2,2.88,32.6972,0.115207,0.003021,-0.115698,0.382425,57,497.93,121,1508,2.82
MSFT,2026-09-24,2026-11-20,595.0,C,2.05,2.53,2.29,31.8916,0.096839,0.002732,-0.099432,0.337302,57,497.93,72,660,2.82
MSFT,2026-09-24,2026-11-20,600.0,C,1.8,2.2,2.0,31.916,0.086122,0.002502,-0.091084,0.309212,57,497.93,132,5347,2.82
MSFT,2026-09-24,2026-11-20,605.0,C,1.48,2.26,1.87,33.1733,0.085074,0.002385,-0.09361,0.306393,57,497.93,55,18060,2.82
MSFT,2026-09-24,2026-11-20,610.0,C,1.4,1.65,1.525,31.9343,0.067437,0.002076,-0.075455,0.256707,57,497.93,58,519,2.82
MSFT,2026-09-24,2026-11-20,615.0,C,1.06,1.47,1.265,32.154,0.060773,0.001902,-0.069974,0.236757,57,497.93,37,248,2.82
MSFT,2026-09-24,2026-11-20,620.0,C,1.09,1.26,1.175,32.1174,0.053261,0.001716,-0.062924,0.213394,57,497.93,47,409,2.82
MSFT,2026-09-24,2026-11-20,625.0,C,0.95,1.05,1.0,31.9343,0.045739,0.001528,-0.055348,0.188971,57,497.93,15008,15308,2.82
MSFT,2026-09-24,2026-11-20,630.0,C,0.81,0.93,0.87,32.1174,0.040921,0.001389,-0.050822,0.172728,57,497.93,25,243,2.82
MSFT,2026-09-24,2026-11-20,635.0,C,0.49,0.96,0.725,33.1672,0.04082,0.001342,-0.052303,0.172382,57,497.93,85,294,2.82
MSFT,2026-09-24,2026-11-20,640.0,C,0.4,0.85,0.625,33.3259,0.036576,0.001222,-0.048009,0.157631,57,497.93,68,380,2.82
MSFT,2026-09-24,2026-11-20,645.0,C,0.51,0.77,0.64,33.5944,0.033244,0.00112,-0.044702,0.145743,57,497.93,34,284,2.82
MSFT,2026-09-24,2026-11-20,650.0,C,0.45,0.67,0.56,33.6432,0.029356,0.001009,-0.040356,0.131495,57,497.93,285,809,2.82
MSFT,2026-09-24,2026-11-20,655.0,C,0.39,0.65,0.52,34.278,0.028103,0.000956,-0.039613,0.126814,57,497.93,1,165,2.82
MSFT,2026-09-24,2026-11-20,660.0,C,0.13,0.54,0.335,34.0827,0.023987,0.000842,-0.034475,0.111077,57,497.93,5,222,2.82
MSFT,2026-09-24,2026-11-20,665.0,C,0.11,0.53,0.32,34.7419,0.023159,0.000802,-0.034089,0.107846,57,497.93,5,153,2.82
MSFT,2026-09-24,2026-11-20,670.0,C,0.1,0.5,0.3,35.1813,0.021705,0.00075,-0.032656,0.102105,57,497.93,1,208,2.82
MSFT,2026-09-24,2026-11-20,675.0,C,0.16,0.37,0.265,34.4245,0.016926,0.00062,-0.025853,0.08265,57,497.93,5,287,2.82
MSFT,2026-09-24,2026-11-20,680.0,C,0.07,0.29,0.18,34.0094,0.013752,0.000525,-0.021358,0.069149,57,497.93,1,359,2.82
MSFT,2026-09-24,2026-11-20,700.0,C,0.13,0.18,0.155,34.6198,0.008777,0.000349,-0.014674,0.046786,57,497.93,1,3004,2.82
MSFT,2026-09-24,2026-11-20,200.0,P,0.0,0.05,0.025,73.8284,-0.000494,1.2e-05,-0.002209,0.003456,57,497.93,1,660,2.82
MSFT,2026-09-24,2026-11-20,210.0,P,0.0,0.4,0.2,85.6447,-0.003082,5.6e-05,-0.013668,0.018446,57,497.93,1,90,2.82
MSFT,2026-09-24,2026-11-20,215.0,P,0.0,0.08,0.04,71.094,-0.00081,2e-05,-0.003355,0.005458,57,497.93,8,185,2.82
MSFT,2026-09-24,2026-11-20,220.0,P,0.01,0.08,0.045,69.9222,-0.000913,2.3e-05,-0.003681,0.006092,57,497.93,70,343,2.82
MSFT,2026-09-24,2026-11-20,225.0,P,0.0,2.15,1.075,99.1211,-0.012544,0.000166,-0.054728,0.063868,57,497.93,1,99,2.82
MSFT,2026-09-24,2026-11-20,230.0,P,0.03,0.08,0.055,67.5784,-0.001146,2.9e-05,-0.004381,0.007507,57,497.93,24,367,2.82
MSFT,2026-09-24,2026-11-20,235.0,P,0.0,0.2,0.1,69.7269,-0.001952,4.5e-05,-0.007345,0.012201,57,497.93,1,177,2.82
MSFT,2026-09-24,2026-11-20,240.0,P,0.0,0.15,0.075,66.016,-0.001577,3.9e-05,-0.005725,0.01005,57,497.93,2,252,2.82
MSFT,2026-09-24,2026-11-20,245.0,P,0.0,0.14,0.07,63.8675,-0.001532,4e-05,-0.005391,0.009786,57,497.93,3,309,2.82
MSFT,2026-09-24,2026-11-20,250.0,P,0.0,0.1,0.05,60.1566,-0.001168,3.3e-05,-0.003961,0.007637,57,497.93,20,208,2.82
MSFT,2026-09-24,2026-11-20,255.0,P,0.0,0.95,0.475,75.2932,-0.007777,0.000144,-0.027309,0.042073,57,497.93,3,114,2.82
MSFT,2026-09-24,2026-11-20,260.0,P,0.0,0.54,0.27,68.1644,-0.005078,0.000109,-0.01694,0.028846,57,497.93,1,257,2.82
MSFT,2026-09-24,2026-11-20,265.0,P,0.0,0.18,0.09,58.5942,-0.002071,5.7e-05,-0.006495,0.012876,57,497.93,4,167,2.82
MSFT,2026-09-24,2026-11-20,270.0,P,0.01,0.16,0.085,56.6411,-0.002022,5.7e-05,-0.006141,0.012602,57,497.93,4,340,2.82
MSFT,2026-09-24,2026-11-20,275.0,P,0.01,0.26,0.135,57.9106,-0.003106,8.3e-05,-0.009249,0.018573,57,497.93,1,242,2.82
MSFT,2026-09-24,2026-11-20,280.0,P,0.01,0.28,0.145,56.6899,-0.003364,9.1e-05,-0.009723,0.019956,57,497.93,24,2335,2.82
MSFT,2026-09-24,2026-11-20,285.0,P,0.04,0.24,0.14,54.8833,-0.00336,9.4e-05,-0.009399,0.019937,57,497.93,7,230,2.82
MSFT,2026-09-24,2026-11-20,290.0,P,0.1,0.19,0.145,53.5161,-0.003552,0.000101,-0.009627,0.020957,57,497.93,3,2260,2.82
MSFT,2026-09-24,2026-11-20,295.0,P,0.02,0.28,0.15,52.1489,-0.003747,0.000109,-0.009835,0.021985,57,497.93,2,390,2.82
MSFT,2026-09-24,2026-11-20,300.0,P,0.1,0.24,0.17,51.3677,-0.004284,0.000125,-0.010915,0.024787,57,497.93,56,3229,2.82
MSFT,2026-09-24,2026-11-20,305.0,P,0.06,0.32,0.19,50.4888,-0.004823,0.000141,-0.011918,0.027555,57,497.93,13,615,2.82
MSFT,2026-09-24,2026-11-20,310.0,P,0.03,0.3,0.165,51.8071,-0.007181,0.000196,-0.017395,0.039217,57,497.93,1,1225,2.82
MSFT,2026-09-24,2026-11-20,315.0,P,0.13,0.32,0.225,50.6353,-0.007758,0.000214,-0.018186,0.041982,57,497.93,5,1817,2.82
MSFT,2026-09-24,2026-11-20,320.0,P,0.1,0.36,0.23,49.854,-0.008775,0.000242,-0.019936,0.046778,57,497.93,2,1094,2.82
MSFT,2026-09-24,2026-11-20,325.0,P,0.25,0.31,0.28,47.315,-0.007994,0.000235,-0.017416,0.043101,57,497.93,1,2021,2.82
MSFT,2026-09-24,2026-11-20,330.0,P,0.23,0.37,0.3,46.9244,-0.009504,0.000276,-0.020086,0.050164,57,497.93,13,1680,2.82
MSFT,2026-09-24,2026-11-20,335.0,P,0.22,0.53,0.375,47.8033,-0.013004,0.000356,-0.026856,0.065887,57,497.93,2,866,2.82
MSFT,2026-09-24,2026-11-20,340.0,P,0.35,0.57,0.46,46.729,-0.014163,0.000392,-0.028232,0.070925,57,497.93,1,1081,2.82
MSFT,2026-09-24,2026-11-20,345.0,P,0.25,0.64,0.445,45.9844,-0.015979,0.000442,-0.030786,0.078672,57,497.93,1,1131,2.82
MSFT,2026-09-24,2026-11-20,350.0,P,0.3,0.52,0.41,42.9937,-0.014002,0.000422,-0.02566,0.070229,57,497.93,1,4129,2.82
MSFT,2026-09-24,2026-11-20,355.0,P,0.3,0.68,0.49,43.2623,-0.017791,0.000515,-0.031676,0.086241,57,497.93,13,2672,2.82
MSFT,2026-09-24,2026-11-20,360.0,P,0.48,0.72,0.6,42.1148,-0.019212,0.000565,-0.03288,0.092074,57,497.93,3,2726,2.82
MSFT,2026-09-24,2026-11-20,365.0,P,0.56,0.69,0.625,40.2838,-0.019209,0.00059,-0.031401,0.092063,57,497.93,2,2663,2.82
MSFT,2026-09-24,2026-11-20,370.0,P,0.64,0.78,0.71,39.5636,-0.021787,0.000669,-0.034266,0.102432,57,497.93,14,4254,2.82
MSFT,2026-09-24,2026-11-20,375.0,P,0.74,0.88,0.81,38.8434,-0.024692,0.000757,-0.037326,0.113813,57,497.93,50,1259,2.82
MSFT,2026-09-24,2026-11-20,380.0,P,0.71,1.01,0.86,38.233,-0.02829,0.000861,-0.0411,0.127516,57,497.93,102,3300,2.82
MSFT,2026-09-24,2026-11-20,385.0,P,0.89,1.15,1.02,37.5983,-0.032286,0.000977,-0.045021,0.142271,57,497.93,10,1385,2.82
MSFT,2026-09-24,2026-11-20,390.0,P,1.2,1.31,1.255,36.9513,-0.036757,0.001106,-0.049135,0.158269,57,497.93,6,3134,2.82
MSFT,2026-09-24,2026-11-20,395.0,P,1.38,1.49,1.435,36.3166,-0.04185,0.001251,-0.05357,0.175897,57,497.93,40,2150,2.82
MSFT,2026-09-24,2026-11-20,400.0,P,1.58,1.89,1.735,36.5607,-0.051344,0.001464,-0.063442,0.207272,57,497.93,113,3794,2.82
MSFT,2026-09-24,2026-11-20,405.0,P,1.7,2.15,1.925,35.9565,-0.058259,0.001645,-0.068802,0.229048,57,497.93,306,1199,2.82
MSFT,2026-09-24,2026-11-20,410.0,P,1.98,2.3,2.14,34.8334,-0.063441,0.001815,-0.071066,0.244831,57,497.93,20,3007,2.82
MSFT,2026-09-24,2026-11-20,415.0,P,2.15,2.66,2.405,34.3818,-0.072758,0.002044,-0.077784,0.272154,57,497.93,79,1277,2.82
MSFT,2026-09-24,2026-11-20,420.0,P,2.8,3.1,2.95,34.0217,-0.083724,0.002298,-0.085399,0.302736,57,497.93,57,2595,2.82
MSFT,2026-09-24,2026-11-20,425.0,P,3.15,3.65,3.4,33.8019,-0.096808,0.002577,-0.094259,0.337222,57,497.93,82,1195,2.82
MSFT,2026-09-24,2026-11-20,430.0,P,3.7,4.1,3.9,33.1306,-0.108548,0.002857,-0.100081,0.366484,57,497.93,81,2312,2.82
MSFT,2026-09-24,2026-11-20,435.0,P,4.3,5.0,4.65,33.3747,-0.127443,0.003177,-0.11263,0.41056,57,497.93,1145,2778,2.82
MSFT,2026-09-24,2026-11-20,440.0,P,5.1,5.5,5.3,32.5111,-0.140876,0.003494,-0.11707,0.439823,57,497.93,100,2292,2.82
MSFT,2026-09-24,2026-11-20,445.0,P,5.55,6.3,5.925,32.1296,-0.15898,0.003832,-0.124924,0.476764,57,497.93,62,1446,2.82
MSFT,2026-09-24,2026-11-20,450.0,P,6.7,7.25,6.975,31.8488,-0.179421,0.004179,-0.133279,0.515281,57,497.93,263,5170,2.82
MSFT,2026-09-24,2026-11-20,455.0,P,7.5,8.2,7.85,31.3789,-0.20036,0.004539,-0.139859,0.551478,57,497.93,63,5015,2.82
MSFT,2026-09-24,2026-11-20,460.0,P,9.2,9.55,9.375,31.3819,-0.225984,0.004869,-0.149357,0.591598,57,497.93,110,5261,2.82
MSFT,2026-09-24,2026-11-20,465.0,P,10.3,10.95,10.625,31.2385,-0.252243,0.005194,-0.157054,0.628251,57,497.93,126,1171,2.82
MSFT,2026-09-24,2026-11-20,470.0,P,11.6,12.6,12.1,31.2507,-0.280745,0.005481,-0.164956,0.663227,57,497.93,82,1880,2.82
MSFT,2026-09-24,2026-11-20,475.0,P,13.5,14.0,13.75,30.6922,-0.307932,0.005825,-0.167844,0.692163,57,497.93,133,1584,2.82
MSFT,2026-09-24,2026-11-20,480.0,P,15.15,15.85,15.5,30.564,-0.338478,0.006082,-0.172572,0.719745,57,497.93,169,1761,2.82
MSFT,2026-09-24,2026-11-20,485.0,P,17.1,17.75,17.425,30.2894,-0.369668,0.006333,-0.175014,0.742726,57,497.93,86,918,2.82
MSFT,2026-09-24,2026-11-20,490.0,P,19.15,20.0,19.575,30.2635,-0.402394,0.006498,-0.177746,0.761386,57,497.93,148,2604,2.82
MSFT,2026-09-24,2026-11-20,495.0,P,21.45,22.3,21.875,30.088,-0.43545,0.00665,-0.17801,0.774701,57,497.93,2063,2659,2.82
MSFT,2026-09-24,2026-11-20,500.0,P,22.65,24.9,23.775,30.0819,-0.468922,0.006719,-0.177924,0.782616,57,497.93,1076,4981,2.82
MSFT,2026-09-24,2026-11-20,505.0,P,26.45,27.25,26.85,29.5493,-0.503171,0.006861,-0.17273,0.784975,57,497.93,10,959,2.82
MSFT,2026-09-24,2026-11-20,510.0,P,29.25,30.55,29.9,30.0147,-0.535485,0.006728,-0.172976,0.781892,57,497.93,2,3490,2.82
MSFT,2026-09-24,2026-11-20,515.0,P,31.6,33.5,32.55,29.8316,-0.568712,0.006695,-0.167319,0.773327,57,497.93,20,626,2.82
MSFT,2026-09-24,2026-11-20,520.0,P,35.25,36.5,35.875,29.5051,-0.60225,0.006645,-0.159232,0.759072,57,497.93,28,113,2.82
MSFT,2026-09-24,2026-11-20,525.0,P,38.1,39.75,38.925,29.3006,-0.634742,0.006521,-0.150762,0.739788,57,497.93,28,381,2.82
MSFT,2026-09-24,2026-11-20,530.0,P,40.55,43.25,41.9,29.2335,-0.665509,0.00633,-0.142252,0.716433,57,497.93,27,164,2.82
MSFT,2026-09-24,2026-11-20,535.0,P,44.05,46.75,45.4,28.9588,-0.696634,0.006132,-0.131096,0.687597,57,497.93,4,610,2.82
MSFT,2026-09-24,2026-11-20,540.0,P,47.8,50.45,49.125,28.7727,-0.725955,0.005883,-0.119829,0.655441,57,497.93,8,44,2.82
MSFT,2026-09-24,2026-11-20,545.0,P,51.75,54.4,53.075,28.7757,-0.752254,0.005585,-0.109588,0.622283,57,497.93,57,34,2.82
MSFT,2026-09-24,2026-11-20,550.0,P,55.55,58.25,56.9,28.4095,-0.780294,0.005293,-0.09562,0.582177,57,497.93,14,168,2.82
MSFT,2026-09-24,2026-11-20,555.0,P,59.7,62.3,61.0,28.1715,-0.805644,0.004964,-0.082485,0.541422,57,497.93,10,78,2.82
MSFT,2026-09-24,2026-11-20,560.0,P,63.7,66.45,65.075,27.9029,-0.829617,0.004616,-0.068958,0.498652,57,497.93,20,24,2.82
MSFT,2026-09-24,2026-11-20,565.0,P,68.1,70.75,69.425,27.729,-0.850932,0.004256,-0.056385,0.456882,57,497.93,16,44,2.82
MSFT,2026-09-24,2026-11-20,570.0,P,72.45,75.2,73.825,27.7046,-0.869054,0.0039,-0.045429,0.418351,57,497.93,7,22,2.82
MSFT,2026-09-24,2026-11-20,575.0,P,77.0,79.6,78.3,27.3384,-0.888626,0.003527,-0.031714,0.373303,57,497.93,10,28,2.82
MSFT,2026-09-24,2026-11-20,580.0,P,81.5,84.15,82.825,27.1614,-0.904659,0.003171,-0.020252,0.333456,57,497.93,8,44,2.82
MSFT,2026-09-24,2026-11-20,585.0,P,86.15,88.8,87.475,27.1003,-0.918025,0.00284,-0.010383,0.297967,57,497.93,8,6,2.82
MSFT,2026-09-24,2026-11-20,590.0,P,91.35,93.55,92.45,27.2285,-0.928395,0.00255,-0.002663,0.26884,57,497.93,16,12,2.82
MSFT,2026-09-24,2026-11-20,595.0,P,96.0,98.25,97.125,26.9783,-0.940344,0.002234,0.007508,0.233344,57,497.93,4,22,2.82
MSFT,2026-09-24,2026-11-20,610.0,P,110.2,114.05,112.125,33.2526,-0.923752,0.002191,-0.018713,0.282062,57,497.93,9,1,2.82
MSFT,2026-09-24,2026-11-20,615.0,P,115.15,119.05,117.1,34.2658,-0.925744,0.002084,-0.018863,0.276427,57,497.93,2,0,2.82
MSFT,2026-09-24,2026-11-20,620.0,P,120.15,123.9,122.025,34.6686,-0.9313,0.00194,-0.014126,0.260412,57,497.93,5,0,2.82
MSFT,2026-09-24,2026-11-20,625.0,P,123.4,127.0,125.2,0.001,-1.0,0.0,0.069216,0.0,57,497.93,2,0,2.82
MSFT,2026-09-24,2026-11-20,655.0,P,155.15,158.95,157.05,41.4068,-0.94002,0.001462,-0.015684,0.234336,57,497.93,1,0,2.82
MSFT,2026-09-24,2026-11-20,675.0,P,173.35,176.95,175.15,0.001,-1.0,0.0,0.074754,0.0,57,497.93,18,0,2.82
MSFT,2026-09-24,2026-11-20,680.0,P,282.85,286.4,284.625,197.7234,-0.500011,0.001025,-1.302571,0.784999,57,497.93,1,0,2.82
MSFT,2026-09-24,2026-11-20,700.0,P,200.15,203.95,202.05,49.0178,-0.948321,0.001098,-0.014714,0.208349,57,497.93,0,0,2.82
MSFT,2026-09-24,2026-12-18,175.0,C,322.45,326.1,324.275,108.5698,0.988573,0.000115,-0.064486,0.071928,85,497.93,25,526,2.82
MSFT,2026-09-24,2026-12-18,180.0,C,317.4,321.2,319.3,106.1528,0.988118,0.000121,-0.065539,0.074413,85,497.93,1,18,2.82
MSFT,2026-09-24,2026-12-18,190.0,C,307.5,311.25,309.375,101.8071,0.986991,0.000137,-0.068307,0.080484,85,497.93,1,87,2.82
MSFT,2026-09-24,2026-12-18,200.0,C,297.6,301.35,299.475,97.8882,0.985636,0.000155,-0.071609,0.087671,85,497.93,1,292,2.82
MSFT,2026-09-24,2026-12-18,220.0,C,277.7,281.55,279.625,89.9415,0.983031,0.000195,-0.07669,0.101148,85,497.93,2,278,2.82
MSFT,2026-09-24,2026-12-18,235.0,C,265.5,268.9,267.2,99.939,0.965446,0.000318,-0.131595,0.183726,85,497.93,24,38,2.82
MSFT,2026-09-24,2026-12-18,245.0,C,253.0,256.85,254.925,81.5798,0.978431,0.000263,-0.085169,0.124028,85,497.93,1,109,2.82
MSFT,2026-09-24,2026-12-18,250.0,C,248.2,251.85,250.025,80.237,0.977114,0.000281,-0.087658,0.130385,85,497.93,5,575,2.82
MSFT,2026-09-24,2026-12-18,260.0,C,238.35,242.05,240.2,77.3684,0.974555,0.000319,-0.091929,0.142527,85,497.93,1,509,2.82
MSFT,2026-09-24,2026-12-18,265.0,C,233.4,237.1,235.25,75.696,0.97352,0.000337,-0.09317,0.147364,85,497.93,1,59,2.82
MSFT,2026-09-24,2026-12-18,270.0,C,228.45,232.15,230.3,74.0481,0.972442,0.000356,-0.094402,0.152353,85,497.93,5,80,2.82
MSFT,2026-09-24,2026-12-18,275.0,C,223.5,227.2,225.35,72.4124,0.971335,0.000377,-0.095585,0.15743,85,497.93,2,48,2.82
MSFT,2026-09-24,2026-12-18,280.0,C,218.55,222.3,220.425,70.9353,0.969982,0.000399,-0.097251,0.163578,85,497.93,5,124,2.82
MSFT,2026-09-24,2026-12-18,285.0,C,213.45,217.35,215.4,68.909,0.969444,0.000417,-0.096811,0.166005,85,497.93,1,321,2.82
MSFT,2026-09-24,2026-12-18,300.0,C,198.85,202.35,200.6,64.4779,0.965193,0.000496,-0.101025,0.184831,85,497.93,4,589,2.82
MSFT,2026-09-24,2026-12-18,305.0,C,193.9,197.65,195.775,63.5258,0.962711,0.000533,-0.104394,0.195555,85,497.93,4,85,2.82
MSFT,2026-09-24,2026-12-18,310.0,C,188.7,192.75,190.725,61.5116,0.962198,0.000557,-0.1034,0.197751,85,497.93,3,79,2.82
MSFT,2026-09-24,2026-12-18,315.0,C,184.2,187.55,185.875,60.4435,0.959779,0.000596,-0.106203,0.207995,85,497.93,1,204,2.82
MSFT,2026-09-24,2026-12-18,320.0,C,179.25,182.9,181.075,59.5585,0.956828,0.000641,-0.10979,0.220272,85,497.93,2,159,2.82
MSFT,2026-09-24,2026-12-18,325.0,C,174.25,178.0,176.125,58.0265,0.955192,0.000677,-0.110551,0.226979,85,497.93,1,115,2.82
MSFT,2026-09-24,2026-12-18,330.0,C,169.35,173.1,171.225,56.7021,0.953014,0.00072,-0.112146,0.235801,85,497.93,4,194,2.82
MSFT,2026-09-24,2026-12-18,335.0,C,164.5,168.2,166.35,55.4692,0.950512,0.000767,-0.114098,0.245794,85,497.93,1,267,2.82
MSFT,2026-09-24,2026-12-18,340.0,C,159.55,163.35,161.45,54.1386,0.948151,0.000816,-0.115546,0.255091,85,497.93,5,369,2.82
MSFT,2026-09-24,2026-12-18,345.0,C,154.95,158.4,156.675,53.2414,0.944467,0.000876,-0.118989,0.269345,85,497.93,1,3030,2.82
MSFT,2026-09-24,2026-12-18,350.0,C,150.05,153.6,151.825,52.0574,0.941396,0.000935,-0.121049,0.281001,85,497.93,1,3344,2.82
MSFT,2026-09-24,2026-12-18,355.0,C,145.0,148.45,146.725,50.0554,0.940701,0.000981,-0.119034,0.283615,85,497.93,2,475,2.82
MSFT,2026-09-24,2026-12-18,360.0,C,140.2,143.65,141.925,53.9555,0.921069,0.001135,-0.14702,0.353609,85,497.93,2,8492,2.82
MSFT,2026-09-24,2026-12-18,365.0,C,135.2,138.8,137.0,52.5762,0.917468,0.001205,-0.148235,0.365723,85,497.93,1,1340,2.82
MSFT,2026-09-24,2026-12-18,370.0,C,130.5,134.05,132.275,51.4348,0.912873,0.001283,-0.150639,0.380887,85,497.93,1,1779,2.82
MSFT,2026-09-24,2026-12-18,375.0,C,125.75,129.25,127.5,50.1561,0.908503,0.001364,-0.152232,0.395011,85,497.93,1,4318,2.82
MSFT,2026-09-24,2026-12-18,380.0,C,121.05,124.5,122.775,48.9751,0.903523,0.001453,-0.154277,0.410765,85,497.93,1,6359,2.82
MSFT,2026-09-24,2026-12-18,385.0,C,117.15,119.75,118.45,47.7758,0.898316,0.001547,-0.156143,0.426867,85,497.93,2,2783,2.82
MSFT,2026-09-24,2026-12-18,390.0,C,112.45,115.0,113.725,46.552,0.892888,0.001649,-0.157786,0.443262,85,497.93,2,1764,2.82
MSFT,2026-09-24,2026-12-18,395.0,C,107.8,110.45,109.125,45.7159,0.885499,0.001762,-0.161538,0.464963,85,497.93,2,1599,2.82
MSFT,2026-09-24,2026-12-18,400.0,C,103.15,105.85,104.5,44.7332,0.878252,0.00188,-0.164387,0.485589,85,497.93,6,6005,2.82
MSFT,2026-09-24,2026-12-18,405.0,C,98.6,101.3,99.95,43.7963,0.870318,0.002007,-0.167411,0.507455,85,497.93,2,1760,2.82
MSFT,2026-09-24,2026-12-18,410.0,C,94.1,96.8,95.45,42.9022,0.861653,0.002142,-0.170584,0.530517,85,497.93,8,2336,2.82
MSFT,2026-09-24,2026-12-18,415.0,C,89.45,92.05,90.75,41.5289,0.854636,0.002288,-0.170853,0.548593,85,497.93,10,1136,2.82
MSFT,2026-09-24,2026-12-18,420.0,C,85.0,87.5,86.25,40.47,0.845583,0.002444,-0.17281,0.571151,85,497.93,3,3601,2.82
MSFT,2026-09-24,2026-12-18,425.0,C,80.15,83.45,81.8,40.1526,0.832252,0.0026,-0.178951,0.602868,85,497.93,1,1938,2.82
MSFT,2026-09-24,2026-12-18,430.0,C,76.6,79.2,77.9,39.4308,0.820101,0.002768,-0.182554,0.630292,85,497.93,47,3758,2.82
MSFT,2026-09-24,2026-12-18,435.0,C,72.45,74.75,73.6,38.3429,0.808922,0.002956,-0.183818,0.654326,85,497.93,11,1368,2.82
MSFT,2026-09-24,2026-12-18,440.0,C,67.6,70.25,68.925,37.1359,0.797476,0.003161,-0.184166,0.67779,85,497.93,9,2817,2.82
MSFT,2026-09-24,2026-12-18,445.0,C,64.25,67.0,65.625,37.5617,0.777241,0.003304,-0.193678,0.716564,85,497.93,2,1708,2.82
MSFT,2026-09-24,2026-12-18,450.0,C,60.45,63.05,61.75,36.9177,0.761261,0.003494,-0.196664,0.744844,85,497.93,13,6194,2.82
MSFT,2026-09-24,2026-12-18,455.0,C,56.55,59.15,57.85,36.2464,0.744435,0.003691,-0.199121,0.77248,85,497.93,6,1110,2.82
MSFT,2026-09-24,2026-12-18,460.0,C,52.85,55.55,54.2,35.8435,0.725522,0.003871,-0.202666,0.801022,85,497.93,20,4183,2.82
MSFT,2026-09-24,2026-12-18,465.0,C,49.3,51.9,50.6,35.2729,0.706343,0.004062,-0.204785,0.82733,85,497.93,13,1936,2.82
MSFT,2026-09-24,2026-12-18,470.0,C,45.4,48.05,46.725,34.3726,0.687249,0.004288,-0.20456,0.850971,85,497.93,228,3032,2.82
MSFT,2026-09-24,2026-12-18,475.0,C,42.95,44.0,43.475,33.158,0.667799,0.004557,-0.202059,0.872509,85,497.93,9,8992,2.82
MSFT,2026-09-24,2026-12-18,480.0,C,39.95,40.85,40.4,32.8406,0.644467,0.00472,-0.203849,0.895047,85,497.93,131,6782,2.82
MSFT,2026-09-24,2026-12-18,485.0,C,36.9,38.55,37.725,33.3045,0.619059,0.004761,-0.209175,0.915596,85,497.93,13,1058,2.82
MSFT,2026-09-24,2026-12-18,490.0,C,33.75,35.55,34.65,32.8834,0.594917,0.004905,-0.208958,0.931347,85,497.93,157,4045,2.82
MSFT,2026-09-24,2026-12-18,495.0,C,31.2,32.8,32.0,32.5996,0.570007,0.005014,-0.208727,0.943811,85,497.93,128,1466,2.82
MSFT,2026-09-24,2026-12-18,500.0,C,28.5,29.65,29.075,31.7725,0.544347,0.005193,-0.20473,0.95268,85,497.93,896,11668,2.82
MSFT,2026-09-24,2026-12-18,505.0,C,26.1,28.05,27.075,32.4241,0.51941,0.005114,-0.208102,0.957474,85,497.93,208,1254,2.82
MSFT,2026-09-24,2026-12-18,510.0,C,24.1,25.15,24.625,31.5971,0.492536,0.005254,-0.202466,0.958441,85,497.93,398,2487,2.82
MSFT,2026-09-24,2026-12-18,515.0,C,22.0,23.2,22.6,31.626,0.467133,0.005232,-0.200874,0.955354,85,497.93,91,2309,2.82
MSFT,2026-09-24,2026-12-18,520.0,C,20.0,21.25,20.625,31.5284,0.441681,0.00521,-0.197842,0.948348,85,497.93,252,9172,2.82
MSFT,2026-09-24,2026-12-18,525.0,C,18.2,19.3,18.75,31.3026,0.415971,0.005186,-0.193343,0.937265,85,497.93,83,53914,2.82
MSFT,2026-09-24,2026-12-18,530.0,C,16.25,17.05,16.65,30.6129,0.388006,0.005208,-0.185246,0.920583,85,497.93,664,3356,2.82
MSFT,2026-09-24,2026-12-18,535.0,C,14.4,15.7,15.05,30.7792,0.364897,0.005082,-0.18186,0.903099,85,497.93,152,2731,2.82
MSFT,2026-09-24,2026-12-18,540.0,C,13.3,14.1,13.7,30.5396,0.340027,0.004993,-0.17533,0.880465,85,497.93,128,7815,2.82
MSFT,2026-09-24,2026-12-18,545.0,C,11.8,12.6,12.2,30.2833,0.315546,0.004885,-0.168146,0.854222,85,497.93,116,1933,2.82
MSFT,2026-09-24,2026-12-18,550.0,C,10.95,11.35,11.15,30.1978,0.293004,0.00474,-0.161686,0.826477,85,497.93,269,11335,2.82
MSFT,2026-09-24,2026-12-18,555.0,C,9.0,10.25,9.625,30.178,0.27185,0.004575,-0.155353,0.797212,85,497.93,71,2698,2.82
MSFT,2026-09-24,2026-12-18,560.0,C,8.9,9.2,9.05,30.1063,0.251189,0.004404,-0.148379,0.7655,85,497.93,69,4993,2.82
MSFT,2026-09-24,2026-12-18,565.0,C,7.9,8.3,8.1,30.1215,0.23224,0.004218,-0.14185,0.733585,85,497.93,50,1203,2.82
MSFT,2026-09-24,2026-12-18,570.0,C,7.1,7.4,7.25,30.0208,0.213235,0.004031,-0.134315,0.698737,85,497.93,88,4993,2.82
MSFT,2026-09-24,2026-12-18,575.0,C,6.35,6.75,6.55,30.1887,0.197671,0.003832,-0.128759,0.667981,85,497.93,189,131997,2.82
MSFT,2026-09-24,2026-12-18,580.0,C,5.1,5.95,5.525,30.0147,0.179962,0.003638,-0.120559,0.63043,85,497.93,97,1634,2.82
MSFT,2026-09-24,2026-12-18,585.0,C,5.0,5.35,5.175,30.0605,0.16526,0.00344,-0.114089,0.59708,85,497.93,51,2228,2.82
MSFT,2026-09-24,2026-12-18,590.0,C,4.5,4.9,4.7,30.2863,0.153164,0.003249,-0.109099,0.568079,85,497.93,80,1671,2.82
MSFT,2026-09-24,2026-12-18,595.0,C,4.05,4.3,4.175,30.1307,0.138511,0.003052,-0.101258,0.530947,85,497.93,131,896,2.82
MSFT,2026-09-24,2026-12-18,600.0,C,3.6,3.95,3.775,30.3809,0.128407,0.002873,-0.096704,0.50399,85,497.93,610,6347,2.82
MSFT,2026-09-24,2026-12-18,605.0,C,3.0,3.5,3.25,30.3352,0.116517,0.002688,-0.090035,0.470767,85,497.93,98,1793,2.82
MSFT,2026-09-24,2026-12-18,610.0,C,2.66,3.6,3.13,31.4765,0.115437,0.002573,-0.092551,0.467663,85,497.93,2,1032,2.82
MSFT,2026-09-24,2026-12-18,615.0,C,2.14,3.05,2.595,31.0615,0.101936,0.002384,-0.083413,0.427637,85,497.93,2,371,2.82
MSFT,2026-09-24,2026-12-18,620.0,C,2.13,2.69,2.41,30.9852,0.092048,0.002218,-0.077091,0.396773,85,497.93,21,1441,2.82
MSFT,2026-09-24,2026-12-18,625.0,C,1.81,2.39,2.1,30.976,0.083422,0.002061,-0.07151,0.368686,85,497.93,25,102404,2.82
MSFT,2026-09-24,2026-12-18,630.0,C,1.67,2.32,1.995,31.5803,0.079957,0.001958,-0.070482,0.35708,85,497.93,60,3079,2.82
MSFT,2026-09-24,2026-12-18,635.0,C,1.49,1.78,1.635,30.6159,0.065795,0.00174,-0.058817,0.307556,85,497.93,1,2527,2.82
MSFT,2026-09-24,2026-12-18,640.0,C,1.31,1.79,1.55,31.4155,0.064581,0.001671,-0.059381,0.303146,85,497.93,8,1163,2.82
MSFT,2026-09-24,2026-12-18,645.0,C,1.2,1.38,1.29,30.5793,0.053076,0.001472,-0.049517,0.259872,85,497.93,4,269,2.82
MSFT,2026-09-24,2026-12-18,650.0,C,1.06,1.23,1.145,30.6403,0.048012,0.001356,-0.045752,0.239918,85,497.93,6,1101,2.82
MSFT,2026-09-24,2026-12-18,655.0,C,0.71,1.12,0.915,30.8112,0.044011,0.001258,-0.042849,0.223719,85,497.93,17,408,2.82
MSFT,2026-09-24,2026-12-18,660.0,C,0.62,1.1,0.86,31.3972,0.042582,0.001202,-0.042457,0.217835,85,497.93,6,2513,2.82
MSFT,2026-09-24,2026-12-18,665.0,C,0.49,1.0,0.745,31.5559,0.039067,0.001115,-0.039747,0.203127,85,497.93,14,361,2.82
MSFT,2026-09-24,2026-12-18,670.0,C,0.41,0.91,0.66,31.7023,0.035793,0.001033,-0.037139,0.189115,85,497.93,10,3679,2.82
MSFT,2026-09-24,2026-12-18,675.0,C,0.52,0.82,0.67,31.8,0.032578,0.000953,-0.034446,0.175033,85,497.93,42,37426,2.82
MSFT,2026-09-24,2026-12-18,680.0,C,0.21,0.96,0.585,33.277,0.035827,0.000985,-0.038915,0.189259,85,497.93,3,435,2.82
MSFT,2026-09-24,2026-12-18,685.0,C,0.16,0.91,0.535,33.6066,0.033832,0.000931,-0.037459,0.180563,85,497.93,42,906,2.82
MSFT,2026-09-24,2026-12-18,690.0,C,0.22,0.88,0.55,34.0461,0.03246,0.000888,-0.036641,0.174508,85,497.93,15,6775,2.82
MSFT,2026-09-24,2026-12-18,695.0,C,0.28,0.44,0.36,31.2751,0.019172,0.000622,-0.021657,0.11224,85,497.93,4,1431,2.82
MSFT,2026-09-24,2026-12-18,700.0,C,0.27,0.38,0.325,31.2019,0.016836,0.000558,-0.019326,0.100468,85,497.93,10,10454,2.82
MSFT,2026-09-24,2026-12-18,720.0,C,0.15,0.69,0.42,36.2677,0.024677,0.000663,-0.03092,0.138912,85,497.93,4,2318,2.82
MSFT,2026-09-24,2026-12-18,740.0,C,0.12,0.16,0.14,31.9831,0.007582,0.000272,-0.009853,0.050243,85,497.93,1,351,2.82
MSFT,2026-09-24,2026-12-18,760.0,C,0.04,0.15,0.095,33.5944,0.006777,0.000235,-0.00935,0.045507,85,497.93,9,973,2.82
MSFT,2026-09-24,2026-12-18,780.0,C,0.01,0.18,0.095,36.0846,0.007424,0.000237,-0.010858,0.04932,85,497.93,9,680,2.82
MSFT,2026-09-24,2026-12-18,800.0,C,0.01,0.1,0.055,35.5963,0.004407,0.000151,-0.006732,0.031042,85,497.93,2,3376,2.82
MSFT,2026-09-24,2026-12-18,175.0,P,0.0,0.04,0.02,67.9691,-0.000361,8e-06,-0.001241,0.003159,85,497.93,4,795,2.82
MSFT,2026-09-24,2026-12-18,180.0,P,0.01,0.05,0.03,68.3597,-0.000523,1.1e-05,-0.001757,0.004449,85,497.93,2,176,2.82
MSFT,2026-09-24,2026-12-18,185.0,P,0.01,0.06,0.035,67.5784,-0.000623,1.3e-05,-0.002042,0.005233,85,497.93,16,884,2.82
MSFT,2026-09-24,2026-12-18,190.0,P,0.02,0.08,0.05,67.9691,-0.000873,1.8e-05,-0.002804,0.007145,85,497.93,1,379,2.82
MSFT,2026-09-24,2026-12-18,195.0,P,0.0,0.1,0.05,66.2113,-0.000894,1.9e-05,-0.002788,0.007299,85,497.93,1,173,2.82
MSFT,2026-09-24,2026-12-18,200.0,P,0.01,0.15,0.08,67.3831,-0.001364,2.8e-05,-0.004178,0.010751,85,497.93,27,649,2.82
MSFT,2026-09-24,2026-12-18,205.0,P,0.0,0.1,0.05,62.6957,-0.000917,2.1e-05,-0.002701,0.007474,85,497.93,25,186,2.82
MSFT,2026-09-24,2026-12-18,210.0,P,0.03,0.57,0.3,73.7307,-0.004257,7.1e-05,-0.012788,0.030096,85,497.93,3,142,2.82
MSFT,2026-09-24,2026-12-18,215.0,P,0.04,0.15,0.095,63.2816,-0.001674,3.5e-05,-0.004723,0.01296,85,497.93,285,429,2.82
MSFT,2026-09-24,2026-12-18,220.0,P,0.05,0.15,0.1,62.0121,-0.001802,3.9e-05,-0.004946,0.013859,85,497.93,287,572,2.82
MSFT,2026-09-24,2026-12-18,225.0,P,0.05,0.18,0.115,61.3285,-0.002091,4.5e-05,-0.005596,0.015865,85,497.93,3,208,2.82
MSFT,2026-09-24,2026-12-18,230.0,P,0.01,0.15,0.08,57.52,-0.001561,3.7e-05,-0.00402,0.012158,85,497.93,1,363,2.82
MSFT,2026-09-24,2026-12-18,235.0,P,0.05,0.95,0.5,69.1653,-0.007244,0.000121,-0.019185,0.048263,85,497.93,2,183,2.82
MSFT,2026-09-24,2026-12-18,240.0,P,0.07,0.2,0.135,57.5688,-0.002555,5.7e-05,-0.006286,0.019018,85,497.93,20,546,2.82
MSFT,2026-09-24,2026-12-18,245.0,P,0.01,0.26,0.135,56.0551,-0.002619,6e-05,-0.006255,0.019449,85,497.93,145,124,2.82
MSFT,2026-09-24,2026-12-18,250.0,P,0.05,0.2,0.125,54.102,-0.002509,6e-05,-0.005804,0.018711,85,497.93,48,2469,2.82
MSFT,2026-09-24,2026-12-18,255.0,P,0.05,0.32,0.185,54.9809,-0.003567,8.1e-05,-0.008092,0.025686,85,497.93,35,521,2.82
MSFT,2026-09-24,2026-12-18,260.0,P,0.08,0.27,0.175,53.1743,-0.003494,8.2e-05,-0.007676,0.025214,85,497.93,35,3302,2.82
MSFT,2026-09-24,2026-12-18,265.0,P,0.01,0.35,0.18,51.9048,-0.003668,8.8e-05,-0.007822,0.026342,85,497.93,4,533,2.82
MSFT,2026-09-24,2026-12-18,270.0,P,0.05,0.25,0.15,52.4907,-0.004936,0.000113,-0.010309,0.034351,85,497.93,5,1899,2.82
MSFT,2026-09-24,2026-12-18,275.0,P,0.11,0.36,0.235,50.6353,-0.004791,0.000114,-0.009674,0.033445,85,497.93,1,2385,2.82
MSFT,2026-09-24,2026-12-18,280.0,P,0.11,0.3,0.205,50.7329,-0.005994,0.000139,-0.011822,0.040822,85,497.93,2,2108,2.82
MSFT,2026-09-24,2026-12-18,285.0,P,0.02,0.38,0.2,50.855,-0.007448,0.000168,-0.014345,0.049456,85,497.93,5,876,2.82
MSFT,2026-09-24,2026-12-18,290.0,P,0.17,0.33,0.25,48.5113,-0.006819,0.000163,-0.012646,0.045752,85,497.93,2,1676,2.82
MSFT,2026-09-24,2026-12-18,295.0,P,0.13,0.29,0.21,46.3384,-0.006295,0.000159,-0.011244,0.04263,85,497.93,1,1844,2.82
MSFT,2026-09-24,2026-12-18,300.0,P,0.22,0.31,0.265,45.3863,-0.006829,0.000175,-0.011823,0.045814,85,497.93,16,3557,2.82
MSFT,2026-09-24,2026-12-18,305.0,P,0.1,0.41,0.255,45.7037,-0.008761,0.000216,-0.014811,0.057042,85,497.93,12,843,2.82
MSFT,2026-09-24,2026-12-18,310.0,P,0.19,0.46,0.325,45.0689,-0.009872,0.000243,-0.016197,0.063324,85,497.93,1,1359,2.82
MSFT,2026-09-24,2026-12-18,315.0,P,0.16,0.48,0.32,43.9703,-0.010481,0.000263,-0.016631,0.066721,85,497.93,1,1777,2.82
MSFT,2026-09-24,2026-12-18,320.0,P,0.35,0.41,0.38,41.6998,-0.009517,0.000255,-0.014478,0.061333,85,497.93,10,7620,2.82
MSFT,2026-09-24,2026-12-18,325.0,P,0.21,0.52,0.365,41.773,-0.011781,0.000306,-0.017448,0.073864,85,497.93,3,1695,2.82
MSFT,2026-09-24,2026-12-18,330.0,P,0.43,0.54,0.485,40.6744,-0.012475,0.000331,-0.017828,0.077618,85,497.93,3,3191,2.82
MSFT,2026-09-24,2026-12-18,335.0,P,0.53,0.68,0.605,40.7843,-0.015376,0.000395,-0.021383,0.092955,85,497.93,4,1602,2.82
MSFT,2026-09-24,2026-12-18,340.0,P,0.36,0.73,0.545,39.8932,-0.016701,0.000433,-0.02242,0.099779,85,497.93,30,3218,2.82
MSFT,2026-09-24,2026-12-18,345.0,P,0.55,0.9,0.725,39.9298,-0.020198,0.000509,-0.02635,0.117319,85,497.93,2,1764,2.82
MSFT,2026-09-24,2026-12-18,350.0,P,0.66,0.78,0.72,37.6593,-0.018635,0.000504,-0.023163,0.10956,85,497.93,3,9113,2.82
MSFT,2026-09-24,2026-12-18,355.0,P,0.68,1.06,0.87,38.3185,-0.024225,0.000618,-0.029385,0.136772,85,497.93,153,1588,2.82
MSFT,2026-09-24,2026-12-18,360.0,P,0.8,0.99,0.895,36.5119,-0.023698,0.000637,-0.02743,0.13427,85,497.93,10,6441,2.82
MSFT,2026-09-24,2026-12-18,365.0,P,1.01,1.12,1.065,35.987,-0.026823,0.000717,-0.029939,0.148956,85,497.93,1,3594,2.82
MSFT,2026-09-24,2026-12-18,370.0,P,1.15,1.27,1.21,35.4804,-0.030375,0.000806,-0.032672,0.16519,85,497.93,7,2699,2.82
MSFT,2026-09-24,2026-12-18,375.0,P,1.32,1.43,1.375,34.9372,-0.034212,0.000903,-0.035417,0.182229,85,497.93,1,3702,2.82
MSFT,2026-09-24,2026-12-18,380.0,P,1.46,1.88,1.67,35.5414,-0.042999,0.00107,-0.043338,0.219559,85,497.93,4,5706,2.82
MSFT,2026-09-24,2026-12-18,385.0,P,1.56,2.04,1.8,34.7541,-0.047065,0.001177,-0.045466,0.23612,85,497.93,12,2937,2.82
MSFT,2026-09-24,2026-12-18,390.0,P,1.91,2.09,2.0,33.5273,-0.049525,0.00127,-0.045559,0.245942,85,497.93,16,5667,2.82
MSFT,2026-09-24,2026-12-18,395.0,P,1.99,2.4,2.195,33.1733,-0.056394,0.001423,-0.049844,0.272633,85,497.93,13,1760,2.82
MSFT,2026-09-24,2026-12-18,400.0,P,2.51,2.71,2.61,32.7033,-0.063432,0.001583,-0.053731,0.298943,85,497.93,47,8093,2.82
MSFT,2026-09-24,2026-12-18,405.0,P,2.84,3.15,2.995,32.4897,-0.072647,0.00177,-0.05911,0.331954,85,497.93,15,1267,2.82
MSFT,2026-09-24,2026-12-18,410.0,P,2.96,3.55,3.255,32.038,-0.081458,0.001958,-0.063388,0.362133,85,497.93,12,2748,2.82
MSFT,2026-09-24,2026-12-18,415.0,P,3.65,4.1,3.875,31.8244,-0.09263,0.002169,-0.069091,0.398626,85,497.93,24,1644,2.82
MSFT,2026-09-24,2026-12-18,420.0,P,4.3,4.7,4.5,31.5742,-0.104663,0.002391,-0.074703,0.435914,85,497.93,32,6489,2.82
MSFT,2026-09-24,2026-12-18,425.0,P,4.9,5.25,5.075,31.092,-0.116304,0.002619,-0.079029,0.470154,85,497.93,186,1427,2.82
MSFT,2026-09-24,2026-12-18,430.0,P,5.5,6.15,5.825,31.1378,-0.132576,0.002866,-0.086423,0.515251,85,497.93,89,2063,2.82
MSFT,2026-09-24,2026-12-18,435.0,P,6.3,7.15,6.725,31.1713,-0.150007,0.003113,-0.093712,0.560268,85,497.93,172,1367,2.82
MSFT,2026-09-24,2026-12-18,440.0,P,7.15,8.2,7.675,31.1134,-0.16804,0.00336,-0.100335,0.603545,85,497.93,39,3558,2.82
MSFT,2026-09-24,2026-12-18,445.0,P,8.25,8.65,8.45,30.0117,-0.180407,0.003644,-0.100614,0.631409,85,497.93,28,1282,2.82
MSFT,2026-09-24,2026-12-18,450.0,P,9.15,9.7,9.425,29.7004,-0.199356,0.003915,-0.105289,0.671409,85,497.93,80,5223,2.82
MSFT,2026-09-24,2026-12-18,455.0,P,10.25,11.5,10.875,30.2467,-0.224947,0.004126,-0.114587,0.720556,85,497.93,6,773,2.82
MSFT,2026-09-24,2026-12-18,460.0,P,11.55,12.7,12.125,29.8255,-0.245638,0.004393,-0.117827,0.756435,85,497.93,51,3866,2.82
MSFT,2026-09-24,2026-12-18,465.0,P,12.45,14.6,13.525,30.1215,-0.271406,0.00458,-0.124629,0.796564,85,497.93,5,1267,2.82
MSFT,2026-09-24,2026-12-18,470.0,P,14.5,15.7,15.1,29.3098,-0.292591,0.004881,-0.124604,0.825936,85,497.93,42,2240,2.82
MSFT,2026-09-24,2026-12-18,475.0,P,15.5,17.4,16.45,29.0657,-0.317825,0.005106,-0.127127,0.856835,85,497.93,272,15174,2.82
MSFT,2026-09-24,2026-12-18,480.0,P,17.6,19.0,18.3,28.5713,-0.343241,0.005356,-0.127563,0.883616,85,497.93,67,4914,2.82
MSFT,2026-09-24,2026-12-18,485.0,P,19.45,20.85,20.15,28.2112,-0.370353,0.005572,-0.127966,0.907533,85,497.93,19,965,2.82
MSFT,2026-09-24,2026-12-18,490.0,P,22.1,23.2,22.65,28.2341,-0.399175,0.005692,-0.129615,0.927829,85,497.93,169,2382,2.82
MSFT,2026-09-24,2026-12-18,495.0,P,23.6,25.5,24.55,28.0494,-0.428079,0.005823,-0.129266,0.942988,85,497.93,32,1422,2.82
MSFT,2026-09-24,2026-12-18,500.0,P,26.8,27.9,27.35,27.8175,-0.457479,0.005935,-0.127763,0.953159,85,497.93,576,6318,2.82
MSFT,2026-09-24,2026-12-18,505.0,P,29.0,30.65,29.825,27.7992,-0.486998,0.005969,-0.126542,0.9581,85,497.93,56,662,2.82
MSFT,2026-09-24,2026-12-18,510.0,P,31.1,33.65,32.375,27.8907,-0.516061,0.005948,-0.125085,0.957832,85,497.93,78,2174,2.82
MSFT,2026-09-24,2026-12-18,515.0,P,34.8,36.55,35.675,27.7305,-0.545454,0.005948,-0.121356,0.95238,85,497.93,82,929,2.82
MSFT,2026-09-24,2026-12-18,520.0,P,36.95,39.55,38.25,27.5261,-0.574859,0.005925,-0.116531,0.941682,85,497.93,16,729,2.82
MSFT,2026-09-24,2026-12-18,525.0,P,40.0,42.55,41.275,27.1675,-0.604874,0.005899,-0.109943,0.925292,85,497.93,88,1207,2.82
MSFT,2026-09-24,2026-12-18,530.0,P,43.3,46.05,44.675,27.2102,-0.632148,0.005764,-0.105125,0.905524,85,497.93,20,181,2.82
MSFT,2026-09-24,2026-12-18,535.0,P,46.8,49.5,48.15,27.0546,-0.65989,0.005637,-0.098415,0.880548,85,497.93,3,77,2.82
MSFT,2026-09-24,2026-12-18,540.0,P,50.4,53.05,51.725,26.8638,-0.687143,0.005487,-0.090882,0.851095,85,497.93,1,92,2.82
MSFT,2026-09-24,2026-12-18,545.0,P,54.0,56.75,55.375,26.7067,-0.713253,0.005306,-0.083074,0.818151,85,497.93,20,44,2.82
MSFT,2026-09-24,2026-12-18,550.0,P,57.75,60.5,59.125,26.4595,-0.739204,0.00511,-0.074204,0.780637,85,497.93,16,320,2.82
MSFT,2026-09-24,2026-12-18,555.0,P,61.7,64.45,63.075,26.3283,-0.76299,0.00488,-0.065855,0.741881,85,497.93,6,115,2.82
MSFT,2026-09-24,2026-12-18,560.0,P,65.7,68.5,67.1,26.1909,-0.785625,0.004635,-0.057251,0.700911,85,497.93,1,36,2.82
MSFT,2026-09-24,2026-12-18,565.0,P,69.8,72.6,71.2,25.9743,-0.807822,0.004378,-0.047918,0.65663,85,497.93,2,22,2.82
MSFT,2026-09-24,2026-12-18,570.0,P,74.1,76.8,75.45,25.7637,-0.828663,0.004108,-0.038596,0.611114,85,497.93,2,21,2.82
MSFT,2026-09-24,2026-12-18,575.0,P,78.4,81.05,79.725,25.4768,-0.848966,0.003826,-0.028741,0.562821,85,497.93,1,20,2.82
MSFT,2026-09-24,2026-12-18,580.0,P,82.75,85.5,84.125,25.4127,-0.865533,0.003546,-0.020768,0.520295,85,497.93,11,25,2.82
MSFT,2026-09-24,2026-12-18,585.0,P,87.2,89.95,88.575,25.2022,-0.882259,0.003259,-0.011888,0.474263,85,497.93,23,23,2.82
MSFT,2026-09-24,2026-12-18,590.0,P,92.2,94.45,93.325,24.9336,-0.898166,0.002968,-0.002882,0.427326,85,497.93,1,8,2.82
MSFT,2026-09-24,2026-12-18,595.0,P,96.35,99.05,97.7,24.7566,-0.911773,0.00269,0.005061,0.38447,85,497.93,1,15,2.82
MSFT,2026-09-24,2026-12-18,600.0,P,101.05,103.7,102.375,24.5552,-0.924276,0.002417,0.01276,0.34264,85,497.93,2,31,2.82
MSFT,2026-09-24,2026-12-18,605.0,P,105.8,108.55,107.175,24.8848,-0.930958,0.002222,0.016427,0.319224,85,497.93,1,2,2.82
MSFT,2026-09-24,2026-12-18,615.0,P,115.2,119.15,117.175,28.4553,-0.919261,0.002189,0.00347,0.359716,85,497.93,1,4,2.82
MSFT,2026-09-24,2026-12-18,620.0,P,120.2,123.95,122.075,28.6506,-0.92622,0.002031,0.007982,0.335908,85,497.93,14,14,2.82
MSFT,2026-09-24,2026-12-18,625.0,P,125.15,128.95,127.05,29.4502,-0.928074,0.001937,0.008179,0.329426,85,497.93,6,0,2.82
MSFT,2026-09-24,2026-12-18,635.0,P,135.2,139.05,137.125,31.3483,-0.929103,0.0018,0.00634,0.325804,85,497.93,14,0,2.82
MSFT,2026-09-24,2026-12-18,640.0,P,138.45,141.25,139.85,0.001,-1.0,0.0,0.070657,0.0,85,497.93,2,0,2.82
MSFT,2026-09-24,2026-12-18,645.0,P,143.4,146.95,145.175,0.001,-1.0,0.0,0.071209,0.0,85,497.93,2,0,2.82
MSFT,2026-09-24,2026-12-18,650.0,P,150.2,153.95,152.075,33.2892,-0.93571,0.001572,0.009274,0.302083,85,497.93,47,0,2.82
MSFT,2026-09-24,2026-12-18,665.0,P,185.0,190.0,187.5,68.9273,-0.750174,0.001918,-0.247577,0.763295,85,497.93,5,0,2.82
MSFT,2026-09-24,2026-12-18,680.0,P,188.0,192.5,190.25,53.0644,-0.853584,0.001799,-0.104164,0.551259,85,497.93,2,0,2.82
MSFT,2026-09-24,2026-12-18,685.0,P,183.35,187.0,185.175,0.001,-1.0,0.0,0.075625,0.0,85,497.93,2,0,2.82
MSFT,2026-09-24,2026-12-18,690.0,P,197.5,202.5,200.0,54.2516,-0.859708,0.00171,-0.101597,0.535581,85,497.93,5,0,2.82
MSFT,2026-09-24,2026-12-18,695.0,P,193.35,197.0,195.175,0.001,-1.0,0.0,0.076729,0.0,85,497.93,1,0,2.82
MSFT,2026-09-24,2026-12-18,720.0,P,206.1,210.6,208.35,0.001,-1.0,0.0,0.079489,0.0,85,497.93,20,0,2.82
MSFT,2026-09-24,2026-12-18,740.0,P,226.25,230.45,228.35,0.001,-1.0,0.0,0.081697,0.0,85,497.93,4,0,2.82
