symbol,quote_date,expiration,strike,option_type,bid,ask,mid,implied_volatility,delta,gamma,theta,vega,dte,underlying_price,volume,open_interest,iv_rank
LLY,2026-10-09,2026-10-16,470.0,C,691.95,707.5,699.725,212.1098,0.999429,6e-06,-0.101214,0.003252,7,1169.6,3,2,15.75
LLY,2026-10-09,2026-10-16,500.0,C,662.0,677.55,669.775,204.8833,0.999154,9e-06,-0.123636,0.004675,7,1169.6,2,2,15.75
LLY,2026-10-09,2026-10-16,560.0,C,602.05,617.65,609.85,185.5469,0.99864,1.5e-05,-0.157592,0.007228,7,1169.6,1,3,15.75
LLY,2026-10-09,2026-10-16,580.0,C,582.1,597.65,589.875,179.1017,0.998437,1.7e-05,-0.168979,0.008208,7,1169.6,2,2,15.75
LLY,2026-10-09,2026-10-16,600.0,C,551.8,565.3,558.55,0.001,1.0,0.0,-0.066409,0.0,7,1169.6,14,14,15.75
LLY,2026-10-09,2026-10-16,620.0,C,541.95,557.2,549.575,266.9193,0.971543,0.000151,-2.075359,0.105479,7,1169.6,4,5,15.75
LLY,2026-10-09,2026-10-16,640.0,C,522.15,537.7,529.925,158.3986,0.997895,2.6e-05,-0.192282,0.01076,7,1169.6,1,8,15.75
LLY,2026-10-09,2026-10-16,680.0,C,482.2,497.75,489.975,145.9964,0.997342,3.5e-05,-0.213437,0.013285,7,1169.6,4,11,15.75
LLY,2026-10-09,2026-10-16,700.0,C,462.25,477.8,470.025,140.8206,0.996869,4.2e-05,-0.23194,0.015399,7,1169.6,2,4,15.75
LLY,2026-10-09,2026-10-16,720.0,C,442.25,457.35,449.8,123.0473,0.998343,2.7e-05,-0.155545,0.008656,7,1169.6,2,8,15.75
LLY,2026-10-09,2026-10-16,740.0,C,418.15,432.0,425.075,162.0119,0.984456,0.000149,-0.811615,0.063246,7,1169.6,2,7,15.75
LLY,2026-10-09,2026-10-16,760.0,C,404.0,417.85,410.925,139.8929,0.989994,0.000118,-0.514323,0.043192,7,1169.6,1,12,15.75
LLY,2026-10-09,2026-10-16,780.0,C,382.35,397.9,390.125,116.602,0.995262,7.3e-05,-0.2716,0.022322,7,1169.6,1,18,15.75
LLY,2026-10-09,2026-10-16,800.0,C,362.0,375.8,368.9,165.7472,0.961871,0.000309,-1.672386,0.13424,7,1169.6,6,31,15.75
LLY,2026-10-09,2026-10-16,820.0,C,342.4,357.6,350.0,100.0982,0.995814,7.6e-05,-0.233097,0.019987,7,1169.6,8,36,15.75
LLY,2026-10-09,2026-10-16,840.0,C,322.4,336.75,329.575,153.0032,0.952721,0.000398,-1.832049,0.159742,7,1169.6,2,10,15.75
LLY,2026-10-09,2026-10-16,860.0,C,302.0,315.9,308.95,139.9905,0.954199,0.000424,-1.645872,0.155724,7,1169.6,2,79,15.75
LLY,2026-10-09,2026-10-16,880.0,C,282.45,295.6,289.025,130.0296,0.952959,0.000466,-1.568502,0.159099,7,1169.6,1,100,15.75
LLY,2026-10-09,2026-10-16,900.0,C,262.65,274.45,268.55,115.9672,0.956981,0.000487,-1.320042,0.148054,7,1169.6,4,135,15.75
LLY,2026-10-09,2026-10-16,910.0,C,252.5,265.45,258.975,116.9316,0.94904,0.000553,-1.510203,0.169602,7,1169.6,2,32,15.75
LLY,2026-10-09,2026-10-16,920.0,C,242.5,255.8,249.15,114.4597,0.945037,0.0006,-1.566513,0.180085,7,1169.6,3,50,15.75
LLY,2026-10-09,2026-10-16,930.0,C,232.55,246.0,239.275,111.2553,0.94178,0.000646,-1.592363,0.18844,7,1169.6,4,42,15.75
LLY,2026-10-09,2026-10-16,940.0,C,222.55,237.25,229.9,62.5492,0.99499,0.000143,-0.208191,0.023461,7,1169.6,1,90,15.75
LLY,2026-10-09,2026-10-16,950.0,C,212.55,226.3,219.425,104.334,0.935351,0.000747,-1.620303,0.204509,7,1169.6,7,28,15.75
LLY,2026-10-09,2026-10-16,960.0,C,202.6,217.35,209.975,58.8627,0.993299,0.000197,-0.233049,0.030369,7,1169.6,2,40,15.75
LLY,2026-10-09,2026-10-16,970.0,C,192.6,208.15,200.375,62.3295,0.98679,0.000336,-0.350361,0.054977,7,1169.6,2,27,15.75
LLY,2026-10-09,2026-10-16,980.0,C,182.65,195.9,189.275,90.6922,0.930187,0.000912,-1.504818,0.21703,7,1169.6,2,34,15.75
LLY,2026-10-09,2026-10-16,990.0,C,174.2,185.7,179.95,50.2446,0.992694,0.000249,-0.226237,0.032776,7,1169.6,6,22,15.75
LLY,2026-10-09,2026-10-16,1000.0,C,164.8,176.0,170.4,53.7846,0.98426,0.000453,-0.354184,0.063928,7,1169.6,1,107,15.75
LLY,2026-10-09,2026-10-16,1010.0,C,152.7,166.3,159.5,80.1333,0.916901,0.001179,-1.518799,0.247798,7,1169.6,1,49,15.75
LLY,2026-10-09,2026-10-16,1020.0,C,142.45,156.35,149.4,76.2881,0.912386,0.001288,-1.505851,0.257817,7,1169.6,1,44,15.75
LLY,2026-10-09,2026-10-16,1030.0,C,132.75,145.05,138.9,68.0301,0.919909,0.00135,-1.274276,0.241004,7,1169.6,2,52,15.75
LLY,2026-10-09,2026-10-16,1040.0,C,125.05,136.6,130.825,69.0067,0.900573,0.001564,-1.496872,0.283067,7,1169.6,1,87,15.75
LLY,2026-10-09,2026-10-16,1050.0,C,113.05,126.05,119.55,63.3488,0.900133,0.001709,-1.387712,0.283982,7,1169.6,10,129,15.75
LLY,2026-10-09,2026-10-16,1060.0,C,103.25,116.2,109.725,59.766,0.892428,0.001912,-1.382296,0.299715,7,1169.6,6,413,15.75
LLY,2026-10-09,2026-10-16,1070.0,C,93.6,106.9,100.25,57.5871,0.878118,0.002168,-1.449436,0.327576,7,1169.6,3,156,15.75
LLY,2026-10-09,2026-10-16,1075.0,C,88.75,104.4,96.575,61.5849,0.850983,0.002327,-1.752778,0.375998,7,1169.6,2,11,15.75
LLY,2026-10-09,2026-10-16,1080.0,C,83.25,96.6,89.925,52.6738,0.872797,0.002442,-1.372294,0.337511,7,1169.6,24,39,15.75
LLY,2026-10-09,2026-10-16,1085.0,C,79.2,93.0,86.1,53.9738,0.853656,0.002623,-1.532485,0.371468,7,1169.6,4,0,15.75
LLY,2026-10-09,2026-10-16,1090.0,C,76.85,87.2,82.025,49.9517,0.856497,0.002797,-1.409381,0.366597,7,1169.6,6,83,15.75
LLY,2026-10-09,2026-10-16,1095.0,C,69.9,86.0,77.95,56.0521,0.815371,0.002936,-1.825078,0.431812,7,1169.6,2,6,15.75
LLY,2026-10-09,2026-10-16,1100.0,C,68.05,79.5,73.775,50.6536,0.821406,0.003183,-1.627892,0.422924,7,1169.6,17,119,15.75
LLY,2026-10-09,2026-10-16,1105.0,C,61.1,72.0,66.55,43.07,0.840227,0.003485,-1.312222,0.393731,7,1169.6,12,22,15.75
LLY,2026-10-09,2026-10-16,1110.0,C,56.75,67.9,62.325,42.8076,0.82251,0.003751,-1.387225,0.421273,7,1169.6,23,145,15.75
LLY,2026-10-09,2026-10-16,1115.0,C,52.45,65.05,58.75,44.8126,0.792144,0.003947,-1.580701,0.463992,7,1169.6,8,32,15.75
LLY,2026-10-09,2026-10-16,1120.0,C,48.3,58.95,53.625,40.3418,0.793166,0.004371,-1.429428,0.462642,7,1169.6,9,119,15.75
LLY,2026-10-09,2026-10-16,1125.0,C,43.2,54.7,48.95,39.3744,0.774724,0.004706,-1.461555,0.486112,7,1169.6,10,35,15.75
LLY,2026-10-09,2026-10-16,1130.0,C,40.15,50.0,45.075,37.4793,0.759444,0.005127,-1.442616,0.504163,7,1169.6,47,181,15.75
LLY,2026-10-09,2026-10-16,1135.0,C,36.55,50.55,43.55,44.2999,0.702913,0.004824,-1.85971,0.560671,7,1169.6,41,35,15.75
LLY,2026-10-09,2026-10-16,1140.0,C,34.8,44.95,39.875,40.5707,0.690805,0.005363,-1.738694,0.570779,7,1169.6,133,129,15.75
LLY,2026-10-09,2026-10-16,1145.0,C,28.0,41.5,34.75,40.1861,0.664117,0.005603,-1.777113,0.590694,7,1169.6,25,47,15.75
LLY,2026-10-09,2026-10-16,1150.0,C,31.65,34.0,32.825,33.3991,0.657361,0.006793,-1.501498,0.59523,7,1169.6,213,350,15.75
LLY,2026-10-09,2026-10-16,1155.0,C,24.2,34.25,29.225,38.3276,0.60942,0.006183,-1.777346,0.621715,7,1169.6,20,109,15.75
LLY,2026-10-09,2026-10-16,1160.0,C,22.3,28.0,25.15,33.2587,0.5866,0.007231,-1.571757,0.63089,7,1169.6,91,719,15.75
LLY,2026-10-09,2026-10-16,1165.0,C,18.55,29.55,24.05,39.4385,0.545245,0.006205,-1.876084,0.642015,7,1169.6,27,41,15.75
LLY,2026-10-09,2026-10-16,1170.0,C,19.0,22.0,20.5,32.1326,0.51276,0.007661,-1.546437,0.645844,7,1169.6,54,367,15.75
LLY,2026-10-09,2026-10-16,1175.0,C,12.15,21.0,16.575,34.0888,0.477055,0.007213,-1.630377,0.645106,7,1169.6,43,124,15.75
LLY,2026-10-09,2026-10-16,1180.0,C,15.25,18.0,16.625,32.8956,0.438597,0.007399,-1.555232,0.638506,7,1169.6,140,523,15.75
LLY,2026-10-09,2026-10-16,1185.0,C,8.5,18.65,13.575,36.8445,0.414626,0.006531,-1.713269,0.631322,7,1169.6,84,89,15.75
LLY,2026-10-09,2026-10-16,1190.0,C,9.0,14.35,11.675,33.2007,0.368349,0.007011,-1.494427,0.610663,7,1169.6,157,725,15.75
LLY,2026-10-09,2026-10-16,1195.0,C,7.85,17.05,12.45,40.0061,0.364637,0.005799,-1.784658,0.608612,7,1169.6,80,121,15.75
LLY,2026-10-09,2026-10-16,1200.0,C,9.0,10.75,9.875,32.5843,0.298437,0.006572,-1.345219,0.561832,7,1169.6,944,1503,15.75
LLY,2026-10-09,2026-10-16,1205.0,C,6.0,9.5,7.75,32.7949,0.268694,0.00621,-1.285348,0.534253,7,1169.6,72,159,15.75
LLY,2026-10-09,2026-10-16,1210.0,C,3.55,8.9,6.225,33.9484,0.247519,0.005749,-1.272693,0.511983,7,1169.6,89,154,15.75
LLY,2026-10-09,2026-10-16,1215.0,C,3.4,9.2,6.3,36.6278,0.238813,0.005226,-1.343843,0.502166,7,1169.6,35,65,15.75
LLY,2026-10-09,2026-10-16,1220.0,C,4.7,6.55,5.625,33.5883,0.19295,0.005035,-1.088889,0.443705,7,1169.6,99,691,15.75
LLY,2026-10-09,2026-10-16,1240.0,C,2.4,3.7,3.05,34.0522,0.115178,0.003523,-0.78012,0.314737,7,1169.6,276,855,15.75
LLY,2026-10-09,2026-10-16,1260.0,C,1.1,1.5,1.3,32.3371,0.052317,0.002041,-0.406668,0.173183,7,1169.6,325,1266,15.75
LLY,2026-10-09,2026-10-16,1280.0,C,0.3,1.47,0.885,37.403,0.044519,0.001551,-0.412284,0.152205,7,1169.6,56,732,15.75
LLY,2026-10-09,2026-10-16,1300.0,C,0.25,0.75,0.5,37.5128,0.023086,0.0009,-0.24017,0.088538,7,1169.6,400,1040,15.75
LLY,2026-10-09,2026-10-16,1320.0,C,0.15,0.7,0.425,41.4557,0.019465,0.000705,-0.229412,0.076641,7,1169.6,174,1685,15.75
LLY,2026-10-09,2026-10-16,1340.0,C,0.05,0.59,0.32,44.5318,0.015309,0.000534,-0.200497,0.062422,7,1169.6,51,642,15.75
LLY,2026-10-09,2026-10-16,1360.0,C,0.0,0.34,0.17,44.9713,0.0087,0.000324,-0.123861,0.038215,7,1169.6,45,980,15.75
LLY,2026-10-09,2026-10-16,1380.0,C,0.0,0.12,0.06,43.067,0.003159,0.000137,-0.048161,0.015525,7,1169.6,11,230,15.75
LLY,2026-10-09,2026-10-16,1400.0,C,0.01,0.51,0.26,50.5864,0.005857,0.000203,-0.098152,0.026959,7,1169.6,3,693,15.75
LLY,2026-10-09,2026-10-16,1420.0,C,0.0,0.2,0.1,52.3931,0.00431,0.000149,-0.077322,0.020515,7,1169.6,50,455,15.75
LLY,2026-10-09,2026-10-16,1440.0,C,0.0,0.2,0.1,51.7583,0.002152,8.1e-05,-0.040849,0.010975,7,1169.6,2,377,15.75
LLY,2026-10-09,2026-10-16,1460.0,C,0.0,0.05,0.025,51.3677,0.001066,4.3e-05,-0.021359,0.005784,7,1169.6,71,226,15.75
LLY,2026-10-09,2026-10-16,1480.0,C,0.0,4.9,2.45,88.318,0.031655,0.000497,-0.73076,0.115218,7,1169.6,2,118,15.75
LLY,2026-10-09,2026-10-16,1500.0,C,0.0,0.16,0.08,59.3754,0.001463,5e-05,-0.032961,0.007728,7,1169.6,41,372,15.75
LLY,2026-10-09,2026-10-16,1520.0,C,0.0,1.5,0.75,80.1027,0.010729,0.000218,-0.263962,0.0459,7,1169.6,4,104,15.75
LLY,2026-10-09,2026-10-16,1540.0,C,0.0,4.9,2.45,100.0615,0.028032,0.000397,-0.747945,0.104166,7,1169.6,2,85,15.75
LLY,2026-10-09,2026-10-16,1560.0,C,0.0,4.9,2.45,103.8213,0.027053,0.000371,-0.753241,0.101124,7,1169.6,16,74,15.75
LLY,2026-10-09,2026-10-16,1580.0,C,0.0,1.12,0.56,86.6701,0.007357,0.000145,-0.20507,0.032977,7,1169.6,19,155,15.75
LLY,2026-10-09,2026-10-16,1600.0,C,0.0,0.02,0.01,61.7191,0.000151,6e-06,-0.00417,0.000942,7,1169.6,10,289,15.75
LLY,2026-10-09,2026-10-16,1620.0,C,0.0,4.9,2.45,114.6489,0.024562,0.00031,-0.766823,0.093272,7,1169.6,6,84,15.75
LLY,2026-10-09,2026-10-16,1640.0,C,0.0,0.25,0.125,81.4455,0.001674,4.1e-05,-0.051039,0.008737,7,1169.6,3,472,15.75
LLY,2026-10-09,2026-10-16,1660.0,C,0.0,4.9,2.45,121.5458,0.023213,0.000279,-0.77505,0.088947,7,1169.6,3,44,15.75
LLY,2026-10-09,2026-10-16,1680.0,C,0.0,4.9,2.45,124.9027,0.022609,0.000265,-0.77886,0.086992,7,1169.6,3,45,15.75
LLY,2026-10-09,2026-10-16,1700.0,C,0.0,4.9,2.45,128.1986,0.022042,0.000253,-0.782385,0.085148,7,1169.6,3,81,15.75
LLY,2026-10-09,2026-10-16,1720.0,C,0.0,4.9,2.45,131.4334,0.021507,0.000242,-0.785571,0.083399,7,1169.6,2,11,15.75
LLY,2026-10-09,2026-10-16,1740.0,C,0.0,0.02,0.01,76.5627,0.000114,4e-06,-0.003976,0.000724,7,1169.6,96,121,15.75
LLY,2026-10-09,2026-10-16,1760.0,C,0.0,4.9,2.45,137.7567,0.020544,0.000222,-0.791912,0.080228,7,1169.6,9,181,15.75
LLY,2026-10-09,2026-10-16,1780.0,C,0.0,4.9,2.45,140.845,0.020106,0.000213,-0.794962,0.078778,7,1169.6,4,42,15.75
LLY,2026-10-09,2026-10-16,1800.0,C,0.0,1.0,0.5,116.5043,0.004846,7.5e-05,-0.190126,0.022775,7,1169.6,16,339,15.75
LLY,2026-10-09,2026-10-16,1820.0,C,0.0,1.27,0.635,122.4125,0.005884,8.4e-05,-0.2374,0.027068,7,1169.6,17,31,15.75
LLY,2026-10-09,2026-10-16,1840.0,C,0.0,0.02,0.01,86.7189,0.000105,3e-06,-0.004174,0.000672,7,1169.6,26,75,15.75
LLY,2026-10-09,2026-10-16,470.0,P,0.0,0.01,0.005,168.7502,-2.9e-05,0.0,-0.002394,0.000199,7,1169.6,1,24,15.75
LLY,2026-10-09,2026-10-16,480.0,P,0.0,0.01,0.005,162.5002,-2.3e-05,0.0,-0.001866,0.000161,7,1169.6,1,82,15.75
LLY,2026-10-09,2026-10-16,490.0,P,0.0,0.01,0.005,159.3752,-2.5e-05,0.0,-0.001968,0.000173,7,1169.6,1,1332,15.75
LLY,2026-10-09,2026-10-16,500.0,P,0.0,0.08,0.04,180.4688,-0.000209,3e-06,-0.016464,0.001279,7,1169.6,1,277,15.75
LLY,2026-10-09,2026-10-16,520.0,P,0.0,0.01,0.005,150.0002,-3e-05,1e-06,-0.002229,0.000208,7,1169.6,5,3555,15.75
LLY,2026-10-09,2026-10-16,540.0,P,0.0,0.09,0.045,166.4064,-0.000258,4e-06,-0.018471,0.001557,7,1169.6,4,182,15.75
LLY,2026-10-09,2026-10-16,560.0,P,0.0,0.08,0.04,157.4221,-0.000241,4e-06,-0.016379,0.00146,7,1169.6,77,205,15.75
LLY,2026-10-09,2026-10-16,580.0,P,0.0,0.08,0.04,150.0002,-0.000247,4e-06,-0.015977,0.001494,7,1169.6,44,66,15.75
LLY,2026-10-09,2026-10-16,600.0,P,0.0,0.05,0.025,138.2816,-0.000168,3e-06,-0.010294,0.001045,7,1169.6,21,585,15.75
LLY,2026-10-09,2026-10-16,620.0,P,0.0,4.9,2.45,216.9438,-0.011744,8.7e-05,-0.767727,0.049653,7,1169.6,3,131,15.75
LLY,2026-10-09,2026-10-16,640.0,P,0.0,4.9,2.45,207.227,-0.012313,9.5e-05,-0.763964,0.051732,7,1169.6,1,163,15.75
LLY,2026-10-09,2026-10-16,660.0,P,0.0,0.41,0.205,143.7503,-0.001452,2e-05,-0.0786,0.007674,7,1169.6,6,109,15.75
LLY,2026-10-09,2026-10-16,680.0,P,0.0,4.9,2.45,188.6475,-0.01357,0.000114,-0.756288,0.05627,7,1169.6,5,58,15.75
LLY,2026-10-09,2026-10-16,700.0,P,0.0,0.05,0.025,107.813,-0.000217,5e-06,-0.010189,0.001327,7,1169.6,20,296,15.75
LLY,2026-10-09,2026-10-16,720.0,P,0.0,4.9,2.45,171.0451,-0.015006,0.000137,-0.747553,0.061361,7,1169.6,13,148,15.75
LLY,2026-10-09,2026-10-16,740.0,P,0.0,0.54,0.27,120.5082,-0.00232,3.7e-05,-0.100794,0.011746,7,1169.6,2,192,15.75
LLY,2026-10-09,2026-10-16,760.0,P,0.0,4.9,2.45,154.3215,-0.016682,0.000166,-0.738323,0.067193,7,1169.6,12,341,15.75
LLY,2026-10-09,2026-10-16,780.0,P,0.0,4.9,2.45,146.2161,-0.017611,0.000183,-0.732552,0.070376,7,1169.6,2,303,15.75
LLY,2026-10-09,2026-10-16,800.0,P,0.0,4.9,2.45,138.306,-0.018635,0.000204,-0.726988,0.073852,7,1169.6,17,201,15.75
LLY,2026-10-09,2026-10-16,820.0,P,0.0,4.9,2.45,130.5545,-0.019756,0.000227,-0.720995,0.07761,7,1169.6,2,340,15.75
LLY,2026-10-09,2026-10-16,840.0,P,0.0,4.9,2.45,122.9496,-0.020987,0.000253,-0.714508,0.08169,7,1169.6,4,229,15.75
LLY,2026-10-09,2026-10-16,860.0,P,0.0,4.9,2.45,115.4789,-0.022346,0.000284,-0.707442,0.086139,7,1169.6,2,502,15.75
LLY,2026-10-09,2026-10-16,880.0,P,0.0,4.9,2.45,108.1303,-0.023856,0.000321,-0.699687,0.091015,7,1169.6,2,210,15.75
LLY,2026-10-09,2026-10-16,900.0,P,0.0,0.1,0.05,60.9379,-0.000799,2.8e-05,-0.019207,0.004437,7,1169.6,65,929,15.75
LLY,2026-10-09,2026-10-16,910.0,P,0.0,4.9,2.45,97.3389,-0.026497,0.000389,-0.687395,0.099387,7,1169.6,1,118,15.75
LLY,2026-10-09,2026-10-16,920.0,P,0.0,0.1,0.05,56.2504,-0.000873,3.3e-05,-0.019224,0.004813,7,1169.6,2,72,15.75
LLY,2026-10-09,2026-10-16,930.0,P,0.0,4.9,2.45,90.2589,-0.028544,0.000447,-0.677882,0.105748,7,1169.6,1,67,15.75
LLY,2026-10-09,2026-10-16,940.0,P,0.0,0.72,0.36,64.0629,-0.005928,0.000162,-0.123891,0.027247,7,1169.6,9,288,15.75
LLY,2026-10-09,2026-10-16,950.0,P,0.0,0.94,0.47,63.5502,-0.007852,0.000209,-0.157482,0.034924,7,1169.6,2,200,15.75
LLY,2026-10-09,2026-10-16,960.0,P,0.0,0.1,0.05,50.3911,-0.002014,7.8e-05,-0.036935,0.010336,7,1169.6,49,336,15.75
LLY,2026-10-09,2026-10-16,970.0,P,0.0,0.74,0.37,56.0795,-0.006981,0.000214,-0.125198,0.031487,7,1169.6,11,109,15.75
LLY,2026-10-09,2026-10-16,980.0,P,0.0,0.98,0.49,55.4692,-0.009363,0.00028,-0.160238,0.040757,7,1169.6,6,171,15.75
LLY,2026-10-09,2026-10-16,990.0,P,0.0,0.8,0.4,51.2212,-0.008273,0.000272,-0.132682,0.036565,7,1169.6,4,484,15.75
LLY,2026-10-09,2026-10-16,1000.0,P,0.05,0.2,0.125,44.3365,-0.004732,0.000192,-0.069987,0.022297,7,1169.6,171,879,15.75
LLY,2026-10-09,2026-10-16,1010.0,P,0.0,0.84,0.42,51.3066,-0.017374,0.000517,-0.25264,0.069568,7,1169.6,4,602,15.75
LLY,2026-10-09,2026-10-16,1020.0,P,0.05,0.35,0.2,42.3346,-0.008728,0.000345,-0.114742,0.038326,7,1169.6,8,289,15.75
LLY,2026-10-09,2026-10-16,1030.0,P,0.0,0.49,0.245,41.6998,-0.012439,0.000477,-0.153805,0.052189,7,1169.6,7,246,15.75
LLY,2026-10-09,2026-10-16,1040.0,P,0.01,0.53,0.27,39.4293,-0.014179,0.000565,-0.162715,0.05844,7,1169.6,40,663,15.75
LLY,2026-10-09,2026-10-16,1050.0,P,0.42,1.08,0.75,41.4679,-0.027389,0.000939,-0.299002,0.102171,7,1169.6,98,705,15.75
LLY,2026-10-09,2026-10-16,1060.0,P,0.5,1.55,1.025,41.3092,-0.039026,0.001262,-0.398494,0.136807,7,1169.6,397,953,15.75
LLY,2026-10-09,2026-10-16,1070.0,P,0.25,2.02,1.135,40.4303,-0.051395,0.00161,-0.486295,0.170753,7,1169.6,58,374,15.75
LLY,2026-10-09,2026-10-16,1075.0,P,0.71,1.75,1.23,37.525,-0.048067,0.001644,-0.427508,0.161871,7,1169.6,9,71,15.75
LLY,2026-10-09,2026-10-16,1080.0,P,0.94,2.14,1.54,37.6105,-0.058075,0.001906,-0.497557,0.188073,7,1169.6,73,439,15.75
LLY,2026-10-09,2026-10-16,1085.0,P,0.55,3.5,2.025,40.827,-0.085352,0.00236,-0.725942,0.252825,7,1169.6,78,66,15.75
LLY,2026-10-09,2026-10-16,1090.0,P,1.02,3.0,2.01,37.3541,-0.080249,0.002463,-0.633353,0.241365,7,1169.6,68,353,15.75
LLY,2026-10-09,2026-10-16,1095.0,P,1.67,3.45,2.56,36.9879,-0.092183,0.002759,-0.695145,0.267744,7,1169.6,37,96,15.75
LLY,2026-10-09,2026-10-16,1100.0,P,2.31,3.8,3.055,36.1579,-0.102799,0.003057,-0.735428,0.290033,7,1169.6,186,874,15.75
LLY,2026-10-09,2026-10-16,1105.0,P,2.36,3.9,3.13,34.5343,-0.109698,0.003355,-0.735255,0.303964,7,1169.6,39,48,15.75
LLY,2026-10-09,2026-10-16,1110.0,P,3.15,5.3,4.225,36.1457,-0.138877,0.003781,-0.907237,0.358543,7,1169.6,241,349,15.75
LLY,2026-10-09,2026-10-16,1115.0,P,3.35,6.45,4.9,36.6736,-0.163054,0.004147,-1.023453,0.398985,7,1169.6,72,86,15.75
LLY,2026-10-09,2026-10-16,1120.0,P,4.55,7.6,6.075,36.8903,-0.187019,0.004497,-1.122022,0.43527,7,1169.6,202,500,15.75
LLY,2026-10-09,2026-10-16,1125.0,P,5.2,8.2,6.7,35.7978,-0.204777,0.004897,-1.148687,0.459907,7,1169.6,167,87,15.75
LLY,2026-10-09,2026-10-16,1130.0,P,5.35,12.7,9.025,41.5167,-0.260657,0.00483,-1.525055,0.526064,7,1169.6,49,251,15.75
LLY,2026-10-09,2026-10-16,1135.0,P,7.05,13.55,10.3,40.3448,-0.2812,0.005162,-1.536769,0.546365,7,1169.6,32,85,15.75
LLY,2026-10-09,2026-10-16,1140.0,P,5.8,13.75,9.775,37.9889,-0.298649,0.005639,-1.485001,0.562013,7,1169.6,182,592,15.75
LLY,2026-10-09,2026-10-16,1145.0,P,11.0,15.0,13.0,37.2107,-0.325158,0.005973,-1.50618,0.583077,7,1169.6,98,64,15.75
LLY,2026-10-09,2026-10-16,1150.0,P,11.5,14.7,13.1,33.866,-0.344458,0.006713,-1.396671,0.596417,7,1169.6,193,689,15.75
LLY,2026-10-09,2026-10-16,1155.0,P,10.4,20.7,15.55,39.8962,-0.393959,0.005954,-1.722885,0.623211,7,1169.6,13,71,15.75
LLY,2026-10-09,2026-10-16,1160.0,P,14.4,22.85,18.625,39.8108,-0.424215,0.006075,-1.746974,0.63448,7,1169.6,63,493,15.75
LLY,2026-10-09,2026-10-16,1165.0,P,17.05,25.15,21.1,39.7345,-0.454928,0.006159,-1.760762,0.642047,7,1169.6,22,67,15.75
LLY,2026-10-09,2026-10-16,1170.0,P,17.15,27.4,22.275,39.3744,-0.485955,0.006252,-1.750466,0.645774,7,1169.6,18,258,15.75
LLY,2026-10-09,2026-10-16,1175.0,P,19.45,29.05,24.25,37.937,-0.518604,0.006485,-1.678929,0.645472,7,1169.6,22,48,15.75
LLY,2026-10-09,2026-10-16,1180.0,P,23.8,33.3,28.55,40.061,-0.546908,0.006106,-1.761946,0.641703,7,1169.6,20,749,15.75
LLY,2026-10-09,2026-10-16,1185.0,P,25.6,36.35,30.975,40.2457,-0.576491,0.006007,-1.744846,0.634261,7,1169.6,70,65,15.75
LLY,2026-10-09,2026-10-16,1190.0,P,28.95,39.65,34.3,40.6042,-0.604728,0.005856,-1.72667,0.62378,7,1169.6,36,194,15.75
LLY,2026-10-09,2026-10-16,1195.0,P,31.95,40.9,36.425,37.6288,-0.644813,0.006109,-1.533226,0.603121,7,1169.6,6,32,15.75
LLY,2026-10-09,2026-10-16,1200.0,P,35.15,48.3,41.725,43.9398,-0.647478,0.005218,-1.798887,0.601503,7,1169.6,40,705,15.75
LLY,2026-10-09,2026-10-16,1205.0,P,37.65,51.45,44.55,43.5675,-0.674074,0.005106,-1.723504,0.58364,7,1169.6,1,50,15.75
LLY,2026-10-09,2026-10-16,1210.0,P,43.65,55.85,49.75,45.0262,-0.691812,0.004825,-1.737552,0.569964,7,1169.6,12,21,15.75
LLY,2026-10-09,2026-10-16,1215.0,P,46.15,59.25,52.7,44.718,-0.716157,0.004678,-1.653955,0.548828,7,1169.6,2,48,15.75
LLY,2026-10-09,2026-10-16,1220.0,P,51.55,60.7,56.125,40.7416,-0.759844,0.004713,-1.360915,0.503705,7,1169.6,5,220,15.75
LLY,2026-10-09,2026-10-16,1240.0,P,69.1,80.4,74.75,48.2366,-0.796725,0.003618,-1.465793,0.457893,7,1169.6,4,124,15.75
LLY,2026-10-09,2026-10-16,1260.0,P,85.5,99.15,92.325,53.037,-0.833067,0.002911,-1.416033,0.405105,7,1169.6,2,72,15.75
LLY,2026-10-09,2026-10-16,1280.0,P,104.7,116.85,110.775,54.2851,-0.875322,0.002337,-1.164429,0.332825,7,1169.6,4,118,15.75
LLY,2026-10-09,2026-10-16,1300.0,P,126.0,138.6,132.3,65.1035,-0.868372,0.002023,-1.479571,0.345604,7,1169.6,6,1,15.75
LLY,2026-10-09,2026-10-16,1320.0,P,146.15,158.6,152.375,50.0371,-0.955427,0.001161,-0.404045,0.152355,7,1169.6,2,0,15.75
LLY,2026-10-09,2026-10-16,1340.0,P,165.3,178.6,171.95,52.3686,-0.966257,0.000884,-0.31023,0.121449,7,1169.6,2,0,15.75
LLY,2026-10-09,2026-10-16,1360.0,P,186.3,198.65,192.475,60.1139,-0.960862,0.000869,-0.443181,0.137127,7,1169.6,2,0,15.75
LLY,2026-10-09,2026-10-16,1380.0,P,204.6,218.6,211.6,58.6552,-0.976502,0.000584,-0.226717,0.089865,7,1169.6,2,0,15.75
LLY,2026-10-09,2026-10-16,1400.0,P,224.3,236.3,230.3,86.3466,-0.924705,0.001015,-1.272658,0.229968,7,1169.6,4,0,15.75
LLY,2026-10-09,2026-10-16,1420.0,P,245.5,258.6,252.05,70.5081,-0.973197,0.000542,-0.351536,0.100343,7,1169.6,2,0,15.75
LLY,2026-10-09,2026-10-16,1500.0,P,324.5,338.6,331.55,81.5798,-0.983779,0.000307,-0.218258,0.0656,7,1169.6,2,0,15.75
LLY,2026-10-09,2026-10-16,1540.0,P,382.45,399.8,391.125,163.7514,-0.863549,0.000825,-3.988947,0.354256,7,1169.6,1,0,15.75
LLY,2026-10-09,2026-10-16,1560.0,P,384.65,398.6,391.625,93.0176,-0.984826,0.000254,-0.240825,0.061951,7,1169.6,1,0,15.75
LLY,2026-10-09,2026-10-16,1580.0,P,422.05,441.05,431.55,174.6919,-0.868442,0.000754,-4.151153,0.345477,7,1169.6,1,0,15.75
LLY,2026-10-09,2026-10-16,1600.0,P,424.8,438.6,431.7,100.6353,-0.985114,0.000231,-0.262786,0.060938,7,1169.6,6,0,15.75
LLY,2026-10-09,2026-10-16,1640.0,P,463.5,478.6,471.05,97.6563,-0.992371,0.000133,-0.056961,0.034053,7,1169.6,6,0,15.75
LLY,2026-10-09,2026-10-16,1680.0,P,423.35,441.0,432.175,0.001,-1.0,0.0,0.185945,0.0,7,1169.6,0,0,15.75
LLY,2026-10-09,2026-10-16,1760.0,P,584.8,598.6,591.7,125.5375,-0.988065,0.000153,-0.258173,0.050353,7,1169.6,1,0,15.75
LLY,2026-10-09,2026-10-16,1780.0,P,605.65,618.6,612.125,133.6429,-0.985086,0.000174,-0.387467,0.061038,7,1169.6,1,0,15.75
LLY,2026-10-09,2026-10-23,730.0,C,432.9,448.45,440.675,107.2759,0.990764,0.000101,-0.297648,0.056952,14,1169.6,1,1,15.75
LLY,2026-10-09,2026-10-23,800.0,C,363.05,378.6,370.825,90.2833,0.987622,0.000155,-0.323744,0.073494,14,1169.6,2,2,15.75
LLY,2026-10-09,2026-10-23,835.0,C,328.15,343.7,335.925,82.2756,0.985428,0.000196,-0.338983,0.084616,14,1169.6,1,1,15.75
LLY,2026-10-09,2026-10-23,840.0,C,323.15,338.7,330.925,81.006,0.985206,0.000202,-0.338864,0.08572,14,1169.6,1,1,15.75
LLY,2026-10-09,2026-10-23,870.0,C,293.25,306.0,299.625,99.4812,0.947839,0.000468,-0.956972,0.244338,14,1169.6,0,1,15.75
LLY,2026-10-09,2026-10-23,900.0,C,263.35,276.5,269.925,54.1997,0.994396,0.000129,-0.169746,0.036659,14,1169.6,0,1,15.75
LLY,2026-10-09,2026-10-23,910.0,C,252.9,265.55,259.225,85.7301,0.943852,0.000576,-0.885823,0.259002,14,1169.6,0,51,15.75
LLY,2026-10-09,2026-10-23,915.0,C,248.4,262.5,255.45,58.35,0.986755,0.000255,-0.261807,0.077929,14,1169.6,0,1,15.75
LLY,2026-10-09,2026-10-23,920.0,C,243.45,256.2,249.825,84.8695,0.937806,0.00063,-0.943689,0.280634,14,1169.6,0,4,15.75
LLY,2026-10-09,2026-10-23,930.0,C,233.5,246.95,240.225,52.5395,0.989113,0.000238,-0.224751,0.065742,14,1169.6,1,5,15.75
LLY,2026-10-09,2026-10-23,940.0,C,223.55,238.9,231.225,58.6918,0.975705,0.000424,-0.374636,0.1307,14,1169.6,1,1,15.75
LLY,2026-10-09,2026-10-23,970.0,C,193.75,207.95,200.85,74.5913,0.913805,0.00092,-1.054848,0.360189,14,1169.6,0,1,15.75
LLY,2026-10-09,2026-10-23,980.0,C,183.9,196.05,189.975,66.6385,0.923974,0.000937,-0.877659,0.327626,14,1169.6,2,2,15.75
LLY,2026-10-09,2026-10-23,1000.0,C,164.15,177.35,170.75,64.014,0.907357,0.001131,-0.96672,0.380046,14,1169.6,4,5,15.75
LLY,2026-10-09,2026-10-23,1010.0,C,154.3,168.6,161.45,63.8004,0.894174,0.001251,-1.051594,0.418886,14,1169.6,0,7,15.75
LLY,2026-10-09,2026-10-23,1015.0,C,149.4,163.7,156.55,62.4699,0.891145,0.001304,-1.051044,0.427494,14,1169.6,0,2,15.75
LLY,2026-10-09,2026-10-23,1020.0,C,144.5,158.95,151.725,61.4445,0.886928,0.001363,-1.061263,0.439294,14,1169.6,2,8,15.75
LLY,2026-10-09,2026-10-23,1025.0,C,139.65,154.2,146.925,60.3947,0.882578,0.001424,-1.070527,0.451241,14,1169.6,0,7,15.75
LLY,2026-10-09,2026-10-23,1030.0,C,134.75,147.65,141.2,55.6431,0.891596,0.00146,-0.946105,0.42622,14,1169.6,3,17,15.75
LLY,2026-10-09,2026-10-23,1035.0,C,129.9,142.4,136.15,53.6015,0.891007,0.001521,-0.918718,0.427886,14,1169.6,2,62,15.75
LLY,2026-10-09,2026-10-23,1040.0,C,125.1,136.95,131.025,51.1479,0.892135,0.001582,-0.876135,0.424694,14,1169.6,12,14,15.75
LLY,2026-10-09,2026-10-23,1045.0,C,120.3,134.05,127.175,53.8426,0.871952,0.001697,-1.02015,0.479514,14,1169.6,12,2,15.75
LLY,2026-10-09,2026-10-23,1050.0,C,115.5,127.85,121.675,49.97,0.878401,0.001764,-0.92499,0.462509,14,1169.6,2,10,15.75
LLY,2026-10-09,2026-10-23,1055.0,C,110.75,123.05,116.9,48.8256,0.873363,0.001857,-0.929199,0.475832,14,1169.6,10,1,15.75
LLY,2026-10-09,2026-10-23,1060.0,C,106.0,118.95,112.475,48.9477,0.862254,0.001963,-0.979951,0.504237,14,1169.6,18,6,15.75
LLY,2026-10-09,2026-10-23,1065.0,C,101.35,113.05,107.2,45.7372,0.86607,0.002061,-0.90758,0.494629,14,1169.6,18,6,15.75
LLY,2026-10-09,2026-10-23,1070.0,C,99.1,110.65,104.875,48.6883,0.840698,0.002175,-1.062984,0.555745,14,1169.6,2,2,15.75
LLY,2026-10-09,2026-10-23,1075.0,C,91.6,108.0,99.8,50.7756,0.819498,0.00226,-1.186063,0.602113,14,1169.6,6,12,15.75
LLY,2026-10-09,2026-10-23,1080.0,C,87.05,102.5,94.775,48.3007,0.817594,0.002391,-1.140045,0.606081,14,1169.6,1,9,15.75
LLY,2026-10-09,2026-10-23,1085.0,C,82.9,96.15,89.525,44.5288,0.821823,0.002556,-1.045552,0.597225,14,1169.6,4,4,15.75
LLY,2026-10-09,2026-10-23,1090.0,C,78.35,92.8,85.575,45.3161,0.80401,0.002664,-1.119117,0.633492,14,1169.6,2,9,15.75
LLY,2026-10-09,2026-10-23,1095.0,C,74.3,85.8,80.05,40.6317,0.812597,0.002891,-0.990123,0.616346,14,1169.6,8,12,15.75
LLY,2026-10-09,2026-10-23,1100.0,C,70.1,83.45,76.775,42.7465,0.786175,0.002975,-1.111122,0.66717,14,1169.6,2,20,15.75
LLY,2026-10-09,2026-10-23,1105.0,C,65.55,79.5,72.525,42.3956,0.771706,0.003114,-1.139905,0.692648,14,1169.6,1,16,15.75
LLY,2026-10-09,2026-10-23,1110.0,C,62.05,74.45,68.25,40.5035,0.76379,0.003322,-1.111817,0.705911,14,1169.6,3,16,15.75
LLY,2026-10-09,2026-10-23,1115.0,C,60.05,71.15,65.6,40.8575,0.74436,0.003436,-1.163248,0.736509,14,1169.6,1,6,15.75
LLY,2026-10-09,2026-10-23,1120.0,C,56.75,66.0,61.375,38.764,0.735382,0.003686,-1.125891,0.749731,14,1169.6,25,38,15.75
LLY,2026-10-09,2026-10-23,1125.0,C,53.7,61.9,57.8,37.9431,0.719453,0.003877,-1.132221,0.771809,14,1169.6,41,14,15.75
LLY,2026-10-09,2026-10-23,1130.0,C,49.3,57.6,53.45,36.8048,0.703816,0.0041,-1.125579,0.791804,14,1169.6,11,25,15.75
LLY,2026-10-09,2026-10-23,1135.0,C,44.3,55.95,50.125,38.6816,0.675351,0.00406,-1.219734,0.824066,14,1169.6,27,19,15.75
LLY,2026-10-09,2026-10-23,1140.0,C,43.55,54.05,48.8,40.058,0.650153,0.004036,-1.291886,0.848312,14,1169.6,64,29,15.75
LLY,2026-10-09,2026-10-23,1145.0,C,37.7,47.75,42.725,36.3806,0.63898,0.004494,-1.192042,0.857799,14,1169.6,25,91,15.75
LLY,2026-10-09,2026-10-23,1150.0,C,39.3,46.35,42.825,38.0652,0.612089,0.004394,-1.267141,0.877518,14,1169.6,55,80,15.75
LLY,2026-10-09,2026-10-23,1155.0,C,31.75,41.0,36.375,35.3141,0.594303,0.004793,-1.192648,0.888178,14,1169.6,20,37,15.75
LLY,2026-10-09,2026-10-23,1160.0,C,31.9,37.9,34.9,34.9051,0.570414,0.004912,-1.191116,0.899558,14,1169.6,71,23,15.75
LLY,2026-10-09,2026-10-23,1165.0,C,26.1,34.0,30.05,33.5273,0.546357,0.00516,-1.153858,0.907653,14,1169.6,25,30,15.75
LLY,2026-10-09,2026-10-23,1170.0,C,28.0,31.5,29.75,33.5105,0.52043,0.00519,-1.156195,0.912631,14,1169.6,29,52,15.75
LLY,2026-10-09,2026-10-23,1175.0,C,24.05,32.2,28.125,36.7468,0.497417,0.004739,-1.260185,0.91381,14,1169.6,22,43,15.75
LLY,2026-10-09,2026-10-23,1180.0,C,21.8,27.45,24.625,34.0903,0.469716,0.005094,-1.167235,0.911195,14,1169.6,113,65,15.75
LLY,2026-10-09,2026-10-23,1185.0,C,16.6,27.0,21.8,35.871,0.448679,0.004815,-1.216191,0.906257,14,1169.6,23,350,15.75
LLY,2026-10-09,2026-10-23,1190.0,C,14.7,24.9,19.8,35.781,0.424817,0.004781,-1.199299,0.897553,14,1169.6,33,91,15.75
LLY,2026-10-09,2026-10-23,1195.0,C,16.05,22.7,19.375,35.4575,0.400393,0.004758,-1.170361,0.885195,14,1169.6,6,64,15.75
LLY,2026-10-09,2026-10-23,1200.0,C,14.25,23.25,18.75,38.0499,0.387338,0.004393,-1.239634,0.877143,14,1169.6,106,219,15.75
LLY,2026-10-09,2026-10-23,1205.0,C,11.9,21.3,16.6,37.7997,0.365115,0.004342,-1.207455,0.861085,14,1169.6,20,52,15.75
LLY,2026-10-09,2026-10-23,1210.0,C,8.3,17.95,13.125,35.8069,0.334665,0.00444,-1.108187,0.834181,14,1169.6,23,82,15.75
LLY,2026-10-09,2026-10-23,1215.0,C,9.55,17.45,13.5,36.9773,0.319807,0.004221,-1.121072,0.818948,14,1169.6,19,57,15.75
LLY,2026-10-09,2026-10-23,1220.0,C,8.0,15.8,11.9,36.695,0.298216,0.004125,-1.077874,0.794281,14,1169.6,26,69,15.75
LLY,2026-10-09,2026-10-23,1225.0,C,7.25,15.75,11.5,38.2727,0.287996,0.003892,-1.103899,0.781538,14,1169.6,26,73,15.75
LLY,2026-10-09,2026-10-23,1230.0,C,8.0,12.85,10.425,36.1731,0.256737,0.003889,-0.985512,0.738155,14,1169.6,21,50,15.75
LLY,2026-10-09,2026-10-23,1235.0,C,4.75,11.6,8.175,36.0144,0.237569,0.003747,-0.940378,0.708141,14,1169.6,6,45,15.75
LLY,2026-10-09,2026-10-23,1240.0,C,3.2,10.35,6.775,35.7245,0.218208,0.003601,-0.888467,0.675059,14,1169.6,20,66,15.75
LLY,2026-10-09,2026-10-23,1245.0,C,3.8,9.1,6.45,35.2881,0.198506,0.003448,-0.829327,0.6384,14,1169.6,8,103,15.75
LLY,2026-10-09,2026-10-23,1250.0,C,3.0,8.5,5.75,35.7154,0.185846,0.003272,-0.805315,0.613172,14,1169.6,41,74,15.75
LLY,2026-10-09,2026-10-23,1255.0,C,2.9,7.65,5.275,35.6574,0.170539,0.003104,-0.760967,0.580829,14,1169.6,4,37,15.75
LLY,2026-10-09,2026-10-23,1260.0,C,2.63,6.85,4.74,35.5689,0.155851,0.002935,-0.715362,0.547804,14,1169.6,4,79,15.75
LLY,2026-10-09,2026-10-23,1265.0,C,2.0,5.3,3.65,33.9301,0.130632,0.002731,-0.605549,0.486201,14,1169.6,4,52,15.75
LLY,2026-10-09,2026-10-23,1270.0,C,1.81,5.45,3.63,35.3888,0.128982,0.002595,-0.625263,0.481938,14,1169.6,248,93,15.75
LLY,2026-10-09,2026-10-23,1275.0,C,1.61,5.55,3.58,36.7377,0.126789,0.002471,-0.640698,0.47623,14,1169.6,140,137,15.75
LLY,2026-10-09,2026-10-23,1280.0,C,1.22,4.05,2.635,34.6595,0.101684,0.002238,-0.516471,0.406928,14,1169.6,12,98,15.75
LLY,2026-10-09,2026-10-23,1285.0,C,0.85,3.5,2.175,34.4001,0.090126,0.002063,-0.468796,0.372363,14,1169.6,10,296,15.75
LLY,2026-10-09,2026-10-23,1290.0,C,0.58,2.93,1.755,33.9179,0.078031,0.001878,-0.414613,0.334171,14,1169.6,17,26,15.75
LLY,2026-10-09,2026-10-23,1295.0,C,1.0,2.97,1.985,35.0287,0.076688,0.001794,-0.422216,0.329793,14,1169.6,30,918,15.75
LLY,2026-10-09,2026-10-23,1300.0,C,1.2,2.38,1.79,34.2414,0.06431,0.001603,-0.360343,0.288042,14,1169.6,48,163,15.75
LLY,2026-10-09,2026-10-23,1305.0,C,0.63,2.22,1.425,34.6564,0.059722,0.001495,-0.344024,0.271874,14,1169.6,9,42,15.75
LLY,2026-10-09,2026-10-23,1310.0,C,0.0,2.31,1.155,35.8954,0.059928,0.001447,-0.357015,0.272609,14,1169.6,39,60,15.75
LLY,2026-10-09,2026-10-23,1315.0,C,0.3,2.23,1.265,36.5485,0.057106,0.001369,-0.349792,0.262478,14,1169.6,11,69,15.75
LLY,2026-10-09,2026-10-23,1320.0,C,0.0,2.03,1.015,36.7377,0.052211,0.001269,-0.327393,0.244523,14,1169.6,2,25,15.75
LLY,2026-10-09,2026-10-23,1325.0,C,0.0,4.9,2.45,46.0699,0.093361,0.001581,-0.640492,0.382221,14,1169.6,2,34,15.75
LLY,2026-10-09,2026-10-23,1330.0,C,0.0,1.58,0.79,36.6706,0.041639,0.00106,-0.27232,0.20393,14,1169.6,27,40,15.75
LLY,2026-10-09,2026-10-23,1335.0,C,0.0,3.55,1.775,44.4586,0.072454,0.001354,-0.510469,0.315803,14,1169.6,1,71,15.75
LLY,2026-10-09,2026-10-23,1340.0,C,0.0,1.73,0.865,39.0387,0.042681,0.001016,-0.295433,0.20805,14,1169.6,22,26,15.75
LLY,2026-10-09,2026-10-23,1345.0,C,0.02,3.6,1.81,46.4849,0.07047,0.001267,-0.522009,0.309145,14,1169.6,1,23,15.75
LLY,2026-10-09,2026-10-23,1360.0,C,0.0,0.93,0.465,38.0499,0.024657,0.000663,-0.182941,0.132335,14,1169.6,8,12,15.75
LLY,2026-10-09,2026-10-23,1380.0,C,0.0,0.86,0.43,40.5646,0.021537,0.000555,-0.173785,0.118086,14,1169.6,40,7,15.75
LLY,2026-10-09,2026-10-23,1400.0,C,0.0,0.42,0.21,39.2584,0.011303,0.00033,-0.09666,0.067923,14,1169.6,2,77,15.75
LLY,2026-10-09,2026-10-23,1420.0,C,0.0,0.53,0.265,43.2135,0.012822,0.000334,-0.118551,0.075769,14,1169.6,4,29,15.75
LLY,2026-10-09,2026-10-23,1440.0,C,0.0,0.95,0.475,49.8418,0.019416,0.000414,-0.194948,0.108153,14,1169.6,5,27,15.75
LLY,2026-10-09,2026-10-23,1460.0,C,0.0,0.05,0.025,37.5006,0.001529,5.8e-05,-0.01543,0.011376,14,1169.6,29,35,15.75
LLY,2026-10-09,2026-10-23,1480.0,C,0.0,4.9,2.45,64.4901,0.036872,0.000546,-0.429986,0.184715,14,1169.6,7,16,15.75
LLY,2026-10-09,2026-10-23,1500.0,C,0.0,0.02,0.01,38.4772,0.000591,2.4e-05,-0.0066,0.004748,14,1169.6,118,399,15.75
LLY,2026-10-09,2026-10-23,1520.0,C,0.0,0.05,0.025,43.5553,0.001301,4.3e-05,-0.015434,0.009816,14,1169.6,11,85,15.75
LLY,2026-10-09,2026-10-23,1540.0,C,0.0,4.9,2.45,73.0777,0.032891,0.000439,-0.442963,0.168178,14,1169.6,2,10,15.75
LLY,2026-10-09,2026-10-23,1560.0,C,0.0,4.9,2.45,75.8181,0.031796,0.000411,-0.446733,0.163543,14,1169.6,9,908,15.75
LLY,2026-10-09,2026-10-23,1580.0,C,0.0,4.9,2.45,78.5036,0.030793,0.000387,-0.4503,0.159267,14,1169.6,1,1267,15.75
LLY,2026-10-09,2026-10-23,1600.0,C,0.01,0.02,0.015,47.6568,0.000494,1.6e-05,-0.006914,0.004026,14,1169.6,43,2898,15.75
LLY,2026-10-09,2026-10-23,1620.0,C,0.0,4.9,2.45,83.7282,0.029035,0.000345,-0.45712,0.151685,14,1169.6,2,1441,15.75
LLY,2026-10-09,2026-10-23,1640.0,C,0.0,0.02,0.01,50.7817,0.000429,1.3e-05,-0.006456,0.00353,14,1169.6,1,440,15.75
LLY,2026-10-09,2026-10-23,610.0,P,0.0,4.9,2.45,162.0607,-0.013396,9.3e-05,-0.45351,0.078692,14,1169.6,38,18,15.75
LLY,2026-10-09,2026-10-23,620.0,P,0.0,4.9,2.45,158.4353,-0.013705,9.7e-05,-0.452136,0.080257,14,1169.6,52,38,15.75
LLY,2026-10-09,2026-10-23,630.0,P,0.0,4.9,2.45,154.8586,-0.01402,0.000101,-0.450626,0.081845,14,1169.6,66,59,15.75
LLY,2026-10-09,2026-10-23,640.0,P,0.0,4.9,2.45,151.343,-0.014347,0.000105,-0.449189,0.083488,14,1169.6,10,10,15.75
LLY,2026-10-09,2026-10-23,650.0,P,0.0,0.05,0.025,89.4532,-0.000281,5e-06,-0.007571,0.002382,14,1169.6,14,30,15.75
LLY,2026-10-09,2026-10-23,660.0,P,0.0,4.9,2.45,144.4583,-0.015028,0.000115,-0.446099,0.086885,14,1169.6,4,14,15.75
LLY,2026-10-09,2026-10-23,670.0,P,0.0,4.9,2.45,141.0892,-0.015384,0.00012,-0.444498,0.088652,14,1169.6,6,26,15.75
LLY,2026-10-09,2026-10-23,680.0,P,0.0,4.9,2.45,137.7689,-0.015753,0.000125,-0.442895,0.090472,14,1169.6,0,25,15.75
LLY,2026-10-09,2026-10-23,690.0,P,0.0,4.9,2.45,134.4974,-0.016136,0.000131,-0.441316,0.092354,14,1169.6,4,88,15.75
LLY,2026-10-09,2026-10-23,700.0,P,0.0,0.05,0.025,78.9065,-0.000326,7e-06,-0.007668,0.002737,14,1169.6,11,60,15.75
LLY,2026-10-09,2026-10-23,710.0,P,0.0,4.9,2.45,128.0765,-0.016937,0.000143,-0.437929,0.096267,14,1169.6,1,13,15.75
LLY,2026-10-09,2026-10-23,720.0,P,0.0,4.9,2.45,124.9271,-0.017359,0.00015,-0.436166,0.098311,14,1169.6,8,53,15.75
LLY,2026-10-09,2026-10-23,730.0,P,0.0,0.09,0.045,76.1721,-0.000588,1.2e-05,-0.012783,0.004728,14,1169.6,9,39,15.75
LLY,2026-10-09,2026-10-23,740.0,P,0.01,0.28,0.145,82.4221,-0.001716,2.9e-05,-0.036958,0.012634,14,1169.6,18,109,15.75
LLY,2026-10-09,2026-10-23,750.0,P,0.0,4.9,2.45,115.6987,-0.018711,0.000173,-0.430429,0.104806,14,1169.6,28,46,15.75
LLY,2026-10-09,2026-10-23,760.0,P,0.01,0.07,0.04,69.3362,-0.000569,1.3e-05,-0.011285,0.004588,14,1169.6,6,83,15.75
LLY,2026-10-09,2026-10-23,770.0,P,0.01,4.9,2.455,109.7661,-0.019735,0.00019,-0.427122,0.109661,14,1169.6,35,242,15.75
LLY,2026-10-09,2026-10-23,780.0,P,0.01,0.08,0.045,66.016,-0.000664,1.5e-05,-0.012378,0.005288,14,1169.6,39,27,15.75
LLY,2026-10-09,2026-10-23,785.0,P,0.0,4.9,2.45,105.3349,-0.020502,0.000205,-0.423221,0.113264,14,1169.6,8,133,15.75
LLY,2026-10-09,2026-10-23,790.0,P,0.0,4.9,2.45,103.8823,-0.020775,0.00021,-0.42205,0.114542,14,1169.6,6,76,15.75
LLY,2026-10-09,2026-10-23,795.0,P,0.0,4.9,2.45,102.4419,-0.021059,0.000216,-0.420952,0.115862,14,1169.6,53,190,15.75
LLY,2026-10-09,2026-10-23,800.0,P,0.0,0.46,0.23,72.9495,-0.003065,5.6e-05,-0.055258,0.021369,14,1169.6,11,82,15.75
LLY,2026-10-09,2026-10-23,805.0,P,0.0,4.9,2.45,99.585,-0.021645,0.000227,-0.418738,0.118585,14,1169.6,4,115,15.75
LLY,2026-10-09,2026-10-23,810.0,P,0.0,4.9,2.45,98.169,-0.02195,0.000233,-0.417639,0.119993,14,1169.6,2,53,15.75
LLY,2026-10-09,2026-10-23,815.0,P,0.0,4.9,2.45,96.753,-0.022254,0.000239,-0.416381,0.121396,14,1169.6,2,86,15.75
LLY,2026-10-09,2026-10-23,820.0,P,0.0,4.9,2.45,95.3492,-0.022571,0.000246,-0.41521,0.122852,14,1169.6,6,24,15.75
LLY,2026-10-09,2026-10-23,825.0,P,0.0,4.9,2.45,93.9454,-0.022888,0.000252,-0.413882,0.124304,14,1169.6,8,39,15.75
LLY,2026-10-09,2026-10-23,830.0,P,0.0,4.9,2.45,92.5538,-0.023218,0.000259,-0.412647,0.125813,14,1169.6,2,133,15.75
LLY,2026-10-09,2026-10-23,835.0,P,0.0,4.9,2.45,91.1744,-0.023562,0.000266,-0.41151,0.127381,14,1169.6,25,65,15.75
LLY,2026-10-09,2026-10-23,840.0,P,0.0,4.9,2.45,89.795,-0.023908,0.000274,-0.410221,0.128949,14,1169.6,8,55,15.75
LLY,2026-10-09,2026-10-23,845.0,P,0.0,0.09,0.045,53.9067,-0.000826,2.3e-05,-0.012344,0.006469,14,1169.6,2,128,15.75
LLY,2026-10-09,2026-10-23,850.0,P,0.0,4.9,2.45,87.0485,-0.024617,0.000289,-0.40744,0.132153,14,1169.6,1,40,15.75
LLY,2026-10-09,2026-10-23,855.0,P,0.0,4.9,2.45,85.6935,-0.024996,0.000298,-0.406212,0.133857,14,1169.6,20,105,15.75
LLY,2026-10-09,2026-10-23,860.0,P,0.0,4.9,2.45,84.3385,-0.025377,0.000306,-0.404836,0.135567,14,1169.6,4,27,15.75
LLY,2026-10-09,2026-10-23,865.0,P,0.0,4.9,2.45,82.9836,-0.025761,0.000315,-0.40331,0.137283,14,1169.6,15,108,15.75
LLY,2026-10-09,2026-10-23,870.0,P,0.0,2.05,1.025,70.6668,-0.013257,0.00021,-0.195023,0.077988,14,1169.6,6,19,15.75
LLY,2026-10-09,2026-10-23,875.0,P,0.01,4.9,2.455,80.3347,-0.02662,0.000335,-0.401156,0.141098,14,1169.6,1,18,15.75
LLY,2026-10-09,2026-10-23,880.0,P,0.0,4.9,2.45,78.9675,-0.026996,0.000345,-0.398913,0.142763,14,1169.6,7,31,15.75
LLY,2026-10-09,2026-10-23,885.0,P,0.0,4.9,2.45,77.6491,-0.027445,0.000355,-0.397612,0.144738,14,1169.6,2,25,15.75
LLY,2026-10-09,2026-10-23,890.0,P,0.01,4.05,2.03,73.7674,-0.024192,0.000336,-0.339804,0.130238,14,1169.6,1,44,15.75
LLY,2026-10-09,2026-10-23,895.0,P,0.0,4.9,2.45,75.0125,-0.028358,0.000378,-0.394583,0.14874,14,1169.6,5,7,15.75
LLY,2026-10-09,2026-10-23,900.0,P,0.0,1.75,0.875,62.0609,-0.012897,0.000234,-0.167047,0.076154,14,1169.6,3,91,15.75
LLY,2026-10-09,2026-10-23,905.0,P,0.0,4.9,2.45,72.388,-0.029314,0.000403,-0.391266,0.152897,14,1169.6,10,31,15.75
LLY,2026-10-09,2026-10-23,910.0,P,0.0,1.72,0.86,59.6195,-0.013173,0.000248,-0.163368,0.07756,14,1169.6,1,109,15.75
LLY,2026-10-09,2026-10-23,915.0,P,0.01,4.9,2.455,69.8123,-0.030381,0.00043,-0.388535,0.157498,14,1169.6,113,111,15.75
LLY,2026-10-09,2026-10-23,920.0,P,0.0,4.9,2.45,68.494,-0.030875,0.000444,-0.386238,0.159617,14,1169.6,1,31,15.75
LLY,2026-10-09,2026-10-23,925.0,P,0.0,4.9,2.45,67.2,-0.031421,0.000459,-0.384381,0.161946,14,1169.6,58,29,15.75
LLY,2026-10-09,2026-10-23,930.0,P,0.0,4.9,2.45,65.9183,-0.031999,0.000475,-0.382683,0.164406,14,1169.6,6,68,15.75
LLY,2026-10-09,2026-10-23,935.0,P,0.0,4.0,2.0,62.2074,-0.02799,0.000451,-0.323078,0.147132,14,1169.6,4,14,15.75
LLY,2026-10-09,2026-10-23,940.0,P,0.0,4.9,2.45,63.3549,-0.033192,0.00051,-0.378882,0.169446,14,1169.6,6,16,15.75
LLY,2026-10-09,2026-10-23,945.0,P,0.0,4.9,2.45,62.0853,-0.033834,0.000528,-0.377083,0.172137,14,1169.6,2,13,15.75
LLY,2026-10-09,2026-10-23,950.0,P,0.0,2.55,1.275,54.0044,-0.02099,0.000408,-0.220018,0.115541,14,1169.6,30,35,15.75
LLY,2026-10-09,2026-10-23,955.0,P,0.0,4.9,2.45,59.5463,-0.035165,0.000569,-0.373089,0.17768,14,1169.6,24,24,15.75
LLY,2026-10-09,2026-10-23,960.0,P,0.0,4.0,2.0,56.0307,-0.030836,0.000542,-0.3149,0.159449,14,1169.6,31,37,15.75
LLY,2026-10-09,2026-10-23,965.0,P,0.0,4.9,2.45,57.0195,-0.036595,0.000614,-0.368882,0.18358,14,1169.6,2,5,15.75
LLY,2026-10-09,2026-10-23,970.0,P,0.0,1.28,0.64,49.4146,-0.022862,0.000479,-0.216088,0.124184,14,1169.6,2,2,15.75
LLY,2026-10-09,2026-10-23,975.0,P,0.0,4.9,2.45,54.5048,-0.03814,0.000664,-0.364475,0.189888,14,1169.6,2,3,15.75
LLY,2026-10-09,2026-10-23,980.0,P,0.11,0.87,0.49,44.1778,-0.01763,0.00043,-0.154821,0.09962,14,1169.6,2,9,15.75
LLY,2026-10-09,2026-10-23,985.0,P,0.09,5.0,2.545,52.4114,-0.040938,0.000731,-0.370973,0.201143,14,1169.6,4,14,15.75
LLY,2026-10-09,2026-10-23,990.0,P,0.08,1.44,0.76,45.7891,-0.027355,0.000601,-0.232382,0.144345,14,1169.6,11,42,15.75
LLY,2026-10-09,2026-10-23,995.0,P,0.04,1.24,0.64,43.4576,-0.024977,0.000587,-0.20428,0.133773,14,1169.6,4,41,15.75
LLY,2026-10-09,2026-10-23,1000.0,P,0.38,1.0,0.69,40.7721,-0.021626,0.000554,-0.169659,0.118495,14,1169.6,8,452,15.75
LLY,2026-10-09,2026-10-23,1005.0,P,0.24,1.74,0.99,43.8726,-0.033907,0.000749,-0.265653,0.172444,14,1169.6,2,15,15.75
LLY,2026-10-09,2026-10-23,1010.0,P,0.37,1.11,0.74,39.2828,-0.024673,0.000642,-0.182467,0.132405,14,1169.6,5,42,15.75
LLY,2026-10-09,2026-10-23,1015.0,P,0.01,10.0,5.005,52.7226,-0.07498,0.001172,-0.600241,0.324184,14,1169.6,10,5,15.75
LLY,2026-10-09,2026-10-23,1020.0,P,0.42,1.69,1.055,40.1068,-0.035822,0.000857,-0.253609,0.180397,14,1169.6,4,12,15.75
LLY,2026-10-09,2026-10-23,1025.0,P,0.01,5.3,2.655,50.7146,-0.081665,0.0013,-0.615386,0.345877,14,1169.6,3,12,15.75
LLY,2026-10-09,2026-10-23,1030.0,P,0.48,3.05,1.765,42.9022,-0.057838,0.001178,-0.398451,0.26512,14,1169.6,18,15,15.75
LLY,2026-10-09,2026-10-23,1035.0,P,1.0,1.97,1.485,37.7631,-0.043536,0.001067,-0.279307,0.211408,14,1169.6,8,861,15.75
LLY,2026-10-09,2026-10-23,1040.0,P,1.17,2.13,1.65,37.1832,-0.047419,0.001161,-0.29438,0.226446,14,1169.6,173,85,15.75
LLY,2026-10-09,2026-10-23,1045.0,P,1.22,2.95,2.085,38.7457,-0.061434,0.001367,-0.3764,0.277956,14,1169.6,988,42,15.75
LLY,2026-10-09,2026-10-23,1050.0,P,1.32,3.4,2.36,38.8007,-0.06971,0.001506,-0.415493,0.306578,14,1169.6,43,133,15.75
LLY,2026-10-09,2026-10-23,1055.0,P,1.17,2.94,2.055,36.1579,-0.065073,0.001532,-0.366687,0.290692,14,1169.6,12,38,15.75
LLY,2026-10-09,2026-10-23,1060.0,P,1.62,4.85,3.235,39.826,-0.093358,0.001829,-0.531091,0.382211,14,1169.6,5,88,15.75
LLY,2026-10-09,2026-10-23,1065.0,P,1.95,4.8,3.375,38.3185,-0.095677,0.001936,-0.519764,0.389187,14,1169.6,15,12,15.75
LLY,2026-10-09,2026-10-23,1070.0,P,2.01,5.1,3.555,37.5861,-0.102583,0.002077,-0.535982,0.409542,14,1169.6,86,51,15.75
LLY,2026-10-09,2026-10-23,1075.0,P,1.61,7.15,4.38,40.2655,-0.12953,0.002288,-0.677628,0.483358,14,1169.6,37,62,15.75
LLY,2026-10-09,2026-10-23,1080.0,P,3.0,5.2,4.1,34.9555,-0.111027,0.002364,-0.526433,0.433598,14,1169.6,36,76,15.75
LLY,2026-10-09,2026-10-23,1085.0,P,3.25,6.65,4.95,36.3166,-0.132855,0.002581,-0.620148,0.491893,14,1169.6,14,48,15.75
LLY,2026-10-09,2026-10-23,1090.0,P,4.5,7.9,6.2,37.0001,-0.151432,0.002768,-0.689849,0.537469,14,1169.6,18,73,15.75
LLY,2026-10-09,2026-10-23,1095.0,P,5.0,9.85,7.425,38.5687,-0.175971,0.002928,-0.79244,0.592542,14,1169.6,16,53,15.75
LLY,2026-10-09,2026-10-23,1100.0,P,5.4,10.25,7.825,37.5281,-0.186038,0.003116,-0.797248,0.613565,14,1169.6,136,120,15.75
LLY,2026-10-09,2026-10-23,1105.0,P,4.0,11.4,7.7,37.5281,-0.203019,0.003286,-0.83984,0.647073,14,1169.6,20,78,15.75
LLY,2026-10-09,2026-10-23,1110.0,P,5.3,13.35,9.325,38.494,-0.22602,0.00341,-0.916274,0.688749,14,1169.6,103,79,15.75
LLY,2026-10-09,2026-10-23,1115.0,P,4.5,15.0,9.75,38.8617,-0.246177,0.003541,-0.968616,0.721949,14,1169.6,22,39,15.75
LLY,2026-10-09,2026-10-23,1120.0,P,9.35,12.8,11.075,34.1437,-0.240514,0.003979,-0.836926,0.712926,14,1169.6,150,162,15.75
LLY,2026-10-09,2026-10-23,1125.0,P,6.8,17.25,12.025,37.8867,-0.280293,0.003881,-1.005824,0.77147,14,1169.6,35,57,15.75
LLY,2026-10-09,2026-10-23,1130.0,P,8.25,18.65,13.45,37.5861,-0.299516,0.004035,-1.027634,0.795853,14,1169.6,32,101,15.75
LLY,2026-10-09,2026-10-23,1135.0,P,12.15,21.55,16.85,38.9166,-0.325473,0.00404,-1.102184,0.824922,14,1169.6,8,34,15.75
LLY,2026-10-09,2026-10-23,1140.0,P,14.2,23.6,18.9,39.1028,-0.347063,0.004123,-1.133849,0.845828,14,1169.6,10,142,15.75
LLY,2026-10-09,2026-10-23,1145.0,P,14.1,24.3,19.2,37.6654,-0.364644,0.004355,-1.108097,0.860712,14,1169.6,11,103,15.75
LLY,2026-10-09,2026-10-23,1150.0,P,17.35,24.5,20.925,35.607,-0.382299,0.004677,-1.059108,0.873763,14,1169.6,7,203,15.75
LLY,2026-10-09,2026-10-23,1155.0,P,20.05,28.3,24.175,37.3725,-0.409277,0.004539,-1.132099,0.890097,14,1169.6,26,23,15.75
LLY,2026-10-09,2026-10-23,1160.0,P,20.05,30.05,25.05,36.7819,-0.431736,0.004666,-1.123786,0.900418,14,1169.6,15,25,15.75
LLY,2026-10-09,2026-10-23,1165.0,P,25.5,32.75,29.125,37.0886,-0.455443,0.004667,-1.140492,0.908124,14,1169.6,9,15,15.75
LLY,2026-10-09,2026-10-23,1170.0,P,25.65,35.2,30.425,37.0062,-0.478899,0.0047,-1.140366,0.912551,14,1169.6,4,24,15.75
LLY,2026-10-09,2026-10-23,1175.0,P,26.7,38.35,32.525,37.5449,-0.501911,0.004639,-1.156298,0.913819,14,1169.6,6,30,15.75
LLY,2026-10-09,2026-10-23,1180.0,P,30.7,40.65,35.675,37.0673,-0.525629,0.004689,-1.134903,0.911943,14,1169.6,3,118,15.75
LLY,2026-10-09,2026-10-23,1185.0,P,34.15,42.15,38.15,35.6101,-0.551898,0.004849,-1.076424,0.906086,14,1169.6,4,26,15.75
LLY,2026-10-09,2026-10-23,1190.0,P,37.65,46.75,42.2,37.3496,-0.57088,0.004589,-1.120793,0.899368,14,1169.6,8,24,15.75
LLY,2026-10-09,2026-10-23,1195.0,P,40.4,49.95,45.175,37.4823,-0.592834,0.00452,-1.10795,0.888974,14,1169.6,35,18,15.75
LLY,2026-10-09,2026-10-23,1200.0,P,42.8,51.05,46.925,35.1722,-0.623829,0.004711,-1.005933,0.869446,14,1169.6,14,20,15.75
LLY,2026-10-09,2026-10-23,1205.0,P,47.3,55.45,51.375,36.3959,-0.640921,0.004483,-1.024027,0.856207,14,1169.6,1,16,15.75
LLY,2026-10-09,2026-10-23,1210.0,P,47.05,58.75,52.9,36.2769,-0.662984,0.004394,-0.991586,0.836463,14,1169.6,10,7,15.75
LLY,2026-10-09,2026-10-23,1215.0,P,52.35,65.75,59.05,40.3708,-0.663674,0.003946,-1.112074,0.835797,14,1169.6,6,14,15.75
LLY,2026-10-09,2026-10-23,1220.0,P,55.65,67.85,61.75,38.6908,-0.690904,0.003976,-1.018495,0.807089,14,1169.6,3,30,15.75
LLY,2026-10-09,2026-10-23,1225.0,P,60.2,71.75,65.975,39.0173,-0.707856,0.003843,-0.997,0.786795,14,1169.6,2,13,15.75
LLY,2026-10-09,2026-10-23,1230.0,P,63.55,76.75,70.15,40.6332,-0.716832,0.003636,-1.023977,0.775274,14,1169.6,1,18,15.75
LLY,2026-10-09,2026-10-23,1235.0,P,68.05,79.85,73.95,39.7925,-0.738684,0.003568,-0.954404,0.744934,14,1169.6,3,12,15.75
LLY,2026-10-09,2026-10-23,1240.0,P,71.75,84.0,77.875,40.1892,-0.752868,0.003431,-0.931823,0.723448,14,1169.6,2,5,15.75
LLY,2026-10-09,2026-10-23,1245.0,P,75.1,89.0,82.05,41.6662,-0.759839,0.003258,-0.952028,0.712356,14,1169.6,2,4,15.75
LLY,2026-10-09,2026-10-23,1255.0,P,84.65,97.0,90.825,41.7181,-0.788932,0.003025,-0.87386,0.662131,14,1169.6,12,3,15.75
LLY,2026-10-09,2026-10-23,1260.0,P,88.55,102.4,95.475,43.6682,-0.790924,0.002874,-0.913386,0.658452,14,1169.6,6,9,15.75
LLY,2026-10-09,2026-10-23,1265.0,P,92.4,106.4,99.4,43.5339,-0.804787,0.002767,-0.866809,0.631967,14,1169.6,9,9,15.75
LLY,2026-10-09,2026-10-23,1270.0,P,97.9,111.1,104.5,44.3884,-0.812199,0.00265,-0.861133,0.617154,14,1169.6,0,1,15.75
LLY,2026-10-09,2026-10-23,1275.0,P,102.55,117.15,109.85,47.2997,-0.807408,0.002526,-0.941525,0.626781,14,1169.6,4,3,15.75
LLY,2026-10-09,2026-10-23,1280.0,P,106.0,120.85,113.425,46.5582,-0.822934,0.002435,-0.869442,0.594872,14,1169.6,3,3,15.75
LLY,2026-10-09,2026-10-23,1290.0,P,117.4,132.0,124.7,50.9008,-0.820553,0.002246,-0.969931,0.599901,14,1169.6,2,3,15.75
LLY,2026-10-09,2026-10-23,1295.0,P,122.0,136.0,129.0,50.5223,-0.832524,0.002166,-0.913285,0.574108,14,1169.6,4,8,15.75
LLY,2026-10-09,2026-10-23,1300.0,P,124.5,142.0,133.25,53.3757,-0.827432,0.00209,-0.993004,0.585234,14,1169.6,2,2,15.75
LLY,2026-10-09,2026-10-23,1310.0,P,133.15,150.5,141.825,53.2597,-0.846092,0.001944,-0.907424,0.543285,14,1169.6,0,1,15.75
LLY,2026-10-09,2026-10-23,1315.0,P,138.1,153.65,145.875,51.0533,-0.865724,0.00185,-0.774595,0.495506,14,1169.6,0,1,15.75
LLY,2026-10-09,2026-10-23,1320.0,P,143.5,160.0,151.75,54.6788,-0.855795,0.001813,-0.887483,0.520155,14,1169.6,0,0,15.75
LLY,2026-10-09,2026-10-23,1325.0,P,149.6,163.8,156.7,53.5619,-0.86907,0.001733,-0.801098,0.486966,14,1169.6,0,0,15.75
LLY,2026-10-09,2026-10-23,1330.0,P,154.2,168.6,161.4,54.2668,-0.873169,0.001673,-0.791704,0.476341,14,1169.6,0,0,15.75
LLY,2026-10-09,2026-10-23,1340.0,P,164.25,178.6,171.425,56.4213,-0.877293,0.001572,-0.804801,0.465463,14,1169.6,0,0,15.75
LLY,2026-10-09,2026-10-23,1345.0,P,171.15,183.6,177.375,57.4833,-0.879225,0.001526,-0.811055,0.460301,14,1169.6,0,0,15.75
LLY,2026-10-09,2026-10-23,1360.0,P,185.7,198.6,192.15,60.6114,-0.88457,0.001402,-0.828737,0.445799,14,1169.6,1,1,15.75
LLY,2026-10-09,2026-10-23,1380.0,P,204.9,218.6,211.75,64.664,-0.890771,0.001263,-0.850414,0.428549,14,1169.6,2,0,15.75
LLY,2026-10-09,2026-10-30,770.0,C,393.75,410.0,401.875,89.441,0.980615,0.000188,-0.364061,0.132278,21,1169.6,0,3,15.75
LLY,2026-10-09,2026-10-30,800.0,C,363.85,381.85,372.85,87.7321,0.972641,0.000256,-0.453871,0.176803,21,1169.6,0,1,15.75
LLY,2026-10-09,2026-10-30,820.0,C,343.95,361.9,352.925,83.2216,0.970649,0.000286,-0.457931,0.187452,21,1169.6,0,3,15.75
LLY,2026-10-09,2026-10-30,850.0,C,314.15,329.7,321.925,71.1795,0.975493,0.000288,-0.36382,0.16125,21,1169.6,2,1,15.75
LLY,2026-10-09,2026-10-30,870.0,C,294.3,312.0,303.15,72.3391,0.964512,0.000385,-0.468841,0.219253,21,1169.6,0,1,15.75
LLY,2026-10-09,2026-10-30,970.0,C,196.8,212.5,204.65,54.0105,0.936633,0.00082,-0.546973,0.348746,21,1169.6,0,1,15.75
LLY,2026-10-09,2026-10-30,975.0,C,192.0,206.15,199.075,51.3311,0.940439,0.000822,-0.505697,0.332274,21,1169.6,43,44,15.75
LLY,2026-10-09,2026-10-30,995.0,C,173.45,189.8,181.625,52.625,0.913457,0.001068,-0.652462,0.442469,21,1169.6,1,0,15.75
LLY,2026-10-09,2026-10-30,1000.0,C,168.9,182.95,175.925,62.6408,0.871449,0.001194,-0.970807,0.588883,21,1169.6,1,0,15.75
LLY,2026-10-09,2026-10-30,1020.0,C,150.35,167.2,158.775,50.4308,0.887073,0.001354,-0.742614,0.53753,21,1169.6,0,1,15.75
LLY,2026-10-09,2026-10-30,1040.0,C,133.05,147.7,140.375,58.0708,0.823681,0.00159,-1.094909,0.726622,21,1169.6,1,11,15.75
LLY,2026-10-09,2026-10-30,1045.0,C,128.8,144.85,136.825,59.3205,0.810343,0.001629,-1.16291,0.760453,21,1169.6,0,3,15.75
LLY,2026-10-09,2026-10-30,1050.0,C,124.65,138.35,131.5,55.9422,0.812819,0.001713,-1.094598,0.754314,21,1169.6,1,8,15.75
LLY,2026-10-09,2026-10-30,1055.0,C,120.5,134.0,127.25,55.2556,0.805621,0.001775,-1.105066,0.771986,21,1169.6,0,1,15.75
LLY,2026-10-09,2026-10-30,1065.0,C,112.4,124.7,118.55,53.0766,0.793269,0.001918,-1.101217,0.801083,21,1169.6,6,1,15.75
LLY,2026-10-09,2026-10-30,1070.0,C,108.45,121.2,114.825,53.2933,0.781824,0.001971,-1.136772,0.826704,21,1169.6,6,13,15.75
LLY,2026-10-09,2026-10-30,1075.0,C,105.65,117.7,111.675,53.4322,0.770442,0.002023,-1.169268,0.850948,21,1169.6,10,5,15.75
LLY,2026-10-09,2026-10-30,1080.0,C,100.8,113.2,107.0,52.3992,0.762842,0.002101,-1.167214,0.866467,21,1169.6,7,9,15.75
LLY,2026-10-09,2026-10-30,1090.0,C,96.1,105.65,100.875,51.801,0.741545,0.002225,-1.203183,0.907187,21,1169.6,6,10,15.75
LLY,2026-10-09,2026-10-30,1095.0,C,89.5,101.7,95.6,51.2395,0.73126,0.002295,-1.212422,0.925433,21,1169.6,2,3,15.75
LLY,2026-10-09,2026-10-30,1100.0,C,87.3,97.95,92.625,50.8397,0.720105,0.00236,-1.225309,0.944204,21,1169.6,3,24,15.75
LLY,2026-10-09,2026-10-30,1105.0,C,85.95,94.5,90.225,50.6871,0.707893,0.002415,-1.244049,0.963565,21,1169.6,6,9,15.75
LLY,2026-10-09,2026-10-30,1110.0,C,80.45,91.1,85.775,50.5223,0.695456,0.00247,-1.261253,0.982032,21,1169.6,15,12,15.75
LLY,2026-10-09,2026-10-30,1115.0,C,77.1,91.1,84.1,53.568,0.675237,0.002394,-1.364789,1.009416,21,1169.6,4,5,15.75
LLY,2026-10-09,2026-10-30,1120.0,C,73.85,86.7,80.275,52.2939,0.665211,0.002483,-1.348784,1.021807,21,1169.6,15,8,15.75
LLY,2026-10-09,2026-10-30,1125.0,C,70.7,83.8,77.25,52.3931,0.651995,0.002515,-1.368713,1.036959,21,1169.6,12,8,15.75
LLY,2026-10-09,2026-10-30,1130.0,C,67.55,77.6,72.575,49.3764,0.644191,0.00269,-1.30369,1.045283,21,1169.6,10,28,15.75
LLY,2026-10-09,2026-10-30,1135.0,C,64.55,75.9,70.225,50.4796,0.628453,0.00267,-1.347807,1.060678,21,1169.6,28,7,15.75
LLY,2026-10-09,2026-10-30,1140.0,C,61.6,72.35,66.975,49.822,0.615512,0.002734,-1.343298,1.071958,21,1169.6,15,29,15.75
LLY,2026-10-09,2026-10-30,1145.0,C,58.75,68.45,63.6,48.7981,0.602571,0.002817,-1.327601,1.082009,21,1169.6,32,32,15.75
LLY,2026-10-09,2026-10-30,1150.0,C,55.95,66.25,61.1,49.2421,0.587778,0.002818,-1.349095,1.092006,21,1169.6,165,301,15.75
LLY,2026-10-09,2026-10-30,1155.0,C,53.25,62.7,57.975,48.4212,0.573877,0.002886,-1.335518,1.099962,21,1169.6,23,36,15.75
LLY,2026-10-09,2026-10-30,1160.0,C,50.6,61.35,55.975,49.4817,0.55898,0.002842,-1.369756,1.106954,21,1169.6,62,49,15.75
LLY,2026-10-09,2026-10-30,1165.0,C,47.4,59.4,53.4,49.9456,0.544672,0.002829,-1.386569,1.112184,21,1169.6,37,31,15.75
LLY,2026-10-09,2026-10-30,1170.0,C,45.55,56.15,50.85,49.2086,0.530222,0.002882,-1.370008,1.115995,21,1169.6,36,79,15.75
LLY,2026-10-09,2026-10-30,1175.0,C,43.1,52.75,47.925,48.2824,0.515243,0.002943,-1.346589,1.118391,21,1169.6,7,35,15.75
LLY,2026-10-09,2026-10-30,1180.0,C,39.7,51.05,45.375,48.7798,0.501086,0.002915,-1.359138,1.119203,21,1169.6,8,45,15.75
LLY,2026-10-09,2026-10-30,1185.0,C,38.55,49.55,44.05,49.3902,0.487416,0.002878,-1.373153,1.118651,21,1169.6,6,80,15.75
LLY,2026-10-09,2026-10-30,1190.0,C,36.3,47.0,41.65,49.0239,0.472705,0.002894,-1.359369,1.116587,21,1169.6,16,42,15.75
LLY,2026-10-09,2026-10-30,1195.0,C,33.75,45.2,39.475,49.2544,0.458946,0.002872,-1.360033,1.113276,21,1169.6,7,31,15.75
LLY,2026-10-09,2026-10-30,1200.0,C,32.15,42.65,37.4,48.7646,0.443934,0.002887,-1.339422,1.108137,21,1169.6,104,72,15.75
LLY,2026-10-09,2026-10-30,1205.0,C,30.15,40.6,35.375,48.6547,0.42967,0.002877,-1.32753,1.101771,21,1169.6,110,70,15.75
LLY,2026-10-09,2026-10-30,1210.0,C,28.25,39.55,33.9,49.3795,0.417674,0.002818,-1.337493,1.095292,21,1169.6,44,61,15.75
LLY,2026-10-09,2026-10-30,1215.0,C,26.4,36.05,31.225,47.846,0.399679,0.002878,-1.282273,1.083631,21,1169.6,21,31,15.75
LLY,2026-10-09,2026-10-30,1220.0,C,26.9,36.7,31.8,50.0066,0.392671,0.00274,-1.330884,1.078456,21,1169.6,8,47,15.75
LLY,2026-10-09,2026-10-30,1225.0,C,25.2,33.75,29.475,48.8424,0.375776,0.002769,-1.282898,1.0645,21,1169.6,13,39,15.75
LLY,2026-10-09,2026-10-30,1230.0,C,26.15,30.55,28.35,47.3577,0.357185,0.002808,-1.223146,1.046703,21,1169.6,14,88,15.75
LLY,2026-10-09,2026-10-30,1235.0,C,24.4,30.15,27.275,48.4243,0.348147,0.002721,-1.237549,1.037115,21,1169.6,14,30,15.75
LLY,2026-10-09,2026-10-30,1240.0,C,22.1,27.0,24.55,46.8206,0.32867,0.002753,-1.170381,1.014338,21,1169.6,9,31,15.75
LLY,2026-10-09,2026-10-30,1245.0,C,21.45,26.4,23.925,47.6049,0.319301,0.002675,-1.174574,1.002335,21,1169.6,44,20,15.75
LLY,2026-10-09,2026-10-30,1250.0,C,20.05,26.05,23.05,48.5998,0.311338,0.002592,-1.184898,0.991594,21,1169.6,33,79,15.75
LLY,2026-10-09,2026-10-30,1255.0,C,18.95,22.7,20.825,46.5398,0.289566,0.00262,-1.098402,0.959639,21,1169.6,21,22,15.75
LLY,2026-10-09,2026-10-30,1260.0,C,17.75,23.0,20.375,48.1161,0.285284,0.002516,-1.126113,0.9529,21,1169.6,24,58,15.75
LLY,2026-10-09,2026-10-30,1265.0,C,16.35,20.05,18.2,46.2652,0.264307,0.00252,-1.04293,0.91768,21,1169.6,9,40,15.75
LLY,2026-10-09,2026-10-30,1270.0,C,14.05,18.2,16.125,45.4565,0.24842,0.002483,-0.991825,0.888501,21,1169.6,1,221,15.75
LLY,2026-10-09,2026-10-30,1275.0,C,9.8,17.6,13.7,45.9539,0.239915,0.002411,-0.983224,0.871967,21,1169.6,27,23,15.75
LLY,2026-10-09,2026-10-30,1280.0,C,9.15,18.2,13.675,47.7788,0.239024,0.002314,-1.01892,0.870197,21,1169.6,10,59,15.75
LLY,2026-10-09,2026-10-30,1285.0,C,7.7,18.6,13.15,49.3688,0.237067,0.002229,-1.04697,0.866285,21,1169.6,3,11,15.75
LLY,2026-10-09,2026-10-30,1290.0,C,7.9,16.0,11.95,47.4798,0.216823,0.002204,-0.957575,0.823742,21,1169.6,10,43,15.75
LLY,2026-10-09,2026-10-30,1295.0,C,6.55,15.45,11.0,47.904,0.209347,0.002141,-0.945952,0.807052,21,1169.6,2,16,15.75
LLY,2026-10-09,2026-10-30,1300.0,C,9.0,15.1,12.05,48.5418,0.203372,0.002076,-0.941602,0.793319,21,1169.6,64,188,15.75
LLY,2026-10-09,2026-10-30,1305.0,C,5.65,15.4,10.525,49.9639,0.201945,0.002009,-0.964287,0.789989,21,1169.6,2,35,15.75
LLY,2026-10-09,2026-10-30,1310.0,C,5.4,12.0,8.7,46.61,0.174304,0.001966,-0.821812,0.721345,21,1169.6,3,12,15.75
LLY,2026-10-09,2026-10-30,1315.0,C,4.25,12.55,8.4,48.3434,0.175551,0.001904,-0.85545,0.724614,21,1169.6,3,12,15.75
LLY,2026-10-09,2026-10-30,1320.0,C,4.1,11.7,7.9,48.1634,0.166217,0.001846,-0.822679,0.699719,21,1169.6,1,41,15.75
LLY,2026-10-09,2026-10-30,1325.0,C,3.75,10.2,6.975,46.9701,0.151434,0.001781,-0.754694,0.65827,21,1169.6,3,69,15.75
LLY,2026-10-09,2026-10-30,1330.0,C,3.45,8.75,6.1,45.6823,0.136353,0.001706,-0.683786,0.613286,21,1169.6,5,22,15.75
LLY,2026-10-09,2026-10-30,1340.0,C,2.97,8.85,5.91,47.6385,0.132903,0.001607,-0.699767,0.602595,21,1169.6,8,27,15.75
LLY,2026-10-09,2026-10-30,1360.0,C,2.68,5.35,4.015,44.6722,0.091385,0.001311,-0.501359,0.460769,21,1169.6,1,53,15.75
LLY,2026-10-09,2026-10-30,1380.0,C,1.15,5.7,3.425,48.557,0.089784,0.00119,-0.536796,0.454766,21,1169.6,5,34,15.75
LLY,2026-10-09,2026-10-30,1400.0,C,1.5,5.0,3.25,50.0493,0.078037,0.001039,-0.497331,0.409301,21,1169.6,1,555,15.75
LLY,2026-10-09,2026-10-30,1420.0,C,0.65,10.65,5.65,54.4987,0.080627,0.000978,-0.554248,0.41954,21,1169.6,2,60,15.75
LLY,2026-10-09,2026-10-30,1440.0,C,0.34,2.27,1.305,47.5774,0.04049,0.000652,-0.281595,0.244159,21,1169.6,61,3,15.75
LLY,2026-10-09,2026-10-30,1460.0,C,0.31,2.09,1.2,49.3535,0.036362,0.000576,-0.267324,0.223666,21,1169.6,3,2,15.75
LLY,2026-10-09,2026-10-30,1480.0,C,0.0,1.78,0.89,50.3667,0.030834,0.000493,-0.237989,0.195274,21,1169.6,136,1,15.75
LLY,2026-10-09,2026-10-30,1500.0,C,0.04,1.23,0.635,49.6831,0.022286,0.000381,-0.178853,0.148858,21,1169.6,4,18,15.75
LLY,2026-10-09,2026-10-30,1520.0,C,0.0,1.02,0.51,50.4399,0.01848,0.00032,-0.154823,0.127007,21,1169.6,2,10,15.75
LLY,2026-10-09,2026-10-30,1540.0,C,0.0,1.01,0.505,52.4663,0.017657,0.000296,-0.154802,0.12217,21,1169.6,60,12,15.75
LLY,2026-10-09,2026-10-30,1560.0,C,0.0,1.77,0.885,53.5161,0.015329,0.000257,-0.139821,0.108243,21,1169.6,0,1,15.75
LLY,2026-10-09,2026-10-30,1580.0,C,0.0,4.9,2.45,64.8258,0.032771,0.000402,-0.320956,0.205352,21,1169.6,0,2,15.75
LLY,2026-10-09,2026-10-30,1600.0,C,0.03,0.63,0.33,50.8306,0.006388,0.000126,-0.061822,0.050424,21,1169.6,30,16,15.75
LLY,2026-10-09,2026-10-30,1620.0,C,0.0,1.81,0.905,59.5463,0.01415,0.000216,-0.145002,0.101044,21,1169.6,1,2,15.75
LLY,2026-10-09,2026-10-30,1640.0,C,0.0,0.95,0.475,56.6166,0.008105,0.00014,-0.084859,0.062206,21,1169.6,1,3,15.75
LLY,2026-10-09,2026-10-30,610.0,P,0.0,4.9,2.45,133.8138,-0.014052,9.5e-05,-0.31795,0.100438,21,1169.6,5,96,15.75
LLY,2026-10-09,2026-10-30,620.0,P,0.0,4.9,2.45,130.8231,-0.014373,9.9e-05,-0.316902,0.102411,21,1169.6,14,75,15.75
LLY,2026-10-09,2026-10-30,630.0,P,0.0,0.05,0.025,77.344,-0.000291,5e-06,-0.005508,0.003012,21,1169.6,25,477,15.75
LLY,2026-10-09,2026-10-30,640.0,P,0.0,4.9,2.45,124.976,-0.015041,0.000108,-0.314703,0.106492,21,1169.6,5,105,15.75
LLY,2026-10-09,2026-10-30,650.0,P,0.0,4.9,2.45,122.1073,-0.015384,0.000113,-0.313435,0.108573,21,1169.6,2,16,15.75
LLY,2026-10-09,2026-10-30,660.0,P,0.0,4.9,2.45,119.2875,-0.015741,0.000118,-0.312236,0.110734,21,1169.6,9,1078,15.75
LLY,2026-10-09,2026-10-30,670.0,P,0.01,0.1,0.055,74.8049,-0.000669,1.1e-05,-0.01153,0.006525,21,1169.6,4,10,15.75
LLY,2026-10-09,2026-10-30,680.0,P,0.0,4.9,2.45,113.77,-0.016491,0.000129,-0.309805,0.115243,21,1169.6,4,20,15.75
LLY,2026-10-09,2026-10-30,690.0,P,0.01,0.29,0.15,77.9299,-0.0017,2.5e-05,-0.028233,0.015342,21,1169.6,17,128,15.75
LLY,2026-10-09,2026-10-30,700.0,P,0.01,2.21,1.11,96.0938,-0.009325,9.3e-05,-0.159626,0.07034,21,1169.6,50,33,15.75
LLY,2026-10-09,2026-10-30,710.0,P,0.01,1.96,0.985,92.1632,-0.00868,9.1e-05,-0.143747,0.06606,21,1169.6,20,6,15.75
LLY,2026-10-09,2026-10-30,720.0,P,0.01,0.86,0.435,80.9084,-0.004541,5.8e-05,-0.071084,0.037225,21,1169.6,39,30,15.75
LLY,2026-10-09,2026-10-30,730.0,P,0.01,0.45,0.23,73.3401,-0.002712,4.1e-05,-0.040549,0.023434,21,1169.6,33,10,15.75
LLY,2026-10-09,2026-10-30,740.0,P,0.01,0.95,0.48,77.6858,-0.005199,6.9e-05,-0.076975,0.042003,21,1169.6,25,21,15.75
LLY,2026-10-09,2026-10-30,750.0,P,0.0,0.5,0.25,70.1175,-0.003073,4.8e-05,-0.043368,0.026228,21,1169.6,27,46,15.75
LLY,2026-10-09,2026-10-30,760.0,P,0.01,4.9,2.455,93.0909,-0.02005,0.000186,-0.298875,0.13612,21,1169.6,30,10,15.75
LLY,2026-10-09,2026-10-30,770.0,P,0.01,4.9,2.455,90.6373,-0.020566,0.000195,-0.297255,0.139085,21,1169.6,18,2,15.75
LLY,2026-10-09,2026-10-30,780.0,P,0.01,4.9,2.455,88.2081,-0.0211,0.000205,-0.295549,0.142136,21,1169.6,10,2,15.75
LLY,2026-10-09,2026-10-30,790.0,P,0.01,0.88,0.445,66.9437,-0.005568,8.5e-05,-0.070388,0.044638,21,1169.6,2,2,15.75
LLY,2026-10-09,2026-10-30,800.0,P,0.01,1.75,0.88,71.094,-0.010006,0.000134,-0.125254,0.074808,21,1169.6,11,19,15.75
LLY,2026-10-09,2026-10-30,810.0,P,0.01,0.73,0.37,61.6703,-0.005037,8.4e-05,-0.059273,0.040834,21,1169.6,10,2,15.75
LLY,2026-10-09,2026-10-30,820.0,P,0.01,2.19,1.1,69.1776,-0.01264,0.000168,-0.149231,0.091658,21,1169.6,2,5,15.75
LLY,2026-10-09,2026-10-30,830.0,P,0.0,3.75,1.875,72.9861,-0.019698,0.000233,-0.230294,0.134092,21,1169.6,290,146,15.75
LLY,2026-10-09,2026-10-30,840.0,P,0.01,1.29,0.65,60.352,-0.008773,0.00014,-0.094622,0.06668,21,1169.6,2,5,15.75
LLY,2026-10-09,2026-10-30,850.0,P,0.0,1.74,0.87,60.8646,-0.011446,0.000176,-0.12032,0.084104,21,1169.6,2,15,15.75
LLY,2026-10-09,2026-10-30,860.0,P,0.01,0.82,0.415,53.3208,-0.006454,0.000121,-0.063726,0.050883,21,1169.6,4,12,15.75
LLY,2026-10-09,2026-10-30,870.0,P,0.01,1.55,0.78,56.0551,-0.011144,0.000186,-0.108153,0.082169,21,1169.6,6,11,15.75
LLY,2026-10-09,2026-10-30,880.0,P,0.0,4.05,2.025,63.0131,-0.024235,0.000322,-0.236335,0.159742,21,1169.6,12,16,15.75
LLY,2026-10-09,2026-10-30,890.0,P,0.0,2.06,1.03,54.4682,-0.014845,0.000246,-0.134544,0.105301,21,1169.6,30,93,15.75
LLY,2026-10-09,2026-10-30,900.0,P,0.23,1.55,0.89,51.3799,-0.013671,0.000243,-0.118143,0.098088,21,1169.6,4,127,15.75
LLY,2026-10-09,2026-10-30,910.0,P,0.3,2.07,1.185,51.7339,-0.01772,0.000301,-0.148541,0.122544,21,1169.6,2,31,15.75
LLY,2026-10-09,2026-10-30,920.0,P,0.46,2.12,1.29,50.4888,-0.019609,0.000336,-0.157918,0.133578,21,1169.6,10,14,15.75
LLY,2026-10-09,2026-10-30,930.0,P,0.58,3.2,1.89,51.856,-0.027187,0.000431,-0.213452,0.175877,21,1169.6,13,11,15.75
LLY,2026-10-09,2026-10-30,935.0,P,0.73,2.57,1.65,53.8701,-0.03475,0.000508,-0.271665,0.215503,21,1169.6,4,13,15.75
LLY,2026-10-09,2026-10-30,940.0,P,0.18,3.55,1.865,56.4213,-0.044598,0.000595,-0.348538,0.264003,21,1169.6,1,35,15.75
LLY,2026-10-09,2026-10-30,945.0,P,1.18,3.6,2.39,51.0137,-0.034166,0.000529,-0.253484,0.212524,21,1169.6,2,67,15.75
LLY,2026-10-09,2026-10-30,950.0,P,0.95,4.05,2.5,50.4155,-0.035981,0.000559,-0.261282,0.221746,21,1169.6,28,21,15.75
LLY,2026-10-09,2026-10-30,955.0,P,0.49,9.15,4.82,56.8913,-0.058124,0.000728,-0.433544,0.325965,21,1169.6,2,19,15.75
LLY,2026-10-09,2026-10-30,960.0,P,1.5,7.1,4.3,54.2668,-0.054786,0.000728,-0.394479,0.311121,21,1169.6,13,9,15.75
LLY,2026-10-09,2026-10-30,965.0,P,2.03,4.15,3.09,52.6982,-0.054486,0.000747,-0.381221,0.309772,21,1169.6,30,8,15.75
LLY,2026-10-09,2026-10-30,970.0,P,2.04,7.6,4.82,53.4184,-0.061463,0.00081,-0.424706,0.340548,21,1169.6,26,67,15.75
LLY,2026-10-09,2026-10-30,975.0,P,2.53,4.65,3.59,51.8193,-0.061179,0.000832,-0.410276,0.339318,21,1169.6,6,32,15.75
LLY,2026-10-09,2026-10-30,980.0,P,2.3,9.5,5.9,53.7724,-0.073004,0.000919,-0.488035,0.389024,21,1169.6,20,24,15.75
LLY,2026-10-09,2026-10-30,985.0,P,2.95,11.45,7.2,55.4509,-0.084492,0.000996,-0.562124,0.434592,21,1169.6,3,9,15.75
LLY,2026-10-09,2026-10-30,990.0,P,3.35,7.8,5.575,50.6475,-0.073226,0.000978,-0.460184,0.389928,21,1169.6,5,29,15.75
LLY,2026-10-09,2026-10-30,995.0,P,3.65,7.5,5.575,53.6076,-0.090169,0.001081,-0.569878,0.45621,21,1169.6,2,10,15.75
LLY,2026-10-09,2026-10-30,1000.0,P,3.65,6.9,5.275,51.1602,-0.087398,0.001107,-0.530949,0.445732,21,1169.6,12,178,15.75
LLY,2026-10-09,2026-10-30,1005.0,P,4.75,6.95,5.85,50.0432,-0.08964,0.001153,-0.528913,0.45422,21,1169.6,11,32,15.75
LLY,2026-10-09,2026-10-30,1010.0,P,4.15,7.4,5.775,49.7136,-0.095188,0.001214,-0.549016,0.47486,21,1169.6,12,16,15.75
LLY,2026-10-09,2026-10-30,1015.0,P,4.45,7.7,6.075,49.0484,-0.099632,0.001272,-0.559767,0.491026,21,1169.6,4,15,15.75
LLY,2026-10-09,2026-10-30,1020.0,P,5.1,9.9,7.5,51.6728,-0.11802,0.001364,-0.666116,0.554648,21,1169.6,2,57,15.75
LLY,2026-10-09,2026-10-30,1025.0,P,5.05,9.05,7.05,48.9477,-0.114576,0.00141,-0.617219,0.543114,21,1169.6,4,39,15.75
LLY,2026-10-09,2026-10-30,1030.0,P,5.6,11.5,8.55,51.6057,-0.134038,0.001492,-0.726244,0.606129,21,1169.6,14,44,15.75
LLY,2026-10-09,2026-10-30,1035.0,P,5.8,12.9,9.35,52.3534,-0.145734,0.001557,-0.779587,0.641599,21,1169.6,5,23,15.75
LLY,2026-10-09,2026-10-30,1040.0,P,6.85,13.35,10.1,51.6271,-0.151722,0.001622,-0.789185,0.659102,21,1169.6,10,41,15.75
LLY,2026-10-09,2026-10-30,1045.0,P,8.4,15.7,12.05,53.4612,-0.168353,0.001677,-0.87463,0.705503,21,1169.6,8,19,15.75
LLY,2026-10-09,2026-10-30,1050.0,P,9.8,12.5,11.15,47.669,-0.153641,0.001771,-0.733174,0.664621,21,1169.6,39,99,15.75
LLY,2026-10-09,2026-10-30,1055.0,P,10.0,12.6,11.3,46.4361,-0.158075,0.001853,-0.726993,0.677205,21,1169.6,8,77,15.75
LLY,2026-10-09,2026-10-30,1060.0,P,11.75,14.55,13.15,47.6629,-0.174085,0.001921,-0.793933,0.720767,21,1169.6,7,79,15.75
LLY,2026-10-09,2026-10-30,1065.0,P,11.35,16.0,13.675,48.0871,-0.18671,0.00199,-0.836489,0.75314,21,1169.6,8,41,15.75
LLY,2026-10-09,2026-10-30,1070.0,P,11.9,20.8,16.35,52.3747,-0.214823,0.001988,-0.991767,0.819329,21,1169.6,12,27,15.75
LLY,2026-10-09,2026-10-30,1075.0,P,13.25,20.25,16.75,50.1989,-0.217701,0.00209,-0.95658,0.825666,21,1169.6,45,70,15.75
LLY,2026-10-09,2026-10-30,1080.0,P,14.5,22.75,18.625,51.4653,-0.233859,0.002123,-1.020941,0.859796,21,1169.6,51,25,15.75
LLY,2026-10-09,2026-10-30,1085.0,P,16.85,23.25,20.05,50.4247,-0.241816,0.002207,-1.01767,0.875718,21,1169.6,2,47,15.75
LLY,2026-10-09,2026-10-30,1090.0,P,17.95,25.1,21.525,50.8001,-0.25512,0.002254,-1.054247,0.901076,21,1169.6,18,58,15.75
LLY,2026-10-09,2026-10-30,1095.0,P,18.0,23.4,20.7,47.3669,-0.255471,0.002419,-0.981454,0.901722,21,1169.6,5,41,15.75
LLY,2026-10-09,2026-10-30,1100.0,P,21.05,24.25,22.65,46.6283,-0.265898,0.002508,-0.984984,0.920482,21,1169.6,81,108,15.75
LLY,2026-10-09,2026-10-30,1105.0,P,20.1,28.1,24.1,48.8897,-0.286728,0.002482,-1.071835,0.955188,21,1169.6,1,68,15.75
LLY,2026-10-09,2026-10-30,1110.0,P,22.1,31.15,26.625,50.1867,-0.30363,0.002483,-1.129322,0.980717,21,1169.6,152,53,15.75
LLY,2026-10-09,2026-10-30,1115.0,P,21.15,32.5,26.825,49.7258,-0.315628,0.002549,-1.136666,0.997444,21,1169.6,1,53,15.75
LLY,2026-10-09,2026-10-30,1120.0,P,26.1,34.55,30.325,49.8815,-0.329448,0.002586,-1.159562,1.015303,21,1169.6,24,89,15.75
LLY,2026-10-09,2026-10-30,1125.0,P,26.45,40.0,33.225,53.1453,-0.349388,0.002483,-1.264606,1.038468,21,1169.6,2,33,15.75
LLY,2026-10-09,2026-10-30,1130.0,P,27.85,38.35,33.1,49.706,-0.356429,0.002674,-1.187657,1.045925,21,1169.6,7,31,15.75
LLY,2026-10-09,2026-10-30,1135.0,P,31.5,37.35,34.425,46.8664,-0.365413,0.00286,-1.125897,1.054897,21,1169.6,23,12,15.75
LLY,2026-10-09,2026-10-30,1140.0,P,33.8,42.4,38.1,49.5107,-0.384068,0.00275,-1.209056,1.071611,21,1169.6,3,44,15.75
LLY,2026-10-09,2026-10-30,1145.0,P,34.8,44.6,39.7,49.4771,-0.398182,0.00278,-1.219026,1.082555,21,1169.6,4,24,15.75
LLY,2026-10-09,2026-10-30,1150.0,P,37.9,48.1,43.0,50.5391,-0.413243,0.002747,-1.256201,1.092637,21,1169.6,17,109,15.75
LLY,2026-10-09,2026-10-30,1155.0,P,39.6,49.25,44.425,49.4451,-0.426682,0.002827,-1.234839,1.100253,21,1169.6,23,141,15.75
LLY,2026-10-09,2026-10-30,1160.0,P,42.55,51.4,46.975,49.1796,-0.440947,0.00286,-1.233613,1.106924,21,1169.6,18,26,15.75
LLY,2026-10-09,2026-10-30,1165.0,P,44.3,55.15,49.725,50.2584,-0.455308,0.002812,-1.266065,1.112177,21,1169.6,4,43,15.75
LLY,2026-10-09,2026-10-30,1170.0,P,45.65,56.4,51.025,49.0835,-0.469821,0.002889,-1.237407,1.116004,21,1169.6,1,42,15.75
LLY,2026-10-09,2026-10-30,1175.0,P,48.25,59.0,53.625,49.0301,-0.48428,0.002898,-1.236558,1.118339,21,1169.6,22,47,15.75
LLY,2026-10-09,2026-10-30,1180.0,P,50.85,61.6,56.225,48.9171,-0.498786,0.002907,-1.232394,1.119202,21,1169.6,4,49,15.75
LLY,2026-10-09,2026-10-30,1185.0,P,54.75,65.55,60.15,49.9212,-0.511945,0.002847,-1.256425,1.118706,21,1169.6,8,66,15.75
LLY,2026-10-09,2026-10-30,1190.0,P,56.4,68.4,62.4,49.9059,-0.525979,0.002843,-1.251664,1.116834,21,1169.6,5,81,15.75
LLY,2026-10-09,2026-10-30,1195.0,P,60.65,69.15,64.9,47.9864,-0.543357,0.002946,-1.193439,1.112591,21,1169.6,2,135,15.75
LLY,2026-10-09,2026-10-30,1200.0,P,62.15,72.8,67.475,48.5509,-0.556514,0.0029,-1.200937,1.107959,21,1169.6,10,168,15.75
LLY,2026-10-09,2026-10-30,1205.0,P,66.65,75.75,71.2,48.4395,-0.570842,0.002889,-1.188387,1.101515,21,1169.6,4,42,15.75
LLY,2026-10-09,2026-10-30,1210.0,P,69.45,79.25,74.35,48.76,-0.58394,0.002852,-1.186383,1.094341,21,1169.6,6,189,15.75
LLY,2026-10-09,2026-10-30,1215.0,P,70.35,81.95,76.15,48.3053,-0.598963,0.002853,-1.16108,1.084593,21,1169.6,2,6,15.75
LLY,2026-10-09,2026-10-30,1220.0,P,75.8,85.15,80.475,48.2381,-0.612817,0.002829,-1.145209,1.074152,21,1169.6,4,4,15.75
LLY,2026-10-09,2026-10-30,1225.0,P,79.45,88.5,83.975,48.2503,-0.626238,0.002798,-1.130255,1.062696,21,1169.6,9,2,15.75
LLY,2026-10-09,2026-10-30,1230.0,P,82.8,91.9,87.35,48.2519,-0.639486,0.002765,-1.113708,1.050079,21,1169.6,6,5,15.75
LLY,2026-10-09,2026-10-30,1235.0,P,83.7,95.65,89.675,48.5265,-0.651459,0.002717,-1.104132,1.037546,21,1169.6,6,1,15.75
LLY,2026-10-09,2026-10-30,1240.0,P,89.35,98.95,94.15,48.3205,-0.665047,0.002687,-1.079038,1.022004,21,1169.6,4,2,15.75
LLY,2026-10-09,2026-10-30,1245.0,P,90.65,102.55,96.6,48.3434,-0.677501,0.002645,-1.059751,1.006509,21,1169.6,20,7,15.75
LLY,2026-10-09,2026-10-30,1250.0,P,95.4,106.25,100.825,48.409,-0.689509,0.0026,-1.040819,0.990422,21,1169.6,6,3,15.75
LLY,2026-10-09,2026-10-30,1255.0,P,100.05,111.75,105.9,50.2233,-0.693383,0.002492,-1.076,0.984989,21,1169.6,6,7,15.75
LLY,2026-10-09,2026-10-30,1260.0,P,103.75,115.45,109.6,50.2126,-0.704921,0.00245,-1.053645,0.968092,21,1169.6,20,2,15.75
LLY,2026-10-09,2026-10-30,1270.0,P,108.95,121.7,115.325,48.8164,-0.733989,0.002396,-0.961901,0.92068,21,1169.6,4,1,15.75
LLY,2026-10-09,2026-10-30,1275.0,P,112.2,126.0,119.1,49.2635,-0.742617,0.002335,-0.951991,0.905233,21,1169.6,2,1,15.75
LLY,2026-10-09,2026-10-30,1280.0,P,118.65,130.75,124.7,50.1683,-0.74859,0.002265,-0.956972,0.894161,21,1169.6,12,8,15.75
LLY,2026-10-09,2026-10-30,1300.0,P,134.95,144.45,139.7,47.2478,-0.803864,0.002087,-0.753434,0.776216,21,1169.6,0,1,15.75
LLY,2026-10-09,2026-10-30,1310.0,P,141.6,155.85,148.725,51.0793,-0.800954,0.001948,-0.831813,0.78316,21,1169.6,0,1,15.75
LLY,2026-10-09,2026-10-30,1320.0,P,150.55,164.5,157.525,51.3982,-0.816129,0.001844,-0.789374,0.746009,21,1169.6,2,3,15.75
LLY,2026-10-09,2026-10-30,1360.0,P,187.5,203.1,195.3,57.108,-0.845085,0.001487,-0.777066,0.668259,21,1169.6,1,4,15.75
LLY,2026-10-09,2026-10-30,1380.0,P,206.75,219.6,213.175,55.1396,-0.878399,0.001305,-0.605956,0.566462,21,1169.6,2,1,15.75
LLY,2026-10-09,2026-10-30,1420.0,P,246.1,262.0,254.05,65.7596,-0.872081,0.001134,-0.777298,0.586873,21,1169.6,0,0,15.75
LLY,2026-10-09,2026-11-06,950.0,C,217.9,231.95,224.925,51.7522,0.938719,0.000722,-0.459006,0.392321,28,1169.6,1,11,15.75
LLY,2026-10-09,2026-11-06,1000.0,C,173.05,190.0,181.525,52.5426,0.879118,0.001181,-0.704721,0.651371,28,1169.6,1,3,15.75
LLY,2026-10-09,2026-11-06,1040.0,C,136.8,153.75,145.275,57.1812,0.799633,0.001513,-1.013473,0.907921,28,1169.6,0,1,15.75
LLY,2026-10-09,2026-11-06,1060.0,C,120.5,135.35,127.925,53.304,0.776756,0.001729,-1.006149,0.967236,28,1169.6,0,1,15.75
LLY,2026-10-09,2026-11-06,1065.0,C,116.6,133.6,125.1,55.0587,0.76144,0.001737,-1.070579,1.003749,28,1169.6,0,1,15.75
LLY,2026-10-09,2026-11-06,1080.0,C,105.1,119.35,112.225,51.4211,0.742993,0.001936,-1.041964,1.044478,28,1169.6,0,1,15.75
LLY,2026-10-09,2026-11-06,1085.0,C,102.0,114.45,108.225,50.0478,0.736741,0.002014,-1.02772,1.0575,28,1169.6,8,5,15.75
LLY,2026-10-09,2026-11-06,1090.0,C,98.6,111.95,105.275,50.8168,0.723474,0.002032,-1.064723,1.083853,28,1169.6,0,2,15.75
LLY,2026-10-09,2026-11-06,1095.0,C,95.4,106.5,100.95,48.9126,0.718074,0.002132,-1.036709,1.09409,28,1169.6,0,3,15.75
LLY,2026-10-09,2026-11-06,1100.0,C,91.9,104.85,98.375,50.3087,0.702717,0.002125,-1.086977,1.12168,28,1169.6,10,6,15.75
LLY,2026-10-09,2026-11-06,1105.0,C,87.8,101.95,94.875,50.5437,0.690761,0.002152,-1.108467,1.141628,28,1169.6,2,2,15.75
LLY,2026-10-09,2026-11-06,1110.0,C,84.0,97.15,90.575,49.1277,0.68268,0.002239,-1.09026,1.154367,28,1169.6,12,4,15.75
LLY,2026-10-09,2026-11-06,1115.0,C,81.9,92.45,87.175,47.7788,0.673958,0.002328,-1.073006,1.167448,28,1169.6,6,4,15.75
LLY,2026-10-09,2026-11-06,1120.0,C,78.7,91.55,85.125,49.526,0.658033,0.002289,-1.127047,1.189576,28,1169.6,2,3,15.75
LLY,2026-10-09,2026-11-06,1125.0,C,75.55,87.6,81.575,48.7142,0.647509,0.002353,-1.120529,1.202968,28,1169.6,5,7,15.75
LLY,2026-10-09,2026-11-06,1130.0,C,70.8,83.7,77.25,47.907,0.63657,0.002418,-1.113239,1.215864,28,1169.6,2,4,15.75
LLY,2026-10-09,2026-11-06,1135.0,C,69.45,81.55,75.5,48.4548,0.623227,0.002419,-1.136051,1.230197,28,1169.6,2,4,15.75
LLY,2026-10-09,2026-11-06,1140.0,C,66.5,77.1,71.8,47.1334,0.612327,0.002509,-1.11501,1.240778,28,1169.6,7,5,15.75
LLY,2026-10-09,2026-11-06,1145.0,C,63.1,76.75,69.925,48.9812,0.597694,0.002438,-1.165149,1.253403,28,1169.6,11,303,15.75
LLY,2026-10-09,2026-11-06,1150.0,C,60.9,71.45,66.175,46.9198,0.586631,0.002563,-1.125161,1.261758,28,1169.6,34,8,15.75
LLY,2026-10-09,2026-11-06,1155.0,C,58.15,68.7,63.425,46.7962,0.573641,0.002587,-1.128115,1.270269,28,1169.6,22,9,15.75
LLY,2026-10-09,2026-11-06,1160.0,C,55.5,66.15,60.825,46.7779,0.560538,0.002602,-1.132281,1.277442,28,1169.6,42,11,15.75
LLY,2026-10-09,2026-11-06,1165.0,C,52.9,62.2,57.55,45.6396,0.547328,0.002679,-1.109772,1.283245,28,1169.6,75,5,15.75
LLY,2026-10-09,2026-11-06,1170.0,C,50.45,61.0,55.725,46.5536,0.534216,0.002636,-1.132773,1.287594,28,1169.6,34,8,15.75
LLY,2026-10-09,2026-11-06,1175.0,C,46.0,58.75,52.375,46.6161,0.521095,0.002638,-1.135221,1.290543,28,1169.6,27,15,15.75
LLY,2026-10-09,2026-11-06,1180.0,C,45.65,54.85,50.25,45.3741,0.506811,0.002714,-1.106492,1.292161,28,1169.6,12,21,15.75
LLY,2026-10-09,2026-11-06,1185.0,C,43.35,53.95,48.65,46.3659,0.494614,0.002656,-1.127962,1.292232,28,1169.6,34,12,15.75
LLY,2026-10-09,2026-11-06,1190.0,C,41.1,51.7,46.4,46.282,0.481414,0.002658,-1.123507,1.290947,28,1169.6,14,47,15.75
LLY,2026-10-09,2026-11-06,1195.0,C,39.0,49.55,44.275,46.2255,0.468291,0.002656,-1.118534,1.288265,28,1169.6,8,33,15.75
LLY,2026-10-09,2026-11-06,1200.0,C,34.45,48.4,41.425,46.8893,0.456694,0.002611,-1.129472,1.284728,28,1169.6,45,20,15.75
LLY,2026-10-09,2026-11-06,1205.0,C,34.9,44.85,39.875,45.6609,0.441165,0.002668,-1.094409,1.27827,28,1169.6,3,8,15.75
LLY,2026-10-09,2026-11-06,1210.0,C,32.45,44.95,38.7,47.2005,0.432242,0.002571,-1.12451,1.273664,28,1169.6,11,13,15.75
LLY,2026-10-09,2026-11-06,1215.0,C,30.5,41.05,35.775,45.5938,0.415326,0.00264,-1.07763,1.26313,28,1169.6,2,3,15.75
LLY,2026-10-09,2026-11-06,1220.0,C,26.9,40.05,33.475,46.1965,0.404578,0.002589,-1.083409,1.255203,28,1169.6,22,17,15.75
LLY,2026-10-09,2026-11-06,1225.0,C,26.75,38.9,32.825,46.6436,0.393724,0.002546,-1.084671,1.246217,28,1169.6,27,23,15.75
LLY,2026-10-09,2026-11-06,1230.0,C,26.6,36.4,31.5,45.9737,0.379264,0.002555,-1.057076,1.232704,28,1169.6,25,69,15.75
LLY,2026-10-09,2026-11-06,1235.0,C,25.75,34.8,30.275,45.9722,0.367196,0.002529,-1.045283,1.220064,28,1169.6,42,13,15.75
LLY,2026-10-09,2026-11-06,1240.0,C,22.05,32.7,27.375,45.5145,0.353449,0.002521,-1.020819,1.204138,28,1169.6,7,308,15.75
LLY,2026-10-09,2026-11-06,1245.0,C,20.85,32.75,26.8,46.784,0.347008,0.002436,-1.040577,1.196112,28,1169.6,1,18,15.75
LLY,2026-10-09,2026-11-06,1250.0,C,19.8,30.25,25.025,45.9005,0.331789,0.002441,-1.003277,1.175694,28,1169.6,6,16,15.75
LLY,2026-10-09,2026-11-06,1255.0,C,18.25,28.7,23.475,45.7555,0.319799,0.002412,-0.984524,1.158155,28,1169.6,12,42,15.75
LLY,2026-10-09,2026-11-06,1260.0,C,16.8,26.4,21.6,44.9102,0.304535,0.002406,-0.945898,1.133937,28,1169.6,31,27,15.75
LLY,2026-10-09,2026-11-06,1265.0,C,15.0,26.55,20.775,46.1568,0.299735,0.002324,-0.963864,1.125878,28,1169.6,74,14,15.75
LLY,2026-10-09,2026-11-06,1270.0,C,15.65,24.85,20.25,45.7433,0.286991,0.002299,-0.935758,1.103436,28,1169.6,26,15,15.75
LLY,2026-10-09,2026-11-06,1275.0,C,13.2,22.5,17.85,44.6707,0.270778,0.002288,-0.888222,1.072647,28,1169.6,57,36,15.75
LLY,2026-10-09,2026-11-06,1280.0,C,12.55,22.2,17.375,45.4321,0.264595,0.002224,-0.891969,1.060232,28,1169.6,2,26,15.75
LLY,2026-10-09,2026-11-06,1285.0,C,10.95,22.45,16.7,46.6924,0.261424,0.00215,-0.909965,1.053719,28,1169.6,7,2,15.75
LLY,2026-10-09,2026-11-06,1295.0,C,10.4,18.8,14.6,45.1528,0.233591,0.002094,-0.828173,0.992176,28,1169.6,3,4,15.75
LLY,2026-10-09,2026-11-06,1300.0,C,9.4,18.95,14.175,46.2637,0.230668,0.002029,-0.841737,0.985246,28,1169.6,28,107,15.75
LLY,2026-10-09,2026-11-06,1305.0,C,7.75,18.25,13.0,46.5032,0.223031,0.001981,-0.829648,0.96671,28,1169.6,11,23,15.75
LLY,2026-10-09,2026-11-06,1310.0,C,9.5,15.05,12.275,44.0451,0.199651,0.00196,-0.736762,0.905967,28,1169.6,2,10,15.75
LLY,2026-10-09,2026-11-06,1315.0,C,7.35,15.35,11.35,45.2703,0.198472,0.0019,-0.753793,0.902741,28,1169.6,1,1,15.75
LLY,2026-10-09,2026-11-06,1320.0,C,6.65,14.15,10.4,44.8156,0.187398,0.001853,-0.720265,0.871631,28,1169.6,5,3,15.75
LLY,2026-10-09,2026-11-06,1325.0,C,7.6,11.8,9.7,42.9113,0.167495,0.001803,-0.642587,0.811967,28,1169.6,8,4,15.75
LLY,2026-10-09,2026-11-06,1330.0,C,5.5,11.65,8.575,43.5583,0.163732,0.00175,-0.642286,0.800124,28,1169.6,2,3,15.75
LLY,2026-10-09,2026-11-06,1340.0,C,5.15,11.1,8.125,44.4982,0.154636,0.00165,-0.631235,0.770719,28,1169.6,9,16,15.75
LLY,2026-10-09,2026-11-06,1360.0,C,3.0,9.6,6.3,45.6152,0.134349,0.001464,-0.58737,0.701014,28,1169.6,36,4,15.75
LLY,2026-10-09,2026-11-06,1380.0,C,2.2,7.95,5.075,46.1034,0.113652,0.001289,-0.527191,0.623527,28,1169.6,64,11,15.75
LLY,2026-10-09,2026-11-06,1400.0,C,2.25,5.55,3.9,44.6783,0.085949,0.001084,-0.416063,0.508294,28,1169.6,14,13,15.75
LLY,2026-10-09,2026-11-06,1420.0,C,0.96,6.5,3.73,49.0911,0.090778,0.001028,-0.475167,0.529427,28,1169.6,8,5,15.75
LLY,2026-10-09,2026-11-06,1440.0,C,1.04,3.9,2.47,46.076,0.061582,0.000815,-0.331595,0.393828,28,1169.6,1,1,15.75
LLY,2026-10-09,2026-11-06,1460.0,C,0.6,2.62,1.61,44.7881,0.044494,0.000647,-0.248837,0.304272,28,1169.6,2,1,15.75
LLY,2026-10-09,2026-11-06,1480.0,C,0.3,2.18,1.24,45.429,0.037282,0.000553,-0.218437,0.263598,28,1169.6,3,1,15.75
LLY,2026-10-09,2026-11-06,1500.0,C,0.0,2.52,1.26,48.731,0.039807,0.000544,-0.246856,0.278059,28,1169.6,225,4,15.75
LLY,2026-10-09,2026-11-06,1580.0,C,0.0,0.93,0.465,48.6699,0.016147,0.000256,-0.115576,0.130687,28,1169.6,2,12,15.75
LLY,2026-10-09,2026-11-06,710.0,P,0.01,4.9,2.455,92.1388,-0.018054,0.000149,-0.233979,0.143772,28,1169.6,15,120,15.75
LLY,2026-10-09,2026-11-06,740.0,P,0.01,4.9,2.455,85.425,-0.019406,0.000171,-0.230468,0.152886,28,1169.6,16,2,15.75
LLY,2026-10-09,2026-11-06,750.0,P,0.0,4.9,2.45,83.2094,-0.019856,0.000179,-0.228829,0.155892,28,1169.6,0,4,15.75
LLY,2026-10-09,2026-11-06,800.0,P,0.0,2.61,1.305,65.5765,-0.013938,0.000167,-0.132933,0.115167,28,1169.6,2,1,15.75
LLY,2026-10-09,2026-11-06,820.0,P,0.01,4.9,2.455,68.5977,-0.02383,0.000253,-0.219453,0.181863,28,1169.6,0,2,15.75
LLY,2026-10-09,2026-11-06,840.0,P,0.0,0.89,0.445,50.0493,-0.006577,0.000114,-0.052502,0.059742,28,1169.6,0,145,15.75
LLY,2026-10-09,2026-11-06,850.0,P,0.0,0.95,0.475,53.687,-0.01249,0.000186,-0.098715,0.104747,28,1169.6,22,27,15.75
LLY,2026-10-09,2026-11-06,860.0,P,0.0,1.65,0.825,50.9038,-0.011501,0.000183,-0.087075,0.097515,28,1169.6,5,12,15.75
LLY,2026-10-09,2026-11-06,870.0,P,0.0,1.85,0.925,50.0493,-0.012992,0.000206,-0.095099,0.108385,28,1169.6,0,18,15.75
LLY,2026-10-09,2026-11-06,880.0,P,0.85,1.0,0.925,48.9263,-0.01426,0.000229,-0.100675,0.117451,28,1169.6,257,16,15.75
LLY,2026-10-09,2026-11-06,890.0,P,0.11,2.96,1.535,50.562,-0.020527,0.000302,-0.14197,0.160344,28,1169.6,0,76,15.75
LLY,2026-10-09,2026-11-06,900.0,P,0.39,2.7,1.545,53.9861,-0.032311,0.000414,-0.221499,0.234372,28,1169.6,5,11,15.75
LLY,2026-10-09,2026-11-06,910.0,P,0.0,2.95,1.475,52.9912,-0.035577,0.000456,-0.235169,0.253692,28,1169.6,5,5,15.75
LLY,2026-10-09,2026-11-06,920.0,P,0.0,4.3,2.15,55.2617,-0.047946,0.000557,-0.312199,0.323089,28,1169.6,10,27,15.75
LLY,2026-10-09,2026-11-06,930.0,P,0.86,4.55,2.705,53.925,-0.051524,0.000605,-0.322391,0.342188,28,1169.6,3,13,15.75
LLY,2026-10-09,2026-11-06,940.0,P,1.11,10.2,5.655,54.6147,-0.061676,0.000688,-0.375996,0.394295,28,1169.6,2,10,15.75
LLY,2026-10-09,2026-11-06,945.0,P,1.55,11.55,6.55,55.5546,-0.069052,0.000738,-0.417395,0.43041,28,1169.6,2,3,15.75
LLY,2026-10-09,2026-11-06,950.0,P,1.17,7.8,4.485,57.0286,-0.078508,0.000793,-0.472554,0.474778,28,1169.6,25,41,15.75
LLY,2026-10-09,2026-11-06,960.0,P,2.01,12.0,7.005,53.2842,-0.075937,0.000828,-0.429939,0.46292,28,1169.6,2,13,15.75
LLY,2026-10-09,2026-11-06,965.0,P,2.49,12.45,7.47,53.1133,-0.080492,0.000868,-0.447725,0.483834,28,1169.6,1,15,15.75
LLY,2026-10-09,2026-11-06,970.0,P,1.18,8.6,4.89,54.102,-0.089414,0.000922,-0.493323,0.523505,28,1169.6,0,3,15.75
LLY,2026-10-09,2026-11-06,980.0,P,3.4,19.55,11.475,56.5648,-0.109902,0.001026,-0.59949,0.608742,28,1169.6,4,2,15.75
LLY,2026-10-09,2026-11-06,985.0,P,1.97,8.5,5.235,50.6047,-0.093789,0.001021,-0.477122,0.542371,28,1169.6,1,5,15.75
LLY,2026-10-09,2026-11-06,990.0,P,3.3,11.25,7.275,53.8915,-0.112697,0.001096,-0.580717,0.619782,28,1169.6,3,15,15.75
LLY,2026-10-09,2026-11-06,995.0,P,4.8,13.95,9.375,56.6029,-0.129357,0.00115,-0.672124,0.68294,28,1169.6,6,7,15.75
LLY,2026-10-09,2026-11-06,1000.0,P,4.4,9.5,6.95,48.908,-0.106173,0.001157,-0.503895,0.593797,28,1169.6,40,48,15.75
LLY,2026-10-09,2026-11-06,1005.0,P,4.6,12.5,8.55,52.1916,-0.126523,0.001228,-0.609124,0.672508,28,1169.6,74,2,15.75
LLY,2026-10-09,2026-11-06,1010.0,P,3.1,14.2,8.65,53.304,-0.138173,0.001278,-0.660868,0.714607,28,1169.6,9,38,15.75
LLY,2026-10-09,2026-11-06,1015.0,P,4.5,14.55,9.525,52.5456,-0.142709,0.001325,-0.665434,0.730452,28,1169.6,9,5,15.75
LLY,2026-10-09,2026-11-06,1020.0,P,6.7,13.4,10.05,49.8357,-0.139404,0.001375,-0.620385,0.718934,28,1169.6,35,17,15.75
LLY,2026-10-09,2026-11-06,1025.0,P,5.65,15.75,10.7,51.5966,-0.154667,0.001424,-0.688578,0.770824,28,1169.6,8,3,15.75
LLY,2026-10-09,2026-11-06,1030.0,P,6.45,16.1,11.275,50.7787,-0.159598,0.001477,-0.691221,0.786899,28,1169.6,17,46,15.75
LLY,2026-10-09,2026-11-06,1035.0,P,7.0,15.8,11.4,49.1735,-0.161441,0.001536,-0.67366,0.792823,28,1169.6,3,21,15.75
LLY,2026-10-09,2026-11-06,1040.0,P,9.5,17.8,13.65,50.2446,-0.174693,0.001582,-0.723949,0.834117,28,1169.6,18,30,15.75
LLY,2026-10-09,2026-11-06,1045.0,P,9.35,18.75,14.05,50.028,-0.182834,0.001635,-0.741245,0.858382,28,1169.6,2,22,15.75
LLY,2026-10-09,2026-11-06,1050.0,P,10.2,19.6,14.9,49.6587,-0.19062,0.00169,-0.754394,0.880832,28,1169.6,5,18,15.75
LLY,2026-10-09,2026-11-06,1055.0,P,11.75,20.95,16.35,49.7792,-0.200631,0.001739,-0.779567,0.908637,28,1169.6,1,12,15.75
LLY,2026-10-09,2026-11-06,1060.0,P,13.65,21.7,17.675,49.2223,-0.208213,0.001798,-0.787303,0.928926,28,1169.6,55,38,15.75
LLY,2026-10-09,2026-11-06,1065.0,P,14.35,22.4,18.375,48.5845,-0.215771,0.00186,-0.792653,0.948501,28,1169.6,10,8,15.75
LLY,2026-10-09,2026-11-06,1070.0,P,14.65,23.95,19.3,48.7584,-0.226764,0.001907,-0.817823,0.975849,28,1169.6,30,20,15.75
LLY,2026-10-09,2026-11-06,1075.0,P,15.5,27.25,21.375,50.5361,-0.243618,0.001914,-0.881837,1.015266,28,1169.6,12,18,15.75
LLY,2026-10-09,2026-11-06,1080.0,P,16.05,26.05,21.05,47.9772,-0.245234,0.002024,-0.838467,1.018888,28,1169.6,100,54,15.75
LLY,2026-10-09,2026-11-06,1085.0,P,19.35,28.15,23.75,48.4991,-0.258105,0.002057,-0.87024,1.046795,28,1169.6,45,51,15.75
LLY,2026-10-09,2026-11-06,1090.0,P,19.25,29.6,24.425,48.3587,-0.268827,0.002106,-0.88505,1.06877,28,1169.6,9,24,15.75
LLY,2026-10-09,2026-11-06,1095.0,P,20.9,30.75,25.825,47.9024,-0.278779,0.002165,-0.891516,1.088159,28,1169.6,1,21,15.75
LLY,2026-10-09,2026-11-06,1100.0,P,23.1,28.45,25.775,44.3762,-0.278987,0.002338,-0.823528,1.088554,28,1169.6,4,27,15.75
LLY,2026-10-09,2026-11-06,1105.0,P,23.45,34.1,28.775,47.7788,-0.301898,0.002253,-0.921066,1.129538,28,1169.6,1,15,15.75
LLY,2026-10-09,2026-11-06,1110.0,P,25.2,34.9,30.05,46.9015,-0.311555,0.002327,-0.915268,1.145339,28,1169.6,41,28,15.75
LLY,2026-10-09,2026-11-06,1115.0,P,27.25,36.6,31.925,46.7458,-0.323498,0.002372,-0.925685,1.163703,28,1169.6,24,48,15.75
LLY,2026-10-09,2026-11-06,1120.0,P,29.3,38.45,33.875,46.665,-0.335822,0.002412,-0.936877,1.181305,28,1169.6,21,7,15.75
LLY,2026-10-09,2026-11-06,1125.0,P,29.25,42.65,35.95,48.438,-0.351975,0.002365,-0.989924,1.202333,28,1169.6,4,18,15.75
LLY,2026-10-09,2026-11-06,1130.0,P,31.95,44.7,38.325,48.3953,-0.364248,0.002396,-0.999687,1.216786,28,1169.6,6,4,15.75
LLY,2026-10-09,2026-11-06,1135.0,P,34.35,46.3,40.325,47.9467,-0.376047,0.002444,-0.999086,1.229456,28,1169.6,14,4,15.75
LLY,2026-10-09,2026-11-06,1140.0,P,38.25,46.35,42.3,46.2362,-0.386514,0.002555,-0.968631,1.239701,28,1169.6,12,26,15.75
LLY,2026-10-09,2026-11-06,1145.0,P,38.45,48.45,43.45,46.1019,-0.399512,0.002586,-0.97316,1.251132,28,1169.6,3,4,15.75
LLY,2026-10-09,2026-11-06,1150.0,P,41.85,50.7,46.275,46.0348,-0.412694,0.002611,-0.978049,1.261277,28,1169.6,27,84,15.75
LLY,2026-10-09,2026-11-06,1155.0,P,43.15,52.95,48.05,45.9173,-0.425929,0.002636,-0.980606,1.27001,28,1169.6,27,111,15.75
LLY,2026-10-09,2026-11-06,1160.0,P,46.2,55.4,50.8,45.9036,-0.439282,0.002652,-0.984319,1.277353,28,1169.6,10,32,15.75
LLY,2026-10-09,2026-11-06,1165.0,P,46.95,57.8,52.375,45.7998,-0.452661,0.00267,-0.984775,1.28324,28,1169.6,4,18,15.75
LLY,2026-10-09,2026-11-06,1170.0,P,51.2,60.3,55.75,45.7235,-0.466087,0.002684,-0.984639,1.287677,28,1169.6,3,13,15.75
LLY,2026-10-09,2026-11-06,1175.0,P,52.9,65.55,59.225,47.6888,-0.478209,0.002579,-1.030026,1.290421,28,1169.6,22,48,15.75
LLY,2026-10-09,2026-11-06,1180.0,P,55.45,66.35,60.9,46.2179,-0.49239,0.002664,-0.995605,1.292114,28,1169.6,2,29,15.75
LLY,2026-10-09,2026-11-06,1185.0,P,58.15,68.25,63.2,45.5358,-0.506409,0.002704,-0.977901,1.292183,28,1169.6,18,33,15.75
LLY,2026-10-09,2026-11-06,1190.0,P,59.7,71.05,65.375,45.4885,-0.519793,0.002704,-0.973615,1.290759,28,1169.6,14,63,15.75
LLY,2026-10-09,2026-11-06,1195.0,P,63.25,76.25,69.75,47.2265,-0.529947,0.0026,-1.010061,1.288707,28,1169.6,12,112,15.75
LLY,2026-10-09,2026-11-06,1200.0,P,66.1,77.7,71.9,46.0531,-0.545015,0.002657,-0.977172,1.284114,28,1169.6,4,154,15.75
LLY,2026-10-09,2026-11-06,1205.0,P,69.2,80.7,74.95,46.0149,-0.558001,0.002648,-0.969813,1.278667,28,1169.6,4,38,15.75
LLY,2026-10-09,2026-11-06,1210.0,P,72.8,83.95,78.375,46.1233,-0.57051,0.002628,-0.964912,1.272111,28,1169.6,4,185,15.75
LLY,2026-10-09,2026-11-06,1220.0,P,78.6,87.95,83.275,44.2343,-0.601713,0.002693,-0.900147,1.250115,28,1169.6,2,2,15.75
LLY,2026-10-09,2026-11-06,1230.0,P,85.9,96.6,91.25,45.8212,-0.621286,0.002562,-0.917396,1.232155,28,1169.6,3,5,15.75
LLY,2026-10-09,2026-11-06,1260.0,P,106.3,115.8,111.05,44.0435,-0.699823,0.002438,-0.783012,1.126631,28,1169.6,0,3,15.75
LLY,2026-10-09,2026-11-06,1285.0,P,124.0,134.25,129.125,43.2547,-0.757925,0.002229,-0.668876,1.011779,28,1169.6,1,3,15.75
LLY,2026-10-09,2026-11-06,1300.0,P,136.0,149.95,142.975,46.874,-0.76589,0.00202,-0.716126,0.993398,28,1169.6,0,1,15.75
LLY,2026-10-09,2026-11-06,1320.0,P,153.7,167.05,160.375,47.5866,-0.796276,0.001836,-0.658021,0.916992,28,1169.6,1,2,15.75
LLY,2026-10-09,2026-11-06,1340.0,P,169.05,186.55,177.8,50.5407,-0.810424,0.001655,-0.667102,0.877865,28,1169.6,0,1,15.75
LLY,2026-10-09,2026-11-13,1135.0,C,73.15,85.15,79.15,46.0462,0.621371,0.002281,-0.977018,1.377496,35,1169.6,3,1,15.75
LLY,2026-10-09,2026-11-13,1140.0,C,68.0,79.8,73.9,44.2068,0.611803,0.002393,-0.946663,1.387772,35,1169.6,7,2,15.75
LLY,2026-10-09,2026-11-13,1145.0,C,66.5,77.15,71.825,44.2404,0.599465,0.002412,-0.953597,1.399746,35,1169.6,2,4,15.75
LLY,2026-10-09,2026-11-13,1155.0,C,60.0,72.65,66.325,44.7302,0.574536,0.002419,-0.973359,1.419599,35,1169.6,8,1,15.75
LLY,2026-10-09,2026-11-13,1160.0,C,56.9,68.5,62.7,43.6003,0.562482,0.002495,-0.954038,1.427133,35,1169.6,5,6,15.75
LLY,2026-10-09,2026-11-13,1185.0,C,47.25,57.45,52.35,44.0039,0.500233,0.002503,-0.966616,1.444891,35,1169.6,26,3,15.75
LLY,2026-10-09,2026-11-13,1190.0,C,45.0,55.9,50.45,44.4097,0.488517,0.002479,-0.973275,1.444292,35,1169.6,3,38,15.75
LLY,2026-10-09,2026-11-13,1195.0,C,43.0,53.3,48.15,44.0588,0.475744,0.002495,-0.963366,1.442219,35,1169.6,6,15,15.75
LLY,2026-10-09,2026-11-13,1200.0,C,40.0,50.0,45.0,43.1837,0.461747,0.002539,-0.94144,1.438243,35,1169.6,5,32,15.75
LLY,2026-10-09,2026-11-13,1205.0,C,37.0,48.55,42.775,43.5385,0.450263,0.00251,-0.944548,1.433647,35,1169.6,2,4,15.75
LLY,2026-10-09,2026-11-13,1210.0,C,36.7,46.65,41.675,43.543,0.438143,0.002499,-0.939455,1.427487,35,1169.6,2,10,15.75
LLY,2026-10-09,2026-11-13,1215.0,C,32.0,44.75,38.375,43.508,0.426018,0.002488,-0.932714,1.419974,35,1169.6,12,7,15.75
LLY,2026-10-09,2026-11-13,1220.0,C,34.2,42.6,38.4,43.2577,0.413311,0.002486,-0.920467,1.410642,35,1169.6,2,5,15.75
LLY,2026-10-09,2026-11-13,1225.0,C,30.15,41.0,35.575,43.3538,0.401789,0.002463,-0.915049,1.400883,35,1169.6,21,23,15.75
LLY,2026-10-09,2026-11-13,1230.0,C,29.35,39.55,34.45,43.5186,0.3907,0.002436,-0.910507,1.390318,35,1169.6,10,3,15.75
LLY,2026-10-09,2026-11-13,1245.0,C,24.7,34.9,29.8,43.5766,0.356894,0.002363,-0.883269,1.350902,35,1169.6,7,2,15.75
LLY,2026-10-09,2026-11-13,1250.0,C,23.25,33.75,28.5,43.8177,0.346957,0.002327,-0.878201,1.33722,35,1169.6,2,5,15.75
LLY,2026-10-09,2026-11-13,1300.0,C,12.0,18.95,15.475,41.5228,0.233419,0.002036,-0.685847,1.108834,35,1169.6,21,8,15.75
LLY,2026-10-09,2026-11-13,1340.0,C,7.9,15.4,11.65,44.5867,0.18728,0.001666,-0.643016,0.974134,35,1169.6,3,17,15.75
LLY,2026-10-09,2026-11-13,1360.0,C,3.85,12.9,8.375,44.8583,0.161478,0.001507,-0.587599,0.886534,35,1169.6,4,26,15.75
LLY,2026-10-09,2026-11-13,1400.0,C,2.38,10.2,6.29,47.0129,0.12804,0.001229,-0.524636,0.758147,35,1169.6,2,10,15.75
LLY,2026-10-09,2026-11-13,1540.0,C,0.24,1.45,0.845,43.2867,0.0252,0.000375,-0.134882,0.213098,35,1169.6,6,80,15.75
LLY,2026-10-09,2026-11-13,1560.0,C,0.01,1.21,0.61,43.7506,0.021198,0.000321,-0.117752,0.184218,35,1169.6,36,125,15.75
LLY,2026-10-09,2026-11-13,1580.0,C,0.0,1.22,0.61,45.4046,0.020613,0.000302,-0.119231,0.179905,35,1169.6,1,7,15.75
LLY,2026-10-09,2026-11-13,960.0,P,1.72,13.05,7.385,57.2087,-0.110246,0.000909,-0.54187,0.682119,35,1169.6,2,3,15.75
LLY,2026-10-09,2026-11-13,965.0,P,0.9,13.15,7.025,56.2657,-0.112566,0.000938,-0.540604,0.692362,35,1169.6,1,1,15.75
LLY,2026-10-09,2026-11-13,980.0,P,3.8,10.0,6.9,48.673,-0.101237,0.001005,-0.431831,0.641347,35,1169.6,3,2,15.75
LLY,2026-10-09,2026-11-13,990.0,P,5.25,10.1,7.675,46.7748,-0.105619,0.001078,-0.42725,0.661381,35,1169.6,3,1,15.75
LLY,2026-10-09,2026-11-13,1000.0,P,6.5,10.65,8.575,45.4839,-0.113094,0.001164,-0.435666,0.694681,35,1169.6,7,6,15.75
LLY,2026-10-09,2026-11-13,1015.0,P,5.75,15.4,10.575,48.1389,-0.14649,0.001316,-0.551067,0.831184,35,1169.6,24,25,15.75
LLY,2026-10-09,2026-11-13,1020.0,P,8.6,17.25,12.925,49.0758,-0.158155,0.001359,-0.590895,0.874558,35,1169.6,5,7,15.75
LLY,2026-10-09,2026-11-13,1025.0,P,8.0,15.15,11.575,45.6442,-0.151087,0.001417,-0.532184,0.848526,35,1169.6,3,20,15.75
LLY,2026-10-09,2026-11-13,1030.0,P,7.8,16.4,12.1,45.899,-0.160451,0.001466,-0.556436,0.882851,35,1169.6,10,12,15.75
LLY,2026-10-09,2026-11-13,1050.0,P,12.3,22.0,17.15,46.8694,-0.199748,0.001648,-0.650273,1.013199,35,1169.6,7,41,15.75
LLY,2026-10-09,2026-11-13,1080.0,P,18.4,28.75,23.575,45.3283,-0.252829,0.001947,-0.714008,1.157789,35,1169.6,2,2,15.75
LLY,2026-10-09,2026-11-13,1110.0,P,27.2,38.1,32.65,44.515,-0.31687,0.002209,-0.775246,1.289845,35,1169.6,3,11,15.75
LLY,2026-10-09,2026-11-13,1140.0,P,40.9,50.7,45.8,44.5669,-0.388651,0.002375,-0.828199,1.388238,35,1169.6,3,11,15.75
LLY,2026-10-09,2026-11-13,1150.0,P,44.4,54.75,49.575,44.1343,-0.412796,0.002436,-0.829925,1.410233,35,1169.6,23,29,15.75
LLY,2026-10-09,2026-11-13,1160.0,P,49.5,61.95,55.725,45.7067,-0.437863,0.002381,-0.868741,1.427329,35,1169.6,1,11,15.75
LLY,2026-10-09,2026-11-13,1165.0,P,51.15,61.05,56.1,43.3355,-0.450122,0.002522,-0.822776,1.433583,35,1169.6,1,3,15.75
LLY,2026-10-09,2026-11-13,1175.0,P,56.0,66.5,61.25,43.4515,-0.475339,0.00253,-0.8266,1.442129,35,1169.6,4,5,15.75
LLY,2026-10-09,2026-11-20,540.0,C,611.65,627.4,619.525,0.001,1.0,0.0,-0.059537,0.0,42,1169.6,0,1,15.75
LLY,2026-10-09,2026-11-20,560.0,C,592.55,608.0,600.275,0.001,1.0,0.0,-0.061742,0.0,42,1169.6,0,1,15.75
LLY,2026-10-09,2026-11-20,640.0,C,495.45,507.6,501.525,0.001,1.0,0.0,-0.070562,0.0,42,1169.6,1,1,15.75
LLY,2026-10-09,2026-11-20,670.0,C,576.3,594.15,585.225,219.608,0.870046,0.000243,-2.241633,0.839097,42,1169.6,1,1,15.75
LLY,2026-10-09,2026-11-20,680.0,C,484.45,497.2,490.825,73.1448,0.990058,9.1e-05,-0.165174,0.105203,42,1169.6,1,1,15.75
LLY,2026-10-09,2026-11-20,700.0,C,464.55,479.45,472.0,77.2219,0.982502,0.000141,-0.232286,0.171444,42,1169.6,2,4,15.75
LLY,2026-10-09,2026-11-20,720.0,C,441.8,453.15,447.475,78.6745,0.975512,0.000184,-0.289299,0.227888,42,1169.6,0,1,15.75
LLY,2026-10-09,2026-11-20,740.0,C,401.25,414.15,407.7,0.001,1.0,0.0,-0.081587,0.0,42,1169.6,1,3,15.75
LLY,2026-10-09,2026-11-20,750.0,C,414.85,429.75,422.3,69.4461,0.978502,0.000187,-0.248469,0.20421,42,1169.6,1,1,15.75
LLY,2026-10-09,2026-11-20,760.0,C,404.0,419.9,411.95,66.0526,0.980148,0.000184,-0.231099,0.190894,42,1169.6,1,33,15.75
LLY,2026-10-09,2026-11-20,770.0,C,394.85,407.35,401.1,59.7904,0.985571,0.000154,-0.186317,0.145316,42,1169.6,0,2,15.75
LLY,2026-10-09,2026-11-20,790.0,C,375.2,389.75,382.475,63.0741,0.975157,0.000232,-0.256801,0.230662,42,1169.6,0,1,15.75
LLY,2026-10-09,2026-11-20,800.0,C,365.3,380.4,372.85,62.7384,0.97212,0.000257,-0.273984,0.254003,42,1169.6,2,15,15.75
LLY,2026-10-09,2026-11-20,810.0,C,361.0,371.65,366.325,70.8133,0.95243,0.000353,-0.413954,0.393214,42,1169.6,2,1,15.75
LLY,2026-10-09,2026-11-20,820.0,C,427.55,441.45,434.5,162.4636,0.823389,0.000402,-2.04804,1.028672,42,1169.6,1,3,15.75
LLY,2026-10-09,2026-11-20,830.0,C,335.7,348.85,342.275,55.4936,0.973864,0.000276,-0.246859,0.240668,42,1169.6,1,16,15.75
LLY,2026-10-09,2026-11-20,840.0,C,325.9,340.45,333.175,56.8791,0.966835,0.000328,-0.286562,0.293289,42,1169.6,1,17,15.75
LLY,2026-10-09,2026-11-20,850.0,C,316.1,331.3,323.7,56.7143,0.962417,0.000364,-0.307853,0.324969,42,1169.6,1,20,15.75
LLY,2026-10-09,2026-11-20,860.0,C,395.1,408.65,401.875,155.6597,0.803767,0.000448,-2.094384,1.098067,42,1169.6,1,6,15.75
LLY,2026-10-09,2026-11-20,880.0,C,286.85,299.55,293.2,50.208,0.962697,0.000409,-0.284894,0.322987,42,1169.6,1,39,15.75
LLY,2026-10-09,2026-11-20,890.0,C,277.15,292.35,284.75,52.4144,0.950693,0.00049,-0.34373,0.404659,42,1169.6,1,5,15.75
LLY,2026-10-09,2026-11-20,900.0,C,267.5,282.25,274.875,50.9526,0.948377,0.000523,-0.346621,0.419731,42,1169.6,1,17,15.75
LLY,2026-10-09,2026-11-20,910.0,C,258.0,273.15,265.575,50.6719,0.942153,0.000576,-0.36929,0.459263,42,1169.6,2,14,15.75
LLY,2026-10-09,2026-11-20,920.0,C,248.45,260.85,254.65,57.7519,0.911011,0.000703,-0.528022,0.638891,42,1169.6,3,18,15.75
LLY,2026-10-09,2026-11-20,930.0,C,238.95,251.3,245.125,56.4396,0.90614,0.000748,-0.535763,0.664634,42,1169.6,2,7,15.75
LLY,2026-10-09,2026-11-20,940.0,C,229.55,244.35,236.95,58.5087,0.889482,0.000813,-0.60921,0.748549,42,1169.6,1,21,15.75
LLY,2026-10-09,2026-11-20,950.0,C,220.2,233.35,226.775,55.2159,0.890418,0.000856,-0.578201,0.743992,42,1169.6,1,15,15.75
LLY,2026-10-09,2026-11-20,960.0,C,210.2,223.45,216.825,53.3345,0.886424,0.000909,-0.574371,0.763297,42,1169.6,1,33,15.75
LLY,2026-10-09,2026-11-20,980.0,C,192.0,206.5,199.25,52.8172,0.864923,0.001037,-0.63068,0.861753,42,1169.6,1,38,15.75
LLY,2026-10-09,2026-11-20,990.0,C,183.8,195.8,189.8,49.9852,0.863336,0.001104,-0.606718,0.868674,42,1169.6,15,70,15.75
LLY,2026-10-09,2026-11-20,1000.0,C,175.3,186.35,180.825,48.5189,0.855978,0.001179,-0.609838,0.900167,42,1169.6,1,209,15.75
LLY,2026-10-09,2026-11-20,1010.0,C,166.7,179.45,173.075,49.5641,0.837526,0.00125,-0.663609,0.975046,42,1169.6,2,11,15.75
LLY,2026-10-09,2026-11-20,1020.0,C,157.55,170.2,163.875,48.1389,0.828497,0.001332,-0.666757,1.009658,42,1169.6,3,5,15.75
LLY,2026-10-09,2026-11-20,1030.0,C,149.2,161.65,155.425,47.3089,0.816272,0.001416,-0.681406,1.054505,42,1169.6,2,14,15.75
LLY,2026-10-09,2026-11-20,1040.0,C,141.9,155.7,148.8,48.6303,0.794635,0.001474,-0.73868,1.128457,42,1169.6,16,23,15.75
LLY,2026-10-09,2026-11-20,1050.0,C,136.5,145.7,141.1,46.3491,0.78649,0.001583,-0.722499,1.15458,42,1169.6,5,61,15.75
LLY,2026-10-09,2026-11-20,1060.0,C,128.85,139.1,133.975,46.7886,0.766878,0.001648,-0.759733,1.213808,42,1169.6,1,22,15.75
LLY,2026-10-09,2026-11-20,1070.0,C,118.4,131.8,125.1,46.5017,0.749398,0.001725,-0.781032,1.262383,42,1169.6,3,32,15.75
LLY,2026-10-09,2026-11-20,1080.0,C,111.25,123.05,117.15,45.0048,0.735283,0.001833,-0.777201,1.298818,42,1169.6,6,39,15.75
LLY,2026-10-09,2026-11-20,1090.0,C,103.8,115.6,109.7,44.3823,0.717134,0.001921,-0.788942,1.342129,42,1169.6,1,31,15.75
LLY,2026-10-09,2026-11-20,1100.0,C,98.0,108.1,103.05,43.6056,0.69853,0.002014,-0.795924,1.382511,42,1169.6,9,96,15.75
LLY,2026-10-09,2026-11-20,1110.0,C,91.55,101.65,96.6,43.4332,0.677326,0.002082,-0.812383,1.42374,42,1169.6,2,40,15.75
LLY,2026-10-09,2026-11-20,1120.0,C,85.3,96.05,90.675,43.6819,0.654658,0.002127,-0.834356,1.462316,42,1169.6,2,84,15.75
LLY,2026-10-09,2026-11-20,1130.0,C,79.35,89.3,84.325,43.0151,0.63341,0.002206,-0.836696,1.49345,42,1169.6,11,435,15.75
LLY,2026-10-09,2026-11-20,1140.0,C,73.35,84.0,78.675,43.1539,0.610293,0.00224,-0.851394,1.521918,42,1169.6,30,121,15.75
LLY,2026-10-09,2026-11-20,1150.0,C,68.2,78.95,73.575,43.2989,0.587132,0.002267,-0.863436,1.544895,42,1169.6,78,156,15.75
LLY,2026-10-09,2026-11-20,1160.0,C,63.0,72.45,67.725,42.3803,0.564178,0.002342,-0.853066,1.562273,42,1169.6,40,165,15.75
LLY,2026-10-09,2026-11-20,1170.0,C,63.55,67.0,65.275,41.9851,0.540413,0.002383,-0.849448,1.57467,42,1169.6,53,151,15.75
LLY,2026-10-09,2026-11-20,1180.0,C,58.85,64.05,61.45,43.0059,0.517607,0.002336,-0.869343,1.581257,42,1169.6,55,145,15.75
LLY,2026-10-09,2026-11-20,1190.0,C,54.7,59.45,57.075,42.8534,0.494309,0.002346,-0.864677,1.582637,42,1169.6,36,278,15.75
LLY,2026-10-09,2026-11-20,1200.0,C,46.3,52.95,49.625,41.3664,0.468298,0.002423,-0.831638,1.577799,42,1169.6,176,300,15.75
LLY,2026-10-09,2026-11-20,1210.0,C,42.65,49.15,45.9,41.4259,0.445006,0.002404,-0.825208,1.567736,42,1169.6,18,63,15.75
LLY,2026-10-09,2026-11-20,1220.0,C,35.0,48.55,41.775,43.3905,0.428014,0.00228,-0.854185,1.556961,42,1169.6,22,275,15.75
LLY,2026-10-09,2026-11-20,1230.0,C,35.2,43.1,39.15,42.1286,0.401938,0.002314,-0.816885,1.534738,42,1169.6,18,38,15.75
LLY,2026-10-09,2026-11-20,1240.0,C,32.45,36.95,34.7,40.2212,0.372181,0.002371,-0.762644,1.500847,42,1169.6,31,1010,15.75
LLY,2026-10-09,2026-11-20,1250.0,C,27.15,35.7,31.425,41.4145,0.355739,0.002267,-0.770792,1.478151,42,1169.6,28,127,15.75
LLY,2026-10-09,2026-11-20,1260.0,C,24.25,35.2,29.725,43.0349,0.342689,0.002152,-0.787404,1.45809,42,1169.6,40,943,15.75
LLY,2026-10-09,2026-11-20,1270.0,C,21.6,31.45,26.525,42.3147,0.319332,0.002128,-0.751891,1.417575,42,1169.6,13,56,15.75
LLY,2026-10-09,2026-11-20,1280.0,C,19.95,27.25,23.6,41.0925,0.293218,0.00211,-0.702681,1.365093,42,1169.6,84,495,15.75
LLY,2026-10-09,2026-11-20,1300.0,C,16.0,24.15,20.075,42.1423,0.262585,0.00195,-0.6802,1.293473,42,1169.6,120,870,15.75
LLY,2026-10-09,2026-11-20,1320.0,C,12.1,20.8,16.45,42.6199,0.232003,0.001804,-0.641909,1.210565,42,1169.6,67,915,15.75
LLY,2026-10-09,2026-11-20,1340.0,C,12.0,17.25,14.625,42.4978,0.200707,0.001664,-0.587191,1.113102,42,1169.6,224,298,15.75
LLY,2026-10-09,2026-11-20,1360.0,C,7.65,13.1,10.375,41.2512,0.164874,0.001516,-0.503282,0.984373,42,1169.6,19,606,15.75
LLY,2026-10-09,2026-11-20,1380.0,C,7.05,9.2,8.125,39.4293,0.128161,0.001339,-0.405648,0.831051,42,1169.6,3,185,15.75
LLY,2026-10-09,2026-11-20,1400.0,C,5.85,8.35,7.1,40.6988,0.115127,0.001203,-0.387381,0.770704,42,1169.6,115,465,15.75
LLY,2026-10-09,2026-11-20,1420.0,C,4.5,6.8,5.65,40.7629,0.096769,0.001059,-0.341625,0.67974,42,1169.6,3,640,15.75
LLY,2026-10-09,2026-11-20,1440.0,C,2.3,6.8,4.55,42.893,0.092636,0.000975,-0.347342,0.658222,42,1169.6,7,232,15.75
LLY,2026-10-09,2026-11-20,1460.0,C,2.25,4.8,3.525,41.5442,0.07075,0.000821,-0.274252,0.537087,42,1169.6,3,1153,15.75
LLY,2026-10-09,2026-11-20,1480.0,C,1.5,9.1,5.3,50.4369,0.10329,0.000898,-0.440413,0.712894,42,1169.6,13,80,15.75
LLY,2026-10-09,2026-11-20,1500.0,C,0.93,4.15,2.54,44.01,0.059288,0.000676,-0.252529,0.46822,42,1169.6,14,382,15.75
LLY,2026-10-09,2026-11-20,1520.0,C,0.96,2.92,1.94,42.835,0.04468,0.000555,-0.196134,0.373912,42,1169.6,48,139,15.75
LLY,2026-10-09,2026-11-20,1540.0,C,0.59,2.45,1.52,43.1585,0.038011,0.000483,-0.173168,0.327988,42,1169.6,5,100,15.75
LLY,2026-10-09,2026-11-20,1560.0,C,0.36,2.17,1.265,43.8665,0.033629,0.00043,-0.15904,0.296666,42,1169.6,38,156,15.75
LLY,2026-10-09,2026-11-20,1580.0,C,0.29,1.25,0.77,41.6937,0.02154,0.000312,-0.104179,0.204548,42,1169.6,23,61,15.75
LLY,2026-10-09,2026-11-20,1600.0,C,0.19,1.4,0.795,43.8604,0.022729,0.00031,-0.114552,0.214044,42,1169.6,72,92,15.75
LLY,2026-10-09,2026-11-20,1620.0,C,0.09,2.43,1.26,49.3841,0.033393,0.000379,-0.177461,0.294951,42,1169.6,12,28,15.75
LLY,2026-10-09,2026-11-20,1640.0,C,0.0,2.02,1.01,49.3902,0.028319,0.000331,-0.154749,0.257327,42,1169.6,14,46,15.75
LLY,2026-10-09,2026-11-20,1660.0,C,0.01,4.9,2.455,52.4419,0.031922,0.000344,-0.18129,0.284194,42,1169.6,2,22,15.75
LLY,2026-10-09,2026-11-20,1680.0,C,0.0,1.99,0.995,52.1245,0.026596,0.000298,-0.154763,0.244205,42,1169.6,20,26,15.75
LLY,2026-10-09,2026-11-20,1700.0,C,0.0,2.23,1.115,54.4682,0.028296,0.0003,-0.170171,0.257158,42,1169.6,2,28,15.75
LLY,2026-10-09,2026-11-20,1720.0,C,0.0,1.69,0.845,53.5527,0.022399,0.000251,-0.137502,0.211416,42,1169.6,3,35,15.75
LLY,2026-10-09,2026-11-20,1740.0,C,0.01,1.96,0.985,50.916,0.014387,0.000181,-0.089618,0.144952,42,1169.6,1,18,15.75
LLY,2026-10-09,2026-11-20,1760.0,C,0.0,2.75,1.375,54.5537,0.018282,0.000207,-0.117805,0.177976,42,1169.6,20,41,15.75
LLY,2026-10-09,2026-11-20,1800.0,C,0.0,0.75,0.375,52.7104,0.010845,0.000137,-0.072539,0.11349,42,1169.6,3,157,15.75
LLY,2026-10-09,2026-11-20,1820.0,C,0.01,4.9,2.455,63.3732,0.026943,0.000247,-0.189466,0.24686,42,1169.6,6,13,15.75
LLY,2026-10-09,2026-11-20,1840.0,C,0.01,1.46,0.735,54.8588,0.010257,0.000125,-0.071854,0.10811,42,1169.6,3,109,15.75
LLY,2026-10-09,2026-11-20,490.0,P,0.0,1.43,0.715,105.2251,-0.004283,3e-05,-0.061969,0.049967,42,1169.6,15,19,15.75
LLY,2026-10-09,2026-11-20,500.0,P,0.0,4.9,2.45,121.851,-0.011487,6.2e-05,-0.171333,0.119305,42,1169.6,10,8,15.75
LLY,2026-10-09,2026-11-20,540.0,P,0.0,1.27,0.635,92.92,-0.004342,3.5e-05,-0.055326,0.050578,42,1169.6,1,158,15.75
LLY,2026-10-09,2026-11-20,580.0,P,0.0,10.0,5.0,115.6742,-0.022992,0.000119,-0.294138,0.216125,42,1169.6,201,97,15.75
LLY,2026-10-09,2026-11-20,600.0,P,0.0,0.8,0.4,76.8557,-0.00338,3.3e-05,-0.036495,0.040407,42,1169.6,1,52,15.75
LLY,2026-10-09,2026-11-20,620.0,P,0.0,10.0,5.0,105.9331,-0.025063,0.000139,-0.289294,0.23237,42,1169.6,2,13,15.75
LLY,2026-10-09,2026-11-20,640.0,P,0.0,4.9,2.45,89.3922,-0.015567,0.00011,-0.162815,0.155116,42,1169.6,1,36,15.75
LLY,2026-10-09,2026-11-20,650.0,P,0.0,4.9,2.45,87.3414,-0.015913,0.000115,-0.162052,0.158067,42,1169.6,5,16,15.75
LLY,2026-10-09,2026-11-20,660.0,P,0.0,0.08,0.04,53.5161,-0.000541,9e-06,-0.004759,0.007585,42,1169.6,9,38,15.75
LLY,2026-10-09,2026-11-20,680.0,P,0.0,4.9,2.45,81.3723,-0.01702,0.000131,-0.15975,0.167433,42,1169.6,1,35,15.75
LLY,2026-10-09,2026-11-20,690.0,P,0.0,4.9,2.45,79.4436,-0.017418,0.000137,-0.159012,0.170772,42,1169.6,1,33,15.75
LLY,2026-10-09,2026-11-20,700.0,P,0.0,1.53,0.765,65.3568,-0.007197,7.7e-05,-0.060642,0.079231,42,1169.6,1,309,15.75
LLY,2026-10-09,2026-11-20,710.0,P,0.0,4.9,2.45,75.6472,-0.018236,0.000149,-0.157333,0.177595,42,1169.6,2,42,15.75
LLY,2026-10-09,2026-11-20,720.0,P,0.0,4.9,2.45,73.7796,-0.018659,0.000156,-0.156404,0.181095,42,1169.6,2,48,15.75
LLY,2026-10-09,2026-11-20,730.0,P,0.0,4.9,2.45,71.9485,-0.019111,0.000163,-0.155592,0.184825,42,1169.6,6,121,15.75
LLY,2026-10-09,2026-11-20,740.0,P,0.0,1.72,0.86,59.8759,-0.008697,9.9e-05,-0.065502,0.093588,42,1169.6,2,68,15.75
LLY,2026-10-09,2026-11-20,750.0,P,0.0,1.31,0.655,56.226,-0.007153,8.9e-05,-0.051761,0.078806,42,1169.6,12,159,15.75
LLY,2026-10-09,2026-11-20,760.0,P,0.0,2.92,1.46,61.2431,-0.013855,0.000146,-0.100369,0.140318,42,1169.6,38,60,15.75
LLY,2026-10-09,2026-11-20,770.0,P,0.0,2.08,1.04,56.6899,-0.010891,0.000128,-0.075365,0.113909,42,1169.6,1,34,15.75
LLY,2026-10-09,2026-11-20,780.0,P,0.0,1.56,0.78,52.979,-0.008894,0.000114,-0.058967,0.095438,42,1169.6,5,15,15.75
LLY,2026-10-09,2026-11-20,790.0,P,0.0,1.86,0.93,52.7471,-0.010487,0.000133,-0.067766,0.110221,42,1169.6,2,63,15.75
LLY,2026-10-09,2026-11-20,800.0,P,0.0,1.79,0.895,50.9771,-0.010451,0.000137,-0.065251,0.10989,42,1169.6,2,275,15.75
LLY,2026-10-09,2026-11-20,810.0,P,0.0,1.92,0.96,55.6157,-0.019398,0.000214,-0.121233,0.187181,42,1169.6,2,73,15.75
LLY,2026-10-09,2026-11-20,820.0,P,0.06,1.8,0.93,53.4306,-0.018967,0.000218,-0.114175,0.183633,42,1169.6,3,205,15.75
LLY,2026-10-09,2026-11-20,830.0,P,0.35,1.38,0.865,49.6831,-0.015896,0.000202,-0.091215,0.157922,42,1169.6,3,282,15.75
LLY,2026-10-09,2026-11-20,840.0,P,0.12,2.0,1.06,51.1846,-0.021688,0.000255,-0.12236,0.205734,42,1169.6,2,137,15.75
LLY,2026-10-09,2026-11-20,850.0,P,0.53,2.05,1.29,49.8296,-0.022732,0.000273,-0.123843,0.214064,42,1169.6,3,346,15.75
LLY,2026-10-09,2026-11-20,860.0,P,0.81,2.31,1.56,49.2864,-0.025554,0.000304,-0.135042,0.236176,42,1169.6,4,78,15.75
LLY,2026-10-09,2026-11-20,870.0,P,0.64,2.85,1.745,49.5977,-0.030695,0.000352,-0.158197,0.27513,42,1169.6,1,103,15.75
LLY,2026-10-09,2026-11-20,880.0,P,0.95,3.25,2.1,49.2193,-0.034738,0.000393,-0.17371,0.304682,42,1169.6,3,100,15.75
LLY,2026-10-09,2026-11-20,890.0,P,1.41,2.88,2.145,46.4788,-0.032803,0.000397,-0.156293,0.290647,42,1169.6,4,325,15.75
LLY,2026-10-09,2026-11-20,900.0,P,2.45,3.65,3.05,47.0708,-0.040062,0.000462,-0.186281,0.342322,42,1169.6,8,198,15.75
LLY,2026-10-09,2026-11-20,910.0,P,2.12,4.2,3.16,46.8084,-0.045581,0.000516,-0.205419,0.379967,42,1169.6,4,114,15.75
LLY,2026-10-09,2026-11-20,920.0,P,1.79,5.25,3.52,47.4706,-0.054789,0.000589,-0.241048,0.440012,42,1169.6,7,90,15.75
LLY,2026-10-09,2026-11-20,930.0,P,2.49,4.9,3.695,45.0353,-0.053987,0.000613,-0.225696,0.434909,42,1169.6,6,138,15.75
LLY,2026-10-09,2026-11-20,940.0,P,3.05,8.15,5.6,49.2132,-0.077743,0.000745,-0.327271,0.577182,42,1169.6,10,364,15.75
LLY,2026-10-09,2026-11-20,950.0,P,3.9,6.05,4.975,43.8635,-0.066383,0.000741,-0.257816,0.511335,42,1169.6,33,261,15.75
LLY,2026-10-09,2026-11-20,960.0,P,4.1,6.2,5.15,42.4017,-0.069803,0.000796,-0.258666,0.531552,42,1169.6,22,86,15.75
LLY,2026-10-09,2026-11-20,970.0,P,5.4,7.5,6.45,42.7771,-0.081636,0.000889,-0.293681,0.598917,42,1169.6,138,118,15.75
LLY,2026-10-09,2026-11-20,980.0,P,5.75,9.25,7.5,43.5186,-0.096217,0.000988,-0.337298,0.676892,42,1169.6,30,203,15.75
LLY,2026-10-09,2026-11-20,990.0,P,7.05,9.9,8.475,42.539,-0.103887,0.001069,-0.348091,0.715884,42,1169.6,28,426,15.75
LLY,2026-10-09,2026-11-20,1000.0,P,7.6,10.9,9.25,41.9256,-0.114029,0.00116,-0.366195,0.765467,42,1169.6,163,2290,15.75
LLY,2026-10-09,2026-11-20,1010.0,P,9.75,12.85,11.3,42.2857,-0.12988,0.00126,-0.404122,0.838768,42,1169.6,19,193,15.75
LLY,2026-10-09,2026-11-20,1020.0,P,10.45,13.55,12.0,41.0895,-0.138969,0.001358,-0.410433,0.878641,42,1169.6,116,166,15.75
LLY,2026-10-09,2026-11-20,1030.0,P,10.1,17.6,13.85,43.1662,-0.165273,0.001451,-0.483452,0.985916,42,1169.6,57,180,15.75
LLY,2026-10-09,2026-11-20,1040.0,P,12.45,18.6,15.525,42.008,-0.17669,0.001556,-0.489806,1.028965,42,1169.6,45,161,15.75
LLY,2026-10-09,2026-11-20,1050.0,P,15.45,20.7,18.075,41.7532,-0.193441,0.001656,-0.513907,1.088538,42,1169.6,55,448,15.75
LLY,2026-10-09,2026-11-20,1060.0,P,17.15,26.85,22.0,44.6752,-0.224905,0.001692,-0.600806,1.189615,42,1169.6,30,180,15.75
LLY,2026-10-09,2026-11-20,1070.0,P,18.5,28.05,23.275,43.3004,-0.238523,0.001803,-0.59987,1.229233,42,1169.6,19,161,15.75
LLY,2026-10-09,2026-11-20,1080.0,P,20.95,31.75,26.35,43.7445,-0.260224,0.00187,-0.633502,1.287488,42,1169.6,18,177,15.75
LLY,2026-10-09,2026-11-20,1090.0,P,25.45,33.25,29.35,42.3971,-0.27614,0.001988,-0.630341,1.326534,42,1169.6,32,146,15.75
LLY,2026-10-09,2026-11-20,1100.0,P,29.45,35.2,32.325,41.2871,-0.294149,0.002104,-0.630211,1.367097,42,1169.6,81,369,15.75
LLY,2026-10-09,2026-11-20,1110.0,P,30.7,39.35,35.025,41.5915,-0.317669,0.002161,-0.65513,1.414461,42,1169.6,19,437,15.75
LLY,2026-10-09,2026-11-20,1120.0,P,34.65,44.95,39.8,42.6886,-0.343188,0.002171,-0.692279,1.458891,42,1169.6,48,562,15.75
LLY,2026-10-09,2026-11-20,1130.0,P,41.7,48.65,45.175,42.3368,-0.365408,0.002239,-0.699507,1.491844,42,1169.6,96,142,15.75
LLY,2026-10-09,2026-11-20,1140.0,P,45.75,51.7,48.725,41.4236,-0.387519,0.00233,-0.69372,1.519462,42,1169.6,153,236,15.75
LLY,2026-10-09,2026-11-20,1150.0,P,50.1,54.0,52.05,39.9061,-0.410253,0.002456,-0.674064,1.542576,42,1169.6,65,203,15.75
LLY,2026-10-09,2026-11-20,1160.0,P,52.25,62.95,57.6,42.4521,-0.435834,0.002338,-0.726496,1.562281,42,1169.6,104,223,15.75
LLY,2026-10-09,2026-11-20,1170.0,P,59.0,64.95,61.975,40.46,-0.460161,0.002473,-0.692164,1.5749,42,1169.6,16,90,15.75
LLY,2026-10-09,2026-11-20,1180.0,P,63.15,72.95,68.05,42.0782,-0.483273,0.002388,-0.721904,1.581407,42,1169.6,71,131,15.75
LLY,2026-10-09,2026-11-20,1190.0,P,67.8,75.9,71.85,40.3929,-0.509468,0.002489,-0.686924,1.582353,42,1169.6,14,92,15.75
LLY,2026-10-09,2026-11-20,1200.0,P,73.6,84.15,78.875,41.8783,-0.530629,0.002394,-0.709165,1.578131,42,1169.6,7,150,15.75
LLY,2026-10-09,2026-11-20,1210.0,P,79.25,91.95,85.6,42.9533,-0.551037,0.002322,-0.721625,1.569828,42,1169.6,1,69,15.75
LLY,2026-10-09,2026-11-20,1220.0,P,87.2,96.4,91.8,41.77,-0.576941,0.002362,-0.687443,1.553269,42,1169.6,4,77,15.75
LLY,2026-10-09,2026-11-20,1230.0,P,91.65,104.1,97.875,42.5268,-0.596642,0.002295,-0.689369,1.536127,42,1169.6,2,23,15.75
LLY,2026-10-09,2026-11-20,1240.0,P,99.55,111.45,105.5,42.9419,-0.616571,0.002241,-0.682644,1.514738,42,1169.6,4,69,15.75
LLY,2026-10-09,2026-11-20,1250.0,P,103.25,115.0,109.125,40.679,-0.647684,0.0023,-0.617247,1.473065,42,1169.6,19,2,15.75
LLY,2026-10-09,2026-11-20,1260.0,P,112.25,123.7,117.975,41.7379,-0.663557,0.002204,-0.620277,1.447838,42,1169.6,7,53,15.75
LLY,2026-10-09,2026-11-20,1280.0,P,128.25,139.3,133.775,42.3086,-0.699967,0.002071,-0.589293,1.379535,42,1169.6,31,141,15.75
LLY,2026-10-09,2026-11-20,1300.0,P,141.45,155.5,148.475,42.8884,-0.732974,0.001932,-0.554483,1.304549,42,1169.6,2,31,15.75
LLY,2026-10-09,2026-11-20,1320.0,P,159.3,170.65,164.975,42.1743,-0.770812,0.001811,-0.485518,1.202337,42,1169.6,8,16,15.75
LLY,2026-10-09,2026-11-20,1340.0,P,176.05,188.4,182.225,43.186,-0.794863,0.001659,-0.456571,1.127712,42,1169.6,3,22,15.75
LLY,2026-10-09,2026-11-20,1360.0,P,192.0,205.9,198.95,43.6483,-0.819429,0.001518,-0.413731,1.043142,42,1169.6,6,42,15.75
LLY,2026-10-09,2026-11-20,1380.0,P,211.35,223.85,217.6,44.2114,-0.840619,0.001384,-0.37377,0.962891,42,1169.6,2,16,15.75
LLY,2026-10-09,2026-11-20,1400.0,P,228.4,241.75,235.075,44.3853,-0.861719,0.001253,-0.32498,0.875676,42,1169.6,6,22,15.75
LLY,2026-10-09,2026-11-20,1420.0,P,248.0,260.55,254.275,45.3008,-0.87602,0.001139,-0.296295,0.812056,42,1169.6,3,15,15.75
LLY,2026-10-09,2026-11-20,1440.0,P,265.35,279.65,272.5,46.3918,-0.887505,0.001038,-0.273455,0.758104,42,1169.6,14,35,15.75
LLY,2026-10-09,2026-11-20,1460.0,P,286.5,299.0,292.75,47.6629,-0.896538,0.000951,-0.256464,0.713757,42,1169.6,2,26,15.75
LLY,2026-10-09,2026-11-20,1480.0,P,303.55,318.75,311.15,49.3902,-0.90206,0.000882,-0.25179,0.685763,42,1169.6,4,0,15.75
LLY,2026-10-09,2026-11-20,1500.0,P,325.1,338.65,331.875,51.27,-0.90606,0.000824,-0.251786,0.665051,42,1169.6,0,0,15.75
LLY,2026-10-09,2026-11-20,1520.0,P,342.0,359.3,350.65,54.2302,-0.904433,0.000789,-0.278629,0.673524,42,1169.6,2,0,15.75
LLY,2026-10-09,2026-11-20,1540.0,P,366.0,378.6,372.3,55.103,-0.912056,0.00073,-0.256125,0.633296,42,1169.6,2,0,15.75
LLY,2026-10-09,2026-11-20,1560.0,P,385.8,398.6,392.2,56.9951,-0.914503,0.000691,-0.258901,0.620077,42,1169.6,8,8,15.75
LLY,2026-10-09,2026-11-20,1580.0,P,328.35,339.2,333.775,0.001,-1.0,0.0,0.1742,0.0,42,1169.6,12,9,15.75
LLY,2026-10-09,2026-11-20,1600.0,P,424.15,438.6,431.375,60.6541,-0.91886,0.000624,-0.263677,0.596169,42,1169.6,2,0,15.75
LLY,2026-10-09,2026-11-20,1640.0,P,482.0,501.3,491.65,81.5493,-0.856979,0.000698,-0.705178,0.895939,42,1169.6,1,0,15.75
LLY,2026-10-09,2026-11-20,1660.0,P,502.45,521.0,511.725,83.5771,-0.859242,0.000674,-0.714729,0.886316,42,1169.6,1,0,15.75
LLY,2026-10-09,2026-11-20,1680.0,P,522.0,541.45,531.725,85.4829,-0.861662,0.000651,-0.721744,0.875922,42,1169.6,1,0,15.75
LLY,2026-10-09,2026-11-20,1700.0,P,542.0,561.0,551.5,87.0942,-0.864842,0.000629,-0.721633,0.862108,42,1169.6,1,0,15.75
LLY,2026-10-09,2026-11-20,1720.0,P,463.35,481.05,472.2,0.001,-1.0,0.0,0.189635,0.0,42,1169.6,0,1,15.75
LLY,2026-10-09,2026-11-20,1820.0,P,563.35,581.0,572.175,0.001,-1.0,0.0,0.20066,0.0,42,1169.6,1,0,15.75
LLY,2026-10-09,2026-11-20,1840.0,P,663.6,678.6,671.1,54.7368,-0.989894,0.000124,0.132093,0.10672,42,1169.6,2,0,15.75
LLY,2026-10-09,2026-12-18,320.0,C,706.0,715.0,710.5,0.001,1.0,0.0,-0.035172,0.0,70,1169.6,10,33,15.75
LLY,2026-10-09,2026-12-18,330.0,C,751.0,759.0,755.0,0.001,1.0,0.0,-0.036271,0.0,70,1169.6,1,1,15.75
LLY,2026-10-09,2026-12-18,340.0,C,822.45,839.95,831.2,126.4408,0.994167,2.6e-05,-0.113164,0.084937,70,1169.6,1,4,15.75
LLY,2026-10-09,2026-12-18,350.0,C,677.0,687.0,682.0,0.001,1.0,0.0,-0.038469,0.0,70,1169.6,3,13,15.75
LLY,2026-10-09,2026-12-18,360.0,C,766.8,780.3,773.55,0.001,1.0,0.0,-0.039568,0.0,70,1169.6,1,25,15.75
LLY,2026-10-09,2026-12-18,370.0,C,793.0,810.0,801.5,121.0697,0.992866,3.2e-05,-0.127324,0.101496,70,1169.6,1,10,15.75
LLY,2026-10-09,2026-12-18,380.0,C,762.55,781.95,772.25,0.001,1.0,0.0,-0.041766,0.0,70,1169.6,1,4,15.75
LLY,2026-10-09,2026-12-18,390.0,C,758.05,773.6,765.825,0.001,1.0,0.0,-0.042866,0.0,70,1169.6,7,17,15.75
LLY,2026-10-09,2026-12-18,400.0,C,762.25,779.55,770.9,107.4956,0.994314,2.9e-05,-0.106851,0.08303,70,1169.6,1,29,15.75
LLY,2026-10-09,2026-12-18,410.0,C,718.3,731.85,725.075,0.001,1.0,0.0,-0.045064,0.0,70,1169.6,1,8,15.75
LLY,2026-10-09,2026-12-18,420.0,C,708.35,724.1,716.225,0.001,1.0,0.0,-0.046163,0.0,70,1169.6,1,22,15.75
LLY,2026-10-09,2026-12-18,430.0,C,733.25,750.0,741.625,107.1294,0.991436,4.2e-05,-0.137155,0.11919,70,1169.6,1,17,15.75
LLY,2026-10-09,2026-12-18,440.0,C,709.7,725.1,717.4,0.001,1.0,0.0,-0.048361,0.0,70,1169.6,1,10,15.75
LLY,2026-10-09,2026-12-18,450.0,C,591.0,600.0,595.5,0.001,1.0,0.0,-0.04946,0.0,70,1169.6,1,4,15.75
LLY,2026-10-09,2026-12-18,460.0,C,689.5,705.75,697.625,0.001,1.0,0.0,-0.050559,0.0,70,1169.6,1,16,15.75
LLY,2026-10-09,2026-12-18,470.0,C,693.15,711.05,702.1,101.4165,0.989055,5.6e-05,-0.156979,0.147693,70,1169.6,3,13,15.75
LLY,2026-10-09,2026-12-18,480.0,C,671.7,684.45,678.075,0.001,1.0,0.0,-0.052758,0.0,70,1169.6,1,26,15.75
LLY,2026-10-09,2026-12-18,490.0,C,662.05,674.5,668.275,0.001,1.0,0.0,-0.053857,0.0,70,1169.6,2,8,15.75
LLY,2026-10-09,2026-12-18,500.0,C,663.95,681.55,672.75,98.645,0.986136,7e-05,-0.180555,0.181253,70,1169.6,5,21,15.75
LLY,2026-10-09,2026-12-18,510.0,C,558.0,566.0,562.0,0.001,1.0,0.0,-0.056055,0.0,70,1169.6,1,10,15.75
LLY,2026-10-09,2026-12-18,520.0,C,633.0,645.65,639.325,0.001,1.0,0.0,-0.057154,0.0,70,1169.6,1,16,15.75
LLY,2026-10-09,2026-12-18,530.0,C,623.65,636.25,629.95,0.001,1.0,0.0,-0.058253,0.0,70,1169.6,1,36,15.75
LLY,2026-10-09,2026-12-18,540.0,C,614.05,626.5,620.275,0.001,1.0,0.0,-0.059352,0.0,70,1169.6,2,14,15.75
LLY,2026-10-09,2026-12-18,550.0,C,615.15,630.15,622.65,88.0861,0.984954,8.4e-05,-0.180562,0.19448,70,1169.6,2,17,15.75
LLY,2026-10-09,2026-12-18,560.0,C,605.25,620.55,612.9,87.3231,0.983716,9.1e-05,-0.188935,0.208139,70,1169.6,2,54,15.75
LLY,2026-10-09,2026-12-18,570.0,C,595.35,609.0,602.175,82.0192,0.986179,8.4e-05,-0.166511,0.180774,70,1169.6,1,11,15.75
LLY,2026-10-09,2026-12-18,580.0,C,667.8,684.25,676.025,203.3422,0.892807,0.000177,-1.41373,0.945376,70,1169.6,1,19,15.75
LLY,2026-10-09,2026-12-18,590.0,C,565.85,578.5,572.175,0.001,1.0,0.0,-0.064848,0.0,70,1169.6,1,43,15.75
LLY,2026-10-09,2026-12-18,600.0,C,565.65,579.1,572.375,77.6736,0.984426,9.8e-05,-0.174799,0.200329,70,1169.6,4,93,15.75
LLY,2026-10-09,2026-12-18,610.0,C,448.0,455.85,451.925,0.001,1.0,0.0,-0.067046,0.0,70,1169.6,1,10,15.75
LLY,2026-10-09,2026-12-18,620.0,C,628.55,645.3,636.925,189.4883,0.882803,0.000203,-1.407462,1.007639,70,1169.6,1,11,15.75
LLY,2026-10-09,2026-12-18,630.0,C,618.8,635.7,627.25,186.2717,0.880168,0.000209,-1.406268,1.023598,70,1169.6,1,45,15.75
LLY,2026-10-09,2026-12-18,660.0,C,588.0,606.65,597.325,176.1018,0.872353,0.000232,-1.392425,1.069891,70,1169.6,1,79,15.75
LLY,2026-10-09,2026-12-18,670.0,C,578.55,596.25,587.4,172.867,0.869644,0.000239,-1.387827,1.085587,70,1169.6,1,17,15.75
LLY,2026-10-09,2026-12-18,680.0,C,574.6,586.45,580.525,172.3863,0.865661,0.000245,-1.412363,1.10834,70,1169.6,4,128,15.75
LLY,2026-10-09,2026-12-18,690.0,C,372.8,378.8,375.8,0.001,1.0,0.0,-0.075839,0.0,70,1169.6,10,31,15.75
LLY,2026-10-09,2026-12-18,710.0,C,534.6,548.3,541.45,155.0555,0.861267,0.000279,-1.306201,1.13301,70,1169.6,4,86,15.75
LLY,2026-10-09,2026-12-18,720.0,C,523.7,538.9,531.3,151.9366,0.858477,0.000288,-1.298459,1.148437,70,1169.6,4,37,15.75
LLY,2026-10-09,2026-12-18,740.0,C,510.45,525.95,518.2,151.752,0.849145,0.000301,-1.351751,1.198772,70,1169.6,1,102,15.75
LLY,2026-10-09,2026-12-18,760.0,C,407.35,421.1,414.225,58.1669,0.967856,0.000242,-0.232221,0.368991,70,1169.6,1,46,15.75
LLY,2026-10-09,2026-12-18,780.0,C,388.0,402.85,395.425,57.8862,0.960409,0.000288,-0.261005,0.437706,70,1169.6,16,44,15.75
LLY,2026-10-09,2026-12-18,790.0,C,378.0,393.25,385.625,56.7753,0.95851,0.000305,-0.265247,0.454674,70,1169.6,1,76,15.75
LLY,2026-10-09,2026-12-18,800.0,C,368.8,381.55,375.175,54.3523,0.959703,0.000311,-0.254551,0.444044,70,1169.6,2,163,15.75
LLY,2026-10-09,2026-12-18,810.0,C,359.05,372.4,365.725,53.9616,0.95596,0.000337,-0.266627,0.477138,70,1169.6,1,24,15.75
LLY,2026-10-09,2026-12-18,820.0,C,349.35,362.1,355.725,52.4785,0.954852,0.000354,-0.266144,0.486783,70,1169.6,8,35,15.75
LLY,2026-10-09,2026-12-18,830.0,C,339.0,351.55,345.275,50.1531,0.956067,0.000362,-0.25557,0.476199,70,1169.6,2,40,15.75
LLY,2026-10-09,2026-12-18,840.0,C,330.0,342.85,336.425,50.7817,0.948925,0.000403,-0.279925,0.537287,70,1169.6,2,107,15.75
LLY,2026-10-09,2026-12-18,850.0,C,322.35,334.1,328.225,52.1672,0.938863,0.000452,-0.315368,0.619178,70,1169.6,2,72,15.75
LLY,2026-10-09,2026-12-18,860.0,C,310.9,324.05,317.475,58.2127,0.913722,0.000528,-0.41702,0.805986,70,1169.6,2,85,15.75
LLY,2026-10-09,2026-12-18,870.0,C,300.85,314.8,307.825,57.404,0.908848,0.000558,-0.42656,0.839653,70,1169.6,2,73,15.75
LLY,2026-10-09,2026-12-18,880.0,C,292.0,303.15,297.575,53.8762,0.912551,0.000576,-0.397338,0.814143,70,1169.6,3,84,15.75
LLY,2026-10-09,2026-12-18,890.0,C,282.15,296.3,289.225,55.6752,0.898704,0.000621,-0.443858,0.907383,70,1169.6,1,163,15.75
LLY,2026-10-09,2026-12-18,900.0,C,272.75,286.0,279.375,53.6931,0.897043,0.000652,-0.436072,0.918185,70,1169.6,11,158,15.75
LLY,2026-10-09,2026-12-18,920.0,C,257.05,266.9,261.975,51.27,0.88799,0.000725,-0.442175,0.975689,70,1169.6,4,366,15.75
LLY,2026-10-09,2026-12-18,940.0,C,239.7,249.55,244.625,50.3667,0.872068,0.000811,-0.470231,1.07155,70,1169.6,1,141,15.75
LLY,2026-10-09,2026-12-18,960.0,C,220.5,232.0,226.25,49.0362,0.856133,0.000903,-0.491353,1.161264,70,1169.6,5,52,15.75
LLY,2026-10-09,2026-12-18,980.0,C,204.85,214.3,209.575,47.3821,0.839762,0.001004,-0.506648,1.247458,70,1169.6,1,271,15.75
LLY,2026-10-09,2026-12-18,1000.0,C,185.9,196.35,191.125,45.3756,0.822975,0.001117,-0.515332,1.329981,70,1169.6,3,844,15.75
LLY,2026-10-09,2026-12-18,1020.0,C,168.65,180.95,174.8,44.9331,0.797663,0.001225,-0.546162,1.44399,70,1169.6,6,148,15.75
LLY,2026-10-09,2026-12-18,1040.0,C,153.6,165.4,159.5,44.0496,0.771999,0.001339,-0.56809,1.547686,70,1169.6,32,135,15.75
LLY,2026-10-09,2026-12-18,1060.0,C,138.25,150.75,144.5,43.395,0.743306,0.00145,-0.590622,1.65042,70,1169.6,8,118,15.75
LLY,2026-10-09,2026-12-18,1080.0,C,125.05,136.2,130.625,42.4688,0.713357,0.001565,-0.605746,1.743682,70,1169.6,9,131,15.75
LLY,2026-10-09,2026-12-18,1100.0,C,114.5,125.2,119.85,43.1196,0.677377,0.001625,-0.639464,1.837919,70,1169.6,16,839,15.75
LLY,2026-10-09,2026-12-18,1120.0,C,101.75,110.5,106.125,41.4435,0.645138,0.001754,-0.635267,1.906617,70,1169.6,48,266,15.75
LLY,2026-10-09,2026-12-18,1130.0,C,94.45,103.55,99.0,40.7019,0.627736,0.001815,-0.632738,1.937723,70,1169.6,7,11,15.75
LLY,2026-10-09,2026-12-18,1140.0,C,88.3,97.55,92.925,40.357,0.609217,0.001857,-0.634488,1.966323,70,1169.6,30,179,15.75
LLY,2026-10-09,2026-12-18,1150.0,C,83.5,94.1,88.8,41.1833,0.589739,0.001843,-0.651367,1.991467,70,1169.6,162,45,15.75
LLY,2026-10-09,2026-12-18,1160.0,C,81.0,88.5,84.75,40.8468,0.570976,0.001877,-0.650472,2.010959,70,1169.6,42,218,15.75
LLY,2026-10-09,2026-12-18,1180.0,C,68.0,79.9,73.95,41.1719,0.533494,0.001885,-0.658684,2.036178,70,1169.6,48,298,15.75
LLY,2026-10-09,2026-12-18,1200.0,C,61.05,67.0,64.025,39.0433,0.492327,0.001995,-0.625753,2.043006,70,1169.6,59,1234,15.75
LLY,2026-10-09,2026-12-18,1220.0,C,51.45,61.6,56.525,40.209,0.45719,0.001926,-0.635568,2.031608,70,1169.6,24,596,15.75
LLY,2026-10-09,2026-12-18,1240.0,C,44.25,55.05,49.65,40.4822,0.421789,0.001887,-0.627714,2.003989,70,1169.6,114,532,15.75
LLY,2026-10-09,2026-12-18,1260.0,C,37.45,47.3,42.375,39.8131,0.383859,0.001873,-0.60051,1.95617,70,1169.6,273,428,15.75
LLY,2026-10-09,2026-12-18,1280.0,C,33.0,41.95,37.475,40.0412,0.351048,0.001808,-0.583785,1.899247,70,1169.6,16,246,15.75
LLY,2026-10-09,2026-12-18,1300.0,C,27.0,37.45,32.225,40.4303,0.32108,0.001729,-0.566937,1.834263,70,1169.6,20,776,15.75
LLY,2026-10-09,2026-12-18,1320.0,C,22.6,32.55,27.575,40.3067,0.290083,0.001658,-0.538622,1.753517,70,1169.6,13,139,15.75
LLY,2026-10-09,2026-12-18,1340.0,C,20.7,29.65,25.175,41.0788,0.266646,0.001562,-0.524891,1.682952,70,1169.6,2,285,15.75
LLY,2026-10-09,2026-12-18,1360.0,C,16.6,23.35,19.975,39.443,0.229072,0.0015,-0.464124,1.551768,70,1169.6,126,374,15.75
LLY,2026-10-09,2026-12-18,1380.0,C,12.95,21.0,16.975,40.0343,0.208497,0.0014,-0.444889,1.46994,70,1169.6,285,235,15.75
LLY,2026-10-09,2026-12-18,1400.0,C,10.75,17.0,13.875,39.176,0.179546,0.001306,-0.396755,1.341882,70,1169.6,24,828,15.75
LLY,2026-10-09,2026-12-18,1420.0,C,8.65,16.15,12.4,40.4623,0.167912,0.001211,-0.391499,1.285891,70,1169.6,9,237,15.75
LLY,2026-10-09,2026-12-18,1440.0,C,8.6,12.9,10.75,39.5758,0.142617,0.001112,-0.343298,1.154442,70,1169.6,3,297,15.75
LLY,2026-10-09,2026-12-18,1460.0,C,6.3,11.05,8.675,39.6002,0.125607,0.001018,-0.31422,1.057954,70,1169.6,106,184,15.75
LLY,2026-10-09,2026-12-18,1480.0,C,5.35,10.0,7.675,40.2136,0.114199,0.000938,-0.29777,0.989259,70,1169.6,8,163,15.75
LLY,2026-10-09,2026-12-18,1500.0,C,5.55,7.9,6.725,39.4629,0.095369,0.000839,-0.256144,0.868187,70,1169.6,19,489,15.75
LLY,2026-10-09,2026-12-18,1520.0,C,3.5,7.7,5.6,40.7477,0.090802,0.000783,-0.254544,0.837261,70,1169.6,5,178,15.75
LLY,2026-10-09,2026-12-18,1540.0,C,4.0,5.6,4.8,39.3652,0.071497,0.000677,-0.205142,0.698992,70,1169.6,2,97,15.75
LLY,2026-10-09,2026-12-18,1560.0,C,1.9,7.95,4.925,44.0161,0.087293,0.000704,-0.266003,0.813056,70,1169.6,3,44,15.75
LLY,2026-10-09,2026-12-18,1580.0,C,2.47,6.95,4.71,44.1076,0.077753,0.000644,-0.244041,0.74521,70,1169.6,5,65,15.75
LLY,2026-10-09,2026-12-18,1600.0,C,1.55,4.05,2.8,40.7873,0.052452,0.000513,-0.166196,0.548774,70,1169.6,1,120,15.75
LLY,2026-10-09,2026-12-18,1620.0,C,1.89,4.0,2.945,41.95,0.050588,0.000484,-0.165853,0.533203,70,1169.6,1,70,15.75
LLY,2026-10-09,2026-12-18,1640.0,C,1.13,4.4,2.765,43.9611,0.052689,0.000478,-0.179246,0.550737,70,1169.6,1,137,15.75
LLY,2026-10-09,2026-12-18,1660.0,C,1.14,2.96,2.05,42.1026,0.038793,0.00039,-0.134148,0.430518,70,1169.6,16,1033,15.75
LLY,2026-10-09,2026-12-18,1680.0,C,0.83,2.46,1.645,41.95,0.033094,0.000343,-0.117253,0.37797,70,1169.6,2,23,15.75
LLY,2026-10-09,2026-12-18,1700.0,C,0.0,3.8,1.9,46.3384,0.044268,0.000394,-0.163877,0.479127,70,1169.6,10,22,15.75
LLY,2026-10-09,2026-12-18,1720.0,C,0.0,4.55,2.275,49.0392,0.049234,0.000406,-0.188622,0.521789,70,1169.6,2,31,15.75
LLY,2026-10-09,2026-12-18,1740.0,C,0.0,3.25,1.625,47.3211,0.037885,0.00034,-0.147265,0.422285,70,1169.6,2,34,15.75
LLY,2026-10-09,2026-12-18,1760.0,C,0.0,3.25,1.625,48.4075,0.037121,0.000327,-0.148032,0.415311,70,1169.6,7,23,15.75
LLY,2026-10-09,2026-12-18,1780.0,C,0.0,2.82,1.41,48.3404,0.032791,0.000296,-0.133441,0.375109,70,1169.6,6,57,15.75
LLY,2026-10-09,2026-12-18,1800.0,C,0.0,2.84,1.42,49.4329,0.03234,0.000286,-0.134805,0.370852,70,1169.6,1,114,15.75
LLY,2026-10-09,2026-12-18,1820.0,C,0.01,3.05,1.53,51.032,0.033467,0.000285,-0.143033,0.381468,70,1169.6,3,39,15.75
LLY,2026-10-09,2026-12-18,1840.0,C,0.0,2.69,1.345,51.0198,0.02995,0.00026,-0.1304,0.34803,70,1169.6,2,61,15.75
LLY,2026-10-09,2026-12-18,1860.0,C,0.0,2.94,1.47,52.7348,0.03146,0.000262,-0.14028,0.362494,70,1169.6,2,4,15.75
LLY,2026-10-09,2026-12-18,1880.0,C,0.0,2.01,1.005,50.7146,0.023239,0.000212,-0.104765,0.281539,70,1169.6,0,53,15.75
LLY,2026-10-09,2026-12-18,1900.0,C,0.0,0.62,0.31,44.3609,0.009126,0.000108,-0.04104,0.126018,70,1169.6,36,58,15.75
LLY,2026-10-09,2026-12-18,320.0,P,0.0,0.1,0.05,92.5782,-0.000315,2e-06,-0.00387,0.005921,70,1169.6,7,997,15.75
LLY,2026-10-09,2026-12-18,330.0,P,0.0,4.9,2.45,137.598,-0.007889,3.1e-05,-0.10773,0.110903,70,1169.6,26,265,15.75
LLY,2026-10-09,2026-12-18,340.0,P,0.0,10.1,5.05,151.2942,-0.013633,4.5e-05,-0.190779,0.178652,70,1169.6,2,232,15.75
LLY,2026-10-09,2026-12-18,350.0,P,0.0,4.9,2.45,131.4945,-0.008276,3.4e-05,-0.107318,0.115666,70,1169.6,1,84,15.75
LLY,2026-10-09,2026-12-18,360.0,P,0.0,0.1,0.05,84.3752,-0.000344,3e-06,-0.003824,0.006427,70,1169.6,91,235,15.75
LLY,2026-10-09,2026-12-18,370.0,P,0.0,0.02,0.01,73.4378,-8.4e-05,1e-06,-0.000889,0.001716,70,1169.6,1,384,15.75
LLY,2026-10-09,2026-12-18,380.0,P,0.0,4.9,2.45,122.9984,-0.008873,3.8e-05,-0.106623,0.122952,70,1169.6,23,115,15.75
LLY,2026-10-09,2026-12-18,390.0,P,0.0,4.9,2.45,120.3129,-0.009073,4e-05,-0.106328,0.125383,70,1169.6,2,98,15.75
LLY,2026-10-09,2026-12-18,400.0,P,0.0,0.1,0.05,77.1487,-0.000379,3e-06,-0.003827,0.007042,70,1169.6,2,171,15.75
LLY,2026-10-09,2026-12-18,410.0,P,0.0,4.9,2.45,115.1738,-0.009491,4.3e-05,-0.105818,0.130422,70,1169.6,1,309,15.75
LLY,2026-10-09,2026-12-18,420.0,P,0.0,4.9,2.45,112.6957,-0.009702,4.5e-05,-0.105521,0.132956,70,1169.6,2,51,15.75
LLY,2026-10-09,2026-12-18,430.0,P,0.0,2.44,1.22,99.9023,-0.005808,3.2e-05,-0.0595,0.084606,70,1169.6,3,19,15.75
LLY,2026-10-09,2026-12-18,440.0,P,0.0,4.8,2.4,107.581,-0.009979,4.8e-05,-0.103175,0.136263,70,1169.6,10,35,15.75
LLY,2026-10-09,2026-12-18,450.0,P,0.0,4.9,2.45,105.6157,-0.010357,5.1e-05,-0.104595,0.140752,70,1169.6,3,217,15.75
LLY,2026-10-09,2026-12-18,460.0,P,0.0,1.59,0.795,88.5987,-0.004408,2.8e-05,-0.041236,0.066186,70,1169.6,54,42,15.75
LLY,2026-10-09,2026-12-18,470.0,P,0.0,4.9,2.45,101.1602,-0.010811,5.5e-05,-0.103931,0.146114,70,1169.6,1,31,15.75
LLY,2026-10-09,2026-12-18,500.0,P,0.0,4.9,2.45,94.8365,-0.011528,6.2e-05,-0.102923,0.154505,70,1169.6,48,404,15.75
LLY,2026-10-09,2026-12-18,510.0,P,0.0,4.9,2.45,92.8101,-0.011774,6.5e-05,-0.102549,0.157361,70,1169.6,15,239,15.75
LLY,2026-10-09,2026-12-18,520.0,P,0.0,4.9,2.45,90.8204,-0.012023,6.7e-05,-0.102149,0.160241,70,1169.6,6,366,15.75
LLY,2026-10-09,2026-12-18,530.0,P,0.0,1.42,0.71,74.927,-0.004661,3.5e-05,-0.036562,0.069573,70,1169.6,2,53,15.75
LLY,2026-10-09,2026-12-18,550.0,P,0.0,4.9,2.45,85.0832,-0.012806,7.6e-05,-0.100952,0.169243,70,1169.6,1,120,15.75
LLY,2026-10-09,2026-12-18,560.0,P,0.0,4.9,2.45,83.246,-0.013083,7.9e-05,-0.100574,0.172402,70,1169.6,3,88,15.75
LLY,2026-10-09,2026-12-18,570.0,P,0.0,4.9,2.45,81.4333,-0.01336,8.2e-05,-0.100138,0.175552,70,1169.6,12,133,15.75
LLY,2026-10-09,2026-12-18,580.0,P,0.0,2.48,1.24,72.0462,-0.008078,6e-05,-0.057106,0.113237,70,1169.6,5,149,15.75
LLY,2026-10-09,2026-12-18,590.0,P,0.0,4.9,2.45,77.9055,-0.013937,8.9e-05,-0.099275,0.182085,70,1169.6,8,142,15.75
LLY,2026-10-09,2026-12-18,600.0,P,0.0,2.45,1.225,68.7503,-0.008349,6.5e-05,-0.056041,0.116564,70,1169.6,2,501,15.75
LLY,2026-10-09,2026-12-18,610.0,P,0.0,4.9,2.45,74.4876,-0.014539,9.7e-05,-0.098341,0.188829,70,1169.6,78,128,15.75
LLY,2026-10-09,2026-12-18,620.0,P,0.0,4.9,2.45,72.8274,-0.014858,0.000101,-0.097915,0.192394,70,1169.6,1,381,15.75
LLY,2026-10-09,2026-12-18,630.0,P,0.0,4.9,2.45,71.1795,-0.015173,0.000105,-0.097388,0.195891,70,1169.6,6,377,15.75
LLY,2026-10-09,2026-12-18,640.0,P,0.05,1.33,0.69,58.1059,-0.005749,5.5e-05,-0.033989,0.083845,70,1169.6,1,201,15.75
LLY,2026-10-09,2026-12-18,650.0,P,0.15,1.17,0.66,56.4213,-0.005664,5.6e-05,-0.032551,0.082746,70,1169.6,1,236,15.75
LLY,2026-10-09,2026-12-18,660.0,P,0.0,1.62,0.81,56.5434,-0.006835,6.6e-05,-0.038508,0.097728,70,1169.6,1,413,15.75
LLY,2026-10-09,2026-12-18,670.0,P,0.0,1.51,0.755,54.688,-0.006598,6.6e-05,-0.036078,0.094729,70,1169.6,8,206,15.75
LLY,2026-10-09,2026-12-18,680.0,P,0.05,1.37,0.71,52.9546,-0.006424,6.7e-05,-0.034094,0.092514,70,1169.6,1,66,15.75
LLY,2026-10-09,2026-12-18,690.0,P,0.0,2.14,1.07,54.5537,-0.009117,8.8e-05,-0.047781,0.125913,70,1169.6,2,282,15.75
LLY,2026-10-09,2026-12-18,700.0,P,0.16,1.43,0.795,51.1235,-0.007355,7.8e-05,-0.037046,0.104264,70,1169.6,1,384,15.75
LLY,2026-10-09,2026-12-18,710.0,P,0.0,1.86,0.93,50.9038,-0.008531,8.9e-05,-0.041998,0.118789,70,1169.6,3,208,15.75
LLY,2026-10-09,2026-12-18,720.0,P,0.0,1.79,0.895,54.5903,-0.014577,0.000132,-0.071738,0.189263,70,1169.6,9,158,15.75
LLY,2026-10-09,2026-12-18,730.0,P,0.01,2.11,1.06,54.6269,-0.016901,0.00015,-0.081445,0.214866,70,1169.6,5,94,15.75
LLY,2026-10-09,2026-12-18,740.0,P,0.12,1.6,0.86,50.9648,-0.013997,0.000137,-0.064564,0.182758,70,1169.6,1,51,15.75
LLY,2026-10-09,2026-12-18,750.0,P,0.46,1.29,0.875,48.0535,-0.012112,0.000128,-0.053663,0.16127,70,1169.6,3,307,15.75
LLY,2026-10-09,2026-12-18,760.0,P,0.53,2.21,1.37,50.9099,-0.018769,0.000176,-0.082797,0.234962,70,1169.6,5,81,15.75
LLY,2026-10-09,2026-12-18,770.0,P,0.65,2.19,1.42,49.4878,-0.019086,0.000184,-0.081565,0.238336,70,1169.6,4,43,15.75
LLY,2026-10-09,2026-12-18,780.0,P,0.25,2.9,1.575,50.562,-0.024114,0.000219,-0.101486,0.290431,70,1169.6,1,255,15.75
LLY,2026-10-09,2026-12-18,790.0,P,0.16,3.1,1.63,49.793,-0.025945,0.000236,-0.106169,0.308807,70,1169.6,2,110,15.75
LLY,2026-10-09,2026-12-18,800.0,P,0.99,2.37,1.68,46.1614,-0.021784,0.00022,-0.084855,0.266598,70,1169.6,1,783,15.75
LLY,2026-10-09,2026-12-18,810.0,P,0.71,2.84,1.775,46.3262,-0.025556,0.000251,-0.097316,0.304926,70,1169.6,8,119,15.75
LLY,2026-10-09,2026-12-18,820.0,P,0.98,2.86,1.92,45.0598,-0.026339,0.000265,-0.096963,0.312719,70,1169.6,4,166,15.75
LLY,2026-10-09,2026-12-18,830.0,P,1.05,4.0,2.525,46.6528,-0.034462,0.000319,-0.125366,0.390773,70,1169.6,11,398,15.75
LLY,2026-10-09,2026-12-18,840.0,P,2.0,4.35,3.175,46.0668,-0.037529,0.000347,-0.1326,0.419041,70,1169.6,2,104,15.75
LLY,2026-10-09,2026-12-18,850.0,P,1.55,4.7,3.125,45.426,-0.040675,0.000375,-0.139449,0.447421,70,1169.6,2,957,15.75
LLY,2026-10-09,2026-12-18,860.0,P,2.57,5.6,4.085,45.7617,-0.047142,0.00042,-0.158079,0.503974,70,1169.6,1,101,15.75
LLY,2026-10-09,2026-12-18,870.0,P,2.9,5.05,3.975,43.3569,-0.045103,0.000428,-0.144297,0.486388,70,1169.6,8,189,15.75
LLY,2026-10-09,2026-12-18,880.0,P,3.3,7.6,5.45,46.1797,-0.061026,0.00051,-0.195293,0.618294,70,1169.6,6,189,15.75
LLY,2026-10-09,2026-12-18,890.0,P,3.95,6.5,5.225,43.0578,-0.05657,0.000516,-0.171211,0.582576,70,1169.6,2,361,15.75
LLY,2026-10-09,2026-12-18,900.0,P,5.1,8.2,6.65,44.1229,-0.067748,0.000579,-0.201764,0.670597,70,1169.6,7,514,15.75
LLY,2026-10-09,2026-12-18,920.0,P,4.1,13.0,8.55,46.903,-0.095249,0.000705,-0.276956,0.867386,70,1169.6,11,397,15.75
LLY,2026-10-09,2026-12-18,940.0,P,6.2,10.7,8.45,41.3122,-0.089919,0.000767,-0.232576,0.83121,70,1169.6,26,437,15.75
LLY,2026-10-09,2026-12-18,960.0,P,7.95,11.5,9.725,39.1745,-0.099903,0.000874,-0.237276,0.898263,70,1169.6,49,339,15.75
LLY,2026-10-09,2026-12-18,980.0,P,8.8,17.2,13.0,41.3702,-0.133584,0.001017,-0.307229,1.104056,70,1169.6,8,502,15.75
LLY,2026-10-09,2026-12-18,1000.0,P,13.6,20.55,17.075,40.7873,-0.156298,0.001147,-0.335237,1.227241,70,1169.6,36,918,15.75
LLY,2026-10-09,2026-12-18,1020.0,P,16.0,24.4,20.2,40.2052,-0.181577,0.001281,-0.362116,1.351382,70,1169.6,78,546,15.75
LLY,2026-10-09,2026-12-18,1040.0,P,20.65,29.45,25.05,40.0442,-0.211394,0.001411,-0.393513,1.48191,70,1169.6,181,465,15.75
LLY,2026-10-09,2026-12-18,1060.0,P,24.5,35.0,29.75,39.7665,-0.243029,0.001537,-0.420346,1.603177,70,1169.6,65,448,15.75
LLY,2026-10-09,2026-12-18,1080.0,P,31.75,41.8,36.775,39.7963,-0.277949,0.001646,-0.448102,1.71803,70,1169.6,12,470,15.75
LLY,2026-10-09,2026-12-18,1100.0,P,38.35,48.1,43.225,39.1348,-0.312451,0.001766,-0.46146,1.813192,70,1169.6,30,1069,15.75
LLY,2026-10-09,2026-12-18,1120.0,P,45.75,56.25,51.0,39.0662,-0.350433,0.001852,-0.478471,1.898039,70,1169.6,12,375,15.75
LLY,2026-10-09,2026-12-18,1130.0,P,50.15,60.05,55.1,38.7396,-0.369356,0.001902,-0.480817,1.932814,70,1169.6,11,80,15.75
LLY,2026-10-09,2026-12-18,1140.0,P,55.2,65.65,60.425,39.2195,-0.389636,0.001909,-0.49315,1.964686,70,1169.6,2,165,15.75
LLY,2026-10-09,2026-12-18,1150.0,P,57.95,69.7,63.825,38.822,-0.409039,0.001954,-0.491662,1.990038,70,1169.6,1,72,15.75
LLY,2026-10-09,2026-12-18,1160.0,P,64.1,75.55,69.825,39.2149,-0.428966,0.001955,-0.499889,2.010906,70,1169.6,15,411,15.75
LLY,2026-10-09,2026-12-18,1180.0,P,73.45,84.2,78.825,38.217,-0.469266,0.002032,-0.486633,2.037317,70,1169.6,12,142,15.75
LLY,2026-10-09,2026-12-18,1200.0,P,84.95,95.9,90.425,38.3246,-0.509084,0.002032,-0.48331,2.042854,70,1169.6,9,773,15.75
LLY,2026-10-09,2026-12-18,1220.0,P,97.85,107.5,102.675,38.0072,-0.54921,0.002034,-0.468162,2.027819,70,1169.6,2,58,15.75
LLY,2026-10-09,2026-12-18,1240.0,P,109.65,122.4,116.025,38.967,-0.583851,0.001955,-0.467695,1.99808,70,1169.6,1,73,15.75
LLY,2026-10-09,2026-12-18,1260.0,P,123.05,134.15,128.6,37.9927,-0.624634,0.001949,-0.432261,1.942836,70,1169.6,34,152,15.75
LLY,2026-10-09,2026-12-18,1280.0,P,136.4,150.0,143.2,38.8007,-0.65551,0.001853,-0.422036,1.8861,70,1169.6,6,18,15.75
LLY,2026-10-09,2026-12-18,1300.0,P,150.75,163.1,156.925,37.7921,-0.694651,0.00181,-0.377391,1.79504,70,1169.6,20,104,15.75
LLY,2026-10-09,2026-12-18,1320.0,P,166.55,179.7,173.125,38.4192,-0.721998,0.001705,-0.359001,1.718191,70,1169.6,2,11,15.75
LLY,2026-10-09,2026-12-18,1340.0,P,184.05,195.0,189.525,37.9736,-0.754301,0.001619,-0.319066,1.612646,70,1169.6,8,12,15.75
LLY,2026-10-09,2026-12-18,1360.0,P,200.35,212.45,206.4,38.5962,-0.77695,0.00151,-0.298228,1.528575,70,1169.6,2,5,15.75
LLY,2026-10-09,2026-12-18,1380.0,P,216.75,227.4,222.075,37.1741,-0.812489,0.001414,-0.236682,1.378685,70,1169.6,2,6,15.75
LLY,2026-10-09,2026-12-18,1420.0,P,253.3,265.1,259.2,39.3057,-0.840353,0.001207,-0.212256,1.244443,70,1169.6,2,6,15.75
LLY,2026-10-09,2026-12-18,1440.0,P,270.0,279.8,274.9,36.2677,-0.881249,0.001069,-0.119466,1.017069,70,1169.6,10,5,15.75
LLY,2026-10-09,2026-12-18,1460.0,P,288.8,301.6,295.2,39.7742,-0.873196,0.001021,-0.157193,1.064974,70,1169.6,26,7,15.75
LLY,2026-10-09,2026-12-18,1480.0,P,308.0,320.5,314.25,40.3479,-0.884911,0.00094,-0.13773,0.99474,70,1169.6,4,3,15.75
LLY,2026-10-09,2026-12-18,1500.0,P,327.25,339.7,333.475,41.1047,-0.894184,0.000869,-0.122731,0.93659,70,1169.6,5,9,15.75
LLY,2026-10-09,2026-12-18,1520.0,P,346.25,359.1,352.675,41.9836,-0.901679,0.000806,-0.110895,0.887843,70,1169.6,6,5,15.75
LLY,2026-10-09,2026-12-18,1540.0,P,365.5,378.75,372.125,43.0792,-0.907065,0.000754,-0.103896,0.851789,70,1169.6,2,0,15.75
LLY,2026-10-09,2026-12-18,1560.0,P,382.0,400.0,391.0,46.0485,-0.901299,0.000737,-0.133054,0.890349,70,1169.6,4,0,15.75
LLY,2026-10-09,2026-12-18,1580.0,P,402.0,418.95,410.475,46.2499,-0.910751,0.000681,-0.109974,0.8266,70,1169.6,2,0,15.75
LLY,2026-10-09,2026-12-18,1600.0,P,424.5,438.65,431.575,47.2829,-0.915011,0.000642,-0.103347,0.796952,70,1169.6,3,0,15.75
LLY,2026-10-09,2026-12-18,1660.0,P,473.6,487.65,480.625,0.001,-1.0,0.0,0.182453,0.0,70,1169.6,1,1,15.75
LLY,2026-10-09,2026-12-18,1740.0,P,483.45,498.6,491.025,0.001,-1.0,0.0,0.191246,0.0,70,1169.6,0,0,15.75
