symbol,quote_date,expiration,strike,option_type,bid,ask,mid,implied_volatility,delta,gamma,theta,vega,dte,underlying_price,volume,open_interest,iv_rank
LLY,2026-08-31,2026-09-11,825.0,C,329.25,343.5,336.375,115.8085,0.963046,0.000347,-0.93346,0.162224,11,1156.73,0,12,4.73
LLY,2026-08-31,2026-09-11,855.0,C,299.3,313.55,306.425,105.8598,0.959307,0.000411,-0.926471,0.175473,11,1156.73,0,1,4.73
LLY,2026-08-31,2026-09-11,900.0,C,253.65,267.5,260.575,87.14,0.959248,0.0005,-0.782651,0.175683,11,1156.73,1,22,4.73
LLY,2026-08-31,2026-09-11,905.0,C,251.2,263.7,257.45,93.5364,0.945145,0.000591,-1.033231,0.222917,11,1156.73,1,1,4.73
LLY,2026-08-31,2026-09-11,920.0,C,235.6,248.75,242.175,87.5123,0.944148,0.000641,-0.986332,0.22611,11,1156.73,0,10,4.73
LLY,2026-08-31,2026-09-11,930.0,C,225.6,236.7,231.15,80.237,0.949911,0.000641,-0.845112,0.2074,11,1156.73,1,1,4.73
LLY,2026-08-31,2026-09-11,935.0,C,220.65,233.8,227.225,82.7822,0.940677,0.00071,-0.980151,0.237091,11,1156.73,0,1,4.73
LLY,2026-08-31,2026-09-11,950.0,C,205.7,218.9,212.3,78.1618,0.936641,0.000792,-0.975853,0.249602,11,1156.73,0,1,4.73
LLY,2026-08-31,2026-09-11,985.0,C,169.6,184.0,176.8,65.253,0.931265,0.00101,-0.880599,0.26586,11,1156.73,0,1,4.73
LLY,2026-08-31,2026-09-11,1000.0,C,154.9,169.15,162.025,61.2064,0.924211,0.001161,-0.889884,0.286531,11,1156.73,1,8,4.73
LLY,2026-08-31,2026-09-11,1020.0,C,136.15,149.35,142.75,56.8486,0.909126,0.001433,-0.941615,0.328442,11,1156.73,0,1,4.73
LLY,2026-08-31,2026-09-11,1050.0,C,106.9,120.0,113.45,61.8656,0.832865,0.002015,-1.499716,0.50263,11,1156.73,0,7,4.73
LLY,2026-08-31,2026-09-11,1060.0,C,97.3,110.0,103.65,58.0265,0.823413,0.002225,-1.459312,0.520604,11,1156.73,0,2,4.73
LLY,2026-08-31,2026-09-11,1065.0,C,92.55,105.6,99.075,57.1293,0.814342,0.002332,-1.480557,0.5372,11,1156.73,10,3,4.73
LLY,2026-08-31,2026-09-11,1070.0,C,87.8,100.85,94.325,55.5913,0.807167,0.002453,-1.4747,0.549888,11,1156.73,0,1,4.73
LLY,2026-08-31,2026-09-11,1080.0,C,78.4,91.55,84.975,52.7532,0.790322,0.002718,-1.470633,0.57821,11,1156.73,3,6,4.73
LLY,2026-08-31,2026-09-11,1090.0,C,67.55,79.85,73.7,46.0333,0.787441,0.00314,-1.304572,0.582853,11,1156.73,2,3,4.73
LLY,2026-08-31,2026-09-11,1100.0,C,62.4,71.6,67.0,44.6386,0.758718,0.003478,-1.35277,0.626073,11,1156.73,4,16,4.73
LLY,2026-08-31,2026-09-11,1105.0,C,56.9,67.25,62.075,43.4851,0.744958,0.003678,-1.355919,0.644871,11,1156.73,2,1,4.73
LLY,2026-08-31,2026-09-11,1110.0,C,53.15,63.3,58.225,42.8228,0.728076,0.003859,-1.376669,0.66632,11,1156.73,1,3,4.73
LLY,2026-08-31,2026-09-11,1115.0,C,49.15,59.4,54.275,42.1301,0.710321,0.004044,-1.393627,0.687019,11,1156.73,1,5,4.73
LLY,2026-08-31,2026-09-11,1120.0,C,45.25,55.1,50.175,40.7995,0.693881,0.004282,-1.383051,0.704532,11,1156.73,6,9,4.73
LLY,2026-08-31,2026-09-11,1125.0,C,40.9,51.6,46.25,40.4349,0.672692,0.004445,-1.40653,0.724827,11,1156.73,18,9,4.73
LLY,2026-08-31,2026-09-11,1130.0,C,37.95,48.3,43.125,40.1968,0.650268,0.004587,-1.430651,0.743585,11,1156.73,29,14,4.73
LLY,2026-08-31,2026-09-11,1135.0,C,34.3,44.9,39.6,39.6979,0.627773,0.004746,-1.440487,0.759661,11,1156.73,48,9,4.73
LLY,2026-08-31,2026-09-11,1140.0,C,31.2,41.2,36.2,38.703,0.60533,0.004953,-1.427365,0.773023,11,1156.73,16,18,4.73
LLY,2026-08-31,2026-09-11,1145.0,C,27.7,38.55,33.125,38.8617,0.579839,0.005009,-1.451383,0.785013,11,1156.73,28,18,4.73
LLY,2026-08-31,2026-09-11,1150.0,C,25.8,32.6,29.2,34.8975,0.557713,0.005633,-1.320124,0.792712,11,1156.73,33,15,4.73
LLY,2026-08-31,2026-09-11,1155.0,C,22.45,32.3,27.375,37.5922,0.529017,0.005271,-1.424598,0.79899,11,1156.73,47,3,4.73
LLY,2026-08-31,2026-09-11,1160.0,C,22.5,28.0,25.25,35.337,0.501192,0.005622,-1.343236,0.801106,11,1156.73,31,83,4.73
LLY,2026-08-31,2026-09-11,1165.0,C,18.55,28.1,23.325,38.1918,0.477139,0.005193,-1.442074,0.799794,11,1156.73,121,26,4.73
LLY,2026-08-31,2026-09-11,1170.0,C,17.4,25.7,21.55,37.9096,0.450923,0.005201,-1.420767,0.79504,11,1156.73,67,115,4.73
LLY,2026-08-31,2026-09-11,1175.0,C,13.65,21.3,17.475,35.0318,0.417309,0.005549,-1.295398,0.783838,11,1156.73,26,46,4.73
LLY,2026-08-31,2026-09-11,1180.0,C,12.95,21.75,17.35,37.9294,0.400334,0.005074,-1.383042,0.775978,11,1156.73,63,48,4.73
LLY,2026-08-31,2026-09-11,1182.5,C,13.25,20.0,16.625,36.8918,0.384204,0.005157,-1.329862,0.767122,11,1156.73,18,5,4.73
LLY,2026-08-31,2026-09-11,1185.0,C,12.55,19.9,16.225,37.876,0.375531,0.004988,-1.353997,0.761795,11,1156.73,11,102,4.73
LLY,2026-08-31,2026-09-11,1187.5,C,8.7,18.95,13.825,37.76,0.362958,0.004948,-1.334123,0.753365,11,1156.73,2,9,4.73
LLY,2026-08-31,2026-09-11,1190.0,C,11.5,19.95,15.725,40.1022,0.360789,0.004649,-1.411172,0.751826,11,1156.73,110,52,4.73
LLY,2026-08-31,2026-09-11,1192.5,C,10.25,14.4,12.325,33.9301,0.319716,0.005247,-1.143529,0.717846,11,1156.73,48,6,4.73
LLY,2026-08-31,2026-09-11,1195.0,C,10.3,16.65,13.475,37.908,0.328301,0.004748,-1.287685,0.725716,11,1156.73,46,12,4.73
LLY,2026-08-31,2026-09-11,1197.5,C,9.5,13.65,11.575,34.8731,0.300375,0.004968,-1.141567,0.698591,11,1156.73,53,7,4.73
LLY,2026-08-31,2026-09-11,1200.0,C,8.9,11.0,9.95,32.1082,0.270664,0.005134,-1.001172,0.664779,11,1156.73,82,43,4.73
LLY,2026-08-31,2026-09-11,1202.5,C,7.1,15.05,11.075,38.6969,0.298984,0.004468,-1.260112,0.697123,11,1156.73,39,7,4.73
LLY,2026-08-31,2026-09-11,1205.0,C,8.0,12.15,10.075,35.5719,0.269957,0.004628,-1.10424,0.663911,11,1156.73,15,39,4.73
LLY,2026-08-31,2026-09-11,1207.5,C,7.15,12.1,9.625,36.399,0.264217,0.004475,-1.116672,0.656746,11,1156.73,74,6,4.73
LLY,2026-08-31,2026-09-11,1210.0,C,6.55,12.6,9.575,38.0148,0.263629,0.004279,-1.163506,0.656001,11,1156.73,100,118,4.73
LLY,2026-08-31,2026-09-11,1215.0,C,5.25,13.1,9.175,40.5066,0.258571,0.003976,-1.225194,0.6495,11,1156.73,28,78,4.73
LLY,2026-08-31,2026-09-11,1220.0,C,4.55,7.95,6.25,34.162,0.197845,0.004055,-0.889943,0.558529,11,1156.73,36,52,4.73
LLY,2026-08-31,2026-09-11,1225.0,C,4.35,9.95,7.15,39.0448,0.213155,0.003708,-1.060389,0.583807,11,1156.73,14,75,4.73
LLY,2026-08-31,2026-09-11,1230.0,C,3.75,5.35,4.55,32.4012,0.148296,0.003556,-0.70136,0.464643,11,1156.73,64,29,4.73
LLY,2026-08-31,2026-09-11,1235.0,C,2.67,7.9,5.285,38.6603,0.17742,0.003349,-0.937817,0.522153,11,1156.73,10,28,4.73
LLY,2026-08-31,2026-09-11,1240.0,C,1.05,4.0,2.525,32.2028,0.115968,0.00302,-0.587297,0.392103,11,1156.73,19,117,4.73
LLY,2026-08-31,2026-09-11,1245.0,C,2.5,4.0,3.25,33.4998,0.111975,0.002831,-0.595219,0.382434,11,1156.73,21,32,4.73
LLY,2026-08-31,2026-09-11,1250.0,C,1.2,3.4,2.3,33.2587,0.097704,0.002583,-0.535037,0.346476,11,1156.73,118,156,4.73
LLY,2026-08-31,2026-09-11,1255.0,C,0.7,4.9,2.8,38.1903,0.119048,0.002594,-0.707045,0.399448,11,1156.73,46,49,4.73
LLY,2026-08-31,2026-09-11,1260.0,C,1.32,4.0,2.66,37.284,0.101782,0.002374,-0.616667,0.356984,11,1156.73,11,42,4.73
LLY,2026-08-31,2026-09-11,1265.0,C,0.91,3.15,2.03,36.1884,0.084577,0.002133,-0.521804,0.31131,11,1156.73,7,45,4.73
LLY,2026-08-31,2026-09-11,1270.0,C,0.77,2.38,1.575,34.9311,0.06789,0.00187,-0.425939,0.263336,11,1156.73,25,18,4.73
LLY,2026-08-31,2026-09-11,1275.0,C,0.49,2.0,1.245,34.6686,0.058356,0.001674,-0.37556,0.234053,11,1156.73,7,53,4.73
LLY,2026-08-31,2026-09-11,1280.0,C,0.15,4.5,2.325,43.4515,0.098557,0.00199,-0.69994,0.34869,11,1156.73,1,68,4.73
LLY,2026-08-31,2026-09-11,1285.0,C,0.39,1.76,1.075,35.8283,0.050339,0.001441,-0.344906,0.208223,11,1156.73,4,80,4.73
LLY,2026-08-31,2026-09-11,1290.0,C,0.0,3.05,1.525,41.596,0.072363,0.001649,-0.531234,0.276583,11,1156.73,30,41,4.73
LLY,2026-08-31,2026-09-11,1295.0,C,0.0,3.05,1.525,42.7008,0.070649,0.001577,-0.535134,0.27154,11,1156.73,18,60,4.73
LLY,2026-08-31,2026-09-11,1300.0,C,0.26,1.25,0.755,36.4142,0.036109,0.001084,-0.267645,0.159184,11,1156.73,11,189,4.73
LLY,2026-08-31,2026-09-11,1305.0,C,0.05,3.05,1.55,44.8797,0.067509,0.001449,-0.542589,0.262193,11,1156.73,3,14,4.73
LLY,2026-08-31,2026-09-11,1310.0,C,0.15,1.58,0.865,40.0397,0.041,0.001093,-0.326031,0.176548,11,1156.73,5,36,4.73
LLY,2026-08-31,2026-09-11,1315.0,C,0.0,3.2,1.6,47.5347,0.066918,0.001359,-0.570307,0.260415,11,1156.73,2,16,4.73
LLY,2026-08-31,2026-09-11,1320.0,C,0.01,0.84,0.425,37.5495,0.024096,0.000752,-0.197001,0.113792,11,1156.73,3,58,4.73
LLY,2026-08-31,2026-09-11,1325.0,C,0.0,3.0,1.5,48.9385,0.061426,0.001235,-0.548985,0.243643,11,1156.73,2,11,4.73
LLY,2026-08-31,2026-09-11,1330.0,C,0.0,10.25,5.125,56.7021,0.087332,0.001395,-0.831714,0.318866,11,1156.73,3,4,4.73
LLY,2026-08-31,2026-09-11,1335.0,C,0.0,10.0,5.0,57.4528,0.084417,0.001342,-0.821372,0.310867,11,1156.73,0,23,4.73
LLY,2026-08-31,2026-09-11,1340.0,C,0.2,0.7,0.45,39.9054,0.019127,0.000582,-0.172004,0.09361,11,1156.73,37,217,4.73
LLY,2026-08-31,2026-09-11,1345.0,C,0.0,0.78,0.39,41.4312,0.020428,0.000593,-0.188771,0.098988,11,1156.73,47,9,4.73
LLY,2026-08-31,2026-09-11,1360.0,C,0.02,0.73,0.375,43.5064,0.018274,0.000513,-0.180174,0.090046,11,1156.73,415,90,4.73
LLY,2026-08-31,2026-09-11,1380.0,C,0.1,0.55,0.325,44.898,0.013521,0.000384,-0.143483,0.069544,11,1156.73,95,46,4.73
LLY,2026-08-31,2026-09-11,1400.0,C,0.05,0.44,0.245,46.5582,0.01052,0.000298,-0.119595,0.05594,11,1156.73,34,228,4.73
LLY,2026-08-31,2026-09-11,1420.0,C,0.0,0.35,0.175,48.0718,0.008153,0.000231,-0.098732,0.044755,11,1156.73,7,19,4.73
LLY,2026-08-31,2026-09-11,1440.0,C,0.0,2.41,1.205,60.4496,0.021478,0.000424,-0.28622,0.103277,11,1156.73,5,11,4.73
LLY,2026-08-31,2026-09-11,1460.0,C,0.02,0.28,0.15,52.2466,0.006047,0.000163,-0.082343,0.034381,11,1156.73,308,565,4.73
LLY,2026-08-31,2026-09-11,1480.0,C,0.0,0.64,0.32,55.7622,0.006463,0.000162,-0.093167,0.036465,11,1156.73,1,89,4.73
LLY,2026-08-31,2026-09-11,1500.0,C,0.0,10.05,5.025,89.8194,0.05689,0.000633,-0.942946,0.229417,11,1156.73,2,8,4.73
LLY,2026-08-31,2026-09-11,1520.0,C,0.0,0.25,0.125,55.0786,0.002581,7.2e-05,-0.040452,0.016039,11,1156.73,50,5,4.73
LLY,2026-08-31,2026-09-11,1540.0,C,0.0,0.3,0.15,58.4965,0.002923,7.6e-05,-0.048051,0.017946,11,1156.73,1,53,4.73
LLY,2026-08-31,2026-09-11,1560.0,C,0.0,0.32,0.16,61.182,0.002959,7.4e-05,-0.050807,0.018147,11,1156.73,1,101,4.73
LLY,2026-08-31,2026-09-11,1580.0,C,0.0,0.86,0.43,70.7522,0.00679,0.000134,-0.123272,0.038091,11,1156.73,2,22,4.73
LLY,2026-08-31,2026-09-11,1600.0,C,0.0,0.21,0.105,63.0863,0.001883,4.7e-05,-0.034781,0.012054,11,1156.73,1,222,4.73
LLY,2026-08-31,2026-09-11,1620.0,C,0.0,10.05,5.025,109.6318,0.047586,0.00045,-0.99725,0.199074,11,1156.73,3,966,4.73
LLY,2026-08-31,2026-09-11,1640.0,C,0.0,0.49,0.245,73.2913,0.003778,7.6e-05,-0.075728,0.022602,11,1156.73,38,822,4.73
LLY,2026-08-31,2026-09-11,610.0,P,0.0,0.25,0.125,124.2191,-0.001034,1.4e-05,-0.039224,0.00697,11,1156.73,9,7,4.73
LLY,2026-08-31,2026-09-11,620.0,P,0.0,17.05,8.525,220.5327,-0.034129,0.000171,-1.518785,0.151985,11,1156.73,10,6,4.73
LLY,2026-08-31,2026-09-11,630.0,P,0.0,15.45,7.725,211.1455,-0.032588,0.000172,-1.399724,0.14631,11,1156.73,14,8,4.73
LLY,2026-08-31,2026-09-11,640.0,P,0.0,17.05,8.525,210.9014,-0.035714,0.000185,-1.507372,0.157754,11,1156.73,0,10,4.73
LLY,2026-08-31,2026-09-11,650.0,P,0.0,15.25,7.625,201.2639,-0.033807,0.000186,-1.374996,0.150805,11,1156.73,0,17,4.73
LLY,2026-08-31,2026-09-11,660.0,P,0.0,0.14,0.07,104.2974,-0.000697,1.2e-05,-0.022918,0.004853,11,1156.73,105,104,4.73
LLY,2026-08-31,2026-09-11,670.0,P,0.0,0.15,0.075,102.1489,-0.000751,1.3e-05,-0.024023,0.005194,11,1156.73,103,200,4.73
LLY,2026-08-31,2026-09-11,680.0,P,0.0,0.04,0.02,89.4532,-0.000227,5e-06,-0.00695,0.001716,11,1156.73,394,39,4.73
LLY,2026-08-31,2026-09-11,690.0,P,0.0,0.03,0.015,85.1564,-0.000174,4e-06,-0.005154,0.001337,11,1156.73,48,127,4.73
LLY,2026-08-31,2026-09-11,700.0,P,0.0,0.2,0.1,97.0703,-0.001065,1.8e-05,-0.031471,0.007163,11,1156.73,664,1464,4.73
LLY,2026-08-31,2026-09-11,710.0,P,0.0,0.17,0.085,93.1641,-0.000949,1.7e-05,-0.027177,0.006445,11,1156.73,287,593,4.73
LLY,2026-08-31,2026-09-11,720.0,P,0.0,10.55,5.275,157.8982,-0.03069,0.000219,-0.995237,0.139232,11,1156.73,15,359,4.73
LLY,2026-08-31,2026-09-11,730.0,P,0.01,0.15,0.08,87.6954,-0.000945,1.8e-05,-0.025464,0.006417,11,1156.73,134,71,4.73
LLY,2026-08-31,2026-09-11,740.0,P,0.0,0.15,0.075,84.7658,-0.000914,1.8e-05,-0.023874,0.006225,11,1156.73,99,190,4.73
LLY,2026-08-31,2026-09-11,750.0,P,0.0,0.16,0.08,82.8127,-0.000989,2e-05,-0.02507,0.006692,11,1156.73,108,109,4.73
LLY,2026-08-31,2026-09-11,760.0,P,0.01,0.19,0.1,82.2267,-0.001256,2.5e-05,-0.030996,0.008335,11,1156.73,76,86,4.73
LLY,2026-08-31,2026-09-11,770.0,P,0.0,0.19,0.095,79.4924,-0.001238,2.6e-05,-0.029566,0.008225,11,1156.73,20,99,4.73
LLY,2026-08-31,2026-09-11,780.0,P,0.0,0.2,0.1,77.5393,-0.001336,2.8e-05,-0.030911,0.008817,11,1156.73,34,31,4.73
LLY,2026-08-31,2026-09-11,785.0,P,0.0,5.8,2.9,118.6528,-0.023267,0.000231,-0.592933,0.110491,11,1156.73,0,16,4.73
LLY,2026-08-31,2026-09-11,790.0,P,0.01,0.18,0.095,74.8049,-0.001306,2.9e-05,-0.029209,0.008637,11,1156.73,14,14,4.73
LLY,2026-08-31,2026-09-11,800.0,P,0.01,0.19,0.1,72.8518,-0.001405,3.1e-05,-0.030399,0.009232,11,1156.73,1,109,4.73
LLY,2026-08-31,2026-09-11,805.0,P,0.01,0.19,0.1,71.7776,-0.001439,3.3e-05,-0.030596,0.009432,11,1156.73,25,21,4.73
LLY,2026-08-31,2026-09-11,810.0,P,0.0,6.0,3.0,111.1088,-0.025613,0.000267,-0.601614,0.119769,11,1156.73,8,17,4.73
LLY,2026-08-31,2026-09-11,815.0,P,0.01,0.18,0.095,69.1409,-0.00141,3.3e-05,-0.028931,0.00926,11,1156.73,11,29,4.73
LLY,2026-08-31,2026-09-11,835.0,P,0.01,0.36,0.185,69.3362,-0.002741,6.1e-05,-0.053042,0.016937,11,1156.73,17,195,4.73
LLY,2026-08-31,2026-09-11,840.0,P,0.0,5.15,2.575,98.6084,-0.024928,0.000294,-0.521615,0.117078,11,1156.73,23,33,4.73
LLY,2026-08-31,2026-09-11,845.0,P,0.01,0.17,0.09,62.3051,-0.0015,3.9e-05,-0.027572,0.0098,11,1156.73,35,101,4.73
LLY,2026-08-31,2026-09-11,850.0,P,0.01,0.32,0.165,65.0394,-0.002592,6.1e-05,-0.047293,0.016105,11,1156.73,5,10,4.73
LLY,2026-08-31,2026-09-11,855.0,P,0.0,0.4,0.2,65.3324,-0.003152,7.3e-05,-0.05665,0.019206,11,1156.73,1,3,4.73
LLY,2026-08-31,2026-09-11,875.0,P,0.01,0.38,0.195,60.5961,-0.003297,8.2e-05,-0.054682,0.019999,11,1156.73,24,1,4.73
LLY,2026-08-31,2026-09-11,880.0,P,0.0,0.2,0.1,55.3715,-0.00184,5.3e-05,-0.029489,0.011805,11,1156.73,41,1,4.73
LLY,2026-08-31,2026-09-11,885.0,P,0.01,0.23,0.12,55.3715,-0.002218,6.3e-05,-0.034929,0.013985,11,1156.73,19,36,4.73
LLY,2026-08-31,2026-09-11,890.0,P,0.01,0.34,0.175,56.5434,-0.003157,8.4e-05,-0.049056,0.019237,11,1156.73,6,16,4.73
LLY,2026-08-31,2026-09-11,895.0,P,0.01,0.61,0.31,59.2778,-0.005306,0.000128,-0.081836,0.030613,11,1156.73,10,134,4.73
LLY,2026-08-31,2026-09-11,900.0,P,0.01,0.4,0.205,55.3715,-0.003787,0.000101,-0.056548,0.022651,11,1156.73,133,80,4.73
LLY,2026-08-31,2026-09-11,905.0,P,0.01,0.53,0.27,56.0551,-0.004909,0.000126,-0.072182,0.028564,11,1156.73,1,5,4.73
LLY,2026-08-31,2026-09-11,910.0,P,0.01,0.51,0.26,54.688,-0.004851,0.000128,-0.069663,0.028262,11,1156.73,10,27,4.73
LLY,2026-08-31,2026-09-11,915.0,P,0.01,0.4,0.205,52.0513,-0.004001,0.000113,-0.055813,0.023796,11,1156.73,26,4,4.73
LLY,2026-08-31,2026-09-11,920.0,P,0.0,10.0,5.0,85.7912,-0.052673,0.000624,-0.83514,0.215864,11,1156.73,2,32,4.73
LLY,2026-08-31,2026-09-11,925.0,P,0.0,1.04,0.52,56.1528,-0.009296,0.000222,-0.12702,0.05021,11,1156.73,23,3,4.73
LLY,2026-08-31,2026-09-11,930.0,P,0.01,0.81,0.41,53.2231,-0.007769,0.0002,-0.102824,0.042894,11,1156.73,22,3,4.73
LLY,2026-08-31,2026-09-11,940.0,P,0.0,9.4,4.7,78.1985,-0.054305,0.000701,-0.779251,0.221147,11,1156.73,0,1,4.73
LLY,2026-08-31,2026-09-11,945.0,P,0.01,7.3,3.655,72.3636,-0.046374,0.000668,-0.63561,0.194997,11,1156.73,14,18,4.73
LLY,2026-08-31,2026-09-11,950.0,P,0.05,0.79,0.42,53.4428,-0.014603,0.000345,-0.178733,0.074311,11,1156.73,13,9,4.73
LLY,2026-08-31,2026-09-11,955.0,P,0.0,1.15,0.575,55.4692,-0.020183,0.000438,-0.244571,0.097982,11,1156.73,8,8,4.73
LLY,2026-08-31,2026-09-11,960.0,P,0.05,1.0,0.525,52.9302,-0.018445,0.000425,-0.216115,0.090764,11,1156.73,3,5,4.73
LLY,2026-08-31,2026-09-11,965.0,P,0.0,9.2,4.6,69.9405,-0.059079,0.000838,-0.743939,0.236326,11,1156.73,56,4,4.73
LLY,2026-08-31,2026-09-11,970.0,P,0.05,0.9,0.475,49.5611,-0.017761,0.00044,-0.195822,0.087887,11,1156.73,81,39,4.73
LLY,2026-08-31,2026-09-11,975.0,P,0.0,0.74,0.37,46.8389,-0.015525,0.000415,-0.164868,0.078326,11,1156.73,10,22,4.73
LLY,2026-08-31,2026-09-11,980.0,P,0.0,1.18,0.59,49.2925,-0.023104,0.000553,-0.243279,0.109839,11,1156.73,16,43,4.73
LLY,2026-08-31,2026-09-11,985.0,P,0.0,0.85,0.425,45.4351,-0.018254,0.000491,-0.183571,0.089962,11,1156.73,1,6,4.73
LLY,2026-08-31,2026-09-11,990.0,P,0.0,10.0,5.0,63.4586,-0.069683,0.00105,-0.766342,0.26868,11,1156.73,82,55,4.73
LLY,2026-08-31,2026-09-11,995.0,P,0.02,0.78,0.4,42.3956,-0.017933,0.000518,-0.168583,0.088612,11,1156.73,2,111,4.73
LLY,2026-08-31,2026-09-11,1000.0,P,0.15,0.61,0.38,39.6246,-0.015105,0.000479,-0.135959,0.076502,11,1156.73,44,438,4.73
LLY,2026-08-31,2026-09-11,1005.0,P,0.01,0.8,0.405,40.1617,-0.019332,0.000583,-0.170101,0.094464,11,1156.73,2,10,4.73
LLY,2026-08-31,2026-09-11,1010.0,P,0.0,1.04,0.52,40.7477,-0.024484,0.000702,-0.210633,0.115329,11,1156.73,29,38,4.73
LLY,2026-08-31,2026-09-11,1015.0,P,0.0,1.33,0.665,41.3214,-0.030488,0.000831,-0.256376,0.138472,11,1156.73,2,44,4.73
LLY,2026-08-31,2026-09-11,1020.0,P,0.14,0.82,0.48,36.7072,-0.021507,0.000699,-0.169914,0.103397,11,1156.73,32,56,4.73
LLY,2026-08-31,2026-09-11,1025.0,P,0.0,1.09,0.545,37.3419,-0.027757,0.000851,-0.214042,0.128086,11,1156.73,2,12,4.73
LLY,2026-08-31,2026-09-11,1030.0,P,0.04,1.3,0.67,37.3053,-0.032773,0.000977,-0.245287,0.146998,11,1156.73,23,40,4.73
LLY,2026-08-31,2026-09-11,1035.0,P,0.11,1.31,0.71,36.0846,-0.03405,0.001043,-0.244684,0.151696,11,1156.73,7,23,4.73
LLY,2026-08-31,2026-09-11,1040.0,P,0.0,10.0,5.0,59.2655,-0.136472,0.001838,-1.166249,0.439243,11,1156.73,233,190,4.73
LLY,2026-08-31,2026-09-11,1045.0,P,0.2,1.4,0.8,33.9728,-0.038286,0.001219,-0.253222,0.166984,11,1156.73,4,17,4.73
LLY,2026-08-31,2026-09-11,1050.0,P,0.7,1.63,1.165,33.7287,-0.044396,0.001384,-0.283276,0.18828,11,1156.73,22,38,4.73
LLY,2026-08-31,2026-09-11,1055.0,P,0.4,1.62,1.01,32.3615,-0.045829,0.00148,-0.278578,0.193155,11,1156.73,210,203,4.73
LLY,2026-08-31,2026-09-11,1060.0,P,0.73,1.91,1.32,32.1906,-0.053615,0.001687,-0.313835,0.218922,11,1156.73,133,43,4.73
LLY,2026-08-31,2026-09-11,1065.0,P,0.57,2.93,1.75,34.2231,-0.07503,0.00206,-0.433205,0.284342,11,1156.73,1,40,4.73
LLY,2026-08-31,2026-09-11,1070.0,P,1.44,3.7,2.57,34.9067,-0.090936,0.002335,-0.510326,0.328608,11,1156.73,20,58,4.73
LLY,2026-08-31,2026-09-11,1075.0,P,0.62,3.6,2.11,33.1122,-0.092908,0.0025,-0.49122,0.333871,11,1156.73,11,49,4.73
LLY,2026-08-31,2026-09-11,1080.0,P,1.38,3.65,2.515,31.7084,-0.097687,0.002709,-0.487451,0.346433,11,1156.73,30,85,4.73
LLY,2026-08-31,2026-09-11,1085.0,P,0.19,3.5,1.845,29.795,-0.099349,0.002919,-0.462967,0.350738,11,1156.73,21,53,4.73
LLY,2026-08-31,2026-09-11,1090.0,P,2.38,4.5,3.44,30.5457,-0.12135,0.003287,-0.547409,0.404875,11,1156.73,17,43,4.73
LLY,2026-08-31,2026-09-11,1095.0,P,2.27,5.3,3.785,30.5671,-0.139796,0.003623,-0.603395,0.44651,11,1156.73,21,76,4.73
LLY,2026-08-31,2026-09-11,1100.0,P,3.15,6.2,4.675,30.5793,-0.159867,0.00396,-0.659306,0.488324,11,1156.73,94,125,4.73
LLY,2026-08-31,2026-09-11,1105.0,P,2.61,6.75,4.68,29.792,-0.175609,0.004318,-0.681154,0.518776,11,1156.73,7,59,4.73
LLY,2026-08-31,2026-09-11,1110.0,P,2.92,7.8,5.36,29.7218,-0.198551,0.00467,-0.732015,0.55973,11,1156.73,49,30,4.73
LLY,2026-08-31,2026-09-11,1115.0,P,5.85,9.55,7.7,30.5396,-0.22942,0.004944,-0.817246,0.608889,11,1156.73,18,70,4.73
LLY,2026-08-31,2026-09-11,1120.0,P,6.15,10.2,8.175,29.4837,-0.248884,0.005355,-0.822803,0.636606,11,1156.73,34,185,4.73
LLY,2026-08-31,2026-09-11,1125.0,P,7.95,12.2,10.075,30.2009,-0.281572,0.005566,-0.896048,0.677801,11,1156.73,105,81,4.73
LLY,2026-08-31,2026-09-11,1130.0,P,9.1,13.85,11.475,30.2009,-0.310797,0.005824,-0.935576,0.70923,11,1156.73,45,41,4.73
LLY,2026-08-31,2026-09-11,1135.0,P,7.35,17.35,12.35,32.3722,-0.349908,0.005697,-1.05136,0.743721,11,1156.73,80,42,4.73
LLY,2026-08-31,2026-09-11,1140.0,P,10.35,18.85,14.6,31.7573,-0.377435,0.005958,-1.054994,0.762998,11,1156.73,49,110,4.73
LLY,2026-08-31,2026-09-11,1145.0,P,15.6,18.8,17.2,29.0931,-0.401553,0.00662,-0.977721,0.776592,11,1156.73,22,59,4.73
LLY,2026-08-31,2026-09-11,1150.0,P,14.8,21.6,18.2,29.7553,-0.436219,0.006591,-1.016003,0.790849,11,1156.73,24,126,4.73
LLY,2026-08-31,2026-09-11,1155.0,P,17.15,24.9,21.025,30.8112,-0.469808,0.006429,-1.060815,0.798814,11,1156.73,48,146,4.73
LLY,2026-08-31,2026-09-11,1160.0,P,19.4,25.85,22.625,28.8627,-0.503527,0.006883,-0.988947,0.801078,11,1156.73,53,92,4.73
LLY,2026-08-31,2026-09-11,1165.0,P,20.75,29.75,25.25,30.2558,-0.535045,0.006541,-1.031346,0.798017,11,1156.73,47,248,4.73
LLY,2026-08-31,2026-09-11,1170.0,P,23.55,32.6,28.075,30.2085,-0.567433,0.006482,-1.014006,0.789638,11,1156.73,1,48,4.73
LLY,2026-08-31,2026-09-11,1175.0,P,26.25,37.1,31.675,32.0075,-0.592511,0.006039,-1.060371,0.779473,11,1156.73,4,56,4.73
LLY,2026-08-31,2026-09-11,1180.0,P,30.3,38.6,34.45,29.9201,-0.631502,0.006276,-0.951329,0.757183,11,1156.73,22,45,4.73
LLY,2026-08-31,2026-09-11,1182.5,P,31.1,40.0,35.55,29.5967,-0.648495,0.006242,-0.921586,0.74495,11,1156.73,0,3,4.73
LLY,2026-08-31,2026-09-11,1185.0,P,32.85,43.2,38.025,31.5559,-0.652784,0.005828,-0.982319,0.741617,11,1156.73,4,17,4.73
LLY,2026-08-31,2026-09-11,1187.5,P,35.6,43.2,39.4,29.3098,-0.680258,0.006074,-0.871711,0.717871,11,1156.73,1,3,4.73
LLY,2026-08-31,2026-09-11,1190.0,P,37.45,44.9,41.175,29.2213,-0.695482,0.005965,-0.846958,0.702895,11,1156.73,1,41,4.73
LLY,2026-08-31,2026-09-11,1192.5,P,38.0,48.05,43.025,31.0798,-0.697293,0.005594,-0.903164,0.701025,11,1156.73,0,1,4.73
LLY,2026-08-31,2026-09-11,1195.0,P,39.45,48.6,44.025,29.322,-0.723037,0.005687,-0.805875,0.672386,11,1156.73,2,28,4.73
LLY,2026-08-31,2026-09-11,1197.5,P,41.5,51.75,46.625,31.1683,-0.723189,0.005348,-0.861714,0.672206,11,1156.73,0,7,4.73
LLY,2026-08-31,2026-09-11,1200.0,P,43.55,51.85,47.7,28.5621,-0.755902,0.00547,-0.723424,0.630018,11,1156.73,7,94,4.73
LLY,2026-08-31,2026-09-11,1205.0,P,47.3,57.4,52.35,31.1286,-0.760745,0.004965,-0.786143,0.623201,11,1156.73,2,34,4.73
LLY,2026-08-31,2026-09-11,1210.0,P,51.15,61.8,56.475,31.8854,-0.77798,0.004649,-0.768135,0.5977,11,1156.73,3,35,4.73
LLY,2026-08-31,2026-09-11,1215.0,P,55.25,65.8,60.525,31.8824,-0.799538,0.004379,-0.714757,0.562967,11,1156.73,2,28,4.73
LLY,2026-08-31,2026-09-11,1220.0,P,59.4,68.75,64.075,29.7767,-0.837098,0.004117,-0.563248,0.49435,11,1156.73,14,37,4.73
LLY,2026-08-31,2026-09-11,1225.0,P,63.7,74.3,69.0,32.2852,-0.835231,0.003825,-0.624663,0.498021,11,1156.73,1,16,4.73
LLY,2026-08-31,2026-09-11,1230.0,P,68.7,78.55,73.625,32.27,-0.852737,0.003554,-0.56967,0.462475,11,1156.73,1,18,4.73
LLY,2026-08-31,2026-09-11,1235.0,P,72.65,82.7,77.675,31.861,-0.871971,0.003272,-0.497327,0.420324,11,1156.73,3,18,4.73
LLY,2026-08-31,2026-09-11,1240.0,P,76.95,87.6,82.275,32.9749,-0.878207,0.003053,-0.495769,0.405912,11,1156.73,1,24,4.73
LLY,2026-08-31,2026-09-11,1245.0,P,81.65,92.6,87.125,34.2872,-0.88235,0.002865,-0.50373,0.396126,11,1156.73,15,27,4.73
LLY,2026-08-31,2026-09-11,1250.0,P,86.35,97.25,91.8,34.7388,-0.891969,0.002661,-0.473291,0.372721,11,1156.73,5,19,4.73
LLY,2026-08-31,2026-09-11,1255.0,P,90.15,101.9,96.025,35.105,-0.901307,0.002466,-0.44013,0.349042,11,1156.73,3,18,4.73
LLY,2026-08-31,2026-09-11,1260.0,P,95.85,106.95,101.4,36.463,-0.903461,0.002336,-0.451621,0.343439,11,1156.73,3,20,4.73
LLY,2026-08-31,2026-09-11,1265.0,P,99.7,111.6,105.65,36.7133,-0.91219,0.002163,-0.415184,0.320169,11,1156.73,2,7,4.73
LLY,2026-08-31,2026-09-11,1270.0,P,105.5,117.75,111.625,40.9765,-0.896506,0.002187,-0.555147,0.361338,11,1156.73,12,34,4.73
LLY,2026-08-31,2026-09-11,1275.0,P,110.4,123.8,117.1,44.7637,-0.884813,0.002162,-0.676901,0.390224,11,1156.73,1,6,4.73
LLY,2026-08-31,2026-09-11,1280.0,P,115.25,127.5,121.375,42.7496,-0.905278,0.001965,-0.538192,0.338672,11,1156.73,1,11,4.73
LLY,2026-08-31,2026-09-11,1285.0,P,120.2,133.6,126.9,46.7657,-0.892676,0.001967,-0.669536,0.370963,11,1156.73,2,7,4.73
LLY,2026-08-31,2026-09-11,1290.0,P,125.1,137.3,131.2,44.5501,-0.91257,0.001776,-0.524482,0.319134,11,1156.73,3,4,4.73
LLY,2026-08-31,2026-09-11,1295.0,P,130.05,141.85,135.95,44.3792,-0.921096,0.001651,-0.472714,0.295433,11,1156.73,3,4,4.73
LLY,2026-08-31,2026-09-11,1300.0,P,135.05,147.2,141.125,46.552,-0.91782,0.001623,-0.521248,0.304653,11,1156.73,1,12,4.73
LLY,2026-08-31,2026-09-11,1305.0,P,140.0,152.15,146.075,47.5286,-0.920262,0.001554,-0.519163,0.297796,11,1156.73,1,3,4.73
LLY,2026-08-31,2026-09-11,1320.0,P,154.65,169.4,162.025,57.1049,-0.89813,0.001551,-0.803889,0.357209,11,1156.73,1,1,4.73
LLY,2026-08-31,2026-09-11,1325.0,P,157.5,174.65,166.075,58.8993,-0.897271,0.001513,-0.83845,0.359396,11,1156.73,1,0,4.73
LLY,2026-08-31,2026-09-11,1330.0,P,164.5,179.95,172.225,60.8097,-0.895947,0.001479,-0.878554,0.362753,11,1156.73,0,0,4.73
LLY,2026-08-31,2026-09-11,1340.0,P,173.9,187.15,180.525,55.1152,-0.930234,0.00121,-0.544787,0.268928,11,1156.73,1,1,4.73
LLY,2026-08-31,2026-09-11,1360.0,P,192.9,207.15,200.025,59.2533,-0.934662,0.00107,-0.557021,0.255641,11,1156.73,16,0,4.73
LLY,2026-08-31,2026-09-11,1380.0,P,213.95,226.45,220.2,60.6327,-0.946669,0.000892,-0.465913,0.218,11,1156.73,0,0,4.73
LLY,2026-08-31,2026-09-11,1400.0,P,232.9,247.1,240.0,66.9803,-0.942225,0.00086,-0.570528,0.232219,11,1156.73,0,0,4.73
LLY,2026-08-31,2026-09-11,1460.0,P,295.05,307.1,301.075,78.0642,-0.949712,0.000661,-0.594775,0.208056,11,1156.73,0,0,4.73
LLY,2026-08-31,2026-09-11,1500.0,P,335.05,347.1,341.075,85.0099,-0.953471,0.00057,-0.607494,0.19552,11,1156.73,0,0,4.73
LLY,2026-08-31,2026-09-11,1520.0,P,355.05,367.1,361.075,88.3729,-0.955074,0.000533,-0.613327,0.190087,11,1156.73,2,0,4.73
LLY,2026-08-31,2026-09-18,320.0,C,831.6,848.0,839.8,279.9319,0.991366,3.3e-05,-0.499555,0.060209,18,1156.73,6,6,4.73
LLY,2026-08-31,2026-09-18,360.0,C,626.45,635.0,630.725,0.001,1.0,0.0,-0.036741,0.0,18,1156.73,0,3,4.73
LLY,2026-08-31,2026-09-18,390.0,C,597.55,606.0,601.775,0.001,1.0,0.0,-0.039803,0.0,18,1156.73,5,17,4.73
LLY,2026-08-31,2026-09-18,420.0,C,319.1,326.75,322.925,0.001,1.0,0.0,-0.042865,0.0,18,1156.73,2,2,4.73
LLY,2026-08-31,2026-09-18,430.0,C,383.0,393.0,388.0,0.001,1.0,0.0,-0.043885,0.0,18,1156.73,4,5,4.73
LLY,2026-08-31,2026-09-18,440.0,C,301.25,308.8,305.025,0.001,1.0,0.0,-0.044906,0.0,18,1156.73,2,1,4.73
LLY,2026-08-31,2026-09-18,470.0,C,770.5,788.15,779.325,497.3881,0.914549,0.000122,-5.57358,0.401307,18,1156.73,1,5,4.73
LLY,2026-08-31,2026-09-18,480.0,C,352.0,369.05,360.525,0.001,1.0,0.0,-0.048988,0.0,18,1156.73,2,9,4.73
LLY,2026-08-31,2026-09-18,490.0,C,662.5,678.45,670.475,198.6328,0.985072,7.4e-05,-0.582459,0.096879,18,1156.73,6,22,4.73
LLY,2026-08-31,2026-09-18,500.0,C,651.8,669.25,660.525,194.8242,0.984583,7.7e-05,-0.587877,0.099597,18,1156.73,10,24,4.73
LLY,2026-08-31,2026-09-18,520.0,C,632.5,649.8,641.15,191.6016,0.981965,9e-05,-0.656773,0.113902,18,1156.73,2,5,4.73
LLY,2026-08-31,2026-09-18,530.0,C,550.0,560.0,555.0,0.001,1.0,0.0,-0.054091,0.0,18,1156.73,1,6,4.73
LLY,2026-08-31,2026-09-18,540.0,C,702.1,718.9,710.5,436.7467,0.898363,0.000158,-5.568434,0.456182,18,1156.73,2,35,4.73
LLY,2026-08-31,2026-09-18,550.0,C,523.0,532.0,527.5,0.001,1.0,0.0,-0.056132,0.0,18,1156.73,1,21,4.73
LLY,2026-08-31,2026-09-18,560.0,C,680.75,698.45,689.6,418.6162,0.893824,0.00017,-5.511044,0.470867,18,1156.73,8,16,4.73
LLY,2026-08-31,2026-09-18,580.0,C,660.85,678.5,669.675,403.2109,0.888904,0.000183,-5.485667,0.486462,18,1156.73,5,18,4.73
LLY,2026-08-31,2026-09-18,590.0,C,486.15,492.75,489.45,0.001,1.0,0.0,-0.060215,0.0,18,1156.73,2,33,4.73
LLY,2026-08-31,2026-09-18,600.0,C,551.6,569.25,560.425,155.6643,0.981103,0.000115,-0.571178,0.118523,18,1156.73,1,444,4.73
LLY,2026-08-31,2026-09-18,620.0,C,532.65,548.7,540.675,150.5129,0.979246,0.000129,-0.597036,0.128334,18,1156.73,1,20,4.73
LLY,2026-08-31,2026-09-18,640.0,C,515.85,526.3,521.075,146.326,0.976684,0.000147,-0.637693,0.141591,18,1156.73,2,123,4.73
LLY,2026-08-31,2026-09-18,660.0,C,492.0,508.8,500.4,135.4251,0.978426,0.000148,-0.563361,0.132615,18,1156.73,1,69,4.73
LLY,2026-08-31,2026-09-18,670.0,C,481.65,498.8,490.225,131.0917,0.978704,0.000152,-0.543204,0.131169,18,1156.73,3,21,4.73
LLY,2026-08-31,2026-09-18,680.0,C,472.35,488.85,480.6,130.3714,0.976489,0.000166,-0.582639,0.142583,18,1156.73,1,53,4.73
LLY,2026-08-31,2026-09-18,690.0,C,462.35,479.9,471.125,130.3104,0.973594,0.000183,-0.635818,0.157167,18,1156.73,1,26,4.73
LLY,2026-08-31,2026-09-18,700.0,C,455.8,466.65,461.225,127.7347,0.972508,0.000193,-0.64454,0.162546,18,1156.73,2,259,4.73
LLY,2026-08-31,2026-09-18,710.0,C,442.1,459.8,450.95,123.1327,0.973099,0.000196,-0.614876,0.159622,18,1156.73,1,30,4.73
LLY,2026-08-31,2026-09-18,720.0,C,433.45,448.95,441.2,121.4359,0.971265,0.00021,-0.638553,0.16864,18,1156.73,1,21,4.73
LLY,2026-08-31,2026-09-18,730.0,C,421.85,439.8,430.825,116.4311,0.972361,0.000213,-0.598923,0.163269,18,1156.73,1,43,4.73
LLY,2026-08-31,2026-09-18,740.0,C,413.5,429.0,421.25,115.6742,0.969574,0.000232,-0.639738,0.176837,18,1156.73,10,80,4.73
LLY,2026-08-31,2026-09-18,750.0,C,401.55,419.6,410.575,109.2412,0.972249,0.000227,-0.570037,0.16382,18,1156.73,15,68,4.73
LLY,2026-08-31,2026-09-18,760.0,C,396.0,406.9,401.45,110.7426,0.966999,0.000259,-0.655,0.189114,18,1156.73,1,70,4.73
LLY,2026-08-31,2026-09-18,770.0,C,386.05,396.9,391.475,107.9411,0.966022,0.000272,-0.654981,0.193715,18,1156.73,1,74,4.73
LLY,2026-08-31,2026-09-18,780.0,C,376.05,386.95,381.5,105.1702,0.964999,0.000286,-0.654919,0.198491,18,1156.73,1,67,4.73
LLY,2026-08-31,2026-09-18,790.0,C,366.6,376.85,371.725,103.2903,0.96288,0.000306,-0.673397,0.208283,18,1156.73,1,252,4.73
LLY,2026-08-31,2026-09-18,800.0,C,356.9,366.9,361.9,101.1724,0.960945,0.000325,-0.686689,0.217096,18,1156.73,1,148,4.73
LLY,2026-08-31,2026-09-18,810.0,C,344.95,359.2,352.075,99.0357,0.958937,0.000346,-0.699395,0.22612,18,1156.73,1,12,4.73
LLY,2026-08-31,2026-09-18,820.0,C,336.15,347.1,341.625,94.4275,0.960313,0.000353,-0.655491,0.21995,18,1156.73,1,27,4.73
LLY,2026-08-31,2026-09-18,830.0,C,327.05,337.5,332.275,94.1651,0.955497,0.000388,-0.71016,0.241314,18,1156.73,1,54,4.73
LLY,2026-08-31,2026-09-18,840.0,C,316.2,327.2,321.7,89.2274,0.957562,0.000394,-0.655875,0.232234,18,1156.73,4,30,4.73
LLY,2026-08-31,2026-09-18,850.0,C,306.3,317.15,311.725,86.6029,0.956167,0.000417,-0.654591,0.238384,18,1156.73,1,29,4.73
LLY,2026-08-31,2026-09-18,860.0,C,296.3,307.25,301.775,84.0944,0.954534,0.000442,-0.655453,0.245512,18,1156.73,5,30,4.73
LLY,2026-08-31,2026-09-18,870.0,C,286.4,297.25,291.825,81.592,0.952826,0.00047,-0.655916,0.252887,18,1156.73,1,79,4.73
LLY,2026-08-31,2026-09-18,880.0,C,274.95,287.05,281.0,75.9402,0.956975,0.000469,-0.579707,0.234828,18,1156.73,5,55,4.73
LLY,2026-08-31,2026-09-18,890.0,C,265.3,279.5,272.4,78.174,0.946013,0.000546,-0.695404,0.281583,18,1156.73,1,42,4.73
LLY,2026-08-31,2026-09-18,900.0,C,258.45,267.35,262.9,77.0327,0.94101,0.000594,-0.730444,0.301952,18,1156.73,1,173,4.73
LLY,2026-08-31,2026-09-18,910.0,C,246.35,257.4,251.875,71.2161,0.946047,0.000599,-0.64279,0.28144,18,1156.73,1,46,4.73
LLY,2026-08-31,2026-09-18,920.0,C,237.55,247.55,242.55,70.6546,0.939375,0.000662,-0.691656,0.308489,18,1156.73,2,721,4.73
LLY,2026-08-31,2026-09-18,930.0,C,226.6,237.65,232.125,66.785,0.940335,0.000691,-0.652561,0.304657,18,1156.73,7,59,4.73
LLY,2026-08-31,2026-09-18,940.0,C,217.6,230.0,223.8,68.7137,0.926193,0.000792,-0.772178,0.359198,18,1156.73,2,49,4.73
LLY,2026-08-31,2026-09-18,950.0,C,207.05,217.6,212.325,62.1769,0.934264,0.000801,-0.656152,0.32856,18,1156.73,10,179,4.73
LLY,2026-08-31,2026-09-18,960.0,C,196.9,208.0,202.45,59.9308,0.930709,0.000865,-0.658965,0.34221,18,1156.73,1,150,4.73
LLY,2026-08-31,2026-09-18,970.0,C,187.4,198.4,192.9,58.4874,0.924301,0.000949,-0.684441,0.3662,18,1156.73,1,85,4.73
LLY,2026-08-31,2026-09-18,980.0,C,178.15,187.1,182.625,55.2129,0.923434,0.001014,-0.656965,0.369389,18,1156.73,15,86,4.73
LLY,2026-08-31,2026-09-18,990.0,C,168.35,178.4,173.375,54.3706,0.913829,0.001126,-0.700163,0.403836,18,1156.73,5,124,4.73
LLY,2026-08-31,2026-09-18,1000.0,C,160.2,168.6,164.4,53.9159,0.901695,0.001251,-0.756514,0.445209,18,1156.73,6,386,4.73
LLY,2026-08-31,2026-09-18,1010.0,C,148.3,159.45,153.875,50.1531,0.901499,0.001347,-0.711933,0.44586,18,1156.73,3,34,4.73
LLY,2026-08-31,2026-09-18,1020.0,C,138.8,148.4,143.6,55.6279,0.863236,0.001533,-0.956355,0.562704,18,1156.73,1,120,4.73
LLY,2026-08-31,2026-09-18,1030.0,C,127.55,141.9,134.725,58.0815,0.836064,0.001657,-1.108785,0.63498,18,1156.73,2,57,4.73
LLY,2026-08-31,2026-09-18,1040.0,C,119.95,129.95,124.95,52.1215,0.839602,0.00182,-0.992318,0.626023,18,1156.73,160,541,4.73
LLY,2026-08-31,2026-09-18,1050.0,C,109.75,120.4,115.075,49.7411,0.828509,0.001992,-0.988796,0.653675,18,1156.73,14,171,4.73
LLY,2026-08-31,2026-09-18,1060.0,C,102.7,111.5,107.1,48.1847,0.812413,0.002175,-1.010308,0.6916,18,1156.73,161,385,4.73
LLY,2026-08-31,2026-09-18,1070.0,C,92.2,102.4,97.3,46.2164,0.796346,0.002384,-1.01696,0.726991,18,1156.73,31,138,4.73
LLY,2026-08-31,2026-09-18,1080.0,C,83.25,93.65,88.45,44.5562,0.776894,0.002608,-1.031192,0.76671,18,1156.73,27,328,4.73
LLY,2026-08-31,2026-09-18,1090.0,C,75.7,85.05,80.375,42.9022,0.755101,0.002852,-1.042698,0.807345,18,1156.73,14,21,4.73
LLY,2026-08-31,2026-09-18,1100.0,C,67.05,74.9,70.975,39.3042,0.739195,0.003218,-0.990854,0.834542,18,1156.73,17,597,4.73
LLY,2026-08-31,2026-09-18,1110.0,C,60.95,68.5,64.725,39.7253,0.702781,0.003393,-1.05747,0.889361,18,1156.73,10,223,4.73
LLY,2026-08-31,2026-09-18,1120.0,C,53.95,60.1,57.025,37.6654,0.673504,0.003727,-1.042593,0.926266,18,1156.73,6,261,4.73
LLY,2026-08-31,2026-09-18,1130.0,C,44.9,52.8,48.85,36.4707,0.637539,0.004003,-1.04583,0.96326,18,1156.73,25,78,4.73
LLY,2026-08-31,2026-09-18,1140.0,C,39.05,46.75,42.9,36.1685,0.596562,0.004168,-1.06503,0.994615,18,1156.73,20,561,4.73
LLY,2026-08-31,2026-09-18,1150.0,C,34.65,43.95,39.3,38.584,0.552675,0.00399,-1.149623,1.015837,18,1156.73,38,113,4.73
LLY,2026-08-31,2026-09-18,1160.0,C,30.3,35.25,32.775,34.9677,0.510441,0.00444,-1.05182,1.024432,18,1156.73,158,409,4.73
LLY,2026-08-31,2026-09-18,1170.0,C,26.45,30.0,28.225,34.2399,0.46502,0.004518,-1.022864,1.020841,18,1156.73,31,281,4.73
LLY,2026-08-31,2026-09-18,1180.0,C,21.5,25.9,23.7,34.1941,0.420704,0.004452,-1.001203,1.004472,18,1156.73,52,645,4.73
LLY,2026-08-31,2026-09-18,1190.0,C,15.6,24.45,20.025,36.3761,0.386728,0.004096,-1.036724,0.983193,18,1156.73,75,377,4.73
LLY,2026-08-31,2026-09-18,1200.0,C,15.65,18.0,16.825,33.1275,0.33091,0.00426,-0.8943,0.931294,18,1156.73,229,1319,4.73
LLY,2026-08-31,2026-09-18,1210.0,C,11.1,18.4,14.75,36.6355,0.312029,0.003759,-0.959901,0.908807,18,1156.73,8,157,4.73
LLY,2026-08-31,2026-09-18,1215.0,C,10.8,15.4,13.1,34.8151,0.283248,0.003785,-0.872856,0.869524,18,1156.73,24,33,4.73
LLY,2026-08-31,2026-09-18,1220.0,C,10.7,13.0,11.85,33.451,0.256243,0.003747,-0.797397,0.826948,18,1156.73,80,1308,4.73
LLY,2026-08-31,2026-09-18,1225.0,C,9.55,11.85,10.7,33.4083,0.238532,0.00361,-0.76561,0.795883,18,1156.73,20,178,4.73
LLY,2026-08-31,2026-09-18,1230.0,C,7.55,11.45,9.5,34.2109,0.227771,0.003436,-0.762987,0.775745,18,1156.73,26,656,4.73
LLY,2026-08-31,2026-09-18,1235.0,C,7.6,11.8,9.7,35.929,0.224332,0.003244,-0.792942,0.769103,18,1156.73,5,94,4.73
LLY,2026-08-31,2026-09-18,1240.0,C,6.0,9.5,7.75,34.1453,0.196394,0.003157,-0.696934,0.711296,18,1156.73,33,839,4.73
LLY,2026-08-31,2026-09-18,1245.0,C,6.5,8.5,7.5,33.924,0.180344,0.003015,-0.656419,0.674848,18,1156.73,14,151,4.73
LLY,2026-08-31,2026-09-18,1250.0,C,5.15,7.2,6.175,33.1244,0.160501,0.002865,-0.59453,0.626285,18,1156.73,83,693,4.73
LLY,2026-08-31,2026-09-18,1255.0,C,5.05,6.9,5.975,33.7531,0.152494,0.002719,-0.585095,0.605533,18,1156.73,23,12,4.73
LLY,2026-08-31,2026-09-18,1260.0,C,4.7,6.0,5.35,33.332,0.137106,0.002563,-0.537517,0.563665,18,1156.73,234,1401,4.73
LLY,2026-08-31,2026-09-18,1265.0,C,3.8,6.45,5.125,35.1508,0.139263,0.002456,-0.572095,0.569695,18,1156.73,1,27,4.73
LLY,2026-08-31,2026-09-18,1270.0,C,3.6,5.35,4.475,34.2292,0.121649,0.002297,-0.507158,0.518813,18,1156.73,62,718,4.73
LLY,2026-08-31,2026-09-18,1275.0,C,3.3,5.15,4.225,34.8487,0.115955,0.002181,-0.498712,0.50154,18,1156.73,12,140,4.73
LLY,2026-08-31,2026-09-18,1280.0,C,3.0,4.25,3.625,34.0064,0.100487,0.002016,-0.438831,0.452412,18,1156.73,59,511,4.73
LLY,2026-08-31,2026-09-18,1285.0,C,2.31,4.2,3.255,34.8395,0.097356,0.001923,-0.438913,0.442055,18,1156.73,2,15,4.73
LLY,2026-08-31,2026-09-18,1290.0,C,2.15,3.55,2.85,34.2902,0.08538,0.001773,-0.391765,0.401057,18,1156.73,225,387,4.73
LLY,2026-08-31,2026-09-18,1295.0,C,1.85,5.45,3.65,39.3164,0.109627,0.001857,-0.538666,0.481839,18,1156.73,1,4,4.73
LLY,2026-08-31,2026-09-18,1300.0,C,2.25,3.05,2.65,34.8029,0.073756,0.001563,-0.3555,0.359007,18,1156.73,172,2268,4.73
LLY,2026-08-31,2026-09-18,1305.0,C,1.45,2.86,2.155,35.1447,0.069075,0.001472,-0.34117,0.341384,18,1156.73,204,66,4.73
LLY,2026-08-31,2026-09-18,1310.0,C,1.36,2.75,2.055,35.6818,0.065844,0.001397,-0.333596,0.328979,18,1156.73,8,257,4.73
LLY,2026-08-31,2026-09-18,1320.0,C,1.4,2.59,1.995,36.8598,0.060615,0.001268,-0.32274,0.30845,18,1156.73,68,3124,4.73
LLY,2026-08-31,2026-09-18,1340.0,C,0.63,1.57,1.1,36.3288,0.039215,0.000909,-0.2243,0.21782,18,1156.73,20,730,4.73
LLY,2026-08-31,2026-09-18,1360.0,C,0.35,1.35,0.85,38.2086,0.032605,0.000743,-0.202463,0.187243,18,1156.73,9,1391,4.73
LLY,2026-08-31,2026-09-18,1380.0,C,0.24,1.79,1.015,43.0731,0.037701,0.000742,-0.256677,0.210939,18,1156.73,17,358,4.73
LLY,2026-08-31,2026-09-18,1400.0,C,0.2,0.7,0.45,39.4537,0.017268,0.000422,-0.122264,0.109755,18,1156.73,266,2209,4.73
LLY,2026-08-31,2026-09-18,1420.0,C,0.06,0.72,0.39,42.0782,0.016666,0.000383,-0.126357,0.106473,18,1156.73,5,349,4.73
LLY,2026-08-31,2026-09-18,1440.0,C,0.1,0.88,0.49,45.8013,0.01855,0.000386,-0.150547,0.116667,18,1156.73,1,1015,4.73
LLY,2026-08-31,2026-09-18,1460.0,C,0.02,0.96,0.49,48.8164,0.018917,0.000368,-0.163013,0.118628,18,1156.73,6,514,4.73
LLY,2026-08-31,2026-09-18,1480.0,C,0.0,0.64,0.32,48.3648,0.013083,0.000271,-0.117655,0.086465,18,1156.73,2,586,4.73
LLY,2026-08-31,2026-09-18,1500.0,C,0.04,0.86,0.45,52.686,0.015902,0.000294,-0.151492,0.10228,18,1156.73,3,699,4.73
LLY,2026-08-31,2026-09-18,1520.0,C,0.0,0.42,0.21,50.0249,0.008508,0.00018,-0.083558,0.059434,18,1156.73,6,99,4.73
LLY,2026-08-31,2026-09-18,1540.0,C,0.0,0.3,0.15,50.0493,0.006161,0.000135,-0.06287,0.044716,18,1156.73,9,190,4.73
LLY,2026-08-31,2026-09-18,1560.0,C,0.05,0.32,0.185,52.3931,0.006269,0.000131,-0.066799,0.045408,18,1156.73,5,301,4.73
LLY,2026-08-31,2026-09-18,1580.0,C,0.0,0.86,0.43,56.2504,0.007779,0.000148,-0.086721,0.054936,18,1156.73,1,671,4.73
LLY,2026-08-31,2026-09-18,1600.0,C,0.06,0.21,0.135,51.3677,0.002797,6.5e-05,-0.031799,0.022062,18,1156.73,5,518,4.73
LLY,2026-08-31,2026-09-18,1620.0,C,0.0,1.03,0.515,61.4262,0.00848,0.000146,-0.102081,0.059265,18,1156.73,47,858,4.73
LLY,2026-08-31,2026-09-18,1640.0,C,0.0,0.49,0.245,58.2524,0.0044,8.6e-05,-0.054124,0.03314,18,1156.73,11,839,4.73
LLY,2026-08-31,2026-09-18,1660.0,C,0.0,0.57,0.285,60.9867,0.004857,9e-05,-0.061869,0.036196,18,1156.73,18,343,4.73
LLY,2026-08-31,2026-09-18,1680.0,C,0.0,0.56,0.28,62.6469,0.004664,8.4e-05,-0.061283,0.034912,18,1156.73,8,44,4.73
LLY,2026-08-31,2026-09-18,1700.0,C,0.01,0.22,0.115,58.8871,0.002086,4.4e-05,-0.027915,0.01692,18,1156.73,20,137,4.73
LLY,2026-08-31,2026-09-18,1720.0,C,0.0,0.55,0.275,65.9183,0.00434,7.5e-05,-0.060434,0.032737,18,1156.73,8,77,4.73
LLY,2026-08-31,2026-09-18,1740.0,C,0.0,0.12,0.06,58.5942,0.001112,2.5e-05,-0.015643,0.009533,18,1156.73,1,22,4.73
LLY,2026-08-31,2026-09-18,1760.0,C,0.0,0.25,0.125,64.0629,0.002077,4e-05,-0.030232,0.016856,18,1156.73,2,28,4.73
LLY,2026-08-31,2026-09-18,1780.0,C,0.0,0.25,0.125,65.6253,0.002039,3.8e-05,-0.030446,0.016575,18,1156.73,1,13,4.73
LLY,2026-08-31,2026-09-18,1800.0,C,0.0,0.13,0.065,63.4769,0.001131,2.3e-05,-0.017207,0.009686,18,1156.73,3,331,4.73
LLY,2026-08-31,2026-09-18,320.0,P,0.0,0.05,0.025,168.7502,-0.000147,1e-06,-0.006801,0.001455,18,1156.73,2,93,4.73
LLY,2026-08-31,2026-09-18,350.0,P,0.0,4.3,2.15,247.5346,-0.007086,3.1e-05,-0.346901,0.050599,18,1156.73,1,6,4.73
LLY,2026-08-31,2026-09-18,360.0,P,0.0,4.4,2.2,242.8227,-0.007391,3.3e-05,-0.353171,0.052517,18,1156.73,2,69,4.73
LLY,2026-08-31,2026-09-18,380.0,P,0.0,4.8,2.4,235.2055,-0.00829,3.7e-05,-0.378371,0.058094,18,1156.73,6,5,4.73
LLY,2026-08-31,2026-09-18,390.0,P,0.0,0.12,0.06,153.1252,-0.000372,3e-06,-0.01472,0.003472,18,1156.73,11,27,4.73
LLY,2026-08-31,2026-09-18,400.0,P,0.0,0.15,0.075,152.7346,-0.000474,4e-06,-0.018356,0.004341,18,1156.73,27,260,4.73
LLY,2026-08-31,2026-09-18,410.0,P,0.0,10.05,5.025,248.5599,-0.015449,6.1e-05,-0.686642,0.099777,18,1156.73,6,44,4.73
LLY,2026-08-31,2026-09-18,420.0,P,0.0,4.0,2.0,209.5708,-0.0079,4e-05,-0.323065,0.055685,18,1156.73,6,47,4.73
LLY,2026-08-31,2026-09-18,430.0,P,0.0,4.5,2.25,208.6431,-0.008861,4.5e-05,-0.35571,0.061589,18,1156.73,68,53,4.73
LLY,2026-08-31,2026-09-18,440.0,P,0.0,17.05,8.525,257.8251,-0.023982,8.5e-05,-1.034755,0.144984,18,1156.73,1,154,4.73
LLY,2026-08-31,2026-09-18,450.0,P,0.0,10.05,5.025,227.9789,-0.016936,7.2e-05,-0.681183,0.10795,18,1156.73,11,56,4.73
LLY,2026-08-31,2026-09-18,460.0,P,0.0,10.05,5.025,223.1206,-0.017321,7.5e-05,-0.679538,0.110043,18,1156.73,25,152,4.73
LLY,2026-08-31,2026-09-18,470.0,P,0.0,10.05,5.025,218.3842,-0.017717,7.8e-05,-0.67803,0.112189,18,1156.73,1,55,4.73
LLY,2026-08-31,2026-09-18,480.0,P,0.0,12.75,6.375,223.4624,-0.021471,9e-05,-0.816736,0.132076,18,1156.73,1,443,4.73
LLY,2026-08-31,2026-09-18,490.0,P,0.0,10.3,5.15,210.1445,-0.018861,8.5e-05,-0.68804,0.118328,18,1156.73,1,1403,4.73
LLY,2026-08-31,2026-09-18,500.0,P,0.0,0.12,0.06,119.5317,-0.000484,6e-06,-0.014658,0.004433,18,1156.73,26,260,4.73
LLY,2026-08-31,2026-09-18,510.0,P,0.0,10.25,5.125,201.1235,-0.019651,9.2e-05,-0.681762,0.122527,18,1156.73,24,674,4.73
LLY,2026-08-31,2026-09-18,520.0,P,0.0,14.4,7.2,210.1445,-0.025556,0.00011,-0.889009,0.152923,18,1156.73,45,4542,4.73
LLY,2026-08-31,2026-09-18,530.0,P,0.0,13.25,6.625,202.3198,-0.024657,0.000111,-0.830516,0.148401,18,1156.73,4,91,4.73
LLY,2026-08-31,2026-09-18,540.0,P,0.0,17.05,8.525,208.4722,-0.02999,0.000127,-1.007573,0.174736,18,1156.73,30,227,4.73
LLY,2026-08-31,2026-09-18,550.0,P,0.0,10.05,5.025,183.7891,-0.021173,0.000108,-0.663441,0.130529,18,1156.73,2,136,4.73
LLY,2026-08-31,2026-09-18,560.0,P,0.0,17.05,8.525,199.7314,-0.031342,0.000138,-1.001042,0.181234,18,1156.73,1,400,4.73
LLY,2026-08-31,2026-09-18,570.0,P,0.0,17.05,8.525,195.4834,-0.032044,0.000143,-0.997749,0.184582,18,1156.73,1,77,4.73
LLY,2026-08-31,2026-09-18,580.0,P,0.0,15.25,7.625,186.8531,-0.030358,0.000143,-0.911879,0.176509,18,1156.73,8,129,4.73
LLY,2026-08-31,2026-09-18,590.0,P,0.0,14.15,7.075,180.0172,-0.029476,0.000145,-0.857197,0.172245,18,1156.73,4,110,4.73
LLY,2026-08-31,2026-09-18,600.0,P,0.0,15.15,7.575,178.6134,-0.031592,0.000155,-0.900702,0.182427,18,1156.73,25,977,4.73
LLY,2026-08-31,2026-09-18,620.0,P,0.0,15.2,7.6,171.0023,-0.033108,0.000168,-0.89612,0.18962,18,1156.73,1,469,4.73
LLY,2026-08-31,2026-09-18,640.0,P,0.0,10.05,5.025,150.4031,-0.02591,0.000156,-0.642798,0.154697,18,1156.73,8,424,4.73
LLY,2026-08-31,2026-09-18,660.0,P,0.0,9.1,4.55,140.9061,-0.025259,0.000163,-0.589344,0.151436,18,1156.73,7,430,4.73
LLY,2026-08-31,2026-09-18,670.0,P,0.0,2.1,1.05,108.643,-0.008386,8.2e-05,-0.176034,0.058688,18,1156.73,8,233,4.73
LLY,2026-08-31,2026-09-18,680.0,P,0.0,10.05,5.025,136.9876,-0.028421,0.000185,-0.632077,0.167107,18,1156.73,18,186,4.73
LLY,2026-08-31,2026-09-18,690.0,P,0.0,10.05,5.025,133.7406,-0.029092,0.000193,-0.629087,0.170381,18,1156.73,3,166,4.73
LLY,2026-08-31,2026-09-18,700.0,P,0.0,0.13,0.065,74.219,-0.000842,1.5e-05,-0.015118,0.007384,18,1156.73,23,457,4.73
LLY,2026-08-31,2026-09-18,710.0,P,0.0,1.31,0.655,92.212,-0.0063,7.5e-05,-0.116011,0.045603,18,1156.73,2,291,4.73
LLY,2026-08-31,2026-09-18,720.0,P,0.0,10.05,5.025,124.268,-0.031256,0.000221,-0.62004,0.180822,18,1156.73,5,213,4.73
LLY,2026-08-31,2026-09-18,730.0,P,0.0,10.05,5.025,121.1918,-0.032031,0.000231,-0.616935,0.184516,18,1156.73,6,398,4.73
LLY,2026-08-31,2026-09-18,740.0,P,0.0,1.65,0.825,87.7443,-0.008212,0.0001,-0.139384,0.057613,18,1156.73,10,246,4.73
LLY,2026-08-31,2026-09-18,750.0,P,0.0,0.08,0.04,62.1098,-0.000633,1.4e-05,-0.009715,0.005676,18,1156.73,1,443,4.73
LLY,2026-08-31,2026-09-18,760.0,P,0.0,0.09,0.045,60.7426,-0.000699,1.6e-05,-0.010415,0.006224,18,1156.73,1,557,4.73
LLY,2026-08-31,2026-09-18,770.0,P,0.0,0.1,0.05,59.5707,-0.000799,1.8e-05,-0.011543,0.007035,18,1156.73,1,186,4.73
LLY,2026-08-31,2026-09-18,780.0,P,0.0,0.11,0.055,58.3012,-0.000896,2e-05,-0.012558,0.007822,18,1156.73,167,478,4.73
LLY,2026-08-31,2026-09-18,790.0,P,0.0,3.65,1.825,85.8522,-0.017643,0.000197,-0.264348,0.111787,18,1156.73,8,432,4.73
LLY,2026-08-31,2026-09-18,800.0,P,0.0,0.6,0.3,65.0882,-0.004193,7.4e-05,-0.056874,0.031744,18,1156.73,15,367,4.73
LLY,2026-08-31,2026-09-18,810.0,P,0.0,5.35,2.675,86.4747,-0.024934,0.000263,-0.356651,0.149799,18,1156.73,4,316,4.73
LLY,2026-08-31,2026-09-18,820.0,P,0.0,0.37,0.185,57.9106,-0.002944,6e-05,-0.036812,0.023109,18,1156.73,5,307,4.73
LLY,2026-08-31,2026-09-18,830.0,P,0.0,0.4,0.2,56.4946,-0.003233,6.7e-05,-0.039057,0.025142,18,1156.73,8,444,4.73
LLY,2026-08-31,2026-09-18,840.0,P,0.09,0.2,0.145,52.8325,-0.002544,5.8e-05,-0.029412,0.020254,18,1156.73,2,258,4.73
LLY,2026-08-31,2026-09-18,850.0,P,0.0,0.83,0.415,57.5688,-0.006415,0.000122,-0.073319,0.046344,18,1156.73,1,439,4.73
LLY,2026-08-31,2026-09-18,860.0,P,0.0,3.6,1.8,68.9334,-0.021437,0.00029,-0.249883,0.131903,18,1156.73,3,269,4.73
LLY,2026-08-31,2026-09-18,870.0,P,0.01,0.42,0.215,53.7358,-0.006904,0.000139,-0.072963,0.04945,18,1156.73,36,252,4.73
LLY,2026-08-31,2026-09-18,880.0,P,0.01,0.54,0.275,53.5649,-0.008807,0.000173,-0.090072,0.061265,18,1156.73,8,151,4.73
LLY,2026-08-31,2026-09-18,890.0,P,0.01,0.83,0.42,54.8344,-0.012918,0.000236,-0.128671,0.085523,18,1156.73,2,213,4.73
LLY,2026-08-31,2026-09-18,900.0,P,0.17,0.47,0.32,48.731,-0.008421,0.000183,-0.078697,0.058901,18,1156.73,11,1916,4.73
LLY,2026-08-31,2026-09-18,910.0,P,0.0,1.26,0.63,54.1875,-0.019266,0.000337,-0.178979,0.120489,18,1156.73,1,301,4.73
LLY,2026-08-31,2026-09-18,920.0,P,0.0,0.69,0.345,47.437,-0.012423,0.000264,-0.10742,0.082678,18,1156.73,4,337,4.73
LLY,2026-08-31,2026-09-18,930.0,P,0.04,0.82,0.43,46.6558,-0.014805,0.000312,-0.122848,0.096193,18,1156.73,2,184,4.73
LLY,2026-08-31,2026-09-18,940.0,P,0.04,0.71,0.375,43.7261,-0.013757,0.000313,-0.107995,0.090299,18,1156.73,2,427,4.73
LLY,2026-08-31,2026-09-18,950.0,P,0.06,0.79,0.425,42.4688,-0.015606,0.000359,-0.116823,0.100647,18,1156.73,18,241,4.73
LLY,2026-08-31,2026-09-18,960.0,P,0.08,0.94,0.51,41.651,-0.018689,0.000427,-0.133555,0.117412,18,1156.73,44,323,4.73
LLY,2026-08-31,2026-09-18,970.0,P,0.32,1.25,0.785,41.6144,-0.024349,0.000535,-0.166762,0.146844,18,1156.73,13,205,4.73
LLY,2026-08-31,2026-09-18,980.0,P,0.44,1.29,0.865,39.7955,-0.026121,0.000593,-0.168973,0.155749,18,1156.73,5,265,4.73
LLY,2026-08-31,2026-09-18,990.0,P,0.64,1.37,1.005,38.1598,-0.028663,0.000668,-0.17488,0.168288,18,1156.73,89,377,4.73
LLY,2026-08-31,2026-09-18,1000.0,P,0.77,1.69,1.23,37.5678,-0.035227,0.000805,-0.203924,0.199542,18,1156.73,22,2413,4.73
LLY,2026-08-31,2026-09-18,1010.0,P,1.05,1.85,1.45,36.1029,-0.039634,0.000922,-0.215495,0.21971,18,1156.73,102,326,4.73
LLY,2026-08-31,2026-09-18,1020.0,P,1.4,2.17,1.785,35.1203,-0.046916,0.001086,-0.239895,0.251781,18,1156.73,109,430,4.73
LLY,2026-08-31,2026-09-18,1030.0,P,1.88,2.4,2.14,33.6799,-0.053322,0.001255,-0.254348,0.27883,18,1156.73,89,334,4.73
LLY,2026-08-31,2026-09-18,1040.0,P,1.89,3.05,2.47,33.2953,-0.066734,0.001513,-0.299286,0.332416,18,1156.73,62,610,4.73
LLY,2026-08-31,2026-09-18,1050.0,P,2.23,3.8,3.015,32.7918,-0.082102,0.0018,-0.344688,0.389436,18,1156.73,95,1004,4.73
LLY,2026-08-31,2026-09-18,1060.0,P,3.45,4.4,3.925,31.6535,-0.096172,0.002098,-0.373447,0.438102,18,1156.73,96,199,4.73
LLY,2026-08-31,2026-09-18,1070.0,P,4.35,5.45,4.9,31.1347,-0.117332,0.002462,-0.423043,0.505756,18,1156.73,315,389,4.73
LLY,2026-08-31,2026-09-18,1080.0,P,5.4,6.65,6.025,30.5061,-0.141368,0.002859,-0.470382,0.575529,18,1156.73,94,611,4.73
LLY,2026-08-31,2026-09-18,1090.0,P,5.95,8.35,7.15,30.2467,-0.172173,0.003284,-0.529482,0.655334,18,1156.73,347,140,4.73
LLY,2026-08-31,2026-09-18,1100.0,P,8.65,10.2,9.425,29.7523,-0.20554,0.003723,-0.578885,0.730989,18,1156.73,262,1038,4.73
LLY,2026-08-31,2026-09-18,1110.0,P,10.65,13.9,12.275,31.0127,-0.254651,0.004028,-0.678661,0.824259,18,1156.73,115,264,4.73
LLY,2026-08-31,2026-09-18,1120.0,P,11.7,15.55,13.625,29.4044,-0.289446,0.004528,-0.68187,0.878506,18,1156.73,28,490,4.73
LLY,2026-08-31,2026-09-18,1130.0,P,16.55,19.95,18.25,30.3047,-0.34149,0.004715,-0.751366,0.942787,18,1156.73,210,314,4.73
LLY,2026-08-31,2026-09-18,1140.0,P,19.55,24.65,22.1,30.9394,-0.392357,0.004836,-0.799721,0.987249,18,1156.73,139,656,4.73
LLY,2026-08-31,2026-09-18,1150.0,P,21.35,29.0,25.175,30.7319,-0.441727,0.005,-0.810452,1.013831,18,1156.73,70,552,4.73
LLY,2026-08-31,2026-09-18,1160.0,P,25.2,34.65,29.925,31.298,-0.491776,0.004961,-0.829243,1.024565,18,1156.73,130,309,4.73
LLY,2026-08-31,2026-09-18,1170.0,P,30.75,39.8,35.275,30.9272,-0.541791,0.004994,-0.807611,1.019155,18,1156.73,18,147,4.73
LLY,2026-08-31,2026-09-18,1180.0,P,38.6,45.25,41.925,30.3733,-0.592616,0.004975,-0.766713,0.997042,18,1156.73,2,234,4.73
LLY,2026-08-31,2026-09-18,1190.0,P,42.6,53.15,47.875,31.8046,-0.633114,0.004609,-0.774396,0.967193,18,1156.73,55,207,4.73
LLY,2026-08-31,2026-09-18,1200.0,P,50.3,58.1,54.2,29.7614,-0.689619,0.004617,-0.662327,0.906723,18,1156.73,25,436,4.73
LLY,2026-08-31,2026-09-18,1210.0,P,57.65,67.15,62.4,31.6749,-0.718619,0.004147,-0.671015,0.866762,18,1156.73,8,98,4.73
LLY,2026-08-31,2026-09-18,1215.0,P,60.35,70.6,65.475,31.2995,-0.740812,0.004028,-0.628664,0.831869,18,1156.73,3,31,4.73
LLY,2026-08-31,2026-09-18,1220.0,P,64.3,72.6,68.45,28.9619,-0.778529,0.003995,-0.514977,0.7635,18,1156.73,5,271,4.73
LLY,2026-08-31,2026-09-18,1225.0,P,68.25,78.75,73.5,31.7115,-0.774259,0.003689,-0.580517,0.771836,18,1156.73,2,4,4.73
LLY,2026-08-31,2026-09-18,1230.0,P,72.6,81.0,76.8,29.3006,-0.811402,0.003589,-0.460769,0.693899,18,1156.73,7,146,4.73
LLY,2026-08-31,2026-09-18,1235.0,P,76.8,88.0,82.4,33.2496,-0.795282,0.003324,-0.570734,0.729249,18,1156.73,2,21,4.73
LLY,2026-08-31,2026-09-18,1240.0,P,82.15,90.95,86.55,31.5864,-0.823741,0.003191,-0.477154,0.665175,18,1156.73,11,112,4.73
LLY,2026-08-31,2026-09-18,1245.0,P,86.8,96.45,91.625,33.4723,-0.82314,0.003018,-0.512847,0.666608,18,1156.73,2,37,4.73
LLY,2026-08-31,2026-09-18,1250.0,P,89.35,102.25,95.8,35.7825,-0.819379,0.002861,-0.564319,0.675499,18,1156.73,14,100,4.73
LLY,2026-08-31,2026-09-18,1255.0,P,94.1,102.9,98.5,29.8652,-0.878703,0.002627,-0.315331,0.517757,18,1156.73,1,3,4.73
LLY,2026-08-31,2026-09-18,1260.0,P,98.15,106.55,102.35,28.1196,-0.904689,0.002346,-0.222302,0.435213,18,1156.73,2,56,4.73
LLY,2026-08-31,2026-09-18,1265.0,P,102.8,111.6,107.2,29.1816,-0.906567,0.002227,-0.229263,0.428871,18,1156.73,3,4,4.73
LLY,2026-08-31,2026-09-18,1270.0,P,105.95,118.35,112.15,33.7348,-0.881989,0.002281,-0.359717,0.507825,18,1156.73,1,71,4.73
LLY,2026-08-31,2026-09-18,1275.0,P,112.0,122.95,117.475,33.9423,-0.890542,0.002149,-0.336162,0.481307,18,1156.73,0,4,4.73
LLY,2026-08-31,2026-09-18,1280.0,P,116.7,125.7,121.2,29.6699,-0.930031,0.001761,-0.161563,0.344783,18,1156.73,1,309,4.73
LLY,2026-08-31,2026-09-18,1285.0,P,121.4,131.8,126.6,33.3503,-0.912777,0.001852,-0.256351,0.407517,18,1156.73,0,2,4.73
LLY,2026-08-31,2026-09-18,1290.0,P,124.55,137.3,130.925,35.4102,-0.907248,0.001826,-0.298496,0.42656,18,1156.73,1,26,4.73
LLY,2026-08-31,2026-09-18,1295.0,P,130.95,141.85,136.4,35.2729,-0.916028,0.001702,-0.265507,0.396086,18,1156.73,12,6,4.73
LLY,2026-08-31,2026-09-18,1300.0,P,133.6,146.7,140.15,35.7978,-0.92013,0.001615,-0.255717,0.381419,18,1156.73,5,261,4.73
LLY,2026-08-31,2026-09-18,1305.0,P,140.6,151.55,146.075,36.2891,-0.924137,0.001532,-0.245223,0.366806,18,1156.73,5,5,4.73
LLY,2026-08-31,2026-09-18,1320.0,P,155.25,166.15,160.7,37.7387,-0.934684,0.001313,-0.215455,0.326931,18,1156.73,1,84,4.73
LLY,2026-08-31,2026-09-18,1340.0,P,175.05,186.15,180.6,40.9979,-0.939389,0.00114,-0.221392,0.308434,18,1156.73,80,109,4.73
LLY,2026-08-31,2026-09-18,1360.0,P,195.0,206.15,200.575,44.1534,-0.943318,0.001004,-0.226533,0.292625,18,1156.73,40,1,4.73
LLY,2026-08-31,2026-09-18,1380.0,P,215.0,226.5,220.75,48.3526,-0.942117,0.000932,-0.265276,0.297494,18,1156.73,11,2,4.73
LLY,2026-08-31,2026-09-18,1400.0,P,235.0,245.9,240.45,49.3108,-0.952691,0.000779,-0.209658,0.25347,18,1156.73,142,34,4.73
LLY,2026-08-31,2026-09-18,1420.0,P,255.0,265.9,260.45,52.1794,-0.955042,0.000707,-0.212795,0.243299,18,1156.73,10,0,4.73
LLY,2026-08-31,2026-09-18,1440.0,P,275.0,285.9,280.45,54.9687,-0.957132,0.000646,-0.215368,0.234136,18,1156.73,3,4,4.73
LLY,2026-08-31,2026-09-18,1460.0,P,295.0,305.9,300.45,57.7031,-0.958949,0.000594,-0.217965,0.226068,18,1156.73,3,3,4.73
LLY,2026-08-31,2026-09-18,1480.0,P,314.15,325.9,320.025,60.3642,-0.9606,0.000549,-0.22001,0.218655,18,1156.73,1,0,4.73
LLY,2026-08-31,2026-09-18,1500.0,P,333.9,347.1,340.5,67.5723,-0.949963,0.000595,-0.35005,0.265087,18,1156.73,2,0,4.73
LLY,2026-08-31,2026-09-18,1540.0,P,375.0,385.9,380.45,68.0179,-0.964616,0.000446,-0.225167,0.200272,18,1156.73,2,0,4.73
LLY,2026-08-31,2026-09-18,1560.0,P,303.35,320.75,312.05,0.001,-1.0,0.0,0.159211,0.0,18,1156.73,1,0,4.73
LLY,2026-08-31,2026-09-18,1580.0,P,413.95,426.1,420.025,73.7918,-0.964832,0.000409,-0.251109,0.199269,18,1156.73,2,0,4.73
LLY,2026-08-31,2026-09-18,1600.0,P,610.45,619.45,614.95,286.0171,-0.575452,0.000533,-7.865873,1.006399,18,1156.73,0,0,4.73
LLY,2026-08-31,2026-09-18,1620.0,P,452.9,467.1,460.0,82.7944,-0.958188,0.00042,-0.366987,0.22946,18,1156.73,1,0,4.73
LLY,2026-08-31,2026-09-18,1700.0,P,535.0,545.9,540.45,86.3527,-0.971438,0.000294,-0.23213,0.167794,18,1156.73,0,0,4.73
LLY,2026-08-31,2026-09-18,1720.0,P,463.35,481.0,472.175,0.001,-1.0,0.0,0.175541,0.0,18,1156.73,1,0,4.73
LLY,2026-08-31,2026-09-25,880.0,C,272.9,290.55,281.725,67.1695,0.951328,0.000496,-0.494059,0.305584,25,1156.73,2,1,4.73
LLY,2026-08-31,2026-09-25,950.0,C,208.45,221.5,214.975,58.8261,0.91504,0.000873,-0.640114,0.470907,25,1156.73,0,4,4.73
LLY,2026-08-31,2026-09-25,970.0,C,188.9,200.25,194.575,53.3574,0.911314,0.000994,-0.606628,0.486257,25,1156.73,0,0,4.73
LLY,2026-08-31,2026-09-25,980.0,C,179.2,194.0,186.6,54.6086,0.894251,0.001106,-0.690839,0.553311,25,1156.73,2,1,4.73
LLY,2026-08-31,2026-09-25,990.0,C,169.45,182.5,175.975,51.1479,0.894128,0.001181,-0.654081,0.553773,25,1156.73,2,1,4.73
LLY,2026-08-31,2026-09-25,1000.0,C,159.9,172.9,166.4,58.9207,0.850335,0.001305,-0.913302,0.70479,25,1156.73,3,1,4.73
LLY,2026-08-31,2026-09-25,1015.0,C,145.5,160.0,152.75,57.5825,0.831385,0.001444,-0.959476,0.762058,25,1156.73,2,1,4.73
LLY,2026-08-31,2026-09-25,1020.0,C,140.85,154.0,147.425,54.9687,0.832508,0.001506,-0.916784,0.758788,25,1156.73,1,1,4.73
LLY,2026-08-31,2026-09-25,1025.0,C,136.1,150.0,143.05,54.8405,0.824324,0.001556,-0.940044,0.782274,25,1156.73,1,0,4.73
LLY,2026-08-31,2026-09-25,1030.0,C,131.45,142.35,136.9,50.2156,0.833507,0.001642,-0.843017,0.755866,25,1156.73,1,1,4.73
LLY,2026-08-31,2026-09-25,1035.0,C,126.8,137.7,132.25,49.3139,0.827904,0.001708,-0.845206,0.772097,25,1156.73,0,1,4.73
LLY,2026-08-31,2026-09-25,1040.0,C,122.25,133.1,127.675,48.4563,0.821837,0.001777,-0.848345,0.789254,25,1156.73,2,1,4.73
LLY,2026-08-31,2026-09-25,1050.0,C,113.1,123.75,118.425,46.5063,0.80982,0.001929,-0.847542,0.821984,25,1156.73,0,2,4.73
LLY,2026-08-31,2026-09-25,1075.0,C,90.6,102.1,96.35,43.1204,0.766814,0.002344,-0.878989,0.92631,25,1156.73,0,1,4.73
LLY,2026-08-31,2026-09-25,1080.0,C,87.2,97.9,92.55,42.4749,0.756791,0.002435,-0.884634,0.947918,25,1156.73,1,1,4.73
LLY,2026-08-31,2026-09-25,1090.0,C,79.85,89.05,84.45,40.6302,0.737613,0.00265,-0.879711,0.986573,25,1156.73,10,2,4.73
LLY,2026-08-31,2026-09-25,1095.0,C,75.05,85.85,80.45,40.8285,0.722606,0.002711,-0.904931,1.014431,25,1156.73,22,10,4.73
LLY,2026-08-31,2026-09-25,1100.0,C,71.25,82.0,76.625,40.3433,0.709964,0.002803,-0.911649,1.036318,25,1156.73,8,8,4.73
LLY,2026-08-31,2026-09-25,1105.0,C,68.6,78.6,73.6,40.2182,0.695529,0.002875,-0.926413,1.059581,25,1156.73,1,2,4.73
LLY,2026-08-31,2026-09-25,1110.0,C,64.85,74.65,69.75,39.5361,0.682599,0.002978,-0.926103,1.078888,25,1156.73,32,7,4.73
LLY,2026-08-31,2026-09-25,1115.0,C,62.65,70.8,66.725,38.8937,0.668935,0.00308,-0.925692,1.097747,25,1156.73,11,6,4.73
LLY,2026-08-31,2026-09-25,1120.0,C,59.15,67.75,63.45,38.8953,0.652842,0.003136,-0.939864,1.11796,25,1156.73,2,4,4.73
LLY,2026-08-31,2026-09-25,1125.0,C,55.9,64.1,60.0,38.3139,0.637961,0.003232,-0.938357,1.134763,25,1156.73,10,1,4.73
LLY,2026-08-31,2026-09-25,1135.0,C,47.7,58.3,53.0,38.2346,0.604533,0.003328,-0.957107,1.166017,25,1156.73,48,2,4.73
LLY,2026-08-31,2026-09-25,1140.0,C,46.4,55.15,50.775,37.8836,0.587959,0.003394,-0.956552,1.178243,25,1156.73,94,5,4.73
LLY,2026-08-31,2026-09-25,1145.0,C,43.65,52.85,48.25,38.1659,0.570472,0.003399,-0.969455,1.188826,25,1156.73,4,2,4.73
LLY,2026-08-31,2026-09-25,1150.0,C,40.6,50.0,45.3,37.9248,0.553366,0.003444,-0.968117,1.196897,25,1156.73,11,34,4.73
LLY,2026-08-31,2026-09-25,1155.0,C,37.55,47.65,42.6,38.024,0.536048,0.003452,-0.973166,1.202784,25,1156.73,52,14,4.73
LLY,2026-08-31,2026-09-25,1160.0,C,35.85,45.1,40.475,37.8897,0.5187,0.003474,-0.970882,1.206391,25,1156.73,19,34,4.73
LLY,2026-08-31,2026-09-25,1165.0,C,34.1,40.4,37.25,35.9427,0.499391,0.003666,-0.923055,1.207717,25,1156.73,4,14,4.73
LLY,2026-08-31,2026-09-25,1170.0,C,30.75,38.95,34.85,36.5637,0.482195,0.003601,-0.935297,1.206515,25,1156.73,85,69,4.73
LLY,2026-08-31,2026-09-25,1175.0,C,29.55,38.0,33.775,37.525,0.466354,0.003499,-0.954401,1.20342,25,1156.73,2,94,4.73
LLY,2026-08-31,2026-09-25,1180.0,C,26.9,35.7,31.3,37.3206,0.448713,0.003502,-0.943381,1.197724,25,1156.73,3,27,4.73
LLY,2026-08-31,2026-09-25,1185.0,C,25.05,31.65,28.35,35.5933,0.426539,0.003639,-0.892294,1.187185,25,1156.73,42,77,4.73
LLY,2026-08-31,2026-09-25,1190.0,C,23.55,29.25,26.4,35.1462,0.407298,0.003648,-0.871061,1.174964,25,1156.73,126,106,4.73
LLY,2026-08-31,2026-09-25,1195.0,C,21.6,29.5,25.55,36.8613,0.396403,0.003454,-0.904013,1.166766,25,1156.73,2,14,4.73
LLY,2026-08-31,2026-09-25,1200.0,C,21.3,26.6,23.95,35.8496,0.37552,0.003496,-0.865094,1.148439,25,1156.73,45,43,4.73
LLY,2026-08-31,2026-09-25,1205.0,C,18.6,24.85,21.725,35.7428,0.358322,0.003452,-0.848133,1.130735,25,1156.73,60,8,4.73
LLY,2026-08-31,2026-09-25,1210.0,C,17.5,22.0,19.75,34.5801,0.335783,0.003483,-0.800904,1.103896,25,1156.73,127,11,4.73
LLY,2026-08-31,2026-09-25,1215.0,C,14.65,20.9,17.775,34.8944,0.321139,0.00339,-0.792484,1.084203,25,1156.73,1,12,4.73
LLY,2026-08-31,2026-09-25,1220.0,C,11.85,21.75,16.8,36.9513,0.317076,0.003185,-0.832249,1.078419,25,1156.73,53,100,4.73
LLY,2026-08-31,2026-09-25,1225.0,C,13.7,19.75,16.725,36.3471,0.298613,0.003153,-0.796841,1.05036,25,1156.73,15,28,4.73
LLY,2026-08-31,2026-09-25,1230.0,C,13.0,19.9,16.45,37.7066,0.292146,0.003009,-0.816686,1.039833,25,1156.73,11,175,4.73
LLY,2026-08-31,2026-09-25,1235.0,C,11.0,18.45,14.725,37.5037,0.276942,0.002949,-0.791158,1.013622,25,1156.73,164,95,4.73
LLY,2026-08-31,2026-09-25,1240.0,C,10.05,16.55,13.3,36.7713,0.258602,0.002906,-0.749035,0.979219,25,1156.73,6,44,4.73
LLY,2026-08-31,2026-09-25,1245.0,C,5.8,13.9,9.85,35.134,0.233922,0.002882,-0.678282,0.927929,25,1156.73,82,54,4.73
LLY,2026-08-31,2026-09-25,1250.0,C,8.7,12.0,10.35,34.1163,0.213236,0.002816,-0.624655,0.880317,25,1156.73,12,60,4.73
LLY,2026-08-31,2026-09-25,1255.0,C,8.25,13.65,10.95,36.991,0.221408,0.002654,-0.690371,0.899646,25,1156.73,66,103,4.73
LLY,2026-08-31,2026-09-25,1260.0,C,7.95,10.2,9.075,34.0369,0.187605,0.002613,-0.576023,0.815108,25,1156.73,42,75,4.73
LLY,2026-08-31,2026-09-25,1265.0,C,5.1,11.6,8.35,36.698,0.195729,0.002487,-0.635962,0.836547,25,1156.73,114,134,4.73
LLY,2026-08-31,2026-09-25,1270.0,C,6.25,11.45,8.85,37.5037,0.190332,0.002393,-0.638199,0.822387,25,1156.73,3,114,4.73
LLY,2026-08-31,2026-09-25,1275.0,C,6.05,7.95,7.0,33.9667,0.153414,0.002302,-0.504065,0.716478,25,1156.73,5,28,4.73
LLY,2026-08-31,2026-09-25,1280.0,C,4.95,7.1,6.025,33.6554,0.140828,0.002193,-0.471301,0.676511,25,1156.73,8,62,4.73
LLY,2026-08-31,2026-09-25,1285.0,C,5.0,6.65,5.825,33.8569,0.132709,0.002094,-0.454889,0.649597,25,1156.73,2,68,4.73
LLY,2026-08-31,2026-09-25,1290.0,C,0.05,6.0,3.025,33.689,0.122271,0.001987,-0.4273,0.613621,25,1156.73,1,67,4.73
LLY,2026-08-31,2026-09-25,1295.0,C,3.85,5.45,4.65,33.6097,0.113016,0.001884,-0.402934,0.580365,25,1156.73,32,35,4.73
LLY,2026-08-31,2026-09-25,1300.0,C,3.45,5.1,4.275,33.8111,0.106298,0.001792,-0.387621,0.555385,25,1156.73,14,107,4.73
LLY,2026-08-31,2026-09-25,1305.0,C,3.0,4.55,3.775,33.5944,0.097019,0.001688,-0.360159,0.519643,25,1156.73,3,18,4.73
LLY,2026-08-31,2026-09-25,1310.0,C,2.87,4.2,3.535,33.6829,0.090373,0.001597,-0.342459,0.493117,25,1156.73,5,13,4.73
LLY,2026-08-31,2026-09-25,1315.0,C,2.74,3.85,3.295,33.7226,0.083801,0.001508,-0.323874,0.46608,25,1156.73,4,27,4.73
LLY,2026-08-31,2026-09-25,1320.0,C,1.37,3.6,2.485,33.9209,0.078665,0.001429,-0.310405,0.444359,25,1156.73,6,80,4.73
LLY,2026-08-31,2026-09-25,1325.0,C,1.87,3.4,2.635,34.1956,0.07433,0.001358,-0.299528,0.425605,25,1156.73,10,44,4.73
LLY,2026-08-31,2026-09-25,1330.0,C,1.75,3.1,2.425,34.1956,0.068591,0.001277,-0.281471,0.40015,25,1156.73,2,8,4.73
LLY,2026-08-31,2026-09-25,1335.0,C,1.86,2.88,2.37,34.3421,0.06408,0.001206,-0.268029,0.379617,25,1156.73,133,51,4.73
LLY,2026-08-31,2026-09-25,1340.0,C,1.44,2.48,1.96,33.9484,0.056807,0.00111,-0.241031,0.345463,25,1156.73,2,70,4.73
LLY,2026-08-31,2026-09-25,1345.0,C,1.13,3.15,2.14,36.4081,0.065761,0.001161,-0.289499,0.387323,25,1156.73,36,15,4.73
LLY,2026-08-31,2026-09-25,1360.0,C,0.86,1.82,1.34,34.4672,0.042605,0.000869,-0.194127,0.274561,25,1156.73,191,457,4.73
LLY,2026-08-31,2026-09-25,1380.0,C,0.57,1.85,1.21,37.0429,0.040438,0.000775,-0.199588,0.26319,25,1156.73,97,135,4.73
LLY,2026-08-31,2026-09-25,1400.0,C,0.4,1.07,0.735,35.9748,0.025403,0.000544,-0.131917,0.179315,25,1156.73,101,336,4.73
LLY,2026-08-31,2026-09-25,1420.0,C,0.18,1.1,0.64,38.3307,0.024505,0.000495,-0.136175,0.173989,25,1156.73,172,35,4.73
LLY,2026-08-31,2026-09-25,1440.0,C,0.1,0.96,0.53,39.6612,0.020987,0.00042,-0.123501,0.152682,25,1156.73,4,12,4.73
LLY,2026-08-31,2026-09-25,1460.0,C,0.0,0.84,0.42,40.9186,0.018003,0.000357,-0.111739,0.134034,25,1156.73,9,28,4.73
LLY,2026-08-31,2026-09-25,1480.0,C,0.0,0.8,0.4,42.6275,0.016571,0.00032,-0.108342,0.12487,25,1156.73,35,44,4.73
LLY,2026-08-31,2026-09-25,1500.0,C,0.0,0.5,0.25,41.8707,0.010914,0.000227,-0.074159,0.087072,25,1156.73,715,123,4.73
LLY,2026-08-31,2026-09-25,1520.0,C,0.0,0.5,0.25,43.7017,0.010489,0.00021,-0.074711,0.084113,25,1156.73,991,17,4.73
LLY,2026-08-31,2026-09-25,1540.0,C,0.0,1.0,0.5,49.8906,0.017561,0.000287,-0.132913,0.131217,25,1156.73,883,139,4.73
LLY,2026-08-31,2026-09-25,1560.0,C,0.0,0.24,0.12,43.3844,0.005311,0.000116,-0.040685,0.04619,25,1156.73,277,279,4.73
LLY,2026-08-31,2026-09-25,1580.0,C,0.0,1.4,0.7,51.0869,0.012342,0.000207,-0.100385,0.096885,25,1156.73,89,592,4.73
LLY,2026-08-31,2026-09-25,1600.0,C,0.0,0.52,0.26,50.9038,0.009404,0.000164,-0.078916,0.076469,25,1156.73,12,593,4.73
LLY,2026-08-31,2026-09-25,1620.0,C,0.0,0.64,0.32,53.9311,0.010788,0.000174,-0.094196,0.086202,25,1156.73,53,347,4.73
LLY,2026-08-31,2026-09-25,1640.0,C,0.0,0.61,0.305,50.9771,0.00569,0.000105,-0.050711,0.049106,25,1156.73,25,99,4.73
LLY,2026-08-31,2026-09-25,610.0,P,0.0,17.05,8.525,153.1619,-0.035681,0.000169,-0.722963,0.237646,25,1156.73,0,35,4.73
LLY,2026-08-31,2026-09-25,620.0,P,0.0,17.05,8.525,149.8171,-0.036478,0.000176,-0.719978,0.241986,25,1156.73,0,23,4.73
LLY,2026-08-31,2026-09-25,630.0,P,0.0,17.05,8.525,146.5213,-0.037294,0.000183,-0.716871,0.246402,25,1156.73,1,144,4.73
LLY,2026-08-31,2026-09-25,640.0,P,0.0,17.05,8.525,143.2803,-0.038136,0.000191,-0.713778,0.250932,25,1156.73,0,48,4.73
LLY,2026-08-31,2026-09-25,650.0,P,0.0,17.05,8.525,140.0821,-0.038996,0.000199,-0.71052,0.255534,25,1156.73,2,20,4.73
LLY,2026-08-31,2026-09-25,660.0,P,0.0,1.4,0.7,90.2101,-0.006113,6.3e-05,-0.093633,0.052331,25,1156.73,73,14,4.73
LLY,2026-08-31,2026-09-25,670.0,P,0.0,8.7,4.35,116.6508,-0.025604,0.000169,-0.417704,0.180506,25,1156.73,1,26,4.73
LLY,2026-08-31,2026-09-25,680.0,P,0.0,1.01,0.505,82.4221,-0.004903,5.7e-05,-0.070294,0.04302,25,1156.73,14,13,4.73
LLY,2026-08-31,2026-09-25,690.0,P,0.0,9.05,4.525,112.0366,-0.027594,0.000187,-0.426894,0.192154,25,1156.73,90,10,4.73
LLY,2026-08-31,2026-09-25,700.0,P,0.01,1.62,0.815,83.2277,-0.007621,8.3e-05,-0.104866,0.063583,25,1156.73,149,19,4.73
LLY,2026-08-31,2026-09-25,710.0,P,0.01,1.31,0.66,78.9065,-0.006585,7.7e-05,-0.087365,0.055889,25,1156.73,44,4,4.73
LLY,2026-08-31,2026-09-25,720.0,P,0.01,0.7,0.355,71.2893,-0.004047,5.5e-05,-0.051169,0.036245,25,1156.73,125,16,4.73
LLY,2026-08-31,2026-09-25,730.0,P,0.0,9.55,4.775,102.5518,-0.031529,0.000228,-0.436065,0.214635,25,1156.73,62,3,4.73
LLY,2026-08-31,2026-09-25,740.0,P,0.01,1.39,0.7,73.3889,-0.007444,9.3e-05,-0.090474,0.06228,25,1156.73,84,4,4.73
LLY,2026-08-31,2026-09-25,750.0,P,0.0,5.85,2.925,88.8307,-0.023243,0.000204,-0.292661,0.166423,25,1156.73,72,4,4.73
LLY,2026-08-31,2026-09-25,760.0,P,0.01,1.02,0.515,66.7728,-0.006112,8.6e-05,-0.069112,0.052325,25,1156.73,10,24,4.73
LLY,2026-08-31,2026-09-25,770.0,P,0.01,0.95,0.48,64.3314,-0.005926,8.6e-05,-0.064759,0.050908,25,1156.73,55,5,4.73
LLY,2026-08-31,2026-09-25,780.0,P,0.0,10.2,5.1,91.1622,-0.037401,0.000296,-0.445422,0.246981,25,1156.73,14,208,4.73
LLY,2026-08-31,2026-09-25,790.0,P,0.01,0.28,0.145,53.0278,-0.002288,4.5e-05,-0.022715,0.021684,25,1156.73,77,16,4.73
LLY,2026-08-31,2026-09-25,795.0,P,0.01,0.88,0.445,59.2045,-0.005964,9.4e-05,-0.059885,0.051202,25,1156.73,14,6,4.73
LLY,2026-08-31,2026-09-25,800.0,P,0.01,0.28,0.145,51.3677,-0.002334,4.7e-05,-0.022394,0.022077,25,1156.73,27,45,4.73
LLY,2026-08-31,2026-09-25,815.0,P,0.01,0.33,0.17,53.6626,-0.004915,8.8e-05,-0.045662,0.043112,25,1156.73,369,69,4.73
LLY,2026-08-31,2026-09-25,820.0,P,0.01,0.52,0.265,51.5142,-0.004166,7.9e-05,-0.037807,0.037195,25,1156.73,2,3,4.73
LLY,2026-08-31,2026-09-25,830.0,P,0.01,0.39,0.2,52.1977,-0.005921,0.000106,-0.052378,0.050874,25,1156.73,16,11,4.73
LLY,2026-08-31,2026-09-25,835.0,P,0.01,0.48,0.245,52.686,-0.007119,0.000124,-0.062215,0.05988,25,1156.73,0,4,4.73
LLY,2026-08-31,2026-09-25,845.0,P,0.01,0.61,0.31,52.6128,-0.008944,0.000152,-0.075894,0.073179,25,1156.73,0,6,4.73
LLY,2026-08-31,2026-09-25,850.0,P,0.0,0.47,0.235,49.9761,-0.00733,0.000134,-0.060502,0.061437,25,1156.73,328,192,4.73
LLY,2026-08-31,2026-09-25,855.0,P,0.01,0.56,0.285,50.2691,-0.008594,0.000153,-0.069985,0.070668,25,1156.73,5,14,4.73
LLY,2026-08-31,2026-09-25,865.0,P,0.01,0.53,0.27,48.1939,-0.008482,0.000158,-0.066284,0.069854,25,1156.73,10,10,4.73
LLY,2026-08-31,2026-09-25,875.0,P,0.0,0.59,0.295,47.1929,-0.009579,0.00018,-0.072167,0.077712,25,1156.73,37,38,4.73
LLY,2026-08-31,2026-09-25,880.0,P,0.11,0.64,0.375,46.8511,-0.010385,0.000194,-0.076853,0.083386,25,1156.73,10,6,4.73
LLY,2026-08-31,2026-09-25,890.0,P,0.0,10.55,5.275,65.7413,-0.052142,0.000536,-0.41781,0.322821,25,1156.73,1,66,4.73
LLY,2026-08-31,2026-09-25,900.0,P,0.0,1.49,0.745,49.5,-0.021604,0.000345,-0.152223,0.156471,25,1156.73,1,22,4.73
LLY,2026-08-31,2026-09-25,905.0,P,0.0,7.3,3.65,57.5077,-0.042456,0.000519,-0.309552,0.273788,25,1156.73,12,12,4.73
LLY,2026-08-31,2026-09-25,910.0,P,0.17,0.88,0.525,43.775,-0.014865,0.000284,-0.09776,0.113755,25,1156.73,8,16,4.73
LLY,2026-08-31,2026-09-25,915.0,P,0.15,0.96,0.555,43.482,-0.016201,0.000307,-0.104517,0.122481,25,1156.73,2,74,4.73
LLY,2026-08-31,2026-09-25,920.0,P,0.35,0.99,0.67,42.8228,-0.01692,0.000324,-0.106785,0.127116,25,1156.73,2,15,4.73
LLY,2026-08-31,2026-09-25,925.0,P,0.41,1.17,0.79,43.0914,-0.019633,0.000365,-0.121931,0.14429,25,1156.73,14,0,4.73
LLY,2026-08-31,2026-09-25,930.0,P,0.41,1.29,0.85,42.8839,-0.021548,0.000397,-0.131246,0.156124,25,1156.73,24,1,4.73
LLY,2026-08-31,2026-09-25,935.0,P,0.5,1.26,0.88,41.8219,-0.02157,0.000408,-0.128045,0.156263,25,1156.73,20,4,4.73
LLY,2026-08-31,2026-09-25,940.0,P,0.59,1.47,1.03,42.0294,-0.024741,0.000455,-0.144379,0.175391,25,1156.73,24,4,4.73
LLY,2026-08-31,2026-09-25,945.0,P,0.2,1.53,0.865,41.4068,-0.025986,0.000482,-0.148144,0.182759,25,1156.73,6,2,4.73
LLY,2026-08-31,2026-09-25,950.0,P,0.23,1.61,0.92,40.8697,-0.027546,0.000512,-0.153441,0.191875,25,1156.73,31,14,4.73
LLY,2026-08-31,2026-09-25,955.0,P,0.66,1.51,1.085,39.5026,-0.026796,0.000518,-0.144841,0.187506,25,1156.73,6,1,4.73
LLY,2026-08-31,2026-09-25,960.0,P,0.51,1.67,1.09,39.3072,-0.029484,0.000564,-0.155987,0.203039,25,1156.73,10,13,4.73
LLY,2026-08-31,2026-09-25,965.0,P,0.72,1.77,1.245,38.8068,-0.03142,0.000602,-0.162243,0.214025,25,1156.73,34,9,4.73
LLY,2026-08-31,2026-09-25,970.0,P,1.07,2.06,1.565,39.0143,-0.035902,0.000668,-0.181949,0.238854,25,1156.73,24,56,4.73
LLY,2026-08-31,2026-09-25,975.0,P,1.07,2.06,1.565,38.0743,-0.03667,0.000696,-0.180545,0.243025,25,1156.73,53,13,4.73
LLY,2026-08-31,2026-09-25,980.0,P,1.2,2.23,1.715,37.7326,-0.039695,0.00075,-0.19076,0.259257,25,1156.73,41,41,4.73
LLY,2026-08-31,2026-09-25,985.0,P,1.16,2.53,1.845,37.7631,-0.044434,0.000821,-0.209045,0.284036,25,1156.73,118,14,4.73
LLY,2026-08-31,2026-09-25,990.0,P,1.26,2.68,1.97,37.2565,-0.047334,0.000875,-0.216842,0.29884,25,1156.73,44,23,4.73
LLY,2026-08-31,2026-09-25,995.0,P,0.78,3.55,2.165,38.6603,-0.058861,0.001003,-0.267401,0.355244,25,1156.73,3,49,4.73
LLY,2026-08-31,2026-09-25,1000.0,P,1.02,3.05,2.035,36.3532,-0.054272,0.001,-0.235594,0.333232,25,1156.73,3,31,4.73
LLY,2026-08-31,2026-09-25,1005.0,P,1.94,3.35,2.645,36.1396,-0.059266,0.001078,-0.250846,0.357159,25,1156.73,9,11,4.73
LLY,2026-08-31,2026-09-25,1010.0,P,2.13,4.25,3.19,37.2382,-0.071212,0.001207,-0.297943,0.411868,25,1156.73,10,6,4.73
LLY,2026-08-31,2026-09-25,1015.0,P,0.0,6.0,3.0,39.6948,-0.090981,0.001362,-0.382135,0.495578,25,1156.73,3,10,4.73
LLY,2026-08-31,2026-09-25,1020.0,P,1.8,4.5,3.15,35.6818,-0.077638,0.001345,-0.304384,0.439955,25,1156.73,45,19,4.73
LLY,2026-08-31,2026-09-25,1025.0,P,0.7,4.75,2.725,35.1325,-0.082458,0.00143,-0.31336,0.460452,25,1156.73,2,5,4.73
LLY,2026-08-31,2026-09-25,1030.0,P,1.63,5.2,3.415,34.9311,-0.08964,0.001531,-0.331356,0.490143,25,1156.73,1,7,4.73
LLY,2026-08-31,2026-09-25,1035.0,P,2.17,7.6,4.885,37.9035,-0.115787,0.0017,-0.433224,0.590461,25,1156.73,12,9,4.73
LLY,2026-08-31,2026-09-25,1040.0,P,2.75,10.0,6.375,40.264,-0.138642,0.001814,-0.521697,0.669352,25,1156.73,208,17,4.73
LLY,2026-08-31,2026-09-25,1045.0,P,2.55,6.5,4.525,33.8691,-0.111394,0.001851,-0.375325,0.574399,25,1156.73,4,20,4.73
LLY,2026-08-31,2026-09-25,1050.0,P,2.96,6.45,4.705,32.6606,-0.114064,0.001952,-0.367532,0.584197,25,1156.73,55,102,4.73
LLY,2026-08-31,2026-09-25,1055.0,P,4.1,12.25,8.175,39.4751,-0.166658,0.002091,-0.576291,0.756348,25,1156.73,14,71,4.73
LLY,2026-08-31,2026-09-25,1060.0,P,5.25,8.7,6.975,33.6173,-0.143296,0.002222,-0.442486,0.684511,25,1156.73,4,565,4.73
LLY,2026-08-31,2026-09-25,1065.0,P,3.85,12.65,8.25,37.3786,-0.17888,0.00231,-0.569188,0.791253,25,1156.73,2,86,4.73
LLY,2026-08-31,2026-09-25,1070.0,P,5.75,8.85,7.3,31.3941,-0.153678,0.002493,-0.431393,0.717295,25,1156.73,1,31,4.73
LLY,2026-08-31,2026-09-25,1075.0,P,5.95,14.7,10.325,37.0764,-0.203262,0.002519,-0.609176,0.855783,25,1156.73,2,21,4.73
LLY,2026-08-31,2026-09-25,1080.0,P,7.15,10.45,8.8,30.8906,-0.178517,0.002791,-0.466148,0.790243,25,1156.73,7,49,4.73
LLY,2026-08-31,2026-09-25,1085.0,P,4.45,15.65,10.05,35.3522,-0.221895,0.00278,-0.609183,0.900777,25,1156.73,25,33,4.73
LLY,2026-08-31,2026-09-25,1090.0,P,8.35,12.75,10.55,30.8784,-0.209743,0.003081,-0.512437,0.871845,25,1156.73,229,69,4.73
LLY,2026-08-31,2026-09-25,1095.0,P,9.25,13.55,11.4,30.3703,-0.223061,0.003246,-0.521135,0.903471,25,1156.73,2,51,4.73
LLY,2026-08-31,2026-09-25,1100.0,P,11.25,14.85,13.05,30.3108,-0.240154,0.003389,-0.540928,0.941436,25,1156.73,33,279,4.73
LLY,2026-08-31,2026-09-25,1105.0,P,11.95,19.1,15.525,33.007,-0.273447,0.00333,-0.630825,1.007305,25,1156.73,12,37,4.73
LLY,2026-08-31,2026-09-25,1110.0,P,12.55,19.7,16.125,32.0487,-0.286357,0.003507,-0.624543,1.030095,25,1156.73,3,38,4.73
LLY,2026-08-31,2026-09-25,1115.0,P,14.95,22.95,18.95,33.451,-0.311123,0.003489,-0.676676,1.069692,25,1156.73,24,21,4.73
LLY,2026-08-31,2026-09-25,1120.0,P,14.05,22.65,18.35,31.565,-0.321732,0.003751,-0.64479,1.085035,25,1156.73,226,84,4.73
LLY,2026-08-31,2026-09-25,1125.0,P,15.8,22.6,19.2,29.8774,-0.334508,0.004026,-0.616951,1.102252,25,1156.73,20,93,4.73
LLY,2026-08-31,2026-09-25,1130.0,P,19.8,24.5,22.15,29.8377,-0.355254,0.004123,-0.628399,1.127326,25,1156.73,24,204,4.73
LLY,2026-08-31,2026-09-25,1135.0,P,19.8,27.4,23.6,30.5518,-0.378612,0.004112,-0.656144,1.15137,25,1156.73,41,55,4.73
LLY,2026-08-31,2026-09-25,1140.0,P,23.3,31.25,27.275,31.9465,-0.402598,0.004002,-0.697928,1.171541,25,1156.73,3,91,4.73
LLY,2026-08-31,2026-09-25,1145.0,P,24.5,33.25,28.875,31.7039,-0.422644,0.004078,-0.698173,1.184942,25,1156.73,12,12,4.73
LLY,2026-08-31,2026-09-25,1150.0,P,25.3,36.1,30.7,32.0747,-0.443566,0.004067,-0.711048,1.195614,25,1156.73,7,153,4.73
LLY,2026-08-31,2026-09-25,1155.0,P,30.05,39.1,34.575,32.4821,-0.464072,0.004041,-0.722746,1.202817,25,1156.73,31,67,4.73
LLY,2026-08-31,2026-09-25,1160.0,P,32.55,40.65,36.6,31.6276,-0.484779,0.004164,-0.702132,1.206839,25,1156.73,2,79,4.73
LLY,2026-08-31,2026-09-25,1165.0,P,34.6,44.2,39.4,32.3173,-0.504675,0.004077,-0.716585,1.207635,25,1156.73,215,76,4.73
LLY,2026-08-31,2026-09-25,1170.0,P,36.85,46.65,41.75,32.0335,-0.525377,0.004106,-0.705525,1.205274,25,1156.73,10,40,4.73
LLY,2026-08-31,2026-09-25,1175.0,P,40.15,48.5,44.325,31.1729,-0.547744,0.004197,-0.678075,1.199059,25,1156.73,36,77,4.73
LLY,2026-08-31,2026-09-25,1180.0,P,41.0,51.25,46.125,30.9638,-0.568958,0.004192,-0.664439,1.189631,25,1156.73,1,67,4.73
LLY,2026-08-31,2026-09-25,1185.0,P,44.3,55.8,50.05,32.1723,-0.584848,0.004003,-0.684851,1.180299,25,1156.73,3,17,4.73
LLY,2026-08-31,2026-09-25,1190.0,P,47.45,57.6,52.525,31.0004,-0.609277,0.00409,-0.642849,1.162122,25,1156.73,6,25,4.73
LLY,2026-08-31,2026-09-25,1195.0,P,52.25,60.2,56.225,30.4008,-0.632014,0.004095,-0.613103,1.140975,25,1156.73,4,16,4.73
LLY,2026-08-31,2026-09-25,1200.0,P,54.2,64.85,59.525,31.5025,-0.645505,0.003902,-0.62704,1.126471,25,1156.73,1,19,4.73
LLY,2026-08-31,2026-09-25,1205.0,P,57.8,68.5,63.15,31.6688,-0.663117,0.003808,-0.614928,1.105302,25,1156.73,2,18,4.73
LLY,2026-08-31,2026-09-25,1210.0,P,62.05,70.15,66.1,29.9201,-0.692581,0.003881,-0.547972,1.064109,25,1156.73,2,48,4.73
LLY,2026-08-31,2026-09-25,1215.0,P,65.5,75.55,70.525,31.5543,-0.699475,0.003643,-0.574634,1.053403,25,1156.73,67,50,4.73
LLY,2026-08-31,2026-09-25,1220.0,P,68.95,77.25,73.1,29.586,-0.731066,0.003684,-0.497054,0.998981,25,1156.73,3,53,4.73
LLY,2026-08-31,2026-09-25,1225.0,P,72.75,82.65,77.7,31.1561,-0.736028,0.003466,-0.521453,0.989613,25,1156.73,2,31,4.73
LLY,2026-08-31,2026-09-25,1230.0,P,76.1,85.0,80.55,29.5539,-0.764955,0.003435,-0.451079,0.930391,25,1156.73,4,16,4.73
LLY,2026-08-31,2026-09-25,1235.0,P,80.1,90.55,85.325,31.24,-0.766899,0.003235,-0.478993,0.926122,25,1156.73,58,44,4.73
LLY,2026-08-31,2026-09-25,1240.0,P,84.0,97.75,90.875,34.661,-0.755778,0.002991,-0.559531,0.950048,25,1156.73,2,21,4.73
LLY,2026-08-31,2026-09-25,1245.0,P,86.0,99.05,92.525,31.7084,-0.792141,0.002984,-0.446469,0.867221,25,1156.73,4,39,4.73
LLY,2026-08-31,2026-09-25,1250.0,P,92.1,102.45,97.275,30.8357,-0.812969,0.002879,-0.395431,0.813564,25,1156.73,1,10,4.73
LLY,2026-08-31,2026-09-25,1255.0,P,96.3,107.1,101.7,31.385,-0.821347,0.002749,-0.388505,0.790621,25,1156.73,2,24,4.73
LLY,2026-08-31,2026-09-25,1260.0,P,100.5,110.9,105.7,30.7838,-0.838773,0.002624,-0.345546,0.740261,25,1156.73,1,9,4.73
LLY,2026-08-31,2026-09-25,1265.0,P,103.25,118.25,110.75,34.7541,-0.818626,0.002506,-0.446209,0.79816,25,1156.73,1,35,4.73
LLY,2026-08-31,2026-09-25,1270.0,P,108.85,119.7,114.275,30.9211,-0.860454,0.002373,-0.302103,0.67232,25,1156.73,16,21,4.73
LLY,2026-08-31,2026-09-25,1275.0,P,113.6,124.1,118.85,30.8906,-0.871207,0.002248,-0.277711,0.636285,25,1156.73,18,12,4.73
LLY,2026-08-31,2026-09-25,1280.0,P,118.55,128.85,123.7,31.3483,-0.877402,0.00214,-0.268832,0.614771,25,1156.73,2,13,4.73
LLY,2026-08-31,2026-09-25,1285.0,P,123.15,131.45,127.3,27.7961,-0.915294,0.001844,-0.139845,0.469854,25,1156.73,4,17,4.73
LLY,2026-08-31,2026-09-25,1290.0,P,127.65,137.7,132.675,31.0249,-0.89812,0.001894,-0.214207,0.53855,25,1156.73,2,13,4.73
LLY,2026-08-31,2026-09-25,1295.0,P,130.15,143.25,136.7,32.8132,-0.892908,0.001857,-0.246532,0.558375,25,1156.73,0,1,4.73
LLY,2026-08-31,2026-09-25,1300.0,P,136.65,147.95,142.3,33.0695,-0.899088,0.001765,-0.232605,0.534818,25,1156.73,1,13,4.73
LLY,2026-08-31,2026-09-25,1305.0,P,139.65,152.65,146.15,33.2862,-0.905166,0.001675,-0.217875,0.51101,25,1156.73,0,2,4.73
LLY,2026-08-31,2026-09-25,1310.0,P,144.2,157.35,150.775,33.4632,-0.911143,0.001588,-0.202397,0.486953,25,1156.73,4,2,4.73
LLY,2026-08-31,2026-09-25,1320.0,P,155.7,168.15,161.925,36.5485,-0.904193,0.001537,-0.252572,0.514866,25,1156.73,2,6,4.73
LLY,2026-08-31,2026-09-25,1325.0,P,158.6,171.7,165.15,34.2841,-0.925112,0.001362,-0.166884,0.428042,25,1156.73,20,10,4.73
LLY,2026-08-31,2026-09-25,1340.0,P,174.8,186.25,180.525,35.3125,-0.935434,0.00118,-0.140363,0.381853,25,1156.73,22,13,4.73
LLY,2026-08-31,2026-09-25,1360.0,P,192.95,209.15,201.05,44.4525,-0.905138,0.001255,-0.326349,0.511123,25,1156.73,2,7,4.73
LLY,2026-08-31,2026-09-25,1380.0,P,212.9,230.0,221.45,48.9721,-0.901993,0.001166,-0.382944,0.523521,25,1156.73,0,0,4.73
LLY,2026-08-31,2026-09-25,1400.0,P,232.05,250.0,241.025,51.8376,-0.90663,0.001063,-0.391348,0.50518,25,1156.73,2,0,4.73
LLY,2026-08-31,2026-09-25,1420.0,P,252.9,268.2,260.55,50.7939,-0.927425,0.000898,-0.287819,0.417902,25,1156.73,0,0,4.73
LLY,2026-08-31,2026-09-25,1440.0,P,272.9,288.8,280.85,54.7734,-0.924862,0.000855,-0.331586,0.42913,25,1156.73,2,0,4.73
LLY,2026-08-31,2026-09-25,1460.0,P,292.9,308.2,300.55,55.9209,-0.933234,0.000765,-0.296828,0.391902,25,1156.73,0,0,4.73
LLY,2026-08-31,2026-10-02,950.0,C,208.45,222.75,215.6,53.2903,0.911081,0.000882,-0.544454,0.551214,32,1156.73,2,1,4.73
LLY,2026-08-31,2026-10-02,965.0,C,195.2,206.1,200.65,50.1897,0.905879,0.000977,-0.537263,0.574936,32,1156.73,2,1,4.73
LLY,2026-08-31,2026-10-02,1000.0,C,161.35,172.8,167.075,52.1764,0.851029,0.001299,-0.730837,0.794909,32,1156.73,14,7,4.73
LLY,2026-08-31,2026-10-02,1050.0,C,116.9,127.4,122.15,44.9377,0.793514,0.001854,-0.766852,0.977309,32,1156.73,3,1,4.73
LLY,2026-08-31,2026-10-02,1065.0,C,105.05,114.45,109.75,43.0304,0.7697,0.002062,-0.778896,1.040752,32,1156.73,0,1,4.73
LLY,2026-08-31,2026-10-02,1075.0,C,95.35,106.5,100.925,42.2339,0.750054,0.002197,-0.79579,1.08826,32,1156.73,0,1,4.73
LLY,2026-08-31,2026-10-02,1080.0,C,91.15,102.9,97.025,42.1026,0.738637,0.002255,-0.809478,1.113944,32,1156.73,1,2,4.73
LLY,2026-08-31,2026-10-02,1085.0,C,87.35,98.45,92.9,41.1993,0.729928,0.002344,-0.805199,1.132612,32,1156.73,0,1,4.73
LLY,2026-08-31,2026-10-02,1090.0,C,84.15,95.2,89.675,41.2771,0.717034,0.002393,-0.822287,1.158812,32,1156.73,0,4,4.73
LLY,2026-08-31,2026-10-02,1095.0,C,80.7,90.7,85.7,40.2716,0.707807,0.00249,-0.814595,1.176524,32,1156.73,20,12,4.73
LLY,2026-08-31,2026-10-02,1100.0,C,78.25,87.4,82.825,40.2136,0.694745,0.002544,-0.827173,1.20015,32,1156.73,4,4,4.73
LLY,2026-08-31,2026-10-02,1105.0,C,74.85,83.8,79.325,39.8642,0.682374,0.002611,-0.832508,1.220987,32,1156.73,2,2,4.73
LLY,2026-08-31,2026-10-02,1110.0,C,71.5,79.15,75.325,38.6465,0.672265,0.002728,-0.818181,1.236922,32,1156.73,16,1,4.73
LLY,2026-08-31,2026-10-02,1115.0,C,65.6,80.0,72.8,41.6479,0.650305,0.002596,-0.893884,1.268213,32,1156.73,20,5,4.73
LLY,2026-08-31,2026-10-02,1125.0,C,59.7,70.35,65.025,38.7335,0.628693,0.002849,-0.850565,1.294652,32,1156.73,26,3,4.73
LLY,2026-08-31,2026-10-02,1135.0,C,55.4,64.15,59.775,38.2651,0.599831,0.002948,-0.855489,1.32337,32,1156.73,20,1,4.73
LLY,2026-08-31,2026-10-02,1140.0,C,52.05,61.25,56.65,38.1011,0.58494,0.002988,-0.857733,1.335288,32,1156.73,21,3,4.73
LLY,2026-08-31,2026-10-02,1145.0,C,49.5,59.45,54.475,38.6847,0.569389,0.002965,-0.874529,1.345656,32,1156.73,62,2,4.73
LLY,2026-08-31,2026-10-02,1150.0,C,46.45,55.9,51.175,37.9385,0.554579,0.003041,-0.862147,1.35357,32,1156.73,16,2,4.73
LLY,2026-08-31,2026-10-02,1155.0,C,42.8,53.5,48.15,37.9752,0.539284,0.003052,-0.865028,1.359747,32,1156.73,24,19,4.73
LLY,2026-08-31,2026-10-02,1160.0,C,40.75,51.05,45.9,37.9218,0.523978,0.003066,-0.864805,1.363908,32,1156.73,15,13,4.73
LLY,2026-08-31,2026-10-02,1165.0,C,38.2,48.65,43.425,37.8485,0.50864,0.003077,-0.862951,1.366057,32,1156.73,1,7,4.73
LLY,2026-08-31,2026-10-02,1170.0,C,35.3,44.8,40.05,36.6767,0.491779,0.003175,-0.836357,1.366087,32,1156.73,5,8,4.73
LLY,2026-08-31,2026-10-02,1175.0,C,32.4,44.15,38.275,37.76,0.47807,0.00308,-0.856887,1.364312,32,1156.73,10,31,4.73
LLY,2026-08-31,2026-10-02,1180.0,C,31.3,40.8,36.05,36.8353,0.460933,0.003147,-0.832909,1.35982,32,1156.73,7,36,4.73
LLY,2026-08-31,2026-10-02,1185.0,C,28.25,39.3,33.775,37.2,0.446529,0.003103,-0.835779,1.354086,32,1156.73,187,84,4.73
LLY,2026-08-31,2026-10-02,1190.0,C,26.35,37.9,32.125,37.5876,0.432607,0.003055,-0.838222,1.346834,32,1156.73,14,23,4.73
LLY,2026-08-31,2026-10-02,1195.0,C,26.2,33.15,29.675,35.4438,0.410406,0.003203,-0.782627,1.331774,32,1156.73,35,3,4.73
LLY,2026-08-31,2026-10-02,1200.0,C,24.15,33.45,28.8,36.9925,0.401044,0.003051,-0.809302,1.324124,32,1156.73,61,33,4.73
LLY,2026-08-31,2026-10-02,1205.0,C,23.65,32.15,27.9,37.3053,0.38772,0.002998,-0.807208,1.311897,32,1156.73,6,45,4.73
LLY,2026-08-31,2026-10-02,1210.0,C,19.4,30.7,25.05,37.4594,0.374116,0.002953,-0.800646,1.297776,32,1156.73,6,7,4.73
LLY,2026-08-31,2026-10-02,1215.0,C,19.6,27.05,23.325,35.8557,0.352336,0.003023,-0.751302,1.271674,32,1156.73,12,16,4.73
LLY,2026-08-31,2026-10-02,1220.0,C,17.75,26.15,21.95,36.3257,0.340566,0.002947,-0.750309,1.255754,32,1156.73,25,35,4.73
LLY,2026-08-31,2026-10-02,1225.0,C,17.3,24.55,20.925,36.1945,0.326009,0.002907,-0.73403,1.23427,32,1156.73,70,10,4.73
LLY,2026-08-31,2026-10-02,1230.0,C,16.95,21.9,19.425,35.1401,0.306144,0.002915,-0.693735,1.201697,32,1156.73,31,12,4.73
LLY,2026-08-31,2026-10-02,1235.0,C,14.45,23.55,19.0,37.5922,0.307421,0.00273,-0.74106,1.203905,32,1156.73,14,5,4.73
LLY,2026-08-31,2026-10-02,1240.0,C,12.25,19.75,16.0,35.4483,0.281416,0.002779,-0.671376,1.155752,32,1156.73,8,56,4.73
LLY,2026-08-31,2026-10-02,1245.0,C,13.55,20.8,17.175,37.3862,0.281156,0.002634,-0.705936,1.155236,32,1156.73,4,20,4.73
LLY,2026-08-31,2026-10-02,1250.0,C,12.65,20.1,16.375,37.7966,0.271686,0.002562,-0.700929,1.135984,32,1156.73,7,79,4.73
LLY,2026-08-31,2026-10-02,1255.0,C,9.45,19.0,14.225,37.8165,0.260113,0.002505,-0.685383,1.111199,32,1156.73,14,44,4.73
LLY,2026-08-31,2026-10-02,1260.0,C,8.25,16.6,12.425,36.5866,0.240399,0.002483,-0.635938,1.065706,32,1156.73,54,67,4.73
LLY,2026-08-31,2026-10-02,1265.0,C,6.65,15.35,11.0,36.3349,0.227392,0.002424,-0.611972,1.033356,32,1156.73,2,28,4.73
LLY,2026-08-31,2026-10-02,1270.0,C,7.25,12.0,9.625,33.8691,0.198001,0.002399,-0.526545,0.953082,32,1156.73,1,105,4.73
LLY,2026-08-31,2026-10-02,1275.0,C,6.0,14.75,10.375,37.5617,0.214683,0.002269,-0.610704,0.999895,32,1156.73,48,39,4.73
LLY,2026-08-31,2026-10-02,1280.0,C,8.3,10.55,9.425,34.0049,0.178032,0.002237,-0.494183,0.892525,32,1156.73,4,95,4.73
LLY,2026-08-31,2026-10-02,1285.0,C,5.75,12.2,8.975,36.6583,0.188231,0.002149,-0.550305,0.924087,32,1156.73,4,53,4.73
LLY,2026-08-31,2026-10-02,1290.0,C,7.15,9.6,8.375,34.5466,0.162826,0.00208,-0.473259,0.842913,32,1156.73,14,34,4.73
LLY,2026-08-31,2026-10-02,1295.0,C,6.75,9.65,8.2,35.4041,0.160234,0.002008,-0.47939,0.834141,32,1156.73,7,61,4.73
LLY,2026-08-31,2026-10-02,1300.0,C,4.3,9.35,6.825,35.8283,0.154622,0.001939,-0.473472,0.814821,32,1156.73,32,94,4.73
LLY,2026-08-31,2026-10-02,1305.0,C,5.8,8.3,7.05,35.2759,0.142055,0.001861,-0.4403,0.769897,32,1156.73,38,26,4.73
LLY,2026-08-31,2026-10-02,1310.0,C,5.45,7.1,6.275,34.4062,0.127487,0.001771,-0.398615,0.714794,32,1156.73,6,32,4.73
LLY,2026-08-31,2026-10-02,1315.0,C,3.25,10.95,7.1,40.1007,0.160326,0.001774,-0.540682,0.834451,32,1156.73,40,21,4.73
LLY,2026-08-31,2026-10-02,1320.0,C,4.6,6.3,5.45,34.6869,0.114613,0.00163,-0.372354,0.663209,32,1156.73,33,54,4.73
LLY,2026-08-31,2026-10-02,1325.0,C,2.09,6.2,4.145,35.2362,0.111568,0.001574,-0.370747,0.650585,32,1156.73,6,25,4.73
LLY,2026-08-31,2026-10-02,1330.0,C,2.36,5.45,3.905,34.7327,0.101328,0.00149,-0.340784,0.606894,32,1156.73,2,35,4.73
LLY,2026-08-31,2026-10-02,1335.0,C,3.65,5.4,4.525,35.3247,0.099081,0.001441,-0.340699,0.59704,32,1156.73,28,19,4.73
LLY,2026-08-31,2026-10-02,1340.0,C,3.1,4.4,3.75,34.2231,0.085588,0.001334,-0.296139,0.535719,32,1156.73,9,77,4.73
LLY,2026-08-31,2026-10-02,1345.0,C,3.05,4.25,3.65,34.5801,0.082321,0.001283,-0.29042,0.520289,32,1156.73,3,44,4.73
LLY,2026-08-31,2026-10-02,1360.0,C,1.93,3.35,2.64,34.5801,0.067073,0.001097,-0.248011,0.444965,32,1156.73,2,55,4.73
LLY,2026-08-31,2026-10-02,1380.0,C,0.0,2.52,1.26,34.867,0.051955,0.00089,-0.204298,0.364191,32,1156.73,66,52,4.73
LLY,2026-08-31,2026-10-02,1400.0,C,1.5,2.16,1.83,36.0175,0.044022,0.000755,-0.184482,0.318947,32,1156.73,4,36,4.73
LLY,2026-08-31,2026-10-02,1420.0,C,0.56,1.37,0.965,35.2485,0.02997,0.000563,-0.13165,0.232849,32,1156.73,10,79,4.73
LLY,2026-08-31,2026-10-02,1440.0,C,0.52,1.92,1.22,39.3805,0.03655,0.000594,-0.172862,0.274218,32,1156.73,2,92,4.73
LLY,2026-08-31,2026-10-02,1460.0,C,0.28,1.66,0.97,40.3692,0.031386,0.000511,-0.156143,0.241921,32,1156.73,1,30,4.73
LLY,2026-08-31,2026-10-02,1480.0,C,0.1,1.14,0.62,39.8444,0.022631,0.000394,-0.117179,0.184102,32,1156.73,2,30,4.73
LLY,2026-08-31,2026-10-02,1500.0,C,0.01,0.77,0.39,39.3561,0.016029,0.000297,-0.086253,0.137304,32,1156.73,716,57,4.73
LLY,2026-08-31,2026-10-02,1520.0,C,0.1,1.13,0.615,43.3477,0.020764,0.000337,-0.11829,0.171187,32,1156.73,982,4,4.73
LLY,2026-08-31,2026-10-02,1540.0,C,0.02,1.09,0.555,44.837,0.019478,0.000308,-0.115797,0.162152,32,1156.73,888,135,4.73
LLY,2026-08-31,2026-10-02,1560.0,C,0.18,0.82,0.5,44.7027,0.015052,0.000248,-0.092565,0.130089,32,1156.73,15,309,4.73
LLY,2026-08-31,2026-10-02,1580.0,C,0.0,1.46,0.73,50.2691,0.022826,0.000314,-0.148208,0.185436,32,1156.73,94,152,4.73
LLY,2026-08-31,2026-10-02,1600.0,C,0.0,0.56,0.28,45.5816,0.010391,0.000177,-0.068399,0.094388,32,1156.73,756,384,4.73
LLY,2026-08-31,2026-10-02,1620.0,C,0.0,0.67,0.335,48.145,0.011647,0.000185,-0.079728,0.104238,32,1156.73,1200,355,4.73
LLY,2026-08-31,2026-10-02,1640.0,C,0.0,0.65,0.325,49.4512,0.01105,0.000172,-0.078187,0.09958,32,1156.73,27,76,4.73
LLY,2026-08-31,2026-10-02,740.0,P,0.0,1.6,0.8,66.3089,-0.008424,0.000101,-0.080325,0.078556,32,1156.73,1,1,4.73
LLY,2026-08-31,2026-10-02,780.0,P,0.0,1.1,0.55,56.4213,-0.00691,0.0001,-0.057308,0.065986,32,1156.73,1,184,4.73
LLY,2026-08-31,2026-10-02,790.0,P,0.0,0.76,0.38,52.3198,-0.005233,8.4e-05,-0.04151,0.051573,32,1156.73,5,1,4.73
LLY,2026-08-31,2026-10-02,800.0,P,0.03,0.3,0.165,49.3657,-0.00442,7.7e-05,-0.033674,0.044367,32,1156.73,6,34,4.73
LLY,2026-08-31,2026-10-02,815.0,P,0.04,0.36,0.2,48.145,-0.005377,9.4e-05,-0.03908,0.052835,32,1156.73,10,69,4.73
LLY,2026-08-31,2026-10-02,820.0,P,0.0,0.35,0.175,47.2173,-0.005322,9.5e-05,-0.037966,0.052353,32,1156.73,20,11,4.73
LLY,2026-08-31,2026-10-02,830.0,P,0.0,0.42,0.21,46.7535,-0.006377,0.000112,-0.04411,0.061462,32,1156.73,25,13,4.73
LLY,2026-08-31,2026-10-02,835.0,P,0.04,0.51,0.275,47.1441,-0.00759,0.00013,-0.051858,0.071676,32,1156.73,5,2,4.73
LLY,2026-08-31,2026-10-02,840.0,P,0.0,0.53,0.265,46.607,-0.00795,0.000137,-0.053388,0.074664,32,1156.73,5,344,4.73
LLY,2026-08-31,2026-10-02,845.0,P,0.0,0.65,0.325,47.0953,-0.009512,0.000158,-0.063118,0.087378,32,1156.73,25,19,4.73
LLY,2026-08-31,2026-10-02,850.0,P,0.0,0.66,0.33,46.4117,-0.009781,0.000164,-0.063718,0.089537,32,1156.73,5,20,4.73
LLY,2026-08-31,2026-10-02,855.0,P,0.08,0.81,0.445,46.961,-0.011702,0.00019,-0.075349,0.104669,32,1156.73,5,14,4.73
LLY,2026-08-31,2026-10-02,860.0,P,0.11,0.57,0.34,43.9703,-0.008966,0.000161,-0.0559,0.082978,32,1156.73,5,73,4.73
LLY,2026-08-31,2026-10-02,865.0,P,0.06,0.78,0.42,45.1299,-0.01172,0.000198,-0.072453,0.104807,32,1156.73,10,11,4.73
LLY,2026-08-31,2026-10-02,870.0,P,0.08,0.84,0.46,44.8248,-0.012634,0.000213,-0.076776,0.111856,32,1156.73,5,15,4.73
LLY,2026-08-31,2026-10-02,875.0,P,0.0,0.82,0.41,43.8726,-0.012582,0.000217,-0.074848,0.111458,32,1156.73,10,43,4.73
LLY,2026-08-31,2026-10-02,880.0,P,0.17,0.9,0.535,43.6895,-0.013774,0.000235,-0.08057,0.120525,32,1156.73,12,8,4.73
LLY,2026-08-31,2026-10-02,885.0,P,0.05,0.96,0.505,43.3111,-0.014718,0.000251,-0.084531,0.127603,32,1156.73,5,3,4.73
LLY,2026-08-31,2026-10-02,890.0,P,0.26,1.1,0.68,43.421,-0.016643,0.000278,-0.094143,0.141803,32,1156.73,7,24,4.73
LLY,2026-08-31,2026-10-02,895.0,P,0.36,1.06,0.71,42.3712,-0.01644,0.000282,-0.090862,0.140319,32,1156.73,2,22,4.73
LLY,2026-08-31,2026-10-02,900.0,P,0.36,0.96,0.66,40.943,-0.015475,0.000277,-0.083318,0.133228,32,1156.73,42,40,4.73
LLY,2026-08-31,2026-10-02,910.0,P,0.5,1.17,0.835,40.6256,-0.018682,0.000328,-0.097032,0.156499,32,1156.73,22,12,4.73
LLY,2026-08-31,2026-10-02,915.0,P,0.69,1.41,1.05,41.0772,-0.021944,0.000372,-0.112414,0.179379,32,1156.73,16,2,4.73
LLY,2026-08-31,2026-10-02,920.0,P,0.55,1.4,0.975,40.2167,-0.022219,0.000384,-0.11116,0.181273,32,1156.73,22,18,4.73
LLY,2026-08-31,2026-10-02,925.0,P,0.66,1.41,1.035,39.4537,-0.022744,0.000399,-0.111156,0.184874,32,1156.73,20,21,4.73
LLY,2026-08-31,2026-10-02,930.0,P,0.59,1.41,1.0,38.6481,-0.023169,0.000414,-0.110536,0.187784,32,1156.73,19,7,4.73
LLY,2026-08-31,2026-10-02,935.0,P,0.82,1.56,1.19,38.5138,-0.025479,0.00045,-0.119244,0.203386,32,1156.73,22,5,4.73
LLY,2026-08-31,2026-10-02,940.0,P,0.93,1.75,1.34,38.4772,-0.028276,0.000492,-0.129887,0.22186,32,1156.73,4,8,4.73
LLY,2026-08-31,2026-10-02,945.0,P,0.0,2.63,1.315,40.7171,-0.03884,0.000603,-0.178503,0.288161,32,1156.73,0,64,4.73
LLY,2026-08-31,2026-10-02,950.0,P,0.45,1.96,1.205,37.6166,-0.031956,0.000556,-0.140372,0.245547,32,1156.73,2,9,4.73
LLY,2026-08-31,2026-10-02,955.0,P,0.23,2.51,1.37,38.6115,-0.03903,0.000639,-0.169706,0.289312,32,1156.73,3,4,4.73
LLY,2026-08-31,2026-10-02,960.0,P,1.22,2.22,1.72,36.8292,-0.036404,0.000633,-0.152785,0.273322,32,1156.73,2,1,4.73
LLY,2026-08-31,2026-10-02,965.0,P,1.31,2.86,2.085,37.9035,-0.044562,0.000724,-0.185238,0.322101,32,1156.73,32,9,4.73
LLY,2026-08-31,2026-10-02,970.0,P,1.34,2.94,2.14,37.2443,-0.046354,0.000761,-0.187737,0.332471,32,1156.73,13,48,4.73
LLY,2026-08-31,2026-10-02,975.0,P,1.84,3.25,2.545,37.171,-0.050745,0.00082,-0.201304,0.357429,32,1156.73,9,16,4.73
LLY,2026-08-31,2026-10-02,980.0,P,1.55,3.5,2.525,36.8964,-0.054553,0.000875,-0.211475,0.378554,32,1156.73,10,43,4.73
LLY,2026-08-31,2026-10-02,985.0,P,1.81,3.8,2.805,36.6889,-0.05893,0.000935,-0.223303,0.40228,32,1156.73,3,20,4.73
LLY,2026-08-31,2026-10-02,990.0,P,1.97,5.55,3.76,39.3134,-0.077305,0.001076,-0.29511,0.496126,32,1156.73,1,4,4.73
LLY,2026-08-31,2026-10-02,995.0,P,0.0,11.1,5.55,46.9884,-0.119879,0.001242,-0.487456,0.68465,32,1156.73,4,25,4.73
LLY,2026-08-31,2026-10-02,1000.0,P,2.81,5.9,4.355,37.9981,-0.083883,0.001184,-0.302847,0.527695,32,1156.73,3,25,4.73
LLY,2026-08-31,2026-10-02,1005.0,P,2.08,7.15,4.615,39.0814,-0.096587,0.001278,-0.345756,0.585988,32,1156.73,24,18,4.73
LLY,2026-08-31,2026-10-02,1010.0,P,2.53,7.9,5.215,39.2187,-0.104856,0.001352,-0.368136,0.62217,32,1156.73,3,12,4.73
LLY,2026-08-31,2026-10-02,1015.0,P,2.64,6.3,4.47,35.7245,-0.0935,0.001365,-0.307731,0.572131,32,1156.73,74,12,4.73
LLY,2026-08-31,2026-10-02,1020.0,P,2.77,6.7,4.735,35.3614,-0.099388,0.001443,-0.318262,0.598393,32,1156.73,12,15,4.73
LLY,2026-08-31,2026-10-02,1025.0,P,2.6,6.8,4.7,34.513,-0.102714,0.001514,-0.317762,0.612922,32,1156.73,20,6,4.73
LLY,2026-08-31,2026-10-02,1030.0,P,4.75,7.1,5.925,33.9515,-0.108025,0.001596,-0.323807,0.63569,32,1156.73,4,9,4.73
LLY,2026-08-31,2026-10-02,1035.0,P,5.2,7.85,6.525,33.9911,-0.117484,0.001693,-0.343869,0.67496,32,1156.73,2,32,4.73
LLY,2026-08-31,2026-10-02,1040.0,P,5.15,8.45,6.8,33.7592,-0.125709,0.001787,-0.357735,0.707836,32,1156.73,2,31,4.73
LLY,2026-08-31,2026-10-02,1045.0,P,5.6,9.15,7.375,33.6005,-0.134872,0.001885,-0.373369,0.743148,32,1156.73,2,5,4.73
LLY,2026-08-31,2026-10-02,1050.0,P,6.65,9.7,8.175,33.2038,-0.142962,0.001985,-0.383355,0.773218,32,1156.73,1,13,4.73
LLY,2026-08-31,2026-10-02,1055.0,P,7.4,10.25,8.825,32.7674,-0.151258,0.002089,-0.392309,0.803023,32,1156.73,2,2,4.73
LLY,2026-08-31,2026-10-02,1060.0,P,4.7,11.3,8.0,32.8528,-0.163539,0.002193,-0.413535,0.845308,32,1156.73,2,37,4.73
LLY,2026-08-31,2026-10-02,1065.0,P,7.5,12.1,9.8,32.5919,-0.174039,0.002301,-0.426335,0.879799,32,1156.73,1,15,4.73
LLY,2026-08-31,2026-10-02,1070.0,P,8.3,13.05,10.675,32.4348,-0.185759,0.002409,-0.441329,0.916562,32,1156.73,7,27,4.73
LLY,2026-08-31,2026-10-02,1075.0,P,10.4,14.3,12.35,32.5141,-0.199541,0.002511,-0.461537,0.957546,32,1156.73,22,72,4.73
LLY,2026-08-31,2026-10-02,1080.0,P,9.6,15.4,12.5,32.3752,-0.212419,0.002617,-0.476137,0.993735,32,1156.73,1,20,4.73
LLY,2026-08-31,2026-10-02,1085.0,P,10.45,16.9,13.675,32.5431,-0.227682,0.002709,-0.497318,1.034099,32,1156.73,70,69,4.73
LLY,2026-08-31,2026-10-02,1090.0,P,12.85,18.5,15.675,32.7201,-0.243362,0.002795,-0.517961,1.072811,32,1156.73,156,73,4.73
LLY,2026-08-31,2026-10-02,1095.0,P,14.2,19.75,16.975,32.5141,-0.25727,0.002897,-0.529042,1.104896,32,1156.73,78,76,4.73
LLY,2026-08-31,2026-10-02,1100.0,P,16.0,19.75,17.875,31.1881,-0.265607,0.00307,-0.514058,1.123141,32,1156.73,14,70,4.73
LLY,2026-08-31,2026-10-02,1105.0,P,14.35,22.15,18.25,31.8473,-0.285347,0.003114,-0.543122,1.163464,32,1156.73,10,115,4.73
LLY,2026-08-31,2026-10-02,1110.0,P,17.8,22.75,20.275,30.947,-0.297519,0.003268,-0.536331,1.18636,32,1156.73,33,51,4.73
LLY,2026-08-31,2026-10-02,1115.0,P,17.6,26.05,21.825,32.1555,-0.319935,0.003247,-0.575028,1.224714,32,1156.73,17,36,4.73
LLY,2026-08-31,2026-10-02,1120.0,P,20.5,27.55,24.025,31.8504,-0.335779,0.003343,-0.579209,1.248909,32,1156.73,78,67,4.73
LLY,2026-08-31,2026-10-02,1125.0,P,21.15,31.2,26.175,33.126,-0.357192,0.003288,-0.616199,1.27787,32,1156.73,17,60,4.73
LLY,2026-08-31,2026-10-02,1130.0,P,22.55,32.55,27.55,32.5706,-0.372752,0.003393,-0.6125,1.296268,32,1156.73,5,87,4.73
LLY,2026-08-31,2026-10-02,1135.0,P,24.5,35.15,29.825,32.891,-0.390882,0.003408,-0.626187,1.314942,32,1156.73,1,38,4.73
LLY,2026-08-31,2026-10-02,1140.0,P,28.3,36.9,32.6,32.5156,-0.407708,0.003486,-0.623784,1.329649,32,1156.73,4,74,4.73
LLY,2026-08-31,2026-10-02,1145.0,P,30.05,38.45,34.25,31.9358,-0.424784,0.003582,-0.61574,1.34202,32,1156.73,44,55,4.73
LLY,2026-08-31,2026-10-02,1150.0,P,30.1,44.4,37.25,34.4886,-0.444235,0.003344,-0.672296,1.353007,32,1156.73,4,70,4.73
LLY,2026-08-31,2026-10-02,1155.0,P,33.6,43.9,38.75,32.299,-0.461093,0.003589,-0.627531,1.359874,32,1156.73,34,29,4.73
LLY,2026-08-31,2026-10-02,1160.0,P,35.05,46.1,40.575,32.0029,-0.479218,0.003635,-0.621204,1.364523,32,1156.73,32,75,4.73
LLY,2026-08-31,2026-10-02,1165.0,P,39.4,49.25,44.325,32.3279,-0.496961,0.003603,-0.626638,1.366338,32,1156.73,20,83,4.73
LLY,2026-08-31,2026-10-02,1170.0,P,40.2,52.45,46.325,32.627,-0.51432,0.003568,-0.630223,1.365497,32,1156.73,16,16,4.73
LLY,2026-08-31,2026-10-02,1175.0,P,43.0,53.45,48.225,31.2705,-0.534911,0.003711,-0.59662,1.361142,32,1156.73,18,53,4.73
LLY,2026-08-31,2026-10-02,1180.0,P,45.95,56.3,51.125,31.1851,-0.553339,0.003702,-0.588931,1.354146,32,1156.73,115,80,4.73
LLY,2026-08-31,2026-10-02,1185.0,P,49.0,59.3,54.15,31.1454,-0.571518,0.00368,-0.58088,1.344362,32,1156.73,18,26,4.73
LLY,2026-08-31,2026-10-02,1190.0,P,51.85,63.65,57.75,32.0441,-0.585872,0.00355,-0.592737,1.3346,32,1156.73,3,78,4.73
LLY,2026-08-31,2026-10-02,1195.0,P,56.85,65.75,61.3,31.208,-0.606664,0.003598,-0.564169,1.317243,32,1156.73,2,61,4.73
LLY,2026-08-31,2026-10-02,1200.0,P,58.65,69.0,63.825,31.1652,-0.624143,0.003555,-0.552342,1.299676,32,1156.73,1,119,4.73
LLY,2026-08-31,2026-10-02,1205.0,P,61.9,72.45,67.175,31.2141,-0.640849,0.003497,-0.541565,1.280307,32,1156.73,22,76,4.73
LLY,2026-08-31,2026-10-02,1210.0,P,65.7,76.5,71.1,31.6749,-0.654788,0.003397,-0.539762,1.262192,32,1156.73,5,20,4.73
LLY,2026-08-31,2026-10-02,1215.0,P,69.2,78.25,73.725,30.2345,-0.679994,0.003453,-0.490548,1.224826,32,1156.73,4,56,4.73
LLY,2026-08-31,2026-10-02,1220.0,P,73.05,81.65,77.35,30.0315,-0.697642,0.003392,-0.470265,1.195055,32,1156.73,2,28,4.73
LLY,2026-08-31,2026-10-02,1225.0,P,76.3,85.3,80.8,29.969,-0.713959,0.003313,-0.452637,1.164809,32,1156.73,2,8,4.73
LLY,2026-08-31,2026-10-02,1230.0,P,80.85,90.3,85.575,31.0233,-0.721419,0.00316,-0.463305,1.150092,32,1156.73,2,9,4.73
LLY,2026-08-31,2026-10-02,1235.0,P,83.55,94.05,88.8,30.9516,-0.736601,0.00308,-0.444506,1.11838,32,1156.73,3,42,4.73
LLY,2026-08-31,2026-10-02,1240.0,P,87.45,96.4,91.925,29.5051,-0.762561,0.003058,-0.388321,1.058508,32,1156.73,2,15,4.73
LLY,2026-08-31,2026-10-02,1245.0,P,88.55,102.4,95.475,31.4124,-0.760828,0.002884,-0.421537,1.062734,32,1156.73,7,14,4.73
LLY,2026-08-31,2026-10-02,1250.0,P,95.4,106.75,101.075,31.7451,-0.77132,0.002784,-0.412439,1.036645,32,1156.73,2,5,4.73
LLY,2026-08-31,2026-10-02,1255.0,P,98.95,110.3,104.625,31.24,-0.78811,0.002708,-0.380262,0.992289,32,1156.73,2,10,4.73
LLY,2026-08-31,2026-10-02,1260.0,P,103.6,114.4,109.0,31.211,-0.800591,0.002614,-0.360792,0.957164,32,1156.73,6,7,4.73
LLY,2026-08-31,2026-10-02,1265.0,P,107.45,118.3,112.875,30.9043,-0.814954,0.002522,-0.33345,0.914375,32,1156.73,80,53,4.73
LLY,2026-08-31,2026-10-02,1270.0,P,112.0,123.15,117.575,31.5894,-0.820437,0.002422,-0.333695,0.89735,32,1156.73,1,32,4.73
LLY,2026-08-31,2026-10-02,1275.0,P,116.45,127.3,121.875,31.4521,-0.832385,0.002328,-0.311027,0.858875,32,1156.73,1,15,4.73
LLY,2026-08-31,2026-10-02,1280.0,P,121.2,131.6,126.4,31.4307,-0.84289,0.002233,-0.29166,0.823439,32,1156.73,2,8,4.73
LLY,2026-08-31,2026-10-02,1285.0,P,125.45,134.45,129.95,29.4258,-0.869889,0.0021,-0.217108,0.72497,32,1156.73,1,17,4.73
LLY,2026-08-31,2026-10-02,1290.0,P,130.15,140.05,135.1,31.0035,-0.865707,0.002037,-0.24265,0.740956,32,1156.73,2,13,4.73
LLY,2026-08-31,2026-10-02,1295.0,P,134.25,144.25,139.25,30.6312,-0.877693,0.001932,-0.214202,0.694376,32,1156.73,4,14,4.73
LLY,2026-08-31,2026-10-02,1300.0,P,138.4,149.25,143.825,31.3636,-0.880145,0.001861,-0.216536,0.684553,32,1156.73,3,6,4.73
LLY,2026-08-31,2026-10-02,1305.0,P,143.15,153.8,148.475,31.4063,-0.887868,0.001772,-0.200102,0.652936,32,1156.73,0,6,4.73
LLY,2026-08-31,2026-10-02,1310.0,P,147.55,157.5,152.525,29.972,-0.906727,0.001624,-0.144542,0.571106,32,1156.73,3,6,4.73
LLY,2026-08-31,2026-10-02,1320.0,P,156.85,168.2,162.525,32.5324,-0.901227,0.001561,-0.179443,0.595683,32,1156.73,0,2,4.73
LLY,2026-08-31,2026-10-02,1325.0,P,161.6,172.9,167.25,32.6911,-0.906734,0.001489,-0.167221,0.571075,32,1156.73,0,1,4.73
LLY,2026-08-31,2026-10-02,1330.0,P,164.35,179.05,171.7,35.2881,-0.894776,0.001507,-0.220225,0.623747,32,1156.73,4,2,4.73
LLY,2026-08-31,2026-10-02,1335.0,P,169.15,184.0,176.575,35.8863,-0.897068,0.001458,-0.21974,0.613867,32,1156.73,0,2,4.73
LLY,2026-08-31,2026-10-02,1340.0,P,175.8,188.35,182.075,35.4651,-0.906063,0.00138,-0.192159,0.574103,32,1156.73,0,1,4.73
LLY,2026-08-31,2026-10-02,1360.0,P,195.35,206.3,200.825,33.8752,-0.937144,0.001065,-0.092463,0.423091,32,1156.73,0,2,4.73
LLY,2026-08-31,2026-10-02,1380.0,P,213.0,229.6,221.3,42.8045,-0.903765,0.001164,-0.260968,0.584416,32,1156.73,0,4,4.73
LLY,2026-08-31,2026-10-02,1420.0,P,252.9,270.0,261.45,48.4868,-0.908858,0.000987,-0.290719,0.561418,32,1156.73,0,8,4.73
LLY,2026-08-31,2026-10-02,1440.0,P,272.9,287.3,280.1,45.3985,-0.937974,0.000786,-0.157198,0.418724,32,1156.73,8,0,4.73
LLY,2026-08-31,2026-10-09,1075.0,C,99.95,110.9,105.425,41.8478,0.736707,0.002063,-0.737832,1.234403,39,1156.73,0,1,4.73
LLY,2026-08-31,2026-10-09,1110.0,C,74.7,85.25,79.975,39.4202,0.661075,0.002455,-0.768598,1.383751,39,1156.73,0,1,4.73
LLY,2026-08-31,2026-10-09,1125.0,C,65.6,75.25,70.425,38.5245,0.62381,0.002606,-0.774749,1.435201,39,1156.73,0,1,4.73
LLY,2026-08-31,2026-10-09,1140.0,C,56.25,67.15,61.7,38.5321,0.583285,0.002678,-0.790824,1.475448,39,1156.73,0,1,4.73
LLY,2026-08-31,2026-10-09,1160.0,C,45.7,55.3,50.5,37.2267,0.528068,0.002827,-0.774796,1.504705,39,1156.73,0,1,4.73
LLY,2026-08-31,2026-10-09,1165.0,C,42.5,54.2,48.35,38.0103,0.51471,0.002774,-0.789771,1.507414,39,1156.73,1,2,4.73
LLY,2026-08-31,2026-10-09,1175.0,C,39.1,47.3,43.2,36.3639,0.484501,0.002899,-0.755041,1.507301,39,1156.73,2,0,4.73
LLY,2026-08-31,2026-10-09,1190.0,C,32.55,41.15,36.85,36.3043,0.441956,0.002875,-0.74259,1.492446,39,1156.73,2,1,4.73
LLY,2026-08-31,2026-10-09,1200.0,C,28.85,38.25,33.55,36.846,0.416215,0.0028,-0.742,1.475049,39,1156.73,21,4,4.73
LLY,2026-08-31,2026-10-09,1230.0,C,20.45,27.0,23.725,35.6879,0.332155,0.002691,-0.664588,1.37288,39,1156.73,11,3,4.73
LLY,2026-08-31,2026-10-09,1235.0,C,18.5,26.65,22.575,36.4463,0.324001,0.002608,-0.670598,1.359153,39,1156.73,10,1,4.73
LLY,2026-08-31,2026-10-09,1240.0,C,16.35,26.0,21.175,36.9605,0.314917,0.002542,-0.670917,1.343035,39,1156.73,8,1,4.73
LLY,2026-08-31,2026-10-09,1245.0,C,16.8,23.75,20.275,36.2357,0.29876,0.002533,-0.642432,1.312194,39,1156.73,0,4,4.73
LLY,2026-08-31,2026-10-09,1250.0,C,16.0,21.85,18.925,35.7108,0.283731,0.002509,-0.617718,1.28095,39,1156.73,0,4,4.73
LLY,2026-08-31,2026-10-09,1260.0,C,12.0,19.6,15.8,35.7276,0.261184,0.002407,-0.591919,1.229329,39,1156.73,10,3,4.73
LLY,2026-08-31,2026-10-09,1280.0,C,10.6,16.15,13.375,36.1853,0.222654,0.002179,-0.547592,1.127262,39,1156.73,0,1,4.73
LLY,2026-08-31,2026-10-09,1285.0,C,6.5,16.9,11.7,37.6654,0.22357,0.002098,-0.57029,1.129901,39,1156.73,0,1,4.73
LLY,2026-08-31,2026-10-09,1290.0,C,3.65,17.95,10.8,39.4049,0.226259,0.002019,-0.599583,1.137585,39,1156.73,0,1,4.73
LLY,2026-08-31,2026-10-09,1300.0,C,6.85,15.65,11.25,38.9029,0.205171,0.001933,-0.558712,1.074838,39,1156.73,0,1,4.73
LLY,2026-08-31,2026-10-09,1320.0,C,6.25,10.15,8.2,36.2403,0.153465,0.001728,-0.432957,0.895077,39,1156.73,2,1,4.73
LLY,2026-08-31,2026-10-09,1335.0,C,0.54,13.8,7.17,42.2598,0.173691,0.001606,-0.544667,0.970034,39,1156.73,0,1,4.73
LLY,2026-08-31,2026-10-09,1340.0,C,3.25,7.4,5.325,35.5384,0.120271,0.001491,-0.358617,0.757576,39,1156.73,0,70,4.73
LLY,2026-08-31,2026-10-09,1420.0,C,1.16,7.15,4.155,44.6813,0.096172,0.00101,-0.380044,0.644868,39,1156.73,0,3,4.73
LLY,2026-08-31,2026-10-09,1500.0,C,0.13,1.45,0.79,39.2462,0.026776,0.000417,-0.120781,0.234047,39,1156.73,0,1,4.73
LLY,2026-08-31,2026-10-09,1520.0,C,0.18,1.22,0.7,39.8199,0.022614,0.000357,-0.106243,0.203115,39,1156.73,0,1,4.73
LLY,2026-08-31,2026-10-09,1560.0,C,0.38,0.43,0.405,37.3908,0.009302,0.000177,-0.046407,0.094604,39,1156.73,2,4,4.73
LLY,2026-08-31,2026-10-09,1600.0,C,0.0,0.3,0.15,38.4772,0.006483,0.000125,-0.034701,0.068852,39,1156.73,758,72,4.73
LLY,2026-08-31,2026-10-09,1620.0,C,0.0,0.72,0.36,44.1412,0.01272,0.000197,-0.071727,0.124215,39,1156.73,1197,36,4.73
LLY,2026-08-31,2026-10-09,960.0,P,1.47,3.9,2.685,37.6898,-0.054015,0.00077,-0.193621,0.414647,39,1156.73,2,3,4.73
LLY,2026-08-31,2026-10-09,1040.0,P,5.95,11.95,8.95,34.5984,-0.150942,0.00179,-0.373729,0.885281,39,1156.73,7,1,4.73
LLY,2026-08-31,2026-10-09,1070.0,P,12.3,18.0,15.15,33.9118,-0.213454,0.002269,-0.451391,1.10017,39,1156.73,1,3,4.73
LLY,2026-08-31,2026-10-09,1075.0,P,13.3,20.5,16.9,34.8807,-0.231273,0.002309,-0.485738,1.151671,39,1156.73,0,6,4.73
LLY,2026-08-31,2026-10-09,1090.0,P,16.15,20.65,18.4,31.446,-0.251986,0.002684,-0.454705,1.206585,39,1156.73,3,6,4.73
LLY,2026-08-31,2026-10-09,1095.0,P,15.9,24.0,19.95,32.8315,-0.27364,0.002681,-0.495127,1.258561,39,1156.73,1,2,4.73
LLY,2026-08-31,2026-10-09,1105.0,P,18.85,28.55,23.7,33.6616,-0.306057,0.002756,-0.53355,1.32647,39,1156.73,0,10,4.73
LLY,2026-08-31,2026-10-09,1115.0,P,21.5,32.0,26.75,33.4388,-0.334586,0.00288,-0.547644,1.376838,39,1156.73,0,1,4.73
LLY,2026-08-31,2026-10-09,1125.0,P,26.6,32.7,29.65,31.124,-0.358133,0.003173,-0.517978,1.412027,39,1156.73,0,6,4.73
LLY,2026-08-31,2026-10-09,1130.0,P,26.4,37.2,31.8,32.7491,-0.378595,0.003071,-0.555453,1.438041,39,1156.73,2,1,4.73
LLY,2026-08-31,2026-10-09,1135.0,P,30.2,39.65,34.925,32.904,-0.394668,0.003094,-0.563553,1.455551,39,1156.73,0,1,4.73
LLY,2026-08-31,2026-10-09,1140.0,P,32.65,41.8,37.225,32.8025,-0.410339,0.003135,-0.565747,1.470181,39,1156.73,1,2,4.73
LLY,2026-08-31,2026-10-09,1145.0,P,34.8,44.05,39.425,32.7163,-0.426196,0.00317,-0.567215,1.482553,39,1156.73,0,2,4.73
LLY,2026-08-31,2026-10-09,1150.0,P,37.05,46.4,41.725,32.6438,-0.442195,0.003198,-0.567909,1.492577,39,1156.73,0,2,4.73
LLY,2026-08-31,2026-10-09,1155.0,P,37.75,47.15,42.45,31.4689,-0.458288,0.003334,-0.546522,1.500187,39,1156.73,3,6,4.73
LLY,2026-08-31,2026-10-09,1165.0,P,42.2,53.9,48.05,32.4088,-0.490681,0.003255,-0.563357,1.508028,39,1156.73,0,1,4.73
LLY,2026-08-31,2026-10-09,1170.0,P,45.05,55.9,50.475,31.8992,-0.507586,0.003307,-0.551364,1.508167,39,1156.73,0,2,4.73
LLY,2026-08-31,2026-10-09,1190.0,P,56.65,67.0,61.825,31.3598,-0.573962,0.003307,-0.521639,1.482441,39,1156.73,0,10,4.73
LLY,2026-08-31,2026-10-09,1195.0,P,60.3,71.1,65.7,31.9862,-0.587412,0.003219,-0.527295,1.472084,39,1156.73,0,2,4.73
LLY,2026-08-31,2026-10-09,1200.0,P,62.0,73.8,67.9,31.6169,-0.604529,0.003222,-0.51166,1.45636,39,1156.73,0,7,4.73
LLY,2026-08-31,2026-10-09,1210.0,P,69.6,79.2,74.4,30.693,-0.640146,0.003223,-0.47314,1.414378,39,1156.73,3,1,4.73
LLY,2026-08-31,2026-10-09,1250.0,P,98.2,109.2,103.7,30.9364,-0.750749,0.002712,-0.376286,1.19963,39,1156.73,0,1,4.73
LLY,2026-08-31,2026-10-16,560.0,C,684.3,700.45,692.375,269.7513,0.892741,0.000167,-2.258153,0.758266,46,1156.73,0,2,4.73
LLY,2026-08-31,2026-10-16,600.0,C,551.8,565.3,558.55,88.1837,0.988347,8.4e-05,-0.179366,0.125036,46,1156.73,14,14,4.73
LLY,2026-08-31,2026-10-16,640.0,C,511.05,528.0,519.525,86.0597,0.982375,0.000123,-0.229806,0.178544,46,1156.73,1,8,4.73
LLY,2026-08-31,2026-10-16,660.0,C,496.9,511.2,504.05,98.5108,0.963496,0.000198,-0.413838,0.328432,46,1156.73,2,1,4.73
LLY,2026-08-31,2026-10-16,680.0,C,475.0,487.25,481.125,84.8573,0.973183,0.000178,-0.300377,0.254514,46,1156.73,8,9,4.73
LLY,2026-08-31,2026-10-16,700.0,C,457.2,471.45,464.325,90.4115,0.959072,0.000236,-0.419974,0.360514,46,1156.73,2,6,4.73
LLY,2026-08-31,2026-10-16,720.0,C,436.9,450.5,443.7,84.5399,0.959546,0.000251,-0.396006,0.357128,46,1156.73,2,8,4.73
LLY,2026-08-31,2026-10-16,740.0,C,418.15,432.0,425.075,83.7465,0.952241,0.000289,-0.440527,0.408278,46,1156.73,2,7,4.73
LLY,2026-08-31,2026-10-16,760.0,C,396.0,411.95,403.975,77.0876,0.954378,0.000303,-0.401036,0.393557,46,1156.73,1,12,4.73
LLY,2026-08-31,2026-10-16,780.0,C,376.7,392.2,384.45,74.2068,0.950057,0.000338,-0.414047,0.423132,46,1156.73,3,17,4.73
LLY,2026-08-31,2026-10-16,800.0,C,359.55,373.0,366.275,73.984,0.93981,0.000393,-0.467755,0.490386,46,1156.73,1,28,4.73
LLY,2026-08-31,2026-10-16,820.0,C,338.4,352.7,345.55,68.6405,0.939794,0.000424,-0.44145,0.490484,46,1156.73,1,28,4.73
LLY,2026-08-31,2026-10-16,840.0,C,317.45,333.0,325.225,64.1849,0.938065,0.000463,-0.427216,0.501459,46,1156.73,1,10,4.73
LLY,2026-08-31,2026-10-16,860.0,C,298.6,311.8,305.2,60.3764,0.934742,0.000513,-0.421765,0.522277,46,1156.73,1,79,4.73
LLY,2026-08-31,2026-10-16,880.0,C,280.6,293.8,287.2,59.943,0.921234,0.000597,-0.472374,0.603347,46,1156.73,1,100,4.73
LLY,2026-08-31,2026-10-16,900.0,C,261.75,272.1,266.925,55.7347,0.917896,0.000662,-0.458086,0.622564,46,1156.73,3,134,4.73
LLY,2026-08-31,2026-10-16,910.0,C,251.4,262.9,257.15,54.1936,0.914287,0.000704,-0.460271,0.643009,46,1156.73,1,32,4.73
LLY,2026-08-31,2026-10-16,920.0,C,241.75,253.6,247.675,53.0705,0.908986,0.000751,-0.469726,0.672416,46,1156.73,1,49,4.73
LLY,2026-08-31,2026-10-16,930.0,C,232.1,243.1,237.6,51.093,0.906487,0.000796,-0.463565,0.686031,46,1156.73,2,43,4.73
LLY,2026-08-31,2026-10-16,940.0,C,222.5,233.55,228.025,56.522,0.876515,0.000879,-0.594398,0.838141,46,1156.73,2,90,4.73
LLY,2026-08-31,2026-10-16,950.0,C,212.1,224.05,218.075,55.0526,0.870596,0.000933,-0.597914,0.865936,46,1156.73,2,28,4.73
LLY,2026-08-31,2026-10-16,960.0,C,203.45,214.55,209.0,53.5588,0.86439,0.00099,-0.600627,0.894341,46,1156.73,1,41,4.73
LLY,2026-08-31,2026-10-16,970.0,C,194.05,205.15,199.6,52.1474,0.857461,0.001052,-0.604539,0.9252,46,1156.73,4,13,4.73
LLY,2026-08-31,2026-10-16,980.0,C,183.0,195.85,189.425,50.8046,0.849791,0.001119,-0.60938,0.958339,46,1156.73,3,31,4.73
LLY,2026-08-31,2026-10-16,990.0,C,172.65,186.9,179.775,49.7625,0.840379,0.001189,-0.61956,0.997593,46,1156.73,2,19,4.73
LLY,2026-08-31,2026-10-16,1000.0,C,167.05,177.55,172.3,48.2885,0.832096,0.001266,-0.621036,1.0309,46,1156.73,14,72,4.73
LLY,2026-08-31,2026-10-16,1010.0,C,158.2,168.6,163.4,47.141,0.821821,0.001347,-0.628252,1.070657,46,1156.73,13,40,4.73
LLY,2026-08-31,2026-10-16,1020.0,C,148.75,159.8,154.275,46.0638,0.81051,0.001432,-0.636231,1.1125,46,1156.73,20,44,4.73
LLY,2026-08-31,2026-10-16,1030.0,C,140.85,151.15,146.0,45.046,0.798139,0.001522,-0.644672,1.156049,46,1156.73,5,50,4.73
LLY,2026-08-31,2026-10-16,1040.0,C,133.45,142.1,137.775,43.6331,0.786565,0.001624,-0.644839,1.194769,46,1156.73,12,37,4.73
LLY,2026-08-31,2026-10-16,1050.0,C,125.4,134.1,129.75,42.9831,0.770816,0.001717,-0.658561,1.244428,46,1156.73,230,44,4.73
LLY,2026-08-31,2026-10-16,1060.0,C,116.3,125.95,121.125,42.1133,0.755007,0.001818,-0.667036,1.290896,46,1156.73,9,390,4.73
LLY,2026-08-31,2026-10-16,1070.0,C,109.55,118.1,113.825,41.3656,0.737674,0.001918,-0.676527,1.338095,46,1156.73,236,100,4.73
LLY,2026-08-31,2026-10-16,1080.0,C,100.5,111.25,105.875,41.2085,0.717175,0.001999,-0.695344,1.389034,46,1156.73,10,28,4.73
LLY,2026-08-31,2026-10-16,1090.0,C,94.55,103.65,99.1,40.3982,0.698057,0.002102,-0.700474,1.431938,46,1156.73,27,87,4.73
LLY,2026-08-31,2026-10-16,1100.0,C,88.4,96.25,92.325,39.6063,0.677745,0.002205,-0.704104,1.472806,46,1156.73,27,90,4.73
LLY,2026-08-31,2026-10-16,1110.0,C,79.8,89.7,84.75,39.2462,0.6552,0.002286,-0.713346,1.51264,46,1156.73,5,118,4.73
LLY,2026-08-31,2026-10-16,1120.0,C,74.1,83.4,78.75,38.9014,0.631853,0.00236,-0.720487,1.547917,46,1156.73,12,80,4.73
LLY,2026-08-31,2026-10-16,1130.0,C,69.25,77.9,73.575,38.9113,0.607329,0.002406,-0.731295,1.578578,46,1156.73,20,93,4.73
LLY,2026-08-31,2026-10-16,1140.0,C,61.55,70.5,66.025,37.6013,0.583603,0.002527,-0.716401,1.602124,46,1156.73,21,79,4.73
LLY,2026-08-31,2026-10-16,1150.0,C,58.4,66.95,62.675,38.5016,0.557819,0.002497,-0.737303,1.620993,46,1156.73,21,225,4.73
LLY,2026-08-31,2026-10-16,1160.0,C,52.2,57.0,54.6,35.3698,0.530989,0.002738,-0.684696,1.633284,46,1156.73,46,220,4.73
LLY,2026-08-31,2026-10-16,1170.0,C,47.9,55.1,51.5,36.9551,0.505785,0.002629,-0.711988,1.638057,46,1156.73,22,135,4.73
LLY,2026-08-31,2026-10-16,1180.0,C,44.1,52.5,48.3,37.966,0.481858,0.002556,-0.726808,1.636535,46,1156.73,43,183,4.73
LLY,2026-08-31,2026-10-16,1190.0,C,38.8,44.0,41.4,35.237,0.449653,0.002735,-0.670978,1.625166,46,1156.73,47,423,4.73
LLY,2026-08-31,2026-10-16,1200.0,C,36.95,40.0,38.475,35.0776,0.422743,0.002717,-0.658631,1.607414,46,1156.73,144,627,4.73
LLY,2026-08-31,2026-10-16,1220.0,C,30.0,36.8,33.4,37.3496,0.382139,0.002487,-0.677145,1.566205,46,1156.73,63,335,4.73
LLY,2026-08-31,2026-10-16,1240.0,C,23.65,29.0,26.325,36.138,0.329592,0.002439,-0.619774,1.4864,46,1156.73,30,400,4.73
LLY,2026-08-31,2026-10-16,1260.0,C,19.25,23.0,21.125,35.4712,0.281367,0.002316,-0.565058,1.385581,46,1156.73,57,250,4.73
LLY,2026-08-31,2026-10-16,1280.0,C,15.0,18.4,16.7,35.1981,0.238765,0.002145,-0.513315,1.272986,46,1156.73,14,394,4.73
LLY,2026-08-31,2026-10-16,1300.0,C,10.45,14.1,12.275,34.5328,0.19688,0.001956,-0.449238,1.138789,46,1156.73,116,951,4.73
LLY,2026-08-31,2026-10-16,1320.0,C,7.1,11.1,9.1,34.4001,0.163148,0.001744,-0.396485,1.011916,46,1156.73,108,367,4.73
LLY,2026-08-31,2026-10-16,1340.0,C,7.25,10.5,8.875,36.3105,0.149167,0.001558,-0.393014,0.953898,46,1156.73,61,942,4.73
LLY,2026-08-31,2026-10-16,1360.0,C,5.5,8.0,6.75,35.8374,0.120623,0.001364,-0.334574,0.824453,46,1156.73,200,867,4.73
LLY,2026-08-31,2026-10-16,1380.0,C,4.3,6.7,5.5,36.3684,0.102762,0.001199,-0.302043,0.735117,46,1156.73,34,253,4.73
LLY,2026-08-31,2026-10-16,1400.0,C,3.1,6.1,4.6,37.6196,0.092215,0.00107,-0.287904,0.67898,46,1156.73,49,613,4.73
LLY,2026-08-31,2026-10-16,1420.0,C,2.4,4.35,3.375,36.7346,0.070624,0.000896,-0.229553,0.555135,46,1156.73,4,464,4.73
LLY,2026-08-31,2026-10-16,1440.0,C,1.8,3.15,2.475,36.164,0.054207,0.000741,-0.183594,0.451592,46,1156.73,3,595,4.73
LLY,2026-08-31,2026-10-16,1460.0,C,1.49,2.69,2.09,36.8201,0.046482,0.000643,-0.165103,0.399503,46,1156.73,2,118,4.73
LLY,2026-08-31,2026-10-16,1480.0,C,1.2,2.76,1.98,38.7,0.045429,0.000601,-0.170072,0.39222,46,1156.73,5,118,4.73
LLY,2026-08-31,2026-10-16,1500.0,C,0.95,1.67,1.31,37.0307,0.030377,0.000452,-0.117054,0.28232,46,1156.73,6,332,4.73
LLY,2026-08-31,2026-10-16,1520.0,C,0.65,1.4,1.025,37.5128,0.025652,0.000388,-0.102881,0.245232,46,1156.73,3,63,4.73
LLY,2026-08-31,2026-10-16,1540.0,C,0.36,2.28,1.32,42.1698,0.035506,0.000451,-0.151126,0.32106,46,1156.73,1,80,4.73
LLY,2026-08-31,2026-10-16,1560.0,C,0.39,2.16,1.275,43.3111,0.03305,0.000414,-0.146183,0.30269,46,1156.73,2,64,4.73
LLY,2026-08-31,2026-10-16,1580.0,C,0.15,1.59,0.87,42.6703,0.025485,0.000339,-0.115969,0.243892,46,1156.73,1,30,4.73
LLY,2026-08-31,2026-10-16,1600.0,C,0.09,0.96,0.525,40.9796,0.016799,0.000248,-0.078225,0.171378,46,1156.73,7,209,4.73
LLY,2026-08-31,2026-10-16,1620.0,C,0.01,0.82,0.415,41.419,0.014436,0.000215,-0.069363,0.150465,46,1156.73,38,83,4.73
LLY,2026-08-31,2026-10-16,1640.0,C,0.01,0.71,0.36,41.9073,0.012528,0.000188,-0.062055,0.133137,46,1156.73,85,116,4.73
LLY,2026-08-31,2026-10-16,1660.0,C,0.0,2.13,1.065,50.3728,0.028439,0.000315,-0.149488,0.267277,46,1156.73,1,30,4.73
LLY,2026-08-31,2026-10-16,1680.0,C,0.0,1.68,0.84,49.8906,0.023186,0.000268,-0.124739,0.225282,46,1156.73,5,42,4.73
LLY,2026-08-31,2026-10-16,1700.0,C,0.0,1.81,0.905,51.7644,0.023978,0.000265,-0.133041,0.231739,46,1156.73,65,80,4.73
LLY,2026-08-31,2026-10-16,1720.0,C,0.0,4.65,2.325,55.1274,0.028371,0.000287,-0.162957,0.266747,46,1156.73,11,10,4.73
LLY,2026-08-31,2026-10-16,1740.0,C,0.0,3.65,1.825,54.395,0.023107,0.000245,-0.135364,0.224636,46,1156.73,46,16,4.73
LLY,2026-08-31,2026-10-16,1760.0,C,0.0,0.65,0.325,48.4991,0.010053,0.000134,-0.059087,0.109954,46,1156.73,1,133,4.73
LLY,2026-08-31,2026-10-16,1780.0,C,0.0,5.2,2.6,60.0041,0.029059,0.000269,-0.180653,0.272115,46,1156.73,24,8,4.73
LLY,2026-08-31,2026-10-16,1800.0,C,0.01,10.35,5.18,68.8205,0.047608,0.000351,-0.309747,0.407245,46,1156.73,9,54,4.73
LLY,2026-08-31,2026-10-16,1820.0,C,0.05,0.5,0.275,50.2446,0.007645,0.000102,-0.048086,0.086484,46,1156.73,0,1,4.73
LLY,2026-08-31,2026-10-16,1840.0,C,0.0,10.55,5.275,71.7105,0.046718,0.000332,-0.317661,0.401131,46,1156.73,1,4,4.73
LLY,2026-08-31,2026-10-16,470.0,P,0.0,0.95,0.475,99.2676,-0.003024,2.3e-05,-0.040427,0.037838,46,1156.73,1,17,4.73
LLY,2026-08-31,2026-10-16,480.0,P,0.0,3.0,1.5,112.1342,-0.007752,4.6e-05,-0.105662,0.087555,46,1156.73,12,76,4.73
LLY,2026-08-31,2026-10-16,490.0,P,0.0,14.85,7.425,143.3169,-0.025476,0.000101,-0.376113,0.243824,46,1156.73,1,1351,4.73
LLY,2026-08-31,2026-10-16,500.0,P,0.0,12.55,6.275,135.7303,-0.02322,9.9e-05,-0.329441,0.225562,46,1156.73,10,280,4.73
LLY,2026-08-31,2026-10-16,520.0,P,0.0,15.25,7.625,135.1688,-0.027688,0.000115,-0.380047,0.26139,46,1156.73,5,3197,4.73
LLY,2026-08-31,2026-10-16,540.0,P,0.0,10.05,5.025,119.4218,-0.021695,0.000106,-0.273455,0.213002,46,1156.73,1,169,4.73
LLY,2026-08-31,2026-10-16,560.0,P,0.0,1.0,0.5,81.5676,-0.003836,3.4e-05,-0.041045,0.046856,46,1156.73,1,126,4.73
LLY,2026-08-31,2026-10-16,580.0,P,0.0,10.25,5.125,109.8332,-0.023994,0.000125,-0.273492,0.231865,46,1156.73,8,64,4.73
LLY,2026-08-31,2026-10-16,600.0,P,0.0,10.25,5.125,105.0725,-0.025062,0.000136,-0.271227,0.240497,46,1156.73,6,560,4.73
LLY,2026-08-31,2026-10-16,620.0,P,0.0,10.05,5.025,100.0859,-0.025823,0.000146,-0.264749,0.246598,46,1156.73,1,129,4.73
LLY,2026-08-31,2026-10-16,640.0,P,0.0,10.05,5.025,95.6299,-0.026987,0.000159,-0.262289,0.255854,46,1156.73,1,161,4.73
LLY,2026-08-31,2026-10-16,660.0,P,0.0,10.15,5.075,91.4796,-0.028412,0.000173,-0.261725,0.267069,46,1156.73,4,93,4.73
LLY,2026-08-31,2026-10-16,680.0,P,0.0,0.86,0.43,60.1566,-0.004442,5.3e-05,-0.034376,0.053434,46,1156.73,2,46,4.73
LLY,2026-08-31,2026-10-16,700.0,P,0.0,3.4,1.7,68.7503,-0.01393,0.000126,-0.107241,0.145918,46,1156.73,11,118,4.73
LLY,2026-08-31,2026-10-16,720.0,P,0.05,5.1,2.575,69.8733,-0.019974,0.000169,-0.148246,0.198609,46,1156.73,1,131,4.73
LLY,2026-08-31,2026-10-16,740.0,P,0.0,1.66,0.83,55.8354,-0.00874,0.000103,-0.057937,0.097286,46,1156.73,7,182,4.73
LLY,2026-08-31,2026-10-16,760.0,P,0.2,1.13,0.665,51.3066,-0.007697,0.000101,-0.047551,0.087001,46,1156.73,1,337,4.73
LLY,2026-08-31,2026-10-16,780.0,P,0.0,1.22,0.61,52.7593,-0.013119,0.000156,-0.077794,0.138548,46,1156.73,5,302,4.73
LLY,2026-08-31,2026-10-16,800.0,P,0.16,0.92,0.54,47.7544,-0.011081,0.000149,-0.060733,0.119683,46,1156.73,42,190,4.73
LLY,2026-08-31,2026-10-16,820.0,P,0.31,1.13,0.72,46.2896,-0.013747,0.000185,-0.070859,0.144259,46,1156.73,32,234,4.73
LLY,2026-08-31,2026-10-16,840.0,P,0.44,1.0,0.72,42.6519,-0.013215,0.000194,-0.06299,0.139429,46,1156.73,13,197,4.73
LLY,2026-08-31,2026-10-16,860.0,P,0.75,1.65,1.2,43.189,-0.020643,0.00028,-0.093289,0.204231,46,1156.73,87,401,4.73
LLY,2026-08-31,2026-10-16,880.0,P,0.84,2.21,1.525,42.4261,-0.027305,0.000361,-0.115722,0.258368,46,1156.73,1,212,4.73
LLY,2026-08-31,2026-10-16,900.0,P,1.33,2.32,1.825,39.8321,-0.030143,0.000418,-0.117679,0.280511,46,1156.73,4,280,4.73
LLY,2026-08-31,2026-10-16,910.0,P,1.54,2.55,2.045,39.057,-0.033363,0.000463,-0.125333,0.305053,46,1156.73,21,114,4.73
LLY,2026-08-31,2026-10-16,920.0,P,1.64,2.8,2.22,38.2758,-0.036912,0.000514,-0.133276,0.331434,46,1156.73,61,40,4.73
LLY,2026-08-31,2026-10-16,930.0,P,2.02,3.15,2.585,37.6776,-0.041537,0.000574,-0.144232,0.364862,46,1156.73,18,65,4.73
LLY,2026-08-31,2026-10-16,940.0,P,2.2,3.0,2.6,35.8008,-0.041549,0.000605,-0.136835,0.364947,46,1156.73,230,240,4.73
LLY,2026-08-31,2026-10-16,950.0,P,2.85,4.0,3.425,36.5271,-0.052673,0.000717,-0.168676,0.441432,46,1156.73,38,135,4.73
LLY,2026-08-31,2026-10-16,960.0,P,3.35,4.15,3.75,35.2729,-0.056041,0.000779,-0.170753,0.463619,46,1156.73,76,201,4.73
LLY,2026-08-31,2026-10-16,970.0,P,3.85,5.3,4.575,35.7764,-0.068544,0.000899,-0.202382,0.542504,46,1156.73,23,66,4.73
LLY,2026-08-31,2026-10-16,980.0,P,2.86,6.3,4.58,35.7367,-0.079656,0.00101,-0.226377,0.608501,46,1156.73,4,147,4.73
LLY,2026-08-31,2026-10-16,990.0,P,5.2,6.25,5.725,34.0033,-0.082459,0.001089,-0.220534,0.624593,46,1156.73,97,394,4.73
LLY,2026-08-31,2026-10-16,1000.0,P,6.4,7.3,6.85,33.7989,-0.094654,0.001215,-0.242443,0.692197,46,1156.73,87,1067,4.73
LLY,2026-08-31,2026-10-16,1010.0,P,5.0,8.7,6.85,33.8477,-0.109704,0.00135,-0.269768,0.770665,46,1156.73,10,227,4.73
LLY,2026-08-31,2026-10-16,1020.0,P,7.85,10.1,8.975,33.6814,-0.12483,0.001487,-0.293493,0.844519,46,1156.73,33,438,4.73
LLY,2026-08-31,2026-10-16,1030.0,P,8.55,11.65,10.1,33.4907,-0.141188,0.001628,-0.316867,0.919255,46,1156.73,46,106,4.73
LLY,2026-08-31,2026-10-16,1040.0,P,9.7,12.75,11.225,32.6957,-0.155045,0.001775,-0.328308,0.978698,46,1156.73,54,322,4.73
LLY,2026-08-31,2026-10-16,1050.0,P,11.55,13.85,12.7,31.7954,-0.169598,0.001935,-0.337254,1.037571,46,1156.73,131,207,4.73
LLY,2026-08-31,2026-10-16,1060.0,P,13.2,16.0,14.6,31.6962,-0.191017,0.002092,-0.361108,1.118002,46,1156.73,81,483,4.73
LLY,2026-08-31,2026-10-16,1070.0,P,15.85,18.1,16.975,31.3651,-0.212472,0.002253,-0.379446,1.191623,46,1156.73,266,296,4.73
LLY,2026-08-31,2026-10-16,1080.0,P,18.0,20.65,19.325,31.2064,-0.236565,0.002407,-0.399709,1.266538,46,1156.73,36,250,4.73
LLY,2026-08-31,2026-10-16,1090.0,P,20.6,23.4,22.0,31.005,-0.261866,0.002557,-0.41739,1.336891,46,1156.73,37,194,4.73
LLY,2026-08-31,2026-10-16,1100.0,P,23.6,26.8,25.2,31.0676,-0.289879,0.002683,-0.437784,1.405373,46,1156.73,97,504,4.73
LLY,2026-08-31,2026-10-16,1110.0,P,25.15,31.75,28.45,31.9495,-0.32213,0.002733,-0.470295,1.47257,46,1156.73,275,158,4.73
LLY,2026-08-31,2026-10-16,1120.0,P,32.65,34.1,33.375,30.9165,-0.347627,0.00291,-0.465529,1.517232,46,1156.73,47,310,4.73
LLY,2026-08-31,2026-10-16,1130.0,P,32.3,38.55,35.425,31.0569,-0.378342,0.002982,-0.478705,1.561451,46,1156.73,11,122,4.73
LLY,2026-08-31,2026-10-16,1140.0,P,39.0,41.95,40.475,30.355,-0.407989,0.003115,-0.473847,1.594461,46,1156.73,13,378,4.73
LLY,2026-08-31,2026-10-16,1150.0,P,40.2,50.75,45.475,32.7582,-0.440869,0.002933,-0.519901,1.620201,46,1156.73,10,526,4.73
LLY,2026-08-31,2026-10-16,1160.0,P,44.4,53.4,48.9,31.2278,-0.471145,0.003103,-0.493777,1.633942,46,1156.73,181,206,4.73
LLY,2026-08-31,2026-10-16,1170.0,P,49.7,59.3,54.5,31.4841,-0.501632,0.003086,-0.495604,1.638215,46,1156.73,26,187,4.73
LLY,2026-08-31,2026-10-16,1180.0,P,55.25,64.8,60.025,31.3178,-0.53238,0.003092,-0.486629,1.63283,46,1156.73,232,675,4.73
LLY,2026-08-31,2026-10-16,1190.0,P,61.2,70.5,65.85,31.092,-0.563206,0.003085,-0.473272,1.617625,46,1156.73,4,214,4.73
LLY,2026-08-31,2026-10-16,1200.0,P,67.25,76.55,71.9,30.8982,-0.593703,0.003057,-0.45733,1.59283,46,1156.73,126,688,4.73
LLY,2026-08-31,2026-10-16,1220.0,P,80.95,89.05,85.0,30.2024,-0.655128,0.00297,-0.41049,1.512757,46,1156.73,13,227,4.73
LLY,2026-08-31,2026-10-16,1240.0,P,94.4,105.25,99.825,31.3079,-0.701095,0.0027,-0.391881,1.42541,46,1156.73,5,101,4.73
LLY,2026-08-31,2026-10-16,1260.0,P,110.3,119.5,114.9,30.3779,-0.756605,0.002511,-0.323563,1.286349,46,1156.73,11,83,4.73
LLY,2026-08-31,2026-10-16,1280.0,P,125.5,134.05,129.775,28.7239,-0.81486,0.002264,-0.232859,1.096641,46,1156.73,80,110,4.73
LLY,2026-08-31,2026-10-16,1300.0,P,142.4,150.95,146.675,28.2615,-0.856968,0.001946,-0.168665,0.927363,46,1156.73,1,43,4.73
LLY,2026-08-31,2026-10-16,1320.0,P,158.1,168.6,163.35,27.8175,-0.892515,0.001619,-0.107422,0.759418,46,1156.73,3,13,4.73
LLY,2026-08-31,2026-10-16,1340.0,P,178.5,187.1,182.8,27.7839,-0.918355,0.001323,-0.060093,0.619939,46,1156.73,2,42,4.73
LLY,2026-08-31,2026-10-16,1360.0,P,194.6,208.0,201.3,31.3605,-0.912482,0.001235,-0.094066,0.653102,46,1156.73,19,28,4.73
LLY,2026-08-31,2026-10-16,1380.0,P,215.85,227.05,221.45,31.8092,-0.928508,0.001045,-0.061359,0.560368,46,1156.73,2,5,4.73
LLY,2026-08-31,2026-10-16,1400.0,P,235.35,246.4,240.875,32.4775,-0.940274,0.00089,-0.036321,0.487418,46,1156.73,40,48,4.73
LLY,2026-08-31,2026-10-16,1420.0,P,172.8,182.5,177.65,0.001,-1.0,0.0,0.144509,0.0,46,1156.73,2,2,4.73
LLY,2026-08-31,2026-10-16,1440.0,P,272.0,290.0,281.0,42.655,-0.909841,0.000928,-0.172998,0.667722,46,1156.73,6,10,4.73
LLY,2026-08-31,2026-10-16,1460.0,P,292.9,308.35,300.625,41.8768,-0.927888,0.000799,-0.116182,0.564092,46,1156.73,4,0,4.73
LLY,2026-08-31,2026-10-16,1480.0,P,312.9,330.0,321.45,46.5368,-0.916308,0.000805,-0.178069,0.631602,46,1156.73,1,0,4.73
LLY,2026-08-31,2026-10-16,1500.0,P,332.9,347.1,340.0,42.9876,-0.944725,0.000633,-0.067775,0.458608,46,1156.73,0,0,4.73
LLY,2026-08-31,2026-10-16,1520.0,P,352.9,367.1,360.0,44.6844,-0.946598,0.000592,-0.067987,0.446274,46,1156.73,2,0,4.73
LLY,2026-08-31,2026-10-16,1540.0,P,372.9,387.1,380.0,46.3506,-0.948278,0.000557,-0.068202,0.435092,46,1156.73,1,0,4.73
LLY,2026-08-31,2026-10-16,1560.0,P,392.9,408.65,400.775,51.2914,-0.936457,0.000591,-0.133416,0.511578,46,1156.73,1,0,4.73
LLY,2026-08-31,2026-10-16,1580.0,P,412.9,428.35,420.625,52.3473,-0.940592,0.00055,-0.121892,0.485387,46,1156.73,1,0,4.73
LLY,2026-08-31,2026-10-16,1600.0,P,432.9,447.1,440.0,51.1357,-0.952576,0.000471,-0.068045,0.405988,46,1156.73,4,0,4.73
LLY,2026-08-31,2026-10-16,1620.0,P,452.9,468.0,460.45,54.7917,-0.946325,0.000485,-0.107857,0.448076,46,1156.73,0,0,4.73
LLY,2026-08-31,2026-10-16,1640.0,P,383.35,399.9,391.625,0.001,-1.0,0.0,0.166898,0.0,46,1156.73,1,0,4.73
LLY,2026-08-31,2026-10-16,1680.0,P,423.35,441.0,432.175,0.001,-1.0,0.0,0.170968,0.0,46,1156.73,0,0,4.73
LLY,2026-08-31,2026-10-16,1760.0,P,592.9,608.35,600.625,65.9,-0.951239,0.000374,-0.123493,0.415119,46,1156.73,1,1,4.73
LLY,2026-08-31,2026-10-16,1780.0,P,612.9,628.65,620.775,67.9874,-0.95008,0.000369,-0.13679,0.422975,46,1156.73,1,0,4.73
LLY,2026-08-31,2026-11-20,540.0,C,611.65,627.4,619.525,81.6469,0.985898,8.1e-05,-0.151455,0.195683,81,1156.73,0,1,4.73
LLY,2026-08-31,2026-11-20,560.0,C,592.55,608.0,600.275,81.2868,0.982462,9.8e-05,-0.172765,0.235927,81,1156.73,0,1,4.73
LLY,2026-08-31,2026-11-20,640.0,C,495.45,507.6,501.525,0.001,1.0,0.0,-0.064898,0.0,81,1156.73,1,1,4.73
LLY,2026-08-31,2026-11-20,670.0,C,576.3,594.15,585.225,168.2771,0.863388,0.000239,-1.28104,1.192766,81,1156.73,1,1,4.73
LLY,2026-08-31,2026-11-20,720.0,C,441.8,453.15,447.475,70.676,0.94688,0.000281,-0.322996,0.589715,81,1156.73,0,1,4.73
LLY,2026-08-31,2026-11-20,740.0,C,401.25,414.15,407.7,0.001,1.0,0.0,-0.075038,0.0,81,1156.73,1,3,4.73
LLY,2026-08-31,2026-11-20,750.0,C,409.2,425.6,417.4,65.5613,0.943418,0.000318,-0.319231,0.619887,81,1156.73,1,1,4.73
LLY,2026-08-31,2026-11-20,760.0,C,402.95,417.05,410.0,67.6151,0.933704,0.000349,-0.3608,0.701576,81,1156.73,28,33,4.73
LLY,2026-08-31,2026-11-20,770.0,C,394.85,407.35,401.1,67.3679,0.928828,0.00037,-0.376473,0.74104,81,1156.73,0,2,4.73
LLY,2026-08-31,2026-11-20,800.0,C,449.0,466.65,457.825,132.3185,0.820302,0.000364,-1.21656,1.428345,81,1156.73,15,15,4.73
LLY,2026-08-31,2026-11-20,810.0,C,361.0,371.65,366.325,66.5378,0.906569,0.00046,-0.442898,0.909762,81,1156.73,2,1,4.73
LLY,2026-08-31,2026-11-20,840.0,C,323.15,338.8,330.975,55.7744,0.916303,0.000506,-0.362519,0.838162,81,1156.73,1,15,4.73
LLY,2026-08-31,2026-11-20,850.0,C,316.05,327.9,321.975,55.2861,0.910698,0.000536,-0.374452,0.879778,81,1156.73,1,20,4.73
LLY,2026-08-31,2026-11-20,860.0,C,395.1,408.65,401.875,119.2524,0.794825,0.000437,-1.192876,1.549025,81,1156.73,1,6,4.73
LLY,2026-08-31,2026-11-20,870.0,C,297.15,308.4,302.775,52.9485,0.903192,0.000594,-0.380502,0.933864,81,1156.73,1,4,4.73
LLY,2026-08-31,2026-11-20,880.0,C,287.8,299.05,293.425,52.0116,0.898362,0.000627,-0.38635,0.96771,81,1156.73,21,37,4.73
LLY,2026-08-31,2026-11-20,890.0,C,278.5,289.75,284.125,51.0991,0.893198,0.000661,-0.392403,1.003109,81,1156.73,1,4,4.73
LLY,2026-08-31,2026-11-20,900.0,C,269.3,280.5,274.9,50.2279,0.887612,0.000698,-0.398885,1.040507,81,1156.73,2,18,4.73
LLY,2026-08-31,2026-11-20,910.0,C,260.15,272.0,266.075,54.6117,0.862881,0.000737,-0.47679,1.19579,81,1156.73,1,9,4.73
LLY,2026-08-31,2026-11-20,920.0,C,251.05,262.3,256.675,53.1529,0.858308,0.000775,-0.475325,1.222779,81,1156.73,1,15,4.73
LLY,2026-08-31,2026-11-20,930.0,C,240.25,253.3,246.775,52.2252,0.85163,0.000813,-0.480863,1.261276,81,1156.73,1,9,4.73
LLY,2026-08-31,2026-11-20,940.0,C,319.8,332.35,326.075,101.8384,0.754777,0.000567,-1.132965,1.713854,81,1156.73,16,20,4.73
LLY,2026-08-31,2026-11-20,950.0,C,224.95,235.7,230.325,50.5681,0.836554,0.000895,-0.493922,1.344384,81,1156.73,7,13,4.73
LLY,2026-08-31,2026-11-20,960.0,C,216.35,227.05,221.7,49.7899,0.828276,0.000939,-0.500731,1.387854,81,1156.73,6,28,4.73
LLY,2026-08-31,2026-11-20,970.0,C,209.35,217.75,213.55,48.5334,0.821366,0.000987,-0.500635,1.423023,81,1156.73,1,7,4.73
LLY,2026-08-31,2026-11-20,980.0,C,199.4,210.2,204.8,48.4029,0.809884,0.001029,-0.515714,1.479265,81,1156.73,2,9,4.73
LLY,2026-08-31,2026-11-20,990.0,C,190.9,201.95,196.425,47.7499,0.799892,0.001076,-0.523205,1.526045,81,1156.73,2,31,4.73
LLY,2026-08-31,2026-11-20,1000.0,C,183.1,193.05,188.075,46.6467,0.791069,0.00113,-0.52411,1.565739,81,1156.73,1,75,4.73
LLY,2026-08-31,2026-11-20,1010.0,C,174.95,185.85,180.4,46.5307,0.778226,0.001173,-0.538056,1.620892,81,1156.73,1,9,4.73
LLY,2026-08-31,2026-11-20,1020.0,C,167.35,177.95,172.65,45.9249,0.766666,0.001223,-0.54478,1.667947,81,1156.73,2,5,4.73
LLY,2026-08-31,2026-11-20,1030.0,C,159.75,170.4,165.075,45.4611,0.754143,0.001271,-0.552853,1.716236,81,1156.73,1,10,4.73
LLY,2026-08-31,2026-11-20,1040.0,C,152.25,162.75,157.5,44.8766,0.741528,0.001322,-0.558673,1.762134,81,1156.73,3,17,4.73
LLY,2026-08-31,2026-11-20,1050.0,C,144.9,155.4,150.15,44.393,0.7281,0.001372,-0.565166,1.80805,81,1156.73,2,55,4.73
LLY,2026-08-31,2026-11-20,1060.0,C,137.85,148.4,143.125,44.0267,0.713858,0.001418,-0.572474,1.853511,81,1156.73,5,19,4.73
LLY,2026-08-31,2026-11-20,1070.0,C,131.1,141.45,136.275,43.6155,0.699293,0.001464,-0.578378,1.896642,81,1156.73,2,10,4.73
LLY,2026-08-31,2026-11-20,1080.0,C,124.45,134.75,129.6,43.2592,0.684151,0.001509,-0.584145,1.937963,81,1156.73,5,37,4.73
LLY,2026-08-31,2026-11-20,1090.0,C,117.95,127.75,122.85,42.6817,0.669033,0.001559,-0.586118,1.97571,81,1156.73,2,23,4.73
LLY,2026-08-31,2026-11-20,1100.0,C,111.65,122.25,116.95,42.7664,0.652267,0.001586,-0.595735,2.013559,81,1156.73,2,69,4.73
LLY,2026-08-31,2026-11-20,1110.0,C,105.4,115.7,110.55,42.2613,0.636183,0.00163,-0.59669,2.045969,81,1156.73,10,22,4.73
LLY,2026-08-31,2026-11-20,1120.0,C,99.65,109.2,104.425,41.709,0.619673,0.001676,-0.595997,2.075334,81,1156.73,12,18,4.73
LLY,2026-08-31,2026-11-20,1130.0,C,95.95,104.55,100.25,41.9516,0.602191,0.001688,-0.604478,2.102177,81,1156.73,2,21,4.73
LLY,2026-08-31,2026-11-20,1140.0,C,90.15,96.05,93.1,40.3197,0.585224,0.001774,-0.587628,2.124099,81,1156.73,8,30,4.73
LLY,2026-08-31,2026-11-20,1150.0,C,86.05,94.0,90.025,41.6021,0.567504,0.001735,-0.607351,2.142698,81,1156.73,23,60,4.73
LLY,2026-08-31,2026-11-20,1160.0,C,81.2,86.3,83.75,40.1968,0.549148,0.001807,-0.591032,2.157375,81,1156.73,22,50,4.73
LLY,2026-08-31,2026-11-20,1170.0,C,74.45,84.15,79.3,41.2604,0.532322,0.001769,-0.60583,2.166754,81,1156.73,19,35,4.73
LLY,2026-08-31,2026-11-20,1180.0,C,72.2,80.15,76.175,41.3946,0.51509,0.001767,-0.607437,2.172338,81,1156.73,32,42,4.73
LLY,2026-08-31,2026-11-20,1190.0,C,66.4,72.55,69.475,39.8039,0.494693,0.001839,-0.584817,2.1737,81,1156.73,14,55,4.73
LLY,2026-08-31,2026-11-20,1200.0,C,63.3,72.1,67.7,41.4107,0.480754,0.001766,-0.604191,2.171363,81,1156.73,21,197,4.73
LLY,2026-08-31,2026-11-20,1220.0,C,54.6,60.6,57.6,39.5209,0.440987,0.001832,-0.570164,2.150065,81,1156.73,34,172,4.73
LLY,2026-08-31,2026-11-20,1240.0,C,49.65,55.1,52.375,40.1076,0.409195,0.001778,-0.566676,2.117334,81,1156.73,27,71,4.73
LLY,2026-08-31,2026-11-20,1260.0,C,43.1,47.3,45.2,39.3034,0.372758,0.001767,-0.539342,2.062359,81,1156.73,15,241,4.73
LLY,2026-08-31,2026-11-20,1280.0,C,37.35,42.3,39.825,39.5682,0.342507,0.001704,-0.524978,2.00221,81,1156.73,13,266,4.73
LLY,2026-08-31,2026-11-20,1300.0,C,32.1,37.05,34.575,39.4354,0.311685,0.001646,-0.501932,1.926952,81,1156.73,24,197,4.73
LLY,2026-08-31,2026-11-20,1320.0,C,28.35,32.15,30.25,39.2035,0.281716,0.00158,-0.475046,1.839735,81,1156.73,14,106,4.73
LLY,2026-08-31,2026-11-20,1340.0,C,24.7,32.15,28.425,41.4908,0.270149,0.001463,-0.490061,1.802233,81,1156.73,17,184,4.73
LLY,2026-08-31,2026-11-20,1360.0,C,21.4,25.1,23.25,39.5071,0.231996,0.001417,-0.430179,1.662621,81,1156.73,14,305,4.73
LLY,2026-08-31,2026-11-20,1380.0,C,18.0,24.05,21.025,40.888,0.218593,0.001324,-0.428977,1.607515,81,1156.73,14,150,4.73
LLY,2026-08-31,2026-11-20,1400.0,C,15.6,19.0,17.3,39.4476,0.186823,0.001249,-0.376374,1.463408,81,1156.73,2,230,4.73
LLY,2026-08-31,2026-11-20,1420.0,C,13.1,18.85,15.975,41.1764,0.17945,0.001167,-0.381914,1.427106,81,1156.73,3,598,4.73
LLY,2026-08-31,2026-11-20,1440.0,C,11.4,16.0,13.7,40.798,0.158525,0.001088,-0.34889,1.317824,81,1156.73,5,167,4.73
LLY,2026-08-31,2026-11-20,1460.0,C,9.9,14.15,12.025,40.975,0.143022,0.001011,-0.326616,1.230528,81,1156.73,13,433,4.73
LLY,2026-08-31,2026-11-20,1480.0,C,8.5,11.45,9.975,40.1739,0.122249,0.000926,-0.287081,1.104379,81,1156.73,2,43,4.73
LLY,2026-08-31,2026-11-20,1500.0,C,7.3,11.4,9.35,41.6525,0.118192,0.000872,-0.290018,1.078429,81,1156.73,18,298,4.73
LLY,2026-08-31,2026-11-20,1520.0,C,6.35,8.5,7.425,40.1114,0.095596,0.000777,-0.239471,0.925255,81,1156.73,20,123,4.73
LLY,2026-08-31,2026-11-20,1540.0,C,5.55,7.25,6.4,40.0183,0.083811,0.000706,-0.21638,0.839023,81,1156.73,4,51,4.73
LLY,2026-08-31,2026-11-20,1560.0,C,4.25,6.9,5.575,40.9064,0.078865,0.00066,-0.210931,0.801389,81,1156.73,6,44,4.73
LLY,2026-08-31,2026-11-20,1580.0,C,4.2,5.9,5.05,40.827,0.069156,0.000598,-0.190209,0.724846,81,1156.73,4,57,4.73
LLY,2026-08-31,2026-11-20,1600.0,C,3.65,5.75,4.7,41.8554,0.066201,0.000564,-0.188265,0.700797,81,1156.73,1,41,4.73
LLY,2026-08-31,2026-11-20,1620.0,C,2.32,5.45,3.885,42.6153,0.062245,0.000528,-0.182496,0.668023,81,1156.73,3,26,4.73
LLY,2026-08-31,2026-11-20,1640.0,C,1.59,6.15,3.87,44.8766,0.065976,0.000525,-0.200758,0.698954,81,1156.73,1,6,4.73
LLY,2026-08-31,2026-11-20,1660.0,C,1.03,6.95,3.99,47.2295,0.070097,0.000522,-0.221071,0.732423,81,1156.73,1,14,4.73
LLY,2026-08-31,2026-11-20,1680.0,C,0.02,5.55,2.785,46.2774,0.058805,0.000465,-0.188882,0.638959,81,1156.73,2,4,4.73
LLY,2026-08-31,2026-11-20,1700.0,C,1.35,4.2,2.775,45.0048,0.047357,0.000403,-0.154641,0.538127,81,1156.73,3,28,4.73
LLY,2026-08-31,2026-11-20,1720.0,C,0.0,4.5,2.25,46.6558,0.048711,0.000397,-0.163791,0.550406,81,1156.73,3,33,4.73
LLY,2026-08-31,2026-11-20,1740.0,C,0.6,10.4,5.5,56.4305,0.085062,0.000506,-0.304481,0.848396,81,1156.73,2,17,4.73
LLY,2026-08-31,2026-11-20,1760.0,C,0.69,3.0,1.845,45.4962,0.034953,0.000311,-0.121926,0.420587,81,1156.73,5,40,4.73
LLY,2026-08-31,2026-11-20,1780.0,C,0.0,3.75,1.875,48.2366,0.040342,0.00033,-0.145155,0.47283,81,1156.73,6,6,4.73
LLY,2026-08-31,2026-11-20,1800.0,C,0.0,3.35,1.675,48.3068,0.036489,0.000304,-0.13387,0.435682,81,1156.73,100,107,4.73
LLY,2026-08-31,2026-11-20,1820.0,C,0.0,3.2,1.6,48.9019,0.03466,0.000288,-0.129842,0.417696,81,1156.73,2,11,4.73
LLY,2026-08-31,2026-11-20,1840.0,C,0.48,1.51,0.995,44.5623,0.019381,0.000194,-0.072792,0.256889,81,1156.73,1,46,4.73
LLY,2026-08-31,2026-11-20,490.0,P,0.0,1.43,0.715,75.3909,-0.004404,3.1e-05,-0.032157,0.070357,81,1156.73,10,25,4.73
LLY,2026-08-31,2026-11-20,500.0,P,0.0,10.3,5.15,99.0051,-0.020216,9.1e-05,-0.159841,0.26625,81,1156.73,10,8,4.73
LLY,2026-08-31,2026-11-20,520.0,P,0.0,10.15,5.075,94.5801,-0.020884,9.7e-05,-0.156838,0.273684,81,1156.73,2,83,4.73
LLY,2026-08-31,2026-11-20,540.0,P,0.0,1.27,0.635,66.4798,-0.004455,3.6e-05,-0.028588,0.071085,81,1156.73,1,158,4.73
LLY,2026-08-31,2026-11-20,560.0,P,0.0,10.25,5.125,86.8837,-0.022899,0.000115,-0.15547,0.295829,81,1156.73,7,66,4.73
LLY,2026-08-31,2026-11-20,580.0,P,0.0,10.0,5.0,82.7699,-0.023481,0.000123,-0.151126,0.302138,81,1156.73,201,97,4.73
LLY,2026-08-31,2026-11-20,600.0,P,0.0,10.25,5.125,79.5473,-0.024929,0.000135,-0.152584,0.317719,81,1156.73,1,46,4.73
LLY,2026-08-31,2026-11-20,620.0,P,0.0,10.0,5.0,75.7021,-0.025572,0.000144,-0.14818,0.324569,81,1156.73,2,13,4.73
LLY,2026-08-31,2026-11-20,640.0,P,0.0,1.76,0.88,54.9321,-0.00717,6.6e-05,-0.03585,0.108455,81,1156.73,31,35,4.73
LLY,2026-08-31,2026-11-20,650.0,P,0.0,1.84,0.92,53.9311,-0.007585,7.1e-05,-0.036963,0.11397,81,1156.73,2,17,4.73
LLY,2026-08-31,2026-11-20,660.0,P,0.0,1.72,0.86,52.1733,-0.007352,7.2e-05,-0.034766,0.110885,81,1156.73,2,21,4.73
LLY,2026-08-31,2026-11-20,670.0,P,0.0,1.79,0.895,51.1724,-0.007757,7.7e-05,-0.035723,0.116244,81,1156.73,4,154,4.73
LLY,2026-08-31,2026-11-20,680.0,P,0.01,1.41,0.71,53.1987,-0.011357,0.000103,-0.051811,0.162248,81,1156.73,1,37,4.73
LLY,2026-08-31,2026-11-20,690.0,P,0.0,1.99,0.995,54.6941,-0.015147,0.000128,-0.068288,0.208099,81,1156.73,3,33,4.73
LLY,2026-08-31,2026-11-20,700.0,P,0.51,1.1,0.805,48.8164,-0.009769,9.8e-05,-0.041626,0.142293,81,1156.73,31,285,4.73
LLY,2026-08-31,2026-11-20,710.0,P,0.66,1.81,1.235,51.2395,-0.014738,0.000134,-0.062383,0.203253,81,1156.73,2,43,4.73
LLY,2026-08-31,2026-11-20,720.0,P,0.52,2.22,1.37,51.6118,-0.01762,0.000155,-0.073182,0.236872,81,1156.73,2,48,4.73
LLY,2026-08-31,2026-11-20,730.0,P,0.76,1.87,1.315,48.9141,-0.015825,0.000149,-0.063202,0.21607,81,1156.73,1,112,4.73
LLY,2026-08-31,2026-11-20,740.0,P,0.1,2.76,1.43,50.8367,-0.021712,0.000187,-0.08594,0.282836,81,1156.73,1,55,4.73
LLY,2026-08-31,2026-11-20,750.0,P,0.39,2.73,1.56,49.4207,-0.022055,0.000195,-0.084579,0.2866,81,1156.73,72,91,4.73
LLY,2026-08-31,2026-11-20,760.0,P,1.13,2.8,1.965,48.3282,-0.023012,0.000207,-0.085645,0.297054,81,1156.73,6,26,4.73
LLY,2026-08-31,2026-11-20,770.0,P,0.43,3.7,2.065,49.5,-0.028892,0.000244,-0.106054,0.359362,81,1156.73,1,36,4.73
LLY,2026-08-31,2026-11-20,780.0,P,0.35,4.0,2.175,48.8897,-0.031294,0.000264,-0.111814,0.383967,81,1156.73,1,21,4.73
LLY,2026-08-31,2026-11-20,790.0,P,0.31,4.1,2.205,47.7849,-0.032643,0.00028,-0.113044,0.397581,81,1156.73,2,59,4.73
LLY,2026-08-31,2026-11-20,800.0,P,1.05,4.2,2.625,46.6802,-0.034042,0.000297,-0.114187,0.411561,81,1156.73,6,252,4.73
LLY,2026-08-31,2026-11-20,810.0,P,0.97,4.85,2.91,46.7138,-0.038627,0.000329,-0.126602,0.456411,81,1156.73,5,58,4.73
LLY,2026-08-31,2026-11-20,820.0,P,1.05,11.05,6.05,55.0465,-0.068328,0.000439,-0.234914,0.718145,81,1156.73,1,167,4.73
LLY,2026-08-31,2026-11-20,830.0,P,1.48,7.9,4.69,49.1765,-0.056553,0.000424,-0.180683,0.619635,81,1156.73,1,283,4.73
LLY,2026-08-31,2026-11-20,840.0,P,1.98,5.7,3.84,44.2663,-0.046645,0.000404,-0.139235,0.531627,81,1156.73,1,94,4.73
LLY,2026-08-31,2026-11-20,850.0,P,3.1,5.9,4.5,43.2623,-0.049024,0.000431,-0.14141,0.553231,81,1156.73,208,333,4.73
LLY,2026-08-31,2026-11-20,860.0,P,4.05,5.55,4.8,41.355,-0.04831,0.000445,-0.133369,0.546781,81,1156.73,6,65,4.73
LLY,2026-08-31,2026-11-20,870.0,P,3.85,6.15,5.0,40.9979,-0.053222,0.000485,-0.14262,0.590612,81,1156.73,28,75,4.73
LLY,2026-08-31,2026-11-20,880.0,P,4.25,6.9,5.575,40.7812,-0.059091,0.00053,-0.153853,0.641401,81,1156.73,8,77,4.73
LLY,2026-08-31,2026-11-20,890.0,P,4.7,7.45,6.075,40.1984,-0.063921,0.000571,-0.160996,0.681992,81,1156.73,2,316,4.73
LLY,2026-08-31,2026-11-20,900.0,P,5.2,8.55,6.875,40.2563,-0.071894,0.000625,-0.176301,0.746805,81,1156.73,29,131,4.73
LLY,2026-08-31,2026-11-20,910.0,P,5.85,9.15,7.5,39.5972,-0.077253,0.000671,-0.182871,0.788932,81,1156.73,2,98,4.73
LLY,2026-08-31,2026-11-20,920.0,P,7.65,10.0,8.825,39.1714,-0.084098,0.000723,-0.192542,0.841174,81,1156.73,9,70,4.73
LLY,2026-08-31,2026-11-20,930.0,P,8.55,11.25,9.9,39.0875,-0.093105,0.000782,-0.206907,0.907412,81,1156.73,4,98,4.73
LLY,2026-08-31,2026-11-20,940.0,P,7.95,12.1,10.025,38.5046,-0.100245,0.000838,-0.214749,0.958026,81,1156.73,4,241,4.73
LLY,2026-08-31,2026-11-20,950.0,P,9.7,13.1,11.4,38.0057,-0.108324,0.000898,-0.223739,1.013389,81,1156.73,6,203,4.73
LLY,2026-08-31,2026-11-20,960.0,P,9.9,14.85,12.375,38.0911,-0.120044,0.000964,-0.240815,1.090331,81,1156.73,3,57,4.73
LLY,2026-08-31,2026-11-20,970.0,P,10.85,16.4,13.625,37.8851,-0.130907,0.00103,-0.253893,1.158293,81,1156.73,4,75,4.73
LLY,2026-08-31,2026-11-20,980.0,P,12.05,18.0,15.025,37.6212,-0.142114,0.001097,-0.266078,1.225242,81,1156.73,3,108,4.73
LLY,2026-08-31,2026-11-20,990.0,P,13.5,19.0,16.25,36.8277,-0.151119,0.001168,-0.270646,1.276823,81,1156.73,12,403,4.73
LLY,2026-08-31,2026-11-20,1000.0,P,17.9,21.0,19.45,36.695,-0.164381,0.001238,-0.284275,1.349368,81,1156.73,61,611,4.73
LLY,2026-08-31,2026-11-20,1010.0,P,17.15,27.35,22.25,39.3042,-0.192172,0.001276,-0.336,1.489051,81,1156.73,2,85,4.73
LLY,2026-08-31,2026-11-20,1020.0,P,19.25,27.1,23.175,37.4625,-0.198227,0.001364,-0.32494,1.517392,81,1156.73,17,43,4.73
LLY,2026-08-31,2026-11-20,1030.0,P,24.6,27.45,26.025,35.9938,-0.206687,0.001456,-0.318686,1.555785,81,1156.73,1,100,4.73
LLY,2026-08-31,2026-11-20,1040.0,P,26.5,30.75,28.625,36.2555,-0.224607,0.001517,-0.335967,1.632647,81,1156.73,4,76,4.73
LLY,2026-08-31,2026-11-20,1050.0,P,27.3,32.8,30.05,35.6803,-0.239081,0.001596,-0.340995,1.690449,81,1156.73,9,300,4.73
LLY,2026-08-31,2026-11-20,1060.0,P,31.6,38.65,35.125,37.1085,-0.26293,0.001613,-0.3725,1.777711,81,1156.73,39,85,4.73
LLY,2026-08-31,2026-11-20,1070.0,P,31.8,42.55,37.175,37.3129,-0.281496,0.00166,-0.386298,1.83904,81,1156.73,2,77,4.73
LLY,2026-08-31,2026-11-20,1080.0,P,37.7,42.1,39.9,35.1661,-0.292141,0.001792,-0.367808,1.871683,81,1156.73,10,58,4.73
LLY,2026-08-31,2026-11-20,1090.0,P,40.35,46.55,43.45,35.485,-0.312568,0.001831,-0.38127,1.929311,81,1156.73,24,73,4.73
LLY,2026-08-31,2026-11-20,1100.0,P,43.2,49.9,46.55,35.1432,-0.331218,0.001894,-0.384868,1.976307,81,1156.73,6,214,4.73
LLY,2026-08-31,2026-11-20,1110.0,P,46.35,56.8,51.575,36.4264,-0.354063,0.001874,-0.408492,2.026766,81,1156.73,5,161,4.73
LLY,2026-08-31,2026-11-20,1120.0,P,52.1,58.15,55.125,34.9326,-0.371193,0.001986,-0.39473,2.059574,81,1156.73,60,355,4.73
LLY,2026-08-31,2026-11-20,1130.0,P,54.75,62.7,58.725,34.8807,-0.391718,0.002021,-0.398468,2.093317,81,1156.73,11,74,4.73
LLY,2026-08-31,2026-11-20,1140.0,P,60.65,67.35,64.0,34.7785,-0.412394,0.002054,-0.40025,2.121264,81,1156.73,5,52,4.73
LLY,2026-08-31,2026-11-20,1150.0,P,64.95,72.45,68.7,34.7869,-0.433259,0.002075,-0.402149,2.1434,81,1156.73,12,59,4.73
LLY,2026-08-31,2026-11-20,1160.0,P,68.65,79.7,74.175,35.6841,-0.453618,0.002038,-0.414375,2.159184,81,1156.73,14,70,4.73
LLY,2026-08-31,2026-11-20,1170.0,P,74.8,82.25,78.525,34.3337,-0.47546,0.002128,-0.3958,2.169779,81,1156.73,4,43,4.73
LLY,2026-08-31,2026-11-20,1180.0,P,80.65,87.2,83.925,33.9888,-0.497052,0.002154,-0.388997,2.173834,81,1156.73,35,55,4.73
LLY,2026-08-31,2026-11-20,1190.0,P,84.85,95.4,90.125,35.0402,-0.515586,0.002088,-0.399754,2.172234,81,1156.73,9,30,4.73
LLY,2026-08-31,2026-11-20,1200.0,P,90.7,101.4,96.05,34.9944,-0.535899,0.002084,-0.394604,2.165085,81,1156.73,6,93,4.73
LLY,2026-08-31,2026-11-20,1220.0,P,104.6,112.8,108.7,34.3512,-0.578085,0.00209,-0.372912,2.132117,81,1156.73,33,35,4.73
LLY,2026-08-31,2026-11-20,1240.0,P,117.15,126.95,122.05,34.6511,-0.61543,0.002024,-0.360375,2.082248,81,1156.73,40,37,4.73
LLY,2026-08-31,2026-11-20,1260.0,P,129.75,140.65,135.2,34.3978,-0.653801,0.001968,-0.335943,2.01027,81,1156.73,1,35,4.73
LLY,2026-08-31,2026-11-20,1280.0,P,145.15,155.0,150.075,34.1231,-0.690777,0.001895,-0.307792,1.920317,81,1156.73,1,106,4.73
LLY,2026-08-31,2026-11-20,1300.0,P,159.2,170.2,164.7,33.9576,-0.725142,0.001803,-0.278758,1.817763,81,1156.73,2,27,4.73
LLY,2026-08-31,2026-11-20,1320.0,P,175.15,185.7,180.425,33.6173,-0.758741,0.001702,-0.244742,1.698824,81,1156.73,10,15,4.73
LLY,2026-08-31,2026-11-20,1340.0,P,191.05,201.95,196.5,33.3854,-0.789258,0.001587,-0.211294,1.573704,81,1156.73,2,9,4.73
LLY,2026-08-31,2026-11-20,1360.0,P,208.15,218.7,213.425,33.1458,-0.817446,0.001466,-0.177119,1.442529,81,1156.73,21,23,4.73
LLY,2026-08-31,2026-11-20,1380.0,P,225.25,235.7,230.475,32.7338,-0.844636,0.001338,-0.13983,1.300473,81,1156.73,8,16,4.73
LLY,2026-08-31,2026-11-20,1400.0,P,242.7,253.3,248.0,32.4409,-0.8683,0.001207,-0.105412,1.163136,81,1156.73,2,21,4.73
LLY,2026-08-31,2026-11-20,1420.0,P,260.7,271.3,266.0,32.1632,-0.889331,0.001078,-0.07251,1.029094,81,1156.73,22,13,4.73
LLY,2026-08-31,2026-11-20,1440.0,P,277.45,289.65,283.55,31.9022,-0.907792,0.000951,-0.041585,0.900938,81,1156.73,8,20,4.73
LLY,2026-08-31,2026-11-20,1460.0,P,297.35,309.05,303.2,32.6392,-0.916758,0.000861,-0.029326,0.834738,81,1156.73,8,22,4.73
LLY,2026-08-31,2026-11-20,1480.0,P,316.35,328.0,322.175,32.624,-0.929602,0.000759,-0.005699,0.73484,81,1156.73,0,17,4.73
LLY,2026-08-31,2026-11-20,1500.0,P,335.65,347.15,341.4,32.6514,-0.94047,0.000665,0.015477,0.645127,81,1156.73,0,17,4.73
LLY,2026-08-31,2026-11-20,1520.0,P,355.25,366.55,360.9,32.8773,-0.948712,0.000587,0.032049,0.573505,81,1156.73,2,14,4.73
LLY,2026-08-31,2026-11-20,1540.0,P,375.05,386.25,380.65,33.5273,-0.953577,0.000532,0.041404,0.529596,81,1156.73,2,3,4.73
LLY,2026-08-31,2026-11-20,1560.0,P,393.0,410.2,401.6,40.9903,-0.92065,0.000661,-0.05415,0.805115,81,1156.73,2,2,4.73
LLY,2026-08-31,2026-11-20,1580.0,P,328.35,339.2,333.775,0.001,-1.0,0.0,0.160217,0.0,81,1156.73,12,9,4.73
LLY,2026-08-31,2026-11-20,1600.0,P,432.0,450.5,441.25,43.9672,-0.922591,0.000605,-0.060569,0.790144,81,1156.73,3,0,4.73
LLY,2026-08-31,2026-11-20,1620.0,P,452.0,468.35,460.175,42.0843,-0.940395,0.000517,-0.009975,0.645767,81,1156.73,1,0,4.73
LLY,2026-08-31,2026-11-20,1640.0,P,472.5,488.35,480.425,43.2653,-0.941825,0.000493,-0.009232,0.633578,81,1156.73,1,0,4.73
LLY,2026-08-31,2026-11-20,1660.0,P,494.1,507.1,500.6,42.1667,-0.953274,0.000425,0.024655,0.532371,81,1156.73,1,0,4.73
LLY,2026-08-31,2026-11-20,1680.0,P,512.5,529.75,521.125,47.7788,-0.934318,0.000491,-0.042137,0.696533,81,1156.73,1,0,4.73
LLY,2026-08-31,2026-11-20,1700.0,P,532.05,548.8,540.425,47.437,-0.942279,0.000447,-0.018228,0.629693,81,1156.73,1,0,4.73
LLY,2026-08-31,2026-11-20,1720.0,P,463.35,481.05,472.2,0.001,-1.0,0.0,0.174414,0.0,81,1156.73,0,1,4.73
LLY,2026-08-31,2026-11-20,1820.0,P,563.35,581.0,572.175,0.001,-1.0,0.0,0.184554,0.0,81,1156.73,1,0,4.73
LLY,2026-08-31,2026-11-20,1840.0,P,672.9,690.0,681.45,56.873,-0.941516,0.000377,-0.042971,0.636219,81,1156.73,2,0,4.73
