symbol,quote_date,expiration,strike,option_type,bid,ask,mid,implied_volatility,delta,gamma,theta,vega,dte,underlying_price,volume,open_interest,iv_rank
LLY,2026-08-13,2026-08-21,520.0,C,625.6,641.5,633.55,0.001,1.0,0.0,-0.052741,0.0,8,1209.0,0,1,21.08
LLY,2026-08-13,2026-08-21,560.0,C,642.7,656.6,649.65,202.0024,0.996792,2.7e-05,-0.275994,0.017396,8,1209.0,85,25,21.08
LLY,2026-08-13,2026-08-21,600.0,C,550.45,563.1,556.775,0.001,1.0,0.0,-0.060855,0.0,8,1209.0,2,2,21.08
LLY,2026-08-13,2026-08-21,620.0,C,582.3,596.65,589.475,170.7033,0.997216,2.8e-05,-0.225871,0.015311,8,1209.0,15,8,21.08
LLY,2026-08-13,2026-08-21,640.0,C,562.3,576.75,569.525,165.0881,0.996815,3.3e-05,-0.242827,0.017284,8,1209.0,10,6,21.08
LLY,2026-08-13,2026-08-21,660.0,C,543.05,556.6,549.825,166.797,0.995032,4.8e-05,-0.334566,0.025735,8,1209.0,15,12,21.08
LLY,2026-08-13,2026-08-21,680.0,C,470.85,481.05,475.95,0.001,1.0,0.0,-0.068969,0.0,8,1209.0,2,1,21.08
LLY,2026-08-13,2026-08-21,700.0,C,502.6,516.6,509.6,145.9475,0.995866,4.7e-05,-0.269673,0.02184,8,1209.0,60,18,21.08
LLY,2026-08-13,2026-08-21,720.0,C,482.3,496.65,489.475,135.2054,0.996464,4.4e-05,-0.232983,0.018984,8,1209.0,65,0,21.08
LLY,2026-08-13,2026-08-21,740.0,C,462.3,476.6,469.45,127.8324,0.996457,4.6e-05,-0.226532,0.019017,8,1209.0,10,6,21.08
LLY,2026-08-13,2026-08-21,760.0,C,442.3,456.6,449.45,121.4848,0.99627,5.1e-05,-0.227824,0.019917,8,1209.0,15,12,21.08
LLY,2026-08-13,2026-08-21,780.0,C,422.3,436.75,429.525,117.4809,0.995491,6.3e-05,-0.251812,0.0236,8,1209.0,15,12,21.08
LLY,2026-08-13,2026-08-21,800.0,C,402.3,416.7,409.5,110.6938,0.995429,6.7e-05,-0.245851,0.023893,8,1209.0,110,31,21.08
LLY,2026-08-13,2026-08-21,810.0,C,393.55,406.6,400.075,119.2631,0.990893,0.000115,-0.40862,0.043957,8,1209.0,2,1,21.08
LLY,2026-08-13,2026-08-21,820.0,C,382.1,396.6,389.35,100.2935,0.996475,5.9e-05,-0.201386,0.018932,8,1209.0,15,10,21.08
LLY,2026-08-13,2026-08-21,830.0,C,372.4,386.6,379.5,101.7583,0.995022,7.9e-05,-0.247483,0.025778,8,1209.0,1,2,21.08
LLY,2026-08-13,2026-08-21,840.0,C,362.3,376.6,369.45,97.5586,0.995326,7.8e-05,-0.233195,0.024371,8,1209.0,175,54,21.08
LLY,2026-08-13,2026-08-21,850.0,C,352.3,366.6,359.45,94.6778,0.995193,8.2e-05,-0.233471,0.02499,8,1209.0,10,5,21.08
LLY,2026-08-13,2026-08-21,860.0,C,345.7,354.05,349.875,100.3423,0.991169,0.000133,-0.35443,0.042789,8,1209.0,147,43,21.08
LLY,2026-08-13,2026-08-21,870.0,C,332.65,346.65,339.65,93.4083,0.992946,0.000117,-0.292338,0.035116,8,1209.0,2,1,21.08
LLY,2026-08-13,2026-08-21,880.0,C,322.15,336.65,329.4,85.0099,0.995245,9.1e-05,-0.220138,0.024748,8,1209.0,165,50,21.08
LLY,2026-08-13,2026-08-21,890.0,C,312.3,326.65,319.475,84.0822,0.99429,0.000108,-0.242582,0.029123,8,1209.0,1,2,21.08
LLY,2026-08-13,2026-08-21,900.0,C,302.0,315.4,308.7,127.1854,0.952141,0.000437,-1.501894,0.178257,8,1209.0,842,107,21.08
LLY,2026-08-13,2026-08-21,910.0,C,292.7,306.65,299.675,82.4465,0.991696,0.000153,-0.300134,0.04054,8,1209.0,15,7,21.08
LLY,2026-08-13,2026-08-21,920.0,C,284.7,296.3,290.5,89.8927,0.98322,0.000259,-0.510422,0.074627,8,1209.0,840,135,21.08
LLY,2026-08-13,2026-08-21,930.0,C,272.3,286.6,279.45,72.7542,0.993742,0.000136,-0.23718,0.031591,8,1209.0,15,6,21.08
LLY,2026-08-13,2026-08-21,940.0,C,262.3,276.65,269.475,70.6058,0.9932,0.00015,-0.244499,0.033997,8,1209.0,245,75,21.08
LLY,2026-08-13,2026-08-21,950.0,C,252.95,266.6,259.775,72.803,0.989225,0.000218,-0.326632,0.05091,8,1209.0,65,19,21.08
LLY,2026-08-13,2026-08-21,960.0,C,242.0,256.3,249.15,56.8364,0.997384,7.9e-05,-0.148442,0.014471,8,1209.0,840,125,21.08
LLY,2026-08-13,2026-08-21,970.0,C,232.8,246.3,239.55,64.0629,0.991303,0.000206,-0.266322,0.042219,8,1209.0,80,21,21.08
LLY,2026-08-13,2026-08-21,980.0,C,222.15,234.9,228.525,95.221,0.941312,0.000687,-1.338844,0.209552,8,1209.0,1262,297,21.08
LLY,2026-08-13,2026-08-21,990.0,C,212.8,226.6,219.7,60.9379,0.988374,0.000279,-0.306088,0.05439,8,1209.0,23,8,21.08
LLY,2026-08-13,2026-08-21,1000.0,C,204.65,215.05,209.85,60.0346,0.985701,0.000338,-0.343686,0.065049,8,1209.0,1276,353,21.08
LLY,2026-08-13,2026-08-21,1010.0,C,193.0,206.0,199.5,52.9302,0.990476,0.00027,-0.252466,0.045714,8,1209.0,15,9,21.08
LLY,2026-08-13,2026-08-21,1020.0,C,184.45,196.0,190.225,58.0326,0.978872,0.000488,-0.430057,0.090785,8,1209.0,390,120,21.08
LLY,2026-08-13,2026-08-21,1030.0,C,173.0,186.0,179.5,80.9145,0.919884,0.001028,-1.441235,0.266387,8,1209.0,90,28,21.08
LLY,2026-08-13,2026-08-21,1040.0,C,164.7,175.55,170.125,51.6362,0.978231,0.000563,-0.403217,0.093108,8,1209.0,653,198,21.08
LLY,2026-08-13,2026-08-21,1050.0,C,154.65,165.05,159.85,70.6607,0.920428,0.001171,-1.266648,0.265019,8,1209.0,230,75,21.08
LLY,2026-08-13,2026-08-21,1060.0,C,143.0,156.0,149.5,69.9283,0.908249,0.001316,-1.384307,0.294845,8,1209.0,306,279,21.08
LLY,2026-08-13,2026-08-21,1070.0,C,134.65,145.05,139.85,63.5258,0.912181,0.001402,-1.230405,0.285401,8,1209.0,116,140,21.08
LLY,2026-08-13,2026-08-21,1080.0,C,124.7,133.6,129.15,55.5485,0.922635,0.001458,-1.000352,0.259426,8,1209.0,105,115,21.08
LLY,2026-08-13,2026-08-21,1090.0,C,114.7,125.1,119.9,56.5007,0.901519,0.001716,-1.194884,0.310626,8,1209.0,22,105,21.08
LLY,2026-08-13,2026-08-21,1100.0,C,104.0,113.95,108.975,49.7319,0.908426,0.001848,-1.015077,0.294425,8,1209.0,29,832,21.08
LLY,2026-08-13,2026-08-21,1110.0,C,95.0,104.0,99.5,46.375,0.901564,0.00209,-1.000126,0.310522,8,1209.0,1,62,21.08
LLY,2026-08-13,2026-08-21,1115.0,C,90.0,99.0,94.5,44.6203,0.898061,0.002228,-0.988537,0.31855,8,1209.0,1,31,21.08
LLY,2026-08-13,2026-08-21,1120.0,C,85.9,94.0,89.95,42.8564,0.894294,0.002382,-0.976222,0.327047,8,1209.0,7,422,21.08
LLY,2026-08-13,2026-08-21,1125.0,C,81.8,89.0,85.4,41.0834,0.890222,0.002553,-0.963167,0.336075,8,1209.0,1,33,21.08
LLY,2026-08-13,2026-08-21,1130.0,C,76.0,85.0,80.5,41.7059,0.872539,0.002795,-1.072033,0.373495,8,1209.0,3,72,21.08
LLY,2026-08-13,2026-08-21,1135.0,C,72.8,80.0,76.4,39.8505,0.867325,0.003008,-1.054758,0.384003,8,1209.0,2,58,21.08
LLY,2026-08-13,2026-08-21,1140.0,C,68.0,76.0,72.0,40.1373,0.84904,0.003259,-1.147868,0.419104,8,1209.0,5,241,21.08
LLY,2026-08-13,2026-08-21,1145.0,C,62.95,71.0,66.975,38.1964,0.842418,0.003524,-1.125537,0.431175,8,1209.0,7,35,21.08
LLY,2026-08-13,2026-08-21,1150.0,C,58.15,67.0,62.575,38.1934,0.823156,0.003796,-1.202962,0.46446,8,1209.0,7,145,21.08
LLY,2026-08-13,2026-08-21,1155.0,C,56.0,62.95,59.475,37.9096,0.804189,0.004074,-1.264538,0.494732,8,1209.0,1,34,21.08
LLY,2026-08-13,2026-08-21,1160.0,C,50.8,58.9,54.85,37.4671,0.784729,0.00436,-1.315945,0.523369,8,1209.0,3,302,21.08
LLY,2026-08-13,2026-08-21,1165.0,C,47.0,55.0,51.0,37.1222,0.763255,0.004644,-1.369512,0.552281,8,1209.0,2,68,21.08
LLY,2026-08-13,2026-08-21,1170.0,C,43.0,50.95,46.975,36.3776,0.742429,0.004958,-1.399605,0.577763,8,1209.0,5,77,21.08
LLY,2026-08-13,2026-08-21,1175.0,C,38.8,47.0,42.9,35.6482,0.719809,0.005277,-1.426492,0.602716,8,1209.0,2,134,21.08
LLY,2026-08-13,2026-08-21,1177.5,C,36.9,45.0,40.95,35.1935,0.708267,0.005449,-1.433838,0.614394,8,1209.0,12,20,21.08
LLY,2026-08-13,2026-08-21,1180.0,C,37.0,42.1,39.55,33.3655,0.702863,0.005797,-1.374171,0.619621,8,1209.0,14,435,21.08
LLY,2026-08-13,2026-08-21,1185.0,C,32.2,40.0,36.1,35.0409,0.66571,0.005804,-1.504619,0.651536,8,1209.0,1,65,21.08
LLY,2026-08-13,2026-08-21,1190.0,C,29.0,37.0,33.0,35.163,0.635295,0.005971,-1.552445,0.672593,8,1209.0,8,230,21.08
LLY,2026-08-13,2026-08-21,1192.5,C,27.15,35.0,31.075,34.4581,0.622022,0.006163,-1.538183,0.680393,8,1209.0,1,36,21.08
LLY,2026-08-13,2026-08-21,1195.0,C,26.1,34.0,30.05,35.0776,0.604837,0.006133,-1.581966,0.689261,8,1209.0,10,79,21.08
LLY,2026-08-13,2026-08-21,1200.0,C,24.05,30.2,27.125,33.7256,0.57569,0.00649,-1.545638,0.70117,8,1209.0,68,1982,21.08
LLY,2026-08-13,2026-08-21,1205.0,C,20.0,28.0,24.0,34.3238,0.542449,0.006457,-1.586975,0.710014,8,1209.0,12,138,21.08
LLY,2026-08-13,2026-08-21,1210.0,C,19.15,24.45,21.8,32.9261,0.509602,0.006767,-1.529179,0.713854,8,1209.0,55,182,21.08
LLY,2026-08-13,2026-08-21,1215.0,C,16.0,22.0,19.0,32.7766,0.47567,0.006788,-1.516297,0.712732,8,1209.0,46,72,21.08
LLY,2026-08-13,2026-08-21,1220.0,C,13.65,18.0,15.825,30.3413,0.436008,0.007251,-1.388407,0.704854,8,1209.0,39,389,21.08
LLY,2026-08-13,2026-08-21,1225.0,C,14.0,17.5,15.75,32.3737,0.407724,0.0067,-1.454336,0.694873,8,1209.0,60,70,21.08
LLY,2026-08-13,2026-08-21,1230.0,C,12.2,15.0,13.6,31.4918,0.371216,0.006706,-1.375688,0.676524,8,1209.0,92,289,21.08
LLY,2026-08-13,2026-08-21,1235.0,C,9.9,16.95,13.425,36.6522,0.36316,0.00572,-1.581513,0.671631,8,1209.0,11,65,21.08
LLY,2026-08-13,2026-08-21,1240.0,C,9.55,13.55,11.55,34.1376,0.322897,0.005875,-1.409165,0.642486,8,1209.0,40,844,21.08
LLY,2026-08-13,2026-08-21,1245.0,C,7.75,10.7,9.225,32.0441,0.281745,0.005887,-1.243908,0.604329,8,1209.0,129,52,21.08
LLY,2026-08-13,2026-08-21,1250.0,C,6.9,9.25,8.075,31.7878,0.252108,0.00561,-1.165141,0.571315,8,1209.0,503,1565,21.08
LLY,2026-08-13,2026-08-21,1255.0,C,5.7,9.25,7.475,33.7439,0.240016,0.005147,-1.202153,0.556447,8,1209.0,4,37,21.08
LLY,2026-08-13,2026-08-21,1260.0,C,4.9,6.95,5.925,31.6047,0.199807,0.004946,-1.013138,0.500808,8,1209.0,97,817,21.08
LLY,2026-08-13,2026-08-21,1265.0,C,4.2,6.65,5.425,32.8101,0.186425,0.004567,-1.006696,0.480053,8,1209.0,33,51,21.08
LLY,2026-08-13,2026-08-21,1270.0,C,3.1,6.35,4.725,33.9423,0.174052,0.004228,-0.99621,0.459798,8,1209.0,52,190,21.08
LLY,2026-08-13,2026-08-21,1280.0,C,2.79,4.35,3.57,32.8559,0.12878,0.003574,-0.787901,0.376175,8,1209.0,135,884,21.08
LLY,2026-08-13,2026-08-21,1300.0,C,1.7,2.19,1.945,32.3432,0.070149,0.002323,-0.495028,0.240717,8,1209.0,1802,2577,21.08
LLY,2026-08-13,2026-08-21,1320.0,C,0.7,1.33,1.015,33.6188,0.042388,0.001501,-0.344785,0.161665,8,1209.0,82,717,21.08
LLY,2026-08-13,2026-08-21,1340.0,C,0.47,0.9,0.685,35.4865,0.027654,0.001001,-0.255756,0.113814,8,1209.0,372,1653,21.08
LLY,2026-08-13,2026-08-21,1360.0,C,0.0,0.53,0.265,36.402,0.016104,0.000618,-0.165847,0.072043,8,1209.0,57,301,21.08
LLY,2026-08-13,2026-08-21,1380.0,C,0.06,0.3,0.18,37.11,0.008999,0.000366,-0.101985,0.043503,8,1209.0,45,548,21.08
LLY,2026-08-13,2026-08-21,1400.0,C,0.11,0.16,0.135,37.5495,0.004714,0.000204,-0.058199,0.024557,8,1209.0,116,1491,21.08
LLY,2026-08-13,2026-08-21,1420.0,C,0.0,0.16,0.08,40.7232,0.004338,0.000175,-0.058554,0.0228,8,1209.0,1,239,21.08
LLY,2026-08-13,2026-08-21,1440.0,C,0.0,0.1,0.05,41.6998,0.00265,0.00011,-0.038478,0.014641,8,1209.0,12,119,21.08
LLY,2026-08-13,2026-08-21,1460.0,C,0.0,0.05,0.025,41.6021,0.001269,5.6e-05,-0.01964,0.007495,8,1209.0,2,291,21.08
LLY,2026-08-13,2026-08-21,1480.0,C,0.0,9.95,4.975,84.7353,0.061413,0.0008,-1.157082,0.217135,8,1209.0,11,111,21.08
LLY,2026-08-13,2026-08-21,1500.0,C,0.0,0.2,0.1,50.1958,0.002158,7.6e-05,-0.038402,0.012158,8,1209.0,63,776,21.08
LLY,2026-08-13,2026-08-21,1520.0,C,0.0,0.05,0.025,49.6099,0.001074,4e-05,-0.020076,0.006433,8,1209.0,1,81,21.08
LLY,2026-08-13,2026-08-21,1540.0,C,0.0,0.29,0.145,57.7153,0.002719,8.1e-05,-0.054386,0.014987,8,1209.0,10,103,21.08
LLY,2026-08-13,2026-08-21,1560.0,C,0.0,0.3,0.15,60.6449,0.002676,7.6e-05,-0.056309,0.014772,8,1209.0,41,260,21.08
LLY,2026-08-13,2026-08-21,1580.0,C,0.0,0.05,0.025,53.9067,0.000478,1.8e-05,-0.010329,0.003049,8,1209.0,3,344,21.08
LLY,2026-08-13,2026-08-21,1600.0,C,0.0,0.17,0.085,62.4027,0.00145,4.2e-05,-0.033206,0.00847,8,1209.0,80,159,21.08
LLY,2026-08-13,2026-08-21,1620.0,C,0.0,0.13,0.065,63.2816,0.001077,3.2e-05,-0.025652,0.006453,8,1209.0,10,20,21.08
LLY,2026-08-13,2026-08-21,1640.0,C,0.0,0.59,0.295,76.3674,0.00423,9.1e-05,-0.106908,0.022294,8,1209.0,5,45,21.08
LLY,2026-08-13,2026-08-21,1660.0,C,0.0,3.85,1.925,101.1357,0.020823,0.000277,-0.569256,0.089675,8,1209.0,3,2,21.08
LLY,2026-08-13,2026-08-21,1680.0,C,0.0,0.05,0.025,65.2347,0.000404,1.2e-05,-0.010698,0.002612,8,1209.0,1,30,21.08
LLY,2026-08-13,2026-08-21,1700.0,C,0.0,0.05,0.025,67.1878,0.000378,1.1e-05,-0.010344,0.002453,8,1209.0,2,532,21.08
LLY,2026-08-13,2026-08-21,1720.0,C,0.0,0.01,0.005,62.5004,8.7e-05,3e-06,-0.002431,0.00062,8,1209.0,1,4,21.08
LLY,2026-08-13,2026-08-21,1740.0,C,0.0,0.01,0.005,64.0629,7.8e-05,3e-06,-0.002242,0.000558,8,1209.0,1,176,21.08
LLY,2026-08-13,2026-08-21,1760.0,C,0.0,0.05,0.025,73.4378,0.000347,1e-05,-0.010439,0.002265,8,1209.0,1,40,21.08
LLY,2026-08-13,2026-08-21,520.0,P,0.0,0.12,0.06,174.2189,-0.000333,4e-06,-0.023704,0.002181,8,1209.0,7,76,21.08
LLY,2026-08-13,2026-08-21,540.0,P,0.0,0.09,0.045,162.5002,-0.000257,3e-06,-0.017344,0.001711,8,1209.0,25,58,21.08
LLY,2026-08-13,2026-08-21,560.0,P,0.0,0.01,0.005,134.3753,-3.6e-05,1e-06,-0.002243,0.000268,8,1209.0,4,86,21.08
LLY,2026-08-13,2026-08-21,580.0,P,0.0,0.01,0.005,128.1254,-3.6e-05,1e-06,-0.002145,0.000268,8,1209.0,7,118,21.08
LLY,2026-08-13,2026-08-21,600.0,P,0.0,0.03,0.015,131.2503,-0.000105,2e-06,-0.006064,0.000741,8,1209.0,56,171,21.08
LLY,2026-08-13,2026-08-21,620.0,P,0.0,0.03,0.015,125.0004,-0.000105,2e-06,-0.005803,0.000745,8,1209.0,2,525,21.08
LLY,2026-08-13,2026-08-21,640.0,P,0.0,0.01,0.005,110.9379,-3.7e-05,1e-06,-0.001943,0.000281,8,1209.0,3,180,21.08
LLY,2026-08-13,2026-08-21,660.0,P,0.0,0.02,0.01,110.9379,-8.1e-05,2e-06,-0.004009,0.00058,8,1209.0,10,205,21.08
LLY,2026-08-13,2026-08-21,680.0,P,0.0,0.03,0.015,108.5942,-0.000124,2e-06,-0.005858,0.000866,8,1209.0,7,256,21.08
LLY,2026-08-13,2026-08-21,700.0,P,0.0,0.03,0.015,103.1255,-0.000126,3e-06,-0.005641,0.000878,8,1209.0,26,468,21.08
LLY,2026-08-13,2026-08-21,720.0,P,0.0,0.05,0.025,102.3442,-0.000231,5e-06,-0.009898,0.001552,8,1209.0,20,488,21.08
LLY,2026-08-13,2026-08-21,740.0,P,0.0,0.05,0.025,96.875,-0.000232,5e-06,-0.009422,0.001561,8,1209.0,1,195,21.08
LLY,2026-08-13,2026-08-21,760.0,P,0.0,0.05,0.025,92.1876,-0.000255,6e-06,-0.009766,0.001701,8,1209.0,10,373,21.08
LLY,2026-08-13,2026-08-21,780.0,P,0.0,0.01,0.005,78.1252,-5.8e-05,2e-06,-0.002068,0.000425,8,1209.0,1,538,21.08
LLY,2026-08-13,2026-08-21,800.0,P,0.0,0.05,0.025,82.8127,-0.000295,7e-06,-0.010055,0.00195,8,1209.0,100,791,21.08
LLY,2026-08-13,2026-08-21,810.0,P,0.01,0.25,0.13,92.7735,-0.001392,2.7e-05,-0.047125,0.008158,8,1209.0,23,99,21.08
LLY,2026-08-13,2026-08-21,820.0,P,0.01,8.7,4.355,146.8997,-0.02887,0.000251,-1.079204,0.117965,8,1209.0,154,352,21.08
LLY,2026-08-13,2026-08-21,830.0,P,0.0,0.12,0.06,81.4455,-0.00072,1.7e-05,-0.022596,0.004457,8,1209.0,42,91,21.08
LLY,2026-08-13,2026-08-21,840.0,P,0.0,0.25,0.125,84.6681,-0.001469,3.2e-05,-0.045148,0.008567,8,1209.0,9,649,21.08
LLY,2026-08-13,2026-08-21,850.0,P,0.01,0.07,0.04,73.8284,-0.000509,1.4e-05,-0.014862,0.003235,8,1209.0,52,172,21.08
LLY,2026-08-13,2026-08-21,860.0,P,0.01,0.3,0.155,81.4455,-0.001915,4.2e-05,-0.055277,0.010907,8,1209.0,246,466,21.08
LLY,2026-08-13,2026-08-21,870.0,P,0.01,0.24,0.125,77.1487,-0.001614,3.8e-05,-0.044809,0.009336,8,1209.0,271,298,21.08
LLY,2026-08-13,2026-08-21,880.0,P,0.0,0.8,0.4,85.0587,-0.004775,9.1e-05,-0.131441,0.02484,8,1209.0,669,381,21.08
LLY,2026-08-13,2026-08-21,890.0,P,0.01,0.23,0.12,71.9729,-0.001664,4.2e-05,-0.042966,0.009598,8,1209.0,212,118,21.08
LLY,2026-08-13,2026-08-21,900.0,P,0.0,0.33,0.165,71.9241,-0.002307,5.6e-05,-0.057783,0.012919,8,1209.0,12,871,21.08
LLY,2026-08-13,2026-08-21,910.0,P,0.01,0.23,0.12,67.1878,-0.001784,4.8e-05,-0.042718,0.010227,8,1209.0,58,415,21.08
LLY,2026-08-13,2026-08-21,920.0,P,0.01,0.23,0.12,64.8441,-0.001854,5.1e-05,-0.04269,0.010591,8,1209.0,128,994,21.08
LLY,2026-08-13,2026-08-21,930.0,P,0.0,0.36,0.18,65.2347,-0.002774,7.3e-05,-0.061874,0.015262,8,1209.0,5,59,21.08
LLY,2026-08-13,2026-08-21,940.0,P,0.0,0.24,0.12,60.1566,-0.001992,5.9e-05,-0.042253,0.011305,8,1209.0,6,987,21.08
LLY,2026-08-13,2026-08-21,950.0,P,0.0,0.25,0.125,58.1059,-0.002152,6.5e-05,-0.043769,0.012127,8,1209.0,1,260,21.08
LLY,2026-08-13,2026-08-21,960.0,P,0.0,0.47,0.235,59.8637,-0.003958,0.00011,-0.0781,0.021008,8,1209.0,29,567,21.08
LLY,2026-08-13,2026-08-21,970.0,P,0.0,0.26,0.13,53.8091,-0.00244,7.9e-05,-0.045395,0.013589,8,1209.0,49,121,21.08
LLY,2026-08-13,2026-08-21,980.0,P,0.0,0.3,0.15,52.3442,-0.002898,9.5e-05,-0.051571,0.015875,8,1209.0,10,466,21.08
LLY,2026-08-13,2026-08-21,990.0,P,0.0,0.26,0.13,53.3208,-0.004921,0.000149,-0.08441,0.025515,8,1209.0,36,199,21.08
LLY,2026-08-13,2026-08-21,1000.0,P,0.0,0.27,0.135,51.1724,-0.005327,0.000167,-0.086911,0.027384,8,1209.0,164,1434,21.08
LLY,2026-08-13,2026-08-21,1010.0,P,0.0,0.26,0.13,48.5845,-0.005424,0.000179,-0.083805,0.027823,8,1209.0,9,164,21.08
LLY,2026-08-13,2026-08-21,1020.0,P,0.0,0.78,0.39,53.9067,-0.014625,0.000384,-0.221608,0.066324,8,1209.0,3,827,21.08
LLY,2026-08-13,2026-08-21,1030.0,P,0.0,0.76,0.38,51.0259,-0.015017,0.000415,-0.214482,0.067848,8,1209.0,1,167,21.08
LLY,2026-08-13,2026-08-21,1040.0,P,0.0,0.3,0.15,42.2857,-0.007153,0.000262,-0.09306,0.035551,8,1209.0,5,417,21.08
LLY,2026-08-13,2026-08-21,1050.0,P,0.0,0.38,0.19,41.2359,-0.009298,0.000339,-0.114206,0.044765,8,1209.0,54,530,21.08
LLY,2026-08-13,2026-08-21,1060.0,P,0.1,0.5,0.3,40.4059,-0.012475,0.000447,-0.144447,0.057817,8,1209.0,187,453,21.08
LLY,2026-08-13,2026-08-21,1070.0,P,0.01,0.44,0.225,37.1832,-0.011881,0.000465,-0.127317,0.055424,8,1209.0,114,620,21.08
LLY,2026-08-13,2026-08-21,1080.0,P,0.14,0.52,0.33,35.6452,-0.014632,0.000581,-0.14599,0.066352,8,1209.0,14,326,21.08
LLY,2026-08-13,2026-08-21,1090.0,P,0.13,0.69,0.41,34.7174,-0.019822,0.000773,-0.18414,0.086006,8,1209.0,95,295,21.08
LLY,2026-08-13,2026-08-21,1100.0,P,0.5,0.8,0.65,32.9719,-0.024042,0.000958,-0.20561,0.101233,8,1209.0,183,840,21.08
LLY,2026-08-13,2026-08-21,1110.0,P,0.8,0.98,0.89,31.4948,-0.030534,0.001225,-0.239443,0.123581,8,1209.0,331,143,21.08
LLY,2026-08-13,2026-08-21,1115.0,P,0.76,2.06,1.41,35.2851,-0.055795,0.001781,-0.437104,0.20138,8,1209.0,27,87,21.08
LLY,2026-08-13,2026-08-21,1120.0,P,1.25,1.72,1.485,32.3859,-0.05095,0.001806,-0.372918,0.187389,8,1209.0,128,266,21.08
LLY,2026-08-13,2026-08-21,1125.0,P,1.14,2.02,1.58,32.093,-0.0598,0.002068,-0.41906,0.212658,8,1209.0,80,83,21.08
LLY,2026-08-13,2026-08-21,1130.0,P,1.38,2.56,1.97,32.4409,-0.073816,0.002408,-0.498258,0.250309,8,1209.0,73,505,21.08
LLY,2026-08-13,2026-08-21,1135.0,P,2.0,2.95,2.475,32.0502,-0.085037,0.002713,-0.547435,0.278614,8,1209.0,25,129,21.08
LLY,2026-08-13,2026-08-21,1140.0,P,2.5,3.0,2.75,30.5488,-0.090135,0.002973,-0.544277,0.290984,8,1209.0,89,1036,21.08
LLY,2026-08-13,2026-08-21,1145.0,P,2.4,4.65,3.525,33.0787,-0.124725,0.003472,-0.744892,0.367888,8,1209.0,23,57,21.08
LLY,2026-08-13,2026-08-21,1150.0,P,3.5,4.45,3.975,30.8082,-0.127656,0.003788,-0.703903,0.373892,8,1209.0,53,146,21.08
LLY,2026-08-13,2026-08-21,1155.0,P,3.8,6.0,4.9,32.2852,-0.159414,0.0042,-0.856589,0.434455,8,1209.0,75,99,21.08
LLY,2026-08-13,2026-08-21,1160.0,P,4.45,6.2,5.325,30.7319,-0.171067,0.004619,-0.851953,0.454755,8,1209.0,60,244,21.08
LLY,2026-08-13,2026-08-21,1165.0,P,4.35,8.5,6.425,32.8986,-0.211223,0.004911,-1.037631,0.517608,8,1209.0,17,134,21.08
LLY,2026-08-13,2026-08-21,1170.0,P,5.7,9.3,7.5,32.093,-0.232397,0.005317,-1.067141,0.546647,8,1209.0,14,242,21.08
LLY,2026-08-13,2026-08-21,1175.0,P,7.4,10.2,8.8,31.3056,-0.255857,0.005741,-1.094234,0.575758,8,1209.0,29,193,21.08
LLY,2026-08-13,2026-08-21,1177.5,P,7.25,12.05,9.65,33.0054,-0.280508,0.005703,-1.208494,0.603046,8,1209.0,5,10,21.08
LLY,2026-08-13,2026-08-21,1180.0,P,8.35,11.6,9.975,31.1225,-0.285153,0.006096,-1.146285,0.607822,8,1209.0,28,232,21.08
LLY,2026-08-13,2026-08-21,1185.0,P,7.1,14.8,10.95,33.3289,-0.327261,0.00605,-1.304219,0.646029,8,1209.0,46,187,21.08
LLY,2026-08-13,2026-08-21,1190.0,P,10.6,15.6,13.1,31.8229,-0.353082,0.006523,-1.278039,0.665074,8,1209.0,14,224,21.08
LLY,2026-08-13,2026-08-21,1192.5,P,11.1,17.05,14.075,32.4683,-0.371908,0.006508,-1.326475,0.676929,8,1209.0,1,17,21.08
LLY,2026-08-13,2026-08-21,1195.0,P,11.7,17.85,14.775,32.1555,-0.38762,0.006655,-1.328536,0.685538,8,1209.0,24,46,21.08
LLY,2026-08-13,2026-08-21,1200.0,P,16.0,19.85,17.925,31.9221,-0.421163,0.006845,-1.343215,0.700072,8,1209.0,48,373,21.08
LLY,2026-08-13,2026-08-21,1205.0,P,16.0,22.65,19.325,32.5385,-0.456308,0.006809,-1.385328,0.709774,8,1209.0,13,61,21.08
LLY,2026-08-13,2026-08-21,1210.0,P,18.0,24.0,21.0,31.0157,-0.49097,0.007184,-1.321337,0.713877,8,1209.0,16,149,21.08
LLY,2026-08-13,2026-08-21,1215.0,P,21.0,29.0,25.0,34.1041,-0.522616,0.006525,-1.4527,0.712913,8,1209.0,6,238,21.08
LLY,2026-08-13,2026-08-21,1220.0,P,24.0,32.0,28.0,34.3543,-0.55436,0.006428,-1.447862,0.707421,8,1209.0,17,150,21.08
LLY,2026-08-13,2026-08-21,1225.0,P,27.0,35.0,31.0,34.4092,-0.585768,0.006327,-1.424784,0.697494,8,1209.0,8,86,21.08
LLY,2026-08-13,2026-08-21,1230.0,P,30.0,38.0,34.0,34.2643,-0.617188,0.006222,-1.383323,0.683027,8,1209.0,6,47,21.08
LLY,2026-08-13,2026-08-21,1235.0,P,34.0,41.0,37.5,33.9118,-0.648966,0.006109,-1.323067,0.663682,8,1209.0,6,9,21.08
LLY,2026-08-13,2026-08-21,1240.0,P,37.0,45.0,41.0,34.7968,-0.673623,0.005789,-1.316413,0.645319,8,1209.0,32,87,21.08
LLY,2026-08-13,2026-08-21,1245.0,P,41.0,50.0,45.5,37.0246,-0.689023,0.005331,-1.373804,0.632324,8,1209.0,12,34,21.08
LLY,2026-08-13,2026-08-21,1250.0,P,45.0,54.0,49.5,37.6715,-0.710734,0.005071,-1.348346,0.611956,8,1209.0,4,49,21.08
LLY,2026-08-13,2026-08-21,1255.0,P,49.0,58.0,53.5,38.1873,-0.731673,0.004822,-1.312632,0.589975,8,1209.0,6,317,21.08
LLY,2026-08-13,2026-08-21,1260.0,P,53.0,62.0,57.5,38.5687,-0.752014,0.004583,-1.266821,0.56634,8,1209.0,2,45,21.08
LLY,2026-08-13,2026-08-21,1265.0,P,57.0,66.0,61.5,38.8068,-0.771939,0.004351,-1.210736,0.540919,8,1209.0,0,10,21.08
LLY,2026-08-13,2026-08-21,1270.0,P,62.0,70.0,66.0,38.8983,-0.791564,0.004121,-1.144553,0.513582,8,1209.0,7,29,21.08
LLY,2026-08-13,2026-08-21,1280.0,P,71.0,79.0,75.0,40.5401,-0.81787,0.003643,-1.090639,0.473139,8,1209.0,1,17,21.08
LLY,2026-08-13,2026-08-21,1300.0,P,89.0,97.4,93.2,43.6773,-0.85935,0.002856,-0.975809,0.399641,8,1209.0,80,94,21.08
LLY,2026-08-13,2026-08-21,1320.0,P,105.05,118.0,111.525,51.0472,-0.867307,0.002348,-1.107064,0.384039,8,1209.0,2,13,21.08
LLY,2026-08-13,2026-08-21,1340.0,P,125.55,138.0,131.775,56.812,-0.879287,0.001975,-1.154971,0.359546,8,1209.0,2,20,21.08
LLY,2026-08-13,2026-08-21,1360.0,P,146.0,158.0,152.0,62.3356,-0.888834,0.001698,-1.196306,0.339116,8,1209.0,2,19,21.08
LLY,2026-08-13,2026-08-21,1380.0,P,166.0,178.0,172.0,67.6517,-0.896643,0.001485,-1.232635,0.321765,8,1209.0,1,5,21.08
LLY,2026-08-13,2026-08-21,1400.0,P,185.0,198.0,191.5,72.7786,-0.903187,0.001316,-1.264658,0.30676,8,1209.0,2,9,21.08
LLY,2026-08-13,2026-08-21,1420.0,P,204.65,218.95,211.8,50.3667,-0.982534,0.000479,-0.10116,0.077224,8,1209.0,2,10,21.08
LLY,2026-08-13,2026-08-21,1440.0,P,224.45,238.45,231.45,83.893,-0.909741,0.001084,-1.391704,0.291283,8,1209.0,4,2,21.08
LLY,2026-08-13,2026-08-21,1460.0,P,244.45,258.45,251.45,53.1255,-0.990584,0.000266,-0.003325,0.04526,8,1209.0,4,1,21.08
LLY,2026-08-13,2026-08-21,1480.0,P,264.45,277.9,271.175,50.3911,-0.996126,0.000128,0.084743,0.020607,8,1209.0,0,0,21.08
LLY,2026-08-13,2026-08-21,1500.0,P,286.0,298.9,292.45,70.5203,-0.97756,0.000423,-0.271542,0.095525,8,1209.0,0,6,21.08
LLY,2026-08-13,2026-08-21,1520.0,P,304.6,318.5,311.55,64.3558,-0.990524,0.000221,-0.030018,0.045511,8,1209.0,2,1,21.08
LLY,2026-08-13,2026-08-21,1540.0,P,324.6,338.35,331.475,66.2113,-0.992054,0.000184,-0.006144,0.039001,8,1209.0,1,1,21.08
LLY,2026-08-13,2026-08-21,1560.0,P,344.4,358.4,351.4,67.7738,-0.99347,0.000151,0.018494,0.032804,8,1209.0,2,1,21.08
LLY,2026-08-13,2026-08-21,1580.0,P,364.55,378.4,371.475,72.1927,-0.992718,0.000156,-0.003577,0.036118,8,1209.0,1,0,21.08
LLY,2026-08-13,2026-08-21,1600.0,P,384.6,398.4,391.5,75.5862,-0.992673,0.00015,-0.010125,0.036311,8,1209.0,2,0,21.08
LLY,2026-08-13,2026-08-21,1640.0,P,424.55,438.85,431.7,84.7658,-0.990873,0.000162,-0.068073,0.044043,8,1209.0,1,1,21.08
LLY,2026-08-13,2026-08-21,1660.0,P,444.4,458.85,451.625,86.3771,-0.991998,0.000142,-0.044433,0.039243,8,1209.0,1,0,21.08
LLY,2026-08-13,2026-08-21,1700.0,P,484.35,498.35,491.35,85.84,-0.9955,8.6e-05,0.045489,0.02356,8,1209.0,1,0,21.08
LLY,2026-08-13,2026-08-21,1720.0,P,504.35,518.35,511.35,88.4279,-0.995619,8.1e-05,0.046793,0.023005,8,1209.0,1,0,21.08
LLY,2026-08-13,2026-08-21,1740.0,P,524.35,538.35,531.35,90.9181,-0.995751,7.7e-05,0.0488,0.022381,8,1209.0,1,0,21.08
LLY,2026-08-13,2026-08-28,800.0,C,403.3,416.75,410.025,91.2599,0.99017,0.000117,-0.275545,0.064349,15,1209.0,0,1,21.08
LLY,2026-08-13,2026-08-28,870.0,C,332.35,346.8,339.575,68.8968,0.992589,0.000121,-0.202565,0.050224,15,1209.0,0,1,21.08
LLY,2026-08-13,2026-08-28,900.0,C,303.45,316.9,310.175,69.3118,0.985434,0.000217,-0.298437,0.090504,15,1209.0,2,1,21.08
LLY,2026-08-13,2026-08-28,925.0,C,277.5,291.95,284.725,59.2533,0.989327,0.000194,-0.228939,0.069137,15,1209.0,1,2,21.08
LLY,2026-08-13,2026-08-28,940.0,C,263.8,276.85,270.325,61.5604,0.981747,0.000297,-0.318229,0.109796,15,1209.0,1,2,21.08
LLY,2026-08-13,2026-08-28,945.0,C,258.45,272.05,265.25,59.8759,0.982263,0.000298,-0.307344,0.107143,15,1209.0,0,1,21.08
LLY,2026-08-13,2026-08-28,950.0,C,253.05,266.85,259.95,56.2749,0.985507,0.000267,-0.263464,0.090111,15,1209.0,1,0,21.08
LLY,2026-08-13,2026-08-28,965.0,C,237.6,252.1,244.85,52.1977,0.986011,0.000279,-0.248097,0.087403,15,1209.0,0,1,21.08
LLY,2026-08-13,2026-08-28,970.0,C,232.65,247.1,239.875,51.3921,0.985401,0.000294,-0.251789,0.090678,15,1209.0,0,7,21.08
LLY,2026-08-13,2026-08-28,980.0,C,223.05,237.15,230.1,51.1357,0.981793,0.000357,-0.283749,0.109558,15,1209.0,0,10,21.08
LLY,2026-08-13,2026-08-28,1000.0,C,203.85,217.3,210.575,72.2018,0.916248,0.00087,-0.998091,0.377171,15,1209.0,1,7,21.08
LLY,2026-08-13,2026-08-28,1010.0,C,194.1,207.0,200.55,68.6405,0.915119,0.000924,-0.962935,0.380981,15,1209.0,1,3,21.08
LLY,2026-08-13,2026-08-28,1020.0,C,184.0,197.0,190.5,65.8146,0.911848,0.000991,-0.951621,0.391903,15,1209.0,12,8,21.08
LLY,2026-08-13,2026-08-28,1025.0,C,179.0,192.0,185.5,64.4047,0.910118,0.001028,-0.945757,0.397614,15,1209.0,3,3,21.08
LLY,2026-08-13,2026-08-28,1030.0,C,174.0,187.0,180.5,62.9948,0.908325,0.001066,-0.939685,0.403485,15,1209.0,2,3,21.08
LLY,2026-08-13,2026-08-28,1050.0,C,154.0,166.0,160.0,55.1884,0.90822,0.001218,-0.837431,0.403829,15,1209.0,2,5,21.08
LLY,2026-08-13,2026-08-28,1055.0,C,150.0,162.0,156.0,55.9575,0.898183,0.001297,-0.906625,0.435813,15,1209.0,1,2,21.08
LLY,2026-08-13,2026-08-28,1060.0,C,145.0,157.0,151.0,54.5537,0.895866,0.001352,-0.899513,0.442995,15,1209.0,2,3,21.08
LLY,2026-08-13,2026-08-28,1065.0,C,140.0,152.0,146.0,53.1438,0.893462,0.001411,-0.891973,0.450371,15,1209.0,2,4,21.08
LLY,2026-08-13,2026-08-28,1070.0,C,135.0,147.0,141.0,51.7369,0.890924,0.001474,-0.884327,0.458072,15,1209.0,3,5,21.08
LLY,2026-08-13,2026-08-28,1075.0,C,130.0,142.7,136.35,51.6759,0.88264,0.001555,-0.925129,0.482634,15,1209.0,9,11,21.08
LLY,2026-08-13,2026-08-28,1080.0,C,125.85,137.0,131.425,48.9141,0.885478,0.001614,-0.868057,0.474317,15,1209.0,4,8,21.08
LLY,2026-08-13,2026-08-28,1085.0,C,120.3,132.2,126.25,47.8795,0.880823,0.001696,-0.873305,0.487906,15,1209.0,9,5,21.08
LLY,2026-08-13,2026-08-28,1090.0,C,116.0,128.0,122.0,47.904,0.871017,0.001792,-0.91725,0.515661,15,1209.0,1,8,21.08
LLY,2026-08-13,2026-08-28,1095.0,C,111.0,123.0,117.0,46.4544,0.86756,0.001882,-0.907154,0.525179,15,1209.0,6,2,21.08
LLY,2026-08-13,2026-08-28,1100.0,C,106.5,119.0,112.75,46.6863,0.855819,0.001984,-0.958909,0.556488,15,1209.0,2,15,21.08
LLY,2026-08-13,2026-08-28,1105.0,C,102.0,114.8,108.4,46.4819,0.845625,0.002086,-0.994542,0.582463,15,1209.0,1,4,21.08
LLY,2026-08-13,2026-08-28,1110.0,C,99.0,107.0,103.0,40.3845,0.865005,0.002194,-0.81154,0.532122,15,1209.0,3,12,21.08
LLY,2026-08-13,2026-08-28,1115.0,C,94.8,102.4,98.6,39.6185,0.856988,0.002326,-0.825589,0.553438,15,1209.0,13,7,21.08
LLY,2026-08-13,2026-08-28,1120.0,C,90.8,98.2,94.5,39.4415,0.845031,0.002465,-0.861391,0.583941,15,1209.0,1,74,21.08
LLY,2026-08-13,2026-08-28,1125.0,C,86.0,94.0,90.0,39.176,0.83288,0.002607,-0.893676,0.613434,15,1209.0,4,52,21.08
LLY,2026-08-13,2026-08-28,1130.0,C,80.0,89.0,84.5,37.6502,0.827283,0.00277,-0.878726,0.626526,15,1209.0,4,13,21.08
LLY,2026-08-13,2026-08-28,1135.0,C,76.8,85.0,80.9,37.5464,0.812696,0.002923,-0.916143,0.659255,15,1209.0,1,8,21.08
LLY,2026-08-13,2026-08-28,1140.0,C,73.8,81.0,77.4,37.3358,0.797966,0.003078,-0.9488,0.690335,15,1209.0,4,20,21.08
LLY,2026-08-13,2026-08-28,1145.0,C,69.0,76.95,72.975,36.9666,0.783352,0.003239,-0.974623,0.719306,15,1209.0,1,25,21.08
LLY,2026-08-13,2026-08-28,1150.0,C,65.0,73.0,69.0,36.6385,0.767685,0.0034,-1.000749,0.748381,15,1209.0,23,31,21.08
LLY,2026-08-13,2026-08-28,1155.0,C,61.0,69.9,65.45,37.2473,0.746354,0.003508,-1.058878,0.784814,15,1209.0,1,19,21.08
LLY,2026-08-13,2026-08-28,1160.0,C,58.0,65.0,61.5,35.5963,0.735826,0.003748,-1.034693,0.801503,15,1209.0,4,37,21.08
LLY,2026-08-13,2026-08-28,1165.0,C,54.0,61.0,57.5,34.9524,0.719085,0.003936,-1.044775,0.826334,15,1209.0,1,32,21.08
LLY,2026-08-13,2026-08-28,1170.0,C,50.05,58.0,54.025,35.3431,0.696628,0.004034,-1.088575,0.856453,15,1209.0,3,33,21.08
LLY,2026-08-13,2026-08-28,1175.0,C,47.0,54.0,50.5,34.513,0.678839,0.004234,-1.087656,0.877795,15,1209.0,1,5,21.08
LLY,2026-08-13,2026-08-28,1180.0,C,44.15,51.0,47.575,34.6671,0.656261,0.00433,-1.117408,0.901768,15,1209.0,15,35,21.08
LLY,2026-08-13,2026-08-28,1185.0,C,40.85,48.0,44.425,34.6991,0.633773,0.004425,-1.139634,0.922269,15,1209.0,1,46,21.08
LLY,2026-08-13,2026-08-28,1190.0,C,37.0,45.0,41.0,34.6137,0.61123,0.004519,-1.154446,0.939512,15,1209.0,1,49,21.08
LLY,2026-08-13,2026-08-28,1195.0,C,34.15,42.0,38.075,34.4169,0.588484,0.004613,-1.161981,0.953618,15,1209.0,2,13,21.08
LLY,2026-08-13,2026-08-28,1200.0,C,31.0,39.0,35.0,34.1102,0.565391,0.004708,-1.162197,0.964603,15,1209.0,3,69,21.08
LLY,2026-08-13,2026-08-28,1205.0,C,28.6,37.0,32.8,34.6854,0.541393,0.004668,-1.187088,0.9725,15,1209.0,7,50,21.08
LLY,2026-08-13,2026-08-28,1210.0,C,26.2,33.1,29.65,33.2602,0.517561,0.004889,-1.14315,0.97682,15,1209.0,12,92,21.08
LLY,2026-08-13,2026-08-28,1215.0,C,25.2,31.4,28.3,33.9026,0.493812,0.004801,-1.162268,0.97765,15,1209.0,4,64,21.08
LLY,2026-08-13,2026-08-28,1220.0,C,22.35,28.55,25.45,33.2892,0.46895,0.004875,-1.136361,0.974805,15,1209.0,8,38,21.08
LLY,2026-08-13,2026-08-28,1225.0,C,19.0,26.6,22.8,33.4556,0.445322,0.00482,-1.132114,0.968569,15,1209.0,7,32,21.08
LLY,2026-08-13,2026-08-28,1230.0,C,17.3,23.9,20.6,32.7491,0.419466,0.004869,-1.094626,0.957777,15,1209.0,8,41,21.08
LLY,2026-08-13,2026-08-28,1235.0,C,16.55,22.4,19.475,33.1428,0.397265,0.004748,-1.090692,0.945165,15,1209.0,5,24,21.08
LLY,2026-08-13,2026-08-28,1240.0,C,15.65,22.0,18.825,34.5786,0.380409,0.004494,-1.120461,0.933499,15,1209.0,14,27,21.08
LLY,2026-08-13,2026-08-28,1245.0,C,12.3,18.75,15.525,32.9261,0.350709,0.004593,-1.038262,0.908479,15,1209.0,3,34,21.08
LLY,2026-08-13,2026-08-28,1250.0,C,13.0,16.4,14.7,32.0609,0.323764,0.004573,-0.979344,0.880735,15,1209.0,34,157,21.08
LLY,2026-08-13,2026-08-28,1255.0,C,11.6,18.0,14.8,35.459,0.321912,0.004125,-1.076257,0.878647,15,1209.0,7,11,21.08
LLY,2026-08-13,2026-08-28,1260.0,C,9.05,13.45,11.25,31.858,0.279643,0.004309,-0.908575,0.82452,15,1209.0,15,38,21.08
LLY,2026-08-13,2026-08-28,1265.0,C,9.35,12.4,10.875,32.0869,0.261034,0.004133,-0.882842,0.796613,15,1209.0,1,100,21.08
LLY,2026-08-13,2026-08-28,1270.0,C,8.5,11.2,9.85,32.0289,0.24128,0.003972,-0.844317,0.764128,15,1209.0,10,43,21.08
LLY,2026-08-13,2026-08-28,1275.0,C,7.45,10.05,8.75,31.9144,0.221935,0.003804,-0.802138,0.729342,15,1209.0,13,40,21.08
LLY,2026-08-13,2026-08-28,1280.0,C,6.5,10.3,8.4,33.5853,0.217176,0.00357,-0.83205,0.720318,15,1209.0,2,45,21.08
LLY,2026-08-13,2026-08-28,1285.0,C,5.65,8.35,7.0,32.1693,0.189729,0.003439,-0.735029,0.664506,15,1209.0,1,28,21.08
LLY,2026-08-13,2026-08-28,1290.0,C,2.76,10.0,6.38,35.7825,0.201373,0.003205,-0.845528,0.688982,15,1209.0,2,70,21.08
LLY,2026-08-13,2026-08-28,1295.0,C,4.15,10.0,7.075,37.0505,0.195703,0.003043,-0.859421,0.677214,15,1209.0,17,44,21.08
LLY,2026-08-13,2026-08-28,1300.0,C,4.5,6.5,5.5,32.9169,0.151188,0.002905,-0.648245,0.574459,15,1209.0,92,305,21.08
LLY,2026-08-13,2026-08-28,1320.0,C,2.26,6.4,4.33,37.226,0.134352,0.002372,-0.674013,0.530382,15,1209.0,12,115,21.08
LLY,2026-08-13,2026-08-28,1340.0,C,1.48,2.5,1.99,32.5873,0.066652,0.001619,-0.352141,0.316864,15,1209.0,84,431,21.08
LLY,2026-08-13,2026-08-28,1360.0,C,0.24,2.2,1.22,35.163,0.055463,0.001299,-0.328294,0.274455,15,1209.0,15,70,21.08
LLY,2026-08-13,2026-08-28,1380.0,C,0.01,3.2,1.605,41.7303,0.066357,0.00126,-0.447102,0.315778,15,1209.0,1,77,21.08
LLY,2026-08-13,2026-08-28,1400.0,C,0.5,0.75,0.625,34.6076,0.020979,0.000594,-0.145059,0.123571,15,1209.0,145,853,21.08
LLY,2026-08-13,2026-08-28,1420.0,C,0.14,1.14,0.64,39.9542,0.027004,0.000637,-0.206696,0.152786,15,1209.0,4,154,21.08
LLY,2026-08-13,2026-08-28,1440.0,C,0.0,3.2,1.6,51.7034,0.05466,0.000874,-0.474006,0.271308,15,1209.0,156,238,21.08
LLY,2026-08-13,2026-08-28,1460.0,C,0.01,0.57,0.29,41.0895,0.013735,0.000349,-0.119476,0.086036,15,1209.0,83,78,21.08
LLY,2026-08-13,2026-08-28,1480.0,C,0.01,0.79,0.4,45.6548,0.016897,0.000375,-0.158444,0.102795,15,1209.0,1,130,21.08
LLY,2026-08-13,2026-08-28,1500.0,C,0.01,4.2,2.105,56.3237,0.034498,0.000553,-0.355411,0.187147,15,1209.0,2,151,21.08
LLY,2026-08-13,2026-08-28,1520.0,C,0.01,10.0,5.005,69.8978,0.062523,0.000718,-0.709714,0.301507,15,1209.0,8,125,21.08
LLY,2026-08-13,2026-08-28,1540.0,C,0.01,0.29,0.15,46.729,0.006368,0.000156,-0.06918,0.043927,15,1209.0,3,38,21.08
LLY,2026-08-13,2026-08-28,1560.0,C,0.01,0.22,0.115,47.4126,0.004826,0.000121,-0.054846,0.03434,15,1209.0,11,51,21.08
LLY,2026-08-13,2026-08-28,1580.0,C,0.01,0.25,0.13,50.147,0.005131,0.00012,-0.061234,0.036268,15,1209.0,4,16,21.08
LLY,2026-08-13,2026-08-28,1600.0,C,0.01,0.22,0.115,51.5142,0.004443,0.000103,-0.055294,0.031894,15,1209.0,30,66,21.08
LLY,2026-08-13,2026-08-28,1620.0,C,0.0,10.0,5.0,84.3446,0.052933,0.000522,-0.749687,0.264497,15,1209.0,5,12,21.08
LLY,2026-08-13,2026-08-28,1640.0,C,0.0,0.59,0.295,57.2758,0.005312,0.000109,-0.072038,0.037403,15,1209.0,1,32,21.08
LLY,2026-08-13,2026-08-28,610.0,P,0.0,0.05,0.025,99.6094,-0.000236,4e-06,-0.007164,0.002167,15,1209.0,28,228,21.08
LLY,2026-08-13,2026-08-28,620.0,P,0.0,2.94,1.47,147.9495,-0.008617,6.5e-05,-0.281618,0.057342,15,1209.0,2,92,21.08
LLY,2026-08-13,2026-08-28,630.0,P,0.0,2.78,1.39,143.5794,-0.008419,6.5e-05,-0.26777,0.056188,15,1209.0,10,112,21.08
LLY,2026-08-13,2026-08-28,640.0,P,0.01,0.06,0.035,95.7032,-0.000358,6e-06,-0.010145,0.003195,15,1209.0,37,318,21.08
LLY,2026-08-13,2026-08-28,650.0,P,0.0,10.0,5.0,169.214,-0.02357,0.000134,-0.765648,0.136329,15,1209.0,75,25,21.08
LLY,2026-08-13,2026-08-28,660.0,P,0.0,0.32,0.16,104.102,-0.001437,1.8e-05,-0.039709,0.011497,15,1209.0,1,488,21.08
LLY,2026-08-13,2026-08-28,670.0,P,0.0,0.23,0.115,98.6328,-0.001108,1.5e-05,-0.02966,0.009065,15,1209.0,8,159,21.08
LLY,2026-08-13,2026-08-28,680.0,P,0.0,8.05,4.025,152.1975,-0.021469,0.000138,-0.636297,0.126007,15,1209.0,3,317,21.08
LLY,2026-08-13,2026-08-28,690.0,P,0.01,0.1,0.055,88.0861,-0.0006,1e-05,-0.015072,0.005159,15,1209.0,18,203,21.08
LLY,2026-08-13,2026-08-28,700.0,P,0.0,0.54,0.27,99.9023,-0.0025,3.2e-05,-0.063007,0.019019,15,1209.0,52,333,21.08
LLY,2026-08-13,2026-08-28,710.0,P,0.0,10.0,5.0,148.1082,-0.026927,0.000171,-0.748768,0.152421,15,1209.0,8,134,21.08
LLY,2026-08-13,2026-08-28,720.0,P,0.0,1.05,0.525,102.686,-0.004645,5.4e-05,-0.112978,0.033185,15,1209.0,7,839,21.08
LLY,2026-08-13,2026-08-28,730.0,P,0.0,10.0,5.0,141.431,-0.028177,0.000186,-0.742392,0.158298,15,1209.0,75,57,21.08
LLY,2026-08-13,2026-08-28,740.0,P,0.0,5.65,2.825,124.4755,-0.018873,0.000151,-0.466153,0.112962,15,1209.0,89,73,21.08
LLY,2026-08-13,2026-08-28,750.0,P,0.0,1.57,0.785,100.2691,-0.006983,7.9e-05,-0.158371,0.047658,15,1209.0,20,9,21.08
LLY,2026-08-13,2026-08-28,760.0,P,0.0,1.49,0.745,97.0948,-0.006857,8e-05,-0.150887,0.046898,15,1209.0,20,42,21.08
LLY,2026-08-13,2026-08-28,770.0,P,0.0,10.0,5.0,128.5648,-0.030937,0.000222,-0.728888,0.171067,15,1209.0,73,55,21.08
LLY,2026-08-13,2026-08-28,780.0,P,0.0,10.0,5.0,125.4398,-0.031687,0.000232,-0.725288,0.17449,15,1209.0,86,168,21.08
LLY,2026-08-13,2026-08-28,785.0,P,0.0,10.0,5.0,123.8895,-0.032071,0.000237,-0.723436,0.176237,15,1209.0,7,5,21.08
LLY,2026-08-13,2026-08-28,800.0,P,0.0,1.4,0.7,86.6701,-0.007207,9.4e-05,-0.140637,0.049005,15,1209.0,1,23,21.08
LLY,2026-08-13,2026-08-28,805.0,P,0.0,10.0,5.0,117.7738,-0.033683,0.000259,-0.715852,0.183507,15,1209.0,5,6,21.08
LLY,2026-08-13,2026-08-28,810.0,P,0.0,10.0,5.0,116.2724,-0.034113,0.000265,-0.714073,0.185431,15,1209.0,8,4,21.08
LLY,2026-08-13,2026-08-28,820.0,P,0.0,10.0,5.0,113.2695,-0.034974,0.000278,-0.709886,0.189266,15,1209.0,20,12,21.08
LLY,2026-08-13,2026-08-28,825.0,P,0.0,10.0,5.0,111.7863,-0.035425,0.000285,-0.707924,0.191266,15,1209.0,26,7,21.08
LLY,2026-08-13,2026-08-28,830.0,P,0.0,10.0,5.0,110.3032,-0.035877,0.000292,-0.705755,0.193263,15,1209.0,27,7,21.08
LLY,2026-08-13,2026-08-28,835.0,P,0.0,1.19,0.595,76.9534,-0.006941,0.000103,-0.120704,0.047406,15,1209.0,10,30,21.08
LLY,2026-08-13,2026-08-28,840.0,P,0.0,10.0,5.0,107.3735,-0.036826,0.000306,-0.701709,0.197438,15,1209.0,14,8,21.08
LLY,2026-08-13,2026-08-28,845.0,P,0.0,1.18,0.59,74.634,-0.007078,0.000108,-0.11907,0.048229,15,1209.0,4,2,21.08
LLY,2026-08-13,2026-08-28,850.0,P,0.0,10.0,5.0,104.4621,-0.037804,0.000321,-0.697313,0.201713,15,1209.0,2,1,21.08
LLY,2026-08-13,2026-08-28,855.0,P,0.0,4.85,2.425,89.6974,-0.022505,0.000243,-0.38908,0.131121,15,1209.0,11,15,21.08
LLY,2026-08-13,2026-08-28,860.0,P,0.0,10.0,5.0,101.5752,-0.038823,0.000338,-0.692737,0.206131,15,1209.0,2,6,21.08
LLY,2026-08-13,2026-08-28,870.0,P,0.0,2.82,1.41,78.4182,-0.015426,0.000202,-0.246515,0.095075,15,1209.0,40,41,21.08
LLY,2026-08-13,2026-08-28,880.0,P,0.0,4.55,2.275,82.3488,-0.023008,0.00027,-0.363685,0.133588,15,1209.0,36,36,21.08
LLY,2026-08-13,2026-08-28,885.0,P,0.0,10.0,5.0,94.4764,-0.041588,0.000384,-0.680937,0.217981,15,1209.0,30,45,21.08
LLY,2026-08-13,2026-08-28,890.0,P,0.0,10.0,5.0,93.0726,-0.042178,0.000394,-0.678421,0.220481,15,1209.0,17,65,21.08
LLY,2026-08-13,2026-08-28,895.0,P,0.0,1.03,0.515,62.7445,-0.007347,0.000132,-0.103307,0.049844,15,1209.0,8,13,21.08
LLY,2026-08-13,2026-08-28,900.0,P,0.0,2.22,1.11,68.7503,-0.013962,0.000211,-0.198167,0.087258,15,1209.0,66,70,21.08
LLY,2026-08-13,2026-08-28,905.0,P,0.0,2.7,1.35,69.7269,-0.016572,0.000241,-0.232833,0.101098,15,1209.0,8,22,21.08
LLY,2026-08-13,2026-08-28,910.0,P,0.01,0.37,0.19,52.9302,-0.003308,7.7e-05,-0.042781,0.024486,15,1209.0,26,8,21.08
LLY,2026-08-13,2026-08-28,915.0,P,0.0,9.75,4.875,85.6691,-0.044571,0.000448,-0.652417,0.230528,15,1209.0,2,2,21.08
LLY,2026-08-13,2026-08-28,920.0,P,0.0,10.0,5.0,84.7719,-0.046053,0.000465,-0.662695,0.236673,15,1209.0,4,5,21.08
LLY,2026-08-13,2026-08-28,925.0,P,0.0,0.47,0.235,51.3677,-0.00417,9.8e-05,-0.051078,0.03014,15,1209.0,232,2,21.08
LLY,2026-08-13,2026-08-28,930.0,P,0.01,0.38,0.195,53.4428,-0.006389,0.000137,-0.077671,0.044057,15,1209.0,92,6,21.08
LLY,2026-08-13,2026-08-28,935.0,P,0.0,10.0,5.0,80.6887,-0.048229,0.000507,-0.654219,0.245598,15,1209.0,206,3,21.08
LLY,2026-08-13,2026-08-28,940.0,P,0.0,6.6,3.3,72.6382,-0.036482,0.000449,-0.469639,0.195927,15,1209.0,4,15,21.08
LLY,2026-08-13,2026-08-28,945.0,P,0.0,8.25,4.125,74.7622,-0.043507,0.000503,-0.557723,0.226082,15,1209.0,10,5,21.08
LLY,2026-08-13,2026-08-28,950.0,P,0.0,3.85,1.925,63.2816,-0.025273,0.00038,-0.301659,0.144553,15,1209.0,1,206,21.08
LLY,2026-08-13,2026-08-28,955.0,P,0.0,10.0,5.0,75.2993,-0.051416,0.000571,-0.641989,0.258459,15,1209.0,16,16,21.08
LLY,2026-08-13,2026-08-28,960.0,P,0.0,5.0,2.5,63.9896,-0.031842,0.000456,-0.369573,0.175195,15,1209.0,44,33,21.08
LLY,2026-08-13,2026-08-28,965.0,P,0.0,2.13,1.065,54.102,-0.016833,0.000315,-0.182627,0.102461,15,1209.0,16,20,21.08
LLY,2026-08-13,2026-08-28,970.0,P,0.0,2.21,1.105,53.3452,-0.017652,0.000333,-0.187487,0.106706,15,1209.0,3,21,21.08
LLY,2026-08-13,2026-08-28,975.0,P,0.0,8.9,4.45,68.14,-0.050778,0.000625,-0.574635,0.255905,15,1209.0,11,43,21.08
LLY,2026-08-13,2026-08-28,980.0,P,0.0,0.76,0.38,48.3159,-0.013605,0.000294,-0.135698,0.08533,15,1209.0,220,34,21.08
LLY,2026-08-13,2026-08-28,985.0,P,0.0,3.45,1.725,54.1142,-0.026397,0.000461,-0.267036,0.149914,15,1209.0,1,6,21.08
LLY,2026-08-13,2026-08-28,990.0,P,0.0,3.05,1.525,51.8437,-0.024503,0.000452,-0.24028,0.140852,15,1209.0,2,58,21.08
LLY,2026-08-13,2026-08-28,995.0,P,0.0,1.95,0.975,53.0522,-0.030104,0.000525,-0.291898,0.167242,15,1209.0,1,25,21.08
LLY,2026-08-13,2026-08-28,1000.0,P,0.0,1.97,0.985,52.0146,-0.030944,0.000548,-0.292697,0.1711,15,1209.0,3,31,21.08
LLY,2026-08-13,2026-08-28,1005.0,P,0.0,3.95,1.975,50.9038,-0.031639,0.00057,-0.291658,0.174272,15,1209.0,36,109,21.08
LLY,2026-08-13,2026-08-28,1010.0,P,0.0,3.8,1.9,57.0073,-0.051852,0.00076,-0.487758,0.260201,15,1209.0,34,12,21.08
LLY,2026-08-13,2026-08-28,1015.0,P,0.0,5.05,2.525,51.0625,-0.039533,0.000682,-0.351007,0.209196,15,1209.0,2,27,21.08
LLY,2026-08-13,2026-08-28,1020.0,P,0.0,5.85,2.925,51.4531,-0.044898,0.00075,-0.391956,0.231888,15,1209.0,40,69,21.08
LLY,2026-08-13,2026-08-28,1025.0,P,0.0,3.3,1.65,51.5996,-0.049963,0.000815,-0.428104,0.252627,15,1209.0,174,54,21.08
LLY,2026-08-13,2026-08-28,1030.0,P,0.0,3.7,1.85,51.7095,-0.055298,0.000882,-0.464852,0.273811,15,1209.0,257,187,21.08
LLY,2026-08-13,2026-08-28,1035.0,P,0.0,3.25,1.625,49.0056,-0.051639,0.000881,-0.417041,0.25935,15,1209.0,1,98,21.08
LLY,2026-08-13,2026-08-28,1040.0,P,0.0,3.45,1.725,48.4502,-0.055061,0.000938,-0.433655,0.272881,15,1209.0,3,76,21.08
LLY,2026-08-13,2026-08-28,1045.0,P,0.21,1.88,1.045,41.4801,-0.036426,0.000785,-0.26594,0.195683,15,1209.0,64,53,21.08
LLY,2026-08-13,2026-08-28,1050.0,P,0.14,1.99,1.065,40.8331,-0.038934,0.000842,-0.276282,0.206615,15,1209.0,2,138,21.08
LLY,2026-08-13,2026-08-28,1055.0,P,0.18,1.28,0.73,36.4752,-0.028701,0.000734,-0.191816,0.160746,15,1209.0,2,19,21.08
LLY,2026-08-13,2026-08-28,1060.0,P,0.32,1.49,0.905,36.4447,-0.033048,0.000825,-0.215285,0.180653,15,1209.0,8,75,21.08
LLY,2026-08-13,2026-08-28,1065.0,P,0.29,1.54,0.915,35.5963,-0.034792,0.000881,-0.219216,0.188455,15,1209.0,30,31,21.08
LLY,2026-08-13,2026-08-28,1070.0,P,0.29,1.27,0.78,33.2709,-0.030942,0.000856,-0.185847,0.171092,15,1209.0,56,93,21.08
LLY,2026-08-13,2026-08-28,1075.0,P,0.25,1.56,0.905,33.5273,-0.037149,0.000987,-0.217548,0.198854,15,1209.0,24,77,21.08
LLY,2026-08-13,2026-08-28,1080.0,P,0.64,1.5,1.07,32.1967,-0.037157,0.001028,-0.208768,0.198886,15,1209.0,1,77,21.08
LLY,2026-08-13,2026-08-28,1085.0,P,0.87,2.22,1.545,33.7958,-0.050922,0.001263,-0.2825,0.256482,15,1209.0,7,42,21.08
LLY,2026-08-13,2026-08-28,1090.0,P,0.98,2.5,1.74,33.5517,-0.057078,0.001393,-0.306755,0.280733,15,1209.0,3,48,21.08
LLY,2026-08-13,2026-08-28,1095.0,P,0.98,2.47,1.725,32.3005,-0.058382,0.001473,-0.300307,0.285764,15,1209.0,14,117,21.08
LLY,2026-08-13,2026-08-28,1100.0,P,1.25,2.79,2.02,32.0624,-0.065576,0.001625,-0.326123,0.312894,15,1209.0,27,172,21.08
LLY,2026-08-13,2026-08-28,1105.0,P,1.21,4.45,2.83,34.9189,-0.092159,0.001931,-0.459785,0.405064,15,1209.0,1,29,21.08
LLY,2026-08-13,2026-08-28,1110.0,P,2.26,3.6,2.93,31.7146,-0.083078,0.001968,-0.385811,0.374888,15,1209.0,8,54,21.08
LLY,2026-08-13,2026-08-28,1115.0,P,2.37,5.85,4.11,35.1264,-0.11631,0.002273,-0.546732,0.47957,15,1209.0,6,53,21.08
LLY,2026-08-13,2026-08-28,1120.0,P,2.8,6.6,4.7,35.1203,-0.129031,0.002445,-0.587411,0.515794,15,1209.0,9,83,21.08
LLY,2026-08-13,2026-08-28,1125.0,P,3.35,5.45,4.4,31.6657,-0.119479,0.00257,-0.500778,0.488777,15,1209.0,2,81,21.08
LLY,2026-08-13,2026-08-28,1130.0,P,3.7,6.2,4.95,31.6322,-0.133581,0.00278,-0.540092,0.528288,15,1209.0,20,39,21.08
LLY,2026-08-13,2026-08-28,1135.0,P,2.92,7.8,5.36,32.8193,-0.157331,0.002992,-0.625216,0.589791,15,1209.0,3,51,21.08
LLY,2026-08-13,2026-08-28,1140.0,P,5.0,7.8,6.4,31.3453,-0.163411,0.003211,-0.61095,0.604587,15,1209.0,23,80,21.08
LLY,2026-08-13,2026-08-28,1145.0,P,4.2,10.0,7.1,33.0146,-0.19246,0.00338,-0.713195,0.670354,15,1209.0,13,119,21.08
LLY,2026-08-13,2026-08-28,1150.0,P,5.1,10.25,7.675,31.7771,-0.202562,0.003622,-0.706587,0.691414,15,1209.0,8,262,21.08
LLY,2026-08-13,2026-08-28,1155.0,P,7.6,15.0,11.3,36.164,-0.248032,0.00357,-0.903106,0.77557,15,1209.0,1,55,21.08
LLY,2026-08-13,2026-08-28,1160.0,P,7.05,13.4,10.225,32.4882,-0.246909,0.003965,-0.806333,0.773691,15,1209.0,22,123,21.08
LLY,2026-08-13,2026-08-28,1165.0,P,9.7,13.95,11.825,31.4063,-0.261726,0.004228,-0.801692,0.797697,15,1209.0,3,37,21.08
LLY,2026-08-13,2026-08-28,1170.0,P,11.45,15.9,13.675,31.8671,-0.286567,0.004358,-0.849542,0.834255,15,1209.0,11,55,21.08
LLY,2026-08-13,2026-08-28,1175.0,P,12.0,20.0,16.0,34.5191,-0.321186,0.004233,-0.968774,0.877823,15,1209.0,10,97,21.08
LLY,2026-08-13,2026-08-28,1180.0,P,13.3,21.2,17.25,33.8233,-0.340689,0.004423,-0.969475,0.89873,15,1209.0,16,436,21.08
LLY,2026-08-13,2026-08-28,1185.0,P,15.4,23.0,19.2,33.6631,-0.363075,0.004548,-0.985164,0.919596,15,1209.0,8,174,21.08
LLY,2026-08-13,2026-08-28,1190.0,P,16.0,24.8,20.4,33.3915,-0.385776,0.004674,-0.993705,0.937411,15,1209.0,14,132,21.08
LLY,2026-08-13,2026-08-28,1195.0,P,18.0,26.1,22.05,32.5019,-0.407948,0.004874,-0.978454,0.951622,15,1209.0,1,29,21.08
LLY,2026-08-13,2026-08-28,1200.0,P,21.0,28.05,24.525,32.1647,-0.43229,0.004988,-0.977474,0.963651,15,1209.0,6,86,21.08
LLY,2026-08-13,2026-08-28,1205.0,P,23.0,31.8,27.4,33.4983,-0.458118,0.004832,-1.026513,0.972374,15,1209.0,2,9,21.08
LLY,2026-08-13,2026-08-28,1210.0,P,26.0,32.75,29.375,31.9282,-0.482806,0.005093,-0.977269,0.976859,15,1209.0,3,73,21.08
LLY,2026-08-13,2026-08-28,1215.0,P,28.0,35.35,31.675,31.8763,-0.508272,0.005105,-0.972937,0.977557,15,1209.0,3,64,21.08
LLY,2026-08-13,2026-08-28,1220.0,P,31.4,39.0,35.2,32.7476,-0.532002,0.004955,-0.994845,0.97462,15,1209.0,2,76,21.08
LLY,2026-08-13,2026-08-28,1225.0,P,34.3,42.0,38.15,32.8589,-0.556147,0.004905,-0.988025,0.968068,15,1209.0,12,21,21.08
LLY,2026-08-13,2026-08-28,1230.0,P,37.0,44.95,40.975,32.8055,-0.580352,0.004861,-0.97188,0.957867,15,1209.0,14,27,21.08
LLY,2026-08-13,2026-08-28,1235.0,P,40.0,48.0,44.0,32.7369,-0.604298,0.004801,-0.951484,0.944159,15,1209.0,6,6,21.08
LLY,2026-08-13,2026-08-28,1240.0,P,44.0,51.0,47.5,32.4958,-0.628648,0.004746,-0.921453,0.926477,15,1209.0,40,25,21.08
LLY,2026-08-13,2026-08-28,1245.0,P,47.0,55.0,51.0,33.2007,-0.647909,0.004562,-0.92197,0.909771,15,1209.0,1,6,21.08
LLY,2026-08-13,2026-08-28,1250.0,P,51.0,58.0,54.5,32.7277,-0.672398,0.004502,-0.877277,0.884985,15,1209.0,2,12,21.08
LLY,2026-08-13,2026-08-28,1255.0,P,54.05,62.0,58.025,33.2404,-0.690711,0.004326,-0.866272,0.863795,15,1209.0,2,7,21.08
LLY,2026-08-13,2026-08-28,1260.0,P,58.0,66.0,62.0,33.6692,-0.708469,0.004158,-0.850475,0.84102,15,1209.0,4,6,21.08
LLY,2026-08-13,2026-08-28,1265.0,P,62.0,69.0,65.5,32.8193,-0.733819,0.004081,-0.783376,0.804588,15,1209.0,18,6,21.08
LLY,2026-08-13,2026-08-28,1270.0,P,66.0,73.0,69.5,33.039,-0.751338,0.003913,-0.755912,0.77662,15,1209.0,4,8,21.08
LLY,2026-08-13,2026-08-28,1275.0,P,70.0,77.0,73.5,33.1641,-0.768628,0.003748,-0.723535,0.746687,15,1209.0,1,4,21.08
LLY,2026-08-13,2026-08-28,1280.0,P,74.0,82.0,78.0,34.5221,-0.775977,0.003536,-0.740458,0.733242,15,1209.0,6,7,21.08
LLY,2026-08-13,2026-08-28,1290.0,P,83.0,90.0,86.5,34.3726,-0.808931,0.003232,-0.656489,0.667383,15,1209.0,2,1,21.08
LLY,2026-08-13,2026-08-28,1300.0,P,92.0,99.0,95.5,35.3308,-0.830504,0.002917,-0.617299,0.619028,15,1209.0,0,1,21.08
LLY,2026-08-13,2026-08-28,1340.0,P,126.0,139.0,132.5,44.3975,-0.860175,0.002044,-0.687218,0.545049,15,1209.0,0,1,21.08
LLY,2026-08-13,2026-08-28,1360.0,P,146.0,158.0,152.0,46.7596,-0.880626,0.001739,-0.637518,0.488475,15,1209.0,0,16,21.08
LLY,2026-08-13,2026-08-28,1380.0,P,166.0,178.0,172.0,50.7451,-0.888718,0.001524,-0.659178,0.464698,15,1209.0,2,1,21.08
LLY,2026-08-13,2026-08-28,1420.0,P,204.55,219.0,211.775,60.4283,-0.892416,0.00125,-0.782127,0.453555,15,1209.0,0,1,21.08
LLY,2026-08-13,2026-08-28,1440.0,P,224.65,238.95,231.8,64.0049,-0.898129,0.001134,-0.795987,0.435981,15,1209.0,0,1,21.08
LLY,2026-08-13,2026-09-04,950.0,C,252.7,268.05,260.375,73.926,0.923842,0.000653,-0.800272,0.425098,22,1209.0,0,10,21.08
LLY,2026-08-13,2026-09-04,975.0,C,228.55,244.0,236.275,69.6841,0.912445,0.000769,-0.834962,0.47222,22,1209.0,0,43,21.08
LLY,2026-08-13,2026-09-04,980.0,C,223.05,238.35,230.7,67.1573,0.914601,0.000783,-0.795368,0.463501,22,1209.0,0,1,21.08
LLY,2026-08-13,2026-09-04,1000.0,C,202.7,218.6,210.65,62.7415,0.907192,0.000892,-0.792162,0.493109,22,1209.0,1,4,21.08
LLY,2026-08-13,2026-09-04,1015.0,C,191.4,203.0,197.2,57.9747,0.905864,0.000976,-0.74701,0.498312,22,1209.0,0,5,21.08
LLY,2026-08-13,2026-09-04,1020.0,C,186.0,198.0,192.0,56.7723,0.90411,0.00101,-0.742484,0.505133,22,1209.0,0,2,21.08
LLY,2026-08-13,2026-09-04,1030.0,C,176.0,188.0,182.0,54.3675,0.900419,0.001084,-0.732963,0.519317,22,1209.0,0,1,21.08
LLY,2026-08-13,2026-09-04,1040.0,C,166.0,179.0,172.5,53.6687,0.889826,0.001182,-0.77244,0.558757,22,1209.0,10,15,21.08
LLY,2026-08-13,2026-09-04,1060.0,C,147.0,160.0,153.5,50.3209,0.873784,0.001388,-0.794385,0.615151,22,1209.0,1,2,21.08
LLY,2026-08-13,2026-09-04,1070.0,C,138.0,151.0,144.5,49.2803,0.8618,0.001508,-0.823753,0.654857,22,1209.0,14,14,21.08
LLY,2026-08-13,2026-09-04,1075.0,C,133.5,147.0,140.25,49.4024,0.852591,0.001572,-0.857622,0.684044,22,1209.0,0,1,21.08
LLY,2026-08-13,2026-09-04,1085.0,C,124.0,138.0,131.0,48.1328,0.839823,0.001704,-0.879542,0.722718,22,1209.0,0,3,21.08
LLY,2026-08-13,2026-09-04,1090.0,C,119.5,132.0,125.75,45.516,0.842096,0.001785,-0.830472,0.715982,22,1209.0,1,6,21.08
LLY,2026-08-13,2026-09-04,1095.0,C,114.0,127.0,120.5,44.2144,0.838236,0.001867,-0.820782,0.727383,22,1209.0,1,6,21.08
LLY,2026-08-13,2026-09-04,1100.0,C,110.0,123.0,116.5,44.1686,0.827959,0.001945,-0.848772,0.756866,22,1209.0,1,13,21.08
LLY,2026-08-13,2026-09-04,1105.0,C,105.5,115.95,110.725,40.2685,0.836914,0.002061,-0.760038,0.731246,22,1209.0,0,6,21.08
LLY,2026-08-13,2026-09-04,1110.0,C,102.05,114.5,108.275,43.2943,0.810008,0.002112,-0.880194,0.805441,22,1209.0,1,9,21.08
LLY,2026-08-13,2026-09-04,1115.0,C,98.05,107.0,102.525,38.967,0.820489,0.002265,-0.778288,0.777524,22,1209.0,0,2,21.08
LLY,2026-08-13,2026-09-04,1120.0,C,95.0,103.0,99.0,38.822,0.808765,0.002364,-0.802182,0.808674,22,1209.0,3,14,21.08
LLY,2026-08-13,2026-09-04,1125.0,C,91.0,99.0,95.0,38.6084,0.796919,0.002465,-0.823496,0.838626,22,1209.0,2,5,21.08
LLY,2026-08-13,2026-09-04,1130.0,C,87.0,94.0,90.5,37.226,0.790896,0.002602,-0.809318,0.853287,22,1209.0,3,7,21.08
LLY,2026-08-13,2026-09-04,1135.0,C,81.8,90.0,85.9,36.9208,0.778389,0.002713,-0.826821,0.882539,22,1209.0,4,7,21.08
LLY,2026-08-13,2026-09-04,1140.0,C,77.8,86.9,82.35,37.4899,0.760761,0.002789,-0.869278,0.92113,22,1209.0,7,27,21.08
LLY,2026-08-13,2026-09-04,1145.0,C,75.0,82.0,78.5,36.1273,0.752613,0.002947,-0.854065,0.937957,22,1209.0,1,5,21.08
LLY,2026-08-13,2026-09-04,1150.0,C,70.0,78.0,74.0,35.6421,0.73925,0.003071,-0.863754,0.964206,22,1209.0,11,18,21.08
LLY,2026-08-13,2026-09-04,1155.0,C,67.0,75.0,71.0,36.0663,0.720906,0.00314,-0.898476,0.99759,22,1209.0,6,4,21.08
LLY,2026-08-13,2026-09-04,1160.0,C,63.0,71.0,67.0,35.4483,0.706978,0.003269,-0.901982,1.020947,22,1209.0,3,33,21.08
LLY,2026-08-13,2026-09-04,1165.0,C,60.0,67.0,63.5,34.777,0.692536,0.003405,-0.902786,1.043398,22,1209.0,6,10,21.08
LLY,2026-08-13,2026-09-04,1170.0,C,56.0,64.0,60.0,34.954,0.674016,0.003473,-0.925848,1.069614,22,1209.0,1,28,21.08
LLY,2026-08-13,2026-09-04,1175.0,C,53.0,61.0,57.0,35.0425,0.655621,0.00354,-0.944565,1.092858,22,1209.0,2,11,21.08
LLY,2026-08-13,2026-09-04,1180.0,C,50.0,58.0,54.0,35.047,0.637262,0.003606,-0.959046,1.113335,22,1209.0,3,23,21.08
LLY,2026-08-13,2026-09-04,1185.0,C,46.3,54.0,50.15,34.1132,0.62094,0.003758,-0.946199,1.129298,22,1209.0,1,33,21.08
LLY,2026-08-13,2026-09-04,1190.0,C,43.4,51.0,47.2,33.9713,0.601952,0.003827,-0.952856,1.145254,22,1209.0,2,333,21.08
LLY,2026-08-13,2026-09-04,1195.0,C,40.4,48.95,44.675,34.5466,0.58163,0.003809,-0.976546,1.159259,22,1209.0,4,10,21.08
LLY,2026-08-13,2026-09-04,1200.0,C,38.0,46.0,42.0,34.2826,0.562532,0.003872,-0.975577,1.169559,22,1209.0,6,67,21.08
LLY,2026-08-13,2026-09-04,1205.0,C,35.3,43.0,39.15,33.9011,0.543107,0.003941,-0.969261,1.177216,22,1209.0,4,13,21.08
LLY,2026-08-13,2026-09-04,1210.0,C,32.7,40.45,36.575,33.8141,0.523304,0.003968,-0.968532,1.182114,22,1209.0,12,309,21.08
LLY,2026-08-13,2026-09-04,1215.0,C,30.45,38.0,34.225,33.7287,0.503426,0.003985,-0.965566,1.184091,22,1209.0,2,17,21.08
LLY,2026-08-13,2026-09-04,1220.0,C,29.0,36.0,32.5,33.9377,0.48395,0.003957,-0.968304,1.183177,22,1209.0,1,36,21.08
LLY,2026-08-13,2026-09-04,1225.0,C,27.0,33.05,30.025,33.2786,0.463057,0.004021,-0.945199,1.179054,22,1209.0,21,27,21.08
LLY,2026-08-13,2026-09-04,1230.0,C,23.4,32.0,27.7,34.1208,0.445504,0.003902,-0.961087,1.17307,22,1209.0,12,17,21.08
LLY,2026-08-13,2026-09-04,1235.0,C,23.0,29.0,26.0,33.2541,0.423696,0.003968,-0.927554,1.162409,22,1209.0,20,3,21.08
LLY,2026-08-13,2026-09-04,1240.0,C,22.05,27.65,24.85,33.6997,0.406076,0.003877,-0.928692,1.151164,22,1209.0,47,41,21.08
LLY,2026-08-13,2026-09-04,1245.0,C,19.0,25.35,22.175,33.2557,0.385446,0.003874,-0.902543,1.134976,22,1209.0,1,10,21.08
LLY,2026-08-13,2026-09-04,1250.0,C,18.75,22.45,20.6,32.1876,0.361573,0.003922,-0.855634,1.112115,22,1209.0,26,36,21.08
LLY,2026-08-13,2026-09-04,1255.0,C,15.0,21.65,18.325,32.8925,0.346647,0.00378,-0.859311,1.095534,22,1209.0,3,37,21.08
LLY,2026-08-13,2026-09-04,1260.0,C,15.85,21.2,18.525,33.863,0.33412,0.003621,-0.870212,1.080235,22,1209.0,8,59,21.08
LLY,2026-08-13,2026-09-04,1265.0,C,14.7,17.75,16.225,31.9877,0.305426,0.003692,-0.791995,1.040337,22,1209.0,2,22,21.08
LLY,2026-08-13,2026-09-04,1270.0,C,12.9,16.65,14.775,32.2059,0.289527,0.003578,-0.77695,1.015244,22,1209.0,25,14,21.08
LLY,2026-08-13,2026-09-04,1275.0,C,12.2,17.15,14.675,33.9362,0.284507,0.003368,-0.809755,1.006869,22,1209.0,11,33,21.08
LLY,2026-08-13,2026-09-04,1280.0,C,11.25,15.05,13.15,33.0543,0.262674,0.003324,-0.757794,0.967851,22,1209.0,16,35,21.08
LLY,2026-08-13,2026-09-04,1285.0,C,9.6,16.0,12.8,35.2011,0.262262,0.003118,-0.804254,0.967072,22,1209.0,38,26,21.08
LLY,2026-08-13,2026-09-04,1290.0,C,8.9,12.75,10.825,32.9322,0.231465,0.003117,-0.704091,0.904487,22,1209.0,37,43,21.08
LLY,2026-08-13,2026-09-04,1295.0,C,8.45,12.7,10.575,33.982,0.225069,0.002974,-0.713976,0.890351,22,1209.0,1,37,21.08
LLY,2026-08-13,2026-09-04,1300.0,C,7.95,12.2,10.075,34.5054,0.215364,0.002856,-0.706001,0.868128,22,1209.0,4,188,21.08
LLY,2026-08-13,2026-09-04,1320.0,C,4.7,7.9,6.3,33.1946,0.156324,0.002432,-0.554988,0.711262,22,1209.0,6,57,21.08
LLY,2026-08-13,2026-09-04,1340.0,C,3.45,10.0,6.725,39.7986,0.163253,0.002087,-0.680904,0.731731,22,1209.0,8,68,21.08
LLY,2026-08-13,2026-09-04,1360.0,C,2.17,5.6,3.885,36.6339,0.107716,0.001703,-0.4704,0.549769,22,1209.0,1,45,21.08
LLY,2026-08-13,2026-09-04,1380.0,C,1.26,4.2,2.73,37.0734,0.08327,0.001392,-0.393016,0.454803,22,1209.0,52,53,21.08
LLY,2026-08-13,2026-09-04,1400.0,C,0.29,3.1,1.695,37.403,0.063368,0.00112,-0.321136,0.368982,22,1209.0,44,69,21.08
LLY,2026-08-13,2026-09-04,1420.0,C,0.24,2.59,1.415,38.703,0.052407,0.000932,-0.28572,0.317795,22,1209.0,30,22,21.08
LLY,2026-08-13,2026-09-04,1440.0,C,0.25,1.62,0.935,37.8668,0.035126,0.00069,-0.202121,0.230027,22,1209.0,110,48,21.08
LLY,2026-08-13,2026-09-04,1460.0,C,0.05,10.0,5.025,50.4094,0.07432,0.00094,-0.486673,0.417252,22,1209.0,2,48,21.08
LLY,2026-08-13,2026-09-04,1480.0,C,0.0,1.14,0.57,40.2472,0.024143,0.000475,-0.15696,0.168472,22,1209.0,14,27,21.08
LLY,2026-08-13,2026-09-04,1500.0,C,0.01,1.79,0.9,45.6732,0.032344,0.000534,-0.226905,0.21493,22,1209.0,12,14,21.08
LLY,2026-08-13,2026-09-04,1520.0,C,0.0,3.5,1.75,54.157,0.050666,0.000648,-0.386675,0.309372,22,1209.0,130,144,21.08
LLY,2026-08-13,2026-09-04,1540.0,C,0.0,10.0,5.0,60.8036,0.062827,0.000684,-0.513741,0.366526,22,1209.0,2,97,21.08
LLY,2026-08-13,2026-09-04,1580.0,C,0.0,3.7,1.85,54.7368,0.028212,0.000398,-0.242029,0.191908,22,1209.0,2,33,21.08
LLY,2026-08-13,2026-09-04,1600.0,C,0.0,0.43,0.215,46.3628,0.008534,0.000169,-0.073566,0.06886,22,1209.0,10,47,21.08
LLY,2026-08-13,2026-09-04,1620.0,C,0.0,7.6,3.8,66.6934,0.045352,0.000482,-0.434343,0.283113,22,1209.0,5,11,21.08
LLY,2026-08-13,2026-09-04,1640.0,C,0.06,0.59,0.325,51.8315,0.010309,0.000178,-0.096908,0.081236,22,1209.0,2,57,21.08
LLY,2026-08-13,2026-09-04,610.0,P,0.0,0.05,0.025,83.2033,-0.000268,4e-06,-0.005556,0.002957,22,1209.0,20,16,21.08
LLY,2026-08-13,2026-09-04,620.0,P,0.0,10.0,5.0,150.5374,-0.022868,0.000121,-0.547422,0.160953,22,1209.0,8,4,21.08
LLY,2026-08-13,2026-09-04,630.0,P,0.0,10.0,5.0,147.3513,-0.023357,0.000126,-0.545398,0.163847,22,1209.0,71,34,21.08
LLY,2026-08-13,2026-09-04,640.0,P,0.0,10.0,5.0,144.2264,-0.023866,0.000131,-0.543525,0.166845,22,1209.0,62,88,21.08
LLY,2026-08-13,2026-09-04,650.0,P,0.0,0.2,0.1,85.0587,-0.001011,1.3e-05,-0.019391,0.010099,22,1209.0,183,74,21.08
LLY,2026-08-13,2026-09-04,660.0,P,0.0,0.01,0.005,65.6253,-5.9e-05,1e-06,-0.001054,0.000712,22,1209.0,29,217,21.08
LLY,2026-08-13,2026-09-04,670.0,P,0.0,3.85,1.925,114.8686,-0.012481,9.5e-05,-0.248709,0.095917,22,1209.0,96,56,21.08
LLY,2026-08-13,2026-09-04,680.0,P,0.0,10.0,5.0,132.1537,-0.026023,0.000154,-0.535189,0.1794,22,1209.0,162,215,21.08
LLY,2026-08-13,2026-09-04,690.0,P,0.0,1.0,0.5,91.504,-0.004411,4.8e-05,-0.079237,0.038381,22,1209.0,275,124,21.08
LLY,2026-08-13,2026-09-04,700.0,P,0.01,0.58,0.295,84.1798,-0.002905,3.6e-05,-0.050089,0.026379,22,1209.0,114,582,21.08
LLY,2026-08-13,2026-09-04,710.0,P,0.0,10.0,5.0,123.5294,-0.027802,0.000174,-0.528399,0.189584,22,1209.0,6,685,21.08
LLY,2026-08-13,2026-09-04,720.0,P,0.0,10.0,5.0,120.7279,-0.028429,0.000182,-0.526003,0.193138,22,1209.0,200,227,21.08
LLY,2026-08-13,2026-09-04,730.0,P,0.0,10.0,5.0,117.9631,-0.029077,0.000189,-0.523575,0.196789,22,1209.0,0,75,21.08
LLY,2026-08-13,2026-09-04,740.0,P,0.0,10.0,5.0,115.2348,-0.029747,0.000198,-0.521136,0.200548,22,1209.0,0,1,21.08
LLY,2026-08-13,2026-09-04,750.0,P,0.0,10.0,5.0,112.5371,-0.030437,0.000206,-0.518595,0.204395,22,1209.0,0,37,21.08
LLY,2026-08-13,2026-09-04,825.0,P,0.0,10.0,5.0,93.2374,-0.036427,0.000289,-0.497268,0.236987,22,1209.0,1,2,21.08
LLY,2026-08-13,2026-09-04,830.0,P,0.0,10.0,5.0,92.0045,-0.036889,0.000295,-0.49571,0.239444,22,1209.0,0,1,21.08
LLY,2026-08-13,2026-09-04,850.0,P,0.0,1.0,0.5,60.059,-0.006601,0.000104,-0.074116,0.054922,22,1209.0,1,13,21.08
LLY,2026-08-13,2026-09-04,855.0,P,0.0,10.0,5.0,85.9193,-0.039334,0.000333,-0.487422,0.252312,22,1209.0,12,4,21.08
LLY,2026-08-13,2026-09-04,865.0,P,0.0,6.1,3.05,75.7449,-0.028358,0.000289,-0.328047,0.192738,22,1209.0,2,1,21.08
LLY,2026-08-13,2026-09-04,870.0,P,0.0,10.0,5.0,82.3366,-0.040933,0.000359,-0.482217,0.260614,22,1209.0,1,2,21.08
LLY,2026-08-13,2026-09-04,875.0,P,0.0,3.4,1.7,66.3822,-0.018804,0.000233,-0.203299,0.136378,22,1209.0,10,26,21.08
LLY,2026-08-13,2026-09-04,880.0,P,0.0,5.15,2.575,70.2151,-0.026086,0.000291,-0.283446,0.179766,22,1209.0,0,3,21.08
LLY,2026-08-13,2026-09-04,885.0,P,0.0,3.55,1.775,64.8197,-0.019991,0.000252,-0.209033,0.143661,22,1209.0,0,1,21.08
LLY,2026-08-13,2026-09-04,890.0,P,0.0,10.0,5.0,77.6308,-0.043239,0.000398,-0.474917,0.272435,22,1209.0,0,5,21.08
LLY,2026-08-13,2026-09-04,895.0,P,0.0,10.0,5.0,76.4651,-0.043848,0.000409,-0.472994,0.275525,22,1209.0,2,1,21.08
LLY,2026-08-13,2026-09-04,900.0,P,0.0,2.3,1.15,57.6542,-0.014936,0.00022,-0.144822,0.111997,22,1209.0,0,5,21.08
LLY,2026-08-13,2026-09-04,905.0,P,0.0,3.75,1.875,61.3895,-0.022123,0.000289,-0.215502,0.156519,22,1209.0,0,1,21.08
LLY,2026-08-13,2026-09-04,910.0,P,0.0,2.6,1.3,56.8486,-0.016945,0.000249,-0.15904,0.124789,22,1209.0,1,1,21.08
LLY,2026-08-13,2026-09-04,920.0,P,0.0,10.0,5.0,70.7034,-0.047124,0.000469,-0.462925,0.291962,22,1209.0,1,2,21.08
LLY,2026-08-13,2026-09-04,925.0,P,0.0,10.0,5.0,69.5682,-0.04784,0.000482,-0.460916,0.295511,22,1209.0,0,2,21.08
LLY,2026-08-13,2026-09-04,930.0,P,0.0,10.0,5.0,68.4268,-0.048553,0.000496,-0.458639,0.299032,22,1209.0,1,3,21.08
LLY,2026-08-13,2026-09-04,935.0,P,0.0,10.0,5.0,67.2977,-0.049305,0.000511,-0.456519,0.302724,22,1209.0,0,5,21.08
LLY,2026-08-13,2026-09-04,940.0,P,0.0,10.0,5.0,66.1686,-0.050068,0.000526,-0.454275,0.306459,22,1209.0,0,6,21.08
LLY,2026-08-13,2026-09-04,945.0,P,0.0,10.0,5.0,65.0455,-0.050859,0.000541,-0.452049,0.310311,22,1209.0,1,61,21.08
LLY,2026-08-13,2026-09-04,950.0,P,0.0,4.05,2.025,53.2597,-0.027037,0.000395,-0.220713,0.185225,22,1209.0,2,16,21.08
LLY,2026-08-13,2026-09-04,955.0,P,0.0,10.0,5.0,62.8055,-0.0525,0.000575,-0.447373,0.318243,22,1209.0,2,18,21.08
LLY,2026-08-13,2026-09-04,960.0,P,0.0,10.0,5.0,61.6886,-0.053352,0.000593,-0.444924,0.322333,22,1209.0,6,28,21.08
LLY,2026-08-13,2026-09-04,965.0,P,0.0,3.55,1.775,56.1894,-0.042785,0.000546,-0.339389,0.270119,22,1209.0,1,14,21.08
LLY,2026-08-13,2026-09-04,970.0,P,0.0,2.54,1.27,51.5264,-0.034226,0.000496,-0.259277,0.225179,22,1209.0,2,8,21.08
LLY,2026-08-13,2026-09-04,975.0,P,0.0,10.0,5.0,58.3653,-0.056092,0.000652,-0.437512,0.335353,22,1209.0,2,3,21.08
LLY,2026-08-13,2026-09-04,980.0,P,0.0,10.0,5.0,57.2636,-0.057066,0.000674,-0.434952,0.339929,22,1209.0,5,35,21.08
LLY,2026-08-13,2026-09-04,985.0,P,0.0,3.5,1.75,51.8498,-0.045429,0.000621,-0.328197,0.2835,22,1209.0,2,13,21.08
LLY,2026-08-13,2026-09-04,990.0,P,0.0,10.0,5.0,55.0664,-0.059104,0.00072,-0.429625,0.349436,22,1209.0,8,15,21.08
LLY,2026-08-13,2026-09-04,995.0,P,0.0,2.25,1.125,45.4717,-0.034317,0.000563,-0.228812,0.225668,22,1209.0,10,7,21.08
LLY,2026-08-13,2026-09-04,1000.0,P,0.34,1.03,0.685,38.7335,-0.019372,0.00041,-0.120671,0.139876,22,1209.0,101,269,21.08
LLY,2026-08-13,2026-09-04,1005.0,P,0.0,3.6,1.8,48.0077,-0.049897,0.000723,-0.32702,0.305621,22,1209.0,2,16,21.08
LLY,2026-08-13,2026-09-04,1010.0,P,0.0,7.55,3.775,56.3572,-0.083006,0.000914,-0.570276,0.453718,22,1209.0,7,12,21.08
LLY,2026-08-13,2026-09-04,1015.0,P,0.0,2.47,1.235,42.4017,-0.039743,0.000681,-0.240111,0.254444,22,1209.0,3,25,21.08
LLY,2026-08-13,2026-09-04,1020.0,P,0.5,3.85,2.175,45.5999,-0.055428,0.000827,-0.337152,0.332213,22,1209.0,1,39,21.08
LLY,2026-08-13,2026-09-04,1025.0,P,0.0,4.65,2.325,46.6009,-0.06428,0.000909,-0.386862,0.373107,22,1209.0,1,5,21.08
LLY,2026-08-13,2026-09-04,1030.0,P,0.5,1.79,1.145,37.0368,-0.033458,0.000677,-0.181778,0.221013,22,1209.0,2,24,21.08
LLY,2026-08-13,2026-09-04,1035.0,P,0.0,4.8,2.4,44.8126,-0.068411,0.000992,-0.389955,0.391545,22,1209.0,24,62,21.08
LLY,2026-08-13,2026-09-04,1040.0,P,0.42,1.79,1.105,35.1935,-0.035014,0.00074,-0.179058,0.229426,22,1209.0,2,9,21.08
LLY,2026-08-13,2026-09-04,1045.0,P,0.67,1.97,1.32,34.925,-0.038441,0.000805,-0.191678,0.247639,22,1209.0,3,50,21.08
LLY,2026-08-13,2026-09-04,1050.0,P,0.68,2.0,1.34,34.0949,-0.039797,0.000848,-0.192327,0.254724,22,1209.0,35,31,21.08
LLY,2026-08-13,2026-09-04,1055.0,P,0.71,10.0,5.355,50.0097,-0.117155,0.001325,-0.648218,0.583774,22,1209.0,1,24,21.08
LLY,2026-08-13,2026-09-04,1060.0,P,0.64,2.67,1.655,34.2719,-0.051364,0.001036,-0.237075,0.312757,22,1209.0,5,14,21.08
LLY,2026-08-13,2026-09-04,1065.0,P,1.7,2.84,2.27,33.7653,-0.054995,0.00111,-0.246372,0.330165,22,1209.0,2,19,21.08
LLY,2026-08-13,2026-09-04,1070.0,P,1.68,4.7,3.19,37.0947,-0.079099,0.001339,-0.358719,0.437502,22,1209.0,14,24,21.08
LLY,2026-08-13,2026-09-04,1075.0,P,2.08,3.75,2.915,33.9911,-0.069948,0.00133,-0.29879,0.398306,22,1209.0,1,27,21.08
LLY,2026-08-13,2026-09-04,1080.0,P,2.15,10.0,6.075,43.8818,-0.130946,0.001632,-0.612386,0.631063,22,1209.0,1,8,21.08
LLY,2026-08-13,2026-09-04,1085.0,P,2.29,6.25,4.27,36.7377,-0.102105,0.001634,-0.428501,0.528883,22,1209.0,34,30,21.08
LLY,2026-08-13,2026-09-04,1090.0,P,3.05,5.05,4.05,33.4723,-0.0919,0.00166,-0.36068,0.489533,22,1209.0,9,128,21.08
LLY,2026-08-13,2026-09-04,1095.0,P,3.25,5.0,4.125,32.2944,-0.093926,0.001749,-0.353171,0.49749,22,1209.0,2,28,21.08
LLY,2026-08-13,2026-09-04,1100.0,P,3.25,7.7,5.475,35.6238,-0.125159,0.001949,-0.479081,0.611554,22,1209.0,1,99,21.08
LLY,2026-08-13,2026-09-04,1105.0,P,2.67,8.3,5.485,35.3217,-0.134284,0.002063,-0.498227,0.6421,22,1209.0,19,39,21.08
LLY,2026-08-13,2026-09-04,1110.0,P,4.2,8.65,6.425,34.6137,-0.141386,0.002181,-0.505068,0.66508,22,1209.0,23,40,21.08
LLY,2026-08-13,2026-09-04,1115.0,P,5.1,8.25,6.675,32.8422,-0.141895,0.002304,-0.479476,0.666701,22,1209.0,2,6,21.08
LLY,2026-08-13,2026-09-04,1120.0,P,6.05,8.55,7.3,32.038,-0.149201,0.002443,-0.483039,0.689598,22,1209.0,20,128,21.08
LLY,2026-08-13,2026-09-04,1125.0,P,6.5,9.3,7.9,31.7908,-0.161021,0.002589,-0.503369,0.725202,22,1209.0,26,30,21.08
LLY,2026-08-13,2026-09-04,1130.0,P,7.25,10.1,8.675,31.5314,-0.173483,0.002739,-0.523073,0.760903,22,1209.0,4,64,21.08
LLY,2026-08-13,2026-09-04,1135.0,P,8.25,11.5,9.875,31.9068,-0.191064,0.002875,-0.561593,0.80823,22,1209.0,1,14,21.08
LLY,2026-08-13,2026-09-04,1140.0,P,7.75,15.0,11.375,34.4443,-0.222548,0.002915,-0.663844,0.884669,22,1209.0,5,102,21.08
LLY,2026-08-13,2026-09-04,1145.0,P,9.75,15.65,12.7,33.7134,-0.234078,0.003064,-0.667193,0.910147,22,1209.0,3,27,21.08
LLY,2026-08-13,2026-09-04,1150.0,P,9.35,15.2,12.275,31.8122,-0.239397,0.003288,-0.635439,0.921465,22,1209.0,4,66,21.08
LLY,2026-08-13,2026-09-04,1155.0,P,10.3,17.0,13.65,32.1708,-0.259044,0.00339,-0.669232,0.960947,22,1209.0,20,20,21.08
LLY,2026-08-13,2026-09-04,1160.0,P,11.0,19.75,15.375,33.3243,-0.283016,0.003421,-0.72408,1.004338,22,1209.0,1,24,21.08
LLY,2026-08-13,2026-09-04,1165.0,P,13.0,20.85,16.925,32.7918,-0.298582,0.003565,-0.728885,1.029801,22,1209.0,1,6,21.08
LLY,2026-08-13,2026-09-04,1170.0,P,14.4,21.95,18.175,32.1952,-0.314684,0.003716,-0.730515,1.053959,22,1209.0,34,8,21.08
LLY,2026-08-13,2026-09-04,1175.0,P,16.0,22.8,19.4,31.3132,-0.330497,0.003899,-0.722748,1.075572,22,1209.0,4,10,21.08
LLY,2026-08-13,2026-09-04,1180.0,P,18.0,25.35,21.675,31.8687,-0.352723,0.003927,-0.75285,1.102498,22,1209.0,19,14,21.08
LLY,2026-08-13,2026-09-04,1185.0,P,20.85,27.05,23.95,31.5833,-0.372152,0.004035,-0.757721,1.122797,22,1209.0,1,7,21.08
LLY,2026-08-13,2026-09-04,1190.0,P,22.0,28.2,25.1,30.7502,-0.390833,0.004206,-0.745743,1.13952,22,1209.0,3,4,21.08
LLY,2026-08-13,2026-09-04,1195.0,P,24.0,30.55,27.275,30.857,-0.412506,0.004251,-0.756855,1.155542,22,1209.0,2,3,21.08
LLY,2026-08-13,2026-09-04,1200.0,P,26.0,32.5,29.25,30.5396,-0.433712,0.00434,-0.7542,1.167751,22,1209.0,7,13,21.08
LLY,2026-08-13,2026-09-04,1205.0,P,29.0,35.95,32.475,31.3789,-0.455997,0.004257,-0.779939,1.176925,22,1209.0,4,4,21.08
LLY,2026-08-13,2026-09-04,1210.0,P,31.0,38.0,34.5,30.9684,-0.477467,0.004333,-0.769868,1.182246,22,1209.0,21,44,21.08
LLY,2026-08-13,2026-09-04,1215.0,P,34.0,41.75,37.875,31.8763,-0.498242,0.004216,-0.792701,1.184124,22,1209.0,14,3,21.08
LLY,2026-08-13,2026-09-04,1220.0,P,36.25,44.0,40.125,31.4597,-0.519834,0.004267,-0.77758,1.182671,22,1209.0,7,17,21.08
LLY,2026-08-13,2026-09-04,1225.0,P,39.0,46.0,42.5,30.7456,-0.542546,0.004347,-0.751712,1.177395,22,1209.0,3,3,21.08
LLY,2026-08-13,2026-09-04,1230.0,P,42.0,49.0,45.5,30.7746,-0.563792,0.004311,-0.743685,1.168964,22,1209.0,2,6,21.08
LLY,2026-08-13,2026-09-04,1235.0,P,45.0,52.2,48.6,30.8891,-0.584418,0.004253,-0.735844,1.157524,22,1209.0,1,6,21.08
LLY,2026-08-13,2026-09-04,1240.0,P,49.0,56.0,52.5,31.4368,-0.602766,0.004133,-0.738409,1.144628,22,1209.0,3,15,21.08
LLY,2026-08-13,2026-09-04,1245.0,P,52.0,60.0,56.0,32.0899,-0.619704,0.003998,-0.74256,1.130422,22,1209.0,3,10,21.08
LLY,2026-08-13,2026-09-04,1260.0,P,63.0,70.0,66.5,31.8519,-0.677499,0.003795,-0.680918,1.064902,22,1209.0,12,1,21.08
LLY,2026-08-13,2026-09-04,1265.0,P,66.0,73.6,69.8,31.8534,-0.695441,0.003702,-0.659658,1.039024,22,1209.0,6,3,21.08
LLY,2026-08-13,2026-09-04,1280.0,P,78.0,85.0,81.5,31.9846,-0.745062,0.003382,-0.592981,0.952992,22,1209.0,0,1,21.08
LLY,2026-08-13,2026-09-11,855.0,C,346.85,363.25,355.05,57.2392,0.987655,0.000164,-0.192587,0.10909,29,1209.0,0,1,21.08
LLY,2026-08-13,2026-09-11,900.0,C,303.95,320.0,311.975,59.3266,0.968995,0.000346,-0.330762,0.238292,29,1209.0,0,22,21.08
LLY,2026-08-13,2026-09-11,905.0,C,297.1,313.5,305.3,50.562,0.983165,0.000243,-0.213625,0.14248,29,1209.0,0,1,21.08
LLY,2026-08-13,2026-09-11,920.0,C,282.6,298.6,290.6,72.4002,0.927173,0.000561,-0.672078,0.471679,29,1209.0,0,10,21.08
LLY,2026-08-13,2026-09-11,950.0,C,252.5,268.9,260.7,66.315,0.919089,0.000663,-0.669546,0.510983,29,1209.0,0,1,21.08
LLY,2026-08-13,2026-09-11,1020.0,C,188.55,200.0,194.275,52.7898,0.891882,0.001032,-0.664995,0.632898,29,1209.0,0,1,21.08
LLY,2026-08-13,2026-09-11,1065.0,C,144.5,158.0,151.25,46.7382,0.853335,0.001442,-0.71922,0.782706,29,1209.0,0,2,21.08
LLY,2026-08-13,2026-09-11,1070.0,C,140.0,154.0,147.0,46.7702,0.844872,0.001496,-0.743039,0.812488,29,1209.0,0,1,21.08
LLY,2026-08-13,2026-09-11,1080.0,C,131.5,143.0,137.25,43.2943,0.843688,0.001624,-0.69836,0.816572,29,1209.0,0,2,21.08
LLY,2026-08-13,2026-09-11,1090.0,C,123.1,132.25,127.675,40.1373,0.840967,0.001772,-0.661108,0.825884,29,1209.0,0,1,21.08
LLY,2026-08-13,2026-09-11,1100.0,C,113.3,126.0,119.65,41.8585,0.81185,0.001891,-0.750051,0.919212,29,1209.0,0,1,21.08
LLY,2026-08-13,2026-09-11,1110.0,C,104.0,115.5,109.75,38.9288,0.805181,0.002077,-0.717172,0.939041,29,1209.0,1,2,21.08
LLY,2026-08-13,2026-09-11,1115.0,C,101.0,112.7,106.85,39.8779,0.788856,0.002127,-0.762619,0.985279,29,1209.0,3,4,21.08
LLY,2026-08-13,2026-09-11,1120.0,C,99.0,106.0,102.5,36.9849,0.792131,0.002273,-0.708797,0.976261,29,1209.0,0,2,21.08
LLY,2026-08-13,2026-09-11,1125.0,C,94.0,102.0,98.0,36.7072,0.781172,0.00236,-0.721975,1.005947,29,1209.0,1,2,21.08
LLY,2026-08-13,2026-09-11,1130.0,C,90.0,98.0,94.0,36.3806,0.770033,0.002449,-0.733391,1.034701,29,1209.0,10,1,21.08
LLY,2026-08-13,2026-09-11,1135.0,C,86.0,94.0,90.0,36.0083,0.758673,0.002541,-0.743079,1.062589,29,1209.0,1,3,21.08
LLY,2026-08-13,2026-09-11,1140.0,C,81.0,90.2,85.6,35.7672,0.746172,0.002628,-0.755441,1.091651,29,1209.0,1,3,21.08
LLY,2026-08-13,2026-09-11,1145.0,C,79.0,86.0,82.5,35.1294,0.735165,0.002735,-0.757179,1.115862,29,1209.0,2,3,21.08
LLY,2026-08-13,2026-09-11,1150.0,C,75.0,83.0,79.0,35.4666,0.719007,0.00279,-0.782335,1.149125,29,1209.0,1,2,21.08
LLY,2026-08-13,2026-09-11,1155.0,C,71.0,79.0,75.0,34.9021,0.706632,0.002893,-0.784295,1.172812,29,1209.0,1,5,21.08
LLY,2026-08-13,2026-09-11,1160.0,C,68.0,76.0,72.0,35.1035,0.690533,0.002947,-0.803982,1.201361,29,1209.0,2,25,21.08
LLY,2026-08-13,2026-09-11,1165.0,C,64.0,72.0,68.0,34.4428,0.6775,0.003057,-0.80174,1.222634,29,1209.0,0,3,21.08
LLY,2026-08-13,2026-09-11,1170.0,C,61.0,69.0,65.0,34.5191,0.661259,0.00311,-0.816102,1.24689,29,1209.0,2,9,21.08
LLY,2026-08-13,2026-09-11,1175.0,C,58.05,66.0,62.025,34.5298,0.64505,0.003164,-0.827606,1.268647,29,1209.0,1,8,21.08
LLY,2026-08-13,2026-09-11,1180.0,C,55.0,62.0,58.5,33.7211,0.630784,0.003283,-0.818551,1.285805,29,1209.0,3,9,21.08
LLY,2026-08-13,2026-09-11,1185.0,C,51.0,59.0,55.0,33.6158,0.614112,0.003339,-0.824753,1.303527,29,1209.0,2,14,21.08
LLY,2026-08-13,2026-09-11,1190.0,C,48.6,55.9,52.25,33.3747,0.597433,0.003402,-0.826384,1.318779,29,1209.0,4,11,21.08
LLY,2026-08-13,2026-09-11,1195.0,C,46.0,54.0,50.0,33.9545,0.57938,0.003379,-0.845602,1.332528,29,1209.0,0,4,21.08
LLY,2026-08-13,2026-09-11,1200.0,C,43.0,51.0,47.0,33.6631,0.562462,0.003435,-0.84312,1.342833,29,1209.0,4,30,21.08
LLY,2026-08-13,2026-09-11,1205.0,C,40.65,47.9,44.275,33.2374,0.545237,0.003499,-0.836024,1.350781,29,1209.0,5,5,21.08
LLY,2026-08-13,2026-09-11,1210.0,C,38.0,45.95,41.975,33.5868,0.527782,0.003477,-0.845382,1.356232,29,1209.0,24,21,21.08
LLY,2026-08-13,2026-09-11,1215.0,C,35.25,43.0,39.125,33.1489,0.510069,0.00353,-0.834909,1.359097,29,1209.0,13,13,21.08
LLY,2026-08-13,2026-09-11,1220.0,C,33.7,40.5,37.1,32.9734,0.492298,0.00355,-0.828978,1.359277,29,1209.0,22,17,21.08
LLY,2026-08-13,2026-09-11,1225.0,C,31.9,37.05,34.475,32.0457,0.472973,0.003645,-0.803633,1.356409,29,1209.0,56,33,21.08
LLY,2026-08-13,2026-09-11,1230.0,C,29.35,36.95,33.15,33.4937,0.458577,0.003476,-0.833316,1.352195,29,1209.0,17,10,21.08
LLY,2026-08-13,2026-09-11,1240.0,C,25.15,32.75,28.95,33.2984,0.424086,0.003452,-0.815003,1.334842,29,1209.0,47,5,21.08
LLY,2026-08-13,2026-09-11,1245.0,C,23.0,30.0,26.5,32.6224,0.404737,0.003486,-0.789334,1.320583,29,1209.0,6,7,21.08
LLY,2026-08-13,2026-09-11,1250.0,C,21.0,28.1,24.55,32.5141,0.387459,0.003456,-0.776248,1.30507,29,1209.0,25,22,21.08
LLY,2026-08-13,2026-09-11,1255.0,C,21.3,27.75,24.525,33.5319,0.375744,0.00332,-0.790797,1.293041,29,1209.0,67,42,21.08
LLY,2026-08-13,2026-09-11,1260.0,C,18.0,26.0,22.0,33.4296,0.359374,0.003282,-0.775812,1.274166,29,1209.0,12,10,21.08
LLY,2026-08-13,2026-09-11,1265.0,C,16.95,25.0,20.975,33.8599,0.346109,0.003197,-0.773768,1.257081,29,1209.0,50,36,21.08
LLY,2026-08-13,2026-09-11,1270.0,C,16.0,23.8,19.9,34.0857,0.332272,0.003126,-0.765599,1.237526,29,1209.0,16,8,21.08
LLY,2026-08-13,2026-09-11,1275.0,C,14.8,19.3,17.05,31.5345,0.301386,0.003242,-0.68055,1.187347,29,1209.0,23,14,21.08
LLY,2026-08-13,2026-09-11,1280.0,C,14.05,21.0,17.525,34.0583,0.303006,0.003009,-0.733926,1.190208,29,1209.0,61,27,21.08
LLY,2026-08-13,2026-09-11,1290.0,C,10.0,18.55,14.275,34.1056,0.275629,0.002874,-0.701315,1.138379,29,1209.0,30,14,21.08
LLY,2026-08-13,2026-09-11,1300.0,C,11.0,13.7,12.35,31.6749,0.231107,0.002821,-0.593582,1.037563,29,1209.0,3,132,21.08
LLY,2026-08-13,2026-09-11,1320.0,C,7.65,10.55,9.1,32.0991,0.185917,0.002448,-0.52671,0.912447,29,1209.0,2,32,21.08
LLY,2026-08-13,2026-09-11,1340.0,C,2.0,10.7,6.35,35.6543,0.172558,0.002103,-0.555294,0.870639,29,1209.0,8,137,21.08
LLY,2026-08-13,2026-09-11,1360.0,C,2.36,7.6,4.98,34.9677,0.132445,0.001798,-0.455742,0.730249,29,1209.0,28,63,21.08
LLY,2026-08-13,2026-09-11,1380.0,C,2.26,5.5,3.88,34.7236,0.101581,0.0015,-0.374083,0.604952,29,1209.0,62,15,21.08
LLY,2026-08-13,2026-09-11,1400.0,C,1.15,10.0,5.575,44.1046,0.136972,0.001459,-0.584061,0.747289,29,1209.0,5,21,21.08
LLY,2026-08-13,2026-09-11,1420.0,C,1.2,3.7,2.45,36.5302,0.069146,0.001068,-0.29359,0.453257,29,1209.0,1,3,21.08
LLY,2026-08-13,2026-09-11,1440.0,C,0.56,5.25,2.905,42.127,0.082519,0.00106,-0.386293,0.518622,29,1209.0,2,2,21.08
LLY,2026-08-13,2026-09-11,1460.0,C,0.01,2.89,1.45,39.2462,0.052259,0.000799,-0.252463,0.364048,29,1209.0,3,16,21.08
LLY,2026-08-13,2026-09-11,1480.0,C,0.0,2.91,1.455,41.5045,0.049973,0.000729,-0.257247,0.351318,29,1209.0,6,5,21.08
LLY,2026-08-13,2026-09-11,1500.0,C,0.26,10.0,5.13,57.642,0.109716,0.000955,-0.648135,0.639606,29,1209.0,2,1,21.08
LLY,2026-08-13,2026-09-11,1540.0,C,0.0,0.95,0.475,39.8077,0.019026,0.000342,-0.110789,0.158152,29,1209.0,3,57,21.08
LLY,2026-08-13,2026-09-11,1560.0,C,0.0,1.12,0.56,42.5787,0.020712,0.000344,-0.127211,0.169969,29,1209.0,283,120,21.08
LLY,2026-08-13,2026-09-11,1580.0,C,0.0,0.72,0.36,41.6876,0.014125,0.000253,-0.089748,0.122551,29,1209.0,2,20,21.08
LLY,2026-08-13,2026-09-11,1600.0,C,0.16,0.6,0.38,42.3224,0.01177,0.000213,-0.077762,0.104667,29,1209.0,99,201,21.08
LLY,2026-08-13,2026-09-11,1620.0,C,0.0,0.53,0.265,43.2379,0.01028,0.000185,-0.070569,0.093038,29,1209.0,25,786,21.08
LLY,2026-08-13,2026-09-11,1640.0,C,0.0,0.59,0.295,45.3863,0.010828,0.000185,-0.077449,0.097346,29,1209.0,31,810,21.08
LLY,2026-08-13,2026-09-11,610.0,P,0.0,0.05,0.025,72.6565,-0.000273,4e-06,-0.00429,0.003453,29,1209.0,9,7,21.08
LLY,2026-08-13,2026-09-11,620.0,P,0.0,10.0,5.0,131.8058,-0.023228,0.000122,-0.422208,0.187243,29,1209.0,10,6,21.08
LLY,2026-08-13,2026-09-11,630.0,P,0.0,10.0,5.0,129.0226,-0.023725,0.000127,-0.420653,0.19061,29,1209.0,14,8,21.08
LLY,2026-08-13,2026-09-11,660.0,P,0.0,10.0,5.0,120.9232,-0.025295,0.000143,-0.415791,0.201137,29,1209.0,2,32,21.08
LLY,2026-08-13,2026-09-11,690.0,P,0.0,10.0,5.0,113.1596,-0.026985,0.000162,-0.410475,0.212319,29,1209.0,80,127,21.08
LLY,2026-08-13,2026-09-11,700.0,P,0.0,10.0,5.0,110.645,-0.027583,0.000168,-0.408667,0.216235,29,1209.0,14,1435,21.08
LLY,2026-08-13,2026-09-11,710.0,P,0.0,10.0,5.0,108.1609,-0.028196,0.000175,-0.406779,0.220229,29,1209.0,397,506,21.08
LLY,2026-08-13,2026-09-11,720.0,P,0.0,0.59,0.295,70.1663,-0.003125,4e-05,-0.038725,0.032348,29,1209.0,208,302,21.08
LLY,2026-08-13,2026-09-11,855.0,P,0.0,10.0,5.0,75.2322,-0.039746,0.000334,-0.373618,0.292148,29,1209.0,3,3,21.08
LLY,2026-08-13,2026-09-11,875.0,P,0.0,10.0,5.0,71.0574,-0.041894,0.000369,-0.367944,0.304896,29,1209.0,0,1,21.08
LLY,2026-08-13,2026-09-11,880.0,P,0.0,1.16,0.58,53.8823,-0.014385,0.000199,-0.113786,0.124489,29,1209.0,2,1,21.08
LLY,2026-08-13,2026-09-11,885.0,P,0.0,10.0,5.0,68.9945,-0.043037,0.000389,-0.36494,0.311605,29,1209.0,4,4,21.08
LLY,2026-08-13,2026-09-11,905.0,P,0.0,10.0,5.0,64.9234,-0.045498,0.000432,-0.358759,0.325892,29,1209.0,0,2,21.08
LLY,2026-08-13,2026-09-11,910.0,P,0.0,1.42,0.71,50.4888,-0.018392,0.000262,-0.131373,0.153651,29,1209.0,0,23,21.08
LLY,2026-08-13,2026-09-11,915.0,P,0.0,10.0,5.0,62.9093,-0.046816,0.000456,-0.355482,0.333454,29,1209.0,4,3,21.08
LLY,2026-08-13,2026-09-11,920.0,P,0.0,0.8,0.4,44.7027,-0.012087,0.000206,-0.081004,0.107111,29,1209.0,0,2,21.08
LLY,2026-08-13,2026-09-11,925.0,P,0.0,10.0,5.0,60.9135,-0.048212,0.000483,-0.352174,0.341393,29,1209.0,1,3,21.08
LLY,2026-08-13,2026-09-11,940.0,P,0.0,1.64,0.82,46.607,-0.022546,0.000337,-0.143825,0.182603,29,1209.0,0,1,21.08
LLY,2026-08-13,2026-09-11,945.0,P,0.0,10.0,5.0,56.9523,-0.051206,0.000542,-0.345004,0.358208,29,1209.0,10,11,21.08
LLY,2026-08-13,2026-09-11,950.0,P,0.0,1.77,0.885,45.5328,-0.024676,0.000373,-0.151474,0.197001,29,1209.0,3,10,21.08
LLY,2026-08-13,2026-09-11,955.0,P,0.0,3.0,1.5,49.3291,-0.036984,0.000481,-0.229499,0.275487,29,1209.0,1,3,21.08
LLY,2026-08-13,2026-09-11,960.0,P,0.0,2.18,1.09,45.5389,-0.029801,0.000436,-0.177209,0.230601,29,1209.0,0,3,21.08
LLY,2026-08-13,2026-09-11,965.0,P,0.0,10.0,5.0,53.0431,-0.054563,0.000612,-0.337368,0.376709,29,1209.0,0,3,21.08
LLY,2026-08-13,2026-09-11,970.0,P,0.0,2.03,1.015,43.2501,-0.02926,0.000452,-0.165593,0.227118,29,1209.0,0,39,21.08
LLY,2026-08-13,2026-09-11,975.0,P,0.0,4.05,2.025,48.731,-0.048845,0.00061,-0.283486,0.344971,29,1209.0,1,20,21.08
LLY,2026-08-13,2026-09-11,980.0,P,0.0,1.6,0.8,39.8077,-0.02536,0.000436,-0.135096,0.20157,29,1209.0,188,35,21.08
LLY,2026-08-13,2026-09-11,985.0,P,0.0,9.9,4.95,58.6796,-0.090229,0.000814,-0.548961,0.554448,29,1209.0,2,4,21.08
LLY,2026-08-13,2026-09-11,990.0,P,0.34,1.53,0.935,37.879,-0.025429,0.000459,-0.128694,0.202034,29,1209.0,8,19,21.08
LLY,2026-08-13,2026-09-11,995.0,P,0.34,1.6,0.97,37.3725,-0.026811,0.000487,-0.132643,0.211174,29,1209.0,6,46,21.08
LLY,2026-08-13,2026-09-11,1000.0,P,0.68,1.39,1.035,35.6696,-0.024578,0.000474,-0.117617,0.196346,29,1209.0,102,410,21.08
LLY,2026-08-13,2026-09-11,1005.0,P,0.6,1.78,1.19,36.463,-0.030183,0.00055,-0.142652,0.233045,29,1209.0,5,9,21.08
LLY,2026-08-13,2026-09-11,1010.0,P,0.25,1.89,1.07,36.048,-0.032177,0.000587,-0.148602,0.245711,29,1209.0,2,34,21.08
LLY,2026-08-13,2026-09-11,1015.0,P,0.95,1.71,1.33,34.571,-0.030477,0.000585,-0.136144,0.23493,29,1209.0,58,22,21.08
LLY,2026-08-13,2026-09-11,1020.0,P,0.93,1.99,1.46,34.748,-0.034792,0.000649,-0.152548,0.262041,29,1209.0,68,21,21.08
LLY,2026-08-13,2026-09-11,1025.0,P,0.0,5.0,2.5,41.535,-0.067602,0.000923,-0.310239,0.445432,29,1209.0,3,9,21.08
LLY,2026-08-13,2026-09-11,1030.0,P,1.27,2.34,1.805,34.1926,-0.040818,0.000752,-0.170781,0.298532,29,1209.0,102,25,21.08
LLY,2026-08-13,2026-09-11,1035.0,P,1.15,10.0,5.575,48.0749,-0.108192,0.001134,-0.510656,0.633208,29,1209.0,2,12,21.08
LLY,2026-08-13,2026-09-11,1040.0,P,0.0,7.75,3.875,43.5553,-0.09479,0.001137,-0.419497,0.575049,29,1209.0,25,24,21.08
LLY,2026-08-13,2026-09-11,1045.0,P,1.24,10.0,5.62,45.931,-0.112479,0.001221,-0.500897,0.651103,29,1209.0,1,15,21.08
LLY,2026-08-13,2026-09-11,1050.0,P,0.0,5.15,2.575,37.0825,-0.076443,0.001137,-0.303092,0.489452,29,1209.0,7,19,21.08
LLY,2026-08-13,2026-09-11,1055.0,P,1.83,6.25,4.04,38.0713,-0.088385,0.001235,-0.346981,0.545992,29,1209.0,8,6,21.08
LLY,2026-08-13,2026-09-11,1060.0,P,2.54,5.25,3.895,35.3644,-0.080935,0.001244,-0.301232,0.511099,29,1209.0,26,12,21.08
LLY,2026-08-13,2026-09-11,1065.0,P,2.26,5.2,3.73,34.3207,-0.082308,0.001299,-0.295731,0.51762,29,1209.0,50,8,21.08
LLY,2026-08-13,2026-09-11,1070.0,P,2.89,4.9,3.895,32.8406,-0.081134,0.001343,-0.279538,0.512047,29,1209.0,11,21,21.08
LLY,2026-08-13,2026-09-11,1075.0,P,3.5,6.95,5.225,35.2179,-0.103356,0.001498,-0.358674,0.612616,29,1209.0,2,38,21.08
LLY,2026-08-13,2026-09-11,1080.0,P,3.5,5.65,4.575,32.2028,-0.093274,0.001519,-0.303552,0.568246,29,1209.0,21,10,21.08
LLY,2026-08-13,2026-09-11,1085.0,P,4.1,6.3,5.2,32.2425,-0.102305,0.001624,-0.324919,0.608085,29,1209.0,2,22,21.08
LLY,2026-08-13,2026-09-11,1090.0,P,4.8,6.9,5.85,32.1296,-0.110873,0.001727,-0.342765,0.644437,29,1209.0,27,38,21.08
LLY,2026-08-13,2026-09-11,1095.0,P,5.15,7.3,6.225,31.6779,-0.117657,0.001827,-0.352082,0.672276,29,1209.0,22,11,21.08
LLY,2026-08-13,2026-09-11,1100.0,P,5.15,7.75,6.45,31.2598,-0.12512,0.001934,-0.362292,0.701988,29,1209.0,58,94,21.08
LLY,2026-08-13,2026-09-11,1105.0,P,5.85,8.95,7.4,31.742,-0.139413,0.002052,-0.396008,0.756342,29,1209.0,11,16,21.08
LLY,2026-08-13,2026-09-11,1110.0,P,6.4,9.5,7.95,31.3331,-0.148054,0.002165,-0.406486,0.787667,29,1209.0,1,25,21.08
LLY,2026-08-13,2026-09-11,1115.0,P,7.55,11.95,9.75,32.9993,-0.171484,0.002263,-0.471243,0.867174,29,1209.0,10,50,21.08
LLY,2026-08-13,2026-09-11,1120.0,P,8.45,11.5,9.975,31.3758,-0.17307,0.002394,-0.449582,0.872284,29,1209.0,4,90,21.08
LLY,2026-08-13,2026-09-11,1125.0,P,6.25,14.25,10.25,33.0665,-0.197444,0.002465,-0.514176,0.946693,29,1209.0,6,37,21.08
LLY,2026-08-13,2026-09-11,1130.0,P,9.5,13.5,11.5,31.1256,-0.198316,0.002626,-0.483817,0.949217,29,1209.0,23,23,21.08
LLY,2026-08-13,2026-09-11,1135.0,P,9.75,14.25,12.0,30.6648,-0.209544,0.002754,-0.491572,0.98089,29,1209.0,1,24,21.08
LLY,2026-08-13,2026-09-11,1140.0,P,11.95,16.05,14.0,31.1393,-0.22755,0.002844,-0.522821,1.028582,29,1209.0,5,35,21.08
LLY,2026-08-13,2026-09-11,1145.0,P,13.4,17.6,15.5,31.2827,-0.243752,0.002941,-0.544681,1.068359,29,1209.0,8,43,21.08
LLY,2026-08-13,2026-09-11,1150.0,P,14.55,18.8,16.675,31.0416,-0.258106,0.003055,-0.555947,1.101212,29,1209.0,4,23,21.08
LLY,2026-08-13,2026-09-11,1155.0,P,13.45,20.95,17.2,31.5437,-0.277101,0.003116,-0.584773,1.141358,29,1209.0,7,27,21.08
LLY,2026-08-13,2026-09-11,1160.0,P,16.9,23.95,20.425,32.6423,-0.298866,0.00312,-0.62678,1.182848,29,1209.0,3,8,21.08
LLY,2026-08-13,2026-09-11,1165.0,P,16.0,25.0,20.5,32.064,-0.312794,0.003241,-0.626498,1.206946,29,1209.0,8,7,21.08
LLY,2026-08-13,2026-09-11,1170.0,P,18.0,26.55,22.275,31.832,-0.328841,0.003334,-0.633522,1.2324,29,1209.0,30,12,21.08
LLY,2026-08-13,2026-09-11,1175.0,P,20.0,28.75,24.375,32.0411,-0.34694,0.003381,-0.64978,1.258198,29,1209.0,58,36,21.08
LLY,2026-08-13,2026-09-11,1180.0,P,22.2,28.8,25.5,30.5412,-0.359697,0.003594,-0.624291,1.274562,29,1209.0,22,19,21.08
LLY,2026-08-13,2026-09-11,1185.0,P,24.0,31.55,27.775,31.0401,-0.379589,0.003598,-0.64462,1.297124,29,1209.0,12,6,21.08
LLY,2026-08-13,2026-09-11,1190.0,P,26.0,33.8,29.9,31.0859,-0.398132,0.003642,-0.65271,1.314964,29,1209.0,52,28,21.08
LLY,2026-08-13,2026-09-11,1220.0,P,41.0,48.95,44.975,31.1347,-0.510285,0.003759,-0.662243,1.359079,29,1209.0,16,9,21.08
LLY,2026-08-13,2026-09-11,1230.0,P,47.0,54.5,50.75,30.9806,-0.54769,0.003752,-0.648538,1.349805,29,1209.0,2,7,21.08
LLY,2026-08-13,2026-09-11,1240.0,P,53.0,60.4,56.7,30.8189,-0.584775,0.003712,-0.628433,1.328718,29,1209.0,3,9,21.08
LLY,2026-08-13,2026-09-11,1265.0,P,69.1,78.0,73.55,31.4811,-0.66739,0.003386,-0.582483,1.238025,29,1209.0,3,2,21.08
LLY,2026-08-13,2026-09-11,1290.0,P,88.0,96.0,92.0,30.9455,-0.747322,0.00303,-0.479953,1.089047,29,1209.0,2,1,21.08
LLY,2026-08-13,2026-09-18,320.0,C,804.9,819.9,812.4,0.001,1.0,0.0,-0.032364,0.0,36,1209.0,3,5,21.08
LLY,2026-08-13,2026-09-18,360.0,C,626.45,635.0,630.725,0.001,1.0,0.0,-0.036409,0.0,36,1209.0,0,3,21.08
LLY,2026-08-13,2026-09-18,380.0,C,820.0,838.0,829.0,218.4758,0.979085,6.1e-05,-0.61442,0.190943,36,1209.0,2,5,21.08
LLY,2026-08-13,2026-09-18,390.0,C,597.55,606.0,601.775,0.001,1.0,0.0,-0.039443,0.0,36,1209.0,5,17,21.08
LLY,2026-08-13,2026-09-18,420.0,C,319.1,326.75,322.925,0.001,1.0,0.0,-0.042477,0.0,36,1209.0,2,2,21.08
LLY,2026-08-13,2026-09-18,430.0,C,383.0,393.0,388.0,0.001,1.0,0.0,-0.043489,0.0,36,1209.0,4,5,21.08
LLY,2026-08-13,2026-09-18,440.0,C,301.25,308.8,305.025,0.001,1.0,0.0,-0.0445,0.0,36,1209.0,2,1,21.08
LLY,2026-08-13,2026-09-18,450.0,C,750.0,768.85,759.425,119.9223,0.997615,1.6e-05,-0.09222,0.028241,36,1209.0,1,9,21.08
LLY,2026-08-13,2026-09-18,460.0,C,740.0,758.9,749.45,118.1156,0.997448,1.8e-05,-0.095428,0.030026,36,1209.0,1,5,21.08
LLY,2026-08-13,2026-09-18,470.0,C,730.0,748.7,739.35,112.5004,0.99789,1.6e-05,-0.08674,0.025276,36,1209.0,1,5,21.08
LLY,2026-08-13,2026-09-18,480.0,C,356.0,367.9,361.95,0.001,1.0,0.0,-0.048546,0.0,36,1209.0,2,9,21.08
LLY,2026-08-13,2026-09-18,500.0,C,504.15,517.7,510.925,0.001,1.0,0.0,-0.050568,0.0,36,1209.0,2,38,21.08
LLY,2026-08-13,2026-09-18,520.0,C,680.0,699.05,689.525,105.7622,0.996709,2.5e-05,-0.10761,0.037761,36,1209.0,2,11,21.08
LLY,2026-08-13,2026-09-18,530.0,C,511.0,518.8,514.9,0.001,1.0,0.0,-0.053602,0.0,36,1209.0,1,6,21.08
LLY,2026-08-13,2026-09-18,540.0,C,660.0,679.15,669.575,102.3931,0.996303,2.8e-05,-0.113724,0.041918,36,1209.0,2,35,21.08
LLY,2026-08-13,2026-09-18,550.0,C,523.0,532.0,527.5,0.001,1.0,0.0,-0.055625,0.0,36,1209.0,1,21,21.08
LLY,2026-08-13,2026-09-18,560.0,C,640.0,659.3,649.65,99.5606,0.995723,3.3e-05,-0.122092,0.047756,36,1209.0,8,16,21.08
LLY,2026-08-13,2026-09-18,580.0,C,620.0,639.4,629.7,96.1914,0.995265,3.8e-05,-0.127896,0.052305,36,1209.0,5,18,21.08
LLY,2026-08-13,2026-09-18,590.0,C,485.45,492.7,489.075,0.001,1.0,0.0,-0.059671,0.0,36,1209.0,2,33,21.08
LLY,2026-08-13,2026-09-18,600.0,C,600.0,619.6,609.8,93.628,0.994492,4.4e-05,-0.137755,0.059842,36,1209.0,1,445,21.08
LLY,2026-08-13,2026-09-18,620.0,C,580.25,599.4,589.825,89.9415,0.994107,4.9e-05,-0.141285,0.063541,36,1209.0,1,20,21.08
LLY,2026-08-13,2026-09-18,640.0,C,562.0,579.7,570.85,96.2159,0.988342,8.3e-05,-0.217683,0.115653,36,1209.0,1,123,21.08
LLY,2026-08-13,2026-09-18,660.0,C,542.0,558.85,550.425,88.5499,0.990066,7.9e-05,-0.189149,0.100616,36,1209.0,1,72,21.08
LLY,2026-08-13,2026-09-18,670.0,C,532.0,548.15,540.075,83.2155,0.991875,7e-05,-0.164177,0.084365,36,1209.0,9,24,21.08
LLY,2026-08-13,2026-09-18,680.0,C,522.0,538.15,530.075,81.3234,0.991694,7.3e-05,-0.16482,0.086021,36,1209.0,11,53,21.08
LLY,2026-08-13,2026-09-18,690.0,C,512.0,529.4,520.7,84.8634,0.987819,9.8e-05,-0.209747,0.120144,36,1209.0,1,51,21.08
LLY,2026-08-13,2026-09-18,700.0,C,502.0,519.4,510.7,82.9103,0.987549,0.000102,-0.210112,0.122442,36,1209.0,1,293,21.08
LLY,2026-08-13,2026-09-18,710.0,C,492.0,509.0,500.5,79.4802,0.988454,0.0001,-0.196865,0.114691,36,1209.0,1,53,21.08
LLY,2026-08-13,2026-09-18,720.0,C,411.35,423.75,417.55,0.001,1.0,0.0,-0.072818,0.0,36,1209.0,10,21,21.08
LLY,2026-08-13,2026-09-18,730.0,C,472.0,489.1,480.55,76.1477,0.987599,0.000111,-0.201221,0.12202,36,1209.0,1,43,21.08
LLY,2026-08-13,2026-09-18,740.0,C,462.0,478.45,470.225,71.7776,0.989462,0.000102,-0.179042,0.105928,36,1209.0,10,80,21.08
LLY,2026-08-13,2026-09-18,750.0,C,452.0,468.5,460.25,70.2396,0.98903,0.000108,-0.181416,0.109701,36,1209.0,15,68,21.08
LLY,2026-08-13,2026-09-18,760.0,C,443.1,458.55,450.825,72.5222,0.984927,0.000138,-0.22029,0.14439,36,1209.0,28,72,21.08
LLY,2026-08-13,2026-09-18,770.0,C,433.65,448.6,441.125,72.4673,0.982666,0.000156,-0.239379,0.162763,36,1209.0,1,75,21.08
LLY,2026-08-13,2026-09-18,780.0,C,423.1,438.65,430.875,69.2386,0.983862,0.000153,-0.223969,0.1531,36,1209.0,1,68,21.08
LLY,2026-08-13,2026-09-18,790.0,C,415.4,427.5,421.45,70.5081,0.979762,0.000183,-0.259041,0.185693,36,1209.0,1,253,21.08
LLY,2026-08-13,2026-09-18,800.0,C,403.25,419.9,411.575,69.2874,0.978478,0.000196,-0.266288,0.19562,36,1209.0,1,151,21.08
LLY,2026-08-13,2026-09-18,810.0,C,392.75,408.85,400.8,63.5685,0.983178,0.000173,-0.219763,0.158643,36,1209.0,1,12,21.08
LLY,2026-08-13,2026-09-18,830.0,C,374.3,387.8,381.05,61.4811,0.980465,0.000203,-0.235244,0.180207,36,1209.0,2,60,21.08
LLY,2026-08-13,2026-09-18,840.0,C,363.45,379.0,371.225,60.6205,0.978674,0.000222,-0.245571,0.194109,36,1209.0,1,32,21.08
LLY,2026-08-13,2026-09-18,850.0,C,354.6,369.05,361.825,61.4506,0.97387,0.00026,-0.279043,0.230276,36,1209.0,3,32,21.08
LLY,2026-08-13,2026-09-18,860.0,C,345.15,359.15,352.15,60.9257,0.970949,0.000286,-0.295985,0.251544,36,1209.0,2,30,21.08
LLY,2026-08-13,2026-09-18,870.0,C,332.85,349.2,341.025,54.6635,0.978509,0.000248,-0.233512,0.195384,36,1209.0,1,79,21.08
LLY,2026-08-13,2026-09-18,880.0,C,322.6,340.0,331.3,54.2241,0.975683,0.000277,-0.249099,0.216815,36,1209.0,5,66,21.08
LLY,2026-08-13,2026-09-18,890.0,C,313.55,329.4,321.475,53.272,0.973595,0.000302,-0.258432,0.232305,36,1209.0,7,43,21.08
LLY,2026-08-13,2026-09-18,900.0,C,307.05,319.75,313.4,57.758,0.958895,0.000402,-0.353925,0.334511,36,1209.0,8,177,21.08
LLY,2026-08-13,2026-09-18,910.0,C,293.75,310.0,301.875,51.3982,0.968797,0.00036,-0.278481,0.266902,36,1209.0,6,48,21.08
LLY,2026-08-13,2026-09-18,920.0,C,283.7,300.4,292.05,50.3057,0.966466,0.000391,-0.286562,0.283247,36,1209.0,1,732,21.08
LLY,2026-08-13,2026-09-18,930.0,C,274.0,289.85,281.925,65.308,0.919177,0.000604,-0.599118,0.568858,36,1209.0,10,59,21.08
LLY,2026-08-13,2026-09-18,940.0,C,264.55,281.0,272.775,65.0943,0.911678,0.000648,-0.632809,0.608011,36,1209.0,20,45,21.08
LLY,2026-08-13,2026-09-18,950.0,C,255.45,270.85,263.15,62.8025,0.909793,0.000682,-0.622645,0.617635,36,1209.0,7,183,21.08
LLY,2026-08-13,2026-09-18,960.0,C,244.85,260.3,252.575,59.9247,0.909701,0.000715,-0.599404,0.618106,36,1209.0,10,152,21.08
LLY,2026-08-13,2026-09-18,970.0,C,236.95,250.55,243.75,58.2768,0.905729,0.00076,-0.601952,0.638113,36,1209.0,2,85,21.08
LLY,2026-08-13,2026-09-18,980.0,C,228.5,240.4,234.45,56.0399,0.903533,0.000803,-0.591375,0.649023,36,1209.0,4,87,21.08
LLY,2026-08-13,2026-09-18,990.0,C,217.35,231.55,224.45,55.637,0.894716,0.000862,-0.620593,0.691766,36,1209.0,5,136,21.08
LLY,2026-08-13,2026-09-18,1000.0,C,209.0,220.9,214.95,52.7257,0.894541,0.000911,-0.594282,0.692597,36,1209.0,23,389,21.08
LLY,2026-08-13,2026-09-18,1010.0,C,199.0,210.45,204.725,50.1165,0.893352,0.000966,-0.574015,0.698232,36,1209.0,1,35,21.08
LLY,2026-08-13,2026-09-18,1020.0,C,190.7,200.3,195.5,47.9314,0.89043,0.00103,-0.562626,0.711951,36,1209.0,2,120,21.08
LLY,2026-08-13,2026-09-18,1030.0,C,181.45,189.85,185.65,45.3695,0.889045,0.001098,-0.54224,0.718396,36,1209.0,1,57,21.08
LLY,2026-08-13,2026-09-18,1040.0,C,171.95,182.45,177.2,46.5902,0.870173,0.001195,-0.607276,0.802479,36,1209.0,1,538,21.08
LLY,2026-08-13,2026-09-18,1050.0,C,161.0,173.25,167.125,45.4565,0.86097,0.001284,-0.618843,0.84112,36,1209.0,1,171,21.08
LLY,2026-08-13,2026-09-18,1060.0,C,152.95,163.45,158.2,43.6071,0.854411,0.00138,-0.613565,0.867766,36,1209.0,11,393,21.08
LLY,2026-08-13,2026-09-18,1070.0,C,143.75,156.0,149.875,44.1732,0.835492,0.001477,-0.663579,0.9407,36,1209.0,9,148,21.08
LLY,2026-08-13,2026-09-18,1080.0,C,136.0,144.25,140.125,40.2701,0.837516,0.001607,-0.609801,0.933168,36,1209.0,1,532,21.08
LLY,2026-08-13,2026-09-18,1090.0,C,126.85,135.7,131.275,39.5727,0.822588,0.001731,-0.629539,0.987268,36,1209.0,25,24,21.08
LLY,2026-08-13,2026-09-18,1100.0,C,119.7,127.45,123.575,39.0295,0.805636,0.001857,-0.652023,1.044765,36,1209.0,5,652,21.08
LLY,2026-08-13,2026-09-18,1110.0,C,108.65,118.9,113.775,38.082,0.789501,0.001996,-0.664161,1.095802,36,1209.0,6,172,21.08
LLY,2026-08-13,2026-09-18,1120.0,C,102.35,110.0,106.175,36.7331,0.77403,0.002156,-0.665965,1.14152,36,1209.0,1,264,21.08
LLY,2026-08-13,2026-09-18,1130.0,C,95.0,103.0,99.0,36.8231,0.749769,0.002274,-0.698709,1.207163,36,1209.0,6,79,21.08
LLY,2026-08-13,2026-09-18,1140.0,C,88.0,95.0,91.5,35.9397,0.728889,0.002428,-0.707536,1.258012,36,1209.0,1,540,21.08
LLY,2026-08-13,2026-09-18,1150.0,C,80.0,88.0,84.0,35.6604,0.703801,0.002553,-0.727293,1.312513,36,1209.0,3,104,21.08
LLY,2026-08-13,2026-09-18,1160.0,C,73.0,81.0,77.0,35.1996,0.678173,0.002682,-0.740195,1.361046,36,1209.0,6,407,21.08
LLY,2026-08-13,2026-09-18,1170.0,C,67.0,74.0,70.5,34.5633,0.651738,0.002817,-0.746176,1.403816,36,1209.0,2,52,21.08
LLY,2026-08-13,2026-09-18,1180.0,C,60.0,67.75,63.875,34.2658,0.623003,0.002919,-0.755746,1.442168,36,1209.0,6,598,21.08
LLY,2026-08-13,2026-09-18,1190.0,C,54.0,62.0,58.0,34.1086,0.593108,0.002996,-0.764277,1.473307,36,1209.0,1,37,21.08
LLY,2026-08-13,2026-09-18,1200.0,C,50.05,55.8,52.925,33.4601,0.562938,0.003101,-0.758426,1.495861,36,1209.0,89,1263,21.08
LLY,2026-08-13,2026-09-18,1210.0,C,45.75,51.8,48.775,34.0552,0.531847,0.003075,-0.774045,1.509922,36,1209.0,31,121,21.08
LLY,2026-08-13,2026-09-18,1220.0,C,41.7,45.95,43.825,33.2427,0.500178,0.003161,-0.755952,1.514751,36,1209.0,58,1844,21.08
LLY,2026-08-13,2026-09-18,1230.0,C,36.45,43.0,39.725,34.1254,0.470904,0.003071,-0.769333,1.51072,36,1209.0,21,677,21.08
LLY,2026-08-13,2026-09-18,1240.0,C,31.5,38.1,34.8,33.538,0.439193,0.003096,-0.747288,1.497121,36,1209.0,21,791,21.08
LLY,2026-08-13,2026-09-18,1250.0,C,27.1,34.6,30.85,33.6829,0.409888,0.003039,-0.737165,1.475943,36,1209.0,22,233,21.08
LLY,2026-08-13,2026-09-18,1260.0,C,25.3,29.6,27.45,32.6064,0.375772,0.003065,-0.695469,1.440704,36,1209.0,25,1177,21.08
LLY,2026-08-13,2026-09-18,1270.0,C,22.6,26.2,24.4,32.4134,0.345774,0.002996,-0.670001,1.4001,36,1209.0,12,55,21.08
LLY,2026-08-13,2026-09-18,1280.0,C,18.15,22.85,20.5,32.0472,0.315481,0.002921,-0.637072,1.349685,36,1209.0,15,1813,21.08
LLY,2026-08-13,2026-09-18,1290.0,C,15.0,24.0,19.5,34.8853,0.30721,0.002653,-0.681664,1.334233,36,1209.0,4,252,21.08
LLY,2026-08-13,2026-09-18,1300.0,C,16.0,19.3,17.65,33.155,0.270996,0.002631,-0.610418,1.257746,36,1209.0,259,2658,21.08
LLY,2026-08-13,2026-09-18,1320.0,C,11.75,14.75,13.25,32.8162,0.222044,0.002389,-0.54084,1.13021,36,1209.0,49,1789,21.08
LLY,2026-08-13,2026-09-18,1340.0,C,7.15,10.75,8.95,32.1555,0.175658,0.002116,-0.458593,0.981084,36,1209.0,36,713,21.08
LLY,2026-08-13,2026-09-18,1360.0,C,6.4,9.6,8.0,33.8202,0.153735,0.001846,-0.440562,0.899869,36,1209.0,22,986,21.08
LLY,2026-08-13,2026-09-18,1380.0,C,4.45,6.85,5.65,33.1611,0.118384,0.001574,-0.360307,0.752304,36,1209.0,41,271,21.08
LLY,2026-08-13,2026-09-18,1400.0,C,3.9,4.75,4.325,32.508,0.088527,0.0013,-0.285363,0.609061,36,1209.0,52,1614,21.08
LLY,2026-08-13,2026-09-18,1420.0,C,1.8,3.3,2.55,32.0869,0.065561,0.001048,-0.223689,0.484649,36,1209.0,27,333,21.08
LLY,2026-08-13,2026-09-18,1440.0,C,0.01,4.4,2.205,36.4203,0.074999,0.001024,-0.280625,0.537468,36,1209.0,1,992,21.08
LLY,2026-08-13,2026-09-18,1460.0,C,1.36,2.89,2.125,35.337,0.053544,0.000812,-0.209221,0.413506,36,1209.0,1,342,21.08
LLY,2026-08-13,2026-09-18,1480.0,C,0.66,2.91,1.785,37.3725,0.051197,0.000741,-0.213118,0.399049,36,1209.0,5,586,21.08
LLY,2026-08-13,2026-09-18,1500.0,C,1.1,1.61,1.355,35.3705,0.031934,0.000534,-0.137405,0.272057,36,1209.0,30,739,21.08
LLY,2026-08-13,2026-09-18,1520.0,C,0.51,1.84,1.175,37.9706,0.03367,0.000519,-0.153822,0.284195,36,1209.0,7,66,21.08
LLY,2026-08-13,2026-09-18,1540.0,C,0.23,1.08,0.655,36.5241,0.021669,0.000374,-0.102355,0.196745,36,1209.0,7,141,21.08
LLY,2026-08-13,2026-09-18,1560.0,C,0.5,1.12,0.81,38.3429,0.021373,0.000352,-0.106076,0.194474,36,1209.0,34,296,21.08
LLY,2026-08-13,2026-09-18,1580.0,C,0.18,0.77,0.475,37.879,0.015404,0.000269,-0.079208,0.147111,36,1209.0,78,669,21.08
LLY,2026-08-13,2026-09-18,1600.0,C,0.36,0.78,0.57,39.4415,0.014976,0.000253,-0.080419,0.14359,36,1209.0,86,704,21.08
LLY,2026-08-13,2026-09-18,1620.0,C,0.03,0.69,0.36,40.2594,0.01313,0.000221,-0.073227,0.128201,36,1209.0,26,699,21.08
LLY,2026-08-13,2026-09-18,1640.0,C,0.08,0.67,0.375,41.5411,0.012421,0.000204,-0.071954,0.122186,36,1209.0,1,840,21.08
LLY,2026-08-13,2026-09-18,1660.0,C,0.0,2.63,1.315,52.4846,0.034475,0.000383,-0.215197,0.289767,36,1209.0,14,336,21.08
LLY,2026-08-13,2026-09-18,1680.0,C,0.0,1.8,0.9,50.8794,0.025221,0.000305,-0.160892,0.223551,36,1209.0,4,28,21.08
LLY,2026-08-13,2026-09-18,1700.0,C,0.0,1.29,0.645,49.8662,0.019006,0.000245,-0.124134,0.176047,36,1209.0,1,95,21.08
LLY,2026-08-13,2026-09-18,1720.0,C,0.0,2.7,1.35,51.624,0.019189,0.000238,-0.129481,0.177487,36,1209.0,50,61,21.08
LLY,2026-08-13,2026-09-18,1740.0,C,0.0,0.7,0.35,48.5845,0.011128,0.000159,-0.076248,0.111073,36,1209.0,12,18,21.08
LLY,2026-08-13,2026-09-18,1760.0,C,0.02,0.5,0.26,47.9009,0.008271,0.000124,-0.057983,0.085701,36,1209.0,2,27,21.08
LLY,2026-08-13,2026-09-18,1780.0,C,0.0,10.0,5.0,68.8663,0.048106,0.000382,-0.368591,0.379704,36,1209.0,1,13,21.08
LLY,2026-08-13,2026-09-18,1800.0,C,0.04,0.1,0.07,42.774,0.002063,4e-05,-0.014954,0.024761,36,1209.0,150,27,21.08
LLY,2026-08-13,2026-09-18,320.0,P,0.0,0.49,0.245,150.6838,-0.001132,7e-06,-0.029821,0.014326,36,1209.0,2,93,21.08
LLY,2026-08-13,2026-09-18,350.0,P,0.0,4.3,2.15,182.4464,-0.007018,2.8e-05,-0.18687,0.074162,36,1209.0,1,6,21.08
LLY,2026-08-13,2026-09-18,360.0,P,0.0,4.4,2.2,179.0773,-0.007308,3e-05,-0.190054,0.076854,36,1209.0,2,69,21.08
LLY,2026-08-13,2026-09-18,380.0,P,0.0,4.8,2.4,173.7062,-0.008175,3.4e-05,-0.203419,0.084822,36,1209.0,6,5,21.08
LLY,2026-08-13,2026-09-18,390.0,P,0.0,0.12,0.06,113.6723,-0.000393,3e-06,-0.00846,0.005392,36,1209.0,11,12,21.08
LLY,2026-08-13,2026-09-18,400.0,P,0.0,0.5,0.25,126.4652,-0.001383,9e-06,-0.030019,0.017199,36,1209.0,1,262,21.08
LLY,2026-08-13,2026-09-18,410.0,P,0.0,10.0,5.0,183.545,-0.014982,5.4e-05,-0.363878,0.143642,36,1209.0,6,44,21.08
LLY,2026-08-13,2026-09-18,420.0,P,0.0,10.0,5.0,179.7364,-0.015317,5.6e-05,-0.363128,0.146402,36,1209.0,6,47,21.08
LLY,2026-08-13,2026-09-18,430.0,P,0.0,4.5,2.25,154.7121,-0.008702,4e-05,-0.191267,0.089604,36,1209.0,68,53,21.08
LLY,2026-08-13,2026-09-18,440.0,P,0.0,1.0,0.5,124.8539,-0.002692,1.8e-05,-0.054251,0.031501,36,1209.0,1,154,21.08
LLY,2026-08-13,2026-09-18,450.0,P,0.0,10.0,5.0,168.8722,-0.016358,6.4e-05,-0.360818,0.15489,36,1209.0,1,67,21.08
LLY,2026-08-13,2026-09-18,460.0,P,0.0,10.0,5.0,165.4177,-0.016715,6.6e-05,-0.359981,0.157779,36,1209.0,25,152,21.08
LLY,2026-08-13,2026-09-18,470.0,P,0.0,4.6,2.3,142.7371,-0.009643,4.8e-05,-0.192949,0.09803,36,1209.0,1,55,21.08
LLY,2026-08-13,2026-09-18,480.0,P,0.0,10.0,5.0,158.7404,-0.017448,7.2e-05,-0.358255,0.163674,36,1209.0,8,442,21.08
LLY,2026-08-13,2026-09-18,490.0,P,0.0,10.0,5.0,155.5056,-0.017822,7.4e-05,-0.357316,0.166665,36,1209.0,100,1404,21.08
LLY,2026-08-13,2026-09-18,500.0,P,0.0,0.3,0.15,97.0703,-0.001104,1e-05,-0.018727,0.014,36,1209.0,2,307,21.08
LLY,2026-08-13,2026-09-18,510.0,P,0.0,10.0,5.0,149.2434,-0.018594,8e-05,-0.355442,0.1728,36,1209.0,1,674,21.08
LLY,2026-08-13,2026-09-18,520.0,P,0.0,10.0,5.0,146.2039,-0.01899,8.3e-05,-0.354442,0.175924,36,1209.0,45,4542,21.08
LLY,2026-08-13,2026-09-18,530.0,P,0.0,4.4,2.2,125.0858,-0.010584,5.9e-05,-0.183224,0.106327,36,1209.0,1,93,21.08
LLY,2026-08-13,2026-09-18,540.0,P,0.0,10.0,5.0,140.2957,-0.019802,9e-05,-0.352321,0.182295,36,1209.0,30,227,21.08
LLY,2026-08-13,2026-09-18,550.0,P,0.0,10.0,5.0,137.4271,-0.020222,9.4e-05,-0.351251,0.185566,36,1209.0,2,136,21.08
LLY,2026-08-13,2026-09-18,560.0,P,0.0,10.0,5.0,134.6073,-0.020648,9.7e-05,-0.350119,0.188876,36,1209.0,1,400,21.08
LLY,2026-08-13,2026-09-18,570.0,P,0.0,10.0,5.0,131.8424,-0.021086,0.000101,-0.349014,0.192263,36,1209.0,1,77,21.08
LLY,2026-08-13,2026-09-18,580.0,P,0.0,10.0,5.0,129.1202,-0.02153,0.000105,-0.347821,0.195681,36,1209.0,8,136,21.08
LLY,2026-08-13,2026-09-18,590.0,P,0.0,10.0,5.0,126.4469,-0.021985,0.000109,-0.34663,0.199172,36,1209.0,4,110,21.08
LLY,2026-08-13,2026-09-18,600.0,P,0.0,1.0,0.5,88.5743,-0.003783,3.4e-05,-0.052127,0.042786,36,1209.0,12,994,21.08
LLY,2026-08-13,2026-09-18,620.0,P,0.0,10.0,5.0,118.6833,-0.023412,0.000123,-0.342841,0.210008,36,1209.0,1,469,21.08
LLY,2026-08-13,2026-09-18,640.0,P,0.0,10.0,5.0,113.7089,-0.02442,0.000133,-0.340172,0.217583,36,1209.0,2,416,21.08
LLY,2026-08-13,2026-09-18,660.0,P,0.0,10.0,5.0,108.8811,-0.025478,0.000144,-0.337365,0.225461,36,1209.0,1,428,21.08
LLY,2026-08-13,2026-09-18,670.0,P,0.0,10.0,5.0,106.519,-0.026027,0.000149,-0.335912,0.229524,36,1209.0,3,222,21.08
LLY,2026-08-13,2026-09-18,680.0,P,0.0,10.0,5.0,104.1936,-0.026595,0.000156,-0.334471,0.233699,36,1209.0,1,195,21.08
LLY,2026-08-13,2026-09-18,690.0,P,0.0,10.0,5.0,101.8926,-0.027171,0.000162,-0.332898,0.237914,36,1209.0,1,163,21.08
LLY,2026-08-13,2026-09-18,700.0,P,0.0,0.45,0.225,64.4535,-0.002409,3.1e-05,-0.025195,0.028496,36,1209.0,1,344,21.08
LLY,2026-08-13,2026-09-18,710.0,P,0.0,10.0,5.0,97.3938,-0.028383,0.000176,-0.329803,0.246726,36,1209.0,2,291,21.08
LLY,2026-08-13,2026-09-18,720.0,P,0.0,5.2,2.6,84.6559,-0.018034,0.000138,-0.195503,0.168357,36,1209.0,5,213,21.08
LLY,2026-08-13,2026-09-18,730.0,P,0.0,0.95,0.475,65.0882,-0.004825,5.7e-05,-0.047445,0.053183,36,1209.0,20,398,21.08
LLY,2026-08-13,2026-09-18,740.0,P,0.0,1.0,0.5,63.8675,-0.005145,6.1e-05,-0.049284,0.056319,36,1209.0,10,246,21.08
LLY,2026-08-13,2026-09-18,750.0,P,0.0,0.34,0.17,55.2739,-0.002129,3.2e-05,-0.019281,0.025474,36,1209.0,2,440,21.08
LLY,2026-08-13,2026-09-18,760.0,P,0.0,0.36,0.18,54.1997,-0.002299,3.5e-05,-0.020268,0.027319,36,1209.0,13,557,21.08
LLY,2026-08-13,2026-09-18,770.0,P,0.0,0.38,0.19,53.0766,-0.002463,3.8e-05,-0.021113,0.029072,36,1209.0,6,186,21.08
LLY,2026-08-13,2026-09-18,780.0,P,0.01,0.4,0.205,52.1001,-0.002696,4.2e-05,-0.022482,0.031551,36,1209.0,42,260,21.08
LLY,2026-08-13,2026-09-18,790.0,P,0.0,1.97,0.985,61.3285,-0.010048,0.000115,-0.085241,0.101621,36,1209.0,3,417,21.08
LLY,2026-08-13,2026-09-18,800.0,P,0.05,0.66,0.355,52.4175,-0.004488,6.6e-05,-0.03572,0.049862,36,1209.0,5,367,21.08
LLY,2026-08-13,2026-09-18,810.0,P,0.0,1.13,0.565,53.9555,-0.006757,9.2e-05,-0.052869,0.071721,36,1209.0,4,278,21.08
LLY,2026-08-13,2026-09-18,820.0,P,0.05,0.99,0.52,51.9048,-0.006466,9.2e-05,-0.048888,0.068976,36,1209.0,4,305,21.08
LLY,2026-08-13,2026-09-18,830.0,P,0.0,2.18,1.09,55.7622,-0.012029,0.000148,-0.090471,0.118844,36,1209.0,5,407,21.08
LLY,2026-08-13,2026-09-18,840.0,P,0.0,0.47,0.235,48.3892,-0.006276,9.6e-05,-0.044342,0.067183,36,1209.0,6,247,21.08
LLY,2026-08-13,2026-09-18,850.0,P,0.0,1.04,0.52,52.2832,-0.012224,0.00016,-0.085918,0.120509,36,1209.0,15,611,21.08
LLY,2026-08-13,2026-09-18,860.0,P,0.0,1.13,0.565,51.3799,-0.013407,0.000176,-0.091404,0.13053,36,1209.0,1,270,21.08
LLY,2026-08-13,2026-09-18,870.0,P,0.0,1.38,0.69,51.3921,-0.016092,0.000206,-0.106922,0.152732,36,1209.0,36,254,21.08
LLY,2026-08-13,2026-09-18,880.0,P,0.0,1.16,0.58,48.5235,-0.014464,0.000199,-0.092042,0.139357,36,1209.0,15,156,21.08
LLY,2026-08-13,2026-09-18,890.0,P,0.0,1.26,0.63,47.6202,-0.015877,0.00022,-0.097798,0.150979,36,1209.0,9,214,21.08
LLY,2026-08-13,2026-09-18,900.0,P,0.11,0.89,0.5,43.7506,-0.012435,0.000194,-0.072717,0.122306,36,1209.0,52,1943,21.08
LLY,2026-08-13,2026-09-18,910.0,P,0.0,1.42,0.71,45.4595,-0.018446,0.000262,-0.105974,0.171625,36,1209.0,50,292,21.08
LLY,2026-08-13,2026-09-18,920.0,P,0.33,0.8,0.565,40.2594,-0.012139,0.000206,-0.06542,0.119784,36,1209.0,1,341,21.08
LLY,2026-08-13,2026-09-18,930.0,P,0.0,1.64,0.82,43.482,-0.021883,0.000316,-0.116983,0.198391,36,1209.0,5,186,21.08
LLY,2026-08-13,2026-09-18,940.0,P,0.13,1.64,0.885,41.9684,-0.022586,0.000337,-0.11585,0.20375,36,1209.0,1,430,21.08
LLY,2026-08-13,2026-09-18,950.0,P,0.6,1.05,0.825,37.6105,-0.016541,0.000288,-0.079567,0.156376,36,1209.0,19,230,21.08
LLY,2026-08-13,2026-09-18,960.0,P,0.44,2.18,1.31,41.004,-0.029809,0.000435,-0.142504,0.256985,36,1209.0,7,325,21.08
LLY,2026-08-13,2026-09-18,970.0,P,0.3,2.08,1.19,39.118,-0.029782,0.000455,-0.135681,0.256794,36,1209.0,1,221,21.08
LLY,2026-08-13,2026-09-18,980.0,P,1.02,1.61,1.315,35.8832,-0.025456,0.000436,-0.109022,0.225301,36,1209.0,70,250,21.08
LLY,2026-08-13,2026-09-18,990.0,P,1.35,2.14,1.745,36.2677,-0.032622,0.00053,-0.135283,0.276886,36,1209.0,23,405,21.08
LLY,2026-08-13,2026-09-18,1000.0,P,1.6,2.0,1.8,34.3085,-0.03221,0.000554,-0.126437,0.274001,36,1209.0,15,2114,21.08
LLY,2026-08-13,2026-09-18,1010.0,P,1.76,2.82,2.29,35.1416,-0.042913,0.000684,-0.163544,0.346373,36,1209.0,1,261,21.08
LLY,2026-08-13,2026-09-18,1020.0,P,2.01,3.3,2.655,34.7327,-0.049835,0.00078,-0.182003,0.390568,36,1209.0,7,392,21.08
LLY,2026-08-13,2026-09-18,1030.0,P,2.45,3.55,3.0,33.6829,-0.054557,0.000864,-0.189327,0.419683,36,1209.0,6,223,21.08
LLY,2026-08-13,2026-09-18,1040.0,P,2.85,4.3,3.575,33.5608,-0.064764,0.000992,-0.215443,0.48007,36,1209.0,4,576,21.08
LLY,2026-08-13,2026-09-18,1050.0,P,4.1,5.05,4.575,33.2221,-0.075127,0.001124,-0.238651,0.538168,36,1209.0,10,971,21.08
LLY,2026-08-13,2026-09-18,1060.0,P,4.2,6.2,5.2,33.3228,-0.08947,0.001278,-0.272579,0.61388,36,1209.0,1,226,21.08
LLY,2026-08-13,2026-09-18,1070.0,P,5.15,7.7,6.425,33.6341,-0.106811,0.001442,-0.312727,0.698999,36,1209.0,23,385,21.08
LLY,2026-08-13,2026-09-18,1080.0,P,6.5,8.65,7.575,32.9841,-0.119735,0.001595,-0.331933,0.758352,36,1209.0,19,590,21.08
LLY,2026-08-13,2026-09-18,1090.0,P,7.85,9.35,8.6,31.916,-0.131289,0.001758,-0.341526,0.808717,36,1209.0,31,150,21.08
LLY,2026-08-13,2026-09-18,1100.0,P,9.2,11.05,10.125,31.8336,-0.151127,0.001939,-0.373816,0.889709,36,1209.0,170,505,21.08
LLY,2026-08-13,2026-09-18,1110.0,P,10.7,12.75,11.725,31.5269,-0.17124,0.002124,-0.400499,0.965303,36,1209.0,23,204,21.08
LLY,2026-08-13,2026-09-18,1120.0,P,11.7,14.7,13.2,31.2568,-0.193447,0.002312,-0.427159,1.041759,36,1209.0,80,327,21.08
LLY,2026-08-13,2026-09-18,1130.0,P,13.95,16.95,15.45,31.0416,-0.217871,0.002498,-0.453694,1.117973,36,1209.0,4,240,21.08
LLY,2026-08-13,2026-09-18,1140.0,P,16.85,19.5,18.175,30.8601,-0.244309,0.002679,-0.479031,1.191803,36,1209.0,23,572,21.08
LLY,2026-08-13,2026-09-18,1150.0,P,19.25,23.35,21.3,31.4521,-0.276625,0.002802,-0.518915,1.270599,36,1209.0,32,114,21.08
LLY,2026-08-13,2026-09-18,1160.0,P,23.05,24.75,23.9,29.9796,-0.29968,0.003053,-0.510341,1.319523,36,1209.0,24,203,21.08
LLY,2026-08-13,2026-09-18,1170.0,P,25.55,29.15,27.35,30.4939,-0.334168,0.003143,-0.541533,1.38192,36,1209.0,11,52,21.08
LLY,2026-08-13,2026-09-18,1180.0,P,28.85,33.15,31.0,30.4733,-0.367031,0.003255,-0.556987,1.429812,36,1209.0,37,151,21.08
LLY,2026-08-13,2026-09-18,1190.0,P,31.0,39.0,35.0,31.4582,-0.402563,0.00324,-0.588885,1.469344,36,1209.0,31,71,21.08
LLY,2026-08-13,2026-09-18,1200.0,P,37.35,43.3,40.325,31.1713,-0.435416,0.003326,-0.589626,1.494858,36,1209.0,32,215,21.08
LLY,2026-08-13,2026-09-18,1210.0,P,41.75,48.05,44.9,30.9669,-0.469033,0.003383,-0.587382,1.510185,36,1209.0,2,42,21.08
LLY,2026-08-13,2026-09-18,1220.0,P,48.45,53.0,50.725,30.677,-0.503156,0.003425,-0.578552,1.514703,36,1209.0,35,211,21.08
LLY,2026-08-13,2026-09-18,1230.0,P,51.9,59.0,55.45,30.8555,-0.536471,0.003391,-0.574933,1.508417,36,1209.0,30,103,21.08
LLY,2026-08-13,2026-09-18,1240.0,P,58.25,65.0,61.625,30.825,-0.569608,0.003357,-0.562449,1.491634,36,1209.0,1,69,21.08
LLY,2026-08-13,2026-09-18,1250.0,P,64.0,70.65,67.325,30.3413,-0.604109,0.003344,-0.535517,1.462875,36,1209.0,5,40,21.08
LLY,2026-08-13,2026-09-18,1260.0,P,70.0,77.8,73.9,30.6693,-0.634154,0.00323,-0.523047,1.428277,36,1209.0,6,46,21.08
LLY,2026-08-13,2026-09-18,1270.0,P,78.0,85.0,81.5,30.8448,-0.663481,0.003116,-0.503978,1.385715,36,1209.0,9,21,21.08
LLY,2026-08-13,2026-09-18,1280.0,P,85.0,92.0,88.5,30.677,-0.693652,0.003013,-0.473709,1.33258,36,1209.0,1,53,21.08
LLY,2026-08-13,2026-09-18,1290.0,P,92.0,100.0,96.0,31.0737,-0.71846,0.002861,-0.455173,1.281525,36,1209.0,14,12,21.08
LLY,2026-08-13,2026-09-18,1300.0,P,100.0,108.0,104.0,31.3071,-0.742725,0.002714,-0.430923,1.224888,36,1209.0,2,232,21.08
LLY,2026-08-13,2026-09-18,1320.0,P,114.55,127.0,120.775,33.9255,-0.769395,0.002361,-0.437177,1.154621,36,1209.0,2,84,21.08
LLY,2026-08-13,2026-09-18,1340.0,P,131.75,143.8,137.775,34.2093,-0.807802,0.002104,-0.379748,1.037643,36,1209.0,80,34,21.08
LLY,2026-08-13,2026-09-18,1360.0,P,150.85,160.7,155.775,33.9484,-0.845255,0.001847,-0.306573,0.903777,36,1209.0,1,4,21.08
LLY,2026-08-13,2026-09-18,1380.0,P,168.0,180.0,174.0,35.8863,-0.861044,0.001625,-0.295631,0.840812,36,1209.0,2,5,21.08
LLY,2026-08-13,2026-09-18,1400.0,P,218.5,234.7,226.6,63.2877,-0.732441,0.00137,-0.986132,1.24972,36,1209.0,2,106,21.08
LLY,2026-08-13,2026-09-18,1440.0,P,224.9,241.2,233.05,45.0765,-0.872549,0.001219,-0.364968,0.792258,36,1209.0,2,4,21.08
LLY,2026-08-13,2026-09-18,1460.0,P,244.7,261.1,252.9,47.3882,-0.878714,0.00112,-0.369868,0.765257,36,1209.0,1,3,21.08
LLY,2026-08-13,2026-09-18,1480.0,P,264.55,280.0,272.275,48.2519,-0.891541,0.001016,-0.336358,0.706756,36,1209.0,1,0,21.08
LLY,2026-08-13,2026-09-18,1540.0,P,324.45,340.65,332.55,55.8491,-0.898159,0.000839,-0.379574,0.675272,36,1209.0,2,1,21.08
LLY,2026-08-13,2026-09-18,1560.0,P,344.4,360.85,352.625,58.2737,-0.899955,0.000793,-0.393011,0.666571,36,1209.0,1,2,21.08
LLY,2026-08-13,2026-09-18,1580.0,P,364.4,380.0,372.2,59.0458,-0.908378,0.000734,-0.362944,0.624813,36,1209.0,2,0,21.08
LLY,2026-08-13,2026-09-18,1600.0,P,610.45,619.45,614.95,223.882,-0.516661,0.000469,-4.58107,1.51343,36,1209.0,0,0,21.08
LLY,2026-08-13,2026-09-18,1620.0,P,404.4,420.8,412.6,64.3131,-0.9082,0.000675,-0.405354,0.625709,36,1209.0,1,2,21.08
LLY,2026-08-13,2026-09-18,1720.0,P,504.35,520.75,512.55,52.7532,-0.978462,0.000257,0.028048,0.195743,36,1209.0,1,0,21.08
LLY,2026-08-13,2026-09-25,880.0,C,324.05,340.45,332.25,52.979,0.968674,0.000321,-0.265083,0.292647,43,1209.0,2,1,21.08
LLY,2026-08-13,2026-09-25,1015.0,C,196.8,210.0,203.4,50.2538,0.869825,0.001015,-0.598555,0.878659,43,1209.0,2,1,21.08
LLY,2026-08-13,2026-09-25,1025.0,C,187.0,201.0,194.0,49.3535,0.861062,0.001081,-0.612262,0.918849,43,1209.0,1,0,21.08
LLY,2026-08-13,2026-09-25,1080.0,C,137.0,149.15,143.075,41.3122,0.815251,0.001556,-0.616246,1.106736,43,1209.0,1,1,21.08
LLY,2026-08-13,2026-09-25,1150.0,C,85.0,93.0,89.0,36.0495,0.691988,0.002352,-0.687167,1.459865,43,1209.0,6,1,21.08
LLY,2026-08-13,2026-09-25,1160.0,C,78.0,86.0,82.0,35.5262,0.668606,0.002461,-0.694917,1.505334,43,1209.0,49,21,21.08
LLY,2026-08-13,2026-09-25,1165.0,C,74.8,83.0,78.9,35.5292,0.655705,0.002497,-0.702951,1.527731,43,1209.0,12,5,21.08
LLY,2026-08-13,2026-09-25,1170.0,C,71.0,80.0,75.5,35.4911,0.642785,0.002533,-0.70948,1.548281,43,1209.0,1,2,21.08
LLY,2026-08-13,2026-09-25,1175.0,C,69.0,77.0,73.0,35.4102,0.629823,0.00257,-0.714465,1.567033,43,1209.0,6,9,21.08
LLY,2026-08-13,2026-09-25,1180.0,C,65.0,74.0,69.5,35.2896,0.616784,0.002607,-0.717954,1.584033,43,1209.0,20,13,21.08
LLY,2026-08-13,2026-09-25,1185.0,C,62.0,71.0,66.5,35.1294,0.60364,0.002644,-0.719936,1.599298,43,1209.0,2,2,21.08
LLY,2026-08-13,2026-09-25,1190.0,C,59.8,68.0,63.9,34.9295,0.590362,0.002681,-0.720397,1.612831,43,1209.0,2,3,21.08
LLY,2026-08-13,2026-09-25,1195.0,C,56.0,65.0,60.5,34.6915,0.576916,0.00272,-0.719347,1.624616,43,1209.0,3,2,21.08
LLY,2026-08-13,2026-09-25,1200.0,C,54.0,62.0,58.0,34.4138,0.563272,0.002758,-0.716738,1.634616,43,1209.0,1,2,21.08
LLY,2026-08-13,2026-09-25,1220.0,C,44.0,53.0,48.5,34.6946,0.508033,0.00277,-0.724518,1.655145,43,1209.0,7,7,21.08
LLY,2026-08-13,2026-09-25,1230.0,C,40.0,48.0,44.0,34.2917,0.479912,0.0028,-0.71313,1.653382,43,1209.0,16,95,21.08
LLY,2026-08-13,2026-09-25,1235.0,C,38.35,46.0,42.175,34.3299,0.466283,0.00279,-0.710876,1.649565,43,1209.0,1,7,21.08
LLY,2026-08-13,2026-09-25,1240.0,C,36.0,44.0,40.0,34.3268,0.452666,0.002781,-0.707061,1.643815,43,1209.0,7,10,21.08
LLY,2026-08-13,2026-09-25,1250.0,C,32.0,40.0,36.0,34.2048,0.425365,0.002761,-0.694878,1.626425,43,1209.0,2,18,21.08
LLY,2026-08-13,2026-09-25,1285.0,C,21.2,29.0,25.1,34.4352,0.337321,0.002556,-0.645312,1.515857,43,1209.0,15,13,21.08
LLY,2026-08-13,2026-09-25,1290.0,C,22.3,26.7,24.5,33.8263,0.321718,0.002553,-0.621667,1.487287,43,1209.0,2,47,21.08
LLY,2026-08-13,2026-09-25,1300.0,C,18.25,25.0,21.625,34.4519,0.302345,0.002441,-0.614504,1.447881,43,1209.0,36,49,21.08
LLY,2026-08-13,2026-09-25,1340.0,C,9.0,18.0,13.5,35.7276,0.229039,0.002043,-0.548461,1.257087,43,1209.0,35,64,21.08
LLY,2026-08-13,2026-09-25,1380.0,C,3.8,13.0,8.4,36.9589,0.172327,0.001664,-0.475012,1.05926,43,1209.0,5,26,21.08
LLY,2026-08-13,2026-09-25,1400.0,C,5.05,9.8,7.425,36.1991,0.13934,0.001477,-0.403598,0.920658,43,1209.0,2,25,21.08
LLY,2026-08-13,2026-09-25,1420.0,C,1.5,10.0,5.75,38.7885,0.133731,0.00134,-0.419108,0.895148,43,1209.0,30,13,21.08
LLY,2026-08-13,2026-09-25,1600.0,C,0.06,2.85,1.455,44.2083,0.04075,0.000477,-0.191325,0.363029,43,1209.0,1201,600,21.08
LLY,2026-08-13,2026-09-25,930.0,P,0.0,10.0,5.0,58.5911,-0.076807,0.000593,-0.397168,0.598158,43,1209.0,2,1,21.08
LLY,2026-08-13,2026-09-25,1000.0,P,0.0,5.7,2.85,39.469,-0.066684,0.00079,-0.237612,0.536688,43,1209.0,70,22,21.08
LLY,2026-08-13,2026-09-25,1005.0,P,0.0,10.0,5.0,45.0201,-0.096547,0.000916,-0.358781,0.709753,43,1209.0,28,6,21.08
LLY,2026-08-13,2026-09-25,1010.0,P,2.24,10.0,6.12,44.129,-0.098194,0.000946,-0.355775,0.718619,43,1209.0,2,1,21.08
LLY,2026-08-13,2026-09-25,1025.0,P,0.05,10.0,5.025,41.4679,-0.103508,0.001046,-0.346464,0.746775,43,1209.0,4,5,21.08
LLY,2026-08-13,2026-09-25,1030.0,P,0.05,10.0,5.025,40.5813,-0.105401,0.001083,-0.343191,0.756643,43,1209.0,7,4,21.08
LLY,2026-08-13,2026-09-25,1040.0,P,1.0,10.0,5.5,38.8113,-0.109407,0.001163,-0.336434,0.777263,43,1209.0,2,3,21.08
LLY,2026-08-13,2026-09-25,1060.0,P,3.0,12.0,7.5,37.4732,-0.13118,0.001369,-0.367705,0.883346,43,1209.0,1,9,21.08
LLY,2026-08-13,2026-09-25,1075.0,P,6.2,11.15,8.675,33.8416,-0.134147,0.001539,-0.335521,0.897061,43,1209.0,54,20,21.08
LLY,2026-08-13,2026-09-25,1090.0,P,9.1,13.25,11.175,33.1519,-0.157242,0.001749,-0.364291,0.998218,43,1209.0,9,7,21.08
LLY,2026-08-13,2026-09-25,1095.0,P,9.7,15.1,12.4,33.8965,-0.171832,0.001811,-0.39426,1.057315,43,1209.0,4,2,21.08
LLY,2026-08-13,2026-09-25,1100.0,P,8.45,18.0,13.225,35.4209,-0.191101,0.001853,-0.440328,1.13008,43,1209.0,1,7,21.08
LLY,2026-08-13,2026-09-25,1160.0,P,24.0,30.65,27.325,31.4017,-0.316234,0.002731,-0.497474,1.476579,43,1209.0,46,12,21.08
LLY,2026-08-13,2026-09-25,1210.0,P,45.0,53.75,49.375,31.8046,-0.465339,0.003011,-0.547693,1.649229,43,1209.0,1,2,21.08
LLY,2026-08-13,2026-09-25,1230.0,P,55.6,65.0,60.3,31.9022,-0.52498,0.003008,-0.542256,1.652234,43,1209.0,2,6,21.08
LLY,2026-08-13,2026-09-25,1275.0,P,84.0,93.0,88.5,31.2263,-0.656015,0.00284,-0.465028,1.527214,43,1209.0,1,1,21.08
LLY,2026-08-13,2026-09-25,1320.0,P,117.15,128.6,122.875,32.3707,-0.756704,0.002331,-0.383771,1.299612,43,1209.0,4,4,21.08
LLY,2026-08-13,2026-09-25,1340.0,P,133.0,147.6,140.3,34.6061,-0.779343,0.002065,-0.385174,1.230795,43,1209.0,2,1,21.08
LLY,2026-08-13,2026-10-16,560.0,C,643.85,659.7,651.775,91.8092,0.986483,7.4e-05,-0.180284,0.17528,64,1209.0,0,2,21.08
LLY,2026-08-13,2026-10-16,600.0,C,551.8,565.3,558.55,0.001,1.0,0.0,-0.06051,0.0,64,1209.0,14,14,21.08
LLY,2026-08-13,2026-10-16,640.0,C,511.05,528.0,519.525,0.001,1.0,0.0,-0.064544,0.0,64,1209.0,1,8,21.08
LLY,2026-08-13,2026-10-16,660.0,C,545.25,560.55,552.9,78.4548,0.978646,0.000129,-0.222391,0.259099,64,1209.0,2,1,21.08
LLY,2026-08-13,2026-10-16,680.0,C,475.0,487.25,481.125,0.001,1.0,0.0,-0.068578,0.0,64,1209.0,8,9,21.08
LLY,2026-08-13,2026-10-16,700.0,C,456.2,469.1,462.65,0.001,1.0,0.0,-0.070595,0.0,64,1209.0,4,4,21.08
LLY,2026-08-13,2026-10-16,720.0,C,436.9,450.5,443.7,0.001,1.0,0.0,-0.072612,0.0,64,1209.0,2,8,21.08
LLY,2026-08-13,2026-10-16,740.0,C,418.15,432.0,425.075,0.001,1.0,0.0,-0.074629,0.0,64,1209.0,2,7,21.08
LLY,2026-08-13,2026-10-16,760.0,C,446.1,461.6,453.85,64.9295,0.969069,0.000212,-0.251621,0.353298,64,1209.0,10,11,21.08
LLY,2026-08-13,2026-10-16,780.0,C,379.25,391.75,385.5,0.001,1.0,0.0,-0.078663,0.0,64,1209.0,8,14,21.08
LLY,2026-08-13,2026-10-16,800.0,C,406.95,422.1,414.525,60.3764,0.962904,0.000265,-0.26914,0.410264,64,1209.0,5,21,21.08
LLY,2026-08-13,2026-10-16,820.0,C,387.1,402.4,394.75,57.8251,0.960054,0.000294,-0.274138,0.435783,64,1209.0,1,29,21.08
LLY,2026-08-13,2026-10-16,840.0,C,368.0,382.75,375.375,56.0765,0.955044,0.000334,-0.288676,0.479487,64,1209.0,2,12,21.08
LLY,2026-08-13,2026-10-16,860.0,C,346.35,363.65,355.0,52.3808,0.954697,0.000359,-0.278061,0.482462,64,1209.0,1,79,21.08
LLY,2026-08-13,2026-10-16,880.0,C,328.25,343.65,335.95,51.1571,0.947404,0.000415,-0.298912,0.543587,64,1209.0,2,100,21.08
LLY,2026-08-13,2026-10-16,900.0,C,311.95,323.2,317.575,50.7512,0.936456,0.000485,-0.33225,0.630698,64,1209.0,1,139,21.08
LLY,2026-08-13,2026-10-16,910.0,C,300.0,314.55,307.275,58.0143,0.906198,0.00057,-0.463017,0.847692,64,1209.0,1,34,21.08
LLY,2026-08-13,2026-10-16,920.0,C,290.95,304.9,297.925,56.728,0.902534,0.0006,-0.46577,0.871938,64,1209.0,5,48,21.08
LLY,2026-08-13,2026-10-16,930.0,C,281.2,295.15,288.175,55.3288,0.899077,0.000631,-0.466531,0.894449,64,1209.0,2,42,21.08
LLY,2026-08-13,2026-10-16,940.0,C,271.2,285.65,278.425,54.1859,0.894579,0.000665,-0.471136,0.923222,64,1209.0,1,88,21.08
LLY,2026-08-13,2026-10-16,950.0,C,261.8,276.2,269.0,53.0766,0.889731,0.000701,-0.476098,0.95361,64,1209.0,1,28,21.08
LLY,2026-08-13,2026-10-16,960.0,C,252.15,266.65,259.4,51.8514,0.885052,0.000739,-0.478999,0.982336,64,1209.0,10,41,21.08
LLY,2026-08-13,2026-10-16,970.0,C,242.9,257.3,250.1,50.8001,0.879464,0.00078,-0.484513,1.015899,64,1209.0,2,13,21.08
LLY,2026-08-13,2026-10-16,980.0,C,235.8,247.95,241.875,49.7243,0.87366,0.000824,-0.489431,1.049929,64,1209.0,3,31,21.08
LLY,2026-08-13,2026-10-16,990.0,C,225.2,238.75,231.975,48.7554,0.867096,0.00087,-0.495891,1.087418,64,1209.0,1,17,21.08
LLY,2026-08-13,2026-10-16,1000.0,C,217.4,228.65,223.025,46.9884,0.86346,0.00092,-0.488918,1.107748,64,1209.0,11,57,21.08
LLY,2026-08-13,2026-10-16,1010.0,C,206.15,220.55,213.35,46.8862,0.852514,0.000971,-0.509266,1.167121,64,1209.0,1,31,21.08
LLY,2026-08-13,2026-10-16,1020.0,C,199.35,210.1,204.725,44.8217,0.849473,0.00103,-0.496733,1.183141,64,1209.0,2,42,21.08
LLY,2026-08-13,2026-10-16,1030.0,C,189.95,200.6,195.275,43.5202,0.842801,0.001092,-0.496562,1.217595,64,1209.0,2,40,21.08
LLY,2026-08-13,2026-10-16,1040.0,C,182.35,191.2,186.775,42.2766,0.83541,0.001158,-0.497024,1.254668,64,1209.0,2,29,21.08
LLY,2026-08-13,2026-10-16,1050.0,C,175.0,183.0,179.0,41.889,0.823454,0.001222,-0.511454,1.312292,64,1209.0,1,45,21.08
LLY,2026-08-13,2026-10-16,1060.0,C,164.0,174.55,169.275,41.2436,0.812066,0.001291,-0.52115,1.364582,64,1209.0,2,390,21.08
LLY,2026-08-13,2026-10-16,1070.0,C,157.55,166.65,162.1,40.9048,0.798598,0.001358,-0.535453,1.42328,64,1209.0,1,95,21.08
LLY,2026-08-13,2026-10-16,1080.0,C,149.05,158.95,154.0,40.6058,0.784306,0.001424,-0.549791,1.481998,64,1209.0,2,27,21.08
LLY,2026-08-13,2026-10-16,1090.0,C,140.35,149.85,145.1,39.3347,0.773637,0.001511,-0.547451,1.523521,64,1209.0,1,70,21.08
LLY,2026-08-13,2026-10-16,1100.0,C,132.6,142.1,137.35,38.8556,0.758657,0.001585,-0.557425,1.578601,64,1209.0,5,75,21.08
LLY,2026-08-13,2026-10-16,1110.0,C,125.0,134.55,129.775,38.4108,0.742792,0.001659,-0.56708,1.632961,64,1209.0,15,128,21.08
LLY,2026-08-13,2026-10-16,1120.0,C,117.0,127.3,122.15,38.0507,0.725862,0.001729,-0.577106,1.686619,64,1209.0,1,75,21.08
LLY,2026-08-13,2026-10-16,1130.0,C,111.1,120.2,115.65,37.6807,0.708273,0.001799,-0.585854,1.737749,64,1209.0,16,94,21.08
LLY,2026-08-13,2026-10-16,1140.0,C,104.7,113.3,109.0,37.3252,0.689948,0.001867,-0.593609,1.786168,64,1209.0,2,54,21.08
LLY,2026-08-13,2026-10-16,1150.0,C,99.0,106.0,102.5,36.6614,0.671833,0.001947,-0.595226,1.829292,64,1209.0,6,180,21.08
LLY,2026-08-13,2026-10-16,1160.0,C,92.0,100.0,96.0,36.5897,0.651378,0.001997,-0.604655,1.872464,64,1209.0,6,107,21.08
LLY,2026-08-13,2026-10-16,1170.0,C,86.0,93.9,89.95,36.3578,0.630874,0.00205,-0.610037,1.90999,64,1209.0,45,90,21.08
LLY,2026-08-13,2026-10-16,1180.0,C,80.0,88.0,84.0,36.1228,0.609913,0.002098,-0.613751,1.942522,64,1209.0,1,77,21.08
LLY,2026-08-13,2026-10-16,1190.0,C,75.0,82.0,78.5,35.7337,0.588658,0.002151,-0.613416,1.969587,64,1209.0,1,115,21.08
LLY,2026-08-13,2026-10-16,1200.0,C,71.0,77.0,74.0,35.7383,0.566774,0.002174,-0.617388,1.991311,64,1209.0,7,528,21.08
LLY,2026-08-13,2026-10-16,1220.0,C,59.0,66.75,62.875,35.2988,0.52256,0.002229,-0.613123,2.016438,64,1209.0,29,273,21.08
LLY,2026-08-13,2026-10-16,1240.0,C,50.0,58.0,54.0,35.1729,0.478408,0.002237,-0.606713,2.016709,64,1209.0,125,233,21.08
LLY,2026-08-13,2026-10-16,1260.0,C,44.0,49.85,46.925,34.9234,0.434473,0.002226,-0.591603,1.992362,64,1209.0,4,137,21.08
LLY,2026-08-13,2026-10-16,1280.0,C,35.2,42.9,39.05,34.8655,0.392279,0.002177,-0.573514,1.945587,64,1209.0,3,274,21.08
LLY,2026-08-13,2026-10-16,1300.0,C,30.0,35.35,32.675,34.0705,0.347601,0.002142,-0.536741,1.870447,64,1209.0,35,720,21.08
LLY,2026-08-13,2026-10-16,1320.0,C,23.75,32.0,27.875,35.1668,0.316058,0.001998,-0.530168,1.800982,64,1209.0,20,320,21.08
LLY,2026-08-13,2026-10-16,1340.0,C,20.6,26.25,23.425,34.5618,0.276392,0.001912,-0.488354,1.693431,64,1209.0,10,103,21.08
LLY,2026-08-13,2026-10-16,1360.0,C,17.8,22.7,20.25,34.8967,0.245762,0.001782,-0.462338,1.594148,64,1209.0,20,825,21.08
LLY,2026-08-13,2026-10-16,1380.0,C,14.15,20.2,17.175,35.6261,0.221053,0.001646,-0.443317,1.503099,64,1209.0,14,113,21.08
LLY,2026-08-13,2026-10-16,1400.0,C,12.35,16.1,14.225,34.928,0.187988,0.001525,-0.393764,1.364822,64,1209.0,2,348,21.08
LLY,2026-08-13,2026-10-16,1420.0,C,9.3,14.8,12.05,36.0144,0.171512,0.001396,-0.381961,1.288381,64,1209.0,2,361,21.08
LLY,2026-08-13,2026-10-16,1440.0,C,8.05,14.0,11.025,37.3633,0.159183,0.001282,-0.37639,1.227658,64,1209.0,22,361,21.08
LLY,2026-08-13,2026-10-16,1460.0,C,6.05,10.05,8.05,35.6879,0.126281,0.001148,-0.307053,1.049587,64,1209.0,2,85,21.08
LLY,2026-08-13,2026-10-16,1480.0,C,3.85,9.7,6.775,37.1161,0.118643,0.001056,-0.304829,1.004622,64,1209.0,2,89,21.08
LLY,2026-08-13,2026-10-16,1500.0,C,4.05,6.85,5.45,35.6086,0.09204,0.000916,-0.243095,0.835891,64,1209.0,2,268,21.08
LLY,2026-08-13,2026-10-16,1520.0,C,3.7,5.5,4.6,35.398,0.07687,0.000805,-0.210774,0.730199,64,1209.0,9,35,21.08
LLY,2026-08-13,2026-10-16,1540.0,C,2.56,5.85,4.205,37.4182,0.077133,0.000763,-0.22285,0.732093,64,1209.0,1,27,21.08
LLY,2026-08-13,2026-10-16,1560.0,C,1.65,8.25,4.95,42.0843,0.093178,0.000782,-0.287895,0.843525,64,1209.0,2,63,21.08
LLY,2026-08-13,2026-10-16,1580.0,C,1.16,7.6,4.38,42.7954,0.085716,0.000723,-0.274757,0.792744,64,1209.0,2,24,21.08
LLY,2026-08-13,2026-10-16,1600.0,C,2.1,3.25,2.675,37.2412,0.046748,0.000518,-0.149344,0.494786,64,1209.0,1,117,21.08
LLY,2026-08-13,2026-10-16,1620.0,C,0.86,4.7,2.78,41.3336,0.058597,0.000559,-0.197852,0.59198,64,1209.0,2,26,21.08
LLY,2026-08-13,2026-10-16,1640.0,C,0.31,4.95,2.63,43.1066,0.059035,0.000539,-0.20725,0.59545,64,1209.0,2,11,21.08
LLY,2026-08-13,2026-10-16,1660.0,C,0.69,3.4,2.045,41.4068,0.044166,0.000445,-0.157968,0.472688,64,1209.0,8,29,21.08
LLY,2026-08-13,2026-10-16,1680.0,C,0.46,3.35,1.905,42.5329,0.042559,0.000421,-0.157305,0.458752,64,1209.0,3,45,21.08
LLY,2026-08-13,2026-10-16,1700.0,C,0.06,3.2,1.63,43.3966,0.040145,0.000393,-0.152929,0.43754,64,1209.0,79,47,21.08
LLY,2026-08-13,2026-10-16,1720.0,C,0.28,3.1,1.69,44.3426,0.0383,0.000371,-0.150254,0.421104,64,1209.0,1,5,21.08
LLY,2026-08-13,2026-10-16,1740.0,C,0.0,3.6,1.8,46.6894,0.041698,0.000377,-0.169327,0.451223,64,1209.0,46,16,21.08
LLY,2026-08-13,2026-10-16,1760.0,C,0.5,1.2,0.85,40.3815,0.01796,0.000216,-0.072645,0.223688,64,1209.0,14,122,21.08
LLY,2026-08-13,2026-10-16,1800.0,C,0.02,2.52,1.27,47.2662,0.030117,0.000285,-0.131043,0.345581,64,1209.0,27,47,21.08
LLY,2026-08-13,2026-10-16,1820.0,C,0.0,6.8,3.4,50.7329,0.036834,0.000314,-0.165837,0.407902,64,1209.0,0,1,21.08
LLY,2026-08-13,2026-10-16,1840.0,C,0.04,2.74,1.39,50.031,0.030819,0.000275,-0.141176,0.352243,64,1209.0,3,4,21.08
LLY,2026-08-13,2026-10-16,470.0,P,0.0,0.95,0.475,87.8663,-0.002807,1.9e-05,-0.029556,0.04362,64,1209.0,1,17,21.08
LLY,2026-08-13,2026-10-16,480.0,P,0.0,10.0,5.0,119.7636,-0.017615,7.2e-05,-0.203223,0.22001,64,1209.0,12,76,21.08
LLY,2026-08-13,2026-10-16,490.0,P,0.0,10.0,5.0,117.3283,-0.01799,7.4e-05,-0.202654,0.224006,64,1209.0,100,1351,21.08
LLY,2026-08-13,2026-10-16,500.0,P,0.0,10.0,5.0,114.9418,-0.018371,7.7e-05,-0.202055,0.228041,64,1209.0,18,330,21.08
LLY,2026-08-13,2026-10-16,520.0,P,0.0,10.0,5.0,110.3093,-0.019151,8.4e-05,-0.200781,0.236251,64,1209.0,45,3196,21.08
LLY,2026-08-13,2026-10-16,540.0,P,0.0,10.0,5.0,105.8537,-0.019958,9e-05,-0.199431,0.244682,64,1209.0,1,169,21.08
LLY,2026-08-13,2026-10-16,560.0,P,0.05,0.12,0.085,61.1332,-0.000789,9e-06,-0.006446,0.013715,64,1209.0,1,122,21.08
LLY,2026-08-13,2026-10-16,580.0,P,0.0,10.0,5.0,97.4182,-0.021666,0.000105,-0.196504,0.262296,64,1209.0,8,64,21.08
LLY,2026-08-13,2026-10-16,600.0,P,0.0,1.08,0.54,67.4076,-0.004069,3.5e-05,-0.031524,0.060899,64,1209.0,12,562,21.08
LLY,2026-08-13,2026-10-16,620.0,P,0.0,10.0,5.0,89.5448,-0.023523,0.000122,-0.193321,0.281134,64,1209.0,1,129,21.08
LLY,2026-08-13,2026-10-16,640.0,P,0.0,10.0,5.0,85.7912,-0.024515,0.000132,-0.191609,0.291061,64,1209.0,2,163,21.08
LLY,2026-08-13,2026-10-16,660.0,P,0.0,1.72,0.86,62.4149,-0.006726,6e-05,-0.045537,0.095236,64,1209.0,4,93,21.08
LLY,2026-08-13,2026-10-16,680.0,P,0.0,0.96,0.48,55.4692,-0.004376,4.6e-05,-0.027585,0.06499,64,1209.0,1,47,21.08
LLY,2026-08-13,2026-10-16,700.0,P,0.0,0.93,0.465,52.686,-0.004438,4.9e-05,-0.026509,0.065824,64,1209.0,1,129,21.08
LLY,2026-08-13,2026-10-16,720.0,P,0.05,1.75,0.9,54.5415,-0.007932,7.9e-05,-0.045879,0.11014,64,1209.0,8,127,21.08
LLY,2026-08-13,2026-10-16,740.0,P,0.0,1.94,0.97,52.4663,-0.008802,9e-05,-0.048298,0.120674,64,1209.0,7,182,21.08
LLY,2026-08-13,2026-10-16,760.0,P,0.0,1.88,0.94,55.0053,-0.01543,0.000139,-0.08235,0.19643,64,1209.0,2,337,21.08
LLY,2026-08-13,2026-10-16,780.0,P,0.0,1.41,0.705,50.0249,-0.012943,0.000132,-0.064268,0.168827,64,1209.0,4,327,21.08
LLY,2026-08-13,2026-10-16,800.0,P,0.29,1.22,0.755,46.4544,-0.012114,0.000134,-0.056268,0.159429,64,1209.0,74,232,21.08
LLY,2026-08-13,2026-10-16,820.0,P,0.05,1.7,0.875,46.2896,-0.016445,0.000175,-0.072858,0.207462,64,1209.0,7,239,21.08
LLY,2026-08-13,2026-10-16,840.0,P,0.0,2.86,1.43,47.8216,-0.025526,0.000246,-0.109099,0.301085,64,1209.0,8,221,21.08
LLY,2026-08-13,2026-10-16,860.0,P,0.34,2.38,1.36,43.72,-0.023429,0.00025,-0.092617,0.280189,64,1209.0,3,399,21.08
LLY,2026-08-13,2026-10-16,880.0,P,1.1,2.8,1.95,42.4139,-0.027824,0.000298,-0.103554,0.323566,64,1209.0,1,215,21.08
LLY,2026-08-13,2026-10-16,900.0,P,1.39,2.63,2.01,39.4049,-0.028025,0.000322,-0.09654,0.325514,64,1209.0,55,290,21.08
LLY,2026-08-13,2026-10-16,910.0,P,1.66,2.8,2.23,38.6115,-0.030176,0.00035,-0.100466,0.346144,64,1209.0,4,121,21.08
LLY,2026-08-13,2026-10-16,920.0,P,1.87,3.4,2.635,38.8007,-0.035728,0.0004,-0.115913,0.397841,64,1209.0,8,48,21.08
LLY,2026-08-13,2026-10-16,930.0,P,1.53,3.8,2.665,38.3856,-0.039796,0.000442,-0.125067,0.434452,64,1209.0,2,66,21.08
LLY,2026-08-13,2026-10-16,940.0,P,2.51,3.6,3.055,36.6828,-0.039415,0.000459,-0.118383,0.431068,64,1209.0,5,231,21.08
LLY,2026-08-13,2026-10-16,950.0,P,2.37,4.2,3.285,36.5912,-0.045279,0.000514,-0.131934,0.482257,64,1209.0,6,132,21.08
LLY,2026-08-13,2026-10-16,960.0,P,3.2,4.6,3.9,36.0144,-0.049708,0.000563,-0.139715,0.519693,64,1209.0,6,190,21.08
LLY,2026-08-13,2026-10-16,970.0,P,3.7,5.95,4.825,36.8628,-0.061034,0.000647,-0.167994,0.611182,64,1209.0,1,66,21.08
LLY,2026-08-13,2026-10-16,980.0,P,4.35,6.85,5.6,36.7804,-0.06908,0.000714,-0.184251,0.672851,64,1209.0,8,136,21.08
LLY,2026-08-13,2026-10-16,990.0,P,5.05,6.85,5.95,35.4026,-0.071322,0.00076,-0.181363,0.689583,64,1209.0,1,97,21.08
LLY,2026-08-13,2026-10-16,1000.0,P,5.95,7.15,6.55,34.4153,-0.075767,0.000819,-0.184245,0.72221,64,1209.0,21,272,21.08
LLY,2026-08-13,2026-10-16,1010.0,P,5.15,9.75,7.45,36.0388,-0.095058,0.000927,-0.228478,0.856048,64,1209.0,1,31,21.08
LLY,2026-08-13,2026-10-16,1020.0,P,6.25,9.2,7.725,33.9972,-0.094944,0.000982,-0.214693,0.855297,64,1209.0,12,292,21.08
LLY,2026-08-13,2026-10-16,1030.0,P,8.55,11.2,9.875,34.5847,-0.11053,0.001078,-0.243521,0.955231,64,1209.0,10,76,21.08
LLY,2026-08-13,2026-10-16,1040.0,P,9.55,11.5,10.525,33.3808,-0.116319,0.001158,-0.243037,0.990647,64,1209.0,11,308,21.08
LLY,2026-08-13,2026-10-16,1050.0,P,10.9,13.35,12.125,33.5334,-0.131219,0.001254,-0.265074,1.077893,64,1209.0,13,155,21.08
LLY,2026-08-13,2026-10-16,1060.0,P,12.1,15.55,13.825,33.8065,-0.147833,0.001349,-0.289181,1.168957,64,1209.0,14,463,21.08
LLY,2026-08-13,2026-10-16,1070.0,P,11.85,18.0,14.925,34.0949,-0.165435,0.001441,-0.313365,1.258838,64,1209.0,2,130,21.08
LLY,2026-08-13,2026-10-16,1080.0,P,15.0,18.55,16.775,32.8513,-0.174575,0.001548,-0.311296,1.302987,64,1209.0,2,138,21.08
LLY,2026-08-13,2026-10-16,1090.0,P,15.8,20.2,18.0,32.3463,-0.189245,0.001653,-0.321247,1.370442,64,1209.0,2,110,21.08
LLY,2026-08-13,2026-10-16,1100.0,P,18.85,22.0,20.425,31.8488,-0.20501,0.001762,-0.330739,1.438443,64,1209.0,59,336,21.08
LLY,2026-08-13,2026-10-16,1110.0,P,19.0,27.1,23.05,33.3228,-0.233124,0.001814,-0.372107,1.548841,64,1209.0,1,84,21.08
LLY,2026-08-13,2026-10-16,1120.0,P,22.0,30.2,26.1,33.3426,-0.253342,0.001896,-0.388129,1.620086,64,1209.0,101,173,21.08
LLY,2026-08-13,2026-10-16,1130.0,P,24.0,30.65,27.325,31.7069,-0.266219,0.002045,-0.376211,1.662073,64,1209.0,1,48,21.08
LLY,2026-08-13,2026-10-16,1140.0,P,30.0,35.4,32.7,32.4447,-0.291745,0.00209,-0.401397,1.737799,64,1209.0,3,309,21.08
LLY,2026-08-13,2026-10-16,1150.0,P,31.95,38.25,35.1,31.9793,-0.312389,0.002186,-0.405814,1.791993,64,1209.0,6,463,21.08
LLY,2026-08-13,2026-10-16,1160.0,P,34.0,42.75,38.375,32.2791,-0.336607,0.002234,-0.420682,1.847808,64,1209.0,3,126,21.08
LLY,2026-08-13,2026-10-16,1170.0,P,39.85,45.1,42.475,31.33,-0.357536,0.002353,-0.414392,1.889478,64,1209.0,2,120,21.08
LLY,2026-08-13,2026-10-16,1180.0,P,43.2,48.45,45.825,30.7945,-0.380892,0.002444,-0.412802,1.92897,64,1209.0,6,326,21.08
LLY,2026-08-13,2026-10-16,1190.0,P,47.25,55.2,51.225,31.8481,-0.407426,0.002407,-0.433742,1.965044,64,1209.0,10,131,21.08
LLY,2026-08-13,2026-10-16,1200.0,P,52.4,59.85,56.125,31.713,-0.431882,0.002449,-0.434439,1.990154,64,1209.0,141,102,21.08
LLY,2026-08-13,2026-10-16,1220.0,P,62.0,69.0,65.5,31.0111,-0.481971,0.002539,-0.423146,2.017605,64,1209.0,15,183,21.08
LLY,2026-08-13,2026-10-16,1240.0,P,73.0,81.0,77.0,31.2293,-0.531302,0.002516,-0.418346,2.013448,64,1209.0,10,61,21.08
LLY,2026-08-13,2026-10-16,1260.0,P,84.95,93.0,88.975,30.976,-0.580669,0.002492,-0.398609,1.978235,64,1209.0,3,42,21.08
LLY,2026-08-13,2026-10-16,1280.0,P,98.0,106.0,102.0,30.7594,-0.628627,0.002428,-0.372605,1.913758,64,1209.0,2,29,21.08
LLY,2026-08-13,2026-10-16,1300.0,P,111.05,121.95,116.5,31.6871,-0.666995,0.002266,-0.361935,1.840027,64,1209.0,2,59,21.08
LLY,2026-08-13,2026-10-16,1320.0,P,127.0,136.75,131.875,31.6009,-0.708342,0.002145,-0.328861,1.737558,64,1209.0,2,9,21.08
LLY,2026-08-13,2026-10-16,1340.0,P,140.0,151.5,145.75,31.0287,-0.75074,0.00202,-0.282596,1.60623,64,1209.0,10,30,21.08
LLY,2026-08-13,2026-10-16,1360.0,P,157.0,170.0,163.5,32.4912,-0.77315,0.001832,-0.275825,1.525371,64,1209.0,2,2,21.08
LLY,2026-08-13,2026-10-16,1380.0,P,176.0,186.55,181.275,32.3615,-0.805254,0.001682,-0.235652,1.394686,64,1209.0,2,2,21.08
LLY,2026-08-13,2026-10-16,1400.0,P,193.8,202.85,198.325,31.5864,-0.839823,0.001523,-0.181361,1.232671,64,1209.0,2,8,21.08
LLY,2026-08-13,2026-10-16,1420.0,P,208.85,221.1,214.975,32.0289,-0.860801,0.001367,-0.153634,1.12242,64,1209.0,2,2,21.08
LLY,2026-08-13,2026-10-16,1440.0,P,227.7,241.45,234.575,34.2536,-0.864774,0.001253,-0.164724,1.100436,64,1209.0,4,8,21.08
LLY,2026-08-13,2026-10-16,1460.0,P,246.7,260.25,253.475,34.9143,-0.879557,0.001135,-0.143495,1.015351,64,1209.0,2,7,21.08
LLY,2026-08-13,2026-10-16,1480.0,P,265.75,278.5,272.125,34.7602,-0.89833,0.001009,-0.106614,0.899263,64,1209.0,1,10,21.08
LLY,2026-08-13,2026-10-16,1500.0,P,285.2,299.0,292.1,37.0093,-0.898362,0.000948,-0.120287,0.899062,64,1209.0,0,2,21.08
LLY,2026-08-13,2026-10-16,1520.0,P,305.0,319.35,312.175,39.057,-0.899411,0.000891,-0.130423,0.892284,64,1209.0,1,5,21.08
LLY,2026-08-13,2026-10-16,1540.0,P,324.6,341.0,332.8,42.5314,-0.891256,0.000866,-0.170682,0.944123,64,1209.0,0,1,21.08
LLY,2026-08-13,2026-10-16,1560.0,P,344.5,358.0,351.25,40.5401,-0.915954,0.000752,-0.099641,0.781136,64,1209.0,12,7,21.08
LLY,2026-08-13,2026-10-16,1580.0,P,364.45,380.8,372.625,45.4931,-0.898944,0.000768,-0.170227,0.895306,64,1209.0,1,4,21.08
LLY,2026-08-13,2026-10-16,1600.0,P,384.4,400.85,392.625,47.0892,-0.901396,0.000729,-0.173213,0.879386,64,1209.0,1,4,21.08
LLY,2026-08-13,2026-10-16,1640.0,P,424.35,440.8,432.575,50.0097,-0.906629,0.000659,-0.175104,0.844815,64,1209.0,1,0,21.08
LLY,2026-08-13,2026-10-16,1680.0,P,464.35,480.8,472.575,52.8706,-0.910853,0.000602,-0.177664,0.81631,64,1209.0,0,1,21.08
LLY,2026-08-13,2026-10-16,1760.0,P,544.35,560.75,552.55,58.2096,-0.918053,0.000514,-0.180085,0.766419,64,1209.0,0,1,21.08
